ISO-10303-21;
HEADER;
FILE_DESCRIPTION(('Open CASCADE Model'),'2;1');
FILE_NAME('Open CASCADE Shape Model','2026-06-23T13:48:38',('Author'),(
    'Open CASCADE'),'Open CASCADE STEP processor 7.9','Open CASCADE 7.9'
  ,'Unknown');
FILE_SCHEMA(('AUTOMOTIVE_DESIGN { 1 0 10303 214 1 1 1 1 }'));
ENDSEC;
DATA;
#1 = APPLICATION_PROTOCOL_DEFINITION('international standard',
  'automotive_design',2000,#2);
#2 = APPLICATION_CONTEXT(
  'core data for automotive mechanical design processes');
#3 = SHAPE_DEFINITION_REPRESENTATION(#4,#10);
#4 = PRODUCT_DEFINITION_SHAPE('','',#5);
#5 = PRODUCT_DEFINITION('design','',#6,#9);
#6 = PRODUCT_DEFINITION_FORMATION('','',#7);
#7 = PRODUCT('SOLID','SOLID','',(#8));
#8 = PRODUCT_CONTEXT('',#2,'mechanical');
#9 = PRODUCT_DEFINITION_CONTEXT('part definition',#2,'design');
#10 = ADVANCED_BREP_SHAPE_REPRESENTATION('',(#11,#15),#12072);
#11 = AXIS2_PLACEMENT_3D('',#12,#13,#14);
#12 = CARTESIAN_POINT('',(0.,0.,0.));
#13 = DIRECTION('',(0.,0.,1.));
#14 = DIRECTION('',(1.,0.,-0.));
#15 = MANIFOLD_SOLID_BREP('',#16);
#16 = CLOSED_SHELL('',(#17,#1424,#1897,#1988,#2085,#2107,#2129,#2158,
    #2195,#2224,#2302,#2380,#2453,#2472,#2491,#2507,#2545,#2583,#2620,
    #2657,#2694,#2724,#2828,#2855,#2883,#2919,#2947,#3025,#3049,#3102,
    #3123,#3144,#3222,#3241,#3260,#3311,#3332,#3353,#3367,#3386,#3402,
    #3415,#3431,#3444,#3516,#3564,#3612,#3636,#3647,#3663,#3676,#3700,
    #3711,#3727,#3740,#3776,#3800,#3827,#3848,#3867,#3886,#3913,#3934,
    #3948,#3966,#3977,#3995,#4006,#4078,#4126,#4174,#4198,#4209,#4233,
    #4244,#4260,#4273,#4289,#4302,#4318,#4334,#4350,#4366,#4394,#4416,
    #4438,#4460,#4482,#4504,#4526,#4542,#4612,#4640,#4662,#4699,#4721,
    #4758,#4774,#4802,#4824,#4846,#4919,#4986,#5070,#5098,#5171,#5244,
    #5266,#5282,#5310,#5332,#5354,#5376,#5398,#5420,#5442,#5464,#5486,
    #5508,#5530,#5546,#5566,#5594,#5643,#5716,#5789,#5838,#5860,#5909,
    #5982,#6055,#6098,#6116,#6144,#6166,#6188,#6210,#6232,#6248,#6262,
    #6276,#6289,#6317,#6339,#6361,#6383,#6405,#6421,#6435,#6469,#6491,
    #6519,#6547,#6575,#6603,#6631,#6659,#6681,#6709,#6737,#6765,#6793,
    #6815,#6837,#6865,#6887,#6909,#6931,#6953,#6975,#6997,#7019,#7041,
    #7063,#7085,#7101,#7121,#7245,#7265,#7285,#7305,#7325,#7345,#7361,
    #7373,#7401,#7423,#7445,#7473,#7501,#7529,#7551,#7566,#7678,#7698,
    #7714,#7730,#7746,#7762,#7778,#7794,#7806,#7834,#7856,#7884,#7906,
    #7934,#7950,#7964,#7992,#8014,#8036,#8058,#8080,#8102,#8124,#8146,
    #8168,#8190,#8212,#8228,#8248,#8440,#8464,#8480,#8500,#8520,#8536,
    #8556,#8576,#8596,#8616,#8632,#8648,#8664,#8680,#8696,#8730,#8758,
    #8786,#8814,#8842,#8870,#8892,#8908,#8924,#8958,#8980,#9008,#9036,
    #9064,#9092,#9120,#9148,#9176,#9204,#9232,#9260,#9282,#9310,#9338,
    #9366,#9394,#9422,#9450,#9478,#9500,#9529,#9557,#9579,#9607,#9629,
    #9651,#9673,#9695,#9717,#9739,#9767,#9795,#9817,#9845,#9873,#9889,
    #9912,#9940,#9962,#9984,#10006,#10028,#10050,#10072,#10094,#10116,
    #10138,#10160,#10176,#10196,#10320,#10340,#10360,#10380,#10400,
    #10420,#10436,#10448,#10476,#10498,#10520,#10548,#10576,#10604,
    #10626,#10641,#10753,#10773,#10789,#10805,#10821,#10837,#10853,
    #10869,#10881,#10909,#10931,#10959,#10981,#11009,#11025,#11039,
    #11359,#11383,#11403,#11423,#11443,#11463,#11483,#11503,#11523,
    #11543,#11563,#11583,#11603,#11619,#11635,#11651,#11667,#11687,
    #11707,#11727,#11747,#11767,#11787,#11807,#11823,#11843,#11863,
    #11879,#11899,#11919,#11939,#11955,#11975,#11991,#12034,#12062));
#17 = ADVANCED_FACE('',(#18,#76,#162,#279,#466,#582,#641,#673,#717,#841,
    #927,#985,#1071,#1130),#1419,.T.);
#18 = FACE_BOUND('',#19,.T.);
#19 = EDGE_LOOP('',(#20,#29,#36,#43,#50,#57,#64,#71));
#20 = ORIENTED_EDGE('',*,*,#21,.F.);
#21 = EDGE_CURVE('',#22,#24,#26,.T.);
#22 = VERTEX_POINT('',#23);
#23 = CARTESIAN_POINT('',(-0.32145974803,0.63,0.329194182134));
#24 = VERTEX_POINT('',#25);
#25 = CARTESIAN_POINT('',(-0.313037708907,0.63,0.329194182134));
#26 = B_SPLINE_CURVE_WITH_KNOTS('',1,(#27,#28),.UNSPECIFIED.,.F.,.F.,(2,
    2),(-8.422039122552E-03,0.),.PIECEWISE_BEZIER_KNOTS.);
#27 = CARTESIAN_POINT('',(-0.32145974803,0.63,0.329194182134));
#28 = CARTESIAN_POINT('',(-0.313037708907,0.63,0.329194182134));
#29 = ORIENTED_EDGE('',*,*,#30,.F.);
#30 = EDGE_CURVE('',#31,#22,#33,.T.);
#31 = VERTEX_POINT('',#32);
#32 = CARTESIAN_POINT('',(-0.344698337459,0.63,0.268181187604));
#33 = B_SPLINE_CURVE_WITH_KNOTS('',1,(#34,#35),.UNSPECIFIED.,.F.,.F.,(2,
    2),(-6.528872444851E-02,0.),.PIECEWISE_BEZIER_KNOTS.);
#34 = CARTESIAN_POINT('',(-0.344698337459,0.63,0.268181187604));
#35 = CARTESIAN_POINT('',(-0.32145974803,0.63,0.329194182134));
#36 = ORIENTED_EDGE('',*,*,#37,.F.);
#37 = EDGE_CURVE('',#38,#31,#40,.T.);
#38 = VERTEX_POINT('',#39);
#39 = CARTESIAN_POINT('',(-0.3359955637,0.63,0.268181187604));
#40 = B_SPLINE_CURVE_WITH_KNOTS('',1,(#41,#42),.UNSPECIFIED.,.F.,.F.,(2,
    2),(-8.70277375922E-03,0.),.PIECEWISE_BEZIER_KNOTS.);
#41 = CARTESIAN_POINT('',(-0.3359955637,0.63,0.268181187604));
#42 = CARTESIAN_POINT('',(-0.344698337459,0.63,0.268181187604));
#43 = ORIENTED_EDGE('',*,*,#44,.F.);
#44 = EDGE_CURVE('',#45,#38,#47,.T.);
#45 = VERTEX_POINT('',#46);
#46 = CARTESIAN_POINT('',(-0.32977261257,0.63,0.284869302161));
#47 = B_SPLINE_CURVE_WITH_KNOTS('',1,(#48,#49),.UNSPECIFIED.,.F.,.F.,(2,
    2),(-1.781062290361E-02,-0.),.PIECEWISE_BEZIER_KNOTS.);
#48 = CARTESIAN_POINT('',(-0.32977261257,0.63,0.284869302161));
#49 = CARTESIAN_POINT('',(-0.3359955637,0.63,0.268181187604));
#50 = ORIENTED_EDGE('',*,*,#51,.F.);
#51 = EDGE_CURVE('',#52,#45,#54,.T.);
#52 = VERTEX_POINT('',#53);
#53 = CARTESIAN_POINT('',(-0.304366127885,0.63,0.284869302161));
#54 = B_SPLINE_CURVE_WITH_KNOTS('',1,(#55,#56),.UNSPECIFIED.,.F.,.F.,(2,
    2),(-2.540648468536E-02,0.),.PIECEWISE_BEZIER_KNOTS.);
#55 = CARTESIAN_POINT('',(-0.304366127885,0.63,0.284869302161));
#56 = CARTESIAN_POINT('',(-0.32977261257,0.63,0.284869302161));
#57 = ORIENTED_EDGE('',*,*,#58,.F.);
#58 = EDGE_CURVE('',#59,#52,#61,.T.);
#59 = VERTEX_POINT('',#60);
#60 = CARTESIAN_POINT('',(-0.298501893237,0.63,0.268181187604));
#61 = B_SPLINE_CURVE_WITH_KNOTS('',1,(#62,#63),.UNSPECIFIED.,.F.,.F.,(2,
    2),(-1.768848256523E-02,0.),.PIECEWISE_BEZIER_KNOTS.);
#62 = CARTESIAN_POINT('',(-0.298501893237,0.63,0.268181187604));
#63 = CARTESIAN_POINT('',(-0.304366127885,0.63,0.284869302161));
#64 = ORIENTED_EDGE('',*,*,#65,.F.);
#65 = EDGE_CURVE('',#66,#59,#68,.T.);
#66 = VERTEX_POINT('',#67);
#67 = CARTESIAN_POINT('',(-0.289799119477,0.63,0.268181187604));
#68 = B_SPLINE_CURVE_WITH_KNOTS('',1,(#69,#70),.UNSPECIFIED.,.F.,.F.,(2,
    2),(-8.702773759636E-03,0.),.PIECEWISE_BEZIER_KNOTS.);
#69 = CARTESIAN_POINT('',(-0.289799119477,0.63,0.268181187604));
#70 = CARTESIAN_POINT('',(-0.298501893237,0.63,0.268181187604));
#71 = ORIENTED_EDGE('',*,*,#72,.F.);
#72 = EDGE_CURVE('',#24,#66,#73,.T.);
#73 = B_SPLINE_CURVE_WITH_KNOTS('',1,(#74,#75),.UNSPECIFIED.,.F.,.F.,(2,
    2),(-6.528872444865E-02,0.),.PIECEWISE_BEZIER_KNOTS.);
#74 = CARTESIAN_POINT('',(-0.313037708907,0.63,0.329194182134));
#75 = CARTESIAN_POINT('',(-0.289799119477,0.63,0.268181187604));
#76 = FACE_BOUND('',#77,.T.);
#77 = EDGE_LOOP('',(#78,#87,#94,#101,#108,#115,#122,#129,#136,#143,#150,
    #157));
#78 = ORIENTED_EDGE('',*,*,#79,.F.);
#79 = EDGE_CURVE('',#80,#82,#84,.T.);
#80 = VERTEX_POINT('',#81);
#81 = CARTESIAN_POINT('',(-0.225214556506,0.63,0.275137168064));
#82 = VERTEX_POINT('',#83);
#83 = CARTESIAN_POINT('',(-0.200275962883,0.63,0.275137168064));
#84 = B_SPLINE_CURVE_WITH_KNOTS('',1,(#85,#86),.UNSPECIFIED.,.F.,.F.,(2,
    2),(-2.493859362272E-02,0.),.PIECEWISE_BEZIER_KNOTS.);
#85 = CARTESIAN_POINT('',(-0.225214556506,0.63,0.275137168064));
#86 = CARTESIAN_POINT('',(-0.200275962883,0.63,0.275137168064));
#87 = ORIENTED_EDGE('',*,*,#88,.F.);
#88 = EDGE_CURVE('',#89,#80,#91,.T.);
#89 = VERTEX_POINT('',#90);
#90 = CARTESIAN_POINT('',(-0.225214556506,0.63,0.268181187604));
#91 = B_SPLINE_CURVE_WITH_KNOTS('',1,(#92,#93),.UNSPECIFIED.,.F.,.F.,(2,
    2),(-6.955980460136E-03,0.),.PIECEWISE_BEZIER_KNOTS.);
#92 = CARTESIAN_POINT('',(-0.225214556506,0.63,0.268181187604));
#93 = CARTESIAN_POINT('',(-0.225214556506,0.63,0.275137168064));
#94 = ORIENTED_EDGE('',*,*,#95,.F.);
#95 = EDGE_CURVE('',#96,#89,#98,.T.);
#96 = VERTEX_POINT('',#97);
#97 = CARTESIAN_POINT('',(-0.192399796667,0.63,0.268181187604));
#98 = B_SPLINE_CURVE_WITH_KNOTS('',1,(#99,#100),.UNSPECIFIED.,.F.,.F.,(2
    ,2),(-3.2814759839E-02,0.),.PIECEWISE_BEZIER_KNOTS.);
#99 = CARTESIAN_POINT('',(-0.192399796667,0.63,0.268181187604));
#100 = CARTESIAN_POINT('',(-0.225214556506,0.63,0.268181187604));
#101 = ORIENTED_EDGE('',*,*,#102,.F.);
#102 = EDGE_CURVE('',#103,#96,#105,.T.);
#103 = VERTEX_POINT('',#104);
#104 = CARTESIAN_POINT('',(-0.192399796667,0.63,0.329194182134));
#105 = B_SPLINE_CURVE_WITH_KNOTS('',1,(#106,#107),.UNSPECIFIED.,.F.,.F.,
  (2,2),(-6.10129945294E-02,-5.551115123126E-17),
  .PIECEWISE_BEZIER_KNOTS.);
#106 = CARTESIAN_POINT('',(-0.192399796667,0.63,0.329194182134));
#107 = CARTESIAN_POINT('',(-0.192399796667,0.63,0.268181187604));
#108 = ORIENTED_EDGE('',*,*,#109,.F.);
#109 = EDGE_CURVE('',#110,#103,#112,.T.);
#110 = VERTEX_POINT('',#111);
#111 = CARTESIAN_POINT('',(-0.223826479687,0.63,0.329194182134));
#112 = B_SPLINE_CURVE_WITH_KNOTS('',1,(#113,#114),.UNSPECIFIED.,.F.,.F.,
  (2,2),(-3.142668302063E-02,0.),.PIECEWISE_BEZIER_KNOTS.);
#113 = CARTESIAN_POINT('',(-0.223826479687,0.63,0.329194182134));
#114 = CARTESIAN_POINT('',(-0.192399796667,0.63,0.329194182134));
#115 = ORIENTED_EDGE('',*,*,#116,.F.);
#116 = EDGE_CURVE('',#117,#110,#119,.T.);
#117 = VERTEX_POINT('',#118);
#118 = CARTESIAN_POINT('',(-0.223826479687,0.63,0.322175816199));
#119 = B_SPLINE_CURVE_WITH_KNOTS('',1,(#120,#121),.UNSPECIFIED.,.F.,.F.,
  (2,2),(-7.018365935043E-03,0.),.PIECEWISE_BEZIER_KNOTS.);
#120 = CARTESIAN_POINT('',(-0.223826479687,0.63,0.322175816199));
#121 = CARTESIAN_POINT('',(-0.223826479687,0.63,0.329194182134));
#122 = ORIENTED_EDGE('',*,*,#123,.F.);
#123 = EDGE_CURVE('',#124,#117,#126,.T.);
#124 = VERTEX_POINT('',#125);
#125 = CARTESIAN_POINT('',(-0.200275962883,0.63,0.322175816199));
#126 = B_SPLINE_CURVE_WITH_KNOTS('',1,(#127,#128),.UNSPECIFIED.,.F.,.F.,
  (2,2),(-2.355051680436E-02,0.),.PIECEWISE_BEZIER_KNOTS.);
#127 = CARTESIAN_POINT('',(-0.200275962883,0.63,0.322175816199));
#128 = CARTESIAN_POINT('',(-0.223826479687,0.63,0.322175816199));
#129 = ORIENTED_EDGE('',*,*,#130,.F.);
#130 = EDGE_CURVE('',#131,#124,#133,.T.);
#131 = VERTEX_POINT('',#132);
#132 = CARTESIAN_POINT('',(-0.200275962883,0.63,0.30264916253));
#133 = B_SPLINE_CURVE_WITH_KNOTS('',1,(#134,#135),.UNSPECIFIED.,.F.,.F.,
  (2,2),(-1.952665366864E-02,0.),.PIECEWISE_BEZIER_KNOTS.);
#134 = CARTESIAN_POINT('',(-0.200275962883,0.63,0.30264916253));
#135 = CARTESIAN_POINT('',(-0.200275962883,0.63,0.322175816199));
#136 = ORIENTED_EDGE('',*,*,#137,.F.);
#137 = EDGE_CURVE('',#138,#131,#140,.T.);
#138 = VERTEX_POINT('',#139);
#139 = CARTESIAN_POINT('',(-0.222095282756,0.63,0.30264916253));
#140 = B_SPLINE_CURVE_WITH_KNOTS('',1,(#141,#142),.UNSPECIFIED.,.F.,.F.,
  (2,2),(-2.181931987358E-02,0.),.PIECEWISE_BEZIER_KNOTS.);
#141 = CARTESIAN_POINT('',(-0.222095282756,0.63,0.30264916253));
#142 = CARTESIAN_POINT('',(-0.200275962883,0.63,0.30264916253));
#143 = ORIENTED_EDGE('',*,*,#144,.F.);
#144 = EDGE_CURVE('',#145,#138,#147,.T.);
#145 = VERTEX_POINT('',#146);
#146 = CARTESIAN_POINT('',(-0.222095282756,0.63,0.295661989332));
#147 = B_SPLINE_CURVE_WITH_KNOTS('',1,(#148,#149),.UNSPECIFIED.,.F.,.F.,
  (2,2),(-6.987173197589E-03,0.),.PIECEWISE_BEZIER_KNOTS.);
#148 = CARTESIAN_POINT('',(-0.222095282756,0.63,0.295661989332));
#149 = CARTESIAN_POINT('',(-0.222095282756,0.63,0.30264916253));
#150 = ORIENTED_EDGE('',*,*,#151,.F.);
#151 = EDGE_CURVE('',#152,#145,#154,.T.);
#152 = VERTEX_POINT('',#153);
#153 = CARTESIAN_POINT('',(-0.200275962883,0.63,0.295661989332));
#154 = B_SPLINE_CURVE_WITH_KNOTS('',1,(#155,#156),.UNSPECIFIED.,.F.,.F.,
  (2,2),(-2.181931987358E-02,0.),.PIECEWISE_BEZIER_KNOTS.);
#155 = CARTESIAN_POINT('',(-0.200275962883,0.63,0.295661989332));
#156 = CARTESIAN_POINT('',(-0.222095282756,0.63,0.295661989332));
#157 = ORIENTED_EDGE('',*,*,#158,.F.);
#158 = EDGE_CURVE('',#82,#152,#159,.T.);
#159 = B_SPLINE_CURVE_WITH_KNOTS('',1,(#160,#161),.UNSPECIFIED.,.F.,.F.,
  (2,2),(-2.052482126799E-02,0.),.PIECEWISE_BEZIER_KNOTS.);
#160 = CARTESIAN_POINT('',(-0.200275962883,0.63,0.275137168064));
#161 = CARTESIAN_POINT('',(-0.200275962883,0.63,0.295661989332));
#162 = FACE_BOUND('',#163,.T.);
#163 = EDGE_LOOP('',(#164,#173,#180,#187,#196,#205,#212,#221,#230,#237,
    #244,#251,#258,#265,#272));
#164 = ORIENTED_EDGE('',*,*,#165,.F.);
#165 = EDGE_CURVE('',#166,#168,#170,.T.);
#166 = VERTEX_POINT('',#167);
#167 = CARTESIAN_POINT('',(-0.176241958647,0.63,0.311757441877));
#168 = VERTEX_POINT('',#169);
#169 = CARTESIAN_POINT('',(-0.164341929295,0.63,0.278942682038));
#170 = B_SPLINE_CURVE_WITH_KNOTS('',1,(#171,#172),.UNSPECIFIED.,.F.,.F.,
  (2,2),(-3.490586142583E-02,0.),.PIECEWISE_BEZIER_KNOTS.);
#171 = CARTESIAN_POINT('',(-0.176241958647,0.63,0.311757441877));
#172 = CARTESIAN_POINT('',(-0.164341929295,0.63,0.278942682038));
#173 = ORIENTED_EDGE('',*,*,#174,.F.);
#174 = EDGE_CURVE('',#175,#166,#177,.T.);
#175 = VERTEX_POINT('',#176);
#176 = CARTESIAN_POINT('',(-0.184164913969,0.63,0.311757441877));
#177 = B_SPLINE_CURVE_WITH_KNOTS('',1,(#178,#179),.UNSPECIFIED.,.F.,.F.,
  (2,2),(-7.922955322041E-03,0.),.PIECEWISE_BEZIER_KNOTS.);
#178 = CARTESIAN_POINT('',(-0.184164913969,0.63,0.311757441877));
#179 = CARTESIAN_POINT('',(-0.176241958647,0.63,0.311757441877));
#180 = ORIENTED_EDGE('',*,*,#181,.F.);
#181 = EDGE_CURVE('',#182,#175,#184,.T.);
#182 = VERTEX_POINT('',#183);
#183 = CARTESIAN_POINT('',(-0.164388718401,0.63,0.261599519994));
#184 = B_SPLINE_CURVE_WITH_KNOTS('',1,(#185,#186),.UNSPECIFIED.,.F.,.F.,
  (2,2),(-5.39158143662E-02,0.),.PIECEWISE_BEZIER_KNOTS.);
#185 = CARTESIAN_POINT('',(-0.164388718401,0.63,0.261599519994));
#186 = CARTESIAN_POINT('',(-0.184164913969,0.63,0.311757441877));
#187 = ORIENTED_EDGE('',*,*,#188,.F.);
#188 = EDGE_CURVE('',#189,#182,#191,.T.);
#189 = VERTEX_POINT('',#190);
#190 = CARTESIAN_POINT('',(-0.148839138762,0.63,0.247656366336));
#191 = B_SPLINE_CURVE_WITH_KNOTS('',3,(#192,#193,#194,#195),
  .UNSPECIFIED.,.F.,.F.,(4,4),(1.,2.),.PIECEWISE_BEZIER_KNOTS.);
#192 = CARTESIAN_POINT('',(-0.148839138762,0.63,0.247656366336));
#193 = CARTESIAN_POINT('',(-0.155529980954,0.63,0.247656366336));
#194 = CARTESIAN_POINT('',(-0.160707975377,0.63,0.252304084222));
#195 = CARTESIAN_POINT('',(-0.164388718401,0.63,0.261599519994));
#196 = ORIENTED_EDGE('',*,*,#197,.F.);
#197 = EDGE_CURVE('',#198,#189,#200,.T.);
#198 = VERTEX_POINT('',#199);
#199 = CARTESIAN_POINT('',(-0.143910686239,0.63,0.248280221086));
#200 = B_SPLINE_CURVE_WITH_KNOTS('',3,(#201,#202,#203,#204),
  .UNSPECIFIED.,.F.,.F.,(4,4),(2.,3.),.PIECEWISE_BEZIER_KNOTS.);
#201 = CARTESIAN_POINT('',(-0.143910686239,0.63,0.248280221086));
#202 = CARTESIAN_POINT('',(-0.14526757032,0.63,0.247874715498));
#203 = CARTESIAN_POINT('',(-0.146920785407,0.63,0.247656366336));
#204 = CARTESIAN_POINT('',(-0.148839138762,0.63,0.247656366336));
#205 = ORIENTED_EDGE('',*,*,#206,.F.);
#206 = EDGE_CURVE('',#207,#198,#209,.T.);
#207 = VERTEX_POINT('',#208);
#208 = CARTESIAN_POINT('',(-0.143910686239,0.63,0.255080237859));
#209 = B_SPLINE_CURVE_WITH_KNOTS('',1,(#210,#211),.UNSPECIFIED.,.F.,.F.,
  (2,2),(-6.800016772865E-03,-5.551115123126E-17),
  .PIECEWISE_BEZIER_KNOTS.);
#210 = CARTESIAN_POINT('',(-0.143910686239,0.63,0.255080237859));
#211 = CARTESIAN_POINT('',(-0.143910686239,0.63,0.248280221086));
#212 = ORIENTED_EDGE('',*,*,#213,.F.);
#213 = EDGE_CURVE('',#214,#207,#216,.T.);
#214 = VERTEX_POINT('',#215);
#215 = CARTESIAN_POINT('',(-0.14824647675,0.63,0.254206841209));
#216 = B_SPLINE_CURVE_WITH_KNOTS('',3,(#217,#218,#219,#220),
  .UNSPECIFIED.,.F.,.F.,(4,4),(4.,5.),.PIECEWISE_BEZIER_KNOTS.);
#217 = CARTESIAN_POINT('',(-0.14824647675,0.63,0.254206841209));
#218 = CARTESIAN_POINT('',(-0.146842803563,0.63,0.254206841209));
#219 = CARTESIAN_POINT('',(-0.145407937639,0.63,0.254487575846));
#220 = CARTESIAN_POINT('',(-0.143910686239,0.63,0.255080237859));
#221 = ORIENTED_EDGE('',*,*,#222,.F.);
#222 = EDGE_CURVE('',#223,#214,#225,.T.);
#223 = VERTEX_POINT('',#224);
#224 = CARTESIAN_POINT('',(-0.15607585386,0.63,0.260351810494));
#225 = B_SPLINE_CURVE_WITH_KNOTS('',3,(#226,#227,#228,#229),
  .UNSPECIFIED.,.F.,.F.,(4,4),(5.,6.),.PIECEWISE_BEZIER_KNOTS.);
#226 = CARTESIAN_POINT('',(-0.15607585386,0.63,0.260351810494));
#227 = CARTESIAN_POINT('',(-0.154344656929,0.63,0.256234369146));
#228 = CARTESIAN_POINT('',(-0.151740063349,0.63,0.254206841209));
#229 = CARTESIAN_POINT('',(-0.14824647675,0.63,0.254206841209));
#230 = ORIENTED_EDGE('',*,*,#231,.F.);
#231 = EDGE_CURVE('',#232,#223,#234,.T.);
#232 = VERTEX_POINT('',#233);
#233 = CARTESIAN_POINT('',(-0.15942907314,0.63,0.268274765817));
#234 = B_SPLINE_CURVE_WITH_KNOTS('',1,(#235,#236),.UNSPECIFIED.,.F.,.F.,
  (2,2),(-8.603330784243E-03,1.081796499784E-17),
  .PIECEWISE_BEZIER_KNOTS.);
#235 = CARTESIAN_POINT('',(-0.15942907314,0.63,0.268274765817));
#236 = CARTESIAN_POINT('',(-0.15607585386,0.63,0.260351810494));
#237 = ORIENTED_EDGE('',*,*,#238,.F.);
#238 = EDGE_CURVE('',#239,#232,#241,.T.);
#239 = VERTEX_POINT('',#240);
#240 = CARTESIAN_POINT('',(-0.142335452996,0.63,0.311757441877));
#241 = B_SPLINE_CURVE_WITH_KNOTS('',1,(#242,#243),.UNSPECIFIED.,.F.,.F.,
  (2,2),(-4.672188959154E-02,-0.),.PIECEWISE_BEZIER_KNOTS.);
#242 = CARTESIAN_POINT('',(-0.142335452996,0.63,0.311757441877));
#243 = CARTESIAN_POINT('',(-0.15942907314,0.63,0.268274765817));
#244 = ORIENTED_EDGE('',*,*,#245,.F.);
#245 = EDGE_CURVE('',#246,#239,#248,.T.);
#246 = VERTEX_POINT('',#247);
#247 = CARTESIAN_POINT('',(-0.150882263068,0.63,0.311757441877));
#248 = B_SPLINE_CURVE_WITH_KNOTS('',1,(#249,#250),.UNSPECIFIED.,.F.,.F.,
  (2,2),(-8.546810072159E-03,0.),.PIECEWISE_BEZIER_KNOTS.);
#249 = CARTESIAN_POINT('',(-0.150882263068,0.63,0.311757441877));
#250 = CARTESIAN_POINT('',(-0.142335452996,0.63,0.311757441877));
#251 = ORIENTED_EDGE('',*,*,#252,.F.);
#252 = EDGE_CURVE('',#253,#246,#255,.T.);
#253 = VERTEX_POINT('',#254);
#254 = CARTESIAN_POINT('',(-0.162267612252,0.63,0.279005067513));
#255 = B_SPLINE_CURVE_WITH_KNOTS('',1,(#256,#257),.UNSPECIFIED.,.F.,.F.,
  (2,2),(-3.467483529186E-02,0.),.PIECEWISE_BEZIER_KNOTS.);
#256 = CARTESIAN_POINT('',(-0.162267612252,0.63,0.279005067513));
#257 = CARTESIAN_POINT('',(-0.150882263068,0.63,0.311757441877));
#258 = ORIENTED_EDGE('',*,*,#259,.F.);
#259 = EDGE_CURVE('',#260,#253,#262,.T.);
#260 = VERTEX_POINT('',#261);
#261 = CARTESIAN_POINT('',(-0.163203394376,0.63,0.275417902701));
#262 = B_SPLINE_CURVE_WITH_KNOTS('',1,(#263,#264),.UNSPECIFIED.,.F.,.F.,
  (2,2),(-3.707214529686E-03,0.),.PIECEWISE_BEZIER_KNOTS.);
#263 = CARTESIAN_POINT('',(-0.163203394376,0.63,0.275417902701));
#264 = CARTESIAN_POINT('',(-0.162267612252,0.63,0.279005067513));
#265 = ORIENTED_EDGE('',*,*,#266,.F.);
#266 = EDGE_CURVE('',#267,#260,#269,.T.);
#267 = VERTEX_POINT('',#268);
#268 = CARTESIAN_POINT('',(-0.16340614717,0.63,0.275417902701));
#269 = B_SPLINE_CURVE_WITH_KNOTS('',1,(#270,#271),.UNSPECIFIED.,.F.,.F.,
  (2,2),(-2.027527934503E-04,0.),.PIECEWISE_BEZIER_KNOTS.);
#270 = CARTESIAN_POINT('',(-0.16340614717,0.63,0.275417902701));
#271 = CARTESIAN_POINT('',(-0.163203394376,0.63,0.275417902701));
#272 = ORIENTED_EDGE('',*,*,#273,.F.);
#273 = EDGE_CURVE('',#168,#267,#274,.T.);
#274 = B_SPLINE_CURVE_WITH_KNOTS('',3,(#275,#276,#277,#278),
  .UNSPECIFIED.,.F.,.F.,(4,4),(12.,13.),.PIECEWISE_BEZIER_KNOTS.);
#275 = CARTESIAN_POINT('',(-0.164341929295,0.63,0.278942682038));
#276 = CARTESIAN_POINT('',(-0.163874038232,0.63,0.277414237901));
#277 = CARTESIAN_POINT('',(-0.163562110857,0.63,0.276228913877));
#278 = CARTESIAN_POINT('',(-0.16340614717,0.63,0.275417902701));
#279 = FACE_BOUND('',#280,.T.);
#280 = EDGE_LOOP('',(#281,#290,#299,#308,#317,#326,#335,#344,#353,#362,
    #371,#378,#387,#396,#405,#414,#423,#432,#441,#450,#459));
#281 = ORIENTED_EDGE('',*,*,#282,.F.);
#282 = EDGE_CURVE('',#283,#285,#287,.T.);
#283 = VERTEX_POINT('',#284);
#284 = CARTESIAN_POINT('',(-0.108928031145,0.63,0.277601394326));
#285 = VERTEX_POINT('',#286);
#286 = CARTESIAN_POINT('',(-0.108928031145,0.63,0.269709631741));
#287 = B_SPLINE_CURVE_WITH_KNOTS('',1,(#288,#289),.UNSPECIFIED.,.F.,.F.,
  (2,2),(-7.891762584584E-03,-0.),.PIECEWISE_BEZIER_KNOTS.);
#288 = CARTESIAN_POINT('',(-0.108928031145,0.63,0.277601394326));
#289 = CARTESIAN_POINT('',(-0.108928031145,0.63,0.269709631741));
#290 = ORIENTED_EDGE('',*,*,#291,.F.);
#291 = EDGE_CURVE('',#292,#283,#294,.T.);
#292 = VERTEX_POINT('',#293);
#293 = CARTESIAN_POINT('',(-0.121498704353,0.63,0.273390374765));
#294 = B_SPLINE_CURVE_WITH_KNOTS('',3,(#295,#296,#297,#298),
  .UNSPECIFIED.,.F.,.F.,(4,4),(0.,1.),.PIECEWISE_BEZIER_KNOTS.);
#295 = CARTESIAN_POINT('',(-0.121498704353,0.63,0.273390374765));
#296 = CARTESIAN_POINT('',(-0.117006950154,0.63,0.273390374765));
#297 = CARTESIAN_POINT('',(-0.112827123331,0.63,0.274794047952));
#298 = CARTESIAN_POINT('',(-0.108928031145,0.63,0.277601394326));
#299 = ORIENTED_EDGE('',*,*,#300,.F.);
#300 = EDGE_CURVE('',#301,#292,#303,.T.);
#301 = VERTEX_POINT('',#302);
#302 = CARTESIAN_POINT('',(-0.130513405487,0.63,0.27928580215));
#303 = B_SPLINE_CURVE_WITH_KNOTS('',3,(#304,#305,#306,#307),
  .UNSPECIFIED.,.F.,.F.,(4,4),(1.,2.),.PIECEWISE_BEZIER_KNOTS.);
#304 = CARTESIAN_POINT('',(-0.130513405487,0.63,0.27928580215));
#305 = CARTESIAN_POINT('',(-0.130513405487,0.63,0.275355517227));
#306 = CARTESIAN_POINT('',(-0.12750330632,0.63,0.273390374765));
#307 = CARTESIAN_POINT('',(-0.121498704353,0.63,0.273390374765));
#308 = ORIENTED_EDGE('',*,*,#309,.F.);
#309 = EDGE_CURVE('',#310,#301,#312,.T.);
#310 = VERTEX_POINT('',#311);
#311 = CARTESIAN_POINT('',(-0.128548263025,0.63,0.283434436236));
#312 = B_SPLINE_CURVE_WITH_KNOTS('',3,(#313,#314,#315,#316),
  .UNSPECIFIED.,.F.,.F.,(4,4),(2.,3.),.PIECEWISE_BEZIER_KNOTS.);
#313 = CARTESIAN_POINT('',(-0.128548263025,0.63,0.283434436236));
#314 = CARTESIAN_POINT('',(-0.129858358,0.63,0.282342690424));
#315 = CARTESIAN_POINT('',(-0.130513405487,0.63,0.280970209975));
#316 = CARTESIAN_POINT('',(-0.130513405487,0.63,0.27928580215));
#317 = ORIENTED_EDGE('',*,*,#318,.F.);
#318 = EDGE_CURVE('',#319,#310,#321,.T.);
#319 = VERTEX_POINT('',#320);
#320 = CARTESIAN_POINT('',(-0.120547325859,0.63,0.287333528423));
#321 = B_SPLINE_CURVE_WITH_KNOTS('',3,(#322,#323,#324,#325),
  .UNSPECIFIED.,.F.,.F.,(4,4),(3.,4.),.PIECEWISE_BEZIER_KNOTS.);
#322 = CARTESIAN_POINT('',(-0.120547325859,0.63,0.287333528423));
#323 = CARTESIAN_POINT('',(-0.124571188996,0.63,0.285836277023));
#324 = CARTESIAN_POINT('',(-0.127238168051,0.63,0.284526182048));
#325 = CARTESIAN_POINT('',(-0.128548263025,0.63,0.283434436236));
#326 = ORIENTED_EDGE('',*,*,#327,.F.);
#327 = EDGE_CURVE('',#328,#319,#330,.T.);
#328 = VERTEX_POINT('',#329);
#329 = CARTESIAN_POINT('',(-0.111142715506,0.63,0.293104184858));
#330 = B_SPLINE_CURVE_WITH_KNOTS('',3,(#331,#332,#333,#334),
  .UNSPECIFIED.,.F.,.F.,(4,4),(4.,5.),.PIECEWISE_BEZIER_KNOTS.);
#331 = CARTESIAN_POINT('',(-0.111142715506,0.63,0.293104184858));
#332 = CARTESIAN_POINT('',(-0.112577581431,0.63,0.291201427871));
#333 = CARTESIAN_POINT('',(-0.115728047917,0.63,0.289267478147));
#334 = CARTESIAN_POINT('',(-0.120547325859,0.63,0.287333528423));
#335 = ORIENTED_EDGE('',*,*,#336,.F.);
#336 = EDGE_CURVE('',#337,#328,#339,.T.);
#337 = VERTEX_POINT('',#338);
#338 = CARTESIAN_POINT('',(-0.108974820251,0.63,0.299997779843));
#339 = B_SPLINE_CURVE_WITH_KNOTS('',3,(#340,#341,#342,#343),
  .UNSPECIFIED.,.F.,.F.,(4,4),(5.,6.),.PIECEWISE_BEZIER_KNOTS.);
#340 = CARTESIAN_POINT('',(-0.108974820251,0.63,0.299997779843));
#341 = CARTESIAN_POINT('',(-0.108974820251,0.63,0.297315204419));
#342 = CARTESIAN_POINT('',(-0.109692253213,0.63,0.295006941845));
#343 = CARTESIAN_POINT('',(-0.111142715506,0.63,0.293104184858));
#344 = ORIENTED_EDGE('',*,*,#345,.F.);
#345 = EDGE_CURVE('',#346,#337,#348,.T.);
#346 = VERTEX_POINT('',#347);
#347 = CARTESIAN_POINT('',(-0.113872080037,0.63,0.309293215615));
#348 = B_SPLINE_CURVE_WITH_KNOTS('',3,(#349,#350,#351,#352),
  .UNSPECIFIED.,.F.,.F.,(4,4),(6.,7.),.PIECEWISE_BEZIER_KNOTS.);
#349 = CARTESIAN_POINT('',(-0.113872080037,0.63,0.309293215615));
#350 = CARTESIAN_POINT('',(-0.110612438969,0.63,0.306953760304));
#351 = CARTESIAN_POINT('',(-0.108974820251,0.63,0.303865679292));
#352 = CARTESIAN_POINT('',(-0.108974820251,0.63,0.299997779843));
#353 = ORIENTED_EDGE('',*,*,#354,.F.);
#354 = EDGE_CURVE('',#355,#346,#357,.T.);
#355 = VERTEX_POINT('',#356);
#356 = CARTESIAN_POINT('',(-0.125943669445,0.63,0.312755609477));
#357 = B_SPLINE_CURVE_WITH_KNOTS('',3,(#358,#359,#360,#361),
  .UNSPECIFIED.,.F.,.F.,(4,4),(7.,8.),.PIECEWISE_BEZIER_KNOTS.);
#358 = CARTESIAN_POINT('',(-0.125943669445,0.63,0.312755609477));
#359 = CARTESIAN_POINT('',(-0.121171180609,0.63,0.312755609477));
#360 = CARTESIAN_POINT('',(-0.117147317473,0.63,0.31160147819));
#361 = CARTESIAN_POINT('',(-0.113872080037,0.63,0.309293215615));
#362 = ORIENTED_EDGE('',*,*,#363,.F.);
#363 = EDGE_CURVE('',#364,#355,#366,.T.);
#364 = VERTEX_POINT('',#365);
#365 = CARTESIAN_POINT('',(-0.136268465554,0.63,0.310821659752));
#366 = B_SPLINE_CURVE_WITH_KNOTS('',3,(#367,#368,#369,#370),
  .UNSPECIFIED.,.F.,.F.,(4,4),(8.,9.),.PIECEWISE_BEZIER_KNOTS.);
#367 = CARTESIAN_POINT('',(-0.136268465554,0.63,0.310821659752));
#368 = CARTESIAN_POINT('',(-0.13308680633,0.63,0.312131754727));
#369 = CARTESIAN_POINT('',(-0.129655605206,0.63,0.312755609477));
#370 = CARTESIAN_POINT('',(-0.125943669445,0.63,0.312755609477));
#371 = ORIENTED_EDGE('',*,*,#372,.F.);
#372 = EDGE_CURVE('',#373,#364,#375,.T.);
#373 = VERTEX_POINT('',#374);
#374 = CARTESIAN_POINT('',(-0.136268465554,0.63,0.30339778823));
#375 = B_SPLINE_CURVE_WITH_KNOTS('',1,(#376,#377),.UNSPECIFIED.,.F.,.F.,
  (2,2),(-7.423871522359E-03,0.),.PIECEWISE_BEZIER_KNOTS.);
#376 = CARTESIAN_POINT('',(-0.136268465554,0.63,0.30339778823));
#377 = CARTESIAN_POINT('',(-0.136268465554,0.63,0.310821659752));
#378 = ORIENTED_EDGE('',*,*,#379,.F.);
#379 = EDGE_CURVE('',#380,#373,#382,.T.);
#380 = VERTEX_POINT('',#381);
#381 = CARTESIAN_POINT('',(-0.125195043745,0.63,0.306548254716));
#382 = B_SPLINE_CURVE_WITH_KNOTS('',3,(#383,#384,#385,#386),
  .UNSPECIFIED.,.F.,.F.,(4,4),(10.,11.),.PIECEWISE_BEZIER_KNOTS.);
#383 = CARTESIAN_POINT('',(-0.125195043745,0.63,0.306548254716));
#384 = CARTESIAN_POINT('',(-0.129328081463,0.63,0.306548254716));
#385 = CARTESIAN_POINT('',(-0.133008824486,0.63,0.305487701642));
#386 = CARTESIAN_POINT('',(-0.136268465554,0.63,0.30339778823));
#387 = ORIENTED_EDGE('',*,*,#388,.F.);
#388 = EDGE_CURVE('',#389,#380,#391,.T.);
#389 = VERTEX_POINT('',#390);
#390 = CARTESIAN_POINT('',(-0.11917484541,0.63,0.304926232367));
#391 = B_SPLINE_CURVE_WITH_KNOTS('',3,(#392,#393,#394,#395),
  .UNSPECIFIED.,.F.,.F.,(4,4),(11.,12.),.PIECEWISE_BEZIER_KNOTS.);
#392 = CARTESIAN_POINT('',(-0.11917484541,0.63,0.304926232367));
#393 = CARTESIAN_POINT('',(-0.120718885915,0.63,0.306017978179));
#394 = CARTESIAN_POINT('',(-0.122730817484,0.63,0.306548254716));
#395 = CARTESIAN_POINT('',(-0.125195043745,0.63,0.306548254716));
#396 = ORIENTED_EDGE('',*,*,#397,.F.);
#397 = EDGE_CURVE('',#398,#389,#400,.T.);
#398 = VERTEX_POINT('',#399);
#399 = CARTESIAN_POINT('',(-0.116850986467,0.63,0.300684020068));
#400 = B_SPLINE_CURVE_WITH_KNOTS('',3,(#401,#402,#403,#404),
  .UNSPECIFIED.,.F.,.F.,(4,4),(12.,13.),.PIECEWISE_BEZIER_KNOTS.);
#401 = CARTESIAN_POINT('',(-0.116850986467,0.63,0.300684020068));
#402 = CARTESIAN_POINT('',(-0.116850986467,0.63,0.302430813367));
#403 = CARTESIAN_POINT('',(-0.117630804904,0.63,0.303865679292));
#404 = CARTESIAN_POINT('',(-0.11917484541,0.63,0.304926232367));
#405 = ORIENTED_EDGE('',*,*,#406,.F.);
#406 = EDGE_CURVE('',#407,#398,#409,.T.);
#407 = VERTEX_POINT('',#408);
#408 = CARTESIAN_POINT('',(-0.118519797922,0.63,0.296628964195));
#409 = B_SPLINE_CURVE_WITH_KNOTS('',3,(#410,#411,#412,#413),
  .UNSPECIFIED.,.F.,.F.,(4,4),(13.,14.),.PIECEWISE_BEZIER_KNOTS.);
#410 = CARTESIAN_POINT('',(-0.118519797922,0.63,0.296628964195));
#411 = CARTESIAN_POINT('',(-0.117412455742,0.63,0.297595939057));
#412 = CARTESIAN_POINT('',(-0.116850986467,0.63,0.298937226769));
#413 = CARTESIAN_POINT('',(-0.116850986467,0.63,0.300684020068));
#414 = ORIENTED_EDGE('',*,*,#415,.F.);
#415 = EDGE_CURVE('',#416,#407,#418,.T.);
#416 = VERTEX_POINT('',#417);
#417 = CARTESIAN_POINT('',(-0.125943669445,0.63,0.292885835696));
#418 = B_SPLINE_CURVE_WITH_KNOTS('',3,(#419,#420,#421,#422),
  .UNSPECIFIED.,.F.,.F.,(4,4),(14.,15.),.PIECEWISE_BEZIER_KNOTS.);
#419 = CARTESIAN_POINT('',(-0.125943669445,0.63,0.292885835696));
#420 = CARTESIAN_POINT('',(-0.122106962734,0.63,0.294383087095));
#421 = CARTESIAN_POINT('',(-0.119642736472,0.63,0.295630796595));
#422 = CARTESIAN_POINT('',(-0.118519797922,0.63,0.296628964195));
#423 = ORIENTED_EDGE('',*,*,#424,.F.);
#424 = EDGE_CURVE('',#425,#416,#427,.T.);
#425 = VERTEX_POINT('',#426);
#426 = CARTESIAN_POINT('',(-0.135800574492,0.63,0.28723995021));
#427 = B_SPLINE_CURVE_WITH_KNOTS('',3,(#428,#429,#430,#431),
  .UNSPECIFIED.,.F.,.F.,(4,4),(15.,16.),.PIECEWISE_BEZIER_KNOTS.);
#428 = CARTESIAN_POINT('',(-0.135800574492,0.63,0.28723995021));
#429 = CARTESIAN_POINT('',(-0.13408497393,0.63,0.289173899934));
#430 = CARTESIAN_POINT('',(-0.130809736493,0.63,0.291076656921));
#431 = CARTESIAN_POINT('',(-0.125943669445,0.63,0.292885835696));
#432 = ORIENTED_EDGE('',*,*,#433,.F.);
#433 = EDGE_CURVE('',#434,#425,#436,.T.);
#434 = VERTEX_POINT('',#435);
#435 = CARTESIAN_POINT('',(-0.138358378966,0.63,0.28003442785));
#436 = B_SPLINE_CURVE_WITH_KNOTS('',3,(#437,#438,#439,#440),
  .UNSPECIFIED.,.F.,.F.,(4,4),(16.,17.),.PIECEWISE_BEZIER_KNOTS.);
#437 = CARTESIAN_POINT('',(-0.138358378966,0.63,0.28003442785));
#438 = CARTESIAN_POINT('',(-0.138358378966,0.63,0.282904159699));
#439 = CARTESIAN_POINT('',(-0.137500578685,0.63,0.285306000486));
#440 = CARTESIAN_POINT('',(-0.135800574492,0.63,0.28723995021));
#441 = ORIENTED_EDGE('',*,*,#442,.F.);
#442 = EDGE_CURVE('',#443,#434,#445,.T.);
#443 = VERTEX_POINT('',#444);
#444 = CARTESIAN_POINT('',(-0.133445522811,0.63,0.270614221128));
#445 = B_SPLINE_CURVE_WITH_KNOTS('',3,(#446,#447,#448,#449),
  .UNSPECIFIED.,.F.,.F.,(4,4),(17.,18.),.PIECEWISE_BEZIER_KNOTS.);
#446 = CARTESIAN_POINT('',(-0.133445522811,0.63,0.270614221128));
#447 = CARTESIAN_POINT('',(-0.136720760248,0.63,0.272891290965));
#448 = CARTESIAN_POINT('',(-0.138358378966,0.63,0.276041757451));
#449 = CARTESIAN_POINT('',(-0.138358378966,0.63,0.28003442785));
#450 = ORIENTED_EDGE('',*,*,#451,.F.);
#451 = EDGE_CURVE('',#452,#443,#454,.T.);
#452 = VERTEX_POINT('',#453);
#453 = CARTESIAN_POINT('',(-0.120750078653,0.63,0.267151827267));
#454 = B_SPLINE_CURVE_WITH_KNOTS('',3,(#455,#456,#457,#458),
  .UNSPECIFIED.,.F.,.F.,(4,4),(18.,19.),.PIECEWISE_BEZIER_KNOTS.);
#455 = CARTESIAN_POINT('',(-0.120750078653,0.63,0.267151827267));
#456 = CARTESIAN_POINT('',(-0.125943669445,0.63,0.267151827267));
#457 = CARTESIAN_POINT('',(-0.130185881744,0.63,0.268305958554));
#458 = CARTESIAN_POINT('',(-0.133445522811,0.63,0.270614221128));
#459 = ORIENTED_EDGE('',*,*,#460,.F.);
#460 = EDGE_CURVE('',#285,#452,#461,.T.);
#461 = B_SPLINE_CURVE_WITH_KNOTS('',3,(#462,#463,#464,#465),
  .UNSPECIFIED.,.F.,.F.,(4,4),(19.,20.),.PIECEWISE_BEZIER_KNOTS.);
#462 = CARTESIAN_POINT('',(-0.108928031145,0.63,0.269709631741));
#463 = CARTESIAN_POINT('',(-0.112296846793,0.63,0.268025223917));
#464 = CARTESIAN_POINT('',(-0.116227131717,0.63,0.267151827267));
#465 = CARTESIAN_POINT('',(-0.120750078653,0.63,0.267151827267));
#466 = FACE_BOUND('',#467,.T.);
#467 = EDGE_LOOP('',(#468,#477,#486,#495,#502,#509,#516,#523,#532,#541,
    #550,#559,#566,#575));
#468 = ORIENTED_EDGE('',*,*,#469,.F.);
#469 = EDGE_CURVE('',#470,#472,#474,.T.);
#470 = VERTEX_POINT('',#471);
#471 = CARTESIAN_POINT('',(-6.781600313322E-02,0.63,0.308700553603));
#472 = VERTEX_POINT('',#473);
#473 = CARTESIAN_POINT('',(-6.781600313322E-02,0.63,0.30127668208));
#474 = B_SPLINE_CURVE_WITH_KNOTS('',1,(#475,#476),.UNSPECIFIED.,.F.,.F.,
  (2,2),(-7.423871522777E-03,-0.),.PIECEWISE_BEZIER_KNOTS.);
#475 = CARTESIAN_POINT('',(-6.781600313322E-02,0.63,0.308700553603));
#476 = CARTESIAN_POINT('',(-6.781600313322E-02,0.63,0.30127668208));
#477 = ORIENTED_EDGE('',*,*,#478,.F.);
#478 = EDGE_CURVE('',#479,#470,#481,.T.);
#479 = VERTEX_POINT('',#480);
#480 = CARTESIAN_POINT('',(-8.281970986584E-02,0.63,0.312755609477));
#481 = B_SPLINE_CURVE_WITH_KNOTS('',3,(#482,#483,#484,#485),
  .UNSPECIFIED.,.F.,.F.,(4,4),(0.,1.),.PIECEWISE_BEZIER_KNOTS.);
#482 = CARTESIAN_POINT('',(-8.281970986584E-02,0.63,0.312755609477));
#483 = CARTESIAN_POINT('',(-7.714263164277E-02,0.63,0.312755609477));
#484 = CARTESIAN_POINT('',(-7.213619727559E-02,0.63,0.311414321765));
#485 = CARTESIAN_POINT('',(-6.781600313322E-02,0.63,0.308700553603));
#486 = ORIENTED_EDGE('',*,*,#487,.F.);
#487 = EDGE_CURVE('',#488,#479,#490,.T.);
#488 = VERTEX_POINT('',#489);
#489 = CARTESIAN_POINT('',(-9.857204229797E-02,0.63,0.296223458607));
#490 = B_SPLINE_CURVE_WITH_KNOTS('',3,(#491,#492,#493,#494),
  .UNSPECIFIED.,.F.,.F.,(4,4),(1.,2.),.PIECEWISE_BEZIER_KNOTS.);
#491 = CARTESIAN_POINT('',(-9.857204229797E-02,0.63,0.296223458607));
#492 = CARTESIAN_POINT('',(-9.857204229797E-02,0.63,0.307265687679));
#493 = CARTESIAN_POINT('',(-9.331606603095E-02,0.63,0.312755609477));
#494 = CARTESIAN_POINT('',(-8.281970986584E-02,0.63,0.312755609477));
#495 = ORIENTED_EDGE('',*,*,#496,.F.);
#496 = EDGE_CURVE('',#497,#488,#499,.T.);
#497 = VERTEX_POINT('',#498);
#498 = CARTESIAN_POINT('',(-9.857204229797E-02,0.63,0.268181187604));
#499 = B_SPLINE_CURVE_WITH_KNOTS('',1,(#500,#501),.UNSPECIFIED.,.F.,.F.,
  (2,2),(-2.804227100272E-02,-1.073117629386E-31),
  .PIECEWISE_BEZIER_KNOTS.);
#500 = CARTESIAN_POINT('',(-9.857204229797E-02,0.63,0.268181187604));
#501 = CARTESIAN_POINT('',(-9.857204229797E-02,0.63,0.296223458607));
#502 = ORIENTED_EDGE('',*,*,#503,.F.);
#503 = EDGE_CURVE('',#504,#497,#506,.T.);
#504 = VERTEX_POINT('',#505);
#505 = CARTESIAN_POINT('',(-9.092982161302E-02,0.63,0.268181187604));
#506 = B_SPLINE_CURVE_WITH_KNOTS('',1,(#507,#508),.UNSPECIFIED.,.F.,.F.,
  (2,2),(-7.642220684954E-03,0.),.PIECEWISE_BEZIER_KNOTS.);
#507 = CARTESIAN_POINT('',(-9.092982161302E-02,0.63,0.268181187604));
#508 = CARTESIAN_POINT('',(-9.857204229797E-02,0.63,0.268181187604));
#509 = ORIENTED_EDGE('',*,*,#510,.F.);
#510 = EDGE_CURVE('',#511,#504,#513,.T.);
#511 = VERTEX_POINT('',#512);
#512 = CARTESIAN_POINT('',(-9.092982161302E-02,0.63,0.274918818902));
#513 = B_SPLINE_CURVE_WITH_KNOTS('',1,(#514,#515),.UNSPECIFIED.,.F.,.F.,
  (2,2),(-6.737631297541E-03,-0.),.PIECEWISE_BEZIER_KNOTS.);
#514 = CARTESIAN_POINT('',(-9.092982161302E-02,0.63,0.274918818902));
#515 = CARTESIAN_POINT('',(-9.092982161302E-02,0.63,0.268181187604));
#516 = ORIENTED_EDGE('',*,*,#517,.F.);
#517 = EDGE_CURVE('',#518,#511,#520,.T.);
#518 = VERTEX_POINT('',#519);
#519 = CARTESIAN_POINT('',(-9.072706881936E-02,0.63,0.274918818902));
#520 = B_SPLINE_CURVE_WITH_KNOTS('',1,(#521,#522),.UNSPECIFIED.,.F.,.F.,
  (2,2),(-2.027527936583E-04,-0.),.PIECEWISE_BEZIER_KNOTS.);
#521 = CARTESIAN_POINT('',(-9.072706881936E-02,0.63,0.274918818902));
#522 = CARTESIAN_POINT('',(-9.092982161302E-02,0.63,0.274918818902));
#523 = ORIENTED_EDGE('',*,*,#524,.F.);
#524 = EDGE_CURVE('',#525,#518,#527,.T.);
#525 = VERTEX_POINT('',#526);
#526 = CARTESIAN_POINT('',(-7.737657717388E-02,0.63,0.267151827267));
#527 = B_SPLINE_CURVE_WITH_KNOTS('',3,(#528,#529,#530,#531),
  .UNSPECIFIED.,.F.,.F.,(4,4),(6.,7.),.PIECEWISE_BEZIER_KNOTS.);
#528 = CARTESIAN_POINT('',(-7.737657717388E-02,0.63,0.267151827267));
#529 = CARTESIAN_POINT('',(-8.325640819061E-02,0.63,0.267151827267));
#530 = CARTESIAN_POINT('',(-8.771696965172E-02,0.63,0.269740824479));
#531 = CARTESIAN_POINT('',(-9.072706881936E-02,0.63,0.274918818902));
#532 = ORIENTED_EDGE('',*,*,#533,.F.);
#533 = EDGE_CURVE('',#534,#525,#536,.T.);
#534 = VERTEX_POINT('',#535);
#535 = CARTESIAN_POINT('',(-6.730132296481E-02,0.63,0.270583028391));
#536 = B_SPLINE_CURVE_WITH_KNOTS('',3,(#537,#538,#539,#540),
  .UNSPECIFIED.,.F.,.F.,(4,4),(7.,8.),.PIECEWISE_BEZIER_KNOTS.);
#537 = CARTESIAN_POINT('',(-6.730132296481E-02,0.63,0.270583028391));
#538 = CARTESIAN_POINT('',(-6.979674196383E-02,0.63,0.268305958554));
#539 = CARTESIAN_POINT('',(-7.314996124409E-02,0.63,0.267151827267));
#540 = CARTESIAN_POINT('',(-7.737657717388E-02,0.63,0.267151827267));
#541 = ORIENTED_EDGE('',*,*,#542,.F.);
#542 = EDGE_CURVE('',#543,#534,#545,.T.);
#543 = VERTEX_POINT('',#544);
#544 = CARTESIAN_POINT('',(-6.355819446597E-02,0.63,0.279847271425));
#545 = B_SPLINE_CURVE_WITH_KNOTS('',3,(#546,#547,#548,#549),
  .UNSPECIFIED.,.F.,.F.,(4,4),(8.,9.),.PIECEWISE_BEZIER_KNOTS.);
#546 = CARTESIAN_POINT('',(-6.355819446597E-02,0.63,0.279847271425));
#547 = CARTESIAN_POINT('',(-6.355819446597E-02,0.63,0.275948179239));
#548 = CARTESIAN_POINT('',(-6.480590396559E-02,0.63,0.272860098227));
#549 = CARTESIAN_POINT('',(-6.730132296481E-02,0.63,0.270583028391));
#550 = ORIENTED_EDGE('',*,*,#551,.F.);
#551 = EDGE_CURVE('',#552,#543,#554,.T.);
#552 = VERTEX_POINT('',#553);
#553 = CARTESIAN_POINT('',(-7.801602829231E-02,0.63,0.294071159721));
#554 = B_SPLINE_CURVE_WITH_KNOTS('',3,(#555,#556,#557,#558),
  .UNSPECIFIED.,.F.,.F.,(4,4),(9.,10.),.PIECEWISE_BEZIER_KNOTS.);
#555 = CARTESIAN_POINT('',(-7.801602829231E-02,0.63,0.294071159721));
#556 = CARTESIAN_POINT('',(-6.837747240823E-02,0.63,0.292729872008));
#557 = CARTESIAN_POINT('',(-6.355819446597E-02,0.63,0.28798857591));
#558 = CARTESIAN_POINT('',(-6.355819446597E-02,0.63,0.279847271425));
#559 = ORIENTED_EDGE('',*,*,#560,.F.);
#560 = EDGE_CURVE('',#561,#552,#563,.T.);
#561 = VERTEX_POINT('',#562);
#562 = CARTESIAN_POINT('',(-9.092982161302E-02,0.63,0.295880338495));
#563 = B_SPLINE_CURVE_WITH_KNOTS('',1,(#564,#565),.UNSPECIFIED.,.F.,.F.,
  (2,2),(-1.303990742941E-02,0.),.PIECEWISE_BEZIER_KNOTS.);
#564 = CARTESIAN_POINT('',(-9.092982161302E-02,0.63,0.295880338495));
#565 = CARTESIAN_POINT('',(-7.801602829231E-02,0.63,0.294071159721));
#566 = ORIENTED_EDGE('',*,*,#567,.F.);
#567 = EDGE_CURVE('',#568,#561,#570,.T.);
#568 = VERTEX_POINT('',#569);
#569 = CARTESIAN_POINT('',(-8.210227690356E-02,0.63,0.306548254716));
#570 = B_SPLINE_CURVE_WITH_KNOTS('',3,(#571,#572,#573,#574),
  .UNSPECIFIED.,.F.,.F.,(4,4),(11.,12.),.PIECEWISE_BEZIER_KNOTS.);
#571 = CARTESIAN_POINT('',(-8.210227690356E-02,0.63,0.306548254716));
#572 = CARTESIAN_POINT('',(-8.798210792029E-02,0.63,0.306548254716));
#573 = CARTESIAN_POINT('',(-9.092982161302E-02,0.63,0.302992282642));
#574 = CARTESIAN_POINT('',(-9.092982161302E-02,0.63,0.295880338495));
#575 = ORIENTED_EDGE('',*,*,#576,.F.);
#576 = EDGE_CURVE('',#472,#568,#577,.T.);
#577 = B_SPLINE_CURVE_WITH_KNOTS('',3,(#578,#579,#580,#581),
  .UNSPECIFIED.,.F.,.F.,(4,4),(12.,13.),.PIECEWISE_BEZIER_KNOTS.);
#578 = CARTESIAN_POINT('',(-6.781600313322E-02,0.63,0.30127668208));
#579 = CARTESIAN_POINT('',(-7.212060090686E-02,0.63,0.304770268679));
#580 = CARTESIAN_POINT('',(-7.687749337399E-02,0.63,0.306548254716));
#581 = CARTESIAN_POINT('',(-8.210227690356E-02,0.63,0.306548254716));
#582 = FACE_BOUND('',#583,.T.);
#583 = EDGE_LOOP('',(#584,#595,#602,#609,#616,#625,#634));
#584 = ORIENTED_EDGE('',*,*,#585,.F.);
#585 = EDGE_CURVE('',#586,#588,#590,.T.);
#586 = VERTEX_POINT('',#587);
#587 = CARTESIAN_POINT('',(-0.177115355297,0.63,0.364972252034));
#588 = VERTEX_POINT('',#589);
#589 = CARTESIAN_POINT('',(-0.20080623942,0.63,0.373519062106));
#590 = B_SPLINE_CURVE_WITH_KNOTS('',3,(#591,#592,#593,#594),
  .UNSPECIFIED.,.F.,.F.,(4,4),(5.,6.),.PIECEWISE_BEZIER_KNOTS.);
#591 = CARTESIAN_POINT('',(-0.177115355297,0.63,0.364972252034));
#592 = CARTESIAN_POINT('',(-0.186769507549,0.63,0.364972252034));
#593 = CARTESIAN_POINT('',(-0.194676866503,0.63,0.367810791146));
#594 = CARTESIAN_POINT('',(-0.20080623942,0.63,0.373519062106));
#595 = ORIENTED_EDGE('',*,*,#596,.F.);
#596 = EDGE_CURVE('',#597,#586,#599,.T.);
#597 = VERTEX_POINT('',#598);
#598 = CARTESIAN_POINT('',(-0.160333662527,0.63,0.364972252034));
#599 = B_SPLINE_CURVE_WITH_KNOTS('',1,(#600,#601),.UNSPECIFIED.,.F.,.F.,
  (2,2),(-1.678169276936E-02,0.),.PIECEWISE_BEZIER_KNOTS.);
#600 = CARTESIAN_POINT('',(-0.160333662527,0.63,0.364972252034));
#601 = CARTESIAN_POINT('',(-0.177115355297,0.63,0.364972252034));
#602 = ORIENTED_EDGE('',*,*,#603,.F.);
#603 = EDGE_CURVE('',#604,#597,#606,.T.);
#604 = VERTEX_POINT('',#605);
#605 = CARTESIAN_POINT('',(-0.160333662527,0.63,0.425985246564));
#606 = B_SPLINE_CURVE_WITH_KNOTS('',1,(#607,#608),.UNSPECIFIED.,.F.,.F.,
  (2,2),(-6.10129945294E-02,-0.),.PIECEWISE_BEZIER_KNOTS.);
#607 = CARTESIAN_POINT('',(-0.160333662527,0.63,0.425985246564));
#608 = CARTESIAN_POINT('',(-0.160333662527,0.63,0.364972252034));
#609 = ORIENTED_EDGE('',*,*,#610,.F.);
#610 = EDGE_CURVE('',#611,#604,#613,.T.);
#611 = VERTEX_POINT('',#612);
#612 = CARTESIAN_POINT('',(-0.177739210047,0.63,0.425985246564));
#613 = B_SPLINE_CURVE_WITH_KNOTS('',1,(#614,#615),.UNSPECIFIED.,.F.,.F.,
  (2,2),(-1.740554751927E-02,5.551115123126E-17),
  .PIECEWISE_BEZIER_KNOTS.);
#614 = CARTESIAN_POINT('',(-0.177739210047,0.63,0.425985246564));
#615 = CARTESIAN_POINT('',(-0.160333662527,0.63,0.425985246564));
#616 = ORIENTED_EDGE('',*,*,#617,.F.);
#617 = EDGE_CURVE('',#618,#611,#620,.T.);
#618 = VERTEX_POINT('',#619);
#619 = CARTESIAN_POINT('',(-0.20080623942,0.63,0.417906327554));
#620 = B_SPLINE_CURVE_WITH_KNOTS('',3,(#621,#622,#623,#624),
  .UNSPECIFIED.,.F.,.F.,(4,4),(2.,3.),.PIECEWISE_BEZIER_KNOTS.);
#621 = CARTESIAN_POINT('',(-0.20080623942,0.63,0.417906327554));
#622 = CARTESIAN_POINT('',(-0.194676866503,0.63,0.42330267114));
#623 = CARTESIAN_POINT('',(-0.186987856712,0.63,0.425985246564));
#624 = CARTESIAN_POINT('',(-0.177739210047,0.63,0.425985246564));
#625 = ORIENTED_EDGE('',*,*,#626,.F.);
#626 = EDGE_CURVE('',#627,#618,#629,.T.);
#627 = VERTEX_POINT('',#628);
#628 = CARTESIAN_POINT('',(-0.210008096979,0.63,0.396258567736));
#629 = B_SPLINE_CURVE_WITH_KNOTS('',3,(#630,#631,#632,#633),
  .UNSPECIFIED.,.F.,.F.,(4,4),(3.,4.),.PIECEWISE_BEZIER_KNOTS.);
#630 = CARTESIAN_POINT('',(-0.210008096979,0.63,0.396258567736));
#631 = CARTESIAN_POINT('',(-0.210008096979,0.63,0.405304461608));
#632 = CARTESIAN_POINT('',(-0.206935612337,0.63,0.412509983968));
#633 = CARTESIAN_POINT('',(-0.20080623942,0.63,0.417906327554));
#634 = ORIENTED_EDGE('',*,*,#635,.F.);
#635 = EDGE_CURVE('',#588,#627,#636,.T.);
#636 = B_SPLINE_CURVE_WITH_KNOTS('',3,(#637,#638,#639,#640),
  .UNSPECIFIED.,.F.,.F.,(4,4),(4.,5.),.PIECEWISE_BEZIER_KNOTS.);
#637 = CARTESIAN_POINT('',(-0.20080623942,0.63,0.373519062106));
#638 = CARTESIAN_POINT('',(-0.206935612337,0.63,0.379227333067));
#639 = CARTESIAN_POINT('',(-0.210008096979,0.63,0.386807168277));
#640 = CARTESIAN_POINT('',(-0.210008096979,0.63,0.396258567736));
#641 = FACE_BOUND('',#642,.T.);
#642 = EDGE_LOOP('',(#643,#653,#660,#668));
#643 = ORIENTED_EDGE('',*,*,#644,.T.);
#644 = EDGE_CURVE('',#645,#647,#649,.T.);
#645 = VERTEX_POINT('',#646);
#646 = CARTESIAN_POINT('',(0.576496507645,0.63,1.2300001));
#647 = VERTEX_POINT('',#648);
#648 = CARTESIAN_POINT('',(0.576496507644,0.63,7.00001E-02));
#649 = ( BOUNDED_CURVE() B_SPLINE_CURVE(2,(#650,#651,#652),
.UNSPECIFIED.,.F.,.F.) B_SPLINE_CURVE_WITH_KNOTS((3,3),(1.308528998522,
1.833063655067),.PIECEWISE_BEZIER_KNOTS.) CURVE() 
GEOMETRIC_REPRESENTATION_ITEM() RATIONAL_B_SPLINE_CURVE((1.,
0.965804608633,1.)) REPRESENTATION_ITEM('') );
#650 = CARTESIAN_POINT('',(0.576496507645,0.63,1.2300001));
#651 = CARTESIAN_POINT('',(0.420795048025,0.63,0.6500001));
#652 = CARTESIAN_POINT('',(0.576496507644,0.63,7.00001E-02));
#653 = ORIENTED_EDGE('',*,*,#654,.T.);
#654 = EDGE_CURVE('',#647,#655,#657,.T.);
#655 = VERTEX_POINT('',#656);
#656 = CARTESIAN_POINT('',(-0.576496507644,0.63,7.00001E-02));
#657 = B_SPLINE_CURVE_WITH_KNOTS('',1,(#658,#659),.UNSPECIFIED.,.F.,.F.,
  (2,2),(-1.476496507644,-0.323503492356),.PIECEWISE_BEZIER_KNOTS.);
#658 = CARTESIAN_POINT('',(0.576496507644,0.63,7.00001E-02));
#659 = CARTESIAN_POINT('',(-0.576496507644,0.63,7.00001E-02));
#660 = ORIENTED_EDGE('',*,*,#661,.F.);
#661 = EDGE_CURVE('',#662,#655,#664,.T.);
#662 = VERTEX_POINT('',#663);
#663 = CARTESIAN_POINT('',(-0.576496507645,0.63,1.2300001));
#664 = ( BOUNDED_CURVE() B_SPLINE_CURVE(2,(#665,#666,#667),
.UNSPECIFIED.,.F.,.F.) B_SPLINE_CURVE_WITH_KNOTS((3,3),(1.308528998522,
1.833063655067),.PIECEWISE_BEZIER_KNOTS.) CURVE() 
GEOMETRIC_REPRESENTATION_ITEM() RATIONAL_B_SPLINE_CURVE((1.,
0.965804608633,1.)) REPRESENTATION_ITEM('') );
#665 = CARTESIAN_POINT('',(-0.576496507645,0.63,1.2300001));
#666 = CARTESIAN_POINT('',(-0.420795048025,0.63,0.6500001));
#667 = CARTESIAN_POINT('',(-0.576496507644,0.63,7.00001E-02));
#668 = ORIENTED_EDGE('',*,*,#669,.T.);
#669 = EDGE_CURVE('',#662,#645,#670,.T.);
#670 = B_SPLINE_CURVE_WITH_KNOTS('',1,(#671,#672),.UNSPECIFIED.,.F.,.F.,
  (2,2),(0.323503492355,1.476496507645),.PIECEWISE_BEZIER_KNOTS.);
#671 = CARTESIAN_POINT('',(-0.576496507645,0.63,1.2300001));
#672 = CARTESIAN_POINT('',(0.576496507645,0.63,1.2300001));
#673 = FACE_BOUND('',#674,.T.);
#674 = EDGE_LOOP('',(#675,#684,#691,#698,#705,#712));
#675 = ORIENTED_EDGE('',*,*,#676,.F.);
#676 = EDGE_CURVE('',#677,#679,#681,.T.);
#677 = VERTEX_POINT('',#678);
#678 = CARTESIAN_POINT('',(-5.560404640627E-02,0.63,0.371928232494));
#679 = VERTEX_POINT('',#680);
#680 = CARTESIAN_POINT('',(-3.130490390177E-02,0.63,0.371928232494));
#681 = B_SPLINE_CURVE_WITH_KNOTS('',1,(#682,#683),.UNSPECIFIED.,.F.,.F.,
  (2,2),(-2.42991425045E-02,0.),.PIECEWISE_BEZIER_KNOTS.);
#682 = CARTESIAN_POINT('',(-5.560404640627E-02,0.63,0.371928232494));
#683 = CARTESIAN_POINT('',(-3.130490390177E-02,0.63,0.371928232494));
#684 = ORIENTED_EDGE('',*,*,#685,.F.);
#685 = EDGE_CURVE('',#686,#677,#688,.T.);
#686 = VERTEX_POINT('',#687);
#687 = CARTESIAN_POINT('',(-5.560404640627E-02,0.63,0.364972252034));
#688 = B_SPLINE_CURVE_WITH_KNOTS('',1,(#689,#690),.UNSPECIFIED.,.F.,.F.,
  (2,2),(-6.955980460135E-03,0.),.PIECEWISE_BEZIER_KNOTS.);
#689 = CARTESIAN_POINT('',(-5.560404640627E-02,0.63,0.364972252034));
#690 = CARTESIAN_POINT('',(-5.560404640627E-02,0.63,0.371928232494));
#691 = ORIENTED_EDGE('',*,*,#692,.F.);
#692 = EDGE_CURVE('',#693,#686,#695,.T.);
#693 = VERTEX_POINT('',#694);
#694 = CARTESIAN_POINT('',(-2.34287376857E-02,0.63,0.364972252034));
#695 = B_SPLINE_CURVE_WITH_KNOTS('',1,(#696,#697),.UNSPECIFIED.,.F.,.F.,
  (2,2),(-3.217530872057E-02,0.),.PIECEWISE_BEZIER_KNOTS.);
#696 = CARTESIAN_POINT('',(-2.34287376857E-02,0.63,0.364972252034));
#697 = CARTESIAN_POINT('',(-5.560404640627E-02,0.63,0.364972252034));
#698 = ORIENTED_EDGE('',*,*,#699,.F.);
#699 = EDGE_CURVE('',#700,#693,#702,.T.);
#700 = VERTEX_POINT('',#701);
#701 = CARTESIAN_POINT('',(-2.34287376857E-02,0.63,0.425985246564));
#702 = B_SPLINE_CURVE_WITH_KNOTS('',1,(#703,#704),.UNSPECIFIED.,.F.,.F.,
  (2,2),(-6.10129945294E-02,5.551115123126E-17),
  .PIECEWISE_BEZIER_KNOTS.);
#703 = CARTESIAN_POINT('',(-2.34287376857E-02,0.63,0.425985246564));
#704 = CARTESIAN_POINT('',(-2.34287376857E-02,0.63,0.364972252034));
#705 = ORIENTED_EDGE('',*,*,#706,.F.);
#706 = EDGE_CURVE('',#707,#700,#709,.T.);
#707 = VERTEX_POINT('',#708);
#708 = CARTESIAN_POINT('',(-3.130490390177E-02,0.63,0.425985246564));
#709 = B_SPLINE_CURVE_WITH_KNOTS('',1,(#710,#711),.UNSPECIFIED.,.F.,.F.,
  (2,2),(-7.876166216068E-03,0.),.PIECEWISE_BEZIER_KNOTS.);
#710 = CARTESIAN_POINT('',(-3.130490390177E-02,0.63,0.425985246564));
#711 = CARTESIAN_POINT('',(-2.34287376857E-02,0.63,0.425985246564));
#712 = ORIENTED_EDGE('',*,*,#713,.F.);
#713 = EDGE_CURVE('',#679,#707,#714,.T.);
#714 = B_SPLINE_CURVE_WITH_KNOTS('',1,(#715,#716),.UNSPECIFIED.,.F.,.F.,
  (2,2),(-5.405701406927E-02,0.),.PIECEWISE_BEZIER_KNOTS.);
#715 = CARTESIAN_POINT('',(-3.130490390177E-02,0.63,0.371928232494));
#716 = CARTESIAN_POINT('',(-3.130490390177E-02,0.63,0.425985246564));
#717 = FACE_BOUND('',#718,.T.);
#718 = EDGE_LOOP('',(#719,#728,#737,#746,#755,#764,#773,#782,#789,#798,
    #807,#816,#825,#834));
#719 = ORIENTED_EDGE('',*,*,#720,.F.);
#720 = EDGE_CURVE('',#721,#723,#725,.T.);
#721 = VERTEX_POINT('',#722);
#722 = CARTESIAN_POINT('',(-0.103781229459,0.63,0.367498863771));
#723 = VERTEX_POINT('',#724);
#724 = CARTESIAN_POINT('',(-0.103781229459,0.63,0.375047506243));
#725 = B_SPLINE_CURVE_WITH_KNOTS('',1,(#726,#727),.UNSPECIFIED.,.F.,.F.,
  (2,2),(-7.548642472592E-03,0.),.PIECEWISE_BEZIER_KNOTS.);
#726 = CARTESIAN_POINT('',(-0.103781229459,0.63,0.367498863771));
#727 = CARTESIAN_POINT('',(-0.103781229459,0.63,0.375047506243));
#728 = ORIENTED_EDGE('',*,*,#729,.F.);
#729 = EDGE_CURVE('',#730,#721,#732,.T.);
#730 = VERTEX_POINT('',#731);
#731 = CARTESIAN_POINT('',(-8.689036210815E-02,0.63,0.363942891697));
#732 = B_SPLINE_CURVE_WITH_KNOTS('',3,(#733,#734,#735,#736),
  .UNSPECIFIED.,.F.,.F.,(4,4),(0.,1.),.PIECEWISE_BEZIER_KNOTS.);
#733 = CARTESIAN_POINT('',(-8.689036210815E-02,0.63,0.363942891697));
#734 = CARTESIAN_POINT('',(-9.365918614335E-02,0.63,0.363942891697));
#735 = CARTESIAN_POINT('',(-9.928947526024E-02,0.63,0.365128215721));
#736 = CARTESIAN_POINT('',(-0.103781229459,0.63,0.367498863771));
#737 = ORIENTED_EDGE('',*,*,#738,.F.);
#738 = EDGE_CURVE('',#739,#730,#741,.T.);
#739 = VERTEX_POINT('',#740);
#740 = CARTESIAN_POINT('',(-6.592884251518E-02,0.63,0.372271352607));
#741 = B_SPLINE_CURVE_WITH_KNOTS('',3,(#742,#743,#744,#745),
  .UNSPECIFIED.,.F.,.F.,(4,4),(1.,2.),.PIECEWISE_BEZIER_KNOTS.);
#742 = CARTESIAN_POINT('',(-6.592884251518E-02,0.63,0.372271352607));
#743 = CARTESIAN_POINT('',(-7.115362604475E-02,0.63,0.366719045334));
#744 = CARTESIAN_POINT('',(-7.814079924233E-02,0.63,0.363942891697));
#745 = CARTESIAN_POINT('',(-8.689036210815E-02,0.63,0.363942891697));
#746 = ORIENTED_EDGE('',*,*,#747,.F.);
#747 = EDGE_CURVE('',#748,#739,#750,.T.);
#748 = VERTEX_POINT('',#749);
#749 = CARTESIAN_POINT('',(-5.809946540529E-02,0.63,0.394324618012));
#750 = B_SPLINE_CURVE_WITH_KNOTS('',3,(#751,#752,#753,#754),
  .UNSPECIFIED.,.F.,.F.,(4,4),(2.,3.),.PIECEWISE_BEZIER_KNOTS.);
#751 = CARTESIAN_POINT('',(-5.809946540529E-02,0.63,0.394324618012));
#752 = CARTESIAN_POINT('',(-5.809946540529E-02,0.63,0.385185145927));
#753 = CARTESIAN_POINT('',(-6.070405898561E-02,0.63,0.37782365988));
#754 = CARTESIAN_POINT('',(-6.592884251518E-02,0.63,0.372271352607));
#755 = ORIENTED_EDGE('',*,*,#756,.F.);
#756 = EDGE_CURVE('',#757,#748,#759,.T.);
#757 = VERTEX_POINT('',#758);
#758 = CARTESIAN_POINT('',(-6.691141374602E-02,0.63,0.418031098504));
#759 = B_SPLINE_CURVE_WITH_KNOTS('',3,(#760,#761,#762,#763),
  .UNSPECIFIED.,.F.,.F.,(4,4),(3.,4.),.PIECEWISE_BEZIER_KNOTS.);
#760 = CARTESIAN_POINT('',(-6.691141374602E-02,0.63,0.418031098504));
#761 = CARTESIAN_POINT('',(-6.103158272929E-02,0.63,0.412042092906));
#762 = CARTESIAN_POINT('',(-5.809946540529E-02,0.63,0.404150330321));
#763 = CARTESIAN_POINT('',(-5.809946540529E-02,0.63,0.394324618012));
#764 = ORIENTED_EDGE('',*,*,#765,.F.);
#765 = EDGE_CURVE('',#766,#757,#768,.T.);
#766 = VERTEX_POINT('',#767);
#767 = CARTESIAN_POINT('',(-8.932339563226E-02,0.63,0.427014606901));
#768 = B_SPLINE_CURVE_WITH_KNOTS('',3,(#769,#770,#771,#772),
  .UNSPECIFIED.,.F.,.F.,(4,4),(4.,5.),.PIECEWISE_BEZIER_KNOTS.);
#769 = CARTESIAN_POINT('',(-8.932339563226E-02,0.63,0.427014606901));
#770 = CARTESIAN_POINT('',(-8.02619053917E-02,0.63,0.427014606901));
#771 = CARTESIAN_POINT('',(-7.279124476295E-02,0.63,0.424020104102));
#772 = CARTESIAN_POINT('',(-6.691141374602E-02,0.63,0.418031098504));
#773 = ORIENTED_EDGE('',*,*,#774,.F.);
#774 = EDGE_CURVE('',#775,#766,#777,.T.);
#775 = VERTEX_POINT('',#776);
#776 = CARTESIAN_POINT('',(-0.103781229459,0.63,0.424519187902));
#777 = B_SPLINE_CURVE_WITH_KNOTS('',3,(#778,#779,#780,#781),
  .UNSPECIFIED.,.F.,.F.,(4,4),(5.,6.),.PIECEWISE_BEZIER_KNOTS.);
#778 = CARTESIAN_POINT('',(-0.103781229459,0.63,0.424519187902));
#779 = CARTESIAN_POINT('',(-9.997571548506E-02,0.63,0.426172402989));
#780 = CARTESIAN_POINT('',(-9.515643754281E-02,0.63,0.427014606901));
#781 = CARTESIAN_POINT('',(-8.932339563226E-02,0.63,0.427014606901));
#782 = ORIENTED_EDGE('',*,*,#783,.F.);
#783 = EDGE_CURVE('',#784,#775,#786,.T.);
#784 = VERTEX_POINT('',#785);
#785 = CARTESIAN_POINT('',(-0.103781229459,0.63,0.416284305205));
#786 = B_SPLINE_CURVE_WITH_KNOTS('',1,(#787,#788),.UNSPECIFIED.,.F.,.F.,
  (2,2),(-8.234882696995E-03,0.),.PIECEWISE_BEZIER_KNOTS.);
#787 = CARTESIAN_POINT('',(-0.103781229459,0.63,0.416284305205));
#788 = CARTESIAN_POINT('',(-0.103781229459,0.63,0.424519187902));
#789 = ORIENTED_EDGE('',*,*,#790,.F.);
#790 = EDGE_CURVE('',#791,#784,#793,.T.);
#791 = VERTEX_POINT('',#792);
#792 = CARTESIAN_POINT('',(-8.940137747611E-02,0.63,0.419902662753));
#793 = B_SPLINE_CURVE_WITH_KNOTS('',3,(#794,#795,#796,#797),
  .UNSPECIFIED.,.F.,.F.,(4,4),(7.,8.),.PIECEWISE_BEZIER_KNOTS.);
#794 = CARTESIAN_POINT('',(-8.940137747611E-02,0.63,0.419902662753));
#795 = CARTESIAN_POINT('',(-9.462616100547E-02,0.63,0.419902662753));
#796 = CARTESIAN_POINT('',(-9.941424621027E-02,0.63,0.418717338728));
#797 = CARTESIAN_POINT('',(-0.103781229459,0.63,0.416284305205));
#798 = ORIENTED_EDGE('',*,*,#799,.F.);
#799 = EDGE_CURVE('',#800,#791,#802,.T.);
#800 = VERTEX_POINT('',#801);
#801 = CARTESIAN_POINT('',(-7.277564839422E-02,0.63,0.413133838718));
#802 = B_SPLINE_CURVE_WITH_KNOTS('',3,(#803,#804,#805,#806),
  .UNSPECIFIED.,.F.,.F.,(4,4),(8.,9.),.PIECEWISE_BEZIER_KNOTS.);
#803 = CARTESIAN_POINT('',(-7.277564839422E-02,0.63,0.413133838718));
#804 = CARTESIAN_POINT('',(-7.706464979893E-02,0.63,0.417656785654));
#805 = CARTESIAN_POINT('',(-8.260136070345E-02,0.63,0.419902662753));
#806 = CARTESIAN_POINT('',(-8.940137747611E-02,0.63,0.419902662753));
#807 = ORIENTED_EDGE('',*,*,#808,.F.);
#808 = EDGE_CURVE('',#809,#800,#811,.T.);
#809 = VERTEX_POINT('',#810);
#810 = CARTESIAN_POINT('',(-6.636554084016E-02,0.63,0.394792509074));
#811 = B_SPLINE_CURVE_WITH_KNOTS('',3,(#812,#813,#814,#815),
  .UNSPECIFIED.,.F.,.F.,(4,4),(9.,10.),.PIECEWISE_BEZIER_KNOTS.);
#812 = CARTESIAN_POINT('',(-6.636554084016E-02,0.63,0.394792509074));
#813 = CARTESIAN_POINT('',(-6.636554084016E-02,0.63,0.402465922497));
#814 = CARTESIAN_POINT('',(-6.850224335804E-02,0.63,0.408579699044));
#815 = CARTESIAN_POINT('',(-7.277564839422E-02,0.63,0.413133838718));
#816 = ORIENTED_EDGE('',*,*,#817,.F.);
#817 = EDGE_CURVE('',#818,#809,#820,.T.);
#818 = VERTEX_POINT('',#819);
#819 = CARTESIAN_POINT('',(-7.235454643797E-02,0.63,0.377386961555));
#820 = B_SPLINE_CURVE_WITH_KNOTS('',3,(#821,#822,#823,#824),
  .UNSPECIFIED.,.F.,.F.,(4,4),(10.,11.),.PIECEWISE_BEZIER_KNOTS.);
#821 = CARTESIAN_POINT('',(-7.235454643797E-02,0.63,0.377386961555));
#822 = CARTESIAN_POINT('',(-6.836187603929E-02,0.63,0.381691559329));
#823 = CARTESIAN_POINT('',(-6.636554084016E-02,0.63,0.387493408502));
#824 = CARTESIAN_POINT('',(-6.636554084016E-02,0.63,0.394792509074));
#825 = ORIENTED_EDGE('',*,*,#826,.F.);
#826 = EDGE_CURVE('',#827,#818,#829,.T.);
#827 = VERTEX_POINT('',#828);
#828 = CARTESIAN_POINT('',(-8.802889702647E-02,0.63,0.370961257632));
#829 = B_SPLINE_CURVE_WITH_KNOTS('',3,(#830,#831,#832,#833),
  .UNSPECIFIED.,.F.,.F.,(4,4),(11.,12.),.PIECEWISE_BEZIER_KNOTS.);
#830 = CARTESIAN_POINT('',(-8.802889702647E-02,0.63,0.370961257632));
#831 = CARTESIAN_POINT('',(-8.157200036622E-02,0.63,0.370961257632));
#832 = CARTESIAN_POINT('',(-7.634721683665E-02,0.63,0.373113556519));
#833 = CARTESIAN_POINT('',(-7.235454643797E-02,0.63,0.377386961555));
#834 = ORIENTED_EDGE('',*,*,#835,.F.);
#835 = EDGE_CURVE('',#723,#827,#836,.T.);
#836 = B_SPLINE_CURVE_WITH_KNOTS('',3,(#837,#838,#839,#840),
  .UNSPECIFIED.,.F.,.F.,(4,4),(12.,13.),.PIECEWISE_BEZIER_KNOTS.);
#837 = CARTESIAN_POINT('',(-0.103781229459,0.63,0.375047506243));
#838 = CARTESIAN_POINT('',(-9.93206679977E-02,0.63,0.372333738082));
#839 = CARTESIAN_POINT('',(-9.406469173067E-02,0.63,0.370961257632));
#840 = CARTESIAN_POINT('',(-8.802889702647E-02,0.63,0.370961257632));
#841 = FACE_BOUND('',#842,.T.);
#842 = EDGE_LOOP('',(#843,#852,#859,#866,#873,#880,#887,#894,#901,#908,
    #915,#922));
#843 = ORIENTED_EDGE('',*,*,#844,.F.);
#844 = EDGE_CURVE('',#845,#847,#849,.T.);
#845 = VERTEX_POINT('',#846);
#846 = CARTESIAN_POINT('',(-0.148807946025,0.63,0.371928232494));
#847 = VERTEX_POINT('',#848);
#848 = CARTESIAN_POINT('',(-0.123869352402,0.63,0.371928232494));
#849 = B_SPLINE_CURVE_WITH_KNOTS('',1,(#850,#851),.UNSPECIFIED.,.F.,.F.,
  (2,2),(-2.493859362272E-02,0.),.PIECEWISE_BEZIER_KNOTS.);
#850 = CARTESIAN_POINT('',(-0.148807946025,0.63,0.371928232494));
#851 = CARTESIAN_POINT('',(-0.123869352402,0.63,0.371928232494));
#852 = ORIENTED_EDGE('',*,*,#853,.F.);
#853 = EDGE_CURVE('',#854,#845,#856,.T.);
#854 = VERTEX_POINT('',#855);
#855 = CARTESIAN_POINT('',(-0.148807946025,0.63,0.364972252034));
#856 = B_SPLINE_CURVE_WITH_KNOTS('',1,(#857,#858),.UNSPECIFIED.,.F.,.F.,
  (2,2),(-6.955980460135E-03,0.),.PIECEWISE_BEZIER_KNOTS.);
#857 = CARTESIAN_POINT('',(-0.148807946025,0.63,0.364972252034));
#858 = CARTESIAN_POINT('',(-0.148807946025,0.63,0.371928232494));
#859 = ORIENTED_EDGE('',*,*,#860,.F.);
#860 = EDGE_CURVE('',#861,#854,#863,.T.);
#861 = VERTEX_POINT('',#862);
#862 = CARTESIAN_POINT('',(-0.115993186186,0.63,0.364972252034));
#863 = B_SPLINE_CURVE_WITH_KNOTS('',1,(#864,#865),.UNSPECIFIED.,.F.,.F.,
  (2,2),(-3.281475983879E-02,0.),.PIECEWISE_BEZIER_KNOTS.);
#864 = CARTESIAN_POINT('',(-0.115993186186,0.63,0.364972252034));
#865 = CARTESIAN_POINT('',(-0.148807946025,0.63,0.364972252034));
#866 = ORIENTED_EDGE('',*,*,#867,.F.);
#867 = EDGE_CURVE('',#868,#861,#870,.T.);
#868 = VERTEX_POINT('',#869);
#869 = CARTESIAN_POINT('',(-0.115993186186,0.63,0.425985246564));
#870 = B_SPLINE_CURVE_WITH_KNOTS('',1,(#871,#872),.UNSPECIFIED.,.F.,.F.,
  (2,2),(-6.10129945294E-02,3.945737213937E-31),
  .PIECEWISE_BEZIER_KNOTS.);
#871 = CARTESIAN_POINT('',(-0.115993186186,0.63,0.425985246564));
#872 = CARTESIAN_POINT('',(-0.115993186186,0.63,0.364972252034));
#873 = ORIENTED_EDGE('',*,*,#874,.F.);
#874 = EDGE_CURVE('',#875,#868,#877,.T.);
#875 = VERTEX_POINT('',#876);
#876 = CARTESIAN_POINT('',(-0.147419869207,0.63,0.425985246564));
#877 = B_SPLINE_CURVE_WITH_KNOTS('',1,(#878,#879),.UNSPECIFIED.,.F.,.F.,
  (2,2),(-3.142668302063E-02,0.),.PIECEWISE_BEZIER_KNOTS.);
#878 = CARTESIAN_POINT('',(-0.147419869207,0.63,0.425985246564));
#879 = CARTESIAN_POINT('',(-0.115993186186,0.63,0.425985246564));
#880 = ORIENTED_EDGE('',*,*,#881,.F.);
#881 = EDGE_CURVE('',#882,#875,#884,.T.);
#882 = VERTEX_POINT('',#883);
#883 = CARTESIAN_POINT('',(-0.147419869207,0.63,0.418966880628));
#884 = B_SPLINE_CURVE_WITH_KNOTS('',1,(#885,#886),.UNSPECIFIED.,.F.,.F.,
  (2,2),(-7.018365935043E-03,0.),.PIECEWISE_BEZIER_KNOTS.);
#885 = CARTESIAN_POINT('',(-0.147419869207,0.63,0.418966880628));
#886 = CARTESIAN_POINT('',(-0.147419869207,0.63,0.425985246564));
#887 = ORIENTED_EDGE('',*,*,#888,.F.);
#888 = EDGE_CURVE('',#889,#882,#891,.T.);
#889 = VERTEX_POINT('',#890);
#890 = CARTESIAN_POINT('',(-0.123869352402,0.63,0.418966880628));
#891 = B_SPLINE_CURVE_WITH_KNOTS('',1,(#892,#893),.UNSPECIFIED.,.F.,.F.,
  (2,2),(-2.355051680457E-02,0.),.PIECEWISE_BEZIER_KNOTS.);
#892 = CARTESIAN_POINT('',(-0.123869352402,0.63,0.418966880628));
#893 = CARTESIAN_POINT('',(-0.147419869207,0.63,0.418966880628));
#894 = ORIENTED_EDGE('',*,*,#895,.F.);
#895 = EDGE_CURVE('',#896,#889,#898,.T.);
#896 = VERTEX_POINT('',#897);
#897 = CARTESIAN_POINT('',(-0.123869352402,0.63,0.39944022696));
#898 = B_SPLINE_CURVE_WITH_KNOTS('',1,(#899,#900),.UNSPECIFIED.,.F.,.F.,
  (2,2),(-1.952665366864E-02,0.),.PIECEWISE_BEZIER_KNOTS.);
#899 = CARTESIAN_POINT('',(-0.123869352402,0.63,0.39944022696));
#900 = CARTESIAN_POINT('',(-0.123869352402,0.63,0.418966880628));
#901 = ORIENTED_EDGE('',*,*,#902,.F.);
#902 = EDGE_CURVE('',#903,#896,#905,.T.);
#903 = VERTEX_POINT('',#904);
#904 = CARTESIAN_POINT('',(-0.145688672276,0.63,0.39944022696));
#905 = B_SPLINE_CURVE_WITH_KNOTS('',1,(#906,#907),.UNSPECIFIED.,.F.,.F.,
  (2,2),(-2.181931987379E-02,0.),.PIECEWISE_BEZIER_KNOTS.);
#906 = CARTESIAN_POINT('',(-0.145688672276,0.63,0.39944022696));
#907 = CARTESIAN_POINT('',(-0.123869352402,0.63,0.39944022696));
#908 = ORIENTED_EDGE('',*,*,#909,.F.);
#909 = EDGE_CURVE('',#910,#903,#912,.T.);
#910 = VERTEX_POINT('',#911);
#911 = CARTESIAN_POINT('',(-0.145688672276,0.63,0.392453053762));
#912 = B_SPLINE_CURVE_WITH_KNOTS('',1,(#913,#914),.UNSPECIFIED.,.F.,.F.,
  (2,2),(-6.987173197589E-03,0.),.PIECEWISE_BEZIER_KNOTS.);
#913 = CARTESIAN_POINT('',(-0.145688672276,0.63,0.392453053762));
#914 = CARTESIAN_POINT('',(-0.145688672276,0.63,0.39944022696));
#915 = ORIENTED_EDGE('',*,*,#916,.F.);
#916 = EDGE_CURVE('',#917,#910,#919,.T.);
#917 = VERTEX_POINT('',#918);
#918 = CARTESIAN_POINT('',(-0.123869352402,0.63,0.392453053762));
#919 = B_SPLINE_CURVE_WITH_KNOTS('',1,(#920,#921),.UNSPECIFIED.,.F.,.F.,
  (2,2),(-2.181931987379E-02,0.),.PIECEWISE_BEZIER_KNOTS.);
#920 = CARTESIAN_POINT('',(-0.123869352402,0.63,0.392453053762));
#921 = CARTESIAN_POINT('',(-0.145688672276,0.63,0.392453053762));
#922 = ORIENTED_EDGE('',*,*,#923,.F.);
#923 = EDGE_CURVE('',#847,#917,#924,.T.);
#924 = B_SPLINE_CURVE_WITH_KNOTS('',1,(#925,#926),.UNSPECIFIED.,.F.,.F.,
  (2,2),(-2.0524821268E-02,0.),.PIECEWISE_BEZIER_KNOTS.);
#925 = CARTESIAN_POINT('',(-0.123869352402,0.63,0.371928232494));
#926 = CARTESIAN_POINT('',(-0.123869352402,0.63,0.392453053762));
#927 = FACE_BOUND('',#928,.T.);
#928 = EDGE_LOOP('',(#929,#938,#945,#952,#959,#966,#973,#980));
#929 = ORIENTED_EDGE('',*,*,#930,.F.);
#930 = EDGE_CURVE('',#931,#933,#935,.T.);
#931 = VERTEX_POINT('',#932);
#932 = CARTESIAN_POINT('',(-0.245053137549,0.63,0.425985246564));
#933 = VERTEX_POINT('',#934);
#934 = CARTESIAN_POINT('',(-0.236631098427,0.63,0.425985246564));
#935 = B_SPLINE_CURVE_WITH_KNOTS('',1,(#936,#937),.UNSPECIFIED.,.F.,.F.,
  (2,2),(-8.422039122135E-03,0.),.PIECEWISE_BEZIER_KNOTS.);
#936 = CARTESIAN_POINT('',(-0.245053137549,0.63,0.425985246564));
#937 = CARTESIAN_POINT('',(-0.236631098427,0.63,0.425985246564));
#938 = ORIENTED_EDGE('',*,*,#939,.F.);
#939 = EDGE_CURVE('',#940,#931,#942,.T.);
#940 = VERTEX_POINT('',#941);
#941 = CARTESIAN_POINT('',(-0.268291726979,0.63,0.364972252034));
#942 = B_SPLINE_CURVE_WITH_KNOTS('',1,(#943,#944),.UNSPECIFIED.,.F.,.F.,
  (2,2),(-6.528872444865E-02,0.),.PIECEWISE_BEZIER_KNOTS.);
#943 = CARTESIAN_POINT('',(-0.268291726979,0.63,0.364972252034));
#944 = CARTESIAN_POINT('',(-0.245053137549,0.63,0.425985246564));
#945 = ORIENTED_EDGE('',*,*,#946,.F.);
#946 = EDGE_CURVE('',#947,#940,#949,.T.);
#947 = VERTEX_POINT('',#948);
#948 = CARTESIAN_POINT('',(-0.259588953219,0.63,0.364972252034));
#949 = B_SPLINE_CURVE_WITH_KNOTS('',1,(#950,#951),.UNSPECIFIED.,.F.,.F.,
  (2,2),(-8.702773759636E-03,0.),.PIECEWISE_BEZIER_KNOTS.);
#950 = CARTESIAN_POINT('',(-0.259588953219,0.63,0.364972252034));
#951 = CARTESIAN_POINT('',(-0.268291726979,0.63,0.364972252034));
#952 = ORIENTED_EDGE('',*,*,#953,.F.);
#953 = EDGE_CURVE('',#954,#947,#956,.T.);
#954 = VERTEX_POINT('',#955);
#955 = CARTESIAN_POINT('',(-0.25336600209,0.63,0.381660366591));
#956 = B_SPLINE_CURVE_WITH_KNOTS('',1,(#957,#958),.UNSPECIFIED.,.F.,.F.,
  (2,2),(-1.781062290385E-02,-1.322188952858E-17),
  .PIECEWISE_BEZIER_KNOTS.);
#957 = CARTESIAN_POINT('',(-0.25336600209,0.63,0.381660366591));
#958 = CARTESIAN_POINT('',(-0.259588953219,0.63,0.364972252034));
#959 = ORIENTED_EDGE('',*,*,#960,.F.);
#960 = EDGE_CURVE('',#961,#954,#963,.T.);
#961 = VERTEX_POINT('',#962);
#962 = CARTESIAN_POINT('',(-0.227959517404,0.63,0.381660366591));
#963 = B_SPLINE_CURVE_WITH_KNOTS('',1,(#964,#965),.UNSPECIFIED.,.F.,.F.,
  (2,2),(-2.540648468536E-02,0.),.PIECEWISE_BEZIER_KNOTS.);
#964 = CARTESIAN_POINT('',(-0.227959517404,0.63,0.381660366591));
#965 = CARTESIAN_POINT('',(-0.25336600209,0.63,0.381660366591));
#966 = ORIENTED_EDGE('',*,*,#967,.F.);
#967 = EDGE_CURVE('',#968,#961,#970,.T.);
#968 = VERTEX_POINT('',#969);
#969 = CARTESIAN_POINT('',(-0.222095282756,0.63,0.364972252034));
#970 = B_SPLINE_CURVE_WITH_KNOTS('',1,(#971,#972),.UNSPECIFIED.,.F.,.F.,
  (2,2),(-1.768848256562E-02,0.),.PIECEWISE_BEZIER_KNOTS.);
#971 = CARTESIAN_POINT('',(-0.222095282756,0.63,0.364972252034));
#972 = CARTESIAN_POINT('',(-0.227959517404,0.63,0.381660366591));
#973 = ORIENTED_EDGE('',*,*,#974,.F.);
#974 = EDGE_CURVE('',#975,#968,#977,.T.);
#975 = VERTEX_POINT('',#976);
#976 = CARTESIAN_POINT('',(-0.213392508997,0.63,0.364972252034));
#977 = B_SPLINE_CURVE_WITH_KNOTS('',1,(#978,#979),.UNSPECIFIED.,.F.,.F.,
  (2,2),(-8.70277375922E-03,0.),.PIECEWISE_BEZIER_KNOTS.);
#978 = CARTESIAN_POINT('',(-0.213392508997,0.63,0.364972252034));
#979 = CARTESIAN_POINT('',(-0.222095282756,0.63,0.364972252034));
#980 = ORIENTED_EDGE('',*,*,#981,.F.);
#981 = EDGE_CURVE('',#933,#975,#982,.T.);
#982 = B_SPLINE_CURVE_WITH_KNOTS('',1,(#983,#984),.UNSPECIFIED.,.F.,.F.,
  (2,2),(-6.528872444851E-02,0.),.PIECEWISE_BEZIER_KNOTS.);
#983 = CARTESIAN_POINT('',(-0.236631098427,0.63,0.425985246564));
#984 = CARTESIAN_POINT('',(-0.213392508997,0.63,0.364972252034));
#985 = FACE_BOUND('',#986,.T.);
#986 = EDGE_LOOP('',(#987,#996,#1003,#1010,#1017,#1024,#1031,#1038,#1045
    ,#1052,#1059,#1066));
#987 = ORIENTED_EDGE('',*,*,#988,.F.);
#988 = EDGE_CURVE('',#989,#991,#993,.T.);
#989 = VERTEX_POINT('',#990);
#990 = CARTESIAN_POINT('',(-5.62434975247E-02,0.63,0.275137168064));
#991 = VERTEX_POINT('',#992);
#992 = CARTESIAN_POINT('',(-3.130490390177E-02,0.63,0.275137168064));
#993 = B_SPLINE_CURVE_WITH_KNOTS('',1,(#994,#995),.UNSPECIFIED.,.F.,.F.,
  (2,2),(-2.493859362293E-02,0.),.PIECEWISE_BEZIER_KNOTS.);
#994 = CARTESIAN_POINT('',(-5.62434975247E-02,0.63,0.275137168064));
#995 = CARTESIAN_POINT('',(-3.130490390177E-02,0.63,0.275137168064));
#996 = ORIENTED_EDGE('',*,*,#997,.F.);
#997 = EDGE_CURVE('',#998,#989,#1000,.T.);
#998 = VERTEX_POINT('',#999);
#999 = CARTESIAN_POINT('',(-5.62434975247E-02,0.63,0.268181187604));
#1000 = B_SPLINE_CURVE_WITH_KNOTS('',1,(#1001,#1002),.UNSPECIFIED.,.F.,
  .F.,(2,2),(-6.955980460136E-03,0.),.PIECEWISE_BEZIER_KNOTS.);
#1001 = CARTESIAN_POINT('',(-5.62434975247E-02,0.63,0.268181187604));
#1002 = CARTESIAN_POINT('',(-5.62434975247E-02,0.63,0.275137168064));
#1003 = ORIENTED_EDGE('',*,*,#1004,.F.);
#1004 = EDGE_CURVE('',#1005,#998,#1007,.T.);
#1005 = VERTEX_POINT('',#1006);
#1006 = CARTESIAN_POINT('',(-2.34287376857E-02,0.63,0.268181187604));
#1007 = B_SPLINE_CURVE_WITH_KNOTS('',1,(#1008,#1009),.UNSPECIFIED.,.F.,
  .F.,(2,2),(-3.2814759839E-02,0.),.PIECEWISE_BEZIER_KNOTS.);
#1008 = CARTESIAN_POINT('',(-2.34287376857E-02,0.63,0.268181187604));
#1009 = CARTESIAN_POINT('',(-5.62434975247E-02,0.63,0.268181187604));
#1010 = ORIENTED_EDGE('',*,*,#1011,.F.);
#1011 = EDGE_CURVE('',#1012,#1005,#1014,.T.);
#1012 = VERTEX_POINT('',#1013);
#1013 = CARTESIAN_POINT('',(-2.34287376857E-02,0.63,0.329194182134));
#1014 = B_SPLINE_CURVE_WITH_KNOTS('',1,(#1015,#1016),.UNSPECIFIED.,.F.,
  .F.,(2,2),(-6.10129945294E-02,-1.110223024625E-16),
  .PIECEWISE_BEZIER_KNOTS.);
#1015 = CARTESIAN_POINT('',(-2.34287376857E-02,0.63,0.329194182134));
#1016 = CARTESIAN_POINT('',(-2.34287376857E-02,0.63,0.268181187604));
#1017 = ORIENTED_EDGE('',*,*,#1018,.F.);
#1018 = EDGE_CURVE('',#1019,#1012,#1021,.T.);
#1019 = VERTEX_POINT('',#1020);
#1020 = CARTESIAN_POINT('',(-5.485542070634E-02,0.63,0.329194182134));
#1021 = B_SPLINE_CURVE_WITH_KNOTS('',1,(#1022,#1023),.UNSPECIFIED.,.F.,
  .F.,(2,2),(-3.142668302063E-02,0.),.PIECEWISE_BEZIER_KNOTS.);
#1022 = CARTESIAN_POINT('',(-5.485542070634E-02,0.63,0.329194182134));
#1023 = CARTESIAN_POINT('',(-2.34287376857E-02,0.63,0.329194182134));
#1024 = ORIENTED_EDGE('',*,*,#1025,.F.);
#1025 = EDGE_CURVE('',#1026,#1019,#1028,.T.);
#1026 = VERTEX_POINT('',#1027);
#1027 = CARTESIAN_POINT('',(-5.485542070634E-02,0.63,0.322175816199));
#1028 = B_SPLINE_CURVE_WITH_KNOTS('',1,(#1029,#1030),.UNSPECIFIED.,.F.,
  .F.,(2,2),(-7.018365935043E-03,0.),.PIECEWISE_BEZIER_KNOTS.);
#1029 = CARTESIAN_POINT('',(-5.485542070634E-02,0.63,0.322175816199));
#1030 = CARTESIAN_POINT('',(-5.485542070634E-02,0.63,0.329194182134));
#1031 = ORIENTED_EDGE('',*,*,#1032,.F.);
#1032 = EDGE_CURVE('',#1033,#1026,#1035,.T.);
#1033 = VERTEX_POINT('',#1034);
#1034 = CARTESIAN_POINT('',(-3.130490390177E-02,0.63,0.322175816199));
#1035 = B_SPLINE_CURVE_WITH_KNOTS('',1,(#1036,#1037),.UNSPECIFIED.,.F.,
  .F.,(2,2),(-2.355051680456E-02,0.),.PIECEWISE_BEZIER_KNOTS.);
#1036 = CARTESIAN_POINT('',(-3.130490390177E-02,0.63,0.322175816199));
#1037 = CARTESIAN_POINT('',(-5.485542070634E-02,0.63,0.322175816199));
#1038 = ORIENTED_EDGE('',*,*,#1039,.F.);
#1039 = EDGE_CURVE('',#1040,#1033,#1042,.T.);
#1040 = VERTEX_POINT('',#1041);
#1041 = CARTESIAN_POINT('',(-3.130490390177E-02,0.63,0.30264916253));
#1042 = B_SPLINE_CURVE_WITH_KNOTS('',1,(#1043,#1044),.UNSPECIFIED.,.F.,
  .F.,(2,2),(-1.952665366864E-02,0.),.PIECEWISE_BEZIER_KNOTS.);
#1043 = CARTESIAN_POINT('',(-3.130490390177E-02,0.63,0.30264916253));
#1044 = CARTESIAN_POINT('',(-3.130490390177E-02,0.63,0.322175816199));
#1045 = ORIENTED_EDGE('',*,*,#1046,.F.);
#1046 = EDGE_CURVE('',#1047,#1040,#1049,.T.);
#1047 = VERTEX_POINT('',#1048);
#1048 = CARTESIAN_POINT('',(-5.312422377577E-02,0.63,0.30264916253));
#1049 = B_SPLINE_CURVE_WITH_KNOTS('',1,(#1050,#1051),.UNSPECIFIED.,.F.,
  .F.,(2,2),(-2.1819319874E-02,0.),.PIECEWISE_BEZIER_KNOTS.);
#1050 = CARTESIAN_POINT('',(-5.312422377577E-02,0.63,0.30264916253));
#1051 = CARTESIAN_POINT('',(-3.130490390177E-02,0.63,0.30264916253));
#1052 = ORIENTED_EDGE('',*,*,#1053,.F.);
#1053 = EDGE_CURVE('',#1054,#1047,#1056,.T.);
#1054 = VERTEX_POINT('',#1055);
#1055 = CARTESIAN_POINT('',(-5.312422377577E-02,0.63,0.295661989332));
#1056 = B_SPLINE_CURVE_WITH_KNOTS('',1,(#1057,#1058),.UNSPECIFIED.,.F.,
  .F.,(2,2),(-6.987173197589E-03,0.),.PIECEWISE_BEZIER_KNOTS.);
#1057 = CARTESIAN_POINT('',(-5.312422377577E-02,0.63,0.295661989332));
#1058 = CARTESIAN_POINT('',(-5.312422377577E-02,0.63,0.30264916253));
#1059 = ORIENTED_EDGE('',*,*,#1060,.F.);
#1060 = EDGE_CURVE('',#1061,#1054,#1063,.T.);
#1061 = VERTEX_POINT('',#1062);
#1062 = CARTESIAN_POINT('',(-3.130490390177E-02,0.63,0.295661989332));
#1063 = B_SPLINE_CURVE_WITH_KNOTS('',1,(#1064,#1065),.UNSPECIFIED.,.F.,
  .F.,(2,2),(-2.1819319874E-02,0.),.PIECEWISE_BEZIER_KNOTS.);
#1064 = CARTESIAN_POINT('',(-3.130490390177E-02,0.63,0.295661989332));
#1065 = CARTESIAN_POINT('',(-5.312422377577E-02,0.63,0.295661989332));
#1066 = ORIENTED_EDGE('',*,*,#1067,.F.);
#1067 = EDGE_CURVE('',#991,#1061,#1068,.T.);
#1068 = B_SPLINE_CURVE_WITH_KNOTS('',1,(#1069,#1070),.UNSPECIFIED.,.F.,
  .F.,(2,2),(-2.052482126799E-02,0.),.PIECEWISE_BEZIER_KNOTS.);
#1069 = CARTESIAN_POINT('',(-3.130490390177E-02,0.63,0.275137168064));
#1070 = CARTESIAN_POINT('',(-3.130490390177E-02,0.63,0.295661989332));
#1071 = FACE_BOUND('',#1072,.T.);
#1072 = EDGE_LOOP('',(#1073,#1084,#1091,#1098,#1105,#1114,#1123));
#1073 = ORIENTED_EDGE('',*,*,#1074,.F.);
#1074 = EDGE_CURVE('',#1075,#1077,#1079,.T.);
#1075 = VERTEX_POINT('',#1076);
#1076 = CARTESIAN_POINT('',(-0.253521965777,0.63,0.268181187604));
#1077 = VERTEX_POINT('',#1078);
#1078 = CARTESIAN_POINT('',(-0.2772128499,0.63,0.276727997676));
#1079 = B_SPLINE_CURVE_WITH_KNOTS('',3,(#1080,#1081,#1082,#1083),
  .UNSPECIFIED.,.F.,.F.,(4,4),(5.,6.),.PIECEWISE_BEZIER_KNOTS.);
#1080 = CARTESIAN_POINT('',(-0.253521965777,0.63,0.268181187604));
#1081 = CARTESIAN_POINT('',(-0.26317611803,0.63,0.268181187604));
#1082 = CARTESIAN_POINT('',(-0.271083476984,0.63,0.271019726715));
#1083 = CARTESIAN_POINT('',(-0.2772128499,0.63,0.276727997676));
#1084 = ORIENTED_EDGE('',*,*,#1085,.F.);
#1085 = EDGE_CURVE('',#1086,#1075,#1088,.T.);
#1086 = VERTEX_POINT('',#1087);
#1087 = CARTESIAN_POINT('',(-0.236740273008,0.63,0.268181187604));
#1088 = B_SPLINE_CURVE_WITH_KNOTS('',1,(#1089,#1090),.UNSPECIFIED.,.F.,
  .F.,(2,2),(-1.678169276936E-02,0.),.PIECEWISE_BEZIER_KNOTS.);
#1089 = CARTESIAN_POINT('',(-0.236740273008,0.63,0.268181187604));
#1090 = CARTESIAN_POINT('',(-0.253521965777,0.63,0.268181187604));
#1091 = ORIENTED_EDGE('',*,*,#1092,.F.);
#1092 = EDGE_CURVE('',#1093,#1086,#1095,.T.);
#1093 = VERTEX_POINT('',#1094);
#1094 = CARTESIAN_POINT('',(-0.236740273008,0.63,0.329194182134));
#1095 = B_SPLINE_CURVE_WITH_KNOTS('',1,(#1096,#1097),.UNSPECIFIED.,.F.,
  .F.,(2,2),(-6.10129945294E-02,-0.),.PIECEWISE_BEZIER_KNOTS.);
#1096 = CARTESIAN_POINT('',(-0.236740273008,0.63,0.329194182134));
#1097 = CARTESIAN_POINT('',(-0.236740273008,0.63,0.268181187604));
#1098 = ORIENTED_EDGE('',*,*,#1099,.F.);
#1099 = EDGE_CURVE('',#1100,#1093,#1102,.T.);
#1100 = VERTEX_POINT('',#1101);
#1101 = CARTESIAN_POINT('',(-0.254145820527,0.63,0.329194182134));
#1102 = B_SPLINE_CURVE_WITH_KNOTS('',1,(#1103,#1104),.UNSPECIFIED.,.F.,
  .F.,(2,2),(-1.740554751886E-02,-2.775557561563E-17),
  .PIECEWISE_BEZIER_KNOTS.);
#1103 = CARTESIAN_POINT('',(-0.254145820527,0.63,0.329194182134));
#1104 = CARTESIAN_POINT('',(-0.236740273008,0.63,0.329194182134));
#1105 = ORIENTED_EDGE('',*,*,#1106,.F.);
#1106 = EDGE_CURVE('',#1107,#1100,#1109,.T.);
#1107 = VERTEX_POINT('',#1108);
#1108 = CARTESIAN_POINT('',(-0.2772128499,0.63,0.321115263124));
#1109 = B_SPLINE_CURVE_WITH_KNOTS('',3,(#1110,#1111,#1112,#1113),
  .UNSPECIFIED.,.F.,.F.,(4,4),(2.,3.),.PIECEWISE_BEZIER_KNOTS.);
#1110 = CARTESIAN_POINT('',(-0.2772128499,0.63,0.321115263124));
#1111 = CARTESIAN_POINT('',(-0.271083476984,0.63,0.326511606709));
#1112 = CARTESIAN_POINT('',(-0.263394467192,0.63,0.329194182134));
#1113 = CARTESIAN_POINT('',(-0.254145820527,0.63,0.329194182134));
#1114 = ORIENTED_EDGE('',*,*,#1115,.F.);
#1115 = EDGE_CURVE('',#1116,#1107,#1118,.T.);
#1116 = VERTEX_POINT('',#1117);
#1117 = CARTESIAN_POINT('',(-0.28641470746,0.63,0.299467503306));
#1118 = B_SPLINE_CURVE_WITH_KNOTS('',3,(#1119,#1120,#1121,#1122),
  .UNSPECIFIED.,.F.,.F.,(4,4),(3.,4.),.PIECEWISE_BEZIER_KNOTS.);
#1119 = CARTESIAN_POINT('',(-0.28641470746,0.63,0.299467503306));
#1120 = CARTESIAN_POINT('',(-0.28641470746,0.63,0.308513397178));
#1121 = CARTESIAN_POINT('',(-0.283342222817,0.63,0.315718919538));
#1122 = CARTESIAN_POINT('',(-0.2772128499,0.63,0.321115263124));
#1123 = ORIENTED_EDGE('',*,*,#1124,.F.);
#1124 = EDGE_CURVE('',#1077,#1116,#1125,.T.);
#1125 = B_SPLINE_CURVE_WITH_KNOTS('',3,(#1126,#1127,#1128,#1129),
  .UNSPECIFIED.,.F.,.F.,(4,4),(4.,5.),.PIECEWISE_BEZIER_KNOTS.);
#1126 = CARTESIAN_POINT('',(-0.2772128499,0.63,0.276727997676));
#1127 = CARTESIAN_POINT('',(-0.283342222817,0.63,0.282436268637));
#1128 = CARTESIAN_POINT('',(-0.28641470746,0.63,0.290016103847));
#1129 = CARTESIAN_POINT('',(-0.28641470746,0.63,0.299467503306));
#1130 = FACE_BOUND('',#1131,.T.);
#1131 = EDGE_LOOP('',(#1132,#1143,#1152,#1161,#1170,#1177,#1186,#1195,
    #1204,#1211,#1220,#1229,#1238,#1247,#1256,#1265,#1274,#1283,#1292,
    #1301,#1308,#1315,#1322,#1331,#1340,#1349,#1358,#1367,#1376,#1385,
    #1394,#1403,#1412));
#1132 = ORIENTED_EDGE('',*,*,#1133,.F.);
#1133 = EDGE_CURVE('',#1134,#1136,#1138,.T.);
#1134 = VERTEX_POINT('',#1135);
#1135 = CARTESIAN_POINT('',(6.948553043996E-02,0.63,0.385528326646));
#1136 = VERTEX_POINT('',#1137);
#1137 = CARTESIAN_POINT('',(9.291052922242E-02,0.63,0.419798223002));
#1138 = B_SPLINE_CURVE_WITH_KNOTS('',3,(#1139,#1140,#1141,#1142),
  .UNSPECIFIED.,.F.,.F.,(4,4),(0.,1.),.PIECEWISE_BEZIER_KNOTS.);
#1139 = CARTESIAN_POINT('',(6.948553043996E-02,0.63,0.385528326646));
#1140 = CARTESIAN_POINT('',(7.425728148362E-02,0.63,0.398542211181));
#1141 = CARTESIAN_POINT('',(8.249941497512E-02,0.63,0.410254706436));
#1142 = CARTESIAN_POINT('',(9.291052922242E-02,0.63,0.419798223002));
#1143 = ORIENTED_EDGE('',*,*,#1144,.F.);
#1144 = EDGE_CURVE('',#1145,#1134,#1147,.T.);
#1145 = VERTEX_POINT('',#1146);
#1146 = CARTESIAN_POINT('',(2.653972140275E-02,0.63,0.328701045736));
#1147 = B_SPLINE_CURVE_WITH_KNOTS('',3,(#1148,#1149,#1150,#1151),
  .UNSPECIFIED.,.F.,.F.,(4,4),(35.,36.),.PIECEWISE_BEZIER_KNOTS.);
#1148 = CARTESIAN_POINT('',(2.653972140275E-02,0.63,0.328701045736));
#1149 = CARTESIAN_POINT('',(2.697351093483E-02,0.63,0.354728798258));
#1150 = CARTESIAN_POINT('',(4.475916306167E-02,0.63,0.377719999234));
#1151 = CARTESIAN_POINT('',(6.948553043996E-02,0.63,0.385528326646));
#1152 = ORIENTED_EDGE('',*,*,#1153,.F.);
#1153 = EDGE_CURVE('',#1154,#1145,#1156,.T.);
#1154 = VERTEX_POINT('',#1155);
#1155 = CARTESIAN_POINT('',(4.259018230588E-02,0.63,0.287490411374));
#1156 = B_SPLINE_CURVE_WITH_KNOTS('',3,(#1157,#1158,#1159,#1160),
  .UNSPECIFIED.,.F.,.F.,(4,4),(34.,35.),.PIECEWISE_BEZIER_KNOTS.);
#1157 = CARTESIAN_POINT('',(4.259018230588E-02,0.63,0.287490411374));
#1158 = CARTESIAN_POINT('',(3.217906805837E-02,0.63,0.298769104686));
#1159 = CARTESIAN_POINT('',(2.653972140275E-02,0.63,0.313518180445));
#1160 = CARTESIAN_POINT('',(2.653972140275E-02,0.63,0.328701045736));
#1161 = ORIENTED_EDGE('',*,*,#1162,.F.);
#1162 = EDGE_CURVE('',#1163,#1154,#1165,.T.);
#1163 = VERTEX_POINT('',#1164);
#1164 = CARTESIAN_POINT('',(8.206562544304E-02,0.63,0.267969584572));
#1165 = B_SPLINE_CURVE_WITH_KNOTS('',3,(#1166,#1167,#1168,#1169),
  .UNSPECIFIED.,.F.,.F.,(4,4),(33.,34.),.PIECEWISE_BEZIER_KNOTS.);
#1166 = CARTESIAN_POINT('',(8.206562544304E-02,0.63,0.267969584572));
#1167 = CARTESIAN_POINT('',(6.688276015229E-02,0.63,0.269270969716));
#1168 = CARTESIAN_POINT('',(5.300128000496E-02,0.63,0.276211718063));
#1169 = CARTESIAN_POINT('',(4.259018230588E-02,0.63,0.287490411374));
#1170 = ORIENTED_EDGE('',*,*,#1171,.F.);
#1171 = EDGE_CURVE('',#1172,#1163,#1174,.T.);
#1172 = VERTEX_POINT('',#1173);
#1173 = CARTESIAN_POINT('',(0.107659588433,0.63,0.267969584572));
#1174 = B_SPLINE_CURVE_WITH_KNOTS('',1,(#1175,#1176),.UNSPECIFIED.,.F.,
  .F.,(2,2),(-2.429257784641E-02,1.301385144039E-03),
  .PIECEWISE_BEZIER_KNOTS.);
#1175 = CARTESIAN_POINT('',(0.107659588433,0.63,0.267969584572));
#1176 = CARTESIAN_POINT('',(8.206562544304E-02,0.63,0.267969584572));
#1177 = ORIENTED_EDGE('',*,*,#1178,.F.);
#1178 = EDGE_CURVE('',#1179,#1172,#1181,.T.);
#1179 = VERTEX_POINT('',#1180);
#1180 = CARTESIAN_POINT('',(0.120239683437,0.63,0.281417258639));
#1181 = B_SPLINE_CURVE_WITH_KNOTS('',3,(#1182,#1183,#1184,#1185),
  .UNSPECIFIED.,.F.,.F.,(4,4),(28.,29.),.PIECEWISE_BEZIER_KNOTS.);
#1182 = CARTESIAN_POINT('',(0.120239683437,0.63,0.281417258639));
#1183 = CARTESIAN_POINT('',(0.120239683437,0.63,0.274476526839));
#1184 = CARTESIAN_POINT('',(0.114600336781,0.63,0.268403374103));
#1185 = CARTESIAN_POINT('',(0.107659588433,0.63,0.267969584572));
#1186 = ORIENTED_EDGE('',*,*,#1187,.F.);
#1187 = EDGE_CURVE('',#1188,#1179,#1190,.T.);
#1188 = VERTEX_POINT('',#1189);
#1189 = CARTESIAN_POINT('',(0.10679200937,0.63,0.294864932706));
#1190 = B_SPLINE_CURVE_WITH_KNOTS('',3,(#1191,#1192,#1193,#1194),
  .UNSPECIFIED.,.F.,.F.,(4,4),(27.,28.),.PIECEWISE_BEZIER_KNOTS.);
#1191 = CARTESIAN_POINT('',(0.10679200937,0.63,0.294864932706));
#1192 = CARTESIAN_POINT('',(0.114166547249,0.63,0.294864932706));
#1193 = CARTESIAN_POINT('',(0.120239683437,0.63,0.28879177997));
#1194 = CARTESIAN_POINT('',(0.120239683437,0.63,0.281417258639));
#1195 = ORIENTED_EDGE('',*,*,#1196,.F.);
#1196 = EDGE_CURVE('',#1197,#1188,#1199,.T.);
#1197 = VERTEX_POINT('',#1198);
#1198 = CARTESIAN_POINT('',(0.104189239082,0.63,0.294431143174));
#1199 = B_SPLINE_CURVE_WITH_KNOTS('',3,(#1200,#1201,#1202,#1203),
  .UNSPECIFIED.,.F.,.F.,(4,4),(26.,27.),.PIECEWISE_BEZIER_KNOTS.);
#1200 = CARTESIAN_POINT('',(0.104189239082,0.63,0.294431143174));
#1201 = CARTESIAN_POINT('',(0.105056834694,0.63,0.294431143174));
#1202 = CARTESIAN_POINT('',(0.105924430306,0.63,0.294864932706));
#1203 = CARTESIAN_POINT('',(0.10679200937,0.63,0.294864932706));
#1204 = ORIENTED_EDGE('',*,*,#1205,.F.);
#1205 = EDGE_CURVE('',#1206,#1197,#1208,.T.);
#1206 = VERTEX_POINT('',#1207);
#1207 = CARTESIAN_POINT('',(8.466841227893E-02,0.63,0.294431143174));
#1208 = B_SPLINE_CURVE_WITH_KNOTS('',1,(#1209,#1210),.UNSPECIFIED.,.F.,
  .F.,(2,2),(0.,1.952082680275E-02),.PIECEWISE_BEZIER_KNOTS.);
#1209 = CARTESIAN_POINT('',(8.466841227893E-02,0.63,0.294431143174));
#1210 = CARTESIAN_POINT('',(0.104189239082,0.63,0.294431143174));
#1211 = ORIENTED_EDGE('',*,*,#1212,.F.);
#1212 = EDGE_CURVE('',#1213,#1206,#1215,.T.);
#1213 = VERTEX_POINT('',#1214);
#1214 = CARTESIAN_POINT('',(5.343508608505E-02,0.63,0.328267239656));
#1215 = B_SPLINE_CURVE_WITH_KNOTS('',3,(#1216,#1217,#1218,#1219),
  .UNSPECIFIED.,.F.,.F.,(4,4),(24.,25.),.PIECEWISE_BEZIER_KNOTS.);
#1216 = CARTESIAN_POINT('',(5.343508608505E-02,0.63,0.328267239656));
#1217 = CARTESIAN_POINT('',(5.343508608505E-02,0.63,0.310481595803));
#1218 = CARTESIAN_POINT('',(6.688276015229E-02,0.63,0.295732528318));
#1219 = CARTESIAN_POINT('',(8.466841227893E-02,0.63,0.294431143174));
#1220 = ORIENTED_EDGE('',*,*,#1221,.F.);
#1221 = EDGE_CURVE('',#1222,#1213,#1224,.T.);
#1222 = VERTEX_POINT('',#1223);
#1223 = CARTESIAN_POINT('',(8.72711825668E-02,0.63,0.362103336138));
#1224 = B_SPLINE_CURVE_WITH_KNOTS('',3,(#1225,#1226,#1227,#1228),
  .UNSPECIFIED.,.F.,.F.,(4,4),(23.,24.),.PIECEWISE_BEZIER_KNOTS.);
#1225 = CARTESIAN_POINT('',(8.72711825668E-02,0.63,0.362103336138));
#1226 = CARTESIAN_POINT('',(6.861795137601E-02,0.63,0.362103336138));
#1227 = CARTESIAN_POINT('',(5.343508608505E-02,0.63,0.346920470847));
#1228 = CARTESIAN_POINT('',(5.343508608505E-02,0.63,0.328267239656));
#1229 = ORIENTED_EDGE('',*,*,#1230,.F.);
#1230 = EDGE_CURVE('',#1231,#1222,#1233,.T.);
#1231 = VERTEX_POINT('',#1232);
#1232 = CARTESIAN_POINT('',(9.074154846663E-02,0.63,0.362103336138));
#1233 = B_SPLINE_CURVE_WITH_KNOTS('',3,(#1234,#1235,#1236,#1237),
  .UNSPECIFIED.,.F.,.F.,(4,4),(22.,23.),.PIECEWISE_BEZIER_KNOTS.);
#1234 = CARTESIAN_POINT('',(9.074154846663E-02,0.63,0.362103336138));
#1235 = CARTESIAN_POINT('',(8.94401633228E-02,0.63,0.362103336138));
#1236 = CARTESIAN_POINT('',(8.857256771084E-02,0.63,0.362103336138));
#1237 = CARTESIAN_POINT('',(8.72711825668E-02,0.63,0.362103336138));
#1238 = ORIENTED_EDGE('',*,*,#1239,.F.);
#1239 = EDGE_CURVE('',#1240,#1231,#1242,.T.);
#1240 = VERTEX_POINT('',#1241);
#1241 = CARTESIAN_POINT('',(0.151473009631,0.63,0.416327855034));
#1242 = B_SPLINE_CURVE_WITH_KNOTS('',3,(#1243,#1244,#1245,#1246),
  .UNSPECIFIED.,.F.,.F.,(4,4),(21.,22.),.PIECEWISE_BEZIER_KNOTS.);
#1243 = CARTESIAN_POINT('',(0.151473009631,0.63,0.416327855034));
#1244 = CARTESIAN_POINT('',(0.120239683437,0.63,0.416327855034));
#1245 = CARTESIAN_POINT('',(9.421191436646E-02,0.63,0.39246906672));
#1246 = CARTESIAN_POINT('',(9.074154846663E-02,0.63,0.362103336138));
#1247 = ORIENTED_EDGE('',*,*,#1248,.F.);
#1248 = EDGE_CURVE('',#1249,#1240,#1251,.T.);
#1249 = VERTEX_POINT('',#1250);
#1250 = CARTESIAN_POINT('',(0.209601683959,0.63,0.374683447689));
#1251 = B_SPLINE_CURVE_WITH_KNOTS('',3,(#1252,#1253,#1254,#1255),
  .UNSPECIFIED.,.F.,.F.,(4,4),(20.,21.),.PIECEWISE_BEZIER_KNOTS.);
#1252 = CARTESIAN_POINT('',(0.209601683959,0.63,0.374683447689));
#1253 = CARTESIAN_POINT('',(0.201359567016,0.63,0.398976008987));
#1254 = CARTESIAN_POINT('',(0.178802163845,0.63,0.416327855034));
#1255 = CARTESIAN_POINT('',(0.151473009631,0.63,0.416327855034));
#1256 = ORIENTED_EDGE('',*,*,#1257,.F.);
#1257 = EDGE_CURVE('',#1258,#1249,#1260,.T.);
#1258 = VERTEX_POINT('',#1259);
#1259 = CARTESIAN_POINT('',(0.232592876662,0.63,0.381190389956));
#1260 = B_SPLINE_CURVE_WITH_KNOTS('',3,(#1261,#1262,#1263,#1264),
  .UNSPECIFIED.,.F.,.F.,(4,4),(19.,20.),.PIECEWISE_BEZIER_KNOTS.);
#1261 = CARTESIAN_POINT('',(0.232592876662,0.63,0.381190389956));
#1262 = CARTESIAN_POINT('',(0.224350751444,0.63,0.381190389956));
#1263 = CARTESIAN_POINT('',(0.216108626226,0.63,0.378587611395));
#1264 = CARTESIAN_POINT('',(0.209601683959,0.63,0.374683447689));
#1265 = ORIENTED_EDGE('',*,*,#1266,.F.);
#1266 = EDGE_CURVE('',#1267,#1258,#1269,.T.);
#1267 = VERTEX_POINT('',#1268);
#1268 = CARTESIAN_POINT('',(0.275972491779,0.63,0.337810774839));
#1269 = B_SPLINE_CURVE_WITH_KNOTS('',3,(#1270,#1271,#1272,#1273),
  .UNSPECIFIED.,.F.,.F.,(4,4),(18.,19.),.PIECEWISE_BEZIER_KNOTS.);
#1270 = CARTESIAN_POINT('',(0.275972491779,0.63,0.337810774839));
#1271 = CARTESIAN_POINT('',(0.275972491779,0.63,0.361669563154));
#1272 = CARTESIAN_POINT('',(0.256451664976,0.63,0.381190389956));
#1273 = CARTESIAN_POINT('',(0.232592876662,0.63,0.381190389956));
#1274 = ORIENTED_EDGE('',*,*,#1275,.F.);
#1275 = EDGE_CURVE('',#1276,#1267,#1278,.T.);
#1276 = VERTEX_POINT('',#1277);
#1277 = CARTESIAN_POINT('',(0.249944722708,0.63,0.297901525622));
#1278 = B_SPLINE_CURVE_WITH_KNOTS('',3,(#1279,#1280,#1281,#1282),
  .UNSPECIFIED.,.F.,.F.,(4,4),(17.,18.),.PIECEWISE_BEZIER_KNOTS.);
#1279 = CARTESIAN_POINT('',(0.249944722708,0.63,0.297901525622));
#1280 = CARTESIAN_POINT('',(0.265127587999,0.63,0.304842265695));
#1281 = CARTESIAN_POINT('',(0.275972491779,0.63,0.320025130986));
#1282 = CARTESIAN_POINT('',(0.275972491779,0.63,0.337810774839));
#1283 = ORIENTED_EDGE('',*,*,#1284,.F.);
#1284 = EDGE_CURVE('',#1285,#1276,#1287,.T.);
#1285 = VERTEX_POINT('',#1286);
#1286 = CARTESIAN_POINT('',(0.209167886153,0.63,0.326532073254));
#1287 = B_SPLINE_CURVE_WITH_KNOTS('',3,(#1288,#1289,#1290,#1291),
  .UNSPECIFIED.,.F.,.F.,(4,4),(16.,17.),.PIECEWISE_BEZIER_KNOTS.);
#1288 = CARTESIAN_POINT('',(0.209167886153,0.63,0.326532073254));
#1289 = CARTESIAN_POINT('',(0.227821125618,0.63,0.326532073254));
#1290 = CARTESIAN_POINT('',(0.243871578247,0.63,0.314385784331));
#1291 = CARTESIAN_POINT('',(0.249944722708,0.63,0.297901525622));
#1292 = ORIENTED_EDGE('',*,*,#1293,.F.);
#1293 = EDGE_CURVE('',#1294,#1285,#1296,.T.);
#1294 = VERTEX_POINT('',#1295);
#1295 = CARTESIAN_POINT('',(0.176633174815,0.63,0.311783005769));
#1296 = B_SPLINE_CURVE_WITH_KNOTS('',3,(#1297,#1298,#1299,#1300),
  .UNSPECIFIED.,.F.,.F.,(4,4),(15.,16.),.PIECEWISE_BEZIER_KNOTS.);
#1297 = CARTESIAN_POINT('',(0.176633174815,0.63,0.311783005769));
#1298 = CARTESIAN_POINT('',(0.184441502227,0.63,0.320892726598));
#1299 = CARTESIAN_POINT('',(0.196154001618,0.63,0.326532073254));
#1300 = CARTESIAN_POINT('',(0.209167886153,0.63,0.326532073254));
#1301 = ORIENTED_EDGE('',*,*,#1302,.F.);
#1302 = EDGE_CURVE('',#1303,#1294,#1305,.T.);
#1303 = VERTEX_POINT('',#1304);
#1304 = CARTESIAN_POINT('',(0.118504492213,0.63,0.342148736351));
#1305 = B_SPLINE_CURVE_WITH_KNOTS('',1,(#1306,#1307),.UNSPECIFIED.,.F.,
  .F.,(2,2),(0.,6.558217238577E-02),.PIECEWISE_BEZIER_KNOTS.);
#1306 = CARTESIAN_POINT('',(0.118504492213,0.63,0.342148736351));
#1307 = CARTESIAN_POINT('',(0.176633174815,0.63,0.311783005769));
#1308 = ORIENTED_EDGE('',*,*,#1309,.F.);
#1309 = EDGE_CURVE('',#1310,#1303,#1312,.T.);
#1310 = VERTEX_POINT('',#1311);
#1311 = CARTESIAN_POINT('',(0.105056818146,0.63,0.319157535374));
#1312 = B_SPLINE_CURVE_WITH_KNOTS('',1,(#1313,#1314),.UNSPECIFIED.,.F.,
  .F.,(2,2),(0.,2.663522592649E-02),.PIECEWISE_BEZIER_KNOTS.);
#1313 = CARTESIAN_POINT('',(0.105056818146,0.63,0.319157535374));
#1314 = CARTESIAN_POINT('',(0.118504492213,0.63,0.342148736351));
#1315 = ORIENTED_EDGE('',*,*,#1316,.F.);
#1316 = EDGE_CURVE('',#1317,#1310,#1319,.T.);
#1317 = VERTEX_POINT('',#1318);
#1318 = CARTESIAN_POINT('',(0.16578827931,0.63,0.287056621843));
#1319 = B_SPLINE_CURVE_WITH_KNOTS('',1,(#1320,#1321),.UNSPECIFIED.,.F.,
  .F.,(2,2),(2.4538564243E-17,6.869336958323E-02),
  .PIECEWISE_BEZIER_KNOTS.);
#1320 = CARTESIAN_POINT('',(0.16578827931,0.63,0.287056621843));
#1321 = CARTESIAN_POINT('',(0.105056818146,0.63,0.319157535374));
#1322 = ORIENTED_EDGE('',*,*,#1323,.F.);
#1323 = EDGE_CURVE('',#1324,#1317,#1326,.T.);
#1324 = VERTEX_POINT('',#1325);
#1325 = CARTESIAN_POINT('',(0.16578827931,0.63,0.282718660331));
#1326 = B_SPLINE_CURVE_WITH_KNOTS('',3,(#1327,#1328,#1329,#1330),
  .UNSPECIFIED.,.F.,.F.,(4,4),(11.,12.),.PIECEWISE_BEZIER_KNOTS.);
#1327 = CARTESIAN_POINT('',(0.16578827931,0.63,0.282718660331));
#1328 = CARTESIAN_POINT('',(0.16578827931,0.63,0.284020045475));
#1329 = CARTESIAN_POINT('',(0.16578827931,0.63,0.285321430619));
#1330 = CARTESIAN_POINT('',(0.16578827931,0.63,0.287056621843));
#1331 = ORIENTED_EDGE('',*,*,#1332,.F.);
#1332 = EDGE_CURVE('',#1333,#1324,#1335,.T.);
#1333 = VERTEX_POINT('',#1334);
#1334 = CARTESIAN_POINT('',(0.209167894427,0.63,0.239339045214));
#1335 = B_SPLINE_CURVE_WITH_KNOTS('',3,(#1336,#1337,#1338,#1339),
  .UNSPECIFIED.,.F.,.F.,(4,4),(10.,11.),.PIECEWISE_BEZIER_KNOTS.);
#1336 = CARTESIAN_POINT('',(0.209167894427,0.63,0.239339045214));
#1337 = CARTESIAN_POINT('',(0.185309106113,0.63,0.239339045214));
#1338 = CARTESIAN_POINT('',(0.16578827931,0.63,0.258859872016));
#1339 = CARTESIAN_POINT('',(0.16578827931,0.63,0.282718660331));
#1340 = ORIENTED_EDGE('',*,*,#1341,.F.);
#1341 = EDGE_CURVE('',#1342,#1333,#1344,.T.);
#1342 = VERTEX_POINT('',#1343);
#1343 = CARTESIAN_POINT('',(0.250378532925,0.63,0.268837180184));
#1344 = B_SPLINE_CURVE_WITH_KNOTS('',3,(#1345,#1346,#1347,#1348),
  .UNSPECIFIED.,.F.,.F.,(4,4),(9.,10.),.PIECEWISE_BEZIER_KNOTS.);
#1345 = CARTESIAN_POINT('',(0.250378532925,0.63,0.268837180184));
#1346 = CARTESIAN_POINT('',(0.244739182133,0.63,0.251485334137));
#1347 = CARTESIAN_POINT('',(0.228254931698,0.63,0.239339045214));
#1348 = CARTESIAN_POINT('',(0.209167894427,0.63,0.239339045214));
#1349 = ORIENTED_EDGE('',*,*,#1350,.F.);
#1350 = EDGE_CURVE('',#1351,#1342,#1353,.T.);
#1351 = VERTEX_POINT('',#1352);
#1352 = CARTESIAN_POINT('',(0.285082225019,0.63,0.28965939213));
#1353 = B_SPLINE_CURVE_WITH_KNOTS('',3,(#1354,#1355,#1356,#1357),
  .UNSPECIFIED.,.F.,.F.,(4,4),(8.,9.),.PIECEWISE_BEZIER_KNOTS.);
#1354 = CARTESIAN_POINT('',(0.285082225019,0.63,0.28965939213));
#1355 = CARTESIAN_POINT('',(0.275538710521,0.63,0.279248277883));
#1356 = CARTESIAN_POINT('',(0.26382621113,0.63,0.272307546084));
#1357 = CARTESIAN_POINT('',(0.250378532925,0.63,0.268837180184));
#1358 = ORIENTED_EDGE('',*,*,#1359,.F.);
#1359 = EDGE_CURVE('',#1360,#1351,#1362,.T.);
#1360 = VERTEX_POINT('',#1361);
#1361 = CARTESIAN_POINT('',(0.303301662541,0.63,0.336943162679));
#1362 = B_SPLINE_CURVE_WITH_KNOTS('',3,(#1363,#1364,#1365,#1366),
  .UNSPECIFIED.,.F.,.F.,(4,4),(7.,8.),.PIECEWISE_BEZIER_KNOTS.);
#1363 = CARTESIAN_POINT('',(0.303301662541,0.63,0.336943162679));
#1364 = CARTESIAN_POINT('',(0.303301662541,0.63,0.319591316632));
#1365 = CARTESIAN_POINT('',(0.296794720274,0.63,0.302673260117));
#1366 = CARTESIAN_POINT('',(0.285082225019,0.63,0.28965939213));
#1367 = ORIENTED_EDGE('',*,*,#1368,.F.);
#1368 = EDGE_CURVE('',#1369,#1360,#1371,.T.);
#1369 = VERTEX_POINT('',#1370);
#1370 = CARTESIAN_POINT('',(0.282913231852,0.63,0.386395918121));
#1371 = B_SPLINE_CURVE_WITH_KNOTS('',3,(#1372,#1373,#1374,#1375),
  .UNSPECIFIED.,.F.,.F.,(4,4),(6.,7.),.PIECEWISE_BEZIER_KNOTS.);
#1372 = CARTESIAN_POINT('',(0.282913231852,0.63,0.386395918121));
#1373 = CARTESIAN_POINT('',(0.295927127764,0.63,0.373382037723));
#1374 = CARTESIAN_POINT('',(0.303301662541,0.63,0.35559639387));
#1375 = CARTESIAN_POINT('',(0.303301662541,0.63,0.336943162679));
#1376 = ORIENTED_EDGE('',*,*,#1377,.F.);
#1377 = EDGE_CURVE('',#1378,#1369,#1380,.T.);
#1378 = VERTEX_POINT('',#1379);
#1379 = CARTESIAN_POINT('',(0.233026674468,0.63,0.407218134205));
#1380 = B_SPLINE_CURVE_WITH_KNOTS('',3,(#1381,#1382,#1383,#1384),
  .UNSPECIFIED.,.F.,.F.,(4,4),(5.,6.),.PIECEWISE_BEZIER_KNOTS.);
#1381 = CARTESIAN_POINT('',(0.233026674468,0.63,0.407218134205));
#1382 = CARTESIAN_POINT('',(0.251679909795,0.63,0.407218134205));
#1383 = CARTESIAN_POINT('',(0.269465549511,0.63,0.399843600463));
#1384 = CARTESIAN_POINT('',(0.282913231852,0.63,0.386395918121));
#1385 = ORIENTED_EDGE('',*,*,#1386,.F.);
#1386 = EDGE_CURVE('',#1387,#1378,#1389,.T.);
#1387 = VERTEX_POINT('',#1388);
#1388 = CARTESIAN_POINT('',(0.2230493663,0.63,0.40635054273));
#1389 = B_SPLINE_CURVE_WITH_KNOTS('',3,(#1390,#1391,#1392,#1393),
  .UNSPECIFIED.,.F.,.F.,(4,4),(4.,5.),.PIECEWISE_BEZIER_KNOTS.);
#1390 = CARTESIAN_POINT('',(0.2230493663,0.63,0.40635054273));
#1391 = CARTESIAN_POINT('',(0.2265197322,0.63,0.406784340536));
#1392 = CARTESIAN_POINT('',(0.229556308568,0.63,0.407218134205));
#1393 = CARTESIAN_POINT('',(0.233026674468,0.63,0.407218134205));
#1394 = ORIENTED_EDGE('',*,*,#1395,.F.);
#1395 = EDGE_CURVE('',#1396,#1387,#1398,.T.);
#1396 = VERTEX_POINT('',#1397);
#1397 = CARTESIAN_POINT('',(0.203962337303,0.63,0.425437573795));
#1398 = B_SPLINE_CURVE_WITH_KNOTS('',3,(#1399,#1400,#1401,#1402),
  .UNSPECIFIED.,.F.,.F.,(4,4),(3.,4.),.PIECEWISE_BEZIER_KNOTS.);
#1399 = CARTESIAN_POINT('',(0.203962337303,0.63,0.425437573795));
#1400 = CARTESIAN_POINT('',(0.211336875183,0.63,0.42023201874));
#1401 = CARTESIAN_POINT('',(0.217410019644,0.63,0.413725076472));
#1402 = CARTESIAN_POINT('',(0.2230493663,0.63,0.40635054273));
#1403 = ORIENTED_EDGE('',*,*,#1404,.F.);
#1404 = EDGE_CURVE('',#1405,#1396,#1407,.T.);
#1405 = VERTEX_POINT('',#1406);
#1406 = CARTESIAN_POINT('',(0.151906799163,0.63,0.442355624104));
#1407 = B_SPLINE_CURVE_WITH_KNOTS('',3,(#1408,#1409,#1410,#1411),
  .UNSPECIFIED.,.F.,.F.,(4,4),(2.,3.),.PIECEWISE_BEZIER_KNOTS.);
#1408 = CARTESIAN_POINT('',(0.151906799163,0.63,0.442355624104));
#1409 = CARTESIAN_POINT('',(0.170993828159,0.63,0.442355624104));
#1410 = CARTESIAN_POINT('',(0.188779472012,0.63,0.436282478091));
#1411 = CARTESIAN_POINT('',(0.203962337303,0.63,0.425437573795));
#1412 = ORIENTED_EDGE('',*,*,#1413,.F.);
#1413 = EDGE_CURVE('',#1136,#1405,#1414,.T.);
#1414 = B_SPLINE_CURVE_WITH_KNOTS('',3,(#1415,#1416,#1417,#1418),
  .UNSPECIFIED.,.F.,.F.,(4,4),(1.,2.),.PIECEWISE_BEZIER_KNOTS.);
#1415 = CARTESIAN_POINT('',(9.291052922242E-02,0.63,0.419798223002));
#1416 = CARTESIAN_POINT('',(0.109394779657,0.63,0.434113497336));
#1417 = CARTESIAN_POINT('',(0.130216991604,0.63,0.442355624104));
#1418 = CARTESIAN_POINT('',(0.151906799163,0.63,0.442355624104));
#1419 = B_SPLINE_SURFACE_WITH_KNOTS('',1,1,(
    (#1420,#1421)
    ,(#1422,#1423
    )),.UNSPECIFIED.,.F.,.F.,.F.,(2,2),(2,2),(-1.21,-5.E-02),(
    0.323503492355,1.476496507645),.PIECEWISE_BEZIER_KNOTS.);
#1420 = CARTESIAN_POINT('',(-0.576496507645,0.63,7.00001E-02));
#1421 = CARTESIAN_POINT('',(0.576496507645,0.63,7.00001E-02));
#1422 = CARTESIAN_POINT('',(-0.576496507645,0.63,1.2300001));
#1423 = CARTESIAN_POINT('',(0.576496507645,0.63,1.2300001));
#1424 = ADVANCED_FACE('',(#1425,#1483,#1515,#1586,#1672,#1848),#1892,.T.
  );
#1425 = FACE_BOUND('',#1426,.T.);
#1426 = EDGE_LOOP('',(#1427,#1436,#1443,#1450,#1457,#1464,#1471,#1478));
#1427 = ORIENTED_EDGE('',*,*,#1428,.T.);
#1428 = EDGE_CURVE('',#1429,#1431,#1433,.T.);
#1429 = VERTEX_POINT('',#1430);
#1430 = CARTESIAN_POINT('',(-0.158581016777,4.453615376E-02,2.00001E-02)
  );
#1431 = VERTEX_POINT('',#1432);
#1432 = CARTESIAN_POINT('',(-0.171995650924,4.453615376E-02,2.00001E-02)
  );
#1433 = B_SPLINE_CURVE_WITH_KNOTS('',1,(#1434,#1435),.UNSPECIFIED.,.F.,
  .F.,(2,2),(0.,1.341463414634E-02),.PIECEWISE_BEZIER_KNOTS.);
#1434 = CARTESIAN_POINT('',(-0.158581016777,4.453615376E-02,2.00001E-02)
  );
#1435 = CARTESIAN_POINT('',(-0.171995650924,4.453615376E-02,2.00001E-02)
  );
#1436 = ORIENTED_EDGE('',*,*,#1437,.T.);
#1437 = EDGE_CURVE('',#1431,#1438,#1440,.T.);
#1438 = VERTEX_POINT('',#1439);
#1439 = CARTESIAN_POINT('',(-0.211020041168,-5.546384624E-02,2.00001E-02
    ));
#1440 = B_SPLINE_CURVE_WITH_KNOTS('',1,(#1441,#1442),.UNSPECIFIED.,.F.,
  .F.,(2,2),(5.67581115939E-18,0.107344785779),
  .PIECEWISE_BEZIER_KNOTS.);
#1441 = CARTESIAN_POINT('',(-0.171995650924,4.453615376E-02,2.00001E-02)
  );
#1442 = CARTESIAN_POINT('',(-0.211020041168,-5.546384624E-02,2.00001E-02
    ));
#1443 = ORIENTED_EDGE('',*,*,#1444,.T.);
#1444 = EDGE_CURVE('',#1438,#1445,#1447,.T.);
#1445 = VERTEX_POINT('',#1446);
#1446 = CARTESIAN_POINT('',(-0.196385894826,-5.546384624E-02,2.00001E-02
    ));
#1447 = B_SPLINE_CURVE_WITH_KNOTS('',1,(#1448,#1449),.UNSPECIFIED.,.F.,
  .F.,(2,2),(0.,1.463414634146E-02),.PIECEWISE_BEZIER_KNOTS.);
#1448 = CARTESIAN_POINT('',(-0.211020041168,-5.546384624E-02,2.00001E-02
    ));
#1449 = CARTESIAN_POINT('',(-0.196385894826,-5.546384624E-02,2.00001E-02
    ));
#1450 = ORIENTED_EDGE('',*,*,#1451,.T.);
#1451 = EDGE_CURVE('',#1445,#1452,#1454,.T.);
#1452 = VERTEX_POINT('',#1453);
#1453 = CARTESIAN_POINT('',(-0.186267754582,-2.741506575219E-02,
    2.00001E-02));
#1454 = B_SPLINE_CURVE_WITH_KNOTS('',1,(#1455,#1456),.UNSPECIFIED.,.F.,
  .F.,(2,2),(0.,2.981796184933E-02),.PIECEWISE_BEZIER_KNOTS.);
#1455 = CARTESIAN_POINT('',(-0.196385894826,-5.546384624E-02,2.00001E-02
    ));
#1456 = CARTESIAN_POINT('',(-0.186267754582,-2.741506575219E-02,
    2.00001E-02));
#1457 = ORIENTED_EDGE('',*,*,#1458,.T.);
#1458 = EDGE_CURVE('',#1452,#1459,#1461,.T.);
#1459 = VERTEX_POINT('',#1460);
#1460 = CARTESIAN_POINT('',(-0.144956778973,-2.741506575219E-02,
    2.00001E-02));
#1461 = B_SPLINE_CURVE_WITH_KNOTS('',1,(#1462,#1463),.UNSPECIFIED.,.F.,
  .F.,(2,2),(0.,4.131097560976E-02),.PIECEWISE_BEZIER_KNOTS.);
#1462 = CARTESIAN_POINT('',(-0.186267754582,-2.741506575219E-02,
    2.00001E-02));
#1463 = CARTESIAN_POINT('',(-0.144956778973,-2.741506575219E-02,
    2.00001E-02));
#1464 = ORIENTED_EDGE('',*,*,#1465,.T.);
#1465 = EDGE_CURVE('',#1459,#1466,#1468,.T.);
#1466 = VERTEX_POINT('',#1467);
#1467 = CARTESIAN_POINT('',(-0.13541028507,-5.546384624E-02,2.00001E-02)
  );
#1468 = B_SPLINE_CURVE_WITH_KNOTS('',1,(#1469,#1470),.UNSPECIFIED.,.F.,
  .F.,(2,2),(0.,2.962886485646E-02),.PIECEWISE_BEZIER_KNOTS.);
#1469 = CARTESIAN_POINT('',(-0.144956778973,-2.741506575219E-02,
    2.00001E-02));
#1470 = CARTESIAN_POINT('',(-0.13541028507,-5.546384624E-02,2.00001E-02)
  );
#1471 = ORIENTED_EDGE('',*,*,#1472,.T.);
#1472 = EDGE_CURVE('',#1466,#1473,#1475,.T.);
#1473 = VERTEX_POINT('',#1474);
#1474 = CARTESIAN_POINT('',(-0.120776138729,-5.546384624E-02,2.00001E-02
    ));
#1475 = B_SPLINE_CURVE_WITH_KNOTS('',1,(#1476,#1477),.UNSPECIFIED.,.F.,
  .F.,(2,2),(0.,1.463414634146E-02),.PIECEWISE_BEZIER_KNOTS.);
#1476 = CARTESIAN_POINT('',(-0.13541028507,-5.546384624E-02,2.00001E-02)
  );
#1477 = CARTESIAN_POINT('',(-0.120776138729,-5.546384624E-02,2.00001E-02
    ));
#1478 = ORIENTED_EDGE('',*,*,#1479,.T.);
#1479 = EDGE_CURVE('',#1473,#1429,#1480,.T.);
#1480 = B_SPLINE_CURVE_WITH_KNOTS('',1,(#1481,#1482),.UNSPECIFIED.,.F.,
  .F.,(2,2),(0.,0.106907477775),.PIECEWISE_BEZIER_KNOTS.);
#1481 = CARTESIAN_POINT('',(-0.120776138729,-5.546384624E-02,2.00001E-02
    ));
#1482 = CARTESIAN_POINT('',(-0.158581016777,4.453615376E-02,2.00001E-02)
  );
#1483 = FACE_BOUND('',#1484,.T.);
#1484 = EDGE_LOOP('',(#1485,#1495,#1502,#1510));
#1485 = ORIENTED_EDGE('',*,*,#1486,.F.);
#1486 = EDGE_CURVE('',#1487,#1489,#1491,.T.);
#1487 = VERTEX_POINT('',#1488);
#1488 = CARTESIAN_POINT('',(-0.576496507644,0.58,2.00001E-02));
#1489 = VERTEX_POINT('',#1490);
#1490 = CARTESIAN_POINT('',(-0.576496507644,-0.58,2.00001E-02));
#1491 = ( BOUNDED_CURVE() B_SPLINE_CURVE(2,(#1492,#1493,#1494),
.UNSPECIFIED.,.F.,.F.) B_SPLINE_CURVE_WITH_KNOTS((3,3),(1.308528998522,
1.833063655067),.PIECEWISE_BEZIER_KNOTS.) CURVE() 
GEOMETRIC_REPRESENTATION_ITEM() RATIONAL_B_SPLINE_CURVE((1.,
0.965804608633,1.)) REPRESENTATION_ITEM('') );
#1492 = CARTESIAN_POINT('',(-0.576496507644,0.58,2.00001E-02));
#1493 = CARTESIAN_POINT('',(-0.420795048025,-2.026575158293E-15,
    2.00001E-02));
#1494 = CARTESIAN_POINT('',(-0.576496507644,-0.58,2.00001E-02));
#1495 = ORIENTED_EDGE('',*,*,#1496,.T.);
#1496 = EDGE_CURVE('',#1487,#1497,#1499,.T.);
#1497 = VERTEX_POINT('',#1498);
#1498 = CARTESIAN_POINT('',(0.576496507644,0.58,2.00001E-02));
#1499 = B_SPLINE_CURVE_WITH_KNOTS('',1,(#1500,#1501),.UNSPECIFIED.,.F.,
  .F.,(2,2),(0.323503492356,1.476496507644),.PIECEWISE_BEZIER_KNOTS.);
#1500 = CARTESIAN_POINT('',(-0.576496507644,0.58,2.00001E-02));
#1501 = CARTESIAN_POINT('',(0.576496507644,0.58,2.00001E-02));
#1502 = ORIENTED_EDGE('',*,*,#1503,.T.);
#1503 = EDGE_CURVE('',#1497,#1504,#1506,.T.);
#1504 = VERTEX_POINT('',#1505);
#1505 = CARTESIAN_POINT('',(0.576496507644,-0.58,2.00001E-02));
#1506 = ( BOUNDED_CURVE() B_SPLINE_CURVE(2,(#1507,#1508,#1509),
.UNSPECIFIED.,.F.,.F.) B_SPLINE_CURVE_WITH_KNOTS((3,3),(1.308528998522,
1.833063655067),.PIECEWISE_BEZIER_KNOTS.) CURVE() 
GEOMETRIC_REPRESENTATION_ITEM() RATIONAL_B_SPLINE_CURVE((1.,
0.965804608633,1.)) REPRESENTATION_ITEM('') );
#1507 = CARTESIAN_POINT('',(0.576496507644,0.58,2.00001E-02));
#1508 = CARTESIAN_POINT('',(0.420795048025,-2.026575158293E-15,
    2.00001E-02));
#1509 = CARTESIAN_POINT('',(0.576496507644,-0.58,2.00001E-02));
#1510 = ORIENTED_EDGE('',*,*,#1511,.T.);
#1511 = EDGE_CURVE('',#1504,#1489,#1512,.T.);
#1512 = B_SPLINE_CURVE_WITH_KNOTS('',1,(#1513,#1514),.UNSPECIFIED.,.F.,
  .F.,(2,2),(-1.476496507644,-0.323503492356),.PIECEWISE_BEZIER_KNOTS.);
#1513 = CARTESIAN_POINT('',(0.576496507644,-0.58,2.00001E-02));
#1514 = CARTESIAN_POINT('',(-0.576496507644,-0.58,2.00001E-02));
#1515 = FACE_BOUND('',#1516,.T.);
#1516 = EDGE_LOOP('',(#1517,#1543,#1550,#1557,#1564));
#1517 = ORIENTED_EDGE('',*,*,#1518,.T.);
#1518 = EDGE_CURVE('',#1519,#1521,#1523,.T.);
#1519 = VERTEX_POINT('',#1520);
#1520 = CARTESIAN_POINT('',(-0.113459065558,-4.206224288779E-03,
    2.00001E-02));
#1521 = VERTEX_POINT('',#1522);
#1522 = CARTESIAN_POINT('',(-6.016257165545E-02,-5.546384624E-02,
    2.00001E-02));
#1523 = B_SPLINE_CURVE_WITH_KNOTS('',3,(#1524,#1525,#1526,#1527,#1528,
    #1529,#1530,#1531,#1532,#1533,#1534,#1535,#1536,#1537,#1538,#1539,
    #1540,#1541,#1542),.UNSPECIFIED.,.F.,.F.,(4,1,1,1,1,1,1,1,1,1,1,1,1,
    1,1,1,4),(0.,6.806869584499E-02,0.133427432819,0.196146033813,
    0.257048592449,0.316882663159,0.376187208666,0.435960335364,
    0.496535236863,0.557465343481,0.61768686341,0.677943640697,
    0.738805284806,0.800949336767,0.86481466747,0.931024781079,1.),
  .UNSPECIFIED.);
#1524 = CARTESIAN_POINT('',(-0.113459065558,-4.206224288779E-03,
    2.00001E-02));
#1525 = CARTESIAN_POINT('',(-0.113418678838,-6.094982739414E-03,
    2.00001E-02));
#1526 = CARTESIAN_POINT('',(-0.113339513278,-9.797304168595E-03,
    2.00001E-02));
#1527 = CARTESIAN_POINT('',(-0.112615935415,-1.520052367647E-02,
    2.00001E-02));
#1528 = CARTESIAN_POINT('',(-0.111460865806,-2.032022697069E-02,
    2.00001E-02));
#1529 = CARTESIAN_POINT('',(-0.10983948962,-2.515350545457E-02,
    2.00001E-02));
#1530 = CARTESIAN_POINT('',(-0.107740281009,-2.969687298952E-02,
    2.00001E-02));
#1531 = CARTESIAN_POINT('',(-0.105137575043,-3.393373069185E-02,
    2.00001E-02));
#1532 = CARTESIAN_POINT('',(-0.102101519999,-3.789638320161E-02,
    2.00001E-02));
#1533 = CARTESIAN_POINT('',(-9.861131504222E-02,-4.153053892842E-02,
    2.00001E-02));
#1534 = CARTESIAN_POINT('',(-9.47513998854E-02,-4.478309534328E-02,
    2.00001E-02));
#1535 = CARTESIAN_POINT('',(-9.062391625739E-02,-4.767577656927E-02,
    2.00001E-02));
#1536 = CARTESIAN_POINT('',(-8.619339853139E-02,-5.007920913549E-02,
    2.00001E-02));
#1537 = CARTESIAN_POINT('',(-8.149768768514E-02,-5.204292789679E-02,
    2.00001E-02));
#1538 = CARTESIAN_POINT('',(-7.654499652779E-02,-5.360200320312E-02,
    2.00001E-02));
#1539 = CARTESIAN_POINT('',(-7.131386075452E-02,-5.466350104873E-02,
    2.00001E-02));
#1540 = CARTESIAN_POINT('',(-6.582805470098E-02,-5.536134290957E-02,
    2.00001E-02));
#1541 = CARTESIAN_POINT('',(-6.207664335335E-02,-5.542921570238E-02,
    2.00001E-02));
#1542 = CARTESIAN_POINT('',(-6.016257165545E-02,-5.546384624E-02,
    2.00001E-02));
#1543 = ORIENTED_EDGE('',*,*,#1544,.T.);
#1544 = EDGE_CURVE('',#1521,#1545,#1547,.T.);
#1545 = VERTEX_POINT('',#1546);
#1546 = CARTESIAN_POINT('',(-3.297126067984E-02,-5.546384624E-02,
    2.00001E-02));
#1547 = B_SPLINE_CURVE_WITH_KNOTS('',1,(#1548,#1549),.UNSPECIFIED.,.F.,
  .F.,(2,2),(0.,2.719131097561E-02),.PIECEWISE_BEZIER_KNOTS.);
#1548 = CARTESIAN_POINT('',(-6.016257165545E-02,-5.546384624E-02,
    2.00001E-02));
#1549 = CARTESIAN_POINT('',(-3.297126067984E-02,-5.546384624E-02,
    2.00001E-02));
#1550 = ORIENTED_EDGE('',*,*,#1551,.T.);
#1551 = EDGE_CURVE('',#1545,#1552,#1554,.T.);
#1552 = VERTEX_POINT('',#1553);
#1553 = CARTESIAN_POINT('',(-3.297126067984E-02,4.453615376E-02,
    2.00001E-02));
#1554 = B_SPLINE_CURVE_WITH_KNOTS('',1,(#1555,#1556),.UNSPECIFIED.,.F.,
  .F.,(2,2),(0.,0.1),.PIECEWISE_BEZIER_KNOTS.);
#1555 = CARTESIAN_POINT('',(-3.297126067984E-02,-5.546384624E-02,
    2.00001E-02));
#1556 = CARTESIAN_POINT('',(-3.297126067984E-02,4.453615376E-02,
    2.00001E-02));
#1557 = ORIENTED_EDGE('',*,*,#1558,.T.);
#1558 = EDGE_CURVE('',#1552,#1559,#1561,.T.);
#1559 = VERTEX_POINT('',#1560);
#1560 = CARTESIAN_POINT('',(-6.119153507008E-02,4.453615376E-02,
    2.00001E-02));
#1561 = B_SPLINE_CURVE_WITH_KNOTS('',1,(#1562,#1563),.UNSPECIFIED.,.F.,
  .F.,(2,2),(0.,2.822027439024E-02),.PIECEWISE_BEZIER_KNOTS.);
#1562 = CARTESIAN_POINT('',(-3.297126067984E-02,4.453615376E-02,
    2.00001E-02));
#1563 = CARTESIAN_POINT('',(-6.119153507008E-02,4.453615376E-02,
    2.00001E-02));
#1564 = ORIENTED_EDGE('',*,*,#1565,.T.);
#1565 = EDGE_CURVE('',#1559,#1519,#1566,.T.);
#1566 = B_SPLINE_CURVE_WITH_KNOTS('',3,(#1567,#1568,#1569,#1570,#1571,
    #1572,#1573,#1574,#1575,#1576,#1577,#1578,#1579,#1580,#1581,#1582,
    #1583,#1584,#1585),.UNSPECIFIED.,.F.,.F.,(4,1,1,1,1,1,1,1,1,1,1,1,1,
    1,1,1,4),(0.,6.86311786766E-02,0.134566466039,0.198328154011,
    0.260789766641,0.321999151484,0.382721746503,0.443537474036,
    0.505133429485,0.566213874765,0.626105864618,0.685349322161,
    0.744995870348,0.805415841815,0.867636266346,0.932307782302,1.),
  .UNSPECIFIED.);
#1567 = CARTESIAN_POINT('',(-6.119153507008E-02,4.453615376E-02,
    2.00001E-02));
#1568 = CARTESIAN_POINT('',(-6.302872147672E-02,4.449520456474E-02,
    2.00001E-02));
#1569 = CARTESIAN_POINT('',(-6.663092803884E-02,4.441491469359E-02,
    2.00001E-02));
#1570 = CARTESIAN_POINT('',(-7.191334245746E-02,4.38050191693E-02,
    2.00001E-02));
#1571 = CARTESIAN_POINT('',(-7.695292675844E-02,4.274665218841E-02,
    2.00001E-02));
#1572 = CARTESIAN_POINT('',(-8.176353946149E-02,4.130280231545E-02,
    2.00001E-02));
#1573 = CARTESIAN_POINT('',(-8.635075286635E-02,3.945829986094E-02,
    2.00001E-02));
#1574 = CARTESIAN_POINT('',(-9.067135164684E-02,3.714763068841E-02,
    2.00001E-02));
#1575 = CARTESIAN_POINT('',(-9.47727420523E-02,3.445110182852E-02,
    2.00001E-02));
#1576 = CARTESIAN_POINT('',(-9.860155329907E-02,3.136286500013E-02,
    2.00001E-02));
#1577 = CARTESIAN_POINT('',(-0.102091380855,2.792904955135E-02,
    2.00001E-02));
#1578 = CARTESIAN_POINT('',(-0.105133592946,2.417358218505E-02,
    2.00001E-02));
#1579 = CARTESIAN_POINT('',(-0.10773819898,2.014669172475E-02,
    2.00001E-02));
#1580 = CARTESIAN_POINT('',(-0.109834221409,1.581653793942E-02,
    2.00001E-02));
#1581 = CARTESIAN_POINT('',(-0.111461720254,1.120645169733E-02,
    2.00001E-02));
#1582 = CARTESIAN_POINT('',(-0.112614201669,6.31977590261E-03,
    2.00001E-02));
#1583 = CARTESIAN_POINT('',(-0.113341096439,1.150975793918E-03,
    2.00001E-02));
#1584 = CARTESIAN_POINT('',(-0.113419148769,-2.393527631681E-03,
    2.00001E-02));
#1585 = CARTESIAN_POINT('',(-0.113459065558,-4.206224288779E-03,
    2.00001E-02));
#1586 = FACE_BOUND('',#1587,.T.);
#1587 = EDGE_LOOP('',(#1588,#1597,#1604,#1611,#1618,#1625,#1632,#1639,
    #1646,#1653,#1660,#1667));
#1588 = ORIENTED_EDGE('',*,*,#1589,.T.);
#1589 = EDGE_CURVE('',#1590,#1592,#1594,.T.);
#1590 = VERTEX_POINT('',#1591);
#1591 = CARTESIAN_POINT('',(2.678483688114E-02,-4.44882364839E-02,
    2.00001E-02));
#1592 = VERTEX_POINT('',#1593);
#1593 = CARTESIAN_POINT('',(-1.345906555789E-02,-4.44882364839E-02,
    2.00001E-02));
#1594 = B_SPLINE_CURVE_WITH_KNOTS('',1,(#1595,#1596),.UNSPECIFIED.,.F.,
  .F.,(2,2),(0.,4.024390243902E-02),.PIECEWISE_BEZIER_KNOTS.);
#1595 = CARTESIAN_POINT('',(2.678483688114E-02,-4.44882364839E-02,
    2.00001E-02));
#1596 = CARTESIAN_POINT('',(-1.345906555789E-02,-4.44882364839E-02,
    2.00001E-02));
#1597 = ORIENTED_EDGE('',*,*,#1598,.T.);
#1598 = EDGE_CURVE('',#1592,#1599,#1601,.T.);
#1599 = VERTEX_POINT('',#1600);
#1600 = CARTESIAN_POINT('',(-1.345906555789E-02,-5.546384624E-02,
    2.00001E-02));
#1601 = B_SPLINE_CURVE_WITH_KNOTS('',1,(#1602,#1603),.UNSPECIFIED.,.F.,
  .F.,(2,2),(1.387778780781E-17,1.09756097561E-02),
  .PIECEWISE_BEZIER_KNOTS.);
#1602 = CARTESIAN_POINT('',(-1.345906555789E-02,-4.44882364839E-02,
    2.00001E-02));
#1603 = CARTESIAN_POINT('',(-1.345906555789E-02,-5.546384624E-02,
    2.00001E-02));
#1604 = ORIENTED_EDGE('',*,*,#1605,.T.);
#1605 = EDGE_CURVE('',#1599,#1606,#1608,.T.);
#1606 = VERTEX_POINT('',#1607);
#1607 = CARTESIAN_POINT('',(4.019947102748E-02,-5.546384624E-02,
    2.00001E-02));
#1608 = B_SPLINE_CURVE_WITH_KNOTS('',1,(#1609,#1610),.UNSPECIFIED.,.F.,
  .F.,(2,2),(0.,5.365853658537E-02),.PIECEWISE_BEZIER_KNOTS.);
#1609 = CARTESIAN_POINT('',(-1.345906555789E-02,-5.546384624E-02,
    2.00001E-02));
#1610 = CARTESIAN_POINT('',(4.019947102748E-02,-5.546384624E-02,
    2.00001E-02));
#1611 = ORIENTED_EDGE('',*,*,#1612,.T.);
#1612 = EDGE_CURVE('',#1606,#1613,#1615,.T.);
#1613 = VERTEX_POINT('',#1614);
#1614 = CARTESIAN_POINT('',(4.019947102748E-02,4.453615376E-02,
    2.00001E-02));
#1615 = B_SPLINE_CURVE_WITH_KNOTS('',1,(#1616,#1617),.UNSPECIFIED.,.F.,
  .F.,(2,2),(0.,0.1),.PIECEWISE_BEZIER_KNOTS.);
#1616 = CARTESIAN_POINT('',(4.019947102748E-02,-5.546384624E-02,
    2.00001E-02));
#1617 = CARTESIAN_POINT('',(4.019947102748E-02,4.453615376E-02,
    2.00001E-02));
#1618 = ORIENTED_EDGE('',*,*,#1619,.T.);
#1619 = EDGE_CURVE('',#1613,#1620,#1622,.T.);
#1620 = VERTEX_POINT('',#1621);
#1621 = CARTESIAN_POINT('',(-1.102004116764E-02,4.453615376E-02,
    2.00001E-02));
#1622 = B_SPLINE_CURVE_WITH_KNOTS('',1,(#1623,#1624),.UNSPECIFIED.,.F.,
  .F.,(2,2),(0.,5.121951219512E-02),.PIECEWISE_BEZIER_KNOTS.);
#1623 = CARTESIAN_POINT('',(4.019947102748E-02,4.453615376E-02,
    2.00001E-02));
#1624 = CARTESIAN_POINT('',(-1.102004116764E-02,4.453615376E-02,
    2.00001E-02));
#1625 = ORIENTED_EDGE('',*,*,#1626,.T.);
#1626 = EDGE_CURVE('',#1620,#1627,#1629,.T.);
#1627 = VERTEX_POINT('',#1628);
#1628 = CARTESIAN_POINT('',(-1.102004116764E-02,3.35605440039E-02,
    2.00001E-02));
#1629 = B_SPLINE_CURVE_WITH_KNOTS('',1,(#1630,#1631),.UNSPECIFIED.,.F.,
  .F.,(2,2),(0.,1.09756097561E-02),.PIECEWISE_BEZIER_KNOTS.);
#1630 = CARTESIAN_POINT('',(-1.102004116764E-02,4.453615376E-02,
    2.00001E-02));
#1631 = CARTESIAN_POINT('',(-1.102004116764E-02,3.35605440039E-02,
    2.00001E-02));
#1632 = ORIENTED_EDGE('',*,*,#1633,.T.);
#1633 = EDGE_CURVE('',#1627,#1634,#1636,.T.);
#1634 = VERTEX_POINT('',#1635);
#1635 = CARTESIAN_POINT('',(2.678483688114E-02,3.35605440039E-02,
    2.00001E-02));
#1636 = B_SPLINE_CURVE_WITH_KNOTS('',1,(#1637,#1638),.UNSPECIFIED.,.F.,
  .F.,(2,2),(0.,3.780487804878E-02),.PIECEWISE_BEZIER_KNOTS.);
#1637 = CARTESIAN_POINT('',(-1.102004116764E-02,3.35605440039E-02,
    2.00001E-02));
#1638 = CARTESIAN_POINT('',(2.678483688114E-02,3.35605440039E-02,
    2.00001E-02));
#1639 = ORIENTED_EDGE('',*,*,#1640,.T.);
#1640 = EDGE_CURVE('',#1634,#1641,#1643,.T.);
#1641 = VERTEX_POINT('',#1642);
#1642 = CARTESIAN_POINT('',(2.678483688114E-02,6.337147356112E-04,
    2.00001E-02));
#1643 = B_SPLINE_CURVE_WITH_KNOTS('',1,(#1644,#1645),.UNSPECIFIED.,.F.,
  .F.,(2,2),(0.,3.292682926829E-02),.PIECEWISE_BEZIER_KNOTS.);
#1644 = CARTESIAN_POINT('',(2.678483688114E-02,3.35605440039E-02,
    2.00001E-02));
#1645 = CARTESIAN_POINT('',(2.678483688114E-02,6.337147356111E-04,
    2.00001E-02));
#1646 = ORIENTED_EDGE('',*,*,#1647,.T.);
#1647 = EDGE_CURVE('',#1641,#1648,#1650,.T.);
#1648 = VERTEX_POINT('',#1649);
#1649 = CARTESIAN_POINT('',(-8.581016777401E-03,6.337147356112E-04,
    2.00001E-02));
#1650 = B_SPLINE_CURVE_WITH_KNOTS('',1,(#1651,#1652),.UNSPECIFIED.,.F.,
  .F.,(2,2),(0.,3.536585365854E-02),.PIECEWISE_BEZIER_KNOTS.);
#1651 = CARTESIAN_POINT('',(2.678483688114E-02,6.337147356112E-04,
    2.00001E-02));
#1652 = CARTESIAN_POINT('',(-8.581016777401E-03,6.337147356112E-04,
    2.00001E-02));
#1653 = ORIENTED_EDGE('',*,*,#1654,.T.);
#1654 = EDGE_CURVE('',#1648,#1655,#1657,.T.);
#1655 = VERTEX_POINT('',#1656);
#1656 = CARTESIAN_POINT('',(-8.581016777401E-03,-1.034189502049E-02,
    2.00001E-02));
#1657 = B_SPLINE_CURVE_WITH_KNOTS('',1,(#1658,#1659),.UNSPECIFIED.,.F.,
  .F.,(2,2),(0.,1.09756097561E-02),.PIECEWISE_BEZIER_KNOTS.);
#1658 = CARTESIAN_POINT('',(-8.581016777401E-03,6.337147356112E-04,
    2.00001E-02));
#1659 = CARTESIAN_POINT('',(-8.581016777401E-03,-1.034189502049E-02,
    2.00001E-02));
#1660 = ORIENTED_EDGE('',*,*,#1661,.T.);
#1661 = EDGE_CURVE('',#1655,#1662,#1664,.T.);
#1662 = VERTEX_POINT('',#1663);
#1663 = CARTESIAN_POINT('',(2.678483688114E-02,-1.034189502049E-02,
    2.00001E-02));
#1664 = B_SPLINE_CURVE_WITH_KNOTS('',1,(#1665,#1666),.UNSPECIFIED.,.F.,
  .F.,(2,2),(0.,3.536585365854E-02),.PIECEWISE_BEZIER_KNOTS.);
#1665 = CARTESIAN_POINT('',(-8.581016777401E-03,-1.034189502049E-02,
    2.00001E-02));
#1666 = CARTESIAN_POINT('',(2.678483688114E-02,-1.034189502049E-02,
    2.00001E-02));
#1667 = ORIENTED_EDGE('',*,*,#1668,.T.);
#1668 = EDGE_CURVE('',#1662,#1590,#1669,.T.);
#1669 = B_SPLINE_CURVE_WITH_KNOTS('',1,(#1670,#1671),.UNSPECIFIED.,.F.,
  .F.,(2,2),(0.,3.414634146341E-02),.PIECEWISE_BEZIER_KNOTS.);
#1670 = CARTESIAN_POINT('',(2.678483688114E-02,-1.034189502049E-02,
    2.00001E-02));
#1671 = CARTESIAN_POINT('',(2.678483688114E-02,-4.44882364839E-02,
    2.00001E-02));
#1672 = FACE_BOUND('',#1673,.T.);
#1673 = EDGE_LOOP('',(#1674,#1692,#1699,#1715,#1739,#1763,#1779,#1786,
    #1802,#1826));
#1674 = ORIENTED_EDGE('',*,*,#1675,.T.);
#1675 = EDGE_CURVE('',#1676,#1678,#1680,.T.);
#1676 = VERTEX_POINT('',#1677);
#1677 = CARTESIAN_POINT('',(8.537858688114E-02,-4.570774867902E-02,
    2.00001E-02));
#1678 = VERTEX_POINT('',#1679);
#1679 = CARTESIAN_POINT('',(5.971166614943E-02,-3.930530965463E-02,
    2.00001E-02));
#1680 = B_SPLINE_CURVE_WITH_KNOTS('',3,(#1681,#1682,#1683,#1684,#1685,
    #1686,#1687,#1688,#1689,#1690,#1691),.UNSPECIFIED.,.F.,.F.,(4,1,1,1,
    1,1,1,1,4),(0.,0.135294604763,0.266765657925,0.394816018836,
    0.520051654434,0.642175702971,0.762651820558,0.881834004381,1.),
  .UNSPECIFIED.);
#1681 = CARTESIAN_POINT('',(8.537858688114E-02,-4.570774867902E-02,
    2.00001E-02));
#1682 = CARTESIAN_POINT('',(8.417104482456E-02,-4.569189462428E-02,
    2.00001E-02));
#1683 = CARTESIAN_POINT('',(8.179008697515E-02,-4.566063456516E-02,
    2.00001E-02));
#1684 = CARTESIAN_POINT('',(7.827889879105E-02,-4.533983707027E-02,
    2.00001E-02));
#1685 = CARTESIAN_POINT('',(7.487787591287E-02,-4.485701513877E-02,
    2.00001E-02));
#1686 = CARTESIAN_POINT('',(7.160180082751E-02,-4.414634366657E-02,
    2.00001E-02));
#1687 = CARTESIAN_POINT('',(6.843944142974E-02,-4.325674338157E-02,
    2.00001E-02));
#1688 = CARTESIAN_POINT('',(6.540872613129E-02,-4.213933727084E-02,
    2.00001E-02));
#1689 = CARTESIAN_POINT('',(6.24772702858E-02,-4.086302843218E-02,
    2.00001E-02));
#1690 = CARTESIAN_POINT('',(6.063089916231E-02,-3.982306507244E-02,
    2.00001E-02));
#1691 = CARTESIAN_POINT('',(5.971166614943E-02,-3.930530965463E-02,
    2.00001E-02));
#1692 = ORIENTED_EDGE('',*,*,#1693,.T.);
#1693 = EDGE_CURVE('',#1678,#1694,#1696,.T.);
#1694 = VERTEX_POINT('',#1695);
#1695 = CARTESIAN_POINT('',(5.971166614943E-02,-5.028091941073E-02,
    2.00001E-02));
#1696 = B_SPLINE_CURVE_WITH_KNOTS('',1,(#1697,#1698),.UNSPECIFIED.,.F.,
  .F.,(2,2),(0.,1.09756097561E-02),.PIECEWISE_BEZIER_KNOTS.);
#1697 = CARTESIAN_POINT('',(5.971166614943E-02,-3.930530965463E-02,
    2.00001E-02));
#1698 = CARTESIAN_POINT('',(5.971166614943E-02,-5.028091941073E-02,
    2.00001E-02));
#1699 = ORIENTED_EDGE('',*,*,#1700,.T.);
#1700 = EDGE_CURVE('',#1694,#1701,#1703,.T.);
#1701 = VERTEX_POINT('',#1702);
#1702 = CARTESIAN_POINT('',(8.722691005187E-02,-5.668335843512E-02,
    2.00001E-02));
#1703 = B_SPLINE_CURVE_WITH_KNOTS('',3,(#1704,#1705,#1706,#1707,#1708,
    #1709,#1710,#1711,#1712,#1713,#1714),.UNSPECIFIED.,.F.,.F.,(4,1,1,1,
    1,1,1,1,4),(0.,0.112448389909,0.226527675213,0.344401949326,
    0.465864972487,0.591659449352,0.722168487025,0.858606387555,1.),
  .UNSPECIFIED.);
#1704 = CARTESIAN_POINT('',(5.971166614943E-02,-5.028091941073E-02,
    2.00001E-02));
#1705 = CARTESIAN_POINT('',(6.065000522693E-02,-5.079884437772E-02,
    2.00001E-02));
#1706 = CARTESIAN_POINT('',(6.254029258417E-02,-5.184220603725E-02,
    2.00001E-02));
#1707 = CARTESIAN_POINT('',(6.556325903263E-02,-5.312961504847E-02,
    2.00001E-02));
#1708 = CARTESIAN_POINT('',(6.874415232492E-02,-5.42400659095E-02,
    2.00001E-02));
#1709 = CARTESIAN_POINT('',(7.211081357286E-02,-5.512555086563E-02,
    2.00001E-02));
#1710 = CARTESIAN_POINT('',(7.564086220416E-02,-5.583719244054E-02,
    2.00001E-02));
#1711 = CARTESIAN_POINT('',(7.935300312769E-02,-5.631921277922E-02,
    2.00001E-02));
#1712 = CARTESIAN_POINT('',(8.323253002081E-02,-5.663651108036E-02,
    2.00001E-02));
#1713 = CARTESIAN_POINT('',(8.587971068851E-02,-5.666755805408E-02,
    2.00001E-02));
#1714 = CARTESIAN_POINT('',(8.722691005187E-02,-5.668335843512E-02,
    2.00001E-02));
#1715 = ORIENTED_EDGE('',*,*,#1716,.T.);
#1716 = EDGE_CURVE('',#1701,#1717,#1719,.T.);
#1717 = VERTEX_POINT('',#1718);
#1718 = CARTESIAN_POINT('',(0.134101910052,-7.350279166828E-03,
    2.00001E-02));
#1719 = B_SPLINE_CURVE_WITH_KNOTS('',3,(#1720,#1721,#1722,#1723,#1724,
    #1725,#1726,#1727,#1728,#1729,#1730,#1731,#1732,#1733,#1734,#1735,
    #1736,#1737,#1738),.UNSPECIFIED.,.F.,.F.,(4,1,1,1,1,1,1,1,1,1,1,1,1,
    1,1,1,4),(0.,6.783324845577E-02,0.132655536508,0.195050884051,
    0.255582933069,0.314799834147,0.373600472826,0.432545595327,
    0.492430629284,0.552671255963,0.612513044188,0.672610250357,
    0.733838369314,0.796594238568,0.861449799291,0.929198942351,1.),
  .UNSPECIFIED.);
#1720 = CARTESIAN_POINT('',(8.722691005187E-02,-5.668335843512E-02,
    2.00001E-02));
#1721 = CARTESIAN_POINT('',(8.896281620702E-02,-5.664464272664E-02,
    2.00001E-02));
#1722 = CARTESIAN_POINT('',(9.235757567352E-02,-5.656892981007E-02,
    2.00001E-02));
#1723 = CARTESIAN_POINT('',(9.731682186007E-02,-5.593207458418E-02,
    2.00001E-02));
#1724 = CARTESIAN_POINT('',(0.102008449538,-5.486882309451E-02,
    2.00001E-02));
#1725 = CARTESIAN_POINT('',(0.106430829162,-5.337491566331E-02,
    2.00001E-02));
#1726 = CARTESIAN_POINT('',(0.110599432288,-5.148720789336E-02,
    2.00001E-02));
#1727 = CARTESIAN_POINT('',(0.114492665136,-4.915381485391E-02,
    2.00001E-02));
#1728 = CARTESIAN_POINT('',(0.118084764003,-4.635636031587E-02,
    2.00001E-02));
#1729 = CARTESIAN_POINT('',(0.121423261802,-4.320761121259E-02,
    2.00001E-02));
#1730 = CARTESIAN_POINT('',(0.124402096966,-3.968460050649E-02,
    2.00001E-02));
#1731 = CARTESIAN_POINT('',(0.127009504998,-3.587393202473E-02,
    2.00001E-02));
#1732 = CARTESIAN_POINT('',(0.129215359856,-3.1787458262E-02,2.00001E-02
    ));
#1733 = CARTESIAN_POINT('',(0.131005262006,-2.742293579326E-02,
    2.00001E-02));
#1734 = CARTESIAN_POINT('',(0.132400125348,-2.278922423402E-02,
    2.00001E-02));
#1735 = CARTESIAN_POINT('',(0.13337557903,-1.788215259076E-02,
    2.00001E-02));
#1736 = CARTESIAN_POINT('',(0.13400949276,-1.270860540221E-02,
    2.00001E-02));
#1737 = CARTESIAN_POINT('',(0.134070655203,-9.162425736513E-03,
    2.00001E-02));
#1738 = CARTESIAN_POINT('',(0.134101910052,-7.350279166828E-03,
    2.00001E-02));
#1739 = ORIENTED_EDGE('',*,*,#1740,.T.);
#1740 = EDGE_CURVE('',#1717,#1741,#1743,.T.);
#1741 = VERTEX_POINT('',#1742);
#1742 = CARTESIAN_POINT('',(8.324444053967E-02,4.575566595512E-02,
    2.00001E-02));
#1743 = B_SPLINE_CURVE_WITH_KNOTS('',3,(#1744,#1745,#1746,#1747,#1748,
    #1749,#1750,#1751,#1752,#1753,#1754,#1755,#1756,#1757,#1758,#1759,
    #1760,#1761,#1762),.UNSPECIFIED.,.F.,.F.,(4,1,1,1,1,1,1,1,1,1,1,1,1,
    1,1,1,4),(0.,7.064371857535E-02,0.138256715509,0.203364124218,
    0.266324093803,0.327904761543,0.388737715173,0.449423528109,
    0.510861011459,0.572079396048,0.631734428731,0.691117210579,
    0.75036002949,0.810032900531,0.871362450829,0.934427141231,1.),
  .UNSPECIFIED.);
#1744 = CARTESIAN_POINT('',(0.134101910052,-7.350279166828E-03,
    2.00001E-02));
#1745 = CARTESIAN_POINT('',(0.134058357706,-5.404728055848E-03,
    2.00001E-02));
#1746 = CARTESIAN_POINT('',(0.133973121476,-1.597092898989E-03,
    2.00001E-02));
#1747 = CARTESIAN_POINT('',(0.133295609908,3.970602938724E-03,
    2.00001E-02));
#1748 = CARTESIAN_POINT('',(0.132183924067,9.250002484243E-03,
    2.00001E-02));
#1749 = CARTESIAN_POINT('',(0.130592955634,1.423309175219E-02,
    2.00001E-02));
#1750 = CARTESIAN_POINT('',(0.128566986612,1.892660571056E-02,
    2.00001E-02));
#1751 = CARTESIAN_POINT('',(0.12610429513,2.333678949996E-02,2.00001E-02
    ));
#1752 = CARTESIAN_POINT('',(0.123164865013,2.744092047868E-02,
    2.00001E-02));
#1753 = CARTESIAN_POINT('',(0.119795507564,3.121110308072E-02,
    2.00001E-02));
#1754 = CARTESIAN_POINT('',(0.116107712092,3.462845373084E-02,
    2.00001E-02));
#1755 = CARTESIAN_POINT('',(0.112128596374,3.76104960116E-02,2.00001E-02
    ));
#1756 = CARTESIAN_POINT('',(0.107906158383,4.013057090056E-02,
    2.00001E-02));
#1757 = CARTESIAN_POINT('',(0.103446374773,4.220529654157E-02,
    2.00001E-02));
#1758 = CARTESIAN_POINT('',(9.873285063967E-02,4.378902282804E-02,
    2.00001E-02));
#1759 = CARTESIAN_POINT('',(9.378763926157E-02,4.492641297681E-02,
    2.00001E-02));
#1760 = CARTESIAN_POINT('',(8.859370944913E-02,4.563120581594E-02,
    2.00001E-02));
#1761 = CARTESIAN_POINT('',(8.505055823664E-02,4.571364345378E-02,
    2.00001E-02));
#1762 = CARTESIAN_POINT('',(8.324444053967E-02,4.575566595512E-02,
    2.00001E-02));
#1763 = ORIENTED_EDGE('',*,*,#1764,.T.);
#1764 = EDGE_CURVE('',#1741,#1765,#1767,.T.);
#1765 = VERTEX_POINT('',#1766);
#1766 = CARTESIAN_POINT('',(5.971166614943E-02,4.179225132098E-02,
    2.00001E-02));
#1767 = B_SPLINE_CURVE_WITH_KNOTS('',3,(#1768,#1769,#1770,#1771,#1772,
    #1773,#1774,#1775,#1776,#1777,#1778),.UNSPECIFIED.,.F.,.F.,(4,1,1,1,
    1,1,1,1,4),(0.,0.145186866472,0.28344261092,0.416524365929,
    0.543181123535,0.665153082638,0.781360206313,0.892756655642,1.),
  .UNSPECIFIED.);
#1768 = CARTESIAN_POINT('',(8.324444053967E-02,4.575566595512E-02,
    2.00001E-02));
#1769 = CARTESIAN_POINT('',(8.208175447729E-02,4.574733151156E-02,
    2.00001E-02));
#1770 = CARTESIAN_POINT('',(7.981188819249E-02,4.573106050509E-02,
    2.00001E-02));
#1771 = CARTESIAN_POINT('',(7.648196369562E-02,4.552702057852E-02,
    2.00001E-02));
#1772 = CARTESIAN_POINT('',(7.330723598282E-02,4.52386497067E-02,
    2.00001E-02));
#1773 = CARTESIAN_POINT('',(7.028311084876E-02,4.478898753311E-02,
    2.00001E-02));
#1774 = CARTESIAN_POINT('',(6.740974390068E-02,4.425371159392E-02,
    2.00001E-02));
#1775 = CARTESIAN_POINT('',(6.469789920456E-02,4.355595374138E-02,
    2.00001E-02));
#1776 = CARTESIAN_POINT('',(6.213052957112E-02,4.277412131285E-02,
    2.00001E-02));
#1777 = CARTESIAN_POINT('',(6.050767850049E-02,4.211537028406E-02,
    2.00001E-02));
#1778 = CARTESIAN_POINT('',(5.971166614943E-02,4.179225132098E-02,
    2.00001E-02));
#1779 = ORIENTED_EDGE('',*,*,#1780,.T.);
#1780 = EDGE_CURVE('',#1765,#1781,#1783,.T.);
#1781 = VERTEX_POINT('',#1782);
#1782 = CARTESIAN_POINT('',(5.971166614943E-02,2.837761717464E-02,
    2.00001E-02));
#1783 = B_SPLINE_CURVE_WITH_KNOTS('',1,(#1784,#1785),.UNSPECIFIED.,.F.,
  .F.,(2,2),(-6.938893903907E-18,1.341463414634E-02),
  .PIECEWISE_BEZIER_KNOTS.);
#1784 = CARTESIAN_POINT('',(5.971166614943E-02,4.179225132098E-02,
    2.00001E-02));
#1785 = CARTESIAN_POINT('',(5.971166614943E-02,2.837761717464E-02,
    2.00001E-02));
#1786 = ORIENTED_EDGE('',*,*,#1787,.T.);
#1787 = EDGE_CURVE('',#1781,#1788,#1790,.T.);
#1788 = VERTEX_POINT('',#1789);
#1789 = CARTESIAN_POINT('',(8.313011127138E-02,3.478005619903E-02,
    2.00001E-02));
#1790 = B_SPLINE_CURVE_WITH_KNOTS('',3,(#1791,#1792,#1793,#1794,#1795,
    #1796,#1797,#1798,#1799,#1800,#1801),.UNSPECIFIED.,.F.,.F.,(4,1,1,1,
    1,1,1,1,4),(0.,0.125279696736,0.249419970742,0.373356799493,
    0.496681278782,0.620202915744,0.745086320161,0.871269195019,1.),
  .UNSPECIFIED.);
#1791 = CARTESIAN_POINT('',(5.971166614943E-02,2.837761717464E-02,
    2.00001E-02));
#1792 = CARTESIAN_POINT('',(6.05997047122E-02,2.889363447378E-02,
    2.00001E-02));
#1793 = CARTESIAN_POINT('',(6.236770509947E-02,2.992097587873E-02,
    2.00001E-02));
#1794 = CARTESIAN_POINT('',(6.514844826085E-02,3.120535482134E-02,
    2.00001E-02));
#1795 = CARTESIAN_POINT('',(6.798277257595E-02,3.231936863875E-02,
    2.00001E-02));
#1796 = CARTESIAN_POINT('',(7.089051973144E-02,3.320866872172E-02,
    2.00001E-02));
#1797 = CARTESIAN_POINT('',(7.385338923086E-02,3.392678536384E-02,
    2.00001E-02));
#1798 = CARTESIAN_POINT('',(7.688691776488E-02,3.440844643512E-02,
    2.00001E-02));
#1799 = CARTESIAN_POINT('',(7.998535787166E-02,3.473250979403E-02,
    2.00001E-02));
#1800 = CARTESIAN_POINT('',(8.207489830044E-02,3.476410213939E-02,
    2.00001E-02));
#1801 = CARTESIAN_POINT('',(8.313011127138E-02,3.478005619903E-02,
    2.00001E-02));
#1802 = ORIENTED_EDGE('',*,*,#1803,.T.);
#1803 = EDGE_CURVE('',#1788,#1804,#1806,.T.);
#1804 = VERTEX_POINT('',#1805);
#1805 = CARTESIAN_POINT('',(0.120687275906,-6.53091941073E-03,
    2.00001E-02));
#1806 = B_SPLINE_CURVE_WITH_KNOTS('',3,(#1807,#1808,#1809,#1810,#1811,
    #1812,#1813,#1814,#1815,#1816,#1817,#1818,#1819,#1820,#1821,#1822,
    #1823,#1824,#1825),.UNSPECIFIED.,.F.,.F.,(4,1,1,1,1,1,1,1,1,1,1,1,1,
    1,1,1,4),(0.,6.460397028839E-02,0.126702413963,0.186756814036,
    0.245505687365,0.30365202445,0.361503073971,0.420240222928,
    0.480033340777,0.540678134776,0.601191806381,0.662333502477,
    0.724739510297,0.789467736173,0.856504860044,0.926312095839,1.),
  .UNSPECIFIED.);
#1807 = CARTESIAN_POINT('',(8.313011127138E-02,3.478005619903E-02,
    2.00001E-02));
#1808 = CARTESIAN_POINT('',(8.448504745783E-02,3.475092259043E-02,
    2.00001E-02));
#1809 = CARTESIAN_POINT('',(8.714237153285E-02,3.469378525784E-02,
    2.00001E-02));
#1810 = CARTESIAN_POINT('',(9.1024519304E-02,3.41328022893E-02,
    2.00001E-02));
#1811 = CARTESIAN_POINT('',(9.472725862218E-02,3.329350836607E-02,
    2.00001E-02));
#1812 = CARTESIAN_POINT('',(9.823574175404E-02,3.206513663818E-02,
    2.00001E-02));
#1813 = CARTESIAN_POINT('',(0.101545984801,3.047973360366E-02,
    2.00001E-02));
#1814 = CARTESIAN_POINT('',(0.104655117201,2.853135287245E-02,
    2.00001E-02));
#1815 = CARTESIAN_POINT('',(0.107582233306,2.6261767635E-02,2.00001E-02)
  );
#1816 = CARTESIAN_POINT('',(0.110282680956,2.364266390958E-02,
    2.00001E-02));
#1817 = CARTESIAN_POINT('',(0.112743539934,2.074635353193E-02,
    2.00001E-02));
#1818 = CARTESIAN_POINT('',(0.114855822967,1.755368246491E-02,
    2.00001E-02));
#1819 = CARTESIAN_POINT('',(0.116687492989,1.415106445613E-02,
    2.00001E-02));
#1820 = CARTESIAN_POINT('',(0.118154290782,1.04788014328E-02,2.00001E-02
    ));
#1821 = CARTESIAN_POINT('',(0.119290240706,6.56506904589E-03,2.00001E-02
    ));
#1822 = CARTESIAN_POINT('',(0.120110157109,2.415207579284E-03,
    2.00001E-02));
#1823 = CARTESIAN_POINT('',(0.120585205378,-1.978436762631E-03,
    2.00001E-02));
#1824 = CARTESIAN_POINT('',(0.120652644458,-4.986310316448E-03,
    2.00001E-02));
#1825 = CARTESIAN_POINT('',(0.120687275906,-6.53091941073E-03,
    2.00001E-02));
#1826 = ORIENTED_EDGE('',*,*,#1827,.T.);
#1827 = EDGE_CURVE('',#1804,#1676,#1828,.T.);
#1828 = B_SPLINE_CURVE_WITH_KNOTS('',3,(#1829,#1830,#1831,#1832,#1833,
    #1834,#1835,#1836,#1837,#1838,#1839,#1840,#1841,#1842,#1843,#1844,
    #1845,#1846,#1847),.UNSPECIFIED.,.F.,.F.,(4,1,1,1,1,1,1,1,1,1,1,1,1,
    1,1,1,4),(0.,7.377411937406E-02,0.144079114726,0.211348518309,
    0.27607688574,0.33852091582,0.399885116693,0.460254067465,
    0.520588964391,0.580207684563,0.638632908553,0.696364549491,
    0.75400177466,0.812805681374,0.872754425526,0.935181996978,1.),
  .UNSPECIFIED.);
#1829 = CARTESIAN_POINT('',(0.120687275906,-6.53091941073E-03,
    2.00001E-02));
#1830 = CARTESIAN_POINT('',(0.120659493921,-7.993039980307E-03,
    2.00001E-02));
#1831 = CARTESIAN_POINT('',(0.120605236359,-1.084852695968E-02,
    2.00001E-02));
#1832 = CARTESIAN_POINT('',(0.120139077697,-1.501629475196E-02,
    2.00001E-02));
#1833 = CARTESIAN_POINT('',(0.119383953273,-1.895696693643E-02,
    2.00001E-02));
#1834 = CARTESIAN_POINT('',(0.118322719103,-2.266707005439E-02,
    2.00001E-02));
#1835 = CARTESIAN_POINT('',(0.116938908584,-2.614317066204E-02,
    2.00001E-02));
#1836 = CARTESIAN_POINT('',(0.115267313975,-2.939450474741E-02,
    2.00001E-02));
#1837 = CARTESIAN_POINT('',(0.1132687122,-3.240638991085E-02,2.00001E-02
    ));
#1838 = CARTESIAN_POINT('',(0.11098722222,-3.516472583554E-02,
    2.00001E-02));
#1839 = CARTESIAN_POINT('',(0.108454167385,-3.763829104655E-02,
    2.00001E-02));
#1840 = CARTESIAN_POINT('',(0.105722591591,-3.98106370788E-02,
    2.00001E-02));
#1841 = CARTESIAN_POINT('',(0.102786543577,-4.162386976188E-02,
    2.00001E-02));
#1842 = CARTESIAN_POINT('',(9.967340150945E-02,-4.312745985002E-02,
    2.00001E-02));
#1843 = CARTESIAN_POINT('',(9.636909960421E-02,-4.428994236933E-02,
    2.00001E-02));
#1844 = CARTESIAN_POINT('',(9.28674525731E-02,-4.510488338401E-02,
    2.00001E-02));
#1845 = CARTESIAN_POINT('',(8.918521196454E-02,-4.560964031479E-02,
    2.00001E-02));
#1846 = CARTESIAN_POINT('',(8.666325438226E-02,-4.567463887063E-02,
    2.00001E-02));
#1847 = CARTESIAN_POINT('',(8.537858688114E-02,-4.570774867902E-02,
    2.00001E-02));
#1848 = FACE_BOUND('',#1849,.T.);
#1849 = EDGE_LOOP('',(#1850,#1859,#1866,#1873,#1880,#1887));
#1850 = ORIENTED_EDGE('',*,*,#1851,.T.);
#1851 = EDGE_CURVE('',#1852,#1854,#1856,.T.);
#1852 = VERTEX_POINT('',#1853);
#1853 = CARTESIAN_POINT('',(0.180443373467,-4.44882364839E-02,
    2.00001E-02));
#1854 = VERTEX_POINT('',#1855);
#1855 = CARTESIAN_POINT('',(0.142638495418,-4.44882364839E-02,
    2.00001E-02));
#1856 = B_SPLINE_CURVE_WITH_KNOTS('',1,(#1857,#1858),.UNSPECIFIED.,.F.,
  .F.,(2,2),(0.,3.780487804878E-02),.PIECEWISE_BEZIER_KNOTS.);
#1857 = CARTESIAN_POINT('',(0.180443373467,-4.44882364839E-02,
    2.00001E-02));
#1858 = CARTESIAN_POINT('',(0.142638495418,-4.44882364839E-02,
    2.00001E-02));
#1859 = ORIENTED_EDGE('',*,*,#1860,.T.);
#1860 = EDGE_CURVE('',#1854,#1861,#1863,.T.);
#1861 = VERTEX_POINT('',#1862);
#1862 = CARTESIAN_POINT('',(0.142638495418,-5.546384624E-02,2.00001E-02)
  );
#1863 = B_SPLINE_CURVE_WITH_KNOTS('',1,(#1864,#1865),.UNSPECIFIED.,.F.,
  .F.,(2,2),(2.775557561563E-17,1.09756097561E-02),
  .PIECEWISE_BEZIER_KNOTS.);
#1864 = CARTESIAN_POINT('',(0.142638495418,-4.44882364839E-02,
    2.00001E-02));
#1865 = CARTESIAN_POINT('',(0.142638495418,-5.546384624E-02,2.00001E-02)
  );
#1866 = ORIENTED_EDGE('',*,*,#1867,.T.);
#1867 = EDGE_CURVE('',#1861,#1868,#1870,.T.);
#1868 = VERTEX_POINT('',#1869);
#1869 = CARTESIAN_POINT('',(0.193858007613,-5.546384624E-02,2.00001E-02)
  );
#1870 = B_SPLINE_CURVE_WITH_KNOTS('',1,(#1871,#1872),.UNSPECIFIED.,.F.,
  .F.,(2,2),(0.,5.121951219512E-02),.PIECEWISE_BEZIER_KNOTS.);
#1871 = CARTESIAN_POINT('',(0.142638495418,-5.546384624E-02,2.00001E-02)
  );
#1872 = CARTESIAN_POINT('',(0.193858007613,-5.546384624E-02,2.00001E-02)
  );
#1873 = ORIENTED_EDGE('',*,*,#1874,.T.);
#1874 = EDGE_CURVE('',#1868,#1875,#1877,.T.);
#1875 = VERTEX_POINT('',#1876);
#1876 = CARTESIAN_POINT('',(0.193858007613,4.453615376E-02,2.00001E-02)
  );
#1877 = B_SPLINE_CURVE_WITH_KNOTS('',1,(#1878,#1879),.UNSPECIFIED.,.F.,
  .F.,(2,2),(0.,0.1),.PIECEWISE_BEZIER_KNOTS.);
#1878 = CARTESIAN_POINT('',(0.193858007613,-5.546384624E-02,2.00001E-02)
  );
#1879 = CARTESIAN_POINT('',(0.193858007613,4.453615376E-02,2.00001E-02)
  );
#1880 = ORIENTED_EDGE('',*,*,#1881,.T.);
#1881 = EDGE_CURVE('',#1875,#1882,#1884,.T.);
#1882 = VERTEX_POINT('',#1883);
#1883 = CARTESIAN_POINT('',(0.180443373467,4.453615376E-02,2.00001E-02)
  );
#1884 = B_SPLINE_CURVE_WITH_KNOTS('',1,(#1885,#1886),.UNSPECIFIED.,.F.,
  .F.,(2,2),(0.,1.341463414634E-02),.PIECEWISE_BEZIER_KNOTS.);
#1885 = CARTESIAN_POINT('',(0.193858007613,4.453615376E-02,2.00001E-02)
  );
#1886 = CARTESIAN_POINT('',(0.180443373467,4.453615376E-02,2.00001E-02)
  );
#1887 = ORIENTED_EDGE('',*,*,#1888,.T.);
#1888 = EDGE_CURVE('',#1882,#1852,#1889,.T.);
#1889 = B_SPLINE_CURVE_WITH_KNOTS('',1,(#1890,#1891),.UNSPECIFIED.,.F.,
  .F.,(2,2),(0.,8.90243902439E-02),.PIECEWISE_BEZIER_KNOTS.);
#1890 = CARTESIAN_POINT('',(0.180443373467,4.453615376E-02,2.00001E-02)
  );
#1891 = CARTESIAN_POINT('',(0.180443373467,-4.44882364839E-02,
    2.00001E-02));
#1892 = B_SPLINE_SURFACE_WITH_KNOTS('',1,1,(
    (#1893,#1894)
    ,(#1895,#1896
    )),.UNSPECIFIED.,.F.,.F.,.F.,(2,2),(2,2),(-1.21,-5.E-02),(
    0.323503492356,1.476496507644),.PIECEWISE_BEZIER_KNOTS.);
#1893 = CARTESIAN_POINT('',(-0.576496507644,-0.58,2.00001E-02));
#1894 = CARTESIAN_POINT('',(0.576496507644,-0.58,2.00001E-02));
#1895 = CARTESIAN_POINT('',(-0.576496507644,0.58,2.00001E-02));
#1896 = CARTESIAN_POINT('',(0.576496507644,0.58,2.00001E-02));
#1897 = ADVANCED_FACE('',(#1898),#1981,.T.);
#1898 = FACE_BOUND('',#1899,.T.);
#1899 = EDGE_LOOP('',(#1900,#1914,#1921,#1930,#1939,#1946,#1961,#1968,
    #1976));
#1900 = ORIENTED_EDGE('',*,*,#1901,.T.);
#1901 = EDGE_CURVE('',#1902,#1904,#1906,.T.);
#1902 = VERTEX_POINT('',#1903);
#1903 = CARTESIAN_POINT('',(-0.581965013337,-0.6,9.999999994736E-08));
#1904 = VERTEX_POINT('',#1905);
#1905 = CARTESIAN_POINT('',(-0.590543267439,-0.63,1.00001E-02));
#1906 = B_SPLINE_CURVE_WITH_KNOTS('',3,(#1907,#1908,#1909,#1910,#1911,
    #1912,#1913),.UNSPECIFIED.,.F.,.F.,(4,3,4),(0.,1.800509807348E-05,
    3.316468134987E-05),.UNSPECIFIED.);
#1907 = CARTESIAN_POINT('',(-0.581965013337,-0.6,9.999999994736E-08));
#1908 = CARTESIAN_POINT('',(-0.583574737478,-0.60578179759,
    9.999999994736E-08));
#1909 = CARTESIAN_POINT('',(-0.585231213598,-0.611636538617,
    1.028998980769E-03));
#1910 = CARTESIAN_POINT('',(-0.586794104878,-0.617082492531,
    3.008734315222E-03));
#1911 = CARTESIAN_POINT('',(-0.588109953242,-0.621667616037,
    4.675537075525E-03));
#1912 = CARTESIAN_POINT('',(-0.589388224775,-0.626064607985,
    7.048555988728E-03));
#1913 = CARTESIAN_POINT('',(-0.590543267439,-0.63,1.00001E-02));
#1914 = ORIENTED_EDGE('',*,*,#1915,.T.);
#1915 = EDGE_CURVE('',#1904,#1916,#1918,.T.);
#1916 = VERTEX_POINT('',#1917);
#1917 = CARTESIAN_POINT('',(-0.593503615555,-0.63,1.00001E-02));
#1918 = B_SPLINE_CURVE_WITH_KNOTS('',1,(#1919,#1920),.UNSPECIFIED.,.F.,
  .F.,(2,2),(9.054326743856E-02,9.350361555485E-02),
  .PIECEWISE_BEZIER_KNOTS.);
#1919 = CARTESIAN_POINT('',(-0.590543267439,-0.63,1.00001E-02));
#1920 = CARTESIAN_POINT('',(-0.593503615555,-0.63,1.00001E-02));
#1921 = ORIENTED_EDGE('',*,*,#1922,.T.);
#1922 = EDGE_CURVE('',#1916,#1923,#1925,.T.);
#1923 = VERTEX_POINT('',#1924);
#1924 = CARTESIAN_POINT('',(-0.592122327784,-0.635355339059,
    1.464476094068E-02));
#1925 = B_SPLINE_CURVE_WITH_KNOTS('',3,(#1926,#1927,#1928,#1929),
  .UNSPECIFIED.,.F.,.F.,(4,4),(1.915593167576E-04,1.987746500685E-04),
  .PIECEWISE_BEZIER_KNOTS.);
#1926 = CARTESIAN_POINT('',(-0.593503615555,-0.63,1.00001E-02));
#1927 = CARTESIAN_POINT('',(-0.593079103155,-0.631895746642,
    1.142190998164E-02));
#1928 = CARTESIAN_POINT('',(-0.592615861507,-0.63368920068,
    1.297862256134E-02));
#1929 = CARTESIAN_POINT('',(-0.592122327784,-0.635355339059,
    1.464476094068E-02));
#1930 = ORIENTED_EDGE('',*,*,#1931,.T.);
#1931 = EDGE_CURVE('',#1923,#1932,#1934,.T.);
#1932 = VERTEX_POINT('',#1933);
#1933 = CARTESIAN_POINT('',(-0.593503615555,-0.64,2.00001E-02));
#1934 = B_SPLINE_CURVE_WITH_KNOTS('',3,(#1935,#1936,#1937,#1938),
  .UNSPECIFIED.,.F.,.F.,(4,4),(4.035621895953E-05,4.751327345034E-05),
  .PIECEWISE_BEZIER_KNOTS.);
#1935 = CARTESIAN_POINT('',(-0.592122327784,-0.635355339059,
    1.464476094068E-02));
#1936 = CARTESIAN_POINT('',(-0.592615861507,-0.637021477439,
    1.631089931998E-02));
#1937 = CARTESIAN_POINT('',(-0.593079103155,-0.638578190019,
    1.81043533573E-02));
#1938 = CARTESIAN_POINT('',(-0.593503615555,-0.64,2.00001E-02));
#1939 = ORIENTED_EDGE('',*,*,#1940,.T.);
#1940 = EDGE_CURVE('',#1932,#1941,#1943,.T.);
#1941 = VERTEX_POINT('',#1942);
#1942 = CARTESIAN_POINT('',(-0.590543267439,-0.64,2.00001E-02));
#1943 = B_SPLINE_CURVE_WITH_KNOTS('',1,(#1944,#1945),.UNSPECIFIED.,.F.,
  .F.,(2,2),(-9.350361555485E-02,-9.054326743856E-02),
  .PIECEWISE_BEZIER_KNOTS.);
#1944 = CARTESIAN_POINT('',(-0.593503615555,-0.64,2.00001E-02));
#1945 = CARTESIAN_POINT('',(-0.590543267439,-0.64,2.00001E-02));
#1946 = ORIENTED_EDGE('',*,*,#1947,.T.);
#1947 = EDGE_CURVE('',#1941,#1948,#1950,.T.);
#1948 = VERTEX_POINT('',#1949);
#1949 = CARTESIAN_POINT('',(-0.581965013337,-0.65,5.00001E-02));
#1950 = B_SPLINE_CURVE_WITH_KNOTS('',3,(#1951,#1952,#1953,#1954,#1955,
    #1956,#1957,#1958,#1959,#1960),.UNSPECIFIED.,.F.,.F.,(4,3,3,4),(
    2.059791211573E-04,2.203700780648E-04,2.380562398938E-04,
    2.391290902144E-04),.UNSPECIFIED.);
#1951 = CARTESIAN_POINT('',(-0.590543267439,-0.64,2.00001E-02));
#1952 = CARTESIAN_POINT('',(-0.589445715513,-0.642804634769,
    2.373961302568E-02));
#1953 = CARTESIAN_POINT('',(-0.588237524698,-0.645086660552,
    2.789361699778E-02));
#1954 = CARTESIAN_POINT('',(-0.586992131739,-0.64673491408,
    3.222799247445E-02));
#1955 = CARTESIAN_POINT('',(-0.585463057806,-0.648758613899,
    3.754967067346E-02));
#1956 = CARTESIAN_POINT('',(-0.58384006978,-0.649870280671,
    4.327693113886E-02));
#1957 = CARTESIAN_POINT('',(-0.582256468463,-0.649989060478,
    4.895423552818E-02));
#1958 = CARTESIAN_POINT('',(-0.582159246962,-0.649996352687,
    4.930278035848E-02));
#1959 = CARTESIAN_POINT('',(-0.582062085371,-0.65,4.965143724677E-02));
#1960 = CARTESIAN_POINT('',(-0.581965013337,-0.65,5.00001E-02));
#1961 = ORIENTED_EDGE('',*,*,#1962,.F.);
#1962 = EDGE_CURVE('',#1963,#1948,#1965,.T.);
#1963 = VERTEX_POINT('',#1964);
#1964 = CARTESIAN_POINT('',(-0.95,-0.65,5.00001E-02));
#1965 = B_SPLINE_CURVE_WITH_KNOTS('',1,(#1966,#1967),.UNSPECIFIED.,.F.,
  .F.,(2,2),(-0.45,-8.196501333686E-02),.PIECEWISE_BEZIER_KNOTS.);
#1966 = CARTESIAN_POINT('',(-0.95,-0.65,5.00001E-02));
#1967 = CARTESIAN_POINT('',(-0.581965013337,-0.65,5.00001E-02));
#1968 = ORIENTED_EDGE('',*,*,#1969,.F.);
#1969 = EDGE_CURVE('',#1970,#1963,#1972,.T.);
#1970 = VERTEX_POINT('',#1971);
#1971 = CARTESIAN_POINT('',(-0.95,-0.6,9.999999994736E-08));
#1972 = ( BOUNDED_CURVE() B_SPLINE_CURVE(2,(#1973,#1974,#1975),
.UNSPECIFIED.,.F.,.F.) B_SPLINE_CURVE_WITH_KNOTS((3,3),(3.14159265359,
4.712388980385),.PIECEWISE_BEZIER_KNOTS.) CURVE() 
GEOMETRIC_REPRESENTATION_ITEM() RATIONAL_B_SPLINE_CURVE((1.,
0.707106781187,1.)) REPRESENTATION_ITEM('') );
#1973 = CARTESIAN_POINT('',(-0.95,-0.6,9.999999994736E-08));
#1974 = CARTESIAN_POINT('',(-0.95,-0.65,9.999999994736E-08));
#1975 = CARTESIAN_POINT('',(-0.95,-0.65,5.00001E-02));
#1976 = ORIENTED_EDGE('',*,*,#1977,.F.);
#1977 = EDGE_CURVE('',#1902,#1970,#1978,.T.);
#1978 = B_SPLINE_CURVE_WITH_KNOTS('',1,(#1979,#1980),.UNSPECIFIED.,.F.,
  .F.,(2,2),(8.196501333686E-02,0.45),.PIECEWISE_BEZIER_KNOTS.);
#1979 = CARTESIAN_POINT('',(-0.581965013337,-0.6,9.999999994736E-08));
#1980 = CARTESIAN_POINT('',(-0.95,-0.6,9.999999994736E-08));
#1981 = ( BOUNDED_SURFACE() B_SPLINE_SURFACE(2,1,(
    (#1982,#1983)
    ,(#1984,#1985)
    ,(#1986,#1987
)),.UNSPECIFIED.,.F.,.F.,.F.) B_SPLINE_SURFACE_WITH_KNOTS((3,3),(2,2),(
    3.14159265359,4.712388980385),(8.196501333686E-02,0.45),
.PIECEWISE_BEZIER_KNOTS.) GEOMETRIC_REPRESENTATION_ITEM() 
RATIONAL_B_SPLINE_SURFACE((
    (1.,1.)
    ,(0.707106781187,0.707106781187)
,(1.,1.))) REPRESENTATION_ITEM('') SURFACE() );
#1982 = CARTESIAN_POINT('',(-0.581965013337,-0.6,9.999999994736E-08));
#1983 = CARTESIAN_POINT('',(-0.95,-0.6,9.999999994736E-08));
#1984 = CARTESIAN_POINT('',(-0.581965013337,-0.65,9.999999994736E-08));
#1985 = CARTESIAN_POINT('',(-0.95,-0.65,9.999999994736E-08));
#1986 = CARTESIAN_POINT('',(-0.581965013337,-0.65,5.00001E-02));
#1987 = CARTESIAN_POINT('',(-0.95,-0.65,5.00001E-02));
#1988 = ADVANCED_FACE('',(#1989),#2078,.T.);
#1989 = FACE_BOUND('',#1990,.T.);
#1990 = EDGE_LOOP('',(#1991,#2005,#2012,#2027,#2034,#2042,#2049,#2064,
    #2071));
#1991 = ORIENTED_EDGE('',*,*,#1992,.T.);
#1992 = EDGE_CURVE('',#1993,#1995,#1997,.T.);
#1993 = VERTEX_POINT('',#1994);
#1994 = CARTESIAN_POINT('',(-0.592122327784,0.635355339059,
    1.464476094067E-02));
#1995 = VERTEX_POINT('',#1996);
#1996 = CARTESIAN_POINT('',(-0.593503615555,0.63,1.00001E-02));
#1997 = B_SPLINE_CURVE_WITH_KNOTS('',3,(#1998,#1999,#2000,#2001,#2002,
    #2003,#2004),.UNSPECIFIED.,.F.,.F.,(4,3,4),(1.19960326781E-04,
    1.201775598092E-04,1.271503097543E-04),.UNSPECIFIED.);
#1998 = CARTESIAN_POINT('',(-0.592122327784,0.635355339059,
    1.464476094067E-02));
#1999 = CARTESIAN_POINT('',(-0.592137376161,0.635304536699,
    1.459395858074E-02));
#2000 = CARTESIAN_POINT('',(-0.592152395381,0.635253620401,
    1.454326127801E-02));
#2001 = CARTESIAN_POINT('',(-0.592167385198,0.635202590807,
    1.449266978514E-02));
#2002 = CARTESIAN_POINT('',(-0.592644045125,0.633579905066,
    1.288391517205E-02));
#2003 = CARTESIAN_POINT('',(-0.593092015419,0.631838084295,
    1.137866322157E-02));
#2004 = CARTESIAN_POINT('',(-0.593503615555,0.63,1.00001E-02));
#2005 = ORIENTED_EDGE('',*,*,#2006,.T.);
#2006 = EDGE_CURVE('',#1995,#2007,#2009,.T.);
#2007 = VERTEX_POINT('',#2008);
#2008 = CARTESIAN_POINT('',(-0.590543267439,0.63,1.00001E-02));
#2009 = B_SPLINE_CURVE_WITH_KNOTS('',1,(#2010,#2011),.UNSPECIFIED.,.F.,
  .F.,(2,2),(-9.350361555485E-02,-9.054326743855E-02),
  .PIECEWISE_BEZIER_KNOTS.);
#2010 = CARTESIAN_POINT('',(-0.593503615555,0.63,1.00001E-02));
#2011 = CARTESIAN_POINT('',(-0.590543267439,0.63,1.00001E-02));
#2012 = ORIENTED_EDGE('',*,*,#2013,.T.);
#2013 = EDGE_CURVE('',#2007,#2014,#2016,.T.);
#2014 = VERTEX_POINT('',#2015);
#2015 = CARTESIAN_POINT('',(-0.581965013337,0.6,1.000000001694E-07));
#2016 = B_SPLINE_CURVE_WITH_KNOTS('',3,(#2017,#2018,#2019,#2020,#2021,
    #2022,#2023,#2024,#2025,#2026),.UNSPECIFIED.,.F.,.F.,(4,3,3,4),(
    1.444253290206E-05,1.742066164679E-05,3.481023981894E-05,
    4.750387195159E-05),.UNSPECIFIED.);
#2017 = CARTESIAN_POINT('',(-0.590543267439,0.63,1.00001E-02));
#2018 = CARTESIAN_POINT('',(-0.590314097592,0.629219186257,
    9.414489692885E-03));
#2019 = CARTESIAN_POINT('',(-0.590080499403,0.628421705693,
    8.852130051623E-03));
#2020 = CARTESIAN_POINT('',(-0.589843132624,0.627609618797,
    8.314263677485E-03));
#2021 = CARTESIAN_POINT('',(-0.588469798421,0.62291112344,
    5.202327414241E-03));
#2022 = CARTESIAN_POINT('',(-0.586946895763,0.61764037647,
    2.882343081731E-03));
#2023 = CARTESIAN_POINT('',(-0.585404121074,0.61221830468,
    1.515947633065E-03));
#2024 = CARTESIAN_POINT('',(-0.584270790874,0.60823522293,
    5.121865274051E-04));
#2025 = CARTESIAN_POINT('',(-0.583107887035,0.604104966947,
    9.999921679604E-08));
#2026 = CARTESIAN_POINT('',(-0.581965013337,0.6,1.000000001694E-07));
#2027 = ORIENTED_EDGE('',*,*,#2028,.F.);
#2028 = EDGE_CURVE('',#2029,#2014,#2031,.T.);
#2029 = VERTEX_POINT('',#2030);
#2030 = CARTESIAN_POINT('',(-0.95,0.6,1.000000000584E-07));
#2031 = B_SPLINE_CURVE_WITH_KNOTS('',1,(#2032,#2033),.UNSPECIFIED.,.F.,
  .F.,(2,2),(-0.45,-8.196501333686E-02),.PIECEWISE_BEZIER_KNOTS.);
#2032 = CARTESIAN_POINT('',(-0.95,0.6,1.000000000584E-07));
#2033 = CARTESIAN_POINT('',(-0.581965013337,0.6,1.000000000584E-07));
#2034 = ORIENTED_EDGE('',*,*,#2035,.F.);
#2035 = EDGE_CURVE('',#2036,#2029,#2038,.T.);
#2036 = VERTEX_POINT('',#2037);
#2037 = CARTESIAN_POINT('',(-0.95,0.65,5.00001E-02));
#2038 = ( BOUNDED_CURVE() B_SPLINE_CURVE(2,(#2039,#2040,#2041),
.UNSPECIFIED.,.F.,.F.) B_SPLINE_CURVE_WITH_KNOTS((3,3),(1.570796326795,
3.14159265359),.PIECEWISE_BEZIER_KNOTS.) CURVE() 
GEOMETRIC_REPRESENTATION_ITEM() RATIONAL_B_SPLINE_CURVE((1.,
0.707106781187,1.)) REPRESENTATION_ITEM('') );
#2039 = CARTESIAN_POINT('',(-0.95,0.65,5.00001E-02));
#2040 = CARTESIAN_POINT('',(-0.95,0.65,1.000000001694E-07));
#2041 = CARTESIAN_POINT('',(-0.95,0.6,1.000000001694E-07));
#2042 = ORIENTED_EDGE('',*,*,#2043,.F.);
#2043 = EDGE_CURVE('',#2044,#2036,#2046,.T.);
#2044 = VERTEX_POINT('',#2045);
#2045 = CARTESIAN_POINT('',(-0.581965013337,0.65,5.00001E-02));
#2046 = B_SPLINE_CURVE_WITH_KNOTS('',1,(#2047,#2048),.UNSPECIFIED.,.F.,
  .F.,(2,2),(8.196501333685E-02,0.45),.PIECEWISE_BEZIER_KNOTS.);
#2047 = CARTESIAN_POINT('',(-0.581965013337,0.65,5.00001E-02));
#2048 = CARTESIAN_POINT('',(-0.95,0.65,5.00001E-02));
#2049 = ORIENTED_EDGE('',*,*,#2050,.T.);
#2050 = EDGE_CURVE('',#2044,#2051,#2053,.T.);
#2051 = VERTEX_POINT('',#2052);
#2052 = CARTESIAN_POINT('',(-0.590543267439,0.64,2.00001E-02));
#2053 = B_SPLINE_CURVE_WITH_KNOTS('',3,(#2054,#2055,#2056,#2057,#2058,
    #2059,#2060,#2061,#2062,#2063),.UNSPECIFIED.,.F.,.F.,(4,3,3,4),(
    7.95615017932E-05,8.408717516572E-05,1.021243317805E-04,
    1.127243764595E-04),.UNSPECIFIED.);
#2054 = CARTESIAN_POINT('',(-0.581965013337,0.65,5.00001E-02));
#2055 = CARTESIAN_POINT('',(-0.582372620682,0.65,4.853605836188E-02));
#2056 = CARTESIAN_POINT('',(-0.582782089098,0.6499355915,
    4.70711266665E-02));
#2057 = CARTESIAN_POINT('',(-0.583191208227,0.649807174989,
    4.561315121937E-02));
#2058 = CARTESIAN_POINT('',(-0.584808565779,0.64929951011,
    3.98493835678E-02));
#2059 = CARTESIAN_POINT('',(-0.586449400666,0.647757994888,
    3.409562325077E-02));
#2060 = CARTESIAN_POINT('',(-0.587971284433,0.645297254268,
    2.883033959071E-02));
#2061 = CARTESIAN_POINT('',(-0.58886748067,0.643848190593,
    2.572975628476E-02));
#2062 = CARTESIAN_POINT('',(-0.589734563832,0.642066524782,
    2.275546637608E-02));
#2063 = CARTESIAN_POINT('',(-0.590543267439,0.64,2.00001E-02));
#2064 = ORIENTED_EDGE('',*,*,#2065,.T.);
#2065 = EDGE_CURVE('',#2051,#2066,#2068,.T.);
#2066 = VERTEX_POINT('',#2067);
#2067 = CARTESIAN_POINT('',(-0.593503615555,0.64,2.00001E-02));
#2068 = B_SPLINE_CURVE_WITH_KNOTS('',1,(#2069,#2070),.UNSPECIFIED.,.F.,
  .F.,(2,2),(9.054326743855E-02,9.350361555485E-02),
  .PIECEWISE_BEZIER_KNOTS.);
#2069 = CARTESIAN_POINT('',(-0.590543267439,0.64,2.00001E-02));
#2070 = CARTESIAN_POINT('',(-0.593503615555,0.64,2.00001E-02));
#2071 = ORIENTED_EDGE('',*,*,#2072,.T.);
#2072 = EDGE_CURVE('',#2066,#1993,#2073,.T.);
#2073 = B_SPLINE_CURVE_WITH_KNOTS('',3,(#2074,#2075,#2076,#2077),
  .UNSPECIFIED.,.F.,.F.,(4,4),(0.,7.186117161303E-06),
  .PIECEWISE_BEZIER_KNOTS.);
#2074 = CARTESIAN_POINT('',(-0.593503615555,0.64,2.00001E-02));
#2075 = CARTESIAN_POINT('',(-0.593079103155,0.638578190018,
    1.810435335782E-02));
#2076 = CARTESIAN_POINT('',(-0.592615861507,0.637021477439,
    1.631089932E-02));
#2077 = CARTESIAN_POINT('',(-0.592122327784,0.635355339059,
    1.464476094067E-02));
#2078 = ( BOUNDED_SURFACE() B_SPLINE_SURFACE(2,1,(
    (#2079,#2080)
    ,(#2081,#2082)
    ,(#2083,#2084
)),.UNSPECIFIED.,.F.,.F.,.F.) B_SPLINE_SURFACE_WITH_KNOTS((3,3),(2,2),(
    1.570796326795,3.14159265359),(8.196501333685E-02,0.45),
.PIECEWISE_BEZIER_KNOTS.) GEOMETRIC_REPRESENTATION_ITEM() 
RATIONAL_B_SPLINE_SURFACE((
    (1.,1.)
    ,(0.707106781187,0.707106781187)
,(1.,1.))) REPRESENTATION_ITEM('') SURFACE() );
#2079 = CARTESIAN_POINT('',(-0.581965013337,0.65,5.00001E-02));
#2080 = CARTESIAN_POINT('',(-0.95,0.65,5.00001E-02));
#2081 = CARTESIAN_POINT('',(-0.581965013337,0.65,1.000000000584E-07));
#2082 = CARTESIAN_POINT('',(-0.95,0.65,1.000000000584E-07));
#2083 = CARTESIAN_POINT('',(-0.581965013337,0.6,1.000000001694E-07));
#2084 = CARTESIAN_POINT('',(-0.95,0.6,1.000000001694E-07));
#2085 = ADVANCED_FACE('',(#2086),#2102,.T.);
#2086 = FACE_BOUND('',#2087,.T.);
#2087 = EDGE_LOOP('',(#2088,#2096,#2101));
#2088 = ORIENTED_EDGE('',*,*,#2089,.F.);
#2089 = EDGE_CURVE('',#2090,#1932,#2092,.T.);
#2090 = VERTEX_POINT('',#2091);
#2091 = CARTESIAN_POINT('',(-0.590543267439,-0.63,2.00001E-02));
#2092 = ( BOUNDED_CURVE() B_SPLINE_CURVE(2,(#2093,#2094,#2095),
.UNSPECIFIED.,.F.,.F.) B_SPLINE_CURVE_WITH_KNOTS((3,3),(1.856280396943,
1.860942354037),.PIECEWISE_BEZIER_KNOTS.) CURVE() 
GEOMETRIC_REPRESENTATION_ITEM() RATIONAL_B_SPLINE_CURVE((1.,
0.999997283271,1.)) REPRESENTATION_ITEM('') );
#2093 = CARTESIAN_POINT('',(-0.590543267439,-0.63,2.00001E-02));
#2094 = CARTESIAN_POINT('',(-0.592011786583,-0.63500345026,2.00001E-02)
  );
#2095 = CARTESIAN_POINT('',(-0.593503615555,-0.64,2.00001E-02));
#2096 = ORIENTED_EDGE('',*,*,#2097,.T.);
#2097 = EDGE_CURVE('',#2090,#1941,#2098,.T.);
#2098 = B_SPLINE_CURVE_WITH_KNOTS('',1,(#2099,#2100),.UNSPECIFIED.,.F.,
  .F.,(2,2),(2.331468351713E-15,1.E-02),.PIECEWISE_BEZIER_KNOTS.);
#2099 = CARTESIAN_POINT('',(-0.590543267439,-0.63,2.00001E-02));
#2100 = CARTESIAN_POINT('',(-0.590543267439,-0.64,2.00001E-02));
#2101 = ORIENTED_EDGE('',*,*,#1940,.F.);
#2102 = B_SPLINE_SURFACE_WITH_KNOTS('',1,1,(
    (#2103,#2104)
    ,(#2105,#2106
  )),.UNSPECIFIED.,.F.,.F.,.F.,(2,2),(2,2),(-1.27,-1.26),(0.306496384445
    ,0.309456732561),.PIECEWISE_BEZIER_KNOTS.);
#2103 = CARTESIAN_POINT('',(-0.593503615555,-0.64,2.00001E-02));
#2104 = CARTESIAN_POINT('',(-0.590543267439,-0.64,2.00001E-02));
#2105 = CARTESIAN_POINT('',(-0.593503615555,-0.63,2.00001E-02));
#2106 = CARTESIAN_POINT('',(-0.590543267439,-0.63,2.00001E-02));
#2107 = ADVANCED_FACE('',(#2108),#2124,.T.);
#2108 = FACE_BOUND('',#2109,.T.);
#2109 = EDGE_LOOP('',(#2110,#2111,#2118));
#2110 = ORIENTED_EDGE('',*,*,#2065,.F.);
#2111 = ORIENTED_EDGE('',*,*,#2112,.T.);
#2112 = EDGE_CURVE('',#2051,#2113,#2115,.T.);
#2113 = VERTEX_POINT('',#2114);
#2114 = CARTESIAN_POINT('',(-0.590543267439,0.63,2.00001E-02));
#2115 = B_SPLINE_CURVE_WITH_KNOTS('',1,(#2116,#2117),.UNSPECIFIED.,.F.,
  .F.,(2,2),(-1.E-02,6.550315845288E-15),.PIECEWISE_BEZIER_KNOTS.);
#2116 = CARTESIAN_POINT('',(-0.590543267439,0.64,2.00001E-02));
#2117 = CARTESIAN_POINT('',(-0.590543267439,0.63,2.00001E-02));
#2118 = ORIENTED_EDGE('',*,*,#2119,.F.);
#2119 = EDGE_CURVE('',#2066,#2113,#2120,.T.);
#2120 = ( BOUNDED_CURVE() B_SPLINE_CURVE(2,(#2121,#2122,#2123),
.UNSPECIFIED.,.F.,.F.) B_SPLINE_CURVE_WITH_KNOTS((3,3),(1.280650299553,
1.285312256647),.PIECEWISE_BEZIER_KNOTS.) CURVE() 
GEOMETRIC_REPRESENTATION_ITEM() RATIONAL_B_SPLINE_CURVE((1.,
0.999997283271,1.)) REPRESENTATION_ITEM('') );
#2121 = CARTESIAN_POINT('',(-0.593503615555,0.64,2.00001E-02));
#2122 = CARTESIAN_POINT('',(-0.592011786583,0.63500345026,2.00001E-02));
#2123 = CARTESIAN_POINT('',(-0.590543267439,0.63,2.00001E-02));
#2124 = B_SPLINE_SURFACE_WITH_KNOTS('',1,1,(
    (#2125,#2126)
    ,(#2127,#2128
    )),.UNSPECIFIED.,.F.,.F.,.F.,(2,2),(2,2),(-6.439293542826E-15,1.E-02
    ),(0.306496384445,0.309456732561),.PIECEWISE_BEZIER_KNOTS.);
#2125 = CARTESIAN_POINT('',(-0.593503615555,0.63,2.00001E-02));
#2126 = CARTESIAN_POINT('',(-0.590543267439,0.63,2.00001E-02));
#2127 = CARTESIAN_POINT('',(-0.593503615555,0.64,2.00001E-02));
#2128 = CARTESIAN_POINT('',(-0.590543267439,0.64,2.00001E-02));
#2129 = ADVANCED_FACE('',(#2130),#2153,.F.);
#2130 = FACE_BOUND('',#2131,.T.);
#2131 = EDGE_LOOP('',(#2132,#2140,#2141,#2148));
#2132 = ORIENTED_EDGE('',*,*,#2133,.T.);
#2133 = EDGE_CURVE('',#2134,#2044,#2136,.T.);
#2134 = VERTEX_POINT('',#2135);
#2135 = CARTESIAN_POINT('',(-0.581965013337,0.65,1.2500001));
#2136 = ( BOUNDED_CURVE() B_SPLINE_CURVE(2,(#2137,#2138,#2139),
.UNSPECIFIED.,.F.,.F.) B_SPLINE_CURVE_WITH_KNOTS((3,3),(1.29926041116,
1.84233224243),.PIECEWISE_BEZIER_KNOTS.) CURVE() 
GEOMETRIC_REPRESENTATION_ITEM() RATIONAL_B_SPLINE_CURVE((1.,
0.963360082758,1.)) REPRESENTATION_ITEM('') );
#2137 = CARTESIAN_POINT('',(-0.581965013337,0.65,1.2500001));
#2138 = CARTESIAN_POINT('',(-0.414917573601,0.65,0.6500001));
#2139 = CARTESIAN_POINT('',(-0.581965013337,0.65,5.00001E-02));
#2140 = ORIENTED_EDGE('',*,*,#2043,.T.);
#2141 = ORIENTED_EDGE('',*,*,#2142,.T.);
#2142 = EDGE_CURVE('',#2036,#2143,#2145,.T.);
#2143 = VERTEX_POINT('',#2144);
#2144 = CARTESIAN_POINT('',(-0.95,0.65,1.2500001));
#2145 = B_SPLINE_CURVE_WITH_KNOTS('',1,(#2146,#2147),.UNSPECIFIED.,.F.,
  .F.,(2,2),(-1.25,-5.E-02),.PIECEWISE_BEZIER_KNOTS.);
#2146 = CARTESIAN_POINT('',(-0.95,0.65,5.00001E-02));
#2147 = CARTESIAN_POINT('',(-0.95,0.65,1.2500001));
#2148 = ORIENTED_EDGE('',*,*,#2149,.T.);
#2149 = EDGE_CURVE('',#2143,#2134,#2150,.T.);
#2150 = B_SPLINE_CURVE_WITH_KNOTS('',1,(#2151,#2152),.UNSPECIFIED.,.F.,
  .F.,(2,2),(-0.45,-8.196501333686E-02),.PIECEWISE_BEZIER_KNOTS.);
#2151 = CARTESIAN_POINT('',(-0.95,0.65,1.2500001));
#2152 = CARTESIAN_POINT('',(-0.581965013337,0.65,1.2500001));
#2153 = B_SPLINE_SURFACE_WITH_KNOTS('',1,1,(
    (#2154,#2155)
    ,(#2156,#2157
  )),.UNSPECIFIED.,.F.,.F.,.F.,(2,2),(2,2),(5.E-02,1.25),(-0.45,0.),
  .PIECEWISE_BEZIER_KNOTS.);
#2154 = CARTESIAN_POINT('',(-0.95,0.65,1.2500001));
#2155 = CARTESIAN_POINT('',(-0.5,0.65,1.2500001));
#2156 = CARTESIAN_POINT('',(-0.95,0.65,5.00001E-02));
#2157 = CARTESIAN_POINT('',(-0.5,0.65,5.00001E-02));
#2158 = ADVANCED_FACE('',(#2159),#2190,.F.);
#2159 = FACE_BOUND('',#2160,.T.);
#2160 = EDGE_LOOP('',(#2161,#2171,#2178,#2185));
#2161 = ORIENTED_EDGE('',*,*,#2162,.T.);
#2162 = EDGE_CURVE('',#2163,#2165,#2167,.T.);
#2163 = VERTEX_POINT('',#2164);
#2164 = CARTESIAN_POINT('',(-0.581965013337,-0.6,1.3000001));
#2165 = VERTEX_POINT('',#2166);
#2166 = CARTESIAN_POINT('',(-0.581965013337,0.6,1.3000001));
#2167 = ( BOUNDED_CURVE() B_SPLINE_CURVE(2,(#2168,#2169,#2170),
.UNSPECIFIED.,.F.,.F.) B_SPLINE_CURVE_WITH_KNOTS((3,3),(1.29926041116,
1.84233224243),.PIECEWISE_BEZIER_KNOTS.) CURVE() 
GEOMETRIC_REPRESENTATION_ITEM() RATIONAL_B_SPLINE_CURVE((1.,
0.963360082758,1.)) REPRESENTATION_ITEM('') );
#2168 = CARTESIAN_POINT('',(-0.581965013337,-0.6,1.3000001));
#2169 = CARTESIAN_POINT('',(-0.414917573601,-2.416845236065E-15,
    1.3000001));
#2170 = CARTESIAN_POINT('',(-0.581965013337,0.6,1.3000001));
#2171 = ORIENTED_EDGE('',*,*,#2172,.T.);
#2172 = EDGE_CURVE('',#2165,#2173,#2175,.T.);
#2173 = VERTEX_POINT('',#2174);
#2174 = CARTESIAN_POINT('',(-0.95,0.6,1.3000001));
#2175 = B_SPLINE_CURVE_WITH_KNOTS('',1,(#2176,#2177),.UNSPECIFIED.,.F.,
  .F.,(2,2),(8.196501333686E-02,0.45),.PIECEWISE_BEZIER_KNOTS.);
#2176 = CARTESIAN_POINT('',(-0.581965013337,0.6,1.3000001));
#2177 = CARTESIAN_POINT('',(-0.95,0.6,1.3000001));
#2178 = ORIENTED_EDGE('',*,*,#2179,.T.);
#2179 = EDGE_CURVE('',#2173,#2180,#2182,.T.);
#2180 = VERTEX_POINT('',#2181);
#2181 = CARTESIAN_POINT('',(-0.95,-0.6,1.3000001));
#2182 = B_SPLINE_CURVE_WITH_KNOTS('',1,(#2183,#2184),.UNSPECIFIED.,.F.,
  .F.,(2,2),(-1.25,-5.E-02),.PIECEWISE_BEZIER_KNOTS.);
#2183 = CARTESIAN_POINT('',(-0.95,0.6,1.3000001));
#2184 = CARTESIAN_POINT('',(-0.95,-0.6,1.3000001));
#2185 = ORIENTED_EDGE('',*,*,#2186,.T.);
#2186 = EDGE_CURVE('',#2180,#2163,#2187,.T.);
#2187 = B_SPLINE_CURVE_WITH_KNOTS('',1,(#2188,#2189),.UNSPECIFIED.,.F.,
  .F.,(2,2),(-0.45,-8.196501333686E-02),.PIECEWISE_BEZIER_KNOTS.);
#2188 = CARTESIAN_POINT('',(-0.95,-0.6,1.3000001));
#2189 = CARTESIAN_POINT('',(-0.581965013337,-0.6,1.3000001));
#2190 = B_SPLINE_SURFACE_WITH_KNOTS('',1,1,(
    (#2191,#2192)
    ,(#2193,#2194
    )),.UNSPECIFIED.,.F.,.F.,.F.,(2,2),(2,2),(0.,0.45),(-1.25,-5.E-02),
  .PIECEWISE_BEZIER_KNOTS.);
#2191 = CARTESIAN_POINT('',(-0.5,-0.6,1.3000001));
#2192 = CARTESIAN_POINT('',(-0.5,0.6,1.3000001));
#2193 = CARTESIAN_POINT('',(-0.95,-0.6,1.3000001));
#2194 = CARTESIAN_POINT('',(-0.95,0.6,1.3000001));
#2195 = ADVANCED_FACE('',(#2196),#2219,.F.);
#2196 = FACE_BOUND('',#2197,.T.);
#2197 = EDGE_LOOP('',(#2198,#2206,#2213,#2218));
#2198 = ORIENTED_EDGE('',*,*,#2199,.T.);
#2199 = EDGE_CURVE('',#1948,#2200,#2202,.T.);
#2200 = VERTEX_POINT('',#2201);
#2201 = CARTESIAN_POINT('',(-0.581965013337,-0.65,1.2500001));
#2202 = ( BOUNDED_CURVE() B_SPLINE_CURVE(2,(#2203,#2204,#2205),
.UNSPECIFIED.,.F.,.F.) B_SPLINE_CURVE_WITH_KNOTS((3,3),(1.29926041116,
1.84233224243),.PIECEWISE_BEZIER_KNOTS.) CURVE() 
GEOMETRIC_REPRESENTATION_ITEM() RATIONAL_B_SPLINE_CURVE((1.,
0.963360082758,1.)) REPRESENTATION_ITEM('') );
#2203 = CARTESIAN_POINT('',(-0.581965013337,-0.65,5.00001E-02));
#2204 = CARTESIAN_POINT('',(-0.414917573601,-0.65,0.6500001));
#2205 = CARTESIAN_POINT('',(-0.581965013337,-0.65,1.2500001));
#2206 = ORIENTED_EDGE('',*,*,#2207,.T.);
#2207 = EDGE_CURVE('',#2200,#2208,#2210,.T.);
#2208 = VERTEX_POINT('',#2209);
#2209 = CARTESIAN_POINT('',(-0.95,-0.65,1.2500001));
#2210 = B_SPLINE_CURVE_WITH_KNOTS('',1,(#2211,#2212),.UNSPECIFIED.,.F.,
  .F.,(2,2),(8.196501333685E-02,0.45),.PIECEWISE_BEZIER_KNOTS.);
#2211 = CARTESIAN_POINT('',(-0.581965013337,-0.65,1.2500001));
#2212 = CARTESIAN_POINT('',(-0.95,-0.65,1.2500001));
#2213 = ORIENTED_EDGE('',*,*,#2214,.T.);
#2214 = EDGE_CURVE('',#2208,#1963,#2215,.T.);
#2215 = B_SPLINE_CURVE_WITH_KNOTS('',1,(#2216,#2217),.UNSPECIFIED.,.F.,
  .F.,(2,2),(-1.25,-5.E-02),.PIECEWISE_BEZIER_KNOTS.);
#2216 = CARTESIAN_POINT('',(-0.95,-0.65,1.2500001));
#2217 = CARTESIAN_POINT('',(-0.95,-0.65,5.00001E-02));
#2218 = ORIENTED_EDGE('',*,*,#1962,.T.);
#2219 = B_SPLINE_SURFACE_WITH_KNOTS('',1,1,(
    (#2220,#2221)
    ,(#2222,#2223
    )),.UNSPECIFIED.,.F.,.F.,.F.,(2,2),(2,2),(-1.25,-5.E-02),(-0.45,0.),
  .PIECEWISE_BEZIER_KNOTS.);
#2220 = CARTESIAN_POINT('',(-0.95,-0.65,5.00001E-02));
#2221 = CARTESIAN_POINT('',(-0.5,-0.65,5.00001E-02));
#2222 = CARTESIAN_POINT('',(-0.95,-0.65,1.2500001));
#2223 = CARTESIAN_POINT('',(-0.5,-0.65,1.2500001));
#2224 = ADVANCED_FACE('',(#2225),#2295,.T.);
#2225 = FACE_BOUND('',#2226,.T.);
#2226 = EDGE_LOOP('',(#2227,#2236,#2249,#2250,#2256,#2257,#2269,#2276,
    #2288));
#2227 = ORIENTED_EDGE('',*,*,#2228,.T.);
#2228 = EDGE_CURVE('',#2229,#2231,#2233,.T.);
#2229 = VERTEX_POINT('',#2230);
#2230 = CARTESIAN_POINT('',(-0.593503615555,-0.63,1.2900001));
#2231 = VERTEX_POINT('',#2232);
#2232 = CARTESIAN_POINT('',(-0.590543267439,-0.63,1.2900001));
#2233 = B_SPLINE_CURVE_WITH_KNOTS('',1,(#2234,#2235),.UNSPECIFIED.,.F.,
  .F.,(2,2),(-9.350361555485E-02,-9.054326743855E-02),
  .PIECEWISE_BEZIER_KNOTS.);
#2234 = CARTESIAN_POINT('',(-0.593503615555,-0.63,1.2900001));
#2235 = CARTESIAN_POINT('',(-0.590543267439,-0.63,1.2900001));
#2236 = ORIENTED_EDGE('',*,*,#2237,.T.);
#2237 = EDGE_CURVE('',#2231,#2163,#2238,.T.);
#2238 = B_SPLINE_CURVE_WITH_KNOTS('',3,(#2239,#2240,#2241,#2242,#2243,
    #2244,#2245,#2246,#2247,#2248),.UNSPECIFIED.,.F.,.F.,(4,3,3,4),(
    2.854244239832E-04,2.899013542051E-04,3.072093215005E-04,
    3.184718092448E-04),.UNSPECIFIED.);
#2239 = CARTESIAN_POINT('',(-0.590543267439,-0.63,1.2900001));
#2240 = CARTESIAN_POINT('',(-0.590199245668,-0.628827869679,
    1.290879197741));
#2241 = CARTESIAN_POINT('',(-0.589845131953,-0.627617790283,
    1.291706115053));
#2242 = CARTESIAN_POINT('',(-0.589483162911,-0.626376764662,
    1.292476755777));
#2243 = CARTESIAN_POINT('',(-0.588094158057,-0.621614504881,
    1.295433980238));
#2244 = CARTESIAN_POINT('',(-0.586564725724,-0.616308521846,
    1.297592199041));
#2245 = CARTESIAN_POINT('',(-0.58502269677,-0.610876201503,
    1.298802848292));
#2246 = CARTESIAN_POINT('',(-0.58401153622,-0.607314045287,
    1.299596711961));
#2247 = CARTESIAN_POINT('',(-0.582980738842,-0.603648276824,1.3000001));
#2248 = CARTESIAN_POINT('',(-0.581965013337,-0.6,1.3000001));
#2249 = ORIENTED_EDGE('',*,*,#2186,.F.);
#2250 = ORIENTED_EDGE('',*,*,#2251,.F.);
#2251 = EDGE_CURVE('',#2208,#2180,#2252,.T.);
#2252 = ( BOUNDED_CURVE() B_SPLINE_CURVE(2,(#2253,#2254,#2255),
.UNSPECIFIED.,.F.,.F.) B_SPLINE_CURVE_WITH_KNOTS((3,3),(4.712388980385,
6.28318530718),.PIECEWISE_BEZIER_KNOTS.) CURVE() 
GEOMETRIC_REPRESENTATION_ITEM() RATIONAL_B_SPLINE_CURVE((1.,
0.707106781187,1.)) REPRESENTATION_ITEM('') );
#2253 = CARTESIAN_POINT('',(-0.95,-0.65,1.2500001));
#2254 = CARTESIAN_POINT('',(-0.95,-0.65,1.3000001));
#2255 = CARTESIAN_POINT('',(-0.95,-0.6,1.3000001));
#2256 = ORIENTED_EDGE('',*,*,#2207,.F.);
#2257 = ORIENTED_EDGE('',*,*,#2258,.T.);
#2258 = EDGE_CURVE('',#2200,#2259,#2261,.T.);
#2259 = VERTEX_POINT('',#2260);
#2260 = CARTESIAN_POINT('',(-0.590543267439,-0.64,1.2800001));
#2261 = B_SPLINE_CURVE_WITH_KNOTS('',3,(#2262,#2263,#2264,#2265,#2266,
    #2267,#2268),.UNSPECIFIED.,.F.,.F.,(4,3,4),(2.389045853799E-04,
    2.557808603354E-04,2.720926564886E-04),.UNSPECIFIED.);
#2262 = CARTESIAN_POINT('',(-0.581965013337,-0.65,1.2500001));
#2263 = CARTESIAN_POINT('',(-0.583473221011,-0.65,1.255417271349));
#2264 = CARTESIAN_POINT('',(-0.585021118574,-0.649099613538,
    1.260894143586));
#2265 = CARTESIAN_POINT('',(-0.586493599667,-0.647359241718,
    1.266034507501));
#2266 = CARTESIAN_POINT('',(-0.587916109671,-0.645677932303,
    1.271000424637));
#2267 = CARTESIAN_POINT('',(-0.589301511514,-0.643173127174,
    1.275769263768));
#2268 = CARTESIAN_POINT('',(-0.590543267439,-0.64,1.2800001));
#2269 = ORIENTED_EDGE('',*,*,#2270,.T.);
#2270 = EDGE_CURVE('',#2259,#2271,#2273,.T.);
#2271 = VERTEX_POINT('',#2272);
#2272 = CARTESIAN_POINT('',(-0.593503615555,-0.64,1.2800001));
#2273 = B_SPLINE_CURVE_WITH_KNOTS('',1,(#2274,#2275),.UNSPECIFIED.,.F.,
  .F.,(2,2),(9.054326743855E-02,9.350361555485E-02),
  .PIECEWISE_BEZIER_KNOTS.);
#2274 = CARTESIAN_POINT('',(-0.590543267439,-0.64,1.2800001));
#2275 = CARTESIAN_POINT('',(-0.593503615555,-0.64,1.2800001));
#2276 = ORIENTED_EDGE('',*,*,#2277,.T.);
#2277 = EDGE_CURVE('',#2271,#2278,#2280,.T.);
#2278 = VERTEX_POINT('',#2279);
#2279 = CARTESIAN_POINT('',(-0.592122327784,-0.635355339059,
    1.285355439059));
#2280 = B_SPLINE_CURVE_WITH_KNOTS('',3,(#2281,#2282,#2283,#2284,#2285,
    #2286,#2287),.UNSPECIFIED.,.F.,.F.,(4,3,4),(2.710123887068E-04,
    2.732789857347E-04,2.781729122113E-04),.UNSPECIFIED.);
#2281 = CARTESIAN_POINT('',(-0.593503615555,-0.64,1.2800001));
#2282 = CARTESIAN_POINT('',(-0.593368861194,-0.639548670202,
    1.280601873064));
#2283 = CARTESIAN_POINT('',(-0.593230292264,-0.639084044181,
    1.281193068438));
#2284 = CARTESIAN_POINT('',(-0.593088170241,-0.638606907193,
    1.281772835434));
#2285 = CARTESIAN_POINT('',(-0.592782323603,-0.637580108244,
    1.283020494196));
#2286 = CARTESIAN_POINT('',(-0.592459468817,-0.63649350569,
    1.284217272429));
#2287 = CARTESIAN_POINT('',(-0.592122327784,-0.635355339059,
    1.285355439059));
#2288 = ORIENTED_EDGE('',*,*,#2289,.T.);
#2289 = EDGE_CURVE('',#2278,#2229,#2290,.T.);
#2290 = B_SPLINE_CURVE_WITH_KNOTS('',3,(#2291,#2292,#2293,#2294),
  .UNSPECIFIED.,.F.,.F.,(4,4),(2.793055812979E-04,2.86537312081E-04),
  .PIECEWISE_BEZIER_KNOTS.);
#2291 = CARTESIAN_POINT('',(-0.592122327784,-0.635355339059,
    1.285355439059));
#2292 = CARTESIAN_POINT('',(-0.592615861507,-0.63368920068,
    1.287021577439));
#2293 = CARTESIAN_POINT('',(-0.593079103155,-0.631895746642,
    1.288578290018));
#2294 = CARTESIAN_POINT('',(-0.593503615555,-0.63,1.2900001));
#2295 = ( BOUNDED_SURFACE() B_SPLINE_SURFACE(2,1,(
    (#2296,#2297)
    ,(#2298,#2299)
    ,(#2300,#2301
)),.UNSPECIFIED.,.F.,.F.,.F.) B_SPLINE_SURFACE_WITH_KNOTS((3,3),(2,2),(
    4.712388980385,6.28318530718),(8.196501333685E-02,0.45),
.PIECEWISE_BEZIER_KNOTS.) GEOMETRIC_REPRESENTATION_ITEM() 
RATIONAL_B_SPLINE_SURFACE((
    (1.,1.)
    ,(0.707106781187,0.707106781187)
,(1.,1.))) REPRESENTATION_ITEM('') SURFACE() );
#2296 = CARTESIAN_POINT('',(-0.581965013337,-0.65,1.2500001));
#2297 = CARTESIAN_POINT('',(-0.95,-0.65,1.2500001));
#2298 = CARTESIAN_POINT('',(-0.581965013337,-0.65,1.3000001));
#2299 = CARTESIAN_POINT('',(-0.95,-0.65,1.3000001));
#2300 = CARTESIAN_POINT('',(-0.581965013337,-0.6,1.3000001));
#2301 = CARTESIAN_POINT('',(-0.95,-0.6,1.3000001));
#2302 = ADVANCED_FACE('',(#2303),#2373,.T.);
#2303 = FACE_BOUND('',#2304,.T.);
#2304 = EDGE_LOOP('',(#2305,#2314,#2327,#2328,#2334,#2335,#2347,#2354,
    #2366));
#2305 = ORIENTED_EDGE('',*,*,#2306,.T.);
#2306 = EDGE_CURVE('',#2307,#2309,#2311,.T.);
#2307 = VERTEX_POINT('',#2308);
#2308 = CARTESIAN_POINT('',(-0.593503615555,0.64,1.2800001));
#2309 = VERTEX_POINT('',#2310);
#2310 = CARTESIAN_POINT('',(-0.590543267439,0.64,1.2800001));
#2311 = B_SPLINE_CURVE_WITH_KNOTS('',1,(#2312,#2313),.UNSPECIFIED.,.F.,
  .F.,(2,2),(-9.350361555485E-02,-9.054326743856E-02),
  .PIECEWISE_BEZIER_KNOTS.);
#2312 = CARTESIAN_POINT('',(-0.593503615555,0.64,1.2800001));
#2313 = CARTESIAN_POINT('',(-0.590543267439,0.64,1.2800001));
#2314 = ORIENTED_EDGE('',*,*,#2315,.T.);
#2315 = EDGE_CURVE('',#2309,#2134,#2316,.T.);
#2316 = B_SPLINE_CURVE_WITH_KNOTS('',3,(#2317,#2318,#2319,#2320,#2321,
    #2322,#2323,#2324,#2325,#2326),.UNSPECIFIED.,.F.,.F.,(4,3,3,4),(
    4.663409906927E-05,4.906704897819E-05,6.630514804273E-05,
    7.978738755369E-05),.UNSPECIFIED.);
#2317 = CARTESIAN_POINT('',(-0.590543267439,0.64,1.2800001));
#2318 = CARTESIAN_POINT('',(-0.590355985931,0.640478570732,
    1.279362005691));
#2319 = CARTESIAN_POINT('',(-0.590165759026,0.640941588668,
    1.278712822081));
#2320 = CARTESIAN_POINT('',(-0.589972946505,0.641388369253,
    1.278053671797));
#2321 = CARTESIAN_POINT('',(-0.588620293295,0.644522705074,1.27342948172
    ));
#2322 = CARTESIAN_POINT('',(-0.587118172026,0.646884650144,1.26823577132
    ));
#2323 = CARTESIAN_POINT('',(-0.585592807135,0.648312301517,
    1.262881152834));
#2324 = CARTESIAN_POINT('',(-0.584399626733,0.649429047844,
    1.258692629896));
#2325 = CARTESIAN_POINT('',(-0.583170906976,0.65,1.254331421596));
#2326 = CARTESIAN_POINT('',(-0.581965013337,0.65,1.2500001));
#2327 = ORIENTED_EDGE('',*,*,#2149,.F.);
#2328 = ORIENTED_EDGE('',*,*,#2329,.F.);
#2329 = EDGE_CURVE('',#2173,#2143,#2330,.T.);
#2330 = ( BOUNDED_CURVE() B_SPLINE_CURVE(2,(#2331,#2332,#2333),
.UNSPECIFIED.,.F.,.F.) B_SPLINE_CURVE_WITH_KNOTS((3,3),(0.,
1.570796326795),.PIECEWISE_BEZIER_KNOTS.) CURVE() 
GEOMETRIC_REPRESENTATION_ITEM() RATIONAL_B_SPLINE_CURVE((1.,
0.707106781187,1.)) REPRESENTATION_ITEM('') );
#2331 = CARTESIAN_POINT('',(-0.95,0.6,1.3000001));
#2332 = CARTESIAN_POINT('',(-0.95,0.65,1.3000001));
#2333 = CARTESIAN_POINT('',(-0.95,0.65,1.2500001));
#2334 = ORIENTED_EDGE('',*,*,#2172,.F.);
#2335 = ORIENTED_EDGE('',*,*,#2336,.T.);
#2336 = EDGE_CURVE('',#2165,#2337,#2339,.T.);
#2337 = VERTEX_POINT('',#2338);
#2338 = CARTESIAN_POINT('',(-0.590543267439,0.63,1.2900001));
#2339 = B_SPLINE_CURVE_WITH_KNOTS('',3,(#2340,#2341,#2342,#2343,#2344,
    #2345,#2346),.UNSPECIFIED.,.F.,.F.,(4,3,4),(1.084202172486E-19,
    1.800509807348E-05,3.316468134987E-05),.UNSPECIFIED.);
#2340 = CARTESIAN_POINT('',(-0.581965013337,0.6,1.3000001));
#2341 = CARTESIAN_POINT('',(-0.583574737478,0.60578179759,1.3000001));
#2342 = CARTESIAN_POINT('',(-0.585231213598,0.611636538617,
    1.298971201019));
#2343 = CARTESIAN_POINT('',(-0.586794104878,0.617082492531,
    1.296991465685));
#2344 = CARTESIAN_POINT('',(-0.588109953242,0.621667616037,
    1.295324662924));
#2345 = CARTESIAN_POINT('',(-0.589388224775,0.626064607985,
    1.292951644011));
#2346 = CARTESIAN_POINT('',(-0.590543267439,0.63,1.2900001));
#2347 = ORIENTED_EDGE('',*,*,#2348,.T.);
#2348 = EDGE_CURVE('',#2337,#2349,#2351,.T.);
#2349 = VERTEX_POINT('',#2350);
#2350 = CARTESIAN_POINT('',(-0.593503615555,0.63,1.2900001));
#2351 = B_SPLINE_CURVE_WITH_KNOTS('',1,(#2352,#2353),.UNSPECIFIED.,.F.,
  .F.,(2,2),(9.054326743856E-02,9.350361555485E-02),
  .PIECEWISE_BEZIER_KNOTS.);
#2352 = CARTESIAN_POINT('',(-0.590543267439,0.63,1.2900001));
#2353 = CARTESIAN_POINT('',(-0.593503615555,0.63,1.2900001));
#2354 = ORIENTED_EDGE('',*,*,#2355,.T.);
#2355 = EDGE_CURVE('',#2349,#2356,#2358,.T.);
#2356 = VERTEX_POINT('',#2357);
#2357 = CARTESIAN_POINT('',(-0.592122327784,0.635355339059,
    1.285355439059));
#2358 = B_SPLINE_CURVE_WITH_KNOTS('',3,(#2359,#2360,#2361,#2362,#2363,
    #2364,#2365),.UNSPECIFIED.,.F.,.F.,(4,3,4),(3.220127505034E-05,
    3.250815658801E-05,3.938387802707E-05),.UNSPECIFIED.);
#2359 = CARTESIAN_POINT('',(-0.593503615555,0.63,1.2900001));
#2360 = CARTESIAN_POINT('',(-0.593485330705,0.630081654724,
    1.289938858957));
#2361 = CARTESIAN_POINT('',(-0.593466976206,0.630163112343,
    1.289877375065));
#2362 = CARTESIAN_POINT('',(-0.593448552701,0.630244370681,
    1.289815650255));
#2363 = CARTESIAN_POINT('',(-0.593039199854,0.632049854092,
    1.288444183348));
#2364 = CARTESIAN_POINT('',(-0.592594655493,0.63376079083,1.286949987289
    ));
#2365 = CARTESIAN_POINT('',(-0.592122327784,0.635355339059,
    1.285355439059));
#2366 = ORIENTED_EDGE('',*,*,#2367,.T.);
#2367 = EDGE_CURVE('',#2356,#2307,#2368,.T.);
#2368 = B_SPLINE_CURVE_WITH_KNOTS('',3,(#2369,#2370,#2371,#2372),
  .UNSPECIFIED.,.F.,.F.,(4,4),(4.036768940512E-05,4.759407420575E-05),
  .PIECEWISE_BEZIER_KNOTS.);
#2369 = CARTESIAN_POINT('',(-0.592122327784,0.635355339059,
    1.285355439059));
#2370 = CARTESIAN_POINT('',(-0.592615861507,0.637021477439,1.28368930068
    ));
#2371 = CARTESIAN_POINT('',(-0.593079103155,0.638578190018,
    1.281895846642));
#2372 = CARTESIAN_POINT('',(-0.593503615555,0.64,1.2800001));
#2373 = ( BOUNDED_SURFACE() B_SPLINE_SURFACE(2,1,(
    (#2374,#2375)
    ,(#2376,#2377)
    ,(#2378,#2379
)),.UNSPECIFIED.,.F.,.F.,.F.) B_SPLINE_SURFACE_WITH_KNOTS((3,3),(2,2),(
    0.,1.570796326795),(8.196501333686E-02,0.45),
.PIECEWISE_BEZIER_KNOTS.) GEOMETRIC_REPRESENTATION_ITEM() 
RATIONAL_B_SPLINE_SURFACE((
    (1.,1.)
    ,(0.707106781187,0.707106781187)
,(1.,1.))) REPRESENTATION_ITEM('') SURFACE() );
#2374 = CARTESIAN_POINT('',(-0.581965013337,0.6,1.3000001));
#2375 = CARTESIAN_POINT('',(-0.95,0.6,1.3000001));
#2376 = CARTESIAN_POINT('',(-0.581965013337,0.65,1.3000001));
#2377 = CARTESIAN_POINT('',(-0.95,0.65,1.3000001));
#2378 = CARTESIAN_POINT('',(-0.581965013337,0.65,1.2500001));
#2379 = CARTESIAN_POINT('',(-0.95,0.65,1.2500001));
#2380 = ADVANCED_FACE('',(#2381),#2446,.T.);
#2381 = FACE_BOUND('',#2382,.T.);
#2382 = EDGE_LOOP('',(#2383,#2384,#2389,#2398,#2411,#2412,#2427,#2434,
    #2439,#2440));
#2383 = ORIENTED_EDGE('',*,*,#2013,.F.);
#2384 = ORIENTED_EDGE('',*,*,#2385,.T.);
#2385 = EDGE_CURVE('',#2007,#2113,#2386,.T.);
#2386 = B_SPLINE_CURVE_WITH_KNOTS('',1,(#2387,#2388),.UNSPECIFIED.,.F.,
  .F.,(2,2),(-9.999999999998E-03,6.661338147751E-15),
  .PIECEWISE_BEZIER_KNOTS.);
#2387 = CARTESIAN_POINT('',(-0.590543267439,0.63,1.00001E-02));
#2388 = CARTESIAN_POINT('',(-0.590543267439,0.63,2.00001E-02));
#2389 = ORIENTED_EDGE('',*,*,#2390,.T.);
#2390 = EDGE_CURVE('',#2113,#2391,#2393,.T.);
#2391 = VERTEX_POINT('',#2392);
#2392 = CARTESIAN_POINT('',(-0.586299193361,0.615355339059,
    3.464476094067E-02));
#2393 = ( BOUNDED_CURVE() B_SPLINE_CURVE(3,(#2394,#2395,#2396,#2397),
.UNSPECIFIED.,.F.,.F.) B_SPLINE_CURVE_WITH_KNOTS((4,4),(1.285312256647,
1.292128074613),.PIECEWISE_BEZIER_KNOTS.) CURVE() 
GEOMETRIC_REPRESENTATION_ITEM() RATIONAL_B_SPLINE_CURVE((1.,
0.999996128723,0.999996128723,1.)) REPRESENTATION_ITEM('') );
#2394 = CARTESIAN_POINT('',(-0.590543267439,0.63,2.00001E-02));
#2395 = CARTESIAN_POINT('',(-0.589111942895,0.625123276951,
    2.487682304922E-02));
#2396 = CARTESIAN_POINT('',(-0.587697246059,0.620241704406,
    2.975839559404E-02));
#2397 = CARTESIAN_POINT('',(-0.586299193361,0.615355339059,
    3.464476094067E-02));
#2398 = ORIENTED_EDGE('',*,*,#2399,.T.);
#2399 = EDGE_CURVE('',#2391,#1487,#2400,.T.);
#2400 = B_SPLINE_CURVE_WITH_KNOTS('',3,(#2401,#2402,#2403,#2404,#2405,
    #2406,#2407,#2408,#2409,#2410),.UNSPECIFIED.,.F.,.F.,(4,3,3,4),(0.,
    1.76141599392E-05,3.520508539565E-05,4.023997191161E-05),
  .UNSPECIFIED.);
#2401 = CARTESIAN_POINT('',(-0.586299193361,0.615355339059,
    3.464476094067E-02));
#2402 = CARTESIAN_POINT('',(-0.585134926708,0.611286084563,
    3.057550644431E-02));
#2403 = CARTESIAN_POINT('',(-0.58376937041,0.606467131209,
    2.719941096152E-02));
#2404 = CARTESIAN_POINT('',(-0.582332302368,0.601317667267,
    2.477226496124E-02));
#2405 = CARTESIAN_POINT('',(-0.580896422566,0.596172461159,
    2.234712584656E-02));
#2406 = CARTESIAN_POINT('',(-0.579350170527,0.590556429118,
    2.08000358126E-02));
#2407 = CARTESIAN_POINT('',(-0.577823185047,0.584919594657,
    2.024271272522E-02));
#2408 = CARTESIAN_POINT('',(-0.577380599639,0.583285800026,
    2.008117676489E-02));
#2409 = CARTESIAN_POINT('',(-0.576937364484,0.581642225884,2.00001E-02)
  );
#2410 = CARTESIAN_POINT('',(-0.576496507644,0.58,2.00001E-02));
#2411 = ORIENTED_EDGE('',*,*,#1486,.T.);
#2412 = ORIENTED_EDGE('',*,*,#2413,.T.);
#2413 = EDGE_CURVE('',#1489,#2414,#2416,.T.);
#2414 = VERTEX_POINT('',#2415);
#2415 = CARTESIAN_POINT('',(-0.586299193361,-0.615355339059,
    3.464476094067E-02));
#2416 = B_SPLINE_CURVE_WITH_KNOTS('',3,(#2417,#2418,#2419,#2420,#2421,
    #2422,#2423,#2424,#2425,#2426),.UNSPECIFIED.,.F.,.F.,(4,3,3,4),(0.,
    1.792079663272E-05,3.585628441639E-05,4.025475725146E-05),
  .UNSPECIFIED.);
#2417 = CARTESIAN_POINT('',(-0.576496507644,-0.58,2.00001E-02));
#2418 = CARTESIAN_POINT('',(-0.578045288674,-0.585769329326,2.00001E-02)
  );
#2419 = CARTESIAN_POINT('',(-0.579639807504,-0.591611697374,
    2.102472603588E-02));
#2420 = CARTESIAN_POINT('',(-0.58114483665,-0.597046263215,
    2.299557989405E-02));
#2421 = CARTESIAN_POINT('',(-0.582650526697,-0.602483215527,
    2.496729920928E-02));
#2422 = CARTESIAN_POINT('',(-0.584108797485,-0.607665261563,
    2.794383956298E-02));
#2423 = CARTESIAN_POINT('',(-0.585381389618,-0.612138409487,
    3.169706310128E-02));
#2424 = CARTESIAN_POINT('',(-0.585697871311,-0.6132508393,
    3.263045449131E-02));
#2425 = CARTESIAN_POINT('',(-0.586004481332,-0.614325284435,
    3.361470631648E-02));
#2426 = CARTESIAN_POINT('',(-0.586299193361,-0.615355339059,
    3.464476094067E-02));
#2427 = ORIENTED_EDGE('',*,*,#2428,.F.);
#2428 = EDGE_CURVE('',#2090,#2414,#2429,.T.);
#2429 = ( BOUNDED_CURVE() B_SPLINE_CURVE(3,(#2430,#2431,#2432,#2433),
.UNSPECIFIED.,.F.,.F.) B_SPLINE_CURVE_WITH_KNOTS((4,4),(1.285312256647,
1.292128074613),.PIECEWISE_BEZIER_KNOTS.) CURVE() 
GEOMETRIC_REPRESENTATION_ITEM() RATIONAL_B_SPLINE_CURVE((1.,
0.999996128723,0.999996128723,1.)) REPRESENTATION_ITEM('') );
#2430 = CARTESIAN_POINT('',(-0.590543267439,-0.63,2.00001E-02));
#2431 = CARTESIAN_POINT('',(-0.589111942895,-0.625123276951,
    2.487682304922E-02));
#2432 = CARTESIAN_POINT('',(-0.587697246059,-0.620241704406,
    2.975839559404E-02));
#2433 = CARTESIAN_POINT('',(-0.586299193361,-0.615355339059,
    3.464476094067E-02));
#2434 = ORIENTED_EDGE('',*,*,#2435,.T.);
#2435 = EDGE_CURVE('',#2090,#1904,#2436,.T.);
#2436 = B_SPLINE_CURVE_WITH_KNOTS('',1,(#2437,#2438),.UNSPECIFIED.,.F.,
  .F.,(2,2),(2.22044604925E-15,1.E-02),.PIECEWISE_BEZIER_KNOTS.);
#2437 = CARTESIAN_POINT('',(-0.590543267439,-0.63,2.00001E-02));
#2438 = CARTESIAN_POINT('',(-0.590543267439,-0.63,1.00001E-02));
#2439 = ORIENTED_EDGE('',*,*,#1901,.F.);
#2440 = ORIENTED_EDGE('',*,*,#2441,.F.);
#2441 = EDGE_CURVE('',#2014,#1902,#2442,.T.);
#2442 = ( BOUNDED_CURVE() B_SPLINE_CURVE(2,(#2443,#2444,#2445),
.UNSPECIFIED.,.F.,.F.) B_SPLINE_CURVE_WITH_KNOTS((3,3),(1.29926041116,
1.84233224243),.PIECEWISE_BEZIER_KNOTS.) CURVE() 
GEOMETRIC_REPRESENTATION_ITEM() RATIONAL_B_SPLINE_CURVE((1.,
0.963360082758,1.)) REPRESENTATION_ITEM('') );
#2443 = CARTESIAN_POINT('',(-0.581965013337,0.6,1.000000001694E-07));
#2444 = CARTESIAN_POINT('',(-0.414917573601,-2.024046862436E-15,
    1.000000000584E-07));
#2445 = CARTESIAN_POINT('',(-0.581965013337,-0.6,9.999999994736E-08));
#2446 = ( BOUNDED_SURFACE() B_SPLINE_SURFACE(2,1,(
    (#2447,#2448)
    ,(#2449,#2450)
    ,(#2451,#2452
)),.UNSPECIFIED.,.F.,.F.,.F.) B_SPLINE_SURFACE_WITH_KNOTS((3,3),(2,2),(
    1.285312256647,1.856280396943),(-1.464466094067E-02,2.E-02),
.PIECEWISE_BEZIER_KNOTS.) GEOMETRIC_REPRESENTATION_ITEM() 
RATIONAL_B_SPLINE_SURFACE((
    (1.,1.)
    ,(0.959525440298,0.959525440298)
,(1.,1.))) REPRESENTATION_ITEM('') SURFACE() );
#2447 = CARTESIAN_POINT('',(-0.590543267439,0.63,3.464476094067E-02));
#2448 = CARTESIAN_POINT('',(-0.590543267439,0.63,1.000000001694E-07));
#2449 = CARTESIAN_POINT('',(-0.405637449894,-7.203991585978E-15,
    3.464476094067E-02));
#2450 = CARTESIAN_POINT('',(-0.405637449894,-7.200235404312E-15,
    1.000000000584E-07));
#2451 = CARTESIAN_POINT('',(-0.590543267439,-0.63,3.464476094067E-02));
#2452 = CARTESIAN_POINT('',(-0.590543267439,-0.63,9.999999994736E-08));
#2453 = ADVANCED_FACE('',(#2454),#2465,.T.);
#2454 = FACE_BOUND('',#2455,.T.);
#2455 = EDGE_LOOP('',(#2456,#2457,#2464));
#2456 = ORIENTED_EDGE('',*,*,#2119,.T.);
#2457 = ORIENTED_EDGE('',*,*,#2458,.T.);
#2458 = EDGE_CURVE('',#2113,#1993,#2459,.T.);
#2459 = ( BOUNDED_CURVE() B_SPLINE_CURVE(3,(#2460,#2461,#2462,#2463),
.UNSPECIFIED.,.F.,.F.) B_SPLINE_CURVE_WITH_KNOTS((4,4),(4.997873050533,
5.000368886252),.PIECEWISE_BEZIER_KNOTS.) CURVE() 
GEOMETRIC_REPRESENTATION_ITEM() RATIONAL_B_SPLINE_CURVE((1.,0.9999994809
,0.9999994809,1.)) REPRESENTATION_ITEM('') );
#2460 = CARTESIAN_POINT('',(-0.590543267439,0.63,2.00001E-02));
#2461 = CARTESIAN_POINT('',(-0.591067393076,0.631785769402,
    1.821433059751E-02));
#2462 = CARTESIAN_POINT('',(-0.591593746797,0.633570883349,
    1.642921665108E-02));
#2463 = CARTESIAN_POINT('',(-0.592122327784,0.635355339059,
    1.464476094067E-02));
#2464 = ORIENTED_EDGE('',*,*,#2072,.F.);
#2465 = ( BOUNDED_SURFACE() B_SPLINE_SURFACE(2,1,(
    (#2466,#2467)
    ,(#2468,#2469)
    ,(#2470,#2471
)),.UNSPECIFIED.,.F.,.F.,.F.) B_SPLINE_SURFACE_WITH_KNOTS((3,3),(2,2),(
    1.280650299553,1.285312256647),(0.,5.35533905933E-03),
.PIECEWISE_BEZIER_KNOTS.) GEOMETRIC_REPRESENTATION_ITEM() 
RATIONAL_B_SPLINE_SURFACE((
    (1.,1.)
    ,(0.999997283271,0.999997283271)
,(1.,1.))) REPRESENTATION_ITEM('') SURFACE() );
#2466 = CARTESIAN_POINT('',(-0.593503615555,0.64,2.00001E-02));
#2467 = CARTESIAN_POINT('',(-0.593503615555,0.64,1.464476094067E-02));
#2468 = CARTESIAN_POINT('',(-0.592011786583,0.63500345026,2.00001E-02));
#2469 = CARTESIAN_POINT('',(-0.592011786583,0.63500345026,
    1.464476094067E-02));
#2470 = CARTESIAN_POINT('',(-0.590543267439,0.63,2.00001E-02));
#2471 = CARTESIAN_POINT('',(-0.590543267439,0.63,1.464476094067E-02));
#2472 = ADVANCED_FACE('',(#2473),#2484,.T.);
#2473 = FACE_BOUND('',#2474,.T.);
#2474 = EDGE_LOOP('',(#2475,#2476,#2483));
#2475 = ORIENTED_EDGE('',*,*,#1931,.F.);
#2476 = ORIENTED_EDGE('',*,*,#2477,.T.);
#2477 = EDGE_CURVE('',#1923,#2090,#2478,.T.);
#2478 = ( BOUNDED_CURVE() B_SPLINE_CURVE(3,(#2479,#2480,#2481,#2482),
.UNSPECIFIED.,.F.,.F.) B_SPLINE_CURVE_WITH_KNOTS((4,4),(1.282816420928,
1.285312256647),.PIECEWISE_BEZIER_KNOTS.) CURVE() 
GEOMETRIC_REPRESENTATION_ITEM() RATIONAL_B_SPLINE_CURVE((1.,0.9999994809
,0.9999994809,1.)) REPRESENTATION_ITEM('') );
#2479 = CARTESIAN_POINT('',(-0.592122327784,-0.635355339059,
    1.464476094068E-02));
#2480 = CARTESIAN_POINT('',(-0.591593746797,-0.633570883349,
    1.642921665108E-02));
#2481 = CARTESIAN_POINT('',(-0.591067393076,-0.631785769402,
    1.821433059751E-02));
#2482 = CARTESIAN_POINT('',(-0.590543267439,-0.63,2.00001E-02));
#2483 = ORIENTED_EDGE('',*,*,#2089,.T.);
#2484 = ( BOUNDED_SURFACE() B_SPLINE_SURFACE(2,1,(
    (#2485,#2486)
    ,(#2487,#2488)
    ,(#2489,#2490
)),.UNSPECIFIED.,.F.,.F.,.F.) B_SPLINE_SURFACE_WITH_KNOTS((3,3),(2,2),(
    1.856280396943,1.860942354037),(0.,5.355339059325E-03),
.PIECEWISE_BEZIER_KNOTS.) GEOMETRIC_REPRESENTATION_ITEM() 
RATIONAL_B_SPLINE_SURFACE((
    (1.,1.)
    ,(0.999997283271,0.999997283271)
,(1.,1.))) REPRESENTATION_ITEM('') SURFACE() );
#2485 = CARTESIAN_POINT('',(-0.590543267439,-0.63,2.00001E-02));
#2486 = CARTESIAN_POINT('',(-0.590543267439,-0.63,1.464476094068E-02));
#2487 = CARTESIAN_POINT('',(-0.592011786583,-0.63500345026,2.00001E-02)
  );
#2488 = CARTESIAN_POINT('',(-0.592011786583,-0.63500345026,
    1.464476094068E-02));
#2489 = CARTESIAN_POINT('',(-0.593503615555,-0.64,2.00001E-02));
#2490 = CARTESIAN_POINT('',(-0.593503615555,-0.64,1.464476094068E-02));
#2491 = ADVANCED_FACE('',(#2492),#2502,.F.);
#2492 = FACE_BOUND('',#2493,.T.);
#2493 = EDGE_LOOP('',(#2494,#2495,#2496,#2501));
#2494 = ORIENTED_EDGE('',*,*,#2441,.T.);
#2495 = ORIENTED_EDGE('',*,*,#1977,.T.);
#2496 = ORIENTED_EDGE('',*,*,#2497,.T.);
#2497 = EDGE_CURVE('',#1970,#2029,#2498,.T.);
#2498 = B_SPLINE_CURVE_WITH_KNOTS('',1,(#2499,#2500),.UNSPECIFIED.,.F.,
  .F.,(2,2),(-1.25,-5.E-02),.PIECEWISE_BEZIER_KNOTS.);
#2499 = CARTESIAN_POINT('',(-0.95,-0.6,9.999999994736E-08));
#2500 = CARTESIAN_POINT('',(-0.95,0.6,1.000000000584E-07));
#2501 = ORIENTED_EDGE('',*,*,#2028,.T.);
#2502 = B_SPLINE_SURFACE_WITH_KNOTS('',1,1,(
    (#2503,#2504)
    ,(#2505,#2506
  )),.UNSPECIFIED.,.F.,.F.,.F.,(2,2),(2,2),(5.E-02,1.25),(-0.45,0.),
  .PIECEWISE_BEZIER_KNOTS.);
#2503 = CARTESIAN_POINT('',(-0.95,0.6,1.000000000584E-07));
#2504 = CARTESIAN_POINT('',(-0.5,0.6,1.000000000584E-07));
#2505 = CARTESIAN_POINT('',(-0.95,-0.6,9.999999994736E-08));
#2506 = CARTESIAN_POINT('',(-0.5,-0.6,9.999999994736E-08));
#2507 = ADVANCED_FACE('',(#2508),#2540,.T.);
#2508 = FACE_BOUND('',#2509,.T.);
#2509 = EDGE_LOOP('',(#2510,#2520,#2527,#2535));
#2510 = ORIENTED_EDGE('',*,*,#2511,.T.);
#2511 = EDGE_CURVE('',#2512,#2514,#2516,.T.);
#2512 = VERTEX_POINT('',#2513);
#2513 = CARTESIAN_POINT('',(0.576496507644,-0.63,7.00001E-02));
#2514 = VERTEX_POINT('',#2515);
#2515 = CARTESIAN_POINT('',(0.576496507644,-0.63,1.2300001));
#2516 = ( BOUNDED_CURVE() B_SPLINE_CURVE(2,(#2517,#2518,#2519),
.UNSPECIFIED.,.F.,.F.) B_SPLINE_CURVE_WITH_KNOTS((3,3),(1.308528998522,
1.833063655067),.PIECEWISE_BEZIER_KNOTS.) CURVE() 
GEOMETRIC_REPRESENTATION_ITEM() RATIONAL_B_SPLINE_CURVE((1.,
0.965804608633,1.)) REPRESENTATION_ITEM('') );
#2517 = CARTESIAN_POINT('',(0.576496507644,-0.63,7.00001E-02));
#2518 = CARTESIAN_POINT('',(0.420795048025,-0.63,0.6500001));
#2519 = CARTESIAN_POINT('',(0.576496507644,-0.63,1.2300001));
#2520 = ORIENTED_EDGE('',*,*,#2521,.T.);
#2521 = EDGE_CURVE('',#2514,#2522,#2524,.T.);
#2522 = VERTEX_POINT('',#2523);
#2523 = CARTESIAN_POINT('',(-0.576496507644,-0.63,1.2300001));
#2524 = B_SPLINE_CURVE_WITH_KNOTS('',1,(#2525,#2526),.UNSPECIFIED.,.F.,
  .F.,(2,2),(-1.476496507644,-0.323503492356),.PIECEWISE_BEZIER_KNOTS.);
#2525 = CARTESIAN_POINT('',(0.576496507644,-0.63,1.2300001));
#2526 = CARTESIAN_POINT('',(-0.576496507644,-0.63,1.2300001));
#2527 = ORIENTED_EDGE('',*,*,#2528,.F.);
#2528 = EDGE_CURVE('',#2529,#2522,#2531,.T.);
#2529 = VERTEX_POINT('',#2530);
#2530 = CARTESIAN_POINT('',(-0.576496507644,-0.63,7.00001E-02));
#2531 = ( BOUNDED_CURVE() B_SPLINE_CURVE(2,(#2532,#2533,#2534),
.UNSPECIFIED.,.F.,.F.) B_SPLINE_CURVE_WITH_KNOTS((3,3),(1.308528998522,
1.833063655067),.PIECEWISE_BEZIER_KNOTS.) CURVE() 
GEOMETRIC_REPRESENTATION_ITEM() RATIONAL_B_SPLINE_CURVE((1.,
0.965804608633,1.)) REPRESENTATION_ITEM('') );
#2532 = CARTESIAN_POINT('',(-0.576496507644,-0.63,7.00001E-02));
#2533 = CARTESIAN_POINT('',(-0.420795048025,-0.63,0.6500001));
#2534 = CARTESIAN_POINT('',(-0.576496507644,-0.63,1.2300001));
#2535 = ORIENTED_EDGE('',*,*,#2536,.T.);
#2536 = EDGE_CURVE('',#2529,#2512,#2537,.T.);
#2537 = B_SPLINE_CURVE_WITH_KNOTS('',1,(#2538,#2539),.UNSPECIFIED.,.F.,
  .F.,(2,2),(0.323503492356,1.476496507644),.PIECEWISE_BEZIER_KNOTS.);
#2538 = CARTESIAN_POINT('',(-0.576496507644,-0.63,7.00001E-02));
#2539 = CARTESIAN_POINT('',(0.576496507644,-0.63,7.00001E-02));
#2540 = B_SPLINE_SURFACE_WITH_KNOTS('',1,1,(
    (#2541,#2542)
    ,(#2543,#2544
  )),.UNSPECIFIED.,.F.,.F.,.F.,(2,2),(2,2),(5.E-02,1.21),(0.323503492356
    ,1.476496507644),.PIECEWISE_BEZIER_KNOTS.);
#2541 = CARTESIAN_POINT('',(-0.576496507644,-0.63,1.2300001));
#2542 = CARTESIAN_POINT('',(0.576496507644,-0.63,1.2300001));
#2543 = CARTESIAN_POINT('',(-0.576496507644,-0.63,7.00001E-02));
#2544 = CARTESIAN_POINT('',(0.576496507644,-0.63,7.00001E-02));
#2545 = ADVANCED_FACE('',(#2546),#2578,.T.);
#2546 = FACE_BOUND('',#2547,.T.);
#2547 = EDGE_LOOP('',(#2548,#2558,#2565,#2573));
#2548 = ORIENTED_EDGE('',*,*,#2549,.F.);
#2549 = EDGE_CURVE('',#2550,#2552,#2554,.T.);
#2550 = VERTEX_POINT('',#2551);
#2551 = CARTESIAN_POINT('',(-0.576496507644,-0.58,1.2800001));
#2552 = VERTEX_POINT('',#2553);
#2553 = CARTESIAN_POINT('',(-0.576496507644,0.58,1.2800001));
#2554 = ( BOUNDED_CURVE() B_SPLINE_CURVE(2,(#2555,#2556,#2557),
.UNSPECIFIED.,.F.,.F.) B_SPLINE_CURVE_WITH_KNOTS((3,3),(1.308528998522,
1.833063655067),.PIECEWISE_BEZIER_KNOTS.) CURVE() 
GEOMETRIC_REPRESENTATION_ITEM() RATIONAL_B_SPLINE_CURVE((1.,
0.965804608633,1.)) REPRESENTATION_ITEM('') );
#2555 = CARTESIAN_POINT('',(-0.576496507644,-0.58,1.2800001));
#2556 = CARTESIAN_POINT('',(-0.420795048025,-2.414316940208E-15,
    1.2800001));
#2557 = CARTESIAN_POINT('',(-0.576496507644,0.58,1.2800001));
#2558 = ORIENTED_EDGE('',*,*,#2559,.T.);
#2559 = EDGE_CURVE('',#2550,#2560,#2562,.T.);
#2560 = VERTEX_POINT('',#2561);
#2561 = CARTESIAN_POINT('',(0.576496507644,-0.58,1.2800001));
#2562 = B_SPLINE_CURVE_WITH_KNOTS('',1,(#2563,#2564),.UNSPECIFIED.,.F.,
  .F.,(2,2),(0.323503492356,1.476496507644),.PIECEWISE_BEZIER_KNOTS.);
#2563 = CARTESIAN_POINT('',(-0.576496507644,-0.58,1.2800001));
#2564 = CARTESIAN_POINT('',(0.576496507644,-0.58,1.2800001));
#2565 = ORIENTED_EDGE('',*,*,#2566,.T.);
#2566 = EDGE_CURVE('',#2560,#2567,#2569,.T.);
#2567 = VERTEX_POINT('',#2568);
#2568 = CARTESIAN_POINT('',(0.576496507644,0.58,1.2800001));
#2569 = ( BOUNDED_CURVE() B_SPLINE_CURVE(2,(#2570,#2571,#2572),
.UNSPECIFIED.,.F.,.F.) B_SPLINE_CURVE_WITH_KNOTS((3,3),(1.308528998522,
1.833063655067),.PIECEWISE_BEZIER_KNOTS.) CURVE() 
GEOMETRIC_REPRESENTATION_ITEM() RATIONAL_B_SPLINE_CURVE((1.,
0.965804608633,1.)) REPRESENTATION_ITEM('') );
#2570 = CARTESIAN_POINT('',(0.576496507644,-0.58,1.2800001));
#2571 = CARTESIAN_POINT('',(0.420795048025,-2.414316940208E-15,1.2800001
    ));
#2572 = CARTESIAN_POINT('',(0.576496507644,0.58,1.2800001));
#2573 = ORIENTED_EDGE('',*,*,#2574,.T.);
#2574 = EDGE_CURVE('',#2567,#2552,#2575,.T.);
#2575 = B_SPLINE_CURVE_WITH_KNOTS('',1,(#2576,#2577),.UNSPECIFIED.,.F.,
  .F.,(2,2),(-1.476496507644,-0.323503492356),.PIECEWISE_BEZIER_KNOTS.);
#2576 = CARTESIAN_POINT('',(0.576496507644,0.58,1.2800001));
#2577 = CARTESIAN_POINT('',(-0.576496507644,0.58,1.2800001));
#2578 = B_SPLINE_SURFACE_WITH_KNOTS('',1,1,(
    (#2579,#2580)
    ,(#2581,#2582
  )),.UNSPECIFIED.,.F.,.F.,.F.,(2,2),(2,2),(5.E-02,1.21),(0.323503492356
    ,1.476496507644),.PIECEWISE_BEZIER_KNOTS.);
#2579 = CARTESIAN_POINT('',(-0.576496507644,0.58,1.2800001));
#2580 = CARTESIAN_POINT('',(0.576496507644,0.58,1.2800001));
#2581 = CARTESIAN_POINT('',(-0.576496507644,-0.58,1.2800001));
#2582 = CARTESIAN_POINT('',(0.576496507644,-0.58,1.2800001));
#2583 = ADVANCED_FACE('',(#2584),#2615,.T.);
#2584 = FACE_BOUND('',#2585,.T.);
#2585 = EDGE_LOOP('',(#2586,#2596,#2603,#2610));
#2586 = ORIENTED_EDGE('',*,*,#2587,.F.);
#2587 = EDGE_CURVE('',#2588,#2590,#2592,.T.);
#2588 = VERTEX_POINT('',#2589);
#2589 = CARTESIAN_POINT('',(0.581965013337,-0.65,5.00001E-02));
#2590 = VERTEX_POINT('',#2591);
#2591 = CARTESIAN_POINT('',(0.581965013337,-0.65,1.2500001));
#2592 = ( BOUNDED_CURVE() B_SPLINE_CURVE(2,(#2593,#2594,#2595),
.UNSPECIFIED.,.F.,.F.) B_SPLINE_CURVE_WITH_KNOTS((3,3),(1.29926041116,
1.84233224243),.PIECEWISE_BEZIER_KNOTS.) CURVE() 
GEOMETRIC_REPRESENTATION_ITEM() RATIONAL_B_SPLINE_CURVE((1.,
0.963360082758,1.)) REPRESENTATION_ITEM('') );
#2593 = CARTESIAN_POINT('',(0.581965013337,-0.65,5.00001E-02));
#2594 = CARTESIAN_POINT('',(0.414917573601,-0.65,0.6500001));
#2595 = CARTESIAN_POINT('',(0.581965013337,-0.65,1.2500001));
#2596 = ORIENTED_EDGE('',*,*,#2597,.T.);
#2597 = EDGE_CURVE('',#2588,#2598,#2600,.T.);
#2598 = VERTEX_POINT('',#2599);
#2599 = CARTESIAN_POINT('',(0.95,-0.65,5.00001E-02));
#2600 = B_SPLINE_CURVE_WITH_KNOTS('',1,(#2601,#2602),.UNSPECIFIED.,.F.,
  .F.,(2,2),(8.196501333686E-02,0.45),.PIECEWISE_BEZIER_KNOTS.);
#2601 = CARTESIAN_POINT('',(0.581965013337,-0.65,5.00001E-02));
#2602 = CARTESIAN_POINT('',(0.95,-0.65,5.00001E-02));
#2603 = ORIENTED_EDGE('',*,*,#2604,.T.);
#2604 = EDGE_CURVE('',#2598,#2605,#2607,.T.);
#2605 = VERTEX_POINT('',#2606);
#2606 = CARTESIAN_POINT('',(0.95,-0.65,1.2500001));
#2607 = B_SPLINE_CURVE_WITH_KNOTS('',1,(#2608,#2609),.UNSPECIFIED.,.F.,
  .F.,(2,2),(-1.25,-5.E-02),.PIECEWISE_BEZIER_KNOTS.);
#2608 = CARTESIAN_POINT('',(0.95,-0.65,5.00001E-02));
#2609 = CARTESIAN_POINT('',(0.95,-0.65,1.2500001));
#2610 = ORIENTED_EDGE('',*,*,#2611,.T.);
#2611 = EDGE_CURVE('',#2605,#2590,#2612,.T.);
#2612 = B_SPLINE_CURVE_WITH_KNOTS('',1,(#2613,#2614),.UNSPECIFIED.,.F.,
  .F.,(2,2),(-0.45,-8.196501333685E-02),.PIECEWISE_BEZIER_KNOTS.);
#2613 = CARTESIAN_POINT('',(0.95,-0.65,1.2500001));
#2614 = CARTESIAN_POINT('',(0.581965013337,-0.65,1.2500001));
#2615 = B_SPLINE_SURFACE_WITH_KNOTS('',1,1,(
    (#2616,#2617)
    ,(#2618,#2619
  )),.UNSPECIFIED.,.F.,.F.,.F.,(2,2),(2,2),(5.E-02,1.25),(0.,0.45),
  .PIECEWISE_BEZIER_KNOTS.);
#2616 = CARTESIAN_POINT('',(0.5,-0.65,1.2500001));
#2617 = CARTESIAN_POINT('',(0.95,-0.65,1.2500001));
#2618 = CARTESIAN_POINT('',(0.5,-0.65,5.00001E-02));
#2619 = CARTESIAN_POINT('',(0.95,-0.65,5.00001E-02));
#2620 = ADVANCED_FACE('',(#2621),#2652,.T.);
#2621 = FACE_BOUND('',#2622,.T.);
#2622 = EDGE_LOOP('',(#2623,#2633,#2640,#2647));
#2623 = ORIENTED_EDGE('',*,*,#2624,.F.);
#2624 = EDGE_CURVE('',#2625,#2627,#2629,.T.);
#2625 = VERTEX_POINT('',#2626);
#2626 = CARTESIAN_POINT('',(0.581965013337,-0.6,1.3000001));
#2627 = VERTEX_POINT('',#2628);
#2628 = CARTESIAN_POINT('',(0.581965013337,0.6,1.3000001));
#2629 = ( BOUNDED_CURVE() B_SPLINE_CURVE(2,(#2630,#2631,#2632),
.UNSPECIFIED.,.F.,.F.) B_SPLINE_CURVE_WITH_KNOTS((3,3),(1.29926041116,
1.84233224243),.PIECEWISE_BEZIER_KNOTS.) CURVE() 
GEOMETRIC_REPRESENTATION_ITEM() RATIONAL_B_SPLINE_CURVE((1.,
0.963360082758,1.)) REPRESENTATION_ITEM('') );
#2630 = CARTESIAN_POINT('',(0.581965013337,-0.6,1.3000001));
#2631 = CARTESIAN_POINT('',(0.414917573601,-2.416845236065E-15,1.3000001
    ));
#2632 = CARTESIAN_POINT('',(0.581965013337,0.6,1.3000001));
#2633 = ORIENTED_EDGE('',*,*,#2634,.T.);
#2634 = EDGE_CURVE('',#2625,#2635,#2637,.T.);
#2635 = VERTEX_POINT('',#2636);
#2636 = CARTESIAN_POINT('',(0.95,-0.6,1.3000001));
#2637 = B_SPLINE_CURVE_WITH_KNOTS('',1,(#2638,#2639),.UNSPECIFIED.,.F.,
  .F.,(2,2),(8.196501333686E-02,0.45),.PIECEWISE_BEZIER_KNOTS.);
#2638 = CARTESIAN_POINT('',(0.581965013337,-0.6,1.3000001));
#2639 = CARTESIAN_POINT('',(0.95,-0.6,1.3000001));
#2640 = ORIENTED_EDGE('',*,*,#2641,.T.);
#2641 = EDGE_CURVE('',#2635,#2642,#2644,.T.);
#2642 = VERTEX_POINT('',#2643);
#2643 = CARTESIAN_POINT('',(0.95,0.6,1.3000001));
#2644 = B_SPLINE_CURVE_WITH_KNOTS('',1,(#2645,#2646),.UNSPECIFIED.,.F.,
  .F.,(2,2),(-1.25,-5.E-02),.PIECEWISE_BEZIER_KNOTS.);
#2645 = CARTESIAN_POINT('',(0.95,-0.6,1.3000001));
#2646 = CARTESIAN_POINT('',(0.95,0.6,1.3000001));
#2647 = ORIENTED_EDGE('',*,*,#2648,.T.);
#2648 = EDGE_CURVE('',#2642,#2627,#2649,.T.);
#2649 = B_SPLINE_CURVE_WITH_KNOTS('',1,(#2650,#2651),.UNSPECIFIED.,.F.,
  .F.,(2,2),(-0.45,-8.196501333686E-02),.PIECEWISE_BEZIER_KNOTS.);
#2650 = CARTESIAN_POINT('',(0.95,0.6,1.3000001));
#2651 = CARTESIAN_POINT('',(0.581965013337,0.6,1.3000001));
#2652 = B_SPLINE_SURFACE_WITH_KNOTS('',1,1,(
    (#2653,#2654)
    ,(#2655,#2656
    )),.UNSPECIFIED.,.F.,.F.,.F.,(2,2),(2,2),(0.,0.45),(-1.25,-5.E-02),
  .PIECEWISE_BEZIER_KNOTS.);
#2653 = CARTESIAN_POINT('',(0.5,-0.6,1.3000001));
#2654 = CARTESIAN_POINT('',(0.5,0.6,1.3000001));
#2655 = CARTESIAN_POINT('',(0.95,-0.6,1.3000001));
#2656 = CARTESIAN_POINT('',(0.95,0.6,1.3000001));
#2657 = ADVANCED_FACE('',(#2658),#2689,.T.);
#2658 = FACE_BOUND('',#2659,.T.);
#2659 = EDGE_LOOP('',(#2660,#2670,#2677,#2684));
#2660 = ORIENTED_EDGE('',*,*,#2661,.F.);
#2661 = EDGE_CURVE('',#2662,#2664,#2666,.T.);
#2662 = VERTEX_POINT('',#2663);
#2663 = CARTESIAN_POINT('',(0.581965013337,0.65,1.2500001));
#2664 = VERTEX_POINT('',#2665);
#2665 = CARTESIAN_POINT('',(0.581965013337,0.65,5.00001E-02));
#2666 = ( BOUNDED_CURVE() B_SPLINE_CURVE(2,(#2667,#2668,#2669),
.UNSPECIFIED.,.F.,.F.) B_SPLINE_CURVE_WITH_KNOTS((3,3),(1.29926041116,
1.84233224243),.PIECEWISE_BEZIER_KNOTS.) CURVE() 
GEOMETRIC_REPRESENTATION_ITEM() RATIONAL_B_SPLINE_CURVE((1.,
0.963360082758,1.)) REPRESENTATION_ITEM('') );
#2667 = CARTESIAN_POINT('',(0.581965013337,0.65,1.2500001));
#2668 = CARTESIAN_POINT('',(0.414917573601,0.65,0.6500001));
#2669 = CARTESIAN_POINT('',(0.581965013337,0.65,5.00001E-02));
#2670 = ORIENTED_EDGE('',*,*,#2671,.T.);
#2671 = EDGE_CURVE('',#2662,#2672,#2674,.T.);
#2672 = VERTEX_POINT('',#2673);
#2673 = CARTESIAN_POINT('',(0.95,0.65,1.2500001));
#2674 = B_SPLINE_CURVE_WITH_KNOTS('',1,(#2675,#2676),.UNSPECIFIED.,.F.,
  .F.,(2,2),(8.196501333686E-02,0.45),.PIECEWISE_BEZIER_KNOTS.);
#2675 = CARTESIAN_POINT('',(0.581965013337,0.65,1.2500001));
#2676 = CARTESIAN_POINT('',(0.95,0.65,1.2500001));
#2677 = ORIENTED_EDGE('',*,*,#2678,.T.);
#2678 = EDGE_CURVE('',#2672,#2679,#2681,.T.);
#2679 = VERTEX_POINT('',#2680);
#2680 = CARTESIAN_POINT('',(0.95,0.65,5.00001E-02));
#2681 = B_SPLINE_CURVE_WITH_KNOTS('',1,(#2682,#2683),.UNSPECIFIED.,.F.,
  .F.,(2,2),(5.E-02,1.25),.PIECEWISE_BEZIER_KNOTS.);
#2682 = CARTESIAN_POINT('',(0.95,0.65,1.2500001));
#2683 = CARTESIAN_POINT('',(0.95,0.65,5.00001E-02));
#2684 = ORIENTED_EDGE('',*,*,#2685,.T.);
#2685 = EDGE_CURVE('',#2679,#2664,#2686,.T.);
#2686 = B_SPLINE_CURVE_WITH_KNOTS('',1,(#2687,#2688),.UNSPECIFIED.,.F.,
  .F.,(2,2),(-0.45,-8.196501333685E-02),.PIECEWISE_BEZIER_KNOTS.);
#2687 = CARTESIAN_POINT('',(0.95,0.65,5.00001E-02));
#2688 = CARTESIAN_POINT('',(0.581965013337,0.65,5.00001E-02));
#2689 = B_SPLINE_SURFACE_WITH_KNOTS('',1,1,(
    (#2690,#2691)
    ,(#2692,#2693
    )),.UNSPECIFIED.,.F.,.F.,.F.,(2,2),(2,2),(-1.25,-5.E-02),(0.,0.45),
  .PIECEWISE_BEZIER_KNOTS.);
#2690 = CARTESIAN_POINT('',(0.5,0.65,5.00001E-02));
#2691 = CARTESIAN_POINT('',(0.95,0.65,5.00001E-02));
#2692 = CARTESIAN_POINT('',(0.5,0.65,1.2500001));
#2693 = CARTESIAN_POINT('',(0.95,0.65,1.2500001));
#2694 = ADVANCED_FACE('',(#2695),#2719,.T.);
#2695 = FACE_BOUND('',#2696,.T.);
#2696 = EDGE_LOOP('',(#2697,#2706,#2714));
#2697 = ORIENTED_EDGE('',*,*,#2698,.F.);
#2698 = EDGE_CURVE('',#2699,#2701,#2703,.T.);
#2699 = VERTEX_POINT('',#2700);
#2700 = CARTESIAN_POINT('',(0.590543267439,-0.63,2.00001E-02));
#2701 = VERTEX_POINT('',#2702);
#2702 = CARTESIAN_POINT('',(0.590543267439,-0.64,2.00001E-02));
#2703 = B_SPLINE_CURVE_WITH_KNOTS('',1,(#2704,#2705),.UNSPECIFIED.,.F.,
  .F.,(2,2),(-6.385118996544E-30,1.E-02),.PIECEWISE_BEZIER_KNOTS.);
#2704 = CARTESIAN_POINT('',(0.590543267439,-0.63,2.00001E-02));
#2705 = CARTESIAN_POINT('',(0.590543267439,-0.64,2.00001E-02));
#2706 = ORIENTED_EDGE('',*,*,#2707,.T.);
#2707 = EDGE_CURVE('',#2699,#2708,#2710,.T.);
#2708 = VERTEX_POINT('',#2709);
#2709 = CARTESIAN_POINT('',(0.593503615555,-0.64,2.00001E-02));
#2710 = ( BOUNDED_CURVE() B_SPLINE_CURVE(2,(#2711,#2712,#2713),
.UNSPECIFIED.,.F.,.F.) B_SPLINE_CURVE_WITH_KNOTS((3,3),(1.856280396943,
1.860942354037),.PIECEWISE_BEZIER_KNOTS.) CURVE() 
GEOMETRIC_REPRESENTATION_ITEM() RATIONAL_B_SPLINE_CURVE((1.,
0.999997283271,1.)) REPRESENTATION_ITEM('') );
#2711 = CARTESIAN_POINT('',(0.590543267439,-0.63,2.00001E-02));
#2712 = CARTESIAN_POINT('',(0.592011786583,-0.63500345026,2.00001E-02));
#2713 = CARTESIAN_POINT('',(0.593503615555,-0.64,2.00001E-02));
#2714 = ORIENTED_EDGE('',*,*,#2715,.F.);
#2715 = EDGE_CURVE('',#2701,#2708,#2716,.T.);
#2716 = B_SPLINE_CURVE_WITH_KNOTS('',1,(#2717,#2718),.UNSPECIFIED.,.F.,
  .F.,(2,2),(9.054326743856E-02,9.350361555485E-02),
  .PIECEWISE_BEZIER_KNOTS.);
#2717 = CARTESIAN_POINT('',(0.590543267439,-0.64,2.00001E-02));
#2718 = CARTESIAN_POINT('',(0.593503615555,-0.64,2.00001E-02));
#2719 = B_SPLINE_SURFACE_WITH_KNOTS('',1,1,(
    (#2720,#2721)
    ,(#2722,#2723
  )),.UNSPECIFIED.,.F.,.F.,.F.,(2,2),(2,2),(-1.27,-1.26),(1.490543267439
    ,1.493503615555),.PIECEWISE_BEZIER_KNOTS.);
#2720 = CARTESIAN_POINT('',(0.590543267439,-0.64,2.00001E-02));
#2721 = CARTESIAN_POINT('',(0.593503615555,-0.64,2.00001E-02));
#2722 = CARTESIAN_POINT('',(0.590543267439,-0.63,2.00001E-02));
#2723 = CARTESIAN_POINT('',(0.593503615555,-0.63,2.00001E-02));
#2724 = ADVANCED_FACE('',(#2725),#2821,.T.);
#2725 = FACE_BOUND('',#2726,.T.);
#2726 = EDGE_LOOP('',(#2727,#2734,#2743,#2756,#2757,#2772,#2781,#2788,
    #2803,#2811));
#2727 = ORIENTED_EDGE('',*,*,#2728,.F.);
#2728 = EDGE_CURVE('',#2699,#2729,#2731,.T.);
#2729 = VERTEX_POINT('',#2730);
#2730 = CARTESIAN_POINT('',(0.590543267439,-0.63,1.00001E-02));
#2731 = B_SPLINE_CURVE_WITH_KNOTS('',1,(#2732,#2733),.UNSPECIFIED.,.F.,
  .F.,(2,2),(4.329869796038E-15,1.E-02),.PIECEWISE_BEZIER_KNOTS.);
#2732 = CARTESIAN_POINT('',(0.590543267439,-0.63,2.00001E-02));
#2733 = CARTESIAN_POINT('',(0.590543267439,-0.63,1.00001E-02));
#2734 = ORIENTED_EDGE('',*,*,#2735,.T.);
#2735 = EDGE_CURVE('',#2699,#2736,#2738,.T.);
#2736 = VERTEX_POINT('',#2737);
#2737 = CARTESIAN_POINT('',(0.586299193361,-0.615355339059,
    3.464476094067E-02));
#2738 = ( BOUNDED_CURVE() B_SPLINE_CURVE(3,(#2739,#2740,#2741,#2742),
.UNSPECIFIED.,.F.,.F.) B_SPLINE_CURVE_WITH_KNOTS((4,4),(1.285312256647,
1.292128074613),.PIECEWISE_BEZIER_KNOTS.) CURVE() 
GEOMETRIC_REPRESENTATION_ITEM() RATIONAL_B_SPLINE_CURVE((1.,
0.999996128723,0.999996128723,1.)) REPRESENTATION_ITEM('') );
#2739 = CARTESIAN_POINT('',(0.590543267439,-0.63,2.00001E-02));
#2740 = CARTESIAN_POINT('',(0.589111942895,-0.625123276951,
    2.487682304922E-02));
#2741 = CARTESIAN_POINT('',(0.587697246059,-0.620241704406,
    2.975839559404E-02));
#2742 = CARTESIAN_POINT('',(0.586299193361,-0.615355339059,
    3.464476094067E-02));
#2743 = ORIENTED_EDGE('',*,*,#2744,.T.);
#2744 = EDGE_CURVE('',#2736,#1504,#2745,.T.);
#2745 = B_SPLINE_CURVE_WITH_KNOTS('',3,(#2746,#2747,#2748,#2749,#2750,
    #2751,#2752,#2753,#2754,#2755),.UNSPECIFIED.,.F.,.F.,(4,3,3,4),(0.,
    1.76141599392E-05,3.520508539565E-05,4.023997191161E-05),
  .UNSPECIFIED.);
#2746 = CARTESIAN_POINT('',(0.586299193361,-0.615355339059,
    3.464476094067E-02));
#2747 = CARTESIAN_POINT('',(0.585134926708,-0.611286084563,
    3.057550644431E-02));
#2748 = CARTESIAN_POINT('',(0.58376937041,-0.606467131209,
    2.719941096152E-02));
#2749 = CARTESIAN_POINT('',(0.582332302368,-0.601317667267,
    2.477226496125E-02));
#2750 = CARTESIAN_POINT('',(0.580896422566,-0.596172461159,
    2.234712584657E-02));
#2751 = CARTESIAN_POINT('',(0.579350170527,-0.590556429118,
    2.08000358126E-02));
#2752 = CARTESIAN_POINT('',(0.577823185047,-0.584919594657,
    2.024271272522E-02));
#2753 = CARTESIAN_POINT('',(0.577380599639,-0.583285800026,
    2.008117676489E-02));
#2754 = CARTESIAN_POINT('',(0.576937364484,-0.581642225884,2.00001E-02)
  );
#2755 = CARTESIAN_POINT('',(0.576496507644,-0.58,2.00001E-02));
#2756 = ORIENTED_EDGE('',*,*,#1503,.F.);
#2757 = ORIENTED_EDGE('',*,*,#2758,.T.);
#2758 = EDGE_CURVE('',#1497,#2759,#2761,.T.);
#2759 = VERTEX_POINT('',#2760);
#2760 = CARTESIAN_POINT('',(0.586299193361,0.615355339059,
    3.464476094067E-02));
#2761 = B_SPLINE_CURVE_WITH_KNOTS('',3,(#2762,#2763,#2764,#2765,#2766,
    #2767,#2768,#2769,#2770,#2771),.UNSPECIFIED.,.F.,.F.,(4,3,3,4),(0.,
    1.792079663272E-05,3.585628441639E-05,4.025475725146E-05),
  .UNSPECIFIED.);
#2762 = CARTESIAN_POINT('',(0.576496507644,0.58,2.00001E-02));
#2763 = CARTESIAN_POINT('',(0.578045288674,0.585769329326,2.00001E-02));
#2764 = CARTESIAN_POINT('',(0.579639807504,0.591611697374,
    2.102472603588E-02));
#2765 = CARTESIAN_POINT('',(0.58114483665,0.597046263215,
    2.299557989405E-02));
#2766 = CARTESIAN_POINT('',(0.582650526697,0.602483215527,
    2.496729920928E-02));
#2767 = CARTESIAN_POINT('',(0.584108797485,0.607665261563,
    2.794383956298E-02));
#2768 = CARTESIAN_POINT('',(0.585381389618,0.612138409487,
    3.169706310128E-02));
#2769 = CARTESIAN_POINT('',(0.585697871311,0.6132508393,
    3.263045449131E-02));
#2770 = CARTESIAN_POINT('',(0.586004481332,0.614325284435,
    3.361470631648E-02));
#2771 = CARTESIAN_POINT('',(0.586299193361,0.615355339059,
    3.464476094067E-02));
#2772 = ORIENTED_EDGE('',*,*,#2773,.F.);
#2773 = EDGE_CURVE('',#2774,#2759,#2776,.T.);
#2774 = VERTEX_POINT('',#2775);
#2775 = CARTESIAN_POINT('',(0.590543267439,0.63,2.00001E-02));
#2776 = ( BOUNDED_CURVE() B_SPLINE_CURVE(3,(#2777,#2778,#2779,#2780),
.UNSPECIFIED.,.F.,.F.) B_SPLINE_CURVE_WITH_KNOTS((4,4),(1.285312256647,
1.292128074613),.PIECEWISE_BEZIER_KNOTS.) CURVE() 
GEOMETRIC_REPRESENTATION_ITEM() RATIONAL_B_SPLINE_CURVE((1.,
0.999996128723,0.999996128723,1.)) REPRESENTATION_ITEM('') );
#2777 = CARTESIAN_POINT('',(0.590543267439,0.63,2.00001E-02));
#2778 = CARTESIAN_POINT('',(0.589111942895,0.625123276951,
    2.487682304921E-02));
#2779 = CARTESIAN_POINT('',(0.587697246059,0.620241704406,
    2.975839559404E-02));
#2780 = CARTESIAN_POINT('',(0.586299193361,0.615355339059,
    3.464476094067E-02));
#2781 = ORIENTED_EDGE('',*,*,#2782,.F.);
#2782 = EDGE_CURVE('',#2783,#2774,#2785,.T.);
#2783 = VERTEX_POINT('',#2784);
#2784 = CARTESIAN_POINT('',(0.590543267439,0.63,1.000009999999E-02));
#2785 = B_SPLINE_CURVE_WITH_KNOTS('',1,(#2786,#2787),.UNSPECIFIED.,.F.,
  .F.,(2,2),(-1.E-02,3.10862446895E-15),.PIECEWISE_BEZIER_KNOTS.);
#2786 = CARTESIAN_POINT('',(0.590543267439,0.63,1.000009999999E-02));
#2787 = CARTESIAN_POINT('',(0.590543267439,0.63,2.00001E-02));
#2788 = ORIENTED_EDGE('',*,*,#2789,.T.);
#2789 = EDGE_CURVE('',#2783,#2790,#2792,.T.);
#2790 = VERTEX_POINT('',#2791);
#2791 = CARTESIAN_POINT('',(0.581965013337,0.6,1.000000001694E-07));
#2792 = B_SPLINE_CURVE_WITH_KNOTS('',3,(#2793,#2794,#2795,#2796,#2797,
    #2798,#2799,#2800,#2801,#2802),.UNSPECIFIED.,.F.,.F.,(4,3,3,4),(
    1.444253290206E-05,1.742066164679E-05,3.481023981894E-05,
    4.750387195159E-05),.UNSPECIFIED.);
#2793 = CARTESIAN_POINT('',(0.590543267439,0.63,1.000009999999E-02));
#2794 = CARTESIAN_POINT('',(0.590314097592,0.629219186257,
    9.414489692885E-03));
#2795 = CARTESIAN_POINT('',(0.590080499403,0.628421705693,
    8.852130051623E-03));
#2796 = CARTESIAN_POINT('',(0.589843132624,0.627609618797,
    8.314263677485E-03));
#2797 = CARTESIAN_POINT('',(0.588469798421,0.62291112344,
    5.202327414241E-03));
#2798 = CARTESIAN_POINT('',(0.586946895763,0.61764037647,
    2.882343081731E-03));
#2799 = CARTESIAN_POINT('',(0.585404121074,0.61221830468,
    1.515947633065E-03));
#2800 = CARTESIAN_POINT('',(0.584270790874,0.60823522293,
    5.121865274051E-04));
#2801 = CARTESIAN_POINT('',(0.583107887035,0.604104966947,
    9.999921668502E-08));
#2802 = CARTESIAN_POINT('',(0.581965013337,0.6,1.000000001694E-07));
#2803 = ORIENTED_EDGE('',*,*,#2804,.T.);
#2804 = EDGE_CURVE('',#2790,#2805,#2807,.T.);
#2805 = VERTEX_POINT('',#2806);
#2806 = CARTESIAN_POINT('',(0.581965013337,-0.6,9.999999994736E-08));
#2807 = ( BOUNDED_CURVE() B_SPLINE_CURVE(2,(#2808,#2809,#2810),
.UNSPECIFIED.,.F.,.F.) B_SPLINE_CURVE_WITH_KNOTS((3,3),(1.29926041116,
1.84233224243),.PIECEWISE_BEZIER_KNOTS.) CURVE() 
GEOMETRIC_REPRESENTATION_ITEM() RATIONAL_B_SPLINE_CURVE((1.,
0.963360082758,1.)) REPRESENTATION_ITEM('') );
#2808 = CARTESIAN_POINT('',(0.581965013337,0.6,1.000000001694E-07));
#2809 = CARTESIAN_POINT('',(0.414917573601,-2.024046862436E-15,
    1.000000000584E-07));
#2810 = CARTESIAN_POINT('',(0.581965013337,-0.6,9.999999994736E-08));
#2811 = ORIENTED_EDGE('',*,*,#2812,.T.);
#2812 = EDGE_CURVE('',#2805,#2729,#2813,.T.);
#2813 = B_SPLINE_CURVE_WITH_KNOTS('',3,(#2814,#2815,#2816,#2817,#2818,
    #2819,#2820),.UNSPECIFIED.,.F.,.F.,(4,3,4),(1.084202172486E-19,
    1.800509807348E-05,3.316468134987E-05),.UNSPECIFIED.);
#2814 = CARTESIAN_POINT('',(0.581965013337,-0.6,9.999999994736E-08));
#2815 = CARTESIAN_POINT('',(0.583574737478,-0.60578179759,
    1.000000001694E-07));
#2816 = CARTESIAN_POINT('',(0.585231213598,-0.611636538617,
    1.028998980769E-03));
#2817 = CARTESIAN_POINT('',(0.586794104878,-0.617082492531,
    3.008734315222E-03));
#2818 = CARTESIAN_POINT('',(0.588109953242,-0.621667616037,
    4.675537075526E-03));
#2819 = CARTESIAN_POINT('',(0.589388224775,-0.626064607985,
    7.048555988728E-03));
#2820 = CARTESIAN_POINT('',(0.590543267439,-0.63,1.00001E-02));
#2821 = ( BOUNDED_SURFACE() B_SPLINE_SURFACE(2,1,(
    (#2822,#2823)
    ,(#2824,#2825)
    ,(#2826,#2827
)),.UNSPECIFIED.,.F.,.F.,.F.) B_SPLINE_SURFACE_WITH_KNOTS((3,3),(2,2),(
    4.426904910237,4.997873050533),(-1.464466094067E-02,2.E-02),
.PIECEWISE_BEZIER_KNOTS.) GEOMETRIC_REPRESENTATION_ITEM() 
RATIONAL_B_SPLINE_SURFACE((
    (1.,1.)
    ,(0.959525440298,0.959525440298)
,(1.,1.))) REPRESENTATION_ITEM('') SURFACE() );
#2822 = CARTESIAN_POINT('',(0.590543267439,-0.63,3.464476094067E-02));
#2823 = CARTESIAN_POINT('',(0.590543267439,-0.63,9.999999994736E-08));
#2824 = CARTESIAN_POINT('',(0.405637449894,-2.598264087932E-15,
    3.464476094067E-02));
#2825 = CARTESIAN_POINT('',(0.405637449894,-2.594507906267E-15,
    1.000000000584E-07));
#2826 = CARTESIAN_POINT('',(0.590543267439,0.63,3.464476094067E-02));
#2827 = CARTESIAN_POINT('',(0.590543267439,0.63,1.000000001694E-07));
#2828 = ADVANCED_FACE('',(#2829),#2848,.T.);
#2829 = FACE_BOUND('',#2830,.T.);
#2830 = EDGE_LOOP('',(#2831,#2832,#2841));
#2831 = ORIENTED_EDGE('',*,*,#2707,.F.);
#2832 = ORIENTED_EDGE('',*,*,#2833,.T.);
#2833 = EDGE_CURVE('',#2699,#2834,#2836,.T.);
#2834 = VERTEX_POINT('',#2835);
#2835 = CARTESIAN_POINT('',(0.592122327784,-0.635355339059,
    1.464476094067E-02));
#2836 = ( BOUNDED_CURVE() B_SPLINE_CURVE(3,(#2837,#2838,#2839,#2840),
.UNSPECIFIED.,.F.,.F.) B_SPLINE_CURVE_WITH_KNOTS((4,4),(4.997873050533,
5.000368886252),.PIECEWISE_BEZIER_KNOTS.) CURVE() 
GEOMETRIC_REPRESENTATION_ITEM() RATIONAL_B_SPLINE_CURVE((1.,0.9999994809
,0.9999994809,1.)) REPRESENTATION_ITEM('') );
#2837 = CARTESIAN_POINT('',(0.590543267439,-0.63,2.00001E-02));
#2838 = CARTESIAN_POINT('',(0.591067393076,-0.631785769402,
    1.821433059751E-02));
#2839 = CARTESIAN_POINT('',(0.591593746797,-0.633570883349,
    1.642921665108E-02));
#2840 = CARTESIAN_POINT('',(0.592122327784,-0.635355339059,
    1.464476094067E-02));
#2841 = ORIENTED_EDGE('',*,*,#2842,.T.);
#2842 = EDGE_CURVE('',#2834,#2708,#2843,.T.);
#2843 = B_SPLINE_CURVE_WITH_KNOTS('',3,(#2844,#2845,#2846,#2847),
  .UNSPECIFIED.,.F.,.F.,(4,4),(4.035621895953E-05,4.751327345034E-05),
  .PIECEWISE_BEZIER_KNOTS.);
#2844 = CARTESIAN_POINT('',(0.592122327784,-0.635355339059,
    1.464476094067E-02));
#2845 = CARTESIAN_POINT('',(0.592615861507,-0.637021477439,
    1.631089931998E-02));
#2846 = CARTESIAN_POINT('',(0.593079103155,-0.638578190019,
    1.81043533573E-02));
#2847 = CARTESIAN_POINT('',(0.593503615555,-0.64,2.00001E-02));
#2848 = ( BOUNDED_SURFACE() B_SPLINE_SURFACE(2,1,(
    (#2849,#2850)
    ,(#2851,#2852)
    ,(#2853,#2854
)),.UNSPECIFIED.,.F.,.F.,.F.) B_SPLINE_SURFACE_WITH_KNOTS((3,3),(2,2),(
    4.422242953143,4.426904910237),(0.,5.355339059326E-03),
.PIECEWISE_BEZIER_KNOTS.) GEOMETRIC_REPRESENTATION_ITEM() 
RATIONAL_B_SPLINE_SURFACE((
    (1.,1.)
    ,(0.999997283271,0.999997283271)
,(1.,1.))) REPRESENTATION_ITEM('') SURFACE() );
#2849 = CARTESIAN_POINT('',(0.593503615555,-0.64,2.00001E-02));
#2850 = CARTESIAN_POINT('',(0.593503615555,-0.64,1.464476094067E-02));
#2851 = CARTESIAN_POINT('',(0.592011786583,-0.63500345026,2.00001E-02));
#2852 = CARTESIAN_POINT('',(0.592011786583,-0.63500345026,
    1.464476094067E-02));
#2853 = CARTESIAN_POINT('',(0.590543267439,-0.63,2.00001E-02));
#2854 = CARTESIAN_POINT('',(0.590543267439,-0.63,1.464476094067E-02));
#2855 = ADVANCED_FACE('',(#2856),#2878,.T.);
#2856 = FACE_BOUND('',#2857,.T.);
#2857 = EDGE_LOOP('',(#2858,#2859,#2866,#2873));
#2858 = ORIENTED_EDGE('',*,*,#2804,.F.);
#2859 = ORIENTED_EDGE('',*,*,#2860,.T.);
#2860 = EDGE_CURVE('',#2790,#2861,#2863,.T.);
#2861 = VERTEX_POINT('',#2862);
#2862 = CARTESIAN_POINT('',(0.95,0.6,1.000000000584E-07));
#2863 = B_SPLINE_CURVE_WITH_KNOTS('',1,(#2864,#2865),.UNSPECIFIED.,.F.,
  .F.,(2,2),(8.196501333686E-02,0.45),.PIECEWISE_BEZIER_KNOTS.);
#2864 = CARTESIAN_POINT('',(0.581965013337,0.6,1.000000000584E-07));
#2865 = CARTESIAN_POINT('',(0.95,0.6,1.000000000584E-07));
#2866 = ORIENTED_EDGE('',*,*,#2867,.T.);
#2867 = EDGE_CURVE('',#2861,#2868,#2870,.T.);
#2868 = VERTEX_POINT('',#2869);
#2869 = CARTESIAN_POINT('',(0.95,-0.6,9.999999994736E-08));
#2870 = B_SPLINE_CURVE_WITH_KNOTS('',1,(#2871,#2872),.UNSPECIFIED.,.F.,
  .F.,(2,2),(5.E-02,1.25),.PIECEWISE_BEZIER_KNOTS.);
#2871 = CARTESIAN_POINT('',(0.95,0.6,1.000000000584E-07));
#2872 = CARTESIAN_POINT('',(0.95,-0.6,9.999999994736E-08));
#2873 = ORIENTED_EDGE('',*,*,#2874,.T.);
#2874 = EDGE_CURVE('',#2868,#2805,#2875,.T.);
#2875 = B_SPLINE_CURVE_WITH_KNOTS('',1,(#2876,#2877),.UNSPECIFIED.,.F.,
  .F.,(2,2),(-0.45,-8.196501333686E-02),.PIECEWISE_BEZIER_KNOTS.);
#2876 = CARTESIAN_POINT('',(0.95,-0.6,9.999999994736E-08));
#2877 = CARTESIAN_POINT('',(0.581965013337,-0.6,9.999999994736E-08));
#2878 = B_SPLINE_SURFACE_WITH_KNOTS('',1,1,(
    (#2879,#2880)
    ,(#2881,#2882
    )),.UNSPECIFIED.,.F.,.F.,.F.,(2,2),(2,2),(-1.25,-5.E-02),(0.,0.45),
  .PIECEWISE_BEZIER_KNOTS.);
#2879 = CARTESIAN_POINT('',(0.5,-0.6,9.999999994736E-08));
#2880 = CARTESIAN_POINT('',(0.95,-0.6,9.999999994736E-08));
#2881 = CARTESIAN_POINT('',(0.5,0.6,1.000000000584E-07));
#2882 = CARTESIAN_POINT('',(0.95,0.6,1.000000000584E-07));
#2883 = ADVANCED_FACE('',(#2884),#2914,.T.);
#2884 = FACE_BOUND('',#2885,.T.);
#2885 = EDGE_LOOP('',(#2886,#2895,#2902,#2909));
#2886 = ORIENTED_EDGE('',*,*,#2887,.T.);
#2887 = EDGE_CURVE('',#2888,#2890,#2892,.T.);
#2888 = VERTEX_POINT('',#2889);
#2889 = CARTESIAN_POINT('',(1.,0.6,1.2500001));
#2890 = VERTEX_POINT('',#2891);
#2891 = CARTESIAN_POINT('',(1.,-0.6,1.2500001));
#2892 = B_SPLINE_CURVE_WITH_KNOTS('',1,(#2893,#2894),.UNSPECIFIED.,.F.,
  .F.,(2,2),(-0.6,0.6),.PIECEWISE_BEZIER_KNOTS.);
#2893 = CARTESIAN_POINT('',(1.,0.6,1.2500001));
#2894 = CARTESIAN_POINT('',(1.,-0.6,1.2500001));
#2895 = ORIENTED_EDGE('',*,*,#2896,.T.);
#2896 = EDGE_CURVE('',#2890,#2897,#2899,.T.);
#2897 = VERTEX_POINT('',#2898);
#2898 = CARTESIAN_POINT('',(1.,-0.6,5.00001E-02));
#2899 = B_SPLINE_CURVE_WITH_KNOTS('',1,(#2900,#2901),.UNSPECIFIED.,.F.,
  .F.,(2,2),(-0.6,0.6),.PIECEWISE_BEZIER_KNOTS.);
#2900 = CARTESIAN_POINT('',(1.,-0.6,1.2500001));
#2901 = CARTESIAN_POINT('',(1.,-0.6,5.00001E-02));
#2902 = ORIENTED_EDGE('',*,*,#2903,.T.);
#2903 = EDGE_CURVE('',#2897,#2904,#2906,.T.);
#2904 = VERTEX_POINT('',#2905);
#2905 = CARTESIAN_POINT('',(1.,0.6,5.00001E-02));
#2906 = B_SPLINE_CURVE_WITH_KNOTS('',1,(#2907,#2908),.UNSPECIFIED.,.F.,
  .F.,(2,2),(-0.6,0.6),.PIECEWISE_BEZIER_KNOTS.);
#2907 = CARTESIAN_POINT('',(1.,-0.6,5.00001E-02));
#2908 = CARTESIAN_POINT('',(1.,0.6,5.00001E-02));
#2909 = ORIENTED_EDGE('',*,*,#2910,.T.);
#2910 = EDGE_CURVE('',#2904,#2888,#2911,.T.);
#2911 = B_SPLINE_CURVE_WITH_KNOTS('',1,(#2912,#2913),.UNSPECIFIED.,.F.,
  .F.,(2,2),(-0.6,0.6),.PIECEWISE_BEZIER_KNOTS.);
#2912 = CARTESIAN_POINT('',(1.,0.6,5.00001E-02));
#2913 = CARTESIAN_POINT('',(1.,0.6,1.2500001));
#2914 = B_SPLINE_SURFACE_WITH_KNOTS('',1,1,(
    (#2915,#2916)
    ,(#2917,#2918
    )),.UNSPECIFIED.,.F.,.F.,.F.,(2,2),(2,2),(-0.6,0.6),(-0.6,0.6),
  .PIECEWISE_BEZIER_KNOTS.);
#2915 = CARTESIAN_POINT('',(1.,-0.6,1.2500001));
#2916 = CARTESIAN_POINT('',(1.,0.6,1.2500001));
#2917 = CARTESIAN_POINT('',(1.,-0.6,5.00001E-02));
#2918 = CARTESIAN_POINT('',(1.,0.6,5.00001E-02));
#2919 = ADVANCED_FACE('',(#2920),#2942,.T.);
#2920 = FACE_BOUND('',#2921,.T.);
#2921 = EDGE_LOOP('',(#2922,#2929,#2936));
#2922 = ORIENTED_EDGE('',*,*,#2923,.F.);
#2923 = EDGE_CURVE('',#2924,#2774,#2926,.T.);
#2924 = VERTEX_POINT('',#2925);
#2925 = CARTESIAN_POINT('',(0.590543267439,0.64,2.00001E-02));
#2926 = B_SPLINE_CURVE_WITH_KNOTS('',1,(#2927,#2928),.UNSPECIFIED.,.F.,
  .F.,(2,2),(-1.E-02,-3.452579488732E-29),.PIECEWISE_BEZIER_KNOTS.);
#2927 = CARTESIAN_POINT('',(0.590543267439,0.64,2.00001E-02));
#2928 = CARTESIAN_POINT('',(0.590543267439,0.63,2.00001E-02));
#2929 = ORIENTED_EDGE('',*,*,#2930,.F.);
#2930 = EDGE_CURVE('',#2931,#2924,#2933,.T.);
#2931 = VERTEX_POINT('',#2932);
#2932 = CARTESIAN_POINT('',(0.593503615555,0.64,2.00001E-02));
#2933 = B_SPLINE_CURVE_WITH_KNOTS('',1,(#2934,#2935),.UNSPECIFIED.,.F.,
  .F.,(2,2),(-9.350361555485E-02,-9.054326743855E-02),
  .PIECEWISE_BEZIER_KNOTS.);
#2934 = CARTESIAN_POINT('',(0.593503615555,0.64,2.00001E-02));
#2935 = CARTESIAN_POINT('',(0.590543267439,0.64,2.00001E-02));
#2936 = ORIENTED_EDGE('',*,*,#2937,.T.);
#2937 = EDGE_CURVE('',#2931,#2774,#2938,.T.);
#2938 = ( BOUNDED_CURVE() B_SPLINE_CURVE(2,(#2939,#2940,#2941),
.UNSPECIFIED.,.F.,.F.) B_SPLINE_CURVE_WITH_KNOTS((3,3),(1.280650299553,
1.285312256647),.PIECEWISE_BEZIER_KNOTS.) CURVE() 
GEOMETRIC_REPRESENTATION_ITEM() RATIONAL_B_SPLINE_CURVE((1.,
0.999997283271,1.)) REPRESENTATION_ITEM('') );
#2939 = CARTESIAN_POINT('',(0.593503615555,0.64,2.00001E-02));
#2940 = CARTESIAN_POINT('',(0.592011786583,0.63500345026,2.00001E-02));
#2941 = CARTESIAN_POINT('',(0.590543267439,0.63,2.00001E-02));
#2942 = B_SPLINE_SURFACE_WITH_KNOTS('',1,1,(
    (#2943,#2944)
    ,(#2945,#2946
    )),.UNSPECIFIED.,.F.,.F.,.F.,(2,2),(2,2),(1.110223024626E-16,1.E-02)
  ,(1.490543267439,1.493503615555),.PIECEWISE_BEZIER_KNOTS.);
#2943 = CARTESIAN_POINT('',(0.590543267439,0.63,2.00001E-02));
#2944 = CARTESIAN_POINT('',(0.593503615555,0.63,2.00001E-02));
#2945 = CARTESIAN_POINT('',(0.590543267439,0.64,2.00001E-02));
#2946 = CARTESIAN_POINT('',(0.593503615555,0.64,2.00001E-02));
#2947 = ADVANCED_FACE('',(#2948),#3018,.T.);
#2948 = FACE_BOUND('',#2949,.T.);
#2949 = EDGE_LOOP('',(#2950,#2962,#2963,#2969,#2970,#2985,#2992,#3001,
    #3013));
#2950 = ORIENTED_EDGE('',*,*,#2951,.F.);
#2951 = EDGE_CURVE('',#2627,#2952,#2954,.T.);
#2952 = VERTEX_POINT('',#2953);
#2953 = CARTESIAN_POINT('',(0.590543267439,0.63,1.2900001));
#2954 = B_SPLINE_CURVE_WITH_KNOTS('',3,(#2955,#2956,#2957,#2958,#2959,
    #2960,#2961),.UNSPECIFIED.,.F.,.F.,(4,3,4),(1.084202172486E-19,
    1.800509807348E-05,3.316468134987E-05),.UNSPECIFIED.);
#2955 = CARTESIAN_POINT('',(0.581965013337,0.6,1.3000001));
#2956 = CARTESIAN_POINT('',(0.583574737478,0.60578179759,1.3000001));
#2957 = CARTESIAN_POINT('',(0.585231213598,0.611636538617,1.298971201019
    ));
#2958 = CARTESIAN_POINT('',(0.586794104878,0.617082492531,1.296991465685
    ));
#2959 = CARTESIAN_POINT('',(0.588109953242,0.621667616037,1.295324662924
    ));
#2960 = CARTESIAN_POINT('',(0.589388224775,0.626064607985,1.292951644011
    ));
#2961 = CARTESIAN_POINT('',(0.590543267439,0.63,1.2900001));
#2962 = ORIENTED_EDGE('',*,*,#2648,.F.);
#2963 = ORIENTED_EDGE('',*,*,#2964,.F.);
#2964 = EDGE_CURVE('',#2672,#2642,#2965,.T.);
#2965 = ( BOUNDED_CURVE() B_SPLINE_CURVE(2,(#2966,#2967,#2968),
.UNSPECIFIED.,.F.,.F.) B_SPLINE_CURVE_WITH_KNOTS((3,3),(1.570796326795,
3.14159265359),.PIECEWISE_BEZIER_KNOTS.) CURVE() 
GEOMETRIC_REPRESENTATION_ITEM() RATIONAL_B_SPLINE_CURVE((1.,
0.707106781187,1.)) REPRESENTATION_ITEM('') );
#2966 = CARTESIAN_POINT('',(0.95,0.65,1.2500001));
#2967 = CARTESIAN_POINT('',(0.95,0.65,1.3000001));
#2968 = CARTESIAN_POINT('',(0.95,0.6,1.3000001));
#2969 = ORIENTED_EDGE('',*,*,#2671,.F.);
#2970 = ORIENTED_EDGE('',*,*,#2971,.F.);
#2971 = EDGE_CURVE('',#2972,#2662,#2974,.T.);
#2972 = VERTEX_POINT('',#2973);
#2973 = CARTESIAN_POINT('',(0.590543267439,0.64,1.2800001));
#2974 = B_SPLINE_CURVE_WITH_KNOTS('',3,(#2975,#2976,#2977,#2978,#2979,
    #2980,#2981,#2982,#2983,#2984),.UNSPECIFIED.,.F.,.F.,(4,3,3,4),(
    4.663409906927E-05,4.906704897821E-05,6.630514804286E-05,
    7.971784443615E-05),.UNSPECIFIED.);
#2975 = CARTESIAN_POINT('',(0.590543267439,0.64,1.2800001));
#2976 = CARTESIAN_POINT('',(0.590355985931,0.640478570732,1.279362005691
    ));
#2977 = CARTESIAN_POINT('',(0.590165759026,0.640941588668,1.278712822081
    ));
#2978 = CARTESIAN_POINT('',(0.589972946505,0.641388369253,1.278053671797
    ));
#2979 = CARTESIAN_POINT('',(0.588620293295,0.644522705074,1.27342948172)
  );
#2980 = CARTESIAN_POINT('',(0.587118172026,0.646884650144,1.26823577132)
  );
#2981 = CARTESIAN_POINT('',(0.585592807135,0.648312301517,1.262881152834
    ));
#2982 = CARTESIAN_POINT('',(0.584399626733,0.649429047844,1.258692629896
    ));
#2983 = CARTESIAN_POINT('',(0.583170906976,0.650000000002,1.254331421596
    ));
#2984 = CARTESIAN_POINT('',(0.581965013337,0.65,1.2500001));
#2985 = ORIENTED_EDGE('',*,*,#2986,.T.);
#2986 = EDGE_CURVE('',#2972,#2987,#2989,.T.);
#2987 = VERTEX_POINT('',#2988);
#2988 = CARTESIAN_POINT('',(0.593503615555,0.64,1.2800001));
#2989 = B_SPLINE_CURVE_WITH_KNOTS('',1,(#2990,#2991),.UNSPECIFIED.,.F.,
  .F.,(2,2),(9.054326743856E-02,9.350361555485E-02),
  .PIECEWISE_BEZIER_KNOTS.);
#2990 = CARTESIAN_POINT('',(0.590543267439,0.64,1.2800001));
#2991 = CARTESIAN_POINT('',(0.593503615555,0.64,1.2800001));
#2992 = ORIENTED_EDGE('',*,*,#2993,.F.);
#2993 = EDGE_CURVE('',#2994,#2987,#2996,.T.);
#2994 = VERTEX_POINT('',#2995);
#2995 = CARTESIAN_POINT('',(0.592122327784,0.635355339059,1.285355439059
    ));
#2996 = B_SPLINE_CURVE_WITH_KNOTS('',3,(#2997,#2998,#2999,#3000),
  .UNSPECIFIED.,.F.,.F.,(4,4),(4.036768940512E-05,4.759407420575E-05),
  .PIECEWISE_BEZIER_KNOTS.);
#2997 = CARTESIAN_POINT('',(0.592122327784,0.635355339059,1.285355439059
    ));
#2998 = CARTESIAN_POINT('',(0.592615861507,0.637021477439,1.28368930068)
  );
#2999 = CARTESIAN_POINT('',(0.593079103155,0.638578190018,1.281895846642
    ));
#3000 = CARTESIAN_POINT('',(0.593503615555,0.64,1.2800001));
#3001 = ORIENTED_EDGE('',*,*,#3002,.F.);
#3002 = EDGE_CURVE('',#3003,#2994,#3005,.T.);
#3003 = VERTEX_POINT('',#3004);
#3004 = CARTESIAN_POINT('',(0.593503615555,0.63,1.2900001));
#3005 = B_SPLINE_CURVE_WITH_KNOTS('',3,(#3006,#3007,#3008,#3009,#3010,
    #3011,#3012),.UNSPECIFIED.,.F.,.F.,(4,3,4),(3.220127505034E-05,
    3.250815658801E-05,3.938387802707E-05),.UNSPECIFIED.);
#3006 = CARTESIAN_POINT('',(0.593503615555,0.63,1.2900001));
#3007 = CARTESIAN_POINT('',(0.593485330705,0.630081654724,1.289938858957
    ));
#3008 = CARTESIAN_POINT('',(0.593466976206,0.630163112343,1.289877375065
    ));
#3009 = CARTESIAN_POINT('',(0.593448552701,0.630244370681,1.289815650255
    ));
#3010 = CARTESIAN_POINT('',(0.593039199854,0.632049854092,1.288444183348
    ));
#3011 = CARTESIAN_POINT('',(0.592594655493,0.63376079083,1.286949987289)
  );
#3012 = CARTESIAN_POINT('',(0.592122327784,0.635355339059,1.285355439059
    ));
#3013 = ORIENTED_EDGE('',*,*,#3014,.T.);
#3014 = EDGE_CURVE('',#3003,#2952,#3015,.T.);
#3015 = B_SPLINE_CURVE_WITH_KNOTS('',1,(#3016,#3017),.UNSPECIFIED.,.F.,
  .F.,(2,2),(-9.350361555485E-02,-9.054326743856E-02),
  .PIECEWISE_BEZIER_KNOTS.);
#3016 = CARTESIAN_POINT('',(0.593503615555,0.63,1.2900001));
#3017 = CARTESIAN_POINT('',(0.590543267439,0.63,1.2900001));
#3018 = ( BOUNDED_SURFACE() B_SPLINE_SURFACE(2,1,(
    (#3019,#3020)
    ,(#3021,#3022)
    ,(#3023,#3024
)),.UNSPECIFIED.,.F.,.F.,.F.) B_SPLINE_SURFACE_WITH_KNOTS((3,3),(2,2),(
    1.570796326795,3.14159265359),(8.196501333686E-02,0.45),
.PIECEWISE_BEZIER_KNOTS.) GEOMETRIC_REPRESENTATION_ITEM() 
RATIONAL_B_SPLINE_SURFACE((
    (1.,1.)
    ,(0.707106781187,0.707106781187)
,(1.,1.))) REPRESENTATION_ITEM('') SURFACE() );
#3019 = CARTESIAN_POINT('',(0.581965013337,0.65,1.2500001));
#3020 = CARTESIAN_POINT('',(0.95,0.65,1.2500001));
#3021 = CARTESIAN_POINT('',(0.581965013337,0.65,1.3000001));
#3022 = CARTESIAN_POINT('',(0.95,0.65,1.3000001));
#3023 = CARTESIAN_POINT('',(0.581965013337,0.6,1.3000001));
#3024 = CARTESIAN_POINT('',(0.95,0.6,1.3000001));
#3025 = ADVANCED_FACE('',(#3026),#3042,.T.);
#3026 = FACE_BOUND('',#3027,.T.);
#3027 = EDGE_LOOP('',(#3028,#3034,#3035,#3041));
#3028 = ORIENTED_EDGE('',*,*,#3029,.F.);
#3029 = EDGE_CURVE('',#2679,#2904,#3030,.T.);
#3030 = ( BOUNDED_CURVE() B_SPLINE_CURVE(2,(#3031,#3032,#3033),
.UNSPECIFIED.,.F.,.F.) B_SPLINE_CURVE_WITH_KNOTS((3,3),(1.570796326795,
3.14159265359),.PIECEWISE_BEZIER_KNOTS.) CURVE() 
GEOMETRIC_REPRESENTATION_ITEM() RATIONAL_B_SPLINE_CURVE((1.,
0.707106781187,1.)) REPRESENTATION_ITEM('') );
#3031 = CARTESIAN_POINT('',(0.95,0.65,5.00001E-02));
#3032 = CARTESIAN_POINT('',(1.,0.65,5.00001E-02));
#3033 = CARTESIAN_POINT('',(1.,0.6,5.00001E-02));
#3034 = ORIENTED_EDGE('',*,*,#2678,.F.);
#3035 = ORIENTED_EDGE('',*,*,#3036,.F.);
#3036 = EDGE_CURVE('',#2888,#2672,#3037,.T.);
#3037 = ( BOUNDED_CURVE() B_SPLINE_CURVE(2,(#3038,#3039,#3040),
.UNSPECIFIED.,.F.,.F.) B_SPLINE_CURVE_WITH_KNOTS((3,3),(0.,
1.570796326795),.PIECEWISE_BEZIER_KNOTS.) CURVE() 
GEOMETRIC_REPRESENTATION_ITEM() RATIONAL_B_SPLINE_CURVE((1.,
0.707106781187,1.)) REPRESENTATION_ITEM('') );
#3038 = CARTESIAN_POINT('',(1.,0.6,1.2500001));
#3039 = CARTESIAN_POINT('',(1.,0.65,1.2500001));
#3040 = CARTESIAN_POINT('',(0.95,0.65,1.2500001));
#3041 = ORIENTED_EDGE('',*,*,#2910,.F.);
#3042 = ( BOUNDED_SURFACE() B_SPLINE_SURFACE(2,1,(
    (#3043,#3044)
    ,(#3045,#3046)
    ,(#3047,#3048
)),.UNSPECIFIED.,.F.,.F.,.F.) B_SPLINE_SURFACE_WITH_KNOTS((3,3),(2,2),(
    0.,1.570796326795),(-0.6,0.6),.PIECEWISE_BEZIER_KNOTS.) 
GEOMETRIC_REPRESENTATION_ITEM() RATIONAL_B_SPLINE_SURFACE((
    (1.,1.)
    ,(0.707106781187,0.707106781187)
,(1.,1.))) REPRESENTATION_ITEM('') SURFACE() );
#3043 = CARTESIAN_POINT('',(1.,0.6,5.00001E-02));
#3044 = CARTESIAN_POINT('',(1.,0.6,1.2500001));
#3045 = CARTESIAN_POINT('',(1.,0.65,5.00001E-02));
#3046 = CARTESIAN_POINT('',(1.,0.65,1.2500001));
#3047 = CARTESIAN_POINT('',(0.95,0.65,5.00001E-02));
#3048 = CARTESIAN_POINT('',(0.95,0.65,1.2500001));
#3049 = ADVANCED_FACE('',(#3050),#3095,.T.);
#3050 = FACE_BOUND('',#3051,.T.);
#3051 = EDGE_LOOP('',(#3052,#3062,#3063,#3069,#3070,#3071,#3078,#3087,
    #3094));
#3052 = ORIENTED_EDGE('',*,*,#3053,.F.);
#3053 = EDGE_CURVE('',#2664,#2924,#3054,.T.);
#3054 = B_SPLINE_CURVE_WITH_KNOTS('',3,(#3055,#3056,#3057,#3058,#3059,
    #3060,#3061),.UNSPECIFIED.,.F.,.F.,(4,3,4),(2.389045853799E-04,
    2.557808603354E-04,2.720926564886E-04),.UNSPECIFIED.);
#3055 = CARTESIAN_POINT('',(0.581965013337,0.65,5.00001E-02));
#3056 = CARTESIAN_POINT('',(0.583473221011,0.65,4.458292865062E-02));
#3057 = CARTESIAN_POINT('',(0.585021118574,0.649099613538,
    3.910605641398E-02));
#3058 = CARTESIAN_POINT('',(0.586493599667,0.647359241718,
    3.396569249927E-02));
#3059 = CARTESIAN_POINT('',(0.587916109671,0.645677932303,
    2.899977536293E-02));
#3060 = CARTESIAN_POINT('',(0.589301511514,0.643173127174,
    2.42309362323E-02));
#3061 = CARTESIAN_POINT('',(0.590543267439,0.64,2.00001E-02));
#3062 = ORIENTED_EDGE('',*,*,#2685,.F.);
#3063 = ORIENTED_EDGE('',*,*,#3064,.F.);
#3064 = EDGE_CURVE('',#2861,#2679,#3065,.T.);
#3065 = ( BOUNDED_CURVE() B_SPLINE_CURVE(2,(#3066,#3067,#3068),
.UNSPECIFIED.,.F.,.F.) B_SPLINE_CURVE_WITH_KNOTS((3,3),(0.,
1.570796326795),.PIECEWISE_BEZIER_KNOTS.) CURVE() 
GEOMETRIC_REPRESENTATION_ITEM() RATIONAL_B_SPLINE_CURVE((1.,
0.707106781187,1.)) REPRESENTATION_ITEM('') );
#3066 = CARTESIAN_POINT('',(0.95,0.6,1.000000000584E-07));
#3067 = CARTESIAN_POINT('',(0.95,0.65,1.000000000584E-07));
#3068 = CARTESIAN_POINT('',(0.95,0.65,5.00001E-02));
#3069 = ORIENTED_EDGE('',*,*,#2860,.F.);
#3070 = ORIENTED_EDGE('',*,*,#2789,.F.);
#3071 = ORIENTED_EDGE('',*,*,#3072,.T.);
#3072 = EDGE_CURVE('',#2783,#3073,#3075,.T.);
#3073 = VERTEX_POINT('',#3074);
#3074 = CARTESIAN_POINT('',(0.593503615555,0.63,1.00001E-02));
#3075 = B_SPLINE_CURVE_WITH_KNOTS('',1,(#3076,#3077),.UNSPECIFIED.,.F.,
  .F.,(2,2),(9.054326743855E-02,9.350361555485E-02),
  .PIECEWISE_BEZIER_KNOTS.);
#3076 = CARTESIAN_POINT('',(0.590543267439,0.63,1.00001E-02));
#3077 = CARTESIAN_POINT('',(0.593503615555,0.63,1.00001E-02));
#3078 = ORIENTED_EDGE('',*,*,#3079,.F.);
#3079 = EDGE_CURVE('',#3080,#3073,#3082,.T.);
#3080 = VERTEX_POINT('',#3081);
#3081 = CARTESIAN_POINT('',(0.592122327784,0.635355339059,
    1.464476094067E-02));
#3082 = B_SPLINE_CURVE_WITH_KNOTS('',3,(#3083,#3084,#3085,#3086),
  .UNSPECIFIED.,.F.,.F.,(4,4),(2.793055812978E-04,2.86537312081E-04),
  .PIECEWISE_BEZIER_KNOTS.);
#3083 = CARTESIAN_POINT('',(0.592122327784,0.635355339059,
    1.464476094067E-02));
#3084 = CARTESIAN_POINT('',(0.592615861507,0.63368920068,
    1.297862256133E-02));
#3085 = CARTESIAN_POINT('',(0.593079103155,0.631895746642,
    1.142190998163E-02));
#3086 = CARTESIAN_POINT('',(0.593503615555,0.63,1.00001E-02));
#3087 = ORIENTED_EDGE('',*,*,#3088,.F.);
#3088 = EDGE_CURVE('',#2931,#3080,#3089,.T.);
#3089 = B_SPLINE_CURVE_WITH_KNOTS('',3,(#3090,#3091,#3092,#3093),
  .UNSPECIFIED.,.F.,.F.,(4,4),(0.,7.186117161303E-06),
  .PIECEWISE_BEZIER_KNOTS.);
#3090 = CARTESIAN_POINT('',(0.593503615555,0.64,2.00001E-02));
#3091 = CARTESIAN_POINT('',(0.593079103155,0.638578190018,
    1.810435335782E-02));
#3092 = CARTESIAN_POINT('',(0.592615861507,0.637021477439,
    1.631089932E-02));
#3093 = CARTESIAN_POINT('',(0.592122327784,0.635355339059,
    1.464476094067E-02));
#3094 = ORIENTED_EDGE('',*,*,#2930,.T.);
#3095 = ( BOUNDED_SURFACE() B_SPLINE_SURFACE(2,1,(
    (#3096,#3097)
    ,(#3098,#3099)
    ,(#3100,#3101
)),.UNSPECIFIED.,.F.,.F.,.F.) B_SPLINE_SURFACE_WITH_KNOTS((3,3),(2,2),(
    0.,1.570796326795),(8.196501333685E-02,0.45),
.PIECEWISE_BEZIER_KNOTS.) GEOMETRIC_REPRESENTATION_ITEM() 
RATIONAL_B_SPLINE_SURFACE((
    (1.,1.)
    ,(0.707106781187,0.707106781187)
,(1.,1.))) REPRESENTATION_ITEM('') SURFACE() );
#3096 = CARTESIAN_POINT('',(0.581965013337,0.6,1.000000000584E-07));
#3097 = CARTESIAN_POINT('',(0.95,0.6,1.000000000584E-07));
#3098 = CARTESIAN_POINT('',(0.581965013337,0.65,1.000000000584E-07));
#3099 = CARTESIAN_POINT('',(0.95,0.65,1.000000000584E-07));
#3100 = CARTESIAN_POINT('',(0.581965013337,0.65,5.00001E-02));
#3101 = CARTESIAN_POINT('',(0.95,0.65,5.00001E-02));
#3102 = ADVANCED_FACE('',(#3103),#3113,.T.);
#3103 = FACE_BOUND('',#3104,.T.);
#3104 = EDGE_LOOP('',(#3105,#3106,#3107));
#3105 = ORIENTED_EDGE('',*,*,#3036,.T.);
#3106 = ORIENTED_EDGE('',*,*,#2964,.T.);
#3107 = ORIENTED_EDGE('',*,*,#3108,.F.);
#3108 = EDGE_CURVE('',#2888,#2642,#3109,.T.);
#3109 = ( BOUNDED_CURVE() B_SPLINE_CURVE(2,(#3110,#3111,#3112),
.UNSPECIFIED.,.F.,.F.) B_SPLINE_CURVE_WITH_KNOTS((3,3),(4.712388980385,
6.28318530718),.PIECEWISE_BEZIER_KNOTS.) CURVE() 
GEOMETRIC_REPRESENTATION_ITEM() RATIONAL_B_SPLINE_CURVE((1.,
0.707106781187,1.)) REPRESENTATION_ITEM('') );
#3110 = CARTESIAN_POINT('',(1.,0.6,1.2500001));
#3111 = CARTESIAN_POINT('',(1.,0.6,1.3000001));
#3112 = CARTESIAN_POINT('',(0.95,0.6,1.3000001));
#3113 = ( BOUNDED_SURFACE() B_SPLINE_SURFACE(2,2,(
    (#3114,#3115,#3116)
    ,(#3117,#3118,#3119)
    ,(#3120,#3121,#3122
)),.UNSPECIFIED.,.F.,.F.,.F.) B_SPLINE_SURFACE_WITH_KNOTS((3,3),(3,3),(
    4.712388980385,6.28318530718),(0.,1.570796326795),
.PIECEWISE_BEZIER_KNOTS.) GEOMETRIC_REPRESENTATION_ITEM() 
RATIONAL_B_SPLINE_SURFACE((
    (1.,0.707106781187,1.)
    ,(0.707106781187,0.5,0.707106781187)
,(1.,0.707106781187,1.))) REPRESENTATION_ITEM('') SURFACE() );
#3114 = CARTESIAN_POINT('',(0.95,0.6,1.3000001));
#3115 = CARTESIAN_POINT('',(0.95,0.65,1.3000001));
#3116 = CARTESIAN_POINT('',(0.95,0.65,1.2500001));
#3117 = CARTESIAN_POINT('',(1.,0.6,1.3000001));
#3118 = CARTESIAN_POINT('',(1.,0.65,1.3000001));
#3119 = CARTESIAN_POINT('',(0.95,0.65,1.2500001));
#3120 = CARTESIAN_POINT('',(1.,0.6,1.2500001));
#3121 = CARTESIAN_POINT('',(1.,0.65,1.2500001));
#3122 = CARTESIAN_POINT('',(0.95,0.65,1.2500001));
#3123 = ADVANCED_FACE('',(#3124),#3134,.T.);
#3124 = FACE_BOUND('',#3125,.T.);
#3125 = EDGE_LOOP('',(#3126,#3127,#3128));
#3126 = ORIENTED_EDGE('',*,*,#3064,.T.);
#3127 = ORIENTED_EDGE('',*,*,#3029,.T.);
#3128 = ORIENTED_EDGE('',*,*,#3129,.F.);
#3129 = EDGE_CURVE('',#2861,#2904,#3130,.T.);
#3130 = ( BOUNDED_CURVE() B_SPLINE_CURVE(2,(#3131,#3132,#3133),
.UNSPECIFIED.,.F.,.F.) B_SPLINE_CURVE_WITH_KNOTS((3,3),(3.14159265359,
4.712388980385),.PIECEWISE_BEZIER_KNOTS.) CURVE() 
GEOMETRIC_REPRESENTATION_ITEM() RATIONAL_B_SPLINE_CURVE((1.,
0.707106781187,1.)) REPRESENTATION_ITEM('') );
#3131 = CARTESIAN_POINT('',(0.95,0.6,9.999999994736E-08));
#3132 = CARTESIAN_POINT('',(1.,0.6,9.999999994736E-08));
#3133 = CARTESIAN_POINT('',(1.,0.6,5.00001E-02));
#3134 = ( BOUNDED_SURFACE() B_SPLINE_SURFACE(2,2,(
    (#3135,#3136,#3137)
    ,(#3138,#3139,#3140)
    ,(#3141,#3142,#3143
)),.UNSPECIFIED.,.F.,.F.,.F.) B_SPLINE_SURFACE_WITH_KNOTS((3,3),(3,3),(
    0.,1.570796326795),(0.,1.570796326795),.PIECEWISE_BEZIER_KNOTS.) 
GEOMETRIC_REPRESENTATION_ITEM() RATIONAL_B_SPLINE_SURFACE((
    (1.,0.707106781187,1.)
    ,(0.707106781187,0.5,0.707106781187)
,(1.,0.707106781187,1.))) REPRESENTATION_ITEM('') SURFACE() );
#3135 = CARTESIAN_POINT('',(1.,0.6,5.00001E-02));
#3136 = CARTESIAN_POINT('',(1.,0.65,5.00001E-02));
#3137 = CARTESIAN_POINT('',(0.95,0.65,5.00001E-02));
#3138 = CARTESIAN_POINT('',(1.,0.6,1.000000000584E-07));
#3139 = CARTESIAN_POINT('',(1.,0.65,1.000000000584E-07));
#3140 = CARTESIAN_POINT('',(0.95,0.65,5.00001E-02));
#3141 = CARTESIAN_POINT('',(0.95,0.6,1.000000000584E-07));
#3142 = CARTESIAN_POINT('',(0.95,0.65,1.000000000584E-07));
#3143 = CARTESIAN_POINT('',(0.95,0.65,5.00001E-02));
#3144 = ADVANCED_FACE('',(#3145),#3215,.T.);
#3145 = FACE_BOUND('',#3146,.T.);
#3146 = EDGE_LOOP('',(#3147,#3159,#3160,#3166,#3167,#3182,#3189,#3198,
    #3210));
#3147 = ORIENTED_EDGE('',*,*,#3148,.F.);
#3148 = EDGE_CURVE('',#2590,#3149,#3151,.T.);
#3149 = VERTEX_POINT('',#3150);
#3150 = CARTESIAN_POINT('',(0.590543267439,-0.64,1.2800001));
#3151 = B_SPLINE_CURVE_WITH_KNOTS('',3,(#3152,#3153,#3154,#3155,#3156,
    #3157,#3158),.UNSPECIFIED.,.F.,.F.,(4,3,4),(5.633679745264E-19,
    1.800509807348E-05,3.316468134987E-05),.UNSPECIFIED.);
#3152 = CARTESIAN_POINT('',(0.581965013337,-0.65,1.2500001));
#3153 = CARTESIAN_POINT('',(0.583574737478,-0.65,1.25578189759));
#3154 = CARTESIAN_POINT('',(0.585231213598,-0.648971101019,
    1.261636638617));
#3155 = CARTESIAN_POINT('',(0.586794104878,-0.646991365685,
    1.267082592531));
#3156 = CARTESIAN_POINT('',(0.588109953242,-0.645324562924,
    1.271667716037));
#3157 = CARTESIAN_POINT('',(0.589388224775,-0.642951544011,
    1.276064707985));
#3158 = CARTESIAN_POINT('',(0.590543267439,-0.64,1.2800001));
#3159 = ORIENTED_EDGE('',*,*,#2611,.F.);
#3160 = ORIENTED_EDGE('',*,*,#3161,.F.);
#3161 = EDGE_CURVE('',#2635,#2605,#3162,.T.);
#3162 = ( BOUNDED_CURVE() B_SPLINE_CURVE(2,(#3163,#3164,#3165),
.UNSPECIFIED.,.F.,.F.) B_SPLINE_CURVE_WITH_KNOTS((3,3),(3.14159265359,
4.712388980385),.PIECEWISE_BEZIER_KNOTS.) CURVE() 
GEOMETRIC_REPRESENTATION_ITEM() RATIONAL_B_SPLINE_CURVE((1.,
0.707106781187,1.)) REPRESENTATION_ITEM('') );
#3163 = CARTESIAN_POINT('',(0.95,-0.6,1.3000001));
#3164 = CARTESIAN_POINT('',(0.95,-0.65,1.3000001));
#3165 = CARTESIAN_POINT('',(0.95,-0.65,1.2500001));
#3166 = ORIENTED_EDGE('',*,*,#2634,.F.);
#3167 = ORIENTED_EDGE('',*,*,#3168,.F.);
#3168 = EDGE_CURVE('',#3169,#2625,#3171,.T.);
#3169 = VERTEX_POINT('',#3170);
#3170 = CARTESIAN_POINT('',(0.590543267439,-0.63,1.2900001));
#3171 = B_SPLINE_CURVE_WITH_KNOTS('',3,(#3172,#3173,#3174,#3175,#3176,
    #3177,#3178,#3179,#3180,#3181),.UNSPECIFIED.,.F.,.F.,(4,3,3,4),(
    4.663409906928E-05,4.906704897821E-05,6.630514804286E-05,
    7.971784443615E-05),.UNSPECIFIED.);
#3172 = CARTESIAN_POINT('',(0.590543267439,-0.63,1.2900001));
#3173 = CARTESIAN_POINT('',(0.590355985931,-0.629361905691,
    1.290478670732));
#3174 = CARTESIAN_POINT('',(0.590165759026,-0.628712722081,
    1.290941688668));
#3175 = CARTESIAN_POINT('',(0.589972946505,-0.628053571797,
    1.291388469253));
#3176 = CARTESIAN_POINT('',(0.588620293295,-0.62342938172,1.294522805074
    ));
#3177 = CARTESIAN_POINT('',(0.587118172026,-0.61823567132,1.296884750144
    ));
#3178 = CARTESIAN_POINT('',(0.585592807135,-0.612881052834,
    1.298312401517));
#3179 = CARTESIAN_POINT('',(0.584399626733,-0.608692529896,
    1.299429147844));
#3180 = CARTESIAN_POINT('',(0.583170906976,-0.604331321596,
    1.300000100002));
#3181 = CARTESIAN_POINT('',(0.581965013337,-0.6,1.3000001));
#3182 = ORIENTED_EDGE('',*,*,#3183,.T.);
#3183 = EDGE_CURVE('',#3169,#3184,#3186,.T.);
#3184 = VERTEX_POINT('',#3185);
#3185 = CARTESIAN_POINT('',(0.593503615555,-0.63,1.2900001));
#3186 = B_SPLINE_CURVE_WITH_KNOTS('',1,(#3187,#3188),.UNSPECIFIED.,.F.,
  .F.,(2,2),(9.054326743855E-02,9.350361555485E-02),
  .PIECEWISE_BEZIER_KNOTS.);
#3187 = CARTESIAN_POINT('',(0.590543267439,-0.63,1.2900001));
#3188 = CARTESIAN_POINT('',(0.593503615555,-0.63,1.2900001));
#3189 = ORIENTED_EDGE('',*,*,#3190,.F.);
#3190 = EDGE_CURVE('',#3191,#3184,#3193,.T.);
#3191 = VERTEX_POINT('',#3192);
#3192 = CARTESIAN_POINT('',(0.592122327784,-0.635355339059,
    1.285355439059));
#3193 = B_SPLINE_CURVE_WITH_KNOTS('',3,(#3194,#3195,#3196,#3197),
  .UNSPECIFIED.,.F.,.F.,(4,4),(4.036768940512E-05,4.759407420575E-05),
  .PIECEWISE_BEZIER_KNOTS.);
#3194 = CARTESIAN_POINT('',(0.592122327784,-0.635355339059,
    1.285355439059));
#3195 = CARTESIAN_POINT('',(0.592615861507,-0.63368920068,1.287021577439
    ));
#3196 = CARTESIAN_POINT('',(0.593079103155,-0.631895746642,
    1.288578290018));
#3197 = CARTESIAN_POINT('',(0.593503615555,-0.63,1.2900001));
#3198 = ORIENTED_EDGE('',*,*,#3199,.F.);
#3199 = EDGE_CURVE('',#3200,#3191,#3202,.T.);
#3200 = VERTEX_POINT('',#3201);
#3201 = CARTESIAN_POINT('',(0.593503615555,-0.64,1.2800001));
#3202 = B_SPLINE_CURVE_WITH_KNOTS('',3,(#3203,#3204,#3205,#3206,#3207,
    #3208,#3209),.UNSPECIFIED.,.F.,.F.,(4,3,4),(3.220127505034E-05,
    3.250815658801E-05,3.938387802707E-05),.UNSPECIFIED.);
#3203 = CARTESIAN_POINT('',(0.593503615555,-0.64,1.2800001));
#3204 = CARTESIAN_POINT('',(0.593485330705,-0.639938758957,
    1.280081754724));
#3205 = CARTESIAN_POINT('',(0.593466976206,-0.639877275065,
    1.280163212343));
#3206 = CARTESIAN_POINT('',(0.593448552701,-0.639815550255,
    1.280244470681));
#3207 = CARTESIAN_POINT('',(0.593039199854,-0.638444083348,
    1.282049954092));
#3208 = CARTESIAN_POINT('',(0.592594655493,-0.636949887289,1.28376089083
    ));
#3209 = CARTESIAN_POINT('',(0.592122327784,-0.635355339059,
    1.285355439059));
#3210 = ORIENTED_EDGE('',*,*,#3211,.T.);
#3211 = EDGE_CURVE('',#3200,#3149,#3212,.T.);
#3212 = B_SPLINE_CURVE_WITH_KNOTS('',1,(#3213,#3214),.UNSPECIFIED.,.F.,
  .F.,(2,2),(-9.350361555485E-02,-9.054326743855E-02),
  .PIECEWISE_BEZIER_KNOTS.);
#3213 = CARTESIAN_POINT('',(0.593503615555,-0.64,1.2800001));
#3214 = CARTESIAN_POINT('',(0.590543267439,-0.64,1.2800001));
#3215 = ( BOUNDED_SURFACE() B_SPLINE_SURFACE(2,1,(
    (#3216,#3217)
    ,(#3218,#3219)
    ,(#3220,#3221
)),.UNSPECIFIED.,.F.,.F.,.F.) B_SPLINE_SURFACE_WITH_KNOTS((3,3),(2,2),(
    3.14159265359,4.712388980385),(8.196501333685E-02,0.45),
.PIECEWISE_BEZIER_KNOTS.) GEOMETRIC_REPRESENTATION_ITEM() 
RATIONAL_B_SPLINE_SURFACE((
    (1.,1.)
    ,(0.707106781187,0.707106781187)
,(1.,1.))) REPRESENTATION_ITEM('') SURFACE() );
#3216 = CARTESIAN_POINT('',(0.581965013337,-0.6,1.3000001));
#3217 = CARTESIAN_POINT('',(0.95,-0.6,1.3000001));
#3218 = CARTESIAN_POINT('',(0.581965013337,-0.65,1.3000001));
#3219 = CARTESIAN_POINT('',(0.95,-0.65,1.3000001));
#3220 = CARTESIAN_POINT('',(0.581965013337,-0.65,1.2500001));
#3221 = CARTESIAN_POINT('',(0.95,-0.65,1.2500001));
#3222 = ADVANCED_FACE('',(#3223),#3234,.T.);
#3223 = FACE_BOUND('',#3224,.T.);
#3224 = EDGE_LOOP('',(#3225,#3226,#3227,#3233));
#3225 = ORIENTED_EDGE('',*,*,#3108,.T.);
#3226 = ORIENTED_EDGE('',*,*,#2641,.F.);
#3227 = ORIENTED_EDGE('',*,*,#3228,.F.);
#3228 = EDGE_CURVE('',#2890,#2635,#3229,.T.);
#3229 = ( BOUNDED_CURVE() B_SPLINE_CURVE(2,(#3230,#3231,#3232),
.UNSPECIFIED.,.F.,.F.) B_SPLINE_CURVE_WITH_KNOTS((3,3),(1.570796326795,
3.14159265359),.PIECEWISE_BEZIER_KNOTS.) CURVE() 
GEOMETRIC_REPRESENTATION_ITEM() RATIONAL_B_SPLINE_CURVE((1.,
0.707106781187,1.)) REPRESENTATION_ITEM('') );
#3230 = CARTESIAN_POINT('',(1.,-0.6,1.2500001));
#3231 = CARTESIAN_POINT('',(1.,-0.6,1.3000001));
#3232 = CARTESIAN_POINT('',(0.95,-0.6,1.3000001));
#3233 = ORIENTED_EDGE('',*,*,#2887,.F.);
#3234 = ( BOUNDED_SURFACE() B_SPLINE_SURFACE(2,1,(
    (#3235,#3236)
    ,(#3237,#3238)
    ,(#3239,#3240
)),.UNSPECIFIED.,.F.,.F.,.F.) B_SPLINE_SURFACE_WITH_KNOTS((3,3),(2,2),(
    1.570796326795,3.14159265359),(-0.6,0.6),.PIECEWISE_BEZIER_KNOTS.) 
GEOMETRIC_REPRESENTATION_ITEM() RATIONAL_B_SPLINE_SURFACE((
    (1.,1.)
    ,(0.707106781187,0.707106781187)
,(1.,1.))) REPRESENTATION_ITEM('') SURFACE() );
#3235 = CARTESIAN_POINT('',(1.,0.6,1.2500001));
#3236 = CARTESIAN_POINT('',(1.,-0.6,1.2500001));
#3237 = CARTESIAN_POINT('',(1.,0.6,1.3000001));
#3238 = CARTESIAN_POINT('',(1.,-0.6,1.3000001));
#3239 = CARTESIAN_POINT('',(0.95,0.6,1.3000001));
#3240 = CARTESIAN_POINT('',(0.95,-0.6,1.3000001));
#3241 = ADVANCED_FACE('',(#3242),#3253,.T.);
#3242 = FACE_BOUND('',#3243,.T.);
#3243 = EDGE_LOOP('',(#3244,#3245,#3246,#3252));
#3244 = ORIENTED_EDGE('',*,*,#3129,.T.);
#3245 = ORIENTED_EDGE('',*,*,#2903,.F.);
#3246 = ORIENTED_EDGE('',*,*,#3247,.F.);
#3247 = EDGE_CURVE('',#2868,#2897,#3248,.T.);
#3248 = ( BOUNDED_CURVE() B_SPLINE_CURVE(2,(#3249,#3250,#3251),
.UNSPECIFIED.,.F.,.F.) B_SPLINE_CURVE_WITH_KNOTS((3,3),(0.,
1.570796326795),.PIECEWISE_BEZIER_KNOTS.) CURVE() 
GEOMETRIC_REPRESENTATION_ITEM() RATIONAL_B_SPLINE_CURVE((1.,
0.707106781187,1.)) REPRESENTATION_ITEM('') );
#3249 = CARTESIAN_POINT('',(0.95,-0.6,9.999999994736E-08));
#3250 = CARTESIAN_POINT('',(1.,-0.6,9.999999994736E-08));
#3251 = CARTESIAN_POINT('',(1.,-0.6,5.00001E-02));
#3252 = ORIENTED_EDGE('',*,*,#2867,.F.);
#3253 = ( BOUNDED_SURFACE() B_SPLINE_SURFACE(2,1,(
    (#3254,#3255)
    ,(#3256,#3257)
    ,(#3258,#3259
)),.UNSPECIFIED.,.F.,.F.,.F.) B_SPLINE_SURFACE_WITH_KNOTS((3,3),(2,2),(
    1.570796326795,3.14159265359),(-0.6,0.6),.PIECEWISE_BEZIER_KNOTS.) 
GEOMETRIC_REPRESENTATION_ITEM() RATIONAL_B_SPLINE_SURFACE((
    (1.,1.)
    ,(0.707106781187,0.707106781187)
,(1.,1.))) REPRESENTATION_ITEM('') SURFACE() );
#3254 = CARTESIAN_POINT('',(1.,-0.6,5.00001E-02));
#3255 = CARTESIAN_POINT('',(1.,0.6,5.00001E-02));
#3256 = CARTESIAN_POINT('',(1.,-0.6,9.999999994736E-08));
#3257 = CARTESIAN_POINT('',(1.,0.6,1.000000000584E-07));
#3258 = CARTESIAN_POINT('',(0.95,-0.6,9.999999994736E-08));
#3259 = CARTESIAN_POINT('',(0.95,0.6,1.000000000584E-07));
#3260 = ADVANCED_FACE('',(#3261),#3304,.T.);
#3261 = FACE_BOUND('',#3262,.T.);
#3262 = EDGE_LOOP('',(#3263,#3276,#3277,#3278,#3290,#3295,#3296,#3297,
    #3303));
#3263 = ORIENTED_EDGE('',*,*,#3264,.F.);
#3264 = EDGE_CURVE('',#2701,#2588,#3265,.T.);
#3265 = B_SPLINE_CURVE_WITH_KNOTS('',3,(#3266,#3267,#3268,#3269,#3270,
    #3271,#3272,#3273,#3274,#3275),.UNSPECIFIED.,.F.,.F.,(4,3,3,4),(
    4.663409906927E-05,4.906704897819E-05,6.630514804273E-05,
    7.978738755369E-05),.UNSPECIFIED.);
#3266 = CARTESIAN_POINT('',(0.590543267439,-0.64,2.00001E-02));
#3267 = CARTESIAN_POINT('',(0.590355985931,-0.640478570732,
    2.063819430884E-02));
#3268 = CARTESIAN_POINT('',(0.590165759026,-0.640941588668,
    2.128737791908E-02));
#3269 = CARTESIAN_POINT('',(0.589972946505,-0.641388369253,
    2.194652820263E-02));
#3270 = CARTESIAN_POINT('',(0.588620293295,-0.644522705074,
    2.657071828007E-02));
#3271 = CARTESIAN_POINT('',(0.587118172026,-0.646884650144,
    3.176442868047E-02));
#3272 = CARTESIAN_POINT('',(0.585592807135,-0.648312301517,
    3.711904716598E-02));
#3273 = CARTESIAN_POINT('',(0.584399626733,-0.649429047844,
    4.130757010434E-02));
#3274 = CARTESIAN_POINT('',(0.583170906976,-0.65,4.566877840403E-02));
#3275 = CARTESIAN_POINT('',(0.581965013337,-0.65,5.00001E-02));
#3276 = ORIENTED_EDGE('',*,*,#2715,.T.);
#3277 = ORIENTED_EDGE('',*,*,#2842,.F.);
#3278 = ORIENTED_EDGE('',*,*,#3279,.F.);
#3279 = EDGE_CURVE('',#3280,#2834,#3282,.T.);
#3280 = VERTEX_POINT('',#3281);
#3281 = CARTESIAN_POINT('',(0.593503615555,-0.63,1.00001E-02));
#3282 = B_SPLINE_CURVE_WITH_KNOTS('',3,(#3283,#3284,#3285,#3286,#3287,
    #3288,#3289),.UNSPECIFIED.,.F.,.F.,(4,3,4),(3.220127505034E-05,
    3.250815658801E-05,3.938387802704E-05),.UNSPECIFIED.);
#3283 = CARTESIAN_POINT('',(0.593503615555,-0.63,1.00001E-02));
#3284 = CARTESIAN_POINT('',(0.593485330705,-0.630081654724,
    1.006134104318E-02));
#3285 = CARTESIAN_POINT('',(0.593466976206,-0.630163112343,
    1.012282493477E-02));
#3286 = CARTESIAN_POINT('',(0.593448552701,-0.630244370681,
    1.018454974485E-02));
#3287 = CARTESIAN_POINT('',(0.593039199854,-0.632049854092,
    1.15560166516E-02));
#3288 = CARTESIAN_POINT('',(0.592594655493,-0.63376079083,
    1.305021271091E-02));
#3289 = CARTESIAN_POINT('',(0.592122327784,-0.635355339059,
    1.464476094067E-02));
#3290 = ORIENTED_EDGE('',*,*,#3291,.T.);
#3291 = EDGE_CURVE('',#3280,#2729,#3292,.T.);
#3292 = B_SPLINE_CURVE_WITH_KNOTS('',1,(#3293,#3294),.UNSPECIFIED.,.F.,
  .F.,(2,2),(-9.350361555485E-02,-9.054326743856E-02),
  .PIECEWISE_BEZIER_KNOTS.);
#3293 = CARTESIAN_POINT('',(0.593503615555,-0.63,1.00001E-02));
#3294 = CARTESIAN_POINT('',(0.590543267439,-0.63,1.00001E-02));
#3295 = ORIENTED_EDGE('',*,*,#2812,.F.);
#3296 = ORIENTED_EDGE('',*,*,#2874,.F.);
#3297 = ORIENTED_EDGE('',*,*,#3298,.F.);
#3298 = EDGE_CURVE('',#2598,#2868,#3299,.T.);
#3299 = ( BOUNDED_CURVE() B_SPLINE_CURVE(2,(#3300,#3301,#3302),
.UNSPECIFIED.,.F.,.F.) B_SPLINE_CURVE_WITH_KNOTS((3,3),(4.712388980385,
6.28318530718),.PIECEWISE_BEZIER_KNOTS.) CURVE() 
GEOMETRIC_REPRESENTATION_ITEM() RATIONAL_B_SPLINE_CURVE((1.,
0.707106781187,1.)) REPRESENTATION_ITEM('') );
#3300 = CARTESIAN_POINT('',(0.95,-0.65,5.00001E-02));
#3301 = CARTESIAN_POINT('',(0.95,-0.65,1.000000001694E-07));
#3302 = CARTESIAN_POINT('',(0.95,-0.6,1.000000001694E-07));
#3303 = ORIENTED_EDGE('',*,*,#2597,.F.);
#3304 = ( BOUNDED_SURFACE() B_SPLINE_SURFACE(2,1,(
    (#3305,#3306)
    ,(#3307,#3308)
    ,(#3309,#3310
)),.UNSPECIFIED.,.F.,.F.,.F.) B_SPLINE_SURFACE_WITH_KNOTS((3,3),(2,2),(
    4.712388980385,6.28318530718),(8.196501333686E-02,0.45),
.PIECEWISE_BEZIER_KNOTS.) GEOMETRIC_REPRESENTATION_ITEM() 
RATIONAL_B_SPLINE_SURFACE((
    (1.,1.)
    ,(0.707106781187,0.707106781187)
,(1.,1.))) REPRESENTATION_ITEM('') SURFACE() );
#3305 = CARTESIAN_POINT('',(0.581965013337,-0.65,5.00001E-02));
#3306 = CARTESIAN_POINT('',(0.95,-0.65,5.00001E-02));
#3307 = CARTESIAN_POINT('',(0.581965013337,-0.65,1.000000001694E-07));
#3308 = CARTESIAN_POINT('',(0.95,-0.65,1.000000001694E-07));
#3309 = CARTESIAN_POINT('',(0.581965013337,-0.6,1.000000001694E-07));
#3310 = CARTESIAN_POINT('',(0.95,-0.6,1.000000001694E-07));
#3311 = ADVANCED_FACE('',(#3312),#3322,.T.);
#3312 = FACE_BOUND('',#3313,.T.);
#3313 = EDGE_LOOP('',(#3314,#3315,#3316));
#3314 = ORIENTED_EDGE('',*,*,#3228,.T.);
#3315 = ORIENTED_EDGE('',*,*,#3161,.T.);
#3316 = ORIENTED_EDGE('',*,*,#3317,.F.);
#3317 = EDGE_CURVE('',#2890,#2605,#3318,.T.);
#3318 = ( BOUNDED_CURVE() B_SPLINE_CURVE(2,(#3319,#3320,#3321),
.UNSPECIFIED.,.F.,.F.) B_SPLINE_CURVE_WITH_KNOTS((3,3),(0.,
1.570796326795),.PIECEWISE_BEZIER_KNOTS.) CURVE() 
GEOMETRIC_REPRESENTATION_ITEM() RATIONAL_B_SPLINE_CURVE((1.,
0.707106781187,1.)) REPRESENTATION_ITEM('') );
#3319 = CARTESIAN_POINT('',(1.,-0.6,1.2500001));
#3320 = CARTESIAN_POINT('',(1.,-0.65,1.2500001));
#3321 = CARTESIAN_POINT('',(0.95,-0.65,1.2500001));
#3322 = ( BOUNDED_SURFACE() B_SPLINE_SURFACE(2,2,(
    (#3323,#3324,#3325)
    ,(#3326,#3327,#3328)
    ,(#3329,#3330,#3331
)),.UNSPECIFIED.,.F.,.F.,.F.) B_SPLINE_SURFACE_WITH_KNOTS((3,3),(3,3),(
    4.712388980385,6.28318530718),(-1.570796326795,3.10862446895E-15),
.PIECEWISE_BEZIER_KNOTS.) GEOMETRIC_REPRESENTATION_ITEM() 
RATIONAL_B_SPLINE_SURFACE((
    (1.,0.707106781187,1.)
    ,(0.707106781187,0.5,0.707106781187)
,(1.,0.707106781187,1.))) REPRESENTATION_ITEM('') SURFACE() );
#3323 = CARTESIAN_POINT('',(0.95,-0.65,1.2500001));
#3324 = CARTESIAN_POINT('',(0.95,-0.65,1.3000001));
#3325 = CARTESIAN_POINT('',(0.95,-0.6,1.3000001));
#3326 = CARTESIAN_POINT('',(0.95,-0.65,1.2500001));
#3327 = CARTESIAN_POINT('',(1.,-0.65,1.3000001));
#3328 = CARTESIAN_POINT('',(1.,-0.6,1.3000001));
#3329 = CARTESIAN_POINT('',(0.95,-0.65,1.2500001));
#3330 = CARTESIAN_POINT('',(1.,-0.65,1.2500001));
#3331 = CARTESIAN_POINT('',(1.,-0.6,1.2500001));
#3332 = ADVANCED_FACE('',(#3333),#3343,.T.);
#3333 = FACE_BOUND('',#3334,.T.);
#3334 = EDGE_LOOP('',(#3335,#3336,#3337));
#3335 = ORIENTED_EDGE('',*,*,#3298,.T.);
#3336 = ORIENTED_EDGE('',*,*,#3247,.T.);
#3337 = ORIENTED_EDGE('',*,*,#3338,.F.);
#3338 = EDGE_CURVE('',#2598,#2897,#3339,.T.);
#3339 = ( BOUNDED_CURVE() B_SPLINE_CURVE(2,(#3340,#3341,#3342),
.UNSPECIFIED.,.F.,.F.) B_SPLINE_CURVE_WITH_KNOTS((3,3),(3.14159265359,
4.712388980385),.PIECEWISE_BEZIER_KNOTS.) CURVE() 
GEOMETRIC_REPRESENTATION_ITEM() RATIONAL_B_SPLINE_CURVE((1.,
0.707106781187,1.)) REPRESENTATION_ITEM('') );
#3340 = CARTESIAN_POINT('',(0.95,-0.65,5.00001E-02));
#3341 = CARTESIAN_POINT('',(1.,-0.65,5.00001E-02));
#3342 = CARTESIAN_POINT('',(1.,-0.6,5.00001E-02));
#3343 = ( BOUNDED_SURFACE() B_SPLINE_SURFACE(2,2,(
    (#3344,#3345,#3346)
    ,(#3347,#3348,#3349)
    ,(#3350,#3351,#3352
)),.UNSPECIFIED.,.F.,.F.,.F.) B_SPLINE_SURFACE_WITH_KNOTS((3,3),(3,3),(
    0.,1.570796326795),(-1.570796326795,0.),.PIECEWISE_BEZIER_KNOTS.) 
GEOMETRIC_REPRESENTATION_ITEM() RATIONAL_B_SPLINE_SURFACE((
    (1.,0.707106781187,1.)
    ,(0.707106781187,0.5,0.707106781187)
,(1.,0.707106781187,1.))) REPRESENTATION_ITEM('') SURFACE() );
#3344 = CARTESIAN_POINT('',(0.95,-0.65,5.00001E-02));
#3345 = CARTESIAN_POINT('',(1.,-0.65,5.00001E-02));
#3346 = CARTESIAN_POINT('',(1.,-0.6,5.00001E-02));
#3347 = CARTESIAN_POINT('',(0.95,-0.65,5.00001E-02));
#3348 = CARTESIAN_POINT('',(1.,-0.65,9.999999994736E-08));
#3349 = CARTESIAN_POINT('',(1.,-0.6,9.999999994736E-08));
#3350 = CARTESIAN_POINT('',(0.95,-0.65,5.00001E-02));
#3351 = CARTESIAN_POINT('',(0.95,-0.65,9.999999994736E-08));
#3352 = CARTESIAN_POINT('',(0.95,-0.6,9.999999994736E-08));
#3353 = ADVANCED_FACE('',(#3354),#3360,.T.);
#3354 = FACE_BOUND('',#3355,.T.);
#3355 = EDGE_LOOP('',(#3356,#3357,#3358,#3359));
#3356 = ORIENTED_EDGE('',*,*,#3317,.T.);
#3357 = ORIENTED_EDGE('',*,*,#2604,.F.);
#3358 = ORIENTED_EDGE('',*,*,#3338,.T.);
#3359 = ORIENTED_EDGE('',*,*,#2896,.F.);
#3360 = ( BOUNDED_SURFACE() B_SPLINE_SURFACE(2,1,(
    (#3361,#3362)
    ,(#3363,#3364)
    ,(#3365,#3366
)),.UNSPECIFIED.,.F.,.F.,.F.) B_SPLINE_SURFACE_WITH_KNOTS((3,3),(2,2),(
    3.14159265359,4.712388980385),(-0.6,0.6),.PIECEWISE_BEZIER_KNOTS.) 
GEOMETRIC_REPRESENTATION_ITEM() RATIONAL_B_SPLINE_SURFACE((
    (1.,1.)
    ,(0.707106781187,0.707106781187)
,(1.,1.))) REPRESENTATION_ITEM('') SURFACE() );
#3361 = CARTESIAN_POINT('',(1.,-0.6,1.2500001));
#3362 = CARTESIAN_POINT('',(1.,-0.6,5.00001E-02));
#3363 = CARTESIAN_POINT('',(1.,-0.65,1.2500001));
#3364 = CARTESIAN_POINT('',(1.,-0.65,5.00001E-02));
#3365 = CARTESIAN_POINT('',(0.95,-0.65,1.2500001));
#3366 = CARTESIAN_POINT('',(0.95,-0.65,5.00001E-02));
#3367 = ADVANCED_FACE('',(#3368),#3379,.T.);
#3368 = FACE_BOUND('',#3369,.T.);
#3369 = EDGE_LOOP('',(#3370,#3371,#3378));
#3370 = ORIENTED_EDGE('',*,*,#3088,.T.);
#3371 = ORIENTED_EDGE('',*,*,#3372,.T.);
#3372 = EDGE_CURVE('',#3080,#2774,#3373,.T.);
#3373 = ( BOUNDED_CURVE() B_SPLINE_CURVE(3,(#3374,#3375,#3376,#3377),
.UNSPECIFIED.,.F.,.F.) B_SPLINE_CURVE_WITH_KNOTS((4,4),(1.282816420928,
1.285312256647),.PIECEWISE_BEZIER_KNOTS.) CURVE() 
GEOMETRIC_REPRESENTATION_ITEM() RATIONAL_B_SPLINE_CURVE((1.,0.9999994809
,0.9999994809,1.)) REPRESENTATION_ITEM('') );
#3374 = CARTESIAN_POINT('',(0.592122327784,0.635355339059,
    1.464476094067E-02));
#3375 = CARTESIAN_POINT('',(0.591593746797,0.633570883349,
    1.642921665108E-02));
#3376 = CARTESIAN_POINT('',(0.591067393076,0.631785769402,
    1.821433059751E-02));
#3377 = CARTESIAN_POINT('',(0.590543267439,0.63,2.00001E-02));
#3378 = ORIENTED_EDGE('',*,*,#2937,.F.);
#3379 = ( BOUNDED_SURFACE() B_SPLINE_SURFACE(2,1,(
    (#3380,#3381)
    ,(#3382,#3383)
    ,(#3384,#3385
)),.UNSPECIFIED.,.F.,.F.,.F.) B_SPLINE_SURFACE_WITH_KNOTS((3,3),(2,2),(
    4.997873050533,5.002535007627),(0.,5.355339059331E-03),
.PIECEWISE_BEZIER_KNOTS.) GEOMETRIC_REPRESENTATION_ITEM() 
RATIONAL_B_SPLINE_SURFACE((
    (1.,1.)
    ,(0.999997283271,0.999997283271)
,(1.,1.))) REPRESENTATION_ITEM('') SURFACE() );
#3380 = CARTESIAN_POINT('',(0.590543267439,0.63,2.00001E-02));
#3381 = CARTESIAN_POINT('',(0.590543267439,0.63,1.464476094067E-02));
#3382 = CARTESIAN_POINT('',(0.592011786583,0.63500345026,2.00001E-02));
#3383 = CARTESIAN_POINT('',(0.592011786583,0.63500345026,
    1.464476094067E-02));
#3384 = CARTESIAN_POINT('',(0.593503615555,0.64,2.00001E-02));
#3385 = CARTESIAN_POINT('',(0.593503615555,0.64,1.464476094067E-02));
#3386 = ADVANCED_FACE('',(#3387),#3397,.T.);
#3387 = FACE_BOUND('',#3388,.T.);
#3388 = EDGE_LOOP('',(#3389,#3390,#3396));
#3389 = ORIENTED_EDGE('',*,*,#2782,.T.);
#3390 = ORIENTED_EDGE('',*,*,#3391,.T.);
#3391 = EDGE_CURVE('',#2774,#3073,#3392,.T.);
#3392 = ( BOUNDED_CURVE() B_SPLINE_CURVE(2,(#3393,#3394,#3395),
.UNSPECIFIED.,.F.,.F.) B_SPLINE_CURVE_WITH_KNOTS((3,3),(1.856280396943,
1.860942354037),.PIECEWISE_BEZIER_KNOTS.) CURVE() 
GEOMETRIC_REPRESENTATION_ITEM() RATIONAL_B_SPLINE_CURVE((1.,
0.999997283271,1.)) REPRESENTATION_ITEM('') );
#3393 = CARTESIAN_POINT('',(0.590543267439,0.63,2.00001E-02));
#3394 = CARTESIAN_POINT('',(0.592011786583,0.63,1.499664973977E-02));
#3395 = CARTESIAN_POINT('',(0.593503615555,0.63,1.00001E-02));
#3396 = ORIENTED_EDGE('',*,*,#3072,.F.);
#3397 = B_SPLINE_SURFACE_WITH_KNOTS('',1,1,(
    (#3398,#3399)
    ,(#3400,#3401
  )),.UNSPECIFIED.,.F.,.F.,.F.,(2,2),(2,2),(-0.64,-0.63),(
    -2.146498175501,-2.143537827385),.PIECEWISE_BEZIER_KNOTS.);
#3398 = CARTESIAN_POINT('',(0.590543267439,0.63,1.000009999999E-02));
#3399 = CARTESIAN_POINT('',(0.593503615555,0.63,1.000009999999E-02));
#3400 = CARTESIAN_POINT('',(0.590543267439,0.63,2.00001E-02));
#3401 = CARTESIAN_POINT('',(0.593503615555,0.63,2.00001E-02));
#3402 = ADVANCED_FACE('',(#3403),#3408,.T.);
#3403 = FACE_BOUND('',#3404,.T.);
#3404 = EDGE_LOOP('',(#3405,#3406,#3407));
#3405 = ORIENTED_EDGE('',*,*,#3079,.T.);
#3406 = ORIENTED_EDGE('',*,*,#3391,.F.);
#3407 = ORIENTED_EDGE('',*,*,#3372,.F.);
#3408 = ( BOUNDED_SURFACE() B_SPLINE_SURFACE(2,1,(
    (#3409,#3410)
    ,(#3411,#3412)
    ,(#3413,#3414
)),.UNSPECIFIED.,.F.,.F.,.F.) B_SPLINE_SURFACE_WITH_KNOTS((3,3),(2,2),(
    4.422242953143,4.426904910237),(0.,5.355339059331E-03),
.PIECEWISE_BEZIER_KNOTS.) GEOMETRIC_REPRESENTATION_ITEM() 
RATIONAL_B_SPLINE_SURFACE((
    (1.,1.)
    ,(0.999997283271,0.999997283271)
,(1.,1.))) REPRESENTATION_ITEM('') SURFACE() );
#3409 = CARTESIAN_POINT('',(0.593503615555,0.63,1.00001E-02));
#3410 = CARTESIAN_POINT('',(0.593503615555,0.635355339059,1.00001E-02));
#3411 = CARTESIAN_POINT('',(0.592011786583,0.63,1.499664973977E-02));
#3412 = CARTESIAN_POINT('',(0.592011786583,0.635355339059,
    1.499664973977E-02));
#3413 = CARTESIAN_POINT('',(0.590543267439,0.63,2.00001E-02));
#3414 = CARTESIAN_POINT('',(0.590543267439,0.635355339059,2.00001E-02));
#3415 = ADVANCED_FACE('',(#3416),#3426,.T.);
#3416 = FACE_BOUND('',#3417,.T.);
#3417 = EDGE_LOOP('',(#3418,#3424,#3425));
#3418 = ORIENTED_EDGE('',*,*,#3419,.T.);
#3419 = EDGE_CURVE('',#3280,#2699,#3420,.T.);
#3420 = ( BOUNDED_CURVE() B_SPLINE_CURVE(2,(#3421,#3422,#3423),
.UNSPECIFIED.,.F.,.F.) B_SPLINE_CURVE_WITH_KNOTS((3,3),(1.280650299553,
1.285312256647),.PIECEWISE_BEZIER_KNOTS.) CURVE() 
GEOMETRIC_REPRESENTATION_ITEM() RATIONAL_B_SPLINE_CURVE((1.,
0.999997283271,1.)) REPRESENTATION_ITEM('') );
#3421 = CARTESIAN_POINT('',(0.593503615555,-0.63,1.00001E-02));
#3422 = CARTESIAN_POINT('',(0.592011786583,-0.63,1.499664973978E-02));
#3423 = CARTESIAN_POINT('',(0.590543267439,-0.63,2.00001E-02));
#3424 = ORIENTED_EDGE('',*,*,#2728,.T.);
#3425 = ORIENTED_EDGE('',*,*,#3291,.F.);
#3426 = B_SPLINE_SURFACE_WITH_KNOTS('',1,1,(
    (#3427,#3428)
    ,(#3429,#3430
    )),.UNSPECIFIED.,.F.,.F.,.F.,(2,2),(2,2),(0.63,0.64),(
    -2.146498175501,-2.143537827385),.PIECEWISE_BEZIER_KNOTS.);
#3427 = CARTESIAN_POINT('',(0.590543267439,-0.63,2.00001E-02));
#3428 = CARTESIAN_POINT('',(0.593503615555,-0.63,2.00001E-02));
#3429 = CARTESIAN_POINT('',(0.590543267439,-0.63,1.00001E-02));
#3430 = CARTESIAN_POINT('',(0.593503615555,-0.63,1.00001E-02));
#3431 = ADVANCED_FACE('',(#3432),#3437,.T.);
#3432 = FACE_BOUND('',#3433,.T.);
#3433 = EDGE_LOOP('',(#3434,#3435,#3436));
#3434 = ORIENTED_EDGE('',*,*,#3279,.T.);
#3435 = ORIENTED_EDGE('',*,*,#2833,.F.);
#3436 = ORIENTED_EDGE('',*,*,#3419,.F.);
#3437 = ( BOUNDED_SURFACE() B_SPLINE_SURFACE(2,1,(
    (#3438,#3439)
    ,(#3440,#3441)
    ,(#3442,#3443
)),.UNSPECIFIED.,.F.,.F.,.F.) B_SPLINE_SURFACE_WITH_KNOTS((3,3),(2,2),(
    4.997873050533,5.002535007627),(-2.22044604925E-15,
    5.355339059327E-03),.PIECEWISE_BEZIER_KNOTS.) 
GEOMETRIC_REPRESENTATION_ITEM() RATIONAL_B_SPLINE_SURFACE((
    (1.,1.)
    ,(0.999997283271,0.999997283271)
,(1.,1.))) REPRESENTATION_ITEM('') SURFACE() );
#3438 = CARTESIAN_POINT('',(0.590543267439,-0.63,2.00001E-02));
#3439 = CARTESIAN_POINT('',(0.590543267439,-0.635355339059,2.00001E-02)
  );
#3440 = CARTESIAN_POINT('',(0.592011786583,-0.63,1.499664973978E-02));
#3441 = CARTESIAN_POINT('',(0.592011786583,-0.635355339059,
    1.499664973978E-02));
#3442 = CARTESIAN_POINT('',(0.593503615555,-0.63,1.00001E-02));
#3443 = CARTESIAN_POINT('',(0.593503615555,-0.635355339059,1.00001E-02)
  );
#3444 = ADVANCED_FACE('',(#3445),#3509,.T.);
#3445 = FACE_BOUND('',#3446,.T.);
#3446 = EDGE_LOOP('',(#3447,#3448,#3449,#3456,#3465,#3478,#3479,#3494,
    #3503,#3508));
#3447 = ORIENTED_EDGE('',*,*,#2624,.T.);
#3448 = ORIENTED_EDGE('',*,*,#2951,.T.);
#3449 = ORIENTED_EDGE('',*,*,#3450,.F.);
#3450 = EDGE_CURVE('',#3451,#2952,#3453,.T.);
#3451 = VERTEX_POINT('',#3452);
#3452 = CARTESIAN_POINT('',(0.590543267439,0.63,1.2800001));
#3453 = B_SPLINE_CURVE_WITH_KNOTS('',1,(#3454,#3455),.UNSPECIFIED.,.F.,
  .F.,(2,2),(6.550315845288E-15,1.E-02),.PIECEWISE_BEZIER_KNOTS.);
#3454 = CARTESIAN_POINT('',(0.590543267439,0.63,1.2800001));
#3455 = CARTESIAN_POINT('',(0.590543267439,0.63,1.2900001));
#3456 = ORIENTED_EDGE('',*,*,#3457,.T.);
#3457 = EDGE_CURVE('',#3451,#3458,#3460,.T.);
#3458 = VERTEX_POINT('',#3459);
#3459 = CARTESIAN_POINT('',(0.586299193361,0.615355339059,1.265355439059
    ));
#3460 = ( BOUNDED_CURVE() B_SPLINE_CURVE(3,(#3461,#3462,#3463,#3464),
.UNSPECIFIED.,.F.,.F.) B_SPLINE_CURVE_WITH_KNOTS((4,4),(1.285312256647,
1.292128074613),.PIECEWISE_BEZIER_KNOTS.) CURVE() 
GEOMETRIC_REPRESENTATION_ITEM() RATIONAL_B_SPLINE_CURVE((1.,
0.999996128723,0.999996128723,1.)) REPRESENTATION_ITEM('') );
#3461 = CARTESIAN_POINT('',(0.590543267439,0.63,1.2800001));
#3462 = CARTESIAN_POINT('',(0.589111942895,0.625123276951,1.275123376951
    ));
#3463 = CARTESIAN_POINT('',(0.587697246059,0.620241704406,1.270241804406
    ));
#3464 = CARTESIAN_POINT('',(0.586299193361,0.615355339059,1.265355439059
    ));
#3465 = ORIENTED_EDGE('',*,*,#3466,.T.);
#3466 = EDGE_CURVE('',#3458,#2567,#3467,.T.);
#3467 = B_SPLINE_CURVE_WITH_KNOTS('',3,(#3468,#3469,#3470,#3471,#3472,
    #3473,#3474,#3475,#3476,#3477),.UNSPECIFIED.,.F.,.F.,(4,3,3,4),(0.,
    1.76141599392E-05,3.520508539565E-05,4.023997191161E-05),
  .UNSPECIFIED.);
#3468 = CARTESIAN_POINT('',(0.586299193361,0.615355339059,1.265355439059
    ));
#3469 = CARTESIAN_POINT('',(0.585134926708,0.611286084563,1.269424693556
    ));
#3470 = CARTESIAN_POINT('',(0.58376937041,0.606467131209,1.272800789038)
  );
#3471 = CARTESIAN_POINT('',(0.582332302368,0.601317667267,1.275227935039
    ));
#3472 = CARTESIAN_POINT('',(0.580896422566,0.596172461159,1.277653074153
    ));
#3473 = CARTESIAN_POINT('',(0.579350170527,0.590556429118,1.279200164187
    ));
#3474 = CARTESIAN_POINT('',(0.577823185047,0.584919594657,1.279757487275
    ));
#3475 = CARTESIAN_POINT('',(0.577380599639,0.583285800026,1.279919023235
    ));
#3476 = CARTESIAN_POINT('',(0.576937364484,0.581642225884,1.2800001));
#3477 = CARTESIAN_POINT('',(0.576496507644,0.58,1.2800001));
#3478 = ORIENTED_EDGE('',*,*,#2566,.F.);
#3479 = ORIENTED_EDGE('',*,*,#3480,.T.);
#3480 = EDGE_CURVE('',#2560,#3481,#3483,.T.);
#3481 = VERTEX_POINT('',#3482);
#3482 = CARTESIAN_POINT('',(0.586299193361,-0.615355339059,
    1.265355439059));
#3483 = B_SPLINE_CURVE_WITH_KNOTS('',3,(#3484,#3485,#3486,#3487,#3488,
    #3489,#3490,#3491,#3492,#3493),.UNSPECIFIED.,.F.,.F.,(4,3,3,4),(0.,
    1.792079663272E-05,3.585628441639E-05,4.025475725146E-05),
  .UNSPECIFIED.);
#3484 = CARTESIAN_POINT('',(0.576496507644,-0.58,1.2800001));
#3485 = CARTESIAN_POINT('',(0.578045288674,-0.585769329326,1.2800001));
#3486 = CARTESIAN_POINT('',(0.579639807504,-0.591611697374,
    1.278975473964));
#3487 = CARTESIAN_POINT('',(0.58114483665,-0.597046263215,1.277004620106
    ));
#3488 = CARTESIAN_POINT('',(0.582650526697,-0.602483215527,
    1.275032900791));
#3489 = CARTESIAN_POINT('',(0.584108797485,-0.607665261563,
    1.272056360437));
#3490 = CARTESIAN_POINT('',(0.585381389618,-0.612138409487,
    1.268303136899));
#3491 = CARTESIAN_POINT('',(0.585697871311,-0.6132508393,1.267369745509)
  );
#3492 = CARTESIAN_POINT('',(0.586004481332,-0.614325284435,
    1.266385493684));
#3493 = CARTESIAN_POINT('',(0.586299193361,-0.615355339059,
    1.265355439059));
#3494 = ORIENTED_EDGE('',*,*,#3495,.F.);
#3495 = EDGE_CURVE('',#3496,#3481,#3498,.T.);
#3496 = VERTEX_POINT('',#3497);
#3497 = CARTESIAN_POINT('',(0.590543267439,-0.63,1.2800001));
#3498 = ( BOUNDED_CURVE() B_SPLINE_CURVE(3,(#3499,#3500,#3501,#3502),
.UNSPECIFIED.,.F.,.F.) B_SPLINE_CURVE_WITH_KNOTS((4,4),(1.285312256647,
1.292128074613),.PIECEWISE_BEZIER_KNOTS.) CURVE() 
GEOMETRIC_REPRESENTATION_ITEM() RATIONAL_B_SPLINE_CURVE((1.,
0.999996128723,0.999996128723,1.)) REPRESENTATION_ITEM('') );
#3499 = CARTESIAN_POINT('',(0.590543267439,-0.63,1.2800001));
#3500 = CARTESIAN_POINT('',(0.589111942895,-0.625123276951,
    1.275123376951));
#3501 = CARTESIAN_POINT('',(0.587697246059,-0.620241704406,
    1.270241804406));
#3502 = CARTESIAN_POINT('',(0.586299193361,-0.615355339059,
    1.265355439059));
#3503 = ORIENTED_EDGE('',*,*,#3504,.T.);
#3504 = EDGE_CURVE('',#3496,#3169,#3505,.T.);
#3505 = B_SPLINE_CURVE_WITH_KNOTS('',1,(#3506,#3507),.UNSPECIFIED.,.F.,
  .F.,(2,2),(-2.331468351713E-15,9.999999999999E-03),
  .PIECEWISE_BEZIER_KNOTS.);
#3506 = CARTESIAN_POINT('',(0.590543267439,-0.63,1.2800001));
#3507 = CARTESIAN_POINT('',(0.590543267439,-0.63,1.2900001));
#3508 = ORIENTED_EDGE('',*,*,#3168,.T.);
#3509 = ( BOUNDED_SURFACE() B_SPLINE_SURFACE(2,1,(
    (#3510,#3511)
    ,(#3512,#3513)
    ,(#3514,#3515
)),.UNSPECIFIED.,.F.,.F.,.F.) B_SPLINE_SURFACE_WITH_KNOTS((3,3),(2,2),(
    4.426904910237,4.997873050533),(-1.464466094068E-02,2.E-02),
.PIECEWISE_BEZIER_KNOTS.) GEOMETRIC_REPRESENTATION_ITEM() 
RATIONAL_B_SPLINE_SURFACE((
    (1.,1.)
    ,(0.959525440298,0.959525440298)
,(1.,1.))) REPRESENTATION_ITEM('') SURFACE() );
#3510 = CARTESIAN_POINT('',(0.590543267439,0.63,1.265355439059));
#3511 = CARTESIAN_POINT('',(0.590543267439,0.63,1.3000001));
#3512 = CARTESIAN_POINT('',(0.405637449894,2.298777417884E-15,
    1.265355439059));
#3513 = CARTESIAN_POINT('',(0.405637449894,2.295021236219E-15,1.3000001)
  );
#3514 = CARTESIAN_POINT('',(0.590543267439,-0.63,1.265355439059));
#3515 = CARTESIAN_POINT('',(0.590543267439,-0.63,1.3000001));
#3516 = ADVANCED_FACE('',(#3517),#3557,.T.);
#3517 = FACE_BOUND('',#3518,.T.);
#3518 = EDGE_LOOP('',(#3519,#3520,#3521,#3526,#3527,#3540,#3541,#3554,
    #3555,#3556));
#3519 = ORIENTED_EDGE('',*,*,#2587,.T.);
#3520 = ORIENTED_EDGE('',*,*,#3148,.T.);
#3521 = ORIENTED_EDGE('',*,*,#3522,.F.);
#3522 = EDGE_CURVE('',#3496,#3149,#3523,.T.);
#3523 = B_SPLINE_CURVE_WITH_KNOTS('',1,(#3524,#3525),.UNSPECIFIED.,.F.,
  .F.,(2,2),(-2.22044604925E-15,1.E-02),.PIECEWISE_BEZIER_KNOTS.);
#3524 = CARTESIAN_POINT('',(0.590543267439,-0.63,1.2800001));
#3525 = CARTESIAN_POINT('',(0.590543267439,-0.64,1.2800001));
#3526 = ORIENTED_EDGE('',*,*,#3495,.T.);
#3527 = ORIENTED_EDGE('',*,*,#3528,.T.);
#3528 = EDGE_CURVE('',#3481,#2514,#3529,.T.);
#3529 = B_SPLINE_CURVE_WITH_KNOTS('',3,(#3530,#3531,#3532,#3533,#3534,
    #3535,#3536,#3537,#3538,#3539),.UNSPECIFIED.,.F.,.F.,(4,3,3,4),(0.,
    1.76141599392E-05,3.520508539565E-05,4.023997191161E-05),
  .UNSPECIFIED.);
#3530 = CARTESIAN_POINT('',(0.586299193361,-0.615355339059,
    1.265355439059));
#3531 = CARTESIAN_POINT('',(0.585134926708,-0.619424593556,
    1.261286184563));
#3532 = CARTESIAN_POINT('',(0.58376937041,-0.622800689038,1.256467231209
    ));
#3533 = CARTESIAN_POINT('',(0.582332302368,-0.625227835039,
    1.251317767267));
#3534 = CARTESIAN_POINT('',(0.580896422566,-0.627652974153,
    1.246172561159));
#3535 = CARTESIAN_POINT('',(0.579350170527,-0.629200064187,
    1.240556529118));
#3536 = CARTESIAN_POINT('',(0.577823185047,-0.629757387275,
    1.234919694657));
#3537 = CARTESIAN_POINT('',(0.577380599639,-0.629918923235,
    1.233285900026));
#3538 = CARTESIAN_POINT('',(0.576937364484,-0.63,1.231642325884));
#3539 = CARTESIAN_POINT('',(0.576496507644,-0.63,1.2300001));
#3540 = ORIENTED_EDGE('',*,*,#2511,.F.);
#3541 = ORIENTED_EDGE('',*,*,#3542,.T.);
#3542 = EDGE_CURVE('',#2512,#2736,#3543,.T.);
#3543 = B_SPLINE_CURVE_WITH_KNOTS('',3,(#3544,#3545,#3546,#3547,#3548,
    #3549,#3550,#3551,#3552,#3553),.UNSPECIFIED.,.F.,.F.,(4,3,3,4),(
    3.428548309157E-19,1.792079663272E-05,3.585628441639E-05,
    4.025475725146E-05),.UNSPECIFIED.);
#3544 = CARTESIAN_POINT('',(0.576496507644,-0.63,7.00001E-02));
#3545 = CARTESIAN_POINT('',(0.578045288674,-0.63,6.423077067391E-02));
#3546 = CARTESIAN_POINT('',(0.579639807504,-0.628975373964,
    5.838840262646E-02));
#3547 = CARTESIAN_POINT('',(0.58114483665,-0.627004520106,
    5.295383678458E-02));
#3548 = CARTESIAN_POINT('',(0.582650526697,-0.625032800791,
    4.751688447281E-02));
#3549 = CARTESIAN_POINT('',(0.584108797485,-0.622056260437,
    4.233483843731E-02));
#3550 = CARTESIAN_POINT('',(0.585381389618,-0.618303036899,
    3.78616905133E-02));
#3551 = CARTESIAN_POINT('',(0.585697871311,-0.617369645509,
    3.674926070036E-02));
#3552 = CARTESIAN_POINT('',(0.586004481332,-0.616385393684,
    3.567481556487E-02));
#3553 = CARTESIAN_POINT('',(0.586299193361,-0.615355339059,
    3.464476094067E-02));
#3554 = ORIENTED_EDGE('',*,*,#2735,.F.);
#3555 = ORIENTED_EDGE('',*,*,#2698,.T.);
#3556 = ORIENTED_EDGE('',*,*,#3264,.T.);
#3557 = ( BOUNDED_SURFACE() B_SPLINE_SURFACE(2,1,(
    (#3558,#3559)
    ,(#3560,#3561)
    ,(#3562,#3563
)),.UNSPECIFIED.,.F.,.F.,.F.) B_SPLINE_SURFACE_WITH_KNOTS((3,3),(2,2),(
    4.426904910237,4.997873050533),(-1.464466094067E-02,2.E-02),
.PIECEWISE_BEZIER_KNOTS.) GEOMETRIC_REPRESENTATION_ITEM() 
RATIONAL_B_SPLINE_SURFACE((
    (1.,1.)
    ,(0.959525440298,0.959525440298)
,(1.,1.))) REPRESENTATION_ITEM('') SURFACE() );
#3558 = CARTESIAN_POINT('',(0.590543267439,-0.615355339059,1.2800001));
#3559 = CARTESIAN_POINT('',(0.590543267439,-0.65,1.2800001));
#3560 = CARTESIAN_POINT('',(0.405637449894,-0.615355339059,0.6500001));
#3561 = CARTESIAN_POINT('',(0.405637449894,-0.65,0.6500001));
#3562 = CARTESIAN_POINT('',(0.590543267439,-0.615355339059,2.00001E-02)
  );
#3563 = CARTESIAN_POINT('',(0.590543267439,-0.65,2.00001E-02));
#3564 = ADVANCED_FACE('',(#3565),#3605,.T.);
#3565 = FACE_BOUND('',#3566,.T.);
#3566 = EDGE_LOOP('',(#3567,#3568,#3569,#3570,#3571,#3584,#3585,#3598,
    #3599,#3604));
#3567 = ORIENTED_EDGE('',*,*,#2661,.T.);
#3568 = ORIENTED_EDGE('',*,*,#3053,.T.);
#3569 = ORIENTED_EDGE('',*,*,#2923,.T.);
#3570 = ORIENTED_EDGE('',*,*,#2773,.T.);
#3571 = ORIENTED_EDGE('',*,*,#3572,.T.);
#3572 = EDGE_CURVE('',#2759,#647,#3573,.T.);
#3573 = B_SPLINE_CURVE_WITH_KNOTS('',3,(#3574,#3575,#3576,#3577,#3578,
    #3579,#3580,#3581,#3582,#3583),.UNSPECIFIED.,.F.,.F.,(4,3,3,4),(0.,
    1.76141599392E-05,3.520508539565E-05,4.023997191161E-05),
  .UNSPECIFIED.);
#3574 = CARTESIAN_POINT('',(0.586299193361,0.615355339059,
    3.464476094067E-02));
#3575 = CARTESIAN_POINT('',(0.585134926708,0.619424593556,
    3.871401543703E-02));
#3576 = CARTESIAN_POINT('',(0.58376937041,0.622800689038,
    4.353296879115E-02));
#3577 = CARTESIAN_POINT('',(0.582332302368,0.625227835039,
    4.868243273298E-02));
#3578 = CARTESIAN_POINT('',(0.580896422566,0.627652974153,
    5.382763884071E-02));
#3579 = CARTESIAN_POINT('',(0.579350170527,0.629200064187,
    5.944367088204E-02));
#3580 = CARTESIAN_POINT('',(0.577823185047,0.629757387275,
    6.50805053432E-02));
#3581 = CARTESIAN_POINT('',(0.577380599639,0.629918923235,
    6.671429997415E-02));
#3582 = CARTESIAN_POINT('',(0.576937364484,0.63,6.835787411644E-02));
#3583 = CARTESIAN_POINT('',(0.576496507644,0.63,7.00001E-02));
#3584 = ORIENTED_EDGE('',*,*,#644,.F.);
#3585 = ORIENTED_EDGE('',*,*,#3586,.T.);
#3586 = EDGE_CURVE('',#645,#3458,#3587,.T.);
#3587 = B_SPLINE_CURVE_WITH_KNOTS('',3,(#3588,#3589,#3590,#3591,#3592,
    #3593,#3594,#3595,#3596,#3597),.UNSPECIFIED.,.F.,.F.,(4,3,3,4),(
    1.022834283856E-18,1.792079663272E-05,3.585628441639E-05,
    4.025475725146E-05),.UNSPECIFIED.);
#3588 = CARTESIAN_POINT('',(0.576496507645,0.63,1.2300001));
#3589 = CARTESIAN_POINT('',(0.578045288674,0.63,1.235769429326));
#3590 = CARTESIAN_POINT('',(0.579639807504,0.628975373964,1.241611797374
    ));
#3591 = CARTESIAN_POINT('',(0.58114483665,0.627004520106,1.247046363215)
  );
#3592 = CARTESIAN_POINT('',(0.582650526697,0.625032800791,1.252483315527
    ));
#3593 = CARTESIAN_POINT('',(0.584108797485,0.622056260437,1.257665361563
    ));
#3594 = CARTESIAN_POINT('',(0.585381389618,0.618303036899,1.262138509487
    ));
#3595 = CARTESIAN_POINT('',(0.585697871311,0.617369645509,1.2632509393)
  );
#3596 = CARTESIAN_POINT('',(0.586004481332,0.616385393684,1.264325384435
    ));
#3597 = CARTESIAN_POINT('',(0.586299193361,0.615355339059,1.265355439059
    ));
#3598 = ORIENTED_EDGE('',*,*,#3457,.F.);
#3599 = ORIENTED_EDGE('',*,*,#3600,.T.);
#3600 = EDGE_CURVE('',#3451,#2972,#3601,.T.);
#3601 = B_SPLINE_CURVE_WITH_KNOTS('',1,(#3602,#3603),.UNSPECIFIED.,.F.,
  .F.,(2,2),(6.661338147751E-15,1.E-02),.PIECEWISE_BEZIER_KNOTS.);
#3602 = CARTESIAN_POINT('',(0.590543267439,0.63,1.2800001));
#3603 = CARTESIAN_POINT('',(0.590543267439,0.64,1.2800001));
#3604 = ORIENTED_EDGE('',*,*,#2971,.T.);
#3605 = ( BOUNDED_SURFACE() B_SPLINE_SURFACE(2,1,(
    (#3606,#3607)
    ,(#3608,#3609)
    ,(#3610,#3611
)),.UNSPECIFIED.,.F.,.F.,.F.) B_SPLINE_SURFACE_WITH_KNOTS((3,3),(2,2),(
    4.426904910237,4.997873050533),(-1.464466094068E-02,2.E-02),
.PIECEWISE_BEZIER_KNOTS.) GEOMETRIC_REPRESENTATION_ITEM() 
RATIONAL_B_SPLINE_SURFACE((
    (1.,1.)
    ,(0.959525440298,0.959525440298)
,(1.,1.))) REPRESENTATION_ITEM('') SURFACE() );
#3606 = CARTESIAN_POINT('',(0.590543267439,0.615355339059,2.00001E-02));
#3607 = CARTESIAN_POINT('',(0.590543267439,0.65,2.00001E-02));
#3608 = CARTESIAN_POINT('',(0.405637449894,0.615355339059,0.6500001));
#3609 = CARTESIAN_POINT('',(0.405637449894,0.65,0.6500001));
#3610 = CARTESIAN_POINT('',(0.590543267439,0.615355339059,1.2800001));
#3611 = CARTESIAN_POINT('',(0.590543267439,0.65,1.2800001));
#3612 = ADVANCED_FACE('',(#3613),#3629,.T.);
#3613 = FACE_BOUND('',#3614,.T.);
#3614 = EDGE_LOOP('',(#3615,#3616,#3622));
#3615 = ORIENTED_EDGE('',*,*,#3190,.T.);
#3616 = ORIENTED_EDGE('',*,*,#3617,.F.);
#3617 = EDGE_CURVE('',#3496,#3184,#3618,.T.);
#3618 = ( BOUNDED_CURVE() B_SPLINE_CURVE(2,(#3619,#3620,#3621),
.UNSPECIFIED.,.F.,.F.) B_SPLINE_CURVE_WITH_KNOTS((3,3),(1.856280396943,
1.860942354037),.PIECEWISE_BEZIER_KNOTS.) CURVE() 
GEOMETRIC_REPRESENTATION_ITEM() RATIONAL_B_SPLINE_CURVE((1.,
0.999997283271,1.)) REPRESENTATION_ITEM('') );
#3619 = CARTESIAN_POINT('',(0.590543267439,-0.63,1.2800001));
#3620 = CARTESIAN_POINT('',(0.592011786583,-0.63,1.28500355026));
#3621 = CARTESIAN_POINT('',(0.593503615555,-0.63,1.2900001));
#3622 = ORIENTED_EDGE('',*,*,#3623,.T.);
#3623 = EDGE_CURVE('',#3496,#3191,#3624,.T.);
#3624 = ( BOUNDED_CURVE() B_SPLINE_CURVE(3,(#3625,#3626,#3627,#3628),
.UNSPECIFIED.,.F.,.F.) B_SPLINE_CURVE_WITH_KNOTS((4,4),(4.997873050533,
5.000368886252),.PIECEWISE_BEZIER_KNOTS.) CURVE() 
GEOMETRIC_REPRESENTATION_ITEM() RATIONAL_B_SPLINE_CURVE((1.,0.9999994809
,0.9999994809,1.)) REPRESENTATION_ITEM('') );
#3625 = CARTESIAN_POINT('',(0.590543267439,-0.63,1.2800001));
#3626 = CARTESIAN_POINT('',(0.591067393076,-0.631785769402,
    1.281785869402));
#3627 = CARTESIAN_POINT('',(0.591593746797,-0.633570883349,
    1.283570983349));
#3628 = CARTESIAN_POINT('',(0.592122327784,-0.635355339059,
    1.285355439059));
#3629 = ( BOUNDED_SURFACE() B_SPLINE_SURFACE(2,1,(
    (#3630,#3631)
    ,(#3632,#3633)
    ,(#3634,#3635
)),.UNSPECIFIED.,.F.,.F.,.F.) B_SPLINE_SURFACE_WITH_KNOTS((3,3),(2,2),(
    4.422242953143,4.426904910237),(0.,5.355339059312E-03),
.PIECEWISE_BEZIER_KNOTS.) GEOMETRIC_REPRESENTATION_ITEM() 
RATIONAL_B_SPLINE_SURFACE((
    (1.,1.)
    ,(0.999997283271,0.999997283271)
,(1.,1.))) REPRESENTATION_ITEM('') SURFACE() );
#3630 = CARTESIAN_POINT('',(0.593503615555,-0.63,1.2900001));
#3631 = CARTESIAN_POINT('',(0.593503615555,-0.635355339059,1.2900001));
#3632 = CARTESIAN_POINT('',(0.592011786583,-0.63,1.28500355026));
#3633 = CARTESIAN_POINT('',(0.592011786583,-0.635355339059,1.28500355026
    ));
#3634 = CARTESIAN_POINT('',(0.590543267439,-0.63,1.2800001));
#3635 = CARTESIAN_POINT('',(0.590543267439,-0.635355339059,1.2800001));
#3636 = ADVANCED_FACE('',(#3637),#3642,.T.);
#3637 = FACE_BOUND('',#3638,.T.);
#3638 = EDGE_LOOP('',(#3639,#3640,#3641));
#3639 = ORIENTED_EDGE('',*,*,#3504,.F.);
#3640 = ORIENTED_EDGE('',*,*,#3617,.T.);
#3641 = ORIENTED_EDGE('',*,*,#3183,.F.);
#3642 = B_SPLINE_SURFACE_WITH_KNOTS('',1,1,(
    (#3643,#3644)
    ,(#3645,#3646
  )),.UNSPECIFIED.,.F.,.F.,.F.,(2,2),(2,2),(-0.64,-0.63),(
    -2.146498175501,-2.143537827385),.PIECEWISE_BEZIER_KNOTS.);
#3643 = CARTESIAN_POINT('',(0.590543267439,-0.63,1.2900001));
#3644 = CARTESIAN_POINT('',(0.593503615555,-0.63,1.2900001));
#3645 = CARTESIAN_POINT('',(0.590543267439,-0.63,1.2800001));
#3646 = CARTESIAN_POINT('',(0.593503615555,-0.63,1.2800001));
#3647 = ADVANCED_FACE('',(#3648),#3658,.T.);
#3648 = FACE_BOUND('',#3649,.T.);
#3649 = EDGE_LOOP('',(#3650,#3656,#3657));
#3650 = ORIENTED_EDGE('',*,*,#3651,.T.);
#3651 = EDGE_CURVE('',#3200,#3496,#3652,.T.);
#3652 = ( BOUNDED_CURVE() B_SPLINE_CURVE(2,(#3653,#3654,#3655),
.UNSPECIFIED.,.F.,.F.) B_SPLINE_CURVE_WITH_KNOTS((3,3),(1.280650299553,
1.285312256647),.PIECEWISE_BEZIER_KNOTS.) CURVE() 
GEOMETRIC_REPRESENTATION_ITEM() RATIONAL_B_SPLINE_CURVE((1.,
0.999997283271,1.)) REPRESENTATION_ITEM('') );
#3653 = CARTESIAN_POINT('',(0.593503615555,-0.64,1.2800001));
#3654 = CARTESIAN_POINT('',(0.592011786583,-0.63500345026,1.2800001));
#3655 = CARTESIAN_POINT('',(0.590543267439,-0.63,1.2800001));
#3656 = ORIENTED_EDGE('',*,*,#3522,.T.);
#3657 = ORIENTED_EDGE('',*,*,#3211,.F.);
#3658 = B_SPLINE_SURFACE_WITH_KNOTS('',1,1,(
    (#3659,#3660)
    ,(#3661,#3662
    )),.UNSPECIFIED.,.F.,.F.,.F.,(2,2),(2,2),(0.63,0.64),(
    -2.146498175501,-2.143537827385),.PIECEWISE_BEZIER_KNOTS.);
#3659 = CARTESIAN_POINT('',(0.590543267439,-0.63,1.2800001));
#3660 = CARTESIAN_POINT('',(0.593503615555,-0.63,1.2800001));
#3661 = CARTESIAN_POINT('',(0.590543267439,-0.64,1.2800001));
#3662 = CARTESIAN_POINT('',(0.593503615555,-0.64,1.2800001));
#3663 = ADVANCED_FACE('',(#3664),#3669,.T.);
#3664 = FACE_BOUND('',#3665,.T.);
#3665 = EDGE_LOOP('',(#3666,#3667,#3668));
#3666 = ORIENTED_EDGE('',*,*,#3199,.T.);
#3667 = ORIENTED_EDGE('',*,*,#3623,.F.);
#3668 = ORIENTED_EDGE('',*,*,#3651,.F.);
#3669 = ( BOUNDED_SURFACE() B_SPLINE_SURFACE(2,1,(
    (#3670,#3671)
    ,(#3672,#3673)
    ,(#3674,#3675
)),.UNSPECIFIED.,.F.,.F.,.F.) B_SPLINE_SURFACE_WITH_KNOTS((3,3),(2,2),(
    4.997873050533,5.002535007627),(0.,5.355339059346E-03),
.PIECEWISE_BEZIER_KNOTS.) GEOMETRIC_REPRESENTATION_ITEM() 
RATIONAL_B_SPLINE_SURFACE((
    (1.,1.)
    ,(0.999997283271,0.999997283271)
,(1.,1.))) REPRESENTATION_ITEM('') SURFACE() );
#3670 = CARTESIAN_POINT('',(0.590543267439,-0.63,1.2800001));
#3671 = CARTESIAN_POINT('',(0.590543267439,-0.63,1.285355439059));
#3672 = CARTESIAN_POINT('',(0.592011786583,-0.63500345026,1.2800001));
#3673 = CARTESIAN_POINT('',(0.592011786583,-0.63500345026,1.285355439059
    ));
#3674 = CARTESIAN_POINT('',(0.593503615555,-0.64,1.2800001));
#3675 = CARTESIAN_POINT('',(0.593503615555,-0.64,1.285355439059));
#3676 = ADVANCED_FACE('',(#3677),#3693,.T.);
#3677 = FACE_BOUND('',#3678,.T.);
#3678 = EDGE_LOOP('',(#3679,#3680,#3686));
#3679 = ORIENTED_EDGE('',*,*,#2993,.T.);
#3680 = ORIENTED_EDGE('',*,*,#3681,.F.);
#3681 = EDGE_CURVE('',#3451,#2987,#3682,.T.);
#3682 = ( BOUNDED_CURVE() B_SPLINE_CURVE(2,(#3683,#3684,#3685),
.UNSPECIFIED.,.F.,.F.) B_SPLINE_CURVE_WITH_KNOTS((3,3),(1.856280396943,
1.860942354037),.PIECEWISE_BEZIER_KNOTS.) CURVE() 
GEOMETRIC_REPRESENTATION_ITEM() RATIONAL_B_SPLINE_CURVE((1.,
0.999997283271,1.)) REPRESENTATION_ITEM('') );
#3683 = CARTESIAN_POINT('',(0.590543267439,0.63,1.2800001));
#3684 = CARTESIAN_POINT('',(0.592011786583,0.63500345026,1.2800001));
#3685 = CARTESIAN_POINT('',(0.593503615555,0.64,1.2800001));
#3686 = ORIENTED_EDGE('',*,*,#3687,.T.);
#3687 = EDGE_CURVE('',#3451,#2994,#3688,.T.);
#3688 = ( BOUNDED_CURVE() B_SPLINE_CURVE(3,(#3689,#3690,#3691,#3692),
.UNSPECIFIED.,.F.,.F.) B_SPLINE_CURVE_WITH_KNOTS((4,4),(4.997873050533,
5.000368886252),.PIECEWISE_BEZIER_KNOTS.) CURVE() 
GEOMETRIC_REPRESENTATION_ITEM() RATIONAL_B_SPLINE_CURVE((1.,0.9999994809
,0.9999994809,1.)) REPRESENTATION_ITEM('') );
#3689 = CARTESIAN_POINT('',(0.590543267439,0.63,1.2800001));
#3690 = CARTESIAN_POINT('',(0.591067393076,0.631785769402,1.281785869402
    ));
#3691 = CARTESIAN_POINT('',(0.591593746797,0.633570883349,1.283570983349
    ));
#3692 = CARTESIAN_POINT('',(0.592122327784,0.635355339059,1.285355439059
    ));
#3693 = ( BOUNDED_SURFACE() B_SPLINE_SURFACE(2,1,(
    (#3694,#3695)
    ,(#3696,#3697)
    ,(#3698,#3699
)),.UNSPECIFIED.,.F.,.F.,.F.) B_SPLINE_SURFACE_WITH_KNOTS((3,3),(2,2),(
    4.422242953143,4.426904910237),(0.,5.355339059307E-03),
.PIECEWISE_BEZIER_KNOTS.) GEOMETRIC_REPRESENTATION_ITEM() 
RATIONAL_B_SPLINE_SURFACE((
    (1.,1.)
    ,(0.999997283271,0.999997283271)
,(1.,1.))) REPRESENTATION_ITEM('') SURFACE() );
#3694 = CARTESIAN_POINT('',(0.593503615555,0.64,1.2800001));
#3695 = CARTESIAN_POINT('',(0.593503615555,0.64,1.285355439059));
#3696 = CARTESIAN_POINT('',(0.592011786583,0.63500345026,1.2800001));
#3697 = CARTESIAN_POINT('',(0.592011786583,0.63500345026,1.285355439059)
  );
#3698 = CARTESIAN_POINT('',(0.590543267439,0.63,1.2800001));
#3699 = CARTESIAN_POINT('',(0.590543267439,0.63,1.285355439059));
#3700 = ADVANCED_FACE('',(#3701),#3706,.T.);
#3701 = FACE_BOUND('',#3702,.T.);
#3702 = EDGE_LOOP('',(#3703,#3704,#3705));
#3703 = ORIENTED_EDGE('',*,*,#3600,.F.);
#3704 = ORIENTED_EDGE('',*,*,#3681,.T.);
#3705 = ORIENTED_EDGE('',*,*,#2986,.F.);
#3706 = B_SPLINE_SURFACE_WITH_KNOTS('',1,1,(
    (#3707,#3708)
    ,(#3709,#3710
  )),.UNSPECIFIED.,.F.,.F.,.F.,(2,2),(2,2),(-0.64,-0.63),(
    -2.146498175501,-2.143537827385),.PIECEWISE_BEZIER_KNOTS.);
#3707 = CARTESIAN_POINT('',(0.590543267439,0.64,1.2800001));
#3708 = CARTESIAN_POINT('',(0.593503615555,0.64,1.2800001));
#3709 = CARTESIAN_POINT('',(0.590543267439,0.63,1.2800001));
#3710 = CARTESIAN_POINT('',(0.593503615555,0.63,1.2800001));
#3711 = ADVANCED_FACE('',(#3712),#3722,.T.);
#3712 = FACE_BOUND('',#3713,.T.);
#3713 = EDGE_LOOP('',(#3714,#3720,#3721));
#3714 = ORIENTED_EDGE('',*,*,#3715,.T.);
#3715 = EDGE_CURVE('',#3003,#3451,#3716,.T.);
#3716 = ( BOUNDED_CURVE() B_SPLINE_CURVE(2,(#3717,#3718,#3719),
.UNSPECIFIED.,.F.,.F.) B_SPLINE_CURVE_WITH_KNOTS((3,3),(1.280650299553,
1.285312256647),.PIECEWISE_BEZIER_KNOTS.) CURVE() 
GEOMETRIC_REPRESENTATION_ITEM() RATIONAL_B_SPLINE_CURVE((1.,
0.999997283271,1.)) REPRESENTATION_ITEM('') );
#3717 = CARTESIAN_POINT('',(0.593503615555,0.63,1.2900001));
#3718 = CARTESIAN_POINT('',(0.592011786583,0.63,1.28500355026));
#3719 = CARTESIAN_POINT('',(0.590543267439,0.63,1.2800001));
#3720 = ORIENTED_EDGE('',*,*,#3450,.T.);
#3721 = ORIENTED_EDGE('',*,*,#3014,.F.);
#3722 = B_SPLINE_SURFACE_WITH_KNOTS('',1,1,(
    (#3723,#3724)
    ,(#3725,#3726
    )),.UNSPECIFIED.,.F.,.F.,.F.,(2,2),(2,2),(0.63,0.64),(
    -2.146498175501,-2.143537827385),.PIECEWISE_BEZIER_KNOTS.);
#3723 = CARTESIAN_POINT('',(0.590543267439,0.63,1.2800001));
#3724 = CARTESIAN_POINT('',(0.593503615555,0.63,1.2800001));
#3725 = CARTESIAN_POINT('',(0.590543267439,0.63,1.2900001));
#3726 = CARTESIAN_POINT('',(0.593503615555,0.63,1.2900001));
#3727 = ADVANCED_FACE('',(#3728),#3733,.T.);
#3728 = FACE_BOUND('',#3729,.T.);
#3729 = EDGE_LOOP('',(#3730,#3731,#3732));
#3730 = ORIENTED_EDGE('',*,*,#3002,.T.);
#3731 = ORIENTED_EDGE('',*,*,#3687,.F.);
#3732 = ORIENTED_EDGE('',*,*,#3715,.F.);
#3733 = ( BOUNDED_SURFACE() B_SPLINE_SURFACE(2,1,(
    (#3734,#3735)
    ,(#3736,#3737)
    ,(#3738,#3739
)),.UNSPECIFIED.,.F.,.F.,.F.) B_SPLINE_SURFACE_WITH_KNOTS((3,3),(2,2),(
    4.997873050533,5.002535007627),(0.,5.355339059342E-03),
.PIECEWISE_BEZIER_KNOTS.) GEOMETRIC_REPRESENTATION_ITEM() 
RATIONAL_B_SPLINE_SURFACE((
    (1.,1.)
    ,(0.999997283271,0.999997283271)
,(1.,1.))) REPRESENTATION_ITEM('') SURFACE() );
#3734 = CARTESIAN_POINT('',(0.590543267439,0.63,1.2800001));
#3735 = CARTESIAN_POINT('',(0.590543267439,0.635355339059,1.2800001));
#3736 = CARTESIAN_POINT('',(0.592011786583,0.63,1.28500355026));
#3737 = CARTESIAN_POINT('',(0.592011786583,0.635355339059,1.28500355026)
  );
#3738 = CARTESIAN_POINT('',(0.593503615555,0.63,1.2900001));
#3739 = CARTESIAN_POINT('',(0.593503615555,0.635355339059,1.2900001));
#3740 = ADVANCED_FACE('',(#3741),#3771,.T.);
#3741 = FACE_BOUND('',#3742,.T.);
#3742 = EDGE_LOOP('',(#3743,#3752,#3759,#3766));
#3743 = ORIENTED_EDGE('',*,*,#3744,.T.);
#3744 = EDGE_CURVE('',#3745,#3747,#3749,.T.);
#3745 = VERTEX_POINT('',#3746);
#3746 = CARTESIAN_POINT('',(-1.,-0.6,1.2500001));
#3747 = VERTEX_POINT('',#3748);
#3748 = CARTESIAN_POINT('',(-1.,0.6,1.2500001));
#3749 = B_SPLINE_CURVE_WITH_KNOTS('',1,(#3750,#3751),.UNSPECIFIED.,.F.,
  .F.,(2,2),(-1.25,-5.E-02),.PIECEWISE_BEZIER_KNOTS.);
#3750 = CARTESIAN_POINT('',(-1.,-0.6,1.2500001));
#3751 = CARTESIAN_POINT('',(-1.,0.6,1.2500001));
#3752 = ORIENTED_EDGE('',*,*,#3753,.T.);
#3753 = EDGE_CURVE('',#3747,#3754,#3756,.T.);
#3754 = VERTEX_POINT('',#3755);
#3755 = CARTESIAN_POINT('',(-1.,0.6,5.00001E-02));
#3756 = B_SPLINE_CURVE_WITH_KNOTS('',1,(#3757,#3758),.UNSPECIFIED.,.F.,
  .F.,(2,2),(-1.25,-5.E-02),.PIECEWISE_BEZIER_KNOTS.);
#3757 = CARTESIAN_POINT('',(-1.,0.6,1.2500001));
#3758 = CARTESIAN_POINT('',(-1.,0.6,5.00001E-02));
#3759 = ORIENTED_EDGE('',*,*,#3760,.T.);
#3760 = EDGE_CURVE('',#3754,#3761,#3763,.T.);
#3761 = VERTEX_POINT('',#3762);
#3762 = CARTESIAN_POINT('',(-1.,-0.6,5.00001E-02));
#3763 = B_SPLINE_CURVE_WITH_KNOTS('',1,(#3764,#3765),.UNSPECIFIED.,.F.,
  .F.,(2,2),(-1.25,-5.E-02),.PIECEWISE_BEZIER_KNOTS.);
#3764 = CARTESIAN_POINT('',(-1.,0.6,5.00001E-02));
#3765 = CARTESIAN_POINT('',(-1.,-0.6,5.00001E-02));
#3766 = ORIENTED_EDGE('',*,*,#3767,.T.);
#3767 = EDGE_CURVE('',#3761,#3745,#3768,.T.);
#3768 = B_SPLINE_CURVE_WITH_KNOTS('',1,(#3769,#3770),.UNSPECIFIED.,.F.,
  .F.,(2,2),(-1.25,-5.E-02),.PIECEWISE_BEZIER_KNOTS.);
#3769 = CARTESIAN_POINT('',(-1.,-0.6,5.00001E-02));
#3770 = CARTESIAN_POINT('',(-1.,-0.6,1.2500001));
#3771 = B_SPLINE_SURFACE_WITH_KNOTS('',1,1,(
    (#3772,#3773)
    ,(#3774,#3775
    )),.UNSPECIFIED.,.F.,.F.,.F.,(2,2),(2,2),(-0.6,0.6),(-0.6,0.6),
  .PIECEWISE_BEZIER_KNOTS.);
#3772 = CARTESIAN_POINT('',(-1.,0.6,1.2500001));
#3773 = CARTESIAN_POINT('',(-1.,-0.6,1.2500001));
#3774 = CARTESIAN_POINT('',(-1.,0.6,5.00001E-02));
#3775 = CARTESIAN_POINT('',(-1.,-0.6,5.00001E-02));
#3776 = ADVANCED_FACE('',(#3777),#3793,.T.);
#3777 = FACE_BOUND('',#3778,.T.);
#3778 = EDGE_LOOP('',(#3779,#3785,#3786,#3792));
#3779 = ORIENTED_EDGE('',*,*,#3780,.F.);
#3780 = EDGE_CURVE('',#1963,#3761,#3781,.T.);
#3781 = ( BOUNDED_CURVE() B_SPLINE_CURVE(2,(#3782,#3783,#3784),
.UNSPECIFIED.,.F.,.F.) B_SPLINE_CURVE_WITH_KNOTS((3,3),(4.712388980385,
6.28318530718),.PIECEWISE_BEZIER_KNOTS.) CURVE() 
GEOMETRIC_REPRESENTATION_ITEM() RATIONAL_B_SPLINE_CURVE((1.,
0.707106781187,1.)) REPRESENTATION_ITEM('') );
#3782 = CARTESIAN_POINT('',(-0.95,-0.65,5.00001E-02));
#3783 = CARTESIAN_POINT('',(-1.,-0.65,5.00001E-02));
#3784 = CARTESIAN_POINT('',(-1.,-0.6,5.00001E-02));
#3785 = ORIENTED_EDGE('',*,*,#2214,.F.);
#3786 = ORIENTED_EDGE('',*,*,#3787,.F.);
#3787 = EDGE_CURVE('',#3745,#2208,#3788,.T.);
#3788 = ( BOUNDED_CURVE() B_SPLINE_CURVE(2,(#3789,#3790,#3791),
.UNSPECIFIED.,.F.,.F.) B_SPLINE_CURVE_WITH_KNOTS((3,3),(3.14159265359,
4.712388980385),.PIECEWISE_BEZIER_KNOTS.) CURVE() 
GEOMETRIC_REPRESENTATION_ITEM() RATIONAL_B_SPLINE_CURVE((1.,
0.707106781187,1.)) REPRESENTATION_ITEM('') );
#3789 = CARTESIAN_POINT('',(-1.,-0.6,1.2500001));
#3790 = CARTESIAN_POINT('',(-1.,-0.65,1.2500001));
#3791 = CARTESIAN_POINT('',(-0.95,-0.65,1.2500001));
#3792 = ORIENTED_EDGE('',*,*,#3767,.F.);
#3793 = ( BOUNDED_SURFACE() B_SPLINE_SURFACE(2,1,(
    (#3794,#3795)
    ,(#3796,#3797)
    ,(#3798,#3799
)),.UNSPECIFIED.,.F.,.F.,.F.) B_SPLINE_SURFACE_WITH_KNOTS((3,3),(2,2),(
    3.14159265359,4.712388980385),(-1.25,-5.E-02),
.PIECEWISE_BEZIER_KNOTS.) GEOMETRIC_REPRESENTATION_ITEM() 
RATIONAL_B_SPLINE_SURFACE((
    (1.,1.)
    ,(0.707106781187,0.707106781187)
,(1.,1.))) REPRESENTATION_ITEM('') SURFACE() );
#3794 = CARTESIAN_POINT('',(-1.,-0.6,5.00001E-02));
#3795 = CARTESIAN_POINT('',(-1.,-0.6,1.2500001));
#3796 = CARTESIAN_POINT('',(-1.,-0.65,5.00001E-02));
#3797 = CARTESIAN_POINT('',(-1.,-0.65,1.2500001));
#3798 = CARTESIAN_POINT('',(-0.95,-0.65,5.00001E-02));
#3799 = CARTESIAN_POINT('',(-0.95,-0.65,1.2500001));
#3800 = ADVANCED_FACE('',(#3801),#3811,.T.);
#3801 = FACE_BOUND('',#3802,.T.);
#3802 = EDGE_LOOP('',(#3803,#3804,#3805));
#3803 = ORIENTED_EDGE('',*,*,#1969,.T.);
#3804 = ORIENTED_EDGE('',*,*,#3780,.T.);
#3805 = ORIENTED_EDGE('',*,*,#3806,.F.);
#3806 = EDGE_CURVE('',#1970,#3761,#3807,.T.);
#3807 = ( BOUNDED_CURVE() B_SPLINE_CURVE(2,(#3808,#3809,#3810),
.UNSPECIFIED.,.F.,.F.) B_SPLINE_CURVE_WITH_KNOTS((3,3),(0.,
1.570796326795),.PIECEWISE_BEZIER_KNOTS.) CURVE() 
GEOMETRIC_REPRESENTATION_ITEM() RATIONAL_B_SPLINE_CURVE((1.,
0.707106781187,1.)) REPRESENTATION_ITEM('') );
#3808 = CARTESIAN_POINT('',(-0.95,-0.6,9.999999994736E-08));
#3809 = CARTESIAN_POINT('',(-1.,-0.6,9.999999994736E-08));
#3810 = CARTESIAN_POINT('',(-1.,-0.6,5.00001E-02));
#3811 = ( BOUNDED_SURFACE() B_SPLINE_SURFACE(2,2,(
    (#3812,#3813,#3814)
    ,(#3815,#3816,#3817)
    ,(#3818,#3819,#3820)
    ,(#3821,#3822,#3823)
    ,(#3824,#3825,#3826
)),.UNSPECIFIED.,.F.,.F.,.F.) B_SPLINE_SURFACE_WITH_KNOTS((3,2,3),(3,3),
  (0.,1.570796326795,3.14159265359),(-1.570796326795,2.22044604925E-15),
.PIECEWISE_BEZIER_KNOTS.) GEOMETRIC_REPRESENTATION_ITEM() 
RATIONAL_B_SPLINE_SURFACE((
    (1.,0.707106781187,1.)
    ,(0.707106781187,0.5,0.707106781187)
    ,(1.,0.707106781187,1.)
    ,(0.707106781187,0.5,0.707106781187)
,(1.,0.707106781187,1.))) REPRESENTATION_ITEM('') SURFACE() );
#3812 = CARTESIAN_POINT('',(-0.95,-0.65,5.00001E-02));
#3813 = CARTESIAN_POINT('',(-0.9,-0.65,5.00001E-02));
#3814 = CARTESIAN_POINT('',(-0.9,-0.6,5.00001E-02));
#3815 = CARTESIAN_POINT('',(-0.95,-0.65,5.00001E-02));
#3816 = CARTESIAN_POINT('',(-0.9,-0.65,9.999999983634E-08));
#3817 = CARTESIAN_POINT('',(-0.9,-0.6,9.999999994736E-08));
#3818 = CARTESIAN_POINT('',(-0.95,-0.65,5.00001E-02));
#3819 = CARTESIAN_POINT('',(-0.95,-0.65,9.999999983634E-08));
#3820 = CARTESIAN_POINT('',(-0.95,-0.6,9.999999994736E-08));
#3821 = CARTESIAN_POINT('',(-0.95,-0.65,5.00001E-02));
#3822 = CARTESIAN_POINT('',(-1.,-0.65,9.999999994736E-08));
#3823 = CARTESIAN_POINT('',(-1.,-0.6,1.000000000584E-07));
#3824 = CARTESIAN_POINT('',(-0.95,-0.65,5.00001E-02));
#3825 = CARTESIAN_POINT('',(-1.,-0.65,5.00001E-02));
#3826 = CARTESIAN_POINT('',(-1.,-0.6,5.00001E-02));
#3827 = ADVANCED_FACE('',(#3828),#3838,.T.);
#3828 = FACE_BOUND('',#3829,.T.);
#3829 = EDGE_LOOP('',(#3830,#3831,#3832));
#3830 = ORIENTED_EDGE('',*,*,#3787,.T.);
#3831 = ORIENTED_EDGE('',*,*,#2251,.T.);
#3832 = ORIENTED_EDGE('',*,*,#3833,.F.);
#3833 = EDGE_CURVE('',#3745,#2180,#3834,.T.);
#3834 = ( BOUNDED_CURVE() B_SPLINE_CURVE(2,(#3835,#3836,#3837),
.UNSPECIFIED.,.F.,.F.) B_SPLINE_CURVE_WITH_KNOTS((3,3),(1.570796326795,
3.14159265359),.PIECEWISE_BEZIER_KNOTS.) CURVE() 
GEOMETRIC_REPRESENTATION_ITEM() RATIONAL_B_SPLINE_CURVE((1.,
0.707106781187,1.)) REPRESENTATION_ITEM('') );
#3835 = CARTESIAN_POINT('',(-1.,-0.6,1.2500001));
#3836 = CARTESIAN_POINT('',(-1.,-0.6,1.3000001));
#3837 = CARTESIAN_POINT('',(-0.95,-0.6,1.3000001));
#3838 = ( BOUNDED_SURFACE() B_SPLINE_SURFACE(2,2,(
    (#3839,#3840,#3841)
    ,(#3842,#3843,#3844)
    ,(#3845,#3846,#3847
)),.UNSPECIFIED.,.F.,.F.,.F.) B_SPLINE_SURFACE_WITH_KNOTS((3,3),(3,3),(
    3.14159265359,4.712388980385),(-1.570796326795,0.),
.PIECEWISE_BEZIER_KNOTS.) GEOMETRIC_REPRESENTATION_ITEM() 
RATIONAL_B_SPLINE_SURFACE((
    (1.,0.707106781187,1.)
    ,(0.707106781187,0.5,0.707106781187)
,(1.,0.707106781187,1.))) REPRESENTATION_ITEM('') SURFACE() );
#3839 = CARTESIAN_POINT('',(-0.95,-0.65,1.2500001));
#3840 = CARTESIAN_POINT('',(-1.,-0.65,1.2500001));
#3841 = CARTESIAN_POINT('',(-1.,-0.6,1.2500001));
#3842 = CARTESIAN_POINT('',(-0.95,-0.65,1.2500001));
#3843 = CARTESIAN_POINT('',(-1.,-0.65,1.3000001));
#3844 = CARTESIAN_POINT('',(-1.,-0.6,1.3000001));
#3845 = CARTESIAN_POINT('',(-0.95,-0.65,1.2500001));
#3846 = CARTESIAN_POINT('',(-0.95,-0.65,1.3000001));
#3847 = CARTESIAN_POINT('',(-0.95,-0.6,1.3000001));
#3848 = ADVANCED_FACE('',(#3849),#3860,.T.);
#3849 = FACE_BOUND('',#3850,.T.);
#3850 = EDGE_LOOP('',(#3851,#3852,#3853,#3859));
#3851 = ORIENTED_EDGE('',*,*,#3806,.T.);
#3852 = ORIENTED_EDGE('',*,*,#3760,.F.);
#3853 = ORIENTED_EDGE('',*,*,#3854,.F.);
#3854 = EDGE_CURVE('',#2029,#3754,#3855,.T.);
#3855 = ( BOUNDED_CURVE() B_SPLINE_CURVE(2,(#3856,#3857,#3858),
.UNSPECIFIED.,.F.,.F.) B_SPLINE_CURVE_WITH_KNOTS((3,3),(3.14159265359,
4.712388980385),.PIECEWISE_BEZIER_KNOTS.) CURVE() 
GEOMETRIC_REPRESENTATION_ITEM() RATIONAL_B_SPLINE_CURVE((1.,
0.707106781187,1.)) REPRESENTATION_ITEM('') );
#3856 = CARTESIAN_POINT('',(-0.95,0.6,1.000000000584E-07));
#3857 = CARTESIAN_POINT('',(-1.,0.6,1.000000000584E-07));
#3858 = CARTESIAN_POINT('',(-1.,0.6,5.00001E-02));
#3859 = ORIENTED_EDGE('',*,*,#2497,.F.);
#3860 = ( BOUNDED_SURFACE() B_SPLINE_SURFACE(2,1,(
    (#3861,#3862)
    ,(#3863,#3864)
    ,(#3865,#3866
)),.UNSPECIFIED.,.F.,.F.,.F.) B_SPLINE_SURFACE_WITH_KNOTS((3,3),(2,2),(
    4.712388980385,6.28318530718),(5.E-02,1.25),
.PIECEWISE_BEZIER_KNOTS.) GEOMETRIC_REPRESENTATION_ITEM() 
RATIONAL_B_SPLINE_SURFACE((
    (1.,1.)
    ,(0.707106781187,0.707106781187)
,(1.,1.))) REPRESENTATION_ITEM('') SURFACE() );
#3861 = CARTESIAN_POINT('',(-1.,0.6,5.00001E-02));
#3862 = CARTESIAN_POINT('',(-1.,-0.6,5.00001E-02));
#3863 = CARTESIAN_POINT('',(-1.,0.6,1.000000000584E-07));
#3864 = CARTESIAN_POINT('',(-1.,-0.6,9.999999994736E-08));
#3865 = CARTESIAN_POINT('',(-0.95,0.6,1.000000000584E-07));
#3866 = CARTESIAN_POINT('',(-0.95,-0.6,9.999999994736E-08));
#3867 = ADVANCED_FACE('',(#3868),#3879,.T.);
#3868 = FACE_BOUND('',#3869,.T.);
#3869 = EDGE_LOOP('',(#3870,#3871,#3872,#3878));
#3870 = ORIENTED_EDGE('',*,*,#3833,.T.);
#3871 = ORIENTED_EDGE('',*,*,#2179,.F.);
#3872 = ORIENTED_EDGE('',*,*,#3873,.F.);
#3873 = EDGE_CURVE('',#3747,#2173,#3874,.T.);
#3874 = ( BOUNDED_CURVE() B_SPLINE_CURVE(2,(#3875,#3876,#3877),
.UNSPECIFIED.,.F.,.F.) B_SPLINE_CURVE_WITH_KNOTS((3,3),(4.712388980385,
6.28318530718),.PIECEWISE_BEZIER_KNOTS.) CURVE() 
GEOMETRIC_REPRESENTATION_ITEM() RATIONAL_B_SPLINE_CURVE((1.,
0.707106781187,1.)) REPRESENTATION_ITEM('') );
#3875 = CARTESIAN_POINT('',(-1.,0.6,1.2500001));
#3876 = CARTESIAN_POINT('',(-1.,0.6,1.3000001));
#3877 = CARTESIAN_POINT('',(-0.95,0.6,1.3000001));
#3878 = ORIENTED_EDGE('',*,*,#3744,.F.);
#3879 = ( BOUNDED_SURFACE() B_SPLINE_SURFACE(2,1,(
    (#3880,#3881)
    ,(#3882,#3883)
    ,(#3884,#3885
)),.UNSPECIFIED.,.F.,.F.,.F.) B_SPLINE_SURFACE_WITH_KNOTS((3,3),(2,2),(
    4.712388980385,6.28318530718),(-1.25,-5.E-02),
.PIECEWISE_BEZIER_KNOTS.) GEOMETRIC_REPRESENTATION_ITEM() 
RATIONAL_B_SPLINE_SURFACE((
    (1.,1.)
    ,(0.707106781187,0.707106781187)
,(1.,1.))) REPRESENTATION_ITEM('') SURFACE() );
#3880 = CARTESIAN_POINT('',(-1.,-0.6,1.2500001));
#3881 = CARTESIAN_POINT('',(-1.,0.6,1.2500001));
#3882 = CARTESIAN_POINT('',(-1.,-0.6,1.3000001));
#3883 = CARTESIAN_POINT('',(-1.,0.6,1.3000001));
#3884 = CARTESIAN_POINT('',(-0.95,-0.6,1.3000001));
#3885 = CARTESIAN_POINT('',(-0.95,0.6,1.3000001));
#3886 = ADVANCED_FACE('',(#3887),#3897,.T.);
#3887 = FACE_BOUND('',#3888,.T.);
#3888 = EDGE_LOOP('',(#3889,#3890,#3891));
#3889 = ORIENTED_EDGE('',*,*,#2035,.T.);
#3890 = ORIENTED_EDGE('',*,*,#3854,.T.);
#3891 = ORIENTED_EDGE('',*,*,#3892,.F.);
#3892 = EDGE_CURVE('',#2036,#3754,#3893,.T.);
#3893 = ( BOUNDED_CURVE() B_SPLINE_CURVE(2,(#3894,#3895,#3896),
.UNSPECIFIED.,.F.,.F.) B_SPLINE_CURVE_WITH_KNOTS((3,3),(0.,
1.570796326795),.PIECEWISE_BEZIER_KNOTS.) CURVE() 
GEOMETRIC_REPRESENTATION_ITEM() RATIONAL_B_SPLINE_CURVE((1.,
0.707106781187,1.)) REPRESENTATION_ITEM('') );
#3894 = CARTESIAN_POINT('',(-0.95,0.65,5.00001E-02));
#3895 = CARTESIAN_POINT('',(-1.,0.65,5.00001E-02));
#3896 = CARTESIAN_POINT('',(-1.,0.6,5.00001E-02));
#3897 = ( BOUNDED_SURFACE() B_SPLINE_SURFACE(2,2,(
    (#3898,#3899,#3900)
    ,(#3901,#3902,#3903)
    ,(#3904,#3905,#3906)
    ,(#3907,#3908,#3909)
    ,(#3910,#3911,#3912
)),.UNSPECIFIED.,.F.,.F.,.F.) B_SPLINE_SURFACE_WITH_KNOTS((3,2,3),(3,3),
  (1.570796326795,3.14159265359,4.712388980385),(0.,1.570796326795),
.PIECEWISE_BEZIER_KNOTS.) GEOMETRIC_REPRESENTATION_ITEM() 
RATIONAL_B_SPLINE_SURFACE((
    (1.,0.707106781187,1.)
    ,(0.707106781187,0.5,0.707106781187)
    ,(1.,0.707106781187,1.)
    ,(0.707106781187,0.5,0.707106781187)
,(1.,0.707106781187,1.))) REPRESENTATION_ITEM('') SURFACE() );
#3898 = CARTESIAN_POINT('',(-0.95,0.6,1.000000000584E-07));
#3899 = CARTESIAN_POINT('',(-0.95,0.65,1.000000000584E-07));
#3900 = CARTESIAN_POINT('',(-0.95,0.65,5.00001E-02));
#3901 = CARTESIAN_POINT('',(-1.,0.6,1.000000000584E-07));
#3902 = CARTESIAN_POINT('',(-1.,0.65,1.000000000584E-07));
#3903 = CARTESIAN_POINT('',(-0.95,0.65,5.00001E-02));
#3904 = CARTESIAN_POINT('',(-1.,0.6,5.00001E-02));
#3905 = CARTESIAN_POINT('',(-1.,0.65,5.00001E-02));
#3906 = CARTESIAN_POINT('',(-0.95,0.65,5.00001E-02));
#3907 = CARTESIAN_POINT('',(-1.,0.6,0.1000001));
#3908 = CARTESIAN_POINT('',(-1.,0.65,0.1000001));
#3909 = CARTESIAN_POINT('',(-0.95,0.65,5.00001E-02));
#3910 = CARTESIAN_POINT('',(-0.95,0.6,0.1000001));
#3911 = CARTESIAN_POINT('',(-0.95,0.65,0.1000001));
#3912 = CARTESIAN_POINT('',(-0.95,0.65,5.00001E-02));
#3913 = ADVANCED_FACE('',(#3914),#3924,.T.);
#3914 = FACE_BOUND('',#3915,.T.);
#3915 = EDGE_LOOP('',(#3916,#3917,#3918));
#3916 = ORIENTED_EDGE('',*,*,#3873,.T.);
#3917 = ORIENTED_EDGE('',*,*,#2329,.T.);
#3918 = ORIENTED_EDGE('',*,*,#3919,.F.);
#3919 = EDGE_CURVE('',#3747,#2143,#3920,.T.);
#3920 = ( BOUNDED_CURVE() B_SPLINE_CURVE(2,(#3921,#3922,#3923),
.UNSPECIFIED.,.F.,.F.) B_SPLINE_CURVE_WITH_KNOTS((3,3),(3.14159265359,
4.712388980385),.PIECEWISE_BEZIER_KNOTS.) CURVE() 
GEOMETRIC_REPRESENTATION_ITEM() RATIONAL_B_SPLINE_CURVE((1.,
0.707106781187,1.)) REPRESENTATION_ITEM('') );
#3921 = CARTESIAN_POINT('',(-1.,0.6,1.2500001));
#3922 = CARTESIAN_POINT('',(-1.,0.65,1.2500001));
#3923 = CARTESIAN_POINT('',(-0.95,0.65,1.2500001));
#3924 = ( BOUNDED_SURFACE() B_SPLINE_SURFACE(2,2,(
    (#3925,#3926,#3927)
    ,(#3928,#3929,#3930)
    ,(#3931,#3932,#3933
)),.UNSPECIFIED.,.F.,.F.,.F.) B_SPLINE_SURFACE_WITH_KNOTS((3,3),(3,3),(
    3.14159265359,4.712388980385),(0.,1.570796326795),
.PIECEWISE_BEZIER_KNOTS.) GEOMETRIC_REPRESENTATION_ITEM() 
RATIONAL_B_SPLINE_SURFACE((
    (1.,0.707106781187,1.)
    ,(0.707106781187,0.5,0.707106781187)
,(1.,0.707106781187,1.))) REPRESENTATION_ITEM('') SURFACE() );
#3925 = CARTESIAN_POINT('',(-1.,0.6,1.2500001));
#3926 = CARTESIAN_POINT('',(-1.,0.65,1.2500001));
#3927 = CARTESIAN_POINT('',(-0.95,0.65,1.2500001));
#3928 = CARTESIAN_POINT('',(-1.,0.6,1.3000001));
#3929 = CARTESIAN_POINT('',(-1.,0.65,1.3000001));
#3930 = CARTESIAN_POINT('',(-0.95,0.65,1.2500001));
#3931 = CARTESIAN_POINT('',(-0.95,0.6,1.3000001));
#3932 = CARTESIAN_POINT('',(-0.95,0.65,1.3000001));
#3933 = CARTESIAN_POINT('',(-0.95,0.65,1.2500001));
#3934 = ADVANCED_FACE('',(#3935),#3941,.T.);
#3935 = FACE_BOUND('',#3936,.T.);
#3936 = EDGE_LOOP('',(#3937,#3938,#3939,#3940));
#3937 = ORIENTED_EDGE('',*,*,#3892,.T.);
#3938 = ORIENTED_EDGE('',*,*,#3753,.F.);
#3939 = ORIENTED_EDGE('',*,*,#3919,.T.);
#3940 = ORIENTED_EDGE('',*,*,#2142,.F.);
#3941 = ( BOUNDED_SURFACE() B_SPLINE_SURFACE(2,1,(
    (#3942,#3943)
    ,(#3944,#3945)
    ,(#3946,#3947
)),.UNSPECIFIED.,.F.,.F.,.F.) B_SPLINE_SURFACE_WITH_KNOTS((3,3),(2,2),(
    0.,1.570796326795),(5.E-02,1.25),.PIECEWISE_BEZIER_KNOTS.) 
GEOMETRIC_REPRESENTATION_ITEM() RATIONAL_B_SPLINE_SURFACE((
    (1.,1.)
    ,(0.707106781187,0.707106781187)
,(1.,1.))) REPRESENTATION_ITEM('') SURFACE() );
#3942 = CARTESIAN_POINT('',(-1.,0.6,1.2500001));
#3943 = CARTESIAN_POINT('',(-1.,0.6,5.00001E-02));
#3944 = CARTESIAN_POINT('',(-1.,0.65,1.2500001));
#3945 = CARTESIAN_POINT('',(-1.,0.65,5.00001E-02));
#3946 = CARTESIAN_POINT('',(-0.95,0.65,1.2500001));
#3947 = CARTESIAN_POINT('',(-0.95,0.65,5.00001E-02));
#3948 = ADVANCED_FACE('',(#3949),#3959,.T.);
#3949 = FACE_BOUND('',#3950,.T.);
#3950 = EDGE_LOOP('',(#3951,#3957,#3958));
#3951 = ORIENTED_EDGE('',*,*,#3952,.T.);
#3952 = EDGE_CURVE('',#1916,#2090,#3953,.T.);
#3953 = ( BOUNDED_CURVE() B_SPLINE_CURVE(2,(#3954,#3955,#3956),
.UNSPECIFIED.,.F.,.F.) B_SPLINE_CURVE_WITH_KNOTS((3,3),(1.280650299553,
1.285312256647),.PIECEWISE_BEZIER_KNOTS.) CURVE() 
GEOMETRIC_REPRESENTATION_ITEM() RATIONAL_B_SPLINE_CURVE((1.,
0.999997283271,1.)) REPRESENTATION_ITEM('') );
#3954 = CARTESIAN_POINT('',(-0.593503615555,-0.63,1.00001E-02));
#3955 = CARTESIAN_POINT('',(-0.592011786583,-0.63,1.499664973978E-02));
#3956 = CARTESIAN_POINT('',(-0.590543267439,-0.63,2.00001E-02));
#3957 = ORIENTED_EDGE('',*,*,#2477,.F.);
#3958 = ORIENTED_EDGE('',*,*,#1922,.F.);
#3959 = ( BOUNDED_SURFACE() B_SPLINE_SURFACE(2,1,(
    (#3960,#3961)
    ,(#3962,#3963)
    ,(#3964,#3965
)),.UNSPECIFIED.,.F.,.F.,.F.) B_SPLINE_SURFACE_WITH_KNOTS((3,3),(2,2),(
    1.280650299553,1.285312256647),(0.,5.355339059326E-03),
.PIECEWISE_BEZIER_KNOTS.) GEOMETRIC_REPRESENTATION_ITEM() 
RATIONAL_B_SPLINE_SURFACE((
    (1.,1.)
    ,(0.999997283271,0.999997283271)
,(1.,1.))) REPRESENTATION_ITEM('') SURFACE() );
#3960 = CARTESIAN_POINT('',(-0.593503615555,-0.63,1.00001E-02));
#3961 = CARTESIAN_POINT('',(-0.593503615555,-0.635355339059,1.00001E-02)
  );
#3962 = CARTESIAN_POINT('',(-0.592011786583,-0.63,1.499664973978E-02));
#3963 = CARTESIAN_POINT('',(-0.592011786583,-0.635355339059,
    1.499664973978E-02));
#3964 = CARTESIAN_POINT('',(-0.590543267439,-0.63,2.00001E-02));
#3965 = CARTESIAN_POINT('',(-0.590543267439,-0.635355339059,2.00001E-02)
  );
#3966 = ADVANCED_FACE('',(#3967),#3972,.T.);
#3967 = FACE_BOUND('',#3968,.T.);
#3968 = EDGE_LOOP('',(#3969,#3970,#3971));
#3969 = ORIENTED_EDGE('',*,*,#2435,.F.);
#3970 = ORIENTED_EDGE('',*,*,#3952,.F.);
#3971 = ORIENTED_EDGE('',*,*,#1915,.F.);
#3972 = B_SPLINE_SURFACE_WITH_KNOTS('',1,1,(
    (#3973,#3974)
    ,(#3975,#3976
    )),.UNSPECIFIED.,.F.,.F.,.F.,(2,2),(2,2),(0.63,0.64),(2.143537827385
    ,2.146498175501),.PIECEWISE_BEZIER_KNOTS.);
#3973 = CARTESIAN_POINT('',(-0.593503615555,-0.63,2.00001E-02));
#3974 = CARTESIAN_POINT('',(-0.590543267439,-0.63,2.00001E-02));
#3975 = CARTESIAN_POINT('',(-0.593503615555,-0.63,1.00001E-02));
#3976 = CARTESIAN_POINT('',(-0.590543267439,-0.63,1.00001E-02));
#3977 = ADVANCED_FACE('',(#3978),#3988,.T.);
#3978 = FACE_BOUND('',#3979,.T.);
#3979 = EDGE_LOOP('',(#3980,#3981,#3987));
#3980 = ORIENTED_EDGE('',*,*,#2458,.F.);
#3981 = ORIENTED_EDGE('',*,*,#3982,.T.);
#3982 = EDGE_CURVE('',#2113,#1995,#3983,.T.);
#3983 = ( BOUNDED_CURVE() B_SPLINE_CURVE(2,(#3984,#3985,#3986),
.UNSPECIFIED.,.F.,.F.) B_SPLINE_CURVE_WITH_KNOTS((3,3),(1.856280396943,
1.860942354037),.PIECEWISE_BEZIER_KNOTS.) CURVE() 
GEOMETRIC_REPRESENTATION_ITEM() RATIONAL_B_SPLINE_CURVE((1.,
0.999997283271,1.)) REPRESENTATION_ITEM('') );
#3984 = CARTESIAN_POINT('',(-0.590543267439,0.63,2.00001E-02));
#3985 = CARTESIAN_POINT('',(-0.592011786583,0.63,1.499664973977E-02));
#3986 = CARTESIAN_POINT('',(-0.593503615555,0.63,1.00001E-02));
#3987 = ORIENTED_EDGE('',*,*,#1992,.F.);
#3988 = ( BOUNDED_SURFACE() B_SPLINE_SURFACE(2,1,(
    (#3989,#3990)
    ,(#3991,#3992)
    ,(#3993,#3994
)),.UNSPECIFIED.,.F.,.F.,.F.) B_SPLINE_SURFACE_WITH_KNOTS((3,3),(2,2),(
    1.856280396943,1.860942354037),(0.,5.35533905933E-03),
.PIECEWISE_BEZIER_KNOTS.) GEOMETRIC_REPRESENTATION_ITEM() 
RATIONAL_B_SPLINE_SURFACE((
    (1.,1.)
    ,(0.999997283271,0.999997283271)
,(1.,1.))) REPRESENTATION_ITEM('') SURFACE() );
#3989 = CARTESIAN_POINT('',(-0.590543267439,0.63,2.00001E-02));
#3990 = CARTESIAN_POINT('',(-0.590543267439,0.635355339059,2.00001E-02)
  );
#3991 = CARTESIAN_POINT('',(-0.592011786583,0.63,1.499664973977E-02));
#3992 = CARTESIAN_POINT('',(-0.592011786583,0.635355339059,
    1.499664973977E-02));
#3993 = CARTESIAN_POINT('',(-0.593503615555,0.63,1.00001E-02));
#3994 = CARTESIAN_POINT('',(-0.593503615555,0.635355339059,1.00001E-02)
  );
#3995 = ADVANCED_FACE('',(#3996),#4001,.T.);
#3996 = FACE_BOUND('',#3997,.T.);
#3997 = EDGE_LOOP('',(#3998,#3999,#4000));
#3998 = ORIENTED_EDGE('',*,*,#3982,.F.);
#3999 = ORIENTED_EDGE('',*,*,#2385,.F.);
#4000 = ORIENTED_EDGE('',*,*,#2006,.F.);
#4001 = B_SPLINE_SURFACE_WITH_KNOTS('',1,1,(
    (#4002,#4003)
    ,(#4004,#4005
  )),.UNSPECIFIED.,.F.,.F.,.F.,(2,2),(2,2),(-0.64,-0.63),(2.143537827385
    ,2.146498175501),.PIECEWISE_BEZIER_KNOTS.);
#4002 = CARTESIAN_POINT('',(-0.593503615555,0.63,1.00001E-02));
#4003 = CARTESIAN_POINT('',(-0.590543267439,0.63,1.00001E-02));
#4004 = CARTESIAN_POINT('',(-0.593503615555,0.63,2.00001E-02));
#4005 = CARTESIAN_POINT('',(-0.590543267439,0.63,2.00001E-02));
#4006 = ADVANCED_FACE('',(#4007),#4071,.T.);
#4007 = FACE_BOUND('',#4008,.T.);
#4008 = EDGE_LOOP('',(#4009,#4016,#4025,#4038,#4039,#4054,#4063,#4068,
    #4069,#4070));
#4009 = ORIENTED_EDGE('',*,*,#4010,.F.);
#4010 = EDGE_CURVE('',#4011,#2231,#4013,.T.);
#4011 = VERTEX_POINT('',#4012);
#4012 = CARTESIAN_POINT('',(-0.590543267439,-0.63,1.2800001));
#4013 = B_SPLINE_CURVE_WITH_KNOTS('',1,(#4014,#4015),.UNSPECIFIED.,.F.,
  .F.,(2,2),(-2.331468351713E-15,1.E-02),.PIECEWISE_BEZIER_KNOTS.);
#4014 = CARTESIAN_POINT('',(-0.590543267439,-0.63,1.2800001));
#4015 = CARTESIAN_POINT('',(-0.590543267439,-0.63,1.2900001));
#4016 = ORIENTED_EDGE('',*,*,#4017,.T.);
#4017 = EDGE_CURVE('',#4011,#4018,#4020,.T.);
#4018 = VERTEX_POINT('',#4019);
#4019 = CARTESIAN_POINT('',(-0.586299193361,-0.615355339059,
    1.265355439059));
#4020 = ( BOUNDED_CURVE() B_SPLINE_CURVE(3,(#4021,#4022,#4023,#4024),
.UNSPECIFIED.,.F.,.F.) B_SPLINE_CURVE_WITH_KNOTS((4,4),(1.285312256647,
1.292128074613),.PIECEWISE_BEZIER_KNOTS.) CURVE() 
GEOMETRIC_REPRESENTATION_ITEM() RATIONAL_B_SPLINE_CURVE((1.,
0.999996128723,0.999996128723,1.)) REPRESENTATION_ITEM('') );
#4021 = CARTESIAN_POINT('',(-0.590543267439,-0.63,1.2800001));
#4022 = CARTESIAN_POINT('',(-0.589111942895,-0.625123276951,
    1.275123376951));
#4023 = CARTESIAN_POINT('',(-0.587697246059,-0.620241704406,
    1.270241804406));
#4024 = CARTESIAN_POINT('',(-0.586299193361,-0.615355339059,
    1.265355439059));
#4025 = ORIENTED_EDGE('',*,*,#4026,.T.);
#4026 = EDGE_CURVE('',#4018,#2550,#4027,.T.);
#4027 = B_SPLINE_CURVE_WITH_KNOTS('',3,(#4028,#4029,#4030,#4031,#4032,
    #4033,#4034,#4035,#4036,#4037),.UNSPECIFIED.,.F.,.F.,(4,3,3,4),(0.,
    1.76141599392E-05,3.520508539565E-05,4.023997191161E-05),
  .UNSPECIFIED.);
#4028 = CARTESIAN_POINT('',(-0.586299193361,-0.615355339059,
    1.265355439059));
#4029 = CARTESIAN_POINT('',(-0.585134926708,-0.611286084563,
    1.269424693556));
#4030 = CARTESIAN_POINT('',(-0.58376937041,-0.606467131209,
    1.272800789038));
#4031 = CARTESIAN_POINT('',(-0.582332302368,-0.601317667267,
    1.275227935039));
#4032 = CARTESIAN_POINT('',(-0.580896422566,-0.596172461159,
    1.277653074153));
#4033 = CARTESIAN_POINT('',(-0.579350170527,-0.590556429118,
    1.279200164187));
#4034 = CARTESIAN_POINT('',(-0.577823185047,-0.584919594657,
    1.279757487275));
#4035 = CARTESIAN_POINT('',(-0.577380599639,-0.583285800026,
    1.279919023235));
#4036 = CARTESIAN_POINT('',(-0.576937364484,-0.581642225884,1.2800001));
#4037 = CARTESIAN_POINT('',(-0.576496507644,-0.58,1.2800001));
#4038 = ORIENTED_EDGE('',*,*,#2549,.T.);
#4039 = ORIENTED_EDGE('',*,*,#4040,.T.);
#4040 = EDGE_CURVE('',#2552,#4041,#4043,.T.);
#4041 = VERTEX_POINT('',#4042);
#4042 = CARTESIAN_POINT('',(-0.586299193361,0.615355339059,
    1.265355439059));
#4043 = B_SPLINE_CURVE_WITH_KNOTS('',3,(#4044,#4045,#4046,#4047,#4048,
    #4049,#4050,#4051,#4052,#4053),.UNSPECIFIED.,.F.,.F.,(4,3,3,4),(0.,
    1.792079663272E-05,3.585628441639E-05,4.025475725147E-05),
  .UNSPECIFIED.);
#4044 = CARTESIAN_POINT('',(-0.576496507644,0.58,1.2800001));
#4045 = CARTESIAN_POINT('',(-0.578045288674,0.585769329326,1.2800001));
#4046 = CARTESIAN_POINT('',(-0.579639807504,0.591611697374,
    1.278975473964));
#4047 = CARTESIAN_POINT('',(-0.58114483665,0.597046263215,1.277004620106
    ));
#4048 = CARTESIAN_POINT('',(-0.582650526697,0.602483215527,
    1.275032900791));
#4049 = CARTESIAN_POINT('',(-0.584108797485,0.607665261563,
    1.272056360437));
#4050 = CARTESIAN_POINT('',(-0.585381389618,0.612138409487,
    1.268303136899));
#4051 = CARTESIAN_POINT('',(-0.585697871311,0.6132508393,1.267369745509)
  );
#4052 = CARTESIAN_POINT('',(-0.586004481332,0.614325284435,
    1.266385493684));
#4053 = CARTESIAN_POINT('',(-0.586299193361,0.615355339059,
    1.265355439059));
#4054 = ORIENTED_EDGE('',*,*,#4055,.F.);
#4055 = EDGE_CURVE('',#4056,#4041,#4058,.T.);
#4056 = VERTEX_POINT('',#4057);
#4057 = CARTESIAN_POINT('',(-0.590543267439,0.63,1.2800001));
#4058 = ( BOUNDED_CURVE() B_SPLINE_CURVE(3,(#4059,#4060,#4061,#4062),
.UNSPECIFIED.,.F.,.F.) B_SPLINE_CURVE_WITH_KNOTS((4,4),(1.285312256647,
1.292128074613),.PIECEWISE_BEZIER_KNOTS.) CURVE() 
GEOMETRIC_REPRESENTATION_ITEM() RATIONAL_B_SPLINE_CURVE((1.,
0.999996128723,0.999996128723,1.)) REPRESENTATION_ITEM('') );
#4059 = CARTESIAN_POINT('',(-0.590543267439,0.63,1.2800001));
#4060 = CARTESIAN_POINT('',(-0.589111942895,0.625123276951,
    1.275123376951));
#4061 = CARTESIAN_POINT('',(-0.587697246059,0.620241704406,
    1.270241804406));
#4062 = CARTESIAN_POINT('',(-0.586299193361,0.615355339059,
    1.265355439059));
#4063 = ORIENTED_EDGE('',*,*,#4064,.T.);
#4064 = EDGE_CURVE('',#4056,#2337,#4065,.T.);
#4065 = B_SPLINE_CURVE_WITH_KNOTS('',1,(#4066,#4067),.UNSPECIFIED.,.F.,
  .F.,(2,2),(6.550315845288E-15,1.E-02),.PIECEWISE_BEZIER_KNOTS.);
#4066 = CARTESIAN_POINT('',(-0.590543267439,0.63,1.2800001));
#4067 = CARTESIAN_POINT('',(-0.590543267439,0.63,1.2900001));
#4068 = ORIENTED_EDGE('',*,*,#2336,.F.);
#4069 = ORIENTED_EDGE('',*,*,#2162,.F.);
#4070 = ORIENTED_EDGE('',*,*,#2237,.F.);
#4071 = ( BOUNDED_SURFACE() B_SPLINE_SURFACE(2,1,(
    (#4072,#4073)
    ,(#4074,#4075)
    ,(#4076,#4077
)),.UNSPECIFIED.,.F.,.F.,.F.) B_SPLINE_SURFACE_WITH_KNOTS((3,3),(2,2),(
    1.285312256647,1.856280396943),(-1.464466094068E-02,2.E-02),
.PIECEWISE_BEZIER_KNOTS.) GEOMETRIC_REPRESENTATION_ITEM() 
RATIONAL_B_SPLINE_SURFACE((
    (1.,1.)
    ,(0.959525440298,0.959525440298)
,(1.,1.))) REPRESENTATION_ITEM('') SURFACE() );
#4072 = CARTESIAN_POINT('',(-0.590543267439,-0.63,1.265355439059));
#4073 = CARTESIAN_POINT('',(-0.590543267439,-0.63,1.3000001));
#4074 = CARTESIAN_POINT('',(-0.405637449894,2.763099487477E-15,
    1.265355439059));
#4075 = CARTESIAN_POINT('',(-0.405637449894,2.759343305811E-15,1.3000001
    ));
#4076 = CARTESIAN_POINT('',(-0.590543267439,0.63,1.265355439059));
#4077 = CARTESIAN_POINT('',(-0.590543267439,0.63,1.3000001));
#4078 = ADVANCED_FACE('',(#4079),#4119,.T.);
#4079 = FACE_BOUND('',#4080,.T.);
#4080 = EDGE_LOOP('',(#4081,#4082,#4083,#4096,#4097,#4110,#4111,#4116,
    #4117,#4118));
#4081 = ORIENTED_EDGE('',*,*,#2097,.F.);
#4082 = ORIENTED_EDGE('',*,*,#2428,.T.);
#4083 = ORIENTED_EDGE('',*,*,#4084,.T.);
#4084 = EDGE_CURVE('',#2414,#2529,#4085,.T.);
#4085 = B_SPLINE_CURVE_WITH_KNOTS('',3,(#4086,#4087,#4088,#4089,#4090,
    #4091,#4092,#4093,#4094,#4095),.UNSPECIFIED.,.F.,.F.,(4,3,3,4),(0.,
    1.76141599392E-05,3.520508539565E-05,4.023997191161E-05),
  .UNSPECIFIED.);
#4086 = CARTESIAN_POINT('',(-0.586299193361,-0.615355339059,
    3.464476094067E-02));
#4087 = CARTESIAN_POINT('',(-0.585134926708,-0.619424593556,
    3.871401543703E-02));
#4088 = CARTESIAN_POINT('',(-0.58376937041,-0.622800689038,
    4.353296879115E-02));
#4089 = CARTESIAN_POINT('',(-0.582332302368,-0.625227835039,
    4.868243273298E-02));
#4090 = CARTESIAN_POINT('',(-0.580896422566,-0.627652974153,
    5.382763884072E-02));
#4091 = CARTESIAN_POINT('',(-0.579350170527,-0.629200064187,
    5.944367088205E-02));
#4092 = CARTESIAN_POINT('',(-0.577823185047,-0.629757387275,
    6.50805053432E-02));
#4093 = CARTESIAN_POINT('',(-0.577380599639,-0.629918923235,
    6.671429997415E-02));
#4094 = CARTESIAN_POINT('',(-0.576937364484,-0.63,6.835787411645E-02));
#4095 = CARTESIAN_POINT('',(-0.576496507644,-0.63,7.00001E-02));
#4096 = ORIENTED_EDGE('',*,*,#2528,.T.);
#4097 = ORIENTED_EDGE('',*,*,#4098,.T.);
#4098 = EDGE_CURVE('',#2522,#4018,#4099,.T.);
#4099 = B_SPLINE_CURVE_WITH_KNOTS('',3,(#4100,#4101,#4102,#4103,#4104,
    #4105,#4106,#4107,#4108,#4109),.UNSPECIFIED.,.F.,.F.,(4,3,3,4),(
    3.595891803023E-19,1.792079663272E-05,3.585628441639E-05,
    4.025475725146E-05),.UNSPECIFIED.);
#4100 = CARTESIAN_POINT('',(-0.576496507644,-0.63,1.2300001));
#4101 = CARTESIAN_POINT('',(-0.578045288674,-0.63,1.235769429326));
#4102 = CARTESIAN_POINT('',(-0.579639807504,-0.628975373964,
    1.241611797374));
#4103 = CARTESIAN_POINT('',(-0.58114483665,-0.627004520106,
    1.247046363215));
#4104 = CARTESIAN_POINT('',(-0.582650526697,-0.625032800791,
    1.252483315527));
#4105 = CARTESIAN_POINT('',(-0.584108797485,-0.622056260437,
    1.257665361563));
#4106 = CARTESIAN_POINT('',(-0.585381389618,-0.618303036899,
    1.262138509487));
#4107 = CARTESIAN_POINT('',(-0.585697871311,-0.617369645509,1.2632509393
    ));
#4108 = CARTESIAN_POINT('',(-0.586004481332,-0.616385393684,
    1.264325384435));
#4109 = CARTESIAN_POINT('',(-0.586299193361,-0.615355339059,
    1.265355439059));
#4110 = ORIENTED_EDGE('',*,*,#4017,.F.);
#4111 = ORIENTED_EDGE('',*,*,#4112,.T.);
#4112 = EDGE_CURVE('',#4011,#2259,#4113,.T.);
#4113 = B_SPLINE_CURVE_WITH_KNOTS('',1,(#4114,#4115),.UNSPECIFIED.,.F.,
  .F.,(2,2),(-2.22044604925E-15,1.E-02),.PIECEWISE_BEZIER_KNOTS.);
#4114 = CARTESIAN_POINT('',(-0.590543267439,-0.63,1.2800001));
#4115 = CARTESIAN_POINT('',(-0.590543267439,-0.64,1.2800001));
#4116 = ORIENTED_EDGE('',*,*,#2258,.F.);
#4117 = ORIENTED_EDGE('',*,*,#2199,.F.);
#4118 = ORIENTED_EDGE('',*,*,#1947,.F.);
#4119 = ( BOUNDED_SURFACE() B_SPLINE_SURFACE(2,1,(
    (#4120,#4121)
    ,(#4122,#4123)
    ,(#4124,#4125
)),.UNSPECIFIED.,.F.,.F.,.F.) B_SPLINE_SURFACE_WITH_KNOTS((3,3),(2,2),(
    1.285312256647,1.856280396943),(-1.464466094067E-02,2.E-02),
.PIECEWISE_BEZIER_KNOTS.) GEOMETRIC_REPRESENTATION_ITEM() 
RATIONAL_B_SPLINE_SURFACE((
    (1.,1.)
    ,(0.959525440298,0.959525440298)
,(1.,1.))) REPRESENTATION_ITEM('') SURFACE() );
#4120 = CARTESIAN_POINT('',(-0.590543267439,-0.615355339059,2.00001E-02)
  );
#4121 = CARTESIAN_POINT('',(-0.590543267439,-0.65,2.00001E-02));
#4122 = CARTESIAN_POINT('',(-0.405637449894,-0.615355339059,0.6500001));
#4123 = CARTESIAN_POINT('',(-0.405637449894,-0.65,0.6500001));
#4124 = CARTESIAN_POINT('',(-0.590543267439,-0.615355339059,1.2800001));
#4125 = CARTESIAN_POINT('',(-0.590543267439,-0.65,1.2800001));
#4126 = ADVANCED_FACE('',(#4127),#4167,.T.);
#4127 = FACE_BOUND('',#4128,.T.);
#4128 = EDGE_LOOP('',(#4129,#4134,#4135,#4148,#4149,#4162,#4163,#4164,
    #4165,#4166));
#4129 = ORIENTED_EDGE('',*,*,#4130,.F.);
#4130 = EDGE_CURVE('',#4056,#2309,#4131,.T.);
#4131 = B_SPLINE_CURVE_WITH_KNOTS('',1,(#4132,#4133),.UNSPECIFIED.,.F.,
  .F.,(2,2),(6.661338147751E-15,1.E-02),.PIECEWISE_BEZIER_KNOTS.);
#4132 = CARTESIAN_POINT('',(-0.590543267439,0.63,1.2800001));
#4133 = CARTESIAN_POINT('',(-0.590543267439,0.64,1.2800001));
#4134 = ORIENTED_EDGE('',*,*,#4055,.T.);
#4135 = ORIENTED_EDGE('',*,*,#4136,.T.);
#4136 = EDGE_CURVE('',#4041,#662,#4137,.T.);
#4137 = B_SPLINE_CURVE_WITH_KNOTS('',3,(#4138,#4139,#4140,#4141,#4142,
    #4143,#4144,#4145,#4146,#4147),.UNSPECIFIED.,.F.,.F.,(4,3,3,4),(0.,
    1.76141599392E-05,3.520508539565E-05,4.02399719116E-05),
  .UNSPECIFIED.);
#4138 = CARTESIAN_POINT('',(-0.586299193361,0.615355339059,
    1.265355439059));
#4139 = CARTESIAN_POINT('',(-0.585134926708,0.619424593556,
    1.261286184563));
#4140 = CARTESIAN_POINT('',(-0.58376937041,0.622800689038,1.256467231209
    ));
#4141 = CARTESIAN_POINT('',(-0.582332302368,0.625227835039,
    1.251317767267));
#4142 = CARTESIAN_POINT('',(-0.580896422566,0.627652974153,
    1.246172561159));
#4143 = CARTESIAN_POINT('',(-0.579350170527,0.629200064187,
    1.240556529118));
#4144 = CARTESIAN_POINT('',(-0.577823185047,0.629757387275,
    1.234919694657));
#4145 = CARTESIAN_POINT('',(-0.577380599639,0.629918923235,
    1.233285900026));
#4146 = CARTESIAN_POINT('',(-0.576937364484,0.63,1.231642325884));
#4147 = CARTESIAN_POINT('',(-0.576496507645,0.63,1.2300001));
#4148 = ORIENTED_EDGE('',*,*,#661,.T.);
#4149 = ORIENTED_EDGE('',*,*,#4150,.T.);
#4150 = EDGE_CURVE('',#655,#2391,#4151,.T.);
#4151 = B_SPLINE_CURVE_WITH_KNOTS('',3,(#4152,#4153,#4154,#4155,#4156,
    #4157,#4158,#4159,#4160,#4161),.UNSPECIFIED.,.F.,.F.,(4,3,3,4),(
    1.022834283856E-18,1.792079663272E-05,3.585628441639E-05,
    4.025475725146E-05),.UNSPECIFIED.);
#4152 = CARTESIAN_POINT('',(-0.576496507644,0.63,7.00001E-02));
#4153 = CARTESIAN_POINT('',(-0.578045288674,0.63,6.423077067391E-02));
#4154 = CARTESIAN_POINT('',(-0.579639807504,0.628975373964,
    5.838840262646E-02));
#4155 = CARTESIAN_POINT('',(-0.58114483665,0.627004520106,
    5.295383678458E-02));
#4156 = CARTESIAN_POINT('',(-0.582650526697,0.625032800791,
    4.751688447281E-02));
#4157 = CARTESIAN_POINT('',(-0.584108797485,0.622056260437,
    4.233483843731E-02));
#4158 = CARTESIAN_POINT('',(-0.585381389618,0.618303036899,
    3.78616905133E-02));
#4159 = CARTESIAN_POINT('',(-0.585697871311,0.617369645509,
    3.674926070036E-02));
#4160 = CARTESIAN_POINT('',(-0.586004481332,0.616385393684,
    3.567481556486E-02));
#4161 = CARTESIAN_POINT('',(-0.586299193361,0.615355339059,
    3.464476094067E-02));
#4162 = ORIENTED_EDGE('',*,*,#2390,.F.);
#4163 = ORIENTED_EDGE('',*,*,#2112,.F.);
#4164 = ORIENTED_EDGE('',*,*,#2050,.F.);
#4165 = ORIENTED_EDGE('',*,*,#2133,.F.);
#4166 = ORIENTED_EDGE('',*,*,#2315,.F.);
#4167 = ( BOUNDED_SURFACE() B_SPLINE_SURFACE(2,1,(
    (#4168,#4169)
    ,(#4170,#4171)
    ,(#4172,#4173
)),.UNSPECIFIED.,.F.,.F.,.F.) B_SPLINE_SURFACE_WITH_KNOTS((3,3),(2,2),(
    1.285312256647,1.856280396943),(-1.464466094068E-02,2.E-02),
.PIECEWISE_BEZIER_KNOTS.) GEOMETRIC_REPRESENTATION_ITEM() 
RATIONAL_B_SPLINE_SURFACE((
    (1.,1.)
    ,(0.959525440298,0.959525440298)
,(1.,1.))) REPRESENTATION_ITEM('') SURFACE() );
#4168 = CARTESIAN_POINT('',(-0.590543267439,0.615355339059,1.2800001));
#4169 = CARTESIAN_POINT('',(-0.590543267439,0.65,1.2800001));
#4170 = CARTESIAN_POINT('',(-0.405637449894,0.615355339059,0.6500001));
#4171 = CARTESIAN_POINT('',(-0.405637449894,0.65,0.6500001));
#4172 = CARTESIAN_POINT('',(-0.590543267439,0.615355339059,2.00001E-02)
  );
#4173 = CARTESIAN_POINT('',(-0.590543267439,0.65,2.00001E-02));
#4174 = ADVANCED_FACE('',(#4175),#4191,.T.);
#4175 = FACE_BOUND('',#4176,.T.);
#4176 = EDGE_LOOP('',(#4177,#4184,#4190));
#4177 = ORIENTED_EDGE('',*,*,#4178,.T.);
#4178 = EDGE_CURVE('',#2356,#4056,#4179,.T.);
#4179 = ( BOUNDED_CURVE() B_SPLINE_CURVE(3,(#4180,#4181,#4182,#4183),
.UNSPECIFIED.,.F.,.F.) B_SPLINE_CURVE_WITH_KNOTS((4,4),(1.282816420928,
1.285312256647),.PIECEWISE_BEZIER_KNOTS.) CURVE() 
GEOMETRIC_REPRESENTATION_ITEM() RATIONAL_B_SPLINE_CURVE((1.,0.9999994809
,0.9999994809,1.)) REPRESENTATION_ITEM('') );
#4180 = CARTESIAN_POINT('',(-0.592122327784,0.635355339059,
    1.285355439059));
#4181 = CARTESIAN_POINT('',(-0.591593746797,0.633570883349,
    1.283570983349));
#4182 = CARTESIAN_POINT('',(-0.591067393076,0.631785769402,
    1.281785869402));
#4183 = CARTESIAN_POINT('',(-0.590543267439,0.63,1.2800001));
#4184 = ORIENTED_EDGE('',*,*,#4185,.T.);
#4185 = EDGE_CURVE('',#4056,#2307,#4186,.T.);
#4186 = ( BOUNDED_CURVE() B_SPLINE_CURVE(2,(#4187,#4188,#4189),
.UNSPECIFIED.,.F.,.F.) B_SPLINE_CURVE_WITH_KNOTS((3,3),(1.856280396943,
1.860942354037),.PIECEWISE_BEZIER_KNOTS.) CURVE() 
GEOMETRIC_REPRESENTATION_ITEM() RATIONAL_B_SPLINE_CURVE((1.,
0.999997283271,1.)) REPRESENTATION_ITEM('') );
#4187 = CARTESIAN_POINT('',(-0.590543267439,0.63,1.2800001));
#4188 = CARTESIAN_POINT('',(-0.592011786583,0.63500345026,1.2800001));
#4189 = CARTESIAN_POINT('',(-0.593503615555,0.64,1.2800001));
#4190 = ORIENTED_EDGE('',*,*,#2367,.F.);
#4191 = ( BOUNDED_SURFACE() B_SPLINE_SURFACE(2,1,(
    (#4192,#4193)
    ,(#4194,#4195)
    ,(#4196,#4197
)),.UNSPECIFIED.,.F.,.F.,.F.) B_SPLINE_SURFACE_WITH_KNOTS((3,3),(2,2),(
    1.856280396943,1.860942354037),(0.,5.355339059307E-03),
.PIECEWISE_BEZIER_KNOTS.) GEOMETRIC_REPRESENTATION_ITEM() 
RATIONAL_B_SPLINE_SURFACE((
    (1.,1.)
    ,(0.999997283271,0.999997283271)
,(1.,1.))) REPRESENTATION_ITEM('') SURFACE() );
#4192 = CARTESIAN_POINT('',(-0.590543267439,0.63,1.2800001));
#4193 = CARTESIAN_POINT('',(-0.590543267439,0.63,1.285355439059));
#4194 = CARTESIAN_POINT('',(-0.592011786583,0.63500345026,1.2800001));
#4195 = CARTESIAN_POINT('',(-0.592011786583,0.63500345026,1.285355439059
    ));
#4196 = CARTESIAN_POINT('',(-0.593503615555,0.64,1.2800001));
#4197 = CARTESIAN_POINT('',(-0.593503615555,0.64,1.285355439059));
#4198 = ADVANCED_FACE('',(#4199),#4204,.T.);
#4199 = FACE_BOUND('',#4200,.T.);
#4200 = EDGE_LOOP('',(#4201,#4202,#4203));
#4201 = ORIENTED_EDGE('',*,*,#4185,.F.);
#4202 = ORIENTED_EDGE('',*,*,#4130,.T.);
#4203 = ORIENTED_EDGE('',*,*,#2306,.F.);
#4204 = B_SPLINE_SURFACE_WITH_KNOTS('',1,1,(
    (#4205,#4206)
    ,(#4207,#4208
  )),.UNSPECIFIED.,.F.,.F.,.F.,(2,2),(2,2),(-0.64,-0.63),(2.143537827385
    ,2.146498175501),.PIECEWISE_BEZIER_KNOTS.);
#4205 = CARTESIAN_POINT('',(-0.593503615555,0.64,1.2800001));
#4206 = CARTESIAN_POINT('',(-0.590543267439,0.64,1.2800001));
#4207 = CARTESIAN_POINT('',(-0.593503615555,0.63,1.2800001));
#4208 = CARTESIAN_POINT('',(-0.590543267439,0.63,1.2800001));
#4209 = ADVANCED_FACE('',(#4210),#4226,.T.);
#4210 = FACE_BOUND('',#4211,.T.);
#4211 = EDGE_LOOP('',(#4212,#4219,#4225));
#4212 = ORIENTED_EDGE('',*,*,#4213,.T.);
#4213 = EDGE_CURVE('',#2278,#4011,#4214,.T.);
#4214 = ( BOUNDED_CURVE() B_SPLINE_CURVE(3,(#4215,#4216,#4217,#4218),
.UNSPECIFIED.,.F.,.F.) B_SPLINE_CURVE_WITH_KNOTS((4,4),(1.282816420928,
1.285312256647),.PIECEWISE_BEZIER_KNOTS.) CURVE() 
GEOMETRIC_REPRESENTATION_ITEM() RATIONAL_B_SPLINE_CURVE((1.,0.9999994809
,0.9999994809,1.)) REPRESENTATION_ITEM('') );
#4215 = CARTESIAN_POINT('',(-0.592122327784,-0.635355339059,
    1.285355439059));
#4216 = CARTESIAN_POINT('',(-0.591593746797,-0.633570883349,
    1.283570983349));
#4217 = CARTESIAN_POINT('',(-0.591067393076,-0.631785769402,
    1.281785869402));
#4218 = CARTESIAN_POINT('',(-0.590543267439,-0.63,1.2800001));
#4219 = ORIENTED_EDGE('',*,*,#4220,.T.);
#4220 = EDGE_CURVE('',#4011,#2229,#4221,.T.);
#4221 = ( BOUNDED_CURVE() B_SPLINE_CURVE(2,(#4222,#4223,#4224),
.UNSPECIFIED.,.F.,.F.) B_SPLINE_CURVE_WITH_KNOTS((3,3),(1.856280396943,
1.860942354037),.PIECEWISE_BEZIER_KNOTS.) CURVE() 
GEOMETRIC_REPRESENTATION_ITEM() RATIONAL_B_SPLINE_CURVE((1.,
0.999997283271,1.)) REPRESENTATION_ITEM('') );
#4222 = CARTESIAN_POINT('',(-0.590543267439,-0.63,1.2800001));
#4223 = CARTESIAN_POINT('',(-0.592011786583,-0.63,1.28500355026));
#4224 = CARTESIAN_POINT('',(-0.593503615555,-0.63,1.2900001));
#4225 = ORIENTED_EDGE('',*,*,#2289,.F.);
#4226 = ( BOUNDED_SURFACE() B_SPLINE_SURFACE(2,1,(
    (#4227,#4228)
    ,(#4229,#4230)
    ,(#4231,#4232
)),.UNSPECIFIED.,.F.,.F.,.F.) B_SPLINE_SURFACE_WITH_KNOTS((3,3),(2,2),(
    1.856280396943,1.860942354037),(0.,5.355339059263E-03),
.PIECEWISE_BEZIER_KNOTS.) GEOMETRIC_REPRESENTATION_ITEM() 
RATIONAL_B_SPLINE_SURFACE((
    (1.,1.)
    ,(0.999997283271,0.999997283271)
,(1.,1.))) REPRESENTATION_ITEM('') SURFACE() );
#4227 = CARTESIAN_POINT('',(-0.590543267439,-0.63,1.2800001));
#4228 = CARTESIAN_POINT('',(-0.590543267439,-0.635355339059,1.2800001));
#4229 = CARTESIAN_POINT('',(-0.592011786583,-0.63,1.28500355026));
#4230 = CARTESIAN_POINT('',(-0.592011786583,-0.635355339059,
    1.28500355026));
#4231 = CARTESIAN_POINT('',(-0.593503615555,-0.63,1.2900001));
#4232 = CARTESIAN_POINT('',(-0.593503615555,-0.635355339059,1.2900001));
#4233 = ADVANCED_FACE('',(#4234),#4239,.T.);
#4234 = FACE_BOUND('',#4235,.T.);
#4235 = EDGE_LOOP('',(#4236,#4237,#4238));
#4236 = ORIENTED_EDGE('',*,*,#4220,.F.);
#4237 = ORIENTED_EDGE('',*,*,#4010,.T.);
#4238 = ORIENTED_EDGE('',*,*,#2228,.F.);
#4239 = B_SPLINE_SURFACE_WITH_KNOTS('',1,1,(
    (#4240,#4241)
    ,(#4242,#4243
  )),.UNSPECIFIED.,.F.,.F.,.F.,(2,2),(2,2),(-0.64,-0.63),(2.143537827385
    ,2.146498175501),.PIECEWISE_BEZIER_KNOTS.);
#4240 = CARTESIAN_POINT('',(-0.593503615555,-0.63,1.2900001));
#4241 = CARTESIAN_POINT('',(-0.590543267439,-0.63,1.2900001));
#4242 = CARTESIAN_POINT('',(-0.593503615555,-0.63,1.2800001));
#4243 = CARTESIAN_POINT('',(-0.590543267439,-0.63,1.2800001));
#4244 = ADVANCED_FACE('',(#4245),#4255,.T.);
#4245 = FACE_BOUND('',#4246,.T.);
#4246 = EDGE_LOOP('',(#4247,#4248,#4254));
#4247 = ORIENTED_EDGE('',*,*,#4112,.F.);
#4248 = ORIENTED_EDGE('',*,*,#4249,.F.);
#4249 = EDGE_CURVE('',#2271,#4011,#4250,.T.);
#4250 = ( BOUNDED_CURVE() B_SPLINE_CURVE(2,(#4251,#4252,#4253),
.UNSPECIFIED.,.F.,.F.) B_SPLINE_CURVE_WITH_KNOTS((3,3),(1.280650299553,
1.285312256647),.PIECEWISE_BEZIER_KNOTS.) CURVE() 
GEOMETRIC_REPRESENTATION_ITEM() RATIONAL_B_SPLINE_CURVE((1.,
0.999997283271,1.)) REPRESENTATION_ITEM('') );
#4251 = CARTESIAN_POINT('',(-0.593503615555,-0.64,1.2800001));
#4252 = CARTESIAN_POINT('',(-0.592011786583,-0.63500345026,1.2800001));
#4253 = CARTESIAN_POINT('',(-0.590543267439,-0.63,1.2800001));
#4254 = ORIENTED_EDGE('',*,*,#2270,.F.);
#4255 = B_SPLINE_SURFACE_WITH_KNOTS('',1,1,(
    (#4256,#4257)
    ,(#4258,#4259
    )),.UNSPECIFIED.,.F.,.F.,.F.,(2,2),(2,2),(0.63,0.64),(2.143537827385
    ,2.146498175501),.PIECEWISE_BEZIER_KNOTS.);
#4256 = CARTESIAN_POINT('',(-0.593503615555,-0.63,1.2800001));
#4257 = CARTESIAN_POINT('',(-0.590543267439,-0.63,1.2800001));
#4258 = CARTESIAN_POINT('',(-0.593503615555,-0.64,1.2800001));
#4259 = CARTESIAN_POINT('',(-0.590543267439,-0.64,1.2800001));
#4260 = ADVANCED_FACE('',(#4261),#4266,.T.);
#4261 = FACE_BOUND('',#4262,.T.);
#4262 = EDGE_LOOP('',(#4263,#4264,#4265));
#4263 = ORIENTED_EDGE('',*,*,#4249,.T.);
#4264 = ORIENTED_EDGE('',*,*,#4213,.F.);
#4265 = ORIENTED_EDGE('',*,*,#2277,.F.);
#4266 = ( BOUNDED_SURFACE() B_SPLINE_SURFACE(2,1,(
    (#4267,#4268)
    ,(#4269,#4270)
    ,(#4271,#4272
)),.UNSPECIFIED.,.F.,.F.,.F.) B_SPLINE_SURFACE_WITH_KNOTS((3,3),(2,2),(
    1.280650299553,1.285312256647),(0.,5.355339059394E-03),
.PIECEWISE_BEZIER_KNOTS.) GEOMETRIC_REPRESENTATION_ITEM() 
RATIONAL_B_SPLINE_SURFACE((
    (1.,1.)
    ,(0.999997283271,0.999997283271)
,(1.,1.))) REPRESENTATION_ITEM('') SURFACE() );
#4267 = CARTESIAN_POINT('',(-0.593503615555,-0.64,1.2800001));
#4268 = CARTESIAN_POINT('',(-0.593503615555,-0.64,1.285355439059));
#4269 = CARTESIAN_POINT('',(-0.592011786583,-0.63500345026,1.2800001));
#4270 = CARTESIAN_POINT('',(-0.592011786583,-0.63500345026,
    1.285355439059));
#4271 = CARTESIAN_POINT('',(-0.590543267439,-0.63,1.2800001));
#4272 = CARTESIAN_POINT('',(-0.590543267439,-0.63,1.285355439059));
#4273 = ADVANCED_FACE('',(#4274),#4284,.T.);
#4274 = FACE_BOUND('',#4275,.T.);
#4275 = EDGE_LOOP('',(#4276,#4277,#4283));
#4276 = ORIENTED_EDGE('',*,*,#4064,.F.);
#4277 = ORIENTED_EDGE('',*,*,#4278,.F.);
#4278 = EDGE_CURVE('',#2349,#4056,#4279,.T.);
#4279 = ( BOUNDED_CURVE() B_SPLINE_CURVE(2,(#4280,#4281,#4282),
.UNSPECIFIED.,.F.,.F.) B_SPLINE_CURVE_WITH_KNOTS((3,3),(1.280650299553,
1.285312256647),.PIECEWISE_BEZIER_KNOTS.) CURVE() 
GEOMETRIC_REPRESENTATION_ITEM() RATIONAL_B_SPLINE_CURVE((1.,
0.999997283271,1.)) REPRESENTATION_ITEM('') );
#4280 = CARTESIAN_POINT('',(-0.593503615555,0.63,1.2900001));
#4281 = CARTESIAN_POINT('',(-0.592011786583,0.63,1.28500355026));
#4282 = CARTESIAN_POINT('',(-0.590543267439,0.63,1.2800001));
#4283 = ORIENTED_EDGE('',*,*,#2348,.F.);
#4284 = B_SPLINE_SURFACE_WITH_KNOTS('',1,1,(
    (#4285,#4286)
    ,(#4287,#4288
    )),.UNSPECIFIED.,.F.,.F.,.F.,(2,2),(2,2),(0.63,0.64),(2.143537827385
    ,2.146498175501),.PIECEWISE_BEZIER_KNOTS.);
#4285 = CARTESIAN_POINT('',(-0.593503615555,0.63,1.2800001));
#4286 = CARTESIAN_POINT('',(-0.590543267439,0.63,1.2800001));
#4287 = CARTESIAN_POINT('',(-0.593503615555,0.63,1.2900001));
#4288 = CARTESIAN_POINT('',(-0.590543267439,0.63,1.2900001));
#4289 = ADVANCED_FACE('',(#4290),#4295,.T.);
#4290 = FACE_BOUND('',#4291,.T.);
#4291 = EDGE_LOOP('',(#4292,#4293,#4294));
#4292 = ORIENTED_EDGE('',*,*,#4278,.T.);
#4293 = ORIENTED_EDGE('',*,*,#4178,.F.);
#4294 = ORIENTED_EDGE('',*,*,#2355,.F.);
#4295 = ( BOUNDED_SURFACE() B_SPLINE_SURFACE(2,1,(
    (#4296,#4297)
    ,(#4298,#4299)
    ,(#4300,#4301
)),.UNSPECIFIED.,.F.,.F.,.F.) B_SPLINE_SURFACE_WITH_KNOTS((3,3),(2,2),(
    1.280650299553,1.285312256647),(0.,5.355339059342E-03),
.PIECEWISE_BEZIER_KNOTS.) GEOMETRIC_REPRESENTATION_ITEM() 
RATIONAL_B_SPLINE_SURFACE((
    (1.,1.)
    ,(0.999997283271,0.999997283271)
,(1.,1.))) REPRESENTATION_ITEM('') SURFACE() );
#4296 = CARTESIAN_POINT('',(-0.593503615555,0.63,1.2900001));
#4297 = CARTESIAN_POINT('',(-0.593503615555,0.635355339059,1.2900001));
#4298 = CARTESIAN_POINT('',(-0.592011786583,0.63,1.28500355026));
#4299 = CARTESIAN_POINT('',(-0.592011786583,0.635355339059,1.28500355026
    ));
#4300 = CARTESIAN_POINT('',(-0.590543267439,0.63,1.2800001));
#4301 = CARTESIAN_POINT('',(-0.590543267439,0.635355339059,1.2800001));
#4302 = ADVANCED_FACE('',(#4303),#4311,.T.);
#4303 = FACE_BOUND('',#4304,.T.);
#4304 = EDGE_LOOP('',(#4305,#4306,#4307,#4308,#4309,#4310));
#4305 = ORIENTED_EDGE('',*,*,#4150,.F.);
#4306 = ORIENTED_EDGE('',*,*,#654,.F.);
#4307 = ORIENTED_EDGE('',*,*,#3572,.F.);
#4308 = ORIENTED_EDGE('',*,*,#2758,.F.);
#4309 = ORIENTED_EDGE('',*,*,#1496,.F.);
#4310 = ORIENTED_EDGE('',*,*,#2399,.F.);
#4311 = ( BOUNDED_SURFACE() B_SPLINE_SURFACE(2,1,(
    (#4312,#4313)
    ,(#4314,#4315)
    ,(#4316,#4317
)),.UNSPECIFIED.,.F.,.F.,.F.) B_SPLINE_SURFACE_WITH_KNOTS((3,3),(2,2),(
    0.,1.570796326795),(0.313700806639,1.486299193361),
.PIECEWISE_BEZIER_KNOTS.) GEOMETRIC_REPRESENTATION_ITEM() 
RATIONAL_B_SPLINE_SURFACE((
    (1.,1.)
    ,(0.707106781187,0.707106781187)
,(1.,1.))) REPRESENTATION_ITEM('') SURFACE() );
#4312 = CARTESIAN_POINT('',(-0.586299193361,0.58,2.00001E-02));
#4313 = CARTESIAN_POINT('',(0.586299193361,0.58,2.00001E-02));
#4314 = CARTESIAN_POINT('',(-0.586299193361,0.63,2.00001E-02));
#4315 = CARTESIAN_POINT('',(0.586299193361,0.63,2.00001E-02));
#4316 = CARTESIAN_POINT('',(-0.586299193361,0.63,7.00001E-02));
#4317 = CARTESIAN_POINT('',(0.586299193361,0.63,7.00001E-02));
#4318 = ADVANCED_FACE('',(#4319),#4327,.T.);
#4319 = FACE_BOUND('',#4320,.T.);
#4320 = EDGE_LOOP('',(#4321,#4322,#4323,#4324,#4325,#4326));
#4321 = ORIENTED_EDGE('',*,*,#4098,.F.);
#4322 = ORIENTED_EDGE('',*,*,#2521,.F.);
#4323 = ORIENTED_EDGE('',*,*,#3528,.F.);
#4324 = ORIENTED_EDGE('',*,*,#3480,.F.);
#4325 = ORIENTED_EDGE('',*,*,#2559,.F.);
#4326 = ORIENTED_EDGE('',*,*,#4026,.F.);
#4327 = ( BOUNDED_SURFACE() B_SPLINE_SURFACE(2,1,(
    (#4328,#4329)
    ,(#4330,#4331)
    ,(#4332,#4333
)),.UNSPECIFIED.,.F.,.F.,.F.) B_SPLINE_SURFACE_WITH_KNOTS((3,3),(2,2),(
    3.14159265359,4.712388980385),(0.313700806639,1.486299193361),
.PIECEWISE_BEZIER_KNOTS.) GEOMETRIC_REPRESENTATION_ITEM() 
RATIONAL_B_SPLINE_SURFACE((
    (1.,1.)
    ,(0.707106781187,0.707106781187)
,(1.,1.))) REPRESENTATION_ITEM('') SURFACE() );
#4328 = CARTESIAN_POINT('',(-0.586299193361,-0.58,1.2800001));
#4329 = CARTESIAN_POINT('',(0.586299193361,-0.58,1.2800001));
#4330 = CARTESIAN_POINT('',(-0.586299193361,-0.63,1.2800001));
#4331 = CARTESIAN_POINT('',(0.586299193361,-0.63,1.2800001));
#4332 = CARTESIAN_POINT('',(-0.586299193361,-0.63,1.2300001));
#4333 = CARTESIAN_POINT('',(0.586299193361,-0.63,1.2300001));
#4334 = ADVANCED_FACE('',(#4335),#4343,.T.);
#4335 = FACE_BOUND('',#4336,.T.);
#4336 = EDGE_LOOP('',(#4337,#4338,#4339,#4340,#4341,#4342));
#4337 = ORIENTED_EDGE('',*,*,#2413,.F.);
#4338 = ORIENTED_EDGE('',*,*,#1511,.F.);
#4339 = ORIENTED_EDGE('',*,*,#2744,.F.);
#4340 = ORIENTED_EDGE('',*,*,#3542,.F.);
#4341 = ORIENTED_EDGE('',*,*,#2536,.F.);
#4342 = ORIENTED_EDGE('',*,*,#4084,.F.);
#4343 = ( BOUNDED_SURFACE() B_SPLINE_SURFACE(2,1,(
    (#4344,#4345)
    ,(#4346,#4347)
    ,(#4348,#4349
)),.UNSPECIFIED.,.F.,.F.,.F.) B_SPLINE_SURFACE_WITH_KNOTS((3,3),(2,2),(
    4.712388980385,6.28318530718),(0.313700806639,1.486299193361),
.PIECEWISE_BEZIER_KNOTS.) GEOMETRIC_REPRESENTATION_ITEM() 
RATIONAL_B_SPLINE_SURFACE((
    (1.,1.)
    ,(0.707106781187,0.707106781187)
,(1.,1.))) REPRESENTATION_ITEM('') SURFACE() );
#4344 = CARTESIAN_POINT('',(-0.586299193361,-0.63,7.00001E-02));
#4345 = CARTESIAN_POINT('',(0.586299193361,-0.63,7.00001E-02));
#4346 = CARTESIAN_POINT('',(-0.586299193361,-0.63,2.00001E-02));
#4347 = CARTESIAN_POINT('',(0.586299193361,-0.63,2.00001E-02));
#4348 = CARTESIAN_POINT('',(-0.586299193361,-0.58,2.00001E-02));
#4349 = CARTESIAN_POINT('',(0.586299193361,-0.58,2.00001E-02));
#4350 = ADVANCED_FACE('',(#4351),#4359,.T.);
#4351 = FACE_BOUND('',#4352,.T.);
#4352 = EDGE_LOOP('',(#4353,#4354,#4355,#4356,#4357,#4358));
#4353 = ORIENTED_EDGE('',*,*,#4040,.F.);
#4354 = ORIENTED_EDGE('',*,*,#2574,.F.);
#4355 = ORIENTED_EDGE('',*,*,#3466,.F.);
#4356 = ORIENTED_EDGE('',*,*,#3586,.F.);
#4357 = ORIENTED_EDGE('',*,*,#669,.F.);
#4358 = ORIENTED_EDGE('',*,*,#4136,.F.);
#4359 = ( BOUNDED_SURFACE() B_SPLINE_SURFACE(2,1,(
    (#4360,#4361)
    ,(#4362,#4363)
    ,(#4364,#4365
)),.UNSPECIFIED.,.F.,.F.,.F.) B_SPLINE_SURFACE_WITH_KNOTS((3,3),(2,2),(
    1.570796326795,3.14159265359),(0.313700806639,1.486299193361),
.PIECEWISE_BEZIER_KNOTS.) GEOMETRIC_REPRESENTATION_ITEM() 
RATIONAL_B_SPLINE_SURFACE((
    (1.,1.)
    ,(0.707106781187,0.707106781187)
,(1.,1.))) REPRESENTATION_ITEM('') SURFACE() );
#4360 = CARTESIAN_POINT('',(-0.586299193361,0.63,1.2300001));
#4361 = CARTESIAN_POINT('',(0.586299193361,0.63,1.2300001));
#4362 = CARTESIAN_POINT('',(-0.586299193361,0.63,1.2800001));
#4363 = CARTESIAN_POINT('',(0.586299193361,0.63,1.2800001));
#4364 = CARTESIAN_POINT('',(-0.586299193361,0.58,1.2800001));
#4365 = CARTESIAN_POINT('',(0.586299193361,0.58,1.2800001));
#4366 = ADVANCED_FACE('',(#4367),#4389,.T.);
#4367 = FACE_BOUND('',#4368,.T.);
#4368 = EDGE_LOOP('',(#4369,#4370,#4377,#4384));
#4369 = ORIENTED_EDGE('',*,*,#1437,.F.);
#4370 = ORIENTED_EDGE('',*,*,#4371,.F.);
#4371 = EDGE_CURVE('',#4372,#1431,#4374,.T.);
#4372 = VERTEX_POINT('',#4373);
#4373 = CARTESIAN_POINT('',(-0.171995650924,4.453615376E-02,3.00001E-02)
  );
#4374 = B_SPLINE_CURVE_WITH_KNOTS('',1,(#4375,#4376),.UNSPECIFIED.,.F.,
  .F.,(2,2),(0.,1.E-02),.PIECEWISE_BEZIER_KNOTS.);
#4375 = CARTESIAN_POINT('',(-0.171995650924,4.453615376E-02,3.00001E-02)
  );
#4376 = CARTESIAN_POINT('',(-0.171995650924,4.453615376E-02,2.00001E-02)
  );
#4377 = ORIENTED_EDGE('',*,*,#4378,.T.);
#4378 = EDGE_CURVE('',#4372,#4379,#4381,.T.);
#4379 = VERTEX_POINT('',#4380);
#4380 = CARTESIAN_POINT('',(-0.211020041168,-5.546384624E-02,3.00001E-02
    ));
#4381 = B_SPLINE_CURVE_WITH_KNOTS('',1,(#4382,#4383),.UNSPECIFIED.,.F.,
  .F.,(2,2),(0.,0.107344785779),.PIECEWISE_BEZIER_KNOTS.);
#4382 = CARTESIAN_POINT('',(-0.171995650924,4.453615376E-02,3.00001E-02)
  );
#4383 = CARTESIAN_POINT('',(-0.211020041168,-5.546384624E-02,3.00001E-02
    ));
#4384 = ORIENTED_EDGE('',*,*,#4385,.T.);
#4385 = EDGE_CURVE('',#4379,#1438,#4386,.T.);
#4386 = B_SPLINE_CURVE_WITH_KNOTS('',1,(#4387,#4388),.UNSPECIFIED.,.F.,
  .F.,(2,2),(0.,1.E-02),.PIECEWISE_BEZIER_KNOTS.);
#4387 = CARTESIAN_POINT('',(-0.211020041168,-5.546384624E-02,3.00001E-02
    ));
#4388 = CARTESIAN_POINT('',(-0.211020041168,-5.546384624E-02,2.00001E-02
    ));
#4389 = B_SPLINE_SURFACE_WITH_KNOTS('',1,1,(
    (#4390,#4391)
    ,(#4392,#4393
    )),.UNSPECIFIED.,.F.,.F.,.F.,(2,2),(2,2),(-0.107344785779,
    1.052102582171E-18),(-1.E-02,6.763105603462E-34),
  .PIECEWISE_BEZIER_KNOTS.);
#4390 = CARTESIAN_POINT('',(-0.211020041168,-5.546384624E-02,2.00001E-02
    ));
#4391 = CARTESIAN_POINT('',(-0.211020041168,-5.546384624E-02,3.00001E-02
    ));
#4392 = CARTESIAN_POINT('',(-0.171995650924,4.453615376E-02,2.00001E-02)
  );
#4393 = CARTESIAN_POINT('',(-0.171995650924,4.453615376E-02,3.00001E-02)
  );
#4394 = ADVANCED_FACE('',(#4395),#4411,.T.);
#4395 = FACE_BOUND('',#4396,.T.);
#4396 = EDGE_LOOP('',(#4397,#4398,#4399,#4406));
#4397 = ORIENTED_EDGE('',*,*,#1444,.F.);
#4398 = ORIENTED_EDGE('',*,*,#4385,.F.);
#4399 = ORIENTED_EDGE('',*,*,#4400,.T.);
#4400 = EDGE_CURVE('',#4379,#4401,#4403,.T.);
#4401 = VERTEX_POINT('',#4402);
#4402 = CARTESIAN_POINT('',(-0.196385894826,-5.546384624E-02,3.00001E-02
    ));
#4403 = B_SPLINE_CURVE_WITH_KNOTS('',1,(#4404,#4405),.UNSPECIFIED.,.F.,
  .F.,(2,2),(0.,1.463414634146E-02),.PIECEWISE_BEZIER_KNOTS.);
#4404 = CARTESIAN_POINT('',(-0.211020041168,-5.546384624E-02,3.00001E-02
    ));
#4405 = CARTESIAN_POINT('',(-0.196385894826,-5.546384624E-02,3.00001E-02
    ));
#4406 = ORIENTED_EDGE('',*,*,#4407,.T.);
#4407 = EDGE_CURVE('',#4401,#1445,#4408,.T.);
#4408 = B_SPLINE_CURVE_WITH_KNOTS('',1,(#4409,#4410),.UNSPECIFIED.,.F.,
  .F.,(2,2),(0.,1.E-02),.PIECEWISE_BEZIER_KNOTS.);
#4409 = CARTESIAN_POINT('',(-0.196385894826,-5.546384624E-02,3.00001E-02
    ));
#4410 = CARTESIAN_POINT('',(-0.196385894826,-5.546384624E-02,2.00001E-02
    ));
#4411 = B_SPLINE_SURFACE_WITH_KNOTS('',1,1,(
    (#4412,#4413)
    ,(#4414,#4415
    )),.UNSPECIFIED.,.F.,.F.,.F.,(2,2),(2,2),(-1.E-02,0.),(0.,
    1.463414634146E-02),.PIECEWISE_BEZIER_KNOTS.);
#4412 = CARTESIAN_POINT('',(-0.211020041168,-5.546384624E-02,2.00001E-02
    ));
#4413 = CARTESIAN_POINT('',(-0.196385894826,-5.546384624E-02,2.00001E-02
    ));
#4414 = CARTESIAN_POINT('',(-0.211020041168,-5.546384624E-02,3.00001E-02
    ));
#4415 = CARTESIAN_POINT('',(-0.196385894826,-5.546384624E-02,3.00001E-02
    ));
#4416 = ADVANCED_FACE('',(#4417),#4433,.T.);
#4417 = FACE_BOUND('',#4418,.T.);
#4418 = EDGE_LOOP('',(#4419,#4420,#4421,#4428));
#4419 = ORIENTED_EDGE('',*,*,#1451,.F.);
#4420 = ORIENTED_EDGE('',*,*,#4407,.F.);
#4421 = ORIENTED_EDGE('',*,*,#4422,.T.);
#4422 = EDGE_CURVE('',#4401,#4423,#4425,.T.);
#4423 = VERTEX_POINT('',#4424);
#4424 = CARTESIAN_POINT('',(-0.186267754582,-2.741506575219E-02,
    3.00001E-02));
#4425 = B_SPLINE_CURVE_WITH_KNOTS('',1,(#4426,#4427),.UNSPECIFIED.,.F.,
  .F.,(2,2),(0.,2.981796184933E-02),.PIECEWISE_BEZIER_KNOTS.);
#4426 = CARTESIAN_POINT('',(-0.196385894826,-5.546384624E-02,3.00001E-02
    ));
#4427 = CARTESIAN_POINT('',(-0.186267754582,-2.741506575219E-02,
    3.00001E-02));
#4428 = ORIENTED_EDGE('',*,*,#4429,.T.);
#4429 = EDGE_CURVE('',#4423,#1452,#4430,.T.);
#4430 = B_SPLINE_CURVE_WITH_KNOTS('',1,(#4431,#4432),.UNSPECIFIED.,.F.,
  .F.,(2,2),(0.,1.E-02),.PIECEWISE_BEZIER_KNOTS.);
#4431 = CARTESIAN_POINT('',(-0.186267754582,-2.741506575219E-02,
    3.00001E-02));
#4432 = CARTESIAN_POINT('',(-0.186267754582,-2.741506575219E-02,
    2.00001E-02));
#4433 = B_SPLINE_SURFACE_WITH_KNOTS('',1,1,(
    (#4434,#4435)
    ,(#4436,#4437
    )),.UNSPECIFIED.,.F.,.F.,.F.,(2,2),(2,2),(-2.981796184933E-02,
    2.639748949888E-35),(-1.E-02,1.501654365269E-34),
  .PIECEWISE_BEZIER_KNOTS.);
#4434 = CARTESIAN_POINT('',(-0.186267754582,-2.741506575219E-02,
    2.00001E-02));
#4435 = CARTESIAN_POINT('',(-0.186267754582,-2.741506575219E-02,
    3.00001E-02));
#4436 = CARTESIAN_POINT('',(-0.196385894826,-5.546384624E-02,2.00001E-02
    ));
#4437 = CARTESIAN_POINT('',(-0.196385894826,-5.546384624E-02,3.00001E-02
    ));
#4438 = ADVANCED_FACE('',(#4439),#4455,.T.);
#4439 = FACE_BOUND('',#4440,.T.);
#4440 = EDGE_LOOP('',(#4441,#4442,#4443,#4450));
#4441 = ORIENTED_EDGE('',*,*,#1458,.F.);
#4442 = ORIENTED_EDGE('',*,*,#4429,.F.);
#4443 = ORIENTED_EDGE('',*,*,#4444,.T.);
#4444 = EDGE_CURVE('',#4423,#4445,#4447,.T.);
#4445 = VERTEX_POINT('',#4446);
#4446 = CARTESIAN_POINT('',(-0.144956778973,-2.741506575219E-02,
    3.00001E-02));
#4447 = B_SPLINE_CURVE_WITH_KNOTS('',1,(#4448,#4449),.UNSPECIFIED.,.F.,
  .F.,(2,2),(0.,4.131097560976E-02),.PIECEWISE_BEZIER_KNOTS.);
#4448 = CARTESIAN_POINT('',(-0.186267754582,-2.741506575219E-02,
    3.00001E-02));
#4449 = CARTESIAN_POINT('',(-0.144956778973,-2.741506575219E-02,
    3.00001E-02));
#4450 = ORIENTED_EDGE('',*,*,#4451,.T.);
#4451 = EDGE_CURVE('',#4445,#1459,#4452,.T.);
#4452 = B_SPLINE_CURVE_WITH_KNOTS('',1,(#4453,#4454),.UNSPECIFIED.,.F.,
  .F.,(2,2),(0.,1.E-02),.PIECEWISE_BEZIER_KNOTS.);
#4453 = CARTESIAN_POINT('',(-0.144956778973,-2.741506575219E-02,
    3.00001E-02));
#4454 = CARTESIAN_POINT('',(-0.144956778973,-2.741506575219E-02,
    2.00001E-02));
#4455 = B_SPLINE_SURFACE_WITH_KNOTS('',1,1,(
    (#4456,#4457)
    ,(#4458,#4459
    )),.UNSPECIFIED.,.F.,.F.,.F.,(2,2),(2,2),(-1.E-02,0.),(0.,
    4.131097560976E-02),.PIECEWISE_BEZIER_KNOTS.);
#4456 = CARTESIAN_POINT('',(-0.186267754582,-2.741506575219E-02,
    2.00001E-02));
#4457 = CARTESIAN_POINT('',(-0.144956778973,-2.741506575219E-02,
    2.00001E-02));
#4458 = CARTESIAN_POINT('',(-0.186267754582,-2.741506575219E-02,
    3.00001E-02));
#4459 = CARTESIAN_POINT('',(-0.144956778973,-2.741506575219E-02,
    3.00001E-02));
#4460 = ADVANCED_FACE('',(#4461),#4477,.T.);
#4461 = FACE_BOUND('',#4462,.T.);
#4462 = EDGE_LOOP('',(#4463,#4464,#4465,#4472));
#4463 = ORIENTED_EDGE('',*,*,#1465,.F.);
#4464 = ORIENTED_EDGE('',*,*,#4451,.F.);
#4465 = ORIENTED_EDGE('',*,*,#4466,.T.);
#4466 = EDGE_CURVE('',#4445,#4467,#4469,.T.);
#4467 = VERTEX_POINT('',#4468);
#4468 = CARTESIAN_POINT('',(-0.13541028507,-5.546384624E-02,3.00001E-02)
  );
#4469 = B_SPLINE_CURVE_WITH_KNOTS('',1,(#4470,#4471),.UNSPECIFIED.,.F.,
  .F.,(2,2),(0.,2.962886485646E-02),.PIECEWISE_BEZIER_KNOTS.);
#4470 = CARTESIAN_POINT('',(-0.144956778973,-2.741506575219E-02,
    3.00001E-02));
#4471 = CARTESIAN_POINT('',(-0.13541028507,-5.546384624E-02,3.00001E-02)
  );
#4472 = ORIENTED_EDGE('',*,*,#4473,.T.);
#4473 = EDGE_CURVE('',#4467,#1466,#4474,.T.);
#4474 = B_SPLINE_CURVE_WITH_KNOTS('',1,(#4475,#4476),.UNSPECIFIED.,.F.,
  .F.,(2,2),(0.,1.E-02),.PIECEWISE_BEZIER_KNOTS.);
#4475 = CARTESIAN_POINT('',(-0.13541028507,-5.546384624E-02,3.00001E-02)
  );
#4476 = CARTESIAN_POINT('',(-0.13541028507,-5.546384624E-02,2.00001E-02)
  );
#4477 = B_SPLINE_SURFACE_WITH_KNOTS('',1,1,(
    (#4478,#4479)
    ,(#4480,#4481
    )),.UNSPECIFIED.,.F.,.F.,.F.,(2,2),(2,2),(-2.962886485646E-02,
    1.069148450048E-18),(-1.E-02,0.),.PIECEWISE_BEZIER_KNOTS.);
#4478 = CARTESIAN_POINT('',(-0.13541028507,-5.546384624E-02,2.00001E-02)
  );
#4479 = CARTESIAN_POINT('',(-0.13541028507,-5.546384624E-02,3.00001E-02)
  );
#4480 = CARTESIAN_POINT('',(-0.144956778973,-2.741506575219E-02,
    2.00001E-02));
#4481 = CARTESIAN_POINT('',(-0.144956778973,-2.741506575219E-02,
    3.00001E-02));
#4482 = ADVANCED_FACE('',(#4483),#4499,.T.);
#4483 = FACE_BOUND('',#4484,.T.);
#4484 = EDGE_LOOP('',(#4485,#4486,#4487,#4494));
#4485 = ORIENTED_EDGE('',*,*,#1472,.F.);
#4486 = ORIENTED_EDGE('',*,*,#4473,.F.);
#4487 = ORIENTED_EDGE('',*,*,#4488,.T.);
#4488 = EDGE_CURVE('',#4467,#4489,#4491,.T.);
#4489 = VERTEX_POINT('',#4490);
#4490 = CARTESIAN_POINT('',(-0.120776138729,-5.546384624E-02,3.00001E-02
    ));
#4491 = B_SPLINE_CURVE_WITH_KNOTS('',1,(#4492,#4493),.UNSPECIFIED.,.F.,
  .F.,(2,2),(0.,1.463414634146E-02),.PIECEWISE_BEZIER_KNOTS.);
#4492 = CARTESIAN_POINT('',(-0.13541028507,-5.546384624E-02,3.00001E-02)
  );
#4493 = CARTESIAN_POINT('',(-0.120776138729,-5.546384624E-02,3.00001E-02
    ));
#4494 = ORIENTED_EDGE('',*,*,#4495,.T.);
#4495 = EDGE_CURVE('',#4489,#1473,#4496,.T.);
#4496 = B_SPLINE_CURVE_WITH_KNOTS('',1,(#4497,#4498),.UNSPECIFIED.,.F.,
  .F.,(2,2),(0.,1.E-02),.PIECEWISE_BEZIER_KNOTS.);
#4497 = CARTESIAN_POINT('',(-0.120776138729,-5.546384624E-02,3.00001E-02
    ));
#4498 = CARTESIAN_POINT('',(-0.120776138729,-5.546384624E-02,2.00001E-02
    ));
#4499 = B_SPLINE_SURFACE_WITH_KNOTS('',1,1,(
    (#4500,#4501)
    ,(#4502,#4503
    )),.UNSPECIFIED.,.F.,.F.,.F.,(2,2),(2,2),(-1.E-02,0.),(0.,
    1.463414634146E-02),.PIECEWISE_BEZIER_KNOTS.);
#4500 = CARTESIAN_POINT('',(-0.13541028507,-5.546384624E-02,2.00001E-02)
  );
#4501 = CARTESIAN_POINT('',(-0.120776138729,-5.546384624E-02,2.00001E-02
    ));
#4502 = CARTESIAN_POINT('',(-0.13541028507,-5.546384624E-02,3.00001E-02)
  );
#4503 = CARTESIAN_POINT('',(-0.120776138729,-5.546384624E-02,3.00001E-02
    ));
#4504 = ADVANCED_FACE('',(#4505),#4521,.T.);
#4505 = FACE_BOUND('',#4506,.T.);
#4506 = EDGE_LOOP('',(#4507,#4508,#4509,#4516));
#4507 = ORIENTED_EDGE('',*,*,#1479,.F.);
#4508 = ORIENTED_EDGE('',*,*,#4495,.F.);
#4509 = ORIENTED_EDGE('',*,*,#4510,.T.);
#4510 = EDGE_CURVE('',#4489,#4511,#4513,.T.);
#4511 = VERTEX_POINT('',#4512);
#4512 = CARTESIAN_POINT('',(-0.158581016777,4.453615376E-02,3.00001E-02)
  );
#4513 = B_SPLINE_CURVE_WITH_KNOTS('',1,(#4514,#4515),.UNSPECIFIED.,.F.,
  .F.,(2,2),(0.,0.106907477775),.PIECEWISE_BEZIER_KNOTS.);
#4514 = CARTESIAN_POINT('',(-0.120776138729,-5.546384624E-02,3.00001E-02
    ));
#4515 = CARTESIAN_POINT('',(-0.158581016777,4.453615376E-02,3.00001E-02)
  );
#4516 = ORIENTED_EDGE('',*,*,#4517,.T.);
#4517 = EDGE_CURVE('',#4511,#1429,#4518,.T.);
#4518 = B_SPLINE_CURVE_WITH_KNOTS('',1,(#4519,#4520),.UNSPECIFIED.,.F.,
  .F.,(2,2),(0.,1.E-02),.PIECEWISE_BEZIER_KNOTS.);
#4519 = CARTESIAN_POINT('',(-0.158581016777,4.453615376E-02,3.00001E-02)
  );
#4520 = CARTESIAN_POINT('',(-0.158581016777,4.453615376E-02,2.00001E-02)
  );
#4521 = B_SPLINE_SURFACE_WITH_KNOTS('',1,1,(
    (#4522,#4523)
    ,(#4524,#4525
    )),.UNSPECIFIED.,.F.,.F.,.F.,(2,2),(2,2),(-0.106907477775,
    4.474108729317E-36),(-1.E-02,1.319153398031E-34),
  .PIECEWISE_BEZIER_KNOTS.);
#4522 = CARTESIAN_POINT('',(-0.158581016777,4.453615376E-02,2.00001E-02)
  );
#4523 = CARTESIAN_POINT('',(-0.158581016777,4.453615376E-02,3.00001E-02)
  );
#4524 = CARTESIAN_POINT('',(-0.120776138729,-5.546384624E-02,2.00001E-02
    ));
#4525 = CARTESIAN_POINT('',(-0.120776138729,-5.546384624E-02,3.00001E-02
    ));
#4526 = ADVANCED_FACE('',(#4527),#4537,.T.);
#4527 = FACE_BOUND('',#4528,.T.);
#4528 = EDGE_LOOP('',(#4529,#4530,#4531,#4536));
#4529 = ORIENTED_EDGE('',*,*,#1428,.F.);
#4530 = ORIENTED_EDGE('',*,*,#4517,.F.);
#4531 = ORIENTED_EDGE('',*,*,#4532,.T.);
#4532 = EDGE_CURVE('',#4511,#4372,#4533,.T.);
#4533 = B_SPLINE_CURVE_WITH_KNOTS('',1,(#4534,#4535),.UNSPECIFIED.,.F.,
  .F.,(2,2),(0.,1.341463414634E-02),.PIECEWISE_BEZIER_KNOTS.);
#4534 = CARTESIAN_POINT('',(-0.158581016777,4.453615376E-02,3.00001E-02)
  );
#4535 = CARTESIAN_POINT('',(-0.171995650924,4.453615376E-02,3.00001E-02)
  );
#4536 = ORIENTED_EDGE('',*,*,#4371,.T.);
#4537 = B_SPLINE_SURFACE_WITH_KNOTS('',1,1,(
    (#4538,#4539)
    ,(#4540,#4541)),.UNSPECIFIED.,.F.,.F.,.F.,(2,2),(2,2),(0.,1.E-02),(
    -1.341463414634E-02,0.),.PIECEWISE_BEZIER_KNOTS.);
#4538 = CARTESIAN_POINT('',(-0.171995650924,4.453615376E-02,3.00001E-02)
  );
#4539 = CARTESIAN_POINT('',(-0.158581016777,4.453615376E-02,3.00001E-02)
  );
#4540 = CARTESIAN_POINT('',(-0.171995650924,4.453615376E-02,2.00001E-02)
  );
#4541 = CARTESIAN_POINT('',(-0.158581016777,4.453615376E-02,2.00001E-02)
  );
#4542 = ADVANCED_FACE('',(#4543,#4597),#4607,.F.);
#4543 = FACE_BOUND('',#4544,.T.);
#4544 = EDGE_LOOP('',(#4545,#4554,#4561,#4573,#4580,#4592));
#4545 = ORIENTED_EDGE('',*,*,#4546,.F.);
#4546 = EDGE_CURVE('',#4547,#4549,#4551,.T.);
#4547 = VERTEX_POINT('',#4548);
#4548 = CARTESIAN_POINT('',(-0.148329492387,-1.64394559961E-02,
    3.00001E-02));
#4549 = VERTEX_POINT('',#4550);
#4550 = CARTESIAN_POINT('',(-0.181770803363,-1.64394559961E-02,
    3.00001E-02));
#4551 = B_SPLINE_CURVE_WITH_KNOTS('',1,(#4552,#4553),.UNSPECIFIED.,.F.,
  .F.,(2,2),(0.,3.344131097561E-02),.PIECEWISE_BEZIER_KNOTS.);
#4552 = CARTESIAN_POINT('',(-0.148329492387,-1.64394559961E-02,
    3.00001E-02));
#4553 = CARTESIAN_POINT('',(-0.181770803363,-1.64394559961E-02,
    3.00001E-02));
#4554 = ORIENTED_EDGE('',*,*,#4555,.F.);
#4555 = EDGE_CURVE('',#4556,#4547,#4558,.T.);
#4556 = VERTEX_POINT('',#4557);
#4557 = CARTESIAN_POINT('',(-0.163249461899,2.532883668683E-02,
    3.00001E-02));
#4558 = B_SPLINE_CURVE_WITH_KNOTS('',1,(#4559,#4560),.UNSPECIFIED.,.F.,
  .F.,(2,2),(0.,4.435308065841E-02),.PIECEWISE_BEZIER_KNOTS.);
#4559 = CARTESIAN_POINT('',(-0.163249461899,2.532883668683E-02,
    3.00001E-02));
#4560 = CARTESIAN_POINT('',(-0.148329492387,-1.64394559961E-02,
    3.00001E-02));
#4561 = ORIENTED_EDGE('',*,*,#4562,.F.);
#4562 = EDGE_CURVE('',#4563,#4556,#4565,.T.);
#4563 = VERTEX_POINT('',#4564);
#4564 = CARTESIAN_POINT('',(-0.164850071655,3.234103180878E-02,
    3.00001E-02));
#4565 = B_SPLINE_CURVE_WITH_KNOTS('',3,(#4566,#4567,#4568,#4569,#4570,
    #4571,#4572),.UNSPECIFIED.,.F.,.F.,(4,1,1,1,4),(0.,0.300541113159,
    0.567747146484,0.800033613737,1.),.UNSPECIFIED.);
#4566 = CARTESIAN_POINT('',(-0.164850071655,3.234103180878E-02,
    3.00001E-02));
#4567 = CARTESIAN_POINT('',(-0.164733463408,3.162894257996E-02,
    3.00001E-02));
#4568 = CARTESIAN_POINT('',(-0.164513180736,3.028374683134E-02,
    3.00001E-02));
#4569 = CARTESIAN_POINT('',(-0.164141331915,2.839884908562E-02,
    3.00001E-02));
#4570 = CARTESIAN_POINT('',(-0.163727317856,2.676986796328E-02,
    3.00001E-02));
#4571 = CARTESIAN_POINT('',(-0.163400604292,2.578462448751E-02,
    3.00001E-02));
#4572 = CARTESIAN_POINT('',(-0.163249461899,2.532883668683E-02,
    3.00001E-02));
#4573 = ORIENTED_EDGE('',*,*,#4574,.F.);
#4574 = EDGE_CURVE('',#4575,#4563,#4577,.T.);
#4575 = VERTEX_POINT('',#4576);
#4576 = CARTESIAN_POINT('',(-0.165174004582,3.234103180878E-02,
    3.00001E-02));
#4577 = B_SPLINE_CURVE_WITH_KNOTS('',1,(#4578,#4579),.UNSPECIFIED.,.F.,
  .F.,(2,2),(0.,3.239329268293E-04),.PIECEWISE_BEZIER_KNOTS.);
#4578 = CARTESIAN_POINT('',(-0.165174004582,3.234103180878E-02,
    3.00001E-02));
#4579 = CARTESIAN_POINT('',(-0.164850071655,3.234103180878E-02,
    3.00001E-02));
#4580 = ORIENTED_EDGE('',*,*,#4581,.F.);
#4581 = EDGE_CURVE('',#4582,#4575,#4584,.T.);
#4582 = VERTEX_POINT('',#4583);
#4583 = CARTESIAN_POINT('',(-0.166717449704,2.532883668683E-02,
    3.00001E-02));
#4584 = B_SPLINE_CURVE_WITH_KNOTS('',3,(#4585,#4586,#4587,#4588,#4589,
    #4590,#4591),.UNSPECIFIED.,.F.,.F.,(4,1,1,1,4),(0.,0.174481715317,
    0.398285759128,0.673897847399,1.),.UNSPECIFIED.);
#4585 = CARTESIAN_POINT('',(-0.166717449704,2.532883668683E-02,
    3.00001E-02));
#4586 = CARTESIAN_POINT('',(-0.166592659192,2.572782013214E-02,
    3.00001E-02));
#4587 = CARTESIAN_POINT('',(-0.166307802502,2.663857129083E-02,
    3.00001E-02));
#4588 = CARTESIAN_POINT('',(-0.165934521705,2.821047724822E-02,
    3.00001E-02));
#4589 = CARTESIAN_POINT('',(-0.16556854331,3.015384244614E-02,
    3.00001E-02));
#4590 = CARTESIAN_POINT('',(-0.165312674183,3.157229441168E-02,
    3.00001E-02));
#4591 = CARTESIAN_POINT('',(-0.165174004582,3.234103180878E-02,
    3.00001E-02));
#4592 = ORIENTED_EDGE('',*,*,#4593,.F.);
#4593 = EDGE_CURVE('',#4549,#4582,#4594,.T.);
#4594 = B_SPLINE_CURVE_WITH_KNOTS('',1,(#4595,#4596),.UNSPECIFIED.,.F.,
  .F.,(2,2),(0.,4.439812755078E-02),.PIECEWISE_BEZIER_KNOTS.);
#4595 = CARTESIAN_POINT('',(-0.181770803363,-1.64394559961E-02,
    3.00001E-02));
#4596 = CARTESIAN_POINT('',(-0.166717449704,2.532883668683E-02,
    3.00001E-02));
#4597 = FACE_BOUND('',#4598,.T.);
#4598 = EDGE_LOOP('',(#4599,#4600,#4601,#4602,#4603,#4604,#4605,#4606));
#4599 = ORIENTED_EDGE('',*,*,#4378,.F.);
#4600 = ORIENTED_EDGE('',*,*,#4532,.F.);
#4601 = ORIENTED_EDGE('',*,*,#4510,.F.);
#4602 = ORIENTED_EDGE('',*,*,#4488,.F.);
#4603 = ORIENTED_EDGE('',*,*,#4466,.F.);
#4604 = ORIENTED_EDGE('',*,*,#4444,.F.);
#4605 = ORIENTED_EDGE('',*,*,#4422,.F.);
#4606 = ORIENTED_EDGE('',*,*,#4400,.F.);
#4607 = B_SPLINE_SURFACE_WITH_KNOTS('',1,1,(
    (#4608,#4609)
    ,(#4610,#4611
    )),.UNSPECIFIED.,.F.,.F.,.F.,(2,2),(2,2),(-0.211020041168,
    -0.120776138729),(-5.546384624E-02,4.453615376E-02),
  .PIECEWISE_BEZIER_KNOTS.);
#4608 = CARTESIAN_POINT('',(-0.211020041168,-5.546384624E-02,3.00001E-02
    ));
#4609 = CARTESIAN_POINT('',(-0.211020041168,4.453615376E-02,3.00001E-02)
  );
#4610 = CARTESIAN_POINT('',(-0.120776138729,-5.546384624E-02,3.00001E-02
    ));
#4611 = CARTESIAN_POINT('',(-0.120776138729,4.453615376E-02,3.00001E-02)
  );
#4612 = ADVANCED_FACE('',(#4613),#4635,.T.);
#4613 = FACE_BOUND('',#4614,.T.);
#4614 = EDGE_LOOP('',(#4615,#4624,#4629,#4630));
#4615 = ORIENTED_EDGE('',*,*,#4616,.F.);
#4616 = EDGE_CURVE('',#4617,#4619,#4621,.T.);
#4617 = VERTEX_POINT('',#4618);
#4618 = CARTESIAN_POINT('',(-0.148329492387,-1.64394559961E-02,
    2.00001E-02));
#4619 = VERTEX_POINT('',#4620);
#4620 = CARTESIAN_POINT('',(-0.181770803363,-1.64394559961E-02,
    2.00001E-02));
#4621 = B_SPLINE_CURVE_WITH_KNOTS('',1,(#4622,#4623),.UNSPECIFIED.,.F.,
  .F.,(2,2),(0.,3.344131097561E-02),.PIECEWISE_BEZIER_KNOTS.);
#4622 = CARTESIAN_POINT('',(-0.148329492387,-1.64394559961E-02,
    2.00001E-02));
#4623 = CARTESIAN_POINT('',(-0.181770803363,-1.64394559961E-02,
    2.00001E-02));
#4624 = ORIENTED_EDGE('',*,*,#4625,.F.);
#4625 = EDGE_CURVE('',#4547,#4617,#4626,.T.);
#4626 = B_SPLINE_CURVE_WITH_KNOTS('',1,(#4627,#4628),.UNSPECIFIED.,.F.,
  .F.,(2,2),(0.,1.E-02),.PIECEWISE_BEZIER_KNOTS.);
#4627 = CARTESIAN_POINT('',(-0.148329492387,-1.64394559961E-02,
    3.00001E-02));
#4628 = CARTESIAN_POINT('',(-0.148329492387,-1.64394559961E-02,
    2.00001E-02));
#4629 = ORIENTED_EDGE('',*,*,#4546,.T.);
#4630 = ORIENTED_EDGE('',*,*,#4631,.T.);
#4631 = EDGE_CURVE('',#4549,#4619,#4632,.T.);
#4632 = B_SPLINE_CURVE_WITH_KNOTS('',1,(#4633,#4634),.UNSPECIFIED.,.F.,
  .F.,(2,2),(0.,1.E-02),.PIECEWISE_BEZIER_KNOTS.);
#4633 = CARTESIAN_POINT('',(-0.181770803363,-1.64394559961E-02,
    3.00001E-02));
#4634 = CARTESIAN_POINT('',(-0.181770803363,-1.64394559961E-02,
    2.00001E-02));
#4635 = B_SPLINE_SURFACE_WITH_KNOTS('',1,1,(
    (#4636,#4637)
    ,(#4638,#4639)),.UNSPECIFIED.,.F.,.F.,.F.,(2,2),(2,2),(0.,1.E-02),(
    -3.344131097561E-02,0.),.PIECEWISE_BEZIER_KNOTS.);
#4636 = CARTESIAN_POINT('',(-0.181770803363,-1.64394559961E-02,
    3.00001E-02));
#4637 = CARTESIAN_POINT('',(-0.148329492387,-1.64394559961E-02,
    3.00001E-02));
#4638 = CARTESIAN_POINT('',(-0.181770803363,-1.64394559961E-02,
    2.00001E-02));
#4639 = CARTESIAN_POINT('',(-0.148329492387,-1.64394559961E-02,
    2.00001E-02));
#4640 = ADVANCED_FACE('',(#4641),#4657,.T.);
#4641 = FACE_BOUND('',#4642,.T.);
#4642 = EDGE_LOOP('',(#4643,#4650,#4655,#4656));
#4643 = ORIENTED_EDGE('',*,*,#4644,.F.);
#4644 = EDGE_CURVE('',#4645,#4617,#4647,.T.);
#4645 = VERTEX_POINT('',#4646);
#4646 = CARTESIAN_POINT('',(-0.163249461899,2.532883668683E-02,
    2.00001E-02));
#4647 = B_SPLINE_CURVE_WITH_KNOTS('',1,(#4648,#4649),.UNSPECIFIED.,.F.,
  .F.,(2,2),(0.,4.435308065841E-02),.PIECEWISE_BEZIER_KNOTS.);
#4648 = CARTESIAN_POINT('',(-0.163249461899,2.532883668683E-02,
    2.00001E-02));
#4649 = CARTESIAN_POINT('',(-0.148329492387,-1.64394559961E-02,
    2.00001E-02));
#4650 = ORIENTED_EDGE('',*,*,#4651,.F.);
#4651 = EDGE_CURVE('',#4556,#4645,#4652,.T.);
#4652 = B_SPLINE_CURVE_WITH_KNOTS('',1,(#4653,#4654),.UNSPECIFIED.,.F.,
  .F.,(2,2),(0.,1.E-02),.PIECEWISE_BEZIER_KNOTS.);
#4653 = CARTESIAN_POINT('',(-0.163249461899,2.532883668683E-02,
    3.00001E-02));
#4654 = CARTESIAN_POINT('',(-0.163249461899,2.532883668683E-02,
    2.00001E-02));
#4655 = ORIENTED_EDGE('',*,*,#4555,.T.);
#4656 = ORIENTED_EDGE('',*,*,#4625,.T.);
#4657 = B_SPLINE_SURFACE_WITH_KNOTS('',1,1,(
    (#4658,#4659)
    ,(#4660,#4661
    )),.UNSPECIFIED.,.F.,.F.,.F.,(2,2),(2,2),(-4.435308065841E-02,
    1.063559946015E-18),(-1.E-02,0.),.PIECEWISE_BEZIER_KNOTS.);
#4658 = CARTESIAN_POINT('',(-0.148329492387,-1.64394559961E-02,
    2.00001E-02));
#4659 = CARTESIAN_POINT('',(-0.148329492387,-1.64394559961E-02,
    3.00001E-02));
#4660 = CARTESIAN_POINT('',(-0.163249461899,2.532883668683E-02,
    2.00001E-02));
#4661 = CARTESIAN_POINT('',(-0.163249461899,2.532883668683E-02,
    3.00001E-02));
#4662 = ADVANCED_FACE('',(#4663),#4684,.T.);
#4663 = FACE_BOUND('',#4664,.T.);
#4664 = EDGE_LOOP('',(#4665,#4677,#4682,#4683));
#4665 = ORIENTED_EDGE('',*,*,#4666,.F.);
#4666 = EDGE_CURVE('',#4667,#4645,#4669,.T.);
#4667 = VERTEX_POINT('',#4668);
#4668 = CARTESIAN_POINT('',(-0.164850071655,3.234103180878E-02,
    2.00001E-02));
#4669 = B_SPLINE_CURVE_WITH_KNOTS('',3,(#4670,#4671,#4672,#4673,#4674,
    #4675,#4676),.UNSPECIFIED.,.F.,.F.,(4,1,1,1,4),(0.,0.300541113159,
    0.567747146484,0.800033613737,1.),.UNSPECIFIED.);
#4670 = CARTESIAN_POINT('',(-0.164850071655,3.234103180878E-02,
    2.00001E-02));
#4671 = CARTESIAN_POINT('',(-0.164733463408,3.162894257996E-02,
    2.00001E-02));
#4672 = CARTESIAN_POINT('',(-0.164513180736,3.028374683134E-02,
    2.00001E-02));
#4673 = CARTESIAN_POINT('',(-0.164141331915,2.839884908562E-02,
    2.00001E-02));
#4674 = CARTESIAN_POINT('',(-0.163727317856,2.676986796328E-02,
    2.00001E-02));
#4675 = CARTESIAN_POINT('',(-0.163400604292,2.578462448751E-02,
    2.00001E-02));
#4676 = CARTESIAN_POINT('',(-0.163249461899,2.532883668683E-02,
    2.00001E-02));
#4677 = ORIENTED_EDGE('',*,*,#4678,.F.);
#4678 = EDGE_CURVE('',#4563,#4667,#4679,.T.);
#4679 = B_SPLINE_CURVE_WITH_KNOTS('',1,(#4680,#4681),.UNSPECIFIED.,.F.,
  .F.,(2,2),(0.,1.E-02),.PIECEWISE_BEZIER_KNOTS.);
#4680 = CARTESIAN_POINT('',(-0.164850071655,3.234103180878E-02,
    3.00001E-02));
#4681 = CARTESIAN_POINT('',(-0.164850071655,3.234103180878E-02,
    2.00001E-02));
#4682 = ORIENTED_EDGE('',*,*,#4562,.T.);
#4683 = ORIENTED_EDGE('',*,*,#4651,.T.);
#4684 = B_SPLINE_SURFACE_WITH_KNOTS('',3,1,(
    (#4685,#4686)
    ,(#4687,#4688)
    ,(#4689,#4690)
    ,(#4691,#4692)
    ,(#4693,#4694)
    ,(#4695,#4696)
    ,(#4697,#4698
    )),.UNSPECIFIED.,.F.,.F.,.F.,(4,1,1,1,4),(2,2),(0.,0.300541113159,
    0.567747146484,0.800033613737,1.),(0.,1.),.UNSPECIFIED.);
#4685 = CARTESIAN_POINT('',(-0.164850071655,3.234103180878E-02,
    3.00001E-02));
#4686 = CARTESIAN_POINT('',(-0.164850071655,3.234103180878E-02,
    2.00001E-02));
#4687 = CARTESIAN_POINT('',(-0.164733463408,3.162894257996E-02,
    3.00001E-02));
#4688 = CARTESIAN_POINT('',(-0.164733463408,3.162894257996E-02,
    2.00001E-02));
#4689 = CARTESIAN_POINT('',(-0.164513180736,3.028374683134E-02,
    3.00001E-02));
#4690 = CARTESIAN_POINT('',(-0.164513180736,3.028374683134E-02,
    2.00001E-02));
#4691 = CARTESIAN_POINT('',(-0.164141331915,2.839884908562E-02,
    3.00001E-02));
#4692 = CARTESIAN_POINT('',(-0.164141331915,2.839884908562E-02,
    2.00001E-02));
#4693 = CARTESIAN_POINT('',(-0.163727317856,2.676986796328E-02,
    3.00001E-02));
#4694 = CARTESIAN_POINT('',(-0.163727317856,2.676986796328E-02,
    2.00001E-02));
#4695 = CARTESIAN_POINT('',(-0.163400604292,2.578462448751E-02,
    3.00001E-02));
#4696 = CARTESIAN_POINT('',(-0.163400604292,2.578462448751E-02,
    2.00001E-02));
#4697 = CARTESIAN_POINT('',(-0.163249461899,2.532883668683E-02,
    3.00001E-02));
#4698 = CARTESIAN_POINT('',(-0.163249461899,2.532883668683E-02,
    2.00001E-02));
#4699 = ADVANCED_FACE('',(#4700),#4716,.T.);
#4700 = FACE_BOUND('',#4701,.T.);
#4701 = EDGE_LOOP('',(#4702,#4709,#4714,#4715));
#4702 = ORIENTED_EDGE('',*,*,#4703,.F.);
#4703 = EDGE_CURVE('',#4704,#4667,#4706,.T.);
#4704 = VERTEX_POINT('',#4705);
#4705 = CARTESIAN_POINT('',(-0.165174004582,3.234103180878E-02,
    2.00001E-02));
#4706 = B_SPLINE_CURVE_WITH_KNOTS('',1,(#4707,#4708),.UNSPECIFIED.,.F.,
  .F.,(2,2),(0.,3.239329268293E-04),.PIECEWISE_BEZIER_KNOTS.);
#4707 = CARTESIAN_POINT('',(-0.165174004582,3.234103180878E-02,
    2.00001E-02));
#4708 = CARTESIAN_POINT('',(-0.164850071655,3.234103180878E-02,
    2.00001E-02));
#4709 = ORIENTED_EDGE('',*,*,#4710,.F.);
#4710 = EDGE_CURVE('',#4575,#4704,#4711,.T.);
#4711 = B_SPLINE_CURVE_WITH_KNOTS('',1,(#4712,#4713),.UNSPECIFIED.,.F.,
  .F.,(2,2),(0.,1.E-02),.PIECEWISE_BEZIER_KNOTS.);
#4712 = CARTESIAN_POINT('',(-0.165174004582,3.234103180878E-02,
    3.00001E-02));
#4713 = CARTESIAN_POINT('',(-0.165174004582,3.234103180878E-02,
    2.00001E-02));
#4714 = ORIENTED_EDGE('',*,*,#4574,.T.);
#4715 = ORIENTED_EDGE('',*,*,#4678,.T.);
#4716 = B_SPLINE_SURFACE_WITH_KNOTS('',1,1,(
    (#4717,#4718)
    ,(#4719,#4720
    )),.UNSPECIFIED.,.F.,.F.,.F.,(2,2),(2,2),(-1.E-02,0.),(0.,
    3.239329268293E-04),.PIECEWISE_BEZIER_KNOTS.);
#4717 = CARTESIAN_POINT('',(-0.165174004582,3.234103180878E-02,
    2.00001E-02));
#4718 = CARTESIAN_POINT('',(-0.164850071655,3.234103180878E-02,
    2.00001E-02));
#4719 = CARTESIAN_POINT('',(-0.165174004582,3.234103180878E-02,
    3.00001E-02));
#4720 = CARTESIAN_POINT('',(-0.164850071655,3.234103180878E-02,
    3.00001E-02));
#4721 = ADVANCED_FACE('',(#4722),#4743,.T.);
#4722 = FACE_BOUND('',#4723,.T.);
#4723 = EDGE_LOOP('',(#4724,#4736,#4741,#4742));
#4724 = ORIENTED_EDGE('',*,*,#4725,.F.);
#4725 = EDGE_CURVE('',#4726,#4704,#4728,.T.);
#4726 = VERTEX_POINT('',#4727);
#4727 = CARTESIAN_POINT('',(-0.166717449704,2.532883668683E-02,
    2.00001E-02));
#4728 = B_SPLINE_CURVE_WITH_KNOTS('',3,(#4729,#4730,#4731,#4732,#4733,
    #4734,#4735),.UNSPECIFIED.,.F.,.F.,(4,1,1,1,4),(0.,0.174481715317,
    0.398285759128,0.673897847399,1.),.UNSPECIFIED.);
#4729 = CARTESIAN_POINT('',(-0.166717449704,2.532883668683E-02,
    2.00001E-02));
#4730 = CARTESIAN_POINT('',(-0.166592659192,2.572782013214E-02,
    2.00001E-02));
#4731 = CARTESIAN_POINT('',(-0.166307802502,2.663857129083E-02,
    2.00001E-02));
#4732 = CARTESIAN_POINT('',(-0.165934521705,2.821047724822E-02,
    2.00001E-02));
#4733 = CARTESIAN_POINT('',(-0.16556854331,3.015384244614E-02,
    2.00001E-02));
#4734 = CARTESIAN_POINT('',(-0.165312674183,3.157229441168E-02,
    2.00001E-02));
#4735 = CARTESIAN_POINT('',(-0.165174004582,3.234103180878E-02,
    2.00001E-02));
#4736 = ORIENTED_EDGE('',*,*,#4737,.F.);
#4737 = EDGE_CURVE('',#4582,#4726,#4738,.T.);
#4738 = B_SPLINE_CURVE_WITH_KNOTS('',1,(#4739,#4740),.UNSPECIFIED.,.F.,
  .F.,(2,2),(7.836629005482E-34,1.E-02),.PIECEWISE_BEZIER_KNOTS.);
#4739 = CARTESIAN_POINT('',(-0.166717449704,2.532883668683E-02,
    3.00001E-02));
#4740 = CARTESIAN_POINT('',(-0.166717449704,2.532883668683E-02,
    2.00001E-02));
#4741 = ORIENTED_EDGE('',*,*,#4581,.T.);
#4742 = ORIENTED_EDGE('',*,*,#4710,.T.);
#4743 = B_SPLINE_SURFACE_WITH_KNOTS('',3,1,(
    (#4744,#4745)
    ,(#4746,#4747)
    ,(#4748,#4749)
    ,(#4750,#4751)
    ,(#4752,#4753)
    ,(#4754,#4755)
    ,(#4756,#4757
    )),.UNSPECIFIED.,.F.,.F.,.F.,(4,1,1,1,4),(2,2),(0.,0.174481715317,
    0.398285759128,0.673897847399,1.),(0.,1.),.UNSPECIFIED.);
#4744 = CARTESIAN_POINT('',(-0.166717449704,2.532883668683E-02,
    3.00001E-02));
#4745 = CARTESIAN_POINT('',(-0.166717449704,2.532883668683E-02,
    2.00001E-02));
#4746 = CARTESIAN_POINT('',(-0.166592659192,2.572782013214E-02,
    3.00001E-02));
#4747 = CARTESIAN_POINT('',(-0.166592659192,2.572782013214E-02,
    2.00001E-02));
#4748 = CARTESIAN_POINT('',(-0.166307802502,2.663857129083E-02,
    3.00001E-02));
#4749 = CARTESIAN_POINT('',(-0.166307802502,2.663857129083E-02,
    2.00001E-02));
#4750 = CARTESIAN_POINT('',(-0.165934521705,2.821047724822E-02,
    3.00001E-02));
#4751 = CARTESIAN_POINT('',(-0.165934521705,2.821047724822E-02,
    2.00001E-02));
#4752 = CARTESIAN_POINT('',(-0.16556854331,3.015384244614E-02,
    3.00001E-02));
#4753 = CARTESIAN_POINT('',(-0.16556854331,3.015384244614E-02,
    2.00001E-02));
#4754 = CARTESIAN_POINT('',(-0.165312674183,3.157229441168E-02,
    3.00001E-02));
#4755 = CARTESIAN_POINT('',(-0.165312674183,3.157229441168E-02,
    2.00001E-02));
#4756 = CARTESIAN_POINT('',(-0.165174004582,3.234103180878E-02,
    3.00001E-02));
#4757 = CARTESIAN_POINT('',(-0.165174004582,3.234103180878E-02,
    2.00001E-02));
#4758 = ADVANCED_FACE('',(#4759),#4769,.T.);
#4759 = FACE_BOUND('',#4760,.T.);
#4760 = EDGE_LOOP('',(#4761,#4766,#4767,#4768));
#4761 = ORIENTED_EDGE('',*,*,#4762,.F.);
#4762 = EDGE_CURVE('',#4619,#4726,#4763,.T.);
#4763 = B_SPLINE_CURVE_WITH_KNOTS('',1,(#4764,#4765),.UNSPECIFIED.,.F.,
  .F.,(2,2),(9.41063325836E-18,4.439812755078E-02),
  .PIECEWISE_BEZIER_KNOTS.);
#4764 = CARTESIAN_POINT('',(-0.181770803363,-1.64394559961E-02,
    2.00001E-02));
#4765 = CARTESIAN_POINT('',(-0.166717449704,2.532883668683E-02,
    2.00001E-02));
#4766 = ORIENTED_EDGE('',*,*,#4631,.F.);
#4767 = ORIENTED_EDGE('',*,*,#4593,.T.);
#4768 = ORIENTED_EDGE('',*,*,#4737,.T.);
#4769 = B_SPLINE_SURFACE_WITH_KNOTS('',1,1,(
    (#4770,#4771)
    ,(#4772,#4773
    )),.UNSPECIFIED.,.F.,.F.,.F.,(2,2),(2,2),(-4.439812755078E-02,0.),(
    -1.E-02,3.563547914088E-34),.PIECEWISE_BEZIER_KNOTS.);
#4770 = CARTESIAN_POINT('',(-0.166717449704,2.532883668683E-02,
    2.00001E-02));
#4771 = CARTESIAN_POINT('',(-0.166717449704,2.532883668683E-02,
    3.00001E-02));
#4772 = CARTESIAN_POINT('',(-0.181770803363,-1.64394559961E-02,
    2.00001E-02));
#4773 = CARTESIAN_POINT('',(-0.181770803363,-1.64394559961E-02,
    3.00001E-02));
#4774 = ADVANCED_FACE('',(#4775),#4797,.T.);
#4775 = FACE_BOUND('',#4776,.T.);
#4776 = EDGE_LOOP('',(#4777,#4778,#4785,#4792));
#4777 = ORIENTED_EDGE('',*,*,#1544,.F.);
#4778 = ORIENTED_EDGE('',*,*,#4779,.F.);
#4779 = EDGE_CURVE('',#4780,#1521,#4782,.T.);
#4780 = VERTEX_POINT('',#4781);
#4781 = CARTESIAN_POINT('',(-6.016257165545E-02,-5.546384624E-02,
    3.00001E-02));
#4782 = B_SPLINE_CURVE_WITH_KNOTS('',1,(#4783,#4784),.UNSPECIFIED.,.F.,
  .F.,(2,2),(0.,1.E-02),.PIECEWISE_BEZIER_KNOTS.);
#4783 = CARTESIAN_POINT('',(-6.016257165545E-02,-5.546384624E-02,
    3.00001E-02));
#4784 = CARTESIAN_POINT('',(-6.016257165545E-02,-5.546384624E-02,
    2.00001E-02));
#4785 = ORIENTED_EDGE('',*,*,#4786,.T.);
#4786 = EDGE_CURVE('',#4780,#4787,#4789,.T.);
#4787 = VERTEX_POINT('',#4788);
#4788 = CARTESIAN_POINT('',(-3.297126067984E-02,-5.546384624E-02,
    3.00001E-02));
#4789 = B_SPLINE_CURVE_WITH_KNOTS('',1,(#4790,#4791),.UNSPECIFIED.,.F.,
  .F.,(2,2),(0.,2.719131097561E-02),.PIECEWISE_BEZIER_KNOTS.);
#4790 = CARTESIAN_POINT('',(-6.016257165545E-02,-5.546384624E-02,
    3.00001E-02));
#4791 = CARTESIAN_POINT('',(-3.297126067984E-02,-5.546384624E-02,
    3.00001E-02));
#4792 = ORIENTED_EDGE('',*,*,#4793,.T.);
#4793 = EDGE_CURVE('',#4787,#1545,#4794,.T.);
#4794 = B_SPLINE_CURVE_WITH_KNOTS('',1,(#4795,#4796),.UNSPECIFIED.,.F.,
  .F.,(2,2),(0.,1.E-02),.PIECEWISE_BEZIER_KNOTS.);
#4795 = CARTESIAN_POINT('',(-3.297126067984E-02,-5.546384624E-02,
    3.00001E-02));
#4796 = CARTESIAN_POINT('',(-3.297126067984E-02,-5.546384624E-02,
    2.00001E-02));
#4797 = B_SPLINE_SURFACE_WITH_KNOTS('',1,1,(
    (#4798,#4799)
    ,(#4800,#4801
    )),.UNSPECIFIED.,.F.,.F.,.F.,(2,2),(2,2),(-1.E-02,0.),(0.,
    2.719131097561E-02),.PIECEWISE_BEZIER_KNOTS.);
#4798 = CARTESIAN_POINT('',(-6.016257165545E-02,-5.546384624E-02,
    2.00001E-02));
#4799 = CARTESIAN_POINT('',(-3.297126067984E-02,-5.546384624E-02,
    2.00001E-02));
#4800 = CARTESIAN_POINT('',(-6.016257165545E-02,-5.546384624E-02,
    3.00001E-02));
#4801 = CARTESIAN_POINT('',(-3.297126067984E-02,-5.546384624E-02,
    3.00001E-02));
#4802 = ADVANCED_FACE('',(#4803),#4819,.T.);
#4803 = FACE_BOUND('',#4804,.T.);
#4804 = EDGE_LOOP('',(#4805,#4806,#4807,#4814));
#4805 = ORIENTED_EDGE('',*,*,#1551,.F.);
#4806 = ORIENTED_EDGE('',*,*,#4793,.F.);
#4807 = ORIENTED_EDGE('',*,*,#4808,.T.);
#4808 = EDGE_CURVE('',#4787,#4809,#4811,.T.);
#4809 = VERTEX_POINT('',#4810);
#4810 = CARTESIAN_POINT('',(-3.297126067984E-02,4.453615376E-02,
    3.00001E-02));
#4811 = B_SPLINE_CURVE_WITH_KNOTS('',1,(#4812,#4813),.UNSPECIFIED.,.F.,
  .F.,(2,2),(0.,0.1),.PIECEWISE_BEZIER_KNOTS.);
#4812 = CARTESIAN_POINT('',(-3.297126067984E-02,-5.546384624E-02,
    3.00001E-02));
#4813 = CARTESIAN_POINT('',(-3.297126067984E-02,4.453615376E-02,
    3.00001E-02));
#4814 = ORIENTED_EDGE('',*,*,#4815,.T.);
#4815 = EDGE_CURVE('',#4809,#1552,#4816,.T.);
#4816 = B_SPLINE_CURVE_WITH_KNOTS('',1,(#4817,#4818),.UNSPECIFIED.,.F.,
  .F.,(2,2),(0.,1.E-02),.PIECEWISE_BEZIER_KNOTS.);
#4817 = CARTESIAN_POINT('',(-3.297126067984E-02,4.453615376E-02,
    3.00001E-02));
#4818 = CARTESIAN_POINT('',(-3.297126067984E-02,4.453615376E-02,
    2.00001E-02));
#4819 = B_SPLINE_SURFACE_WITH_KNOTS('',1,1,(
    (#4820,#4821)
    ,(#4822,#4823
    )),.UNSPECIFIED.,.F.,.F.,.F.,(2,2),(2,2),(-1.E-02,0.),(0.,0.1),
  .PIECEWISE_BEZIER_KNOTS.);
#4820 = CARTESIAN_POINT('',(-3.297126067984E-02,-5.546384624E-02,
    2.00001E-02));
#4821 = CARTESIAN_POINT('',(-3.297126067984E-02,4.453615376E-02,
    2.00001E-02));
#4822 = CARTESIAN_POINT('',(-3.297126067984E-02,-5.546384624E-02,
    3.00001E-02));
#4823 = CARTESIAN_POINT('',(-3.297126067984E-02,4.453615376E-02,
    3.00001E-02));
#4824 = ADVANCED_FACE('',(#4825),#4841,.T.);
#4825 = FACE_BOUND('',#4826,.T.);
#4826 = EDGE_LOOP('',(#4827,#4828,#4829,#4836));
#4827 = ORIENTED_EDGE('',*,*,#1558,.F.);
#4828 = ORIENTED_EDGE('',*,*,#4815,.F.);
#4829 = ORIENTED_EDGE('',*,*,#4830,.T.);
#4830 = EDGE_CURVE('',#4809,#4831,#4833,.T.);
#4831 = VERTEX_POINT('',#4832);
#4832 = CARTESIAN_POINT('',(-6.119153507008E-02,4.453615376E-02,
    3.00001E-02));
#4833 = B_SPLINE_CURVE_WITH_KNOTS('',1,(#4834,#4835),.UNSPECIFIED.,.F.,
  .F.,(2,2),(0.,2.822027439024E-02),.PIECEWISE_BEZIER_KNOTS.);
#4834 = CARTESIAN_POINT('',(-3.297126067984E-02,4.453615376E-02,
    3.00001E-02));
#4835 = CARTESIAN_POINT('',(-6.119153507008E-02,4.453615376E-02,
    3.00001E-02));
#4836 = ORIENTED_EDGE('',*,*,#4837,.T.);
#4837 = EDGE_CURVE('',#4831,#1559,#4838,.T.);
#4838 = B_SPLINE_CURVE_WITH_KNOTS('',1,(#4839,#4840),.UNSPECIFIED.,.F.,
  .F.,(2,2),(0.,1.E-02),.PIECEWISE_BEZIER_KNOTS.);
#4839 = CARTESIAN_POINT('',(-6.119153507008E-02,4.453615376E-02,
    3.00001E-02));
#4840 = CARTESIAN_POINT('',(-6.119153507008E-02,4.453615376E-02,
    2.00001E-02));
#4841 = B_SPLINE_SURFACE_WITH_KNOTS('',1,1,(
    (#4842,#4843)
    ,(#4844,#4845)),.UNSPECIFIED.,.F.,.F.,.F.,(2,2),(2,2),(0.,1.E-02),(
    -2.822027439024E-02,0.),.PIECEWISE_BEZIER_KNOTS.);
#4842 = CARTESIAN_POINT('',(-6.119153507008E-02,4.453615376E-02,
    3.00001E-02));
#4843 = CARTESIAN_POINT('',(-3.297126067984E-02,4.453615376E-02,
    3.00001E-02));
#4844 = CARTESIAN_POINT('',(-6.119153507008E-02,4.453615376E-02,
    2.00001E-02));
#4845 = CARTESIAN_POINT('',(-3.297126067984E-02,4.453615376E-02,
    2.00001E-02));
#4846 = ADVANCED_FACE('',(#4847),#4880,.T.);
#4847 = FACE_BOUND('',#4848,.T.);
#4848 = EDGE_LOOP('',(#4849,#4850,#4851,#4875));
#4849 = ORIENTED_EDGE('',*,*,#1565,.F.);
#4850 = ORIENTED_EDGE('',*,*,#4837,.F.);
#4851 = ORIENTED_EDGE('',*,*,#4852,.T.);
#4852 = EDGE_CURVE('',#4831,#4853,#4855,.T.);
#4853 = VERTEX_POINT('',#4854);
#4854 = CARTESIAN_POINT('',(-0.113459065558,-4.206224288779E-03,
    3.00001E-02));
#4855 = B_SPLINE_CURVE_WITH_KNOTS('',3,(#4856,#4857,#4858,#4859,#4860,
    #4861,#4862,#4863,#4864,#4865,#4866,#4867,#4868,#4869,#4870,#4871,
    #4872,#4873,#4874),.UNSPECIFIED.,.F.,.F.,(4,1,1,1,1,1,1,1,1,1,1,1,1,
    1,1,1,4),(0.,6.86311786766E-02,0.134566466039,0.198328154011,
    0.260789766641,0.321999151484,0.382721746503,0.443537474036,
    0.505133429485,0.566213874765,0.626105864618,0.685349322161,
    0.744995870348,0.805415841815,0.867636266346,0.932307782302,1.),
  .UNSPECIFIED.);
#4856 = CARTESIAN_POINT('',(-6.119153507008E-02,4.453615376E-02,
    3.00001E-02));
#4857 = CARTESIAN_POINT('',(-6.302872147672E-02,4.449520456474E-02,
    3.00001E-02));
#4858 = CARTESIAN_POINT('',(-6.663092803884E-02,4.441491469359E-02,
    3.00001E-02));
#4859 = CARTESIAN_POINT('',(-7.191334245746E-02,4.38050191693E-02,
    3.00001E-02));
#4860 = CARTESIAN_POINT('',(-7.695292675844E-02,4.274665218841E-02,
    3.00001E-02));
#4861 = CARTESIAN_POINT('',(-8.176353946149E-02,4.130280231545E-02,
    3.00001E-02));
#4862 = CARTESIAN_POINT('',(-8.635075286635E-02,3.945829986094E-02,
    3.00001E-02));
#4863 = CARTESIAN_POINT('',(-9.067135164684E-02,3.714763068841E-02,
    3.00001E-02));
#4864 = CARTESIAN_POINT('',(-9.47727420523E-02,3.445110182852E-02,
    3.00001E-02));
#4865 = CARTESIAN_POINT('',(-9.860155329907E-02,3.136286500013E-02,
    3.00001E-02));
#4866 = CARTESIAN_POINT('',(-0.102091380855,2.792904955135E-02,
    3.00001E-02));
#4867 = CARTESIAN_POINT('',(-0.105133592946,2.417358218505E-02,
    3.00001E-02));
#4868 = CARTESIAN_POINT('',(-0.10773819898,2.014669172475E-02,
    3.00001E-02));
#4869 = CARTESIAN_POINT('',(-0.109834221409,1.581653793942E-02,
    3.00001E-02));
#4870 = CARTESIAN_POINT('',(-0.111461720254,1.120645169733E-02,
    3.00001E-02));
#4871 = CARTESIAN_POINT('',(-0.112614201669,6.31977590261E-03,
    3.00001E-02));
#4872 = CARTESIAN_POINT('',(-0.113341096439,1.150975793918E-03,
    3.00001E-02));
#4873 = CARTESIAN_POINT('',(-0.113419148769,-2.393527631681E-03,
    3.00001E-02));
#4874 = CARTESIAN_POINT('',(-0.113459065558,-4.206224288779E-03,
    3.00001E-02));
#4875 = ORIENTED_EDGE('',*,*,#4876,.T.);
#4876 = EDGE_CURVE('',#4853,#1519,#4877,.T.);
#4877 = B_SPLINE_CURVE_WITH_KNOTS('',1,(#4878,#4879),.UNSPECIFIED.,.F.,
  .F.,(2,2),(0.,1.E-02),.PIECEWISE_BEZIER_KNOTS.);
#4878 = CARTESIAN_POINT('',(-0.113459065558,-4.206224288779E-03,
    3.00001E-02));
#4879 = CARTESIAN_POINT('',(-0.113459065558,-4.206224288779E-03,
    2.00001E-02));
#4880 = B_SPLINE_SURFACE_WITH_KNOTS('',3,1,(
    (#4881,#4882)
    ,(#4883,#4884)
    ,(#4885,#4886)
    ,(#4887,#4888)
    ,(#4889,#4890)
    ,(#4891,#4892)
    ,(#4893,#4894)
    ,(#4895,#4896)
    ,(#4897,#4898)
    ,(#4899,#4900)
    ,(#4901,#4902)
    ,(#4903,#4904)
    ,(#4905,#4906)
    ,(#4907,#4908)
    ,(#4909,#4910)
    ,(#4911,#4912)
    ,(#4913,#4914)
    ,(#4915,#4916)
    ,(#4917,#4918
    )),.UNSPECIFIED.,.F.,.F.,.F.,(4,1,1,1,1,1,1,1,1,1,1,1,1,1,1,1,4),(2,
    2),(0.,6.86311786766E-02,0.134566466039,0.198328154011,
    0.260789766641,0.321999151484,0.382721746503,0.443537474036,
    0.505133429485,0.566213874765,0.626105864618,0.685349322161,
    0.744995870348,0.805415841815,0.867636266346,0.932307782302,1.),(0.,
    1.),.UNSPECIFIED.);
#4881 = CARTESIAN_POINT('',(-6.119153507008E-02,4.453615376E-02,
    3.00001E-02));
#4882 = CARTESIAN_POINT('',(-6.119153507008E-02,4.453615376E-02,
    2.00001E-02));
#4883 = CARTESIAN_POINT('',(-6.302872147672E-02,4.449520456474E-02,
    3.00001E-02));
#4884 = CARTESIAN_POINT('',(-6.302872147672E-02,4.449520456474E-02,
    2.00001E-02));
#4885 = CARTESIAN_POINT('',(-6.663092803884E-02,4.441491469359E-02,
    3.00001E-02));
#4886 = CARTESIAN_POINT('',(-6.663092803884E-02,4.441491469359E-02,
    2.00001E-02));
#4887 = CARTESIAN_POINT('',(-7.191334245746E-02,4.38050191693E-02,
    3.00001E-02));
#4888 = CARTESIAN_POINT('',(-7.191334245746E-02,4.38050191693E-02,
    2.00001E-02));
#4889 = CARTESIAN_POINT('',(-7.695292675844E-02,4.274665218841E-02,
    3.00001E-02));
#4890 = CARTESIAN_POINT('',(-7.695292675844E-02,4.274665218841E-02,
    2.00001E-02));
#4891 = CARTESIAN_POINT('',(-8.176353946149E-02,4.130280231545E-02,
    3.00001E-02));
#4892 = CARTESIAN_POINT('',(-8.176353946149E-02,4.130280231545E-02,
    2.00001E-02));
#4893 = CARTESIAN_POINT('',(-8.635075286635E-02,3.945829986094E-02,
    3.00001E-02));
#4894 = CARTESIAN_POINT('',(-8.635075286635E-02,3.945829986094E-02,
    2.00001E-02));
#4895 = CARTESIAN_POINT('',(-9.067135164684E-02,3.714763068841E-02,
    3.00001E-02));
#4896 = CARTESIAN_POINT('',(-9.067135164684E-02,3.714763068841E-02,
    2.00001E-02));
#4897 = CARTESIAN_POINT('',(-9.47727420523E-02,3.445110182852E-02,
    3.00001E-02));
#4898 = CARTESIAN_POINT('',(-9.47727420523E-02,3.445110182852E-02,
    2.00001E-02));
#4899 = CARTESIAN_POINT('',(-9.860155329907E-02,3.136286500013E-02,
    3.00001E-02));
#4900 = CARTESIAN_POINT('',(-9.860155329907E-02,3.136286500013E-02,
    2.00001E-02));
#4901 = CARTESIAN_POINT('',(-0.102091380855,2.792904955135E-02,
    3.00001E-02));
#4902 = CARTESIAN_POINT('',(-0.102091380855,2.792904955135E-02,
    2.00001E-02));
#4903 = CARTESIAN_POINT('',(-0.105133592946,2.417358218505E-02,
    3.00001E-02));
#4904 = CARTESIAN_POINT('',(-0.105133592946,2.417358218505E-02,
    2.00001E-02));
#4905 = CARTESIAN_POINT('',(-0.10773819898,2.014669172475E-02,
    3.00001E-02));
#4906 = CARTESIAN_POINT('',(-0.10773819898,2.014669172475E-02,
    2.00001E-02));
#4907 = CARTESIAN_POINT('',(-0.109834221409,1.581653793942E-02,
    3.00001E-02));
#4908 = CARTESIAN_POINT('',(-0.109834221409,1.581653793942E-02,
    2.00001E-02));
#4909 = CARTESIAN_POINT('',(-0.111461720254,1.120645169733E-02,
    3.00001E-02));
#4910 = CARTESIAN_POINT('',(-0.111461720254,1.120645169733E-02,
    2.00001E-02));
#4911 = CARTESIAN_POINT('',(-0.112614201669,6.31977590261E-03,
    3.00001E-02));
#4912 = CARTESIAN_POINT('',(-0.112614201669,6.31977590261E-03,
    2.00001E-02));
#4913 = CARTESIAN_POINT('',(-0.113341096439,1.150975793918E-03,
    3.00001E-02));
#4914 = CARTESIAN_POINT('',(-0.113341096439,1.150975793918E-03,
    2.00001E-02));
#4915 = CARTESIAN_POINT('',(-0.113419148769,-2.393527631681E-03,
    3.00001E-02));
#4916 = CARTESIAN_POINT('',(-0.113419148769,-2.393527631681E-03,
    2.00001E-02));
#4917 = CARTESIAN_POINT('',(-0.113459065558,-4.206224288779E-03,
    3.00001E-02));
#4918 = CARTESIAN_POINT('',(-0.113459065558,-4.206224288779E-03,
    2.00001E-02));
#4919 = ADVANCED_FACE('',(#4920),#4947,.T.);
#4920 = FACE_BOUND('',#4921,.T.);
#4921 = EDGE_LOOP('',(#4922,#4923,#4924,#4946));
#4922 = ORIENTED_EDGE('',*,*,#1518,.F.);
#4923 = ORIENTED_EDGE('',*,*,#4876,.F.);
#4924 = ORIENTED_EDGE('',*,*,#4925,.T.);
#4925 = EDGE_CURVE('',#4853,#4780,#4926,.T.);
#4926 = B_SPLINE_CURVE_WITH_KNOTS('',3,(#4927,#4928,#4929,#4930,#4931,
    #4932,#4933,#4934,#4935,#4936,#4937,#4938,#4939,#4940,#4941,#4942,
    #4943,#4944,#4945),.UNSPECIFIED.,.F.,.F.,(4,1,1,1,1,1,1,1,1,1,1,1,1,
    1,1,1,4),(0.,6.806869584499E-02,0.133427432819,0.196146033813,
    0.257048592449,0.316882663159,0.376187208666,0.435960335364,
    0.496535236863,0.557465343481,0.61768686341,0.677943640697,
    0.738805284806,0.800949336767,0.86481466747,0.931024781079,1.),
  .UNSPECIFIED.);
#4927 = CARTESIAN_POINT('',(-0.113459065558,-4.206224288779E-03,
    3.00001E-02));
#4928 = CARTESIAN_POINT('',(-0.113418678838,-6.094982739414E-03,
    3.00001E-02));
#4929 = CARTESIAN_POINT('',(-0.113339513278,-9.797304168595E-03,
    3.00001E-02));
#4930 = CARTESIAN_POINT('',(-0.112615935415,-1.520052367647E-02,
    3.00001E-02));
#4931 = CARTESIAN_POINT('',(-0.111460865806,-2.032022697069E-02,
    3.00001E-02));
#4932 = CARTESIAN_POINT('',(-0.10983948962,-2.515350545457E-02,
    3.00001E-02));
#4933 = CARTESIAN_POINT('',(-0.107740281009,-2.969687298952E-02,
    3.00001E-02));
#4934 = CARTESIAN_POINT('',(-0.105137575043,-3.393373069185E-02,
    3.00001E-02));
#4935 = CARTESIAN_POINT('',(-0.102101519999,-3.789638320161E-02,
    3.00001E-02));
#4936 = CARTESIAN_POINT('',(-9.861131504222E-02,-4.153053892842E-02,
    3.00001E-02));
#4937 = CARTESIAN_POINT('',(-9.47513998854E-02,-4.478309534328E-02,
    3.00001E-02));
#4938 = CARTESIAN_POINT('',(-9.062391625739E-02,-4.767577656927E-02,
    3.00001E-02));
#4939 = CARTESIAN_POINT('',(-8.619339853139E-02,-5.007920913549E-02,
    3.00001E-02));
#4940 = CARTESIAN_POINT('',(-8.149768768514E-02,-5.204292789679E-02,
    3.00001E-02));
#4941 = CARTESIAN_POINT('',(-7.654499652779E-02,-5.360200320312E-02,
    3.00001E-02));
#4942 = CARTESIAN_POINT('',(-7.131386075452E-02,-5.466350104873E-02,
    3.00001E-02));
#4943 = CARTESIAN_POINT('',(-6.582805470098E-02,-5.536134290957E-02,
    3.00001E-02));
#4944 = CARTESIAN_POINT('',(-6.207664335335E-02,-5.542921570238E-02,
    3.00001E-02));
#4945 = CARTESIAN_POINT('',(-6.016257165545E-02,-5.546384624E-02,
    3.00001E-02));
#4946 = ORIENTED_EDGE('',*,*,#4779,.T.);
#4947 = B_SPLINE_SURFACE_WITH_KNOTS('',3,1,(
    (#4948,#4949)
    ,(#4950,#4951)
    ,(#4952,#4953)
    ,(#4954,#4955)
    ,(#4956,#4957)
    ,(#4958,#4959)
    ,(#4960,#4961)
    ,(#4962,#4963)
    ,(#4964,#4965)
    ,(#4966,#4967)
    ,(#4968,#4969)
    ,(#4970,#4971)
    ,(#4972,#4973)
    ,(#4974,#4975)
    ,(#4976,#4977)
    ,(#4978,#4979)
    ,(#4980,#4981)
    ,(#4982,#4983)
    ,(#4984,#4985
    )),.UNSPECIFIED.,.F.,.F.,.F.,(4,1,1,1,1,1,1,1,1,1,1,1,1,1,1,1,4),(2,
    2),(0.,6.806869584499E-02,0.133427432819,0.196146033813,
    0.257048592449,0.316882663159,0.376187208666,0.435960335364,
    0.496535236863,0.557465343481,0.61768686341,0.677943640697,
    0.738805284806,0.800949336767,0.86481466747,0.931024781079,1.),(0.,
    1.),.UNSPECIFIED.);
#4948 = CARTESIAN_POINT('',(-0.113459065558,-4.206224288779E-03,
    3.00001E-02));
#4949 = CARTESIAN_POINT('',(-0.113459065558,-4.206224288779E-03,
    2.00001E-02));
#4950 = CARTESIAN_POINT('',(-0.113418678838,-6.094982739414E-03,
    3.00001E-02));
#4951 = CARTESIAN_POINT('',(-0.113418678838,-6.094982739414E-03,
    2.00001E-02));
#4952 = CARTESIAN_POINT('',(-0.113339513278,-9.797304168595E-03,
    3.00001E-02));
#4953 = CARTESIAN_POINT('',(-0.113339513278,-9.797304168595E-03,
    2.00001E-02));
#4954 = CARTESIAN_POINT('',(-0.112615935415,-1.520052367647E-02,
    3.00001E-02));
#4955 = CARTESIAN_POINT('',(-0.112615935415,-1.520052367647E-02,
    2.00001E-02));
#4956 = CARTESIAN_POINT('',(-0.111460865806,-2.032022697069E-02,
    3.00001E-02));
#4957 = CARTESIAN_POINT('',(-0.111460865806,-2.032022697069E-02,
    2.00001E-02));
#4958 = CARTESIAN_POINT('',(-0.10983948962,-2.515350545457E-02,
    3.00001E-02));
#4959 = CARTESIAN_POINT('',(-0.10983948962,-2.515350545457E-02,
    2.00001E-02));
#4960 = CARTESIAN_POINT('',(-0.107740281009,-2.969687298952E-02,
    3.00001E-02));
#4961 = CARTESIAN_POINT('',(-0.107740281009,-2.969687298952E-02,
    2.00001E-02));
#4962 = CARTESIAN_POINT('',(-0.105137575043,-3.393373069185E-02,
    3.00001E-02));
#4963 = CARTESIAN_POINT('',(-0.105137575043,-3.393373069185E-02,
    2.00001E-02));
#4964 = CARTESIAN_POINT('',(-0.102101519999,-3.789638320161E-02,
    3.00001E-02));
#4965 = CARTESIAN_POINT('',(-0.102101519999,-3.789638320161E-02,
    2.00001E-02));
#4966 = CARTESIAN_POINT('',(-9.861131504222E-02,-4.153053892842E-02,
    3.00001E-02));
#4967 = CARTESIAN_POINT('',(-9.861131504222E-02,-4.153053892842E-02,
    2.00001E-02));
#4968 = CARTESIAN_POINT('',(-9.47513998854E-02,-4.478309534328E-02,
    3.00001E-02));
#4969 = CARTESIAN_POINT('',(-9.47513998854E-02,-4.478309534328E-02,
    2.00001E-02));
#4970 = CARTESIAN_POINT('',(-9.062391625739E-02,-4.767577656927E-02,
    3.00001E-02));
#4971 = CARTESIAN_POINT('',(-9.062391625739E-02,-4.767577656927E-02,
    2.00001E-02));
#4972 = CARTESIAN_POINT('',(-8.619339853139E-02,-5.007920913549E-02,
    3.00001E-02));
#4973 = CARTESIAN_POINT('',(-8.619339853139E-02,-5.007920913549E-02,
    2.00001E-02));
#4974 = CARTESIAN_POINT('',(-8.149768768514E-02,-5.204292789679E-02,
    3.00001E-02));
#4975 = CARTESIAN_POINT('',(-8.149768768514E-02,-5.204292789679E-02,
    2.00001E-02));
#4976 = CARTESIAN_POINT('',(-7.654499652779E-02,-5.360200320312E-02,
    3.00001E-02));
#4977 = CARTESIAN_POINT('',(-7.654499652779E-02,-5.360200320312E-02,
    2.00001E-02));
#4978 = CARTESIAN_POINT('',(-7.131386075452E-02,-5.466350104873E-02,
    3.00001E-02));
#4979 = CARTESIAN_POINT('',(-7.131386075452E-02,-5.466350104873E-02,
    2.00001E-02));
#4980 = CARTESIAN_POINT('',(-6.582805470098E-02,-5.536134290957E-02,
    3.00001E-02));
#4981 = CARTESIAN_POINT('',(-6.582805470098E-02,-5.536134290957E-02,
    2.00001E-02));
#4982 = CARTESIAN_POINT('',(-6.207664335335E-02,-5.542921570238E-02,
    3.00001E-02));
#4983 = CARTESIAN_POINT('',(-6.207664335335E-02,-5.542921570238E-02,
    2.00001E-02));
#4984 = CARTESIAN_POINT('',(-6.016257165545E-02,-5.546384624E-02,
    3.00001E-02));
#4985 = CARTESIAN_POINT('',(-6.016257165545E-02,-5.546384624E-02,
    2.00001E-02));
#4986 = ADVANCED_FACE('',(#4987,#5058),#5065,.T.);
#4987 = FACE_BOUND('',#4988,.T.);
#4988 = EDGE_LOOP('',(#4989,#5015,#5039,#5046,#5053));
#4989 = ORIENTED_EDGE('',*,*,#4990,.F.);
#4990 = EDGE_CURVE('',#4991,#4993,#4995,.T.);
#4991 = VERTEX_POINT('',#4992);
#4992 = CARTESIAN_POINT('',(-0.100044431412,-4.492047459511E-03,
    3.00001E-02));
#4993 = VERTEX_POINT('',#4994);
#4994 = CARTESIAN_POINT('',(-6.113437043594E-02,3.35605440039E-02,
    3.00001E-02));
#4995 = B_SPLINE_CURVE_WITH_KNOTS('',3,(#4996,#4997,#4998,#4999,#5000,
    #5001,#5002,#5003,#5004,#5005,#5006,#5007,#5008,#5009,#5010,#5011,
    #5012,#5013,#5014),.UNSPECIFIED.,.F.,.F.,(4,1,1,1,1,1,1,1,1,1,1,1,1,
    1,1,1,4),(0.,7.430379644282E-02,0.144393610364,0.210499496103,
    0.273542606503,0.333824744579,0.392529672409,0.4500874546,
    0.507820611556,0.565464912777,0.623148722334,0.681297192791,
    0.740913498157,0.801855752196,0.865241237721,0.930941657047,1.),
  .UNSPECIFIED.);
#4996 = CARTESIAN_POINT('',(-0.100044431412,-4.492047459511E-03,
    3.00001E-02));
#4997 = CARTESIAN_POINT('',(-0.100011653353,-2.959958945757E-03,
    3.00001E-02));
#4998 = CARTESIAN_POINT('',(-9.994795617501E-02,1.732892497665E-05,
    3.00001E-02));
#4999 = CARTESIAN_POINT('',(-9.945233475487E-02,4.335429711695E-03,
    3.00001E-02));
#5000 = CARTESIAN_POINT('',(-9.862173625026E-02,8.364127225277E-03,
    3.00001E-02));
#5001 = CARTESIAN_POINT('',(-9.744085518288E-02,1.209400190618E-02,
    3.00001E-02));
#5002 = CARTESIAN_POINT('',(-9.593360214687E-02,1.553943590093E-02,
    3.00001E-02));
#5003 = CARTESIAN_POINT('',(-9.407761899685E-02,1.868068874384E-02,
    3.00001E-02));
#5004 = CARTESIAN_POINT('',(-9.188729229143E-02,2.153316042036E-02,
    3.00001E-02));
#5005 = CARTESIAN_POINT('',(-8.93629374488E-02,2.406411766013E-02,
    3.00001E-02));
#5006 = CARTESIAN_POINT('',(-8.656653496464E-02,2.628919433915E-02,
    3.00001E-02));
#5007 = CARTESIAN_POINT('',(-8.356683551944E-02,2.82473713543E-02,
    3.00001E-02));
#5008 = CARTESIAN_POINT('',(-8.033781756675E-02,2.989153538938E-02,
    3.00001E-02));
#5009 = CARTESIAN_POINT('',(-7.69047743784E-02,3.124262799295E-02,
    3.00001E-02));
#5010 = CARTESIAN_POINT('',(-7.325608710046E-02,3.22968833496E-02,
    3.00001E-02));
#5011 = CARTESIAN_POINT('',(-6.940294969054E-02,3.302864344331E-02,
    3.00001E-02));
#5012 = CARTESIAN_POINT('',(-6.5336915607E-02,3.347407042107E-02,
    3.00001E-02));
#5013 = CARTESIAN_POINT('',(-6.255829805658E-02,3.353124458699E-02,
    3.00001E-02));
#5014 = CARTESIAN_POINT('',(-6.113437043594E-02,3.35605440039E-02,
    3.00001E-02));
#5015 = ORIENTED_EDGE('',*,*,#5016,.F.);
#5016 = EDGE_CURVE('',#5017,#4991,#5019,.T.);
#5017 = VERTEX_POINT('',#5018);
#5018 = CARTESIAN_POINT('',(-6.058177897252E-02,-4.44882364839E-02,
    3.00001E-02));
#5019 = B_SPLINE_CURVE_WITH_KNOTS('',3,(#5020,#5021,#5022,#5023,#5024,
    #5025,#5026,#5027,#5028,#5029,#5030,#5031,#5032,#5033,#5034,#5035,
    #5036,#5037,#5038),.UNSPECIFIED.,.F.,.F.,(4,1,1,1,1,1,1,1,1,1,1,1,1,
    1,1,1,4),(0.,7.082657255516E-02,0.13816903328,0.202475331534,
    0.263973754414,0.323380320598,0.381797622713,0.439390074519,
    0.496902724546,0.554662169609,0.612741878492,0.671538836391,
    0.73165572209,0.794297811614,0.859482204979,0.927681325453,1.),
  .UNSPECIFIED.);
#5020 = CARTESIAN_POINT('',(-6.058177897252E-02,-4.44882364839E-02,
    3.00001E-02));
#5021 = CARTESIAN_POINT('',(-6.208853584968E-02,-4.445566559222E-02,
    3.00001E-02));
#5022 = CARTESIAN_POINT('',(-6.502792898412E-02,-4.439212604126E-02,
    3.00001E-02));
#5023 = CARTESIAN_POINT('',(-6.931158463857E-02,-4.388754587997E-02,
    3.00001E-02));
#5024 = CARTESIAN_POINT('',(-7.334327115276E-02,-4.307728642832E-02,
    3.00001E-02));
#5025 = CARTESIAN_POINT('',(-7.712352241579E-02,-4.194223694575E-02,
    3.00001E-02));
#5026 = CARTESIAN_POINT('',(-8.063596111394E-02,-4.043767487484E-02,
    3.00001E-02));
#5027 = CARTESIAN_POINT('',(-8.39089224067E-02,-3.863211502721E-02,
    3.00001E-02));
#5028 = CARTESIAN_POINT('',(-8.691992559854E-02,-3.648353310595E-02,
    3.00001E-02));
#5029 = CARTESIAN_POINT('',(-8.965676508381E-02,-3.401602703474E-02,
    3.00001E-02));
#5030 = CARTESIAN_POINT('',(-9.209623947309E-02,-3.124188396287E-02,
    3.00001E-02));
#5031 = CARTESIAN_POINT('',(-9.424847605955E-02,-2.820449962706E-02,
    3.00001E-02));
#5032 = CARTESIAN_POINT('',(-9.603662707541E-02,-2.488257007795E-02,
    3.00001E-02));
#5033 = CARTESIAN_POINT('',(-9.751737609693E-02,-2.130904114345E-02,
    3.00001E-02));
#5034 = CARTESIAN_POINT('',(-9.864887797965E-02,-1.746816513321E-02,
    3.00001E-02));
#5035 = CARTESIAN_POINT('',(-9.946910571546E-02,-1.337532881106E-02,
    3.00001E-02));
#5036 = CARTESIAN_POINT('',(-9.994286252103E-02,-9.019184948118E-03,
    3.00001E-02));
#5037 = CARTESIAN_POINT('',(-0.10000991981,-6.03030160991E-03,
    3.00001E-02));
#5038 = CARTESIAN_POINT('',(-0.100044431412,-4.492047459511E-03,
    3.00001E-02));
#5039 = ORIENTED_EDGE('',*,*,#5040,.F.);
#5040 = EDGE_CURVE('',#5041,#5017,#5043,.T.);
#5041 = VERTEX_POINT('',#5042);
#5042 = CARTESIAN_POINT('',(-4.638589482618E-02,-4.44882364839E-02,
    3.000009999988E-02));
#5043 = B_SPLINE_CURVE_WITH_KNOTS('',1,(#5044,#5045),.UNSPECIFIED.,.F.,
  .F.,(2,2),(0.,1.419588414634E-02),.PIECEWISE_BEZIER_KNOTS.);
#5044 = CARTESIAN_POINT('',(-4.638589482618E-02,-4.44882364839E-02,
    3.00001E-02));
#5045 = CARTESIAN_POINT('',(-6.058177897252E-02,-4.44882364839E-02,
    3.00001E-02));
#5046 = ORIENTED_EDGE('',*,*,#5047,.F.);
#5047 = EDGE_CURVE('',#5048,#5041,#5050,.T.);
#5048 = VERTEX_POINT('',#5049);
#5049 = CARTESIAN_POINT('',(-4.638589482618E-02,3.35605440039E-02,
    3.00001E-02));
#5050 = B_SPLINE_CURVE_WITH_KNOTS('',1,(#5051,#5052),.UNSPECIFIED.,.F.,
  .F.,(2,2),(0.,7.80487804878E-02),.PIECEWISE_BEZIER_KNOTS.);
#5051 = CARTESIAN_POINT('',(-4.638589482618E-02,3.35605440039E-02,
    3.00001E-02));
#5052 = CARTESIAN_POINT('',(-4.638589482618E-02,-4.44882364839E-02,
    3.00001E-02));
#5053 = ORIENTED_EDGE('',*,*,#5054,.F.);
#5054 = EDGE_CURVE('',#4993,#5048,#5055,.T.);
#5055 = B_SPLINE_CURVE_WITH_KNOTS('',1,(#5056,#5057),.UNSPECIFIED.,.F.,
  .F.,(2,2),(0.,1.474847560976E-02),.PIECEWISE_BEZIER_KNOTS.);
#5056 = CARTESIAN_POINT('',(-6.113437043594E-02,3.35605440039E-02,
    3.00001E-02));
#5057 = CARTESIAN_POINT('',(-4.638589482618E-02,3.35605440039E-02,
    3.00001E-02));
#5058 = FACE_BOUND('',#5059,.T.);
#5059 = EDGE_LOOP('',(#5060,#5061,#5062,#5063,#5064));
#5060 = ORIENTED_EDGE('',*,*,#4786,.F.);
#5061 = ORIENTED_EDGE('',*,*,#4925,.F.);
#5062 = ORIENTED_EDGE('',*,*,#4852,.F.);
#5063 = ORIENTED_EDGE('',*,*,#4830,.F.);
#5064 = ORIENTED_EDGE('',*,*,#4808,.F.);
#5065 = B_SPLINE_SURFACE_WITH_KNOTS('',1,1,(
    (#5066,#5067)
    ,(#5068,#5069
    )),.UNSPECIFIED.,.F.,.F.,.F.,(2,2),(2,2),(-8.703007004294E-02,
    1.296992995706E-02),(-1.520984611777E-02,6.527795876027E-02),
  .PIECEWISE_BEZIER_KNOTS.);
#5066 = CARTESIAN_POINT('',(-0.113459065558,-5.546384624E-02,
    3.000009999987E-02));
#5067 = CARTESIAN_POINT('',(-3.297126067984E-02,-5.546384624E-02,
    3.000009999986E-02));
#5068 = CARTESIAN_POINT('',(-0.113459065558,4.453615376E-02,
    3.000010000002E-02));
#5069 = CARTESIAN_POINT('',(-3.297126067984E-02,4.453615376E-02,
    3.000010000001E-02));
#5070 = ADVANCED_FACE('',(#5071),#5093,.T.);
#5071 = FACE_BOUND('',#5072,.T.);
#5072 = EDGE_LOOP('',(#5073,#5082,#5087,#5088));
#5073 = ORIENTED_EDGE('',*,*,#5074,.F.);
#5074 = EDGE_CURVE('',#5075,#5077,#5079,.T.);
#5075 = VERTEX_POINT('',#5076);
#5076 = CARTESIAN_POINT('',(-6.113437043594E-02,3.35605440039E-02,
    2.00001E-02));
#5077 = VERTEX_POINT('',#5078);
#5078 = CARTESIAN_POINT('',(-4.638589482618E-02,3.35605440039E-02,
    2.00001E-02));
#5079 = B_SPLINE_CURVE_WITH_KNOTS('',1,(#5080,#5081),.UNSPECIFIED.,.F.,
  .F.,(2,2),(0.,1.474847560976E-02),.PIECEWISE_BEZIER_KNOTS.);
#5080 = CARTESIAN_POINT('',(-6.113437043594E-02,3.35605440039E-02,
    2.00001E-02));
#5081 = CARTESIAN_POINT('',(-4.638589482618E-02,3.35605440039E-02,
    2.00001E-02));
#5082 = ORIENTED_EDGE('',*,*,#5083,.F.);
#5083 = EDGE_CURVE('',#4993,#5075,#5084,.T.);
#5084 = B_SPLINE_CURVE_WITH_KNOTS('',1,(#5085,#5086),.UNSPECIFIED.,.F.,
  .F.,(2,2),(0.,1.E-02),.PIECEWISE_BEZIER_KNOTS.);
#5085 = CARTESIAN_POINT('',(-6.113437043594E-02,3.35605440039E-02,
    3.00001E-02));
#5086 = CARTESIAN_POINT('',(-6.113437043594E-02,3.35605440039E-02,
    2.00001E-02));
#5087 = ORIENTED_EDGE('',*,*,#5054,.T.);
#5088 = ORIENTED_EDGE('',*,*,#5089,.T.);
#5089 = EDGE_CURVE('',#5048,#5077,#5090,.T.);
#5090 = B_SPLINE_CURVE_WITH_KNOTS('',1,(#5091,#5092),.UNSPECIFIED.,.F.,
  .F.,(2,2),(0.,1.E-02),.PIECEWISE_BEZIER_KNOTS.);
#5091 = CARTESIAN_POINT('',(-4.638589482618E-02,3.35605440039E-02,
    3.00001E-02));
#5092 = CARTESIAN_POINT('',(-4.638589482618E-02,3.35605440039E-02,
    2.00001E-02));
#5093 = B_SPLINE_SURFACE_WITH_KNOTS('',1,1,(
    (#5094,#5095)
    ,(#5096,#5097
    )),.UNSPECIFIED.,.F.,.F.,.F.,(2,2),(2,2),(-1.E-02,0.),(0.,
    1.474847560976E-02),.PIECEWISE_BEZIER_KNOTS.);
#5094 = CARTESIAN_POINT('',(-6.113437043594E-02,3.35605440039E-02,
    2.00001E-02));
#5095 = CARTESIAN_POINT('',(-4.638589482618E-02,3.35605440039E-02,
    2.00001E-02));
#5096 = CARTESIAN_POINT('',(-6.113437043594E-02,3.35605440039E-02,
    3.00001E-02));
#5097 = CARTESIAN_POINT('',(-4.638589482618E-02,3.35605440039E-02,
    3.00001E-02));
#5098 = ADVANCED_FACE('',(#5099),#5132,.T.);
#5099 = FACE_BOUND('',#5100,.T.);
#5100 = EDGE_LOOP('',(#5101,#5125,#5130,#5131));
#5101 = ORIENTED_EDGE('',*,*,#5102,.F.);
#5102 = EDGE_CURVE('',#5103,#5075,#5105,.T.);
#5103 = VERTEX_POINT('',#5104);
#5104 = CARTESIAN_POINT('',(-0.100044431412,-4.492047459511E-03,
    2.00001E-02));
#5105 = B_SPLINE_CURVE_WITH_KNOTS('',3,(#5106,#5107,#5108,#5109,#5110,
    #5111,#5112,#5113,#5114,#5115,#5116,#5117,#5118,#5119,#5120,#5121,
    #5122,#5123,#5124),.UNSPECIFIED.,.F.,.F.,(4,1,1,1,1,1,1,1,1,1,1,1,1,
    1,1,1,4),(0.,7.430379644282E-02,0.144393610364,0.210499496103,
    0.273542606503,0.333824744579,0.392529672409,0.4500874546,
    0.507820611556,0.565464912777,0.623148722334,0.681297192791,
    0.740913498157,0.801855752196,0.865241237721,0.930941657047,1.),
  .UNSPECIFIED.);
#5106 = CARTESIAN_POINT('',(-0.100044431412,-4.492047459511E-03,
    2.00001E-02));
#5107 = CARTESIAN_POINT('',(-0.100011653353,-2.959958945757E-03,
    2.00001E-02));
#5108 = CARTESIAN_POINT('',(-9.994795617501E-02,1.732892497665E-05,
    2.00001E-02));
#5109 = CARTESIAN_POINT('',(-9.945233475487E-02,4.335429711695E-03,
    2.00001E-02));
#5110 = CARTESIAN_POINT('',(-9.862173625026E-02,8.364127225277E-03,
    2.00001E-02));
#5111 = CARTESIAN_POINT('',(-9.744085518288E-02,1.209400190618E-02,
    2.00001E-02));
#5112 = CARTESIAN_POINT('',(-9.593360214687E-02,1.553943590093E-02,
    2.00001E-02));
#5113 = CARTESIAN_POINT('',(-9.407761899685E-02,1.868068874384E-02,
    2.00001E-02));
#5114 = CARTESIAN_POINT('',(-9.188729229143E-02,2.153316042036E-02,
    2.00001E-02));
#5115 = CARTESIAN_POINT('',(-8.93629374488E-02,2.406411766013E-02,
    2.00001E-02));
#5116 = CARTESIAN_POINT('',(-8.656653496464E-02,2.628919433915E-02,
    2.00001E-02));
#5117 = CARTESIAN_POINT('',(-8.356683551944E-02,2.82473713543E-02,
    2.00001E-02));
#5118 = CARTESIAN_POINT('',(-8.033781756675E-02,2.989153538938E-02,
    2.00001E-02));
#5119 = CARTESIAN_POINT('',(-7.69047743784E-02,3.124262799295E-02,
    2.00001E-02));
#5120 = CARTESIAN_POINT('',(-7.325608710046E-02,3.22968833496E-02,
    2.00001E-02));
#5121 = CARTESIAN_POINT('',(-6.940294969054E-02,3.302864344331E-02,
    2.00001E-02));
#5122 = CARTESIAN_POINT('',(-6.5336915607E-02,3.347407042107E-02,
    2.00001E-02));
#5123 = CARTESIAN_POINT('',(-6.255829805658E-02,3.353124458699E-02,
    2.00001E-02));
#5124 = CARTESIAN_POINT('',(-6.113437043594E-02,3.35605440039E-02,
    2.00001E-02));
#5125 = ORIENTED_EDGE('',*,*,#5126,.F.);
#5126 = EDGE_CURVE('',#4991,#5103,#5127,.T.);
#5127 = B_SPLINE_CURVE_WITH_KNOTS('',1,(#5128,#5129),.UNSPECIFIED.,.F.,
  .F.,(2,2),(0.,1.E-02),.PIECEWISE_BEZIER_KNOTS.);
#5128 = CARTESIAN_POINT('',(-0.100044431412,-4.492047459511E-03,
    3.00001E-02));
#5129 = CARTESIAN_POINT('',(-0.100044431412,-4.492047459511E-03,
    2.00001E-02));
#5130 = ORIENTED_EDGE('',*,*,#4990,.T.);
#5131 = ORIENTED_EDGE('',*,*,#5083,.T.);
#5132 = B_SPLINE_SURFACE_WITH_KNOTS('',3,1,(
    (#5133,#5134)
    ,(#5135,#5136)
    ,(#5137,#5138)
    ,(#5139,#5140)
    ,(#5141,#5142)
    ,(#5143,#5144)
    ,(#5145,#5146)
    ,(#5147,#5148)
    ,(#5149,#5150)
    ,(#5151,#5152)
    ,(#5153,#5154)
    ,(#5155,#5156)
    ,(#5157,#5158)
    ,(#5159,#5160)
    ,(#5161,#5162)
    ,(#5163,#5164)
    ,(#5165,#5166)
    ,(#5167,#5168)
    ,(#5169,#5170
    )),.UNSPECIFIED.,.F.,.F.,.F.,(4,1,1,1,1,1,1,1,1,1,1,1,1,1,1,1,4),(2,
    2),(0.,7.430379644282E-02,0.144393610364,0.210499496103,
    0.273542606503,0.333824744579,0.392529672409,0.4500874546,
    0.507820611556,0.565464912777,0.623148722334,0.681297192791,
    0.740913498157,0.801855752196,0.865241237721,0.930941657047,1.),(0.,
    1.),.UNSPECIFIED.);
#5133 = CARTESIAN_POINT('',(-0.100044431412,-4.492047459511E-03,
    3.00001E-02));
#5134 = CARTESIAN_POINT('',(-0.100044431412,-4.492047459511E-03,
    2.00001E-02));
#5135 = CARTESIAN_POINT('',(-0.100011653353,-2.959958945757E-03,
    3.00001E-02));
#5136 = CARTESIAN_POINT('',(-0.100011653353,-2.959958945757E-03,
    2.00001E-02));
#5137 = CARTESIAN_POINT('',(-9.994795617501E-02,1.732892497665E-05,
    3.00001E-02));
#5138 = CARTESIAN_POINT('',(-9.994795617501E-02,1.732892497665E-05,
    2.00001E-02));
#5139 = CARTESIAN_POINT('',(-9.945233475487E-02,4.335429711695E-03,
    3.00001E-02));
#5140 = CARTESIAN_POINT('',(-9.945233475487E-02,4.335429711695E-03,
    2.00001E-02));
#5141 = CARTESIAN_POINT('',(-9.862173625026E-02,8.364127225277E-03,
    3.00001E-02));
#5142 = CARTESIAN_POINT('',(-9.862173625026E-02,8.364127225277E-03,
    2.00001E-02));
#5143 = CARTESIAN_POINT('',(-9.744085518288E-02,1.209400190618E-02,
    3.00001E-02));
#5144 = CARTESIAN_POINT('',(-9.744085518288E-02,1.209400190618E-02,
    2.00001E-02));
#5145 = CARTESIAN_POINT('',(-9.593360214687E-02,1.553943590093E-02,
    3.00001E-02));
#5146 = CARTESIAN_POINT('',(-9.593360214687E-02,1.553943590093E-02,
    2.00001E-02));
#5147 = CARTESIAN_POINT('',(-9.407761899685E-02,1.868068874384E-02,
    3.00001E-02));
#5148 = CARTESIAN_POINT('',(-9.407761899685E-02,1.868068874384E-02,
    2.00001E-02));
#5149 = CARTESIAN_POINT('',(-9.188729229143E-02,2.153316042036E-02,
    3.00001E-02));
#5150 = CARTESIAN_POINT('',(-9.188729229143E-02,2.153316042036E-02,
    2.00001E-02));
#5151 = CARTESIAN_POINT('',(-8.93629374488E-02,2.406411766013E-02,
    3.00001E-02));
#5152 = CARTESIAN_POINT('',(-8.93629374488E-02,2.406411766013E-02,
    2.00001E-02));
#5153 = CARTESIAN_POINT('',(-8.656653496464E-02,2.628919433915E-02,
    3.00001E-02));
#5154 = CARTESIAN_POINT('',(-8.656653496464E-02,2.628919433915E-02,
    2.00001E-02));
#5155 = CARTESIAN_POINT('',(-8.356683551944E-02,2.82473713543E-02,
    3.00001E-02));
#5156 = CARTESIAN_POINT('',(-8.356683551944E-02,2.82473713543E-02,
    2.00001E-02));
#5157 = CARTESIAN_POINT('',(-8.033781756675E-02,2.989153538938E-02,
    3.00001E-02));
#5158 = CARTESIAN_POINT('',(-8.033781756675E-02,2.989153538938E-02,
    2.00001E-02));
#5159 = CARTESIAN_POINT('',(-7.69047743784E-02,3.124262799295E-02,
    3.00001E-02));
#5160 = CARTESIAN_POINT('',(-7.69047743784E-02,3.124262799295E-02,
    2.00001E-02));
#5161 = CARTESIAN_POINT('',(-7.325608710046E-02,3.22968833496E-02,
    3.00001E-02));
#5162 = CARTESIAN_POINT('',(-7.325608710046E-02,3.22968833496E-02,
    2.00001E-02));
#5163 = CARTESIAN_POINT('',(-6.940294969054E-02,3.302864344331E-02,
    3.00001E-02));
#5164 = CARTESIAN_POINT('',(-6.940294969054E-02,3.302864344331E-02,
    2.00001E-02));
#5165 = CARTESIAN_POINT('',(-6.5336915607E-02,3.347407042107E-02,
    3.00001E-02));
#5166 = CARTESIAN_POINT('',(-6.5336915607E-02,3.347407042107E-02,
    2.00001E-02));
#5167 = CARTESIAN_POINT('',(-6.255829805658E-02,3.353124458699E-02,
    3.00001E-02));
#5168 = CARTESIAN_POINT('',(-6.255829805658E-02,3.353124458699E-02,
    2.00001E-02));
#5169 = CARTESIAN_POINT('',(-6.113437043594E-02,3.35605440039E-02,
    3.00001E-02));
#5170 = CARTESIAN_POINT('',(-6.113437043594E-02,3.35605440039E-02,
    2.00001E-02));
#5171 = ADVANCED_FACE('',(#5172),#5205,.T.);
#5172 = FACE_BOUND('',#5173,.T.);
#5173 = EDGE_LOOP('',(#5174,#5198,#5203,#5204));
#5174 = ORIENTED_EDGE('',*,*,#5175,.F.);
#5175 = EDGE_CURVE('',#5176,#5103,#5178,.T.);
#5176 = VERTEX_POINT('',#5177);
#5177 = CARTESIAN_POINT('',(-6.058177897252E-02,-4.44882364839E-02,
    2.00001E-02));
#5178 = B_SPLINE_CURVE_WITH_KNOTS('',3,(#5179,#5180,#5181,#5182,#5183,
    #5184,#5185,#5186,#5187,#5188,#5189,#5190,#5191,#5192,#5193,#5194,
    #5195,#5196,#5197),.UNSPECIFIED.,.F.,.F.,(4,1,1,1,1,1,1,1,1,1,1,1,1,
    1,1,1,4),(0.,7.082657255516E-02,0.13816903328,0.202475331534,
    0.263973754414,0.323380320598,0.381797622713,0.439390074519,
    0.496902724546,0.554662169609,0.612741878492,0.671538836391,
    0.73165572209,0.794297811614,0.859482204979,0.927681325453,1.),
  .UNSPECIFIED.);
#5179 = CARTESIAN_POINT('',(-6.058177897252E-02,-4.44882364839E-02,
    2.00001E-02));
#5180 = CARTESIAN_POINT('',(-6.208853584968E-02,-4.445566559222E-02,
    2.00001E-02));
#5181 = CARTESIAN_POINT('',(-6.502792898412E-02,-4.439212604126E-02,
    2.00001E-02));
#5182 = CARTESIAN_POINT('',(-6.931158463857E-02,-4.388754587997E-02,
    2.00001E-02));
#5183 = CARTESIAN_POINT('',(-7.334327115276E-02,-4.307728642832E-02,
    2.00001E-02));
#5184 = CARTESIAN_POINT('',(-7.712352241579E-02,-4.194223694575E-02,
    2.00001E-02));
#5185 = CARTESIAN_POINT('',(-8.063596111394E-02,-4.043767487484E-02,
    2.00001E-02));
#5186 = CARTESIAN_POINT('',(-8.39089224067E-02,-3.863211502721E-02,
    2.00001E-02));
#5187 = CARTESIAN_POINT('',(-8.691992559854E-02,-3.648353310595E-02,
    2.00001E-02));
#5188 = CARTESIAN_POINT('',(-8.965676508381E-02,-3.401602703474E-02,
    2.00001E-02));
#5189 = CARTESIAN_POINT('',(-9.209623947309E-02,-3.124188396287E-02,
    2.00001E-02));
#5190 = CARTESIAN_POINT('',(-9.424847605955E-02,-2.820449962706E-02,
    2.00001E-02));
#5191 = CARTESIAN_POINT('',(-9.603662707541E-02,-2.488257007795E-02,
    2.00001E-02));
#5192 = CARTESIAN_POINT('',(-9.751737609693E-02,-2.130904114345E-02,
    2.00001E-02));
#5193 = CARTESIAN_POINT('',(-9.864887797965E-02,-1.746816513321E-02,
    2.00001E-02));
#5194 = CARTESIAN_POINT('',(-9.946910571546E-02,-1.337532881106E-02,
    2.00001E-02));
#5195 = CARTESIAN_POINT('',(-9.994286252103E-02,-9.019184948118E-03,
    2.00001E-02));
#5196 = CARTESIAN_POINT('',(-0.10000991981,-6.03030160991E-03,
    2.00001E-02));
#5197 = CARTESIAN_POINT('',(-0.100044431412,-4.492047459511E-03,
    2.00001E-02));
#5198 = ORIENTED_EDGE('',*,*,#5199,.F.);
#5199 = EDGE_CURVE('',#5017,#5176,#5200,.T.);
#5200 = B_SPLINE_CURVE_WITH_KNOTS('',1,(#5201,#5202),.UNSPECIFIED.,.F.,
  .F.,(2,2),(0.,1.E-02),.PIECEWISE_BEZIER_KNOTS.);
#5201 = CARTESIAN_POINT('',(-6.058177897252E-02,-4.44882364839E-02,
    3.00001E-02));
#5202 = CARTESIAN_POINT('',(-6.058177897252E-02,-4.44882364839E-02,
    2.00001E-02));
#5203 = ORIENTED_EDGE('',*,*,#5016,.T.);
#5204 = ORIENTED_EDGE('',*,*,#5126,.T.);
#5205 = B_SPLINE_SURFACE_WITH_KNOTS('',3,1,(
    (#5206,#5207)
    ,(#5208,#5209)
    ,(#5210,#5211)
    ,(#5212,#5213)
    ,(#5214,#5215)
    ,(#5216,#5217)
    ,(#5218,#5219)
    ,(#5220,#5221)
    ,(#5222,#5223)
    ,(#5224,#5225)
    ,(#5226,#5227)
    ,(#5228,#5229)
    ,(#5230,#5231)
    ,(#5232,#5233)
    ,(#5234,#5235)
    ,(#5236,#5237)
    ,(#5238,#5239)
    ,(#5240,#5241)
    ,(#5242,#5243
    )),.UNSPECIFIED.,.F.,.F.,.F.,(4,1,1,1,1,1,1,1,1,1,1,1,1,1,1,1,4),(2,
    2),(0.,7.082657255516E-02,0.13816903328,0.202475331534,
    0.263973754414,0.323380320598,0.381797622713,0.439390074519,
    0.496902724546,0.554662169609,0.612741878492,0.671538836391,
    0.73165572209,0.794297811614,0.859482204979,0.927681325453,1.),(0.,
    1.),.UNSPECIFIED.);
#5206 = CARTESIAN_POINT('',(-6.058177897252E-02,-4.44882364839E-02,
    3.00001E-02));
#5207 = CARTESIAN_POINT('',(-6.058177897252E-02,-4.44882364839E-02,
    2.00001E-02));
#5208 = CARTESIAN_POINT('',(-6.208853584968E-02,-4.445566559222E-02,
    3.00001E-02));
#5209 = CARTESIAN_POINT('',(-6.208853584968E-02,-4.445566559222E-02,
    2.00001E-02));
#5210 = CARTESIAN_POINT('',(-6.502792898412E-02,-4.439212604126E-02,
    3.00001E-02));
#5211 = CARTESIAN_POINT('',(-6.502792898412E-02,-4.439212604126E-02,
    2.00001E-02));
#5212 = CARTESIAN_POINT('',(-6.931158463857E-02,-4.388754587997E-02,
    3.00001E-02));
#5213 = CARTESIAN_POINT('',(-6.931158463857E-02,-4.388754587997E-02,
    2.00001E-02));
#5214 = CARTESIAN_POINT('',(-7.334327115276E-02,-4.307728642832E-02,
    3.00001E-02));
#5215 = CARTESIAN_POINT('',(-7.334327115276E-02,-4.307728642832E-02,
    2.00001E-02));
#5216 = CARTESIAN_POINT('',(-7.712352241579E-02,-4.194223694575E-02,
    3.00001E-02));
#5217 = CARTESIAN_POINT('',(-7.712352241579E-02,-4.194223694575E-02,
    2.00001E-02));
#5218 = CARTESIAN_POINT('',(-8.063596111394E-02,-4.043767487484E-02,
    3.00001E-02));
#5219 = CARTESIAN_POINT('',(-8.063596111394E-02,-4.043767487484E-02,
    2.00001E-02));
#5220 = CARTESIAN_POINT('',(-8.39089224067E-02,-3.863211502721E-02,
    3.00001E-02));
#5221 = CARTESIAN_POINT('',(-8.39089224067E-02,-3.863211502721E-02,
    2.00001E-02));
#5222 = CARTESIAN_POINT('',(-8.691992559854E-02,-3.648353310595E-02,
    3.00001E-02));
#5223 = CARTESIAN_POINT('',(-8.691992559854E-02,-3.648353310595E-02,
    2.00001E-02));
#5224 = CARTESIAN_POINT('',(-8.965676508381E-02,-3.401602703474E-02,
    3.00001E-02));
#5225 = CARTESIAN_POINT('',(-8.965676508381E-02,-3.401602703474E-02,
    2.00001E-02));
#5226 = CARTESIAN_POINT('',(-9.209623947309E-02,-3.124188396287E-02,
    3.00001E-02));
#5227 = CARTESIAN_POINT('',(-9.209623947309E-02,-3.124188396287E-02,
    2.00001E-02));
#5228 = CARTESIAN_POINT('',(-9.424847605955E-02,-2.820449962706E-02,
    3.00001E-02));
#5229 = CARTESIAN_POINT('',(-9.424847605955E-02,-2.820449962706E-02,
    2.00001E-02));
#5230 = CARTESIAN_POINT('',(-9.603662707541E-02,-2.488257007795E-02,
    3.00001E-02));
#5231 = CARTESIAN_POINT('',(-9.603662707541E-02,-2.488257007795E-02,
    2.00001E-02));
#5232 = CARTESIAN_POINT('',(-9.751737609693E-02,-2.130904114345E-02,
    3.00001E-02));
#5233 = CARTESIAN_POINT('',(-9.751737609693E-02,-2.130904114345E-02,
    2.00001E-02));
#5234 = CARTESIAN_POINT('',(-9.864887797965E-02,-1.746816513321E-02,
    3.00001E-02));
#5235 = CARTESIAN_POINT('',(-9.864887797965E-02,-1.746816513321E-02,
    2.00001E-02));
#5236 = CARTESIAN_POINT('',(-9.946910571546E-02,-1.337532881106E-02,
    3.00001E-02));
#5237 = CARTESIAN_POINT('',(-9.946910571546E-02,-1.337532881106E-02,
    2.00001E-02));
#5238 = CARTESIAN_POINT('',(-9.994286252103E-02,-9.019184948118E-03,
    3.00001E-02));
#5239 = CARTESIAN_POINT('',(-9.994286252103E-02,-9.019184948118E-03,
    2.00001E-02));
#5240 = CARTESIAN_POINT('',(-0.10000991981,-6.03030160991E-03,
    3.00001E-02));
#5241 = CARTESIAN_POINT('',(-0.10000991981,-6.03030160991E-03,
    2.00001E-02));
#5242 = CARTESIAN_POINT('',(-0.100044431412,-4.492047459511E-03,
    3.00001E-02));
#5243 = CARTESIAN_POINT('',(-0.100044431412,-4.492047459511E-03,
    2.00001E-02));
#5244 = ADVANCED_FACE('',(#5245),#5261,.T.);
#5245 = FACE_BOUND('',#5246,.T.);
#5246 = EDGE_LOOP('',(#5247,#5254,#5259,#5260));
#5247 = ORIENTED_EDGE('',*,*,#5248,.F.);
#5248 = EDGE_CURVE('',#5249,#5176,#5251,.T.);
#5249 = VERTEX_POINT('',#5250);
#5250 = CARTESIAN_POINT('',(-4.638589482618E-02,-4.44882364839E-02,
    2.00001E-02));
#5251 = B_SPLINE_CURVE_WITH_KNOTS('',1,(#5252,#5253),.UNSPECIFIED.,.F.,
  .F.,(2,2),(4.163336342344E-17,1.419588414634E-02),
  .PIECEWISE_BEZIER_KNOTS.);
#5252 = CARTESIAN_POINT('',(-4.638589482618E-02,-4.44882364839E-02,
    2.00001E-02));
#5253 = CARTESIAN_POINT('',(-6.058177897252E-02,-4.44882364839E-02,
    2.00001E-02));
#5254 = ORIENTED_EDGE('',*,*,#5255,.F.);
#5255 = EDGE_CURVE('',#5041,#5249,#5256,.T.);
#5256 = B_SPLINE_CURVE_WITH_KNOTS('',1,(#5257,#5258),.UNSPECIFIED.,.F.,
  .F.,(2,2),(1.194599974497E-13,1.E-02),.PIECEWISE_BEZIER_KNOTS.);
#5257 = CARTESIAN_POINT('',(-4.638589482618E-02,-4.44882364839E-02,
    3.000009999988E-02));
#5258 = CARTESIAN_POINT('',(-4.638589482618E-02,-4.44882364839E-02,
    2.00001E-02));
#5259 = ORIENTED_EDGE('',*,*,#5040,.T.);
#5260 = ORIENTED_EDGE('',*,*,#5199,.T.);
#5261 = B_SPLINE_SURFACE_WITH_KNOTS('',1,1,(
    (#5262,#5263)
    ,(#5264,#5265)),.UNSPECIFIED.,.F.,.F.,.F.,(2,2),(2,2),(0.,1.E-02),(
    -1.419588414634E-02,0.),.PIECEWISE_BEZIER_KNOTS.);
#5262 = CARTESIAN_POINT('',(-6.058177897252E-02,-4.44882364839E-02,
    3.00001E-02));
#5263 = CARTESIAN_POINT('',(-4.638589482618E-02,-4.44882364839E-02,
    3.00001E-02));
#5264 = CARTESIAN_POINT('',(-6.058177897252E-02,-4.44882364839E-02,
    2.00001E-02));
#5265 = CARTESIAN_POINT('',(-4.638589482618E-02,-4.44882364839E-02,
    2.00001E-02));
#5266 = ADVANCED_FACE('',(#5267),#5277,.T.);
#5267 = FACE_BOUND('',#5268,.T.);
#5268 = EDGE_LOOP('',(#5269,#5274,#5275,#5276));
#5269 = ORIENTED_EDGE('',*,*,#5270,.F.);
#5270 = EDGE_CURVE('',#5077,#5249,#5271,.T.);
#5271 = B_SPLINE_CURVE_WITH_KNOTS('',1,(#5272,#5273),.UNSPECIFIED.,.F.,
  .F.,(2,2),(0.,7.80487804878E-02),.PIECEWISE_BEZIER_KNOTS.);
#5272 = CARTESIAN_POINT('',(-4.638589482618E-02,3.35605440039E-02,
    2.00001E-02));
#5273 = CARTESIAN_POINT('',(-4.638589482618E-02,-4.44882364839E-02,
    2.00001E-02));
#5274 = ORIENTED_EDGE('',*,*,#5089,.F.);
#5275 = ORIENTED_EDGE('',*,*,#5047,.T.);
#5276 = ORIENTED_EDGE('',*,*,#5255,.T.);
#5277 = B_SPLINE_SURFACE_WITH_KNOTS('',1,1,(
    (#5278,#5279)
    ,(#5280,#5281
    )),.UNSPECIFIED.,.F.,.F.,.F.,(2,2),(2,2),(0.,1.E-02),(
    -7.80487804878E-02,1.129377263006E-18),.PIECEWISE_BEZIER_KNOTS.);
#5278 = CARTESIAN_POINT('',(-4.638589482618E-02,-4.44882364839E-02,
    3.00001E-02));
#5279 = CARTESIAN_POINT('',(-4.638589482618E-02,3.35605440039E-02,
    3.00001E-02));
#5280 = CARTESIAN_POINT('',(-4.638589482618E-02,-4.44882364839E-02,
    2.00001E-02));
#5281 = CARTESIAN_POINT('',(-4.638589482618E-02,3.35605440039E-02,
    2.00001E-02));
#5282 = ADVANCED_FACE('',(#5283),#5305,.T.);
#5283 = FACE_BOUND('',#5284,.T.);
#5284 = EDGE_LOOP('',(#5285,#5286,#5293,#5300));
#5285 = ORIENTED_EDGE('',*,*,#1598,.F.);
#5286 = ORIENTED_EDGE('',*,*,#5287,.F.);
#5287 = EDGE_CURVE('',#5288,#1592,#5290,.T.);
#5288 = VERTEX_POINT('',#5289);
#5289 = CARTESIAN_POINT('',(-1.345906555789E-02,-4.44882364839E-02,
    3.00001E-02));
#5290 = B_SPLINE_CURVE_WITH_KNOTS('',1,(#5291,#5292),.UNSPECIFIED.,.F.,
  .F.,(2,2),(0.,1.E-02),.PIECEWISE_BEZIER_KNOTS.);
#5291 = CARTESIAN_POINT('',(-1.345906555789E-02,-4.44882364839E-02,
    3.00001E-02));
#5292 = CARTESIAN_POINT('',(-1.345906555789E-02,-4.44882364839E-02,
    2.00001E-02));
#5293 = ORIENTED_EDGE('',*,*,#5294,.T.);
#5294 = EDGE_CURVE('',#5288,#5295,#5297,.T.);
#5295 = VERTEX_POINT('',#5296);
#5296 = CARTESIAN_POINT('',(-1.345906555789E-02,-5.546384624E-02,
    3.00001E-02));
#5297 = B_SPLINE_CURVE_WITH_KNOTS('',1,(#5298,#5299),.UNSPECIFIED.,.F.,
  .F.,(2,2),(0.,1.09756097561E-02),.PIECEWISE_BEZIER_KNOTS.);
#5298 = CARTESIAN_POINT('',(-1.345906555789E-02,-4.44882364839E-02,
    3.00001E-02));
#5299 = CARTESIAN_POINT('',(-1.345906555789E-02,-5.546384624E-02,
    3.00001E-02));
#5300 = ORIENTED_EDGE('',*,*,#5301,.T.);
#5301 = EDGE_CURVE('',#5295,#1599,#5302,.T.);
#5302 = B_SPLINE_CURVE_WITH_KNOTS('',1,(#5303,#5304),.UNSPECIFIED.,.F.,
  .F.,(2,2),(0.,1.E-02),.PIECEWISE_BEZIER_KNOTS.);
#5303 = CARTESIAN_POINT('',(-1.345906555789E-02,-5.546384624E-02,
    3.00001E-02));
#5304 = CARTESIAN_POINT('',(-1.345906555789E-02,-5.546384624E-02,
    2.00001E-02));
#5305 = B_SPLINE_SURFACE_WITH_KNOTS('',1,1,(
    (#5306,#5307)
    ,(#5308,#5309
    )),.UNSPECIFIED.,.F.,.F.,.F.,(2,2),(2,2),(0.,1.E-02),(
    -1.09756097561E-02,1.129377263006E-18),.PIECEWISE_BEZIER_KNOTS.);
#5306 = CARTESIAN_POINT('',(-1.345906555789E-02,-5.546384624E-02,
    3.00001E-02));
#5307 = CARTESIAN_POINT('',(-1.345906555789E-02,-4.44882364839E-02,
    3.00001E-02));
#5308 = CARTESIAN_POINT('',(-1.345906555789E-02,-5.546384624E-02,
    2.00001E-02));
#5309 = CARTESIAN_POINT('',(-1.345906555789E-02,-4.44882364839E-02,
    2.00001E-02));
#5310 = ADVANCED_FACE('',(#5311),#5327,.T.);
#5311 = FACE_BOUND('',#5312,.T.);
#5312 = EDGE_LOOP('',(#5313,#5314,#5315,#5322));
#5313 = ORIENTED_EDGE('',*,*,#1605,.F.);
#5314 = ORIENTED_EDGE('',*,*,#5301,.F.);
#5315 = ORIENTED_EDGE('',*,*,#5316,.T.);
#5316 = EDGE_CURVE('',#5295,#5317,#5319,.T.);
#5317 = VERTEX_POINT('',#5318);
#5318 = CARTESIAN_POINT('',(4.019947102748E-02,-5.546384624E-02,
    3.00001E-02));
#5319 = B_SPLINE_CURVE_WITH_KNOTS('',1,(#5320,#5321),.UNSPECIFIED.,.F.,
  .F.,(2,2),(0.,5.365853658537E-02),.PIECEWISE_BEZIER_KNOTS.);
#5320 = CARTESIAN_POINT('',(-1.345906555789E-02,-5.546384624E-02,
    3.00001E-02));
#5321 = CARTESIAN_POINT('',(4.019947102748E-02,-5.546384624E-02,
    3.00001E-02));
#5322 = ORIENTED_EDGE('',*,*,#5323,.T.);
#5323 = EDGE_CURVE('',#5317,#1606,#5324,.T.);
#5324 = B_SPLINE_CURVE_WITH_KNOTS('',1,(#5325,#5326),.UNSPECIFIED.,.F.,
  .F.,(2,2),(0.,1.E-02),.PIECEWISE_BEZIER_KNOTS.);
#5325 = CARTESIAN_POINT('',(4.019947102748E-02,-5.546384624E-02,
    3.00001E-02));
#5326 = CARTESIAN_POINT('',(4.019947102748E-02,-5.546384624E-02,
    2.00001E-02));
#5327 = B_SPLINE_SURFACE_WITH_KNOTS('',1,1,(
    (#5328,#5329)
    ,(#5330,#5331
    )),.UNSPECIFIED.,.F.,.F.,.F.,(2,2),(2,2),(-1.E-02,0.),(0.,
    5.365853658537E-02),.PIECEWISE_BEZIER_KNOTS.);
#5328 = CARTESIAN_POINT('',(-1.345906555789E-02,-5.546384624E-02,
    2.00001E-02));
#5329 = CARTESIAN_POINT('',(4.019947102748E-02,-5.546384624E-02,
    2.00001E-02));
#5330 = CARTESIAN_POINT('',(-1.345906555789E-02,-5.546384624E-02,
    3.00001E-02));
#5331 = CARTESIAN_POINT('',(4.019947102748E-02,-5.546384624E-02,
    3.00001E-02));
#5332 = ADVANCED_FACE('',(#5333),#5349,.T.);
#5333 = FACE_BOUND('',#5334,.T.);
#5334 = EDGE_LOOP('',(#5335,#5336,#5337,#5344));
#5335 = ORIENTED_EDGE('',*,*,#1612,.F.);
#5336 = ORIENTED_EDGE('',*,*,#5323,.F.);
#5337 = ORIENTED_EDGE('',*,*,#5338,.T.);
#5338 = EDGE_CURVE('',#5317,#5339,#5341,.T.);
#5339 = VERTEX_POINT('',#5340);
#5340 = CARTESIAN_POINT('',(4.019947102748E-02,4.453615376E-02,
    3.00001E-02));
#5341 = B_SPLINE_CURVE_WITH_KNOTS('',1,(#5342,#5343),.UNSPECIFIED.,.F.,
  .F.,(2,2),(0.,0.1),.PIECEWISE_BEZIER_KNOTS.);
#5342 = CARTESIAN_POINT('',(4.019947102748E-02,-5.546384624E-02,
    3.00001E-02));
#5343 = CARTESIAN_POINT('',(4.019947102748E-02,4.453615376E-02,
    3.00001E-02));
#5344 = ORIENTED_EDGE('',*,*,#5345,.T.);
#5345 = EDGE_CURVE('',#5339,#1613,#5346,.T.);
#5346 = B_SPLINE_CURVE_WITH_KNOTS('',1,(#5347,#5348),.UNSPECIFIED.,.F.,
  .F.,(2,2),(0.,1.E-02),.PIECEWISE_BEZIER_KNOTS.);
#5347 = CARTESIAN_POINT('',(4.019947102748E-02,4.453615376E-02,
    3.00001E-02));
#5348 = CARTESIAN_POINT('',(4.019947102748E-02,4.453615376E-02,
    2.00001E-02));
#5349 = B_SPLINE_SURFACE_WITH_KNOTS('',1,1,(
    (#5350,#5351)
    ,(#5352,#5353
    )),.UNSPECIFIED.,.F.,.F.,.F.,(2,2),(2,2),(-1.E-02,0.),(0.,0.1),
  .PIECEWISE_BEZIER_KNOTS.);
#5350 = CARTESIAN_POINT('',(4.019947102748E-02,-5.546384624E-02,
    2.00001E-02));
#5351 = CARTESIAN_POINT('',(4.019947102748E-02,4.453615376E-02,
    2.00001E-02));
#5352 = CARTESIAN_POINT('',(4.019947102748E-02,-5.546384624E-02,
    3.00001E-02));
#5353 = CARTESIAN_POINT('',(4.019947102748E-02,4.453615376E-02,
    3.00001E-02));
#5354 = ADVANCED_FACE('',(#5355),#5371,.T.);
#5355 = FACE_BOUND('',#5356,.T.);
#5356 = EDGE_LOOP('',(#5357,#5358,#5359,#5366));
#5357 = ORIENTED_EDGE('',*,*,#1619,.F.);
#5358 = ORIENTED_EDGE('',*,*,#5345,.F.);
#5359 = ORIENTED_EDGE('',*,*,#5360,.T.);
#5360 = EDGE_CURVE('',#5339,#5361,#5363,.T.);
#5361 = VERTEX_POINT('',#5362);
#5362 = CARTESIAN_POINT('',(-1.102004116764E-02,4.453615376E-02,
    3.00001E-02));
#5363 = B_SPLINE_CURVE_WITH_KNOTS('',1,(#5364,#5365),.UNSPECIFIED.,.F.,
  .F.,(2,2),(0.,5.121951219512E-02),.PIECEWISE_BEZIER_KNOTS.);
#5364 = CARTESIAN_POINT('',(4.019947102748E-02,4.453615376E-02,
    3.00001E-02));
#5365 = CARTESIAN_POINT('',(-1.102004116764E-02,4.453615376E-02,
    3.00001E-02));
#5366 = ORIENTED_EDGE('',*,*,#5367,.T.);
#5367 = EDGE_CURVE('',#5361,#1620,#5368,.T.);
#5368 = B_SPLINE_CURVE_WITH_KNOTS('',1,(#5369,#5370),.UNSPECIFIED.,.F.,
  .F.,(2,2),(0.,1.E-02),.PIECEWISE_BEZIER_KNOTS.);
#5369 = CARTESIAN_POINT('',(-1.102004116764E-02,4.453615376E-02,
    3.00001E-02));
#5370 = CARTESIAN_POINT('',(-1.102004116764E-02,4.453615376E-02,
    2.00001E-02));
#5371 = B_SPLINE_SURFACE_WITH_KNOTS('',1,1,(
    (#5372,#5373)
    ,(#5374,#5375)),.UNSPECIFIED.,.F.,.F.,.F.,(2,2),(2,2),(0.,1.E-02),(
    -5.121951219512E-02,0.),.PIECEWISE_BEZIER_KNOTS.);
#5372 = CARTESIAN_POINT('',(-1.102004116764E-02,4.453615376E-02,
    3.00001E-02));
#5373 = CARTESIAN_POINT('',(4.019947102748E-02,4.453615376E-02,
    3.00001E-02));
#5374 = CARTESIAN_POINT('',(-1.102004116764E-02,4.453615376E-02,
    2.00001E-02));
#5375 = CARTESIAN_POINT('',(4.019947102748E-02,4.453615376E-02,
    2.00001E-02));
#5376 = ADVANCED_FACE('',(#5377),#5393,.T.);
#5377 = FACE_BOUND('',#5378,.T.);
#5378 = EDGE_LOOP('',(#5379,#5380,#5381,#5388));
#5379 = ORIENTED_EDGE('',*,*,#1626,.F.);
#5380 = ORIENTED_EDGE('',*,*,#5367,.F.);
#5381 = ORIENTED_EDGE('',*,*,#5382,.T.);
#5382 = EDGE_CURVE('',#5361,#5383,#5385,.T.);
#5383 = VERTEX_POINT('',#5384);
#5384 = CARTESIAN_POINT('',(-1.102004116764E-02,3.35605440039E-02,
    3.00001E-02));
#5385 = B_SPLINE_CURVE_WITH_KNOTS('',1,(#5386,#5387),.UNSPECIFIED.,.F.,
  .F.,(2,2),(0.,1.09756097561E-02),.PIECEWISE_BEZIER_KNOTS.);
#5386 = CARTESIAN_POINT('',(-1.102004116764E-02,4.453615376E-02,
    3.00001E-02));
#5387 = CARTESIAN_POINT('',(-1.102004116764E-02,3.35605440039E-02,
    3.00001E-02));
#5388 = ORIENTED_EDGE('',*,*,#5389,.T.);
#5389 = EDGE_CURVE('',#5383,#1627,#5390,.T.);
#5390 = B_SPLINE_CURVE_WITH_KNOTS('',1,(#5391,#5392),.UNSPECIFIED.,.F.,
  .F.,(2,2),(0.,1.E-02),.PIECEWISE_BEZIER_KNOTS.);
#5391 = CARTESIAN_POINT('',(-1.102004116764E-02,3.35605440039E-02,
    3.00001E-02));
#5392 = CARTESIAN_POINT('',(-1.102004116764E-02,3.35605440039E-02,
    2.00001E-02));
#5393 = B_SPLINE_SURFACE_WITH_KNOTS('',1,1,(
    (#5394,#5395)
    ,(#5396,#5397
    )),.UNSPECIFIED.,.F.,.F.,.F.,(2,2),(2,2),(0.,1.E-02),(
    -1.09756097561E-02,1.129377263006E-18),.PIECEWISE_BEZIER_KNOTS.);
#5394 = CARTESIAN_POINT('',(-1.102004116764E-02,3.35605440039E-02,
    3.00001E-02));
#5395 = CARTESIAN_POINT('',(-1.102004116764E-02,4.453615376E-02,
    3.00001E-02));
#5396 = CARTESIAN_POINT('',(-1.102004116764E-02,3.35605440039E-02,
    2.00001E-02));
#5397 = CARTESIAN_POINT('',(-1.102004116764E-02,4.453615376E-02,
    2.00001E-02));
#5398 = ADVANCED_FACE('',(#5399),#5415,.T.);
#5399 = FACE_BOUND('',#5400,.T.);
#5400 = EDGE_LOOP('',(#5401,#5402,#5403,#5410));
#5401 = ORIENTED_EDGE('',*,*,#1633,.F.);
#5402 = ORIENTED_EDGE('',*,*,#5389,.F.);
#5403 = ORIENTED_EDGE('',*,*,#5404,.T.);
#5404 = EDGE_CURVE('',#5383,#5405,#5407,.T.);
#5405 = VERTEX_POINT('',#5406);
#5406 = CARTESIAN_POINT('',(2.678483688114E-02,3.35605440039E-02,
    3.00001E-02));
#5407 = B_SPLINE_CURVE_WITH_KNOTS('',1,(#5408,#5409),.UNSPECIFIED.,.F.,
  .F.,(2,2),(0.,3.780487804878E-02),.PIECEWISE_BEZIER_KNOTS.);
#5408 = CARTESIAN_POINT('',(-1.102004116764E-02,3.35605440039E-02,
    3.00001E-02));
#5409 = CARTESIAN_POINT('',(2.678483688114E-02,3.35605440039E-02,
    3.00001E-02));
#5410 = ORIENTED_EDGE('',*,*,#5411,.T.);
#5411 = EDGE_CURVE('',#5405,#1634,#5412,.T.);
#5412 = B_SPLINE_CURVE_WITH_KNOTS('',1,(#5413,#5414),.UNSPECIFIED.,.F.,
  .F.,(2,2),(0.,1.E-02),.PIECEWISE_BEZIER_KNOTS.);
#5413 = CARTESIAN_POINT('',(2.678483688114E-02,3.35605440039E-02,
    3.00001E-02));
#5414 = CARTESIAN_POINT('',(2.678483688114E-02,3.35605440039E-02,
    2.00001E-02));
#5415 = B_SPLINE_SURFACE_WITH_KNOTS('',1,1,(
    (#5416,#5417)
    ,(#5418,#5419
    )),.UNSPECIFIED.,.F.,.F.,.F.,(2,2),(2,2),(-1.E-02,0.),(0.,
    3.780487804878E-02),.PIECEWISE_BEZIER_KNOTS.);
#5416 = CARTESIAN_POINT('',(-1.102004116764E-02,3.35605440039E-02,
    2.00001E-02));
#5417 = CARTESIAN_POINT('',(2.678483688114E-02,3.35605440039E-02,
    2.00001E-02));
#5418 = CARTESIAN_POINT('',(-1.102004116764E-02,3.35605440039E-02,
    3.00001E-02));
#5419 = CARTESIAN_POINT('',(2.678483688114E-02,3.35605440039E-02,
    3.00001E-02));
#5420 = ADVANCED_FACE('',(#5421),#5437,.T.);
#5421 = FACE_BOUND('',#5422,.T.);
#5422 = EDGE_LOOP('',(#5423,#5424,#5425,#5432));
#5423 = ORIENTED_EDGE('',*,*,#1640,.F.);
#5424 = ORIENTED_EDGE('',*,*,#5411,.F.);
#5425 = ORIENTED_EDGE('',*,*,#5426,.T.);
#5426 = EDGE_CURVE('',#5405,#5427,#5429,.T.);
#5427 = VERTEX_POINT('',#5428);
#5428 = CARTESIAN_POINT('',(2.678483688114E-02,6.337147356111E-04,
    3.00001E-02));
#5429 = B_SPLINE_CURVE_WITH_KNOTS('',1,(#5430,#5431),.UNSPECIFIED.,.F.,
  .F.,(2,2),(0.,3.292682926829E-02),.PIECEWISE_BEZIER_KNOTS.);
#5430 = CARTESIAN_POINT('',(2.678483688114E-02,3.35605440039E-02,
    3.00001E-02));
#5431 = CARTESIAN_POINT('',(2.678483688114E-02,6.337147356111E-04,
    3.00001E-02));
#5432 = ORIENTED_EDGE('',*,*,#5433,.T.);
#5433 = EDGE_CURVE('',#5427,#1641,#5434,.T.);
#5434 = B_SPLINE_CURVE_WITH_KNOTS('',1,(#5435,#5436),.UNSPECIFIED.,.F.,
  .F.,(2,2),(0.,1.E-02),.PIECEWISE_BEZIER_KNOTS.);
#5435 = CARTESIAN_POINT('',(2.678483688114E-02,6.337147356111E-04,
    3.00001E-02));
#5436 = CARTESIAN_POINT('',(2.678483688114E-02,6.337147356112E-04,
    2.00001E-02));
#5437 = B_SPLINE_SURFACE_WITH_KNOTS('',1,1,(
    (#5438,#5439)
    ,(#5440,#5441)),.UNSPECIFIED.,.F.,.F.,.F.,(2,2),(2,2),(0.,1.E-02),(
    -3.292682926829E-02,1.129377263006E-18),.PIECEWISE_BEZIER_KNOTS.);
#5438 = CARTESIAN_POINT('',(2.678483688114E-02,6.337147356111E-04,
    3.00001E-02));
#5439 = CARTESIAN_POINT('',(2.678483688114E-02,3.35605440039E-02,
    3.00001E-02));
#5440 = CARTESIAN_POINT('',(2.678483688114E-02,6.337147356111E-04,
    2.00001E-02));
#5441 = CARTESIAN_POINT('',(2.678483688114E-02,3.35605440039E-02,
    2.00001E-02));
#5442 = ADVANCED_FACE('',(#5443),#5459,.T.);
#5443 = FACE_BOUND('',#5444,.T.);
#5444 = EDGE_LOOP('',(#5445,#5446,#5447,#5454));
#5445 = ORIENTED_EDGE('',*,*,#1647,.F.);
#5446 = ORIENTED_EDGE('',*,*,#5433,.F.);
#5447 = ORIENTED_EDGE('',*,*,#5448,.T.);
#5448 = EDGE_CURVE('',#5427,#5449,#5451,.T.);
#5449 = VERTEX_POINT('',#5450);
#5450 = CARTESIAN_POINT('',(-8.581016777401E-03,6.337147356111E-04,
    3.00001E-02));
#5451 = B_SPLINE_CURVE_WITH_KNOTS('',1,(#5452,#5453),.UNSPECIFIED.,.F.,
  .F.,(2,2),(0.,3.536585365854E-02),.PIECEWISE_BEZIER_KNOTS.);
#5452 = CARTESIAN_POINT('',(2.678483688114E-02,6.337147356111E-04,
    3.00001E-02));
#5453 = CARTESIAN_POINT('',(-8.581016777401E-03,6.337147356111E-04,
    3.00001E-02));
#5454 = ORIENTED_EDGE('',*,*,#5455,.T.);
#5455 = EDGE_CURVE('',#5449,#1648,#5456,.T.);
#5456 = B_SPLINE_CURVE_WITH_KNOTS('',1,(#5457,#5458),.UNSPECIFIED.,.F.,
  .F.,(2,2),(0.,1.E-02),.PIECEWISE_BEZIER_KNOTS.);
#5457 = CARTESIAN_POINT('',(-8.581016777401E-03,6.337147356111E-04,
    3.00001E-02));
#5458 = CARTESIAN_POINT('',(-8.581016777401E-03,6.337147356112E-04,
    2.00001E-02));
#5459 = B_SPLINE_SURFACE_WITH_KNOTS('',1,1,(
    (#5460,#5461)
    ,(#5462,#5463)),.UNSPECIFIED.,.F.,.F.,.F.,(2,2),(2,2),(0.,1.E-02),(
    -3.536585365854E-02,0.),.PIECEWISE_BEZIER_KNOTS.);
#5460 = CARTESIAN_POINT('',(-8.581016777401E-03,6.337147356111E-04,
    3.00001E-02));
#5461 = CARTESIAN_POINT('',(2.678483688114E-02,6.337147356111E-04,
    3.00001E-02));
#5462 = CARTESIAN_POINT('',(-8.581016777401E-03,6.337147356112E-04,
    2.00001E-02));
#5463 = CARTESIAN_POINT('',(2.678483688114E-02,6.337147356112E-04,
    2.00001E-02));
#5464 = ADVANCED_FACE('',(#5465),#5481,.T.);
#5465 = FACE_BOUND('',#5466,.T.);
#5466 = EDGE_LOOP('',(#5467,#5468,#5469,#5476));
#5467 = ORIENTED_EDGE('',*,*,#1654,.F.);
#5468 = ORIENTED_EDGE('',*,*,#5455,.F.);
#5469 = ORIENTED_EDGE('',*,*,#5470,.T.);
#5470 = EDGE_CURVE('',#5449,#5471,#5473,.T.);
#5471 = VERTEX_POINT('',#5472);
#5472 = CARTESIAN_POINT('',(-8.581016777401E-03,-1.034189502049E-02,
    3.00001E-02));
#5473 = B_SPLINE_CURVE_WITH_KNOTS('',1,(#5474,#5475),.UNSPECIFIED.,.F.,
  .F.,(2,2),(0.,1.09756097561E-02),.PIECEWISE_BEZIER_KNOTS.);
#5474 = CARTESIAN_POINT('',(-8.581016777401E-03,6.337147356111E-04,
    3.00001E-02));
#5475 = CARTESIAN_POINT('',(-8.581016777401E-03,-1.034189502049E-02,
    3.00001E-02));
#5476 = ORIENTED_EDGE('',*,*,#5477,.T.);
#5477 = EDGE_CURVE('',#5471,#1655,#5478,.T.);
#5478 = B_SPLINE_CURVE_WITH_KNOTS('',1,(#5479,#5480),.UNSPECIFIED.,.F.,
  .F.,(2,2),(0.,1.E-02),.PIECEWISE_BEZIER_KNOTS.);
#5479 = CARTESIAN_POINT('',(-8.581016777401E-03,-1.034189502049E-02,
    3.00001E-02));
#5480 = CARTESIAN_POINT('',(-8.581016777401E-03,-1.034189502049E-02,
    2.00001E-02));
#5481 = B_SPLINE_SURFACE_WITH_KNOTS('',1,1,(
    (#5482,#5483)
    ,(#5484,#5485
    )),.UNSPECIFIED.,.F.,.F.,.F.,(2,2),(2,2),(0.,1.E-02),(
    -1.09756097561E-02,1.192622389734E-18),.PIECEWISE_BEZIER_KNOTS.);
#5482 = CARTESIAN_POINT('',(-8.581016777401E-03,-1.034189502049E-02,
    3.00001E-02));
#5483 = CARTESIAN_POINT('',(-8.581016777401E-03,6.337147356112E-04,
    3.00001E-02));
#5484 = CARTESIAN_POINT('',(-8.581016777401E-03,-1.034189502049E-02,
    2.00001E-02));
#5485 = CARTESIAN_POINT('',(-8.581016777401E-03,6.337147356112E-04,
    2.00001E-02));
#5486 = ADVANCED_FACE('',(#5487),#5503,.T.);
#5487 = FACE_BOUND('',#5488,.T.);
#5488 = EDGE_LOOP('',(#5489,#5490,#5491,#5498));
#5489 = ORIENTED_EDGE('',*,*,#1661,.F.);
#5490 = ORIENTED_EDGE('',*,*,#5477,.F.);
#5491 = ORIENTED_EDGE('',*,*,#5492,.T.);
#5492 = EDGE_CURVE('',#5471,#5493,#5495,.T.);
#5493 = VERTEX_POINT('',#5494);
#5494 = CARTESIAN_POINT('',(2.678483688114E-02,-1.034189502049E-02,
    3.00001E-02));
#5495 = B_SPLINE_CURVE_WITH_KNOTS('',1,(#5496,#5497),.UNSPECIFIED.,.F.,
  .F.,(2,2),(0.,3.536585365854E-02),.PIECEWISE_BEZIER_KNOTS.);
#5496 = CARTESIAN_POINT('',(-8.581016777401E-03,-1.034189502049E-02,
    3.00001E-02));
#5497 = CARTESIAN_POINT('',(2.678483688114E-02,-1.034189502049E-02,
    3.00001E-02));
#5498 = ORIENTED_EDGE('',*,*,#5499,.T.);
#5499 = EDGE_CURVE('',#5493,#1662,#5500,.T.);
#5500 = B_SPLINE_CURVE_WITH_KNOTS('',1,(#5501,#5502),.UNSPECIFIED.,.F.,
  .F.,(2,2),(0.,1.E-02),.PIECEWISE_BEZIER_KNOTS.);
#5501 = CARTESIAN_POINT('',(2.678483688114E-02,-1.034189502049E-02,
    3.00001E-02));
#5502 = CARTESIAN_POINT('',(2.678483688114E-02,-1.034189502049E-02,
    2.00001E-02));
#5503 = B_SPLINE_SURFACE_WITH_KNOTS('',1,1,(
    (#5504,#5505)
    ,(#5506,#5507
    )),.UNSPECIFIED.,.F.,.F.,.F.,(2,2),(2,2),(-1.E-02,0.),(0.,
    3.536585365854E-02),.PIECEWISE_BEZIER_KNOTS.);
#5504 = CARTESIAN_POINT('',(-8.581016777401E-03,-1.034189502049E-02,
    2.00001E-02));
#5505 = CARTESIAN_POINT('',(2.678483688114E-02,-1.034189502049E-02,
    2.00001E-02));
#5506 = CARTESIAN_POINT('',(-8.581016777401E-03,-1.034189502049E-02,
    3.00001E-02));
#5507 = CARTESIAN_POINT('',(2.678483688114E-02,-1.034189502049E-02,
    3.00001E-02));
#5508 = ADVANCED_FACE('',(#5509),#5525,.T.);
#5509 = FACE_BOUND('',#5510,.T.);
#5510 = EDGE_LOOP('',(#5511,#5512,#5513,#5520));
#5511 = ORIENTED_EDGE('',*,*,#1668,.F.);
#5512 = ORIENTED_EDGE('',*,*,#5499,.F.);
#5513 = ORIENTED_EDGE('',*,*,#5514,.T.);
#5514 = EDGE_CURVE('',#5493,#5515,#5517,.T.);
#5515 = VERTEX_POINT('',#5516);
#5516 = CARTESIAN_POINT('',(2.678483688114E-02,-4.44882364839E-02,
    3.00001E-02));
#5517 = B_SPLINE_CURVE_WITH_KNOTS('',1,(#5518,#5519),.UNSPECIFIED.,.F.,
  .F.,(2,2),(0.,3.414634146341E-02),.PIECEWISE_BEZIER_KNOTS.);
#5518 = CARTESIAN_POINT('',(2.678483688114E-02,-1.034189502049E-02,
    3.00001E-02));
#5519 = CARTESIAN_POINT('',(2.678483688114E-02,-4.44882364839E-02,
    3.00001E-02));
#5520 = ORIENTED_EDGE('',*,*,#5521,.T.);
#5521 = EDGE_CURVE('',#5515,#1590,#5522,.T.);
#5522 = B_SPLINE_CURVE_WITH_KNOTS('',1,(#5523,#5524),.UNSPECIFIED.,.F.,
  .F.,(2,2),(0.,1.E-02),.PIECEWISE_BEZIER_KNOTS.);
#5523 = CARTESIAN_POINT('',(2.678483688114E-02,-4.44882364839E-02,
    3.00001E-02));
#5524 = CARTESIAN_POINT('',(2.678483688114E-02,-4.44882364839E-02,
    2.00001E-02));
#5525 = B_SPLINE_SURFACE_WITH_KNOTS('',1,1,(
    (#5526,#5527)
    ,(#5528,#5529)),.UNSPECIFIED.,.F.,.F.,.F.,(2,2),(2,2),(0.,1.E-02),(
    -3.414634146341E-02,1.734723475977E-18),.PIECEWISE_BEZIER_KNOTS.);
#5526 = CARTESIAN_POINT('',(2.678483688114E-02,-4.44882364839E-02,
    3.00001E-02));
#5527 = CARTESIAN_POINT('',(2.678483688114E-02,-1.034189502049E-02,
    3.00001E-02));
#5528 = CARTESIAN_POINT('',(2.678483688114E-02,-4.44882364839E-02,
    2.00001E-02));
#5529 = CARTESIAN_POINT('',(2.678483688114E-02,-1.034189502049E-02,
    2.00001E-02));
#5530 = ADVANCED_FACE('',(#5531),#5541,.T.);
#5531 = FACE_BOUND('',#5532,.T.);
#5532 = EDGE_LOOP('',(#5533,#5534,#5535,#5540));
#5533 = ORIENTED_EDGE('',*,*,#1589,.F.);
#5534 = ORIENTED_EDGE('',*,*,#5521,.F.);
#5535 = ORIENTED_EDGE('',*,*,#5536,.T.);
#5536 = EDGE_CURVE('',#5515,#5288,#5537,.T.);
#5537 = B_SPLINE_CURVE_WITH_KNOTS('',1,(#5538,#5539),.UNSPECIFIED.,.F.,
  .F.,(2,2),(0.,4.024390243902E-02),.PIECEWISE_BEZIER_KNOTS.);
#5538 = CARTESIAN_POINT('',(2.678483688114E-02,-4.44882364839E-02,
    3.00001E-02));
#5539 = CARTESIAN_POINT('',(-1.345906555789E-02,-4.44882364839E-02,
    3.00001E-02));
#5540 = ORIENTED_EDGE('',*,*,#5287,.T.);
#5541 = B_SPLINE_SURFACE_WITH_KNOTS('',1,1,(
    (#5542,#5543)
    ,(#5544,#5545)),.UNSPECIFIED.,.F.,.F.,.F.,(2,2),(2,2),(0.,1.E-02),(
    -4.024390243902E-02,0.),.PIECEWISE_BEZIER_KNOTS.);
#5542 = CARTESIAN_POINT('',(-1.345906555789E-02,-4.44882364839E-02,
    3.00001E-02));
#5543 = CARTESIAN_POINT('',(2.678483688114E-02,-4.44882364839E-02,
    3.00001E-02));
#5544 = CARTESIAN_POINT('',(-1.345906555789E-02,-4.44882364839E-02,
    2.00001E-02));
#5545 = CARTESIAN_POINT('',(2.678483688114E-02,-4.44882364839E-02,
    2.00001E-02));
#5546 = ADVANCED_FACE('',(#5547),#5561,.F.);
#5547 = FACE_BOUND('',#5548,.T.);
#5548 = EDGE_LOOP('',(#5549,#5550,#5551,#5552,#5553,#5554,#5555,#5556,
    #5557,#5558,#5559,#5560));
#5549 = ORIENTED_EDGE('',*,*,#5294,.F.);
#5550 = ORIENTED_EDGE('',*,*,#5536,.F.);
#5551 = ORIENTED_EDGE('',*,*,#5514,.F.);
#5552 = ORIENTED_EDGE('',*,*,#5492,.F.);
#5553 = ORIENTED_EDGE('',*,*,#5470,.F.);
#5554 = ORIENTED_EDGE('',*,*,#5448,.F.);
#5555 = ORIENTED_EDGE('',*,*,#5426,.F.);
#5556 = ORIENTED_EDGE('',*,*,#5404,.F.);
#5557 = ORIENTED_EDGE('',*,*,#5382,.F.);
#5558 = ORIENTED_EDGE('',*,*,#5360,.F.);
#5559 = ORIENTED_EDGE('',*,*,#5338,.F.);
#5560 = ORIENTED_EDGE('',*,*,#5316,.F.);
#5561 = B_SPLINE_SURFACE_WITH_KNOTS('',1,1,(
    (#5562,#5563)
    ,(#5564,#5565
    )),.UNSPECIFIED.,.F.,.F.,.F.,(2,2),(2,2),(-1.345906555789E-02,
    4.019947102748E-02),(-5.546384624E-02,4.453615376E-02),
  .PIECEWISE_BEZIER_KNOTS.);
#5562 = CARTESIAN_POINT('',(-1.345906555789E-02,-5.546384624E-02,
    3.00001E-02));
#5563 = CARTESIAN_POINT('',(-1.345906555789E-02,4.453615376E-02,
    3.00001E-02));
#5564 = CARTESIAN_POINT('',(4.019947102748E-02,-5.546384624E-02,
    3.00001E-02));
#5565 = CARTESIAN_POINT('',(4.019947102748E-02,4.453615376E-02,
    3.00001E-02));
#5566 = ADVANCED_FACE('',(#5567),#5589,.T.);
#5567 = FACE_BOUND('',#5568,.T.);
#5568 = EDGE_LOOP('',(#5569,#5570,#5577,#5584));
#5569 = ORIENTED_EDGE('',*,*,#1693,.F.);
#5570 = ORIENTED_EDGE('',*,*,#5571,.F.);
#5571 = EDGE_CURVE('',#5572,#1678,#5574,.T.);
#5572 = VERTEX_POINT('',#5573);
#5573 = CARTESIAN_POINT('',(5.971166614943E-02,-3.930530965463E-02,
    3.00001E-02));
#5574 = B_SPLINE_CURVE_WITH_KNOTS('',1,(#5575,#5576),.UNSPECIFIED.,.F.,
  .F.,(2,2),(0.,1.E-02),.PIECEWISE_BEZIER_KNOTS.);
#5575 = CARTESIAN_POINT('',(5.971166614943E-02,-3.930530965463E-02,
    3.00001E-02));
#5576 = CARTESIAN_POINT('',(5.971166614943E-02,-3.930530965463E-02,
    2.00001E-02));
#5577 = ORIENTED_EDGE('',*,*,#5578,.T.);
#5578 = EDGE_CURVE('',#5572,#5579,#5581,.T.);
#5579 = VERTEX_POINT('',#5580);
#5580 = CARTESIAN_POINT('',(5.971166614943E-02,-5.028091941073E-02,
    3.00001E-02));
#5581 = B_SPLINE_CURVE_WITH_KNOTS('',1,(#5582,#5583),.UNSPECIFIED.,.F.,
  .F.,(2,2),(0.,1.09756097561E-02),.PIECEWISE_BEZIER_KNOTS.);
#5582 = CARTESIAN_POINT('',(5.971166614943E-02,-3.930530965463E-02,
    3.00001E-02));
#5583 = CARTESIAN_POINT('',(5.971166614943E-02,-5.028091941073E-02,
    3.00001E-02));
#5584 = ORIENTED_EDGE('',*,*,#5585,.T.);
#5585 = EDGE_CURVE('',#5579,#1694,#5586,.T.);
#5586 = B_SPLINE_CURVE_WITH_KNOTS('',1,(#5587,#5588),.UNSPECIFIED.,.F.,
  .F.,(2,2),(0.,1.E-02),.PIECEWISE_BEZIER_KNOTS.);
#5587 = CARTESIAN_POINT('',(5.971166614943E-02,-5.028091941073E-02,
    3.00001E-02));
#5588 = CARTESIAN_POINT('',(5.971166614943E-02,-5.028091941073E-02,
    2.00001E-02));
#5589 = B_SPLINE_SURFACE_WITH_KNOTS('',1,1,(
    (#5590,#5591)
    ,(#5592,#5593
    )),.UNSPECIFIED.,.F.,.F.,.F.,(2,2),(2,2),(0.,1.E-02),(
    -1.09756097561E-02,1.129377263006E-18),.PIECEWISE_BEZIER_KNOTS.);
#5590 = CARTESIAN_POINT('',(5.971166614943E-02,-5.028091941073E-02,
    3.00001E-02));
#5591 = CARTESIAN_POINT('',(5.971166614943E-02,-3.930530965463E-02,
    3.00001E-02));
#5592 = CARTESIAN_POINT('',(5.971166614943E-02,-5.028091941073E-02,
    2.00001E-02));
#5593 = CARTESIAN_POINT('',(5.971166614943E-02,-3.930530965463E-02,
    2.00001E-02));
#5594 = ADVANCED_FACE('',(#5595),#5620,.T.);
#5595 = FACE_BOUND('',#5596,.T.);
#5596 = EDGE_LOOP('',(#5597,#5598,#5599,#5615));
#5597 = ORIENTED_EDGE('',*,*,#1700,.F.);
#5598 = ORIENTED_EDGE('',*,*,#5585,.F.);
#5599 = ORIENTED_EDGE('',*,*,#5600,.T.);
#5600 = EDGE_CURVE('',#5579,#5601,#5603,.T.);
#5601 = VERTEX_POINT('',#5602);
#5602 = CARTESIAN_POINT('',(8.722691005187E-02,-5.668335843512E-02,
    3.00001E-02));
#5603 = B_SPLINE_CURVE_WITH_KNOTS('',3,(#5604,#5605,#5606,#5607,#5608,
    #5609,#5610,#5611,#5612,#5613,#5614),.UNSPECIFIED.,.F.,.F.,(4,1,1,1,
    1,1,1,1,4),(0.,0.112448389909,0.226527675213,0.344401949326,
    0.465864972487,0.591659449352,0.722168487025,0.858606387555,1.),
  .UNSPECIFIED.);
#5604 = CARTESIAN_POINT('',(5.971166614943E-02,-5.028091941073E-02,
    3.00001E-02));
#5605 = CARTESIAN_POINT('',(6.065000522693E-02,-5.079884437772E-02,
    3.00001E-02));
#5606 = CARTESIAN_POINT('',(6.254029258417E-02,-5.184220603725E-02,
    3.00001E-02));
#5607 = CARTESIAN_POINT('',(6.556325903263E-02,-5.312961504847E-02,
    3.00001E-02));
#5608 = CARTESIAN_POINT('',(6.874415232492E-02,-5.42400659095E-02,
    3.00001E-02));
#5609 = CARTESIAN_POINT('',(7.211081357286E-02,-5.512555086563E-02,
    3.00001E-02));
#5610 = CARTESIAN_POINT('',(7.564086220416E-02,-5.583719244054E-02,
    3.00001E-02));
#5611 = CARTESIAN_POINT('',(7.935300312769E-02,-5.631921277922E-02,
    3.00001E-02));
#5612 = CARTESIAN_POINT('',(8.323253002081E-02,-5.663651108036E-02,
    3.00001E-02));
#5613 = CARTESIAN_POINT('',(8.587971068851E-02,-5.666755805408E-02,
    3.00001E-02));
#5614 = CARTESIAN_POINT('',(8.722691005187E-02,-5.668335843512E-02,
    3.00001E-02));
#5615 = ORIENTED_EDGE('',*,*,#5616,.T.);
#5616 = EDGE_CURVE('',#5601,#1701,#5617,.T.);
#5617 = B_SPLINE_CURVE_WITH_KNOTS('',1,(#5618,#5619),.UNSPECIFIED.,.F.,
  .F.,(2,2),(0.,1.E-02),.PIECEWISE_BEZIER_KNOTS.);
#5618 = CARTESIAN_POINT('',(8.722691005187E-02,-5.668335843512E-02,
    3.00001E-02));
#5619 = CARTESIAN_POINT('',(8.722691005187E-02,-5.668335843512E-02,
    2.00001E-02));
#5620 = B_SPLINE_SURFACE_WITH_KNOTS('',3,1,(
    (#5621,#5622)
    ,(#5623,#5624)
    ,(#5625,#5626)
    ,(#5627,#5628)
    ,(#5629,#5630)
    ,(#5631,#5632)
    ,(#5633,#5634)
    ,(#5635,#5636)
    ,(#5637,#5638)
    ,(#5639,#5640)
    ,(#5641,#5642
  )),.UNSPECIFIED.,.F.,.F.,.F.,(4,1,1,1,1,1,1,1,4),(2,2),(0.,
    0.112448389909,0.226527675213,0.344401949326,0.465864972487,
    0.591659449352,0.722168487025,0.858606387555,1.),(0.,1.),
  .UNSPECIFIED.);
#5621 = CARTESIAN_POINT('',(5.971166614943E-02,-5.028091941073E-02,
    3.00001E-02));
#5622 = CARTESIAN_POINT('',(5.971166614943E-02,-5.028091941073E-02,
    2.00001E-02));
#5623 = CARTESIAN_POINT('',(6.065000522693E-02,-5.079884437772E-02,
    3.00001E-02));
#5624 = CARTESIAN_POINT('',(6.065000522693E-02,-5.079884437772E-02,
    2.00001E-02));
#5625 = CARTESIAN_POINT('',(6.254029258417E-02,-5.184220603725E-02,
    3.00001E-02));
#5626 = CARTESIAN_POINT('',(6.254029258417E-02,-5.184220603725E-02,
    2.00001E-02));
#5627 = CARTESIAN_POINT('',(6.556325903263E-02,-5.312961504847E-02,
    3.00001E-02));
#5628 = CARTESIAN_POINT('',(6.556325903263E-02,-5.312961504847E-02,
    2.00001E-02));
#5629 = CARTESIAN_POINT('',(6.874415232492E-02,-5.42400659095E-02,
    3.00001E-02));
#5630 = CARTESIAN_POINT('',(6.874415232492E-02,-5.42400659095E-02,
    2.00001E-02));
#5631 = CARTESIAN_POINT('',(7.211081357286E-02,-5.512555086563E-02,
    3.00001E-02));
#5632 = CARTESIAN_POINT('',(7.211081357286E-02,-5.512555086563E-02,
    2.00001E-02));
#5633 = CARTESIAN_POINT('',(7.564086220416E-02,-5.583719244054E-02,
    3.00001E-02));
#5634 = CARTESIAN_POINT('',(7.564086220416E-02,-5.583719244054E-02,
    2.00001E-02));
#5635 = CARTESIAN_POINT('',(7.935300312769E-02,-5.631921277922E-02,
    3.00001E-02));
#5636 = CARTESIAN_POINT('',(7.935300312769E-02,-5.631921277922E-02,
    2.00001E-02));
#5637 = CARTESIAN_POINT('',(8.323253002081E-02,-5.663651108036E-02,
    3.00001E-02));
#5638 = CARTESIAN_POINT('',(8.323253002081E-02,-5.663651108036E-02,
    2.00001E-02));
#5639 = CARTESIAN_POINT('',(8.587971068851E-02,-5.666755805408E-02,
    3.00001E-02));
#5640 = CARTESIAN_POINT('',(8.587971068851E-02,-5.666755805408E-02,
    2.00001E-02));
#5641 = CARTESIAN_POINT('',(8.722691005187E-02,-5.668335843512E-02,
    3.00001E-02));
#5642 = CARTESIAN_POINT('',(8.722691005187E-02,-5.668335843512E-02,
    2.00001E-02));
#5643 = ADVANCED_FACE('',(#5644),#5677,.T.);
#5644 = FACE_BOUND('',#5645,.T.);
#5645 = EDGE_LOOP('',(#5646,#5647,#5648,#5672));
#5646 = ORIENTED_EDGE('',*,*,#1716,.F.);
#5647 = ORIENTED_EDGE('',*,*,#5616,.F.);
#5648 = ORIENTED_EDGE('',*,*,#5649,.T.);
#5649 = EDGE_CURVE('',#5601,#5650,#5652,.T.);
#5650 = VERTEX_POINT('',#5651);
#5651 = CARTESIAN_POINT('',(0.134101910052,-7.350279166828E-03,
    3.00001E-02));
#5652 = B_SPLINE_CURVE_WITH_KNOTS('',3,(#5653,#5654,#5655,#5656,#5657,
    #5658,#5659,#5660,#5661,#5662,#5663,#5664,#5665,#5666,#5667,#5668,
    #5669,#5670,#5671),.UNSPECIFIED.,.F.,.F.,(4,1,1,1,1,1,1,1,1,1,1,1,1,
    1,1,1,4),(0.,6.783324845577E-02,0.132655536508,0.195050884051,
    0.255582933069,0.314799834147,0.373600472826,0.432545595327,
    0.492430629284,0.552671255963,0.612513044188,0.672610250357,
    0.733838369314,0.796594238568,0.861449799291,0.929198942351,1.),
  .UNSPECIFIED.);
#5653 = CARTESIAN_POINT('',(8.722691005187E-02,-5.668335843512E-02,
    3.00001E-02));
#5654 = CARTESIAN_POINT('',(8.896281620702E-02,-5.664464272664E-02,
    3.00001E-02));
#5655 = CARTESIAN_POINT('',(9.235757567352E-02,-5.656892981007E-02,
    3.00001E-02));
#5656 = CARTESIAN_POINT('',(9.731682186007E-02,-5.593207458418E-02,
    3.00001E-02));
#5657 = CARTESIAN_POINT('',(0.102008449538,-5.486882309451E-02,
    3.00001E-02));
#5658 = CARTESIAN_POINT('',(0.106430829162,-5.337491566331E-02,
    3.00001E-02));
#5659 = CARTESIAN_POINT('',(0.110599432288,-5.148720789336E-02,
    3.00001E-02));
#5660 = CARTESIAN_POINT('',(0.114492665136,-4.915381485391E-02,
    3.00001E-02));
#5661 = CARTESIAN_POINT('',(0.118084764003,-4.635636031587E-02,
    3.00001E-02));
#5662 = CARTESIAN_POINT('',(0.121423261802,-4.320761121259E-02,
    3.00001E-02));
#5663 = CARTESIAN_POINT('',(0.124402096966,-3.968460050649E-02,
    3.00001E-02));
#5664 = CARTESIAN_POINT('',(0.127009504998,-3.587393202473E-02,
    3.00001E-02));
#5665 = CARTESIAN_POINT('',(0.129215359856,-3.1787458262E-02,3.00001E-02
    ));
#5666 = CARTESIAN_POINT('',(0.131005262006,-2.742293579326E-02,
    3.00001E-02));
#5667 = CARTESIAN_POINT('',(0.132400125348,-2.278922423402E-02,
    3.00001E-02));
#5668 = CARTESIAN_POINT('',(0.13337557903,-1.788215259076E-02,
    3.00001E-02));
#5669 = CARTESIAN_POINT('',(0.13400949276,-1.270860540221E-02,
    3.00001E-02));
#5670 = CARTESIAN_POINT('',(0.134070655203,-9.162425736513E-03,
    3.00001E-02));
#5671 = CARTESIAN_POINT('',(0.134101910052,-7.350279166828E-03,
    3.00001E-02));
#5672 = ORIENTED_EDGE('',*,*,#5673,.T.);
#5673 = EDGE_CURVE('',#5650,#1717,#5674,.T.);
#5674 = B_SPLINE_CURVE_WITH_KNOTS('',1,(#5675,#5676),.UNSPECIFIED.,.F.,
  .F.,(2,2),(0.,1.E-02),.PIECEWISE_BEZIER_KNOTS.);
#5675 = CARTESIAN_POINT('',(0.134101910052,-7.350279166828E-03,
    3.00001E-02));
#5676 = CARTESIAN_POINT('',(0.134101910052,-7.350279166828E-03,
    2.00001E-02));
#5677 = B_SPLINE_SURFACE_WITH_KNOTS('',3,1,(
    (#5678,#5679)
    ,(#5680,#5681)
    ,(#5682,#5683)
    ,(#5684,#5685)
    ,(#5686,#5687)
    ,(#5688,#5689)
    ,(#5690,#5691)
    ,(#5692,#5693)
    ,(#5694,#5695)
    ,(#5696,#5697)
    ,(#5698,#5699)
    ,(#5700,#5701)
    ,(#5702,#5703)
    ,(#5704,#5705)
    ,(#5706,#5707)
    ,(#5708,#5709)
    ,(#5710,#5711)
    ,(#5712,#5713)
    ,(#5714,#5715
    )),.UNSPECIFIED.,.F.,.F.,.F.,(4,1,1,1,1,1,1,1,1,1,1,1,1,1,1,1,4),(2,
    2),(0.,6.783324845577E-02,0.132655536508,0.195050884051,
    0.255582933069,0.314799834147,0.373600472826,0.432545595327,
    0.492430629284,0.552671255963,0.612513044188,0.672610250357,
    0.733838369314,0.796594238568,0.861449799291,0.929198942351,1.),(0.,
    1.),.UNSPECIFIED.);
#5678 = CARTESIAN_POINT('',(8.722691005187E-02,-5.668335843512E-02,
    3.00001E-02));
#5679 = CARTESIAN_POINT('',(8.722691005187E-02,-5.668335843512E-02,
    2.00001E-02));
#5680 = CARTESIAN_POINT('',(8.896281620702E-02,-5.664464272664E-02,
    3.00001E-02));
#5681 = CARTESIAN_POINT('',(8.896281620702E-02,-5.664464272664E-02,
    2.00001E-02));
#5682 = CARTESIAN_POINT('',(9.235757567352E-02,-5.656892981007E-02,
    3.00001E-02));
#5683 = CARTESIAN_POINT('',(9.235757567352E-02,-5.656892981007E-02,
    2.00001E-02));
#5684 = CARTESIAN_POINT('',(9.731682186007E-02,-5.593207458418E-02,
    3.00001E-02));
#5685 = CARTESIAN_POINT('',(9.731682186007E-02,-5.593207458418E-02,
    2.00001E-02));
#5686 = CARTESIAN_POINT('',(0.102008449538,-5.486882309451E-02,
    3.00001E-02));
#5687 = CARTESIAN_POINT('',(0.102008449538,-5.486882309451E-02,
    2.00001E-02));
#5688 = CARTESIAN_POINT('',(0.106430829162,-5.337491566331E-02,
    3.00001E-02));
#5689 = CARTESIAN_POINT('',(0.106430829162,-5.337491566331E-02,
    2.00001E-02));
#5690 = CARTESIAN_POINT('',(0.110599432288,-5.148720789336E-02,
    3.00001E-02));
#5691 = CARTESIAN_POINT('',(0.110599432288,-5.148720789336E-02,
    2.00001E-02));
#5692 = CARTESIAN_POINT('',(0.114492665136,-4.915381485391E-02,
    3.00001E-02));
#5693 = CARTESIAN_POINT('',(0.114492665136,-4.915381485391E-02,
    2.00001E-02));
#5694 = CARTESIAN_POINT('',(0.118084764003,-4.635636031587E-02,
    3.00001E-02));
#5695 = CARTESIAN_POINT('',(0.118084764003,-4.635636031587E-02,
    2.00001E-02));
#5696 = CARTESIAN_POINT('',(0.121423261802,-4.320761121259E-02,
    3.00001E-02));
#5697 = CARTESIAN_POINT('',(0.121423261802,-4.320761121259E-02,
    2.00001E-02));
#5698 = CARTESIAN_POINT('',(0.124402096966,-3.968460050649E-02,
    3.00001E-02));
#5699 = CARTESIAN_POINT('',(0.124402096966,-3.968460050649E-02,
    2.00001E-02));
#5700 = CARTESIAN_POINT('',(0.127009504998,-3.587393202473E-02,
    3.00001E-02));
#5701 = CARTESIAN_POINT('',(0.127009504998,-3.587393202473E-02,
    2.00001E-02));
#5702 = CARTESIAN_POINT('',(0.129215359856,-3.1787458262E-02,3.00001E-02
    ));
#5703 = CARTESIAN_POINT('',(0.129215359856,-3.1787458262E-02,2.00001E-02
    ));
#5704 = CARTESIAN_POINT('',(0.131005262006,-2.742293579326E-02,
    3.00001E-02));
#5705 = CARTESIAN_POINT('',(0.131005262006,-2.742293579326E-02,
    2.00001E-02));
#5706 = CARTESIAN_POINT('',(0.132400125348,-2.278922423402E-02,
    3.00001E-02));
#5707 = CARTESIAN_POINT('',(0.132400125348,-2.278922423402E-02,
    2.00001E-02));
#5708 = CARTESIAN_POINT('',(0.13337557903,-1.788215259076E-02,
    3.00001E-02));
#5709 = CARTESIAN_POINT('',(0.13337557903,-1.788215259076E-02,
    2.00001E-02));
#5710 = CARTESIAN_POINT('',(0.13400949276,-1.270860540221E-02,
    3.00001E-02));
#5711 = CARTESIAN_POINT('',(0.13400949276,-1.270860540221E-02,
    2.00001E-02));
#5712 = CARTESIAN_POINT('',(0.134070655203,-9.162425736513E-03,
    3.00001E-02));
#5713 = CARTESIAN_POINT('',(0.134070655203,-9.162425736513E-03,
    2.00001E-02));
#5714 = CARTESIAN_POINT('',(0.134101910052,-7.350279166828E-03,
    3.00001E-02));
#5715 = CARTESIAN_POINT('',(0.134101910052,-7.350279166828E-03,
    2.00001E-02));
#5716 = ADVANCED_FACE('',(#5717),#5750,.T.);
#5717 = FACE_BOUND('',#5718,.T.);
#5718 = EDGE_LOOP('',(#5719,#5720,#5721,#5745));
#5719 = ORIENTED_EDGE('',*,*,#1740,.F.);
#5720 = ORIENTED_EDGE('',*,*,#5673,.F.);
#5721 = ORIENTED_EDGE('',*,*,#5722,.T.);
#5722 = EDGE_CURVE('',#5650,#5723,#5725,.T.);
#5723 = VERTEX_POINT('',#5724);
#5724 = CARTESIAN_POINT('',(8.324444053967E-02,4.575566595512E-02,
    3.00001E-02));
#5725 = B_SPLINE_CURVE_WITH_KNOTS('',3,(#5726,#5727,#5728,#5729,#5730,
    #5731,#5732,#5733,#5734,#5735,#5736,#5737,#5738,#5739,#5740,#5741,
    #5742,#5743,#5744),.UNSPECIFIED.,.F.,.F.,(4,1,1,1,1,1,1,1,1,1,1,1,1,
    1,1,1,4),(0.,7.064371857535E-02,0.138256715509,0.203364124218,
    0.266324093803,0.327904761543,0.388737715173,0.449423528109,
    0.510861011459,0.572079396048,0.631734428731,0.691117210579,
    0.75036002949,0.810032900531,0.871362450829,0.934427141231,1.),
  .UNSPECIFIED.);
#5726 = CARTESIAN_POINT('',(0.134101910052,-7.350279166828E-03,
    3.00001E-02));
#5727 = CARTESIAN_POINT('',(0.134058357706,-5.404728055848E-03,
    3.00001E-02));
#5728 = CARTESIAN_POINT('',(0.133973121476,-1.597092898989E-03,
    3.00001E-02));
#5729 = CARTESIAN_POINT('',(0.133295609908,3.970602938724E-03,
    3.00001E-02));
#5730 = CARTESIAN_POINT('',(0.132183924067,9.250002484243E-03,
    3.00001E-02));
#5731 = CARTESIAN_POINT('',(0.130592955634,1.423309175219E-02,
    3.00001E-02));
#5732 = CARTESIAN_POINT('',(0.128566986612,1.892660571056E-02,
    3.00001E-02));
#5733 = CARTESIAN_POINT('',(0.12610429513,2.333678949996E-02,3.00001E-02
    ));
#5734 = CARTESIAN_POINT('',(0.123164865013,2.744092047868E-02,
    3.00001E-02));
#5735 = CARTESIAN_POINT('',(0.119795507564,3.121110308072E-02,
    3.00001E-02));
#5736 = CARTESIAN_POINT('',(0.116107712092,3.462845373084E-02,
    3.00001E-02));
#5737 = CARTESIAN_POINT('',(0.112128596374,3.76104960116E-02,3.00001E-02
    ));
#5738 = CARTESIAN_POINT('',(0.107906158383,4.013057090056E-02,
    3.00001E-02));
#5739 = CARTESIAN_POINT('',(0.103446374773,4.220529654157E-02,
    3.00001E-02));
#5740 = CARTESIAN_POINT('',(9.873285063967E-02,4.378902282804E-02,
    3.00001E-02));
#5741 = CARTESIAN_POINT('',(9.378763926157E-02,4.492641297681E-02,
    3.00001E-02));
#5742 = CARTESIAN_POINT('',(8.859370944913E-02,4.563120581594E-02,
    3.00001E-02));
#5743 = CARTESIAN_POINT('',(8.505055823664E-02,4.571364345378E-02,
    3.00001E-02));
#5744 = CARTESIAN_POINT('',(8.324444053967E-02,4.575566595512E-02,
    3.00001E-02));
#5745 = ORIENTED_EDGE('',*,*,#5746,.T.);
#5746 = EDGE_CURVE('',#5723,#1741,#5747,.T.);
#5747 = B_SPLINE_CURVE_WITH_KNOTS('',1,(#5748,#5749),.UNSPECIFIED.,.F.,
  .F.,(2,2),(0.,1.E-02),.PIECEWISE_BEZIER_KNOTS.);
#5748 = CARTESIAN_POINT('',(8.324444053967E-02,4.575566595512E-02,
    3.00001E-02));
#5749 = CARTESIAN_POINT('',(8.324444053967E-02,4.575566595512E-02,
    2.00001E-02));
#5750 = B_SPLINE_SURFACE_WITH_KNOTS('',3,1,(
    (#5751,#5752)
    ,(#5753,#5754)
    ,(#5755,#5756)
    ,(#5757,#5758)
    ,(#5759,#5760)
    ,(#5761,#5762)
    ,(#5763,#5764)
    ,(#5765,#5766)
    ,(#5767,#5768)
    ,(#5769,#5770)
    ,(#5771,#5772)
    ,(#5773,#5774)
    ,(#5775,#5776)
    ,(#5777,#5778)
    ,(#5779,#5780)
    ,(#5781,#5782)
    ,(#5783,#5784)
    ,(#5785,#5786)
    ,(#5787,#5788
    )),.UNSPECIFIED.,.F.,.F.,.F.,(4,1,1,1,1,1,1,1,1,1,1,1,1,1,1,1,4),(2,
    2),(0.,7.064371857535E-02,0.138256715509,0.203364124218,
    0.266324093803,0.327904761543,0.388737715173,0.449423528109,
    0.510861011459,0.572079396048,0.631734428731,0.691117210579,
    0.75036002949,0.810032900531,0.871362450829,0.934427141231,1.),(0.,
    1.),.UNSPECIFIED.);
#5751 = CARTESIAN_POINT('',(0.134101910052,-7.350279166828E-03,
    3.00001E-02));
#5752 = CARTESIAN_POINT('',(0.134101910052,-7.350279166828E-03,
    2.00001E-02));
#5753 = CARTESIAN_POINT('',(0.134058357706,-5.404728055848E-03,
    3.00001E-02));
#5754 = CARTESIAN_POINT('',(0.134058357706,-5.404728055848E-03,
    2.00001E-02));
#5755 = CARTESIAN_POINT('',(0.133973121476,-1.597092898989E-03,
    3.00001E-02));
#5756 = CARTESIAN_POINT('',(0.133973121476,-1.597092898989E-03,
    2.00001E-02));
#5757 = CARTESIAN_POINT('',(0.133295609908,3.970602938724E-03,
    3.00001E-02));
#5758 = CARTESIAN_POINT('',(0.133295609908,3.970602938724E-03,
    2.00001E-02));
#5759 = CARTESIAN_POINT('',(0.132183924067,9.250002484243E-03,
    3.00001E-02));
#5760 = CARTESIAN_POINT('',(0.132183924067,9.250002484243E-03,
    2.00001E-02));
#5761 = CARTESIAN_POINT('',(0.130592955634,1.423309175219E-02,
    3.00001E-02));
#5762 = CARTESIAN_POINT('',(0.130592955634,1.423309175219E-02,
    2.00001E-02));
#5763 = CARTESIAN_POINT('',(0.128566986612,1.892660571056E-02,
    3.00001E-02));
#5764 = CARTESIAN_POINT('',(0.128566986612,1.892660571056E-02,
    2.00001E-02));
#5765 = CARTESIAN_POINT('',(0.12610429513,2.333678949996E-02,3.00001E-02
    ));
#5766 = CARTESIAN_POINT('',(0.12610429513,2.333678949996E-02,2.00001E-02
    ));
#5767 = CARTESIAN_POINT('',(0.123164865013,2.744092047868E-02,
    3.00001E-02));
#5768 = CARTESIAN_POINT('',(0.123164865013,2.744092047868E-02,
    2.00001E-02));
#5769 = CARTESIAN_POINT('',(0.119795507564,3.121110308072E-02,
    3.00001E-02));
#5770 = CARTESIAN_POINT('',(0.119795507564,3.121110308072E-02,
    2.00001E-02));
#5771 = CARTESIAN_POINT('',(0.116107712092,3.462845373084E-02,
    3.00001E-02));
#5772 = CARTESIAN_POINT('',(0.116107712092,3.462845373084E-02,
    2.00001E-02));
#5773 = CARTESIAN_POINT('',(0.112128596374,3.76104960116E-02,3.00001E-02
    ));
#5774 = CARTESIAN_POINT('',(0.112128596374,3.76104960116E-02,2.00001E-02
    ));
#5775 = CARTESIAN_POINT('',(0.107906158383,4.013057090056E-02,
    3.00001E-02));
#5776 = CARTESIAN_POINT('',(0.107906158383,4.013057090056E-02,
    2.00001E-02));
#5777 = CARTESIAN_POINT('',(0.103446374773,4.220529654157E-02,
    3.00001E-02));
#5778 = CARTESIAN_POINT('',(0.103446374773,4.220529654157E-02,
    2.00001E-02));
#5779 = CARTESIAN_POINT('',(9.873285063967E-02,4.378902282804E-02,
    3.00001E-02));
#5780 = CARTESIAN_POINT('',(9.873285063967E-02,4.378902282804E-02,
    2.00001E-02));
#5781 = CARTESIAN_POINT('',(9.378763926157E-02,4.492641297681E-02,
    3.00001E-02));
#5782 = CARTESIAN_POINT('',(9.378763926157E-02,4.492641297681E-02,
    2.00001E-02));
#5783 = CARTESIAN_POINT('',(8.859370944913E-02,4.563120581594E-02,
    3.00001E-02));
#5784 = CARTESIAN_POINT('',(8.859370944913E-02,4.563120581594E-02,
    2.00001E-02));
#5785 = CARTESIAN_POINT('',(8.505055823664E-02,4.571364345378E-02,
    3.00001E-02));
#5786 = CARTESIAN_POINT('',(8.505055823664E-02,4.571364345378E-02,
    2.00001E-02));
#5787 = CARTESIAN_POINT('',(8.324444053967E-02,4.575566595512E-02,
    3.00001E-02));
#5788 = CARTESIAN_POINT('',(8.324444053967E-02,4.575566595512E-02,
    2.00001E-02));
#5789 = ADVANCED_FACE('',(#5790),#5815,.T.);
#5790 = FACE_BOUND('',#5791,.T.);
#5791 = EDGE_LOOP('',(#5792,#5793,#5794,#5810));
#5792 = ORIENTED_EDGE('',*,*,#1764,.F.);
#5793 = ORIENTED_EDGE('',*,*,#5746,.F.);
#5794 = ORIENTED_EDGE('',*,*,#5795,.T.);
#5795 = EDGE_CURVE('',#5723,#5796,#5798,.T.);
#5796 = VERTEX_POINT('',#5797);
#5797 = CARTESIAN_POINT('',(5.971166614943E-02,4.179225132098E-02,
    3.00001E-02));
#5798 = B_SPLINE_CURVE_WITH_KNOTS('',3,(#5799,#5800,#5801,#5802,#5803,
    #5804,#5805,#5806,#5807,#5808,#5809),.UNSPECIFIED.,.F.,.F.,(4,1,1,1,
    1,1,1,1,4),(0.,0.145186866472,0.28344261092,0.416524365929,
    0.543181123535,0.665153082638,0.781360206313,0.892756655642,1.),
  .UNSPECIFIED.);
#5799 = CARTESIAN_POINT('',(8.324444053967E-02,4.575566595512E-02,
    3.00001E-02));
#5800 = CARTESIAN_POINT('',(8.208175447729E-02,4.574733151156E-02,
    3.00001E-02));
#5801 = CARTESIAN_POINT('',(7.981188819249E-02,4.573106050509E-02,
    3.00001E-02));
#5802 = CARTESIAN_POINT('',(7.648196369562E-02,4.552702057852E-02,
    3.00001E-02));
#5803 = CARTESIAN_POINT('',(7.330723598282E-02,4.52386497067E-02,
    3.00001E-02));
#5804 = CARTESIAN_POINT('',(7.028311084876E-02,4.478898753311E-02,
    3.00001E-02));
#5805 = CARTESIAN_POINT('',(6.740974390068E-02,4.425371159392E-02,
    3.00001E-02));
#5806 = CARTESIAN_POINT('',(6.469789920456E-02,4.355595374138E-02,
    3.00001E-02));
#5807 = CARTESIAN_POINT('',(6.213052957112E-02,4.277412131285E-02,
    3.00001E-02));
#5808 = CARTESIAN_POINT('',(6.050767850049E-02,4.211537028406E-02,
    3.00001E-02));
#5809 = CARTESIAN_POINT('',(5.971166614943E-02,4.179225132098E-02,
    3.00001E-02));
#5810 = ORIENTED_EDGE('',*,*,#5811,.T.);
#5811 = EDGE_CURVE('',#5796,#1765,#5812,.T.);
#5812 = B_SPLINE_CURVE_WITH_KNOTS('',1,(#5813,#5814),.UNSPECIFIED.,.F.,
  .F.,(2,2),(0.,1.E-02),.PIECEWISE_BEZIER_KNOTS.);
#5813 = CARTESIAN_POINT('',(5.971166614943E-02,4.179225132098E-02,
    3.00001E-02));
#5814 = CARTESIAN_POINT('',(5.971166614943E-02,4.179225132098E-02,
    2.00001E-02));
#5815 = B_SPLINE_SURFACE_WITH_KNOTS('',3,1,(
    (#5816,#5817)
    ,(#5818,#5819)
    ,(#5820,#5821)
    ,(#5822,#5823)
    ,(#5824,#5825)
    ,(#5826,#5827)
    ,(#5828,#5829)
    ,(#5830,#5831)
    ,(#5832,#5833)
    ,(#5834,#5835)
    ,(#5836,#5837
  )),.UNSPECIFIED.,.F.,.F.,.F.,(4,1,1,1,1,1,1,1,4),(2,2),(0.,
    0.145186866472,0.28344261092,0.416524365929,0.543181123535,
    0.665153082638,0.781360206313,0.892756655642,1.),(0.,1.),
  .UNSPECIFIED.);
#5816 = CARTESIAN_POINT('',(8.324444053967E-02,4.575566595512E-02,
    3.00001E-02));
#5817 = CARTESIAN_POINT('',(8.324444053967E-02,4.575566595512E-02,
    2.00001E-02));
#5818 = CARTESIAN_POINT('',(8.208175447729E-02,4.574733151156E-02,
    3.00001E-02));
#5819 = CARTESIAN_POINT('',(8.208175447729E-02,4.574733151156E-02,
    2.00001E-02));
#5820 = CARTESIAN_POINT('',(7.981188819249E-02,4.573106050509E-02,
    3.00001E-02));
#5821 = CARTESIAN_POINT('',(7.981188819249E-02,4.573106050509E-02,
    2.00001E-02));
#5822 = CARTESIAN_POINT('',(7.648196369562E-02,4.552702057852E-02,
    3.00001E-02));
#5823 = CARTESIAN_POINT('',(7.648196369562E-02,4.552702057852E-02,
    2.00001E-02));
#5824 = CARTESIAN_POINT('',(7.330723598282E-02,4.52386497067E-02,
    3.00001E-02));
#5825 = CARTESIAN_POINT('',(7.330723598282E-02,4.52386497067E-02,
    2.00001E-02));
#5826 = CARTESIAN_POINT('',(7.028311084876E-02,4.478898753311E-02,
    3.00001E-02));
#5827 = CARTESIAN_POINT('',(7.028311084876E-02,4.478898753311E-02,
    2.00001E-02));
#5828 = CARTESIAN_POINT('',(6.740974390068E-02,4.425371159392E-02,
    3.00001E-02));
#5829 = CARTESIAN_POINT('',(6.740974390068E-02,4.425371159392E-02,
    2.00001E-02));
#5830 = CARTESIAN_POINT('',(6.469789920456E-02,4.355595374138E-02,
    3.00001E-02));
#5831 = CARTESIAN_POINT('',(6.469789920456E-02,4.355595374138E-02,
    2.00001E-02));
#5832 = CARTESIAN_POINT('',(6.213052957112E-02,4.277412131285E-02,
    3.00001E-02));
#5833 = CARTESIAN_POINT('',(6.213052957112E-02,4.277412131285E-02,
    2.00001E-02));
#5834 = CARTESIAN_POINT('',(6.050767850049E-02,4.211537028406E-02,
    3.00001E-02));
#5835 = CARTESIAN_POINT('',(6.050767850049E-02,4.211537028406E-02,
    2.00001E-02));
#5836 = CARTESIAN_POINT('',(5.971166614943E-02,4.179225132098E-02,
    3.00001E-02));
#5837 = CARTESIAN_POINT('',(5.971166614943E-02,4.179225132098E-02,
    2.00001E-02));
#5838 = ADVANCED_FACE('',(#5839),#5855,.T.);
#5839 = FACE_BOUND('',#5840,.T.);
#5840 = EDGE_LOOP('',(#5841,#5842,#5843,#5850));
#5841 = ORIENTED_EDGE('',*,*,#1780,.F.);
#5842 = ORIENTED_EDGE('',*,*,#5811,.F.);
#5843 = ORIENTED_EDGE('',*,*,#5844,.T.);
#5844 = EDGE_CURVE('',#5796,#5845,#5847,.T.);
#5845 = VERTEX_POINT('',#5846);
#5846 = CARTESIAN_POINT('',(5.971166614943E-02,2.837761717464E-02,
    3.00001E-02));
#5847 = B_SPLINE_CURVE_WITH_KNOTS('',1,(#5848,#5849),.UNSPECIFIED.,.F.,
  .F.,(2,2),(-6.938893903907E-18,1.341463414634E-02),
  .PIECEWISE_BEZIER_KNOTS.);
#5848 = CARTESIAN_POINT('',(5.971166614943E-02,4.179225132098E-02,
    3.00001E-02));
#5849 = CARTESIAN_POINT('',(5.971166614943E-02,2.837761717464E-02,
    3.00001E-02));
#5850 = ORIENTED_EDGE('',*,*,#5851,.T.);
#5851 = EDGE_CURVE('',#5845,#1781,#5852,.T.);
#5852 = B_SPLINE_CURVE_WITH_KNOTS('',1,(#5853,#5854),.UNSPECIFIED.,.F.,
  .F.,(2,2),(0.,1.E-02),.PIECEWISE_BEZIER_KNOTS.);
#5853 = CARTESIAN_POINT('',(5.971166614943E-02,2.837761717464E-02,
    3.00001E-02));
#5854 = CARTESIAN_POINT('',(5.971166614943E-02,2.837761717464E-02,
    2.00001E-02));
#5855 = B_SPLINE_SURFACE_WITH_KNOTS('',1,1,(
    (#5856,#5857)
    ,(#5858,#5859)),.UNSPECIFIED.,.F.,.F.,.F.,(2,2),(2,2),(0.,1.E-02),(
    -1.341463414634E-02,8.068271166913E-18),.PIECEWISE_BEZIER_KNOTS.);
#5856 = CARTESIAN_POINT('',(5.971166614943E-02,2.837761717464E-02,
    3.00001E-02));
#5857 = CARTESIAN_POINT('',(5.971166614943E-02,4.179225132098E-02,
    3.00001E-02));
#5858 = CARTESIAN_POINT('',(5.971166614943E-02,2.837761717464E-02,
    2.00001E-02));
#5859 = CARTESIAN_POINT('',(5.971166614943E-02,4.179225132098E-02,
    2.00001E-02));
#5860 = ADVANCED_FACE('',(#5861),#5886,.T.);
#5861 = FACE_BOUND('',#5862,.T.);
#5862 = EDGE_LOOP('',(#5863,#5864,#5865,#5881));
#5863 = ORIENTED_EDGE('',*,*,#1787,.F.);
#5864 = ORIENTED_EDGE('',*,*,#5851,.F.);
#5865 = ORIENTED_EDGE('',*,*,#5866,.T.);
#5866 = EDGE_CURVE('',#5845,#5867,#5869,.T.);
#5867 = VERTEX_POINT('',#5868);
#5868 = CARTESIAN_POINT('',(8.313011127138E-02,3.478005619903E-02,
    3.00001E-02));
#5869 = B_SPLINE_CURVE_WITH_KNOTS('',3,(#5870,#5871,#5872,#5873,#5874,
    #5875,#5876,#5877,#5878,#5879,#5880),.UNSPECIFIED.,.F.,.F.,(4,1,1,1,
    1,1,1,1,4),(0.,0.125279696736,0.249419970742,0.373356799493,
    0.496681278782,0.620202915744,0.745086320161,0.871269195019,1.),
  .UNSPECIFIED.);
#5870 = CARTESIAN_POINT('',(5.971166614943E-02,2.837761717464E-02,
    3.00001E-02));
#5871 = CARTESIAN_POINT('',(6.05997047122E-02,2.889363447378E-02,
    3.00001E-02));
#5872 = CARTESIAN_POINT('',(6.236770509947E-02,2.992097587873E-02,
    3.00001E-02));
#5873 = CARTESIAN_POINT('',(6.514844826085E-02,3.120535482134E-02,
    3.00001E-02));
#5874 = CARTESIAN_POINT('',(6.798277257595E-02,3.231936863875E-02,
    3.00001E-02));
#5875 = CARTESIAN_POINT('',(7.089051973144E-02,3.320866872172E-02,
    3.00001E-02));
#5876 = CARTESIAN_POINT('',(7.385338923086E-02,3.392678536384E-02,
    3.00001E-02));
#5877 = CARTESIAN_POINT('',(7.688691776488E-02,3.440844643512E-02,
    3.00001E-02));
#5878 = CARTESIAN_POINT('',(7.998535787166E-02,3.473250979403E-02,
    3.00001E-02));
#5879 = CARTESIAN_POINT('',(8.207489830044E-02,3.476410213939E-02,
    3.00001E-02));
#5880 = CARTESIAN_POINT('',(8.313011127138E-02,3.478005619903E-02,
    3.00001E-02));
#5881 = ORIENTED_EDGE('',*,*,#5882,.T.);
#5882 = EDGE_CURVE('',#5867,#1788,#5883,.T.);
#5883 = B_SPLINE_CURVE_WITH_KNOTS('',1,(#5884,#5885),.UNSPECIFIED.,.F.,
  .F.,(2,2),(0.,1.E-02),.PIECEWISE_BEZIER_KNOTS.);
#5884 = CARTESIAN_POINT('',(8.313011127138E-02,3.478005619903E-02,
    3.00001E-02));
#5885 = CARTESIAN_POINT('',(8.313011127138E-02,3.478005619903E-02,
    2.00001E-02));
#5886 = B_SPLINE_SURFACE_WITH_KNOTS('',3,1,(
    (#5887,#5888)
    ,(#5889,#5890)
    ,(#5891,#5892)
    ,(#5893,#5894)
    ,(#5895,#5896)
    ,(#5897,#5898)
    ,(#5899,#5900)
    ,(#5901,#5902)
    ,(#5903,#5904)
    ,(#5905,#5906)
    ,(#5907,#5908
  )),.UNSPECIFIED.,.F.,.F.,.F.,(4,1,1,1,1,1,1,1,4),(2,2),(0.,
    0.125279696736,0.249419970742,0.373356799493,0.496681278782,
    0.620202915744,0.745086320161,0.871269195019,1.),(0.,1.),
  .UNSPECIFIED.);
#5887 = CARTESIAN_POINT('',(5.971166614943E-02,2.837761717464E-02,
    3.00001E-02));
#5888 = CARTESIAN_POINT('',(5.971166614943E-02,2.837761717464E-02,
    2.00001E-02));
#5889 = CARTESIAN_POINT('',(6.05997047122E-02,2.889363447378E-02,
    3.00001E-02));
#5890 = CARTESIAN_POINT('',(6.05997047122E-02,2.889363447378E-02,
    2.00001E-02));
#5891 = CARTESIAN_POINT('',(6.236770509947E-02,2.992097587873E-02,
    3.00001E-02));
#5892 = CARTESIAN_POINT('',(6.236770509947E-02,2.992097587873E-02,
    2.00001E-02));
#5893 = CARTESIAN_POINT('',(6.514844826085E-02,3.120535482134E-02,
    3.00001E-02));
#5894 = CARTESIAN_POINT('',(6.514844826085E-02,3.120535482134E-02,
    2.00001E-02));
#5895 = CARTESIAN_POINT('',(6.798277257595E-02,3.231936863875E-02,
    3.00001E-02));
#5896 = CARTESIAN_POINT('',(6.798277257595E-02,3.231936863875E-02,
    2.00001E-02));
#5897 = CARTESIAN_POINT('',(7.089051973144E-02,3.320866872172E-02,
    3.00001E-02));
#5898 = CARTESIAN_POINT('',(7.089051973144E-02,3.320866872172E-02,
    2.00001E-02));
#5899 = CARTESIAN_POINT('',(7.385338923086E-02,3.392678536384E-02,
    3.00001E-02));
#5900 = CARTESIAN_POINT('',(7.385338923086E-02,3.392678536384E-02,
    2.00001E-02));
#5901 = CARTESIAN_POINT('',(7.688691776488E-02,3.440844643512E-02,
    3.00001E-02));
#5902 = CARTESIAN_POINT('',(7.688691776488E-02,3.440844643512E-02,
    2.00001E-02));
#5903 = CARTESIAN_POINT('',(7.998535787166E-02,3.473250979403E-02,
    3.00001E-02));
#5904 = CARTESIAN_POINT('',(7.998535787166E-02,3.473250979403E-02,
    2.00001E-02));
#5905 = CARTESIAN_POINT('',(8.207489830044E-02,3.476410213939E-02,
    3.00001E-02));
#5906 = CARTESIAN_POINT('',(8.207489830044E-02,3.476410213939E-02,
    2.00001E-02));
#5907 = CARTESIAN_POINT('',(8.313011127138E-02,3.478005619903E-02,
    3.00001E-02));
#5908 = CARTESIAN_POINT('',(8.313011127138E-02,3.478005619903E-02,
    2.00001E-02));
#5909 = ADVANCED_FACE('',(#5910),#5943,.T.);
#5910 = FACE_BOUND('',#5911,.T.);
#5911 = EDGE_LOOP('',(#5912,#5913,#5914,#5938));
#5912 = ORIENTED_EDGE('',*,*,#1803,.F.);
#5913 = ORIENTED_EDGE('',*,*,#5882,.F.);
#5914 = ORIENTED_EDGE('',*,*,#5915,.T.);
#5915 = EDGE_CURVE('',#5867,#5916,#5918,.T.);
#5916 = VERTEX_POINT('',#5917);
#5917 = CARTESIAN_POINT('',(0.120687275906,-6.53091941073E-03,
    3.00001E-02));
#5918 = B_SPLINE_CURVE_WITH_KNOTS('',3,(#5919,#5920,#5921,#5922,#5923,
    #5924,#5925,#5926,#5927,#5928,#5929,#5930,#5931,#5932,#5933,#5934,
    #5935,#5936,#5937),.UNSPECIFIED.,.F.,.F.,(4,1,1,1,1,1,1,1,1,1,1,1,1,
    1,1,1,4),(0.,6.460397028839E-02,0.126702413963,0.186756814036,
    0.245505687365,0.30365202445,0.361503073971,0.420240222928,
    0.480033340777,0.540678134776,0.601191806381,0.662333502477,
    0.724739510297,0.789467736173,0.856504860044,0.926312095839,1.),
  .UNSPECIFIED.);
#5919 = CARTESIAN_POINT('',(8.313011127138E-02,3.478005619903E-02,
    3.00001E-02));
#5920 = CARTESIAN_POINT('',(8.448504745783E-02,3.475092259043E-02,
    3.00001E-02));
#5921 = CARTESIAN_POINT('',(8.714237153285E-02,3.469378525784E-02,
    3.00001E-02));
#5922 = CARTESIAN_POINT('',(9.1024519304E-02,3.41328022893E-02,
    3.00001E-02));
#5923 = CARTESIAN_POINT('',(9.472725862218E-02,3.329350836607E-02,
    3.00001E-02));
#5924 = CARTESIAN_POINT('',(9.823574175404E-02,3.206513663818E-02,
    3.00001E-02));
#5925 = CARTESIAN_POINT('',(0.101545984801,3.047973360366E-02,
    3.00001E-02));
#5926 = CARTESIAN_POINT('',(0.104655117201,2.853135287245E-02,
    3.00001E-02));
#5927 = CARTESIAN_POINT('',(0.107582233306,2.6261767635E-02,3.00001E-02)
  );
#5928 = CARTESIAN_POINT('',(0.110282680956,2.364266390958E-02,
    3.00001E-02));
#5929 = CARTESIAN_POINT('',(0.112743539934,2.074635353193E-02,
    3.00001E-02));
#5930 = CARTESIAN_POINT('',(0.114855822967,1.755368246491E-02,
    3.00001E-02));
#5931 = CARTESIAN_POINT('',(0.116687492989,1.415106445613E-02,
    3.00001E-02));
#5932 = CARTESIAN_POINT('',(0.118154290782,1.04788014328E-02,3.00001E-02
    ));
#5933 = CARTESIAN_POINT('',(0.119290240706,6.56506904589E-03,3.00001E-02
    ));
#5934 = CARTESIAN_POINT('',(0.120110157109,2.415207579284E-03,
    3.00001E-02));
#5935 = CARTESIAN_POINT('',(0.120585205378,-1.978436762631E-03,
    3.00001E-02));
#5936 = CARTESIAN_POINT('',(0.120652644458,-4.986310316448E-03,
    3.00001E-02));
#5937 = CARTESIAN_POINT('',(0.120687275906,-6.53091941073E-03,
    3.00001E-02));
#5938 = ORIENTED_EDGE('',*,*,#5939,.T.);
#5939 = EDGE_CURVE('',#5916,#1804,#5940,.T.);
#5940 = B_SPLINE_CURVE_WITH_KNOTS('',1,(#5941,#5942),.UNSPECIFIED.,.F.,
  .F.,(2,2),(0.,1.E-02),.PIECEWISE_BEZIER_KNOTS.);
#5941 = CARTESIAN_POINT('',(0.120687275906,-6.53091941073E-03,
    3.00001E-02));
#5942 = CARTESIAN_POINT('',(0.120687275906,-6.53091941073E-03,
    2.00001E-02));
#5943 = B_SPLINE_SURFACE_WITH_KNOTS('',3,1,(
    (#5944,#5945)
    ,(#5946,#5947)
    ,(#5948,#5949)
    ,(#5950,#5951)
    ,(#5952,#5953)
    ,(#5954,#5955)
    ,(#5956,#5957)
    ,(#5958,#5959)
    ,(#5960,#5961)
    ,(#5962,#5963)
    ,(#5964,#5965)
    ,(#5966,#5967)
    ,(#5968,#5969)
    ,(#5970,#5971)
    ,(#5972,#5973)
    ,(#5974,#5975)
    ,(#5976,#5977)
    ,(#5978,#5979)
    ,(#5980,#5981
    )),.UNSPECIFIED.,.F.,.F.,.F.,(4,1,1,1,1,1,1,1,1,1,1,1,1,1,1,1,4),(2,
    2),(0.,6.460397028839E-02,0.126702413963,0.186756814036,
    0.245505687365,0.30365202445,0.361503073971,0.420240222928,
    0.480033340777,0.540678134776,0.601191806381,0.662333502477,
    0.724739510297,0.789467736173,0.856504860044,0.926312095839,1.),(0.,
    1.),.UNSPECIFIED.);
#5944 = CARTESIAN_POINT('',(8.313011127138E-02,3.478005619903E-02,
    3.00001E-02));
#5945 = CARTESIAN_POINT('',(8.313011127138E-02,3.478005619903E-02,
    2.00001E-02));
#5946 = CARTESIAN_POINT('',(8.448504745783E-02,3.475092259043E-02,
    3.00001E-02));
#5947 = CARTESIAN_POINT('',(8.448504745783E-02,3.475092259043E-02,
    2.00001E-02));
#5948 = CARTESIAN_POINT('',(8.714237153285E-02,3.469378525784E-02,
    3.00001E-02));
#5949 = CARTESIAN_POINT('',(8.714237153285E-02,3.469378525784E-02,
    2.00001E-02));
#5950 = CARTESIAN_POINT('',(9.1024519304E-02,3.41328022893E-02,
    3.00001E-02));
#5951 = CARTESIAN_POINT('',(9.1024519304E-02,3.41328022893E-02,
    2.00001E-02));
#5952 = CARTESIAN_POINT('',(9.472725862218E-02,3.329350836607E-02,
    3.00001E-02));
#5953 = CARTESIAN_POINT('',(9.472725862218E-02,3.329350836607E-02,
    2.00001E-02));
#5954 = CARTESIAN_POINT('',(9.823574175404E-02,3.206513663818E-02,
    3.00001E-02));
#5955 = CARTESIAN_POINT('',(9.823574175404E-02,3.206513663818E-02,
    2.00001E-02));
#5956 = CARTESIAN_POINT('',(0.101545984801,3.047973360366E-02,
    3.00001E-02));
#5957 = CARTESIAN_POINT('',(0.101545984801,3.047973360366E-02,
    2.00001E-02));
#5958 = CARTESIAN_POINT('',(0.104655117201,2.853135287245E-02,
    3.00001E-02));
#5959 = CARTESIAN_POINT('',(0.104655117201,2.853135287245E-02,
    2.00001E-02));
#5960 = CARTESIAN_POINT('',(0.107582233306,2.6261767635E-02,3.00001E-02)
  );
#5961 = CARTESIAN_POINT('',(0.107582233306,2.6261767635E-02,2.00001E-02)
  );
#5962 = CARTESIAN_POINT('',(0.110282680956,2.364266390958E-02,
    3.00001E-02));
#5963 = CARTESIAN_POINT('',(0.110282680956,2.364266390958E-02,
    2.00001E-02));
#5964 = CARTESIAN_POINT('',(0.112743539934,2.074635353193E-02,
    3.00001E-02));
#5965 = CARTESIAN_POINT('',(0.112743539934,2.074635353193E-02,
    2.00001E-02));
#5966 = CARTESIAN_POINT('',(0.114855822967,1.755368246491E-02,
    3.00001E-02));
#5967 = CARTESIAN_POINT('',(0.114855822967,1.755368246491E-02,
    2.00001E-02));
#5968 = CARTESIAN_POINT('',(0.116687492989,1.415106445613E-02,
    3.00001E-02));
#5969 = CARTESIAN_POINT('',(0.116687492989,1.415106445613E-02,
    2.00001E-02));
#5970 = CARTESIAN_POINT('',(0.118154290782,1.04788014328E-02,3.00001E-02
    ));
#5971 = CARTESIAN_POINT('',(0.118154290782,1.04788014328E-02,2.00001E-02
    ));
#5972 = CARTESIAN_POINT('',(0.119290240706,6.56506904589E-03,3.00001E-02
    ));
#5973 = CARTESIAN_POINT('',(0.119290240706,6.56506904589E-03,2.00001E-02
    ));
#5974 = CARTESIAN_POINT('',(0.120110157109,2.415207579284E-03,
    3.00001E-02));
#5975 = CARTESIAN_POINT('',(0.120110157109,2.415207579284E-03,
    2.00001E-02));
#5976 = CARTESIAN_POINT('',(0.120585205378,-1.978436762631E-03,
    3.00001E-02));
#5977 = CARTESIAN_POINT('',(0.120585205378,-1.978436762631E-03,
    2.00001E-02));
#5978 = CARTESIAN_POINT('',(0.120652644458,-4.986310316448E-03,
    3.00001E-02));
#5979 = CARTESIAN_POINT('',(0.120652644458,-4.986310316448E-03,
    2.00001E-02));
#5980 = CARTESIAN_POINT('',(0.120687275906,-6.53091941073E-03,
    3.00001E-02));
#5981 = CARTESIAN_POINT('',(0.120687275906,-6.53091941073E-03,
    2.00001E-02));
#5982 = ADVANCED_FACE('',(#5983),#6016,.T.);
#5983 = FACE_BOUND('',#5984,.T.);
#5984 = EDGE_LOOP('',(#5985,#5986,#5987,#6011));
#5985 = ORIENTED_EDGE('',*,*,#1827,.F.);
#5986 = ORIENTED_EDGE('',*,*,#5939,.F.);
#5987 = ORIENTED_EDGE('',*,*,#5988,.T.);
#5988 = EDGE_CURVE('',#5916,#5989,#5991,.T.);
#5989 = VERTEX_POINT('',#5990);
#5990 = CARTESIAN_POINT('',(8.537858688114E-02,-4.570774867902E-02,
    3.00001E-02));
#5991 = B_SPLINE_CURVE_WITH_KNOTS('',3,(#5992,#5993,#5994,#5995,#5996,
    #5997,#5998,#5999,#6000,#6001,#6002,#6003,#6004,#6005,#6006,#6007,
    #6008,#6009,#6010),.UNSPECIFIED.,.F.,.F.,(4,1,1,1,1,1,1,1,1,1,1,1,1,
    1,1,1,4),(0.,7.377411937406E-02,0.144079114726,0.211348518309,
    0.27607688574,0.33852091582,0.399885116693,0.460254067465,
    0.520588964391,0.580207684563,0.638632908553,0.696364549491,
    0.75400177466,0.812805681374,0.872754425526,0.935181996978,1.),
  .UNSPECIFIED.);
#5992 = CARTESIAN_POINT('',(0.120687275906,-6.53091941073E-03,
    3.00001E-02));
#5993 = CARTESIAN_POINT('',(0.120659493921,-7.993039980307E-03,
    3.00001E-02));
#5994 = CARTESIAN_POINT('',(0.120605236359,-1.084852695968E-02,
    3.00001E-02));
#5995 = CARTESIAN_POINT('',(0.120139077697,-1.501629475196E-02,
    3.00001E-02));
#5996 = CARTESIAN_POINT('',(0.119383953273,-1.895696693643E-02,
    3.00001E-02));
#5997 = CARTESIAN_POINT('',(0.118322719103,-2.266707005439E-02,
    3.00001E-02));
#5998 = CARTESIAN_POINT('',(0.116938908584,-2.614317066204E-02,
    3.00001E-02));
#5999 = CARTESIAN_POINT('',(0.115267313975,-2.939450474741E-02,
    3.00001E-02));
#6000 = CARTESIAN_POINT('',(0.1132687122,-3.240638991085E-02,3.00001E-02
    ));
#6001 = CARTESIAN_POINT('',(0.11098722222,-3.516472583554E-02,
    3.00001E-02));
#6002 = CARTESIAN_POINT('',(0.108454167385,-3.763829104655E-02,
    3.00001E-02));
#6003 = CARTESIAN_POINT('',(0.105722591591,-3.98106370788E-02,
    3.00001E-02));
#6004 = CARTESIAN_POINT('',(0.102786543577,-4.162386976188E-02,
    3.00001E-02));
#6005 = CARTESIAN_POINT('',(9.967340150945E-02,-4.312745985002E-02,
    3.00001E-02));
#6006 = CARTESIAN_POINT('',(9.636909960421E-02,-4.428994236933E-02,
    3.00001E-02));
#6007 = CARTESIAN_POINT('',(9.28674525731E-02,-4.510488338401E-02,
    3.00001E-02));
#6008 = CARTESIAN_POINT('',(8.918521196454E-02,-4.560964031479E-02,
    3.00001E-02));
#6009 = CARTESIAN_POINT('',(8.666325438226E-02,-4.567463887063E-02,
    3.00001E-02));
#6010 = CARTESIAN_POINT('',(8.537858688114E-02,-4.570774867902E-02,
    3.00001E-02));
#6011 = ORIENTED_EDGE('',*,*,#6012,.T.);
#6012 = EDGE_CURVE('',#5989,#1676,#6013,.T.);
#6013 = B_SPLINE_CURVE_WITH_KNOTS('',1,(#6014,#6015),.UNSPECIFIED.,.F.,
  .F.,(2,2),(0.,1.E-02),.PIECEWISE_BEZIER_KNOTS.);
#6014 = CARTESIAN_POINT('',(8.537858688114E-02,-4.570774867902E-02,
    3.00001E-02));
#6015 = CARTESIAN_POINT('',(8.537858688114E-02,-4.570774867902E-02,
    2.00001E-02));
#6016 = B_SPLINE_SURFACE_WITH_KNOTS('',3,1,(
    (#6017,#6018)
    ,(#6019,#6020)
    ,(#6021,#6022)
    ,(#6023,#6024)
    ,(#6025,#6026)
    ,(#6027,#6028)
    ,(#6029,#6030)
    ,(#6031,#6032)
    ,(#6033,#6034)
    ,(#6035,#6036)
    ,(#6037,#6038)
    ,(#6039,#6040)
    ,(#6041,#6042)
    ,(#6043,#6044)
    ,(#6045,#6046)
    ,(#6047,#6048)
    ,(#6049,#6050)
    ,(#6051,#6052)
    ,(#6053,#6054
    )),.UNSPECIFIED.,.F.,.F.,.F.,(4,1,1,1,1,1,1,1,1,1,1,1,1,1,1,1,4),(2,
    2),(0.,7.377411937406E-02,0.144079114726,0.211348518309,
    0.27607688574,0.33852091582,0.399885116693,0.460254067465,
    0.520588964391,0.580207684563,0.638632908553,0.696364549491,
    0.75400177466,0.812805681374,0.872754425526,0.935181996978,1.),(0.,
    1.),.UNSPECIFIED.);
#6017 = CARTESIAN_POINT('',(0.120687275906,-6.53091941073E-03,
    3.00001E-02));
#6018 = CARTESIAN_POINT('',(0.120687275906,-6.53091941073E-03,
    2.00001E-02));
#6019 = CARTESIAN_POINT('',(0.120659493921,-7.993039980307E-03,
    3.00001E-02));
#6020 = CARTESIAN_POINT('',(0.120659493921,-7.993039980307E-03,
    2.00001E-02));
#6021 = CARTESIAN_POINT('',(0.120605236359,-1.084852695968E-02,
    3.00001E-02));
#6022 = CARTESIAN_POINT('',(0.120605236359,-1.084852695968E-02,
    2.00001E-02));
#6023 = CARTESIAN_POINT('',(0.120139077697,-1.501629475196E-02,
    3.00001E-02));
#6024 = CARTESIAN_POINT('',(0.120139077697,-1.501629475196E-02,
    2.00001E-02));
#6025 = CARTESIAN_POINT('',(0.119383953273,-1.895696693643E-02,
    3.00001E-02));
#6026 = CARTESIAN_POINT('',(0.119383953273,-1.895696693643E-02,
    2.00001E-02));
#6027 = CARTESIAN_POINT('',(0.118322719103,-2.266707005439E-02,
    3.00001E-02));
#6028 = CARTESIAN_POINT('',(0.118322719103,-2.266707005439E-02,
    2.00001E-02));
#6029 = CARTESIAN_POINT('',(0.116938908584,-2.614317066204E-02,
    3.00001E-02));
#6030 = CARTESIAN_POINT('',(0.116938908584,-2.614317066204E-02,
    2.00001E-02));
#6031 = CARTESIAN_POINT('',(0.115267313975,-2.939450474741E-02,
    3.00001E-02));
#6032 = CARTESIAN_POINT('',(0.115267313975,-2.939450474741E-02,
    2.00001E-02));
#6033 = CARTESIAN_POINT('',(0.1132687122,-3.240638991085E-02,3.00001E-02
    ));
#6034 = CARTESIAN_POINT('',(0.1132687122,-3.240638991085E-02,2.00001E-02
    ));
#6035 = CARTESIAN_POINT('',(0.11098722222,-3.516472583554E-02,
    3.00001E-02));
#6036 = CARTESIAN_POINT('',(0.11098722222,-3.516472583554E-02,
    2.00001E-02));
#6037 = CARTESIAN_POINT('',(0.108454167385,-3.763829104655E-02,
    3.00001E-02));
#6038 = CARTESIAN_POINT('',(0.108454167385,-3.763829104655E-02,
    2.00001E-02));
#6039 = CARTESIAN_POINT('',(0.105722591591,-3.98106370788E-02,
    3.00001E-02));
#6040 = CARTESIAN_POINT('',(0.105722591591,-3.98106370788E-02,
    2.00001E-02));
#6041 = CARTESIAN_POINT('',(0.102786543577,-4.162386976188E-02,
    3.00001E-02));
#6042 = CARTESIAN_POINT('',(0.102786543577,-4.162386976188E-02,
    2.00001E-02));
#6043 = CARTESIAN_POINT('',(9.967340150945E-02,-4.312745985002E-02,
    3.00001E-02));
#6044 = CARTESIAN_POINT('',(9.967340150945E-02,-4.312745985002E-02,
    2.00001E-02));
#6045 = CARTESIAN_POINT('',(9.636909960421E-02,-4.428994236933E-02,
    3.00001E-02));
#6046 = CARTESIAN_POINT('',(9.636909960421E-02,-4.428994236933E-02,
    2.00001E-02));
#6047 = CARTESIAN_POINT('',(9.28674525731E-02,-4.510488338401E-02,
    3.00001E-02));
#6048 = CARTESIAN_POINT('',(9.28674525731E-02,-4.510488338401E-02,
    2.00001E-02));
#6049 = CARTESIAN_POINT('',(8.918521196454E-02,-4.560964031479E-02,
    3.00001E-02));
#6050 = CARTESIAN_POINT('',(8.918521196454E-02,-4.560964031479E-02,
    2.00001E-02));
#6051 = CARTESIAN_POINT('',(8.666325438226E-02,-4.567463887063E-02,
    3.00001E-02));
#6052 = CARTESIAN_POINT('',(8.666325438226E-02,-4.567463887063E-02,
    2.00001E-02));
#6053 = CARTESIAN_POINT('',(8.537858688114E-02,-4.570774867902E-02,
    3.00001E-02));
#6054 = CARTESIAN_POINT('',(8.537858688114E-02,-4.570774867902E-02,
    2.00001E-02));
#6055 = ADVANCED_FACE('',(#6056),#6075,.T.);
#6056 = FACE_BOUND('',#6057,.T.);
#6057 = EDGE_LOOP('',(#6058,#6059,#6060,#6074));
#6058 = ORIENTED_EDGE('',*,*,#1675,.F.);
#6059 = ORIENTED_EDGE('',*,*,#6012,.F.);
#6060 = ORIENTED_EDGE('',*,*,#6061,.T.);
#6061 = EDGE_CURVE('',#5989,#5572,#6062,.T.);
#6062 = B_SPLINE_CURVE_WITH_KNOTS('',3,(#6063,#6064,#6065,#6066,#6067,
    #6068,#6069,#6070,#6071,#6072,#6073),.UNSPECIFIED.,.F.,.F.,(4,1,1,1,
    1,1,1,1,4),(0.,0.135294604763,0.266765657925,0.394816018836,
    0.520051654434,0.642175702971,0.762651820558,0.881834004381,1.),
  .UNSPECIFIED.);
#6063 = CARTESIAN_POINT('',(8.537858688114E-02,-4.570774867902E-02,
    3.00001E-02));
#6064 = CARTESIAN_POINT('',(8.417104482456E-02,-4.569189462428E-02,
    3.00001E-02));
#6065 = CARTESIAN_POINT('',(8.179008697515E-02,-4.566063456516E-02,
    3.00001E-02));
#6066 = CARTESIAN_POINT('',(7.827889879105E-02,-4.533983707027E-02,
    3.00001E-02));
#6067 = CARTESIAN_POINT('',(7.487787591287E-02,-4.485701513877E-02,
    3.00001E-02));
#6068 = CARTESIAN_POINT('',(7.160180082751E-02,-4.414634366657E-02,
    3.00001E-02));
#6069 = CARTESIAN_POINT('',(6.843944142974E-02,-4.325674338157E-02,
    3.00001E-02));
#6070 = CARTESIAN_POINT('',(6.540872613129E-02,-4.213933727084E-02,
    3.00001E-02));
#6071 = CARTESIAN_POINT('',(6.24772702858E-02,-4.086302843218E-02,
    3.00001E-02));
#6072 = CARTESIAN_POINT('',(6.063089916231E-02,-3.982306507244E-02,
    3.00001E-02));
#6073 = CARTESIAN_POINT('',(5.971166614943E-02,-3.930530965463E-02,
    3.00001E-02));
#6074 = ORIENTED_EDGE('',*,*,#5571,.T.);
#6075 = B_SPLINE_SURFACE_WITH_KNOTS('',3,1,(
    (#6076,#6077)
    ,(#6078,#6079)
    ,(#6080,#6081)
    ,(#6082,#6083)
    ,(#6084,#6085)
    ,(#6086,#6087)
    ,(#6088,#6089)
    ,(#6090,#6091)
    ,(#6092,#6093)
    ,(#6094,#6095)
    ,(#6096,#6097
  )),.UNSPECIFIED.,.F.,.F.,.F.,(4,1,1,1,1,1,1,1,4),(2,2),(0.,
    0.135294604763,0.266765657925,0.394816018836,0.520051654434,
    0.642175702971,0.762651820558,0.881834004381,1.),(0.,1.),
  .UNSPECIFIED.);
#6076 = CARTESIAN_POINT('',(8.537858688114E-02,-4.570774867902E-02,
    3.00001E-02));
#6077 = CARTESIAN_POINT('',(8.537858688114E-02,-4.570774867902E-02,
    2.00001E-02));
#6078 = CARTESIAN_POINT('',(8.417104482456E-02,-4.569189462428E-02,
    3.00001E-02));
#6079 = CARTESIAN_POINT('',(8.417104482456E-02,-4.569189462428E-02,
    2.00001E-02));
#6080 = CARTESIAN_POINT('',(8.179008697515E-02,-4.566063456516E-02,
    3.00001E-02));
#6081 = CARTESIAN_POINT('',(8.179008697515E-02,-4.566063456516E-02,
    2.00001E-02));
#6082 = CARTESIAN_POINT('',(7.827889879105E-02,-4.533983707027E-02,
    3.00001E-02));
#6083 = CARTESIAN_POINT('',(7.827889879105E-02,-4.533983707027E-02,
    2.00001E-02));
#6084 = CARTESIAN_POINT('',(7.487787591287E-02,-4.485701513877E-02,
    3.00001E-02));
#6085 = CARTESIAN_POINT('',(7.487787591287E-02,-4.485701513877E-02,
    2.00001E-02));
#6086 = CARTESIAN_POINT('',(7.160180082751E-02,-4.414634366657E-02,
    3.00001E-02));
#6087 = CARTESIAN_POINT('',(7.160180082751E-02,-4.414634366657E-02,
    2.00001E-02));
#6088 = CARTESIAN_POINT('',(6.843944142974E-02,-4.325674338157E-02,
    3.00001E-02));
#6089 = CARTESIAN_POINT('',(6.843944142974E-02,-4.325674338157E-02,
    2.00001E-02));
#6090 = CARTESIAN_POINT('',(6.540872613129E-02,-4.213933727084E-02,
    3.00001E-02));
#6091 = CARTESIAN_POINT('',(6.540872613129E-02,-4.213933727084E-02,
    2.00001E-02));
#6092 = CARTESIAN_POINT('',(6.24772702858E-02,-4.086302843218E-02,
    3.00001E-02));
#6093 = CARTESIAN_POINT('',(6.24772702858E-02,-4.086302843218E-02,
    2.00001E-02));
#6094 = CARTESIAN_POINT('',(6.063089916231E-02,-3.982306507244E-02,
    3.00001E-02));
#6095 = CARTESIAN_POINT('',(6.063089916231E-02,-3.982306507244E-02,
    2.00001E-02));
#6096 = CARTESIAN_POINT('',(5.971166614943E-02,-3.930530965463E-02,
    3.00001E-02));
#6097 = CARTESIAN_POINT('',(5.971166614943E-02,-3.930530965463E-02,
    2.00001E-02));
#6098 = ADVANCED_FACE('',(#6099),#6111,.T.);
#6099 = FACE_BOUND('',#6100,.T.);
#6100 = EDGE_LOOP('',(#6101,#6102,#6103,#6104,#6105,#6106,#6107,#6108,
    #6109,#6110));
#6101 = ORIENTED_EDGE('',*,*,#5578,.F.);
#6102 = ORIENTED_EDGE('',*,*,#6061,.F.);
#6103 = ORIENTED_EDGE('',*,*,#5988,.F.);
#6104 = ORIENTED_EDGE('',*,*,#5915,.F.);
#6105 = ORIENTED_EDGE('',*,*,#5866,.F.);
#6106 = ORIENTED_EDGE('',*,*,#5844,.F.);
#6107 = ORIENTED_EDGE('',*,*,#5795,.F.);
#6108 = ORIENTED_EDGE('',*,*,#5722,.F.);
#6109 = ORIENTED_EDGE('',*,*,#5649,.F.);
#6110 = ORIENTED_EDGE('',*,*,#5600,.F.);
#6111 = B_SPLINE_SURFACE_WITH_KNOTS('',1,1,(
    (#6112,#6113)
    ,(#6114,#6115
    )),.UNSPECIFIED.,.F.,.F.,.F.,(2,2),(2,2),(-1.38726664463E-03,
    0.101051757746),(-1.331880435891E-02,6.107143954353E-02),
  .PIECEWISE_BEZIER_KNOTS.);
#6112 = CARTESIAN_POINT('',(5.971166614943E-02,-5.668335843512E-02,
    3.000009999999E-02));
#6113 = CARTESIAN_POINT('',(0.134101910052,-5.668335843512E-02,
    3.000010000003E-02));
#6114 = CARTESIAN_POINT('',(5.971166614943E-02,4.575566595512E-02,
    3.000010000008E-02));
#6115 = CARTESIAN_POINT('',(0.134101910052,4.575566595512E-02,
    3.000010000011E-02));
#6116 = ADVANCED_FACE('',(#6117),#6139,.T.);
#6117 = FACE_BOUND('',#6118,.T.);
#6118 = EDGE_LOOP('',(#6119,#6120,#6127,#6134));
#6119 = ORIENTED_EDGE('',*,*,#1860,.F.);
#6120 = ORIENTED_EDGE('',*,*,#6121,.F.);
#6121 = EDGE_CURVE('',#6122,#1854,#6124,.T.);
#6122 = VERTEX_POINT('',#6123);
#6123 = CARTESIAN_POINT('',(0.142638495418,-4.44882364839E-02,
    3.00001E-02));
#6124 = B_SPLINE_CURVE_WITH_KNOTS('',1,(#6125,#6126),.UNSPECIFIED.,.F.,
  .F.,(2,2),(0.,1.E-02),.PIECEWISE_BEZIER_KNOTS.);
#6125 = CARTESIAN_POINT('',(0.142638495418,-4.44882364839E-02,
    3.00001E-02));
#6126 = CARTESIAN_POINT('',(0.142638495418,-4.44882364839E-02,
    2.00001E-02));
#6127 = ORIENTED_EDGE('',*,*,#6128,.T.);
#6128 = EDGE_CURVE('',#6122,#6129,#6131,.T.);
#6129 = VERTEX_POINT('',#6130);
#6130 = CARTESIAN_POINT('',(0.142638495418,-5.546384624E-02,3.00001E-02)
  );
#6131 = B_SPLINE_CURVE_WITH_KNOTS('',1,(#6132,#6133),.UNSPECIFIED.,.F.,
  .F.,(2,2),(0.,1.09756097561E-02),.PIECEWISE_BEZIER_KNOTS.);
#6132 = CARTESIAN_POINT('',(0.142638495418,-4.44882364839E-02,
    3.00001E-02));
#6133 = CARTESIAN_POINT('',(0.142638495418,-5.546384624E-02,3.00001E-02)
  );
#6134 = ORIENTED_EDGE('',*,*,#6135,.T.);
#6135 = EDGE_CURVE('',#6129,#1861,#6136,.T.);
#6136 = B_SPLINE_CURVE_WITH_KNOTS('',1,(#6137,#6138),.UNSPECIFIED.,.F.,
  .F.,(2,2),(0.,1.E-02),.PIECEWISE_BEZIER_KNOTS.);
#6137 = CARTESIAN_POINT('',(0.142638495418,-5.546384624E-02,3.00001E-02)
  );
#6138 = CARTESIAN_POINT('',(0.142638495418,-5.546384624E-02,2.00001E-02)
  );
#6139 = B_SPLINE_SURFACE_WITH_KNOTS('',1,1,(
    (#6140,#6141)
    ,(#6142,#6143
    )),.UNSPECIFIED.,.F.,.F.,.F.,(2,2),(2,2),(0.,1.E-02),(
    -1.09756097561E-02,1.129377263006E-18),.PIECEWISE_BEZIER_KNOTS.);
#6140 = CARTESIAN_POINT('',(0.142638495418,-5.546384624E-02,3.00001E-02)
  );
#6141 = CARTESIAN_POINT('',(0.142638495418,-4.44882364839E-02,
    3.00001E-02));
#6142 = CARTESIAN_POINT('',(0.142638495418,-5.546384624E-02,2.00001E-02)
  );
#6143 = CARTESIAN_POINT('',(0.142638495418,-4.44882364839E-02,
    2.00001E-02));
#6144 = ADVANCED_FACE('',(#6145),#6161,.T.);
#6145 = FACE_BOUND('',#6146,.T.);
#6146 = EDGE_LOOP('',(#6147,#6148,#6149,#6156));
#6147 = ORIENTED_EDGE('',*,*,#1867,.F.);
#6148 = ORIENTED_EDGE('',*,*,#6135,.F.);
#6149 = ORIENTED_EDGE('',*,*,#6150,.T.);
#6150 = EDGE_CURVE('',#6129,#6151,#6153,.T.);
#6151 = VERTEX_POINT('',#6152);
#6152 = CARTESIAN_POINT('',(0.193858007613,-5.546384624E-02,3.00001E-02)
  );
#6153 = B_SPLINE_CURVE_WITH_KNOTS('',1,(#6154,#6155),.UNSPECIFIED.,.F.,
  .F.,(2,2),(0.,5.121951219512E-02),.PIECEWISE_BEZIER_KNOTS.);
#6154 = CARTESIAN_POINT('',(0.142638495418,-5.546384624E-02,3.00001E-02)
  );
#6155 = CARTESIAN_POINT('',(0.193858007613,-5.546384624E-02,3.00001E-02)
  );
#6156 = ORIENTED_EDGE('',*,*,#6157,.T.);
#6157 = EDGE_CURVE('',#6151,#1868,#6158,.T.);
#6158 = B_SPLINE_CURVE_WITH_KNOTS('',1,(#6159,#6160),.UNSPECIFIED.,.F.,
  .F.,(2,2),(0.,1.E-02),.PIECEWISE_BEZIER_KNOTS.);
#6159 = CARTESIAN_POINT('',(0.193858007613,-5.546384624E-02,3.00001E-02)
  );
#6160 = CARTESIAN_POINT('',(0.193858007613,-5.546384624E-02,2.00001E-02)
  );
#6161 = B_SPLINE_SURFACE_WITH_KNOTS('',1,1,(
    (#6162,#6163)
    ,(#6164,#6165
    )),.UNSPECIFIED.,.F.,.F.,.F.,(2,2),(2,2),(-1.E-02,0.),(0.,
    5.121951219512E-02),.PIECEWISE_BEZIER_KNOTS.);
#6162 = CARTESIAN_POINT('',(0.142638495418,-5.546384624E-02,2.00001E-02)
  );
#6163 = CARTESIAN_POINT('',(0.193858007613,-5.546384624E-02,2.00001E-02)
  );
#6164 = CARTESIAN_POINT('',(0.142638495418,-5.546384624E-02,3.00001E-02)
  );
#6165 = CARTESIAN_POINT('',(0.193858007613,-5.546384624E-02,3.00001E-02)
  );
#6166 = ADVANCED_FACE('',(#6167),#6183,.T.);
#6167 = FACE_BOUND('',#6168,.T.);
#6168 = EDGE_LOOP('',(#6169,#6170,#6171,#6178));
#6169 = ORIENTED_EDGE('',*,*,#1874,.F.);
#6170 = ORIENTED_EDGE('',*,*,#6157,.F.);
#6171 = ORIENTED_EDGE('',*,*,#6172,.T.);
#6172 = EDGE_CURVE('',#6151,#6173,#6175,.T.);
#6173 = VERTEX_POINT('',#6174);
#6174 = CARTESIAN_POINT('',(0.193858007613,4.453615376E-02,3.00001E-02)
  );
#6175 = B_SPLINE_CURVE_WITH_KNOTS('',1,(#6176,#6177),.UNSPECIFIED.,.F.,
  .F.,(2,2),(0.,0.1),.PIECEWISE_BEZIER_KNOTS.);
#6176 = CARTESIAN_POINT('',(0.193858007613,-5.546384624E-02,3.00001E-02)
  );
#6177 = CARTESIAN_POINT('',(0.193858007613,4.453615376E-02,3.00001E-02)
  );
#6178 = ORIENTED_EDGE('',*,*,#6179,.T.);
#6179 = EDGE_CURVE('',#6173,#1875,#6180,.T.);
#6180 = B_SPLINE_CURVE_WITH_KNOTS('',1,(#6181,#6182),.UNSPECIFIED.,.F.,
  .F.,(2,2),(0.,1.E-02),.PIECEWISE_BEZIER_KNOTS.);
#6181 = CARTESIAN_POINT('',(0.193858007613,4.453615376E-02,3.00001E-02)
  );
#6182 = CARTESIAN_POINT('',(0.193858007613,4.453615376E-02,2.00001E-02)
  );
#6183 = B_SPLINE_SURFACE_WITH_KNOTS('',1,1,(
    (#6184,#6185)
    ,(#6186,#6187
    )),.UNSPECIFIED.,.F.,.F.,.F.,(2,2),(2,2),(-1.E-02,0.),(0.,0.1),
  .PIECEWISE_BEZIER_KNOTS.);
#6184 = CARTESIAN_POINT('',(0.193858007613,-5.546384624E-02,2.00001E-02)
  );
#6185 = CARTESIAN_POINT('',(0.193858007613,4.453615376E-02,2.00001E-02)
  );
#6186 = CARTESIAN_POINT('',(0.193858007613,-5.546384624E-02,3.00001E-02)
  );
#6187 = CARTESIAN_POINT('',(0.193858007613,4.453615376E-02,3.00001E-02)
  );
#6188 = ADVANCED_FACE('',(#6189),#6205,.T.);
#6189 = FACE_BOUND('',#6190,.T.);
#6190 = EDGE_LOOP('',(#6191,#6192,#6193,#6200));
#6191 = ORIENTED_EDGE('',*,*,#1881,.F.);
#6192 = ORIENTED_EDGE('',*,*,#6179,.F.);
#6193 = ORIENTED_EDGE('',*,*,#6194,.T.);
#6194 = EDGE_CURVE('',#6173,#6195,#6197,.T.);
#6195 = VERTEX_POINT('',#6196);
#6196 = CARTESIAN_POINT('',(0.180443373467,4.453615376E-02,3.00001E-02)
  );
#6197 = B_SPLINE_CURVE_WITH_KNOTS('',1,(#6198,#6199),.UNSPECIFIED.,.F.,
  .F.,(2,2),(0.,1.341463414634E-02),.PIECEWISE_BEZIER_KNOTS.);
#6198 = CARTESIAN_POINT('',(0.193858007613,4.453615376E-02,3.00001E-02)
  );
#6199 = CARTESIAN_POINT('',(0.180443373467,4.453615376E-02,3.00001E-02)
  );
#6200 = ORIENTED_EDGE('',*,*,#6201,.T.);
#6201 = EDGE_CURVE('',#6195,#1882,#6202,.T.);
#6202 = B_SPLINE_CURVE_WITH_KNOTS('',1,(#6203,#6204),.UNSPECIFIED.,.F.,
  .F.,(2,2),(0.,1.E-02),.PIECEWISE_BEZIER_KNOTS.);
#6203 = CARTESIAN_POINT('',(0.180443373467,4.453615376E-02,3.00001E-02)
  );
#6204 = CARTESIAN_POINT('',(0.180443373467,4.453615376E-02,2.00001E-02)
  );
#6205 = B_SPLINE_SURFACE_WITH_KNOTS('',1,1,(
    (#6206,#6207)
    ,(#6208,#6209)),.UNSPECIFIED.,.F.,.F.,.F.,(2,2),(2,2),(0.,1.E-02),(
    -1.341463414634E-02,0.),.PIECEWISE_BEZIER_KNOTS.);
#6206 = CARTESIAN_POINT('',(0.180443373467,4.453615376E-02,3.00001E-02)
  );
#6207 = CARTESIAN_POINT('',(0.193858007613,4.453615376E-02,3.00001E-02)
  );
#6208 = CARTESIAN_POINT('',(0.180443373467,4.453615376E-02,2.00001E-02)
  );
#6209 = CARTESIAN_POINT('',(0.193858007613,4.453615376E-02,2.00001E-02)
  );
#6210 = ADVANCED_FACE('',(#6211),#6227,.T.);
#6211 = FACE_BOUND('',#6212,.T.);
#6212 = EDGE_LOOP('',(#6213,#6214,#6215,#6222));
#6213 = ORIENTED_EDGE('',*,*,#1888,.F.);
#6214 = ORIENTED_EDGE('',*,*,#6201,.F.);
#6215 = ORIENTED_EDGE('',*,*,#6216,.T.);
#6216 = EDGE_CURVE('',#6195,#6217,#6219,.T.);
#6217 = VERTEX_POINT('',#6218);
#6218 = CARTESIAN_POINT('',(0.180443373467,-4.44882364839E-02,
    3.00001E-02));
#6219 = B_SPLINE_CURVE_WITH_KNOTS('',1,(#6220,#6221),.UNSPECIFIED.,.F.,
  .F.,(2,2),(0.,8.90243902439E-02),.PIECEWISE_BEZIER_KNOTS.);
#6220 = CARTESIAN_POINT('',(0.180443373467,4.453615376E-02,3.00001E-02)
  );
#6221 = CARTESIAN_POINT('',(0.180443373467,-4.44882364839E-02,
    3.00001E-02));
#6222 = ORIENTED_EDGE('',*,*,#6223,.T.);
#6223 = EDGE_CURVE('',#6217,#1852,#6224,.T.);
#6224 = B_SPLINE_CURVE_WITH_KNOTS('',1,(#6225,#6226),.UNSPECIFIED.,.F.,
  .F.,(2,2),(0.,1.E-02),.PIECEWISE_BEZIER_KNOTS.);
#6225 = CARTESIAN_POINT('',(0.180443373467,-4.44882364839E-02,
    3.00001E-02));
#6226 = CARTESIAN_POINT('',(0.180443373467,-4.44882364839E-02,
    2.00001E-02));
#6227 = B_SPLINE_SURFACE_WITH_KNOTS('',1,1,(
    (#6228,#6229)
    ,(#6230,#6231
    )),.UNSPECIFIED.,.F.,.F.,.F.,(2,2),(2,2),(0.,1.E-02),(
    -8.90243902439E-02,1.129377263006E-18),.PIECEWISE_BEZIER_KNOTS.);
#6228 = CARTESIAN_POINT('',(0.180443373467,-4.44882364839E-02,
    3.00001E-02));
#6229 = CARTESIAN_POINT('',(0.180443373467,4.453615376E-02,3.00001E-02)
  );
#6230 = CARTESIAN_POINT('',(0.180443373467,-4.44882364839E-02,
    2.00001E-02));
#6231 = CARTESIAN_POINT('',(0.180443373467,4.453615376E-02,2.00001E-02)
  );
#6232 = ADVANCED_FACE('',(#6233),#6243,.T.);
#6233 = FACE_BOUND('',#6234,.T.);
#6234 = EDGE_LOOP('',(#6235,#6236,#6237,#6242));
#6235 = ORIENTED_EDGE('',*,*,#1851,.F.);
#6236 = ORIENTED_EDGE('',*,*,#6223,.F.);
#6237 = ORIENTED_EDGE('',*,*,#6238,.T.);
#6238 = EDGE_CURVE('',#6217,#6122,#6239,.T.);
#6239 = B_SPLINE_CURVE_WITH_KNOTS('',1,(#6240,#6241),.UNSPECIFIED.,.F.,
  .F.,(2,2),(0.,3.780487804878E-02),.PIECEWISE_BEZIER_KNOTS.);
#6240 = CARTESIAN_POINT('',(0.180443373467,-4.44882364839E-02,
    3.00001E-02));
#6241 = CARTESIAN_POINT('',(0.142638495418,-4.44882364839E-02,
    3.00001E-02));
#6242 = ORIENTED_EDGE('',*,*,#6121,.T.);
#6243 = B_SPLINE_SURFACE_WITH_KNOTS('',1,1,(
    (#6244,#6245)
    ,(#6246,#6247)),.UNSPECIFIED.,.F.,.F.,.F.,(2,2),(2,2),(0.,1.E-02),(
    -3.780487804878E-02,0.),.PIECEWISE_BEZIER_KNOTS.);
#6244 = CARTESIAN_POINT('',(0.142638495418,-4.44882364839E-02,
    3.00001E-02));
#6245 = CARTESIAN_POINT('',(0.180443373467,-4.44882364839E-02,
    3.00001E-02));
#6246 = CARTESIAN_POINT('',(0.142638495418,-4.44882364839E-02,
    2.00001E-02));
#6247 = CARTESIAN_POINT('',(0.180443373467,-4.44882364839E-02,
    2.00001E-02));
#6248 = ADVANCED_FACE('',(#6249),#6257,.F.);
#6249 = FACE_BOUND('',#6250,.T.);
#6250 = EDGE_LOOP('',(#6251,#6252,#6253,#6254,#6255,#6256));
#6251 = ORIENTED_EDGE('',*,*,#6128,.F.);
#6252 = ORIENTED_EDGE('',*,*,#6238,.F.);
#6253 = ORIENTED_EDGE('',*,*,#6216,.F.);
#6254 = ORIENTED_EDGE('',*,*,#6194,.F.);
#6255 = ORIENTED_EDGE('',*,*,#6172,.F.);
#6256 = ORIENTED_EDGE('',*,*,#6150,.F.);
#6257 = B_SPLINE_SURFACE_WITH_KNOTS('',1,1,(
    (#6258,#6259)
    ,(#6260,#6261
    )),.UNSPECIFIED.,.F.,.F.,.F.,(2,2),(2,2),(0.142638495418,
    0.193858007613),(-5.546384624E-02,4.453615376E-02),
  .PIECEWISE_BEZIER_KNOTS.);
#6258 = CARTESIAN_POINT('',(0.142638495418,-5.546384624E-02,3.00001E-02)
  );
#6259 = CARTESIAN_POINT('',(0.142638495418,4.453615376E-02,3.00001E-02)
  );
#6260 = CARTESIAN_POINT('',(0.193858007613,-5.546384624E-02,3.00001E-02)
  );
#6261 = CARTESIAN_POINT('',(0.193858007613,4.453615376E-02,3.00001E-02)
  );
#6262 = ADVANCED_FACE('',(#6263),#6271,.T.);
#6263 = FACE_BOUND('',#6264,.T.);
#6264 = EDGE_LOOP('',(#6265,#6266,#6267,#6268,#6269,#6270));
#6265 = ORIENTED_EDGE('',*,*,#4644,.T.);
#6266 = ORIENTED_EDGE('',*,*,#4616,.T.);
#6267 = ORIENTED_EDGE('',*,*,#4762,.T.);
#6268 = ORIENTED_EDGE('',*,*,#4725,.T.);
#6269 = ORIENTED_EDGE('',*,*,#4703,.T.);
#6270 = ORIENTED_EDGE('',*,*,#4666,.T.);
#6271 = B_SPLINE_SURFACE_WITH_KNOTS('',1,1,(
    (#6272,#6273)
    ,(#6274,#6275
    )),.UNSPECIFIED.,.F.,.F.,.F.,(2,2),(2,2),(-0.646439455996,
    -0.597658968191),(0.718229196637,0.751670507613),
  .PIECEWISE_BEZIER_KNOTS.);
#6272 = CARTESIAN_POINT('',(-0.181770803363,-1.64394559961E-02,
    2.00001E-02));
#6273 = CARTESIAN_POINT('',(-0.148329492387,-1.64394559961E-02,
    2.00001E-02));
#6274 = CARTESIAN_POINT('',(-0.181770803363,3.234103180878E-02,
    2.00001E-02));
#6275 = CARTESIAN_POINT('',(-0.148329492387,3.234103180878E-02,
    2.00001E-02));
#6276 = ADVANCED_FACE('',(#6277),#6284,.T.);
#6277 = FACE_BOUND('',#6278,.T.);
#6278 = EDGE_LOOP('',(#6279,#6280,#6281,#6282,#6283));
#6279 = ORIENTED_EDGE('',*,*,#5102,.T.);
#6280 = ORIENTED_EDGE('',*,*,#5074,.T.);
#6281 = ORIENTED_EDGE('',*,*,#5270,.T.);
#6282 = ORIENTED_EDGE('',*,*,#5248,.T.);
#6283 = ORIENTED_EDGE('',*,*,#5175,.T.);
#6284 = B_SPLINE_SURFACE_WITH_KNOTS('',1,1,(
    (#6285,#6286)
    ,(#6287,#6288
    )),.UNSPECIFIED.,.F.,.F.,.F.,(2,2),(2,2),(-0.674488236484,
    -0.596439455996),(0.799955568588,0.853614105174),
  .PIECEWISE_BEZIER_KNOTS.);
#6285 = CARTESIAN_POINT('',(-0.100044431412,-4.44882364839E-02,
    2.00001E-02));
#6286 = CARTESIAN_POINT('',(-4.638589482618E-02,-4.44882364839E-02,
    2.00001E-02));
#6287 = CARTESIAN_POINT('',(-0.100044431412,3.35605440039E-02,
    2.00001E-02));
#6288 = CARTESIAN_POINT('',(-4.638589482618E-02,3.35605440039E-02,
    2.00001E-02));
#6289 = ADVANCED_FACE('',(#6290),#6312,.F.);
#6290 = FACE_BOUND('',#6291,.T.);
#6291 = EDGE_LOOP('',(#6292,#6293,#6300,#6307));
#6292 = ORIENTED_EDGE('',*,*,#685,.T.);
#6293 = ORIENTED_EDGE('',*,*,#6294,.F.);
#6294 = EDGE_CURVE('',#6295,#677,#6297,.T.);
#6295 = VERTEX_POINT('',#6296);
#6296 = CARTESIAN_POINT('',(-5.560404640627E-02,0.64,0.371928232494));
#6297 = B_SPLINE_CURVE_WITH_KNOTS('',1,(#6298,#6299),.UNSPECIFIED.,.F.,
  .F.,(2,2),(-0.,1.E-02),.PIECEWISE_BEZIER_KNOTS.);
#6298 = CARTESIAN_POINT('',(-5.560404640627E-02,0.64,0.371928232494));
#6299 = CARTESIAN_POINT('',(-5.560404640627E-02,0.63,0.371928232494));
#6300 = ORIENTED_EDGE('',*,*,#6301,.F.);
#6301 = EDGE_CURVE('',#6302,#6295,#6304,.T.);
#6302 = VERTEX_POINT('',#6303);
#6303 = CARTESIAN_POINT('',(-5.560404640627E-02,0.64,0.364972252034));
#6304 = B_SPLINE_CURVE_WITH_KNOTS('',1,(#6305,#6306),.UNSPECIFIED.,.F.,
  .F.,(2,2),(-6.955980460135E-03,0.),.PIECEWISE_BEZIER_KNOTS.);
#6305 = CARTESIAN_POINT('',(-5.560404640627E-02,0.64,0.364972252034));
#6306 = CARTESIAN_POINT('',(-5.560404640627E-02,0.64,0.371928232494));
#6307 = ORIENTED_EDGE('',*,*,#6308,.T.);
#6308 = EDGE_CURVE('',#6302,#686,#6309,.T.);
#6309 = B_SPLINE_CURVE_WITH_KNOTS('',1,(#6310,#6311),.UNSPECIFIED.,.F.,
  .F.,(2,2),(-0.,1.E-02),.PIECEWISE_BEZIER_KNOTS.);
#6310 = CARTESIAN_POINT('',(-5.560404640627E-02,0.64,0.364972252034));
#6311 = CARTESIAN_POINT('',(-5.560404640627E-02,0.63,0.364972252034));
#6312 = B_SPLINE_SURFACE_WITH_KNOTS('',1,1,(
    (#6313,#6314)
    ,(#6315,#6316
    )),.UNSPECIFIED.,.F.,.F.,.F.,(2,2),(2,2),(-0.,6.955980460135E-03),(
    -1.E-02,0.),.PIECEWISE_BEZIER_KNOTS.);
#6313 = CARTESIAN_POINT('',(-5.560404640627E-02,0.63,0.371928232494));
#6314 = CARTESIAN_POINT('',(-5.560404640627E-02,0.64,0.371928232494));
#6315 = CARTESIAN_POINT('',(-5.560404640627E-02,0.63,0.364972252034));
#6316 = CARTESIAN_POINT('',(-5.560404640627E-02,0.64,0.364972252034));
#6317 = ADVANCED_FACE('',(#6318),#6334,.F.);
#6318 = FACE_BOUND('',#6319,.T.);
#6319 = EDGE_LOOP('',(#6320,#6321,#6328,#6333));
#6320 = ORIENTED_EDGE('',*,*,#676,.T.);
#6321 = ORIENTED_EDGE('',*,*,#6322,.F.);
#6322 = EDGE_CURVE('',#6323,#679,#6325,.T.);
#6323 = VERTEX_POINT('',#6324);
#6324 = CARTESIAN_POINT('',(-3.130490390177E-02,0.64,0.371928232494));
#6325 = B_SPLINE_CURVE_WITH_KNOTS('',1,(#6326,#6327),.UNSPECIFIED.,.F.,
  .F.,(2,2),(-0.,1.E-02),.PIECEWISE_BEZIER_KNOTS.);
#6326 = CARTESIAN_POINT('',(-3.130490390177E-02,0.64,0.371928232494));
#6327 = CARTESIAN_POINT('',(-3.130490390177E-02,0.63,0.371928232494));
#6328 = ORIENTED_EDGE('',*,*,#6329,.F.);
#6329 = EDGE_CURVE('',#6295,#6323,#6330,.T.);
#6330 = B_SPLINE_CURVE_WITH_KNOTS('',1,(#6331,#6332),.UNSPECIFIED.,.F.,
  .F.,(2,2),(-2.42991425045E-02,0.),.PIECEWISE_BEZIER_KNOTS.);
#6331 = CARTESIAN_POINT('',(-5.560404640627E-02,0.64,0.371928232494));
#6332 = CARTESIAN_POINT('',(-3.130490390177E-02,0.64,0.371928232494));
#6333 = ORIENTED_EDGE('',*,*,#6294,.T.);
#6334 = B_SPLINE_SURFACE_WITH_KNOTS('',1,1,(
    (#6335,#6336)
    ,(#6337,#6338
    )),.UNSPECIFIED.,.F.,.F.,.F.,(2,2),(2,2),(0.,2.42991425045E-02),(
    -1.E-02,0.),.PIECEWISE_BEZIER_KNOTS.);
#6335 = CARTESIAN_POINT('',(-3.130490390177E-02,0.63,0.371928232494));
#6336 = CARTESIAN_POINT('',(-3.130490390177E-02,0.64,0.371928232494));
#6337 = CARTESIAN_POINT('',(-5.560404640627E-02,0.63,0.371928232494));
#6338 = CARTESIAN_POINT('',(-5.560404640627E-02,0.64,0.371928232494));
#6339 = ADVANCED_FACE('',(#6340),#6356,.F.);
#6340 = FACE_BOUND('',#6341,.T.);
#6341 = EDGE_LOOP('',(#6342,#6343,#6350,#6355));
#6342 = ORIENTED_EDGE('',*,*,#713,.T.);
#6343 = ORIENTED_EDGE('',*,*,#6344,.F.);
#6344 = EDGE_CURVE('',#6345,#707,#6347,.T.);
#6345 = VERTEX_POINT('',#6346);
#6346 = CARTESIAN_POINT('',(-3.130490390177E-02,0.64,0.425985246564));
#6347 = B_SPLINE_CURVE_WITH_KNOTS('',1,(#6348,#6349),.UNSPECIFIED.,.F.,
  .F.,(2,2),(-0.,1.E-02),.PIECEWISE_BEZIER_KNOTS.);
#6348 = CARTESIAN_POINT('',(-3.130490390177E-02,0.64,0.425985246564));
#6349 = CARTESIAN_POINT('',(-3.130490390177E-02,0.63,0.425985246564));
#6350 = ORIENTED_EDGE('',*,*,#6351,.F.);
#6351 = EDGE_CURVE('',#6323,#6345,#6352,.T.);
#6352 = B_SPLINE_CURVE_WITH_KNOTS('',1,(#6353,#6354),.UNSPECIFIED.,.F.,
  .F.,(2,2),(-5.405701406927E-02,0.),.PIECEWISE_BEZIER_KNOTS.);
#6353 = CARTESIAN_POINT('',(-3.130490390177E-02,0.64,0.371928232494));
#6354 = CARTESIAN_POINT('',(-3.130490390177E-02,0.64,0.425985246564));
#6355 = ORIENTED_EDGE('',*,*,#6322,.T.);
#6356 = B_SPLINE_SURFACE_WITH_KNOTS('',1,1,(
    (#6357,#6358)
    ,(#6359,#6360
    )),.UNSPECIFIED.,.F.,.F.,.F.,(2,2),(2,2),(-0.,5.405701406927E-02),(
    -1.E-02,0.),.PIECEWISE_BEZIER_KNOTS.);
#6357 = CARTESIAN_POINT('',(-3.130490390177E-02,0.63,0.425985246564));
#6358 = CARTESIAN_POINT('',(-3.130490390177E-02,0.64,0.425985246564));
#6359 = CARTESIAN_POINT('',(-3.130490390177E-02,0.63,0.371928232494));
#6360 = CARTESIAN_POINT('',(-3.130490390177E-02,0.64,0.371928232494));
#6361 = ADVANCED_FACE('',(#6362),#6378,.F.);
#6362 = FACE_BOUND('',#6363,.T.);
#6363 = EDGE_LOOP('',(#6364,#6365,#6372,#6377));
#6364 = ORIENTED_EDGE('',*,*,#706,.T.);
#6365 = ORIENTED_EDGE('',*,*,#6366,.F.);
#6366 = EDGE_CURVE('',#6367,#700,#6369,.T.);
#6367 = VERTEX_POINT('',#6368);
#6368 = CARTESIAN_POINT('',(-2.34287376857E-02,0.64,0.425985246564));
#6369 = B_SPLINE_CURVE_WITH_KNOTS('',1,(#6370,#6371),.UNSPECIFIED.,.F.,
  .F.,(2,2),(-0.,1.E-02),.PIECEWISE_BEZIER_KNOTS.);
#6370 = CARTESIAN_POINT('',(-2.34287376857E-02,0.64,0.425985246564));
#6371 = CARTESIAN_POINT('',(-2.34287376857E-02,0.63,0.425985246564));
#6372 = ORIENTED_EDGE('',*,*,#6373,.F.);
#6373 = EDGE_CURVE('',#6345,#6367,#6374,.T.);
#6374 = B_SPLINE_CURVE_WITH_KNOTS('',1,(#6375,#6376),.UNSPECIFIED.,.F.,
  .F.,(2,2),(-7.876166216068E-03,0.),.PIECEWISE_BEZIER_KNOTS.);
#6375 = CARTESIAN_POINT('',(-3.130490390177E-02,0.64,0.425985246564));
#6376 = CARTESIAN_POINT('',(-2.34287376857E-02,0.64,0.425985246564));
#6377 = ORIENTED_EDGE('',*,*,#6344,.T.);
#6378 = B_SPLINE_SURFACE_WITH_KNOTS('',1,1,(
    (#6379,#6380)
    ,(#6381,#6382
    )),.UNSPECIFIED.,.F.,.F.,.F.,(2,2),(2,2),(0.,7.876166216068E-03),(
    -1.E-02,0.),.PIECEWISE_BEZIER_KNOTS.);
#6379 = CARTESIAN_POINT('',(-2.34287376857E-02,0.63,0.425985246564));
#6380 = CARTESIAN_POINT('',(-2.34287376857E-02,0.64,0.425985246564));
#6381 = CARTESIAN_POINT('',(-3.130490390177E-02,0.63,0.425985246564));
#6382 = CARTESIAN_POINT('',(-3.130490390177E-02,0.64,0.425985246564));
#6383 = ADVANCED_FACE('',(#6384),#6400,.F.);
#6384 = FACE_BOUND('',#6385,.T.);
#6385 = EDGE_LOOP('',(#6386,#6387,#6394,#6399));
#6386 = ORIENTED_EDGE('',*,*,#699,.T.);
#6387 = ORIENTED_EDGE('',*,*,#6388,.F.);
#6388 = EDGE_CURVE('',#6389,#693,#6391,.T.);
#6389 = VERTEX_POINT('',#6390);
#6390 = CARTESIAN_POINT('',(-2.34287376857E-02,0.64,0.364972252034));
#6391 = B_SPLINE_CURVE_WITH_KNOTS('',1,(#6392,#6393),.UNSPECIFIED.,.F.,
  .F.,(2,2),(-0.,1.E-02),.PIECEWISE_BEZIER_KNOTS.);
#6392 = CARTESIAN_POINT('',(-2.34287376857E-02,0.64,0.364972252034));
#6393 = CARTESIAN_POINT('',(-2.34287376857E-02,0.63,0.364972252034));
#6394 = ORIENTED_EDGE('',*,*,#6395,.F.);
#6395 = EDGE_CURVE('',#6367,#6389,#6396,.T.);
#6396 = B_SPLINE_CURVE_WITH_KNOTS('',1,(#6397,#6398),.UNSPECIFIED.,.F.,
  .F.,(2,2),(-6.10129945294E-02,-0.),.PIECEWISE_BEZIER_KNOTS.);
#6397 = CARTESIAN_POINT('',(-2.34287376857E-02,0.64,0.425985246564));
#6398 = CARTESIAN_POINT('',(-2.34287376857E-02,0.64,0.364972252034));
#6399 = ORIENTED_EDGE('',*,*,#6366,.T.);
#6400 = B_SPLINE_SURFACE_WITH_KNOTS('',1,1,(
    (#6401,#6402)
    ,(#6403,#6404
    )),.UNSPECIFIED.,.F.,.F.,.F.,(2,2),(2,2),(-5.551115123126E-17,
    6.10129945294E-02),(-1.E-02,0.),.PIECEWISE_BEZIER_KNOTS.);
#6401 = CARTESIAN_POINT('',(-2.34287376857E-02,0.63,0.364972252034));
#6402 = CARTESIAN_POINT('',(-2.34287376857E-02,0.64,0.364972252034));
#6403 = CARTESIAN_POINT('',(-2.34287376857E-02,0.63,0.425985246564));
#6404 = CARTESIAN_POINT('',(-2.34287376857E-02,0.64,0.425985246564));
#6405 = ADVANCED_FACE('',(#6406),#6416,.F.);
#6406 = FACE_BOUND('',#6407,.T.);
#6407 = EDGE_LOOP('',(#6408,#6409,#6410,#6415));
#6408 = ORIENTED_EDGE('',*,*,#692,.T.);
#6409 = ORIENTED_EDGE('',*,*,#6308,.F.);
#6410 = ORIENTED_EDGE('',*,*,#6411,.F.);
#6411 = EDGE_CURVE('',#6389,#6302,#6412,.T.);
#6412 = B_SPLINE_CURVE_WITH_KNOTS('',1,(#6413,#6414),.UNSPECIFIED.,.F.,
  .F.,(2,2),(-3.217530872057E-02,0.),.PIECEWISE_BEZIER_KNOTS.);
#6413 = CARTESIAN_POINT('',(-2.34287376857E-02,0.64,0.364972252034));
#6414 = CARTESIAN_POINT('',(-5.560404640627E-02,0.64,0.364972252034));
#6415 = ORIENTED_EDGE('',*,*,#6388,.T.);
#6416 = B_SPLINE_SURFACE_WITH_KNOTS('',1,1,(
    (#6417,#6418)
    ,(#6419,#6420
    )),.UNSPECIFIED.,.F.,.F.,.F.,(2,2),(2,2),(0.,3.217530872057E-02),(
    -1.E-02,0.),.PIECEWISE_BEZIER_KNOTS.);
#6417 = CARTESIAN_POINT('',(-5.560404640627E-02,0.63,0.364972252034));
#6418 = CARTESIAN_POINT('',(-5.560404640627E-02,0.64,0.364972252034));
#6419 = CARTESIAN_POINT('',(-2.34287376857E-02,0.63,0.364972252034));
#6420 = CARTESIAN_POINT('',(-2.34287376857E-02,0.64,0.364972252034));
#6421 = ADVANCED_FACE('',(#6422),#6430,.F.);
#6422 = FACE_BOUND('',#6423,.T.);
#6423 = EDGE_LOOP('',(#6424,#6425,#6426,#6427,#6428,#6429));
#6424 = ORIENTED_EDGE('',*,*,#6301,.T.);
#6425 = ORIENTED_EDGE('',*,*,#6329,.T.);
#6426 = ORIENTED_EDGE('',*,*,#6351,.T.);
#6427 = ORIENTED_EDGE('',*,*,#6373,.T.);
#6428 = ORIENTED_EDGE('',*,*,#6395,.T.);
#6429 = ORIENTED_EDGE('',*,*,#6411,.T.);
#6430 = B_SPLINE_SURFACE_WITH_KNOTS('',1,1,(
    (#6431,#6432)
    ,(#6433,#6434
    )),.UNSPECIFIED.,.F.,.F.,.F.,(2,2),(2,2),(0.224014853436,
    0.285027847966),(-5.560404640627E-02,-2.34287376857E-02),
  .PIECEWISE_BEZIER_KNOTS.);
#6431 = CARTESIAN_POINT('',(-5.560404640627E-02,0.64,0.425985246564));
#6432 = CARTESIAN_POINT('',(-2.34287376857E-02,0.64,0.425985246564));
#6433 = CARTESIAN_POINT('',(-5.560404640627E-02,0.64,0.364972252034));
#6434 = CARTESIAN_POINT('',(-2.34287376857E-02,0.64,0.364972252034));
#6435 = ADVANCED_FACE('',(#6436),#6460,.F.);
#6436 = FACE_BOUND('',#6437,.F.);
#6437 = EDGE_LOOP('',(#6438,#6445,#6454,#6459));
#6438 = ORIENTED_EDGE('',*,*,#6439,.F.);
#6439 = EDGE_CURVE('',#6440,#730,#6442,.T.);
#6440 = VERTEX_POINT('',#6441);
#6441 = CARTESIAN_POINT('',(-8.689036210815E-02,0.64,0.363942891697));
#6442 = B_SPLINE_CURVE_WITH_KNOTS('',1,(#6443,#6444),.UNSPECIFIED.,.F.,
  .F.,(2,2),(-0.,1.E-02),.PIECEWISE_BEZIER_KNOTS.);
#6443 = CARTESIAN_POINT('',(-8.689036210815E-02,0.64,0.363942891697));
#6444 = CARTESIAN_POINT('',(-8.689036210815E-02,0.63,0.363942891697));
#6445 = ORIENTED_EDGE('',*,*,#6446,.T.);
#6446 = EDGE_CURVE('',#6440,#6447,#6449,.T.);
#6447 = VERTEX_POINT('',#6448);
#6448 = CARTESIAN_POINT('',(-0.103781229459,0.64,0.367498863771));
#6449 = B_SPLINE_CURVE_WITH_KNOTS('',3,(#6450,#6451,#6452,#6453),
  .UNSPECIFIED.,.F.,.F.,(4,4),(0.,1.),.PIECEWISE_BEZIER_KNOTS.);
#6450 = CARTESIAN_POINT('',(-8.689036210815E-02,0.64,0.363942891697));
#6451 = CARTESIAN_POINT('',(-9.365918614335E-02,0.64,0.363942891697));
#6452 = CARTESIAN_POINT('',(-9.928947526024E-02,0.64,0.365128215721));
#6453 = CARTESIAN_POINT('',(-0.103781229459,0.64,0.367498863771));
#6454 = ORIENTED_EDGE('',*,*,#6455,.T.);
#6455 = EDGE_CURVE('',#6447,#721,#6456,.T.);
#6456 = B_SPLINE_CURVE_WITH_KNOTS('',1,(#6457,#6458),.UNSPECIFIED.,.F.,
  .F.,(2,2),(-0.,1.E-02),.PIECEWISE_BEZIER_KNOTS.);
#6457 = CARTESIAN_POINT('',(-0.103781229459,0.64,0.367498863771));
#6458 = CARTESIAN_POINT('',(-0.103781229459,0.63,0.367498863771));
#6459 = ORIENTED_EDGE('',*,*,#729,.F.);
#6460 = B_SPLINE_SURFACE_WITH_KNOTS('',3,1,(
    (#6461,#6462)
    ,(#6463,#6464)
    ,(#6465,#6466)
    ,(#6467,#6468
    )),.UNSPECIFIED.,.F.,.F.,.F.,(4,4),(2,2),(0.,1.),(0.,1.),
  .PIECEWISE_BEZIER_KNOTS.);
#6461 = CARTESIAN_POINT('',(-8.689036210815E-02,0.64,0.363942891697));
#6462 = CARTESIAN_POINT('',(-8.689036210815E-02,0.63,0.363942891697));
#6463 = CARTESIAN_POINT('',(-9.365918614335E-02,0.64,0.363942891697));
#6464 = CARTESIAN_POINT('',(-9.365918614335E-02,0.63,0.363942891697));
#6465 = CARTESIAN_POINT('',(-9.928947526024E-02,0.64,0.365128215721));
#6466 = CARTESIAN_POINT('',(-9.928947526024E-02,0.63,0.365128215721));
#6467 = CARTESIAN_POINT('',(-0.103781229459,0.64,0.367498863771));
#6468 = CARTESIAN_POINT('',(-0.103781229459,0.63,0.367498863771));
#6469 = ADVANCED_FACE('',(#6470),#6486,.F.);
#6470 = FACE_BOUND('',#6471,.T.);
#6471 = EDGE_LOOP('',(#6472,#6473,#6480,#6485));
#6472 = ORIENTED_EDGE('',*,*,#720,.T.);
#6473 = ORIENTED_EDGE('',*,*,#6474,.F.);
#6474 = EDGE_CURVE('',#6475,#723,#6477,.T.);
#6475 = VERTEX_POINT('',#6476);
#6476 = CARTESIAN_POINT('',(-0.103781229459,0.64,0.375047506243));
#6477 = B_SPLINE_CURVE_WITH_KNOTS('',1,(#6478,#6479),.UNSPECIFIED.,.F.,
  .F.,(2,2),(-0.,1.E-02),.PIECEWISE_BEZIER_KNOTS.);
#6478 = CARTESIAN_POINT('',(-0.103781229459,0.64,0.375047506243));
#6479 = CARTESIAN_POINT('',(-0.103781229459,0.63,0.375047506243));
#6480 = ORIENTED_EDGE('',*,*,#6481,.F.);
#6481 = EDGE_CURVE('',#6447,#6475,#6482,.T.);
#6482 = B_SPLINE_CURVE_WITH_KNOTS('',1,(#6483,#6484),.UNSPECIFIED.,.F.,
  .F.,(2,2),(-7.548642472592E-03,0.),.PIECEWISE_BEZIER_KNOTS.);
#6483 = CARTESIAN_POINT('',(-0.103781229459,0.64,0.367498863771));
#6484 = CARTESIAN_POINT('',(-0.103781229459,0.64,0.375047506243));
#6485 = ORIENTED_EDGE('',*,*,#6455,.T.);
#6486 = B_SPLINE_SURFACE_WITH_KNOTS('',1,1,(
    (#6487,#6488)
    ,(#6489,#6490
    )),.UNSPECIFIED.,.F.,.F.,.F.,(2,2),(2,2),(-0.,7.548642472592E-03),(
    -1.E-02,0.),.PIECEWISE_BEZIER_KNOTS.);
#6487 = CARTESIAN_POINT('',(-0.103781229459,0.63,0.375047506243));
#6488 = CARTESIAN_POINT('',(-0.103781229459,0.64,0.375047506243));
#6489 = CARTESIAN_POINT('',(-0.103781229459,0.63,0.367498863771));
#6490 = CARTESIAN_POINT('',(-0.103781229459,0.64,0.367498863771));
#6491 = ADVANCED_FACE('',(#6492),#6510,.F.);
#6492 = FACE_BOUND('',#6493,.F.);
#6493 = EDGE_LOOP('',(#6494,#6495,#6504,#6509));
#6494 = ORIENTED_EDGE('',*,*,#6474,.F.);
#6495 = ORIENTED_EDGE('',*,*,#6496,.T.);
#6496 = EDGE_CURVE('',#6475,#6497,#6499,.T.);
#6497 = VERTEX_POINT('',#6498);
#6498 = CARTESIAN_POINT('',(-8.802889702647E-02,0.64,0.370961257632));
#6499 = B_SPLINE_CURVE_WITH_KNOTS('',3,(#6500,#6501,#6502,#6503),
  .UNSPECIFIED.,.F.,.F.,(4,4),(12.,13.),.PIECEWISE_BEZIER_KNOTS.);
#6500 = CARTESIAN_POINT('',(-0.103781229459,0.64,0.375047506243));
#6501 = CARTESIAN_POINT('',(-9.93206679977E-02,0.64,0.372333738082));
#6502 = CARTESIAN_POINT('',(-9.406469173067E-02,0.64,0.370961257632));
#6503 = CARTESIAN_POINT('',(-8.802889702647E-02,0.64,0.370961257632));
#6504 = ORIENTED_EDGE('',*,*,#6505,.T.);
#6505 = EDGE_CURVE('',#6497,#827,#6506,.T.);
#6506 = B_SPLINE_CURVE_WITH_KNOTS('',1,(#6507,#6508),.UNSPECIFIED.,.F.,
  .F.,(2,2),(-0.,1.E-02),.PIECEWISE_BEZIER_KNOTS.);
#6507 = CARTESIAN_POINT('',(-8.802889702647E-02,0.64,0.370961257632));
#6508 = CARTESIAN_POINT('',(-8.802889702647E-02,0.63,0.370961257632));
#6509 = ORIENTED_EDGE('',*,*,#835,.F.);
#6510 = B_SPLINE_SURFACE_WITH_KNOTS('',3,1,(
    (#6511,#6512)
    ,(#6513,#6514)
    ,(#6515,#6516)
    ,(#6517,#6518
    )),.UNSPECIFIED.,.F.,.F.,.F.,(4,4),(2,2),(12.,13.),(0.,1.),
  .PIECEWISE_BEZIER_KNOTS.);
#6511 = CARTESIAN_POINT('',(-0.103781229459,0.64,0.375047506243));
#6512 = CARTESIAN_POINT('',(-0.103781229459,0.63,0.375047506243));
#6513 = CARTESIAN_POINT('',(-9.93206679977E-02,0.64,0.372333738082));
#6514 = CARTESIAN_POINT('',(-9.93206679977E-02,0.63,0.372333738082));
#6515 = CARTESIAN_POINT('',(-9.406469173067E-02,0.64,0.370961257632));
#6516 = CARTESIAN_POINT('',(-9.406469173067E-02,0.63,0.370961257632));
#6517 = CARTESIAN_POINT('',(-8.802889702647E-02,0.64,0.370961257632));
#6518 = CARTESIAN_POINT('',(-8.802889702647E-02,0.63,0.370961257632));
#6519 = ADVANCED_FACE('',(#6520),#6538,.F.);
#6520 = FACE_BOUND('',#6521,.F.);
#6521 = EDGE_LOOP('',(#6522,#6523,#6532,#6537));
#6522 = ORIENTED_EDGE('',*,*,#6505,.F.);
#6523 = ORIENTED_EDGE('',*,*,#6524,.T.);
#6524 = EDGE_CURVE('',#6497,#6525,#6527,.T.);
#6525 = VERTEX_POINT('',#6526);
#6526 = CARTESIAN_POINT('',(-7.235454643797E-02,0.64,0.377386961555));
#6527 = B_SPLINE_CURVE_WITH_KNOTS('',3,(#6528,#6529,#6530,#6531),
  .UNSPECIFIED.,.F.,.F.,(4,4),(11.,12.),.PIECEWISE_BEZIER_KNOTS.);
#6528 = CARTESIAN_POINT('',(-8.802889702647E-02,0.64,0.370961257632));
#6529 = CARTESIAN_POINT('',(-8.157200036622E-02,0.64,0.370961257632));
#6530 = CARTESIAN_POINT('',(-7.634721683665E-02,0.64,0.373113556519));
#6531 = CARTESIAN_POINT('',(-7.235454643797E-02,0.64,0.377386961555));
#6532 = ORIENTED_EDGE('',*,*,#6533,.T.);
#6533 = EDGE_CURVE('',#6525,#818,#6534,.T.);
#6534 = B_SPLINE_CURVE_WITH_KNOTS('',1,(#6535,#6536),.UNSPECIFIED.,.F.,
  .F.,(2,2),(-0.,1.E-02),.PIECEWISE_BEZIER_KNOTS.);
#6535 = CARTESIAN_POINT('',(-7.235454643797E-02,0.64,0.377386961555));
#6536 = CARTESIAN_POINT('',(-7.235454643797E-02,0.63,0.377386961555));
#6537 = ORIENTED_EDGE('',*,*,#826,.F.);
#6538 = B_SPLINE_SURFACE_WITH_KNOTS('',3,1,(
    (#6539,#6540)
    ,(#6541,#6542)
    ,(#6543,#6544)
    ,(#6545,#6546
    )),.UNSPECIFIED.,.F.,.F.,.F.,(4,4),(2,2),(11.,12.),(0.,1.),
  .PIECEWISE_BEZIER_KNOTS.);
#6539 = CARTESIAN_POINT('',(-8.802889702647E-02,0.64,0.370961257632));
#6540 = CARTESIAN_POINT('',(-8.802889702647E-02,0.63,0.370961257632));
#6541 = CARTESIAN_POINT('',(-8.157200036622E-02,0.64,0.370961257632));
#6542 = CARTESIAN_POINT('',(-8.157200036622E-02,0.63,0.370961257632));
#6543 = CARTESIAN_POINT('',(-7.634721683665E-02,0.64,0.373113556519));
#6544 = CARTESIAN_POINT('',(-7.634721683665E-02,0.63,0.373113556519));
#6545 = CARTESIAN_POINT('',(-7.235454643797E-02,0.64,0.377386961555));
#6546 = CARTESIAN_POINT('',(-7.235454643797E-02,0.63,0.377386961555));
#6547 = ADVANCED_FACE('',(#6548),#6566,.F.);
#6548 = FACE_BOUND('',#6549,.F.);
#6549 = EDGE_LOOP('',(#6550,#6551,#6560,#6565));
#6550 = ORIENTED_EDGE('',*,*,#6533,.F.);
#6551 = ORIENTED_EDGE('',*,*,#6552,.T.);
#6552 = EDGE_CURVE('',#6525,#6553,#6555,.T.);
#6553 = VERTEX_POINT('',#6554);
#6554 = CARTESIAN_POINT('',(-6.636554084016E-02,0.64,0.394792509074));
#6555 = B_SPLINE_CURVE_WITH_KNOTS('',3,(#6556,#6557,#6558,#6559),
  .UNSPECIFIED.,.F.,.F.,(4,4),(10.,11.),.PIECEWISE_BEZIER_KNOTS.);
#6556 = CARTESIAN_POINT('',(-7.235454643797E-02,0.64,0.377386961555));
#6557 = CARTESIAN_POINT('',(-6.836187603929E-02,0.64,0.381691559329));
#6558 = CARTESIAN_POINT('',(-6.636554084016E-02,0.64,0.387493408502));
#6559 = CARTESIAN_POINT('',(-6.636554084016E-02,0.64,0.394792509074));
#6560 = ORIENTED_EDGE('',*,*,#6561,.T.);
#6561 = EDGE_CURVE('',#6553,#809,#6562,.T.);
#6562 = B_SPLINE_CURVE_WITH_KNOTS('',1,(#6563,#6564),.UNSPECIFIED.,.F.,
  .F.,(2,2),(-0.,1.E-02),.PIECEWISE_BEZIER_KNOTS.);
#6563 = CARTESIAN_POINT('',(-6.636554084016E-02,0.64,0.394792509074));
#6564 = CARTESIAN_POINT('',(-6.636554084016E-02,0.63,0.394792509074));
#6565 = ORIENTED_EDGE('',*,*,#817,.F.);
#6566 = B_SPLINE_SURFACE_WITH_KNOTS('',3,1,(
    (#6567,#6568)
    ,(#6569,#6570)
    ,(#6571,#6572)
    ,(#6573,#6574
    )),.UNSPECIFIED.,.F.,.F.,.F.,(4,4),(2,2),(10.,11.),(0.,1.),
  .PIECEWISE_BEZIER_KNOTS.);
#6567 = CARTESIAN_POINT('',(-7.235454643797E-02,0.64,0.377386961555));
#6568 = CARTESIAN_POINT('',(-7.235454643797E-02,0.63,0.377386961555));
#6569 = CARTESIAN_POINT('',(-6.836187603929E-02,0.64,0.381691559329));
#6570 = CARTESIAN_POINT('',(-6.836187603929E-02,0.63,0.381691559329));
#6571 = CARTESIAN_POINT('',(-6.636554084016E-02,0.64,0.387493408502));
#6572 = CARTESIAN_POINT('',(-6.636554084016E-02,0.63,0.387493408502));
#6573 = CARTESIAN_POINT('',(-6.636554084016E-02,0.64,0.394792509074));
#6574 = CARTESIAN_POINT('',(-6.636554084016E-02,0.63,0.394792509074));
#6575 = ADVANCED_FACE('',(#6576),#6594,.F.);
#6576 = FACE_BOUND('',#6577,.F.);
#6577 = EDGE_LOOP('',(#6578,#6579,#6588,#6593));
#6578 = ORIENTED_EDGE('',*,*,#6561,.F.);
#6579 = ORIENTED_EDGE('',*,*,#6580,.T.);
#6580 = EDGE_CURVE('',#6553,#6581,#6583,.T.);
#6581 = VERTEX_POINT('',#6582);
#6582 = CARTESIAN_POINT('',(-7.277564839422E-02,0.64,0.413133838718));
#6583 = B_SPLINE_CURVE_WITH_KNOTS('',3,(#6584,#6585,#6586,#6587),
  .UNSPECIFIED.,.F.,.F.,(4,4),(9.,10.),.PIECEWISE_BEZIER_KNOTS.);
#6584 = CARTESIAN_POINT('',(-6.636554084016E-02,0.64,0.394792509074));
#6585 = CARTESIAN_POINT('',(-6.636554084016E-02,0.64,0.402465922497));
#6586 = CARTESIAN_POINT('',(-6.850224335804E-02,0.64,0.408579699044));
#6587 = CARTESIAN_POINT('',(-7.277564839422E-02,0.64,0.413133838718));
#6588 = ORIENTED_EDGE('',*,*,#6589,.T.);
#6589 = EDGE_CURVE('',#6581,#800,#6590,.T.);
#6590 = B_SPLINE_CURVE_WITH_KNOTS('',1,(#6591,#6592),.UNSPECIFIED.,.F.,
  .F.,(2,2),(-0.,1.E-02),.PIECEWISE_BEZIER_KNOTS.);
#6591 = CARTESIAN_POINT('',(-7.277564839422E-02,0.64,0.413133838718));
#6592 = CARTESIAN_POINT('',(-7.277564839422E-02,0.63,0.413133838718));
#6593 = ORIENTED_EDGE('',*,*,#808,.F.);
#6594 = B_SPLINE_SURFACE_WITH_KNOTS('',3,1,(
    (#6595,#6596)
    ,(#6597,#6598)
    ,(#6599,#6600)
    ,(#6601,#6602
    )),.UNSPECIFIED.,.F.,.F.,.F.,(4,4),(2,2),(9.,10.),(0.,1.),
  .PIECEWISE_BEZIER_KNOTS.);
#6595 = CARTESIAN_POINT('',(-6.636554084016E-02,0.64,0.394792509074));
#6596 = CARTESIAN_POINT('',(-6.636554084016E-02,0.63,0.394792509074));
#6597 = CARTESIAN_POINT('',(-6.636554084016E-02,0.64,0.402465922497));
#6598 = CARTESIAN_POINT('',(-6.636554084016E-02,0.63,0.402465922497));
#6599 = CARTESIAN_POINT('',(-6.850224335804E-02,0.64,0.408579699044));
#6600 = CARTESIAN_POINT('',(-6.850224335804E-02,0.63,0.408579699044));
#6601 = CARTESIAN_POINT('',(-7.277564839422E-02,0.64,0.413133838718));
#6602 = CARTESIAN_POINT('',(-7.277564839422E-02,0.63,0.413133838718));
#6603 = ADVANCED_FACE('',(#6604),#6622,.F.);
#6604 = FACE_BOUND('',#6605,.F.);
#6605 = EDGE_LOOP('',(#6606,#6607,#6616,#6621));
#6606 = ORIENTED_EDGE('',*,*,#6589,.F.);
#6607 = ORIENTED_EDGE('',*,*,#6608,.T.);
#6608 = EDGE_CURVE('',#6581,#6609,#6611,.T.);
#6609 = VERTEX_POINT('',#6610);
#6610 = CARTESIAN_POINT('',(-8.940137747611E-02,0.64,0.419902662753));
#6611 = B_SPLINE_CURVE_WITH_KNOTS('',3,(#6612,#6613,#6614,#6615),
  .UNSPECIFIED.,.F.,.F.,(4,4),(8.,9.),.PIECEWISE_BEZIER_KNOTS.);
#6612 = CARTESIAN_POINT('',(-7.277564839422E-02,0.64,0.413133838718));
#6613 = CARTESIAN_POINT('',(-7.706464979893E-02,0.64,0.417656785654));
#6614 = CARTESIAN_POINT('',(-8.260136070345E-02,0.64,0.419902662753));
#6615 = CARTESIAN_POINT('',(-8.940137747611E-02,0.64,0.419902662753));
#6616 = ORIENTED_EDGE('',*,*,#6617,.T.);
#6617 = EDGE_CURVE('',#6609,#791,#6618,.T.);
#6618 = B_SPLINE_CURVE_WITH_KNOTS('',1,(#6619,#6620),.UNSPECIFIED.,.F.,
  .F.,(2,2),(-0.,1.E-02),.PIECEWISE_BEZIER_KNOTS.);
#6619 = CARTESIAN_POINT('',(-8.940137747611E-02,0.64,0.419902662753));
#6620 = CARTESIAN_POINT('',(-8.940137747611E-02,0.63,0.419902662753));
#6621 = ORIENTED_EDGE('',*,*,#799,.F.);
#6622 = B_SPLINE_SURFACE_WITH_KNOTS('',3,1,(
    (#6623,#6624)
    ,(#6625,#6626)
    ,(#6627,#6628)
    ,(#6629,#6630
    )),.UNSPECIFIED.,.F.,.F.,.F.,(4,4),(2,2),(8.,9.),(0.,1.),
  .PIECEWISE_BEZIER_KNOTS.);
#6623 = CARTESIAN_POINT('',(-7.277564839422E-02,0.64,0.413133838718));
#6624 = CARTESIAN_POINT('',(-7.277564839422E-02,0.63,0.413133838718));
#6625 = CARTESIAN_POINT('',(-7.706464979893E-02,0.64,0.417656785654));
#6626 = CARTESIAN_POINT('',(-7.706464979893E-02,0.63,0.417656785654));
#6627 = CARTESIAN_POINT('',(-8.260136070345E-02,0.64,0.419902662753));
#6628 = CARTESIAN_POINT('',(-8.260136070345E-02,0.63,0.419902662753));
#6629 = CARTESIAN_POINT('',(-8.940137747611E-02,0.64,0.419902662753));
#6630 = CARTESIAN_POINT('',(-8.940137747611E-02,0.63,0.419902662753));
#6631 = ADVANCED_FACE('',(#6632),#6650,.F.);
#6632 = FACE_BOUND('',#6633,.F.);
#6633 = EDGE_LOOP('',(#6634,#6635,#6644,#6649));
#6634 = ORIENTED_EDGE('',*,*,#6617,.F.);
#6635 = ORIENTED_EDGE('',*,*,#6636,.T.);
#6636 = EDGE_CURVE('',#6609,#6637,#6639,.T.);
#6637 = VERTEX_POINT('',#6638);
#6638 = CARTESIAN_POINT('',(-0.103781229459,0.64,0.416284305205));
#6639 = B_SPLINE_CURVE_WITH_KNOTS('',3,(#6640,#6641,#6642,#6643),
  .UNSPECIFIED.,.F.,.F.,(4,4),(7.,8.),.PIECEWISE_BEZIER_KNOTS.);
#6640 = CARTESIAN_POINT('',(-8.940137747611E-02,0.64,0.419902662753));
#6641 = CARTESIAN_POINT('',(-9.462616100547E-02,0.64,0.419902662753));
#6642 = CARTESIAN_POINT('',(-9.941424621027E-02,0.64,0.418717338728));
#6643 = CARTESIAN_POINT('',(-0.103781229459,0.64,0.416284305205));
#6644 = ORIENTED_EDGE('',*,*,#6645,.T.);
#6645 = EDGE_CURVE('',#6637,#784,#6646,.T.);
#6646 = B_SPLINE_CURVE_WITH_KNOTS('',1,(#6647,#6648),.UNSPECIFIED.,.F.,
  .F.,(2,2),(-0.,1.E-02),.PIECEWISE_BEZIER_KNOTS.);
#6647 = CARTESIAN_POINT('',(-0.103781229459,0.64,0.416284305205));
#6648 = CARTESIAN_POINT('',(-0.103781229459,0.63,0.416284305205));
#6649 = ORIENTED_EDGE('',*,*,#790,.F.);
#6650 = B_SPLINE_SURFACE_WITH_KNOTS('',3,1,(
    (#6651,#6652)
    ,(#6653,#6654)
    ,(#6655,#6656)
    ,(#6657,#6658
    )),.UNSPECIFIED.,.F.,.F.,.F.,(4,4),(2,2),(7.,8.),(0.,1.),
  .PIECEWISE_BEZIER_KNOTS.);
#6651 = CARTESIAN_POINT('',(-8.940137747611E-02,0.64,0.419902662753));
#6652 = CARTESIAN_POINT('',(-8.940137747611E-02,0.63,0.419902662753));
#6653 = CARTESIAN_POINT('',(-9.462616100547E-02,0.64,0.419902662753));
#6654 = CARTESIAN_POINT('',(-9.462616100547E-02,0.63,0.419902662753));
#6655 = CARTESIAN_POINT('',(-9.941424621027E-02,0.64,0.418717338728));
#6656 = CARTESIAN_POINT('',(-9.941424621027E-02,0.63,0.418717338728));
#6657 = CARTESIAN_POINT('',(-0.103781229459,0.64,0.416284305205));
#6658 = CARTESIAN_POINT('',(-0.103781229459,0.63,0.416284305205));
#6659 = ADVANCED_FACE('',(#6660),#6676,.F.);
#6660 = FACE_BOUND('',#6661,.T.);
#6661 = EDGE_LOOP('',(#6662,#6663,#6670,#6675));
#6662 = ORIENTED_EDGE('',*,*,#783,.T.);
#6663 = ORIENTED_EDGE('',*,*,#6664,.F.);
#6664 = EDGE_CURVE('',#6665,#775,#6667,.T.);
#6665 = VERTEX_POINT('',#6666);
#6666 = CARTESIAN_POINT('',(-0.103781229459,0.64,0.424519187902));
#6667 = B_SPLINE_CURVE_WITH_KNOTS('',1,(#6668,#6669),.UNSPECIFIED.,.F.,
  .F.,(2,2),(-0.,1.E-02),.PIECEWISE_BEZIER_KNOTS.);
#6668 = CARTESIAN_POINT('',(-0.103781229459,0.64,0.424519187902));
#6669 = CARTESIAN_POINT('',(-0.103781229459,0.63,0.424519187902));
#6670 = ORIENTED_EDGE('',*,*,#6671,.F.);
#6671 = EDGE_CURVE('',#6637,#6665,#6672,.T.);
#6672 = B_SPLINE_CURVE_WITH_KNOTS('',1,(#6673,#6674),.UNSPECIFIED.,.F.,
  .F.,(2,2),(-8.234882696995E-03,0.),.PIECEWISE_BEZIER_KNOTS.);
#6673 = CARTESIAN_POINT('',(-0.103781229459,0.64,0.416284305205));
#6674 = CARTESIAN_POINT('',(-0.103781229459,0.64,0.424519187902));
#6675 = ORIENTED_EDGE('',*,*,#6645,.T.);
#6676 = B_SPLINE_SURFACE_WITH_KNOTS('',1,1,(
    (#6677,#6678)
    ,(#6679,#6680
    )),.UNSPECIFIED.,.F.,.F.,.F.,(2,2),(2,2),(-0.,8.234882696995E-03),(
    -1.E-02,0.),.PIECEWISE_BEZIER_KNOTS.);
#6677 = CARTESIAN_POINT('',(-0.103781229459,0.63,0.424519187902));
#6678 = CARTESIAN_POINT('',(-0.103781229459,0.64,0.424519187902));
#6679 = CARTESIAN_POINT('',(-0.103781229459,0.63,0.416284305205));
#6680 = CARTESIAN_POINT('',(-0.103781229459,0.64,0.416284305205));
#6681 = ADVANCED_FACE('',(#6682),#6700,.F.);
#6682 = FACE_BOUND('',#6683,.F.);
#6683 = EDGE_LOOP('',(#6684,#6685,#6694,#6699));
#6684 = ORIENTED_EDGE('',*,*,#6664,.F.);
#6685 = ORIENTED_EDGE('',*,*,#6686,.T.);
#6686 = EDGE_CURVE('',#6665,#6687,#6689,.T.);
#6687 = VERTEX_POINT('',#6688);
#6688 = CARTESIAN_POINT('',(-8.932339563226E-02,0.64,0.427014606901));
#6689 = B_SPLINE_CURVE_WITH_KNOTS('',3,(#6690,#6691,#6692,#6693),
  .UNSPECIFIED.,.F.,.F.,(4,4),(5.,6.),.PIECEWISE_BEZIER_KNOTS.);
#6690 = CARTESIAN_POINT('',(-0.103781229459,0.64,0.424519187902));
#6691 = CARTESIAN_POINT('',(-9.997571548506E-02,0.64,0.426172402989));
#6692 = CARTESIAN_POINT('',(-9.515643754281E-02,0.64,0.427014606901));
#6693 = CARTESIAN_POINT('',(-8.932339563226E-02,0.64,0.427014606901));
#6694 = ORIENTED_EDGE('',*,*,#6695,.T.);
#6695 = EDGE_CURVE('',#6687,#766,#6696,.T.);
#6696 = B_SPLINE_CURVE_WITH_KNOTS('',1,(#6697,#6698),.UNSPECIFIED.,.F.,
  .F.,(2,2),(-0.,1.E-02),.PIECEWISE_BEZIER_KNOTS.);
#6697 = CARTESIAN_POINT('',(-8.932339563226E-02,0.64,0.427014606901));
#6698 = CARTESIAN_POINT('',(-8.932339563226E-02,0.63,0.427014606901));
#6699 = ORIENTED_EDGE('',*,*,#774,.F.);
#6700 = B_SPLINE_SURFACE_WITH_KNOTS('',3,1,(
    (#6701,#6702)
    ,(#6703,#6704)
    ,(#6705,#6706)
    ,(#6707,#6708
    )),.UNSPECIFIED.,.F.,.F.,.F.,(4,4),(2,2),(5.,6.),(0.,1.),
  .PIECEWISE_BEZIER_KNOTS.);
#6701 = CARTESIAN_POINT('',(-0.103781229459,0.64,0.424519187902));
#6702 = CARTESIAN_POINT('',(-0.103781229459,0.63,0.424519187902));
#6703 = CARTESIAN_POINT('',(-9.997571548506E-02,0.64,0.426172402989));
#6704 = CARTESIAN_POINT('',(-9.997571548506E-02,0.63,0.426172402989));
#6705 = CARTESIAN_POINT('',(-9.515643754281E-02,0.64,0.427014606901));
#6706 = CARTESIAN_POINT('',(-9.515643754281E-02,0.63,0.427014606901));
#6707 = CARTESIAN_POINT('',(-8.932339563226E-02,0.64,0.427014606901));
#6708 = CARTESIAN_POINT('',(-8.932339563226E-02,0.63,0.427014606901));
#6709 = ADVANCED_FACE('',(#6710),#6728,.F.);
#6710 = FACE_BOUND('',#6711,.F.);
#6711 = EDGE_LOOP('',(#6712,#6713,#6722,#6727));
#6712 = ORIENTED_EDGE('',*,*,#6695,.F.);
#6713 = ORIENTED_EDGE('',*,*,#6714,.T.);
#6714 = EDGE_CURVE('',#6687,#6715,#6717,.T.);
#6715 = VERTEX_POINT('',#6716);
#6716 = CARTESIAN_POINT('',(-6.691141374602E-02,0.64,0.418031098504));
#6717 = B_SPLINE_CURVE_WITH_KNOTS('',3,(#6718,#6719,#6720,#6721),
  .UNSPECIFIED.,.F.,.F.,(4,4),(4.,5.),.PIECEWISE_BEZIER_KNOTS.);
#6718 = CARTESIAN_POINT('',(-8.932339563226E-02,0.64,0.427014606901));
#6719 = CARTESIAN_POINT('',(-8.02619053917E-02,0.64,0.427014606901));
#6720 = CARTESIAN_POINT('',(-7.279124476295E-02,0.64,0.424020104102));
#6721 = CARTESIAN_POINT('',(-6.691141374602E-02,0.64,0.418031098504));
#6722 = ORIENTED_EDGE('',*,*,#6723,.T.);
#6723 = EDGE_CURVE('',#6715,#757,#6724,.T.);
#6724 = B_SPLINE_CURVE_WITH_KNOTS('',1,(#6725,#6726),.UNSPECIFIED.,.F.,
  .F.,(2,2),(-0.,1.E-02),.PIECEWISE_BEZIER_KNOTS.);
#6725 = CARTESIAN_POINT('',(-6.691141374602E-02,0.64,0.418031098504));
#6726 = CARTESIAN_POINT('',(-6.691141374602E-02,0.63,0.418031098504));
#6727 = ORIENTED_EDGE('',*,*,#765,.F.);
#6728 = B_SPLINE_SURFACE_WITH_KNOTS('',3,1,(
    (#6729,#6730)
    ,(#6731,#6732)
    ,(#6733,#6734)
    ,(#6735,#6736
    )),.UNSPECIFIED.,.F.,.F.,.F.,(4,4),(2,2),(4.,5.),(0.,1.),
  .PIECEWISE_BEZIER_KNOTS.);
#6729 = CARTESIAN_POINT('',(-8.932339563226E-02,0.64,0.427014606901));
#6730 = CARTESIAN_POINT('',(-8.932339563226E-02,0.63,0.427014606901));
#6731 = CARTESIAN_POINT('',(-8.02619053917E-02,0.64,0.427014606901));
#6732 = CARTESIAN_POINT('',(-8.02619053917E-02,0.63,0.427014606901));
#6733 = CARTESIAN_POINT('',(-7.279124476295E-02,0.64,0.424020104102));
#6734 = CARTESIAN_POINT('',(-7.279124476295E-02,0.63,0.424020104102));
#6735 = CARTESIAN_POINT('',(-6.691141374602E-02,0.64,0.418031098504));
#6736 = CARTESIAN_POINT('',(-6.691141374602E-02,0.63,0.418031098504));
#6737 = ADVANCED_FACE('',(#6738),#6756,.F.);
#6738 = FACE_BOUND('',#6739,.F.);
#6739 = EDGE_LOOP('',(#6740,#6741,#6750,#6755));
#6740 = ORIENTED_EDGE('',*,*,#6723,.F.);
#6741 = ORIENTED_EDGE('',*,*,#6742,.T.);
#6742 = EDGE_CURVE('',#6715,#6743,#6745,.T.);
#6743 = VERTEX_POINT('',#6744);
#6744 = CARTESIAN_POINT('',(-5.809946540529E-02,0.64,0.394324618012));
#6745 = B_SPLINE_CURVE_WITH_KNOTS('',3,(#6746,#6747,#6748,#6749),
  .UNSPECIFIED.,.F.,.F.,(4,4),(3.,4.),.PIECEWISE_BEZIER_KNOTS.);
#6746 = CARTESIAN_POINT('',(-6.691141374602E-02,0.64,0.418031098504));
#6747 = CARTESIAN_POINT('',(-6.103158272929E-02,0.64,0.412042092906));
#6748 = CARTESIAN_POINT('',(-5.809946540529E-02,0.64,0.404150330321));
#6749 = CARTESIAN_POINT('',(-5.809946540529E-02,0.64,0.394324618012));
#6750 = ORIENTED_EDGE('',*,*,#6751,.T.);
#6751 = EDGE_CURVE('',#6743,#748,#6752,.T.);
#6752 = B_SPLINE_CURVE_WITH_KNOTS('',1,(#6753,#6754),.UNSPECIFIED.,.F.,
  .F.,(2,2),(-0.,1.E-02),.PIECEWISE_BEZIER_KNOTS.);
#6753 = CARTESIAN_POINT('',(-5.809946540529E-02,0.64,0.394324618012));
#6754 = CARTESIAN_POINT('',(-5.809946540529E-02,0.63,0.394324618012));
#6755 = ORIENTED_EDGE('',*,*,#756,.F.);
#6756 = B_SPLINE_SURFACE_WITH_KNOTS('',3,1,(
    (#6757,#6758)
    ,(#6759,#6760)
    ,(#6761,#6762)
    ,(#6763,#6764
    )),.UNSPECIFIED.,.F.,.F.,.F.,(4,4),(2,2),(3.,4.),(0.,1.),
  .PIECEWISE_BEZIER_KNOTS.);
#6757 = CARTESIAN_POINT('',(-6.691141374602E-02,0.64,0.418031098504));
#6758 = CARTESIAN_POINT('',(-6.691141374602E-02,0.63,0.418031098504));
#6759 = CARTESIAN_POINT('',(-6.103158272929E-02,0.64,0.412042092906));
#6760 = CARTESIAN_POINT('',(-6.103158272929E-02,0.63,0.412042092906));
#6761 = CARTESIAN_POINT('',(-5.809946540529E-02,0.64,0.404150330321));
#6762 = CARTESIAN_POINT('',(-5.809946540529E-02,0.63,0.404150330321));
#6763 = CARTESIAN_POINT('',(-5.809946540529E-02,0.64,0.394324618012));
#6764 = CARTESIAN_POINT('',(-5.809946540529E-02,0.63,0.394324618012));
#6765 = ADVANCED_FACE('',(#6766),#6784,.F.);
#6766 = FACE_BOUND('',#6767,.F.);
#6767 = EDGE_LOOP('',(#6768,#6769,#6778,#6783));
#6768 = ORIENTED_EDGE('',*,*,#6751,.F.);
#6769 = ORIENTED_EDGE('',*,*,#6770,.T.);
#6770 = EDGE_CURVE('',#6743,#6771,#6773,.T.);
#6771 = VERTEX_POINT('',#6772);
#6772 = CARTESIAN_POINT('',(-6.592884251518E-02,0.64,0.372271352607));
#6773 = B_SPLINE_CURVE_WITH_KNOTS('',3,(#6774,#6775,#6776,#6777),
  .UNSPECIFIED.,.F.,.F.,(4,4),(2.,3.),.PIECEWISE_BEZIER_KNOTS.);
#6774 = CARTESIAN_POINT('',(-5.809946540529E-02,0.64,0.394324618012));
#6775 = CARTESIAN_POINT('',(-5.809946540529E-02,0.64,0.385185145927));
#6776 = CARTESIAN_POINT('',(-6.070405898561E-02,0.64,0.37782365988));
#6777 = CARTESIAN_POINT('',(-6.592884251518E-02,0.64,0.372271352607));
#6778 = ORIENTED_EDGE('',*,*,#6779,.T.);
#6779 = EDGE_CURVE('',#6771,#739,#6780,.T.);
#6780 = B_SPLINE_CURVE_WITH_KNOTS('',1,(#6781,#6782),.UNSPECIFIED.,.F.,
  .F.,(2,2),(-0.,1.E-02),.PIECEWISE_BEZIER_KNOTS.);
#6781 = CARTESIAN_POINT('',(-6.592884251518E-02,0.64,0.372271352607));
#6782 = CARTESIAN_POINT('',(-6.592884251518E-02,0.63,0.372271352607));
#6783 = ORIENTED_EDGE('',*,*,#747,.F.);
#6784 = B_SPLINE_SURFACE_WITH_KNOTS('',3,1,(
    (#6785,#6786)
    ,(#6787,#6788)
    ,(#6789,#6790)
    ,(#6791,#6792
    )),.UNSPECIFIED.,.F.,.F.,.F.,(4,4),(2,2),(2.,3.),(0.,1.),
  .PIECEWISE_BEZIER_KNOTS.);
#6785 = CARTESIAN_POINT('',(-5.809946540529E-02,0.64,0.394324618012));
#6786 = CARTESIAN_POINT('',(-5.809946540529E-02,0.63,0.394324618012));
#6787 = CARTESIAN_POINT('',(-5.809946540529E-02,0.64,0.385185145927));
#6788 = CARTESIAN_POINT('',(-5.809946540529E-02,0.63,0.385185145927));
#6789 = CARTESIAN_POINT('',(-6.070405898561E-02,0.64,0.37782365988));
#6790 = CARTESIAN_POINT('',(-6.070405898561E-02,0.63,0.37782365988));
#6791 = CARTESIAN_POINT('',(-6.592884251518E-02,0.64,0.372271352607));
#6792 = CARTESIAN_POINT('',(-6.592884251518E-02,0.63,0.372271352607));
#6793 = ADVANCED_FACE('',(#6794),#6806,.F.);
#6794 = FACE_BOUND('',#6795,.F.);
#6795 = EDGE_LOOP('',(#6796,#6797,#6804,#6805));
#6796 = ORIENTED_EDGE('',*,*,#6779,.F.);
#6797 = ORIENTED_EDGE('',*,*,#6798,.T.);
#6798 = EDGE_CURVE('',#6771,#6440,#6799,.T.);
#6799 = B_SPLINE_CURVE_WITH_KNOTS('',3,(#6800,#6801,#6802,#6803),
  .UNSPECIFIED.,.F.,.F.,(4,4),(1.,2.),.PIECEWISE_BEZIER_KNOTS.);
#6800 = CARTESIAN_POINT('',(-6.592884251518E-02,0.64,0.372271352607));
#6801 = CARTESIAN_POINT('',(-7.115362604475E-02,0.64,0.366719045334));
#6802 = CARTESIAN_POINT('',(-7.814079924233E-02,0.64,0.363942891697));
#6803 = CARTESIAN_POINT('',(-8.689036210815E-02,0.64,0.363942891697));
#6804 = ORIENTED_EDGE('',*,*,#6439,.T.);
#6805 = ORIENTED_EDGE('',*,*,#738,.F.);
#6806 = B_SPLINE_SURFACE_WITH_KNOTS('',3,1,(
    (#6807,#6808)
    ,(#6809,#6810)
    ,(#6811,#6812)
    ,(#6813,#6814
    )),.UNSPECIFIED.,.F.,.F.,.F.,(4,4),(2,2),(1.,2.),(0.,1.),
  .PIECEWISE_BEZIER_KNOTS.);
#6807 = CARTESIAN_POINT('',(-6.592884251518E-02,0.64,0.372271352607));
#6808 = CARTESIAN_POINT('',(-6.592884251518E-02,0.63,0.372271352607));
#6809 = CARTESIAN_POINT('',(-7.115362604475E-02,0.64,0.366719045334));
#6810 = CARTESIAN_POINT('',(-7.115362604475E-02,0.63,0.366719045334));
#6811 = CARTESIAN_POINT('',(-7.814079924233E-02,0.64,0.363942891697));
#6812 = CARTESIAN_POINT('',(-7.814079924233E-02,0.63,0.363942891697));
#6813 = CARTESIAN_POINT('',(-8.689036210815E-02,0.64,0.363942891697));
#6814 = CARTESIAN_POINT('',(-8.689036210815E-02,0.63,0.363942891697));
#6815 = ADVANCED_FACE('',(#6816),#6832,.T.);
#6816 = FACE_BOUND('',#6817,.T.);
#6817 = EDGE_LOOP('',(#6818,#6819,#6820,#6821,#6822,#6823,#6824,#6825,
    #6826,#6827,#6828,#6829,#6830,#6831));
#6818 = ORIENTED_EDGE('',*,*,#6446,.T.);
#6819 = ORIENTED_EDGE('',*,*,#6481,.T.);
#6820 = ORIENTED_EDGE('',*,*,#6496,.T.);
#6821 = ORIENTED_EDGE('',*,*,#6524,.T.);
#6822 = ORIENTED_EDGE('',*,*,#6552,.T.);
#6823 = ORIENTED_EDGE('',*,*,#6580,.T.);
#6824 = ORIENTED_EDGE('',*,*,#6608,.T.);
#6825 = ORIENTED_EDGE('',*,*,#6636,.T.);
#6826 = ORIENTED_EDGE('',*,*,#6671,.T.);
#6827 = ORIENTED_EDGE('',*,*,#6686,.T.);
#6828 = ORIENTED_EDGE('',*,*,#6714,.T.);
#6829 = ORIENTED_EDGE('',*,*,#6742,.T.);
#6830 = ORIENTED_EDGE('',*,*,#6770,.T.);
#6831 = ORIENTED_EDGE('',*,*,#6798,.T.);
#6832 = B_SPLINE_SURFACE_WITH_KNOTS('',1,1,(
    (#6833,#6834)
    ,(#6835,#6836
    )),.UNSPECIFIED.,.F.,.F.,.F.,(2,2),(2,2),(-8.889930184257E-04,
    6.218272218543E-02),(-7.591532486591E-03,3.809023156693E-02),
  .PIECEWISE_BEZIER_KNOTS.);
#6833 = CARTESIAN_POINT('',(-0.103781229459,0.64,0.363942891697));
#6834 = CARTESIAN_POINT('',(-5.809946540529E-02,0.64,0.363942891697));
#6835 = CARTESIAN_POINT('',(-0.103781229459,0.64,0.427014606901));
#6836 = CARTESIAN_POINT('',(-5.809946540529E-02,0.64,0.427014606901));
#6837 = ADVANCED_FACE('',(#6838),#6860,.F.);
#6838 = FACE_BOUND('',#6839,.T.);
#6839 = EDGE_LOOP('',(#6840,#6841,#6848,#6855));
#6840 = ORIENTED_EDGE('',*,*,#853,.T.);
#6841 = ORIENTED_EDGE('',*,*,#6842,.F.);
#6842 = EDGE_CURVE('',#6843,#845,#6845,.T.);
#6843 = VERTEX_POINT('',#6844);
#6844 = CARTESIAN_POINT('',(-0.148807946025,0.64,0.371928232494));
#6845 = B_SPLINE_CURVE_WITH_KNOTS('',1,(#6846,#6847),.UNSPECIFIED.,.F.,
  .F.,(2,2),(-0.,1.E-02),.PIECEWISE_BEZIER_KNOTS.);
#6846 = CARTESIAN_POINT('',(-0.148807946025,0.64,0.371928232494));
#6847 = CARTESIAN_POINT('',(-0.148807946025,0.63,0.371928232494));
#6848 = ORIENTED_EDGE('',*,*,#6849,.F.);
#6849 = EDGE_CURVE('',#6850,#6843,#6852,.T.);
#6850 = VERTEX_POINT('',#6851);
#6851 = CARTESIAN_POINT('',(-0.148807946025,0.64,0.364972252034));
#6852 = B_SPLINE_CURVE_WITH_KNOTS('',1,(#6853,#6854),.UNSPECIFIED.,.F.,
  .F.,(2,2),(-6.955980460135E-03,0.),.PIECEWISE_BEZIER_KNOTS.);
#6853 = CARTESIAN_POINT('',(-0.148807946025,0.64,0.364972252034));
#6854 = CARTESIAN_POINT('',(-0.148807946025,0.64,0.371928232494));
#6855 = ORIENTED_EDGE('',*,*,#6856,.T.);
#6856 = EDGE_CURVE('',#6850,#854,#6857,.T.);
#6857 = B_SPLINE_CURVE_WITH_KNOTS('',1,(#6858,#6859),.UNSPECIFIED.,.F.,
  .F.,(2,2),(-0.,1.E-02),.PIECEWISE_BEZIER_KNOTS.);
#6858 = CARTESIAN_POINT('',(-0.148807946025,0.64,0.364972252034));
#6859 = CARTESIAN_POINT('',(-0.148807946025,0.63,0.364972252034));
#6860 = B_SPLINE_SURFACE_WITH_KNOTS('',1,1,(
    (#6861,#6862)
    ,(#6863,#6864
    )),.UNSPECIFIED.,.F.,.F.,.F.,(2,2),(2,2),(-0.,6.955980460135E-03),(
    -1.E-02,0.),.PIECEWISE_BEZIER_KNOTS.);
#6861 = CARTESIAN_POINT('',(-0.148807946025,0.63,0.371928232494));
#6862 = CARTESIAN_POINT('',(-0.148807946025,0.64,0.371928232494));
#6863 = CARTESIAN_POINT('',(-0.148807946025,0.63,0.364972252034));
#6864 = CARTESIAN_POINT('',(-0.148807946025,0.64,0.364972252034));
#6865 = ADVANCED_FACE('',(#6866),#6882,.F.);
#6866 = FACE_BOUND('',#6867,.T.);
#6867 = EDGE_LOOP('',(#6868,#6869,#6876,#6881));
#6868 = ORIENTED_EDGE('',*,*,#844,.T.);
#6869 = ORIENTED_EDGE('',*,*,#6870,.F.);
#6870 = EDGE_CURVE('',#6871,#847,#6873,.T.);
#6871 = VERTEX_POINT('',#6872);
#6872 = CARTESIAN_POINT('',(-0.123869352402,0.64,0.371928232494));
#6873 = B_SPLINE_CURVE_WITH_KNOTS('',1,(#6874,#6875),.UNSPECIFIED.,.F.,
  .F.,(2,2),(-0.,1.E-02),.PIECEWISE_BEZIER_KNOTS.);
#6874 = CARTESIAN_POINT('',(-0.123869352402,0.64,0.371928232494));
#6875 = CARTESIAN_POINT('',(-0.123869352402,0.63,0.371928232494));
#6876 = ORIENTED_EDGE('',*,*,#6877,.F.);
#6877 = EDGE_CURVE('',#6843,#6871,#6878,.T.);
#6878 = B_SPLINE_CURVE_WITH_KNOTS('',1,(#6879,#6880),.UNSPECIFIED.,.F.,
  .F.,(2,2),(-2.493859362272E-02,0.),.PIECEWISE_BEZIER_KNOTS.);
#6879 = CARTESIAN_POINT('',(-0.148807946025,0.64,0.371928232494));
#6880 = CARTESIAN_POINT('',(-0.123869352402,0.64,0.371928232494));
#6881 = ORIENTED_EDGE('',*,*,#6842,.T.);
#6882 = B_SPLINE_SURFACE_WITH_KNOTS('',1,1,(
    (#6883,#6884)
    ,(#6885,#6886
    )),.UNSPECIFIED.,.F.,.F.,.F.,(2,2),(2,2),(0.,2.493859362272E-02),(
    -1.E-02,0.),.PIECEWISE_BEZIER_KNOTS.);
#6883 = CARTESIAN_POINT('',(-0.123869352402,0.63,0.371928232494));
#6884 = CARTESIAN_POINT('',(-0.123869352402,0.64,0.371928232494));
#6885 = CARTESIAN_POINT('',(-0.148807946025,0.63,0.371928232494));
#6886 = CARTESIAN_POINT('',(-0.148807946025,0.64,0.371928232494));
#6887 = ADVANCED_FACE('',(#6888),#6904,.F.);
#6888 = FACE_BOUND('',#6889,.T.);
#6889 = EDGE_LOOP('',(#6890,#6891,#6898,#6903));
#6890 = ORIENTED_EDGE('',*,*,#923,.T.);
#6891 = ORIENTED_EDGE('',*,*,#6892,.F.);
#6892 = EDGE_CURVE('',#6893,#917,#6895,.T.);
#6893 = VERTEX_POINT('',#6894);
#6894 = CARTESIAN_POINT('',(-0.123869352402,0.64,0.392453053762));
#6895 = B_SPLINE_CURVE_WITH_KNOTS('',1,(#6896,#6897),.UNSPECIFIED.,.F.,
  .F.,(2,2),(-0.,1.E-02),.PIECEWISE_BEZIER_KNOTS.);
#6896 = CARTESIAN_POINT('',(-0.123869352402,0.64,0.392453053762));
#6897 = CARTESIAN_POINT('',(-0.123869352402,0.63,0.392453053762));
#6898 = ORIENTED_EDGE('',*,*,#6899,.F.);
#6899 = EDGE_CURVE('',#6871,#6893,#6900,.T.);
#6900 = B_SPLINE_CURVE_WITH_KNOTS('',1,(#6901,#6902),.UNSPECIFIED.,.F.,
  .F.,(2,2),(-2.0524821268E-02,0.),.PIECEWISE_BEZIER_KNOTS.);
#6901 = CARTESIAN_POINT('',(-0.123869352402,0.64,0.371928232494));
#6902 = CARTESIAN_POINT('',(-0.123869352402,0.64,0.392453053762));
#6903 = ORIENTED_EDGE('',*,*,#6870,.T.);
#6904 = B_SPLINE_SURFACE_WITH_KNOTS('',1,1,(
    (#6905,#6906)
    ,(#6907,#6908
    )),.UNSPECIFIED.,.F.,.F.,.F.,(2,2),(2,2),(-0.,2.0524821268E-02),(
    -1.E-02,0.),.PIECEWISE_BEZIER_KNOTS.);
#6905 = CARTESIAN_POINT('',(-0.123869352402,0.63,0.392453053762));
#6906 = CARTESIAN_POINT('',(-0.123869352402,0.64,0.392453053762));
#6907 = CARTESIAN_POINT('',(-0.123869352402,0.63,0.371928232494));
#6908 = CARTESIAN_POINT('',(-0.123869352402,0.64,0.371928232494));
#6909 = ADVANCED_FACE('',(#6910),#6926,.F.);
#6910 = FACE_BOUND('',#6911,.T.);
#6911 = EDGE_LOOP('',(#6912,#6913,#6920,#6925));
#6912 = ORIENTED_EDGE('',*,*,#916,.T.);
#6913 = ORIENTED_EDGE('',*,*,#6914,.F.);
#6914 = EDGE_CURVE('',#6915,#910,#6917,.T.);
#6915 = VERTEX_POINT('',#6916);
#6916 = CARTESIAN_POINT('',(-0.145688672276,0.64,0.392453053762));
#6917 = B_SPLINE_CURVE_WITH_KNOTS('',1,(#6918,#6919),.UNSPECIFIED.,.F.,
  .F.,(2,2),(-0.,1.E-02),.PIECEWISE_BEZIER_KNOTS.);
#6918 = CARTESIAN_POINT('',(-0.145688672276,0.64,0.392453053762));
#6919 = CARTESIAN_POINT('',(-0.145688672276,0.63,0.392453053762));
#6920 = ORIENTED_EDGE('',*,*,#6921,.F.);
#6921 = EDGE_CURVE('',#6893,#6915,#6922,.T.);
#6922 = B_SPLINE_CURVE_WITH_KNOTS('',1,(#6923,#6924),.UNSPECIFIED.,.F.,
  .F.,(2,2),(-2.181931987379E-02,0.),.PIECEWISE_BEZIER_KNOTS.);
#6923 = CARTESIAN_POINT('',(-0.123869352402,0.64,0.392453053762));
#6924 = CARTESIAN_POINT('',(-0.145688672276,0.64,0.392453053762));
#6925 = ORIENTED_EDGE('',*,*,#6892,.T.);
#6926 = B_SPLINE_SURFACE_WITH_KNOTS('',1,1,(
    (#6927,#6928)
    ,(#6929,#6930
    )),.UNSPECIFIED.,.F.,.F.,.F.,(2,2),(2,2),(0.,2.181931987379E-02),(
    -1.E-02,0.),.PIECEWISE_BEZIER_KNOTS.);
#6927 = CARTESIAN_POINT('',(-0.145688672276,0.63,0.392453053762));
#6928 = CARTESIAN_POINT('',(-0.145688672276,0.64,0.392453053762));
#6929 = CARTESIAN_POINT('',(-0.123869352402,0.63,0.392453053762));
#6930 = CARTESIAN_POINT('',(-0.123869352402,0.64,0.392453053762));
#6931 = ADVANCED_FACE('',(#6932),#6948,.F.);
#6932 = FACE_BOUND('',#6933,.T.);
#6933 = EDGE_LOOP('',(#6934,#6935,#6942,#6947));
#6934 = ORIENTED_EDGE('',*,*,#909,.T.);
#6935 = ORIENTED_EDGE('',*,*,#6936,.F.);
#6936 = EDGE_CURVE('',#6937,#903,#6939,.T.);
#6937 = VERTEX_POINT('',#6938);
#6938 = CARTESIAN_POINT('',(-0.145688672276,0.64,0.39944022696));
#6939 = B_SPLINE_CURVE_WITH_KNOTS('',1,(#6940,#6941),.UNSPECIFIED.,.F.,
  .F.,(2,2),(-0.,1.E-02),.PIECEWISE_BEZIER_KNOTS.);
#6940 = CARTESIAN_POINT('',(-0.145688672276,0.64,0.39944022696));
#6941 = CARTESIAN_POINT('',(-0.145688672276,0.63,0.39944022696));
#6942 = ORIENTED_EDGE('',*,*,#6943,.F.);
#6943 = EDGE_CURVE('',#6915,#6937,#6944,.T.);
#6944 = B_SPLINE_CURVE_WITH_KNOTS('',1,(#6945,#6946),.UNSPECIFIED.,.F.,
  .F.,(2,2),(-6.987173197589E-03,0.),.PIECEWISE_BEZIER_KNOTS.);
#6945 = CARTESIAN_POINT('',(-0.145688672276,0.64,0.392453053762));
#6946 = CARTESIAN_POINT('',(-0.145688672276,0.64,0.39944022696));
#6947 = ORIENTED_EDGE('',*,*,#6914,.T.);
#6948 = B_SPLINE_SURFACE_WITH_KNOTS('',1,1,(
    (#6949,#6950)
    ,(#6951,#6952
    )),.UNSPECIFIED.,.F.,.F.,.F.,(2,2),(2,2),(-0.,6.987173197589E-03),(
    -1.E-02,0.),.PIECEWISE_BEZIER_KNOTS.);
#6949 = CARTESIAN_POINT('',(-0.145688672276,0.63,0.39944022696));
#6950 = CARTESIAN_POINT('',(-0.145688672276,0.64,0.39944022696));
#6951 = CARTESIAN_POINT('',(-0.145688672276,0.63,0.392453053762));
#6952 = CARTESIAN_POINT('',(-0.145688672276,0.64,0.392453053762));
#6953 = ADVANCED_FACE('',(#6954),#6970,.F.);
#6954 = FACE_BOUND('',#6955,.T.);
#6955 = EDGE_LOOP('',(#6956,#6957,#6964,#6969));
#6956 = ORIENTED_EDGE('',*,*,#902,.T.);
#6957 = ORIENTED_EDGE('',*,*,#6958,.F.);
#6958 = EDGE_CURVE('',#6959,#896,#6961,.T.);
#6959 = VERTEX_POINT('',#6960);
#6960 = CARTESIAN_POINT('',(-0.123869352402,0.64,0.39944022696));
#6961 = B_SPLINE_CURVE_WITH_KNOTS('',1,(#6962,#6963),.UNSPECIFIED.,.F.,
  .F.,(2,2),(-0.,1.E-02),.PIECEWISE_BEZIER_KNOTS.);
#6962 = CARTESIAN_POINT('',(-0.123869352402,0.64,0.39944022696));
#6963 = CARTESIAN_POINT('',(-0.123869352402,0.63,0.39944022696));
#6964 = ORIENTED_EDGE('',*,*,#6965,.F.);
#6965 = EDGE_CURVE('',#6937,#6959,#6966,.T.);
#6966 = B_SPLINE_CURVE_WITH_KNOTS('',1,(#6967,#6968),.UNSPECIFIED.,.F.,
  .F.,(2,2),(-2.181931987379E-02,0.),.PIECEWISE_BEZIER_KNOTS.);
#6967 = CARTESIAN_POINT('',(-0.145688672276,0.64,0.39944022696));
#6968 = CARTESIAN_POINT('',(-0.123869352402,0.64,0.39944022696));
#6969 = ORIENTED_EDGE('',*,*,#6936,.T.);
#6970 = B_SPLINE_SURFACE_WITH_KNOTS('',1,1,(
    (#6971,#6972)
    ,(#6973,#6974
    )),.UNSPECIFIED.,.F.,.F.,.F.,(2,2),(2,2),(0.,2.181931987379E-02),(
    -1.E-02,0.),.PIECEWISE_BEZIER_KNOTS.);
#6971 = CARTESIAN_POINT('',(-0.123869352402,0.63,0.39944022696));
#6972 = CARTESIAN_POINT('',(-0.123869352402,0.64,0.39944022696));
#6973 = CARTESIAN_POINT('',(-0.145688672276,0.63,0.39944022696));
#6974 = CARTESIAN_POINT('',(-0.145688672276,0.64,0.39944022696));
#6975 = ADVANCED_FACE('',(#6976),#6992,.F.);
#6976 = FACE_BOUND('',#6977,.T.);
#6977 = EDGE_LOOP('',(#6978,#6979,#6986,#6991));
#6978 = ORIENTED_EDGE('',*,*,#895,.T.);
#6979 = ORIENTED_EDGE('',*,*,#6980,.F.);
#6980 = EDGE_CURVE('',#6981,#889,#6983,.T.);
#6981 = VERTEX_POINT('',#6982);
#6982 = CARTESIAN_POINT('',(-0.123869352402,0.64,0.418966880628));
#6983 = B_SPLINE_CURVE_WITH_KNOTS('',1,(#6984,#6985),.UNSPECIFIED.,.F.,
  .F.,(2,2),(-0.,1.E-02),.PIECEWISE_BEZIER_KNOTS.);
#6984 = CARTESIAN_POINT('',(-0.123869352402,0.64,0.418966880628));
#6985 = CARTESIAN_POINT('',(-0.123869352402,0.63,0.418966880628));
#6986 = ORIENTED_EDGE('',*,*,#6987,.F.);
#6987 = EDGE_CURVE('',#6959,#6981,#6988,.T.);
#6988 = B_SPLINE_CURVE_WITH_KNOTS('',1,(#6989,#6990),.UNSPECIFIED.,.F.,
  .F.,(2,2),(-1.952665366864E-02,0.),.PIECEWISE_BEZIER_KNOTS.);
#6989 = CARTESIAN_POINT('',(-0.123869352402,0.64,0.39944022696));
#6990 = CARTESIAN_POINT('',(-0.123869352402,0.64,0.418966880628));
#6991 = ORIENTED_EDGE('',*,*,#6958,.T.);
#6992 = B_SPLINE_SURFACE_WITH_KNOTS('',1,1,(
    (#6993,#6994)
    ,(#6995,#6996
    )),.UNSPECIFIED.,.F.,.F.,.F.,(2,2),(2,2),(-0.,1.952665366864E-02),(
    -1.E-02,0.),.PIECEWISE_BEZIER_KNOTS.);
#6993 = CARTESIAN_POINT('',(-0.123869352402,0.63,0.418966880628));
#6994 = CARTESIAN_POINT('',(-0.123869352402,0.64,0.418966880628));
#6995 = CARTESIAN_POINT('',(-0.123869352402,0.63,0.39944022696));
#6996 = CARTESIAN_POINT('',(-0.123869352402,0.64,0.39944022696));
#6997 = ADVANCED_FACE('',(#6998),#7014,.F.);
#6998 = FACE_BOUND('',#6999,.T.);
#6999 = EDGE_LOOP('',(#7000,#7001,#7008,#7013));
#7000 = ORIENTED_EDGE('',*,*,#888,.T.);
#7001 = ORIENTED_EDGE('',*,*,#7002,.F.);
#7002 = EDGE_CURVE('',#7003,#882,#7005,.T.);
#7003 = VERTEX_POINT('',#7004);
#7004 = CARTESIAN_POINT('',(-0.147419869207,0.64,0.418966880628));
#7005 = B_SPLINE_CURVE_WITH_KNOTS('',1,(#7006,#7007),.UNSPECIFIED.,.F.,
  .F.,(2,2),(-0.,1.E-02),.PIECEWISE_BEZIER_KNOTS.);
#7006 = CARTESIAN_POINT('',(-0.147419869207,0.64,0.418966880628));
#7007 = CARTESIAN_POINT('',(-0.147419869207,0.63,0.418966880628));
#7008 = ORIENTED_EDGE('',*,*,#7009,.F.);
#7009 = EDGE_CURVE('',#6981,#7003,#7010,.T.);
#7010 = B_SPLINE_CURVE_WITH_KNOTS('',1,(#7011,#7012),.UNSPECIFIED.,.F.,
  .F.,(2,2),(-2.355051680457E-02,0.),.PIECEWISE_BEZIER_KNOTS.);
#7011 = CARTESIAN_POINT('',(-0.123869352402,0.64,0.418966880628));
#7012 = CARTESIAN_POINT('',(-0.147419869207,0.64,0.418966880628));
#7013 = ORIENTED_EDGE('',*,*,#6980,.T.);
#7014 = B_SPLINE_SURFACE_WITH_KNOTS('',1,1,(
    (#7015,#7016)
    ,(#7017,#7018
    )),.UNSPECIFIED.,.F.,.F.,.F.,(2,2),(2,2),(0.,2.355051680457E-02),(
    -1.E-02,0.),.PIECEWISE_BEZIER_KNOTS.);
#7015 = CARTESIAN_POINT('',(-0.147419869207,0.63,0.418966880628));
#7016 = CARTESIAN_POINT('',(-0.147419869207,0.64,0.418966880628));
#7017 = CARTESIAN_POINT('',(-0.123869352402,0.63,0.418966880628));
#7018 = CARTESIAN_POINT('',(-0.123869352402,0.64,0.418966880628));
#7019 = ADVANCED_FACE('',(#7020),#7036,.F.);
#7020 = FACE_BOUND('',#7021,.T.);
#7021 = EDGE_LOOP('',(#7022,#7023,#7030,#7035));
#7022 = ORIENTED_EDGE('',*,*,#881,.T.);
#7023 = ORIENTED_EDGE('',*,*,#7024,.F.);
#7024 = EDGE_CURVE('',#7025,#875,#7027,.T.);
#7025 = VERTEX_POINT('',#7026);
#7026 = CARTESIAN_POINT('',(-0.147419869207,0.64,0.425985246564));
#7027 = B_SPLINE_CURVE_WITH_KNOTS('',1,(#7028,#7029),.UNSPECIFIED.,.F.,
  .F.,(2,2),(-0.,1.E-02),.PIECEWISE_BEZIER_KNOTS.);
#7028 = CARTESIAN_POINT('',(-0.147419869207,0.64,0.425985246564));
#7029 = CARTESIAN_POINT('',(-0.147419869207,0.63,0.425985246564));
#7030 = ORIENTED_EDGE('',*,*,#7031,.F.);
#7031 = EDGE_CURVE('',#7003,#7025,#7032,.T.);
#7032 = B_SPLINE_CURVE_WITH_KNOTS('',1,(#7033,#7034),.UNSPECIFIED.,.F.,
  .F.,(2,2),(-7.018365935043E-03,0.),.PIECEWISE_BEZIER_KNOTS.);
#7033 = CARTESIAN_POINT('',(-0.147419869207,0.64,0.418966880628));
#7034 = CARTESIAN_POINT('',(-0.147419869207,0.64,0.425985246564));
#7035 = ORIENTED_EDGE('',*,*,#7002,.T.);
#7036 = B_SPLINE_SURFACE_WITH_KNOTS('',1,1,(
    (#7037,#7038)
    ,(#7039,#7040
    )),.UNSPECIFIED.,.F.,.F.,.F.,(2,2),(2,2),(-0.,7.018365935043E-03),(
    -1.E-02,0.),.PIECEWISE_BEZIER_KNOTS.);
#7037 = CARTESIAN_POINT('',(-0.147419869207,0.63,0.425985246564));
#7038 = CARTESIAN_POINT('',(-0.147419869207,0.64,0.425985246564));
#7039 = CARTESIAN_POINT('',(-0.147419869207,0.63,0.418966880628));
#7040 = CARTESIAN_POINT('',(-0.147419869207,0.64,0.418966880628));
#7041 = ADVANCED_FACE('',(#7042),#7058,.F.);
#7042 = FACE_BOUND('',#7043,.T.);
#7043 = EDGE_LOOP('',(#7044,#7045,#7052,#7057));
#7044 = ORIENTED_EDGE('',*,*,#874,.T.);
#7045 = ORIENTED_EDGE('',*,*,#7046,.F.);
#7046 = EDGE_CURVE('',#7047,#868,#7049,.T.);
#7047 = VERTEX_POINT('',#7048);
#7048 = CARTESIAN_POINT('',(-0.115993186186,0.64,0.425985246564));
#7049 = B_SPLINE_CURVE_WITH_KNOTS('',1,(#7050,#7051),.UNSPECIFIED.,.F.,
  .F.,(2,2),(-0.,1.E-02),.PIECEWISE_BEZIER_KNOTS.);
#7050 = CARTESIAN_POINT('',(-0.115993186186,0.64,0.425985246564));
#7051 = CARTESIAN_POINT('',(-0.115993186186,0.63,0.425985246564));
#7052 = ORIENTED_EDGE('',*,*,#7053,.F.);
#7053 = EDGE_CURVE('',#7025,#7047,#7054,.T.);
#7054 = B_SPLINE_CURVE_WITH_KNOTS('',1,(#7055,#7056),.UNSPECIFIED.,.F.,
  .F.,(2,2),(-3.142668302063E-02,0.),.PIECEWISE_BEZIER_KNOTS.);
#7055 = CARTESIAN_POINT('',(-0.147419869207,0.64,0.425985246564));
#7056 = CARTESIAN_POINT('',(-0.115993186186,0.64,0.425985246564));
#7057 = ORIENTED_EDGE('',*,*,#7024,.T.);
#7058 = B_SPLINE_SURFACE_WITH_KNOTS('',1,1,(
    (#7059,#7060)
    ,(#7061,#7062
    )),.UNSPECIFIED.,.F.,.F.,.F.,(2,2),(2,2),(0.,3.142668302063E-02),(
    -1.E-02,0.),.PIECEWISE_BEZIER_KNOTS.);
#7059 = CARTESIAN_POINT('',(-0.115993186186,0.63,0.425985246564));
#7060 = CARTESIAN_POINT('',(-0.115993186186,0.64,0.425985246564));
#7061 = CARTESIAN_POINT('',(-0.147419869207,0.63,0.425985246564));
#7062 = CARTESIAN_POINT('',(-0.147419869207,0.64,0.425985246564));
#7063 = ADVANCED_FACE('',(#7064),#7080,.F.);
#7064 = FACE_BOUND('',#7065,.T.);
#7065 = EDGE_LOOP('',(#7066,#7067,#7074,#7079));
#7066 = ORIENTED_EDGE('',*,*,#867,.T.);
#7067 = ORIENTED_EDGE('',*,*,#7068,.F.);
#7068 = EDGE_CURVE('',#7069,#861,#7071,.T.);
#7069 = VERTEX_POINT('',#7070);
#7070 = CARTESIAN_POINT('',(-0.115993186186,0.64,0.364972252034));
#7071 = B_SPLINE_CURVE_WITH_KNOTS('',1,(#7072,#7073),.UNSPECIFIED.,.F.,
  .F.,(2,2),(-0.,1.E-02),.PIECEWISE_BEZIER_KNOTS.);
#7072 = CARTESIAN_POINT('',(-0.115993186186,0.64,0.364972252034));
#7073 = CARTESIAN_POINT('',(-0.115993186186,0.63,0.364972252034));
#7074 = ORIENTED_EDGE('',*,*,#7075,.F.);
#7075 = EDGE_CURVE('',#7047,#7069,#7076,.T.);
#7076 = B_SPLINE_CURVE_WITH_KNOTS('',1,(#7077,#7078),.UNSPECIFIED.,.F.,
  .F.,(2,2),(-6.10129945294E-02,-0.),.PIECEWISE_BEZIER_KNOTS.);
#7077 = CARTESIAN_POINT('',(-0.115993186186,0.64,0.425985246564));
#7078 = CARTESIAN_POINT('',(-0.115993186186,0.64,0.364972252034));
#7079 = ORIENTED_EDGE('',*,*,#7046,.T.);
#7080 = B_SPLINE_SURFACE_WITH_KNOTS('',1,1,(
    (#7081,#7082)
    ,(#7083,#7084
    )),.UNSPECIFIED.,.F.,.F.,.F.,(2,2),(2,2),(-3.945737213937E-31,
    6.10129945294E-02),(-1.E-02,0.),.PIECEWISE_BEZIER_KNOTS.);
#7081 = CARTESIAN_POINT('',(-0.115993186186,0.63,0.364972252034));
#7082 = CARTESIAN_POINT('',(-0.115993186186,0.64,0.364972252034));
#7083 = CARTESIAN_POINT('',(-0.115993186186,0.63,0.425985246564));
#7084 = CARTESIAN_POINT('',(-0.115993186186,0.64,0.425985246564));
#7085 = ADVANCED_FACE('',(#7086),#7096,.F.);
#7086 = FACE_BOUND('',#7087,.T.);
#7087 = EDGE_LOOP('',(#7088,#7089,#7090,#7095));
#7088 = ORIENTED_EDGE('',*,*,#860,.T.);
#7089 = ORIENTED_EDGE('',*,*,#6856,.F.);
#7090 = ORIENTED_EDGE('',*,*,#7091,.F.);
#7091 = EDGE_CURVE('',#7069,#6850,#7092,.T.);
#7092 = B_SPLINE_CURVE_WITH_KNOTS('',1,(#7093,#7094),.UNSPECIFIED.,.F.,
  .F.,(2,2),(-3.281475983879E-02,0.),.PIECEWISE_BEZIER_KNOTS.);
#7093 = CARTESIAN_POINT('',(-0.115993186186,0.64,0.364972252034));
#7094 = CARTESIAN_POINT('',(-0.148807946025,0.64,0.364972252034));
#7095 = ORIENTED_EDGE('',*,*,#7068,.T.);
#7096 = B_SPLINE_SURFACE_WITH_KNOTS('',1,1,(
    (#7097,#7098)
    ,(#7099,#7100
    )),.UNSPECIFIED.,.F.,.F.,.F.,(2,2),(2,2),(0.,3.281475983879E-02),(
    -1.E-02,0.),.PIECEWISE_BEZIER_KNOTS.);
#7097 = CARTESIAN_POINT('',(-0.148807946025,0.63,0.364972252034));
#7098 = CARTESIAN_POINT('',(-0.148807946025,0.64,0.364972252034));
#7099 = CARTESIAN_POINT('',(-0.115993186186,0.63,0.364972252034));
#7100 = CARTESIAN_POINT('',(-0.115993186186,0.64,0.364972252034));
#7101 = ADVANCED_FACE('',(#7102),#7116,.F.);
#7102 = FACE_BOUND('',#7103,.T.);
#7103 = EDGE_LOOP('',(#7104,#7105,#7106,#7107,#7108,#7109,#7110,#7111,
    #7112,#7113,#7114,#7115));
#7104 = ORIENTED_EDGE('',*,*,#6849,.T.);
#7105 = ORIENTED_EDGE('',*,*,#6877,.T.);
#7106 = ORIENTED_EDGE('',*,*,#6899,.T.);
#7107 = ORIENTED_EDGE('',*,*,#6921,.T.);
#7108 = ORIENTED_EDGE('',*,*,#6943,.T.);
#7109 = ORIENTED_EDGE('',*,*,#6965,.T.);
#7110 = ORIENTED_EDGE('',*,*,#6987,.T.);
#7111 = ORIENTED_EDGE('',*,*,#7009,.T.);
#7112 = ORIENTED_EDGE('',*,*,#7031,.T.);
#7113 = ORIENTED_EDGE('',*,*,#7053,.T.);
#7114 = ORIENTED_EDGE('',*,*,#7075,.T.);
#7115 = ORIENTED_EDGE('',*,*,#7091,.T.);
#7116 = B_SPLINE_SURFACE_WITH_KNOTS('',1,1,(
    (#7117,#7118)
    ,(#7119,#7120
    )),.UNSPECIFIED.,.F.,.F.,.F.,(2,2),(2,2),(0.224014853436,
    0.285027847966),(-0.148807946025,-0.115993186186),
  .PIECEWISE_BEZIER_KNOTS.);
#7117 = CARTESIAN_POINT('',(-0.148807946025,0.64,0.425985246564));
#7118 = CARTESIAN_POINT('',(-0.115993186186,0.64,0.425985246564));
#7119 = CARTESIAN_POINT('',(-0.148807946025,0.64,0.364972252034));
#7120 = CARTESIAN_POINT('',(-0.115993186186,0.64,0.364972252034));
#7121 = ADVANCED_FACE('',(#7122,#7181),#7240,.T.);
#7122 = FACE_BOUND('',#7123,.T.);
#7123 = EDGE_LOOP('',(#7124,#7133,#7142,#7151,#7160,#7169,#7176));
#7124 = ORIENTED_EDGE('',*,*,#7125,.T.);
#7125 = EDGE_CURVE('',#7126,#7128,#7130,.T.);
#7126 = VERTEX_POINT('',#7127);
#7127 = CARTESIAN_POINT('',(-0.160333662527,0.64,0.364972252034));
#7128 = VERTEX_POINT('',#7129);
#7129 = CARTESIAN_POINT('',(-0.177115355297,0.64,0.364972252034));
#7130 = B_SPLINE_CURVE_WITH_KNOTS('',1,(#7131,#7132),.UNSPECIFIED.,.F.,
  .F.,(2,2),(-1.678169276936E-02,0.),.PIECEWISE_BEZIER_KNOTS.);
#7131 = CARTESIAN_POINT('',(-0.160333662527,0.64,0.364972252034));
#7132 = CARTESIAN_POINT('',(-0.177115355297,0.64,0.364972252034));
#7133 = ORIENTED_EDGE('',*,*,#7134,.T.);
#7134 = EDGE_CURVE('',#7128,#7135,#7137,.T.);
#7135 = VERTEX_POINT('',#7136);
#7136 = CARTESIAN_POINT('',(-0.20080623942,0.64,0.373519062106));
#7137 = B_SPLINE_CURVE_WITH_KNOTS('',3,(#7138,#7139,#7140,#7141),
  .UNSPECIFIED.,.F.,.F.,(4,4),(5.,6.),.PIECEWISE_BEZIER_KNOTS.);
#7138 = CARTESIAN_POINT('',(-0.177115355297,0.64,0.364972252034));
#7139 = CARTESIAN_POINT('',(-0.186769507549,0.64,0.364972252034));
#7140 = CARTESIAN_POINT('',(-0.194676866503,0.64,0.367810791146));
#7141 = CARTESIAN_POINT('',(-0.20080623942,0.64,0.373519062106));
#7142 = ORIENTED_EDGE('',*,*,#7143,.T.);
#7143 = EDGE_CURVE('',#7135,#7144,#7146,.T.);
#7144 = VERTEX_POINT('',#7145);
#7145 = CARTESIAN_POINT('',(-0.210008096979,0.64,0.396258567736));
#7146 = B_SPLINE_CURVE_WITH_KNOTS('',3,(#7147,#7148,#7149,#7150),
  .UNSPECIFIED.,.F.,.F.,(4,4),(4.,5.),.PIECEWISE_BEZIER_KNOTS.);
#7147 = CARTESIAN_POINT('',(-0.20080623942,0.64,0.373519062106));
#7148 = CARTESIAN_POINT('',(-0.206935612337,0.64,0.379227333067));
#7149 = CARTESIAN_POINT('',(-0.210008096979,0.64,0.386807168277));
#7150 = CARTESIAN_POINT('',(-0.210008096979,0.64,0.396258567736));
#7151 = ORIENTED_EDGE('',*,*,#7152,.T.);
#7152 = EDGE_CURVE('',#7144,#7153,#7155,.T.);
#7153 = VERTEX_POINT('',#7154);
#7154 = CARTESIAN_POINT('',(-0.20080623942,0.64,0.417906327554));
#7155 = B_SPLINE_CURVE_WITH_KNOTS('',3,(#7156,#7157,#7158,#7159),
  .UNSPECIFIED.,.F.,.F.,(4,4),(3.,4.),.PIECEWISE_BEZIER_KNOTS.);
#7156 = CARTESIAN_POINT('',(-0.210008096979,0.64,0.396258567736));
#7157 = CARTESIAN_POINT('',(-0.210008096979,0.64,0.405304461608));
#7158 = CARTESIAN_POINT('',(-0.206935612337,0.64,0.412509983968));
#7159 = CARTESIAN_POINT('',(-0.20080623942,0.64,0.417906327554));
#7160 = ORIENTED_EDGE('',*,*,#7161,.T.);
#7161 = EDGE_CURVE('',#7153,#7162,#7164,.T.);
#7162 = VERTEX_POINT('',#7163);
#7163 = CARTESIAN_POINT('',(-0.177739210047,0.64,0.425985246564));
#7164 = B_SPLINE_CURVE_WITH_KNOTS('',3,(#7165,#7166,#7167,#7168),
  .UNSPECIFIED.,.F.,.F.,(4,4),(2.,3.),.PIECEWISE_BEZIER_KNOTS.);
#7165 = CARTESIAN_POINT('',(-0.20080623942,0.64,0.417906327554));
#7166 = CARTESIAN_POINT('',(-0.194676866503,0.64,0.42330267114));
#7167 = CARTESIAN_POINT('',(-0.186987856712,0.64,0.425985246564));
#7168 = CARTESIAN_POINT('',(-0.177739210047,0.64,0.425985246564));
#7169 = ORIENTED_EDGE('',*,*,#7170,.T.);
#7170 = EDGE_CURVE('',#7162,#7171,#7173,.T.);
#7171 = VERTEX_POINT('',#7172);
#7172 = CARTESIAN_POINT('',(-0.160333662527,0.64,0.425985246564));
#7173 = B_SPLINE_CURVE_WITH_KNOTS('',1,(#7174,#7175),.UNSPECIFIED.,.F.,
  .F.,(2,2),(-1.740554751927E-02,0.),.PIECEWISE_BEZIER_KNOTS.);
#7174 = CARTESIAN_POINT('',(-0.177739210047,0.64,0.425985246564));
#7175 = CARTESIAN_POINT('',(-0.160333662527,0.64,0.425985246564));
#7176 = ORIENTED_EDGE('',*,*,#7177,.T.);
#7177 = EDGE_CURVE('',#7171,#7126,#7178,.T.);
#7178 = B_SPLINE_CURVE_WITH_KNOTS('',1,(#7179,#7180),.UNSPECIFIED.,.F.,
  .F.,(2,2),(-6.10129945294E-02,-0.),.PIECEWISE_BEZIER_KNOTS.);
#7179 = CARTESIAN_POINT('',(-0.160333662527,0.64,0.425985246564));
#7180 = CARTESIAN_POINT('',(-0.160333662527,0.64,0.364972252034));
#7181 = FACE_BOUND('',#7182,.T.);
#7182 = EDGE_LOOP('',(#7183,#7192,#7199,#7208,#7217,#7226,#7235));
#7183 = ORIENTED_EDGE('',*,*,#7184,.F.);
#7184 = EDGE_CURVE('',#7185,#7187,#7189,.T.);
#7185 = VERTEX_POINT('',#7186);
#7186 = CARTESIAN_POINT('',(-0.168209828744,0.64,0.418966880628));
#7187 = VERTEX_POINT('',#7188);
#7188 = CARTESIAN_POINT('',(-0.168209828744,0.64,0.371928232494));
#7189 = B_SPLINE_CURVE_WITH_KNOTS('',1,(#7190,#7191),.UNSPECIFIED.,.F.,
  .F.,(2,2),(0.,4.703864813422E-02),.PIECEWISE_BEZIER_KNOTS.);
#7190 = CARTESIAN_POINT('',(-0.168209828744,0.64,0.418966880628));
#7191 = CARTESIAN_POINT('',(-0.168209828744,0.64,0.371928232494));
#7192 = ORIENTED_EDGE('',*,*,#7193,.F.);
#7193 = EDGE_CURVE('',#7194,#7185,#7196,.T.);
#7194 = VERTEX_POINT('',#7195);
#7195 = CARTESIAN_POINT('',(-0.177427282671,0.64,0.418966880628));
#7196 = B_SPLINE_CURVE_WITH_KNOTS('',1,(#7197,#7198),.UNSPECIFIED.,.F.,
  .F.,(2,2),(-2.448560276297E-31,9.217453927626E-03),
  .PIECEWISE_BEZIER_KNOTS.);
#7197 = CARTESIAN_POINT('',(-0.177427282671,0.64,0.418966880628));
#7198 = CARTESIAN_POINT('',(-0.168209828744,0.64,0.418966880628));
#7199 = ORIENTED_EDGE('',*,*,#7200,.F.);
#7200 = EDGE_CURVE('',#7201,#7194,#7203,.T.);
#7201 = VERTEX_POINT('',#7202);
#7202 = CARTESIAN_POINT('',(-0.195035582984,0.64,0.41322741693));
#7203 = B_SPLINE_CURVE_WITH_KNOTS('',3,(#7204,#7205,#7206,#7207),
  .UNSPECIFIED.,.F.,.F.,(4,4),(5.,6.),.PIECEWISE_BEZIER_KNOTS.);
#7204 = CARTESIAN_POINT('',(-0.195035582984,0.64,0.41322741693));
#7205 = CARTESIAN_POINT('',(-0.190575021523,0.64,0.417064123642));
#7206 = CARTESIAN_POINT('',(-0.184695190506,0.64,0.418966880628));
#7207 = CARTESIAN_POINT('',(-0.177427282671,0.64,0.418966880628));
#7208 = ORIENTED_EDGE('',*,*,#7209,.F.);
#7209 = EDGE_CURVE('',#7210,#7201,#7212,.T.);
#7210 = VERTEX_POINT('',#7211);
#7211 = CARTESIAN_POINT('',(-0.201726425176,0.64,0.396040218574));
#7212 = B_SPLINE_CURVE_WITH_KNOTS('',3,(#7213,#7214,#7215,#7216),
  .UNSPECIFIED.,.F.,.F.,(4,4),(4.,5.),.PIECEWISE_BEZIER_KNOTS.);
#7213 = CARTESIAN_POINT('',(-0.201726425176,0.64,0.396040218574));
#7214 = CARTESIAN_POINT('',(-0.201726425176,0.64,0.403651246521));
#7215 = CARTESIAN_POINT('',(-0.199496144445,0.64,0.409390710219));
#7216 = CARTESIAN_POINT('',(-0.195035582984,0.64,0.41322741693));
#7217 = ORIENTED_EDGE('',*,*,#7218,.F.);
#7218 = EDGE_CURVE('',#7219,#7210,#7221,.T.);
#7219 = VERTEX_POINT('',#7220);
#7220 = CARTESIAN_POINT('',(-0.195207143041,0.64,0.378291550942));
#7221 = B_SPLINE_CURVE_WITH_KNOTS('',3,(#7222,#7223,#7224,#7225),
  .UNSPECIFIED.,.F.,.F.,(4,4),(3.,4.),.PIECEWISE_BEZIER_KNOTS.);
#7222 = CARTESIAN_POINT('',(-0.195207143041,0.64,0.378291550942));
#7223 = CARTESIAN_POINT('',(-0.199558529921,0.64,0.382502570503));
#7224 = CARTESIAN_POINT('',(-0.201726425176,0.64,0.388429190626));
#7225 = CARTESIAN_POINT('',(-0.201726425176,0.64,0.396040218574));
#7226 = ORIENTED_EDGE('',*,*,#7227,.F.);
#7227 = EDGE_CURVE('',#7228,#7219,#7230,.T.);
#7228 = VERTEX_POINT('',#7229);
#7229 = CARTESIAN_POINT('',(-0.17706856619,0.64,0.371928232494));
#7230 = B_SPLINE_CURVE_WITH_KNOTS('',3,(#7231,#7232,#7233,#7234),
  .UNSPECIFIED.,.F.,.F.,(4,4),(2.,3.),.PIECEWISE_BEZIER_KNOTS.);
#7231 = CARTESIAN_POINT('',(-0.17706856619,0.64,0.371928232494));
#7232 = CARTESIAN_POINT('',(-0.184819961457,0.64,0.371928232494));
#7233 = CARTESIAN_POINT('',(-0.19087135253,0.64,0.374049338644));
#7234 = CARTESIAN_POINT('',(-0.195207143041,0.64,0.378291550942));
#7235 = ORIENTED_EDGE('',*,*,#7236,.F.);
#7236 = EDGE_CURVE('',#7187,#7228,#7237,.T.);
#7237 = B_SPLINE_CURVE_WITH_KNOTS('',1,(#7238,#7239),.UNSPECIFIED.,.F.,
  .F.,(2,2),(0.,8.858737446905E-03),.PIECEWISE_BEZIER_KNOTS.);
#7238 = CARTESIAN_POINT('',(-0.168209828744,0.64,0.371928232494));
#7239 = CARTESIAN_POINT('',(-0.17706856619,0.64,0.371928232494));
#7240 = B_SPLINE_SURFACE_WITH_KNOTS('',1,1,(
    (#7241,#7242)
    ,(#7243,#7244
    )),.UNSPECIFIED.,.F.,.F.,.F.,(2,2),(2,2),(-5.89971638692E-02,
    2.015830660198E-03),(-1.956564459025E-02,3.010878986175E-02),
  .PIECEWISE_BEZIER_KNOTS.);
#7241 = CARTESIAN_POINT('',(-0.210008096979,0.64,0.364972252034));
#7242 = CARTESIAN_POINT('',(-0.160333662527,0.64,0.364972252034));
#7243 = CARTESIAN_POINT('',(-0.210008096979,0.64,0.425985246564));
#7244 = CARTESIAN_POINT('',(-0.160333662527,0.64,0.425985246564));
#7245 = ADVANCED_FACE('',(#7246),#7260,.F.);
#7246 = FACE_BOUND('',#7247,.T.);
#7247 = EDGE_LOOP('',(#7248,#7249,#7254,#7255));
#7248 = ORIENTED_EDGE('',*,*,#596,.T.);
#7249 = ORIENTED_EDGE('',*,*,#7250,.F.);
#7250 = EDGE_CURVE('',#7128,#586,#7251,.T.);
#7251 = B_SPLINE_CURVE_WITH_KNOTS('',1,(#7252,#7253),.UNSPECIFIED.,.F.,
  .F.,(2,2),(-0.,1.E-02),.PIECEWISE_BEZIER_KNOTS.);
#7252 = CARTESIAN_POINT('',(-0.177115355297,0.64,0.364972252034));
#7253 = CARTESIAN_POINT('',(-0.177115355297,0.63,0.364972252034));
#7254 = ORIENTED_EDGE('',*,*,#7125,.F.);
#7255 = ORIENTED_EDGE('',*,*,#7256,.T.);
#7256 = EDGE_CURVE('',#7126,#597,#7257,.T.);
#7257 = B_SPLINE_CURVE_WITH_KNOTS('',1,(#7258,#7259),.UNSPECIFIED.,.F.,
  .F.,(2,2),(-0.,1.E-02),.PIECEWISE_BEZIER_KNOTS.);
#7258 = CARTESIAN_POINT('',(-0.160333662527,0.64,0.364972252034));
#7259 = CARTESIAN_POINT('',(-0.160333662527,0.63,0.364972252034));
#7260 = B_SPLINE_SURFACE_WITH_KNOTS('',1,1,(
    (#7261,#7262)
    ,(#7263,#7264
    )),.UNSPECIFIED.,.F.,.F.,.F.,(2,2),(2,2),(0.,1.678169276936E-02),(
    -1.E-02,0.),.PIECEWISE_BEZIER_KNOTS.);
#7261 = CARTESIAN_POINT('',(-0.177115355297,0.63,0.364972252034));
#7262 = CARTESIAN_POINT('',(-0.177115355297,0.64,0.364972252034));
#7263 = CARTESIAN_POINT('',(-0.160333662527,0.63,0.364972252034));
#7264 = CARTESIAN_POINT('',(-0.160333662527,0.64,0.364972252034));
#7265 = ADVANCED_FACE('',(#7266),#7276,.F.);
#7266 = FACE_BOUND('',#7267,.F.);
#7267 = EDGE_LOOP('',(#7268,#7269,#7270,#7275));
#7268 = ORIENTED_EDGE('',*,*,#7250,.F.);
#7269 = ORIENTED_EDGE('',*,*,#7134,.T.);
#7270 = ORIENTED_EDGE('',*,*,#7271,.T.);
#7271 = EDGE_CURVE('',#7135,#588,#7272,.T.);
#7272 = B_SPLINE_CURVE_WITH_KNOTS('',1,(#7273,#7274),.UNSPECIFIED.,.F.,
  .F.,(2,2),(-0.,1.E-02),.PIECEWISE_BEZIER_KNOTS.);
#7273 = CARTESIAN_POINT('',(-0.20080623942,0.64,0.373519062106));
#7274 = CARTESIAN_POINT('',(-0.20080623942,0.63,0.373519062106));
#7275 = ORIENTED_EDGE('',*,*,#585,.F.);
#7276 = B_SPLINE_SURFACE_WITH_KNOTS('',3,1,(
    (#7277,#7278)
    ,(#7279,#7280)
    ,(#7281,#7282)
    ,(#7283,#7284
    )),.UNSPECIFIED.,.F.,.F.,.F.,(4,4),(2,2),(5.,6.),(0.,1.),
  .PIECEWISE_BEZIER_KNOTS.);
#7277 = CARTESIAN_POINT('',(-0.177115355297,0.64,0.364972252034));
#7278 = CARTESIAN_POINT('',(-0.177115355297,0.63,0.364972252034));
#7279 = CARTESIAN_POINT('',(-0.186769507549,0.64,0.364972252034));
#7280 = CARTESIAN_POINT('',(-0.186769507549,0.63,0.364972252034));
#7281 = CARTESIAN_POINT('',(-0.194676866503,0.64,0.367810791146));
#7282 = CARTESIAN_POINT('',(-0.194676866503,0.63,0.367810791146));
#7283 = CARTESIAN_POINT('',(-0.20080623942,0.64,0.373519062106));
#7284 = CARTESIAN_POINT('',(-0.20080623942,0.63,0.373519062106));
#7285 = ADVANCED_FACE('',(#7286),#7296,.F.);
#7286 = FACE_BOUND('',#7287,.F.);
#7287 = EDGE_LOOP('',(#7288,#7289,#7290,#7295));
#7288 = ORIENTED_EDGE('',*,*,#7271,.F.);
#7289 = ORIENTED_EDGE('',*,*,#7143,.T.);
#7290 = ORIENTED_EDGE('',*,*,#7291,.T.);
#7291 = EDGE_CURVE('',#7144,#627,#7292,.T.);
#7292 = B_SPLINE_CURVE_WITH_KNOTS('',1,(#7293,#7294),.UNSPECIFIED.,.F.,
  .F.,(2,2),(-0.,1.E-02),.PIECEWISE_BEZIER_KNOTS.);
#7293 = CARTESIAN_POINT('',(-0.210008096979,0.64,0.396258567736));
#7294 = CARTESIAN_POINT('',(-0.210008096979,0.63,0.396258567736));
#7295 = ORIENTED_EDGE('',*,*,#635,.F.);
#7296 = B_SPLINE_SURFACE_WITH_KNOTS('',3,1,(
    (#7297,#7298)
    ,(#7299,#7300)
    ,(#7301,#7302)
    ,(#7303,#7304
    )),.UNSPECIFIED.,.F.,.F.,.F.,(4,4),(2,2),(4.,5.),(0.,1.),
  .PIECEWISE_BEZIER_KNOTS.);
#7297 = CARTESIAN_POINT('',(-0.20080623942,0.64,0.373519062106));
#7298 = CARTESIAN_POINT('',(-0.20080623942,0.63,0.373519062106));
#7299 = CARTESIAN_POINT('',(-0.206935612337,0.64,0.379227333067));
#7300 = CARTESIAN_POINT('',(-0.206935612337,0.63,0.379227333067));
#7301 = CARTESIAN_POINT('',(-0.210008096979,0.64,0.386807168277));
#7302 = CARTESIAN_POINT('',(-0.210008096979,0.63,0.386807168277));
#7303 = CARTESIAN_POINT('',(-0.210008096979,0.64,0.396258567736));
#7304 = CARTESIAN_POINT('',(-0.210008096979,0.63,0.396258567736));
#7305 = ADVANCED_FACE('',(#7306),#7316,.F.);
#7306 = FACE_BOUND('',#7307,.F.);
#7307 = EDGE_LOOP('',(#7308,#7309,#7310,#7315));
#7308 = ORIENTED_EDGE('',*,*,#7291,.F.);
#7309 = ORIENTED_EDGE('',*,*,#7152,.T.);
#7310 = ORIENTED_EDGE('',*,*,#7311,.T.);
#7311 = EDGE_CURVE('',#7153,#618,#7312,.T.);
#7312 = B_SPLINE_CURVE_WITH_KNOTS('',1,(#7313,#7314),.UNSPECIFIED.,.F.,
  .F.,(2,2),(-0.,1.E-02),.PIECEWISE_BEZIER_KNOTS.);
#7313 = CARTESIAN_POINT('',(-0.20080623942,0.64,0.417906327554));
#7314 = CARTESIAN_POINT('',(-0.20080623942,0.63,0.417906327554));
#7315 = ORIENTED_EDGE('',*,*,#626,.F.);
#7316 = B_SPLINE_SURFACE_WITH_KNOTS('',3,1,(
    (#7317,#7318)
    ,(#7319,#7320)
    ,(#7321,#7322)
    ,(#7323,#7324
    )),.UNSPECIFIED.,.F.,.F.,.F.,(4,4),(2,2),(3.,4.),(0.,1.),
  .PIECEWISE_BEZIER_KNOTS.);
#7317 = CARTESIAN_POINT('',(-0.210008096979,0.64,0.396258567736));
#7318 = CARTESIAN_POINT('',(-0.210008096979,0.63,0.396258567736));
#7319 = CARTESIAN_POINT('',(-0.210008096979,0.64,0.405304461608));
#7320 = CARTESIAN_POINT('',(-0.210008096979,0.63,0.405304461608));
#7321 = CARTESIAN_POINT('',(-0.206935612337,0.64,0.412509983968));
#7322 = CARTESIAN_POINT('',(-0.206935612337,0.63,0.412509983968));
#7323 = CARTESIAN_POINT('',(-0.20080623942,0.64,0.417906327554));
#7324 = CARTESIAN_POINT('',(-0.20080623942,0.63,0.417906327554));
#7325 = ADVANCED_FACE('',(#7326),#7336,.F.);
#7326 = FACE_BOUND('',#7327,.F.);
#7327 = EDGE_LOOP('',(#7328,#7329,#7330,#7335));
#7328 = ORIENTED_EDGE('',*,*,#7311,.F.);
#7329 = ORIENTED_EDGE('',*,*,#7161,.T.);
#7330 = ORIENTED_EDGE('',*,*,#7331,.T.);
#7331 = EDGE_CURVE('',#7162,#611,#7332,.T.);
#7332 = B_SPLINE_CURVE_WITH_KNOTS('',1,(#7333,#7334),.UNSPECIFIED.,.F.,
  .F.,(2,2),(-0.,1.E-02),.PIECEWISE_BEZIER_KNOTS.);
#7333 = CARTESIAN_POINT('',(-0.177739210047,0.64,0.425985246564));
#7334 = CARTESIAN_POINT('',(-0.177739210047,0.63,0.425985246564));
#7335 = ORIENTED_EDGE('',*,*,#617,.F.);
#7336 = B_SPLINE_SURFACE_WITH_KNOTS('',3,1,(
    (#7337,#7338)
    ,(#7339,#7340)
    ,(#7341,#7342)
    ,(#7343,#7344
    )),.UNSPECIFIED.,.F.,.F.,.F.,(4,4),(2,2),(2.,3.),(0.,1.),
  .PIECEWISE_BEZIER_KNOTS.);
#7337 = CARTESIAN_POINT('',(-0.20080623942,0.64,0.417906327554));
#7338 = CARTESIAN_POINT('',(-0.20080623942,0.63,0.417906327554));
#7339 = CARTESIAN_POINT('',(-0.194676866503,0.64,0.42330267114));
#7340 = CARTESIAN_POINT('',(-0.194676866503,0.63,0.42330267114));
#7341 = CARTESIAN_POINT('',(-0.186987856712,0.64,0.425985246564));
#7342 = CARTESIAN_POINT('',(-0.186987856712,0.63,0.425985246564));
#7343 = CARTESIAN_POINT('',(-0.177739210047,0.64,0.425985246564));
#7344 = CARTESIAN_POINT('',(-0.177739210047,0.63,0.425985246564));
#7345 = ADVANCED_FACE('',(#7346),#7356,.F.);
#7346 = FACE_BOUND('',#7347,.T.);
#7347 = EDGE_LOOP('',(#7348,#7349,#7354,#7355));
#7348 = ORIENTED_EDGE('',*,*,#610,.T.);
#7349 = ORIENTED_EDGE('',*,*,#7350,.F.);
#7350 = EDGE_CURVE('',#7171,#604,#7351,.T.);
#7351 = B_SPLINE_CURVE_WITH_KNOTS('',1,(#7352,#7353),.UNSPECIFIED.,.F.,
  .F.,(2,2),(-0.,1.E-02),.PIECEWISE_BEZIER_KNOTS.);
#7352 = CARTESIAN_POINT('',(-0.160333662527,0.64,0.425985246564));
#7353 = CARTESIAN_POINT('',(-0.160333662527,0.63,0.425985246564));
#7354 = ORIENTED_EDGE('',*,*,#7170,.F.);
#7355 = ORIENTED_EDGE('',*,*,#7331,.T.);
#7356 = B_SPLINE_SURFACE_WITH_KNOTS('',1,1,(
    (#7357,#7358)
    ,(#7359,#7360
    )),.UNSPECIFIED.,.F.,.F.,.F.,(2,2),(2,2),(-5.551115123126E-17,
    1.740554751927E-02),(-1.E-02,0.),.PIECEWISE_BEZIER_KNOTS.);
#7357 = CARTESIAN_POINT('',(-0.160333662527,0.63,0.425985246564));
#7358 = CARTESIAN_POINT('',(-0.160333662527,0.64,0.425985246564));
#7359 = CARTESIAN_POINT('',(-0.177739210047,0.63,0.425985246564));
#7360 = CARTESIAN_POINT('',(-0.177739210047,0.64,0.425985246564));
#7361 = ADVANCED_FACE('',(#7362),#7368,.F.);
#7362 = FACE_BOUND('',#7363,.T.);
#7363 = EDGE_LOOP('',(#7364,#7365,#7366,#7367));
#7364 = ORIENTED_EDGE('',*,*,#603,.T.);
#7365 = ORIENTED_EDGE('',*,*,#7256,.F.);
#7366 = ORIENTED_EDGE('',*,*,#7177,.F.);
#7367 = ORIENTED_EDGE('',*,*,#7350,.T.);
#7368 = B_SPLINE_SURFACE_WITH_KNOTS('',1,1,(
    (#7369,#7370)
    ,(#7371,#7372
    )),.UNSPECIFIED.,.F.,.F.,.F.,(2,2),(2,2),(0.,6.10129945294E-02),(
    -1.E-02,0.),.PIECEWISE_BEZIER_KNOTS.);
#7369 = CARTESIAN_POINT('',(-0.160333662527,0.63,0.364972252034));
#7370 = CARTESIAN_POINT('',(-0.160333662527,0.64,0.364972252034));
#7371 = CARTESIAN_POINT('',(-0.160333662527,0.63,0.425985246564));
#7372 = CARTESIAN_POINT('',(-0.160333662527,0.64,0.425985246564));
#7373 = ADVANCED_FACE('',(#7374),#7396,.T.);
#7374 = FACE_BOUND('',#7375,.T.);
#7375 = EDGE_LOOP('',(#7376,#7385,#7390,#7391));
#7376 = ORIENTED_EDGE('',*,*,#7377,.F.);
#7377 = EDGE_CURVE('',#7378,#7380,#7382,.T.);
#7378 = VERTEX_POINT('',#7379);
#7379 = CARTESIAN_POINT('',(-0.177427282671,0.63,0.418966880628));
#7380 = VERTEX_POINT('',#7381);
#7381 = CARTESIAN_POINT('',(-0.168209828744,0.63,0.418966880628));
#7382 = B_SPLINE_CURVE_WITH_KNOTS('',1,(#7383,#7384),.UNSPECIFIED.,.F.,
  .F.,(2,2),(-2.448560276297E-31,9.217453927626E-03),
  .PIECEWISE_BEZIER_KNOTS.);
#7383 = CARTESIAN_POINT('',(-0.177427282671,0.63,0.418966880628));
#7384 = CARTESIAN_POINT('',(-0.168209828744,0.63,0.418966880628));
#7385 = ORIENTED_EDGE('',*,*,#7386,.F.);
#7386 = EDGE_CURVE('',#7194,#7378,#7387,.T.);
#7387 = B_SPLINE_CURVE_WITH_KNOTS('',1,(#7388,#7389),.UNSPECIFIED.,.F.,
  .F.,(2,2),(-0.,1.E-02),.PIECEWISE_BEZIER_KNOTS.);
#7388 = CARTESIAN_POINT('',(-0.177427282671,0.64,0.418966880628));
#7389 = CARTESIAN_POINT('',(-0.177427282671,0.63,0.418966880628));
#7390 = ORIENTED_EDGE('',*,*,#7193,.T.);
#7391 = ORIENTED_EDGE('',*,*,#7392,.T.);
#7392 = EDGE_CURVE('',#7185,#7380,#7393,.T.);
#7393 = B_SPLINE_CURVE_WITH_KNOTS('',1,(#7394,#7395),.UNSPECIFIED.,.F.,
  .F.,(2,2),(-0.,1.E-02),.PIECEWISE_BEZIER_KNOTS.);
#7394 = CARTESIAN_POINT('',(-0.168209828744,0.64,0.418966880628));
#7395 = CARTESIAN_POINT('',(-0.168209828744,0.63,0.418966880628));
#7396 = B_SPLINE_SURFACE_WITH_KNOTS('',1,1,(
    (#7397,#7398)
    ,(#7399,#7400
    )),.UNSPECIFIED.,.F.,.F.,.F.,(2,2),(2,2),(-9.217453927626E-03,
    2.448560276297E-31),(-1.E-02,0.),.PIECEWISE_BEZIER_KNOTS.);
#7397 = CARTESIAN_POINT('',(-0.168209828744,0.63,0.418966880628));
#7398 = CARTESIAN_POINT('',(-0.168209828744,0.64,0.418966880628));
#7399 = CARTESIAN_POINT('',(-0.177427282671,0.63,0.418966880628));
#7400 = CARTESIAN_POINT('',(-0.177427282671,0.64,0.418966880628));
#7401 = ADVANCED_FACE('',(#7402),#7418,.T.);
#7402 = FACE_BOUND('',#7403,.T.);
#7403 = EDGE_LOOP('',(#7404,#7411,#7412,#7413));
#7404 = ORIENTED_EDGE('',*,*,#7405,.F.);
#7405 = EDGE_CURVE('',#7380,#7406,#7408,.T.);
#7406 = VERTEX_POINT('',#7407);
#7407 = CARTESIAN_POINT('',(-0.168209828744,0.63,0.371928232494));
#7408 = B_SPLINE_CURVE_WITH_KNOTS('',1,(#7409,#7410),.UNSPECIFIED.,.F.,
  .F.,(2,2),(3.838459212754E-31,4.703864813422E-02),
  .PIECEWISE_BEZIER_KNOTS.);
#7409 = CARTESIAN_POINT('',(-0.168209828744,0.63,0.418966880628));
#7410 = CARTESIAN_POINT('',(-0.168209828744,0.63,0.371928232494));
#7411 = ORIENTED_EDGE('',*,*,#7392,.F.);
#7412 = ORIENTED_EDGE('',*,*,#7184,.T.);
#7413 = ORIENTED_EDGE('',*,*,#7414,.T.);
#7414 = EDGE_CURVE('',#7187,#7406,#7415,.T.);
#7415 = B_SPLINE_CURVE_WITH_KNOTS('',1,(#7416,#7417),.UNSPECIFIED.,.F.,
  .F.,(2,2),(-0.,1.E-02),.PIECEWISE_BEZIER_KNOTS.);
#7416 = CARTESIAN_POINT('',(-0.168209828744,0.64,0.371928232494));
#7417 = CARTESIAN_POINT('',(-0.168209828744,0.63,0.371928232494));
#7418 = B_SPLINE_SURFACE_WITH_KNOTS('',1,1,(
    (#7419,#7420)
    ,(#7421,#7422
    )),.UNSPECIFIED.,.F.,.F.,.F.,(2,2),(2,2),(-4.703864813422E-02,0.),(
    -1.E-02,0.),.PIECEWISE_BEZIER_KNOTS.);
#7419 = CARTESIAN_POINT('',(-0.168209828744,0.63,0.371928232494));
#7420 = CARTESIAN_POINT('',(-0.168209828744,0.64,0.371928232494));
#7421 = CARTESIAN_POINT('',(-0.168209828744,0.63,0.418966880628));
#7422 = CARTESIAN_POINT('',(-0.168209828744,0.64,0.418966880628));
#7423 = ADVANCED_FACE('',(#7424),#7440,.T.);
#7424 = FACE_BOUND('',#7425,.T.);
#7425 = EDGE_LOOP('',(#7426,#7433,#7434,#7435));
#7426 = ORIENTED_EDGE('',*,*,#7427,.F.);
#7427 = EDGE_CURVE('',#7406,#7428,#7430,.T.);
#7428 = VERTEX_POINT('',#7429);
#7429 = CARTESIAN_POINT('',(-0.17706856619,0.63,0.371928232494));
#7430 = B_SPLINE_CURVE_WITH_KNOTS('',1,(#7431,#7432),.UNSPECIFIED.,.F.,
  .F.,(2,2),(5.551115123126E-17,8.858737446905E-03),
  .PIECEWISE_BEZIER_KNOTS.);
#7431 = CARTESIAN_POINT('',(-0.168209828744,0.63,0.371928232494));
#7432 = CARTESIAN_POINT('',(-0.17706856619,0.63,0.371928232494));
#7433 = ORIENTED_EDGE('',*,*,#7414,.F.);
#7434 = ORIENTED_EDGE('',*,*,#7236,.T.);
#7435 = ORIENTED_EDGE('',*,*,#7436,.T.);
#7436 = EDGE_CURVE('',#7228,#7428,#7437,.T.);
#7437 = B_SPLINE_CURVE_WITH_KNOTS('',1,(#7438,#7439),.UNSPECIFIED.,.F.,
  .F.,(2,2),(-0.,1.E-02),.PIECEWISE_BEZIER_KNOTS.);
#7438 = CARTESIAN_POINT('',(-0.17706856619,0.64,0.371928232494));
#7439 = CARTESIAN_POINT('',(-0.17706856619,0.63,0.371928232494));
#7440 = B_SPLINE_SURFACE_WITH_KNOTS('',1,1,(
    (#7441,#7442)
    ,(#7443,#7444
    )),.UNSPECIFIED.,.F.,.F.,.F.,(2,2),(2,2),(-8.858737446905E-03,0.),(
    -1.E-02,0.),.PIECEWISE_BEZIER_KNOTS.);
#7441 = CARTESIAN_POINT('',(-0.17706856619,0.63,0.371928232494));
#7442 = CARTESIAN_POINT('',(-0.17706856619,0.64,0.371928232494));
#7443 = CARTESIAN_POINT('',(-0.168209828744,0.63,0.371928232494));
#7444 = CARTESIAN_POINT('',(-0.168209828744,0.64,0.371928232494));
#7445 = ADVANCED_FACE('',(#7446),#7464,.T.);
#7446 = FACE_BOUND('',#7447,.T.);
#7447 = EDGE_LOOP('',(#7448,#7457,#7458,#7459));
#7448 = ORIENTED_EDGE('',*,*,#7449,.F.);
#7449 = EDGE_CURVE('',#7428,#7450,#7452,.T.);
#7450 = VERTEX_POINT('',#7451);
#7451 = CARTESIAN_POINT('',(-0.195207143041,0.63,0.378291550942));
#7452 = B_SPLINE_CURVE_WITH_KNOTS('',3,(#7453,#7454,#7455,#7456),
  .UNSPECIFIED.,.F.,.F.,(4,4),(2.,3.),.PIECEWISE_BEZIER_KNOTS.);
#7453 = CARTESIAN_POINT('',(-0.17706856619,0.63,0.371928232494));
#7454 = CARTESIAN_POINT('',(-0.184819961457,0.63,0.371928232494));
#7455 = CARTESIAN_POINT('',(-0.19087135253,0.63,0.374049338644));
#7456 = CARTESIAN_POINT('',(-0.195207143041,0.63,0.378291550942));
#7457 = ORIENTED_EDGE('',*,*,#7436,.F.);
#7458 = ORIENTED_EDGE('',*,*,#7227,.T.);
#7459 = ORIENTED_EDGE('',*,*,#7460,.T.);
#7460 = EDGE_CURVE('',#7219,#7450,#7461,.T.);
#7461 = B_SPLINE_CURVE_WITH_KNOTS('',1,(#7462,#7463),.UNSPECIFIED.,.F.,
  .F.,(2,2),(-0.,1.E-02),.PIECEWISE_BEZIER_KNOTS.);
#7462 = CARTESIAN_POINT('',(-0.195207143041,0.64,0.378291550942));
#7463 = CARTESIAN_POINT('',(-0.195207143041,0.63,0.378291550942));
#7464 = B_SPLINE_SURFACE_WITH_KNOTS('',3,1,(
    (#7465,#7466)
    ,(#7467,#7468)
    ,(#7469,#7470)
    ,(#7471,#7472
    )),.UNSPECIFIED.,.F.,.F.,.F.,(4,4),(2,2),(2.,3.),(0.,1.),
  .PIECEWISE_BEZIER_KNOTS.);
#7465 = CARTESIAN_POINT('',(-0.17706856619,0.64,0.371928232494));
#7466 = CARTESIAN_POINT('',(-0.17706856619,0.63,0.371928232494));
#7467 = CARTESIAN_POINT('',(-0.184819961457,0.64,0.371928232494));
#7468 = CARTESIAN_POINT('',(-0.184819961457,0.63,0.371928232494));
#7469 = CARTESIAN_POINT('',(-0.19087135253,0.64,0.374049338644));
#7470 = CARTESIAN_POINT('',(-0.19087135253,0.63,0.374049338644));
#7471 = CARTESIAN_POINT('',(-0.195207143041,0.64,0.378291550942));
#7472 = CARTESIAN_POINT('',(-0.195207143041,0.63,0.378291550942));
#7473 = ADVANCED_FACE('',(#7474),#7492,.T.);
#7474 = FACE_BOUND('',#7475,.T.);
#7475 = EDGE_LOOP('',(#7476,#7485,#7486,#7487));
#7476 = ORIENTED_EDGE('',*,*,#7477,.F.);
#7477 = EDGE_CURVE('',#7450,#7478,#7480,.T.);
#7478 = VERTEX_POINT('',#7479);
#7479 = CARTESIAN_POINT('',(-0.201726425176,0.63,0.396040218574));
#7480 = B_SPLINE_CURVE_WITH_KNOTS('',3,(#7481,#7482,#7483,#7484),
  .UNSPECIFIED.,.F.,.F.,(4,4),(3.,4.),.PIECEWISE_BEZIER_KNOTS.);
#7481 = CARTESIAN_POINT('',(-0.195207143041,0.63,0.378291550942));
#7482 = CARTESIAN_POINT('',(-0.199558529921,0.63,0.382502570503));
#7483 = CARTESIAN_POINT('',(-0.201726425176,0.63,0.388429190626));
#7484 = CARTESIAN_POINT('',(-0.201726425176,0.63,0.396040218574));
#7485 = ORIENTED_EDGE('',*,*,#7460,.F.);
#7486 = ORIENTED_EDGE('',*,*,#7218,.T.);
#7487 = ORIENTED_EDGE('',*,*,#7488,.T.);
#7488 = EDGE_CURVE('',#7210,#7478,#7489,.T.);
#7489 = B_SPLINE_CURVE_WITH_KNOTS('',1,(#7490,#7491),.UNSPECIFIED.,.F.,
  .F.,(2,2),(-0.,1.E-02),.PIECEWISE_BEZIER_KNOTS.);
#7490 = CARTESIAN_POINT('',(-0.201726425176,0.64,0.396040218574));
#7491 = CARTESIAN_POINT('',(-0.201726425176,0.63,0.396040218574));
#7492 = B_SPLINE_SURFACE_WITH_KNOTS('',3,1,(
    (#7493,#7494)
    ,(#7495,#7496)
    ,(#7497,#7498)
    ,(#7499,#7500
    )),.UNSPECIFIED.,.F.,.F.,.F.,(4,4),(2,2),(3.,4.),(0.,1.),
  .PIECEWISE_BEZIER_KNOTS.);
#7493 = CARTESIAN_POINT('',(-0.195207143041,0.64,0.378291550942));
#7494 = CARTESIAN_POINT('',(-0.195207143041,0.63,0.378291550942));
#7495 = CARTESIAN_POINT('',(-0.199558529921,0.64,0.382502570503));
#7496 = CARTESIAN_POINT('',(-0.199558529921,0.63,0.382502570503));
#7497 = CARTESIAN_POINT('',(-0.201726425176,0.64,0.388429190626));
#7498 = CARTESIAN_POINT('',(-0.201726425176,0.63,0.388429190626));
#7499 = CARTESIAN_POINT('',(-0.201726425176,0.64,0.396040218574));
#7500 = CARTESIAN_POINT('',(-0.201726425176,0.63,0.396040218574));
#7501 = ADVANCED_FACE('',(#7502),#7520,.T.);
#7502 = FACE_BOUND('',#7503,.T.);
#7503 = EDGE_LOOP('',(#7504,#7513,#7514,#7515));
#7504 = ORIENTED_EDGE('',*,*,#7505,.F.);
#7505 = EDGE_CURVE('',#7478,#7506,#7508,.T.);
#7506 = VERTEX_POINT('',#7507);
#7507 = CARTESIAN_POINT('',(-0.195035582984,0.63,0.41322741693));
#7508 = B_SPLINE_CURVE_WITH_KNOTS('',3,(#7509,#7510,#7511,#7512),
  .UNSPECIFIED.,.F.,.F.,(4,4),(4.,5.),.PIECEWISE_BEZIER_KNOTS.);
#7509 = CARTESIAN_POINT('',(-0.201726425176,0.63,0.396040218574));
#7510 = CARTESIAN_POINT('',(-0.201726425176,0.63,0.403651246521));
#7511 = CARTESIAN_POINT('',(-0.199496144445,0.63,0.409390710219));
#7512 = CARTESIAN_POINT('',(-0.195035582984,0.63,0.41322741693));
#7513 = ORIENTED_EDGE('',*,*,#7488,.F.);
#7514 = ORIENTED_EDGE('',*,*,#7209,.T.);
#7515 = ORIENTED_EDGE('',*,*,#7516,.T.);
#7516 = EDGE_CURVE('',#7201,#7506,#7517,.T.);
#7517 = B_SPLINE_CURVE_WITH_KNOTS('',1,(#7518,#7519),.UNSPECIFIED.,.F.,
  .F.,(2,2),(-0.,1.E-02),.PIECEWISE_BEZIER_KNOTS.);
#7518 = CARTESIAN_POINT('',(-0.195035582984,0.64,0.41322741693));
#7519 = CARTESIAN_POINT('',(-0.195035582984,0.63,0.41322741693));
#7520 = B_SPLINE_SURFACE_WITH_KNOTS('',3,1,(
    (#7521,#7522)
    ,(#7523,#7524)
    ,(#7525,#7526)
    ,(#7527,#7528
    )),.UNSPECIFIED.,.F.,.F.,.F.,(4,4),(2,2),(4.,5.),(0.,1.),
  .PIECEWISE_BEZIER_KNOTS.);
#7521 = CARTESIAN_POINT('',(-0.201726425176,0.64,0.396040218574));
#7522 = CARTESIAN_POINT('',(-0.201726425176,0.63,0.396040218574));
#7523 = CARTESIAN_POINT('',(-0.201726425176,0.64,0.403651246521));
#7524 = CARTESIAN_POINT('',(-0.201726425176,0.63,0.403651246521));
#7525 = CARTESIAN_POINT('',(-0.199496144445,0.64,0.409390710219));
#7526 = CARTESIAN_POINT('',(-0.199496144445,0.63,0.409390710219));
#7527 = CARTESIAN_POINT('',(-0.195035582984,0.64,0.41322741693));
#7528 = CARTESIAN_POINT('',(-0.195035582984,0.63,0.41322741693));
#7529 = ADVANCED_FACE('',(#7530),#7542,.T.);
#7530 = FACE_BOUND('',#7531,.T.);
#7531 = EDGE_LOOP('',(#7532,#7539,#7540,#7541));
#7532 = ORIENTED_EDGE('',*,*,#7533,.F.);
#7533 = EDGE_CURVE('',#7506,#7378,#7534,.T.);
#7534 = B_SPLINE_CURVE_WITH_KNOTS('',3,(#7535,#7536,#7537,#7538),
  .UNSPECIFIED.,.F.,.F.,(4,4),(5.,6.),.PIECEWISE_BEZIER_KNOTS.);
#7535 = CARTESIAN_POINT('',(-0.195035582984,0.63,0.41322741693));
#7536 = CARTESIAN_POINT('',(-0.190575021523,0.63,0.417064123642));
#7537 = CARTESIAN_POINT('',(-0.184695190506,0.63,0.418966880628));
#7538 = CARTESIAN_POINT('',(-0.177427282671,0.63,0.418966880628));
#7539 = ORIENTED_EDGE('',*,*,#7516,.F.);
#7540 = ORIENTED_EDGE('',*,*,#7200,.T.);
#7541 = ORIENTED_EDGE('',*,*,#7386,.T.);
#7542 = B_SPLINE_SURFACE_WITH_KNOTS('',3,1,(
    (#7543,#7544)
    ,(#7545,#7546)
    ,(#7547,#7548)
    ,(#7549,#7550
    )),.UNSPECIFIED.,.F.,.F.,.F.,(4,4),(2,2),(5.,6.),(0.,1.),
  .PIECEWISE_BEZIER_KNOTS.);
#7543 = CARTESIAN_POINT('',(-0.195035582984,0.64,0.41322741693));
#7544 = CARTESIAN_POINT('',(-0.195035582984,0.63,0.41322741693));
#7545 = CARTESIAN_POINT('',(-0.190575021523,0.64,0.417064123642));
#7546 = CARTESIAN_POINT('',(-0.190575021523,0.63,0.417064123642));
#7547 = CARTESIAN_POINT('',(-0.184695190506,0.64,0.418966880628));
#7548 = CARTESIAN_POINT('',(-0.184695190506,0.63,0.418966880628));
#7549 = CARTESIAN_POINT('',(-0.177427282671,0.64,0.418966880628));
#7550 = CARTESIAN_POINT('',(-0.177427282671,0.63,0.418966880628));
#7551 = ADVANCED_FACE('',(#7552),#7561,.T.);
#7552 = FACE_BOUND('',#7553,.T.);
#7553 = EDGE_LOOP('',(#7554,#7555,#7556,#7557,#7558,#7559,#7560));
#7554 = ORIENTED_EDGE('',*,*,#7377,.T.);
#7555 = ORIENTED_EDGE('',*,*,#7405,.T.);
#7556 = ORIENTED_EDGE('',*,*,#7427,.T.);
#7557 = ORIENTED_EDGE('',*,*,#7449,.T.);
#7558 = ORIENTED_EDGE('',*,*,#7477,.T.);
#7559 = ORIENTED_EDGE('',*,*,#7505,.T.);
#7560 = ORIENTED_EDGE('',*,*,#7533,.T.);
#7561 = B_SPLINE_SURFACE_WITH_KNOTS('',1,1,(
    (#7562,#7563)
    ,(#7564,#7565
    )),.UNSPECIFIED.,.F.,.F.,.F.,(2,2),(2,2),(-0.908071867506,
    -0.861033219372),(0.698273574824,0.731790171256),
  .PIECEWISE_BEZIER_KNOTS.);
#7562 = CARTESIAN_POINT('',(-0.201726425176,0.63,0.371928232494));
#7563 = CARTESIAN_POINT('',(-0.168209828744,0.63,0.371928232494));
#7564 = CARTESIAN_POINT('',(-0.201726425176,0.63,0.418966880628));
#7565 = CARTESIAN_POINT('',(-0.168209828744,0.63,0.418966880628));
#7566 = ADVANCED_FACE('',(#7567,#7625),#7673,.F.);
#7567 = FACE_BOUND('',#7568,.T.);
#7568 = EDGE_LOOP('',(#7569,#7578,#7585,#7592,#7599,#7606,#7613,#7620));
#7569 = ORIENTED_EDGE('',*,*,#7570,.T.);
#7570 = EDGE_CURVE('',#7571,#7573,#7575,.T.);
#7571 = VERTEX_POINT('',#7572);
#7572 = CARTESIAN_POINT('',(-0.268291726979,0.64,0.364972252034));
#7573 = VERTEX_POINT('',#7574);
#7574 = CARTESIAN_POINT('',(-0.245053137549,0.64,0.425985246564));
#7575 = B_SPLINE_CURVE_WITH_KNOTS('',1,(#7576,#7577),.UNSPECIFIED.,.F.,
  .F.,(2,2),(-6.528872444865E-02,0.),.PIECEWISE_BEZIER_KNOTS.);
#7576 = CARTESIAN_POINT('',(-0.268291726979,0.64,0.364972252034));
#7577 = CARTESIAN_POINT('',(-0.245053137549,0.64,0.425985246564));
#7578 = ORIENTED_EDGE('',*,*,#7579,.T.);
#7579 = EDGE_CURVE('',#7573,#7580,#7582,.T.);
#7580 = VERTEX_POINT('',#7581);
#7581 = CARTESIAN_POINT('',(-0.236631098427,0.64,0.425985246564));
#7582 = B_SPLINE_CURVE_WITH_KNOTS('',1,(#7583,#7584),.UNSPECIFIED.,.F.,
  .F.,(2,2),(-8.422039122135E-03,0.),.PIECEWISE_BEZIER_KNOTS.);
#7583 = CARTESIAN_POINT('',(-0.245053137549,0.64,0.425985246564));
#7584 = CARTESIAN_POINT('',(-0.236631098427,0.64,0.425985246564));
#7585 = ORIENTED_EDGE('',*,*,#7586,.T.);
#7586 = EDGE_CURVE('',#7580,#7587,#7589,.T.);
#7587 = VERTEX_POINT('',#7588);
#7588 = CARTESIAN_POINT('',(-0.213392508997,0.64,0.364972252034));
#7589 = B_SPLINE_CURVE_WITH_KNOTS('',1,(#7590,#7591),.UNSPECIFIED.,.F.,
  .F.,(2,2),(-6.528872444851E-02,0.),.PIECEWISE_BEZIER_KNOTS.);
#7590 = CARTESIAN_POINT('',(-0.236631098427,0.64,0.425985246564));
#7591 = CARTESIAN_POINT('',(-0.213392508997,0.64,0.364972252034));
#7592 = ORIENTED_EDGE('',*,*,#7593,.T.);
#7593 = EDGE_CURVE('',#7587,#7594,#7596,.T.);
#7594 = VERTEX_POINT('',#7595);
#7595 = CARTESIAN_POINT('',(-0.222095282756,0.64,0.364972252034));
#7596 = B_SPLINE_CURVE_WITH_KNOTS('',1,(#7597,#7598),.UNSPECIFIED.,.F.,
  .F.,(2,2),(-8.70277375922E-03,0.),.PIECEWISE_BEZIER_KNOTS.);
#7597 = CARTESIAN_POINT('',(-0.213392508997,0.64,0.364972252034));
#7598 = CARTESIAN_POINT('',(-0.222095282756,0.64,0.364972252034));
#7599 = ORIENTED_EDGE('',*,*,#7600,.T.);
#7600 = EDGE_CURVE('',#7594,#7601,#7603,.T.);
#7601 = VERTEX_POINT('',#7602);
#7602 = CARTESIAN_POINT('',(-0.227959517404,0.64,0.381660366591));
#7603 = B_SPLINE_CURVE_WITH_KNOTS('',1,(#7604,#7605),.UNSPECIFIED.,.F.,
  .F.,(2,2),(-1.768848256562E-02,0.),.PIECEWISE_BEZIER_KNOTS.);
#7604 = CARTESIAN_POINT('',(-0.222095282756,0.64,0.364972252034));
#7605 = CARTESIAN_POINT('',(-0.227959517404,0.64,0.381660366591));
#7606 = ORIENTED_EDGE('',*,*,#7607,.T.);
#7607 = EDGE_CURVE('',#7601,#7608,#7610,.T.);
#7608 = VERTEX_POINT('',#7609);
#7609 = CARTESIAN_POINT('',(-0.25336600209,0.64,0.381660366591));
#7610 = B_SPLINE_CURVE_WITH_KNOTS('',1,(#7611,#7612),.UNSPECIFIED.,.F.,
  .F.,(2,2),(-2.540648468536E-02,0.),.PIECEWISE_BEZIER_KNOTS.);
#7611 = CARTESIAN_POINT('',(-0.227959517404,0.64,0.381660366591));
#7612 = CARTESIAN_POINT('',(-0.25336600209,0.64,0.381660366591));
#7613 = ORIENTED_EDGE('',*,*,#7614,.T.);
#7614 = EDGE_CURVE('',#7608,#7615,#7617,.T.);
#7615 = VERTEX_POINT('',#7616);
#7616 = CARTESIAN_POINT('',(-0.259588953219,0.64,0.364972252034));
#7617 = B_SPLINE_CURVE_WITH_KNOTS('',1,(#7618,#7619),.UNSPECIFIED.,.F.,
  .F.,(2,2),(-1.781062290385E-02,-0.),.PIECEWISE_BEZIER_KNOTS.);
#7618 = CARTESIAN_POINT('',(-0.25336600209,0.64,0.381660366591));
#7619 = CARTESIAN_POINT('',(-0.259588953219,0.64,0.364972252034));
#7620 = ORIENTED_EDGE('',*,*,#7621,.T.);
#7621 = EDGE_CURVE('',#7615,#7571,#7622,.T.);
#7622 = B_SPLINE_CURVE_WITH_KNOTS('',1,(#7623,#7624),.UNSPECIFIED.,.F.,
  .F.,(2,2),(-8.702773759636E-03,0.),.PIECEWISE_BEZIER_KNOTS.);
#7623 = CARTESIAN_POINT('',(-0.259588953219,0.64,0.364972252034));
#7624 = CARTESIAN_POINT('',(-0.268291726979,0.64,0.364972252034));
#7625 = FACE_BOUND('',#7626,.T.);
#7626 = EDGE_LOOP('',(#7627,#7636,#7643,#7652,#7659,#7668));
#7627 = ORIENTED_EDGE('',*,*,#7628,.F.);
#7628 = EDGE_CURVE('',#7629,#7631,#7633,.T.);
#7629 = VERTEX_POINT('',#7630);
#7630 = CARTESIAN_POINT('',(-0.230454936404,0.64,0.388553961576));
#7631 = VERTEX_POINT('',#7632);
#7632 = CARTESIAN_POINT('',(-0.250932968565,0.64,0.388553961576));
#7633 = B_SPLINE_CURVE_WITH_KNOTS('',1,(#7634,#7635),.UNSPECIFIED.,.F.,
  .F.,(2,2),(0.,2.047803216181E-02),.PIECEWISE_BEZIER_KNOTS.);
#7634 = CARTESIAN_POINT('',(-0.230454936404,0.64,0.388553961576));
#7635 = CARTESIAN_POINT('',(-0.250932968565,0.64,0.388553961576));
#7636 = ORIENTED_EDGE('',*,*,#7637,.F.);
#7637 = EDGE_CURVE('',#7638,#7629,#7640,.T.);
#7638 = VERTEX_POINT('',#7639);
#7639 = CARTESIAN_POINT('',(-0.239578812119,0.64,0.413913657155));
#7640 = B_SPLINE_CURVE_WITH_KNOTS('',1,(#7641,#7642),.UNSPECIFIED.,.F.,
  .F.,(2,2),(-2.611671400466E-17,2.695105318764E-02),
  .PIECEWISE_BEZIER_KNOTS.);
#7641 = CARTESIAN_POINT('',(-0.239578812119,0.64,0.413913657155));
#7642 = CARTESIAN_POINT('',(-0.230454936404,0.64,0.388553961576));
#7643 = ORIENTED_EDGE('',*,*,#7644,.F.);
#7644 = EDGE_CURVE('',#7645,#7638,#7647,.T.);
#7645 = VERTEX_POINT('',#7646);
#7646 = CARTESIAN_POINT('',(-0.240576979719,0.64,0.418187062191));
#7647 = B_SPLINE_CURVE_WITH_KNOTS('',3,(#7648,#7649,#7650,#7651),
  .UNSPECIFIED.,.F.,.F.,(4,4),(3.,4.),.PIECEWISE_BEZIER_KNOTS.);
#7648 = CARTESIAN_POINT('',(-0.240576979719,0.64,0.418187062191));
#7649 = CARTESIAN_POINT('',(-0.240280648713,0.64,0.416346690679));
#7650 = CARTESIAN_POINT('',(-0.239953124969,0.64,0.414911824755));
#7651 = CARTESIAN_POINT('',(-0.239578812119,0.64,0.413913657155));
#7652 = ORIENTED_EDGE('',*,*,#7653,.F.);
#7653 = EDGE_CURVE('',#7654,#7645,#7656,.T.);
#7654 = VERTEX_POINT('',#7655);
#7655 = CARTESIAN_POINT('',(-0.240764136144,0.64,0.418187062191));
#7656 = B_SPLINE_CURVE_WITH_KNOTS('',1,(#7657,#7658),.UNSPECIFIED.,.F.,
  .F.,(2,2),(-2.775557561563E-17,1.871564247238E-04),
  .PIECEWISE_BEZIER_KNOTS.);
#7657 = CARTESIAN_POINT('',(-0.240764136144,0.64,0.418187062191));
#7658 = CARTESIAN_POINT('',(-0.240576979719,0.64,0.418187062191));
#7659 = ORIENTED_EDGE('',*,*,#7660,.F.);
#7660 = EDGE_CURVE('',#7661,#7654,#7663,.T.);
#7661 = VERTEX_POINT('',#7662);
#7662 = CARTESIAN_POINT('',(-0.241715514637,0.64,0.413913657155));
#7663 = B_SPLINE_CURVE_WITH_KNOTS('',3,(#7664,#7665,#7666,#7667),
  .UNSPECIFIED.,.F.,.F.,(4,4),(1.,2.),.PIECEWISE_BEZIER_KNOTS.);
#7664 = CARTESIAN_POINT('',(-0.241715514637,0.64,0.413913657155));
#7665 = CARTESIAN_POINT('',(-0.241419183631,0.64,0.414755861067));
#7666 = CARTESIAN_POINT('',(-0.241107256256,0.64,0.416159534254));
#7667 = CARTESIAN_POINT('',(-0.240764136144,0.64,0.418187062191));
#7668 = ORIENTED_EDGE('',*,*,#7669,.F.);
#7669 = EDGE_CURVE('',#7631,#7661,#7670,.T.);
#7670 = B_SPLINE_CURVE_WITH_KNOTS('',1,(#7671,#7672),.UNSPECIFIED.,.F.,
  .F.,(2,2),(0.,2.698287636193E-02),.PIECEWISE_BEZIER_KNOTS.);
#7671 = CARTESIAN_POINT('',(-0.250932968565,0.64,0.388553961576));
#7672 = CARTESIAN_POINT('',(-0.241715514637,0.64,0.413913657155));
#7673 = B_SPLINE_SURFACE_WITH_KNOTS('',1,1,(
    (#7674,#7675)
    ,(#7676,#7677
    )),.UNSPECIFIED.,.F.,.F.,.F.,(2,2),(2,2),(0.224014853436,
    0.285027847966),(-0.268291726979,-0.213392508997),
  .PIECEWISE_BEZIER_KNOTS.);
#7674 = CARTESIAN_POINT('',(-0.268291726979,0.64,0.425985246564));
#7675 = CARTESIAN_POINT('',(-0.213392508997,0.64,0.425985246564));
#7676 = CARTESIAN_POINT('',(-0.268291726979,0.64,0.364972252034));
#7677 = CARTESIAN_POINT('',(-0.213392508997,0.64,0.364972252034));
#7678 = ADVANCED_FACE('',(#7679),#7693,.F.);
#7679 = FACE_BOUND('',#7680,.T.);
#7680 = EDGE_LOOP('',(#7681,#7682,#7687,#7688));
#7681 = ORIENTED_EDGE('',*,*,#939,.T.);
#7682 = ORIENTED_EDGE('',*,*,#7683,.F.);
#7683 = EDGE_CURVE('',#7573,#931,#7684,.T.);
#7684 = B_SPLINE_CURVE_WITH_KNOTS('',1,(#7685,#7686),.UNSPECIFIED.,.F.,
  .F.,(2,2),(-0.,1.E-02),.PIECEWISE_BEZIER_KNOTS.);
#7685 = CARTESIAN_POINT('',(-0.245053137549,0.64,0.425985246564));
#7686 = CARTESIAN_POINT('',(-0.245053137549,0.63,0.425985246564));
#7687 = ORIENTED_EDGE('',*,*,#7570,.F.);
#7688 = ORIENTED_EDGE('',*,*,#7689,.T.);
#7689 = EDGE_CURVE('',#7571,#940,#7690,.T.);
#7690 = B_SPLINE_CURVE_WITH_KNOTS('',1,(#7691,#7692),.UNSPECIFIED.,.F.,
  .F.,(2,2),(-0.,1.E-02),.PIECEWISE_BEZIER_KNOTS.);
#7691 = CARTESIAN_POINT('',(-0.268291726979,0.64,0.364972252034));
#7692 = CARTESIAN_POINT('',(-0.268291726979,0.63,0.364972252034));
#7693 = B_SPLINE_SURFACE_WITH_KNOTS('',1,1,(
    (#7694,#7695)
    ,(#7696,#7697
    )),.UNSPECIFIED.,.F.,.F.,.F.,(2,2),(2,2),(-0.,6.528872444865E-02),(
    -1.E-02,0.),.PIECEWISE_BEZIER_KNOTS.);
#7694 = CARTESIAN_POINT('',(-0.245053137549,0.63,0.425985246564));
#7695 = CARTESIAN_POINT('',(-0.245053137549,0.64,0.425985246564));
#7696 = CARTESIAN_POINT('',(-0.268291726979,0.63,0.364972252034));
#7697 = CARTESIAN_POINT('',(-0.268291726979,0.64,0.364972252034));
#7698 = ADVANCED_FACE('',(#7699),#7709,.F.);
#7699 = FACE_BOUND('',#7700,.T.);
#7700 = EDGE_LOOP('',(#7701,#7702,#7707,#7708));
#7701 = ORIENTED_EDGE('',*,*,#930,.T.);
#7702 = ORIENTED_EDGE('',*,*,#7703,.F.);
#7703 = EDGE_CURVE('',#7580,#933,#7704,.T.);
#7704 = B_SPLINE_CURVE_WITH_KNOTS('',1,(#7705,#7706),.UNSPECIFIED.,.F.,
  .F.,(2,2),(-0.,1.E-02),.PIECEWISE_BEZIER_KNOTS.);
#7705 = CARTESIAN_POINT('',(-0.236631098427,0.64,0.425985246564));
#7706 = CARTESIAN_POINT('',(-0.236631098427,0.63,0.425985246564));
#7707 = ORIENTED_EDGE('',*,*,#7579,.F.);
#7708 = ORIENTED_EDGE('',*,*,#7683,.T.);
#7709 = B_SPLINE_SURFACE_WITH_KNOTS('',1,1,(
    (#7710,#7711)
    ,(#7712,#7713
    )),.UNSPECIFIED.,.F.,.F.,.F.,(2,2),(2,2),(0.,8.422039122135E-03),(
    -1.E-02,0.),.PIECEWISE_BEZIER_KNOTS.);
#7710 = CARTESIAN_POINT('',(-0.236631098427,0.63,0.425985246564));
#7711 = CARTESIAN_POINT('',(-0.236631098427,0.64,0.425985246564));
#7712 = CARTESIAN_POINT('',(-0.245053137549,0.63,0.425985246564));
#7713 = CARTESIAN_POINT('',(-0.245053137549,0.64,0.425985246564));
#7714 = ADVANCED_FACE('',(#7715),#7725,.F.);
#7715 = FACE_BOUND('',#7716,.T.);
#7716 = EDGE_LOOP('',(#7717,#7718,#7723,#7724));
#7717 = ORIENTED_EDGE('',*,*,#981,.T.);
#7718 = ORIENTED_EDGE('',*,*,#7719,.F.);
#7719 = EDGE_CURVE('',#7587,#975,#7720,.T.);
#7720 = B_SPLINE_CURVE_WITH_KNOTS('',1,(#7721,#7722),.UNSPECIFIED.,.F.,
  .F.,(2,2),(-0.,1.E-02),.PIECEWISE_BEZIER_KNOTS.);
#7721 = CARTESIAN_POINT('',(-0.213392508997,0.64,0.364972252034));
#7722 = CARTESIAN_POINT('',(-0.213392508997,0.63,0.364972252034));
#7723 = ORIENTED_EDGE('',*,*,#7586,.F.);
#7724 = ORIENTED_EDGE('',*,*,#7703,.T.);
#7725 = B_SPLINE_SURFACE_WITH_KNOTS('',1,1,(
    (#7726,#7727)
    ,(#7728,#7729
    )),.UNSPECIFIED.,.F.,.F.,.F.,(2,2),(2,2),(0.,6.528872444851E-02),(
    -1.E-02,0.),.PIECEWISE_BEZIER_KNOTS.);
#7726 = CARTESIAN_POINT('',(-0.213392508997,0.63,0.364972252034));
#7727 = CARTESIAN_POINT('',(-0.213392508997,0.64,0.364972252034));
#7728 = CARTESIAN_POINT('',(-0.236631098427,0.63,0.425985246564));
#7729 = CARTESIAN_POINT('',(-0.236631098427,0.64,0.425985246564));
#7730 = ADVANCED_FACE('',(#7731),#7741,.F.);
#7731 = FACE_BOUND('',#7732,.T.);
#7732 = EDGE_LOOP('',(#7733,#7734,#7739,#7740));
#7733 = ORIENTED_EDGE('',*,*,#974,.T.);
#7734 = ORIENTED_EDGE('',*,*,#7735,.F.);
#7735 = EDGE_CURVE('',#7594,#968,#7736,.T.);
#7736 = B_SPLINE_CURVE_WITH_KNOTS('',1,(#7737,#7738),.UNSPECIFIED.,.F.,
  .F.,(2,2),(-0.,1.E-02),.PIECEWISE_BEZIER_KNOTS.);
#7737 = CARTESIAN_POINT('',(-0.222095282756,0.64,0.364972252034));
#7738 = CARTESIAN_POINT('',(-0.222095282756,0.63,0.364972252034));
#7739 = ORIENTED_EDGE('',*,*,#7593,.F.);
#7740 = ORIENTED_EDGE('',*,*,#7719,.T.);
#7741 = B_SPLINE_SURFACE_WITH_KNOTS('',1,1,(
    (#7742,#7743)
    ,(#7744,#7745
    )),.UNSPECIFIED.,.F.,.F.,.F.,(2,2),(2,2),(0.,8.70277375922E-03),(
    -1.E-02,0.),.PIECEWISE_BEZIER_KNOTS.);
#7742 = CARTESIAN_POINT('',(-0.222095282756,0.63,0.364972252034));
#7743 = CARTESIAN_POINT('',(-0.222095282756,0.64,0.364972252034));
#7744 = CARTESIAN_POINT('',(-0.213392508997,0.63,0.364972252034));
#7745 = CARTESIAN_POINT('',(-0.213392508997,0.64,0.364972252034));
#7746 = ADVANCED_FACE('',(#7747),#7757,.F.);
#7747 = FACE_BOUND('',#7748,.T.);
#7748 = EDGE_LOOP('',(#7749,#7750,#7755,#7756));
#7749 = ORIENTED_EDGE('',*,*,#967,.T.);
#7750 = ORIENTED_EDGE('',*,*,#7751,.F.);
#7751 = EDGE_CURVE('',#7601,#961,#7752,.T.);
#7752 = B_SPLINE_CURVE_WITH_KNOTS('',1,(#7753,#7754),.UNSPECIFIED.,.F.,
  .F.,(2,2),(-0.,1.E-02),.PIECEWISE_BEZIER_KNOTS.);
#7753 = CARTESIAN_POINT('',(-0.227959517404,0.64,0.381660366591));
#7754 = CARTESIAN_POINT('',(-0.227959517404,0.63,0.381660366591));
#7755 = ORIENTED_EDGE('',*,*,#7600,.F.);
#7756 = ORIENTED_EDGE('',*,*,#7735,.T.);
#7757 = B_SPLINE_SURFACE_WITH_KNOTS('',1,1,(
    (#7758,#7759)
    ,(#7760,#7761
    )),.UNSPECIFIED.,.F.,.F.,.F.,(2,2),(2,2),(0.,1.768848256562E-02),(
    -1.E-02,0.),.PIECEWISE_BEZIER_KNOTS.);
#7758 = CARTESIAN_POINT('',(-0.227959517404,0.63,0.381660366591));
#7759 = CARTESIAN_POINT('',(-0.227959517404,0.64,0.381660366591));
#7760 = CARTESIAN_POINT('',(-0.222095282756,0.63,0.364972252034));
#7761 = CARTESIAN_POINT('',(-0.222095282756,0.64,0.364972252034));
#7762 = ADVANCED_FACE('',(#7763),#7773,.F.);
#7763 = FACE_BOUND('',#7764,.T.);
#7764 = EDGE_LOOP('',(#7765,#7766,#7771,#7772));
#7765 = ORIENTED_EDGE('',*,*,#960,.T.);
#7766 = ORIENTED_EDGE('',*,*,#7767,.F.);
#7767 = EDGE_CURVE('',#7608,#954,#7768,.T.);
#7768 = B_SPLINE_CURVE_WITH_KNOTS('',1,(#7769,#7770),.UNSPECIFIED.,.F.,
  .F.,(2,2),(-0.,1.E-02),.PIECEWISE_BEZIER_KNOTS.);
#7769 = CARTESIAN_POINT('',(-0.25336600209,0.64,0.381660366591));
#7770 = CARTESIAN_POINT('',(-0.25336600209,0.63,0.381660366591));
#7771 = ORIENTED_EDGE('',*,*,#7607,.F.);
#7772 = ORIENTED_EDGE('',*,*,#7751,.T.);
#7773 = B_SPLINE_SURFACE_WITH_KNOTS('',1,1,(
    (#7774,#7775)
    ,(#7776,#7777
    )),.UNSPECIFIED.,.F.,.F.,.F.,(2,2),(2,2),(0.,2.540648468536E-02),(
    -1.E-02,0.),.PIECEWISE_BEZIER_KNOTS.);
#7774 = CARTESIAN_POINT('',(-0.25336600209,0.63,0.381660366591));
#7775 = CARTESIAN_POINT('',(-0.25336600209,0.64,0.381660366591));
#7776 = CARTESIAN_POINT('',(-0.227959517404,0.63,0.381660366591));
#7777 = CARTESIAN_POINT('',(-0.227959517404,0.64,0.381660366591));
#7778 = ADVANCED_FACE('',(#7779),#7789,.F.);
#7779 = FACE_BOUND('',#7780,.T.);
#7780 = EDGE_LOOP('',(#7781,#7782,#7787,#7788));
#7781 = ORIENTED_EDGE('',*,*,#953,.T.);
#7782 = ORIENTED_EDGE('',*,*,#7783,.F.);
#7783 = EDGE_CURVE('',#7615,#947,#7784,.T.);
#7784 = B_SPLINE_CURVE_WITH_KNOTS('',1,(#7785,#7786),.UNSPECIFIED.,.F.,
  .F.,(2,2),(-0.,1.E-02),.PIECEWISE_BEZIER_KNOTS.);
#7785 = CARTESIAN_POINT('',(-0.259588953219,0.64,0.364972252034));
#7786 = CARTESIAN_POINT('',(-0.259588953219,0.63,0.364972252034));
#7787 = ORIENTED_EDGE('',*,*,#7614,.F.);
#7788 = ORIENTED_EDGE('',*,*,#7767,.T.);
#7789 = B_SPLINE_SURFACE_WITH_KNOTS('',1,1,(
    (#7790,#7791)
    ,(#7792,#7793
    )),.UNSPECIFIED.,.F.,.F.,.F.,(2,2),(2,2),(0.,1.781062290385E-02),(
    -1.E-02,0.),.PIECEWISE_BEZIER_KNOTS.);
#7790 = CARTESIAN_POINT('',(-0.259588953219,0.63,0.364972252034));
#7791 = CARTESIAN_POINT('',(-0.259588953219,0.64,0.364972252034));
#7792 = CARTESIAN_POINT('',(-0.25336600209,0.63,0.381660366591));
#7793 = CARTESIAN_POINT('',(-0.25336600209,0.64,0.381660366591));
#7794 = ADVANCED_FACE('',(#7795),#7801,.F.);
#7795 = FACE_BOUND('',#7796,.T.);
#7796 = EDGE_LOOP('',(#7797,#7798,#7799,#7800));
#7797 = ORIENTED_EDGE('',*,*,#946,.T.);
#7798 = ORIENTED_EDGE('',*,*,#7689,.F.);
#7799 = ORIENTED_EDGE('',*,*,#7621,.F.);
#7800 = ORIENTED_EDGE('',*,*,#7783,.T.);
#7801 = B_SPLINE_SURFACE_WITH_KNOTS('',1,1,(
    (#7802,#7803)
    ,(#7804,#7805
    )),.UNSPECIFIED.,.F.,.F.,.F.,(2,2),(2,2),(0.,8.702773759636E-03),(
    -1.E-02,0.),.PIECEWISE_BEZIER_KNOTS.);
#7802 = CARTESIAN_POINT('',(-0.268291726979,0.63,0.364972252034));
#7803 = CARTESIAN_POINT('',(-0.268291726979,0.64,0.364972252034));
#7804 = CARTESIAN_POINT('',(-0.259588953219,0.63,0.364972252034));
#7805 = CARTESIAN_POINT('',(-0.259588953219,0.64,0.364972252034));
#7806 = ADVANCED_FACE('',(#7807),#7829,.T.);
#7807 = FACE_BOUND('',#7808,.T.);
#7808 = EDGE_LOOP('',(#7809,#7818,#7823,#7824));
#7809 = ORIENTED_EDGE('',*,*,#7810,.F.);
#7810 = EDGE_CURVE('',#7811,#7813,#7815,.T.);
#7811 = VERTEX_POINT('',#7812);
#7812 = CARTESIAN_POINT('',(-0.230454936404,0.63,0.388553961576));
#7813 = VERTEX_POINT('',#7814);
#7814 = CARTESIAN_POINT('',(-0.250932968565,0.63,0.388553961576));
#7815 = B_SPLINE_CURVE_WITH_KNOTS('',1,(#7816,#7817),.UNSPECIFIED.,.F.,
  .F.,(2,2),(1.110223024625E-16,2.047803216181E-02),
  .PIECEWISE_BEZIER_KNOTS.);
#7816 = CARTESIAN_POINT('',(-0.230454936404,0.63,0.388553961576));
#7817 = CARTESIAN_POINT('',(-0.250932968565,0.63,0.388553961576));
#7818 = ORIENTED_EDGE('',*,*,#7819,.F.);
#7819 = EDGE_CURVE('',#7629,#7811,#7820,.T.);
#7820 = B_SPLINE_CURVE_WITH_KNOTS('',1,(#7821,#7822),.UNSPECIFIED.,.F.,
  .F.,(2,2),(-0.,1.E-02),.PIECEWISE_BEZIER_KNOTS.);
#7821 = CARTESIAN_POINT('',(-0.230454936404,0.64,0.388553961576));
#7822 = CARTESIAN_POINT('',(-0.230454936404,0.63,0.388553961576));
#7823 = ORIENTED_EDGE('',*,*,#7628,.T.);
#7824 = ORIENTED_EDGE('',*,*,#7825,.T.);
#7825 = EDGE_CURVE('',#7631,#7813,#7826,.T.);
#7826 = B_SPLINE_CURVE_WITH_KNOTS('',1,(#7827,#7828),.UNSPECIFIED.,.F.,
  .F.,(2,2),(-0.,1.E-02),.PIECEWISE_BEZIER_KNOTS.);
#7827 = CARTESIAN_POINT('',(-0.250932968565,0.64,0.388553961576));
#7828 = CARTESIAN_POINT('',(-0.250932968565,0.63,0.388553961576));
#7829 = B_SPLINE_SURFACE_WITH_KNOTS('',1,1,(
    (#7830,#7831)
    ,(#7832,#7833
    )),.UNSPECIFIED.,.F.,.F.,.F.,(2,2),(2,2),(-2.047803216181E-02,0.),(
    -1.E-02,0.),.PIECEWISE_BEZIER_KNOTS.);
#7830 = CARTESIAN_POINT('',(-0.250932968565,0.63,0.388553961576));
#7831 = CARTESIAN_POINT('',(-0.250932968565,0.64,0.388553961576));
#7832 = CARTESIAN_POINT('',(-0.230454936404,0.63,0.388553961576));
#7833 = CARTESIAN_POINT('',(-0.230454936404,0.64,0.388553961576));
#7834 = ADVANCED_FACE('',(#7835),#7851,.T.);
#7835 = FACE_BOUND('',#7836,.T.);
#7836 = EDGE_LOOP('',(#7837,#7844,#7845,#7846));
#7837 = ORIENTED_EDGE('',*,*,#7838,.F.);
#7838 = EDGE_CURVE('',#7813,#7839,#7841,.T.);
#7839 = VERTEX_POINT('',#7840);
#7840 = CARTESIAN_POINT('',(-0.241715514637,0.63,0.413913657155));
#7841 = B_SPLINE_CURVE_WITH_KNOTS('',1,(#7842,#7843),.UNSPECIFIED.,.F.,
  .F.,(2,2),(-2.367946288768E-17,2.698287636193E-02),
  .PIECEWISE_BEZIER_KNOTS.);
#7842 = CARTESIAN_POINT('',(-0.250932968565,0.63,0.388553961576));
#7843 = CARTESIAN_POINT('',(-0.241715514637,0.63,0.413913657155));
#7844 = ORIENTED_EDGE('',*,*,#7825,.F.);
#7845 = ORIENTED_EDGE('',*,*,#7669,.T.);
#7846 = ORIENTED_EDGE('',*,*,#7847,.T.);
#7847 = EDGE_CURVE('',#7661,#7839,#7848,.T.);
#7848 = B_SPLINE_CURVE_WITH_KNOTS('',1,(#7849,#7850),.UNSPECIFIED.,.F.,
  .F.,(2,2),(-0.,1.E-02),.PIECEWISE_BEZIER_KNOTS.);
#7849 = CARTESIAN_POINT('',(-0.241715514637,0.64,0.413913657155));
#7850 = CARTESIAN_POINT('',(-0.241715514637,0.63,0.413913657155));
#7851 = B_SPLINE_SURFACE_WITH_KNOTS('',1,1,(
    (#7852,#7853)
    ,(#7854,#7855
    )),.UNSPECIFIED.,.F.,.F.,.F.,(2,2),(2,2),(-2.698287636193E-02,
    2.367946288768E-17),(-1.E-02,0.),.PIECEWISE_BEZIER_KNOTS.);
#7852 = CARTESIAN_POINT('',(-0.241715514637,0.63,0.413913657155));
#7853 = CARTESIAN_POINT('',(-0.241715514637,0.64,0.413913657155));
#7854 = CARTESIAN_POINT('',(-0.250932968565,0.63,0.388553961576));
#7855 = CARTESIAN_POINT('',(-0.250932968565,0.64,0.388553961576));
#7856 = ADVANCED_FACE('',(#7857),#7875,.T.);
#7857 = FACE_BOUND('',#7858,.T.);
#7858 = EDGE_LOOP('',(#7859,#7868,#7869,#7870));
#7859 = ORIENTED_EDGE('',*,*,#7860,.F.);
#7860 = EDGE_CURVE('',#7839,#7861,#7863,.T.);
#7861 = VERTEX_POINT('',#7862);
#7862 = CARTESIAN_POINT('',(-0.240764136144,0.63,0.418187062191));
#7863 = B_SPLINE_CURVE_WITH_KNOTS('',3,(#7864,#7865,#7866,#7867),
  .UNSPECIFIED.,.F.,.F.,(4,4),(1.,2.),.PIECEWISE_BEZIER_KNOTS.);
#7864 = CARTESIAN_POINT('',(-0.241715514637,0.63,0.413913657155));
#7865 = CARTESIAN_POINT('',(-0.241419183631,0.63,0.414755861067));
#7866 = CARTESIAN_POINT('',(-0.241107256256,0.63,0.416159534254));
#7867 = CARTESIAN_POINT('',(-0.240764136144,0.63,0.418187062191));
#7868 = ORIENTED_EDGE('',*,*,#7847,.F.);
#7869 = ORIENTED_EDGE('',*,*,#7660,.T.);
#7870 = ORIENTED_EDGE('',*,*,#7871,.T.);
#7871 = EDGE_CURVE('',#7654,#7861,#7872,.T.);
#7872 = B_SPLINE_CURVE_WITH_KNOTS('',1,(#7873,#7874),.UNSPECIFIED.,.F.,
  .F.,(2,2),(-0.,1.E-02),.PIECEWISE_BEZIER_KNOTS.);
#7873 = CARTESIAN_POINT('',(-0.240764136144,0.64,0.418187062191));
#7874 = CARTESIAN_POINT('',(-0.240764136144,0.63,0.418187062191));
#7875 = B_SPLINE_SURFACE_WITH_KNOTS('',3,1,(
    (#7876,#7877)
    ,(#7878,#7879)
    ,(#7880,#7881)
    ,(#7882,#7883
    )),.UNSPECIFIED.,.F.,.F.,.F.,(4,4),(2,2),(1.,2.),(0.,1.),
  .PIECEWISE_BEZIER_KNOTS.);
#7876 = CARTESIAN_POINT('',(-0.241715514637,0.64,0.413913657155));
#7877 = CARTESIAN_POINT('',(-0.241715514637,0.63,0.413913657155));
#7878 = CARTESIAN_POINT('',(-0.241419183631,0.64,0.414755861067));
#7879 = CARTESIAN_POINT('',(-0.241419183631,0.63,0.414755861067));
#7880 = CARTESIAN_POINT('',(-0.241107256256,0.64,0.416159534254));
#7881 = CARTESIAN_POINT('',(-0.241107256256,0.63,0.416159534254));
#7882 = CARTESIAN_POINT('',(-0.240764136144,0.64,0.418187062191));
#7883 = CARTESIAN_POINT('',(-0.240764136144,0.63,0.418187062191));
#7884 = ADVANCED_FACE('',(#7885),#7901,.T.);
#7885 = FACE_BOUND('',#7886,.T.);
#7886 = EDGE_LOOP('',(#7887,#7894,#7895,#7896));
#7887 = ORIENTED_EDGE('',*,*,#7888,.F.);
#7888 = EDGE_CURVE('',#7861,#7889,#7891,.T.);
#7889 = VERTEX_POINT('',#7890);
#7890 = CARTESIAN_POINT('',(-0.240576979719,0.63,0.418187062191));
#7891 = B_SPLINE_CURVE_WITH_KNOTS('',1,(#7892,#7893),.UNSPECIFIED.,.F.,
  .F.,(2,2),(0.,1.871564247237E-04),.PIECEWISE_BEZIER_KNOTS.);
#7892 = CARTESIAN_POINT('',(-0.240764136144,0.63,0.418187062191));
#7893 = CARTESIAN_POINT('',(-0.240576979719,0.63,0.418187062191));
#7894 = ORIENTED_EDGE('',*,*,#7871,.F.);
#7895 = ORIENTED_EDGE('',*,*,#7653,.T.);
#7896 = ORIENTED_EDGE('',*,*,#7897,.T.);
#7897 = EDGE_CURVE('',#7645,#7889,#7898,.T.);
#7898 = B_SPLINE_CURVE_WITH_KNOTS('',1,(#7899,#7900),.UNSPECIFIED.,.F.,
  .F.,(2,2),(-0.,1.E-02),.PIECEWISE_BEZIER_KNOTS.);
#7899 = CARTESIAN_POINT('',(-0.240576979719,0.64,0.418187062191));
#7900 = CARTESIAN_POINT('',(-0.240576979719,0.63,0.418187062191));
#7901 = B_SPLINE_SURFACE_WITH_KNOTS('',1,1,(
    (#7902,#7903)
    ,(#7904,#7905
    )),.UNSPECIFIED.,.F.,.F.,.F.,(2,2),(2,2),(-1.871564247238E-04,
    2.775557561563E-17),(-1.E-02,0.),.PIECEWISE_BEZIER_KNOTS.);
#7902 = CARTESIAN_POINT('',(-0.240576979719,0.63,0.418187062191));
#7903 = CARTESIAN_POINT('',(-0.240576979719,0.64,0.418187062191));
#7904 = CARTESIAN_POINT('',(-0.240764136144,0.63,0.418187062191));
#7905 = CARTESIAN_POINT('',(-0.240764136144,0.64,0.418187062191));
#7906 = ADVANCED_FACE('',(#7907),#7925,.T.);
#7907 = FACE_BOUND('',#7908,.T.);
#7908 = EDGE_LOOP('',(#7909,#7918,#7919,#7920));
#7909 = ORIENTED_EDGE('',*,*,#7910,.F.);
#7910 = EDGE_CURVE('',#7889,#7911,#7913,.T.);
#7911 = VERTEX_POINT('',#7912);
#7912 = CARTESIAN_POINT('',(-0.239578812119,0.63,0.413913657155));
#7913 = B_SPLINE_CURVE_WITH_KNOTS('',3,(#7914,#7915,#7916,#7917),
  .UNSPECIFIED.,.F.,.F.,(4,4),(3.,4.),.PIECEWISE_BEZIER_KNOTS.);
#7914 = CARTESIAN_POINT('',(-0.240576979719,0.63,0.418187062191));
#7915 = CARTESIAN_POINT('',(-0.240280648713,0.63,0.416346690679));
#7916 = CARTESIAN_POINT('',(-0.239953124969,0.63,0.414911824755));
#7917 = CARTESIAN_POINT('',(-0.239578812119,0.63,0.413913657155));
#7918 = ORIENTED_EDGE('',*,*,#7897,.F.);
#7919 = ORIENTED_EDGE('',*,*,#7644,.T.);
#7920 = ORIENTED_EDGE('',*,*,#7921,.T.);
#7921 = EDGE_CURVE('',#7638,#7911,#7922,.T.);
#7922 = B_SPLINE_CURVE_WITH_KNOTS('',1,(#7923,#7924),.UNSPECIFIED.,.F.,
  .F.,(2,2),(-0.,1.E-02),.PIECEWISE_BEZIER_KNOTS.);
#7923 = CARTESIAN_POINT('',(-0.239578812119,0.64,0.413913657155));
#7924 = CARTESIAN_POINT('',(-0.239578812119,0.63,0.413913657155));
#7925 = B_SPLINE_SURFACE_WITH_KNOTS('',3,1,(
    (#7926,#7927)
    ,(#7928,#7929)
    ,(#7930,#7931)
    ,(#7932,#7933
    )),.UNSPECIFIED.,.F.,.F.,.F.,(4,4),(2,2),(3.,4.),(0.,1.),
  .PIECEWISE_BEZIER_KNOTS.);
#7926 = CARTESIAN_POINT('',(-0.240576979719,0.64,0.418187062191));
#7927 = CARTESIAN_POINT('',(-0.240576979719,0.63,0.418187062191));
#7928 = CARTESIAN_POINT('',(-0.240280648713,0.64,0.416346690679));
#7929 = CARTESIAN_POINT('',(-0.240280648713,0.63,0.416346690679));
#7930 = CARTESIAN_POINT('',(-0.239953124969,0.64,0.414911824755));
#7931 = CARTESIAN_POINT('',(-0.239953124969,0.63,0.414911824755));
#7932 = CARTESIAN_POINT('',(-0.239578812119,0.64,0.413913657155));
#7933 = CARTESIAN_POINT('',(-0.239578812119,0.63,0.413913657155));
#7934 = ADVANCED_FACE('',(#7935),#7945,.T.);
#7935 = FACE_BOUND('',#7936,.T.);
#7936 = EDGE_LOOP('',(#7937,#7942,#7943,#7944));
#7937 = ORIENTED_EDGE('',*,*,#7938,.F.);
#7938 = EDGE_CURVE('',#7911,#7811,#7939,.T.);
#7939 = B_SPLINE_CURVE_WITH_KNOTS('',1,(#7940,#7941),.UNSPECIFIED.,.F.,
  .F.,(2,2),(-4.490918349155E-17,2.695105318764E-02),
  .PIECEWISE_BEZIER_KNOTS.);
#7940 = CARTESIAN_POINT('',(-0.239578812119,0.63,0.413913657155));
#7941 = CARTESIAN_POINT('',(-0.230454936404,0.63,0.388553961576));
#7942 = ORIENTED_EDGE('',*,*,#7921,.F.);
#7943 = ORIENTED_EDGE('',*,*,#7637,.T.);
#7944 = ORIENTED_EDGE('',*,*,#7819,.T.);
#7945 = B_SPLINE_SURFACE_WITH_KNOTS('',1,1,(
    (#7946,#7947)
    ,(#7948,#7949
    )),.UNSPECIFIED.,.F.,.F.,.F.,(2,2),(2,2),(-2.695105318764E-02,
    6.162966275276E-17),(-1.E-02,0.),.PIECEWISE_BEZIER_KNOTS.);
#7946 = CARTESIAN_POINT('',(-0.230454936404,0.63,0.388553961576));
#7947 = CARTESIAN_POINT('',(-0.230454936404,0.64,0.388553961576));
#7948 = CARTESIAN_POINT('',(-0.239578812119,0.63,0.413913657155));
#7949 = CARTESIAN_POINT('',(-0.239578812119,0.64,0.413913657155));
#7950 = ADVANCED_FACE('',(#7951),#7959,.T.);
#7951 = FACE_BOUND('',#7952,.T.);
#7952 = EDGE_LOOP('',(#7953,#7954,#7955,#7956,#7957,#7958));
#7953 = ORIENTED_EDGE('',*,*,#7810,.T.);
#7954 = ORIENTED_EDGE('',*,*,#7838,.T.);
#7955 = ORIENTED_EDGE('',*,*,#7860,.T.);
#7956 = ORIENTED_EDGE('',*,*,#7888,.T.);
#7957 = ORIENTED_EDGE('',*,*,#7910,.T.);
#7958 = ORIENTED_EDGE('',*,*,#7938,.T.);
#7959 = B_SPLINE_SURFACE_WITH_KNOTS('',1,1,(
    (#7960,#7961)
    ,(#7962,#7963
    )),.UNSPECIFIED.,.F.,.F.,.F.,(2,2),(2,2),(-0.891446138424,
    -0.861813037809),(0.649067031435,0.669545063596),
  .PIECEWISE_BEZIER_KNOTS.);
#7960 = CARTESIAN_POINT('',(-0.250932968565,0.63,0.388553961576));
#7961 = CARTESIAN_POINT('',(-0.230454936404,0.63,0.388553961576));
#7962 = CARTESIAN_POINT('',(-0.250932968565,0.63,0.418187062191));
#7963 = CARTESIAN_POINT('',(-0.230454936404,0.63,0.418187062191));
#7964 = ADVANCED_FACE('',(#7965),#7987,.F.);
#7965 = FACE_BOUND('',#7966,.T.);
#7966 = EDGE_LOOP('',(#7967,#7968,#7975,#7982));
#7967 = ORIENTED_EDGE('',*,*,#997,.T.);
#7968 = ORIENTED_EDGE('',*,*,#7969,.F.);
#7969 = EDGE_CURVE('',#7970,#989,#7972,.T.);
#7970 = VERTEX_POINT('',#7971);
#7971 = CARTESIAN_POINT('',(-5.62434975247E-02,0.64,0.275137168064));
#7972 = B_SPLINE_CURVE_WITH_KNOTS('',1,(#7973,#7974),.UNSPECIFIED.,.F.,
  .F.,(2,2),(-0.,1.E-02),.PIECEWISE_BEZIER_KNOTS.);
#7973 = CARTESIAN_POINT('',(-5.62434975247E-02,0.64,0.275137168064));
#7974 = CARTESIAN_POINT('',(-5.62434975247E-02,0.63,0.275137168064));
#7975 = ORIENTED_EDGE('',*,*,#7976,.F.);
#7976 = EDGE_CURVE('',#7977,#7970,#7979,.T.);
#7977 = VERTEX_POINT('',#7978);
#7978 = CARTESIAN_POINT('',(-5.62434975247E-02,0.64,0.268181187604));
#7979 = B_SPLINE_CURVE_WITH_KNOTS('',1,(#7980,#7981),.UNSPECIFIED.,.F.,
  .F.,(2,2),(-6.955980460136E-03,0.),.PIECEWISE_BEZIER_KNOTS.);
#7980 = CARTESIAN_POINT('',(-5.62434975247E-02,0.64,0.268181187604));
#7981 = CARTESIAN_POINT('',(-5.62434975247E-02,0.64,0.275137168064));
#7982 = ORIENTED_EDGE('',*,*,#7983,.T.);
#7983 = EDGE_CURVE('',#7977,#998,#7984,.T.);
#7984 = B_SPLINE_CURVE_WITH_KNOTS('',1,(#7985,#7986),.UNSPECIFIED.,.F.,
  .F.,(2,2),(-0.,1.E-02),.PIECEWISE_BEZIER_KNOTS.);
#7985 = CARTESIAN_POINT('',(-5.62434975247E-02,0.64,0.268181187604));
#7986 = CARTESIAN_POINT('',(-5.62434975247E-02,0.63,0.268181187604));
#7987 = B_SPLINE_SURFACE_WITH_KNOTS('',1,1,(
    (#7988,#7989)
    ,(#7990,#7991
    )),.UNSPECIFIED.,.F.,.F.,.F.,(2,2),(2,2),(-0.,6.955980460136E-03),(
    -1.E-02,0.),.PIECEWISE_BEZIER_KNOTS.);
#7988 = CARTESIAN_POINT('',(-5.62434975247E-02,0.63,0.275137168064));
#7989 = CARTESIAN_POINT('',(-5.62434975247E-02,0.64,0.275137168064));
#7990 = CARTESIAN_POINT('',(-5.62434975247E-02,0.63,0.268181187604));
#7991 = CARTESIAN_POINT('',(-5.62434975247E-02,0.64,0.268181187604));
#7992 = ADVANCED_FACE('',(#7993),#8009,.F.);
#7993 = FACE_BOUND('',#7994,.T.);
#7994 = EDGE_LOOP('',(#7995,#7996,#8003,#8008));
#7995 = ORIENTED_EDGE('',*,*,#988,.T.);
#7996 = ORIENTED_EDGE('',*,*,#7997,.F.);
#7997 = EDGE_CURVE('',#7998,#991,#8000,.T.);
#7998 = VERTEX_POINT('',#7999);
#7999 = CARTESIAN_POINT('',(-3.130490390177E-02,0.64,0.275137168064));
#8000 = B_SPLINE_CURVE_WITH_KNOTS('',1,(#8001,#8002),.UNSPECIFIED.,.F.,
  .F.,(2,2),(-0.,1.E-02),.PIECEWISE_BEZIER_KNOTS.);
#8001 = CARTESIAN_POINT('',(-3.130490390177E-02,0.64,0.275137168064));
#8002 = CARTESIAN_POINT('',(-3.130490390177E-02,0.63,0.275137168064));
#8003 = ORIENTED_EDGE('',*,*,#8004,.F.);
#8004 = EDGE_CURVE('',#7970,#7998,#8005,.T.);
#8005 = B_SPLINE_CURVE_WITH_KNOTS('',1,(#8006,#8007),.UNSPECIFIED.,.F.,
  .F.,(2,2),(-2.493859362293E-02,0.),.PIECEWISE_BEZIER_KNOTS.);
#8006 = CARTESIAN_POINT('',(-5.62434975247E-02,0.64,0.275137168064));
#8007 = CARTESIAN_POINT('',(-3.130490390177E-02,0.64,0.275137168064));
#8008 = ORIENTED_EDGE('',*,*,#7969,.T.);
#8009 = B_SPLINE_SURFACE_WITH_KNOTS('',1,1,(
    (#8010,#8011)
    ,(#8012,#8013
    )),.UNSPECIFIED.,.F.,.F.,.F.,(2,2),(2,2),(0.,2.493859362293E-02),(
    -1.E-02,0.),.PIECEWISE_BEZIER_KNOTS.);
#8010 = CARTESIAN_POINT('',(-3.130490390177E-02,0.63,0.275137168064));
#8011 = CARTESIAN_POINT('',(-3.130490390177E-02,0.64,0.275137168064));
#8012 = CARTESIAN_POINT('',(-5.62434975247E-02,0.63,0.275137168064));
#8013 = CARTESIAN_POINT('',(-5.62434975247E-02,0.64,0.275137168064));
#8014 = ADVANCED_FACE('',(#8015),#8031,.F.);
#8015 = FACE_BOUND('',#8016,.T.);
#8016 = EDGE_LOOP('',(#8017,#8018,#8025,#8030));
#8017 = ORIENTED_EDGE('',*,*,#1067,.T.);
#8018 = ORIENTED_EDGE('',*,*,#8019,.F.);
#8019 = EDGE_CURVE('',#8020,#1061,#8022,.T.);
#8020 = VERTEX_POINT('',#8021);
#8021 = CARTESIAN_POINT('',(-3.130490390177E-02,0.64,0.295661989332));
#8022 = B_SPLINE_CURVE_WITH_KNOTS('',1,(#8023,#8024),.UNSPECIFIED.,.F.,
  .F.,(2,2),(-0.,1.E-02),.PIECEWISE_BEZIER_KNOTS.);
#8023 = CARTESIAN_POINT('',(-3.130490390177E-02,0.64,0.295661989332));
#8024 = CARTESIAN_POINT('',(-3.130490390177E-02,0.63,0.295661989332));
#8025 = ORIENTED_EDGE('',*,*,#8026,.F.);
#8026 = EDGE_CURVE('',#7998,#8020,#8027,.T.);
#8027 = B_SPLINE_CURVE_WITH_KNOTS('',1,(#8028,#8029),.UNSPECIFIED.,.F.,
  .F.,(2,2),(-2.052482126799E-02,0.),.PIECEWISE_BEZIER_KNOTS.);
#8028 = CARTESIAN_POINT('',(-3.130490390177E-02,0.64,0.275137168064));
#8029 = CARTESIAN_POINT('',(-3.130490390177E-02,0.64,0.295661989332));
#8030 = ORIENTED_EDGE('',*,*,#7997,.T.);
#8031 = B_SPLINE_SURFACE_WITH_KNOTS('',1,1,(
    (#8032,#8033)
    ,(#8034,#8035
    )),.UNSPECIFIED.,.F.,.F.,.F.,(2,2),(2,2),(-0.,2.052482126799E-02),(
    -1.E-02,0.),.PIECEWISE_BEZIER_KNOTS.);
#8032 = CARTESIAN_POINT('',(-3.130490390177E-02,0.63,0.295661989332));
#8033 = CARTESIAN_POINT('',(-3.130490390177E-02,0.64,0.295661989332));
#8034 = CARTESIAN_POINT('',(-3.130490390177E-02,0.63,0.275137168064));
#8035 = CARTESIAN_POINT('',(-3.130490390177E-02,0.64,0.275137168064));
#8036 = ADVANCED_FACE('',(#8037),#8053,.F.);
#8037 = FACE_BOUND('',#8038,.T.);
#8038 = EDGE_LOOP('',(#8039,#8040,#8047,#8052));
#8039 = ORIENTED_EDGE('',*,*,#1060,.T.);
#8040 = ORIENTED_EDGE('',*,*,#8041,.F.);
#8041 = EDGE_CURVE('',#8042,#1054,#8044,.T.);
#8042 = VERTEX_POINT('',#8043);
#8043 = CARTESIAN_POINT('',(-5.312422377577E-02,0.64,0.295661989332));
#8044 = B_SPLINE_CURVE_WITH_KNOTS('',1,(#8045,#8046),.UNSPECIFIED.,.F.,
  .F.,(2,2),(-0.,1.E-02),.PIECEWISE_BEZIER_KNOTS.);
#8045 = CARTESIAN_POINT('',(-5.312422377577E-02,0.64,0.295661989332));
#8046 = CARTESIAN_POINT('',(-5.312422377577E-02,0.63,0.295661989332));
#8047 = ORIENTED_EDGE('',*,*,#8048,.F.);
#8048 = EDGE_CURVE('',#8020,#8042,#8049,.T.);
#8049 = B_SPLINE_CURVE_WITH_KNOTS('',1,(#8050,#8051),.UNSPECIFIED.,.F.,
  .F.,(2,2),(-2.1819319874E-02,0.),.PIECEWISE_BEZIER_KNOTS.);
#8050 = CARTESIAN_POINT('',(-3.130490390177E-02,0.64,0.295661989332));
#8051 = CARTESIAN_POINT('',(-5.312422377577E-02,0.64,0.295661989332));
#8052 = ORIENTED_EDGE('',*,*,#8019,.T.);
#8053 = B_SPLINE_SURFACE_WITH_KNOTS('',1,1,(
    (#8054,#8055)
    ,(#8056,#8057
    )),.UNSPECIFIED.,.F.,.F.,.F.,(2,2),(2,2),(0.,2.1819319874E-02),(
    -1.E-02,0.),.PIECEWISE_BEZIER_KNOTS.);
#8054 = CARTESIAN_POINT('',(-5.312422377577E-02,0.63,0.295661989332));
#8055 = CARTESIAN_POINT('',(-5.312422377577E-02,0.64,0.295661989332));
#8056 = CARTESIAN_POINT('',(-3.130490390177E-02,0.63,0.295661989332));
#8057 = CARTESIAN_POINT('',(-3.130490390177E-02,0.64,0.295661989332));
#8058 = ADVANCED_FACE('',(#8059),#8075,.F.);
#8059 = FACE_BOUND('',#8060,.T.);
#8060 = EDGE_LOOP('',(#8061,#8062,#8069,#8074));
#8061 = ORIENTED_EDGE('',*,*,#1053,.T.);
#8062 = ORIENTED_EDGE('',*,*,#8063,.F.);
#8063 = EDGE_CURVE('',#8064,#1047,#8066,.T.);
#8064 = VERTEX_POINT('',#8065);
#8065 = CARTESIAN_POINT('',(-5.312422377577E-02,0.64,0.30264916253));
#8066 = B_SPLINE_CURVE_WITH_KNOTS('',1,(#8067,#8068),.UNSPECIFIED.,.F.,
  .F.,(2,2),(-0.,1.E-02),.PIECEWISE_BEZIER_KNOTS.);
#8067 = CARTESIAN_POINT('',(-5.312422377577E-02,0.64,0.30264916253));
#8068 = CARTESIAN_POINT('',(-5.312422377577E-02,0.63,0.30264916253));
#8069 = ORIENTED_EDGE('',*,*,#8070,.F.);
#8070 = EDGE_CURVE('',#8042,#8064,#8071,.T.);
#8071 = B_SPLINE_CURVE_WITH_KNOTS('',1,(#8072,#8073),.UNSPECIFIED.,.F.,
  .F.,(2,2),(-6.987173197589E-03,0.),.PIECEWISE_BEZIER_KNOTS.);
#8072 = CARTESIAN_POINT('',(-5.312422377577E-02,0.64,0.295661989332));
#8073 = CARTESIAN_POINT('',(-5.312422377577E-02,0.64,0.30264916253));
#8074 = ORIENTED_EDGE('',*,*,#8041,.T.);
#8075 = B_SPLINE_SURFACE_WITH_KNOTS('',1,1,(
    (#8076,#8077)
    ,(#8078,#8079
    )),.UNSPECIFIED.,.F.,.F.,.F.,(2,2),(2,2),(-0.,6.987173197589E-03),(
    -1.E-02,0.),.PIECEWISE_BEZIER_KNOTS.);
#8076 = CARTESIAN_POINT('',(-5.312422377577E-02,0.63,0.30264916253));
#8077 = CARTESIAN_POINT('',(-5.312422377577E-02,0.64,0.30264916253));
#8078 = CARTESIAN_POINT('',(-5.312422377577E-02,0.63,0.295661989332));
#8079 = CARTESIAN_POINT('',(-5.312422377577E-02,0.64,0.295661989332));
#8080 = ADVANCED_FACE('',(#8081),#8097,.F.);
#8081 = FACE_BOUND('',#8082,.T.);
#8082 = EDGE_LOOP('',(#8083,#8084,#8091,#8096));
#8083 = ORIENTED_EDGE('',*,*,#1046,.T.);
#8084 = ORIENTED_EDGE('',*,*,#8085,.F.);
#8085 = EDGE_CURVE('',#8086,#1040,#8088,.T.);
#8086 = VERTEX_POINT('',#8087);
#8087 = CARTESIAN_POINT('',(-3.130490390177E-02,0.64,0.30264916253));
#8088 = B_SPLINE_CURVE_WITH_KNOTS('',1,(#8089,#8090),.UNSPECIFIED.,.F.,
  .F.,(2,2),(-0.,1.E-02),.PIECEWISE_BEZIER_KNOTS.);
#8089 = CARTESIAN_POINT('',(-3.130490390177E-02,0.64,0.30264916253));
#8090 = CARTESIAN_POINT('',(-3.130490390177E-02,0.63,0.30264916253));
#8091 = ORIENTED_EDGE('',*,*,#8092,.F.);
#8092 = EDGE_CURVE('',#8064,#8086,#8093,.T.);
#8093 = B_SPLINE_CURVE_WITH_KNOTS('',1,(#8094,#8095),.UNSPECIFIED.,.F.,
  .F.,(2,2),(-2.1819319874E-02,0.),.PIECEWISE_BEZIER_KNOTS.);
#8094 = CARTESIAN_POINT('',(-5.312422377577E-02,0.64,0.30264916253));
#8095 = CARTESIAN_POINT('',(-3.130490390177E-02,0.64,0.30264916253));
#8096 = ORIENTED_EDGE('',*,*,#8063,.T.);
#8097 = B_SPLINE_SURFACE_WITH_KNOTS('',1,1,(
    (#8098,#8099)
    ,(#8100,#8101
    )),.UNSPECIFIED.,.F.,.F.,.F.,(2,2),(2,2),(0.,2.1819319874E-02),(
    -1.E-02,0.),.PIECEWISE_BEZIER_KNOTS.);
#8098 = CARTESIAN_POINT('',(-3.130490390177E-02,0.63,0.30264916253));
#8099 = CARTESIAN_POINT('',(-3.130490390177E-02,0.64,0.30264916253));
#8100 = CARTESIAN_POINT('',(-5.312422377577E-02,0.63,0.30264916253));
#8101 = CARTESIAN_POINT('',(-5.312422377577E-02,0.64,0.30264916253));
#8102 = ADVANCED_FACE('',(#8103),#8119,.F.);
#8103 = FACE_BOUND('',#8104,.T.);
#8104 = EDGE_LOOP('',(#8105,#8106,#8113,#8118));
#8105 = ORIENTED_EDGE('',*,*,#1039,.T.);
#8106 = ORIENTED_EDGE('',*,*,#8107,.F.);
#8107 = EDGE_CURVE('',#8108,#1033,#8110,.T.);
#8108 = VERTEX_POINT('',#8109);
#8109 = CARTESIAN_POINT('',(-3.130490390177E-02,0.64,0.322175816199));
#8110 = B_SPLINE_CURVE_WITH_KNOTS('',1,(#8111,#8112),.UNSPECIFIED.,.F.,
  .F.,(2,2),(-0.,1.E-02),.PIECEWISE_BEZIER_KNOTS.);
#8111 = CARTESIAN_POINT('',(-3.130490390177E-02,0.64,0.322175816199));
#8112 = CARTESIAN_POINT('',(-3.130490390177E-02,0.63,0.322175816199));
#8113 = ORIENTED_EDGE('',*,*,#8114,.F.);
#8114 = EDGE_CURVE('',#8086,#8108,#8115,.T.);
#8115 = B_SPLINE_CURVE_WITH_KNOTS('',1,(#8116,#8117),.UNSPECIFIED.,.F.,
  .F.,(2,2),(-1.952665366864E-02,0.),.PIECEWISE_BEZIER_KNOTS.);
#8116 = CARTESIAN_POINT('',(-3.130490390177E-02,0.64,0.30264916253));
#8117 = CARTESIAN_POINT('',(-3.130490390177E-02,0.64,0.322175816199));
#8118 = ORIENTED_EDGE('',*,*,#8085,.T.);
#8119 = B_SPLINE_SURFACE_WITH_KNOTS('',1,1,(
    (#8120,#8121)
    ,(#8122,#8123
    )),.UNSPECIFIED.,.F.,.F.,.F.,(2,2),(2,2),(-0.,1.952665366864E-02),(
    -1.E-02,0.),.PIECEWISE_BEZIER_KNOTS.);
#8120 = CARTESIAN_POINT('',(-3.130490390177E-02,0.63,0.322175816199));
#8121 = CARTESIAN_POINT('',(-3.130490390177E-02,0.64,0.322175816199));
#8122 = CARTESIAN_POINT('',(-3.130490390177E-02,0.63,0.30264916253));
#8123 = CARTESIAN_POINT('',(-3.130490390177E-02,0.64,0.30264916253));
#8124 = ADVANCED_FACE('',(#8125),#8141,.F.);
#8125 = FACE_BOUND('',#8126,.T.);
#8126 = EDGE_LOOP('',(#8127,#8128,#8135,#8140));
#8127 = ORIENTED_EDGE('',*,*,#1032,.T.);
#8128 = ORIENTED_EDGE('',*,*,#8129,.F.);
#8129 = EDGE_CURVE('',#8130,#1026,#8132,.T.);
#8130 = VERTEX_POINT('',#8131);
#8131 = CARTESIAN_POINT('',(-5.485542070634E-02,0.64,0.322175816199));
#8132 = B_SPLINE_CURVE_WITH_KNOTS('',1,(#8133,#8134),.UNSPECIFIED.,.F.,
  .F.,(2,2),(-0.,1.E-02),.PIECEWISE_BEZIER_KNOTS.);
#8133 = CARTESIAN_POINT('',(-5.485542070634E-02,0.64,0.322175816199));
#8134 = CARTESIAN_POINT('',(-5.485542070634E-02,0.63,0.322175816199));
#8135 = ORIENTED_EDGE('',*,*,#8136,.F.);
#8136 = EDGE_CURVE('',#8108,#8130,#8137,.T.);
#8137 = B_SPLINE_CURVE_WITH_KNOTS('',1,(#8138,#8139),.UNSPECIFIED.,.F.,
  .F.,(2,2),(-2.355051680456E-02,0.),.PIECEWISE_BEZIER_KNOTS.);
#8138 = CARTESIAN_POINT('',(-3.130490390177E-02,0.64,0.322175816199));
#8139 = CARTESIAN_POINT('',(-5.485542070634E-02,0.64,0.322175816199));
#8140 = ORIENTED_EDGE('',*,*,#8107,.T.);
#8141 = B_SPLINE_SURFACE_WITH_KNOTS('',1,1,(
    (#8142,#8143)
    ,(#8144,#8145
    )),.UNSPECIFIED.,.F.,.F.,.F.,(2,2),(2,2),(0.,2.355051680456E-02),(
    -1.E-02,0.),.PIECEWISE_BEZIER_KNOTS.);
#8142 = CARTESIAN_POINT('',(-5.485542070634E-02,0.63,0.322175816199));
#8143 = CARTESIAN_POINT('',(-5.485542070634E-02,0.64,0.322175816199));
#8144 = CARTESIAN_POINT('',(-3.130490390177E-02,0.63,0.322175816199));
#8145 = CARTESIAN_POINT('',(-3.130490390177E-02,0.64,0.322175816199));
#8146 = ADVANCED_FACE('',(#8147),#8163,.F.);
#8147 = FACE_BOUND('',#8148,.T.);
#8148 = EDGE_LOOP('',(#8149,#8150,#8157,#8162));
#8149 = ORIENTED_EDGE('',*,*,#1025,.T.);
#8150 = ORIENTED_EDGE('',*,*,#8151,.F.);
#8151 = EDGE_CURVE('',#8152,#1019,#8154,.T.);
#8152 = VERTEX_POINT('',#8153);
#8153 = CARTESIAN_POINT('',(-5.485542070634E-02,0.64,0.329194182134));
#8154 = B_SPLINE_CURVE_WITH_KNOTS('',1,(#8155,#8156),.UNSPECIFIED.,.F.,
  .F.,(2,2),(-0.,1.E-02),.PIECEWISE_BEZIER_KNOTS.);
#8155 = CARTESIAN_POINT('',(-5.485542070634E-02,0.64,0.329194182134));
#8156 = CARTESIAN_POINT('',(-5.485542070634E-02,0.63,0.329194182134));
#8157 = ORIENTED_EDGE('',*,*,#8158,.F.);
#8158 = EDGE_CURVE('',#8130,#8152,#8159,.T.);
#8159 = B_SPLINE_CURVE_WITH_KNOTS('',1,(#8160,#8161),.UNSPECIFIED.,.F.,
  .F.,(2,2),(-7.018365935043E-03,0.),.PIECEWISE_BEZIER_KNOTS.);
#8160 = CARTESIAN_POINT('',(-5.485542070634E-02,0.64,0.322175816199));
#8161 = CARTESIAN_POINT('',(-5.485542070634E-02,0.64,0.329194182134));
#8162 = ORIENTED_EDGE('',*,*,#8129,.T.);
#8163 = B_SPLINE_SURFACE_WITH_KNOTS('',1,1,(
    (#8164,#8165)
    ,(#8166,#8167
    )),.UNSPECIFIED.,.F.,.F.,.F.,(2,2),(2,2),(-0.,7.018365935043E-03),(
    -1.E-02,0.),.PIECEWISE_BEZIER_KNOTS.);
#8164 = CARTESIAN_POINT('',(-5.485542070634E-02,0.63,0.329194182134));
#8165 = CARTESIAN_POINT('',(-5.485542070634E-02,0.64,0.329194182134));
#8166 = CARTESIAN_POINT('',(-5.485542070634E-02,0.63,0.322175816199));
#8167 = CARTESIAN_POINT('',(-5.485542070634E-02,0.64,0.322175816199));
#8168 = ADVANCED_FACE('',(#8169),#8185,.F.);
#8169 = FACE_BOUND('',#8170,.T.);
#8170 = EDGE_LOOP('',(#8171,#8172,#8179,#8184));
#8171 = ORIENTED_EDGE('',*,*,#1018,.T.);
#8172 = ORIENTED_EDGE('',*,*,#8173,.F.);
#8173 = EDGE_CURVE('',#8174,#1012,#8176,.T.);
#8174 = VERTEX_POINT('',#8175);
#8175 = CARTESIAN_POINT('',(-2.34287376857E-02,0.64,0.329194182134));
#8176 = B_SPLINE_CURVE_WITH_KNOTS('',1,(#8177,#8178),.UNSPECIFIED.,.F.,
  .F.,(2,2),(-0.,1.E-02),.PIECEWISE_BEZIER_KNOTS.);
#8177 = CARTESIAN_POINT('',(-2.34287376857E-02,0.64,0.329194182134));
#8178 = CARTESIAN_POINT('',(-2.34287376857E-02,0.63,0.329194182134));
#8179 = ORIENTED_EDGE('',*,*,#8180,.F.);
#8180 = EDGE_CURVE('',#8152,#8174,#8181,.T.);
#8181 = B_SPLINE_CURVE_WITH_KNOTS('',1,(#8182,#8183),.UNSPECIFIED.,.F.,
  .F.,(2,2),(-3.142668302063E-02,0.),.PIECEWISE_BEZIER_KNOTS.);
#8182 = CARTESIAN_POINT('',(-5.485542070634E-02,0.64,0.329194182134));
#8183 = CARTESIAN_POINT('',(-2.34287376857E-02,0.64,0.329194182134));
#8184 = ORIENTED_EDGE('',*,*,#8151,.T.);
#8185 = B_SPLINE_SURFACE_WITH_KNOTS('',1,1,(
    (#8186,#8187)
    ,(#8188,#8189
    )),.UNSPECIFIED.,.F.,.F.,.F.,(2,2),(2,2),(0.,3.142668302063E-02),(
    -1.E-02,0.),.PIECEWISE_BEZIER_KNOTS.);
#8186 = CARTESIAN_POINT('',(-2.34287376857E-02,0.63,0.329194182134));
#8187 = CARTESIAN_POINT('',(-2.34287376857E-02,0.64,0.329194182134));
#8188 = CARTESIAN_POINT('',(-5.485542070634E-02,0.63,0.329194182134));
#8189 = CARTESIAN_POINT('',(-5.485542070634E-02,0.64,0.329194182134));
#8190 = ADVANCED_FACE('',(#8191),#8207,.F.);
#8191 = FACE_BOUND('',#8192,.T.);
#8192 = EDGE_LOOP('',(#8193,#8194,#8201,#8206));
#8193 = ORIENTED_EDGE('',*,*,#1011,.T.);
#8194 = ORIENTED_EDGE('',*,*,#8195,.F.);
#8195 = EDGE_CURVE('',#8196,#1005,#8198,.T.);
#8196 = VERTEX_POINT('',#8197);
#8197 = CARTESIAN_POINT('',(-2.34287376857E-02,0.64,0.268181187604));
#8198 = B_SPLINE_CURVE_WITH_KNOTS('',1,(#8199,#8200),.UNSPECIFIED.,.F.,
  .F.,(2,2),(-0.,1.E-02),.PIECEWISE_BEZIER_KNOTS.);
#8199 = CARTESIAN_POINT('',(-2.34287376857E-02,0.64,0.268181187604));
#8200 = CARTESIAN_POINT('',(-2.34287376857E-02,0.63,0.268181187604));
#8201 = ORIENTED_EDGE('',*,*,#8202,.F.);
#8202 = EDGE_CURVE('',#8174,#8196,#8203,.T.);
#8203 = B_SPLINE_CURVE_WITH_KNOTS('',1,(#8204,#8205),.UNSPECIFIED.,.F.,
  .F.,(2,2),(-6.10129945294E-02,-0.),.PIECEWISE_BEZIER_KNOTS.);
#8204 = CARTESIAN_POINT('',(-2.34287376857E-02,0.64,0.329194182134));
#8205 = CARTESIAN_POINT('',(-2.34287376857E-02,0.64,0.268181187604));
#8206 = ORIENTED_EDGE('',*,*,#8173,.T.);
#8207 = B_SPLINE_SURFACE_WITH_KNOTS('',1,1,(
    (#8208,#8209)
    ,(#8210,#8211
    )),.UNSPECIFIED.,.F.,.F.,.F.,(2,2),(2,2),(0.,6.10129945294E-02),(
    -1.E-02,0.),.PIECEWISE_BEZIER_KNOTS.);
#8208 = CARTESIAN_POINT('',(-2.34287376857E-02,0.63,0.268181187604));
#8209 = CARTESIAN_POINT('',(-2.34287376857E-02,0.64,0.268181187604));
#8210 = CARTESIAN_POINT('',(-2.34287376857E-02,0.63,0.329194182134));
#8211 = CARTESIAN_POINT('',(-2.34287376857E-02,0.64,0.329194182134));
#8212 = ADVANCED_FACE('',(#8213),#8223,.F.);
#8213 = FACE_BOUND('',#8214,.T.);
#8214 = EDGE_LOOP('',(#8215,#8216,#8217,#8222));
#8215 = ORIENTED_EDGE('',*,*,#1004,.T.);
#8216 = ORIENTED_EDGE('',*,*,#7983,.F.);
#8217 = ORIENTED_EDGE('',*,*,#8218,.F.);
#8218 = EDGE_CURVE('',#8196,#7977,#8219,.T.);
#8219 = B_SPLINE_CURVE_WITH_KNOTS('',1,(#8220,#8221),.UNSPECIFIED.,.F.,
  .F.,(2,2),(-3.2814759839E-02,0.),.PIECEWISE_BEZIER_KNOTS.);
#8220 = CARTESIAN_POINT('',(-2.34287376857E-02,0.64,0.268181187604));
#8221 = CARTESIAN_POINT('',(-5.62434975247E-02,0.64,0.268181187604));
#8222 = ORIENTED_EDGE('',*,*,#8195,.T.);
#8223 = B_SPLINE_SURFACE_WITH_KNOTS('',1,1,(
    (#8224,#8225)
    ,(#8226,#8227
    )),.UNSPECIFIED.,.F.,.F.,.F.,(2,2),(2,2),(0.,3.2814759839E-02),(
    -1.E-02,0.),.PIECEWISE_BEZIER_KNOTS.);
#8224 = CARTESIAN_POINT('',(-5.62434975247E-02,0.63,0.268181187604));
#8225 = CARTESIAN_POINT('',(-5.62434975247E-02,0.64,0.268181187604));
#8226 = CARTESIAN_POINT('',(-2.34287376857E-02,0.63,0.268181187604));
#8227 = CARTESIAN_POINT('',(-2.34287376857E-02,0.64,0.268181187604));
#8228 = ADVANCED_FACE('',(#8229),#8243,.F.);
#8229 = FACE_BOUND('',#8230,.T.);
#8230 = EDGE_LOOP('',(#8231,#8232,#8233,#8234,#8235,#8236,#8237,#8238,
    #8239,#8240,#8241,#8242));
#8231 = ORIENTED_EDGE('',*,*,#7976,.T.);
#8232 = ORIENTED_EDGE('',*,*,#8004,.T.);
#8233 = ORIENTED_EDGE('',*,*,#8026,.T.);
#8234 = ORIENTED_EDGE('',*,*,#8048,.T.);
#8235 = ORIENTED_EDGE('',*,*,#8070,.T.);
#8236 = ORIENTED_EDGE('',*,*,#8092,.T.);
#8237 = ORIENTED_EDGE('',*,*,#8114,.T.);
#8238 = ORIENTED_EDGE('',*,*,#8136,.T.);
#8239 = ORIENTED_EDGE('',*,*,#8158,.T.);
#8240 = ORIENTED_EDGE('',*,*,#8180,.T.);
#8241 = ORIENTED_EDGE('',*,*,#8202,.T.);
#8242 = ORIENTED_EDGE('',*,*,#8218,.T.);
#8243 = B_SPLINE_SURFACE_WITH_KNOTS('',1,1,(
    (#8244,#8245)
    ,(#8246,#8247
    )),.UNSPECIFIED.,.F.,.F.,.F.,(2,2),(2,2),(0.320805917866,
    0.381818912396),(-5.62434975247E-02,-2.34287376857E-02),
  .PIECEWISE_BEZIER_KNOTS.);
#8244 = CARTESIAN_POINT('',(-5.62434975247E-02,0.64,0.329194182134));
#8245 = CARTESIAN_POINT('',(-2.34287376857E-02,0.64,0.329194182134));
#8246 = CARTESIAN_POINT('',(-5.62434975247E-02,0.64,0.268181187604));
#8247 = CARTESIAN_POINT('',(-2.34287376857E-02,0.64,0.268181187604));
#8248 = ADVANCED_FACE('',(#8249,#8365),#8435,.T.);
#8249 = FACE_BOUND('',#8250,.T.);
#8250 = EDGE_LOOP('',(#8251,#8262,#8269,#8278,#8287,#8294,#8303,#8312,
    #8321,#8330,#8337,#8344,#8351,#8358));
#8251 = ORIENTED_EDGE('',*,*,#8252,.T.);
#8252 = EDGE_CURVE('',#8253,#8255,#8257,.T.);
#8253 = VERTEX_POINT('',#8254);
#8254 = CARTESIAN_POINT('',(-8.281970986584E-02,0.64,0.312755609477));
#8255 = VERTEX_POINT('',#8256);
#8256 = CARTESIAN_POINT('',(-6.781600313322E-02,0.64,0.308700553603));
#8257 = B_SPLINE_CURVE_WITH_KNOTS('',3,(#8258,#8259,#8260,#8261),
  .UNSPECIFIED.,.F.,.F.,(4,4),(0.,1.),.PIECEWISE_BEZIER_KNOTS.);
#8258 = CARTESIAN_POINT('',(-8.281970986584E-02,0.64,0.312755609477));
#8259 = CARTESIAN_POINT('',(-7.714263164277E-02,0.64,0.312755609477));
#8260 = CARTESIAN_POINT('',(-7.213619727559E-02,0.64,0.311414321765));
#8261 = CARTESIAN_POINT('',(-6.781600313322E-02,0.64,0.308700553603));
#8262 = ORIENTED_EDGE('',*,*,#8263,.T.);
#8263 = EDGE_CURVE('',#8255,#8264,#8266,.T.);
#8264 = VERTEX_POINT('',#8265);
#8265 = CARTESIAN_POINT('',(-6.781600313322E-02,0.64,0.30127668208));
#8266 = B_SPLINE_CURVE_WITH_KNOTS('',1,(#8267,#8268),.UNSPECIFIED.,.F.,
  .F.,(2,2),(-7.423871522777E-03,-0.),.PIECEWISE_BEZIER_KNOTS.);
#8267 = CARTESIAN_POINT('',(-6.781600313322E-02,0.64,0.308700553603));
#8268 = CARTESIAN_POINT('',(-6.781600313322E-02,0.64,0.30127668208));
#8269 = ORIENTED_EDGE('',*,*,#8270,.T.);
#8270 = EDGE_CURVE('',#8264,#8271,#8273,.T.);
#8271 = VERTEX_POINT('',#8272);
#8272 = CARTESIAN_POINT('',(-8.210227690356E-02,0.64,0.306548254716));
#8273 = B_SPLINE_CURVE_WITH_KNOTS('',3,(#8274,#8275,#8276,#8277),
  .UNSPECIFIED.,.F.,.F.,(4,4),(12.,13.),.PIECEWISE_BEZIER_KNOTS.);
#8274 = CARTESIAN_POINT('',(-6.781600313322E-02,0.64,0.30127668208));
#8275 = CARTESIAN_POINT('',(-7.212060090686E-02,0.64,0.304770268679));
#8276 = CARTESIAN_POINT('',(-7.687749337399E-02,0.64,0.306548254716));
#8277 = CARTESIAN_POINT('',(-8.210227690356E-02,0.64,0.306548254716));
#8278 = ORIENTED_EDGE('',*,*,#8279,.T.);
#8279 = EDGE_CURVE('',#8271,#8280,#8282,.T.);
#8280 = VERTEX_POINT('',#8281);
#8281 = CARTESIAN_POINT('',(-9.092982161302E-02,0.64,0.295880338495));
#8282 = B_SPLINE_CURVE_WITH_KNOTS('',3,(#8283,#8284,#8285,#8286),
  .UNSPECIFIED.,.F.,.F.,(4,4),(11.,12.),.PIECEWISE_BEZIER_KNOTS.);
#8283 = CARTESIAN_POINT('',(-8.210227690356E-02,0.64,0.306548254716));
#8284 = CARTESIAN_POINT('',(-8.798210792029E-02,0.64,0.306548254716));
#8285 = CARTESIAN_POINT('',(-9.092982161302E-02,0.64,0.302992282642));
#8286 = CARTESIAN_POINT('',(-9.092982161302E-02,0.64,0.295880338495));
#8287 = ORIENTED_EDGE('',*,*,#8288,.T.);
#8288 = EDGE_CURVE('',#8280,#8289,#8291,.T.);
#8289 = VERTEX_POINT('',#8290);
#8290 = CARTESIAN_POINT('',(-7.801602829231E-02,0.64,0.294071159721));
#8291 = B_SPLINE_CURVE_WITH_KNOTS('',1,(#8292,#8293),.UNSPECIFIED.,.F.,
  .F.,(2,2),(-1.303990742941E-02,0.),.PIECEWISE_BEZIER_KNOTS.);
#8292 = CARTESIAN_POINT('',(-9.092982161302E-02,0.64,0.295880338495));
#8293 = CARTESIAN_POINT('',(-7.801602829231E-02,0.64,0.294071159721));
#8294 = ORIENTED_EDGE('',*,*,#8295,.T.);
#8295 = EDGE_CURVE('',#8289,#8296,#8298,.T.);
#8296 = VERTEX_POINT('',#8297);
#8297 = CARTESIAN_POINT('',(-6.355819446597E-02,0.64,0.279847271425));
#8298 = B_SPLINE_CURVE_WITH_KNOTS('',3,(#8299,#8300,#8301,#8302),
  .UNSPECIFIED.,.F.,.F.,(4,4),(9.,10.),.PIECEWISE_BEZIER_KNOTS.);
#8299 = CARTESIAN_POINT('',(-7.801602829231E-02,0.64,0.294071159721));
#8300 = CARTESIAN_POINT('',(-6.837747240823E-02,0.64,0.292729872008));
#8301 = CARTESIAN_POINT('',(-6.355819446597E-02,0.64,0.28798857591));
#8302 = CARTESIAN_POINT('',(-6.355819446597E-02,0.64,0.279847271425));
#8303 = ORIENTED_EDGE('',*,*,#8304,.T.);
#8304 = EDGE_CURVE('',#8296,#8305,#8307,.T.);
#8305 = VERTEX_POINT('',#8306);
#8306 = CARTESIAN_POINT('',(-6.730132296481E-02,0.64,0.270583028391));
#8307 = B_SPLINE_CURVE_WITH_KNOTS('',3,(#8308,#8309,#8310,#8311),
  .UNSPECIFIED.,.F.,.F.,(4,4),(8.,9.),.PIECEWISE_BEZIER_KNOTS.);
#8308 = CARTESIAN_POINT('',(-6.355819446597E-02,0.64,0.279847271425));
#8309 = CARTESIAN_POINT('',(-6.355819446597E-02,0.64,0.275948179239));
#8310 = CARTESIAN_POINT('',(-6.480590396559E-02,0.64,0.272860098227));
#8311 = CARTESIAN_POINT('',(-6.730132296481E-02,0.64,0.270583028391));
#8312 = ORIENTED_EDGE('',*,*,#8313,.T.);
#8313 = EDGE_CURVE('',#8305,#8314,#8316,.T.);
#8314 = VERTEX_POINT('',#8315);
#8315 = CARTESIAN_POINT('',(-7.737657717388E-02,0.64,0.267151827267));
#8316 = B_SPLINE_CURVE_WITH_KNOTS('',3,(#8317,#8318,#8319,#8320),
  .UNSPECIFIED.,.F.,.F.,(4,4),(7.,8.),.PIECEWISE_BEZIER_KNOTS.);
#8317 = CARTESIAN_POINT('',(-6.730132296481E-02,0.64,0.270583028391));
#8318 = CARTESIAN_POINT('',(-6.979674196383E-02,0.64,0.268305958554));
#8319 = CARTESIAN_POINT('',(-7.314996124409E-02,0.64,0.267151827267));
#8320 = CARTESIAN_POINT('',(-7.737657717388E-02,0.64,0.267151827267));
#8321 = ORIENTED_EDGE('',*,*,#8322,.T.);
#8322 = EDGE_CURVE('',#8314,#8323,#8325,.T.);
#8323 = VERTEX_POINT('',#8324);
#8324 = CARTESIAN_POINT('',(-9.072706881936E-02,0.64,0.274918818902));
#8325 = B_SPLINE_CURVE_WITH_KNOTS('',3,(#8326,#8327,#8328,#8329),
  .UNSPECIFIED.,.F.,.F.,(4,4),(6.,7.),.PIECEWISE_BEZIER_KNOTS.);
#8326 = CARTESIAN_POINT('',(-7.737657717388E-02,0.64,0.267151827267));
#8327 = CARTESIAN_POINT('',(-8.325640819061E-02,0.64,0.267151827267));
#8328 = CARTESIAN_POINT('',(-8.771696965172E-02,0.64,0.269740824479));
#8329 = CARTESIAN_POINT('',(-9.072706881936E-02,0.64,0.274918818902));
#8330 = ORIENTED_EDGE('',*,*,#8331,.T.);
#8331 = EDGE_CURVE('',#8323,#8332,#8334,.T.);
#8332 = VERTEX_POINT('',#8333);
#8333 = CARTESIAN_POINT('',(-9.092982161302E-02,0.64,0.274918818902));
#8334 = B_SPLINE_CURVE_WITH_KNOTS('',1,(#8335,#8336),.UNSPECIFIED.,.F.,
  .F.,(2,2),(-2.027527936583E-04,-0.),.PIECEWISE_BEZIER_KNOTS.);
#8335 = CARTESIAN_POINT('',(-9.072706881936E-02,0.64,0.274918818902));
#8336 = CARTESIAN_POINT('',(-9.092982161302E-02,0.64,0.274918818902));
#8337 = ORIENTED_EDGE('',*,*,#8338,.T.);
#8338 = EDGE_CURVE('',#8332,#8339,#8341,.T.);
#8339 = VERTEX_POINT('',#8340);
#8340 = CARTESIAN_POINT('',(-9.092982161302E-02,0.64,0.268181187604));
#8341 = B_SPLINE_CURVE_WITH_KNOTS('',1,(#8342,#8343),.UNSPECIFIED.,.F.,
  .F.,(2,2),(-6.737631297541E-03,-0.),.PIECEWISE_BEZIER_KNOTS.);
#8342 = CARTESIAN_POINT('',(-9.092982161302E-02,0.64,0.274918818902));
#8343 = CARTESIAN_POINT('',(-9.092982161302E-02,0.64,0.268181187604));
#8344 = ORIENTED_EDGE('',*,*,#8345,.T.);
#8345 = EDGE_CURVE('',#8339,#8346,#8348,.T.);
#8346 = VERTEX_POINT('',#8347);
#8347 = CARTESIAN_POINT('',(-9.857204229797E-02,0.64,0.268181187604));
#8348 = B_SPLINE_CURVE_WITH_KNOTS('',1,(#8349,#8350),.UNSPECIFIED.,.F.,
  .F.,(2,2),(-7.642220684954E-03,0.),.PIECEWISE_BEZIER_KNOTS.);
#8349 = CARTESIAN_POINT('',(-9.092982161302E-02,0.64,0.268181187604));
#8350 = CARTESIAN_POINT('',(-9.857204229797E-02,0.64,0.268181187604));
#8351 = ORIENTED_EDGE('',*,*,#8352,.T.);
#8352 = EDGE_CURVE('',#8346,#8353,#8355,.T.);
#8353 = VERTEX_POINT('',#8354);
#8354 = CARTESIAN_POINT('',(-9.857204229797E-02,0.64,0.296223458607));
#8355 = B_SPLINE_CURVE_WITH_KNOTS('',1,(#8356,#8357),.UNSPECIFIED.,.F.,
  .F.,(2,2),(-2.804227100272E-02,0.),.PIECEWISE_BEZIER_KNOTS.);
#8356 = CARTESIAN_POINT('',(-9.857204229797E-02,0.64,0.268181187604));
#8357 = CARTESIAN_POINT('',(-9.857204229797E-02,0.64,0.296223458607));
#8358 = ORIENTED_EDGE('',*,*,#8359,.T.);
#8359 = EDGE_CURVE('',#8353,#8253,#8360,.T.);
#8360 = B_SPLINE_CURVE_WITH_KNOTS('',3,(#8361,#8362,#8363,#8364),
  .UNSPECIFIED.,.F.,.F.,(4,4),(1.,2.),.PIECEWISE_BEZIER_KNOTS.);
#8361 = CARTESIAN_POINT('',(-9.857204229797E-02,0.64,0.296223458607));
#8362 = CARTESIAN_POINT('',(-9.857204229797E-02,0.64,0.307265687679));
#8363 = CARTESIAN_POINT('',(-9.331606603095E-02,0.64,0.312755609477));
#8364 = CARTESIAN_POINT('',(-8.281970986584E-02,0.64,0.312755609477));
#8365 = FACE_BOUND('',#8366,.T.);
#8366 = EDGE_LOOP('',(#8367,#8378,#8387,#8394,#8401,#8410,#8419,#8428));
#8367 = ORIENTED_EDGE('',*,*,#8368,.F.);
#8368 = EDGE_CURVE('',#8369,#8371,#8373,.T.);
#8369 = VERTEX_POINT('',#8370);
#8370 = CARTESIAN_POINT('',(-7.333711766902E-02,0.64,0.28599224071));
#8371 = VERTEX_POINT('',#8372);
#8372 = CARTESIAN_POINT('',(-7.130958973222E-02,0.64,0.280471126175));
#8373 = B_SPLINE_CURVE_WITH_KNOTS('',3,(#8374,#8375,#8376,#8377),
  .UNSPECIFIED.,.F.,.F.,(4,4),(1.,2.),.PIECEWISE_BEZIER_KNOTS.);
#8374 = CARTESIAN_POINT('',(-7.333711766902E-02,0.64,0.28599224071));
#8375 = CARTESIAN_POINT('',(-7.199582995683E-02,0.64,0.284682145736));
#8376 = CARTESIAN_POINT('',(-7.130958973222E-02,0.64,0.282841774224));
#8377 = CARTESIAN_POINT('',(-7.130958973222E-02,0.64,0.280471126175));
#8378 = ORIENTED_EDGE('',*,*,#8379,.F.);
#8379 = EDGE_CURVE('',#8380,#8369,#8382,.T.);
#8380 = VERTEX_POINT('',#8381);
#8381 = CARTESIAN_POINT('',(-8.072979645393E-02,0.64,0.288674816135));
#8382 = B_SPLINE_CURVE_WITH_KNOTS('',3,(#8383,#8384,#8385,#8386),
  .UNSPECIFIED.,.F.,.F.,(4,4),(0.,1.),.PIECEWISE_BEZIER_KNOTS.);
#8383 = CARTESIAN_POINT('',(-8.072979645393E-02,0.64,0.288674816135));
#8384 = CARTESIAN_POINT('',(-7.71582280115E-02,0.64,0.288175732335));
#8385 = CARTESIAN_POINT('',(-7.469400174972E-02,0.64,0.287302335685));
#8386 = CARTESIAN_POINT('',(-7.333711766902E-02,0.64,0.28599224071));
#8387 = ORIENTED_EDGE('',*,*,#8388,.F.);
#8388 = EDGE_CURVE('',#8389,#8380,#8391,.T.);
#8389 = VERTEX_POINT('',#8390);
#8390 = CARTESIAN_POINT('',(-9.092982161302E-02,0.64,0.290047296584));
#8391 = B_SPLINE_CURVE_WITH_KNOTS('',1,(#8392,#8393),.UNSPECIFIED.,.F.,
  .F.,(2,2),(0.,1.029194907832E-02),.PIECEWISE_BEZIER_KNOTS.);
#8392 = CARTESIAN_POINT('',(-9.092982161302E-02,0.64,0.290047296584));
#8393 = CARTESIAN_POINT('',(-8.072979645393E-02,0.64,0.288674816135));
#8394 = ORIENTED_EDGE('',*,*,#8395,.F.);
#8395 = EDGE_CURVE('',#8396,#8389,#8398,.T.);
#8396 = VERTEX_POINT('',#8397);
#8397 = CARTESIAN_POINT('',(-9.092982161302E-02,0.64,0.285867469761));
#8398 = B_SPLINE_CURVE_WITH_KNOTS('',1,(#8399,#8400),.UNSPECIFIED.,.F.,
  .F.,(2,2),(0.,4.179826823819E-03),.PIECEWISE_BEZIER_KNOTS.);
#8399 = CARTESIAN_POINT('',(-9.092982161302E-02,0.64,0.285867469761));
#8400 = CARTESIAN_POINT('',(-9.092982161302E-02,0.64,0.290047296584));
#8401 = ORIENTED_EDGE('',*,*,#8402,.F.);
#8402 = EDGE_CURVE('',#8403,#8396,#8405,.T.);
#8403 = VERTEX_POINT('',#8404);
#8404 = CARTESIAN_POINT('',(-8.765458417661E-02,0.64,0.276977539576));
#8405 = B_SPLINE_CURVE_WITH_KNOTS('',3,(#8406,#8407,#8408,#8409),
  .UNSPECIFIED.,.F.,.F.,(4,4),(5.,6.),.PIECEWISE_BEZIER_KNOTS.);
#8406 = CARTESIAN_POINT('',(-8.765458417661E-02,0.64,0.276977539576));
#8407 = CARTESIAN_POINT('',(-8.983807580088E-02,0.64,0.279316994888));
#8408 = CARTESIAN_POINT('',(-9.092982161302E-02,0.64,0.282280304949));
#8409 = CARTESIAN_POINT('',(-9.092982161302E-02,0.64,0.285867469761));
#8410 = ORIENTED_EDGE('',*,*,#8411,.F.);
#8411 = EDGE_CURVE('',#8412,#8403,#8414,.T.);
#8412 = VERTEX_POINT('',#8413);
#8413 = CARTESIAN_POINT('',(-7.93573160045E-02,0.64,0.273421567502));
#8414 = B_SPLINE_CURVE_WITH_KNOTS('',3,(#8415,#8416,#8417,#8418),
  .UNSPECIFIED.,.F.,.F.,(4,4),(4.,5.),.PIECEWISE_BEZIER_KNOTS.);
#8415 = CARTESIAN_POINT('',(-7.93573160045E-02,0.64,0.273421567502));
#8416 = CARTESIAN_POINT('',(-8.271053528454E-02,0.64,0.273421567502));
#8417 = CARTESIAN_POINT('',(-8.548668892106E-02,0.64,0.274606891527));
#8418 = CARTESIAN_POINT('',(-8.765458417661E-02,0.64,0.276977539576));
#8419 = ORIENTED_EDGE('',*,*,#8420,.F.);
#8420 = EDGE_CURVE('',#8421,#8412,#8423,.T.);
#8421 = VERTEX_POINT('',#8422);
#8422 = CARTESIAN_POINT('',(-7.352427409395E-02,0.64,0.275386709964));
#8423 = B_SPLINE_CURVE_WITH_KNOTS('',3,(#8424,#8425,#8426,#8427),
  .UNSPECIFIED.,.F.,.F.,(4,4),(3.,4.),.PIECEWISE_BEZIER_KNOTS.);
#8424 = CARTESIAN_POINT('',(-7.352427409395E-02,0.64,0.275386709964));
#8425 = CARTESIAN_POINT('',(-7.499033275595E-02,0.64,0.27407661499));
#8426 = CARTESIAN_POINT('',(-7.69398788489E-02,0.64,0.273421567502));
#8427 = CARTESIAN_POINT('',(-7.93573160045E-02,0.64,0.273421567502));
#8428 = ORIENTED_EDGE('',*,*,#8429,.F.);
#8429 = EDGE_CURVE('',#8371,#8421,#8430,.T.);
#8430 = B_SPLINE_CURVE_WITH_KNOTS('',3,(#8431,#8432,#8433,#8434),
  .UNSPECIFIED.,.F.,.F.,(4,4),(2.,3.),.PIECEWISE_BEZIER_KNOTS.);
#8431 = CARTESIAN_POINT('',(-7.130958973222E-02,0.64,0.280471126175));
#8432 = CARTESIAN_POINT('',(-7.130958973222E-02,0.64,0.278381212763));
#8433 = CARTESIAN_POINT('',(-7.204261906322E-02,0.64,0.276696804939));
#8434 = CARTESIAN_POINT('',(-7.352427409395E-02,0.64,0.275386709964));
#8435 = B_SPLINE_SURFACE_WITH_KNOTS('',1,1,(
    (#8436,#8437)
    ,(#8438,#8439
    )),.UNSPECIFIED.,.F.,.F.,.F.,(2,2),(2,2),(-4.459391733341E-02,
    1.009864876268E-03),(-2.376301732871E-02,1.125083050329E-02),
  .PIECEWISE_BEZIER_KNOTS.);
#8436 = CARTESIAN_POINT('',(-9.857204229797E-02,0.64,0.267151827267));
#8437 = CARTESIAN_POINT('',(-6.355819446597E-02,0.64,0.267151827267));
#8438 = CARTESIAN_POINT('',(-9.857204229797E-02,0.64,0.312755609477));
#8439 = CARTESIAN_POINT('',(-6.355819446597E-02,0.64,0.312755609477));
#8440 = ADVANCED_FACE('',(#8441),#8455,.F.);
#8441 = FACE_BOUND('',#8442,.F.);
#8442 = EDGE_LOOP('',(#8443,#8448,#8449,#8454));
#8443 = ORIENTED_EDGE('',*,*,#8444,.F.);
#8444 = EDGE_CURVE('',#8253,#479,#8445,.T.);
#8445 = B_SPLINE_CURVE_WITH_KNOTS('',1,(#8446,#8447),.UNSPECIFIED.,.F.,
  .F.,(2,2),(-0.,1.E-02),.PIECEWISE_BEZIER_KNOTS.);
#8446 = CARTESIAN_POINT('',(-8.281970986584E-02,0.64,0.312755609477));
#8447 = CARTESIAN_POINT('',(-8.281970986584E-02,0.63,0.312755609477));
#8448 = ORIENTED_EDGE('',*,*,#8252,.T.);
#8449 = ORIENTED_EDGE('',*,*,#8450,.T.);
#8450 = EDGE_CURVE('',#8255,#470,#8451,.T.);
#8451 = B_SPLINE_CURVE_WITH_KNOTS('',1,(#8452,#8453),.UNSPECIFIED.,.F.,
  .F.,(2,2),(-0.,1.E-02),.PIECEWISE_BEZIER_KNOTS.);
#8452 = CARTESIAN_POINT('',(-6.781600313322E-02,0.64,0.308700553603));
#8453 = CARTESIAN_POINT('',(-6.781600313322E-02,0.63,0.308700553603));
#8454 = ORIENTED_EDGE('',*,*,#478,.F.);
#8455 = B_SPLINE_SURFACE_WITH_KNOTS('',3,1,(
    (#8456,#8457)
    ,(#8458,#8459)
    ,(#8460,#8461)
    ,(#8462,#8463
    )),.UNSPECIFIED.,.F.,.F.,.F.,(4,4),(2,2),(0.,1.),(0.,1.),
  .PIECEWISE_BEZIER_KNOTS.);
#8456 = CARTESIAN_POINT('',(-8.281970986584E-02,0.64,0.312755609477));
#8457 = CARTESIAN_POINT('',(-8.281970986584E-02,0.63,0.312755609477));
#8458 = CARTESIAN_POINT('',(-7.714263164277E-02,0.64,0.312755609477));
#8459 = CARTESIAN_POINT('',(-7.714263164277E-02,0.63,0.312755609477));
#8460 = CARTESIAN_POINT('',(-7.213619727559E-02,0.64,0.311414321765));
#8461 = CARTESIAN_POINT('',(-7.213619727559E-02,0.63,0.311414321765));
#8462 = CARTESIAN_POINT('',(-6.781600313322E-02,0.64,0.308700553603));
#8463 = CARTESIAN_POINT('',(-6.781600313322E-02,0.63,0.308700553603));
#8464 = ADVANCED_FACE('',(#8465),#8475,.F.);
#8465 = FACE_BOUND('',#8466,.T.);
#8466 = EDGE_LOOP('',(#8467,#8468,#8473,#8474));
#8467 = ORIENTED_EDGE('',*,*,#469,.T.);
#8468 = ORIENTED_EDGE('',*,*,#8469,.F.);
#8469 = EDGE_CURVE('',#8264,#472,#8470,.T.);
#8470 = B_SPLINE_CURVE_WITH_KNOTS('',1,(#8471,#8472),.UNSPECIFIED.,.F.,
  .F.,(2,2),(-0.,1.E-02),.PIECEWISE_BEZIER_KNOTS.);
#8471 = CARTESIAN_POINT('',(-6.781600313322E-02,0.64,0.30127668208));
#8472 = CARTESIAN_POINT('',(-6.781600313322E-02,0.63,0.30127668208));
#8473 = ORIENTED_EDGE('',*,*,#8263,.F.);
#8474 = ORIENTED_EDGE('',*,*,#8450,.T.);
#8475 = B_SPLINE_SURFACE_WITH_KNOTS('',1,1,(
    (#8476,#8477)
    ,(#8478,#8479
    )),.UNSPECIFIED.,.F.,.F.,.F.,(2,2),(2,2),(0.,7.423871522777E-03),(
    -1.E-02,0.),.PIECEWISE_BEZIER_KNOTS.);
#8476 = CARTESIAN_POINT('',(-6.781600313322E-02,0.63,0.30127668208));
#8477 = CARTESIAN_POINT('',(-6.781600313322E-02,0.64,0.30127668208));
#8478 = CARTESIAN_POINT('',(-6.781600313322E-02,0.63,0.308700553603));
#8479 = CARTESIAN_POINT('',(-6.781600313322E-02,0.64,0.308700553603));
#8480 = ADVANCED_FACE('',(#8481),#8491,.F.);
#8481 = FACE_BOUND('',#8482,.F.);
#8482 = EDGE_LOOP('',(#8483,#8484,#8485,#8490));
#8483 = ORIENTED_EDGE('',*,*,#8469,.F.);
#8484 = ORIENTED_EDGE('',*,*,#8270,.T.);
#8485 = ORIENTED_EDGE('',*,*,#8486,.T.);
#8486 = EDGE_CURVE('',#8271,#568,#8487,.T.);
#8487 = B_SPLINE_CURVE_WITH_KNOTS('',1,(#8488,#8489),.UNSPECIFIED.,.F.,
  .F.,(2,2),(-0.,1.E-02),.PIECEWISE_BEZIER_KNOTS.);
#8488 = CARTESIAN_POINT('',(-8.210227690356E-02,0.64,0.306548254716));
#8489 = CARTESIAN_POINT('',(-8.210227690356E-02,0.63,0.306548254716));
#8490 = ORIENTED_EDGE('',*,*,#576,.F.);
#8491 = B_SPLINE_SURFACE_WITH_KNOTS('',3,1,(
    (#8492,#8493)
    ,(#8494,#8495)
    ,(#8496,#8497)
    ,(#8498,#8499
    )),.UNSPECIFIED.,.F.,.F.,.F.,(4,4),(2,2),(12.,13.),(0.,1.),
  .PIECEWISE_BEZIER_KNOTS.);
#8492 = CARTESIAN_POINT('',(-6.781600313322E-02,0.64,0.30127668208));
#8493 = CARTESIAN_POINT('',(-6.781600313322E-02,0.63,0.30127668208));
#8494 = CARTESIAN_POINT('',(-7.212060090686E-02,0.64,0.304770268679));
#8495 = CARTESIAN_POINT('',(-7.212060090686E-02,0.63,0.304770268679));
#8496 = CARTESIAN_POINT('',(-7.687749337399E-02,0.64,0.306548254716));
#8497 = CARTESIAN_POINT('',(-7.687749337399E-02,0.63,0.306548254716));
#8498 = CARTESIAN_POINT('',(-8.210227690356E-02,0.64,0.306548254716));
#8499 = CARTESIAN_POINT('',(-8.210227690356E-02,0.63,0.306548254716));
#8500 = ADVANCED_FACE('',(#8501),#8511,.F.);
#8501 = FACE_BOUND('',#8502,.F.);
#8502 = EDGE_LOOP('',(#8503,#8504,#8505,#8510));
#8503 = ORIENTED_EDGE('',*,*,#8486,.F.);
#8504 = ORIENTED_EDGE('',*,*,#8279,.T.);
#8505 = ORIENTED_EDGE('',*,*,#8506,.T.);
#8506 = EDGE_CURVE('',#8280,#561,#8507,.T.);
#8507 = B_SPLINE_CURVE_WITH_KNOTS('',1,(#8508,#8509),.UNSPECIFIED.,.F.,
  .F.,(2,2),(-0.,1.E-02),.PIECEWISE_BEZIER_KNOTS.);
#8508 = CARTESIAN_POINT('',(-9.092982161302E-02,0.64,0.295880338495));
#8509 = CARTESIAN_POINT('',(-9.092982161302E-02,0.63,0.295880338495));
#8510 = ORIENTED_EDGE('',*,*,#567,.F.);
#8511 = B_SPLINE_SURFACE_WITH_KNOTS('',3,1,(
    (#8512,#8513)
    ,(#8514,#8515)
    ,(#8516,#8517)
    ,(#8518,#8519
    )),.UNSPECIFIED.,.F.,.F.,.F.,(4,4),(2,2),(11.,12.),(0.,1.),
  .PIECEWISE_BEZIER_KNOTS.);
#8512 = CARTESIAN_POINT('',(-8.210227690356E-02,0.64,0.306548254716));
#8513 = CARTESIAN_POINT('',(-8.210227690356E-02,0.63,0.306548254716));
#8514 = CARTESIAN_POINT('',(-8.798210792029E-02,0.64,0.306548254716));
#8515 = CARTESIAN_POINT('',(-8.798210792029E-02,0.63,0.306548254716));
#8516 = CARTESIAN_POINT('',(-9.092982161302E-02,0.64,0.302992282642));
#8517 = CARTESIAN_POINT('',(-9.092982161302E-02,0.63,0.302992282642));
#8518 = CARTESIAN_POINT('',(-9.092982161302E-02,0.64,0.295880338495));
#8519 = CARTESIAN_POINT('',(-9.092982161302E-02,0.63,0.295880338495));
#8520 = ADVANCED_FACE('',(#8521),#8531,.F.);
#8521 = FACE_BOUND('',#8522,.T.);
#8522 = EDGE_LOOP('',(#8523,#8524,#8529,#8530));
#8523 = ORIENTED_EDGE('',*,*,#560,.T.);
#8524 = ORIENTED_EDGE('',*,*,#8525,.F.);
#8525 = EDGE_CURVE('',#8289,#552,#8526,.T.);
#8526 = B_SPLINE_CURVE_WITH_KNOTS('',1,(#8527,#8528),.UNSPECIFIED.,.F.,
  .F.,(2,2),(-0.,1.E-02),.PIECEWISE_BEZIER_KNOTS.);
#8527 = CARTESIAN_POINT('',(-7.801602829231E-02,0.64,0.294071159721));
#8528 = CARTESIAN_POINT('',(-7.801602829231E-02,0.63,0.294071159721));
#8529 = ORIENTED_EDGE('',*,*,#8288,.F.);
#8530 = ORIENTED_EDGE('',*,*,#8506,.T.);
#8531 = B_SPLINE_SURFACE_WITH_KNOTS('',1,1,(
    (#8532,#8533)
    ,(#8534,#8535
    )),.UNSPECIFIED.,.F.,.F.,.F.,(2,2),(2,2),(0.,1.303990742941E-02),(
    -1.E-02,0.),.PIECEWISE_BEZIER_KNOTS.);
#8532 = CARTESIAN_POINT('',(-7.801602829231E-02,0.63,0.294071159721));
#8533 = CARTESIAN_POINT('',(-7.801602829231E-02,0.64,0.294071159721));
#8534 = CARTESIAN_POINT('',(-9.092982161302E-02,0.63,0.295880338495));
#8535 = CARTESIAN_POINT('',(-9.092982161302E-02,0.64,0.295880338495));
#8536 = ADVANCED_FACE('',(#8537),#8547,.F.);
#8537 = FACE_BOUND('',#8538,.F.);
#8538 = EDGE_LOOP('',(#8539,#8540,#8541,#8546));
#8539 = ORIENTED_EDGE('',*,*,#8525,.F.);
#8540 = ORIENTED_EDGE('',*,*,#8295,.T.);
#8541 = ORIENTED_EDGE('',*,*,#8542,.T.);
#8542 = EDGE_CURVE('',#8296,#543,#8543,.T.);
#8543 = B_SPLINE_CURVE_WITH_KNOTS('',1,(#8544,#8545),.UNSPECIFIED.,.F.,
  .F.,(2,2),(-0.,1.E-02),.PIECEWISE_BEZIER_KNOTS.);
#8544 = CARTESIAN_POINT('',(-6.355819446597E-02,0.64,0.279847271425));
#8545 = CARTESIAN_POINT('',(-6.355819446597E-02,0.63,0.279847271425));
#8546 = ORIENTED_EDGE('',*,*,#551,.F.);
#8547 = B_SPLINE_SURFACE_WITH_KNOTS('',3,1,(
    (#8548,#8549)
    ,(#8550,#8551)
    ,(#8552,#8553)
    ,(#8554,#8555
    )),.UNSPECIFIED.,.F.,.F.,.F.,(4,4),(2,2),(9.,10.),(0.,1.),
  .PIECEWISE_BEZIER_KNOTS.);
#8548 = CARTESIAN_POINT('',(-7.801602829231E-02,0.64,0.294071159721));
#8549 = CARTESIAN_POINT('',(-7.801602829231E-02,0.63,0.294071159721));
#8550 = CARTESIAN_POINT('',(-6.837747240823E-02,0.64,0.292729872008));
#8551 = CARTESIAN_POINT('',(-6.837747240823E-02,0.63,0.292729872008));
#8552 = CARTESIAN_POINT('',(-6.355819446597E-02,0.64,0.28798857591));
#8553 = CARTESIAN_POINT('',(-6.355819446597E-02,0.63,0.28798857591));
#8554 = CARTESIAN_POINT('',(-6.355819446597E-02,0.64,0.279847271425));
#8555 = CARTESIAN_POINT('',(-6.355819446597E-02,0.63,0.279847271425));
#8556 = ADVANCED_FACE('',(#8557),#8567,.F.);
#8557 = FACE_BOUND('',#8558,.F.);
#8558 = EDGE_LOOP('',(#8559,#8560,#8561,#8566));
#8559 = ORIENTED_EDGE('',*,*,#8542,.F.);
#8560 = ORIENTED_EDGE('',*,*,#8304,.T.);
#8561 = ORIENTED_EDGE('',*,*,#8562,.T.);
#8562 = EDGE_CURVE('',#8305,#534,#8563,.T.);
#8563 = B_SPLINE_CURVE_WITH_KNOTS('',1,(#8564,#8565),.UNSPECIFIED.,.F.,
  .F.,(2,2),(-0.,1.E-02),.PIECEWISE_BEZIER_KNOTS.);
#8564 = CARTESIAN_POINT('',(-6.730132296481E-02,0.64,0.270583028391));
#8565 = CARTESIAN_POINT('',(-6.730132296481E-02,0.63,0.270583028391));
#8566 = ORIENTED_EDGE('',*,*,#542,.F.);
#8567 = B_SPLINE_SURFACE_WITH_KNOTS('',3,1,(
    (#8568,#8569)
    ,(#8570,#8571)
    ,(#8572,#8573)
    ,(#8574,#8575
    )),.UNSPECIFIED.,.F.,.F.,.F.,(4,4),(2,2),(8.,9.),(0.,1.),
  .PIECEWISE_BEZIER_KNOTS.);
#8568 = CARTESIAN_POINT('',(-6.355819446597E-02,0.64,0.279847271425));
#8569 = CARTESIAN_POINT('',(-6.355819446597E-02,0.63,0.279847271425));
#8570 = CARTESIAN_POINT('',(-6.355819446597E-02,0.64,0.275948179239));
#8571 = CARTESIAN_POINT('',(-6.355819446597E-02,0.63,0.275948179239));
#8572 = CARTESIAN_POINT('',(-6.480590396559E-02,0.64,0.272860098227));
#8573 = CARTESIAN_POINT('',(-6.480590396559E-02,0.63,0.272860098227));
#8574 = CARTESIAN_POINT('',(-6.730132296481E-02,0.64,0.270583028391));
#8575 = CARTESIAN_POINT('',(-6.730132296481E-02,0.63,0.270583028391));
#8576 = ADVANCED_FACE('',(#8577),#8587,.F.);
#8577 = FACE_BOUND('',#8578,.F.);
#8578 = EDGE_LOOP('',(#8579,#8580,#8581,#8586));
#8579 = ORIENTED_EDGE('',*,*,#8562,.F.);
#8580 = ORIENTED_EDGE('',*,*,#8313,.T.);
#8581 = ORIENTED_EDGE('',*,*,#8582,.T.);
#8582 = EDGE_CURVE('',#8314,#525,#8583,.T.);
#8583 = B_SPLINE_CURVE_WITH_KNOTS('',1,(#8584,#8585),.UNSPECIFIED.,.F.,
  .F.,(2,2),(-0.,1.E-02),.PIECEWISE_BEZIER_KNOTS.);
#8584 = CARTESIAN_POINT('',(-7.737657717388E-02,0.64,0.267151827267));
#8585 = CARTESIAN_POINT('',(-7.737657717388E-02,0.63,0.267151827267));
#8586 = ORIENTED_EDGE('',*,*,#533,.F.);
#8587 = B_SPLINE_SURFACE_WITH_KNOTS('',3,1,(
    (#8588,#8589)
    ,(#8590,#8591)
    ,(#8592,#8593)
    ,(#8594,#8595
    )),.UNSPECIFIED.,.F.,.F.,.F.,(4,4),(2,2),(7.,8.),(0.,1.),
  .PIECEWISE_BEZIER_KNOTS.);
#8588 = CARTESIAN_POINT('',(-6.730132296481E-02,0.64,0.270583028391));
#8589 = CARTESIAN_POINT('',(-6.730132296481E-02,0.63,0.270583028391));
#8590 = CARTESIAN_POINT('',(-6.979674196383E-02,0.64,0.268305958554));
#8591 = CARTESIAN_POINT('',(-6.979674196383E-02,0.63,0.268305958554));
#8592 = CARTESIAN_POINT('',(-7.314996124409E-02,0.64,0.267151827267));
#8593 = CARTESIAN_POINT('',(-7.314996124409E-02,0.63,0.267151827267));
#8594 = CARTESIAN_POINT('',(-7.737657717388E-02,0.64,0.267151827267));
#8595 = CARTESIAN_POINT('',(-7.737657717388E-02,0.63,0.267151827267));
#8596 = ADVANCED_FACE('',(#8597),#8607,.F.);
#8597 = FACE_BOUND('',#8598,.F.);
#8598 = EDGE_LOOP('',(#8599,#8600,#8601,#8606));
#8599 = ORIENTED_EDGE('',*,*,#8582,.F.);
#8600 = ORIENTED_EDGE('',*,*,#8322,.T.);
#8601 = ORIENTED_EDGE('',*,*,#8602,.T.);
#8602 = EDGE_CURVE('',#8323,#518,#8603,.T.);
#8603 = B_SPLINE_CURVE_WITH_KNOTS('',1,(#8604,#8605),.UNSPECIFIED.,.F.,
  .F.,(2,2),(-0.,1.E-02),.PIECEWISE_BEZIER_KNOTS.);
#8604 = CARTESIAN_POINT('',(-9.072706881936E-02,0.64,0.274918818902));
#8605 = CARTESIAN_POINT('',(-9.072706881936E-02,0.63,0.274918818902));
#8606 = ORIENTED_EDGE('',*,*,#524,.F.);
#8607 = B_SPLINE_SURFACE_WITH_KNOTS('',3,1,(
    (#8608,#8609)
    ,(#8610,#8611)
    ,(#8612,#8613)
    ,(#8614,#8615
    )),.UNSPECIFIED.,.F.,.F.,.F.,(4,4),(2,2),(6.,7.),(0.,1.),
  .PIECEWISE_BEZIER_KNOTS.);
#8608 = CARTESIAN_POINT('',(-7.737657717388E-02,0.64,0.267151827267));
#8609 = CARTESIAN_POINT('',(-7.737657717388E-02,0.63,0.267151827267));
#8610 = CARTESIAN_POINT('',(-8.325640819061E-02,0.64,0.267151827267));
#8611 = CARTESIAN_POINT('',(-8.325640819061E-02,0.63,0.267151827267));
#8612 = CARTESIAN_POINT('',(-8.771696965172E-02,0.64,0.269740824479));
#8613 = CARTESIAN_POINT('',(-8.771696965172E-02,0.63,0.269740824479));
#8614 = CARTESIAN_POINT('',(-9.072706881936E-02,0.64,0.274918818902));
#8615 = CARTESIAN_POINT('',(-9.072706881936E-02,0.63,0.274918818902));
#8616 = ADVANCED_FACE('',(#8617),#8627,.F.);
#8617 = FACE_BOUND('',#8618,.T.);
#8618 = EDGE_LOOP('',(#8619,#8620,#8625,#8626));
#8619 = ORIENTED_EDGE('',*,*,#517,.T.);
#8620 = ORIENTED_EDGE('',*,*,#8621,.F.);
#8621 = EDGE_CURVE('',#8332,#511,#8622,.T.);
#8622 = B_SPLINE_CURVE_WITH_KNOTS('',1,(#8623,#8624),.UNSPECIFIED.,.F.,
  .F.,(2,2),(-0.,1.E-02),.PIECEWISE_BEZIER_KNOTS.);
#8623 = CARTESIAN_POINT('',(-9.092982161302E-02,0.64,0.274918818902));
#8624 = CARTESIAN_POINT('',(-9.092982161302E-02,0.63,0.274918818902));
#8625 = ORIENTED_EDGE('',*,*,#8331,.F.);
#8626 = ORIENTED_EDGE('',*,*,#8602,.T.);
#8627 = B_SPLINE_SURFACE_WITH_KNOTS('',1,1,(
    (#8628,#8629)
    ,(#8630,#8631
    )),.UNSPECIFIED.,.F.,.F.,.F.,(2,2),(2,2),(0.,2.027527936583E-04),(
    -1.E-02,0.),.PIECEWISE_BEZIER_KNOTS.);
#8628 = CARTESIAN_POINT('',(-9.092982161302E-02,0.63,0.274918818902));
#8629 = CARTESIAN_POINT('',(-9.092982161302E-02,0.64,0.274918818902));
#8630 = CARTESIAN_POINT('',(-9.072706881936E-02,0.63,0.274918818902));
#8631 = CARTESIAN_POINT('',(-9.072706881936E-02,0.64,0.274918818902));
#8632 = ADVANCED_FACE('',(#8633),#8643,.F.);
#8633 = FACE_BOUND('',#8634,.T.);
#8634 = EDGE_LOOP('',(#8635,#8636,#8641,#8642));
#8635 = ORIENTED_EDGE('',*,*,#510,.T.);
#8636 = ORIENTED_EDGE('',*,*,#8637,.F.);
#8637 = EDGE_CURVE('',#8339,#504,#8638,.T.);
#8638 = B_SPLINE_CURVE_WITH_KNOTS('',1,(#8639,#8640),.UNSPECIFIED.,.F.,
  .F.,(2,2),(-0.,1.E-02),.PIECEWISE_BEZIER_KNOTS.);
#8639 = CARTESIAN_POINT('',(-9.092982161302E-02,0.64,0.268181187604));
#8640 = CARTESIAN_POINT('',(-9.092982161302E-02,0.63,0.268181187604));
#8641 = ORIENTED_EDGE('',*,*,#8338,.F.);
#8642 = ORIENTED_EDGE('',*,*,#8621,.T.);
#8643 = B_SPLINE_SURFACE_WITH_KNOTS('',1,1,(
    (#8644,#8645)
    ,(#8646,#8647
    )),.UNSPECIFIED.,.F.,.F.,.F.,(2,2),(2,2),(0.,6.737631297541E-03),(
    -1.E-02,0.),.PIECEWISE_BEZIER_KNOTS.);
#8644 = CARTESIAN_POINT('',(-9.092982161302E-02,0.63,0.268181187604));
#8645 = CARTESIAN_POINT('',(-9.092982161302E-02,0.64,0.268181187604));
#8646 = CARTESIAN_POINT('',(-9.092982161302E-02,0.63,0.274918818902));
#8647 = CARTESIAN_POINT('',(-9.092982161302E-02,0.64,0.274918818902));
#8648 = ADVANCED_FACE('',(#8649),#8659,.F.);
#8649 = FACE_BOUND('',#8650,.T.);
#8650 = EDGE_LOOP('',(#8651,#8652,#8657,#8658));
#8651 = ORIENTED_EDGE('',*,*,#503,.T.);
#8652 = ORIENTED_EDGE('',*,*,#8653,.F.);
#8653 = EDGE_CURVE('',#8346,#497,#8654,.T.);
#8654 = B_SPLINE_CURVE_WITH_KNOTS('',1,(#8655,#8656),.UNSPECIFIED.,.F.,
  .F.,(2,2),(-0.,1.E-02),.PIECEWISE_BEZIER_KNOTS.);
#8655 = CARTESIAN_POINT('',(-9.857204229797E-02,0.64,0.268181187604));
#8656 = CARTESIAN_POINT('',(-9.857204229797E-02,0.63,0.268181187604));
#8657 = ORIENTED_EDGE('',*,*,#8345,.F.);
#8658 = ORIENTED_EDGE('',*,*,#8637,.T.);
#8659 = B_SPLINE_SURFACE_WITH_KNOTS('',1,1,(
    (#8660,#8661)
    ,(#8662,#8663
    )),.UNSPECIFIED.,.F.,.F.,.F.,(2,2),(2,2),(0.,7.642220684954E-03),(
    -1.E-02,0.),.PIECEWISE_BEZIER_KNOTS.);
#8660 = CARTESIAN_POINT('',(-9.857204229797E-02,0.63,0.268181187604));
#8661 = CARTESIAN_POINT('',(-9.857204229797E-02,0.64,0.268181187604));
#8662 = CARTESIAN_POINT('',(-9.092982161302E-02,0.63,0.268181187604));
#8663 = CARTESIAN_POINT('',(-9.092982161302E-02,0.64,0.268181187604));
#8664 = ADVANCED_FACE('',(#8665),#8675,.F.);
#8665 = FACE_BOUND('',#8666,.T.);
#8666 = EDGE_LOOP('',(#8667,#8668,#8673,#8674));
#8667 = ORIENTED_EDGE('',*,*,#496,.T.);
#8668 = ORIENTED_EDGE('',*,*,#8669,.F.);
#8669 = EDGE_CURVE('',#8353,#488,#8670,.T.);
#8670 = B_SPLINE_CURVE_WITH_KNOTS('',1,(#8671,#8672),.UNSPECIFIED.,.F.,
  .F.,(2,2),(-0.,1.E-02),.PIECEWISE_BEZIER_KNOTS.);
#8671 = CARTESIAN_POINT('',(-9.857204229797E-02,0.64,0.296223458607));
#8672 = CARTESIAN_POINT('',(-9.857204229797E-02,0.63,0.296223458607));
#8673 = ORIENTED_EDGE('',*,*,#8352,.F.);
#8674 = ORIENTED_EDGE('',*,*,#8653,.T.);
#8675 = B_SPLINE_SURFACE_WITH_KNOTS('',1,1,(
    (#8676,#8677)
    ,(#8678,#8679
    )),.UNSPECIFIED.,.F.,.F.,.F.,(2,2),(2,2),(0.,2.804227100272E-02),(
    -1.E-02,0.),.PIECEWISE_BEZIER_KNOTS.);
#8676 = CARTESIAN_POINT('',(-9.857204229797E-02,0.63,0.296223458607));
#8677 = CARTESIAN_POINT('',(-9.857204229797E-02,0.64,0.296223458607));
#8678 = CARTESIAN_POINT('',(-9.857204229797E-02,0.63,0.268181187604));
#8679 = CARTESIAN_POINT('',(-9.857204229797E-02,0.64,0.268181187604));
#8680 = ADVANCED_FACE('',(#8681),#8687,.F.);
#8681 = FACE_BOUND('',#8682,.F.);
#8682 = EDGE_LOOP('',(#8683,#8684,#8685,#8686));
#8683 = ORIENTED_EDGE('',*,*,#8669,.F.);
#8684 = ORIENTED_EDGE('',*,*,#8359,.T.);
#8685 = ORIENTED_EDGE('',*,*,#8444,.T.);
#8686 = ORIENTED_EDGE('',*,*,#487,.F.);
#8687 = B_SPLINE_SURFACE_WITH_KNOTS('',3,1,(
    (#8688,#8689)
    ,(#8690,#8691)
    ,(#8692,#8693)
    ,(#8694,#8695
    )),.UNSPECIFIED.,.F.,.F.,.F.,(4,4),(2,2),(1.,2.),(0.,1.),
  .PIECEWISE_BEZIER_KNOTS.);
#8688 = CARTESIAN_POINT('',(-9.857204229797E-02,0.64,0.296223458607));
#8689 = CARTESIAN_POINT('',(-9.857204229797E-02,0.63,0.296223458607));
#8690 = CARTESIAN_POINT('',(-9.857204229797E-02,0.64,0.307265687679));
#8691 = CARTESIAN_POINT('',(-9.857204229797E-02,0.63,0.307265687679));
#8692 = CARTESIAN_POINT('',(-9.331606603095E-02,0.64,0.312755609477));
#8693 = CARTESIAN_POINT('',(-9.331606603095E-02,0.63,0.312755609477));
#8694 = CARTESIAN_POINT('',(-8.281970986584E-02,0.64,0.312755609477));
#8695 = CARTESIAN_POINT('',(-8.281970986584E-02,0.63,0.312755609477));
#8696 = ADVANCED_FACE('',(#8697),#8721,.T.);
#8697 = FACE_BOUND('',#8698,.T.);
#8698 = EDGE_LOOP('',(#8699,#8710,#8715,#8716));
#8699 = ORIENTED_EDGE('',*,*,#8700,.F.);
#8700 = EDGE_CURVE('',#8701,#8703,#8705,.T.);
#8701 = VERTEX_POINT('',#8702);
#8702 = CARTESIAN_POINT('',(-8.072979645393E-02,0.63,0.288674816135));
#8703 = VERTEX_POINT('',#8704);
#8704 = CARTESIAN_POINT('',(-7.333711766902E-02,0.63,0.28599224071));
#8705 = B_SPLINE_CURVE_WITH_KNOTS('',3,(#8706,#8707,#8708,#8709),
  .UNSPECIFIED.,.F.,.F.,(4,4),(0.,1.),.PIECEWISE_BEZIER_KNOTS.);
#8706 = CARTESIAN_POINT('',(-8.072979645393E-02,0.63,0.288674816135));
#8707 = CARTESIAN_POINT('',(-7.71582280115E-02,0.63,0.288175732335));
#8708 = CARTESIAN_POINT('',(-7.469400174972E-02,0.63,0.287302335685));
#8709 = CARTESIAN_POINT('',(-7.333711766902E-02,0.63,0.28599224071));
#8710 = ORIENTED_EDGE('',*,*,#8711,.F.);
#8711 = EDGE_CURVE('',#8380,#8701,#8712,.T.);
#8712 = B_SPLINE_CURVE_WITH_KNOTS('',1,(#8713,#8714),.UNSPECIFIED.,.F.,
  .F.,(2,2),(-0.,1.E-02),.PIECEWISE_BEZIER_KNOTS.);
#8713 = CARTESIAN_POINT('',(-8.072979645393E-02,0.64,0.288674816135));
#8714 = CARTESIAN_POINT('',(-8.072979645393E-02,0.63,0.288674816135));
#8715 = ORIENTED_EDGE('',*,*,#8379,.T.);
#8716 = ORIENTED_EDGE('',*,*,#8717,.T.);
#8717 = EDGE_CURVE('',#8369,#8703,#8718,.T.);
#8718 = B_SPLINE_CURVE_WITH_KNOTS('',1,(#8719,#8720),.UNSPECIFIED.,.F.,
  .F.,(2,2),(-0.,1.E-02),.PIECEWISE_BEZIER_KNOTS.);
#8719 = CARTESIAN_POINT('',(-7.333711766902E-02,0.64,0.28599224071));
#8720 = CARTESIAN_POINT('',(-7.333711766902E-02,0.63,0.28599224071));
#8721 = B_SPLINE_SURFACE_WITH_KNOTS('',3,1,(
    (#8722,#8723)
    ,(#8724,#8725)
    ,(#8726,#8727)
    ,(#8728,#8729
    )),.UNSPECIFIED.,.F.,.F.,.F.,(4,4),(2,2),(0.,1.),(0.,1.),
  .PIECEWISE_BEZIER_KNOTS.);
#8722 = CARTESIAN_POINT('',(-8.072979645393E-02,0.64,0.288674816135));
#8723 = CARTESIAN_POINT('',(-8.072979645393E-02,0.63,0.288674816135));
#8724 = CARTESIAN_POINT('',(-7.71582280115E-02,0.64,0.288175732335));
#8725 = CARTESIAN_POINT('',(-7.71582280115E-02,0.63,0.288175732335));
#8726 = CARTESIAN_POINT('',(-7.469400174972E-02,0.64,0.287302335685));
#8727 = CARTESIAN_POINT('',(-7.469400174972E-02,0.63,0.287302335685));
#8728 = CARTESIAN_POINT('',(-7.333711766902E-02,0.64,0.28599224071));
#8729 = CARTESIAN_POINT('',(-7.333711766902E-02,0.63,0.28599224071));
#8730 = ADVANCED_FACE('',(#8731),#8749,.T.);
#8731 = FACE_BOUND('',#8732,.T.);
#8732 = EDGE_LOOP('',(#8733,#8742,#8743,#8744));
#8733 = ORIENTED_EDGE('',*,*,#8734,.F.);
#8734 = EDGE_CURVE('',#8703,#8735,#8737,.T.);
#8735 = VERTEX_POINT('',#8736);
#8736 = CARTESIAN_POINT('',(-7.130958973222E-02,0.63,0.280471126175));
#8737 = B_SPLINE_CURVE_WITH_KNOTS('',3,(#8738,#8739,#8740,#8741),
  .UNSPECIFIED.,.F.,.F.,(4,4),(1.,2.),.PIECEWISE_BEZIER_KNOTS.);
#8738 = CARTESIAN_POINT('',(-7.333711766902E-02,0.63,0.28599224071));
#8739 = CARTESIAN_POINT('',(-7.199582995683E-02,0.63,0.284682145736));
#8740 = CARTESIAN_POINT('',(-7.130958973222E-02,0.63,0.282841774224));
#8741 = CARTESIAN_POINT('',(-7.130958973222E-02,0.63,0.280471126175));
#8742 = ORIENTED_EDGE('',*,*,#8717,.F.);
#8743 = ORIENTED_EDGE('',*,*,#8368,.T.);
#8744 = ORIENTED_EDGE('',*,*,#8745,.T.);
#8745 = EDGE_CURVE('',#8371,#8735,#8746,.T.);
#8746 = B_SPLINE_CURVE_WITH_KNOTS('',1,(#8747,#8748),.UNSPECIFIED.,.F.,
  .F.,(2,2),(-0.,1.E-02),.PIECEWISE_BEZIER_KNOTS.);
#8747 = CARTESIAN_POINT('',(-7.130958973222E-02,0.64,0.280471126175));
#8748 = CARTESIAN_POINT('',(-7.130958973222E-02,0.63,0.280471126175));
#8749 = B_SPLINE_SURFACE_WITH_KNOTS('',3,1,(
    (#8750,#8751)
    ,(#8752,#8753)
    ,(#8754,#8755)
    ,(#8756,#8757
    )),.UNSPECIFIED.,.F.,.F.,.F.,(4,4),(2,2),(1.,2.),(0.,1.),
  .PIECEWISE_BEZIER_KNOTS.);
#8750 = CARTESIAN_POINT('',(-7.333711766902E-02,0.64,0.28599224071));
#8751 = CARTESIAN_POINT('',(-7.333711766902E-02,0.63,0.28599224071));
#8752 = CARTESIAN_POINT('',(-7.199582995683E-02,0.64,0.284682145736));
#8753 = CARTESIAN_POINT('',(-7.199582995683E-02,0.63,0.284682145736));
#8754 = CARTESIAN_POINT('',(-7.130958973222E-02,0.64,0.282841774224));
#8755 = CARTESIAN_POINT('',(-7.130958973222E-02,0.63,0.282841774224));
#8756 = CARTESIAN_POINT('',(-7.130958973222E-02,0.64,0.280471126175));
#8757 = CARTESIAN_POINT('',(-7.130958973222E-02,0.63,0.280471126175));
#8758 = ADVANCED_FACE('',(#8759),#8777,.T.);
#8759 = FACE_BOUND('',#8760,.T.);
#8760 = EDGE_LOOP('',(#8761,#8770,#8771,#8772));
#8761 = ORIENTED_EDGE('',*,*,#8762,.F.);
#8762 = EDGE_CURVE('',#8735,#8763,#8765,.T.);
#8763 = VERTEX_POINT('',#8764);
#8764 = CARTESIAN_POINT('',(-7.352427409395E-02,0.63,0.275386709964));
#8765 = B_SPLINE_CURVE_WITH_KNOTS('',3,(#8766,#8767,#8768,#8769),
  .UNSPECIFIED.,.F.,.F.,(4,4),(2.,3.),.PIECEWISE_BEZIER_KNOTS.);
#8766 = CARTESIAN_POINT('',(-7.130958973222E-02,0.63,0.280471126175));
#8767 = CARTESIAN_POINT('',(-7.130958973222E-02,0.63,0.278381212763));
#8768 = CARTESIAN_POINT('',(-7.204261906322E-02,0.63,0.276696804939));
#8769 = CARTESIAN_POINT('',(-7.352427409395E-02,0.63,0.275386709964));
#8770 = ORIENTED_EDGE('',*,*,#8745,.F.);
#8771 = ORIENTED_EDGE('',*,*,#8429,.T.);
#8772 = ORIENTED_EDGE('',*,*,#8773,.T.);
#8773 = EDGE_CURVE('',#8421,#8763,#8774,.T.);
#8774 = B_SPLINE_CURVE_WITH_KNOTS('',1,(#8775,#8776),.UNSPECIFIED.,.F.,
  .F.,(2,2),(-0.,1.E-02),.PIECEWISE_BEZIER_KNOTS.);
#8775 = CARTESIAN_POINT('',(-7.352427409395E-02,0.64,0.275386709964));
#8776 = CARTESIAN_POINT('',(-7.352427409395E-02,0.63,0.275386709964));
#8777 = B_SPLINE_SURFACE_WITH_KNOTS('',3,1,(
    (#8778,#8779)
    ,(#8780,#8781)
    ,(#8782,#8783)
    ,(#8784,#8785
    )),.UNSPECIFIED.,.F.,.F.,.F.,(4,4),(2,2),(2.,3.),(0.,1.),
  .PIECEWISE_BEZIER_KNOTS.);
#8778 = CARTESIAN_POINT('',(-7.130958973222E-02,0.64,0.280471126175));
#8779 = CARTESIAN_POINT('',(-7.130958973222E-02,0.63,0.280471126175));
#8780 = CARTESIAN_POINT('',(-7.130958973222E-02,0.64,0.278381212763));
#8781 = CARTESIAN_POINT('',(-7.130958973222E-02,0.63,0.278381212763));
#8782 = CARTESIAN_POINT('',(-7.204261906322E-02,0.64,0.276696804939));
#8783 = CARTESIAN_POINT('',(-7.204261906322E-02,0.63,0.276696804939));
#8784 = CARTESIAN_POINT('',(-7.352427409395E-02,0.64,0.275386709964));
#8785 = CARTESIAN_POINT('',(-7.352427409395E-02,0.63,0.275386709964));
#8786 = ADVANCED_FACE('',(#8787),#8805,.T.);
#8787 = FACE_BOUND('',#8788,.T.);
#8788 = EDGE_LOOP('',(#8789,#8798,#8799,#8800));
#8789 = ORIENTED_EDGE('',*,*,#8790,.F.);
#8790 = EDGE_CURVE('',#8763,#8791,#8793,.T.);
#8791 = VERTEX_POINT('',#8792);
#8792 = CARTESIAN_POINT('',(-7.93573160045E-02,0.63,0.273421567502));
#8793 = B_SPLINE_CURVE_WITH_KNOTS('',3,(#8794,#8795,#8796,#8797),
  .UNSPECIFIED.,.F.,.F.,(4,4),(3.,4.),.PIECEWISE_BEZIER_KNOTS.);
#8794 = CARTESIAN_POINT('',(-7.352427409395E-02,0.63,0.275386709964));
#8795 = CARTESIAN_POINT('',(-7.499033275595E-02,0.63,0.27407661499));
#8796 = CARTESIAN_POINT('',(-7.69398788489E-02,0.63,0.273421567502));
#8797 = CARTESIAN_POINT('',(-7.93573160045E-02,0.63,0.273421567502));
#8798 = ORIENTED_EDGE('',*,*,#8773,.F.);
#8799 = ORIENTED_EDGE('',*,*,#8420,.T.);
#8800 = ORIENTED_EDGE('',*,*,#8801,.T.);
#8801 = EDGE_CURVE('',#8412,#8791,#8802,.T.);
#8802 = B_SPLINE_CURVE_WITH_KNOTS('',1,(#8803,#8804),.UNSPECIFIED.,.F.,
  .F.,(2,2),(-0.,1.E-02),.PIECEWISE_BEZIER_KNOTS.);
#8803 = CARTESIAN_POINT('',(-7.93573160045E-02,0.64,0.273421567502));
#8804 = CARTESIAN_POINT('',(-7.93573160045E-02,0.63,0.273421567502));
#8805 = B_SPLINE_SURFACE_WITH_KNOTS('',3,1,(
    (#8806,#8807)
    ,(#8808,#8809)
    ,(#8810,#8811)
    ,(#8812,#8813
    )),.UNSPECIFIED.,.F.,.F.,.F.,(4,4),(2,2),(3.,4.),(0.,1.),
  .PIECEWISE_BEZIER_KNOTS.);
#8806 = CARTESIAN_POINT('',(-7.352427409395E-02,0.64,0.275386709964));
#8807 = CARTESIAN_POINT('',(-7.352427409395E-02,0.63,0.275386709964));
#8808 = CARTESIAN_POINT('',(-7.499033275595E-02,0.64,0.27407661499));
#8809 = CARTESIAN_POINT('',(-7.499033275595E-02,0.63,0.27407661499));
#8810 = CARTESIAN_POINT('',(-7.69398788489E-02,0.64,0.273421567502));
#8811 = CARTESIAN_POINT('',(-7.69398788489E-02,0.63,0.273421567502));
#8812 = CARTESIAN_POINT('',(-7.93573160045E-02,0.64,0.273421567502));
#8813 = CARTESIAN_POINT('',(-7.93573160045E-02,0.63,0.273421567502));
#8814 = ADVANCED_FACE('',(#8815),#8833,.T.);
#8815 = FACE_BOUND('',#8816,.T.);
#8816 = EDGE_LOOP('',(#8817,#8826,#8827,#8828));
#8817 = ORIENTED_EDGE('',*,*,#8818,.F.);
#8818 = EDGE_CURVE('',#8791,#8819,#8821,.T.);
#8819 = VERTEX_POINT('',#8820);
#8820 = CARTESIAN_POINT('',(-8.765458417661E-02,0.63,0.276977539576));
#8821 = B_SPLINE_CURVE_WITH_KNOTS('',3,(#8822,#8823,#8824,#8825),
  .UNSPECIFIED.,.F.,.F.,(4,4),(4.,5.),.PIECEWISE_BEZIER_KNOTS.);
#8822 = CARTESIAN_POINT('',(-7.93573160045E-02,0.63,0.273421567502));
#8823 = CARTESIAN_POINT('',(-8.271053528454E-02,0.63,0.273421567502));
#8824 = CARTESIAN_POINT('',(-8.548668892106E-02,0.63,0.274606891527));
#8825 = CARTESIAN_POINT('',(-8.765458417661E-02,0.63,0.276977539576));
#8826 = ORIENTED_EDGE('',*,*,#8801,.F.);
#8827 = ORIENTED_EDGE('',*,*,#8411,.T.);
#8828 = ORIENTED_EDGE('',*,*,#8829,.T.);
#8829 = EDGE_CURVE('',#8403,#8819,#8830,.T.);
#8830 = B_SPLINE_CURVE_WITH_KNOTS('',1,(#8831,#8832),.UNSPECIFIED.,.F.,
  .F.,(2,2),(-0.,1.E-02),.PIECEWISE_BEZIER_KNOTS.);
#8831 = CARTESIAN_POINT('',(-8.765458417661E-02,0.64,0.276977539576));
#8832 = CARTESIAN_POINT('',(-8.765458417661E-02,0.63,0.276977539576));
#8833 = B_SPLINE_SURFACE_WITH_KNOTS('',3,1,(
    (#8834,#8835)
    ,(#8836,#8837)
    ,(#8838,#8839)
    ,(#8840,#8841
    )),.UNSPECIFIED.,.F.,.F.,.F.,(4,4),(2,2),(4.,5.),(0.,1.),
  .PIECEWISE_BEZIER_KNOTS.);
#8834 = CARTESIAN_POINT('',(-7.93573160045E-02,0.64,0.273421567502));
#8835 = CARTESIAN_POINT('',(-7.93573160045E-02,0.63,0.273421567502));
#8836 = CARTESIAN_POINT('',(-8.271053528454E-02,0.64,0.273421567502));
#8837 = CARTESIAN_POINT('',(-8.271053528454E-02,0.63,0.273421567502));
#8838 = CARTESIAN_POINT('',(-8.548668892106E-02,0.64,0.274606891527));
#8839 = CARTESIAN_POINT('',(-8.548668892106E-02,0.63,0.274606891527));
#8840 = CARTESIAN_POINT('',(-8.765458417661E-02,0.64,0.276977539576));
#8841 = CARTESIAN_POINT('',(-8.765458417661E-02,0.63,0.276977539576));
#8842 = ADVANCED_FACE('',(#8843),#8861,.T.);
#8843 = FACE_BOUND('',#8844,.T.);
#8844 = EDGE_LOOP('',(#8845,#8854,#8855,#8856));
#8845 = ORIENTED_EDGE('',*,*,#8846,.F.);
#8846 = EDGE_CURVE('',#8819,#8847,#8849,.T.);
#8847 = VERTEX_POINT('',#8848);
#8848 = CARTESIAN_POINT('',(-9.092982161302E-02,0.63,0.285867469761));
#8849 = B_SPLINE_CURVE_WITH_KNOTS('',3,(#8850,#8851,#8852,#8853),
  .UNSPECIFIED.,.F.,.F.,(4,4),(5.,6.),.PIECEWISE_BEZIER_KNOTS.);
#8850 = CARTESIAN_POINT('',(-8.765458417661E-02,0.63,0.276977539576));
#8851 = CARTESIAN_POINT('',(-8.983807580088E-02,0.63,0.279316994888));
#8852 = CARTESIAN_POINT('',(-9.092982161302E-02,0.63,0.282280304949));
#8853 = CARTESIAN_POINT('',(-9.092982161302E-02,0.63,0.285867469761));
#8854 = ORIENTED_EDGE('',*,*,#8829,.F.);
#8855 = ORIENTED_EDGE('',*,*,#8402,.T.);
#8856 = ORIENTED_EDGE('',*,*,#8857,.T.);
#8857 = EDGE_CURVE('',#8396,#8847,#8858,.T.);
#8858 = B_SPLINE_CURVE_WITH_KNOTS('',1,(#8859,#8860),.UNSPECIFIED.,.F.,
  .F.,(2,2),(-0.,1.E-02),.PIECEWISE_BEZIER_KNOTS.);
#8859 = CARTESIAN_POINT('',(-9.092982161302E-02,0.64,0.285867469761));
#8860 = CARTESIAN_POINT('',(-9.092982161302E-02,0.63,0.285867469761));
#8861 = B_SPLINE_SURFACE_WITH_KNOTS('',3,1,(
    (#8862,#8863)
    ,(#8864,#8865)
    ,(#8866,#8867)
    ,(#8868,#8869
    )),.UNSPECIFIED.,.F.,.F.,.F.,(4,4),(2,2),(5.,6.),(0.,1.),
  .PIECEWISE_BEZIER_KNOTS.);
#8862 = CARTESIAN_POINT('',(-8.765458417661E-02,0.64,0.276977539576));
#8863 = CARTESIAN_POINT('',(-8.765458417661E-02,0.63,0.276977539576));
#8864 = CARTESIAN_POINT('',(-8.983807580088E-02,0.64,0.279316994888));
#8865 = CARTESIAN_POINT('',(-8.983807580088E-02,0.63,0.279316994888));
#8866 = CARTESIAN_POINT('',(-9.092982161302E-02,0.64,0.282280304949));
#8867 = CARTESIAN_POINT('',(-9.092982161302E-02,0.63,0.282280304949));
#8868 = CARTESIAN_POINT('',(-9.092982161302E-02,0.64,0.285867469761));
#8869 = CARTESIAN_POINT('',(-9.092982161302E-02,0.63,0.285867469761));
#8870 = ADVANCED_FACE('',(#8871),#8887,.T.);
#8871 = FACE_BOUND('',#8872,.T.);
#8872 = EDGE_LOOP('',(#8873,#8880,#8881,#8882));
#8873 = ORIENTED_EDGE('',*,*,#8874,.F.);
#8874 = EDGE_CURVE('',#8847,#8875,#8877,.T.);
#8875 = VERTEX_POINT('',#8876);
#8876 = CARTESIAN_POINT('',(-9.092982161302E-02,0.63,0.290047296584));
#8877 = B_SPLINE_CURVE_WITH_KNOTS('',1,(#8878,#8879),.UNSPECIFIED.,.F.,
  .F.,(2,2),(5.551115123126E-17,4.179826823819E-03),
  .PIECEWISE_BEZIER_KNOTS.);
#8878 = CARTESIAN_POINT('',(-9.092982161302E-02,0.63,0.285867469761));
#8879 = CARTESIAN_POINT('',(-9.092982161302E-02,0.63,0.290047296584));
#8880 = ORIENTED_EDGE('',*,*,#8857,.F.);
#8881 = ORIENTED_EDGE('',*,*,#8395,.T.);
#8882 = ORIENTED_EDGE('',*,*,#8883,.T.);
#8883 = EDGE_CURVE('',#8389,#8875,#8884,.T.);
#8884 = B_SPLINE_CURVE_WITH_KNOTS('',1,(#8885,#8886),.UNSPECIFIED.,.F.,
  .F.,(2,2),(-0.,1.E-02),.PIECEWISE_BEZIER_KNOTS.);
#8885 = CARTESIAN_POINT('',(-9.092982161302E-02,0.64,0.290047296584));
#8886 = CARTESIAN_POINT('',(-9.092982161302E-02,0.63,0.290047296584));
#8887 = B_SPLINE_SURFACE_WITH_KNOTS('',1,1,(
    (#8888,#8889)
    ,(#8890,#8891
    )),.UNSPECIFIED.,.F.,.F.,.F.,(2,2),(2,2),(-4.179826823819E-03,0.),(
    -1.E-02,0.),.PIECEWISE_BEZIER_KNOTS.);
#8888 = CARTESIAN_POINT('',(-9.092982161302E-02,0.63,0.290047296584));
#8889 = CARTESIAN_POINT('',(-9.092982161302E-02,0.64,0.290047296584));
#8890 = CARTESIAN_POINT('',(-9.092982161302E-02,0.63,0.285867469761));
#8891 = CARTESIAN_POINT('',(-9.092982161302E-02,0.64,0.285867469761));
#8892 = ADVANCED_FACE('',(#8893),#8903,.T.);
#8893 = FACE_BOUND('',#8894,.T.);
#8894 = EDGE_LOOP('',(#8895,#8900,#8901,#8902));
#8895 = ORIENTED_EDGE('',*,*,#8896,.F.);
#8896 = EDGE_CURVE('',#8875,#8701,#8897,.T.);
#8897 = B_SPLINE_CURVE_WITH_KNOTS('',1,(#8898,#8899),.UNSPECIFIED.,.F.,
  .F.,(2,2),(0.,1.029194907832E-02),.PIECEWISE_BEZIER_KNOTS.);
#8898 = CARTESIAN_POINT('',(-9.092982161302E-02,0.63,0.290047296584));
#8899 = CARTESIAN_POINT('',(-8.072979645393E-02,0.63,0.288674816135));
#8900 = ORIENTED_EDGE('',*,*,#8883,.F.);
#8901 = ORIENTED_EDGE('',*,*,#8388,.T.);
#8902 = ORIENTED_EDGE('',*,*,#8711,.T.);
#8903 = B_SPLINE_SURFACE_WITH_KNOTS('',1,1,(
    (#8904,#8905)
    ,(#8906,#8907
    )),.UNSPECIFIED.,.F.,.F.,.F.,(2,2),(2,2),(-1.029194907832E-02,0.),(
    -1.E-02,0.),.PIECEWISE_BEZIER_KNOTS.);
#8904 = CARTESIAN_POINT('',(-8.072979645393E-02,0.63,0.288674816135));
#8905 = CARTESIAN_POINT('',(-8.072979645393E-02,0.64,0.288674816135));
#8906 = CARTESIAN_POINT('',(-9.092982161302E-02,0.63,0.290047296584));
#8907 = CARTESIAN_POINT('',(-9.092982161302E-02,0.64,0.290047296584));
#8908 = ADVANCED_FACE('',(#8909),#8919,.T.);
#8909 = FACE_BOUND('',#8910,.T.);
#8910 = EDGE_LOOP('',(#8911,#8912,#8913,#8914,#8915,#8916,#8917,#8918));
#8911 = ORIENTED_EDGE('',*,*,#8700,.T.);
#8912 = ORIENTED_EDGE('',*,*,#8734,.T.);
#8913 = ORIENTED_EDGE('',*,*,#8762,.T.);
#8914 = ORIENTED_EDGE('',*,*,#8790,.T.);
#8915 = ORIENTED_EDGE('',*,*,#8818,.T.);
#8916 = ORIENTED_EDGE('',*,*,#8846,.T.);
#8917 = ORIENTED_EDGE('',*,*,#8874,.T.);
#8918 = ORIENTED_EDGE('',*,*,#8896,.T.);
#8919 = B_SPLINE_SURFACE_WITH_KNOTS('',1,1,(
    (#8920,#8921)
    ,(#8922,#8923
    )),.UNSPECIFIED.,.F.,.F.,.F.,(2,2),(2,2),(-1.006578532498,
    -0.989952803416),(0.809070178387,0.828690410268),
  .PIECEWISE_BEZIER_KNOTS.);
#8920 = CARTESIAN_POINT('',(-9.092982161302E-02,0.63,0.273421567502));
#8921 = CARTESIAN_POINT('',(-7.130958973222E-02,0.63,0.273421567502));
#8922 = CARTESIAN_POINT('',(-9.092982161302E-02,0.63,0.290047296584));
#8923 = CARTESIAN_POINT('',(-7.130958973222E-02,0.63,0.290047296584));
#8924 = ADVANCED_FACE('',(#8925),#8949,.F.);
#8925 = FACE_BOUND('',#8926,.F.);
#8926 = EDGE_LOOP('',(#8927,#8934,#8943,#8948));
#8927 = ORIENTED_EDGE('',*,*,#8928,.F.);
#8928 = EDGE_CURVE('',#8929,#292,#8931,.T.);
#8929 = VERTEX_POINT('',#8930);
#8930 = CARTESIAN_POINT('',(-0.121498704353,0.64,0.273390374765));
#8931 = B_SPLINE_CURVE_WITH_KNOTS('',1,(#8932,#8933),.UNSPECIFIED.,.F.,
  .F.,(2,2),(-0.,1.E-02),.PIECEWISE_BEZIER_KNOTS.);
#8932 = CARTESIAN_POINT('',(-0.121498704353,0.64,0.273390374765));
#8933 = CARTESIAN_POINT('',(-0.121498704353,0.63,0.273390374765));
#8934 = ORIENTED_EDGE('',*,*,#8935,.T.);
#8935 = EDGE_CURVE('',#8929,#8936,#8938,.T.);
#8936 = VERTEX_POINT('',#8937);
#8937 = CARTESIAN_POINT('',(-0.108928031145,0.64,0.277601394326));
#8938 = B_SPLINE_CURVE_WITH_KNOTS('',3,(#8939,#8940,#8941,#8942),
  .UNSPECIFIED.,.F.,.F.,(4,4),(0.,1.),.PIECEWISE_BEZIER_KNOTS.);
#8939 = CARTESIAN_POINT('',(-0.121498704353,0.64,0.273390374765));
#8940 = CARTESIAN_POINT('',(-0.117006950154,0.64,0.273390374765));
#8941 = CARTESIAN_POINT('',(-0.112827123331,0.64,0.274794047952));
#8942 = CARTESIAN_POINT('',(-0.108928031145,0.64,0.277601394326));
#8943 = ORIENTED_EDGE('',*,*,#8944,.T.);
#8944 = EDGE_CURVE('',#8936,#283,#8945,.T.);
#8945 = B_SPLINE_CURVE_WITH_KNOTS('',1,(#8946,#8947),.UNSPECIFIED.,.F.,
  .F.,(2,2),(-0.,1.E-02),.PIECEWISE_BEZIER_KNOTS.);
#8946 = CARTESIAN_POINT('',(-0.108928031145,0.64,0.277601394326));
#8947 = CARTESIAN_POINT('',(-0.108928031145,0.63,0.277601394326));
#8948 = ORIENTED_EDGE('',*,*,#291,.F.);
#8949 = B_SPLINE_SURFACE_WITH_KNOTS('',3,1,(
    (#8950,#8951)
    ,(#8952,#8953)
    ,(#8954,#8955)
    ,(#8956,#8957
    )),.UNSPECIFIED.,.F.,.F.,.F.,(4,4),(2,2),(0.,1.),(0.,1.),
  .PIECEWISE_BEZIER_KNOTS.);
#8950 = CARTESIAN_POINT('',(-0.121498704353,0.64,0.273390374765));
#8951 = CARTESIAN_POINT('',(-0.121498704353,0.63,0.273390374765));
#8952 = CARTESIAN_POINT('',(-0.117006950154,0.64,0.273390374765));
#8953 = CARTESIAN_POINT('',(-0.117006950154,0.63,0.273390374765));
#8954 = CARTESIAN_POINT('',(-0.112827123331,0.64,0.274794047952));
#8955 = CARTESIAN_POINT('',(-0.112827123331,0.63,0.274794047952));
#8956 = CARTESIAN_POINT('',(-0.108928031145,0.64,0.277601394326));
#8957 = CARTESIAN_POINT('',(-0.108928031145,0.63,0.277601394326));
#8958 = ADVANCED_FACE('',(#8959),#8975,.F.);
#8959 = FACE_BOUND('',#8960,.T.);
#8960 = EDGE_LOOP('',(#8961,#8962,#8969,#8974));
#8961 = ORIENTED_EDGE('',*,*,#282,.T.);
#8962 = ORIENTED_EDGE('',*,*,#8963,.F.);
#8963 = EDGE_CURVE('',#8964,#285,#8966,.T.);
#8964 = VERTEX_POINT('',#8965);
#8965 = CARTESIAN_POINT('',(-0.108928031145,0.64,0.269709631741));
#8966 = B_SPLINE_CURVE_WITH_KNOTS('',1,(#8967,#8968),.UNSPECIFIED.,.F.,
  .F.,(2,2),(-0.,1.E-02),.PIECEWISE_BEZIER_KNOTS.);
#8967 = CARTESIAN_POINT('',(-0.108928031145,0.64,0.269709631741));
#8968 = CARTESIAN_POINT('',(-0.108928031145,0.63,0.269709631741));
#8969 = ORIENTED_EDGE('',*,*,#8970,.F.);
#8970 = EDGE_CURVE('',#8936,#8964,#8971,.T.);
#8971 = B_SPLINE_CURVE_WITH_KNOTS('',1,(#8972,#8973),.UNSPECIFIED.,.F.,
  .F.,(2,2),(-7.891762584584E-03,-0.),.PIECEWISE_BEZIER_KNOTS.);
#8972 = CARTESIAN_POINT('',(-0.108928031145,0.64,0.277601394326));
#8973 = CARTESIAN_POINT('',(-0.108928031145,0.64,0.269709631741));
#8974 = ORIENTED_EDGE('',*,*,#8944,.T.);
#8975 = B_SPLINE_SURFACE_WITH_KNOTS('',1,1,(
    (#8976,#8977)
    ,(#8978,#8979
    )),.UNSPECIFIED.,.F.,.F.,.F.,(2,2),(2,2),(0.,7.891762584584E-03),(
    -1.E-02,0.),.PIECEWISE_BEZIER_KNOTS.);
#8976 = CARTESIAN_POINT('',(-0.108928031145,0.63,0.269709631741));
#8977 = CARTESIAN_POINT('',(-0.108928031145,0.64,0.269709631741));
#8978 = CARTESIAN_POINT('',(-0.108928031145,0.63,0.277601394326));
#8979 = CARTESIAN_POINT('',(-0.108928031145,0.64,0.277601394326));
#8980 = ADVANCED_FACE('',(#8981),#8999,.F.);
#8981 = FACE_BOUND('',#8982,.F.);
#8982 = EDGE_LOOP('',(#8983,#8984,#8993,#8998));
#8983 = ORIENTED_EDGE('',*,*,#8963,.F.);
#8984 = ORIENTED_EDGE('',*,*,#8985,.T.);
#8985 = EDGE_CURVE('',#8964,#8986,#8988,.T.);
#8986 = VERTEX_POINT('',#8987);
#8987 = CARTESIAN_POINT('',(-0.120750078653,0.64,0.267151827267));
#8988 = B_SPLINE_CURVE_WITH_KNOTS('',3,(#8989,#8990,#8991,#8992),
  .UNSPECIFIED.,.F.,.F.,(4,4),(19.,20.),.PIECEWISE_BEZIER_KNOTS.);
#8989 = CARTESIAN_POINT('',(-0.108928031145,0.64,0.269709631741));
#8990 = CARTESIAN_POINT('',(-0.112296846793,0.64,0.268025223917));
#8991 = CARTESIAN_POINT('',(-0.116227131717,0.64,0.267151827267));
#8992 = CARTESIAN_POINT('',(-0.120750078653,0.64,0.267151827267));
#8993 = ORIENTED_EDGE('',*,*,#8994,.T.);
#8994 = EDGE_CURVE('',#8986,#452,#8995,.T.);
#8995 = B_SPLINE_CURVE_WITH_KNOTS('',1,(#8996,#8997),.UNSPECIFIED.,.F.,
  .F.,(2,2),(-0.,1.E-02),.PIECEWISE_BEZIER_KNOTS.);
#8996 = CARTESIAN_POINT('',(-0.120750078653,0.64,0.267151827267));
#8997 = CARTESIAN_POINT('',(-0.120750078653,0.63,0.267151827267));
#8998 = ORIENTED_EDGE('',*,*,#460,.F.);
#8999 = B_SPLINE_SURFACE_WITH_KNOTS('',3,1,(
    (#9000,#9001)
    ,(#9002,#9003)
    ,(#9004,#9005)
    ,(#9006,#9007
    )),.UNSPECIFIED.,.F.,.F.,.F.,(4,4),(2,2),(19.,20.),(0.,1.),
  .PIECEWISE_BEZIER_KNOTS.);
#9000 = CARTESIAN_POINT('',(-0.108928031145,0.64,0.269709631741));
#9001 = CARTESIAN_POINT('',(-0.108928031145,0.63,0.269709631741));
#9002 = CARTESIAN_POINT('',(-0.112296846793,0.64,0.268025223917));
#9003 = CARTESIAN_POINT('',(-0.112296846793,0.63,0.268025223917));
#9004 = CARTESIAN_POINT('',(-0.116227131717,0.64,0.267151827267));
#9005 = CARTESIAN_POINT('',(-0.116227131717,0.63,0.267151827267));
#9006 = CARTESIAN_POINT('',(-0.120750078653,0.64,0.267151827267));
#9007 = CARTESIAN_POINT('',(-0.120750078653,0.63,0.267151827267));
#9008 = ADVANCED_FACE('',(#9009),#9027,.F.);
#9009 = FACE_BOUND('',#9010,.F.);
#9010 = EDGE_LOOP('',(#9011,#9012,#9021,#9026));
#9011 = ORIENTED_EDGE('',*,*,#8994,.F.);
#9012 = ORIENTED_EDGE('',*,*,#9013,.T.);
#9013 = EDGE_CURVE('',#8986,#9014,#9016,.T.);
#9014 = VERTEX_POINT('',#9015);
#9015 = CARTESIAN_POINT('',(-0.133445522811,0.64,0.270614221128));
#9016 = B_SPLINE_CURVE_WITH_KNOTS('',3,(#9017,#9018,#9019,#9020),
  .UNSPECIFIED.,.F.,.F.,(4,4),(18.,19.),.PIECEWISE_BEZIER_KNOTS.);
#9017 = CARTESIAN_POINT('',(-0.120750078653,0.64,0.267151827267));
#9018 = CARTESIAN_POINT('',(-0.125943669445,0.64,0.267151827267));
#9019 = CARTESIAN_POINT('',(-0.130185881744,0.64,0.268305958554));
#9020 = CARTESIAN_POINT('',(-0.133445522811,0.64,0.270614221128));
#9021 = ORIENTED_EDGE('',*,*,#9022,.T.);
#9022 = EDGE_CURVE('',#9014,#443,#9023,.T.);
#9023 = B_SPLINE_CURVE_WITH_KNOTS('',1,(#9024,#9025),.UNSPECIFIED.,.F.,
  .F.,(2,2),(-0.,1.E-02),.PIECEWISE_BEZIER_KNOTS.);
#9024 = CARTESIAN_POINT('',(-0.133445522811,0.64,0.270614221128));
#9025 = CARTESIAN_POINT('',(-0.133445522811,0.63,0.270614221128));
#9026 = ORIENTED_EDGE('',*,*,#451,.F.);
#9027 = B_SPLINE_SURFACE_WITH_KNOTS('',3,1,(
    (#9028,#9029)
    ,(#9030,#9031)
    ,(#9032,#9033)
    ,(#9034,#9035
    )),.UNSPECIFIED.,.F.,.F.,.F.,(4,4),(2,2),(18.,19.),(0.,1.),
  .PIECEWISE_BEZIER_KNOTS.);
#9028 = CARTESIAN_POINT('',(-0.120750078653,0.64,0.267151827267));
#9029 = CARTESIAN_POINT('',(-0.120750078653,0.63,0.267151827267));
#9030 = CARTESIAN_POINT('',(-0.125943669445,0.64,0.267151827267));
#9031 = CARTESIAN_POINT('',(-0.125943669445,0.63,0.267151827267));
#9032 = CARTESIAN_POINT('',(-0.130185881744,0.64,0.268305958554));
#9033 = CARTESIAN_POINT('',(-0.130185881744,0.63,0.268305958554));
#9034 = CARTESIAN_POINT('',(-0.133445522811,0.64,0.270614221128));
#9035 = CARTESIAN_POINT('',(-0.133445522811,0.63,0.270614221128));
#9036 = ADVANCED_FACE('',(#9037),#9055,.F.);
#9037 = FACE_BOUND('',#9038,.F.);
#9038 = EDGE_LOOP('',(#9039,#9040,#9049,#9054));
#9039 = ORIENTED_EDGE('',*,*,#9022,.F.);
#9040 = ORIENTED_EDGE('',*,*,#9041,.T.);
#9041 = EDGE_CURVE('',#9014,#9042,#9044,.T.);
#9042 = VERTEX_POINT('',#9043);
#9043 = CARTESIAN_POINT('',(-0.138358378966,0.64,0.28003442785));
#9044 = B_SPLINE_CURVE_WITH_KNOTS('',3,(#9045,#9046,#9047,#9048),
  .UNSPECIFIED.,.F.,.F.,(4,4),(17.,18.),.PIECEWISE_BEZIER_KNOTS.);
#9045 = CARTESIAN_POINT('',(-0.133445522811,0.64,0.270614221128));
#9046 = CARTESIAN_POINT('',(-0.136720760248,0.64,0.272891290965));
#9047 = CARTESIAN_POINT('',(-0.138358378966,0.64,0.276041757451));
#9048 = CARTESIAN_POINT('',(-0.138358378966,0.64,0.28003442785));
#9049 = ORIENTED_EDGE('',*,*,#9050,.T.);
#9050 = EDGE_CURVE('',#9042,#434,#9051,.T.);
#9051 = B_SPLINE_CURVE_WITH_KNOTS('',1,(#9052,#9053),.UNSPECIFIED.,.F.,
  .F.,(2,2),(-0.,1.E-02),.PIECEWISE_BEZIER_KNOTS.);
#9052 = CARTESIAN_POINT('',(-0.138358378966,0.64,0.28003442785));
#9053 = CARTESIAN_POINT('',(-0.138358378966,0.63,0.28003442785));
#9054 = ORIENTED_EDGE('',*,*,#442,.F.);
#9055 = B_SPLINE_SURFACE_WITH_KNOTS('',3,1,(
    (#9056,#9057)
    ,(#9058,#9059)
    ,(#9060,#9061)
    ,(#9062,#9063
    )),.UNSPECIFIED.,.F.,.F.,.F.,(4,4),(2,2),(17.,18.),(0.,1.),
  .PIECEWISE_BEZIER_KNOTS.);
#9056 = CARTESIAN_POINT('',(-0.133445522811,0.64,0.270614221128));
#9057 = CARTESIAN_POINT('',(-0.133445522811,0.63,0.270614221128));
#9058 = CARTESIAN_POINT('',(-0.136720760248,0.64,0.272891290965));
#9059 = CARTESIAN_POINT('',(-0.136720760248,0.63,0.272891290965));
#9060 = CARTESIAN_POINT('',(-0.138358378966,0.64,0.276041757451));
#9061 = CARTESIAN_POINT('',(-0.138358378966,0.63,0.276041757451));
#9062 = CARTESIAN_POINT('',(-0.138358378966,0.64,0.28003442785));
#9063 = CARTESIAN_POINT('',(-0.138358378966,0.63,0.28003442785));
#9064 = ADVANCED_FACE('',(#9065),#9083,.F.);
#9065 = FACE_BOUND('',#9066,.F.);
#9066 = EDGE_LOOP('',(#9067,#9068,#9077,#9082));
#9067 = ORIENTED_EDGE('',*,*,#9050,.F.);
#9068 = ORIENTED_EDGE('',*,*,#9069,.T.);
#9069 = EDGE_CURVE('',#9042,#9070,#9072,.T.);
#9070 = VERTEX_POINT('',#9071);
#9071 = CARTESIAN_POINT('',(-0.135800574492,0.64,0.28723995021));
#9072 = B_SPLINE_CURVE_WITH_KNOTS('',3,(#9073,#9074,#9075,#9076),
  .UNSPECIFIED.,.F.,.F.,(4,4),(16.,17.),.PIECEWISE_BEZIER_KNOTS.);
#9073 = CARTESIAN_POINT('',(-0.138358378966,0.64,0.28003442785));
#9074 = CARTESIAN_POINT('',(-0.138358378966,0.64,0.282904159699));
#9075 = CARTESIAN_POINT('',(-0.137500578685,0.64,0.285306000486));
#9076 = CARTESIAN_POINT('',(-0.135800574492,0.64,0.28723995021));
#9077 = ORIENTED_EDGE('',*,*,#9078,.T.);
#9078 = EDGE_CURVE('',#9070,#425,#9079,.T.);
#9079 = B_SPLINE_CURVE_WITH_KNOTS('',1,(#9080,#9081),.UNSPECIFIED.,.F.,
  .F.,(2,2),(-0.,1.E-02),.PIECEWISE_BEZIER_KNOTS.);
#9080 = CARTESIAN_POINT('',(-0.135800574492,0.64,0.28723995021));
#9081 = CARTESIAN_POINT('',(-0.135800574492,0.63,0.28723995021));
#9082 = ORIENTED_EDGE('',*,*,#433,.F.);
#9083 = B_SPLINE_SURFACE_WITH_KNOTS('',3,1,(
    (#9084,#9085)
    ,(#9086,#9087)
    ,(#9088,#9089)
    ,(#9090,#9091
    )),.UNSPECIFIED.,.F.,.F.,.F.,(4,4),(2,2),(16.,17.),(0.,1.),
  .PIECEWISE_BEZIER_KNOTS.);
#9084 = CARTESIAN_POINT('',(-0.138358378966,0.64,0.28003442785));
#9085 = CARTESIAN_POINT('',(-0.138358378966,0.63,0.28003442785));
#9086 = CARTESIAN_POINT('',(-0.138358378966,0.64,0.282904159699));
#9087 = CARTESIAN_POINT('',(-0.138358378966,0.63,0.282904159699));
#9088 = CARTESIAN_POINT('',(-0.137500578685,0.64,0.285306000486));
#9089 = CARTESIAN_POINT('',(-0.137500578685,0.63,0.285306000486));
#9090 = CARTESIAN_POINT('',(-0.135800574492,0.64,0.28723995021));
#9091 = CARTESIAN_POINT('',(-0.135800574492,0.63,0.28723995021));
#9092 = ADVANCED_FACE('',(#9093),#9111,.F.);
#9093 = FACE_BOUND('',#9094,.F.);
#9094 = EDGE_LOOP('',(#9095,#9096,#9105,#9110));
#9095 = ORIENTED_EDGE('',*,*,#9078,.F.);
#9096 = ORIENTED_EDGE('',*,*,#9097,.T.);
#9097 = EDGE_CURVE('',#9070,#9098,#9100,.T.);
#9098 = VERTEX_POINT('',#9099);
#9099 = CARTESIAN_POINT('',(-0.125943669445,0.64,0.292885835696));
#9100 = B_SPLINE_CURVE_WITH_KNOTS('',3,(#9101,#9102,#9103,#9104),
  .UNSPECIFIED.,.F.,.F.,(4,4),(15.,16.),.PIECEWISE_BEZIER_KNOTS.);
#9101 = CARTESIAN_POINT('',(-0.135800574492,0.64,0.28723995021));
#9102 = CARTESIAN_POINT('',(-0.13408497393,0.64,0.289173899934));
#9103 = CARTESIAN_POINT('',(-0.130809736493,0.64,0.291076656921));
#9104 = CARTESIAN_POINT('',(-0.125943669445,0.64,0.292885835696));
#9105 = ORIENTED_EDGE('',*,*,#9106,.T.);
#9106 = EDGE_CURVE('',#9098,#416,#9107,.T.);
#9107 = B_SPLINE_CURVE_WITH_KNOTS('',1,(#9108,#9109),.UNSPECIFIED.,.F.,
  .F.,(2,2),(-0.,1.E-02),.PIECEWISE_BEZIER_KNOTS.);
#9108 = CARTESIAN_POINT('',(-0.125943669445,0.64,0.292885835696));
#9109 = CARTESIAN_POINT('',(-0.125943669445,0.63,0.292885835696));
#9110 = ORIENTED_EDGE('',*,*,#424,.F.);
#9111 = B_SPLINE_SURFACE_WITH_KNOTS('',3,1,(
    (#9112,#9113)
    ,(#9114,#9115)
    ,(#9116,#9117)
    ,(#9118,#9119
    )),.UNSPECIFIED.,.F.,.F.,.F.,(4,4),(2,2),(15.,16.),(0.,1.),
  .PIECEWISE_BEZIER_KNOTS.);
#9112 = CARTESIAN_POINT('',(-0.135800574492,0.64,0.28723995021));
#9113 = CARTESIAN_POINT('',(-0.135800574492,0.63,0.28723995021));
#9114 = CARTESIAN_POINT('',(-0.13408497393,0.64,0.289173899934));
#9115 = CARTESIAN_POINT('',(-0.13408497393,0.63,0.289173899934));
#9116 = CARTESIAN_POINT('',(-0.130809736493,0.64,0.291076656921));
#9117 = CARTESIAN_POINT('',(-0.130809736493,0.63,0.291076656921));
#9118 = CARTESIAN_POINT('',(-0.125943669445,0.64,0.292885835696));
#9119 = CARTESIAN_POINT('',(-0.125943669445,0.63,0.292885835696));
#9120 = ADVANCED_FACE('',(#9121),#9139,.F.);
#9121 = FACE_BOUND('',#9122,.F.);
#9122 = EDGE_LOOP('',(#9123,#9124,#9133,#9138));
#9123 = ORIENTED_EDGE('',*,*,#9106,.F.);
#9124 = ORIENTED_EDGE('',*,*,#9125,.T.);
#9125 = EDGE_CURVE('',#9098,#9126,#9128,.T.);
#9126 = VERTEX_POINT('',#9127);
#9127 = CARTESIAN_POINT('',(-0.118519797922,0.64,0.296628964195));
#9128 = B_SPLINE_CURVE_WITH_KNOTS('',3,(#9129,#9130,#9131,#9132),
  .UNSPECIFIED.,.F.,.F.,(4,4),(14.,15.),.PIECEWISE_BEZIER_KNOTS.);
#9129 = CARTESIAN_POINT('',(-0.125943669445,0.64,0.292885835696));
#9130 = CARTESIAN_POINT('',(-0.122106962734,0.64,0.294383087095));
#9131 = CARTESIAN_POINT('',(-0.119642736472,0.64,0.295630796595));
#9132 = CARTESIAN_POINT('',(-0.118519797922,0.64,0.296628964195));
#9133 = ORIENTED_EDGE('',*,*,#9134,.T.);
#9134 = EDGE_CURVE('',#9126,#407,#9135,.T.);
#9135 = B_SPLINE_CURVE_WITH_KNOTS('',1,(#9136,#9137),.UNSPECIFIED.,.F.,
  .F.,(2,2),(-0.,1.E-02),.PIECEWISE_BEZIER_KNOTS.);
#9136 = CARTESIAN_POINT('',(-0.118519797922,0.64,0.296628964195));
#9137 = CARTESIAN_POINT('',(-0.118519797922,0.63,0.296628964195));
#9138 = ORIENTED_EDGE('',*,*,#415,.F.);
#9139 = B_SPLINE_SURFACE_WITH_KNOTS('',3,1,(
    (#9140,#9141)
    ,(#9142,#9143)
    ,(#9144,#9145)
    ,(#9146,#9147
    )),.UNSPECIFIED.,.F.,.F.,.F.,(4,4),(2,2),(14.,15.),(0.,1.),
  .PIECEWISE_BEZIER_KNOTS.);
#9140 = CARTESIAN_POINT('',(-0.125943669445,0.64,0.292885835696));
#9141 = CARTESIAN_POINT('',(-0.125943669445,0.63,0.292885835696));
#9142 = CARTESIAN_POINT('',(-0.122106962734,0.64,0.294383087095));
#9143 = CARTESIAN_POINT('',(-0.122106962734,0.63,0.294383087095));
#9144 = CARTESIAN_POINT('',(-0.119642736472,0.64,0.295630796595));
#9145 = CARTESIAN_POINT('',(-0.119642736472,0.63,0.295630796595));
#9146 = CARTESIAN_POINT('',(-0.118519797922,0.64,0.296628964195));
#9147 = CARTESIAN_POINT('',(-0.118519797922,0.63,0.296628964195));
#9148 = ADVANCED_FACE('',(#9149),#9167,.F.);
#9149 = FACE_BOUND('',#9150,.F.);
#9150 = EDGE_LOOP('',(#9151,#9152,#9161,#9166));
#9151 = ORIENTED_EDGE('',*,*,#9134,.F.);
#9152 = ORIENTED_EDGE('',*,*,#9153,.T.);
#9153 = EDGE_CURVE('',#9126,#9154,#9156,.T.);
#9154 = VERTEX_POINT('',#9155);
#9155 = CARTESIAN_POINT('',(-0.116850986467,0.64,0.300684020068));
#9156 = B_SPLINE_CURVE_WITH_KNOTS('',3,(#9157,#9158,#9159,#9160),
  .UNSPECIFIED.,.F.,.F.,(4,4),(13.,14.),.PIECEWISE_BEZIER_KNOTS.);
#9157 = CARTESIAN_POINT('',(-0.118519797922,0.64,0.296628964195));
#9158 = CARTESIAN_POINT('',(-0.117412455742,0.64,0.297595939057));
#9159 = CARTESIAN_POINT('',(-0.116850986467,0.64,0.298937226769));
#9160 = CARTESIAN_POINT('',(-0.116850986467,0.64,0.300684020068));
#9161 = ORIENTED_EDGE('',*,*,#9162,.T.);
#9162 = EDGE_CURVE('',#9154,#398,#9163,.T.);
#9163 = B_SPLINE_CURVE_WITH_KNOTS('',1,(#9164,#9165),.UNSPECIFIED.,.F.,
  .F.,(2,2),(-0.,1.E-02),.PIECEWISE_BEZIER_KNOTS.);
#9164 = CARTESIAN_POINT('',(-0.116850986467,0.64,0.300684020068));
#9165 = CARTESIAN_POINT('',(-0.116850986467,0.63,0.300684020068));
#9166 = ORIENTED_EDGE('',*,*,#406,.F.);
#9167 = B_SPLINE_SURFACE_WITH_KNOTS('',3,1,(
    (#9168,#9169)
    ,(#9170,#9171)
    ,(#9172,#9173)
    ,(#9174,#9175
    )),.UNSPECIFIED.,.F.,.F.,.F.,(4,4),(2,2),(13.,14.),(0.,1.),
  .PIECEWISE_BEZIER_KNOTS.);
#9168 = CARTESIAN_POINT('',(-0.118519797922,0.64,0.296628964195));
#9169 = CARTESIAN_POINT('',(-0.118519797922,0.63,0.296628964195));
#9170 = CARTESIAN_POINT('',(-0.117412455742,0.64,0.297595939057));
#9171 = CARTESIAN_POINT('',(-0.117412455742,0.63,0.297595939057));
#9172 = CARTESIAN_POINT('',(-0.116850986467,0.64,0.298937226769));
#9173 = CARTESIAN_POINT('',(-0.116850986467,0.63,0.298937226769));
#9174 = CARTESIAN_POINT('',(-0.116850986467,0.64,0.300684020068));
#9175 = CARTESIAN_POINT('',(-0.116850986467,0.63,0.300684020068));
#9176 = ADVANCED_FACE('',(#9177),#9195,.F.);
#9177 = FACE_BOUND('',#9178,.F.);
#9178 = EDGE_LOOP('',(#9179,#9180,#9189,#9194));
#9179 = ORIENTED_EDGE('',*,*,#9162,.F.);
#9180 = ORIENTED_EDGE('',*,*,#9181,.T.);
#9181 = EDGE_CURVE('',#9154,#9182,#9184,.T.);
#9182 = VERTEX_POINT('',#9183);
#9183 = CARTESIAN_POINT('',(-0.11917484541,0.64,0.304926232367));
#9184 = B_SPLINE_CURVE_WITH_KNOTS('',3,(#9185,#9186,#9187,#9188),
  .UNSPECIFIED.,.F.,.F.,(4,4),(12.,13.),.PIECEWISE_BEZIER_KNOTS.);
#9185 = CARTESIAN_POINT('',(-0.116850986467,0.64,0.300684020068));
#9186 = CARTESIAN_POINT('',(-0.116850986467,0.64,0.302430813367));
#9187 = CARTESIAN_POINT('',(-0.117630804904,0.64,0.303865679292));
#9188 = CARTESIAN_POINT('',(-0.11917484541,0.64,0.304926232367));
#9189 = ORIENTED_EDGE('',*,*,#9190,.T.);
#9190 = EDGE_CURVE('',#9182,#389,#9191,.T.);
#9191 = B_SPLINE_CURVE_WITH_KNOTS('',1,(#9192,#9193),.UNSPECIFIED.,.F.,
  .F.,(2,2),(-0.,1.E-02),.PIECEWISE_BEZIER_KNOTS.);
#9192 = CARTESIAN_POINT('',(-0.11917484541,0.64,0.304926232367));
#9193 = CARTESIAN_POINT('',(-0.11917484541,0.63,0.304926232367));
#9194 = ORIENTED_EDGE('',*,*,#397,.F.);
#9195 = B_SPLINE_SURFACE_WITH_KNOTS('',3,1,(
    (#9196,#9197)
    ,(#9198,#9199)
    ,(#9200,#9201)
    ,(#9202,#9203
    )),.UNSPECIFIED.,.F.,.F.,.F.,(4,4),(2,2),(12.,13.),(0.,1.),
  .PIECEWISE_BEZIER_KNOTS.);
#9196 = CARTESIAN_POINT('',(-0.116850986467,0.64,0.300684020068));
#9197 = CARTESIAN_POINT('',(-0.116850986467,0.63,0.300684020068));
#9198 = CARTESIAN_POINT('',(-0.116850986467,0.64,0.302430813367));
#9199 = CARTESIAN_POINT('',(-0.116850986467,0.63,0.302430813367));
#9200 = CARTESIAN_POINT('',(-0.117630804904,0.64,0.303865679292));
#9201 = CARTESIAN_POINT('',(-0.117630804904,0.63,0.303865679292));
#9202 = CARTESIAN_POINT('',(-0.11917484541,0.64,0.304926232367));
#9203 = CARTESIAN_POINT('',(-0.11917484541,0.63,0.304926232367));
#9204 = ADVANCED_FACE('',(#9205),#9223,.F.);
#9205 = FACE_BOUND('',#9206,.F.);
#9206 = EDGE_LOOP('',(#9207,#9208,#9217,#9222));
#9207 = ORIENTED_EDGE('',*,*,#9190,.F.);
#9208 = ORIENTED_EDGE('',*,*,#9209,.T.);
#9209 = EDGE_CURVE('',#9182,#9210,#9212,.T.);
#9210 = VERTEX_POINT('',#9211);
#9211 = CARTESIAN_POINT('',(-0.125195043745,0.64,0.306548254716));
#9212 = B_SPLINE_CURVE_WITH_KNOTS('',3,(#9213,#9214,#9215,#9216),
  .UNSPECIFIED.,.F.,.F.,(4,4),(11.,12.),.PIECEWISE_BEZIER_KNOTS.);
#9213 = CARTESIAN_POINT('',(-0.11917484541,0.64,0.304926232367));
#9214 = CARTESIAN_POINT('',(-0.120718885915,0.64,0.306017978179));
#9215 = CARTESIAN_POINT('',(-0.122730817484,0.64,0.306548254716));
#9216 = CARTESIAN_POINT('',(-0.125195043745,0.64,0.306548254716));
#9217 = ORIENTED_EDGE('',*,*,#9218,.T.);
#9218 = EDGE_CURVE('',#9210,#380,#9219,.T.);
#9219 = B_SPLINE_CURVE_WITH_KNOTS('',1,(#9220,#9221),.UNSPECIFIED.,.F.,
  .F.,(2,2),(-0.,1.E-02),.PIECEWISE_BEZIER_KNOTS.);
#9220 = CARTESIAN_POINT('',(-0.125195043745,0.64,0.306548254716));
#9221 = CARTESIAN_POINT('',(-0.125195043745,0.63,0.306548254716));
#9222 = ORIENTED_EDGE('',*,*,#388,.F.);
#9223 = B_SPLINE_SURFACE_WITH_KNOTS('',3,1,(
    (#9224,#9225)
    ,(#9226,#9227)
    ,(#9228,#9229)
    ,(#9230,#9231
    )),.UNSPECIFIED.,.F.,.F.,.F.,(4,4),(2,2),(11.,12.),(0.,1.),
  .PIECEWISE_BEZIER_KNOTS.);
#9224 = CARTESIAN_POINT('',(-0.11917484541,0.64,0.304926232367));
#9225 = CARTESIAN_POINT('',(-0.11917484541,0.63,0.304926232367));
#9226 = CARTESIAN_POINT('',(-0.120718885915,0.64,0.306017978179));
#9227 = CARTESIAN_POINT('',(-0.120718885915,0.63,0.306017978179));
#9228 = CARTESIAN_POINT('',(-0.122730817484,0.64,0.306548254716));
#9229 = CARTESIAN_POINT('',(-0.122730817484,0.63,0.306548254716));
#9230 = CARTESIAN_POINT('',(-0.125195043745,0.64,0.306548254716));
#9231 = CARTESIAN_POINT('',(-0.125195043745,0.63,0.306548254716));
#9232 = ADVANCED_FACE('',(#9233),#9251,.F.);
#9233 = FACE_BOUND('',#9234,.F.);
#9234 = EDGE_LOOP('',(#9235,#9236,#9245,#9250));
#9235 = ORIENTED_EDGE('',*,*,#9218,.F.);
#9236 = ORIENTED_EDGE('',*,*,#9237,.T.);
#9237 = EDGE_CURVE('',#9210,#9238,#9240,.T.);
#9238 = VERTEX_POINT('',#9239);
#9239 = CARTESIAN_POINT('',(-0.136268465554,0.64,0.30339778823));
#9240 = B_SPLINE_CURVE_WITH_KNOTS('',3,(#9241,#9242,#9243,#9244),
  .UNSPECIFIED.,.F.,.F.,(4,4),(10.,11.),.PIECEWISE_BEZIER_KNOTS.);
#9241 = CARTESIAN_POINT('',(-0.125195043745,0.64,0.306548254716));
#9242 = CARTESIAN_POINT('',(-0.129328081463,0.64,0.306548254716));
#9243 = CARTESIAN_POINT('',(-0.133008824486,0.64,0.305487701642));
#9244 = CARTESIAN_POINT('',(-0.136268465554,0.64,0.30339778823));
#9245 = ORIENTED_EDGE('',*,*,#9246,.T.);
#9246 = EDGE_CURVE('',#9238,#373,#9247,.T.);
#9247 = B_SPLINE_CURVE_WITH_KNOTS('',1,(#9248,#9249),.UNSPECIFIED.,.F.,
  .F.,(2,2),(-0.,1.E-02),.PIECEWISE_BEZIER_KNOTS.);
#9248 = CARTESIAN_POINT('',(-0.136268465554,0.64,0.30339778823));
#9249 = CARTESIAN_POINT('',(-0.136268465554,0.63,0.30339778823));
#9250 = ORIENTED_EDGE('',*,*,#379,.F.);
#9251 = B_SPLINE_SURFACE_WITH_KNOTS('',3,1,(
    (#9252,#9253)
    ,(#9254,#9255)
    ,(#9256,#9257)
    ,(#9258,#9259
    )),.UNSPECIFIED.,.F.,.F.,.F.,(4,4),(2,2),(10.,11.),(0.,1.),
  .PIECEWISE_BEZIER_KNOTS.);
#9252 = CARTESIAN_POINT('',(-0.125195043745,0.64,0.306548254716));
#9253 = CARTESIAN_POINT('',(-0.125195043745,0.63,0.306548254716));
#9254 = CARTESIAN_POINT('',(-0.129328081463,0.64,0.306548254716));
#9255 = CARTESIAN_POINT('',(-0.129328081463,0.63,0.306548254716));
#9256 = CARTESIAN_POINT('',(-0.133008824486,0.64,0.305487701642));
#9257 = CARTESIAN_POINT('',(-0.133008824486,0.63,0.305487701642));
#9258 = CARTESIAN_POINT('',(-0.136268465554,0.64,0.30339778823));
#9259 = CARTESIAN_POINT('',(-0.136268465554,0.63,0.30339778823));
#9260 = ADVANCED_FACE('',(#9261),#9277,.F.);
#9261 = FACE_BOUND('',#9262,.T.);
#9262 = EDGE_LOOP('',(#9263,#9264,#9271,#9276));
#9263 = ORIENTED_EDGE('',*,*,#372,.T.);
#9264 = ORIENTED_EDGE('',*,*,#9265,.F.);
#9265 = EDGE_CURVE('',#9266,#364,#9268,.T.);
#9266 = VERTEX_POINT('',#9267);
#9267 = CARTESIAN_POINT('',(-0.136268465554,0.64,0.310821659752));
#9268 = B_SPLINE_CURVE_WITH_KNOTS('',1,(#9269,#9270),.UNSPECIFIED.,.F.,
  .F.,(2,2),(-0.,1.E-02),.PIECEWISE_BEZIER_KNOTS.);
#9269 = CARTESIAN_POINT('',(-0.136268465554,0.64,0.310821659752));
#9270 = CARTESIAN_POINT('',(-0.136268465554,0.63,0.310821659752));
#9271 = ORIENTED_EDGE('',*,*,#9272,.F.);
#9272 = EDGE_CURVE('',#9238,#9266,#9273,.T.);
#9273 = B_SPLINE_CURVE_WITH_KNOTS('',1,(#9274,#9275),.UNSPECIFIED.,.F.,
  .F.,(2,2),(-7.423871522359E-03,0.),.PIECEWISE_BEZIER_KNOTS.);
#9274 = CARTESIAN_POINT('',(-0.136268465554,0.64,0.30339778823));
#9275 = CARTESIAN_POINT('',(-0.136268465554,0.64,0.310821659752));
#9276 = ORIENTED_EDGE('',*,*,#9246,.T.);
#9277 = B_SPLINE_SURFACE_WITH_KNOTS('',1,1,(
    (#9278,#9279)
    ,(#9280,#9281
    )),.UNSPECIFIED.,.F.,.F.,.F.,(2,2),(2,2),(-0.,7.423871522359E-03),(
    -1.E-02,0.),.PIECEWISE_BEZIER_KNOTS.);
#9278 = CARTESIAN_POINT('',(-0.136268465554,0.63,0.310821659752));
#9279 = CARTESIAN_POINT('',(-0.136268465554,0.64,0.310821659752));
#9280 = CARTESIAN_POINT('',(-0.136268465554,0.63,0.30339778823));
#9281 = CARTESIAN_POINT('',(-0.136268465554,0.64,0.30339778823));
#9282 = ADVANCED_FACE('',(#9283),#9301,.F.);
#9283 = FACE_BOUND('',#9284,.F.);
#9284 = EDGE_LOOP('',(#9285,#9286,#9295,#9300));
#9285 = ORIENTED_EDGE('',*,*,#9265,.F.);
#9286 = ORIENTED_EDGE('',*,*,#9287,.T.);
#9287 = EDGE_CURVE('',#9266,#9288,#9290,.T.);
#9288 = VERTEX_POINT('',#9289);
#9289 = CARTESIAN_POINT('',(-0.125943669445,0.64,0.312755609477));
#9290 = B_SPLINE_CURVE_WITH_KNOTS('',3,(#9291,#9292,#9293,#9294),
  .UNSPECIFIED.,.F.,.F.,(4,4),(8.,9.),.PIECEWISE_BEZIER_KNOTS.);
#9291 = CARTESIAN_POINT('',(-0.136268465554,0.64,0.310821659752));
#9292 = CARTESIAN_POINT('',(-0.13308680633,0.64,0.312131754727));
#9293 = CARTESIAN_POINT('',(-0.129655605206,0.64,0.312755609477));
#9294 = CARTESIAN_POINT('',(-0.125943669445,0.64,0.312755609477));
#9295 = ORIENTED_EDGE('',*,*,#9296,.T.);
#9296 = EDGE_CURVE('',#9288,#355,#9297,.T.);
#9297 = B_SPLINE_CURVE_WITH_KNOTS('',1,(#9298,#9299),.UNSPECIFIED.,.F.,
  .F.,(2,2),(-0.,1.E-02),.PIECEWISE_BEZIER_KNOTS.);
#9298 = CARTESIAN_POINT('',(-0.125943669445,0.64,0.312755609477));
#9299 = CARTESIAN_POINT('',(-0.125943669445,0.63,0.312755609477));
#9300 = ORIENTED_EDGE('',*,*,#363,.F.);
#9301 = B_SPLINE_SURFACE_WITH_KNOTS('',3,1,(
    (#9302,#9303)
    ,(#9304,#9305)
    ,(#9306,#9307)
    ,(#9308,#9309
    )),.UNSPECIFIED.,.F.,.F.,.F.,(4,4),(2,2),(8.,9.),(0.,1.),
  .PIECEWISE_BEZIER_KNOTS.);
#9302 = CARTESIAN_POINT('',(-0.136268465554,0.64,0.310821659752));
#9303 = CARTESIAN_POINT('',(-0.136268465554,0.63,0.310821659752));
#9304 = CARTESIAN_POINT('',(-0.13308680633,0.64,0.312131754727));
#9305 = CARTESIAN_POINT('',(-0.13308680633,0.63,0.312131754727));
#9306 = CARTESIAN_POINT('',(-0.129655605206,0.64,0.312755609477));
#9307 = CARTESIAN_POINT('',(-0.129655605206,0.63,0.312755609477));
#9308 = CARTESIAN_POINT('',(-0.125943669445,0.64,0.312755609477));
#9309 = CARTESIAN_POINT('',(-0.125943669445,0.63,0.312755609477));
#9310 = ADVANCED_FACE('',(#9311),#9329,.F.);
#9311 = FACE_BOUND('',#9312,.F.);
#9312 = EDGE_LOOP('',(#9313,#9314,#9323,#9328));
#9313 = ORIENTED_EDGE('',*,*,#9296,.F.);
#9314 = ORIENTED_EDGE('',*,*,#9315,.T.);
#9315 = EDGE_CURVE('',#9288,#9316,#9318,.T.);
#9316 = VERTEX_POINT('',#9317);
#9317 = CARTESIAN_POINT('',(-0.113872080037,0.64,0.309293215615));
#9318 = B_SPLINE_CURVE_WITH_KNOTS('',3,(#9319,#9320,#9321,#9322),
  .UNSPECIFIED.,.F.,.F.,(4,4),(7.,8.),.PIECEWISE_BEZIER_KNOTS.);
#9319 = CARTESIAN_POINT('',(-0.125943669445,0.64,0.312755609477));
#9320 = CARTESIAN_POINT('',(-0.121171180609,0.64,0.312755609477));
#9321 = CARTESIAN_POINT('',(-0.117147317473,0.64,0.31160147819));
#9322 = CARTESIAN_POINT('',(-0.113872080037,0.64,0.309293215615));
#9323 = ORIENTED_EDGE('',*,*,#9324,.T.);
#9324 = EDGE_CURVE('',#9316,#346,#9325,.T.);
#9325 = B_SPLINE_CURVE_WITH_KNOTS('',1,(#9326,#9327),.UNSPECIFIED.,.F.,
  .F.,(2,2),(-0.,1.E-02),.PIECEWISE_BEZIER_KNOTS.);
#9326 = CARTESIAN_POINT('',(-0.113872080037,0.64,0.309293215615));
#9327 = CARTESIAN_POINT('',(-0.113872080037,0.63,0.309293215615));
#9328 = ORIENTED_EDGE('',*,*,#354,.F.);
#9329 = B_SPLINE_SURFACE_WITH_KNOTS('',3,1,(
    (#9330,#9331)
    ,(#9332,#9333)
    ,(#9334,#9335)
    ,(#9336,#9337
    )),.UNSPECIFIED.,.F.,.F.,.F.,(4,4),(2,2),(7.,8.),(0.,1.),
  .PIECEWISE_BEZIER_KNOTS.);
#9330 = CARTESIAN_POINT('',(-0.125943669445,0.64,0.312755609477));
#9331 = CARTESIAN_POINT('',(-0.125943669445,0.63,0.312755609477));
#9332 = CARTESIAN_POINT('',(-0.121171180609,0.64,0.312755609477));
#9333 = CARTESIAN_POINT('',(-0.121171180609,0.63,0.312755609477));
#9334 = CARTESIAN_POINT('',(-0.117147317473,0.64,0.31160147819));
#9335 = CARTESIAN_POINT('',(-0.117147317473,0.63,0.31160147819));
#9336 = CARTESIAN_POINT('',(-0.113872080037,0.64,0.309293215615));
#9337 = CARTESIAN_POINT('',(-0.113872080037,0.63,0.309293215615));
#9338 = ADVANCED_FACE('',(#9339),#9357,.F.);
#9339 = FACE_BOUND('',#9340,.F.);
#9340 = EDGE_LOOP('',(#9341,#9342,#9351,#9356));
#9341 = ORIENTED_EDGE('',*,*,#9324,.F.);
#9342 = ORIENTED_EDGE('',*,*,#9343,.T.);
#9343 = EDGE_CURVE('',#9316,#9344,#9346,.T.);
#9344 = VERTEX_POINT('',#9345);
#9345 = CARTESIAN_POINT('',(-0.108974820251,0.64,0.299997779843));
#9346 = B_SPLINE_CURVE_WITH_KNOTS('',3,(#9347,#9348,#9349,#9350),
  .UNSPECIFIED.,.F.,.F.,(4,4),(6.,7.),.PIECEWISE_BEZIER_KNOTS.);
#9347 = CARTESIAN_POINT('',(-0.113872080037,0.64,0.309293215615));
#9348 = CARTESIAN_POINT('',(-0.110612438969,0.64,0.306953760304));
#9349 = CARTESIAN_POINT('',(-0.108974820251,0.64,0.303865679292));
#9350 = CARTESIAN_POINT('',(-0.108974820251,0.64,0.299997779843));
#9351 = ORIENTED_EDGE('',*,*,#9352,.T.);
#9352 = EDGE_CURVE('',#9344,#337,#9353,.T.);
#9353 = B_SPLINE_CURVE_WITH_KNOTS('',1,(#9354,#9355),.UNSPECIFIED.,.F.,
  .F.,(2,2),(-0.,1.E-02),.PIECEWISE_BEZIER_KNOTS.);
#9354 = CARTESIAN_POINT('',(-0.108974820251,0.64,0.299997779843));
#9355 = CARTESIAN_POINT('',(-0.108974820251,0.63,0.299997779843));
#9356 = ORIENTED_EDGE('',*,*,#345,.F.);
#9357 = B_SPLINE_SURFACE_WITH_KNOTS('',3,1,(
    (#9358,#9359)
    ,(#9360,#9361)
    ,(#9362,#9363)
    ,(#9364,#9365
    )),.UNSPECIFIED.,.F.,.F.,.F.,(4,4),(2,2),(6.,7.),(0.,1.),
  .PIECEWISE_BEZIER_KNOTS.);
#9358 = CARTESIAN_POINT('',(-0.113872080037,0.64,0.309293215615));
#9359 = CARTESIAN_POINT('',(-0.113872080037,0.63,0.309293215615));
#9360 = CARTESIAN_POINT('',(-0.110612438969,0.64,0.306953760304));
#9361 = CARTESIAN_POINT('',(-0.110612438969,0.63,0.306953760304));
#9362 = CARTESIAN_POINT('',(-0.108974820251,0.64,0.303865679292));
#9363 = CARTESIAN_POINT('',(-0.108974820251,0.63,0.303865679292));
#9364 = CARTESIAN_POINT('',(-0.108974820251,0.64,0.299997779843));
#9365 = CARTESIAN_POINT('',(-0.108974820251,0.63,0.299997779843));
#9366 = ADVANCED_FACE('',(#9367),#9385,.F.);
#9367 = FACE_BOUND('',#9368,.F.);
#9368 = EDGE_LOOP('',(#9369,#9370,#9379,#9384));
#9369 = ORIENTED_EDGE('',*,*,#9352,.F.);
#9370 = ORIENTED_EDGE('',*,*,#9371,.T.);
#9371 = EDGE_CURVE('',#9344,#9372,#9374,.T.);
#9372 = VERTEX_POINT('',#9373);
#9373 = CARTESIAN_POINT('',(-0.111142715506,0.64,0.293104184858));
#9374 = B_SPLINE_CURVE_WITH_KNOTS('',3,(#9375,#9376,#9377,#9378),
  .UNSPECIFIED.,.F.,.F.,(4,4),(5.,6.),.PIECEWISE_BEZIER_KNOTS.);
#9375 = CARTESIAN_POINT('',(-0.108974820251,0.64,0.299997779843));
#9376 = CARTESIAN_POINT('',(-0.108974820251,0.64,0.297315204419));
#9377 = CARTESIAN_POINT('',(-0.109692253213,0.64,0.295006941845));
#9378 = CARTESIAN_POINT('',(-0.111142715506,0.64,0.293104184858));
#9379 = ORIENTED_EDGE('',*,*,#9380,.T.);
#9380 = EDGE_CURVE('',#9372,#328,#9381,.T.);
#9381 = B_SPLINE_CURVE_WITH_KNOTS('',1,(#9382,#9383),.UNSPECIFIED.,.F.,
  .F.,(2,2),(-0.,1.E-02),.PIECEWISE_BEZIER_KNOTS.);
#9382 = CARTESIAN_POINT('',(-0.111142715506,0.64,0.293104184858));
#9383 = CARTESIAN_POINT('',(-0.111142715506,0.63,0.293104184858));
#9384 = ORIENTED_EDGE('',*,*,#336,.F.);
#9385 = B_SPLINE_SURFACE_WITH_KNOTS('',3,1,(
    (#9386,#9387)
    ,(#9388,#9389)
    ,(#9390,#9391)
    ,(#9392,#9393
    )),.UNSPECIFIED.,.F.,.F.,.F.,(4,4),(2,2),(5.,6.),(0.,1.),
  .PIECEWISE_BEZIER_KNOTS.);
#9386 = CARTESIAN_POINT('',(-0.108974820251,0.64,0.299997779843));
#9387 = CARTESIAN_POINT('',(-0.108974820251,0.63,0.299997779843));
#9388 = CARTESIAN_POINT('',(-0.108974820251,0.64,0.297315204419));
#9389 = CARTESIAN_POINT('',(-0.108974820251,0.63,0.297315204419));
#9390 = CARTESIAN_POINT('',(-0.109692253213,0.64,0.295006941845));
#9391 = CARTESIAN_POINT('',(-0.109692253213,0.63,0.295006941845));
#9392 = CARTESIAN_POINT('',(-0.111142715506,0.64,0.293104184858));
#9393 = CARTESIAN_POINT('',(-0.111142715506,0.63,0.293104184858));
#9394 = ADVANCED_FACE('',(#9395),#9413,.F.);
#9395 = FACE_BOUND('',#9396,.F.);
#9396 = EDGE_LOOP('',(#9397,#9398,#9407,#9412));
#9397 = ORIENTED_EDGE('',*,*,#9380,.F.);
#9398 = ORIENTED_EDGE('',*,*,#9399,.T.);
#9399 = EDGE_CURVE('',#9372,#9400,#9402,.T.);
#9400 = VERTEX_POINT('',#9401);
#9401 = CARTESIAN_POINT('',(-0.120547325859,0.64,0.287333528423));
#9402 = B_SPLINE_CURVE_WITH_KNOTS('',3,(#9403,#9404,#9405,#9406),
  .UNSPECIFIED.,.F.,.F.,(4,4),(4.,5.),.PIECEWISE_BEZIER_KNOTS.);
#9403 = CARTESIAN_POINT('',(-0.111142715506,0.64,0.293104184858));
#9404 = CARTESIAN_POINT('',(-0.112577581431,0.64,0.291201427871));
#9405 = CARTESIAN_POINT('',(-0.115728047917,0.64,0.289267478147));
#9406 = CARTESIAN_POINT('',(-0.120547325859,0.64,0.287333528423));
#9407 = ORIENTED_EDGE('',*,*,#9408,.T.);
#9408 = EDGE_CURVE('',#9400,#319,#9409,.T.);
#9409 = B_SPLINE_CURVE_WITH_KNOTS('',1,(#9410,#9411),.UNSPECIFIED.,.F.,
  .F.,(2,2),(-0.,1.E-02),.PIECEWISE_BEZIER_KNOTS.);
#9410 = CARTESIAN_POINT('',(-0.120547325859,0.64,0.287333528423));
#9411 = CARTESIAN_POINT('',(-0.120547325859,0.63,0.287333528423));
#9412 = ORIENTED_EDGE('',*,*,#327,.F.);
#9413 = B_SPLINE_SURFACE_WITH_KNOTS('',3,1,(
    (#9414,#9415)
    ,(#9416,#9417)
    ,(#9418,#9419)
    ,(#9420,#9421
    )),.UNSPECIFIED.,.F.,.F.,.F.,(4,4),(2,2),(4.,5.),(0.,1.),
  .PIECEWISE_BEZIER_KNOTS.);
#9414 = CARTESIAN_POINT('',(-0.111142715506,0.64,0.293104184858));
#9415 = CARTESIAN_POINT('',(-0.111142715506,0.63,0.293104184858));
#9416 = CARTESIAN_POINT('',(-0.112577581431,0.64,0.291201427871));
#9417 = CARTESIAN_POINT('',(-0.112577581431,0.63,0.291201427871));
#9418 = CARTESIAN_POINT('',(-0.115728047917,0.64,0.289267478147));
#9419 = CARTESIAN_POINT('',(-0.115728047917,0.63,0.289267478147));
#9420 = CARTESIAN_POINT('',(-0.120547325859,0.64,0.287333528423));
#9421 = CARTESIAN_POINT('',(-0.120547325859,0.63,0.287333528423));
#9422 = ADVANCED_FACE('',(#9423),#9441,.F.);
#9423 = FACE_BOUND('',#9424,.F.);
#9424 = EDGE_LOOP('',(#9425,#9426,#9435,#9440));
#9425 = ORIENTED_EDGE('',*,*,#9408,.F.);
#9426 = ORIENTED_EDGE('',*,*,#9427,.T.);
#9427 = EDGE_CURVE('',#9400,#9428,#9430,.T.);
#9428 = VERTEX_POINT('',#9429);
#9429 = CARTESIAN_POINT('',(-0.128548263025,0.64,0.283434436236));
#9430 = B_SPLINE_CURVE_WITH_KNOTS('',3,(#9431,#9432,#9433,#9434),
  .UNSPECIFIED.,.F.,.F.,(4,4),(3.,4.),.PIECEWISE_BEZIER_KNOTS.);
#9431 = CARTESIAN_POINT('',(-0.120547325859,0.64,0.287333528423));
#9432 = CARTESIAN_POINT('',(-0.124571188996,0.64,0.285836277023));
#9433 = CARTESIAN_POINT('',(-0.127238168051,0.64,0.284526182048));
#9434 = CARTESIAN_POINT('',(-0.128548263025,0.64,0.283434436236));
#9435 = ORIENTED_EDGE('',*,*,#9436,.T.);
#9436 = EDGE_CURVE('',#9428,#310,#9437,.T.);
#9437 = B_SPLINE_CURVE_WITH_KNOTS('',1,(#9438,#9439),.UNSPECIFIED.,.F.,
  .F.,(2,2),(-0.,1.E-02),.PIECEWISE_BEZIER_KNOTS.);
#9438 = CARTESIAN_POINT('',(-0.128548263025,0.64,0.283434436236));
#9439 = CARTESIAN_POINT('',(-0.128548263025,0.63,0.283434436236));
#9440 = ORIENTED_EDGE('',*,*,#318,.F.);
#9441 = B_SPLINE_SURFACE_WITH_KNOTS('',3,1,(
    (#9442,#9443)
    ,(#9444,#9445)
    ,(#9446,#9447)
    ,(#9448,#9449
    )),.UNSPECIFIED.,.F.,.F.,.F.,(4,4),(2,2),(3.,4.),(0.,1.),
  .PIECEWISE_BEZIER_KNOTS.);
#9442 = CARTESIAN_POINT('',(-0.120547325859,0.64,0.287333528423));
#9443 = CARTESIAN_POINT('',(-0.120547325859,0.63,0.287333528423));
#9444 = CARTESIAN_POINT('',(-0.124571188996,0.64,0.285836277023));
#9445 = CARTESIAN_POINT('',(-0.124571188996,0.63,0.285836277023));
#9446 = CARTESIAN_POINT('',(-0.127238168051,0.64,0.284526182048));
#9447 = CARTESIAN_POINT('',(-0.127238168051,0.63,0.284526182048));
#9448 = CARTESIAN_POINT('',(-0.128548263025,0.64,0.283434436236));
#9449 = CARTESIAN_POINT('',(-0.128548263025,0.63,0.283434436236));
#9450 = ADVANCED_FACE('',(#9451),#9469,.F.);
#9451 = FACE_BOUND('',#9452,.F.);
#9452 = EDGE_LOOP('',(#9453,#9454,#9463,#9468));
#9453 = ORIENTED_EDGE('',*,*,#9436,.F.);
#9454 = ORIENTED_EDGE('',*,*,#9455,.T.);
#9455 = EDGE_CURVE('',#9428,#9456,#9458,.T.);
#9456 = VERTEX_POINT('',#9457);
#9457 = CARTESIAN_POINT('',(-0.130513405487,0.64,0.27928580215));
#9458 = B_SPLINE_CURVE_WITH_KNOTS('',3,(#9459,#9460,#9461,#9462),
  .UNSPECIFIED.,.F.,.F.,(4,4),(2.,3.),.PIECEWISE_BEZIER_KNOTS.);
#9459 = CARTESIAN_POINT('',(-0.128548263025,0.64,0.283434436236));
#9460 = CARTESIAN_POINT('',(-0.129858358,0.64,0.282342690424));
#9461 = CARTESIAN_POINT('',(-0.130513405487,0.64,0.280970209975));
#9462 = CARTESIAN_POINT('',(-0.130513405487,0.64,0.27928580215));
#9463 = ORIENTED_EDGE('',*,*,#9464,.T.);
#9464 = EDGE_CURVE('',#9456,#301,#9465,.T.);
#9465 = B_SPLINE_CURVE_WITH_KNOTS('',1,(#9466,#9467),.UNSPECIFIED.,.F.,
  .F.,(2,2),(-0.,1.E-02),.PIECEWISE_BEZIER_KNOTS.);
#9466 = CARTESIAN_POINT('',(-0.130513405487,0.64,0.27928580215));
#9467 = CARTESIAN_POINT('',(-0.130513405487,0.63,0.27928580215));
#9468 = ORIENTED_EDGE('',*,*,#309,.F.);
#9469 = B_SPLINE_SURFACE_WITH_KNOTS('',3,1,(
    (#9470,#9471)
    ,(#9472,#9473)
    ,(#9474,#9475)
    ,(#9476,#9477
    )),.UNSPECIFIED.,.F.,.F.,.F.,(4,4),(2,2),(2.,3.),(0.,1.),
  .PIECEWISE_BEZIER_KNOTS.);
#9470 = CARTESIAN_POINT('',(-0.128548263025,0.64,0.283434436236));
#9471 = CARTESIAN_POINT('',(-0.128548263025,0.63,0.283434436236));
#9472 = CARTESIAN_POINT('',(-0.129858358,0.64,0.282342690424));
#9473 = CARTESIAN_POINT('',(-0.129858358,0.63,0.282342690424));
#9474 = CARTESIAN_POINT('',(-0.130513405487,0.64,0.280970209975));
#9475 = CARTESIAN_POINT('',(-0.130513405487,0.63,0.280970209975));
#9476 = CARTESIAN_POINT('',(-0.130513405487,0.64,0.27928580215));
#9477 = CARTESIAN_POINT('',(-0.130513405487,0.63,0.27928580215));
#9478 = ADVANCED_FACE('',(#9479),#9491,.F.);
#9479 = FACE_BOUND('',#9480,.F.);
#9480 = EDGE_LOOP('',(#9481,#9482,#9489,#9490));
#9481 = ORIENTED_EDGE('',*,*,#9464,.F.);
#9482 = ORIENTED_EDGE('',*,*,#9483,.T.);
#9483 = EDGE_CURVE('',#9456,#8929,#9484,.T.);
#9484 = B_SPLINE_CURVE_WITH_KNOTS('',3,(#9485,#9486,#9487,#9488),
  .UNSPECIFIED.,.F.,.F.,(4,4),(1.,2.),.PIECEWISE_BEZIER_KNOTS.);
#9485 = CARTESIAN_POINT('',(-0.130513405487,0.64,0.27928580215));
#9486 = CARTESIAN_POINT('',(-0.130513405487,0.64,0.275355517227));
#9487 = CARTESIAN_POINT('',(-0.12750330632,0.64,0.273390374765));
#9488 = CARTESIAN_POINT('',(-0.121498704353,0.64,0.273390374765));
#9489 = ORIENTED_EDGE('',*,*,#8928,.T.);
#9490 = ORIENTED_EDGE('',*,*,#300,.F.);
#9491 = B_SPLINE_SURFACE_WITH_KNOTS('',3,1,(
    (#9492,#9493)
    ,(#9494,#9495)
    ,(#9496,#9497)
    ,(#9498,#9499
    )),.UNSPECIFIED.,.F.,.F.,.F.,(4,4),(2,2),(1.,2.),(0.,1.),
  .PIECEWISE_BEZIER_KNOTS.);
#9492 = CARTESIAN_POINT('',(-0.130513405487,0.64,0.27928580215));
#9493 = CARTESIAN_POINT('',(-0.130513405487,0.63,0.27928580215));
#9494 = CARTESIAN_POINT('',(-0.130513405487,0.64,0.275355517227));
#9495 = CARTESIAN_POINT('',(-0.130513405487,0.63,0.275355517227));
#9496 = CARTESIAN_POINT('',(-0.12750330632,0.64,0.273390374765));
#9497 = CARTESIAN_POINT('',(-0.12750330632,0.63,0.273390374765));
#9498 = CARTESIAN_POINT('',(-0.121498704353,0.64,0.273390374765));
#9499 = CARTESIAN_POINT('',(-0.121498704353,0.63,0.273390374765));
#9500 = ADVANCED_FACE('',(#9501),#9524,.F.);
#9501 = FACE_BOUND('',#9502,.T.);
#9502 = EDGE_LOOP('',(#9503,#9504,#9505,#9506,#9507,#9508,#9509,#9510,
    #9511,#9512,#9513,#9514,#9515,#9516,#9517,#9518,#9519,#9520,#9521,
    #9522,#9523));
#9503 = ORIENTED_EDGE('',*,*,#8935,.T.);
#9504 = ORIENTED_EDGE('',*,*,#8970,.T.);
#9505 = ORIENTED_EDGE('',*,*,#8985,.T.);
#9506 = ORIENTED_EDGE('',*,*,#9013,.T.);
#9507 = ORIENTED_EDGE('',*,*,#9041,.T.);
#9508 = ORIENTED_EDGE('',*,*,#9069,.T.);
#9509 = ORIENTED_EDGE('',*,*,#9097,.T.);
#9510 = ORIENTED_EDGE('',*,*,#9125,.T.);
#9511 = ORIENTED_EDGE('',*,*,#9153,.T.);
#9512 = ORIENTED_EDGE('',*,*,#9181,.T.);
#9513 = ORIENTED_EDGE('',*,*,#9209,.T.);
#9514 = ORIENTED_EDGE('',*,*,#9237,.T.);
#9515 = ORIENTED_EDGE('',*,*,#9272,.T.);
#9516 = ORIENTED_EDGE('',*,*,#9287,.T.);
#9517 = ORIENTED_EDGE('',*,*,#9315,.T.);
#9518 = ORIENTED_EDGE('',*,*,#9343,.T.);
#9519 = ORIENTED_EDGE('',*,*,#9371,.T.);
#9520 = ORIENTED_EDGE('',*,*,#9399,.T.);
#9521 = ORIENTED_EDGE('',*,*,#9427,.T.);
#9522 = ORIENTED_EDGE('',*,*,#9455,.T.);
#9523 = ORIENTED_EDGE('',*,*,#9483,.T.);
#9524 = B_SPLINE_SURFACE_WITH_KNOTS('',1,1,(
    (#9525,#9526)
    ,(#9527,#9528
    )),.UNSPECIFIED.,.F.,.F.,.F.,(2,2),(2,2),(-3.831247982155E-02,
    7.29130238813E-03),(-2.336725947181E-02,6.063088349475E-03),
  .PIECEWISE_BEZIER_KNOTS.);
#9525 = CARTESIAN_POINT('',(-0.138358378966,0.64,0.312755609477));
#9526 = CARTESIAN_POINT('',(-0.108928031145,0.64,0.312755609477));
#9527 = CARTESIAN_POINT('',(-0.138358378966,0.64,0.267151827267));
#9528 = CARTESIAN_POINT('',(-0.108928031145,0.64,0.267151827267));
#9529 = ADVANCED_FACE('',(#9530),#9552,.F.);
#9530 = FACE_BOUND('',#9531,.T.);
#9531 = EDGE_LOOP('',(#9532,#9533,#9540,#9547));
#9532 = ORIENTED_EDGE('',*,*,#174,.T.);
#9533 = ORIENTED_EDGE('',*,*,#9534,.F.);
#9534 = EDGE_CURVE('',#9535,#166,#9537,.T.);
#9535 = VERTEX_POINT('',#9536);
#9536 = CARTESIAN_POINT('',(-0.176241958647,0.64,0.311757441877));
#9537 = B_SPLINE_CURVE_WITH_KNOTS('',1,(#9538,#9539),.UNSPECIFIED.,.F.,
  .F.,(2,2),(-0.,1.E-02),.PIECEWISE_BEZIER_KNOTS.);
#9538 = CARTESIAN_POINT('',(-0.176241958647,0.64,0.311757441877));
#9539 = CARTESIAN_POINT('',(-0.176241958647,0.63,0.311757441877));
#9540 = ORIENTED_EDGE('',*,*,#9541,.F.);
#9541 = EDGE_CURVE('',#9542,#9535,#9544,.T.);
#9542 = VERTEX_POINT('',#9543);
#9543 = CARTESIAN_POINT('',(-0.184164913969,0.64,0.311757441877));
#9544 = B_SPLINE_CURVE_WITH_KNOTS('',1,(#9545,#9546),.UNSPECIFIED.,.F.,
  .F.,(2,2),(-7.922955322041E-03,0.),.PIECEWISE_BEZIER_KNOTS.);
#9545 = CARTESIAN_POINT('',(-0.184164913969,0.64,0.311757441877));
#9546 = CARTESIAN_POINT('',(-0.176241958647,0.64,0.311757441877));
#9547 = ORIENTED_EDGE('',*,*,#9548,.T.);
#9548 = EDGE_CURVE('',#9542,#175,#9549,.T.);
#9549 = B_SPLINE_CURVE_WITH_KNOTS('',1,(#9550,#9551),.UNSPECIFIED.,.F.,
  .F.,(2,2),(-0.,1.E-02),.PIECEWISE_BEZIER_KNOTS.);
#9550 = CARTESIAN_POINT('',(-0.184164913969,0.64,0.311757441877));
#9551 = CARTESIAN_POINT('',(-0.184164913969,0.63,0.311757441877));
#9552 = B_SPLINE_SURFACE_WITH_KNOTS('',1,1,(
    (#9553,#9554)
    ,(#9555,#9556
    )),.UNSPECIFIED.,.F.,.F.,.F.,(2,2),(2,2),(0.,7.922955322041E-03),(
    -1.E-02,0.),.PIECEWISE_BEZIER_KNOTS.);
#9553 = CARTESIAN_POINT('',(-0.176241958647,0.63,0.311757441877));
#9554 = CARTESIAN_POINT('',(-0.176241958647,0.64,0.311757441877));
#9555 = CARTESIAN_POINT('',(-0.184164913969,0.63,0.311757441877));
#9556 = CARTESIAN_POINT('',(-0.184164913969,0.64,0.311757441877));
#9557 = ADVANCED_FACE('',(#9558),#9574,.F.);
#9558 = FACE_BOUND('',#9559,.T.);
#9559 = EDGE_LOOP('',(#9560,#9561,#9568,#9573));
#9560 = ORIENTED_EDGE('',*,*,#165,.T.);
#9561 = ORIENTED_EDGE('',*,*,#9562,.F.);
#9562 = EDGE_CURVE('',#9563,#168,#9565,.T.);
#9563 = VERTEX_POINT('',#9564);
#9564 = CARTESIAN_POINT('',(-0.164341929295,0.64,0.278942682038));
#9565 = B_SPLINE_CURVE_WITH_KNOTS('',1,(#9566,#9567),.UNSPECIFIED.,.F.,
  .F.,(2,2),(-0.,1.E-02),.PIECEWISE_BEZIER_KNOTS.);
#9566 = CARTESIAN_POINT('',(-0.164341929295,0.64,0.278942682038));
#9567 = CARTESIAN_POINT('',(-0.164341929295,0.63,0.278942682038));
#9568 = ORIENTED_EDGE('',*,*,#9569,.F.);
#9569 = EDGE_CURVE('',#9535,#9563,#9570,.T.);
#9570 = B_SPLINE_CURVE_WITH_KNOTS('',1,(#9571,#9572),.UNSPECIFIED.,.F.,
  .F.,(2,2),(-3.490586142583E-02,0.),.PIECEWISE_BEZIER_KNOTS.);
#9571 = CARTESIAN_POINT('',(-0.176241958647,0.64,0.311757441877));
#9572 = CARTESIAN_POINT('',(-0.164341929295,0.64,0.278942682038));
#9573 = ORIENTED_EDGE('',*,*,#9534,.T.);
#9574 = B_SPLINE_SURFACE_WITH_KNOTS('',1,1,(
    (#9575,#9576)
    ,(#9577,#9578
    )),.UNSPECIFIED.,.F.,.F.,.F.,(2,2),(2,2),(0.,3.490586142583E-02),(
    -1.E-02,0.),.PIECEWISE_BEZIER_KNOTS.);
#9575 = CARTESIAN_POINT('',(-0.164341929295,0.63,0.278942682038));
#9576 = CARTESIAN_POINT('',(-0.164341929295,0.64,0.278942682038));
#9577 = CARTESIAN_POINT('',(-0.176241958647,0.63,0.311757441877));
#9578 = CARTESIAN_POINT('',(-0.176241958647,0.64,0.311757441877));
#9579 = ADVANCED_FACE('',(#9580),#9598,.F.);
#9580 = FACE_BOUND('',#9581,.F.);
#9581 = EDGE_LOOP('',(#9582,#9583,#9592,#9597));
#9582 = ORIENTED_EDGE('',*,*,#9562,.F.);
#9583 = ORIENTED_EDGE('',*,*,#9584,.T.);
#9584 = EDGE_CURVE('',#9563,#9585,#9587,.T.);
#9585 = VERTEX_POINT('',#9586);
#9586 = CARTESIAN_POINT('',(-0.16340614717,0.64,0.275417902701));
#9587 = B_SPLINE_CURVE_WITH_KNOTS('',3,(#9588,#9589,#9590,#9591),
  .UNSPECIFIED.,.F.,.F.,(4,4),(12.,13.),.PIECEWISE_BEZIER_KNOTS.);
#9588 = CARTESIAN_POINT('',(-0.164341929295,0.64,0.278942682038));
#9589 = CARTESIAN_POINT('',(-0.163874038232,0.64,0.277414237901));
#9590 = CARTESIAN_POINT('',(-0.163562110857,0.64,0.276228913877));
#9591 = CARTESIAN_POINT('',(-0.16340614717,0.64,0.275417902701));
#9592 = ORIENTED_EDGE('',*,*,#9593,.T.);
#9593 = EDGE_CURVE('',#9585,#267,#9594,.T.);
#9594 = B_SPLINE_CURVE_WITH_KNOTS('',1,(#9595,#9596),.UNSPECIFIED.,.F.,
  .F.,(2,2),(-0.,1.E-02),.PIECEWISE_BEZIER_KNOTS.);
#9595 = CARTESIAN_POINT('',(-0.16340614717,0.64,0.275417902701));
#9596 = CARTESIAN_POINT('',(-0.16340614717,0.63,0.275417902701));
#9597 = ORIENTED_EDGE('',*,*,#273,.F.);
#9598 = B_SPLINE_SURFACE_WITH_KNOTS('',3,1,(
    (#9599,#9600)
    ,(#9601,#9602)
    ,(#9603,#9604)
    ,(#9605,#9606
    )),.UNSPECIFIED.,.F.,.F.,.F.,(4,4),(2,2),(12.,13.),(0.,1.),
  .PIECEWISE_BEZIER_KNOTS.);
#9599 = CARTESIAN_POINT('',(-0.164341929295,0.64,0.278942682038));
#9600 = CARTESIAN_POINT('',(-0.164341929295,0.63,0.278942682038));
#9601 = CARTESIAN_POINT('',(-0.163874038232,0.64,0.277414237901));
#9602 = CARTESIAN_POINT('',(-0.163874038232,0.63,0.277414237901));
#9603 = CARTESIAN_POINT('',(-0.163562110857,0.64,0.276228913877));
#9604 = CARTESIAN_POINT('',(-0.163562110857,0.63,0.276228913877));
#9605 = CARTESIAN_POINT('',(-0.16340614717,0.64,0.275417902701));
#9606 = CARTESIAN_POINT('',(-0.16340614717,0.63,0.275417902701));
#9607 = ADVANCED_FACE('',(#9608),#9624,.F.);
#9608 = FACE_BOUND('',#9609,.T.);
#9609 = EDGE_LOOP('',(#9610,#9611,#9618,#9623));
#9610 = ORIENTED_EDGE('',*,*,#266,.T.);
#9611 = ORIENTED_EDGE('',*,*,#9612,.F.);
#9612 = EDGE_CURVE('',#9613,#260,#9615,.T.);
#9613 = VERTEX_POINT('',#9614);
#9614 = CARTESIAN_POINT('',(-0.163203394376,0.64,0.275417902701));
#9615 = B_SPLINE_CURVE_WITH_KNOTS('',1,(#9616,#9617),.UNSPECIFIED.,.F.,
  .F.,(2,2),(-0.,1.E-02),.PIECEWISE_BEZIER_KNOTS.);
#9616 = CARTESIAN_POINT('',(-0.163203394376,0.64,0.275417902701));
#9617 = CARTESIAN_POINT('',(-0.163203394376,0.63,0.275417902701));
#9618 = ORIENTED_EDGE('',*,*,#9619,.F.);
#9619 = EDGE_CURVE('',#9585,#9613,#9620,.T.);
#9620 = B_SPLINE_CURVE_WITH_KNOTS('',1,(#9621,#9622),.UNSPECIFIED.,.F.,
  .F.,(2,2),(-2.027527934503E-04,0.),.PIECEWISE_BEZIER_KNOTS.);
#9621 = CARTESIAN_POINT('',(-0.16340614717,0.64,0.275417902701));
#9622 = CARTESIAN_POINT('',(-0.163203394376,0.64,0.275417902701));
#9623 = ORIENTED_EDGE('',*,*,#9593,.T.);
#9624 = B_SPLINE_SURFACE_WITH_KNOTS('',1,1,(
    (#9625,#9626)
    ,(#9627,#9628
    )),.UNSPECIFIED.,.F.,.F.,.F.,(2,2),(2,2),(-0.,2.027527934503E-04),(
    -1.E-02,0.),.PIECEWISE_BEZIER_KNOTS.);
#9625 = CARTESIAN_POINT('',(-0.163203394376,0.63,0.275417902701));
#9626 = CARTESIAN_POINT('',(-0.163203394376,0.64,0.275417902701));
#9627 = CARTESIAN_POINT('',(-0.16340614717,0.63,0.275417902701));
#9628 = CARTESIAN_POINT('',(-0.16340614717,0.64,0.275417902701));
#9629 = ADVANCED_FACE('',(#9630),#9646,.F.);
#9630 = FACE_BOUND('',#9631,.T.);
#9631 = EDGE_LOOP('',(#9632,#9633,#9640,#9645));
#9632 = ORIENTED_EDGE('',*,*,#259,.T.);
#9633 = ORIENTED_EDGE('',*,*,#9634,.F.);
#9634 = EDGE_CURVE('',#9635,#253,#9637,.T.);
#9635 = VERTEX_POINT('',#9636);
#9636 = CARTESIAN_POINT('',(-0.162267612252,0.64,0.279005067513));
#9637 = B_SPLINE_CURVE_WITH_KNOTS('',1,(#9638,#9639),.UNSPECIFIED.,.F.,
  .F.,(2,2),(-0.,1.E-02),.PIECEWISE_BEZIER_KNOTS.);
#9638 = CARTESIAN_POINT('',(-0.162267612252,0.64,0.279005067513));
#9639 = CARTESIAN_POINT('',(-0.162267612252,0.63,0.279005067513));
#9640 = ORIENTED_EDGE('',*,*,#9641,.F.);
#9641 = EDGE_CURVE('',#9613,#9635,#9642,.T.);
#9642 = B_SPLINE_CURVE_WITH_KNOTS('',1,(#9643,#9644),.UNSPECIFIED.,.F.,
  .F.,(2,2),(-3.707214529686E-03,0.),.PIECEWISE_BEZIER_KNOTS.);
#9643 = CARTESIAN_POINT('',(-0.163203394376,0.64,0.275417902701));
#9644 = CARTESIAN_POINT('',(-0.162267612252,0.64,0.279005067513));
#9645 = ORIENTED_EDGE('',*,*,#9612,.T.);
#9646 = B_SPLINE_SURFACE_WITH_KNOTS('',1,1,(
    (#9647,#9648)
    ,(#9649,#9650
    )),.UNSPECIFIED.,.F.,.F.,.F.,(2,2),(2,2),(-0.,3.707214529686E-03),(
    -1.E-02,0.),.PIECEWISE_BEZIER_KNOTS.);
#9647 = CARTESIAN_POINT('',(-0.162267612252,0.63,0.279005067513));
#9648 = CARTESIAN_POINT('',(-0.162267612252,0.64,0.279005067513));
#9649 = CARTESIAN_POINT('',(-0.163203394376,0.63,0.275417902701));
#9650 = CARTESIAN_POINT('',(-0.163203394376,0.64,0.275417902701));
#9651 = ADVANCED_FACE('',(#9652),#9668,.F.);
#9652 = FACE_BOUND('',#9653,.T.);
#9653 = EDGE_LOOP('',(#9654,#9655,#9662,#9667));
#9654 = ORIENTED_EDGE('',*,*,#252,.T.);
#9655 = ORIENTED_EDGE('',*,*,#9656,.F.);
#9656 = EDGE_CURVE('',#9657,#246,#9659,.T.);
#9657 = VERTEX_POINT('',#9658);
#9658 = CARTESIAN_POINT('',(-0.150882263068,0.64,0.311757441877));
#9659 = B_SPLINE_CURVE_WITH_KNOTS('',1,(#9660,#9661),.UNSPECIFIED.,.F.,
  .F.,(2,2),(-0.,1.E-02),.PIECEWISE_BEZIER_KNOTS.);
#9660 = CARTESIAN_POINT('',(-0.150882263068,0.64,0.311757441877));
#9661 = CARTESIAN_POINT('',(-0.150882263068,0.63,0.311757441877));
#9662 = ORIENTED_EDGE('',*,*,#9663,.F.);
#9663 = EDGE_CURVE('',#9635,#9657,#9664,.T.);
#9664 = B_SPLINE_CURVE_WITH_KNOTS('',1,(#9665,#9666),.UNSPECIFIED.,.F.,
  .F.,(2,2),(-3.467483529186E-02,0.),.PIECEWISE_BEZIER_KNOTS.);
#9665 = CARTESIAN_POINT('',(-0.162267612252,0.64,0.279005067513));
#9666 = CARTESIAN_POINT('',(-0.150882263068,0.64,0.311757441877));
#9667 = ORIENTED_EDGE('',*,*,#9634,.T.);
#9668 = B_SPLINE_SURFACE_WITH_KNOTS('',1,1,(
    (#9669,#9670)
    ,(#9671,#9672
    )),.UNSPECIFIED.,.F.,.F.,.F.,(2,2),(2,2),(-0.,3.467483529186E-02),(
    -1.E-02,0.),.PIECEWISE_BEZIER_KNOTS.);
#9669 = CARTESIAN_POINT('',(-0.150882263068,0.63,0.311757441877));
#9670 = CARTESIAN_POINT('',(-0.150882263068,0.64,0.311757441877));
#9671 = CARTESIAN_POINT('',(-0.162267612252,0.63,0.279005067513));
#9672 = CARTESIAN_POINT('',(-0.162267612252,0.64,0.279005067513));
#9673 = ADVANCED_FACE('',(#9674),#9690,.F.);
#9674 = FACE_BOUND('',#9675,.T.);
#9675 = EDGE_LOOP('',(#9676,#9677,#9684,#9689));
#9676 = ORIENTED_EDGE('',*,*,#245,.T.);
#9677 = ORIENTED_EDGE('',*,*,#9678,.F.);
#9678 = EDGE_CURVE('',#9679,#239,#9681,.T.);
#9679 = VERTEX_POINT('',#9680);
#9680 = CARTESIAN_POINT('',(-0.142335452996,0.64,0.311757441877));
#9681 = B_SPLINE_CURVE_WITH_KNOTS('',1,(#9682,#9683),.UNSPECIFIED.,.F.,
  .F.,(2,2),(-0.,1.E-02),.PIECEWISE_BEZIER_KNOTS.);
#9682 = CARTESIAN_POINT('',(-0.142335452996,0.64,0.311757441877));
#9683 = CARTESIAN_POINT('',(-0.142335452996,0.63,0.311757441877));
#9684 = ORIENTED_EDGE('',*,*,#9685,.F.);
#9685 = EDGE_CURVE('',#9657,#9679,#9686,.T.);
#9686 = B_SPLINE_CURVE_WITH_KNOTS('',1,(#9687,#9688),.UNSPECIFIED.,.F.,
  .F.,(2,2),(-8.546810072159E-03,0.),.PIECEWISE_BEZIER_KNOTS.);
#9687 = CARTESIAN_POINT('',(-0.150882263068,0.64,0.311757441877));
#9688 = CARTESIAN_POINT('',(-0.142335452996,0.64,0.311757441877));
#9689 = ORIENTED_EDGE('',*,*,#9656,.T.);
#9690 = B_SPLINE_SURFACE_WITH_KNOTS('',1,1,(
    (#9691,#9692)
    ,(#9693,#9694
    )),.UNSPECIFIED.,.F.,.F.,.F.,(2,2),(2,2),(0.,8.546810072159E-03),(
    -1.E-02,0.),.PIECEWISE_BEZIER_KNOTS.);
#9691 = CARTESIAN_POINT('',(-0.142335452996,0.63,0.311757441877));
#9692 = CARTESIAN_POINT('',(-0.142335452996,0.64,0.311757441877));
#9693 = CARTESIAN_POINT('',(-0.150882263068,0.63,0.311757441877));
#9694 = CARTESIAN_POINT('',(-0.150882263068,0.64,0.311757441877));
#9695 = ADVANCED_FACE('',(#9696),#9712,.F.);
#9696 = FACE_BOUND('',#9697,.T.);
#9697 = EDGE_LOOP('',(#9698,#9699,#9706,#9711));
#9698 = ORIENTED_EDGE('',*,*,#238,.T.);
#9699 = ORIENTED_EDGE('',*,*,#9700,.F.);
#9700 = EDGE_CURVE('',#9701,#232,#9703,.T.);
#9701 = VERTEX_POINT('',#9702);
#9702 = CARTESIAN_POINT('',(-0.15942907314,0.64,0.268274765817));
#9703 = B_SPLINE_CURVE_WITH_KNOTS('',1,(#9704,#9705),.UNSPECIFIED.,.F.,
  .F.,(2,2),(-0.,1.E-02),.PIECEWISE_BEZIER_KNOTS.);
#9704 = CARTESIAN_POINT('',(-0.15942907314,0.64,0.268274765817));
#9705 = CARTESIAN_POINT('',(-0.15942907314,0.63,0.268274765817));
#9706 = ORIENTED_EDGE('',*,*,#9707,.F.);
#9707 = EDGE_CURVE('',#9679,#9701,#9708,.T.);
#9708 = B_SPLINE_CURVE_WITH_KNOTS('',1,(#9709,#9710),.UNSPECIFIED.,.F.,
  .F.,(2,2),(-4.672188959154E-02,-0.),.PIECEWISE_BEZIER_KNOTS.);
#9709 = CARTESIAN_POINT('',(-0.142335452996,0.64,0.311757441877));
#9710 = CARTESIAN_POINT('',(-0.15942907314,0.64,0.268274765817));
#9711 = ORIENTED_EDGE('',*,*,#9678,.T.);
#9712 = B_SPLINE_SURFACE_WITH_KNOTS('',1,1,(
    (#9713,#9714)
    ,(#9715,#9716
    )),.UNSPECIFIED.,.F.,.F.,.F.,(2,2),(2,2),(0.,4.672188959154E-02),(
    -1.E-02,0.),.PIECEWISE_BEZIER_KNOTS.);
#9713 = CARTESIAN_POINT('',(-0.15942907314,0.63,0.268274765817));
#9714 = CARTESIAN_POINT('',(-0.15942907314,0.64,0.268274765817));
#9715 = CARTESIAN_POINT('',(-0.142335452996,0.63,0.311757441877));
#9716 = CARTESIAN_POINT('',(-0.142335452996,0.64,0.311757441877));
#9717 = ADVANCED_FACE('',(#9718),#9734,.F.);
#9718 = FACE_BOUND('',#9719,.T.);
#9719 = EDGE_LOOP('',(#9720,#9721,#9728,#9733));
#9720 = ORIENTED_EDGE('',*,*,#231,.T.);
#9721 = ORIENTED_EDGE('',*,*,#9722,.F.);
#9722 = EDGE_CURVE('',#9723,#223,#9725,.T.);
#9723 = VERTEX_POINT('',#9724);
#9724 = CARTESIAN_POINT('',(-0.15607585386,0.64,0.260351810494));
#9725 = B_SPLINE_CURVE_WITH_KNOTS('',1,(#9726,#9727),.UNSPECIFIED.,.F.,
  .F.,(2,2),(-0.,1.E-02),.PIECEWISE_BEZIER_KNOTS.);
#9726 = CARTESIAN_POINT('',(-0.15607585386,0.64,0.260351810494));
#9727 = CARTESIAN_POINT('',(-0.15607585386,0.63,0.260351810494));
#9728 = ORIENTED_EDGE('',*,*,#9729,.F.);
#9729 = EDGE_CURVE('',#9701,#9723,#9730,.T.);
#9730 = B_SPLINE_CURVE_WITH_KNOTS('',1,(#9731,#9732),.UNSPECIFIED.,.F.,
  .F.,(2,2),(-8.603330784243E-03,1.081796499784E-17),
  .PIECEWISE_BEZIER_KNOTS.);
#9731 = CARTESIAN_POINT('',(-0.15942907314,0.64,0.268274765817));
#9732 = CARTESIAN_POINT('',(-0.15607585386,0.64,0.260351810494));
#9733 = ORIENTED_EDGE('',*,*,#9700,.T.);
#9734 = B_SPLINE_SURFACE_WITH_KNOTS('',1,1,(
    (#9735,#9736)
    ,(#9737,#9738
    )),.UNSPECIFIED.,.F.,.F.,.F.,(2,2),(2,2),(-1.081796499784E-17,
    8.603330784243E-03),(-1.E-02,0.),.PIECEWISE_BEZIER_KNOTS.);
#9735 = CARTESIAN_POINT('',(-0.15607585386,0.63,0.260351810494));
#9736 = CARTESIAN_POINT('',(-0.15607585386,0.64,0.260351810494));
#9737 = CARTESIAN_POINT('',(-0.15942907314,0.63,0.268274765817));
#9738 = CARTESIAN_POINT('',(-0.15942907314,0.64,0.268274765817));
#9739 = ADVANCED_FACE('',(#9740),#9758,.F.);
#9740 = FACE_BOUND('',#9741,.F.);
#9741 = EDGE_LOOP('',(#9742,#9743,#9752,#9757));
#9742 = ORIENTED_EDGE('',*,*,#9722,.F.);
#9743 = ORIENTED_EDGE('',*,*,#9744,.T.);
#9744 = EDGE_CURVE('',#9723,#9745,#9747,.T.);
#9745 = VERTEX_POINT('',#9746);
#9746 = CARTESIAN_POINT('',(-0.14824647675,0.64,0.254206841209));
#9747 = B_SPLINE_CURVE_WITH_KNOTS('',3,(#9748,#9749,#9750,#9751),
  .UNSPECIFIED.,.F.,.F.,(4,4),(5.,6.),.PIECEWISE_BEZIER_KNOTS.);
#9748 = CARTESIAN_POINT('',(-0.15607585386,0.64,0.260351810494));
#9749 = CARTESIAN_POINT('',(-0.154344656929,0.64,0.256234369146));
#9750 = CARTESIAN_POINT('',(-0.151740063349,0.64,0.254206841209));
#9751 = CARTESIAN_POINT('',(-0.14824647675,0.64,0.254206841209));
#9752 = ORIENTED_EDGE('',*,*,#9753,.T.);
#9753 = EDGE_CURVE('',#9745,#214,#9754,.T.);
#9754 = B_SPLINE_CURVE_WITH_KNOTS('',1,(#9755,#9756),.UNSPECIFIED.,.F.,
  .F.,(2,2),(-0.,1.E-02),.PIECEWISE_BEZIER_KNOTS.);
#9755 = CARTESIAN_POINT('',(-0.14824647675,0.64,0.254206841209));
#9756 = CARTESIAN_POINT('',(-0.14824647675,0.63,0.254206841209));
#9757 = ORIENTED_EDGE('',*,*,#222,.F.);
#9758 = B_SPLINE_SURFACE_WITH_KNOTS('',3,1,(
    (#9759,#9760)
    ,(#9761,#9762)
    ,(#9763,#9764)
    ,(#9765,#9766
    )),.UNSPECIFIED.,.F.,.F.,.F.,(4,4),(2,2),(5.,6.),(0.,1.),
  .PIECEWISE_BEZIER_KNOTS.);
#9759 = CARTESIAN_POINT('',(-0.15607585386,0.64,0.260351810494));
#9760 = CARTESIAN_POINT('',(-0.15607585386,0.63,0.260351810494));
#9761 = CARTESIAN_POINT('',(-0.154344656929,0.64,0.256234369146));
#9762 = CARTESIAN_POINT('',(-0.154344656929,0.63,0.256234369146));
#9763 = CARTESIAN_POINT('',(-0.151740063349,0.64,0.254206841209));
#9764 = CARTESIAN_POINT('',(-0.151740063349,0.63,0.254206841209));
#9765 = CARTESIAN_POINT('',(-0.14824647675,0.64,0.254206841209));
#9766 = CARTESIAN_POINT('',(-0.14824647675,0.63,0.254206841209));
#9767 = ADVANCED_FACE('',(#9768),#9786,.F.);
#9768 = FACE_BOUND('',#9769,.F.);
#9769 = EDGE_LOOP('',(#9770,#9771,#9780,#9785));
#9770 = ORIENTED_EDGE('',*,*,#9753,.F.);
#9771 = ORIENTED_EDGE('',*,*,#9772,.T.);
#9772 = EDGE_CURVE('',#9745,#9773,#9775,.T.);
#9773 = VERTEX_POINT('',#9774);
#9774 = CARTESIAN_POINT('',(-0.143910686239,0.64,0.255080237859));
#9775 = B_SPLINE_CURVE_WITH_KNOTS('',3,(#9776,#9777,#9778,#9779),
  .UNSPECIFIED.,.F.,.F.,(4,4),(4.,5.),.PIECEWISE_BEZIER_KNOTS.);
#9776 = CARTESIAN_POINT('',(-0.14824647675,0.64,0.254206841209));
#9777 = CARTESIAN_POINT('',(-0.146842803563,0.64,0.254206841209));
#9778 = CARTESIAN_POINT('',(-0.145407937639,0.64,0.254487575846));
#9779 = CARTESIAN_POINT('',(-0.143910686239,0.64,0.255080237859));
#9780 = ORIENTED_EDGE('',*,*,#9781,.T.);
#9781 = EDGE_CURVE('',#9773,#207,#9782,.T.);
#9782 = B_SPLINE_CURVE_WITH_KNOTS('',1,(#9783,#9784),.UNSPECIFIED.,.F.,
  .F.,(2,2),(-0.,1.E-02),.PIECEWISE_BEZIER_KNOTS.);
#9783 = CARTESIAN_POINT('',(-0.143910686239,0.64,0.255080237859));
#9784 = CARTESIAN_POINT('',(-0.143910686239,0.63,0.255080237859));
#9785 = ORIENTED_EDGE('',*,*,#213,.F.);
#9786 = B_SPLINE_SURFACE_WITH_KNOTS('',3,1,(
    (#9787,#9788)
    ,(#9789,#9790)
    ,(#9791,#9792)
    ,(#9793,#9794
    )),.UNSPECIFIED.,.F.,.F.,.F.,(4,4),(2,2),(4.,5.),(0.,1.),
  .PIECEWISE_BEZIER_KNOTS.);
#9787 = CARTESIAN_POINT('',(-0.14824647675,0.64,0.254206841209));
#9788 = CARTESIAN_POINT('',(-0.14824647675,0.63,0.254206841209));
#9789 = CARTESIAN_POINT('',(-0.146842803563,0.64,0.254206841209));
#9790 = CARTESIAN_POINT('',(-0.146842803563,0.63,0.254206841209));
#9791 = CARTESIAN_POINT('',(-0.145407937639,0.64,0.254487575846));
#9792 = CARTESIAN_POINT('',(-0.145407937639,0.63,0.254487575846));
#9793 = CARTESIAN_POINT('',(-0.143910686239,0.64,0.255080237859));
#9794 = CARTESIAN_POINT('',(-0.143910686239,0.63,0.255080237859));
#9795 = ADVANCED_FACE('',(#9796),#9812,.F.);
#9796 = FACE_BOUND('',#9797,.T.);
#9797 = EDGE_LOOP('',(#9798,#9799,#9806,#9811));
#9798 = ORIENTED_EDGE('',*,*,#206,.T.);
#9799 = ORIENTED_EDGE('',*,*,#9800,.F.);
#9800 = EDGE_CURVE('',#9801,#198,#9803,.T.);
#9801 = VERTEX_POINT('',#9802);
#9802 = CARTESIAN_POINT('',(-0.143910686239,0.64,0.248280221086));
#9803 = B_SPLINE_CURVE_WITH_KNOTS('',1,(#9804,#9805),.UNSPECIFIED.,.F.,
  .F.,(2,2),(-0.,1.E-02),.PIECEWISE_BEZIER_KNOTS.);
#9804 = CARTESIAN_POINT('',(-0.143910686239,0.64,0.248280221086));
#9805 = CARTESIAN_POINT('',(-0.143910686239,0.63,0.248280221086));
#9806 = ORIENTED_EDGE('',*,*,#9807,.F.);
#9807 = EDGE_CURVE('',#9773,#9801,#9808,.T.);
#9808 = B_SPLINE_CURVE_WITH_KNOTS('',1,(#9809,#9810),.UNSPECIFIED.,.F.,
  .F.,(2,2),(-6.800016772865E-03,-5.551115123126E-17),
  .PIECEWISE_BEZIER_KNOTS.);
#9809 = CARTESIAN_POINT('',(-0.143910686239,0.64,0.255080237859));
#9810 = CARTESIAN_POINT('',(-0.143910686239,0.64,0.248280221086));
#9811 = ORIENTED_EDGE('',*,*,#9781,.T.);
#9812 = B_SPLINE_SURFACE_WITH_KNOTS('',1,1,(
    (#9813,#9814)
    ,(#9815,#9816
    )),.UNSPECIFIED.,.F.,.F.,.F.,(2,2),(2,2),(5.551115123126E-17,
    6.800016772865E-03),(-1.E-02,0.),.PIECEWISE_BEZIER_KNOTS.);
#9813 = CARTESIAN_POINT('',(-0.143910686239,0.63,0.248280221086));
#9814 = CARTESIAN_POINT('',(-0.143910686239,0.64,0.248280221086));
#9815 = CARTESIAN_POINT('',(-0.143910686239,0.63,0.255080237859));
#9816 = CARTESIAN_POINT('',(-0.143910686239,0.64,0.255080237859));
#9817 = ADVANCED_FACE('',(#9818),#9836,.F.);
#9818 = FACE_BOUND('',#9819,.F.);
#9819 = EDGE_LOOP('',(#9820,#9821,#9830,#9835));
#9820 = ORIENTED_EDGE('',*,*,#9800,.F.);
#9821 = ORIENTED_EDGE('',*,*,#9822,.T.);
#9822 = EDGE_CURVE('',#9801,#9823,#9825,.T.);
#9823 = VERTEX_POINT('',#9824);
#9824 = CARTESIAN_POINT('',(-0.148839138762,0.64,0.247656366336));
#9825 = B_SPLINE_CURVE_WITH_KNOTS('',3,(#9826,#9827,#9828,#9829),
  .UNSPECIFIED.,.F.,.F.,(4,4),(2.,3.),.PIECEWISE_BEZIER_KNOTS.);
#9826 = CARTESIAN_POINT('',(-0.143910686239,0.64,0.248280221086));
#9827 = CARTESIAN_POINT('',(-0.14526757032,0.64,0.247874715498));
#9828 = CARTESIAN_POINT('',(-0.146920785407,0.64,0.247656366336));
#9829 = CARTESIAN_POINT('',(-0.148839138762,0.64,0.247656366336));
#9830 = ORIENTED_EDGE('',*,*,#9831,.T.);
#9831 = EDGE_CURVE('',#9823,#189,#9832,.T.);
#9832 = B_SPLINE_CURVE_WITH_KNOTS('',1,(#9833,#9834),.UNSPECIFIED.,.F.,
  .F.,(2,2),(-0.,1.E-02),.PIECEWISE_BEZIER_KNOTS.);
#9833 = CARTESIAN_POINT('',(-0.148839138762,0.64,0.247656366336));
#9834 = CARTESIAN_POINT('',(-0.148839138762,0.63,0.247656366336));
#9835 = ORIENTED_EDGE('',*,*,#197,.F.);
#9836 = B_SPLINE_SURFACE_WITH_KNOTS('',3,1,(
    (#9837,#9838)
    ,(#9839,#9840)
    ,(#9841,#9842)
    ,(#9843,#9844
    )),.UNSPECIFIED.,.F.,.F.,.F.,(4,4),(2,2),(2.,3.),(0.,1.),
  .PIECEWISE_BEZIER_KNOTS.);
#9837 = CARTESIAN_POINT('',(-0.143910686239,0.64,0.248280221086));
#9838 = CARTESIAN_POINT('',(-0.143910686239,0.63,0.248280221086));
#9839 = CARTESIAN_POINT('',(-0.14526757032,0.64,0.247874715498));
#9840 = CARTESIAN_POINT('',(-0.14526757032,0.63,0.247874715498));
#9841 = CARTESIAN_POINT('',(-0.146920785407,0.64,0.247656366336));
#9842 = CARTESIAN_POINT('',(-0.146920785407,0.63,0.247656366336));
#9843 = CARTESIAN_POINT('',(-0.148839138762,0.64,0.247656366336));
#9844 = CARTESIAN_POINT('',(-0.148839138762,0.63,0.247656366336));
#9845 = ADVANCED_FACE('',(#9846),#9864,.F.);
#9846 = FACE_BOUND('',#9847,.F.);
#9847 = EDGE_LOOP('',(#9848,#9849,#9858,#9863));
#9848 = ORIENTED_EDGE('',*,*,#9831,.F.);
#9849 = ORIENTED_EDGE('',*,*,#9850,.T.);
#9850 = EDGE_CURVE('',#9823,#9851,#9853,.T.);
#9851 = VERTEX_POINT('',#9852);
#9852 = CARTESIAN_POINT('',(-0.164388718401,0.64,0.261599519994));
#9853 = B_SPLINE_CURVE_WITH_KNOTS('',3,(#9854,#9855,#9856,#9857),
  .UNSPECIFIED.,.F.,.F.,(4,4),(1.,2.),.PIECEWISE_BEZIER_KNOTS.);
#9854 = CARTESIAN_POINT('',(-0.148839138762,0.64,0.247656366336));
#9855 = CARTESIAN_POINT('',(-0.155529980954,0.64,0.247656366336));
#9856 = CARTESIAN_POINT('',(-0.160707975377,0.64,0.252304084222));
#9857 = CARTESIAN_POINT('',(-0.164388718401,0.64,0.261599519994));
#9858 = ORIENTED_EDGE('',*,*,#9859,.T.);
#9859 = EDGE_CURVE('',#9851,#182,#9860,.T.);
#9860 = B_SPLINE_CURVE_WITH_KNOTS('',1,(#9861,#9862),.UNSPECIFIED.,.F.,
  .F.,(2,2),(-0.,1.E-02),.PIECEWISE_BEZIER_KNOTS.);
#9861 = CARTESIAN_POINT('',(-0.164388718401,0.64,0.261599519994));
#9862 = CARTESIAN_POINT('',(-0.164388718401,0.63,0.261599519994));
#9863 = ORIENTED_EDGE('',*,*,#188,.F.);
#9864 = B_SPLINE_SURFACE_WITH_KNOTS('',3,1,(
    (#9865,#9866)
    ,(#9867,#9868)
    ,(#9869,#9870)
    ,(#9871,#9872
    )),.UNSPECIFIED.,.F.,.F.,.F.,(4,4),(2,2),(1.,2.),(0.,1.),
  .PIECEWISE_BEZIER_KNOTS.);
#9865 = CARTESIAN_POINT('',(-0.148839138762,0.64,0.247656366336));
#9866 = CARTESIAN_POINT('',(-0.148839138762,0.63,0.247656366336));
#9867 = CARTESIAN_POINT('',(-0.155529980954,0.64,0.247656366336));
#9868 = CARTESIAN_POINT('',(-0.155529980954,0.63,0.247656366336));
#9869 = CARTESIAN_POINT('',(-0.160707975377,0.64,0.252304084222));
#9870 = CARTESIAN_POINT('',(-0.160707975377,0.63,0.252304084222));
#9871 = CARTESIAN_POINT('',(-0.164388718401,0.64,0.261599519994));
#9872 = CARTESIAN_POINT('',(-0.164388718401,0.63,0.261599519994));
#9873 = ADVANCED_FACE('',(#9874),#9884,.F.);
#9874 = FACE_BOUND('',#9875,.T.);
#9875 = EDGE_LOOP('',(#9876,#9877,#9878,#9883));
#9876 = ORIENTED_EDGE('',*,*,#181,.T.);
#9877 = ORIENTED_EDGE('',*,*,#9548,.F.);
#9878 = ORIENTED_EDGE('',*,*,#9879,.F.);
#9879 = EDGE_CURVE('',#9851,#9542,#9880,.T.);
#9880 = B_SPLINE_CURVE_WITH_KNOTS('',1,(#9881,#9882),.UNSPECIFIED.,.F.,
  .F.,(2,2),(-5.39158143662E-02,0.),.PIECEWISE_BEZIER_KNOTS.);
#9881 = CARTESIAN_POINT('',(-0.164388718401,0.64,0.261599519994));
#9882 = CARTESIAN_POINT('',(-0.184164913969,0.64,0.311757441877));
#9883 = ORIENTED_EDGE('',*,*,#9859,.T.);
#9884 = B_SPLINE_SURFACE_WITH_KNOTS('',1,1,(
    (#9885,#9886)
    ,(#9887,#9888
    )),.UNSPECIFIED.,.F.,.F.,.F.,(2,2),(2,2),(0.,5.39158143662E-02),(
    -1.E-02,0.),.PIECEWISE_BEZIER_KNOTS.);
#9885 = CARTESIAN_POINT('',(-0.184164913969,0.63,0.311757441877));
#9886 = CARTESIAN_POINT('',(-0.184164913969,0.64,0.311757441877));
#9887 = CARTESIAN_POINT('',(-0.164388718401,0.63,0.261599519994));
#9888 = CARTESIAN_POINT('',(-0.164388718401,0.64,0.261599519994));
#9889 = ADVANCED_FACE('',(#9890),#9907,.T.);
#9890 = FACE_BOUND('',#9891,.T.);
#9891 = EDGE_LOOP('',(#9892,#9893,#9894,#9895,#9896,#9897,#9898,#9899,
    #9900,#9901,#9902,#9903,#9904,#9905,#9906));
#9892 = ORIENTED_EDGE('',*,*,#9541,.T.);
#9893 = ORIENTED_EDGE('',*,*,#9569,.T.);
#9894 = ORIENTED_EDGE('',*,*,#9584,.T.);
#9895 = ORIENTED_EDGE('',*,*,#9619,.T.);
#9896 = ORIENTED_EDGE('',*,*,#9641,.T.);
#9897 = ORIENTED_EDGE('',*,*,#9663,.T.);
#9898 = ORIENTED_EDGE('',*,*,#9685,.T.);
#9899 = ORIENTED_EDGE('',*,*,#9707,.T.);
#9900 = ORIENTED_EDGE('',*,*,#9729,.T.);
#9901 = ORIENTED_EDGE('',*,*,#9744,.T.);
#9902 = ORIENTED_EDGE('',*,*,#9772,.T.);
#9903 = ORIENTED_EDGE('',*,*,#9807,.T.);
#9904 = ORIENTED_EDGE('',*,*,#9822,.T.);
#9905 = ORIENTED_EDGE('',*,*,#9850,.T.);
#9906 = ORIENTED_EDGE('',*,*,#9879,.T.);
#9907 = B_SPLINE_SURFACE_WITH_KNOTS('',1,1,(
    (#9908,#9909)
    ,(#9910,#9911
    )),.UNSPECIFIED.,.F.,.F.,.F.,(2,2),(2,2),(-3.485788414535E-03,
    6.061528712655E-02),(-2.642219819964E-02,1.540726277374E-02),
  .PIECEWISE_BEZIER_KNOTS.);
#9908 = CARTESIAN_POINT('',(-0.184164913969,0.64,0.247656366336));
#9909 = CARTESIAN_POINT('',(-0.142335452996,0.64,0.247656366336));
#9910 = CARTESIAN_POINT('',(-0.184164913969,0.64,0.311757441877));
#9911 = CARTESIAN_POINT('',(-0.142335452996,0.64,0.311757441877));
#9912 = ADVANCED_FACE('',(#9913),#9935,.F.);
#9913 = FACE_BOUND('',#9914,.T.);
#9914 = EDGE_LOOP('',(#9915,#9916,#9923,#9930));
#9915 = ORIENTED_EDGE('',*,*,#88,.T.);
#9916 = ORIENTED_EDGE('',*,*,#9917,.F.);
#9917 = EDGE_CURVE('',#9918,#80,#9920,.T.);
#9918 = VERTEX_POINT('',#9919);
#9919 = CARTESIAN_POINT('',(-0.225214556506,0.64,0.275137168064));
#9920 = B_SPLINE_CURVE_WITH_KNOTS('',1,(#9921,#9922),.UNSPECIFIED.,.F.,
  .F.,(2,2),(-0.,1.E-02),.PIECEWISE_BEZIER_KNOTS.);
#9921 = CARTESIAN_POINT('',(-0.225214556506,0.64,0.275137168064));
#9922 = CARTESIAN_POINT('',(-0.225214556506,0.63,0.275137168064));
#9923 = ORIENTED_EDGE('',*,*,#9924,.F.);
#9924 = EDGE_CURVE('',#9925,#9918,#9927,.T.);
#9925 = VERTEX_POINT('',#9926);
#9926 = CARTESIAN_POINT('',(-0.225214556506,0.64,0.268181187604));
#9927 = B_SPLINE_CURVE_WITH_KNOTS('',1,(#9928,#9929),.UNSPECIFIED.,.F.,
  .F.,(2,2),(-6.955980460136E-03,0.),.PIECEWISE_BEZIER_KNOTS.);
#9928 = CARTESIAN_POINT('',(-0.225214556506,0.64,0.268181187604));
#9929 = CARTESIAN_POINT('',(-0.225214556506,0.64,0.275137168064));
#9930 = ORIENTED_EDGE('',*,*,#9931,.T.);
#9931 = EDGE_CURVE('',#9925,#89,#9932,.T.);
#9932 = B_SPLINE_CURVE_WITH_KNOTS('',1,(#9933,#9934),.UNSPECIFIED.,.F.,
  .F.,(2,2),(-0.,1.E-02),.PIECEWISE_BEZIER_KNOTS.);
#9933 = CARTESIAN_POINT('',(-0.225214556506,0.64,0.268181187604));
#9934 = CARTESIAN_POINT('',(-0.225214556506,0.63,0.268181187604));
#9935 = B_SPLINE_SURFACE_WITH_KNOTS('',1,1,(
    (#9936,#9937)
    ,(#9938,#9939
    )),.UNSPECIFIED.,.F.,.F.,.F.,(2,2),(2,2),(0.,6.955980460136E-03),(
    -1.E-02,0.),.PIECEWISE_BEZIER_KNOTS.);
#9936 = CARTESIAN_POINT('',(-0.225214556506,0.63,0.275137168064));
#9937 = CARTESIAN_POINT('',(-0.225214556506,0.64,0.275137168064));
#9938 = CARTESIAN_POINT('',(-0.225214556506,0.63,0.268181187604));
#9939 = CARTESIAN_POINT('',(-0.225214556506,0.64,0.268181187604));
#9940 = ADVANCED_FACE('',(#9941),#9957,.F.);
#9941 = FACE_BOUND('',#9942,.T.);
#9942 = EDGE_LOOP('',(#9943,#9944,#9951,#9956));
#9943 = ORIENTED_EDGE('',*,*,#79,.T.);
#9944 = ORIENTED_EDGE('',*,*,#9945,.F.);
#9945 = EDGE_CURVE('',#9946,#82,#9948,.T.);
#9946 = VERTEX_POINT('',#9947);
#9947 = CARTESIAN_POINT('',(-0.200275962883,0.64,0.275137168064));
#9948 = B_SPLINE_CURVE_WITH_KNOTS('',1,(#9949,#9950),.UNSPECIFIED.,.F.,
  .F.,(2,2),(-0.,1.E-02),.PIECEWISE_BEZIER_KNOTS.);
#9949 = CARTESIAN_POINT('',(-0.200275962883,0.64,0.275137168064));
#9950 = CARTESIAN_POINT('',(-0.200275962883,0.63,0.275137168064));
#9951 = ORIENTED_EDGE('',*,*,#9952,.F.);
#9952 = EDGE_CURVE('',#9918,#9946,#9953,.T.);
#9953 = B_SPLINE_CURVE_WITH_KNOTS('',1,(#9954,#9955),.UNSPECIFIED.,.F.,
  .F.,(2,2),(-2.493859362272E-02,0.),.PIECEWISE_BEZIER_KNOTS.);
#9954 = CARTESIAN_POINT('',(-0.225214556506,0.64,0.275137168064));
#9955 = CARTESIAN_POINT('',(-0.200275962883,0.64,0.275137168064));
#9956 = ORIENTED_EDGE('',*,*,#9917,.T.);
#9957 = B_SPLINE_SURFACE_WITH_KNOTS('',1,1,(
    (#9958,#9959)
    ,(#9960,#9961
    )),.UNSPECIFIED.,.F.,.F.,.F.,(2,2),(2,2),(0.,2.493859362272E-02),(
    -1.E-02,0.),.PIECEWISE_BEZIER_KNOTS.);
#9958 = CARTESIAN_POINT('',(-0.200275962883,0.63,0.275137168064));
#9959 = CARTESIAN_POINT('',(-0.200275962883,0.64,0.275137168064));
#9960 = CARTESIAN_POINT('',(-0.225214556506,0.63,0.275137168064));
#9961 = CARTESIAN_POINT('',(-0.225214556506,0.64,0.275137168064));
#9962 = ADVANCED_FACE('',(#9963),#9979,.F.);
#9963 = FACE_BOUND('',#9964,.T.);
#9964 = EDGE_LOOP('',(#9965,#9966,#9973,#9978));
#9965 = ORIENTED_EDGE('',*,*,#158,.T.);
#9966 = ORIENTED_EDGE('',*,*,#9967,.F.);
#9967 = EDGE_CURVE('',#9968,#152,#9970,.T.);
#9968 = VERTEX_POINT('',#9969);
#9969 = CARTESIAN_POINT('',(-0.200275962883,0.64,0.295661989332));
#9970 = B_SPLINE_CURVE_WITH_KNOTS('',1,(#9971,#9972),.UNSPECIFIED.,.F.,
  .F.,(2,2),(-0.,1.E-02),.PIECEWISE_BEZIER_KNOTS.);
#9971 = CARTESIAN_POINT('',(-0.200275962883,0.64,0.295661989332));
#9972 = CARTESIAN_POINT('',(-0.200275962883,0.63,0.295661989332));
#9973 = ORIENTED_EDGE('',*,*,#9974,.F.);
#9974 = EDGE_CURVE('',#9946,#9968,#9975,.T.);
#9975 = B_SPLINE_CURVE_WITH_KNOTS('',1,(#9976,#9977),.UNSPECIFIED.,.F.,
  .F.,(2,2),(-2.052482126799E-02,0.),.PIECEWISE_BEZIER_KNOTS.);
#9976 = CARTESIAN_POINT('',(-0.200275962883,0.64,0.275137168064));
#9977 = CARTESIAN_POINT('',(-0.200275962883,0.64,0.295661989332));
#9978 = ORIENTED_EDGE('',*,*,#9945,.T.);
#9979 = B_SPLINE_SURFACE_WITH_KNOTS('',1,1,(
    (#9980,#9981)
    ,(#9982,#9983
    )),.UNSPECIFIED.,.F.,.F.,.F.,(2,2),(2,2),(-0.,2.052482126799E-02),(
    -1.E-02,0.),.PIECEWISE_BEZIER_KNOTS.);
#9980 = CARTESIAN_POINT('',(-0.200275962883,0.63,0.295661989332));
#9981 = CARTESIAN_POINT('',(-0.200275962883,0.64,0.295661989332));
#9982 = CARTESIAN_POINT('',(-0.200275962883,0.63,0.275137168064));
#9983 = CARTESIAN_POINT('',(-0.200275962883,0.64,0.275137168064));
#9984 = ADVANCED_FACE('',(#9985),#10001,.F.);
#9985 = FACE_BOUND('',#9986,.T.);
#9986 = EDGE_LOOP('',(#9987,#9988,#9995,#10000));
#9987 = ORIENTED_EDGE('',*,*,#151,.T.);
#9988 = ORIENTED_EDGE('',*,*,#9989,.F.);
#9989 = EDGE_CURVE('',#9990,#145,#9992,.T.);
#9990 = VERTEX_POINT('',#9991);
#9991 = CARTESIAN_POINT('',(-0.222095282756,0.64,0.295661989332));
#9992 = B_SPLINE_CURVE_WITH_KNOTS('',1,(#9993,#9994),.UNSPECIFIED.,.F.,
  .F.,(2,2),(-0.,1.E-02),.PIECEWISE_BEZIER_KNOTS.);
#9993 = CARTESIAN_POINT('',(-0.222095282756,0.64,0.295661989332));
#9994 = CARTESIAN_POINT('',(-0.222095282756,0.63,0.295661989332));
#9995 = ORIENTED_EDGE('',*,*,#9996,.F.);
#9996 = EDGE_CURVE('',#9968,#9990,#9997,.T.);
#9997 = B_SPLINE_CURVE_WITH_KNOTS('',1,(#9998,#9999),.UNSPECIFIED.,.F.,
  .F.,(2,2),(-2.181931987358E-02,0.),.PIECEWISE_BEZIER_KNOTS.);
#9998 = CARTESIAN_POINT('',(-0.200275962883,0.64,0.295661989332));
#9999 = CARTESIAN_POINT('',(-0.222095282756,0.64,0.295661989332));
#10000 = ORIENTED_EDGE('',*,*,#9967,.T.);
#10001 = B_SPLINE_SURFACE_WITH_KNOTS('',1,1,(
    (#10002,#10003)
    ,(#10004,#10005
    )),.UNSPECIFIED.,.F.,.F.,.F.,(2,2),(2,2),(0.,2.181931987358E-02),(
    -1.E-02,0.),.PIECEWISE_BEZIER_KNOTS.);
#10002 = CARTESIAN_POINT('',(-0.222095282756,0.63,0.295661989332));
#10003 = CARTESIAN_POINT('',(-0.222095282756,0.64,0.295661989332));
#10004 = CARTESIAN_POINT('',(-0.200275962883,0.63,0.295661989332));
#10005 = CARTESIAN_POINT('',(-0.200275962883,0.64,0.295661989332));
#10006 = ADVANCED_FACE('',(#10007),#10023,.F.);
#10007 = FACE_BOUND('',#10008,.T.);
#10008 = EDGE_LOOP('',(#10009,#10010,#10017,#10022));
#10009 = ORIENTED_EDGE('',*,*,#144,.T.);
#10010 = ORIENTED_EDGE('',*,*,#10011,.F.);
#10011 = EDGE_CURVE('',#10012,#138,#10014,.T.);
#10012 = VERTEX_POINT('',#10013);
#10013 = CARTESIAN_POINT('',(-0.222095282756,0.64,0.30264916253));
#10014 = B_SPLINE_CURVE_WITH_KNOTS('',1,(#10015,#10016),.UNSPECIFIED.,
  .F.,.F.,(2,2),(-0.,1.E-02),.PIECEWISE_BEZIER_KNOTS.);
#10015 = CARTESIAN_POINT('',(-0.222095282756,0.64,0.30264916253));
#10016 = CARTESIAN_POINT('',(-0.222095282756,0.63,0.30264916253));
#10017 = ORIENTED_EDGE('',*,*,#10018,.F.);
#10018 = EDGE_CURVE('',#9990,#10012,#10019,.T.);
#10019 = B_SPLINE_CURVE_WITH_KNOTS('',1,(#10020,#10021),.UNSPECIFIED.,
  .F.,.F.,(2,2),(-6.987173197589E-03,0.),.PIECEWISE_BEZIER_KNOTS.);
#10020 = CARTESIAN_POINT('',(-0.222095282756,0.64,0.295661989332));
#10021 = CARTESIAN_POINT('',(-0.222095282756,0.64,0.30264916253));
#10022 = ORIENTED_EDGE('',*,*,#9989,.T.);
#10023 = B_SPLINE_SURFACE_WITH_KNOTS('',1,1,(
    (#10024,#10025)
    ,(#10026,#10027
    )),.UNSPECIFIED.,.F.,.F.,.F.,(2,2),(2,2),(-0.,6.987173197589E-03),(
    -1.E-02,0.),.PIECEWISE_BEZIER_KNOTS.);
#10024 = CARTESIAN_POINT('',(-0.222095282756,0.63,0.30264916253));
#10025 = CARTESIAN_POINT('',(-0.222095282756,0.64,0.30264916253));
#10026 = CARTESIAN_POINT('',(-0.222095282756,0.63,0.295661989332));
#10027 = CARTESIAN_POINT('',(-0.222095282756,0.64,0.295661989332));
#10028 = ADVANCED_FACE('',(#10029),#10045,.F.);
#10029 = FACE_BOUND('',#10030,.T.);
#10030 = EDGE_LOOP('',(#10031,#10032,#10039,#10044));
#10031 = ORIENTED_EDGE('',*,*,#137,.T.);
#10032 = ORIENTED_EDGE('',*,*,#10033,.F.);
#10033 = EDGE_CURVE('',#10034,#131,#10036,.T.);
#10034 = VERTEX_POINT('',#10035);
#10035 = CARTESIAN_POINT('',(-0.200275962883,0.64,0.30264916253));
#10036 = B_SPLINE_CURVE_WITH_KNOTS('',1,(#10037,#10038),.UNSPECIFIED.,
  .F.,.F.,(2,2),(-0.,1.E-02),.PIECEWISE_BEZIER_KNOTS.);
#10037 = CARTESIAN_POINT('',(-0.200275962883,0.64,0.30264916253));
#10038 = CARTESIAN_POINT('',(-0.200275962883,0.63,0.30264916253));
#10039 = ORIENTED_EDGE('',*,*,#10040,.F.);
#10040 = EDGE_CURVE('',#10012,#10034,#10041,.T.);
#10041 = B_SPLINE_CURVE_WITH_KNOTS('',1,(#10042,#10043),.UNSPECIFIED.,
  .F.,.F.,(2,2),(-2.181931987358E-02,0.),.PIECEWISE_BEZIER_KNOTS.);
#10042 = CARTESIAN_POINT('',(-0.222095282756,0.64,0.30264916253));
#10043 = CARTESIAN_POINT('',(-0.200275962883,0.64,0.30264916253));
#10044 = ORIENTED_EDGE('',*,*,#10011,.T.);
#10045 = B_SPLINE_SURFACE_WITH_KNOTS('',1,1,(
    (#10046,#10047)
    ,(#10048,#10049
    )),.UNSPECIFIED.,.F.,.F.,.F.,(2,2),(2,2),(0.,2.181931987358E-02),(
    -1.E-02,0.),.PIECEWISE_BEZIER_KNOTS.);
#10046 = CARTESIAN_POINT('',(-0.200275962883,0.63,0.30264916253));
#10047 = CARTESIAN_POINT('',(-0.200275962883,0.64,0.30264916253));
#10048 = CARTESIAN_POINT('',(-0.222095282756,0.63,0.30264916253));
#10049 = CARTESIAN_POINT('',(-0.222095282756,0.64,0.30264916253));
#10050 = ADVANCED_FACE('',(#10051),#10067,.F.);
#10051 = FACE_BOUND('',#10052,.T.);
#10052 = EDGE_LOOP('',(#10053,#10054,#10061,#10066));
#10053 = ORIENTED_EDGE('',*,*,#130,.T.);
#10054 = ORIENTED_EDGE('',*,*,#10055,.F.);
#10055 = EDGE_CURVE('',#10056,#124,#10058,.T.);
#10056 = VERTEX_POINT('',#10057);
#10057 = CARTESIAN_POINT('',(-0.200275962883,0.64,0.322175816199));
#10058 = B_SPLINE_CURVE_WITH_KNOTS('',1,(#10059,#10060),.UNSPECIFIED.,
  .F.,.F.,(2,2),(-0.,1.E-02),.PIECEWISE_BEZIER_KNOTS.);
#10059 = CARTESIAN_POINT('',(-0.200275962883,0.64,0.322175816199));
#10060 = CARTESIAN_POINT('',(-0.200275962883,0.63,0.322175816199));
#10061 = ORIENTED_EDGE('',*,*,#10062,.F.);
#10062 = EDGE_CURVE('',#10034,#10056,#10063,.T.);
#10063 = B_SPLINE_CURVE_WITH_KNOTS('',1,(#10064,#10065),.UNSPECIFIED.,
  .F.,.F.,(2,2),(-1.952665366864E-02,0.),.PIECEWISE_BEZIER_KNOTS.);
#10064 = CARTESIAN_POINT('',(-0.200275962883,0.64,0.30264916253));
#10065 = CARTESIAN_POINT('',(-0.200275962883,0.64,0.322175816199));
#10066 = ORIENTED_EDGE('',*,*,#10033,.T.);
#10067 = B_SPLINE_SURFACE_WITH_KNOTS('',1,1,(
    (#10068,#10069)
    ,(#10070,#10071
    )),.UNSPECIFIED.,.F.,.F.,.F.,(2,2),(2,2),(-0.,1.952665366864E-02),(
    -1.E-02,0.),.PIECEWISE_BEZIER_KNOTS.);
#10068 = CARTESIAN_POINT('',(-0.200275962883,0.63,0.322175816199));
#10069 = CARTESIAN_POINT('',(-0.200275962883,0.64,0.322175816199));
#10070 = CARTESIAN_POINT('',(-0.200275962883,0.63,0.30264916253));
#10071 = CARTESIAN_POINT('',(-0.200275962883,0.64,0.30264916253));
#10072 = ADVANCED_FACE('',(#10073),#10089,.F.);
#10073 = FACE_BOUND('',#10074,.T.);
#10074 = EDGE_LOOP('',(#10075,#10076,#10083,#10088));
#10075 = ORIENTED_EDGE('',*,*,#123,.T.);
#10076 = ORIENTED_EDGE('',*,*,#10077,.F.);
#10077 = EDGE_CURVE('',#10078,#117,#10080,.T.);
#10078 = VERTEX_POINT('',#10079);
#10079 = CARTESIAN_POINT('',(-0.223826479687,0.64,0.322175816199));
#10080 = B_SPLINE_CURVE_WITH_KNOTS('',1,(#10081,#10082),.UNSPECIFIED.,
  .F.,.F.,(2,2),(-0.,1.E-02),.PIECEWISE_BEZIER_KNOTS.);
#10081 = CARTESIAN_POINT('',(-0.223826479687,0.64,0.322175816199));
#10082 = CARTESIAN_POINT('',(-0.223826479687,0.63,0.322175816199));
#10083 = ORIENTED_EDGE('',*,*,#10084,.F.);
#10084 = EDGE_CURVE('',#10056,#10078,#10085,.T.);
#10085 = B_SPLINE_CURVE_WITH_KNOTS('',1,(#10086,#10087),.UNSPECIFIED.,
  .F.,.F.,(2,2),(-2.355051680436E-02,0.),.PIECEWISE_BEZIER_KNOTS.);
#10086 = CARTESIAN_POINT('',(-0.200275962883,0.64,0.322175816199));
#10087 = CARTESIAN_POINT('',(-0.223826479687,0.64,0.322175816199));
#10088 = ORIENTED_EDGE('',*,*,#10055,.T.);
#10089 = B_SPLINE_SURFACE_WITH_KNOTS('',1,1,(
    (#10090,#10091)
    ,(#10092,#10093
    )),.UNSPECIFIED.,.F.,.F.,.F.,(2,2),(2,2),(0.,2.355051680436E-02),(
    -1.E-02,0.),.PIECEWISE_BEZIER_KNOTS.);
#10090 = CARTESIAN_POINT('',(-0.223826479687,0.63,0.322175816199));
#10091 = CARTESIAN_POINT('',(-0.223826479687,0.64,0.322175816199));
#10092 = CARTESIAN_POINT('',(-0.200275962883,0.63,0.322175816199));
#10093 = CARTESIAN_POINT('',(-0.200275962883,0.64,0.322175816199));
#10094 = ADVANCED_FACE('',(#10095),#10111,.F.);
#10095 = FACE_BOUND('',#10096,.T.);
#10096 = EDGE_LOOP('',(#10097,#10098,#10105,#10110));
#10097 = ORIENTED_EDGE('',*,*,#116,.T.);
#10098 = ORIENTED_EDGE('',*,*,#10099,.F.);
#10099 = EDGE_CURVE('',#10100,#110,#10102,.T.);
#10100 = VERTEX_POINT('',#10101);
#10101 = CARTESIAN_POINT('',(-0.223826479687,0.64,0.329194182134));
#10102 = B_SPLINE_CURVE_WITH_KNOTS('',1,(#10103,#10104),.UNSPECIFIED.,
  .F.,.F.,(2,2),(-0.,1.E-02),.PIECEWISE_BEZIER_KNOTS.);
#10103 = CARTESIAN_POINT('',(-0.223826479687,0.64,0.329194182134));
#10104 = CARTESIAN_POINT('',(-0.223826479687,0.63,0.329194182134));
#10105 = ORIENTED_EDGE('',*,*,#10106,.F.);
#10106 = EDGE_CURVE('',#10078,#10100,#10107,.T.);
#10107 = B_SPLINE_CURVE_WITH_KNOTS('',1,(#10108,#10109),.UNSPECIFIED.,
  .F.,.F.,(2,2),(-7.018365935043E-03,0.),.PIECEWISE_BEZIER_KNOTS.);
#10108 = CARTESIAN_POINT('',(-0.223826479687,0.64,0.322175816199));
#10109 = CARTESIAN_POINT('',(-0.223826479687,0.64,0.329194182134));
#10110 = ORIENTED_EDGE('',*,*,#10077,.T.);
#10111 = B_SPLINE_SURFACE_WITH_KNOTS('',1,1,(
    (#10112,#10113)
    ,(#10114,#10115
    )),.UNSPECIFIED.,.F.,.F.,.F.,(2,2),(2,2),(-0.,7.018365935043E-03),(
    -1.E-02,0.),.PIECEWISE_BEZIER_KNOTS.);
#10112 = CARTESIAN_POINT('',(-0.223826479687,0.63,0.329194182134));
#10113 = CARTESIAN_POINT('',(-0.223826479687,0.64,0.329194182134));
#10114 = CARTESIAN_POINT('',(-0.223826479687,0.63,0.322175816199));
#10115 = CARTESIAN_POINT('',(-0.223826479687,0.64,0.322175816199));
#10116 = ADVANCED_FACE('',(#10117),#10133,.F.);
#10117 = FACE_BOUND('',#10118,.T.);
#10118 = EDGE_LOOP('',(#10119,#10120,#10127,#10132));
#10119 = ORIENTED_EDGE('',*,*,#109,.T.);
#10120 = ORIENTED_EDGE('',*,*,#10121,.F.);
#10121 = EDGE_CURVE('',#10122,#103,#10124,.T.);
#10122 = VERTEX_POINT('',#10123);
#10123 = CARTESIAN_POINT('',(-0.192399796667,0.64,0.329194182134));
#10124 = B_SPLINE_CURVE_WITH_KNOTS('',1,(#10125,#10126),.UNSPECIFIED.,
  .F.,.F.,(2,2),(-0.,1.E-02),.PIECEWISE_BEZIER_KNOTS.);
#10125 = CARTESIAN_POINT('',(-0.192399796667,0.64,0.329194182134));
#10126 = CARTESIAN_POINT('',(-0.192399796667,0.63,0.329194182134));
#10127 = ORIENTED_EDGE('',*,*,#10128,.F.);
#10128 = EDGE_CURVE('',#10100,#10122,#10129,.T.);
#10129 = B_SPLINE_CURVE_WITH_KNOTS('',1,(#10130,#10131),.UNSPECIFIED.,
  .F.,.F.,(2,2),(-3.142668302063E-02,0.),.PIECEWISE_BEZIER_KNOTS.);
#10130 = CARTESIAN_POINT('',(-0.223826479687,0.64,0.329194182134));
#10131 = CARTESIAN_POINT('',(-0.192399796667,0.64,0.329194182134));
#10132 = ORIENTED_EDGE('',*,*,#10099,.T.);
#10133 = B_SPLINE_SURFACE_WITH_KNOTS('',1,1,(
    (#10134,#10135)
    ,(#10136,#10137
    )),.UNSPECIFIED.,.F.,.F.,.F.,(2,2),(2,2),(0.,3.142668302063E-02),(
    -1.E-02,0.),.PIECEWISE_BEZIER_KNOTS.);
#10134 = CARTESIAN_POINT('',(-0.192399796667,0.63,0.329194182134));
#10135 = CARTESIAN_POINT('',(-0.192399796667,0.64,0.329194182134));
#10136 = CARTESIAN_POINT('',(-0.223826479687,0.63,0.329194182134));
#10137 = CARTESIAN_POINT('',(-0.223826479687,0.64,0.329194182134));
#10138 = ADVANCED_FACE('',(#10139),#10155,.F.);
#10139 = FACE_BOUND('',#10140,.T.);
#10140 = EDGE_LOOP('',(#10141,#10142,#10149,#10154));
#10141 = ORIENTED_EDGE('',*,*,#102,.T.);
#10142 = ORIENTED_EDGE('',*,*,#10143,.F.);
#10143 = EDGE_CURVE('',#10144,#96,#10146,.T.);
#10144 = VERTEX_POINT('',#10145);
#10145 = CARTESIAN_POINT('',(-0.192399796667,0.64,0.268181187604));
#10146 = B_SPLINE_CURVE_WITH_KNOTS('',1,(#10147,#10148),.UNSPECIFIED.,
  .F.,.F.,(2,2),(-0.,1.E-02),.PIECEWISE_BEZIER_KNOTS.);
#10147 = CARTESIAN_POINT('',(-0.192399796667,0.64,0.268181187604));
#10148 = CARTESIAN_POINT('',(-0.192399796667,0.63,0.268181187604));
#10149 = ORIENTED_EDGE('',*,*,#10150,.F.);
#10150 = EDGE_CURVE('',#10122,#10144,#10151,.T.);
#10151 = B_SPLINE_CURVE_WITH_KNOTS('',1,(#10152,#10153),.UNSPECIFIED.,
  .F.,.F.,(2,2),(-6.10129945294E-02,-0.),.PIECEWISE_BEZIER_KNOTS.);
#10152 = CARTESIAN_POINT('',(-0.192399796667,0.64,0.329194182134));
#10153 = CARTESIAN_POINT('',(-0.192399796667,0.64,0.268181187604));
#10154 = ORIENTED_EDGE('',*,*,#10121,.T.);
#10155 = B_SPLINE_SURFACE_WITH_KNOTS('',1,1,(
    (#10156,#10157)
    ,(#10158,#10159
    )),.UNSPECIFIED.,.F.,.F.,.F.,(2,2),(2,2),(0.,6.10129945294E-02),(
    -1.E-02,0.),.PIECEWISE_BEZIER_KNOTS.);
#10156 = CARTESIAN_POINT('',(-0.192399796667,0.63,0.268181187604));
#10157 = CARTESIAN_POINT('',(-0.192399796667,0.64,0.268181187604));
#10158 = CARTESIAN_POINT('',(-0.192399796667,0.63,0.329194182134));
#10159 = CARTESIAN_POINT('',(-0.192399796667,0.64,0.329194182134));
#10160 = ADVANCED_FACE('',(#10161),#10171,.F.);
#10161 = FACE_BOUND('',#10162,.T.);
#10162 = EDGE_LOOP('',(#10163,#10164,#10165,#10170));
#10163 = ORIENTED_EDGE('',*,*,#95,.T.);
#10164 = ORIENTED_EDGE('',*,*,#9931,.F.);
#10165 = ORIENTED_EDGE('',*,*,#10166,.F.);
#10166 = EDGE_CURVE('',#10144,#9925,#10167,.T.);
#10167 = B_SPLINE_CURVE_WITH_KNOTS('',1,(#10168,#10169),.UNSPECIFIED.,
  .F.,.F.,(2,2),(-3.2814759839E-02,0.),.PIECEWISE_BEZIER_KNOTS.);
#10168 = CARTESIAN_POINT('',(-0.192399796667,0.64,0.268181187604));
#10169 = CARTESIAN_POINT('',(-0.225214556506,0.64,0.268181187604));
#10170 = ORIENTED_EDGE('',*,*,#10143,.T.);
#10171 = B_SPLINE_SURFACE_WITH_KNOTS('',1,1,(
    (#10172,#10173)
    ,(#10174,#10175
    )),.UNSPECIFIED.,.F.,.F.,.F.,(2,2),(2,2),(0.,3.2814759839E-02),(
    -1.E-02,0.),.PIECEWISE_BEZIER_KNOTS.);
#10172 = CARTESIAN_POINT('',(-0.225214556506,0.63,0.268181187604));
#10173 = CARTESIAN_POINT('',(-0.225214556506,0.64,0.268181187604));
#10174 = CARTESIAN_POINT('',(-0.192399796667,0.63,0.268181187604));
#10175 = CARTESIAN_POINT('',(-0.192399796667,0.64,0.268181187604));
#10176 = ADVANCED_FACE('',(#10177),#10191,.F.);
#10177 = FACE_BOUND('',#10178,.T.);
#10178 = EDGE_LOOP('',(#10179,#10180,#10181,#10182,#10183,#10184,#10185,
    #10186,#10187,#10188,#10189,#10190));
#10179 = ORIENTED_EDGE('',*,*,#9924,.T.);
#10180 = ORIENTED_EDGE('',*,*,#9952,.T.);
#10181 = ORIENTED_EDGE('',*,*,#9974,.T.);
#10182 = ORIENTED_EDGE('',*,*,#9996,.T.);
#10183 = ORIENTED_EDGE('',*,*,#10018,.T.);
#10184 = ORIENTED_EDGE('',*,*,#10040,.T.);
#10185 = ORIENTED_EDGE('',*,*,#10062,.T.);
#10186 = ORIENTED_EDGE('',*,*,#10084,.T.);
#10187 = ORIENTED_EDGE('',*,*,#10106,.T.);
#10188 = ORIENTED_EDGE('',*,*,#10128,.T.);
#10189 = ORIENTED_EDGE('',*,*,#10150,.T.);
#10190 = ORIENTED_EDGE('',*,*,#10166,.T.);
#10191 = B_SPLINE_SURFACE_WITH_KNOTS('',1,1,(
    (#10192,#10193)
    ,(#10194,#10195
    )),.UNSPECIFIED.,.F.,.F.,.F.,(2,2),(2,2),(0.320805917866,
    0.381818912396),(-0.225214556506,-0.192399796667),
  .PIECEWISE_BEZIER_KNOTS.);
#10192 = CARTESIAN_POINT('',(-0.225214556506,0.64,0.329194182134));
#10193 = CARTESIAN_POINT('',(-0.192399796667,0.64,0.329194182134));
#10194 = CARTESIAN_POINT('',(-0.225214556506,0.64,0.268181187604));
#10195 = CARTESIAN_POINT('',(-0.192399796667,0.64,0.268181187604));
#10196 = ADVANCED_FACE('',(#10197,#10256),#10315,.T.);
#10197 = FACE_BOUND('',#10198,.T.);
#10198 = EDGE_LOOP('',(#10199,#10208,#10217,#10226,#10235,#10244,#10251)
  );
#10199 = ORIENTED_EDGE('',*,*,#10200,.T.);
#10200 = EDGE_CURVE('',#10201,#10203,#10205,.T.);
#10201 = VERTEX_POINT('',#10202);
#10202 = CARTESIAN_POINT('',(-0.236740273008,0.64,0.268181187604));
#10203 = VERTEX_POINT('',#10204);
#10204 = CARTESIAN_POINT('',(-0.253521965777,0.64,0.268181187604));
#10205 = B_SPLINE_CURVE_WITH_KNOTS('',1,(#10206,#10207),.UNSPECIFIED.,
  .F.,.F.,(2,2),(-1.678169276936E-02,0.),.PIECEWISE_BEZIER_KNOTS.);
#10206 = CARTESIAN_POINT('',(-0.236740273008,0.64,0.268181187604));
#10207 = CARTESIAN_POINT('',(-0.253521965777,0.64,0.268181187604));
#10208 = ORIENTED_EDGE('',*,*,#10209,.T.);
#10209 = EDGE_CURVE('',#10203,#10210,#10212,.T.);
#10210 = VERTEX_POINT('',#10211);
#10211 = CARTESIAN_POINT('',(-0.2772128499,0.64,0.276727997676));
#10212 = B_SPLINE_CURVE_WITH_KNOTS('',3,(#10213,#10214,#10215,#10216),
  .UNSPECIFIED.,.F.,.F.,(4,4),(5.,6.),.PIECEWISE_BEZIER_KNOTS.);
#10213 = CARTESIAN_POINT('',(-0.253521965777,0.64,0.268181187604));
#10214 = CARTESIAN_POINT('',(-0.26317611803,0.64,0.268181187604));
#10215 = CARTESIAN_POINT('',(-0.271083476984,0.64,0.271019726715));
#10216 = CARTESIAN_POINT('',(-0.2772128499,0.64,0.276727997676));
#10217 = ORIENTED_EDGE('',*,*,#10218,.T.);
#10218 = EDGE_CURVE('',#10210,#10219,#10221,.T.);
#10219 = VERTEX_POINT('',#10220);
#10220 = CARTESIAN_POINT('',(-0.28641470746,0.64,0.299467503306));
#10221 = B_SPLINE_CURVE_WITH_KNOTS('',3,(#10222,#10223,#10224,#10225),
  .UNSPECIFIED.,.F.,.F.,(4,4),(4.,5.),.PIECEWISE_BEZIER_KNOTS.);
#10222 = CARTESIAN_POINT('',(-0.2772128499,0.64,0.276727997676));
#10223 = CARTESIAN_POINT('',(-0.283342222817,0.64,0.282436268637));
#10224 = CARTESIAN_POINT('',(-0.28641470746,0.64,0.290016103847));
#10225 = CARTESIAN_POINT('',(-0.28641470746,0.64,0.299467503306));
#10226 = ORIENTED_EDGE('',*,*,#10227,.T.);
#10227 = EDGE_CURVE('',#10219,#10228,#10230,.T.);
#10228 = VERTEX_POINT('',#10229);
#10229 = CARTESIAN_POINT('',(-0.2772128499,0.64,0.321115263124));
#10230 = B_SPLINE_CURVE_WITH_KNOTS('',3,(#10231,#10232,#10233,#10234),
  .UNSPECIFIED.,.F.,.F.,(4,4),(3.,4.),.PIECEWISE_BEZIER_KNOTS.);
#10231 = CARTESIAN_POINT('',(-0.28641470746,0.64,0.299467503306));
#10232 = CARTESIAN_POINT('',(-0.28641470746,0.64,0.308513397178));
#10233 = CARTESIAN_POINT('',(-0.283342222817,0.64,0.315718919538));
#10234 = CARTESIAN_POINT('',(-0.2772128499,0.64,0.321115263124));
#10235 = ORIENTED_EDGE('',*,*,#10236,.T.);
#10236 = EDGE_CURVE('',#10228,#10237,#10239,.T.);
#10237 = VERTEX_POINT('',#10238);
#10238 = CARTESIAN_POINT('',(-0.254145820527,0.64,0.329194182134));
#10239 = B_SPLINE_CURVE_WITH_KNOTS('',3,(#10240,#10241,#10242,#10243),
  .UNSPECIFIED.,.F.,.F.,(4,4),(2.,3.),.PIECEWISE_BEZIER_KNOTS.);
#10240 = CARTESIAN_POINT('',(-0.2772128499,0.64,0.321115263124));
#10241 = CARTESIAN_POINT('',(-0.271083476984,0.64,0.326511606709));
#10242 = CARTESIAN_POINT('',(-0.263394467192,0.64,0.329194182134));
#10243 = CARTESIAN_POINT('',(-0.254145820527,0.64,0.329194182134));
#10244 = ORIENTED_EDGE('',*,*,#10245,.T.);
#10245 = EDGE_CURVE('',#10237,#10246,#10248,.T.);
#10246 = VERTEX_POINT('',#10247);
#10247 = CARTESIAN_POINT('',(-0.236740273008,0.64,0.329194182134));
#10248 = B_SPLINE_CURVE_WITH_KNOTS('',1,(#10249,#10250),.UNSPECIFIED.,
  .F.,.F.,(2,2),(-1.740554751886E-02,0.),.PIECEWISE_BEZIER_KNOTS.);
#10249 = CARTESIAN_POINT('',(-0.254145820527,0.64,0.329194182134));
#10250 = CARTESIAN_POINT('',(-0.236740273008,0.64,0.329194182134));
#10251 = ORIENTED_EDGE('',*,*,#10252,.T.);
#10252 = EDGE_CURVE('',#10246,#10201,#10253,.T.);
#10253 = B_SPLINE_CURVE_WITH_KNOTS('',1,(#10254,#10255),.UNSPECIFIED.,
  .F.,.F.,(2,2),(-6.10129945294E-02,-0.),.PIECEWISE_BEZIER_KNOTS.);
#10254 = CARTESIAN_POINT('',(-0.236740273008,0.64,0.329194182134));
#10255 = CARTESIAN_POINT('',(-0.236740273008,0.64,0.268181187604));
#10256 = FACE_BOUND('',#10257,.T.);
#10257 = EDGE_LOOP('',(#10258,#10267,#10274,#10283,#10292,#10301,#10310)
  );
#10258 = ORIENTED_EDGE('',*,*,#10259,.F.);
#10259 = EDGE_CURVE('',#10260,#10262,#10264,.T.);
#10260 = VERTEX_POINT('',#10261);
#10261 = CARTESIAN_POINT('',(-0.244616439224,0.64,0.322175816199));
#10262 = VERTEX_POINT('',#10263);
#10263 = CARTESIAN_POINT('',(-0.244616439224,0.64,0.275137168064));
#10264 = B_SPLINE_CURVE_WITH_KNOTS('',1,(#10265,#10266),.UNSPECIFIED.,
  .F.,.F.,(2,2),(0.,4.703864813422E-02),.PIECEWISE_BEZIER_KNOTS.);
#10265 = CARTESIAN_POINT('',(-0.244616439224,0.64,0.322175816199));
#10266 = CARTESIAN_POINT('',(-0.244616439224,0.64,0.275137168064));
#10267 = ORIENTED_EDGE('',*,*,#10268,.F.);
#10268 = EDGE_CURVE('',#10269,#10260,#10271,.T.);
#10269 = VERTEX_POINT('',#10270);
#10270 = CARTESIAN_POINT('',(-0.253833893152,0.64,0.322175816199));
#10271 = B_SPLINE_CURVE_WITH_KNOTS('',1,(#10272,#10273),.UNSPECIFIED.,
  .F.,.F.,(2,2),(0.,9.217453928043E-03),.PIECEWISE_BEZIER_KNOTS.);
#10272 = CARTESIAN_POINT('',(-0.253833893152,0.64,0.322175816199));
#10273 = CARTESIAN_POINT('',(-0.244616439224,0.64,0.322175816199));
#10274 = ORIENTED_EDGE('',*,*,#10275,.F.);
#10275 = EDGE_CURVE('',#10276,#10269,#10278,.T.);
#10276 = VERTEX_POINT('',#10277);
#10277 = CARTESIAN_POINT('',(-0.271442193465,0.64,0.3164363525));
#10278 = B_SPLINE_CURVE_WITH_KNOTS('',3,(#10279,#10280,#10281,#10282),
  .UNSPECIFIED.,.F.,.F.,(4,4),(5.,6.),.PIECEWISE_BEZIER_KNOTS.);
#10279 = CARTESIAN_POINT('',(-0.271442193465,0.64,0.3164363525));
#10280 = CARTESIAN_POINT('',(-0.266981632004,0.64,0.320273059211));
#10281 = CARTESIAN_POINT('',(-0.261101800987,0.64,0.322175816199));
#10282 = CARTESIAN_POINT('',(-0.253833893152,0.64,0.322175816199));
#10283 = ORIENTED_EDGE('',*,*,#10284,.F.);
#10284 = EDGE_CURVE('',#10285,#10276,#10287,.T.);
#10285 = VERTEX_POINT('',#10286);
#10286 = CARTESIAN_POINT('',(-0.278133035656,0.64,0.299249154144));
#10287 = B_SPLINE_CURVE_WITH_KNOTS('',3,(#10288,#10289,#10290,#10291),
  .UNSPECIFIED.,.F.,.F.,(4,4),(4.,5.),.PIECEWISE_BEZIER_KNOTS.);
#10288 = CARTESIAN_POINT('',(-0.278133035656,0.64,0.299249154144));
#10289 = CARTESIAN_POINT('',(-0.278133035656,0.64,0.306860182091));
#10290 = CARTESIAN_POINT('',(-0.275902754926,0.64,0.312599645789));
#10291 = CARTESIAN_POINT('',(-0.271442193465,0.64,0.3164363525));
#10292 = ORIENTED_EDGE('',*,*,#10293,.F.);
#10293 = EDGE_CURVE('',#10294,#10285,#10296,.T.);
#10294 = VERTEX_POINT('',#10295);
#10295 = CARTESIAN_POINT('',(-0.271613753521,0.64,0.281500486512));
#10296 = B_SPLINE_CURVE_WITH_KNOTS('',3,(#10297,#10298,#10299,#10300),
  .UNSPECIFIED.,.F.,.F.,(4,4),(3.,4.),.PIECEWISE_BEZIER_KNOTS.);
#10297 = CARTESIAN_POINT('',(-0.271613753521,0.64,0.281500486512));
#10298 = CARTESIAN_POINT('',(-0.275965140401,0.64,0.285711506073));
#10299 = CARTESIAN_POINT('',(-0.278133035656,0.64,0.291638126196));
#10300 = CARTESIAN_POINT('',(-0.278133035656,0.64,0.299249154144));
#10301 = ORIENTED_EDGE('',*,*,#10302,.F.);
#10302 = EDGE_CURVE('',#10303,#10294,#10305,.T.);
#10303 = VERTEX_POINT('',#10304);
#10304 = CARTESIAN_POINT('',(-0.253475176671,0.64,0.275137168064));
#10305 = B_SPLINE_CURVE_WITH_KNOTS('',3,(#10306,#10307,#10308,#10309),
  .UNSPECIFIED.,.F.,.F.,(4,4),(2.,3.),.PIECEWISE_BEZIER_KNOTS.);
#10306 = CARTESIAN_POINT('',(-0.253475176671,0.64,0.275137168064));
#10307 = CARTESIAN_POINT('',(-0.261226571937,0.64,0.275137168064));
#10308 = CARTESIAN_POINT('',(-0.26727796301,0.64,0.277258274213));
#10309 = CARTESIAN_POINT('',(-0.271613753521,0.64,0.281500486512));
#10310 = ORIENTED_EDGE('',*,*,#10311,.F.);
#10311 = EDGE_CURVE('',#10262,#10303,#10312,.T.);
#10312 = B_SPLINE_CURVE_WITH_KNOTS('',1,(#10313,#10314),.UNSPECIFIED.,
  .F.,.F.,(2,2),(0.,8.858737446907E-03),.PIECEWISE_BEZIER_KNOTS.);
#10313 = CARTESIAN_POINT('',(-0.244616439224,0.64,0.275137168064));
#10314 = CARTESIAN_POINT('',(-0.253475176671,0.64,0.275137168064));
#10315 = B_SPLINE_SURFACE_WITH_KNOTS('',1,1,(
    (#10316,#10317)
    ,(#10318,#10319
    )),.UNSPECIFIED.,.F.,.F.,.F.,(2,2),(2,2),(-5.899716386905E-02,
    2.015830660354E-03),(-1.956564459051E-02,3.010878986149E-02),
  .PIECEWISE_BEZIER_KNOTS.);
#10316 = CARTESIAN_POINT('',(-0.28641470746,0.64,0.268181187604));
#10317 = CARTESIAN_POINT('',(-0.236740273008,0.64,0.268181187604));
#10318 = CARTESIAN_POINT('',(-0.28641470746,0.64,0.329194182134));
#10319 = CARTESIAN_POINT('',(-0.236740273008,0.64,0.329194182134));
#10320 = ADVANCED_FACE('',(#10321),#10335,.F.);
#10321 = FACE_BOUND('',#10322,.T.);
#10322 = EDGE_LOOP('',(#10323,#10324,#10329,#10330));
#10323 = ORIENTED_EDGE('',*,*,#1085,.T.);
#10324 = ORIENTED_EDGE('',*,*,#10325,.F.);
#10325 = EDGE_CURVE('',#10203,#1075,#10326,.T.);
#10326 = B_SPLINE_CURVE_WITH_KNOTS('',1,(#10327,#10328),.UNSPECIFIED.,
  .F.,.F.,(2,2),(-0.,1.E-02),.PIECEWISE_BEZIER_KNOTS.);
#10327 = CARTESIAN_POINT('',(-0.253521965777,0.64,0.268181187604));
#10328 = CARTESIAN_POINT('',(-0.253521965777,0.63,0.268181187604));
#10329 = ORIENTED_EDGE('',*,*,#10200,.F.);
#10330 = ORIENTED_EDGE('',*,*,#10331,.T.);
#10331 = EDGE_CURVE('',#10201,#1086,#10332,.T.);
#10332 = B_SPLINE_CURVE_WITH_KNOTS('',1,(#10333,#10334),.UNSPECIFIED.,
  .F.,.F.,(2,2),(-0.,1.E-02),.PIECEWISE_BEZIER_KNOTS.);
#10333 = CARTESIAN_POINT('',(-0.236740273008,0.64,0.268181187604));
#10334 = CARTESIAN_POINT('',(-0.236740273008,0.63,0.268181187604));
#10335 = B_SPLINE_SURFACE_WITH_KNOTS('',1,1,(
    (#10336,#10337)
    ,(#10338,#10339
    )),.UNSPECIFIED.,.F.,.F.,.F.,(2,2),(2,2),(0.,1.678169276936E-02),(
    -1.E-02,0.),.PIECEWISE_BEZIER_KNOTS.);
#10336 = CARTESIAN_POINT('',(-0.253521965777,0.63,0.268181187604));
#10337 = CARTESIAN_POINT('',(-0.253521965777,0.64,0.268181187604));
#10338 = CARTESIAN_POINT('',(-0.236740273008,0.63,0.268181187604));
#10339 = CARTESIAN_POINT('',(-0.236740273008,0.64,0.268181187604));
#10340 = ADVANCED_FACE('',(#10341),#10351,.F.);
#10341 = FACE_BOUND('',#10342,.F.);
#10342 = EDGE_LOOP('',(#10343,#10344,#10345,#10350));
#10343 = ORIENTED_EDGE('',*,*,#10325,.F.);
#10344 = ORIENTED_EDGE('',*,*,#10209,.T.);
#10345 = ORIENTED_EDGE('',*,*,#10346,.T.);
#10346 = EDGE_CURVE('',#10210,#1077,#10347,.T.);
#10347 = B_SPLINE_CURVE_WITH_KNOTS('',1,(#10348,#10349),.UNSPECIFIED.,
  .F.,.F.,(2,2),(-0.,1.E-02),.PIECEWISE_BEZIER_KNOTS.);
#10348 = CARTESIAN_POINT('',(-0.2772128499,0.64,0.276727997676));
#10349 = CARTESIAN_POINT('',(-0.2772128499,0.63,0.276727997676));
#10350 = ORIENTED_EDGE('',*,*,#1074,.F.);
#10351 = B_SPLINE_SURFACE_WITH_KNOTS('',3,1,(
    (#10352,#10353)
    ,(#10354,#10355)
    ,(#10356,#10357)
    ,(#10358,#10359
    )),.UNSPECIFIED.,.F.,.F.,.F.,(4,4),(2,2),(5.,6.),(0.,1.),
  .PIECEWISE_BEZIER_KNOTS.);
#10352 = CARTESIAN_POINT('',(-0.253521965777,0.64,0.268181187604));
#10353 = CARTESIAN_POINT('',(-0.253521965777,0.63,0.268181187604));
#10354 = CARTESIAN_POINT('',(-0.26317611803,0.64,0.268181187604));
#10355 = CARTESIAN_POINT('',(-0.26317611803,0.63,0.268181187604));
#10356 = CARTESIAN_POINT('',(-0.271083476984,0.64,0.271019726715));
#10357 = CARTESIAN_POINT('',(-0.271083476984,0.63,0.271019726715));
#10358 = CARTESIAN_POINT('',(-0.2772128499,0.64,0.276727997676));
#10359 = CARTESIAN_POINT('',(-0.2772128499,0.63,0.276727997676));
#10360 = ADVANCED_FACE('',(#10361),#10371,.F.);
#10361 = FACE_BOUND('',#10362,.F.);
#10362 = EDGE_LOOP('',(#10363,#10364,#10365,#10370));
#10363 = ORIENTED_EDGE('',*,*,#10346,.F.);
#10364 = ORIENTED_EDGE('',*,*,#10218,.T.);
#10365 = ORIENTED_EDGE('',*,*,#10366,.T.);
#10366 = EDGE_CURVE('',#10219,#1116,#10367,.T.);
#10367 = B_SPLINE_CURVE_WITH_KNOTS('',1,(#10368,#10369),.UNSPECIFIED.,
  .F.,.F.,(2,2),(-0.,1.E-02),.PIECEWISE_BEZIER_KNOTS.);
#10368 = CARTESIAN_POINT('',(-0.28641470746,0.64,0.299467503306));
#10369 = CARTESIAN_POINT('',(-0.28641470746,0.63,0.299467503306));
#10370 = ORIENTED_EDGE('',*,*,#1124,.F.);
#10371 = B_SPLINE_SURFACE_WITH_KNOTS('',3,1,(
    (#10372,#10373)
    ,(#10374,#10375)
    ,(#10376,#10377)
    ,(#10378,#10379
    )),.UNSPECIFIED.,.F.,.F.,.F.,(4,4),(2,2),(4.,5.),(0.,1.),
  .PIECEWISE_BEZIER_KNOTS.);
#10372 = CARTESIAN_POINT('',(-0.2772128499,0.64,0.276727997676));
#10373 = CARTESIAN_POINT('',(-0.2772128499,0.63,0.276727997676));
#10374 = CARTESIAN_POINT('',(-0.283342222817,0.64,0.282436268637));
#10375 = CARTESIAN_POINT('',(-0.283342222817,0.63,0.282436268637));
#10376 = CARTESIAN_POINT('',(-0.28641470746,0.64,0.290016103847));
#10377 = CARTESIAN_POINT('',(-0.28641470746,0.63,0.290016103847));
#10378 = CARTESIAN_POINT('',(-0.28641470746,0.64,0.299467503306));
#10379 = CARTESIAN_POINT('',(-0.28641470746,0.63,0.299467503306));
#10380 = ADVANCED_FACE('',(#10381),#10391,.F.);
#10381 = FACE_BOUND('',#10382,.F.);
#10382 = EDGE_LOOP('',(#10383,#10384,#10385,#10390));
#10383 = ORIENTED_EDGE('',*,*,#10366,.F.);
#10384 = ORIENTED_EDGE('',*,*,#10227,.T.);
#10385 = ORIENTED_EDGE('',*,*,#10386,.T.);
#10386 = EDGE_CURVE('',#10228,#1107,#10387,.T.);
#10387 = B_SPLINE_CURVE_WITH_KNOTS('',1,(#10388,#10389),.UNSPECIFIED.,
  .F.,.F.,(2,2),(-0.,1.E-02),.PIECEWISE_BEZIER_KNOTS.);
#10388 = CARTESIAN_POINT('',(-0.2772128499,0.64,0.321115263124));
#10389 = CARTESIAN_POINT('',(-0.2772128499,0.63,0.321115263124));
#10390 = ORIENTED_EDGE('',*,*,#1115,.F.);
#10391 = B_SPLINE_SURFACE_WITH_KNOTS('',3,1,(
    (#10392,#10393)
    ,(#10394,#10395)
    ,(#10396,#10397)
    ,(#10398,#10399
    )),.UNSPECIFIED.,.F.,.F.,.F.,(4,4),(2,2),(3.,4.),(0.,1.),
  .PIECEWISE_BEZIER_KNOTS.);
#10392 = CARTESIAN_POINT('',(-0.28641470746,0.64,0.299467503306));
#10393 = CARTESIAN_POINT('',(-0.28641470746,0.63,0.299467503306));
#10394 = CARTESIAN_POINT('',(-0.28641470746,0.64,0.308513397178));
#10395 = CARTESIAN_POINT('',(-0.28641470746,0.63,0.308513397178));
#10396 = CARTESIAN_POINT('',(-0.283342222817,0.64,0.315718919538));
#10397 = CARTESIAN_POINT('',(-0.283342222817,0.63,0.315718919538));
#10398 = CARTESIAN_POINT('',(-0.2772128499,0.64,0.321115263124));
#10399 = CARTESIAN_POINT('',(-0.2772128499,0.63,0.321115263124));
#10400 = ADVANCED_FACE('',(#10401),#10411,.F.);
#10401 = FACE_BOUND('',#10402,.F.);
#10402 = EDGE_LOOP('',(#10403,#10404,#10405,#10410));
#10403 = ORIENTED_EDGE('',*,*,#10386,.F.);
#10404 = ORIENTED_EDGE('',*,*,#10236,.T.);
#10405 = ORIENTED_EDGE('',*,*,#10406,.T.);
#10406 = EDGE_CURVE('',#10237,#1100,#10407,.T.);
#10407 = B_SPLINE_CURVE_WITH_KNOTS('',1,(#10408,#10409),.UNSPECIFIED.,
  .F.,.F.,(2,2),(-0.,1.E-02),.PIECEWISE_BEZIER_KNOTS.);
#10408 = CARTESIAN_POINT('',(-0.254145820527,0.64,0.329194182134));
#10409 = CARTESIAN_POINT('',(-0.254145820527,0.63,0.329194182134));
#10410 = ORIENTED_EDGE('',*,*,#1106,.F.);
#10411 = B_SPLINE_SURFACE_WITH_KNOTS('',3,1,(
    (#10412,#10413)
    ,(#10414,#10415)
    ,(#10416,#10417)
    ,(#10418,#10419
    )),.UNSPECIFIED.,.F.,.F.,.F.,(4,4),(2,2),(2.,3.),(0.,1.),
  .PIECEWISE_BEZIER_KNOTS.);
#10412 = CARTESIAN_POINT('',(-0.2772128499,0.64,0.321115263124));
#10413 = CARTESIAN_POINT('',(-0.2772128499,0.63,0.321115263124));
#10414 = CARTESIAN_POINT('',(-0.271083476984,0.64,0.326511606709));
#10415 = CARTESIAN_POINT('',(-0.271083476984,0.63,0.326511606709));
#10416 = CARTESIAN_POINT('',(-0.263394467192,0.64,0.329194182134));
#10417 = CARTESIAN_POINT('',(-0.263394467192,0.63,0.329194182134));
#10418 = CARTESIAN_POINT('',(-0.254145820527,0.64,0.329194182134));
#10419 = CARTESIAN_POINT('',(-0.254145820527,0.63,0.329194182134));
#10420 = ADVANCED_FACE('',(#10421),#10431,.F.);
#10421 = FACE_BOUND('',#10422,.T.);
#10422 = EDGE_LOOP('',(#10423,#10424,#10429,#10430));
#10423 = ORIENTED_EDGE('',*,*,#1099,.T.);
#10424 = ORIENTED_EDGE('',*,*,#10425,.F.);
#10425 = EDGE_CURVE('',#10246,#1093,#10426,.T.);
#10426 = B_SPLINE_CURVE_WITH_KNOTS('',1,(#10427,#10428),.UNSPECIFIED.,
  .F.,.F.,(2,2),(-0.,1.E-02),.PIECEWISE_BEZIER_KNOTS.);
#10427 = CARTESIAN_POINT('',(-0.236740273008,0.64,0.329194182134));
#10428 = CARTESIAN_POINT('',(-0.236740273008,0.63,0.329194182134));
#10429 = ORIENTED_EDGE('',*,*,#10245,.F.);
#10430 = ORIENTED_EDGE('',*,*,#10406,.T.);
#10431 = B_SPLINE_SURFACE_WITH_KNOTS('',1,1,(
    (#10432,#10433)
    ,(#10434,#10435
    )),.UNSPECIFIED.,.F.,.F.,.F.,(2,2),(2,2),(0.,1.740554751886E-02),(
    -1.E-02,0.),.PIECEWISE_BEZIER_KNOTS.);
#10432 = CARTESIAN_POINT('',(-0.236740273008,0.63,0.329194182134));
#10433 = CARTESIAN_POINT('',(-0.236740273008,0.64,0.329194182134));
#10434 = CARTESIAN_POINT('',(-0.254145820527,0.63,0.329194182134));
#10435 = CARTESIAN_POINT('',(-0.254145820527,0.64,0.329194182134));
#10436 = ADVANCED_FACE('',(#10437),#10443,.F.);
#10437 = FACE_BOUND('',#10438,.T.);
#10438 = EDGE_LOOP('',(#10439,#10440,#10441,#10442));
#10439 = ORIENTED_EDGE('',*,*,#1092,.T.);
#10440 = ORIENTED_EDGE('',*,*,#10331,.F.);
#10441 = ORIENTED_EDGE('',*,*,#10252,.F.);
#10442 = ORIENTED_EDGE('',*,*,#10425,.T.);
#10443 = B_SPLINE_SURFACE_WITH_KNOTS('',1,1,(
    (#10444,#10445)
    ,(#10446,#10447
    )),.UNSPECIFIED.,.F.,.F.,.F.,(2,2),(2,2),(0.,6.10129945294E-02),(
    -1.E-02,0.),.PIECEWISE_BEZIER_KNOTS.);
#10444 = CARTESIAN_POINT('',(-0.236740273008,0.63,0.268181187604));
#10445 = CARTESIAN_POINT('',(-0.236740273008,0.64,0.268181187604));
#10446 = CARTESIAN_POINT('',(-0.236740273008,0.63,0.329194182134));
#10447 = CARTESIAN_POINT('',(-0.236740273008,0.64,0.329194182134));
#10448 = ADVANCED_FACE('',(#10449),#10471,.T.);
#10449 = FACE_BOUND('',#10450,.T.);
#10450 = EDGE_LOOP('',(#10451,#10460,#10465,#10466));
#10451 = ORIENTED_EDGE('',*,*,#10452,.F.);
#10452 = EDGE_CURVE('',#10453,#10455,#10457,.T.);
#10453 = VERTEX_POINT('',#10454);
#10454 = CARTESIAN_POINT('',(-0.253833893152,0.63,0.322175816199));
#10455 = VERTEX_POINT('',#10456);
#10456 = CARTESIAN_POINT('',(-0.244616439224,0.63,0.322175816199));
#10457 = B_SPLINE_CURVE_WITH_KNOTS('',1,(#10458,#10459),.UNSPECIFIED.,
  .F.,.F.,(2,2),(0.,9.217453928043E-03),.PIECEWISE_BEZIER_KNOTS.);
#10458 = CARTESIAN_POINT('',(-0.253833893152,0.63,0.322175816199));
#10459 = CARTESIAN_POINT('',(-0.244616439224,0.63,0.322175816199));
#10460 = ORIENTED_EDGE('',*,*,#10461,.F.);
#10461 = EDGE_CURVE('',#10269,#10453,#10462,.T.);
#10462 = B_SPLINE_CURVE_WITH_KNOTS('',1,(#10463,#10464),.UNSPECIFIED.,
  .F.,.F.,(2,2),(-0.,1.E-02),.PIECEWISE_BEZIER_KNOTS.);
#10463 = CARTESIAN_POINT('',(-0.253833893152,0.64,0.322175816199));
#10464 = CARTESIAN_POINT('',(-0.253833893152,0.63,0.322175816199));
#10465 = ORIENTED_EDGE('',*,*,#10268,.T.);
#10466 = ORIENTED_EDGE('',*,*,#10467,.T.);
#10467 = EDGE_CURVE('',#10260,#10455,#10468,.T.);
#10468 = B_SPLINE_CURVE_WITH_KNOTS('',1,(#10469,#10470),.UNSPECIFIED.,
  .F.,.F.,(2,2),(-0.,1.E-02),.PIECEWISE_BEZIER_KNOTS.);
#10469 = CARTESIAN_POINT('',(-0.244616439224,0.64,0.322175816199));
#10470 = CARTESIAN_POINT('',(-0.244616439224,0.63,0.322175816199));
#10471 = B_SPLINE_SURFACE_WITH_KNOTS('',1,1,(
    (#10472,#10473)
    ,(#10474,#10475
    )),.UNSPECIFIED.,.F.,.F.,.F.,(2,2),(2,2),(-9.217453928043E-03,0.),(
    -1.E-02,0.),.PIECEWISE_BEZIER_KNOTS.);
#10472 = CARTESIAN_POINT('',(-0.244616439224,0.63,0.322175816199));
#10473 = CARTESIAN_POINT('',(-0.244616439224,0.64,0.322175816199));
#10474 = CARTESIAN_POINT('',(-0.253833893152,0.63,0.322175816199));
#10475 = CARTESIAN_POINT('',(-0.253833893152,0.64,0.322175816199));
#10476 = ADVANCED_FACE('',(#10477),#10493,.T.);
#10477 = FACE_BOUND('',#10478,.T.);
#10478 = EDGE_LOOP('',(#10479,#10486,#10487,#10488));
#10479 = ORIENTED_EDGE('',*,*,#10480,.F.);
#10480 = EDGE_CURVE('',#10455,#10481,#10483,.T.);
#10481 = VERTEX_POINT('',#10482);
#10482 = CARTESIAN_POINT('',(-0.244616439224,0.63,0.275137168064));
#10483 = B_SPLINE_CURVE_WITH_KNOTS('',1,(#10484,#10485),.UNSPECIFIED.,
  .F.,.F.,(2,2),(5.551115123126E-17,4.703864813422E-02),
  .PIECEWISE_BEZIER_KNOTS.);
#10484 = CARTESIAN_POINT('',(-0.244616439224,0.63,0.322175816199));
#10485 = CARTESIAN_POINT('',(-0.244616439224,0.63,0.275137168064));
#10486 = ORIENTED_EDGE('',*,*,#10467,.F.);
#10487 = ORIENTED_EDGE('',*,*,#10259,.T.);
#10488 = ORIENTED_EDGE('',*,*,#10489,.T.);
#10489 = EDGE_CURVE('',#10262,#10481,#10490,.T.);
#10490 = B_SPLINE_CURVE_WITH_KNOTS('',1,(#10491,#10492),.UNSPECIFIED.,
  .F.,.F.,(2,2),(-0.,1.E-02),.PIECEWISE_BEZIER_KNOTS.);
#10491 = CARTESIAN_POINT('',(-0.244616439224,0.64,0.275137168064));
#10492 = CARTESIAN_POINT('',(-0.244616439224,0.63,0.275137168064));
#10493 = B_SPLINE_SURFACE_WITH_KNOTS('',1,1,(
    (#10494,#10495)
    ,(#10496,#10497
    )),.UNSPECIFIED.,.F.,.F.,.F.,(2,2),(2,2),(-4.703864813422E-02,0.),(
    -1.E-02,0.),.PIECEWISE_BEZIER_KNOTS.);
#10494 = CARTESIAN_POINT('',(-0.244616439224,0.63,0.275137168064));
#10495 = CARTESIAN_POINT('',(-0.244616439224,0.64,0.275137168064));
#10496 = CARTESIAN_POINT('',(-0.244616439224,0.63,0.322175816199));
#10497 = CARTESIAN_POINT('',(-0.244616439224,0.64,0.322175816199));
#10498 = ADVANCED_FACE('',(#10499),#10515,.T.);
#10499 = FACE_BOUND('',#10500,.T.);
#10500 = EDGE_LOOP('',(#10501,#10508,#10509,#10510));
#10501 = ORIENTED_EDGE('',*,*,#10502,.F.);
#10502 = EDGE_CURVE('',#10481,#10503,#10505,.T.);
#10503 = VERTEX_POINT('',#10504);
#10504 = CARTESIAN_POINT('',(-0.253475176671,0.63,0.275137168064));
#10505 = B_SPLINE_CURVE_WITH_KNOTS('',1,(#10506,#10507),.UNSPECIFIED.,
  .F.,.F.,(2,2),(1.110223024625E-16,8.858737446907E-03),
  .PIECEWISE_BEZIER_KNOTS.);
#10506 = CARTESIAN_POINT('',(-0.244616439224,0.63,0.275137168064));
#10507 = CARTESIAN_POINT('',(-0.253475176671,0.63,0.275137168064));
#10508 = ORIENTED_EDGE('',*,*,#10489,.F.);
#10509 = ORIENTED_EDGE('',*,*,#10311,.T.);
#10510 = ORIENTED_EDGE('',*,*,#10511,.T.);
#10511 = EDGE_CURVE('',#10303,#10503,#10512,.T.);
#10512 = B_SPLINE_CURVE_WITH_KNOTS('',1,(#10513,#10514),.UNSPECIFIED.,
  .F.,.F.,(2,2),(-0.,1.E-02),.PIECEWISE_BEZIER_KNOTS.);
#10513 = CARTESIAN_POINT('',(-0.253475176671,0.64,0.275137168064));
#10514 = CARTESIAN_POINT('',(-0.253475176671,0.63,0.275137168064));
#10515 = B_SPLINE_SURFACE_WITH_KNOTS('',1,1,(
    (#10516,#10517)
    ,(#10518,#10519
    )),.UNSPECIFIED.,.F.,.F.,.F.,(2,2),(2,2),(-8.858737446907E-03,0.),(
    -1.E-02,0.),.PIECEWISE_BEZIER_KNOTS.);
#10516 = CARTESIAN_POINT('',(-0.253475176671,0.63,0.275137168064));
#10517 = CARTESIAN_POINT('',(-0.253475176671,0.64,0.275137168064));
#10518 = CARTESIAN_POINT('',(-0.244616439224,0.63,0.275137168064));
#10519 = CARTESIAN_POINT('',(-0.244616439224,0.64,0.275137168064));
#10520 = ADVANCED_FACE('',(#10521),#10539,.T.);
#10521 = FACE_BOUND('',#10522,.T.);
#10522 = EDGE_LOOP('',(#10523,#10532,#10533,#10534));
#10523 = ORIENTED_EDGE('',*,*,#10524,.F.);
#10524 = EDGE_CURVE('',#10503,#10525,#10527,.T.);
#10525 = VERTEX_POINT('',#10526);
#10526 = CARTESIAN_POINT('',(-0.271613753521,0.63,0.281500486512));
#10527 = B_SPLINE_CURVE_WITH_KNOTS('',3,(#10528,#10529,#10530,#10531),
  .UNSPECIFIED.,.F.,.F.,(4,4),(2.,3.),.PIECEWISE_BEZIER_KNOTS.);
#10528 = CARTESIAN_POINT('',(-0.253475176671,0.63,0.275137168064));
#10529 = CARTESIAN_POINT('',(-0.261226571937,0.63,0.275137168064));
#10530 = CARTESIAN_POINT('',(-0.26727796301,0.63,0.277258274213));
#10531 = CARTESIAN_POINT('',(-0.271613753521,0.63,0.281500486512));
#10532 = ORIENTED_EDGE('',*,*,#10511,.F.);
#10533 = ORIENTED_EDGE('',*,*,#10302,.T.);
#10534 = ORIENTED_EDGE('',*,*,#10535,.T.);
#10535 = EDGE_CURVE('',#10294,#10525,#10536,.T.);
#10536 = B_SPLINE_CURVE_WITH_KNOTS('',1,(#10537,#10538),.UNSPECIFIED.,
  .F.,.F.,(2,2),(-0.,1.E-02),.PIECEWISE_BEZIER_KNOTS.);
#10537 = CARTESIAN_POINT('',(-0.271613753521,0.64,0.281500486512));
#10538 = CARTESIAN_POINT('',(-0.271613753521,0.63,0.281500486512));
#10539 = B_SPLINE_SURFACE_WITH_KNOTS('',3,1,(
    (#10540,#10541)
    ,(#10542,#10543)
    ,(#10544,#10545)
    ,(#10546,#10547
    )),.UNSPECIFIED.,.F.,.F.,.F.,(4,4),(2,2),(2.,3.),(0.,1.),
  .PIECEWISE_BEZIER_KNOTS.);
#10540 = CARTESIAN_POINT('',(-0.253475176671,0.64,0.275137168064));
#10541 = CARTESIAN_POINT('',(-0.253475176671,0.63,0.275137168064));
#10542 = CARTESIAN_POINT('',(-0.261226571937,0.64,0.275137168064));
#10543 = CARTESIAN_POINT('',(-0.261226571937,0.63,0.275137168064));
#10544 = CARTESIAN_POINT('',(-0.26727796301,0.64,0.277258274213));
#10545 = CARTESIAN_POINT('',(-0.26727796301,0.63,0.277258274213));
#10546 = CARTESIAN_POINT('',(-0.271613753521,0.64,0.281500486512));
#10547 = CARTESIAN_POINT('',(-0.271613753521,0.63,0.281500486512));
#10548 = ADVANCED_FACE('',(#10549),#10567,.T.);
#10549 = FACE_BOUND('',#10550,.T.);
#10550 = EDGE_LOOP('',(#10551,#10560,#10561,#10562));
#10551 = ORIENTED_EDGE('',*,*,#10552,.F.);
#10552 = EDGE_CURVE('',#10525,#10553,#10555,.T.);
#10553 = VERTEX_POINT('',#10554);
#10554 = CARTESIAN_POINT('',(-0.278133035656,0.63,0.299249154144));
#10555 = B_SPLINE_CURVE_WITH_KNOTS('',3,(#10556,#10557,#10558,#10559),
  .UNSPECIFIED.,.F.,.F.,(4,4),(3.,4.),.PIECEWISE_BEZIER_KNOTS.);
#10556 = CARTESIAN_POINT('',(-0.271613753521,0.63,0.281500486512));
#10557 = CARTESIAN_POINT('',(-0.275965140401,0.63,0.285711506073));
#10558 = CARTESIAN_POINT('',(-0.278133035656,0.63,0.291638126196));
#10559 = CARTESIAN_POINT('',(-0.278133035656,0.63,0.299249154144));
#10560 = ORIENTED_EDGE('',*,*,#10535,.F.);
#10561 = ORIENTED_EDGE('',*,*,#10293,.T.);
#10562 = ORIENTED_EDGE('',*,*,#10563,.T.);
#10563 = EDGE_CURVE('',#10285,#10553,#10564,.T.);
#10564 = B_SPLINE_CURVE_WITH_KNOTS('',1,(#10565,#10566),.UNSPECIFIED.,
  .F.,.F.,(2,2),(-0.,1.E-02),.PIECEWISE_BEZIER_KNOTS.);
#10565 = CARTESIAN_POINT('',(-0.278133035656,0.64,0.299249154144));
#10566 = CARTESIAN_POINT('',(-0.278133035656,0.63,0.299249154144));
#10567 = B_SPLINE_SURFACE_WITH_KNOTS('',3,1,(
    (#10568,#10569)
    ,(#10570,#10571)
    ,(#10572,#10573)
    ,(#10574,#10575
    )),.UNSPECIFIED.,.F.,.F.,.F.,(4,4),(2,2),(3.,4.),(0.,1.),
  .PIECEWISE_BEZIER_KNOTS.);
#10568 = CARTESIAN_POINT('',(-0.271613753521,0.64,0.281500486512));
#10569 = CARTESIAN_POINT('',(-0.271613753521,0.63,0.281500486512));
#10570 = CARTESIAN_POINT('',(-0.275965140401,0.64,0.285711506073));
#10571 = CARTESIAN_POINT('',(-0.275965140401,0.63,0.285711506073));
#10572 = CARTESIAN_POINT('',(-0.278133035656,0.64,0.291638126196));
#10573 = CARTESIAN_POINT('',(-0.278133035656,0.63,0.291638126196));
#10574 = CARTESIAN_POINT('',(-0.278133035656,0.64,0.299249154144));
#10575 = CARTESIAN_POINT('',(-0.278133035656,0.63,0.299249154144));
#10576 = ADVANCED_FACE('',(#10577),#10595,.T.);
#10577 = FACE_BOUND('',#10578,.T.);
#10578 = EDGE_LOOP('',(#10579,#10588,#10589,#10590));
#10579 = ORIENTED_EDGE('',*,*,#10580,.F.);
#10580 = EDGE_CURVE('',#10553,#10581,#10583,.T.);
#10581 = VERTEX_POINT('',#10582);
#10582 = CARTESIAN_POINT('',(-0.271442193465,0.63,0.3164363525));
#10583 = B_SPLINE_CURVE_WITH_KNOTS('',3,(#10584,#10585,#10586,#10587),
  .UNSPECIFIED.,.F.,.F.,(4,4),(4.,5.),.PIECEWISE_BEZIER_KNOTS.);
#10584 = CARTESIAN_POINT('',(-0.278133035656,0.63,0.299249154144));
#10585 = CARTESIAN_POINT('',(-0.278133035656,0.63,0.306860182091));
#10586 = CARTESIAN_POINT('',(-0.275902754926,0.63,0.312599645789));
#10587 = CARTESIAN_POINT('',(-0.271442193465,0.63,0.3164363525));
#10588 = ORIENTED_EDGE('',*,*,#10563,.F.);
#10589 = ORIENTED_EDGE('',*,*,#10284,.T.);
#10590 = ORIENTED_EDGE('',*,*,#10591,.T.);
#10591 = EDGE_CURVE('',#10276,#10581,#10592,.T.);
#10592 = B_SPLINE_CURVE_WITH_KNOTS('',1,(#10593,#10594),.UNSPECIFIED.,
  .F.,.F.,(2,2),(-0.,1.E-02),.PIECEWISE_BEZIER_KNOTS.);
#10593 = CARTESIAN_POINT('',(-0.271442193465,0.64,0.3164363525));
#10594 = CARTESIAN_POINT('',(-0.271442193465,0.63,0.3164363525));
#10595 = B_SPLINE_SURFACE_WITH_KNOTS('',3,1,(
    (#10596,#10597)
    ,(#10598,#10599)
    ,(#10600,#10601)
    ,(#10602,#10603
    )),.UNSPECIFIED.,.F.,.F.,.F.,(4,4),(2,2),(4.,5.),(0.,1.),
  .PIECEWISE_BEZIER_KNOTS.);
#10596 = CARTESIAN_POINT('',(-0.278133035656,0.64,0.299249154144));
#10597 = CARTESIAN_POINT('',(-0.278133035656,0.63,0.299249154144));
#10598 = CARTESIAN_POINT('',(-0.278133035656,0.64,0.306860182091));
#10599 = CARTESIAN_POINT('',(-0.278133035656,0.63,0.306860182091));
#10600 = CARTESIAN_POINT('',(-0.275902754926,0.64,0.312599645789));
#10601 = CARTESIAN_POINT('',(-0.275902754926,0.63,0.312599645789));
#10602 = CARTESIAN_POINT('',(-0.271442193465,0.64,0.3164363525));
#10603 = CARTESIAN_POINT('',(-0.271442193465,0.63,0.3164363525));
#10604 = ADVANCED_FACE('',(#10605),#10617,.T.);
#10605 = FACE_BOUND('',#10606,.T.);
#10606 = EDGE_LOOP('',(#10607,#10614,#10615,#10616));
#10607 = ORIENTED_EDGE('',*,*,#10608,.F.);
#10608 = EDGE_CURVE('',#10581,#10453,#10609,.T.);
#10609 = B_SPLINE_CURVE_WITH_KNOTS('',3,(#10610,#10611,#10612,#10613),
  .UNSPECIFIED.,.F.,.F.,(4,4),(5.,6.),.PIECEWISE_BEZIER_KNOTS.);
#10610 = CARTESIAN_POINT('',(-0.271442193465,0.63,0.3164363525));
#10611 = CARTESIAN_POINT('',(-0.266981632004,0.63,0.320273059211));
#10612 = CARTESIAN_POINT('',(-0.261101800987,0.63,0.322175816199));
#10613 = CARTESIAN_POINT('',(-0.253833893152,0.63,0.322175816199));
#10614 = ORIENTED_EDGE('',*,*,#10591,.F.);
#10615 = ORIENTED_EDGE('',*,*,#10275,.T.);
#10616 = ORIENTED_EDGE('',*,*,#10461,.T.);
#10617 = B_SPLINE_SURFACE_WITH_KNOTS('',3,1,(
    (#10618,#10619)
    ,(#10620,#10621)
    ,(#10622,#10623)
    ,(#10624,#10625
    )),.UNSPECIFIED.,.F.,.F.,.F.,(4,4),(2,2),(5.,6.),(0.,1.),
  .PIECEWISE_BEZIER_KNOTS.);
#10618 = CARTESIAN_POINT('',(-0.271442193465,0.64,0.3164363525));
#10619 = CARTESIAN_POINT('',(-0.271442193465,0.63,0.3164363525));
#10620 = CARTESIAN_POINT('',(-0.266981632004,0.64,0.320273059211));
#10621 = CARTESIAN_POINT('',(-0.266981632004,0.63,0.320273059211));
#10622 = CARTESIAN_POINT('',(-0.261101800987,0.64,0.322175816199));
#10623 = CARTESIAN_POINT('',(-0.261101800987,0.63,0.322175816199));
#10624 = CARTESIAN_POINT('',(-0.253833893152,0.64,0.322175816199));
#10625 = CARTESIAN_POINT('',(-0.253833893152,0.63,0.322175816199));
#10626 = ADVANCED_FACE('',(#10627),#10636,.T.);
#10627 = FACE_BOUND('',#10628,.T.);
#10628 = EDGE_LOOP('',(#10629,#10630,#10631,#10632,#10633,#10634,#10635)
  );
#10629 = ORIENTED_EDGE('',*,*,#10452,.T.);
#10630 = ORIENTED_EDGE('',*,*,#10480,.T.);
#10631 = ORIENTED_EDGE('',*,*,#10502,.T.);
#10632 = ORIENTED_EDGE('',*,*,#10524,.T.);
#10633 = ORIENTED_EDGE('',*,*,#10552,.T.);
#10634 = ORIENTED_EDGE('',*,*,#10580,.T.);
#10635 = ORIENTED_EDGE('',*,*,#10608,.T.);
#10636 = B_SPLINE_SURFACE_WITH_KNOTS('',1,1,(
    (#10637,#10638)
    ,(#10639,#10640
    )),.UNSPECIFIED.,.F.,.F.,.F.,(2,2),(2,2),(-1.004862931936,
    -0.957824283801),(0.621866964344,0.655383560776),
  .PIECEWISE_BEZIER_KNOTS.);
#10637 = CARTESIAN_POINT('',(-0.278133035656,0.63,0.275137168064));
#10638 = CARTESIAN_POINT('',(-0.244616439224,0.63,0.275137168064));
#10639 = CARTESIAN_POINT('',(-0.278133035656,0.63,0.322175816199));
#10640 = CARTESIAN_POINT('',(-0.244616439224,0.63,0.322175816199));
#10641 = ADVANCED_FACE('',(#10642,#10700),#10748,.F.);
#10642 = FACE_BOUND('',#10643,.T.);
#10643 = EDGE_LOOP('',(#10644,#10653,#10660,#10667,#10674,#10681,#10688,
    #10695));
#10644 = ORIENTED_EDGE('',*,*,#10645,.T.);
#10645 = EDGE_CURVE('',#10646,#10648,#10650,.T.);
#10646 = VERTEX_POINT('',#10647);
#10647 = CARTESIAN_POINT('',(-0.344698337459,0.64,0.268181187604));
#10648 = VERTEX_POINT('',#10649);
#10649 = CARTESIAN_POINT('',(-0.32145974803,0.64,0.329194182134));
#10650 = B_SPLINE_CURVE_WITH_KNOTS('',1,(#10651,#10652),.UNSPECIFIED.,
  .F.,.F.,(2,2),(-6.528872444851E-02,0.),.PIECEWISE_BEZIER_KNOTS.);
#10651 = CARTESIAN_POINT('',(-0.344698337459,0.64,0.268181187604));
#10652 = CARTESIAN_POINT('',(-0.32145974803,0.64,0.329194182134));
#10653 = ORIENTED_EDGE('',*,*,#10654,.T.);
#10654 = EDGE_CURVE('',#10648,#10655,#10657,.T.);
#10655 = VERTEX_POINT('',#10656);
#10656 = CARTESIAN_POINT('',(-0.313037708907,0.64,0.329194182134));
#10657 = B_SPLINE_CURVE_WITH_KNOTS('',1,(#10658,#10659),.UNSPECIFIED.,
  .F.,.F.,(2,2),(-8.422039122552E-03,0.),.PIECEWISE_BEZIER_KNOTS.);
#10658 = CARTESIAN_POINT('',(-0.32145974803,0.64,0.329194182134));
#10659 = CARTESIAN_POINT('',(-0.313037708907,0.64,0.329194182134));
#10660 = ORIENTED_EDGE('',*,*,#10661,.T.);
#10661 = EDGE_CURVE('',#10655,#10662,#10664,.T.);
#10662 = VERTEX_POINT('',#10663);
#10663 = CARTESIAN_POINT('',(-0.289799119477,0.64,0.268181187604));
#10664 = B_SPLINE_CURVE_WITH_KNOTS('',1,(#10665,#10666),.UNSPECIFIED.,
  .F.,.F.,(2,2),(-6.528872444865E-02,0.),.PIECEWISE_BEZIER_KNOTS.);
#10665 = CARTESIAN_POINT('',(-0.313037708907,0.64,0.329194182134));
#10666 = CARTESIAN_POINT('',(-0.289799119477,0.64,0.268181187604));
#10667 = ORIENTED_EDGE('',*,*,#10668,.T.);
#10668 = EDGE_CURVE('',#10662,#10669,#10671,.T.);
#10669 = VERTEX_POINT('',#10670);
#10670 = CARTESIAN_POINT('',(-0.298501893237,0.64,0.268181187604));
#10671 = B_SPLINE_CURVE_WITH_KNOTS('',1,(#10672,#10673),.UNSPECIFIED.,
  .F.,.F.,(2,2),(-8.702773759636E-03,0.),.PIECEWISE_BEZIER_KNOTS.);
#10672 = CARTESIAN_POINT('',(-0.289799119477,0.64,0.268181187604));
#10673 = CARTESIAN_POINT('',(-0.298501893237,0.64,0.268181187604));
#10674 = ORIENTED_EDGE('',*,*,#10675,.T.);
#10675 = EDGE_CURVE('',#10669,#10676,#10678,.T.);
#10676 = VERTEX_POINT('',#10677);
#10677 = CARTESIAN_POINT('',(-0.304366127885,0.64,0.284869302161));
#10678 = B_SPLINE_CURVE_WITH_KNOTS('',1,(#10679,#10680),.UNSPECIFIED.,
  .F.,.F.,(2,2),(-1.768848256523E-02,0.),.PIECEWISE_BEZIER_KNOTS.);
#10679 = CARTESIAN_POINT('',(-0.298501893237,0.64,0.268181187604));
#10680 = CARTESIAN_POINT('',(-0.304366127885,0.64,0.284869302161));
#10681 = ORIENTED_EDGE('',*,*,#10682,.T.);
#10682 = EDGE_CURVE('',#10676,#10683,#10685,.T.);
#10683 = VERTEX_POINT('',#10684);
#10684 = CARTESIAN_POINT('',(-0.32977261257,0.64,0.284869302161));
#10685 = B_SPLINE_CURVE_WITH_KNOTS('',1,(#10686,#10687),.UNSPECIFIED.,
  .F.,.F.,(2,2),(-2.540648468536E-02,0.),.PIECEWISE_BEZIER_KNOTS.);
#10686 = CARTESIAN_POINT('',(-0.304366127885,0.64,0.284869302161));
#10687 = CARTESIAN_POINT('',(-0.32977261257,0.64,0.284869302161));
#10688 = ORIENTED_EDGE('',*,*,#10689,.T.);
#10689 = EDGE_CURVE('',#10683,#10690,#10692,.T.);
#10690 = VERTEX_POINT('',#10691);
#10691 = CARTESIAN_POINT('',(-0.3359955637,0.64,0.268181187604));
#10692 = B_SPLINE_CURVE_WITH_KNOTS('',1,(#10693,#10694),.UNSPECIFIED.,
  .F.,.F.,(2,2),(-1.781062290361E-02,-0.),.PIECEWISE_BEZIER_KNOTS.);
#10693 = CARTESIAN_POINT('',(-0.32977261257,0.64,0.284869302161));
#10694 = CARTESIAN_POINT('',(-0.3359955637,0.64,0.268181187604));
#10695 = ORIENTED_EDGE('',*,*,#10696,.T.);
#10696 = EDGE_CURVE('',#10690,#10646,#10697,.T.);
#10697 = B_SPLINE_CURVE_WITH_KNOTS('',1,(#10698,#10699),.UNSPECIFIED.,
  .F.,.F.,(2,2),(-8.70277375922E-03,0.),.PIECEWISE_BEZIER_KNOTS.);
#10698 = CARTESIAN_POINT('',(-0.3359955637,0.64,0.268181187604));
#10699 = CARTESIAN_POINT('',(-0.344698337459,0.64,0.268181187604));
#10700 = FACE_BOUND('',#10701,.T.);
#10701 = EDGE_LOOP('',(#10702,#10711,#10718,#10727,#10734,#10743));
#10702 = ORIENTED_EDGE('',*,*,#10703,.F.);
#10703 = EDGE_CURVE('',#10704,#10706,#10708,.T.);
#10704 = VERTEX_POINT('',#10705);
#10705 = CARTESIAN_POINT('',(-0.306861546884,0.64,0.291762897146));
#10706 = VERTEX_POINT('',#10707);
#10707 = CARTESIAN_POINT('',(-0.327339579046,0.64,0.291762897146));
#10708 = B_SPLINE_CURVE_WITH_KNOTS('',1,(#10709,#10710),.UNSPECIFIED.,
  .F.,.F.,(2,2),(0.,2.047803216182E-02),.PIECEWISE_BEZIER_KNOTS.);
#10709 = CARTESIAN_POINT('',(-0.306861546884,0.64,0.291762897146));
#10710 = CARTESIAN_POINT('',(-0.327339579046,0.64,0.291762897146));
#10711 = ORIENTED_EDGE('',*,*,#10712,.F.);
#10712 = EDGE_CURVE('',#10713,#10704,#10715,.T.);
#10713 = VERTEX_POINT('',#10714);
#10714 = CARTESIAN_POINT('',(-0.3159854226,0.64,0.317122592725));
#10715 = B_SPLINE_CURVE_WITH_KNOTS('',1,(#10716,#10717),.UNSPECIFIED.,
  .F.,.F.,(2,2),(7.102589749554E-17,2.695105318789E-02),
  .PIECEWISE_BEZIER_KNOTS.);
#10716 = CARTESIAN_POINT('',(-0.3159854226,0.64,0.317122592725));
#10717 = CARTESIAN_POINT('',(-0.306861546884,0.64,0.291762897146));
#10718 = ORIENTED_EDGE('',*,*,#10719,.F.);
#10719 = EDGE_CURVE('',#10720,#10713,#10722,.T.);
#10720 = VERTEX_POINT('',#10721);
#10721 = CARTESIAN_POINT('',(-0.3169835902,0.64,0.321395997761));
#10722 = B_SPLINE_CURVE_WITH_KNOTS('',3,(#10723,#10724,#10725,#10726),
  .UNSPECIFIED.,.F.,.F.,(4,4),(3.,4.),.PIECEWISE_BEZIER_KNOTS.);
#10723 = CARTESIAN_POINT('',(-0.3169835902,0.64,0.321395997761));
#10724 = CARTESIAN_POINT('',(-0.316687259193,0.64,0.319555626249));
#10725 = CARTESIAN_POINT('',(-0.31635973545,0.64,0.318120760325));
#10726 = CARTESIAN_POINT('',(-0.3159854226,0.64,0.317122592725));
#10727 = ORIENTED_EDGE('',*,*,#10728,.F.);
#10728 = EDGE_CURVE('',#10729,#10720,#10731,.T.);
#10729 = VERTEX_POINT('',#10730);
#10730 = CARTESIAN_POINT('',(-0.317170746625,0.64,0.321395997761));
#10731 = B_SPLINE_CURVE_WITH_KNOTS('',1,(#10732,#10733),.UNSPECIFIED.,
  .F.,.F.,(2,2),(0.,1.871564251401E-04),.PIECEWISE_BEZIER_KNOTS.);
#10732 = CARTESIAN_POINT('',(-0.317170746625,0.64,0.321395997761));
#10733 = CARTESIAN_POINT('',(-0.3169835902,0.64,0.321395997761));
#10734 = ORIENTED_EDGE('',*,*,#10735,.F.);
#10735 = EDGE_CURVE('',#10736,#10729,#10738,.T.);
#10736 = VERTEX_POINT('',#10737);
#10737 = CARTESIAN_POINT('',(-0.318122125118,0.64,0.317122592725));
#10738 = B_SPLINE_CURVE_WITH_KNOTS('',3,(#10739,#10740,#10741,#10742),
  .UNSPECIFIED.,.F.,.F.,(4,4),(1.,2.),.PIECEWISE_BEZIER_KNOTS.);
#10739 = CARTESIAN_POINT('',(-0.318122125118,0.64,0.317122592725));
#10740 = CARTESIAN_POINT('',(-0.317825794112,0.64,0.317964796637));
#10741 = CARTESIAN_POINT('',(-0.317513866737,0.64,0.319368469824));
#10742 = CARTESIAN_POINT('',(-0.317170746625,0.64,0.321395997761));
#10743 = ORIENTED_EDGE('',*,*,#10744,.F.);
#10744 = EDGE_CURVE('',#10706,#10736,#10745,.T.);
#10745 = B_SPLINE_CURVE_WITH_KNOTS('',1,(#10746,#10747),.UNSPECIFIED.,
  .F.,.F.,(2,2),(0.,2.698287636246E-02),.PIECEWISE_BEZIER_KNOTS.);
#10746 = CARTESIAN_POINT('',(-0.327339579046,0.64,0.291762897146));
#10747 = CARTESIAN_POINT('',(-0.318122125118,0.64,0.317122592725));
#10748 = B_SPLINE_SURFACE_WITH_KNOTS('',1,1,(
    (#10749,#10750)
    ,(#10751,#10752
    )),.UNSPECIFIED.,.F.,.F.,.F.,(2,2),(2,2),(0.320805917866,
    0.381818912396),(-0.344698337459,-0.289799119477),
  .PIECEWISE_BEZIER_KNOTS.);
#10749 = CARTESIAN_POINT('',(-0.344698337459,0.64,0.329194182134));
#10750 = CARTESIAN_POINT('',(-0.289799119477,0.64,0.329194182134));
#10751 = CARTESIAN_POINT('',(-0.344698337459,0.64,0.268181187604));
#10752 = CARTESIAN_POINT('',(-0.289799119477,0.64,0.268181187604));
#10753 = ADVANCED_FACE('',(#10754),#10768,.F.);
#10754 = FACE_BOUND('',#10755,.T.);
#10755 = EDGE_LOOP('',(#10756,#10757,#10762,#10763));
#10756 = ORIENTED_EDGE('',*,*,#30,.T.);
#10757 = ORIENTED_EDGE('',*,*,#10758,.F.);
#10758 = EDGE_CURVE('',#10648,#22,#10759,.T.);
#10759 = B_SPLINE_CURVE_WITH_KNOTS('',1,(#10760,#10761),.UNSPECIFIED.,
  .F.,.F.,(2,2),(-0.,1.E-02),.PIECEWISE_BEZIER_KNOTS.);
#10760 = CARTESIAN_POINT('',(-0.32145974803,0.64,0.329194182134));
#10761 = CARTESIAN_POINT('',(-0.32145974803,0.63,0.329194182134));
#10762 = ORIENTED_EDGE('',*,*,#10645,.F.);
#10763 = ORIENTED_EDGE('',*,*,#10764,.T.);
#10764 = EDGE_CURVE('',#10646,#31,#10765,.T.);
#10765 = B_SPLINE_CURVE_WITH_KNOTS('',1,(#10766,#10767),.UNSPECIFIED.,
  .F.,.F.,(2,2),(-0.,1.E-02),.PIECEWISE_BEZIER_KNOTS.);
#10766 = CARTESIAN_POINT('',(-0.344698337459,0.64,0.268181187604));
#10767 = CARTESIAN_POINT('',(-0.344698337459,0.63,0.268181187604));
#10768 = B_SPLINE_SURFACE_WITH_KNOTS('',1,1,(
    (#10769,#10770)
    ,(#10771,#10772
    )),.UNSPECIFIED.,.F.,.F.,.F.,(2,2),(2,2),(-0.,6.528872444851E-02),(
    -1.E-02,0.),.PIECEWISE_BEZIER_KNOTS.);
#10769 = CARTESIAN_POINT('',(-0.32145974803,0.63,0.329194182134));
#10770 = CARTESIAN_POINT('',(-0.32145974803,0.64,0.329194182134));
#10771 = CARTESIAN_POINT('',(-0.344698337459,0.63,0.268181187604));
#10772 = CARTESIAN_POINT('',(-0.344698337459,0.64,0.268181187604));
#10773 = ADVANCED_FACE('',(#10774),#10784,.F.);
#10774 = FACE_BOUND('',#10775,.T.);
#10775 = EDGE_LOOP('',(#10776,#10777,#10782,#10783));
#10776 = ORIENTED_EDGE('',*,*,#21,.T.);
#10777 = ORIENTED_EDGE('',*,*,#10778,.F.);
#10778 = EDGE_CURVE('',#10655,#24,#10779,.T.);
#10779 = B_SPLINE_CURVE_WITH_KNOTS('',1,(#10780,#10781),.UNSPECIFIED.,
  .F.,.F.,(2,2),(-0.,1.E-02),.PIECEWISE_BEZIER_KNOTS.);
#10780 = CARTESIAN_POINT('',(-0.313037708907,0.64,0.329194182134));
#10781 = CARTESIAN_POINT('',(-0.313037708907,0.63,0.329194182134));
#10782 = ORIENTED_EDGE('',*,*,#10654,.F.);
#10783 = ORIENTED_EDGE('',*,*,#10758,.T.);
#10784 = B_SPLINE_SURFACE_WITH_KNOTS('',1,1,(
    (#10785,#10786)
    ,(#10787,#10788
    )),.UNSPECIFIED.,.F.,.F.,.F.,(2,2),(2,2),(0.,8.422039122552E-03),(
    -1.E-02,0.),.PIECEWISE_BEZIER_KNOTS.);
#10785 = CARTESIAN_POINT('',(-0.313037708907,0.63,0.329194182134));
#10786 = CARTESIAN_POINT('',(-0.313037708907,0.64,0.329194182134));
#10787 = CARTESIAN_POINT('',(-0.32145974803,0.63,0.329194182134));
#10788 = CARTESIAN_POINT('',(-0.32145974803,0.64,0.329194182134));
#10789 = ADVANCED_FACE('',(#10790),#10800,.F.);
#10790 = FACE_BOUND('',#10791,.T.);
#10791 = EDGE_LOOP('',(#10792,#10793,#10798,#10799));
#10792 = ORIENTED_EDGE('',*,*,#72,.T.);
#10793 = ORIENTED_EDGE('',*,*,#10794,.F.);
#10794 = EDGE_CURVE('',#10662,#66,#10795,.T.);
#10795 = B_SPLINE_CURVE_WITH_KNOTS('',1,(#10796,#10797),.UNSPECIFIED.,
  .F.,.F.,(2,2),(-0.,1.E-02),.PIECEWISE_BEZIER_KNOTS.);
#10796 = CARTESIAN_POINT('',(-0.289799119477,0.64,0.268181187604));
#10797 = CARTESIAN_POINT('',(-0.289799119477,0.63,0.268181187604));
#10798 = ORIENTED_EDGE('',*,*,#10661,.F.);
#10799 = ORIENTED_EDGE('',*,*,#10778,.T.);
#10800 = B_SPLINE_SURFACE_WITH_KNOTS('',1,1,(
    (#10801,#10802)
    ,(#10803,#10804
    )),.UNSPECIFIED.,.F.,.F.,.F.,(2,2),(2,2),(0.,6.528872444865E-02),(
    -1.E-02,0.),.PIECEWISE_BEZIER_KNOTS.);
#10801 = CARTESIAN_POINT('',(-0.289799119477,0.63,0.268181187604));
#10802 = CARTESIAN_POINT('',(-0.289799119477,0.64,0.268181187604));
#10803 = CARTESIAN_POINT('',(-0.313037708907,0.63,0.329194182134));
#10804 = CARTESIAN_POINT('',(-0.313037708907,0.64,0.329194182134));
#10805 = ADVANCED_FACE('',(#10806),#10816,.F.);
#10806 = FACE_BOUND('',#10807,.T.);
#10807 = EDGE_LOOP('',(#10808,#10809,#10814,#10815));
#10808 = ORIENTED_EDGE('',*,*,#65,.T.);
#10809 = ORIENTED_EDGE('',*,*,#10810,.F.);
#10810 = EDGE_CURVE('',#10669,#59,#10811,.T.);
#10811 = B_SPLINE_CURVE_WITH_KNOTS('',1,(#10812,#10813),.UNSPECIFIED.,
  .F.,.F.,(2,2),(-0.,1.E-02),.PIECEWISE_BEZIER_KNOTS.);
#10812 = CARTESIAN_POINT('',(-0.298501893237,0.64,0.268181187604));
#10813 = CARTESIAN_POINT('',(-0.298501893237,0.63,0.268181187604));
#10814 = ORIENTED_EDGE('',*,*,#10668,.F.);
#10815 = ORIENTED_EDGE('',*,*,#10794,.T.);
#10816 = B_SPLINE_SURFACE_WITH_KNOTS('',1,1,(
    (#10817,#10818)
    ,(#10819,#10820
    )),.UNSPECIFIED.,.F.,.F.,.F.,(2,2),(2,2),(0.,8.702773759636E-03),(
    -1.E-02,0.),.PIECEWISE_BEZIER_KNOTS.);
#10817 = CARTESIAN_POINT('',(-0.298501893237,0.63,0.268181187604));
#10818 = CARTESIAN_POINT('',(-0.298501893237,0.64,0.268181187604));
#10819 = CARTESIAN_POINT('',(-0.289799119477,0.63,0.268181187604));
#10820 = CARTESIAN_POINT('',(-0.289799119477,0.64,0.268181187604));
#10821 = ADVANCED_FACE('',(#10822),#10832,.F.);
#10822 = FACE_BOUND('',#10823,.T.);
#10823 = EDGE_LOOP('',(#10824,#10825,#10830,#10831));
#10824 = ORIENTED_EDGE('',*,*,#58,.T.);
#10825 = ORIENTED_EDGE('',*,*,#10826,.F.);
#10826 = EDGE_CURVE('',#10676,#52,#10827,.T.);
#10827 = B_SPLINE_CURVE_WITH_KNOTS('',1,(#10828,#10829),.UNSPECIFIED.,
  .F.,.F.,(2,2),(-0.,1.E-02),.PIECEWISE_BEZIER_KNOTS.);
#10828 = CARTESIAN_POINT('',(-0.304366127885,0.64,0.284869302161));
#10829 = CARTESIAN_POINT('',(-0.304366127885,0.63,0.284869302161));
#10830 = ORIENTED_EDGE('',*,*,#10675,.F.);
#10831 = ORIENTED_EDGE('',*,*,#10810,.T.);
#10832 = B_SPLINE_SURFACE_WITH_KNOTS('',1,1,(
    (#10833,#10834)
    ,(#10835,#10836
    )),.UNSPECIFIED.,.F.,.F.,.F.,(2,2),(2,2),(0.,1.768848256523E-02),(
    -1.E-02,0.),.PIECEWISE_BEZIER_KNOTS.);
#10833 = CARTESIAN_POINT('',(-0.304366127885,0.63,0.284869302161));
#10834 = CARTESIAN_POINT('',(-0.304366127885,0.64,0.284869302161));
#10835 = CARTESIAN_POINT('',(-0.298501893237,0.63,0.268181187604));
#10836 = CARTESIAN_POINT('',(-0.298501893237,0.64,0.268181187604));
#10837 = ADVANCED_FACE('',(#10838),#10848,.F.);
#10838 = FACE_BOUND('',#10839,.T.);
#10839 = EDGE_LOOP('',(#10840,#10841,#10846,#10847));
#10840 = ORIENTED_EDGE('',*,*,#51,.T.);
#10841 = ORIENTED_EDGE('',*,*,#10842,.F.);
#10842 = EDGE_CURVE('',#10683,#45,#10843,.T.);
#10843 = B_SPLINE_CURVE_WITH_KNOTS('',1,(#10844,#10845),.UNSPECIFIED.,
  .F.,.F.,(2,2),(-0.,1.E-02),.PIECEWISE_BEZIER_KNOTS.);
#10844 = CARTESIAN_POINT('',(-0.32977261257,0.64,0.284869302161));
#10845 = CARTESIAN_POINT('',(-0.32977261257,0.63,0.284869302161));
#10846 = ORIENTED_EDGE('',*,*,#10682,.F.);
#10847 = ORIENTED_EDGE('',*,*,#10826,.T.);
#10848 = B_SPLINE_SURFACE_WITH_KNOTS('',1,1,(
    (#10849,#10850)
    ,(#10851,#10852
    )),.UNSPECIFIED.,.F.,.F.,.F.,(2,2),(2,2),(0.,2.540648468536E-02),(
    -1.E-02,0.),.PIECEWISE_BEZIER_KNOTS.);
#10849 = CARTESIAN_POINT('',(-0.32977261257,0.63,0.284869302161));
#10850 = CARTESIAN_POINT('',(-0.32977261257,0.64,0.284869302161));
#10851 = CARTESIAN_POINT('',(-0.304366127885,0.63,0.284869302161));
#10852 = CARTESIAN_POINT('',(-0.304366127885,0.64,0.284869302161));
#10853 = ADVANCED_FACE('',(#10854),#10864,.F.);
#10854 = FACE_BOUND('',#10855,.T.);
#10855 = EDGE_LOOP('',(#10856,#10857,#10862,#10863));
#10856 = ORIENTED_EDGE('',*,*,#44,.T.);
#10857 = ORIENTED_EDGE('',*,*,#10858,.F.);
#10858 = EDGE_CURVE('',#10690,#38,#10859,.T.);
#10859 = B_SPLINE_CURVE_WITH_KNOTS('',1,(#10860,#10861),.UNSPECIFIED.,
  .F.,.F.,(2,2),(-0.,1.E-02),.PIECEWISE_BEZIER_KNOTS.);
#10860 = CARTESIAN_POINT('',(-0.3359955637,0.64,0.268181187604));
#10861 = CARTESIAN_POINT('',(-0.3359955637,0.63,0.268181187604));
#10862 = ORIENTED_EDGE('',*,*,#10689,.F.);
#10863 = ORIENTED_EDGE('',*,*,#10842,.T.);
#10864 = B_SPLINE_SURFACE_WITH_KNOTS('',1,1,(
    (#10865,#10866)
    ,(#10867,#10868
    )),.UNSPECIFIED.,.F.,.F.,.F.,(2,2),(2,2),(0.,1.781062290361E-02),(
    -1.E-02,0.),.PIECEWISE_BEZIER_KNOTS.);
#10865 = CARTESIAN_POINT('',(-0.3359955637,0.63,0.268181187604));
#10866 = CARTESIAN_POINT('',(-0.3359955637,0.64,0.268181187604));
#10867 = CARTESIAN_POINT('',(-0.32977261257,0.63,0.284869302161));
#10868 = CARTESIAN_POINT('',(-0.32977261257,0.64,0.284869302161));
#10869 = ADVANCED_FACE('',(#10870),#10876,.F.);
#10870 = FACE_BOUND('',#10871,.T.);
#10871 = EDGE_LOOP('',(#10872,#10873,#10874,#10875));
#10872 = ORIENTED_EDGE('',*,*,#37,.T.);
#10873 = ORIENTED_EDGE('',*,*,#10764,.F.);
#10874 = ORIENTED_EDGE('',*,*,#10696,.F.);
#10875 = ORIENTED_EDGE('',*,*,#10858,.T.);
#10876 = B_SPLINE_SURFACE_WITH_KNOTS('',1,1,(
    (#10877,#10878)
    ,(#10879,#10880
    )),.UNSPECIFIED.,.F.,.F.,.F.,(2,2),(2,2),(0.,8.70277375922E-03),(
    -1.E-02,0.),.PIECEWISE_BEZIER_KNOTS.);
#10877 = CARTESIAN_POINT('',(-0.344698337459,0.63,0.268181187604));
#10878 = CARTESIAN_POINT('',(-0.344698337459,0.64,0.268181187604));
#10879 = CARTESIAN_POINT('',(-0.3359955637,0.63,0.268181187604));
#10880 = CARTESIAN_POINT('',(-0.3359955637,0.64,0.268181187604));
#10881 = ADVANCED_FACE('',(#10882),#10904,.T.);
#10882 = FACE_BOUND('',#10883,.T.);
#10883 = EDGE_LOOP('',(#10884,#10893,#10898,#10899));
#10884 = ORIENTED_EDGE('',*,*,#10885,.F.);
#10885 = EDGE_CURVE('',#10886,#10888,#10890,.T.);
#10886 = VERTEX_POINT('',#10887);
#10887 = CARTESIAN_POINT('',(-0.306861546884,0.63,0.291762897146));
#10888 = VERTEX_POINT('',#10889);
#10889 = CARTESIAN_POINT('',(-0.327339579046,0.63,0.291762897146));
#10890 = B_SPLINE_CURVE_WITH_KNOTS('',1,(#10891,#10892),.UNSPECIFIED.,
  .F.,.F.,(2,2),(-5.878036550243E-31,2.047803216182E-02),
  .PIECEWISE_BEZIER_KNOTS.);
#10891 = CARTESIAN_POINT('',(-0.306861546884,0.63,0.291762897146));
#10892 = CARTESIAN_POINT('',(-0.327339579046,0.63,0.291762897146));
#10893 = ORIENTED_EDGE('',*,*,#10894,.F.);
#10894 = EDGE_CURVE('',#10704,#10886,#10895,.T.);
#10895 = B_SPLINE_CURVE_WITH_KNOTS('',1,(#10896,#10897),.UNSPECIFIED.,
  .F.,.F.,(2,2),(-0.,1.E-02),.PIECEWISE_BEZIER_KNOTS.);
#10896 = CARTESIAN_POINT('',(-0.306861546884,0.64,0.291762897146));
#10897 = CARTESIAN_POINT('',(-0.306861546884,0.63,0.291762897146));
#10898 = ORIENTED_EDGE('',*,*,#10703,.T.);
#10899 = ORIENTED_EDGE('',*,*,#10900,.T.);
#10900 = EDGE_CURVE('',#10706,#10888,#10901,.T.);
#10901 = B_SPLINE_CURVE_WITH_KNOTS('',1,(#10902,#10903),.UNSPECIFIED.,
  .F.,.F.,(2,2),(-0.,1.E-02),.PIECEWISE_BEZIER_KNOTS.);
#10902 = CARTESIAN_POINT('',(-0.327339579046,0.64,0.291762897146));
#10903 = CARTESIAN_POINT('',(-0.327339579046,0.63,0.291762897146));
#10904 = B_SPLINE_SURFACE_WITH_KNOTS('',1,1,(
    (#10905,#10906)
    ,(#10907,#10908
    )),.UNSPECIFIED.,.F.,.F.,.F.,(2,2),(2,2),(-2.047803216182E-02,
    5.878036550243E-31),(-1.E-02,0.),.PIECEWISE_BEZIER_KNOTS.);
#10905 = CARTESIAN_POINT('',(-0.327339579046,0.63,0.291762897146));
#10906 = CARTESIAN_POINT('',(-0.327339579046,0.64,0.291762897146));
#10907 = CARTESIAN_POINT('',(-0.306861546884,0.63,0.291762897146));
#10908 = CARTESIAN_POINT('',(-0.306861546884,0.64,0.291762897146));
#10909 = ADVANCED_FACE('',(#10910),#10926,.T.);
#10910 = FACE_BOUND('',#10911,.T.);
#10911 = EDGE_LOOP('',(#10912,#10919,#10920,#10921));
#10912 = ORIENTED_EDGE('',*,*,#10913,.F.);
#10913 = EDGE_CURVE('',#10888,#10914,#10916,.T.);
#10914 = VERTEX_POINT('',#10915);
#10915 = CARTESIAN_POINT('',(-0.318122125118,0.63,0.317122592725));
#10916 = B_SPLINE_CURVE_WITH_KNOTS('',1,(#10917,#10918),.UNSPECIFIED.,
  .F.,.F.,(2,2),(7.113464664333E-17,2.698287636246E-02),
  .PIECEWISE_BEZIER_KNOTS.);
#10917 = CARTESIAN_POINT('',(-0.327339579046,0.63,0.291762897146));
#10918 = CARTESIAN_POINT('',(-0.318122125118,0.63,0.317122592725));
#10919 = ORIENTED_EDGE('',*,*,#10900,.F.);
#10920 = ORIENTED_EDGE('',*,*,#10744,.T.);
#10921 = ORIENTED_EDGE('',*,*,#10922,.T.);
#10922 = EDGE_CURVE('',#10736,#10914,#10923,.T.);
#10923 = B_SPLINE_CURVE_WITH_KNOTS('',1,(#10924,#10925),.UNSPECIFIED.,
  .F.,.F.,(2,2),(-0.,1.E-02),.PIECEWISE_BEZIER_KNOTS.);
#10924 = CARTESIAN_POINT('',(-0.318122125118,0.64,0.317122592725));
#10925 = CARTESIAN_POINT('',(-0.318122125118,0.63,0.317122592725));
#10926 = B_SPLINE_SURFACE_WITH_KNOTS('',1,1,(
    (#10927,#10928)
    ,(#10929,#10930
    )),.UNSPECIFIED.,.F.,.F.,.F.,(2,2),(2,2),(-2.698287636246E-02,0.),(
    -1.E-02,0.),.PIECEWISE_BEZIER_KNOTS.);
#10927 = CARTESIAN_POINT('',(-0.318122125118,0.63,0.317122592725));
#10928 = CARTESIAN_POINT('',(-0.318122125118,0.64,0.317122592725));
#10929 = CARTESIAN_POINT('',(-0.327339579046,0.63,0.291762897146));
#10930 = CARTESIAN_POINT('',(-0.327339579046,0.64,0.291762897146));
#10931 = ADVANCED_FACE('',(#10932),#10950,.T.);
#10932 = FACE_BOUND('',#10933,.T.);
#10933 = EDGE_LOOP('',(#10934,#10943,#10944,#10945));
#10934 = ORIENTED_EDGE('',*,*,#10935,.F.);
#10935 = EDGE_CURVE('',#10914,#10936,#10938,.T.);
#10936 = VERTEX_POINT('',#10937);
#10937 = CARTESIAN_POINT('',(-0.317170746625,0.63,0.321395997761));
#10938 = B_SPLINE_CURVE_WITH_KNOTS('',3,(#10939,#10940,#10941,#10942),
  .UNSPECIFIED.,.F.,.F.,(4,4),(1.,2.),.PIECEWISE_BEZIER_KNOTS.);
#10939 = CARTESIAN_POINT('',(-0.318122125118,0.63,0.317122592725));
#10940 = CARTESIAN_POINT('',(-0.317825794112,0.63,0.317964796637));
#10941 = CARTESIAN_POINT('',(-0.317513866737,0.63,0.319368469824));
#10942 = CARTESIAN_POINT('',(-0.317170746625,0.63,0.321395997761));
#10943 = ORIENTED_EDGE('',*,*,#10922,.F.);
#10944 = ORIENTED_EDGE('',*,*,#10735,.T.);
#10945 = ORIENTED_EDGE('',*,*,#10946,.T.);
#10946 = EDGE_CURVE('',#10729,#10936,#10947,.T.);
#10947 = B_SPLINE_CURVE_WITH_KNOTS('',1,(#10948,#10949),.UNSPECIFIED.,
  .F.,.F.,(2,2),(-0.,1.E-02),.PIECEWISE_BEZIER_KNOTS.);
#10948 = CARTESIAN_POINT('',(-0.317170746625,0.64,0.321395997761));
#10949 = CARTESIAN_POINT('',(-0.317170746625,0.63,0.321395997761));
#10950 = B_SPLINE_SURFACE_WITH_KNOTS('',3,1,(
    (#10951,#10952)
    ,(#10953,#10954)
    ,(#10955,#10956)
    ,(#10957,#10958
    )),.UNSPECIFIED.,.F.,.F.,.F.,(4,4),(2,2),(1.,2.),(0.,1.),
  .PIECEWISE_BEZIER_KNOTS.);
#10951 = CARTESIAN_POINT('',(-0.318122125118,0.64,0.317122592725));
#10952 = CARTESIAN_POINT('',(-0.318122125118,0.63,0.317122592725));
#10953 = CARTESIAN_POINT('',(-0.317825794112,0.64,0.317964796637));
#10954 = CARTESIAN_POINT('',(-0.317825794112,0.63,0.317964796637));
#10955 = CARTESIAN_POINT('',(-0.317513866737,0.64,0.319368469824));
#10956 = CARTESIAN_POINT('',(-0.317513866737,0.63,0.319368469824));
#10957 = CARTESIAN_POINT('',(-0.317170746625,0.64,0.321395997761));
#10958 = CARTESIAN_POINT('',(-0.317170746625,0.63,0.321395997761));
#10959 = ADVANCED_FACE('',(#10960),#10976,.T.);
#10960 = FACE_BOUND('',#10961,.T.);
#10961 = EDGE_LOOP('',(#10962,#10969,#10970,#10971));
#10962 = ORIENTED_EDGE('',*,*,#10963,.F.);
#10963 = EDGE_CURVE('',#10936,#10964,#10966,.T.);
#10964 = VERTEX_POINT('',#10965);
#10965 = CARTESIAN_POINT('',(-0.3169835902,0.63,0.321395997761));
#10966 = B_SPLINE_CURVE_WITH_KNOTS('',1,(#10967,#10968),.UNSPECIFIED.,
  .F.,.F.,(2,2),(0.,1.871564251401E-04),.PIECEWISE_BEZIER_KNOTS.);
#10967 = CARTESIAN_POINT('',(-0.317170746625,0.63,0.321395997761));
#10968 = CARTESIAN_POINT('',(-0.3169835902,0.63,0.321395997761));
#10969 = ORIENTED_EDGE('',*,*,#10946,.F.);
#10970 = ORIENTED_EDGE('',*,*,#10728,.T.);
#10971 = ORIENTED_EDGE('',*,*,#10972,.T.);
#10972 = EDGE_CURVE('',#10720,#10964,#10973,.T.);
#10973 = B_SPLINE_CURVE_WITH_KNOTS('',1,(#10974,#10975),.UNSPECIFIED.,
  .F.,.F.,(2,2),(-0.,1.E-02),.PIECEWISE_BEZIER_KNOTS.);
#10974 = CARTESIAN_POINT('',(-0.3169835902,0.64,0.321395997761));
#10975 = CARTESIAN_POINT('',(-0.3169835902,0.63,0.321395997761));
#10976 = B_SPLINE_SURFACE_WITH_KNOTS('',1,1,(
    (#10977,#10978)
    ,(#10979,#10980
    )),.UNSPECIFIED.,.F.,.F.,.F.,(2,2),(2,2),(-1.871564251401E-04,0.),(
    -1.E-02,0.),.PIECEWISE_BEZIER_KNOTS.);
#10977 = CARTESIAN_POINT('',(-0.3169835902,0.63,0.321395997761));
#10978 = CARTESIAN_POINT('',(-0.3169835902,0.64,0.321395997761));
#10979 = CARTESIAN_POINT('',(-0.317170746625,0.63,0.321395997761));
#10980 = CARTESIAN_POINT('',(-0.317170746625,0.64,0.321395997761));
#10981 = ADVANCED_FACE('',(#10982),#11000,.T.);
#10982 = FACE_BOUND('',#10983,.T.);
#10983 = EDGE_LOOP('',(#10984,#10993,#10994,#10995));
#10984 = ORIENTED_EDGE('',*,*,#10985,.F.);
#10985 = EDGE_CURVE('',#10964,#10986,#10988,.T.);
#10986 = VERTEX_POINT('',#10987);
#10987 = CARTESIAN_POINT('',(-0.3159854226,0.63,0.317122592725));
#10988 = B_SPLINE_CURVE_WITH_KNOTS('',3,(#10989,#10990,#10991,#10992),
  .UNSPECIFIED.,.F.,.F.,(4,4),(3.,4.),.PIECEWISE_BEZIER_KNOTS.);
#10989 = CARTESIAN_POINT('',(-0.3169835902,0.63,0.321395997761));
#10990 = CARTESIAN_POINT('',(-0.316687259193,0.63,0.319555626249));
#10991 = CARTESIAN_POINT('',(-0.31635973545,0.63,0.318120760325));
#10992 = CARTESIAN_POINT('',(-0.3159854226,0.63,0.317122592725));
#10993 = ORIENTED_EDGE('',*,*,#10972,.F.);
#10994 = ORIENTED_EDGE('',*,*,#10719,.T.);
#10995 = ORIENTED_EDGE('',*,*,#10996,.T.);
#10996 = EDGE_CURVE('',#10713,#10986,#10997,.T.);
#10997 = B_SPLINE_CURVE_WITH_KNOTS('',1,(#10998,#10999),.UNSPECIFIED.,
  .F.,.F.,(2,2),(2.22044604925E-16,1.E-02),.PIECEWISE_BEZIER_KNOTS.);
#10998 = CARTESIAN_POINT('',(-0.3159854226,0.64,0.317122592725));
#10999 = CARTESIAN_POINT('',(-0.3159854226,0.63,0.317122592725));
#11000 = B_SPLINE_SURFACE_WITH_KNOTS('',3,1,(
    (#11001,#11002)
    ,(#11003,#11004)
    ,(#11005,#11006)
    ,(#11007,#11008
    )),.UNSPECIFIED.,.F.,.F.,.F.,(4,4),(2,2),(3.,4.),(0.,1.),
  .PIECEWISE_BEZIER_KNOTS.);
#11001 = CARTESIAN_POINT('',(-0.3169835902,0.64,0.321395997761));
#11002 = CARTESIAN_POINT('',(-0.3169835902,0.63,0.321395997761));
#11003 = CARTESIAN_POINT('',(-0.316687259193,0.64,0.319555626249));
#11004 = CARTESIAN_POINT('',(-0.316687259193,0.63,0.319555626249));
#11005 = CARTESIAN_POINT('',(-0.31635973545,0.64,0.318120760325));
#11006 = CARTESIAN_POINT('',(-0.31635973545,0.63,0.318120760325));
#11007 = CARTESIAN_POINT('',(-0.3159854226,0.64,0.317122592725));
#11008 = CARTESIAN_POINT('',(-0.3159854226,0.63,0.317122592725));
#11009 = ADVANCED_FACE('',(#11010),#11020,.T.);
#11010 = FACE_BOUND('',#11011,.T.);
#11011 = EDGE_LOOP('',(#11012,#11017,#11018,#11019));
#11012 = ORIENTED_EDGE('',*,*,#11013,.F.);
#11013 = EDGE_CURVE('',#10986,#10886,#11014,.T.);
#11014 = B_SPLINE_CURVE_WITH_KNOTS('',1,(#11015,#11016),.UNSPECIFIED.,
  .F.,.F.,(2,2),(3.344095852381E-17,2.695105318789E-02),
  .PIECEWISE_BEZIER_KNOTS.);
#11015 = CARTESIAN_POINT('',(-0.3159854226,0.63,0.317122592725));
#11016 = CARTESIAN_POINT('',(-0.306861546884,0.63,0.291762897146));
#11017 = ORIENTED_EDGE('',*,*,#10996,.F.);
#11018 = ORIENTED_EDGE('',*,*,#10712,.T.);
#11019 = ORIENTED_EDGE('',*,*,#10894,.T.);
#11020 = B_SPLINE_SURFACE_WITH_KNOTS('',1,1,(
    (#11021,#11022)
    ,(#11023,#11024
    )),.UNSPECIFIED.,.F.,.F.,.F.,(2,2),(2,2),(-2.695105318789E-02,
    -3.344095852381E-17),(-1.E-02,0.),.PIECEWISE_BEZIER_KNOTS.);
#11021 = CARTESIAN_POINT('',(-0.306861546884,0.63,0.291762897146));
#11022 = CARTESIAN_POINT('',(-0.306861546884,0.64,0.291762897146));
#11023 = CARTESIAN_POINT('',(-0.3159854226,0.63,0.317122592725));
#11024 = CARTESIAN_POINT('',(-0.3159854226,0.64,0.317122592725));
#11025 = ADVANCED_FACE('',(#11026),#11034,.T.);
#11026 = FACE_BOUND('',#11027,.T.);
#11027 = EDGE_LOOP('',(#11028,#11029,#11030,#11031,#11032,#11033));
#11028 = ORIENTED_EDGE('',*,*,#10885,.T.);
#11029 = ORIENTED_EDGE('',*,*,#10913,.T.);
#11030 = ORIENTED_EDGE('',*,*,#10935,.T.);
#11031 = ORIENTED_EDGE('',*,*,#10963,.T.);
#11032 = ORIENTED_EDGE('',*,*,#10985,.T.);
#11033 = ORIENTED_EDGE('',*,*,#11013,.T.);
#11034 = B_SPLINE_SURFACE_WITH_KNOTS('',1,1,(
    (#11035,#11036)
    ,(#11037,#11038
    )),.UNSPECIFIED.,.F.,.F.,.F.,(2,2),(2,2),(-0.988237202854,
    -0.958604102239),(0.572660420954,0.593138453116),
  .PIECEWISE_BEZIER_KNOTS.);
#11035 = CARTESIAN_POINT('',(-0.327339579046,0.63,0.291762897146));
#11036 = CARTESIAN_POINT('',(-0.306861546884,0.63,0.291762897146));
#11037 = CARTESIAN_POINT('',(-0.327339579046,0.63,0.321395997761));
#11038 = CARTESIAN_POINT('',(-0.306861546884,0.63,0.321395997761));
#11039 = ADVANCED_FACE('',(#11040,#11329),#11354,.F.);
#11040 = FACE_BOUND('',#11041,.T.);
#11041 = EDGE_LOOP('',(#11042,#11053,#11062,#11071,#11080,#11089,#11098,
    #11107,#11116,#11125,#11134,#11143,#11152,#11161,#11168,#11175,
    #11182,#11191,#11200,#11209,#11218,#11227,#11236,#11245,#11254,
    #11263,#11272,#11279,#11288,#11297,#11306,#11313,#11322));
#11042 = ORIENTED_EDGE('',*,*,#11043,.T.);
#11043 = EDGE_CURVE('',#11044,#11046,#11048,.T.);
#11044 = VERTEX_POINT('',#11045);
#11045 = CARTESIAN_POINT('',(2.653972140275E-02,0.64,0.328701045736));
#11046 = VERTEX_POINT('',#11047);
#11047 = CARTESIAN_POINT('',(6.948553043996E-02,0.64,0.385528326646));
#11048 = B_SPLINE_CURVE_WITH_KNOTS('',3,(#11049,#11050,#11051,#11052),
  .UNSPECIFIED.,.F.,.F.,(4,4),(35.,36.),.PIECEWISE_BEZIER_KNOTS.);
#11049 = CARTESIAN_POINT('',(2.653972140275E-02,0.64,0.328701045736));
#11050 = CARTESIAN_POINT('',(2.697351093483E-02,0.64,0.354728798258));
#11051 = CARTESIAN_POINT('',(4.475916306167E-02,0.64,0.377719999234));
#11052 = CARTESIAN_POINT('',(6.948553043996E-02,0.64,0.385528326646));
#11053 = ORIENTED_EDGE('',*,*,#11054,.T.);
#11054 = EDGE_CURVE('',#11046,#11055,#11057,.T.);
#11055 = VERTEX_POINT('',#11056);
#11056 = CARTESIAN_POINT('',(9.291052922242E-02,0.64,0.419798223002));
#11057 = B_SPLINE_CURVE_WITH_KNOTS('',3,(#11058,#11059,#11060,#11061),
  .UNSPECIFIED.,.F.,.F.,(4,4),(0.,1.),.PIECEWISE_BEZIER_KNOTS.);
#11058 = CARTESIAN_POINT('',(6.948553043996E-02,0.64,0.385528326646));
#11059 = CARTESIAN_POINT('',(7.425728148362E-02,0.64,0.398542211181));
#11060 = CARTESIAN_POINT('',(8.249941497512E-02,0.64,0.410254706436));
#11061 = CARTESIAN_POINT('',(9.291052922242E-02,0.64,0.419798223002));
#11062 = ORIENTED_EDGE('',*,*,#11063,.T.);
#11063 = EDGE_CURVE('',#11055,#11064,#11066,.T.);
#11064 = VERTEX_POINT('',#11065);
#11065 = CARTESIAN_POINT('',(0.151906799163,0.64,0.442355624104));
#11066 = B_SPLINE_CURVE_WITH_KNOTS('',3,(#11067,#11068,#11069,#11070),
  .UNSPECIFIED.,.F.,.F.,(4,4),(1.,2.),.PIECEWISE_BEZIER_KNOTS.);
#11067 = CARTESIAN_POINT('',(9.291052922242E-02,0.64,0.419798223002));
#11068 = CARTESIAN_POINT('',(0.109394779657,0.64,0.434113497336));
#11069 = CARTESIAN_POINT('',(0.130216991604,0.64,0.442355624104));
#11070 = CARTESIAN_POINT('',(0.151906799163,0.64,0.442355624104));
#11071 = ORIENTED_EDGE('',*,*,#11072,.T.);
#11072 = EDGE_CURVE('',#11064,#11073,#11075,.T.);
#11073 = VERTEX_POINT('',#11074);
#11074 = CARTESIAN_POINT('',(0.203962337303,0.64,0.425437573795));
#11075 = B_SPLINE_CURVE_WITH_KNOTS('',3,(#11076,#11077,#11078,#11079),
  .UNSPECIFIED.,.F.,.F.,(4,4),(2.,3.),.PIECEWISE_BEZIER_KNOTS.);
#11076 = CARTESIAN_POINT('',(0.151906799163,0.64,0.442355624104));
#11077 = CARTESIAN_POINT('',(0.170993828159,0.64,0.442355624104));
#11078 = CARTESIAN_POINT('',(0.188779472012,0.64,0.436282478091));
#11079 = CARTESIAN_POINT('',(0.203962337303,0.64,0.425437573795));
#11080 = ORIENTED_EDGE('',*,*,#11081,.T.);
#11081 = EDGE_CURVE('',#11073,#11082,#11084,.T.);
#11082 = VERTEX_POINT('',#11083);
#11083 = CARTESIAN_POINT('',(0.2230493663,0.64,0.40635054273));
#11084 = B_SPLINE_CURVE_WITH_KNOTS('',3,(#11085,#11086,#11087,#11088),
  .UNSPECIFIED.,.F.,.F.,(4,4),(3.,4.),.PIECEWISE_BEZIER_KNOTS.);
#11085 = CARTESIAN_POINT('',(0.203962337303,0.64,0.425437573795));
#11086 = CARTESIAN_POINT('',(0.211336875183,0.64,0.42023201874));
#11087 = CARTESIAN_POINT('',(0.217410019644,0.64,0.413725076472));
#11088 = CARTESIAN_POINT('',(0.2230493663,0.64,0.40635054273));
#11089 = ORIENTED_EDGE('',*,*,#11090,.T.);
#11090 = EDGE_CURVE('',#11082,#11091,#11093,.T.);
#11091 = VERTEX_POINT('',#11092);
#11092 = CARTESIAN_POINT('',(0.233026674468,0.64,0.407218134205));
#11093 = B_SPLINE_CURVE_WITH_KNOTS('',3,(#11094,#11095,#11096,#11097),
  .UNSPECIFIED.,.F.,.F.,(4,4),(4.,5.),.PIECEWISE_BEZIER_KNOTS.);
#11094 = CARTESIAN_POINT('',(0.2230493663,0.64,0.40635054273));
#11095 = CARTESIAN_POINT('',(0.2265197322,0.64,0.406784340536));
#11096 = CARTESIAN_POINT('',(0.229556308568,0.64,0.407218134205));
#11097 = CARTESIAN_POINT('',(0.233026674468,0.64,0.407218134205));
#11098 = ORIENTED_EDGE('',*,*,#11099,.T.);
#11099 = EDGE_CURVE('',#11091,#11100,#11102,.T.);
#11100 = VERTEX_POINT('',#11101);
#11101 = CARTESIAN_POINT('',(0.282913231852,0.64,0.386395918121));
#11102 = B_SPLINE_CURVE_WITH_KNOTS('',3,(#11103,#11104,#11105,#11106),
  .UNSPECIFIED.,.F.,.F.,(4,4),(5.,6.),.PIECEWISE_BEZIER_KNOTS.);
#11103 = CARTESIAN_POINT('',(0.233026674468,0.64,0.407218134205));
#11104 = CARTESIAN_POINT('',(0.251679909795,0.64,0.407218134205));
#11105 = CARTESIAN_POINT('',(0.269465549511,0.64,0.399843600463));
#11106 = CARTESIAN_POINT('',(0.282913231852,0.64,0.386395918121));
#11107 = ORIENTED_EDGE('',*,*,#11108,.T.);
#11108 = EDGE_CURVE('',#11100,#11109,#11111,.T.);
#11109 = VERTEX_POINT('',#11110);
#11110 = CARTESIAN_POINT('',(0.303301662541,0.64,0.336943162679));
#11111 = B_SPLINE_CURVE_WITH_KNOTS('',3,(#11112,#11113,#11114,#11115),
  .UNSPECIFIED.,.F.,.F.,(4,4),(6.,7.),.PIECEWISE_BEZIER_KNOTS.);
#11112 = CARTESIAN_POINT('',(0.282913231852,0.64,0.386395918121));
#11113 = CARTESIAN_POINT('',(0.295927127764,0.64,0.373382037723));
#11114 = CARTESIAN_POINT('',(0.303301662541,0.64,0.35559639387));
#11115 = CARTESIAN_POINT('',(0.303301662541,0.64,0.336943162679));
#11116 = ORIENTED_EDGE('',*,*,#11117,.T.);
#11117 = EDGE_CURVE('',#11109,#11118,#11120,.T.);
#11118 = VERTEX_POINT('',#11119);
#11119 = CARTESIAN_POINT('',(0.285082225019,0.64,0.28965939213));
#11120 = B_SPLINE_CURVE_WITH_KNOTS('',3,(#11121,#11122,#11123,#11124),
  .UNSPECIFIED.,.F.,.F.,(4,4),(7.,8.),.PIECEWISE_BEZIER_KNOTS.);
#11121 = CARTESIAN_POINT('',(0.303301662541,0.64,0.336943162679));
#11122 = CARTESIAN_POINT('',(0.303301662541,0.64,0.319591316632));
#11123 = CARTESIAN_POINT('',(0.296794720274,0.64,0.302673260117));
#11124 = CARTESIAN_POINT('',(0.285082225019,0.64,0.28965939213));
#11125 = ORIENTED_EDGE('',*,*,#11126,.T.);
#11126 = EDGE_CURVE('',#11118,#11127,#11129,.T.);
#11127 = VERTEX_POINT('',#11128);
#11128 = CARTESIAN_POINT('',(0.250378532925,0.64,0.268837180184));
#11129 = B_SPLINE_CURVE_WITH_KNOTS('',3,(#11130,#11131,#11132,#11133),
  .UNSPECIFIED.,.F.,.F.,(4,4),(8.,9.),.PIECEWISE_BEZIER_KNOTS.);
#11130 = CARTESIAN_POINT('',(0.285082225019,0.64,0.28965939213));
#11131 = CARTESIAN_POINT('',(0.275538710521,0.64,0.279248277883));
#11132 = CARTESIAN_POINT('',(0.26382621113,0.64,0.272307546084));
#11133 = CARTESIAN_POINT('',(0.250378532925,0.64,0.268837180184));
#11134 = ORIENTED_EDGE('',*,*,#11135,.T.);
#11135 = EDGE_CURVE('',#11127,#11136,#11138,.T.);
#11136 = VERTEX_POINT('',#11137);
#11137 = CARTESIAN_POINT('',(0.209167894427,0.64,0.239339045214));
#11138 = B_SPLINE_CURVE_WITH_KNOTS('',3,(#11139,#11140,#11141,#11142),
  .UNSPECIFIED.,.F.,.F.,(4,4),(9.,10.),.PIECEWISE_BEZIER_KNOTS.);
#11139 = CARTESIAN_POINT('',(0.250378532925,0.64,0.268837180184));
#11140 = CARTESIAN_POINT('',(0.244739182133,0.64,0.251485334137));
#11141 = CARTESIAN_POINT('',(0.228254931698,0.64,0.239339045214));
#11142 = CARTESIAN_POINT('',(0.209167894427,0.64,0.239339045214));
#11143 = ORIENTED_EDGE('',*,*,#11144,.T.);
#11144 = EDGE_CURVE('',#11136,#11145,#11147,.T.);
#11145 = VERTEX_POINT('',#11146);
#11146 = CARTESIAN_POINT('',(0.16578827931,0.64,0.282718660331));
#11147 = B_SPLINE_CURVE_WITH_KNOTS('',3,(#11148,#11149,#11150,#11151),
  .UNSPECIFIED.,.F.,.F.,(4,4),(10.,11.),.PIECEWISE_BEZIER_KNOTS.);
#11148 = CARTESIAN_POINT('',(0.209167894427,0.64,0.239339045214));
#11149 = CARTESIAN_POINT('',(0.185309106113,0.64,0.239339045214));
#11150 = CARTESIAN_POINT('',(0.16578827931,0.64,0.258859872016));
#11151 = CARTESIAN_POINT('',(0.16578827931,0.64,0.282718660331));
#11152 = ORIENTED_EDGE('',*,*,#11153,.T.);
#11153 = EDGE_CURVE('',#11145,#11154,#11156,.T.);
#11154 = VERTEX_POINT('',#11155);
#11155 = CARTESIAN_POINT('',(0.16578827931,0.64,0.287056621843));
#11156 = B_SPLINE_CURVE_WITH_KNOTS('',3,(#11157,#11158,#11159,#11160),
  .UNSPECIFIED.,.F.,.F.,(4,4),(11.,12.),.PIECEWISE_BEZIER_KNOTS.);
#11157 = CARTESIAN_POINT('',(0.16578827931,0.64,0.282718660331));
#11158 = CARTESIAN_POINT('',(0.16578827931,0.64,0.284020045475));
#11159 = CARTESIAN_POINT('',(0.16578827931,0.64,0.285321430619));
#11160 = CARTESIAN_POINT('',(0.16578827931,0.64,0.287056621843));
#11161 = ORIENTED_EDGE('',*,*,#11162,.T.);
#11162 = EDGE_CURVE('',#11154,#11163,#11165,.T.);
#11163 = VERTEX_POINT('',#11164);
#11164 = CARTESIAN_POINT('',(0.105056818146,0.64,0.319157535374));
#11165 = B_SPLINE_CURVE_WITH_KNOTS('',1,(#11166,#11167),.UNSPECIFIED.,
  .F.,.F.,(2,2),(2.4538564243E-17,6.869336958323E-02),
  .PIECEWISE_BEZIER_KNOTS.);
#11166 = CARTESIAN_POINT('',(0.16578827931,0.64,0.287056621843));
#11167 = CARTESIAN_POINT('',(0.105056818146,0.64,0.319157535374));
#11168 = ORIENTED_EDGE('',*,*,#11169,.T.);
#11169 = EDGE_CURVE('',#11163,#11170,#11172,.T.);
#11170 = VERTEX_POINT('',#11171);
#11171 = CARTESIAN_POINT('',(0.118504492213,0.64,0.342148736351));
#11172 = B_SPLINE_CURVE_WITH_KNOTS('',1,(#11173,#11174),.UNSPECIFIED.,
  .F.,.F.,(2,2),(0.,2.663522592649E-02),.PIECEWISE_BEZIER_KNOTS.);
#11173 = CARTESIAN_POINT('',(0.105056818146,0.64,0.319157535374));
#11174 = CARTESIAN_POINT('',(0.118504492213,0.64,0.342148736351));
#11175 = ORIENTED_EDGE('',*,*,#11176,.T.);
#11176 = EDGE_CURVE('',#11170,#11177,#11179,.T.);
#11177 = VERTEX_POINT('',#11178);
#11178 = CARTESIAN_POINT('',(0.176633174815,0.64,0.311783005769));
#11179 = B_SPLINE_CURVE_WITH_KNOTS('',1,(#11180,#11181),.UNSPECIFIED.,
  .F.,.F.,(2,2),(0.,6.558217238577E-02),.PIECEWISE_BEZIER_KNOTS.);
#11180 = CARTESIAN_POINT('',(0.118504492213,0.64,0.342148736351));
#11181 = CARTESIAN_POINT('',(0.176633174815,0.64,0.311783005769));
#11182 = ORIENTED_EDGE('',*,*,#11183,.T.);
#11183 = EDGE_CURVE('',#11177,#11184,#11186,.T.);
#11184 = VERTEX_POINT('',#11185);
#11185 = CARTESIAN_POINT('',(0.209167886153,0.64,0.326532073254));
#11186 = B_SPLINE_CURVE_WITH_KNOTS('',3,(#11187,#11188,#11189,#11190),
  .UNSPECIFIED.,.F.,.F.,(4,4),(15.,16.),.PIECEWISE_BEZIER_KNOTS.);
#11187 = CARTESIAN_POINT('',(0.176633174815,0.64,0.311783005769));
#11188 = CARTESIAN_POINT('',(0.184441502227,0.64,0.320892726598));
#11189 = CARTESIAN_POINT('',(0.196154001618,0.64,0.326532073254));
#11190 = CARTESIAN_POINT('',(0.209167886153,0.64,0.326532073254));
#11191 = ORIENTED_EDGE('',*,*,#11192,.T.);
#11192 = EDGE_CURVE('',#11184,#11193,#11195,.T.);
#11193 = VERTEX_POINT('',#11194);
#11194 = CARTESIAN_POINT('',(0.249944722708,0.64,0.297901525622));
#11195 = B_SPLINE_CURVE_WITH_KNOTS('',3,(#11196,#11197,#11198,#11199),
  .UNSPECIFIED.,.F.,.F.,(4,4),(16.,17.),.PIECEWISE_BEZIER_KNOTS.);
#11196 = CARTESIAN_POINT('',(0.209167886153,0.64,0.326532073254));
#11197 = CARTESIAN_POINT('',(0.227821125618,0.64,0.326532073254));
#11198 = CARTESIAN_POINT('',(0.243871578247,0.64,0.314385784331));
#11199 = CARTESIAN_POINT('',(0.249944722708,0.64,0.297901525622));
#11200 = ORIENTED_EDGE('',*,*,#11201,.T.);
#11201 = EDGE_CURVE('',#11193,#11202,#11204,.T.);
#11202 = VERTEX_POINT('',#11203);
#11203 = CARTESIAN_POINT('',(0.275972491779,0.64,0.337810774839));
#11204 = B_SPLINE_CURVE_WITH_KNOTS('',3,(#11205,#11206,#11207,#11208),
  .UNSPECIFIED.,.F.,.F.,(4,4),(17.,18.),.PIECEWISE_BEZIER_KNOTS.);
#11205 = CARTESIAN_POINT('',(0.249944722708,0.64,0.297901525622));
#11206 = CARTESIAN_POINT('',(0.265127587999,0.64,0.304842265695));
#11207 = CARTESIAN_POINT('',(0.275972491779,0.64,0.320025130986));
#11208 = CARTESIAN_POINT('',(0.275972491779,0.64,0.337810774839));
#11209 = ORIENTED_EDGE('',*,*,#11210,.T.);
#11210 = EDGE_CURVE('',#11202,#11211,#11213,.T.);
#11211 = VERTEX_POINT('',#11212);
#11212 = CARTESIAN_POINT('',(0.232592876662,0.64,0.381190389956));
#11213 = B_SPLINE_CURVE_WITH_KNOTS('',3,(#11214,#11215,#11216,#11217),
  .UNSPECIFIED.,.F.,.F.,(4,4),(18.,19.),.PIECEWISE_BEZIER_KNOTS.);
#11214 = CARTESIAN_POINT('',(0.275972491779,0.64,0.337810774839));
#11215 = CARTESIAN_POINT('',(0.275972491779,0.64,0.361669563154));
#11216 = CARTESIAN_POINT('',(0.256451664976,0.64,0.381190389956));
#11217 = CARTESIAN_POINT('',(0.232592876662,0.64,0.381190389956));
#11218 = ORIENTED_EDGE('',*,*,#11219,.T.);
#11219 = EDGE_CURVE('',#11211,#11220,#11222,.T.);
#11220 = VERTEX_POINT('',#11221);
#11221 = CARTESIAN_POINT('',(0.209601683959,0.64,0.374683447689));
#11222 = B_SPLINE_CURVE_WITH_KNOTS('',3,(#11223,#11224,#11225,#11226),
  .UNSPECIFIED.,.F.,.F.,(4,4),(19.,20.),.PIECEWISE_BEZIER_KNOTS.);
#11223 = CARTESIAN_POINT('',(0.232592876662,0.64,0.381190389956));
#11224 = CARTESIAN_POINT('',(0.224350751444,0.64,0.381190389956));
#11225 = CARTESIAN_POINT('',(0.216108626226,0.64,0.378587611395));
#11226 = CARTESIAN_POINT('',(0.209601683959,0.64,0.374683447689));
#11227 = ORIENTED_EDGE('',*,*,#11228,.T.);
#11228 = EDGE_CURVE('',#11220,#11229,#11231,.T.);
#11229 = VERTEX_POINT('',#11230);
#11230 = CARTESIAN_POINT('',(0.151473009631,0.64,0.416327855034));
#11231 = B_SPLINE_CURVE_WITH_KNOTS('',3,(#11232,#11233,#11234,#11235),
  .UNSPECIFIED.,.F.,.F.,(4,4),(20.,21.),.PIECEWISE_BEZIER_KNOTS.);
#11232 = CARTESIAN_POINT('',(0.209601683959,0.64,0.374683447689));
#11233 = CARTESIAN_POINT('',(0.201359567016,0.64,0.398976008987));
#11234 = CARTESIAN_POINT('',(0.178802163845,0.64,0.416327855034));
#11235 = CARTESIAN_POINT('',(0.151473009631,0.64,0.416327855034));
#11236 = ORIENTED_EDGE('',*,*,#11237,.T.);
#11237 = EDGE_CURVE('',#11229,#11238,#11240,.T.);
#11238 = VERTEX_POINT('',#11239);
#11239 = CARTESIAN_POINT('',(9.074154846663E-02,0.64,0.362103336138));
#11240 = B_SPLINE_CURVE_WITH_KNOTS('',3,(#11241,#11242,#11243,#11244),
  .UNSPECIFIED.,.F.,.F.,(4,4),(21.,22.),.PIECEWISE_BEZIER_KNOTS.);
#11241 = CARTESIAN_POINT('',(0.151473009631,0.64,0.416327855034));
#11242 = CARTESIAN_POINT('',(0.120239683437,0.64,0.416327855034));
#11243 = CARTESIAN_POINT('',(9.421191436646E-02,0.64,0.39246906672));
#11244 = CARTESIAN_POINT('',(9.074154846663E-02,0.64,0.362103336138));
#11245 = ORIENTED_EDGE('',*,*,#11246,.T.);
#11246 = EDGE_CURVE('',#11238,#11247,#11249,.T.);
#11247 = VERTEX_POINT('',#11248);
#11248 = CARTESIAN_POINT('',(8.72711825668E-02,0.64,0.362103336138));
#11249 = B_SPLINE_CURVE_WITH_KNOTS('',3,(#11250,#11251,#11252,#11253),
  .UNSPECIFIED.,.F.,.F.,(4,4),(22.,23.),.PIECEWISE_BEZIER_KNOTS.);
#11250 = CARTESIAN_POINT('',(9.074154846663E-02,0.64,0.362103336138));
#11251 = CARTESIAN_POINT('',(8.94401633228E-02,0.64,0.362103336138));
#11252 = CARTESIAN_POINT('',(8.857256771084E-02,0.64,0.362103336138));
#11253 = CARTESIAN_POINT('',(8.72711825668E-02,0.64,0.362103336138));
#11254 = ORIENTED_EDGE('',*,*,#11255,.T.);
#11255 = EDGE_CURVE('',#11247,#11256,#11258,.T.);
#11256 = VERTEX_POINT('',#11257);
#11257 = CARTESIAN_POINT('',(5.343508608505E-02,0.64,0.328267239656));
#11258 = B_SPLINE_CURVE_WITH_KNOTS('',3,(#11259,#11260,#11261,#11262),
  .UNSPECIFIED.,.F.,.F.,(4,4),(23.,24.),.PIECEWISE_BEZIER_KNOTS.);
#11259 = CARTESIAN_POINT('',(8.72711825668E-02,0.64,0.362103336138));
#11260 = CARTESIAN_POINT('',(6.861795137601E-02,0.64,0.362103336138));
#11261 = CARTESIAN_POINT('',(5.343508608505E-02,0.64,0.346920470847));
#11262 = CARTESIAN_POINT('',(5.343508608505E-02,0.64,0.328267239656));
#11263 = ORIENTED_EDGE('',*,*,#11264,.T.);
#11264 = EDGE_CURVE('',#11256,#11265,#11267,.T.);
#11265 = VERTEX_POINT('',#11266);
#11266 = CARTESIAN_POINT('',(8.466841227893E-02,0.64,0.294431143174));
#11267 = B_SPLINE_CURVE_WITH_KNOTS('',3,(#11268,#11269,#11270,#11271),
  .UNSPECIFIED.,.F.,.F.,(4,4),(24.,25.),.PIECEWISE_BEZIER_KNOTS.);
#11268 = CARTESIAN_POINT('',(5.343508608505E-02,0.64,0.328267239656));
#11269 = CARTESIAN_POINT('',(5.343508608505E-02,0.64,0.310481595803));
#11270 = CARTESIAN_POINT('',(6.688276015229E-02,0.64,0.295732528318));
#11271 = CARTESIAN_POINT('',(8.466841227893E-02,0.64,0.294431143174));
#11272 = ORIENTED_EDGE('',*,*,#11273,.T.);
#11273 = EDGE_CURVE('',#11265,#11274,#11276,.T.);
#11274 = VERTEX_POINT('',#11275);
#11275 = CARTESIAN_POINT('',(0.104189239082,0.64,0.294431143174));
#11276 = B_SPLINE_CURVE_WITH_KNOTS('',1,(#11277,#11278),.UNSPECIFIED.,
  .F.,.F.,(2,2),(0.,1.952082680275E-02),.PIECEWISE_BEZIER_KNOTS.);
#11277 = CARTESIAN_POINT('',(8.466841227893E-02,0.64,0.294431143174));
#11278 = CARTESIAN_POINT('',(0.104189239082,0.64,0.294431143174));
#11279 = ORIENTED_EDGE('',*,*,#11280,.T.);
#11280 = EDGE_CURVE('',#11274,#11281,#11283,.T.);
#11281 = VERTEX_POINT('',#11282);
#11282 = CARTESIAN_POINT('',(0.10679200937,0.64,0.294864932706));
#11283 = B_SPLINE_CURVE_WITH_KNOTS('',3,(#11284,#11285,#11286,#11287),
  .UNSPECIFIED.,.F.,.F.,(4,4),(26.,27.),.PIECEWISE_BEZIER_KNOTS.);
#11284 = CARTESIAN_POINT('',(0.104189239082,0.64,0.294431143174));
#11285 = CARTESIAN_POINT('',(0.105056834694,0.64,0.294431143174));
#11286 = CARTESIAN_POINT('',(0.105924430306,0.64,0.294864932706));
#11287 = CARTESIAN_POINT('',(0.10679200937,0.64,0.294864932706));
#11288 = ORIENTED_EDGE('',*,*,#11289,.T.);
#11289 = EDGE_CURVE('',#11281,#11290,#11292,.T.);
#11290 = VERTEX_POINT('',#11291);
#11291 = CARTESIAN_POINT('',(0.120239683437,0.64,0.281417258639));
#11292 = B_SPLINE_CURVE_WITH_KNOTS('',3,(#11293,#11294,#11295,#11296),
  .UNSPECIFIED.,.F.,.F.,(4,4),(27.,28.),.PIECEWISE_BEZIER_KNOTS.);
#11293 = CARTESIAN_POINT('',(0.10679200937,0.64,0.294864932706));
#11294 = CARTESIAN_POINT('',(0.114166547249,0.64,0.294864932706));
#11295 = CARTESIAN_POINT('',(0.120239683437,0.64,0.28879177997));
#11296 = CARTESIAN_POINT('',(0.120239683437,0.64,0.281417258639));
#11297 = ORIENTED_EDGE('',*,*,#11298,.T.);
#11298 = EDGE_CURVE('',#11290,#11299,#11301,.T.);
#11299 = VERTEX_POINT('',#11300);
#11300 = CARTESIAN_POINT('',(0.107659588433,0.64,0.267969584572));
#11301 = B_SPLINE_CURVE_WITH_KNOTS('',3,(#11302,#11303,#11304,#11305),
  .UNSPECIFIED.,.F.,.F.,(4,4),(28.,29.),.PIECEWISE_BEZIER_KNOTS.);
#11302 = CARTESIAN_POINT('',(0.120239683437,0.64,0.281417258639));
#11303 = CARTESIAN_POINT('',(0.120239683437,0.64,0.274476526839));
#11304 = CARTESIAN_POINT('',(0.114600336781,0.64,0.268403374103));
#11305 = CARTESIAN_POINT('',(0.107659588433,0.64,0.267969584572));
#11306 = ORIENTED_EDGE('',*,*,#11307,.T.);
#11307 = EDGE_CURVE('',#11299,#11308,#11310,.T.);
#11308 = VERTEX_POINT('',#11309);
#11309 = CARTESIAN_POINT('',(8.206562544304E-02,0.64,0.267969584572));
#11310 = B_SPLINE_CURVE_WITH_KNOTS('',1,(#11311,#11312),.UNSPECIFIED.,
  .F.,.F.,(2,2),(0.,2.559396299045E-02),.PIECEWISE_BEZIER_KNOTS.);
#11311 = CARTESIAN_POINT('',(0.107659588433,0.64,0.267969584572));
#11312 = CARTESIAN_POINT('',(8.206562544304E-02,0.64,0.267969584572));
#11313 = ORIENTED_EDGE('',*,*,#11314,.T.);
#11314 = EDGE_CURVE('',#11308,#11315,#11317,.T.);
#11315 = VERTEX_POINT('',#11316);
#11316 = CARTESIAN_POINT('',(4.259018230588E-02,0.64,0.287490411374));
#11317 = B_SPLINE_CURVE_WITH_KNOTS('',3,(#11318,#11319,#11320,#11321),
  .UNSPECIFIED.,.F.,.F.,(4,4),(33.,34.),.PIECEWISE_BEZIER_KNOTS.);
#11318 = CARTESIAN_POINT('',(8.206562544304E-02,0.64,0.267969584572));
#11319 = CARTESIAN_POINT('',(6.688276015229E-02,0.64,0.269270969716));
#11320 = CARTESIAN_POINT('',(5.300128000496E-02,0.64,0.276211718063));
#11321 = CARTESIAN_POINT('',(4.259018230588E-02,0.64,0.287490411374));
#11322 = ORIENTED_EDGE('',*,*,#11323,.T.);
#11323 = EDGE_CURVE('',#11315,#11044,#11324,.T.);
#11324 = B_SPLINE_CURVE_WITH_KNOTS('',3,(#11325,#11326,#11327,#11328),
  .UNSPECIFIED.,.F.,.F.,(4,4),(34.,35.),.PIECEWISE_BEZIER_KNOTS.);
#11325 = CARTESIAN_POINT('',(4.259018230588E-02,0.64,0.287490411374));
#11326 = CARTESIAN_POINT('',(3.217906805837E-02,0.64,0.298769104686));
#11327 = CARTESIAN_POINT('',(2.653972140275E-02,0.64,0.313518180445));
#11328 = CARTESIAN_POINT('',(2.653972140275E-02,0.64,0.328701045736));
#11329 = FACE_BOUND('',#11330,.T.);
#11330 = EDGE_LOOP('',(#11331,#11345));
#11331 = ORIENTED_EDGE('',*,*,#11332,.F.);
#11332 = EDGE_CURVE('',#11333,#11335,#11337,.T.);
#11333 = VERTEX_POINT('',#11334);
#11334 = CARTESIAN_POINT('',(0.209601692233,0.64,0.265366781188));
#11335 = VERTEX_POINT('',#11336);
#11336 = CARTESIAN_POINT('',(0.209601692233,0.64,0.299202894218));
#11337 = B_SPLINE_CURVE_WITH_KNOTS('',3,(#11338,#11339,#11340,#11341,
    #11342,#11343,#11344),.UNSPECIFIED.,.F.,.F.,(4,3,4),(0.,1.,2.),
  .PIECEWISE_BEZIER_KNOTS.);
#11338 = CARTESIAN_POINT('',(0.209601692233,0.64,0.265366781188));
#11339 = CARTESIAN_POINT('',(0.200058181872,0.64,0.265366781188));
#11340 = CARTESIAN_POINT('',(0.192683643992,0.64,0.273175125147));
#11341 = CARTESIAN_POINT('',(0.192683643992,0.64,0.282284837703));
#11342 = CARTESIAN_POINT('',(0.192683643992,0.64,0.291828356338));
#11343 = CARTESIAN_POINT('',(0.200491971404,0.64,0.299202894218));
#11344 = CARTESIAN_POINT('',(0.209601692233,0.64,0.299202894218));
#11345 = ORIENTED_EDGE('',*,*,#11346,.F.);
#11346 = EDGE_CURVE('',#11335,#11333,#11347,.T.);
#11347 = B_SPLINE_CURVE_WITH_KNOTS('',3,(#11348,#11349,#11350,#11351,
    #11352,#11353),.UNSPECIFIED.,.F.,.F.,(4,2,4),(2.,3.,4.),
  .UNSPECIFIED.);
#11348 = CARTESIAN_POINT('',(0.209601692233,0.64,0.299202894218));
#11349 = CARTESIAN_POINT('',(0.218711413062,0.64,0.299202894218));
#11350 = CARTESIAN_POINT('',(0.226519740474,0.64,0.291828356338));
#11351 = CARTESIAN_POINT('',(0.226519740474,0.64,0.272741319067));
#11352 = CARTESIAN_POINT('',(0.218711413062,0.64,0.265366781188));
#11353 = CARTESIAN_POINT('',(0.209601692233,0.64,0.265366781188));
#11354 = B_SPLINE_SURFACE_WITH_KNOTS('',1,1,(
    (#11355,#11356)
    ,(#11357,#11358
    )),.UNSPECIFIED.,.F.,.F.,.F.,(2,2),(2,2),(-7.840865349696E-02,
    0.124607925394),(-1.236318782627E-02,0.264398753312),
  .PIECEWISE_BEZIER_KNOTS.);
#11355 = CARTESIAN_POINT('',(2.653972140275E-02,0.64,0.442355624104));
#11356 = CARTESIAN_POINT('',(0.303301662541,0.64,0.442355624104));
#11357 = CARTESIAN_POINT('',(2.653972140275E-02,0.64,0.239339045214));
#11358 = CARTESIAN_POINT('',(0.303301662541,0.64,0.239339045214));
#11359 = ADVANCED_FACE('',(#11360),#11374,.F.);
#11360 = FACE_BOUND('',#11361,.F.);
#11361 = EDGE_LOOP('',(#11362,#11367,#11368,#11373));
#11362 = ORIENTED_EDGE('',*,*,#11363,.F.);
#11363 = EDGE_CURVE('',#11044,#1145,#11364,.T.);
#11364 = B_SPLINE_CURVE_WITH_KNOTS('',1,(#11365,#11366),.UNSPECIFIED.,
  .F.,.F.,(2,2),(-0.,1.E-02),.PIECEWISE_BEZIER_KNOTS.);
#11365 = CARTESIAN_POINT('',(2.653972140275E-02,0.64,0.328701045736));
#11366 = CARTESIAN_POINT('',(2.653972140275E-02,0.63,0.328701045736));
#11367 = ORIENTED_EDGE('',*,*,#11043,.T.);
#11368 = ORIENTED_EDGE('',*,*,#11369,.T.);
#11369 = EDGE_CURVE('',#11046,#1134,#11370,.T.);
#11370 = B_SPLINE_CURVE_WITH_KNOTS('',1,(#11371,#11372),.UNSPECIFIED.,
  .F.,.F.,(2,2),(-0.,1.E-02),.PIECEWISE_BEZIER_KNOTS.);
#11371 = CARTESIAN_POINT('',(6.948553043996E-02,0.64,0.385528326646));
#11372 = CARTESIAN_POINT('',(6.948553043996E-02,0.63,0.385528326646));
#11373 = ORIENTED_EDGE('',*,*,#1144,.F.);
#11374 = B_SPLINE_SURFACE_WITH_KNOTS('',3,1,(
    (#11375,#11376)
    ,(#11377,#11378)
    ,(#11379,#11380)
    ,(#11381,#11382
    )),.UNSPECIFIED.,.F.,.F.,.F.,(4,4),(2,2),(35.,36.),(0.,1.),
  .PIECEWISE_BEZIER_KNOTS.);
#11375 = CARTESIAN_POINT('',(2.653972140275E-02,0.64,0.328701045736));
#11376 = CARTESIAN_POINT('',(2.653972140275E-02,0.63,0.328701045736));
#11377 = CARTESIAN_POINT('',(2.697351093483E-02,0.64,0.354728798258));
#11378 = CARTESIAN_POINT('',(2.697351093483E-02,0.63,0.354728798258));
#11379 = CARTESIAN_POINT('',(4.475916306167E-02,0.64,0.377719999234));
#11380 = CARTESIAN_POINT('',(4.475916306167E-02,0.63,0.377719999234));
#11381 = CARTESIAN_POINT('',(6.948553043996E-02,0.64,0.385528326646));
#11382 = CARTESIAN_POINT('',(6.948553043996E-02,0.63,0.385528326646));
#11383 = ADVANCED_FACE('',(#11384),#11394,.F.);
#11384 = FACE_BOUND('',#11385,.F.);
#11385 = EDGE_LOOP('',(#11386,#11387,#11388,#11393));
#11386 = ORIENTED_EDGE('',*,*,#11369,.F.);
#11387 = ORIENTED_EDGE('',*,*,#11054,.T.);
#11388 = ORIENTED_EDGE('',*,*,#11389,.T.);
#11389 = EDGE_CURVE('',#11055,#1136,#11390,.T.);
#11390 = B_SPLINE_CURVE_WITH_KNOTS('',1,(#11391,#11392),.UNSPECIFIED.,
  .F.,.F.,(2,2),(-0.,1.E-02),.PIECEWISE_BEZIER_KNOTS.);
#11391 = CARTESIAN_POINT('',(9.291052922242E-02,0.64,0.419798223002));
#11392 = CARTESIAN_POINT('',(9.291052922242E-02,0.63,0.419798223002));
#11393 = ORIENTED_EDGE('',*,*,#1133,.F.);
#11394 = B_SPLINE_SURFACE_WITH_KNOTS('',3,1,(
    (#11395,#11396)
    ,(#11397,#11398)
    ,(#11399,#11400)
    ,(#11401,#11402
    )),.UNSPECIFIED.,.F.,.F.,.F.,(4,4),(2,2),(0.,1.),(0.,1.),
  .PIECEWISE_BEZIER_KNOTS.);
#11395 = CARTESIAN_POINT('',(6.948553043996E-02,0.64,0.385528326646));
#11396 = CARTESIAN_POINT('',(6.948553043996E-02,0.63,0.385528326646));
#11397 = CARTESIAN_POINT('',(7.425728148362E-02,0.64,0.398542211181));
#11398 = CARTESIAN_POINT('',(7.425728148362E-02,0.63,0.398542211181));
#11399 = CARTESIAN_POINT('',(8.249941497512E-02,0.64,0.410254706436));
#11400 = CARTESIAN_POINT('',(8.249941497512E-02,0.63,0.410254706436));
#11401 = CARTESIAN_POINT('',(9.291052922242E-02,0.64,0.419798223002));
#11402 = CARTESIAN_POINT('',(9.291052922242E-02,0.63,0.419798223002));
#11403 = ADVANCED_FACE('',(#11404),#11414,.F.);
#11404 = FACE_BOUND('',#11405,.F.);
#11405 = EDGE_LOOP('',(#11406,#11407,#11408,#11413));
#11406 = ORIENTED_EDGE('',*,*,#11389,.F.);
#11407 = ORIENTED_EDGE('',*,*,#11063,.T.);
#11408 = ORIENTED_EDGE('',*,*,#11409,.T.);
#11409 = EDGE_CURVE('',#11064,#1405,#11410,.T.);
#11410 = B_SPLINE_CURVE_WITH_KNOTS('',1,(#11411,#11412),.UNSPECIFIED.,
  .F.,.F.,(2,2),(-0.,1.E-02),.PIECEWISE_BEZIER_KNOTS.);
#11411 = CARTESIAN_POINT('',(0.151906799163,0.64,0.442355624104));
#11412 = CARTESIAN_POINT('',(0.151906799163,0.63,0.442355624104));
#11413 = ORIENTED_EDGE('',*,*,#1413,.F.);
#11414 = B_SPLINE_SURFACE_WITH_KNOTS('',3,1,(
    (#11415,#11416)
    ,(#11417,#11418)
    ,(#11419,#11420)
    ,(#11421,#11422
    )),.UNSPECIFIED.,.F.,.F.,.F.,(4,4),(2,2),(1.,2.),(0.,1.),
  .PIECEWISE_BEZIER_KNOTS.);
#11415 = CARTESIAN_POINT('',(9.291052922242E-02,0.64,0.419798223002));
#11416 = CARTESIAN_POINT('',(9.291052922242E-02,0.63,0.419798223002));
#11417 = CARTESIAN_POINT('',(0.109394779657,0.64,0.434113497336));
#11418 = CARTESIAN_POINT('',(0.109394779657,0.63,0.434113497336));
#11419 = CARTESIAN_POINT('',(0.130216991604,0.64,0.442355624104));
#11420 = CARTESIAN_POINT('',(0.130216991604,0.63,0.442355624104));
#11421 = CARTESIAN_POINT('',(0.151906799163,0.64,0.442355624104));
#11422 = CARTESIAN_POINT('',(0.151906799163,0.63,0.442355624104));
#11423 = ADVANCED_FACE('',(#11424),#11434,.F.);
#11424 = FACE_BOUND('',#11425,.F.);
#11425 = EDGE_LOOP('',(#11426,#11427,#11428,#11433));
#11426 = ORIENTED_EDGE('',*,*,#11409,.F.);
#11427 = ORIENTED_EDGE('',*,*,#11072,.T.);
#11428 = ORIENTED_EDGE('',*,*,#11429,.T.);
#11429 = EDGE_CURVE('',#11073,#1396,#11430,.T.);
#11430 = B_SPLINE_CURVE_WITH_KNOTS('',1,(#11431,#11432),.UNSPECIFIED.,
  .F.,.F.,(2,2),(-0.,1.E-02),.PIECEWISE_BEZIER_KNOTS.);
#11431 = CARTESIAN_POINT('',(0.203962337303,0.64,0.425437573795));
#11432 = CARTESIAN_POINT('',(0.203962337303,0.63,0.425437573795));
#11433 = ORIENTED_EDGE('',*,*,#1404,.F.);
#11434 = B_SPLINE_SURFACE_WITH_KNOTS('',3,1,(
    (#11435,#11436)
    ,(#11437,#11438)
    ,(#11439,#11440)
    ,(#11441,#11442
    )),.UNSPECIFIED.,.F.,.F.,.F.,(4,4),(2,2),(2.,3.),(0.,1.),
  .PIECEWISE_BEZIER_KNOTS.);
#11435 = CARTESIAN_POINT('',(0.151906799163,0.64,0.442355624104));
#11436 = CARTESIAN_POINT('',(0.151906799163,0.63,0.442355624104));
#11437 = CARTESIAN_POINT('',(0.170993828159,0.64,0.442355624104));
#11438 = CARTESIAN_POINT('',(0.170993828159,0.63,0.442355624104));
#11439 = CARTESIAN_POINT('',(0.188779472012,0.64,0.436282478091));
#11440 = CARTESIAN_POINT('',(0.188779472012,0.63,0.436282478091));
#11441 = CARTESIAN_POINT('',(0.203962337303,0.64,0.425437573795));
#11442 = CARTESIAN_POINT('',(0.203962337303,0.63,0.425437573795));
#11443 = ADVANCED_FACE('',(#11444),#11454,.F.);
#11444 = FACE_BOUND('',#11445,.F.);
#11445 = EDGE_LOOP('',(#11446,#11447,#11448,#11453));
#11446 = ORIENTED_EDGE('',*,*,#11429,.F.);
#11447 = ORIENTED_EDGE('',*,*,#11081,.T.);
#11448 = ORIENTED_EDGE('',*,*,#11449,.T.);
#11449 = EDGE_CURVE('',#11082,#1387,#11450,.T.);
#11450 = B_SPLINE_CURVE_WITH_KNOTS('',1,(#11451,#11452),.UNSPECIFIED.,
  .F.,.F.,(2,2),(-0.,1.E-02),.PIECEWISE_BEZIER_KNOTS.);
#11451 = CARTESIAN_POINT('',(0.2230493663,0.64,0.40635054273));
#11452 = CARTESIAN_POINT('',(0.2230493663,0.63,0.40635054273));
#11453 = ORIENTED_EDGE('',*,*,#1395,.F.);
#11454 = B_SPLINE_SURFACE_WITH_KNOTS('',3,1,(
    (#11455,#11456)
    ,(#11457,#11458)
    ,(#11459,#11460)
    ,(#11461,#11462
    )),.UNSPECIFIED.,.F.,.F.,.F.,(4,4),(2,2),(3.,4.),(0.,1.),
  .PIECEWISE_BEZIER_KNOTS.);
#11455 = CARTESIAN_POINT('',(0.203962337303,0.64,0.425437573795));
#11456 = CARTESIAN_POINT('',(0.203962337303,0.63,0.425437573795));
#11457 = CARTESIAN_POINT('',(0.211336875183,0.64,0.42023201874));
#11458 = CARTESIAN_POINT('',(0.211336875183,0.63,0.42023201874));
#11459 = CARTESIAN_POINT('',(0.217410019644,0.64,0.413725076472));
#11460 = CARTESIAN_POINT('',(0.217410019644,0.63,0.413725076472));
#11461 = CARTESIAN_POINT('',(0.2230493663,0.64,0.40635054273));
#11462 = CARTESIAN_POINT('',(0.2230493663,0.63,0.40635054273));
#11463 = ADVANCED_FACE('',(#11464),#11474,.F.);
#11464 = FACE_BOUND('',#11465,.F.);
#11465 = EDGE_LOOP('',(#11466,#11467,#11468,#11473));
#11466 = ORIENTED_EDGE('',*,*,#11449,.F.);
#11467 = ORIENTED_EDGE('',*,*,#11090,.T.);
#11468 = ORIENTED_EDGE('',*,*,#11469,.T.);
#11469 = EDGE_CURVE('',#11091,#1378,#11470,.T.);
#11470 = B_SPLINE_CURVE_WITH_KNOTS('',1,(#11471,#11472),.UNSPECIFIED.,
  .F.,.F.,(2,2),(-0.,1.E-02),.PIECEWISE_BEZIER_KNOTS.);
#11471 = CARTESIAN_POINT('',(0.233026674468,0.64,0.407218134205));
#11472 = CARTESIAN_POINT('',(0.233026674468,0.63,0.407218134205));
#11473 = ORIENTED_EDGE('',*,*,#1386,.F.);
#11474 = B_SPLINE_SURFACE_WITH_KNOTS('',3,1,(
    (#11475,#11476)
    ,(#11477,#11478)
    ,(#11479,#11480)
    ,(#11481,#11482
    )),.UNSPECIFIED.,.F.,.F.,.F.,(4,4),(2,2),(4.,5.),(0.,1.),
  .PIECEWISE_BEZIER_KNOTS.);
#11475 = CARTESIAN_POINT('',(0.2230493663,0.64,0.40635054273));
#11476 = CARTESIAN_POINT('',(0.2230493663,0.63,0.40635054273));
#11477 = CARTESIAN_POINT('',(0.2265197322,0.64,0.406784340536));
#11478 = CARTESIAN_POINT('',(0.2265197322,0.63,0.406784340536));
#11479 = CARTESIAN_POINT('',(0.229556308568,0.64,0.407218134205));
#11480 = CARTESIAN_POINT('',(0.229556308568,0.63,0.407218134205));
#11481 = CARTESIAN_POINT('',(0.233026674468,0.64,0.407218134205));
#11482 = CARTESIAN_POINT('',(0.233026674468,0.63,0.407218134205));
#11483 = ADVANCED_FACE('',(#11484),#11494,.F.);
#11484 = FACE_BOUND('',#11485,.F.);
#11485 = EDGE_LOOP('',(#11486,#11487,#11488,#11493));
#11486 = ORIENTED_EDGE('',*,*,#11469,.F.);
#11487 = ORIENTED_EDGE('',*,*,#11099,.T.);
#11488 = ORIENTED_EDGE('',*,*,#11489,.T.);
#11489 = EDGE_CURVE('',#11100,#1369,#11490,.T.);
#11490 = B_SPLINE_CURVE_WITH_KNOTS('',1,(#11491,#11492),.UNSPECIFIED.,
  .F.,.F.,(2,2),(-0.,1.E-02),.PIECEWISE_BEZIER_KNOTS.);
#11491 = CARTESIAN_POINT('',(0.282913231852,0.64,0.386395918121));
#11492 = CARTESIAN_POINT('',(0.282913231852,0.63,0.386395918121));
#11493 = ORIENTED_EDGE('',*,*,#1377,.F.);
#11494 = B_SPLINE_SURFACE_WITH_KNOTS('',3,1,(
    (#11495,#11496)
    ,(#11497,#11498)
    ,(#11499,#11500)
    ,(#11501,#11502
    )),.UNSPECIFIED.,.F.,.F.,.F.,(4,4),(2,2),(5.,6.),(0.,1.),
  .PIECEWISE_BEZIER_KNOTS.);
#11495 = CARTESIAN_POINT('',(0.233026674468,0.64,0.407218134205));
#11496 = CARTESIAN_POINT('',(0.233026674468,0.63,0.407218134205));
#11497 = CARTESIAN_POINT('',(0.251679909795,0.64,0.407218134205));
#11498 = CARTESIAN_POINT('',(0.251679909795,0.63,0.407218134205));
#11499 = CARTESIAN_POINT('',(0.269465549511,0.64,0.399843600463));
#11500 = CARTESIAN_POINT('',(0.269465549511,0.63,0.399843600463));
#11501 = CARTESIAN_POINT('',(0.282913231852,0.64,0.386395918121));
#11502 = CARTESIAN_POINT('',(0.282913231852,0.63,0.386395918121));
#11503 = ADVANCED_FACE('',(#11504),#11514,.F.);
#11504 = FACE_BOUND('',#11505,.F.);
#11505 = EDGE_LOOP('',(#11506,#11507,#11508,#11513));
#11506 = ORIENTED_EDGE('',*,*,#11489,.F.);
#11507 = ORIENTED_EDGE('',*,*,#11108,.T.);
#11508 = ORIENTED_EDGE('',*,*,#11509,.T.);
#11509 = EDGE_CURVE('',#11109,#1360,#11510,.T.);
#11510 = B_SPLINE_CURVE_WITH_KNOTS('',1,(#11511,#11512),.UNSPECIFIED.,
  .F.,.F.,(2,2),(-0.,1.E-02),.PIECEWISE_BEZIER_KNOTS.);
#11511 = CARTESIAN_POINT('',(0.303301662541,0.64,0.336943162679));
#11512 = CARTESIAN_POINT('',(0.303301662541,0.63,0.336943162679));
#11513 = ORIENTED_EDGE('',*,*,#1368,.F.);
#11514 = B_SPLINE_SURFACE_WITH_KNOTS('',3,1,(
    (#11515,#11516)
    ,(#11517,#11518)
    ,(#11519,#11520)
    ,(#11521,#11522
    )),.UNSPECIFIED.,.F.,.F.,.F.,(4,4),(2,2),(6.,7.),(0.,1.),
  .PIECEWISE_BEZIER_KNOTS.);
#11515 = CARTESIAN_POINT('',(0.282913231852,0.64,0.386395918121));
#11516 = CARTESIAN_POINT('',(0.282913231852,0.63,0.386395918121));
#11517 = CARTESIAN_POINT('',(0.295927127764,0.64,0.373382037723));
#11518 = CARTESIAN_POINT('',(0.295927127764,0.63,0.373382037723));
#11519 = CARTESIAN_POINT('',(0.303301662541,0.64,0.35559639387));
#11520 = CARTESIAN_POINT('',(0.303301662541,0.63,0.35559639387));
#11521 = CARTESIAN_POINT('',(0.303301662541,0.64,0.336943162679));
#11522 = CARTESIAN_POINT('',(0.303301662541,0.63,0.336943162679));
#11523 = ADVANCED_FACE('',(#11524),#11534,.F.);
#11524 = FACE_BOUND('',#11525,.F.);
#11525 = EDGE_LOOP('',(#11526,#11527,#11528,#11533));
#11526 = ORIENTED_EDGE('',*,*,#11509,.F.);
#11527 = ORIENTED_EDGE('',*,*,#11117,.T.);
#11528 = ORIENTED_EDGE('',*,*,#11529,.T.);
#11529 = EDGE_CURVE('',#11118,#1351,#11530,.T.);
#11530 = B_SPLINE_CURVE_WITH_KNOTS('',1,(#11531,#11532),.UNSPECIFIED.,
  .F.,.F.,(2,2),(-0.,1.E-02),.PIECEWISE_BEZIER_KNOTS.);
#11531 = CARTESIAN_POINT('',(0.285082225019,0.64,0.28965939213));
#11532 = CARTESIAN_POINT('',(0.285082225019,0.63,0.28965939213));
#11533 = ORIENTED_EDGE('',*,*,#1359,.F.);
#11534 = B_SPLINE_SURFACE_WITH_KNOTS('',3,1,(
    (#11535,#11536)
    ,(#11537,#11538)
    ,(#11539,#11540)
    ,(#11541,#11542
    )),.UNSPECIFIED.,.F.,.F.,.F.,(4,4),(2,2),(7.,8.),(0.,1.),
  .PIECEWISE_BEZIER_KNOTS.);
#11535 = CARTESIAN_POINT('',(0.303301662541,0.64,0.336943162679));
#11536 = CARTESIAN_POINT('',(0.303301662541,0.63,0.336943162679));
#11537 = CARTESIAN_POINT('',(0.303301662541,0.64,0.319591316632));
#11538 = CARTESIAN_POINT('',(0.303301662541,0.63,0.319591316632));
#11539 = CARTESIAN_POINT('',(0.296794720274,0.64,0.302673260117));
#11540 = CARTESIAN_POINT('',(0.296794720274,0.63,0.302673260117));
#11541 = CARTESIAN_POINT('',(0.285082225019,0.64,0.28965939213));
#11542 = CARTESIAN_POINT('',(0.285082225019,0.63,0.28965939213));
#11543 = ADVANCED_FACE('',(#11544),#11554,.F.);
#11544 = FACE_BOUND('',#11545,.F.);
#11545 = EDGE_LOOP('',(#11546,#11547,#11548,#11553));
#11546 = ORIENTED_EDGE('',*,*,#11529,.F.);
#11547 = ORIENTED_EDGE('',*,*,#11126,.T.);
#11548 = ORIENTED_EDGE('',*,*,#11549,.T.);
#11549 = EDGE_CURVE('',#11127,#1342,#11550,.T.);
#11550 = B_SPLINE_CURVE_WITH_KNOTS('',1,(#11551,#11552),.UNSPECIFIED.,
  .F.,.F.,(2,2),(-0.,1.E-02),.PIECEWISE_BEZIER_KNOTS.);
#11551 = CARTESIAN_POINT('',(0.250378532925,0.64,0.268837180184));
#11552 = CARTESIAN_POINT('',(0.250378532925,0.63,0.268837180184));
#11553 = ORIENTED_EDGE('',*,*,#1350,.F.);
#11554 = B_SPLINE_SURFACE_WITH_KNOTS('',3,1,(
    (#11555,#11556)
    ,(#11557,#11558)
    ,(#11559,#11560)
    ,(#11561,#11562
    )),.UNSPECIFIED.,.F.,.F.,.F.,(4,4),(2,2),(8.,9.),(0.,1.),
  .PIECEWISE_BEZIER_KNOTS.);
#11555 = CARTESIAN_POINT('',(0.285082225019,0.64,0.28965939213));
#11556 = CARTESIAN_POINT('',(0.285082225019,0.63,0.28965939213));
#11557 = CARTESIAN_POINT('',(0.275538710521,0.64,0.279248277883));
#11558 = CARTESIAN_POINT('',(0.275538710521,0.63,0.279248277883));
#11559 = CARTESIAN_POINT('',(0.26382621113,0.64,0.272307546084));
#11560 = CARTESIAN_POINT('',(0.26382621113,0.63,0.272307546084));
#11561 = CARTESIAN_POINT('',(0.250378532925,0.64,0.268837180184));
#11562 = CARTESIAN_POINT('',(0.250378532925,0.63,0.268837180184));
#11563 = ADVANCED_FACE('',(#11564),#11574,.F.);
#11564 = FACE_BOUND('',#11565,.F.);
#11565 = EDGE_LOOP('',(#11566,#11567,#11568,#11573));
#11566 = ORIENTED_EDGE('',*,*,#11549,.F.);
#11567 = ORIENTED_EDGE('',*,*,#11135,.T.);
#11568 = ORIENTED_EDGE('',*,*,#11569,.T.);
#11569 = EDGE_CURVE('',#11136,#1333,#11570,.T.);
#11570 = B_SPLINE_CURVE_WITH_KNOTS('',1,(#11571,#11572),.UNSPECIFIED.,
  .F.,.F.,(2,2),(-0.,1.E-02),.PIECEWISE_BEZIER_KNOTS.);
#11571 = CARTESIAN_POINT('',(0.209167894427,0.64,0.239339045214));
#11572 = CARTESIAN_POINT('',(0.209167894427,0.63,0.239339045214));
#11573 = ORIENTED_EDGE('',*,*,#1341,.F.);
#11574 = B_SPLINE_SURFACE_WITH_KNOTS('',3,1,(
    (#11575,#11576)
    ,(#11577,#11578)
    ,(#11579,#11580)
    ,(#11581,#11582
    )),.UNSPECIFIED.,.F.,.F.,.F.,(4,4),(2,2),(9.,10.),(0.,1.),
  .PIECEWISE_BEZIER_KNOTS.);
#11575 = CARTESIAN_POINT('',(0.250378532925,0.64,0.268837180184));
#11576 = CARTESIAN_POINT('',(0.250378532925,0.63,0.268837180184));
#11577 = CARTESIAN_POINT('',(0.244739182133,0.64,0.251485334137));
#11578 = CARTESIAN_POINT('',(0.244739182133,0.63,0.251485334137));
#11579 = CARTESIAN_POINT('',(0.228254931698,0.64,0.239339045214));
#11580 = CARTESIAN_POINT('',(0.228254931698,0.63,0.239339045214));
#11581 = CARTESIAN_POINT('',(0.209167894427,0.64,0.239339045214));
#11582 = CARTESIAN_POINT('',(0.209167894427,0.63,0.239339045214));
#11583 = ADVANCED_FACE('',(#11584),#11594,.F.);
#11584 = FACE_BOUND('',#11585,.F.);
#11585 = EDGE_LOOP('',(#11586,#11587,#11588,#11593));
#11586 = ORIENTED_EDGE('',*,*,#11569,.F.);
#11587 = ORIENTED_EDGE('',*,*,#11144,.T.);
#11588 = ORIENTED_EDGE('',*,*,#11589,.T.);
#11589 = EDGE_CURVE('',#11145,#1324,#11590,.T.);
#11590 = B_SPLINE_CURVE_WITH_KNOTS('',1,(#11591,#11592),.UNSPECIFIED.,
  .F.,.F.,(2,2),(-0.,1.E-02),.PIECEWISE_BEZIER_KNOTS.);
#11591 = CARTESIAN_POINT('',(0.16578827931,0.64,0.282718660331));
#11592 = CARTESIAN_POINT('',(0.16578827931,0.63,0.282718660331));
#11593 = ORIENTED_EDGE('',*,*,#1332,.F.);
#11594 = B_SPLINE_SURFACE_WITH_KNOTS('',3,1,(
    (#11595,#11596)
    ,(#11597,#11598)
    ,(#11599,#11600)
    ,(#11601,#11602
    )),.UNSPECIFIED.,.F.,.F.,.F.,(4,4),(2,2),(10.,11.),(0.,1.),
  .PIECEWISE_BEZIER_KNOTS.);
#11595 = CARTESIAN_POINT('',(0.209167894427,0.64,0.239339045214));
#11596 = CARTESIAN_POINT('',(0.209167894427,0.63,0.239339045214));
#11597 = CARTESIAN_POINT('',(0.185309106113,0.64,0.239339045214));
#11598 = CARTESIAN_POINT('',(0.185309106113,0.63,0.239339045214));
#11599 = CARTESIAN_POINT('',(0.16578827931,0.64,0.258859872016));
#11600 = CARTESIAN_POINT('',(0.16578827931,0.63,0.258859872016));
#11601 = CARTESIAN_POINT('',(0.16578827931,0.64,0.282718660331));
#11602 = CARTESIAN_POINT('',(0.16578827931,0.63,0.282718660331));
#11603 = ADVANCED_FACE('',(#11604),#11614,.F.);
#11604 = FACE_BOUND('',#11605,.T.);
#11605 = EDGE_LOOP('',(#11606,#11607,#11612,#11613));
#11606 = ORIENTED_EDGE('',*,*,#1323,.T.);
#11607 = ORIENTED_EDGE('',*,*,#11608,.F.);
#11608 = EDGE_CURVE('',#11154,#1317,#11609,.T.);
#11609 = B_SPLINE_CURVE_WITH_KNOTS('',1,(#11610,#11611),.UNSPECIFIED.,
  .F.,.F.,(2,2),(-0.,1.E-02),.PIECEWISE_BEZIER_KNOTS.);
#11610 = CARTESIAN_POINT('',(0.16578827931,0.64,0.287056621843));
#11611 = CARTESIAN_POINT('',(0.16578827931,0.63,0.287056621843));
#11612 = ORIENTED_EDGE('',*,*,#11153,.F.);
#11613 = ORIENTED_EDGE('',*,*,#11589,.T.);
#11614 = B_SPLINE_SURFACE_WITH_KNOTS('',1,1,(
    (#11615,#11616)
    ,(#11617,#11618
    )),.UNSPECIFIED.,.F.,.F.,.F.,(2,2),(2,2),(-4.337961512E-03,0.),(
    -1.E-02,0.),.PIECEWISE_BEZIER_KNOTS.);
#11615 = CARTESIAN_POINT('',(0.16578827931,0.63,0.287056621843));
#11616 = CARTESIAN_POINT('',(0.16578827931,0.64,0.287056621843));
#11617 = CARTESIAN_POINT('',(0.16578827931,0.63,0.282718660331));
#11618 = CARTESIAN_POINT('',(0.16578827931,0.64,0.282718660331));
#11619 = ADVANCED_FACE('',(#11620),#11630,.F.);
#11620 = FACE_BOUND('',#11621,.T.);
#11621 = EDGE_LOOP('',(#11622,#11623,#11628,#11629));
#11622 = ORIENTED_EDGE('',*,*,#1316,.T.);
#11623 = ORIENTED_EDGE('',*,*,#11624,.F.);
#11624 = EDGE_CURVE('',#11163,#1310,#11625,.T.);
#11625 = B_SPLINE_CURVE_WITH_KNOTS('',1,(#11626,#11627),.UNSPECIFIED.,
  .F.,.F.,(2,2),(-0.,1.E-02),.PIECEWISE_BEZIER_KNOTS.);
#11626 = CARTESIAN_POINT('',(0.105056818146,0.64,0.319157535374));
#11627 = CARTESIAN_POINT('',(0.105056818146,0.63,0.319157535374));
#11628 = ORIENTED_EDGE('',*,*,#11162,.F.);
#11629 = ORIENTED_EDGE('',*,*,#11608,.T.);
#11630 = B_SPLINE_SURFACE_WITH_KNOTS('',1,1,(
    (#11631,#11632)
    ,(#11633,#11634
    )),.UNSPECIFIED.,.F.,.F.,.F.,(2,2),(2,2),(-6.869336958323E-02,
    -2.4538564243E-17),(-1.E-02,0.),.PIECEWISE_BEZIER_KNOTS.);
#11631 = CARTESIAN_POINT('',(0.105056818146,0.63,0.319157535374));
#11632 = CARTESIAN_POINT('',(0.105056818146,0.64,0.319157535374));
#11633 = CARTESIAN_POINT('',(0.16578827931,0.63,0.287056621843));
#11634 = CARTESIAN_POINT('',(0.16578827931,0.64,0.287056621843));
#11635 = ADVANCED_FACE('',(#11636),#11646,.F.);
#11636 = FACE_BOUND('',#11637,.T.);
#11637 = EDGE_LOOP('',(#11638,#11639,#11644,#11645));
#11638 = ORIENTED_EDGE('',*,*,#1309,.T.);
#11639 = ORIENTED_EDGE('',*,*,#11640,.F.);
#11640 = EDGE_CURVE('',#11170,#1303,#11641,.T.);
#11641 = B_SPLINE_CURVE_WITH_KNOTS('',1,(#11642,#11643),.UNSPECIFIED.,
  .F.,.F.,(2,2),(-0.,1.E-02),.PIECEWISE_BEZIER_KNOTS.);
#11642 = CARTESIAN_POINT('',(0.118504492213,0.64,0.342148736351));
#11643 = CARTESIAN_POINT('',(0.118504492213,0.63,0.342148736351));
#11644 = ORIENTED_EDGE('',*,*,#11169,.F.);
#11645 = ORIENTED_EDGE('',*,*,#11624,.T.);
#11646 = B_SPLINE_SURFACE_WITH_KNOTS('',1,1,(
    (#11647,#11648)
    ,(#11649,#11650
    )),.UNSPECIFIED.,.F.,.F.,.F.,(2,2),(2,2),(-2.663522592649E-02,0.),(
    -1.E-02,0.),.PIECEWISE_BEZIER_KNOTS.);
#11647 = CARTESIAN_POINT('',(0.118504492213,0.63,0.342148736351));
#11648 = CARTESIAN_POINT('',(0.118504492213,0.64,0.342148736351));
#11649 = CARTESIAN_POINT('',(0.105056818146,0.63,0.319157535374));
#11650 = CARTESIAN_POINT('',(0.105056818146,0.64,0.319157535374));
#11651 = ADVANCED_FACE('',(#11652),#11662,.F.);
#11652 = FACE_BOUND('',#11653,.T.);
#11653 = EDGE_LOOP('',(#11654,#11655,#11660,#11661));
#11654 = ORIENTED_EDGE('',*,*,#1302,.T.);
#11655 = ORIENTED_EDGE('',*,*,#11656,.F.);
#11656 = EDGE_CURVE('',#11177,#1294,#11657,.T.);
#11657 = B_SPLINE_CURVE_WITH_KNOTS('',1,(#11658,#11659),.UNSPECIFIED.,
  .F.,.F.,(2,2),(-0.,1.E-02),.PIECEWISE_BEZIER_KNOTS.);
#11658 = CARTESIAN_POINT('',(0.176633174815,0.64,0.311783005769));
#11659 = CARTESIAN_POINT('',(0.176633174815,0.63,0.311783005769));
#11660 = ORIENTED_EDGE('',*,*,#11176,.F.);
#11661 = ORIENTED_EDGE('',*,*,#11640,.T.);
#11662 = B_SPLINE_SURFACE_WITH_KNOTS('',1,1,(
    (#11663,#11664)
    ,(#11665,#11666
    )),.UNSPECIFIED.,.F.,.F.,.F.,(2,2),(2,2),(-6.558217238577E-02,0.),(
    -1.E-02,0.),.PIECEWISE_BEZIER_KNOTS.);
#11663 = CARTESIAN_POINT('',(0.176633174815,0.63,0.311783005769));
#11664 = CARTESIAN_POINT('',(0.176633174815,0.64,0.311783005769));
#11665 = CARTESIAN_POINT('',(0.118504492213,0.63,0.342148736351));
#11666 = CARTESIAN_POINT('',(0.118504492213,0.64,0.342148736351));
#11667 = ADVANCED_FACE('',(#11668),#11678,.F.);
#11668 = FACE_BOUND('',#11669,.F.);
#11669 = EDGE_LOOP('',(#11670,#11671,#11672,#11677));
#11670 = ORIENTED_EDGE('',*,*,#11656,.F.);
#11671 = ORIENTED_EDGE('',*,*,#11183,.T.);
#11672 = ORIENTED_EDGE('',*,*,#11673,.T.);
#11673 = EDGE_CURVE('',#11184,#1285,#11674,.T.);
#11674 = B_SPLINE_CURVE_WITH_KNOTS('',1,(#11675,#11676),.UNSPECIFIED.,
  .F.,.F.,(2,2),(-0.,1.E-02),.PIECEWISE_BEZIER_KNOTS.);
#11675 = CARTESIAN_POINT('',(0.209167886153,0.64,0.326532073254));
#11676 = CARTESIAN_POINT('',(0.209167886153,0.63,0.326532073254));
#11677 = ORIENTED_EDGE('',*,*,#1293,.F.);
#11678 = B_SPLINE_SURFACE_WITH_KNOTS('',3,1,(
    (#11679,#11680)
    ,(#11681,#11682)
    ,(#11683,#11684)
    ,(#11685,#11686
    )),.UNSPECIFIED.,.F.,.F.,.F.,(4,4),(2,2),(15.,16.),(0.,1.),
  .PIECEWISE_BEZIER_KNOTS.);
#11679 = CARTESIAN_POINT('',(0.176633174815,0.64,0.311783005769));
#11680 = CARTESIAN_POINT('',(0.176633174815,0.63,0.311783005769));
#11681 = CARTESIAN_POINT('',(0.184441502227,0.64,0.320892726598));
#11682 = CARTESIAN_POINT('',(0.184441502227,0.63,0.320892726598));
#11683 = CARTESIAN_POINT('',(0.196154001618,0.64,0.326532073254));
#11684 = CARTESIAN_POINT('',(0.196154001618,0.63,0.326532073254));
#11685 = CARTESIAN_POINT('',(0.209167886153,0.64,0.326532073254));
#11686 = CARTESIAN_POINT('',(0.209167886153,0.63,0.326532073254));
#11687 = ADVANCED_FACE('',(#11688),#11698,.F.);
#11688 = FACE_BOUND('',#11689,.F.);
#11689 = EDGE_LOOP('',(#11690,#11691,#11692,#11697));
#11690 = ORIENTED_EDGE('',*,*,#11673,.F.);
#11691 = ORIENTED_EDGE('',*,*,#11192,.T.);
#11692 = ORIENTED_EDGE('',*,*,#11693,.T.);
#11693 = EDGE_CURVE('',#11193,#1276,#11694,.T.);
#11694 = B_SPLINE_CURVE_WITH_KNOTS('',1,(#11695,#11696),.UNSPECIFIED.,
  .F.,.F.,(2,2),(-0.,1.E-02),.PIECEWISE_BEZIER_KNOTS.);
#11695 = CARTESIAN_POINT('',(0.249944722708,0.64,0.297901525622));
#11696 = CARTESIAN_POINT('',(0.249944722708,0.63,0.297901525622));
#11697 = ORIENTED_EDGE('',*,*,#1284,.F.);
#11698 = B_SPLINE_SURFACE_WITH_KNOTS('',3,1,(
    (#11699,#11700)
    ,(#11701,#11702)
    ,(#11703,#11704)
    ,(#11705,#11706
    )),.UNSPECIFIED.,.F.,.F.,.F.,(4,4),(2,2),(16.,17.),(0.,1.),
  .PIECEWISE_BEZIER_KNOTS.);
#11699 = CARTESIAN_POINT('',(0.209167886153,0.64,0.326532073254));
#11700 = CARTESIAN_POINT('',(0.209167886153,0.63,0.326532073254));
#11701 = CARTESIAN_POINT('',(0.227821125618,0.64,0.326532073254));
#11702 = CARTESIAN_POINT('',(0.227821125618,0.63,0.326532073254));
#11703 = CARTESIAN_POINT('',(0.243871578247,0.64,0.314385784331));
#11704 = CARTESIAN_POINT('',(0.243871578247,0.63,0.314385784331));
#11705 = CARTESIAN_POINT('',(0.249944722708,0.64,0.297901525622));
#11706 = CARTESIAN_POINT('',(0.249944722708,0.63,0.297901525622));
#11707 = ADVANCED_FACE('',(#11708),#11718,.F.);
#11708 = FACE_BOUND('',#11709,.F.);
#11709 = EDGE_LOOP('',(#11710,#11711,#11712,#11717));
#11710 = ORIENTED_EDGE('',*,*,#11693,.F.);
#11711 = ORIENTED_EDGE('',*,*,#11201,.T.);
#11712 = ORIENTED_EDGE('',*,*,#11713,.T.);
#11713 = EDGE_CURVE('',#11202,#1267,#11714,.T.);
#11714 = B_SPLINE_CURVE_WITH_KNOTS('',1,(#11715,#11716),.UNSPECIFIED.,
  .F.,.F.,(2,2),(-0.,1.E-02),.PIECEWISE_BEZIER_KNOTS.);
#11715 = CARTESIAN_POINT('',(0.275972491779,0.64,0.337810774839));
#11716 = CARTESIAN_POINT('',(0.275972491779,0.63,0.337810774839));
#11717 = ORIENTED_EDGE('',*,*,#1275,.F.);
#11718 = B_SPLINE_SURFACE_WITH_KNOTS('',3,1,(
    (#11719,#11720)
    ,(#11721,#11722)
    ,(#11723,#11724)
    ,(#11725,#11726
    )),.UNSPECIFIED.,.F.,.F.,.F.,(4,4),(2,2),(17.,18.),(0.,1.),
  .PIECEWISE_BEZIER_KNOTS.);
#11719 = CARTESIAN_POINT('',(0.249944722708,0.64,0.297901525622));
#11720 = CARTESIAN_POINT('',(0.249944722708,0.63,0.297901525622));
#11721 = CARTESIAN_POINT('',(0.265127587999,0.64,0.304842265695));
#11722 = CARTESIAN_POINT('',(0.265127587999,0.63,0.304842265695));
#11723 = CARTESIAN_POINT('',(0.275972491779,0.64,0.320025130986));
#11724 = CARTESIAN_POINT('',(0.275972491779,0.63,0.320025130986));
#11725 = CARTESIAN_POINT('',(0.275972491779,0.64,0.337810774839));
#11726 = CARTESIAN_POINT('',(0.275972491779,0.63,0.337810774839));
#11727 = ADVANCED_FACE('',(#11728),#11738,.F.);
#11728 = FACE_BOUND('',#11729,.F.);
#11729 = EDGE_LOOP('',(#11730,#11731,#11732,#11737));
#11730 = ORIENTED_EDGE('',*,*,#11713,.F.);
#11731 = ORIENTED_EDGE('',*,*,#11210,.T.);
#11732 = ORIENTED_EDGE('',*,*,#11733,.T.);
#11733 = EDGE_CURVE('',#11211,#1258,#11734,.T.);
#11734 = B_SPLINE_CURVE_WITH_KNOTS('',1,(#11735,#11736),.UNSPECIFIED.,
  .F.,.F.,(2,2),(-0.,1.E-02),.PIECEWISE_BEZIER_KNOTS.);
#11735 = CARTESIAN_POINT('',(0.232592876662,0.64,0.381190389956));
#11736 = CARTESIAN_POINT('',(0.232592876662,0.63,0.381190389956));
#11737 = ORIENTED_EDGE('',*,*,#1266,.F.);
#11738 = B_SPLINE_SURFACE_WITH_KNOTS('',3,1,(
    (#11739,#11740)
    ,(#11741,#11742)
    ,(#11743,#11744)
    ,(#11745,#11746
    )),.UNSPECIFIED.,.F.,.F.,.F.,(4,4),(2,2),(18.,19.),(0.,1.),
  .PIECEWISE_BEZIER_KNOTS.);
#11739 = CARTESIAN_POINT('',(0.275972491779,0.64,0.337810774839));
#11740 = CARTESIAN_POINT('',(0.275972491779,0.63,0.337810774839));
#11741 = CARTESIAN_POINT('',(0.275972491779,0.64,0.361669563154));
#11742 = CARTESIAN_POINT('',(0.275972491779,0.63,0.361669563154));
#11743 = CARTESIAN_POINT('',(0.256451664976,0.64,0.381190389956));
#11744 = CARTESIAN_POINT('',(0.256451664976,0.63,0.381190389956));
#11745 = CARTESIAN_POINT('',(0.232592876662,0.64,0.381190389956));
#11746 = CARTESIAN_POINT('',(0.232592876662,0.63,0.381190389956));
#11747 = ADVANCED_FACE('',(#11748),#11758,.F.);
#11748 = FACE_BOUND('',#11749,.F.);
#11749 = EDGE_LOOP('',(#11750,#11751,#11752,#11757));
#11750 = ORIENTED_EDGE('',*,*,#11733,.F.);
#11751 = ORIENTED_EDGE('',*,*,#11219,.T.);
#11752 = ORIENTED_EDGE('',*,*,#11753,.T.);
#11753 = EDGE_CURVE('',#11220,#1249,#11754,.T.);
#11754 = B_SPLINE_CURVE_WITH_KNOTS('',1,(#11755,#11756),.UNSPECIFIED.,
  .F.,.F.,(2,2),(-0.,1.E-02),.PIECEWISE_BEZIER_KNOTS.);
#11755 = CARTESIAN_POINT('',(0.209601683959,0.64,0.374683447689));
#11756 = CARTESIAN_POINT('',(0.209601683959,0.63,0.374683447689));
#11757 = ORIENTED_EDGE('',*,*,#1257,.F.);
#11758 = B_SPLINE_SURFACE_WITH_KNOTS('',3,1,(
    (#11759,#11760)
    ,(#11761,#11762)
    ,(#11763,#11764)
    ,(#11765,#11766
    )),.UNSPECIFIED.,.F.,.F.,.F.,(4,4),(2,2),(19.,20.),(0.,1.),
  .PIECEWISE_BEZIER_KNOTS.);
#11759 = CARTESIAN_POINT('',(0.232592876662,0.64,0.381190389956));
#11760 = CARTESIAN_POINT('',(0.232592876662,0.63,0.381190389956));
#11761 = CARTESIAN_POINT('',(0.224350751444,0.64,0.381190389956));
#11762 = CARTESIAN_POINT('',(0.224350751444,0.63,0.381190389956));
#11763 = CARTESIAN_POINT('',(0.216108626226,0.64,0.378587611395));
#11764 = CARTESIAN_POINT('',(0.216108626226,0.63,0.378587611395));
#11765 = CARTESIAN_POINT('',(0.209601683959,0.64,0.374683447689));
#11766 = CARTESIAN_POINT('',(0.209601683959,0.63,0.374683447689));
#11767 = ADVANCED_FACE('',(#11768),#11778,.F.);
#11768 = FACE_BOUND('',#11769,.F.);
#11769 = EDGE_LOOP('',(#11770,#11771,#11772,#11777));
#11770 = ORIENTED_EDGE('',*,*,#11753,.F.);
#11771 = ORIENTED_EDGE('',*,*,#11228,.T.);
#11772 = ORIENTED_EDGE('',*,*,#11773,.T.);
#11773 = EDGE_CURVE('',#11229,#1240,#11774,.T.);
#11774 = B_SPLINE_CURVE_WITH_KNOTS('',1,(#11775,#11776),.UNSPECIFIED.,
  .F.,.F.,(2,2),(-0.,1.E-02),.PIECEWISE_BEZIER_KNOTS.);
#11775 = CARTESIAN_POINT('',(0.151473009631,0.64,0.416327855034));
#11776 = CARTESIAN_POINT('',(0.151473009631,0.63,0.416327855034));
#11777 = ORIENTED_EDGE('',*,*,#1248,.F.);
#11778 = B_SPLINE_SURFACE_WITH_KNOTS('',3,1,(
    (#11779,#11780)
    ,(#11781,#11782)
    ,(#11783,#11784)
    ,(#11785,#11786
    )),.UNSPECIFIED.,.F.,.F.,.F.,(4,4),(2,2),(20.,21.),(0.,1.),
  .PIECEWISE_BEZIER_KNOTS.);
#11779 = CARTESIAN_POINT('',(0.209601683959,0.64,0.374683447689));
#11780 = CARTESIAN_POINT('',(0.209601683959,0.63,0.374683447689));
#11781 = CARTESIAN_POINT('',(0.201359567016,0.64,0.398976008987));
#11782 = CARTESIAN_POINT('',(0.201359567016,0.63,0.398976008987));
#11783 = CARTESIAN_POINT('',(0.178802163845,0.64,0.416327855034));
#11784 = CARTESIAN_POINT('',(0.178802163845,0.63,0.416327855034));
#11785 = CARTESIAN_POINT('',(0.151473009631,0.64,0.416327855034));
#11786 = CARTESIAN_POINT('',(0.151473009631,0.63,0.416327855034));
#11787 = ADVANCED_FACE('',(#11788),#11798,.F.);
#11788 = FACE_BOUND('',#11789,.F.);
#11789 = EDGE_LOOP('',(#11790,#11791,#11792,#11797));
#11790 = ORIENTED_EDGE('',*,*,#11773,.F.);
#11791 = ORIENTED_EDGE('',*,*,#11237,.T.);
#11792 = ORIENTED_EDGE('',*,*,#11793,.T.);
#11793 = EDGE_CURVE('',#11238,#1231,#11794,.T.);
#11794 = B_SPLINE_CURVE_WITH_KNOTS('',1,(#11795,#11796),.UNSPECIFIED.,
  .F.,.F.,(2,2),(-0.,1.E-02),.PIECEWISE_BEZIER_KNOTS.);
#11795 = CARTESIAN_POINT('',(9.074154846663E-02,0.64,0.362103336138));
#11796 = CARTESIAN_POINT('',(9.074154846663E-02,0.63,0.362103336138));
#11797 = ORIENTED_EDGE('',*,*,#1239,.F.);
#11798 = B_SPLINE_SURFACE_WITH_KNOTS('',3,1,(
    (#11799,#11800)
    ,(#11801,#11802)
    ,(#11803,#11804)
    ,(#11805,#11806
    )),.UNSPECIFIED.,.F.,.F.,.F.,(4,4),(2,2),(21.,22.),(0.,1.),
  .PIECEWISE_BEZIER_KNOTS.);
#11799 = CARTESIAN_POINT('',(0.151473009631,0.64,0.416327855034));
#11800 = CARTESIAN_POINT('',(0.151473009631,0.63,0.416327855034));
#11801 = CARTESIAN_POINT('',(0.120239683437,0.64,0.416327855034));
#11802 = CARTESIAN_POINT('',(0.120239683437,0.63,0.416327855034));
#11803 = CARTESIAN_POINT('',(9.421191436646E-02,0.64,0.39246906672));
#11804 = CARTESIAN_POINT('',(9.421191436646E-02,0.63,0.39246906672));
#11805 = CARTESIAN_POINT('',(9.074154846663E-02,0.64,0.362103336138));
#11806 = CARTESIAN_POINT('',(9.074154846663E-02,0.63,0.362103336138));
#11807 = ADVANCED_FACE('',(#11808),#11818,.F.);
#11808 = FACE_BOUND('',#11809,.T.);
#11809 = EDGE_LOOP('',(#11810,#11811,#11816,#11817));
#11810 = ORIENTED_EDGE('',*,*,#1230,.T.);
#11811 = ORIENTED_EDGE('',*,*,#11812,.F.);
#11812 = EDGE_CURVE('',#11247,#1222,#11813,.T.);
#11813 = B_SPLINE_CURVE_WITH_KNOTS('',1,(#11814,#11815),.UNSPECIFIED.,
  .F.,.F.,(2,2),(-0.,1.E-02),.PIECEWISE_BEZIER_KNOTS.);
#11814 = CARTESIAN_POINT('',(8.72711825668E-02,0.64,0.362103336138));
#11815 = CARTESIAN_POINT('',(8.72711825668E-02,0.63,0.362103336138));
#11816 = ORIENTED_EDGE('',*,*,#11246,.F.);
#11817 = ORIENTED_EDGE('',*,*,#11793,.T.);
#11818 = B_SPLINE_SURFACE_WITH_KNOTS('',1,1,(
    (#11819,#11820)
    ,(#11821,#11822
    )),.UNSPECIFIED.,.F.,.F.,.F.,(2,2),(2,2),(-3.470365899832E-03,0.),(
    -1.E-02,0.),.PIECEWISE_BEZIER_KNOTS.);
#11819 = CARTESIAN_POINT('',(8.72711825668E-02,0.63,0.362103336138));
#11820 = CARTESIAN_POINT('',(8.72711825668E-02,0.64,0.362103336138));
#11821 = CARTESIAN_POINT('',(9.074154846663E-02,0.63,0.362103336138));
#11822 = CARTESIAN_POINT('',(9.074154846663E-02,0.64,0.362103336138));
#11823 = ADVANCED_FACE('',(#11824),#11834,.F.);
#11824 = FACE_BOUND('',#11825,.F.);
#11825 = EDGE_LOOP('',(#11826,#11827,#11828,#11833));
#11826 = ORIENTED_EDGE('',*,*,#11812,.F.);
#11827 = ORIENTED_EDGE('',*,*,#11255,.T.);
#11828 = ORIENTED_EDGE('',*,*,#11829,.T.);
#11829 = EDGE_CURVE('',#11256,#1213,#11830,.T.);
#11830 = B_SPLINE_CURVE_WITH_KNOTS('',1,(#11831,#11832),.UNSPECIFIED.,
  .F.,.F.,(2,2),(-0.,1.E-02),.PIECEWISE_BEZIER_KNOTS.);
#11831 = CARTESIAN_POINT('',(5.343508608505E-02,0.64,0.328267239656));
#11832 = CARTESIAN_POINT('',(5.343508608505E-02,0.63,0.328267239656));
#11833 = ORIENTED_EDGE('',*,*,#1221,.F.);
#11834 = B_SPLINE_SURFACE_WITH_KNOTS('',3,1,(
    (#11835,#11836)
    ,(#11837,#11838)
    ,(#11839,#11840)
    ,(#11841,#11842
    )),.UNSPECIFIED.,.F.,.F.,.F.,(4,4),(2,2),(23.,24.),(0.,1.),
  .PIECEWISE_BEZIER_KNOTS.);
#11835 = CARTESIAN_POINT('',(8.72711825668E-02,0.64,0.362103336138));
#11836 = CARTESIAN_POINT('',(8.72711825668E-02,0.63,0.362103336138));
#11837 = CARTESIAN_POINT('',(6.861795137601E-02,0.64,0.362103336138));
#11838 = CARTESIAN_POINT('',(6.861795137601E-02,0.63,0.362103336138));
#11839 = CARTESIAN_POINT('',(5.343508608505E-02,0.64,0.346920470847));
#11840 = CARTESIAN_POINT('',(5.343508608505E-02,0.63,0.346920470847));
#11841 = CARTESIAN_POINT('',(5.343508608505E-02,0.64,0.328267239656));
#11842 = CARTESIAN_POINT('',(5.343508608505E-02,0.63,0.328267239656));
#11843 = ADVANCED_FACE('',(#11844),#11854,.F.);
#11844 = FACE_BOUND('',#11845,.F.);
#11845 = EDGE_LOOP('',(#11846,#11847,#11848,#11853));
#11846 = ORIENTED_EDGE('',*,*,#11829,.F.);
#11847 = ORIENTED_EDGE('',*,*,#11264,.T.);
#11848 = ORIENTED_EDGE('',*,*,#11849,.T.);
#11849 = EDGE_CURVE('',#11265,#1206,#11850,.T.);
#11850 = B_SPLINE_CURVE_WITH_KNOTS('',1,(#11851,#11852),.UNSPECIFIED.,
  .F.,.F.,(2,2),(-0.,1.E-02),.PIECEWISE_BEZIER_KNOTS.);
#11851 = CARTESIAN_POINT('',(8.466841227893E-02,0.64,0.294431143174));
#11852 = CARTESIAN_POINT('',(8.466841227893E-02,0.63,0.294431143174));
#11853 = ORIENTED_EDGE('',*,*,#1212,.F.);
#11854 = B_SPLINE_SURFACE_WITH_KNOTS('',3,1,(
    (#11855,#11856)
    ,(#11857,#11858)
    ,(#11859,#11860)
    ,(#11861,#11862
    )),.UNSPECIFIED.,.F.,.F.,.F.,(4,4),(2,2),(24.,25.),(0.,1.),
  .PIECEWISE_BEZIER_KNOTS.);
#11855 = CARTESIAN_POINT('',(5.343508608505E-02,0.64,0.328267239656));
#11856 = CARTESIAN_POINT('',(5.343508608505E-02,0.63,0.328267239656));
#11857 = CARTESIAN_POINT('',(5.343508608505E-02,0.64,0.310481595803));
#11858 = CARTESIAN_POINT('',(5.343508608505E-02,0.63,0.310481595803));
#11859 = CARTESIAN_POINT('',(6.688276015229E-02,0.64,0.295732528318));
#11860 = CARTESIAN_POINT('',(6.688276015229E-02,0.63,0.295732528318));
#11861 = CARTESIAN_POINT('',(8.466841227893E-02,0.64,0.294431143174));
#11862 = CARTESIAN_POINT('',(8.466841227893E-02,0.63,0.294431143174));
#11863 = ADVANCED_FACE('',(#11864),#11874,.F.);
#11864 = FACE_BOUND('',#11865,.T.);
#11865 = EDGE_LOOP('',(#11866,#11867,#11872,#11873));
#11866 = ORIENTED_EDGE('',*,*,#1205,.T.);
#11867 = ORIENTED_EDGE('',*,*,#11868,.F.);
#11868 = EDGE_CURVE('',#11274,#1197,#11869,.T.);
#11869 = B_SPLINE_CURVE_WITH_KNOTS('',1,(#11870,#11871),.UNSPECIFIED.,
  .F.,.F.,(2,2),(-0.,1.E-02),.PIECEWISE_BEZIER_KNOTS.);
#11870 = CARTESIAN_POINT('',(0.104189239082,0.64,0.294431143174));
#11871 = CARTESIAN_POINT('',(0.104189239082,0.63,0.294431143174));
#11872 = ORIENTED_EDGE('',*,*,#11273,.F.);
#11873 = ORIENTED_EDGE('',*,*,#11849,.T.);
#11874 = B_SPLINE_SURFACE_WITH_KNOTS('',1,1,(
    (#11875,#11876)
    ,(#11877,#11878
    )),.UNSPECIFIED.,.F.,.F.,.F.,(2,2),(2,2),(-1.952082680275E-02,0.),(
    -1.E-02,0.),.PIECEWISE_BEZIER_KNOTS.);
#11875 = CARTESIAN_POINT('',(0.104189239082,0.63,0.294431143174));
#11876 = CARTESIAN_POINT('',(0.104189239082,0.64,0.294431143174));
#11877 = CARTESIAN_POINT('',(8.466841227893E-02,0.63,0.294431143174));
#11878 = CARTESIAN_POINT('',(8.466841227893E-02,0.64,0.294431143174));
#11879 = ADVANCED_FACE('',(#11880),#11890,.F.);
#11880 = FACE_BOUND('',#11881,.F.);
#11881 = EDGE_LOOP('',(#11882,#11883,#11884,#11889));
#11882 = ORIENTED_EDGE('',*,*,#11868,.F.);
#11883 = ORIENTED_EDGE('',*,*,#11280,.T.);
#11884 = ORIENTED_EDGE('',*,*,#11885,.T.);
#11885 = EDGE_CURVE('',#11281,#1188,#11886,.T.);
#11886 = B_SPLINE_CURVE_WITH_KNOTS('',1,(#11887,#11888),.UNSPECIFIED.,
  .F.,.F.,(2,2),(-0.,1.E-02),.PIECEWISE_BEZIER_KNOTS.);
#11887 = CARTESIAN_POINT('',(0.10679200937,0.64,0.294864932706));
#11888 = CARTESIAN_POINT('',(0.10679200937,0.63,0.294864932706));
#11889 = ORIENTED_EDGE('',*,*,#1196,.F.);
#11890 = B_SPLINE_SURFACE_WITH_KNOTS('',3,1,(
    (#11891,#11892)
    ,(#11893,#11894)
    ,(#11895,#11896)
    ,(#11897,#11898
    )),.UNSPECIFIED.,.F.,.F.,.F.,(4,4),(2,2),(26.,27.),(0.,1.),
  .PIECEWISE_BEZIER_KNOTS.);
#11891 = CARTESIAN_POINT('',(0.104189239082,0.64,0.294431143174));
#11892 = CARTESIAN_POINT('',(0.104189239082,0.63,0.294431143174));
#11893 = CARTESIAN_POINT('',(0.105056834694,0.64,0.294431143174));
#11894 = CARTESIAN_POINT('',(0.105056834694,0.63,0.294431143174));
#11895 = CARTESIAN_POINT('',(0.105924430306,0.64,0.294864932706));
#11896 = CARTESIAN_POINT('',(0.105924430306,0.63,0.294864932706));
#11897 = CARTESIAN_POINT('',(0.10679200937,0.64,0.294864932706));
#11898 = CARTESIAN_POINT('',(0.10679200937,0.63,0.294864932706));
#11899 = ADVANCED_FACE('',(#11900),#11910,.F.);
#11900 = FACE_BOUND('',#11901,.F.);
#11901 = EDGE_LOOP('',(#11902,#11903,#11904,#11909));
#11902 = ORIENTED_EDGE('',*,*,#11885,.F.);
#11903 = ORIENTED_EDGE('',*,*,#11289,.T.);
#11904 = ORIENTED_EDGE('',*,*,#11905,.T.);
#11905 = EDGE_CURVE('',#11290,#1179,#11906,.T.);
#11906 = B_SPLINE_CURVE_WITH_KNOTS('',1,(#11907,#11908),.UNSPECIFIED.,
  .F.,.F.,(2,2),(-0.,1.E-02),.PIECEWISE_BEZIER_KNOTS.);
#11907 = CARTESIAN_POINT('',(0.120239683437,0.64,0.281417258639));
#11908 = CARTESIAN_POINT('',(0.120239683437,0.63,0.281417258639));
#11909 = ORIENTED_EDGE('',*,*,#1187,.F.);
#11910 = B_SPLINE_SURFACE_WITH_KNOTS('',3,1,(
    (#11911,#11912)
    ,(#11913,#11914)
    ,(#11915,#11916)
    ,(#11917,#11918
    )),.UNSPECIFIED.,.F.,.F.,.F.,(4,4),(2,2),(27.,28.),(0.,1.),
  .PIECEWISE_BEZIER_KNOTS.);
#11911 = CARTESIAN_POINT('',(0.10679200937,0.64,0.294864932706));
#11912 = CARTESIAN_POINT('',(0.10679200937,0.63,0.294864932706));
#11913 = CARTESIAN_POINT('',(0.114166547249,0.64,0.294864932706));
#11914 = CARTESIAN_POINT('',(0.114166547249,0.63,0.294864932706));
#11915 = CARTESIAN_POINT('',(0.120239683437,0.64,0.28879177997));
#11916 = CARTESIAN_POINT('',(0.120239683437,0.63,0.28879177997));
#11917 = CARTESIAN_POINT('',(0.120239683437,0.64,0.281417258639));
#11918 = CARTESIAN_POINT('',(0.120239683437,0.63,0.281417258639));
#11919 = ADVANCED_FACE('',(#11920),#11930,.F.);
#11920 = FACE_BOUND('',#11921,.F.);
#11921 = EDGE_LOOP('',(#11922,#11923,#11924,#11929));
#11922 = ORIENTED_EDGE('',*,*,#11905,.F.);
#11923 = ORIENTED_EDGE('',*,*,#11298,.T.);
#11924 = ORIENTED_EDGE('',*,*,#11925,.T.);
#11925 = EDGE_CURVE('',#11299,#1172,#11926,.T.);
#11926 = B_SPLINE_CURVE_WITH_KNOTS('',1,(#11927,#11928),.UNSPECIFIED.,
  .F.,.F.,(2,2),(-0.,1.E-02),.PIECEWISE_BEZIER_KNOTS.);
#11927 = CARTESIAN_POINT('',(0.107659588433,0.64,0.267969584572));
#11928 = CARTESIAN_POINT('',(0.107659588433,0.63,0.267969584572));
#11929 = ORIENTED_EDGE('',*,*,#1178,.F.);
#11930 = B_SPLINE_SURFACE_WITH_KNOTS('',3,1,(
    (#11931,#11932)
    ,(#11933,#11934)
    ,(#11935,#11936)
    ,(#11937,#11938
    )),.UNSPECIFIED.,.F.,.F.,.F.,(4,4),(2,2),(28.,29.),(0.,1.),
  .PIECEWISE_BEZIER_KNOTS.);
#11931 = CARTESIAN_POINT('',(0.120239683437,0.64,0.281417258639));
#11932 = CARTESIAN_POINT('',(0.120239683437,0.63,0.281417258639));
#11933 = CARTESIAN_POINT('',(0.120239683437,0.64,0.274476526839));
#11934 = CARTESIAN_POINT('',(0.120239683437,0.63,0.274476526839));
#11935 = CARTESIAN_POINT('',(0.114600336781,0.64,0.268403374103));
#11936 = CARTESIAN_POINT('',(0.114600336781,0.63,0.268403374103));
#11937 = CARTESIAN_POINT('',(0.107659588433,0.64,0.267969584572));
#11938 = CARTESIAN_POINT('',(0.107659588433,0.63,0.267969584572));
#11939 = ADVANCED_FACE('',(#11940),#11950,.F.);
#11940 = FACE_BOUND('',#11941,.T.);
#11941 = EDGE_LOOP('',(#11942,#11943,#11948,#11949));
#11942 = ORIENTED_EDGE('',*,*,#1171,.T.);
#11943 = ORIENTED_EDGE('',*,*,#11944,.F.);
#11944 = EDGE_CURVE('',#11308,#1163,#11945,.T.);
#11945 = B_SPLINE_CURVE_WITH_KNOTS('',1,(#11946,#11947),.UNSPECIFIED.,
  .F.,.F.,(2,2),(-0.,1.E-02),.PIECEWISE_BEZIER_KNOTS.);
#11946 = CARTESIAN_POINT('',(8.206562544304E-02,0.64,0.267969584572));
#11947 = CARTESIAN_POINT('',(8.206562544304E-02,0.63,0.267969584572));
#11948 = ORIENTED_EDGE('',*,*,#11307,.F.);
#11949 = ORIENTED_EDGE('',*,*,#11925,.T.);
#11950 = B_SPLINE_SURFACE_WITH_KNOTS('',1,1,(
    (#11951,#11952)
    ,(#11953,#11954
    )),.UNSPECIFIED.,.F.,.F.,.F.,(2,2),(2,2),(-1.301385144039E-03,
    2.429257784641E-02),(-1.E-02,0.),.PIECEWISE_BEZIER_KNOTS.);
#11951 = CARTESIAN_POINT('',(8.206562544304E-02,0.63,0.267969584572));
#11952 = CARTESIAN_POINT('',(8.206562544304E-02,0.64,0.267969584572));
#11953 = CARTESIAN_POINT('',(0.107659588433,0.63,0.267969584572));
#11954 = CARTESIAN_POINT('',(0.107659588433,0.64,0.267969584572));
#11955 = ADVANCED_FACE('',(#11956),#11966,.F.);
#11956 = FACE_BOUND('',#11957,.F.);
#11957 = EDGE_LOOP('',(#11958,#11959,#11960,#11965));
#11958 = ORIENTED_EDGE('',*,*,#11944,.F.);
#11959 = ORIENTED_EDGE('',*,*,#11314,.T.);
#11960 = ORIENTED_EDGE('',*,*,#11961,.T.);
#11961 = EDGE_CURVE('',#11315,#1154,#11962,.T.);
#11962 = B_SPLINE_CURVE_WITH_KNOTS('',1,(#11963,#11964),.UNSPECIFIED.,
  .F.,.F.,(2,2),(-0.,1.E-02),.PIECEWISE_BEZIER_KNOTS.);
#11963 = CARTESIAN_POINT('',(4.259018230588E-02,0.64,0.287490411374));
#11964 = CARTESIAN_POINT('',(4.259018230588E-02,0.63,0.287490411374));
#11965 = ORIENTED_EDGE('',*,*,#1162,.F.);
#11966 = B_SPLINE_SURFACE_WITH_KNOTS('',3,1,(
    (#11967,#11968)
    ,(#11969,#11970)
    ,(#11971,#11972)
    ,(#11973,#11974
    )),.UNSPECIFIED.,.F.,.F.,.F.,(4,4),(2,2),(33.,34.),(0.,1.),
  .PIECEWISE_BEZIER_KNOTS.);
#11967 = CARTESIAN_POINT('',(8.206562544304E-02,0.64,0.267969584572));
#11968 = CARTESIAN_POINT('',(8.206562544304E-02,0.63,0.267969584572));
#11969 = CARTESIAN_POINT('',(6.688276015229E-02,0.64,0.269270969716));
#11970 = CARTESIAN_POINT('',(6.688276015229E-02,0.63,0.269270969716));
#11971 = CARTESIAN_POINT('',(5.300128000496E-02,0.64,0.276211718063));
#11972 = CARTESIAN_POINT('',(5.300128000496E-02,0.63,0.276211718063));
#11973 = CARTESIAN_POINT('',(4.259018230588E-02,0.64,0.287490411374));
#11974 = CARTESIAN_POINT('',(4.259018230588E-02,0.63,0.287490411374));
#11975 = ADVANCED_FACE('',(#11976),#11982,.F.);
#11976 = FACE_BOUND('',#11977,.F.);
#11977 = EDGE_LOOP('',(#11978,#11979,#11980,#11981));
#11978 = ORIENTED_EDGE('',*,*,#11961,.F.);
#11979 = ORIENTED_EDGE('',*,*,#11323,.T.);
#11980 = ORIENTED_EDGE('',*,*,#11363,.T.);
#11981 = ORIENTED_EDGE('',*,*,#1153,.F.);
#11982 = B_SPLINE_SURFACE_WITH_KNOTS('',3,1,(
    (#11983,#11984)
    ,(#11985,#11986)
    ,(#11987,#11988)
    ,(#11989,#11990
    )),.UNSPECIFIED.,.F.,.F.,.F.,(4,4),(2,2),(34.,35.),(0.,1.),
  .PIECEWISE_BEZIER_KNOTS.);
#11983 = CARTESIAN_POINT('',(4.259018230588E-02,0.64,0.287490411374));
#11984 = CARTESIAN_POINT('',(4.259018230588E-02,0.63,0.287490411374));
#11985 = CARTESIAN_POINT('',(3.217906805837E-02,0.64,0.298769104686));
#11986 = CARTESIAN_POINT('',(3.217906805837E-02,0.63,0.298769104686));
#11987 = CARTESIAN_POINT('',(2.653972140275E-02,0.64,0.313518180445));
#11988 = CARTESIAN_POINT('',(2.653972140275E-02,0.63,0.313518180445));
#11989 = CARTESIAN_POINT('',(2.653972140275E-02,0.64,0.328701045736));
#11990 = CARTESIAN_POINT('',(2.653972140275E-02,0.63,0.328701045736));
#11991 = ADVANCED_FACE('',(#11992),#12019,.T.);
#11992 = FACE_BOUND('',#11993,.T.);
#11993 = EDGE_LOOP('',(#11994,#12008,#12013,#12014));
#11994 = ORIENTED_EDGE('',*,*,#11995,.F.);
#11995 = EDGE_CURVE('',#11996,#11998,#12000,.T.);
#11996 = VERTEX_POINT('',#11997);
#11997 = CARTESIAN_POINT('',(0.209601692233,0.63,0.265366781188));
#11998 = VERTEX_POINT('',#11999);
#11999 = CARTESIAN_POINT('',(0.209601692233,0.63,0.299202894218));
#12000 = B_SPLINE_CURVE_WITH_KNOTS('',3,(#12001,#12002,#12003,#12004,
    #12005,#12006,#12007),.UNSPECIFIED.,.F.,.F.,(4,3,4),(0.,1.,2.),
  .PIECEWISE_BEZIER_KNOTS.);
#12001 = CARTESIAN_POINT('',(0.209601692233,0.63,0.265366781188));
#12002 = CARTESIAN_POINT('',(0.200058181872,0.63,0.265366781188));
#12003 = CARTESIAN_POINT('',(0.192683643992,0.63,0.273175125147));
#12004 = CARTESIAN_POINT('',(0.192683643992,0.63,0.282284837703));
#12005 = CARTESIAN_POINT('',(0.192683643992,0.63,0.291828356338));
#12006 = CARTESIAN_POINT('',(0.200491971404,0.63,0.299202894218));
#12007 = CARTESIAN_POINT('',(0.209601692233,0.63,0.299202894218));
#12008 = ORIENTED_EDGE('',*,*,#12009,.F.);
#12009 = EDGE_CURVE('',#11333,#11996,#12010,.T.);
#12010 = B_SPLINE_CURVE_WITH_KNOTS('',1,(#12011,#12012),.UNSPECIFIED.,
  .F.,.F.,(2,2),(-0.,1.E-02),.PIECEWISE_BEZIER_KNOTS.);
#12011 = CARTESIAN_POINT('',(0.209601692233,0.64,0.265366781188));
#12012 = CARTESIAN_POINT('',(0.209601692233,0.63,0.265366781188));
#12013 = ORIENTED_EDGE('',*,*,#11332,.T.);
#12014 = ORIENTED_EDGE('',*,*,#12015,.T.);
#12015 = EDGE_CURVE('',#11335,#11998,#12016,.T.);
#12016 = B_SPLINE_CURVE_WITH_KNOTS('',1,(#12017,#12018),.UNSPECIFIED.,
  .F.,.F.,(2,2),(-0.,1.E-02),.PIECEWISE_BEZIER_KNOTS.);
#12017 = CARTESIAN_POINT('',(0.209601692233,0.64,0.299202894218));
#12018 = CARTESIAN_POINT('',(0.209601692233,0.63,0.299202894218));
#12019 = B_SPLINE_SURFACE_WITH_KNOTS('',3,1,(
    (#12020,#12021)
    ,(#12022,#12023)
    ,(#12024,#12025)
    ,(#12026,#12027)
    ,(#12028,#12029)
    ,(#12030,#12031)
    ,(#12032,#12033
  )),.UNSPECIFIED.,.F.,.F.,.F.,(4,3,4),(2,2),(0.,1.,2.),(0.,1.),
  .PIECEWISE_BEZIER_KNOTS.);
#12020 = CARTESIAN_POINT('',(0.209601692233,0.64,0.265366781188));
#12021 = CARTESIAN_POINT('',(0.209601692233,0.63,0.265366781188));
#12022 = CARTESIAN_POINT('',(0.200058181872,0.64,0.265366781188));
#12023 = CARTESIAN_POINT('',(0.200058181872,0.63,0.265366781188));
#12024 = CARTESIAN_POINT('',(0.192683643992,0.64,0.273175125147));
#12025 = CARTESIAN_POINT('',(0.192683643992,0.63,0.273175125147));
#12026 = CARTESIAN_POINT('',(0.192683643992,0.64,0.282284837703));
#12027 = CARTESIAN_POINT('',(0.192683643992,0.63,0.282284837703));
#12028 = CARTESIAN_POINT('',(0.192683643992,0.64,0.291828356338));
#12029 = CARTESIAN_POINT('',(0.192683643992,0.63,0.291828356338));
#12030 = CARTESIAN_POINT('',(0.200491971404,0.64,0.299202894218));
#12031 = CARTESIAN_POINT('',(0.200491971404,0.63,0.299202894218));
#12032 = CARTESIAN_POINT('',(0.209601692233,0.64,0.299202894218));
#12033 = CARTESIAN_POINT('',(0.209601692233,0.63,0.299202894218));
#12034 = ADVANCED_FACE('',(#12035),#12049,.T.);
#12035 = FACE_BOUND('',#12036,.T.);
#12036 = EDGE_LOOP('',(#12037,#12046,#12047,#12048));
#12037 = ORIENTED_EDGE('',*,*,#12038,.F.);
#12038 = EDGE_CURVE('',#11998,#11996,#12039,.T.);
#12039 = B_SPLINE_CURVE_WITH_KNOTS('',3,(#12040,#12041,#12042,#12043,
    #12044,#12045),.UNSPECIFIED.,.F.,.F.,(4,2,4),(2.,3.,4.),
  .UNSPECIFIED.);
#12040 = CARTESIAN_POINT('',(0.209601692233,0.63,0.299202894218));
#12041 = CARTESIAN_POINT('',(0.218711413062,0.63,0.299202894218));
#12042 = CARTESIAN_POINT('',(0.226519740474,0.63,0.291828356338));
#12043 = CARTESIAN_POINT('',(0.226519740474,0.63,0.272741319067));
#12044 = CARTESIAN_POINT('',(0.218711413062,0.63,0.265366781188));
#12045 = CARTESIAN_POINT('',(0.209601692233,0.63,0.265366781188));
#12046 = ORIENTED_EDGE('',*,*,#12015,.F.);
#12047 = ORIENTED_EDGE('',*,*,#11346,.T.);
#12048 = ORIENTED_EDGE('',*,*,#12009,.T.);
#12049 = B_SPLINE_SURFACE_WITH_KNOTS('',3,1,(
    (#12050,#12051)
    ,(#12052,#12053)
    ,(#12054,#12055)
    ,(#12056,#12057)
    ,(#12058,#12059)
    ,(#12060,#12061
  )),.UNSPECIFIED.,.F.,.F.,.F.,(4,2,4),(2,2),(2.,3.,4.),(0.,1.),
  .UNSPECIFIED.);
#12050 = CARTESIAN_POINT('',(0.209601692233,0.64,0.299202894218));
#12051 = CARTESIAN_POINT('',(0.209601692233,0.63,0.299202894218));
#12052 = CARTESIAN_POINT('',(0.218711413062,0.64,0.299202894218));
#12053 = CARTESIAN_POINT('',(0.218711413062,0.63,0.299202894218));
#12054 = CARTESIAN_POINT('',(0.226519740474,0.64,0.291828356338));
#12055 = CARTESIAN_POINT('',(0.226519740474,0.63,0.291828356338));
#12056 = CARTESIAN_POINT('',(0.226519740474,0.64,0.272741319067));
#12057 = CARTESIAN_POINT('',(0.226519740474,0.63,0.272741319067));
#12058 = CARTESIAN_POINT('',(0.218711413062,0.64,0.265366781188));
#12059 = CARTESIAN_POINT('',(0.218711413062,0.63,0.265366781188));
#12060 = CARTESIAN_POINT('',(0.209601692233,0.64,0.265366781188));
#12061 = CARTESIAN_POINT('',(0.209601692233,0.63,0.265366781188));
#12062 = ADVANCED_FACE('',(#12063),#12067,.T.);
#12063 = FACE_BOUND('',#12064,.T.);
#12064 = EDGE_LOOP('',(#12065,#12066));
#12065 = ORIENTED_EDGE('',*,*,#11995,.T.);
#12066 = ORIENTED_EDGE('',*,*,#12038,.T.);
#12067 = B_SPLINE_SURFACE_WITH_KNOTS('',1,1,(
    (#12068,#12069)
    ,(#12070,#12071
    )),.UNSPECIFIED.,.F.,.F.,.F.,(2,2),(2,2),(-1.014633318812,
    -0.980797205782),(1.092683643992,1.126519740474),
  .PIECEWISE_BEZIER_KNOTS.);
#12068 = CARTESIAN_POINT('',(0.192683643992,0.63,0.265366781188));
#12069 = CARTESIAN_POINT('',(0.226519740474,0.63,0.265366781188));
#12070 = CARTESIAN_POINT('',(0.192683643992,0.63,0.299202894218));
#12071 = CARTESIAN_POINT('',(0.226519740474,0.63,0.299202894218));
#12072 = ( GEOMETRIC_REPRESENTATION_CONTEXT(3) 
GLOBAL_UNCERTAINTY_ASSIGNED_CONTEXT((#12076)) 
GLOBAL_UNIT_ASSIGNED_CONTEXT((#12073,#12074,#12075)) 
REPRESENTATION_CONTEXT('Context #1',
  '3D Context with UNIT and UNCERTAINTY') );
#12073 = ( LENGTH_UNIT() NAMED_UNIT(*) SI_UNIT(.MILLI.,.METRE.) );
#12074 = ( NAMED_UNIT(*) PLANE_ANGLE_UNIT() SI_UNIT($,.RADIAN.) );
#12075 = ( NAMED_UNIT(*) SI_UNIT($,.STERADIAN.) SOLID_ANGLE_UNIT() );
#12076 = UNCERTAINTY_MEASURE_WITH_UNIT(LENGTH_MEASURE(5.E-04),#12073,
  'distance_accuracy_value','confusion accuracy');
#12077 = PRODUCT_RELATED_PRODUCT_CATEGORY('part',$,(#7));
#12078 = MECHANICAL_DESIGN_GEOMETRIC_PRESENTATION_REPRESENTATION('',(
    #12079,#12089,#12097,#12104,#12112,#12119,#12126,#12133,#12140,
    #12147,#12154,#12161,#12168,#12175,#12182,#12189,#12196,#12203,
    #12210,#12217,#12224,#12231,#12238,#12245,#12252,#12259,#12266,
    #12273,#12280,#12287,#12294,#12301,#12308,#12315,#12322,#12329,
    #12336,#12343,#12350,#12357,#12364,#12371,#12378,#12385,#12392,
    #12399,#12406,#12413,#12420,#12427,#12434,#12441,#12448,#12455,
    #12462,#12469,#12476,#12483,#12490,#12497,#12504,#12511,#12518,
    #12525,#12532,#12539,#12546,#12553,#12560,#12567,#12574,#12581,
    #12588,#12595,#12602,#12609,#12616,#12623,#12630,#12637,#12644,
    #12651,#12658,#12665,#12672,#12679,#12686,#12693,#12700,#12707,
    #12714,#12721,#12728,#12735,#12742,#12749,#12756,#12763,#12770,
    #12777,#12784,#12791,#12798,#12805,#12812,#12819,#12826,#12833,
    #12840,#12847,#12854,#12861,#12868,#12875,#12882,#12889,#12896,
    #12903,#12910,#12917,#12924,#12931,#12938,#12945,#12952,#12959,
    #12966,#12973,#12980,#12987,#12994,#13001,#13008,#13015,#13022,
    #13029,#13036,#13043,#13050,#13057,#13064,#13071,#13078,#13085,
    #13092,#13099,#13106,#13113,#13120,#13127,#13134,#13141,#13148,
    #13155,#13162,#13169,#13176,#13183,#13190,#13197,#13204,#13211,
    #13218,#13225,#13232,#13239,#13246,#13253,#13260,#13267,#13274,
    #13281,#13288,#13295,#13302,#13309,#13316,#13323,#13330,#13337,
    #13344,#13351,#13358,#13365,#13372,#13379,#13386,#13393,#13400,
    #13407,#13414,#13421,#13428,#13435,#13442,#13449,#13456,#13463,
    #13470,#13477,#13484,#13491,#13498,#13505,#13512,#13519,#13526,
    #13533,#13540,#13547,#13554,#13561,#13568,#13575,#13582,#13589,
    #13596,#13603,#13610,#13617,#13624,#13631,#13638,#13645,#13652,
    #13659,#13666,#13673,#13680,#13687,#13694,#13701,#13708,#13715,
    #13722,#13729,#13736,#13743,#13750,#13757,#13764,#13771,#13778,
    #13785,#13792,#13799,#13806,#13813,#13820,#13827,#13834,#13841,
    #13848,#13855,#13862,#13869,#13876,#13883,#13890,#13897,#13904,
    #13911,#13918,#13925,#13932,#13939,#13946,#13953,#13960,#13967,
    #13974,#13981,#13988,#13995,#14002,#14009,#14016,#14023,#14030,
    #14037,#14044,#14051,#14058,#14065,#14072,#14079,#14086,#14093,
    #14100,#14107,#14114,#14121,#14128,#14135,#14142,#14149,#14156,
    #14163,#14170,#14177,#14184,#14191,#14198,#14205,#14212,#14219,
    #14226,#14233,#14240),#12072);
#12079 = STYLED_ITEM('color',(#12080),#15);
#12080 = PRESENTATION_STYLE_ASSIGNMENT((#12081,#12087));
#12081 = SURFACE_STYLE_USAGE(.BOTH.,#12082);
#12082 = SURFACE_SIDE_STYLE('',(#12083));
#12083 = SURFACE_STYLE_FILL_AREA(#12084);
#12084 = FILL_AREA_STYLE('',(#12085));
#12085 = FILL_AREA_STYLE_COLOUR('',#12086);
#12086 = DRAUGHTING_PRE_DEFINED_COLOUR('white');
#12087 = CURVE_STYLE('',#12088,POSITIVE_LENGTH_MEASURE(0.1),#12086);
#12088 = DRAUGHTING_PRE_DEFINED_CURVE_FONT('continuous');
#12089 = OVER_RIDING_STYLED_ITEM('overriding color',(#12090),#17,#12079
  );
#12090 = PRESENTATION_STYLE_ASSIGNMENT((#12091));
#12091 = SURFACE_STYLE_USAGE(.BOTH.,#12092);
#12092 = SURFACE_SIDE_STYLE('',(#12093));
#12093 = SURFACE_STYLE_FILL_AREA(#12094);
#12094 = FILL_AREA_STYLE('',(#12095));
#12095 = FILL_AREA_STYLE_COLOUR('',#12096);
#12096 = COLOUR_RGB('',0.592156864646,0.462745104622,0.);
#12097 = OVER_RIDING_STYLED_ITEM('overriding color',(#12098),#1424,
  #12079);
#12098 = PRESENTATION_STYLE_ASSIGNMENT((#12099));
#12099 = SURFACE_STYLE_USAGE(.BOTH.,#12100);
#12100 = SURFACE_SIDE_STYLE('',(#12101));
#12101 = SURFACE_STYLE_FILL_AREA(#12102);
#12102 = FILL_AREA_STYLE('',(#12103));
#12103 = FILL_AREA_STYLE_COLOUR('',#12096);
#12104 = OVER_RIDING_STYLED_ITEM('overriding color',(#12105),#1897,
  #12079);
#12105 = PRESENTATION_STYLE_ASSIGNMENT((#12106));
#12106 = SURFACE_STYLE_USAGE(.BOTH.,#12107);
#12107 = SURFACE_SIDE_STYLE('',(#12108));
#12108 = SURFACE_STYLE_FILL_AREA(#12109);
#12109 = FILL_AREA_STYLE('',(#12110));
#12110 = FILL_AREA_STYLE_COLOUR('',#12111);
#12111 = COLOUR_RGB('',0.854901964685,0.854901964685,0.854901964685);
#12112 = OVER_RIDING_STYLED_ITEM('overriding color',(#12113),#1988,
  #12079);
#12113 = PRESENTATION_STYLE_ASSIGNMENT((#12114));
#12114 = SURFACE_STYLE_USAGE(.BOTH.,#12115);
#12115 = SURFACE_SIDE_STYLE('',(#12116));
#12116 = SURFACE_STYLE_FILL_AREA(#12117);
#12117 = FILL_AREA_STYLE('',(#12118));
#12118 = FILL_AREA_STYLE_COLOUR('',#12111);
#12119 = OVER_RIDING_STYLED_ITEM('overriding color',(#12120),#2085,
  #12079);
#12120 = PRESENTATION_STYLE_ASSIGNMENT((#12121));
#12121 = SURFACE_STYLE_USAGE(.BOTH.,#12122);
#12122 = SURFACE_SIDE_STYLE('',(#12123));
#12123 = SURFACE_STYLE_FILL_AREA(#12124);
#12124 = FILL_AREA_STYLE('',(#12125));
#12125 = FILL_AREA_STYLE_COLOUR('',#12096);
#12126 = OVER_RIDING_STYLED_ITEM('overriding color',(#12127),#2107,
  #12079);
#12127 = PRESENTATION_STYLE_ASSIGNMENT((#12128));
#12128 = SURFACE_STYLE_USAGE(.BOTH.,#12129);
#12129 = SURFACE_SIDE_STYLE('',(#12130));
#12130 = SURFACE_STYLE_FILL_AREA(#12131);
#12131 = FILL_AREA_STYLE('',(#12132));
#12132 = FILL_AREA_STYLE_COLOUR('',#12096);
#12133 = OVER_RIDING_STYLED_ITEM('overriding color',(#12134),#2129,
  #12079);
#12134 = PRESENTATION_STYLE_ASSIGNMENT((#12135));
#12135 = SURFACE_STYLE_USAGE(.BOTH.,#12136);
#12136 = SURFACE_SIDE_STYLE('',(#12137));
#12137 = SURFACE_STYLE_FILL_AREA(#12138);
#12138 = FILL_AREA_STYLE('',(#12139));
#12139 = FILL_AREA_STYLE_COLOUR('',#12111);
#12140 = OVER_RIDING_STYLED_ITEM('overriding color',(#12141),#2158,
  #12079);
#12141 = PRESENTATION_STYLE_ASSIGNMENT((#12142));
#12142 = SURFACE_STYLE_USAGE(.BOTH.,#12143);
#12143 = SURFACE_SIDE_STYLE('',(#12144));
#12144 = SURFACE_STYLE_FILL_AREA(#12145);
#12145 = FILL_AREA_STYLE('',(#12146));
#12146 = FILL_AREA_STYLE_COLOUR('',#12111);
#12147 = OVER_RIDING_STYLED_ITEM('overriding color',(#12148),#2195,
  #12079);
#12148 = PRESENTATION_STYLE_ASSIGNMENT((#12149));
#12149 = SURFACE_STYLE_USAGE(.BOTH.,#12150);
#12150 = SURFACE_SIDE_STYLE('',(#12151));
#12151 = SURFACE_STYLE_FILL_AREA(#12152);
#12152 = FILL_AREA_STYLE('',(#12153));
#12153 = FILL_AREA_STYLE_COLOUR('',#12111);
#12154 = OVER_RIDING_STYLED_ITEM('overriding color',(#12155),#2224,
  #12079);
#12155 = PRESENTATION_STYLE_ASSIGNMENT((#12156));
#12156 = SURFACE_STYLE_USAGE(.BOTH.,#12157);
#12157 = SURFACE_SIDE_STYLE('',(#12158));
#12158 = SURFACE_STYLE_FILL_AREA(#12159);
#12159 = FILL_AREA_STYLE('',(#12160));
#12160 = FILL_AREA_STYLE_COLOUR('',#12111);
#12161 = OVER_RIDING_STYLED_ITEM('overriding color',(#12162),#2302,
  #12079);
#12162 = PRESENTATION_STYLE_ASSIGNMENT((#12163));
#12163 = SURFACE_STYLE_USAGE(.BOTH.,#12164);
#12164 = SURFACE_SIDE_STYLE('',(#12165));
#12165 = SURFACE_STYLE_FILL_AREA(#12166);
#12166 = FILL_AREA_STYLE('',(#12167));
#12167 = FILL_AREA_STYLE_COLOUR('',#12111);
#12168 = OVER_RIDING_STYLED_ITEM('overriding color',(#12169),#2380,
  #12079);
#12169 = PRESENTATION_STYLE_ASSIGNMENT((#12170));
#12170 = SURFACE_STYLE_USAGE(.BOTH.,#12171);
#12171 = SURFACE_SIDE_STYLE('',(#12172));
#12172 = SURFACE_STYLE_FILL_AREA(#12173);
#12173 = FILL_AREA_STYLE('',(#12174));
#12174 = FILL_AREA_STYLE_COLOUR('',#12111);
#12175 = OVER_RIDING_STYLED_ITEM('overriding color',(#12176),#2453,
  #12079);
#12176 = PRESENTATION_STYLE_ASSIGNMENT((#12177));
#12177 = SURFACE_STYLE_USAGE(.BOTH.,#12178);
#12178 = SURFACE_SIDE_STYLE('',(#12179));
#12179 = SURFACE_STYLE_FILL_AREA(#12180);
#12180 = FILL_AREA_STYLE('',(#12181));
#12181 = FILL_AREA_STYLE_COLOUR('',#12111);
#12182 = OVER_RIDING_STYLED_ITEM('overriding color',(#12183),#2472,
  #12079);
#12183 = PRESENTATION_STYLE_ASSIGNMENT((#12184));
#12184 = SURFACE_STYLE_USAGE(.BOTH.,#12185);
#12185 = SURFACE_SIDE_STYLE('',(#12186));
#12186 = SURFACE_STYLE_FILL_AREA(#12187);
#12187 = FILL_AREA_STYLE('',(#12188));
#12188 = FILL_AREA_STYLE_COLOUR('',#12111);
#12189 = OVER_RIDING_STYLED_ITEM('overriding color',(#12190),#2491,
  #12079);
#12190 = PRESENTATION_STYLE_ASSIGNMENT((#12191));
#12191 = SURFACE_STYLE_USAGE(.BOTH.,#12192);
#12192 = SURFACE_SIDE_STYLE('',(#12193));
#12193 = SURFACE_STYLE_FILL_AREA(#12194);
#12194 = FILL_AREA_STYLE('',(#12195));
#12195 = FILL_AREA_STYLE_COLOUR('',#12111);
#12196 = OVER_RIDING_STYLED_ITEM('overriding color',(#12197),#2507,
  #12079);
#12197 = PRESENTATION_STYLE_ASSIGNMENT((#12198));
#12198 = SURFACE_STYLE_USAGE(.BOTH.,#12199);
#12199 = SURFACE_SIDE_STYLE('',(#12200));
#12200 = SURFACE_STYLE_FILL_AREA(#12201);
#12201 = FILL_AREA_STYLE('',(#12202));
#12202 = FILL_AREA_STYLE_COLOUR('',#12096);
#12203 = OVER_RIDING_STYLED_ITEM('overriding color',(#12204),#2545,
  #12079);
#12204 = PRESENTATION_STYLE_ASSIGNMENT((#12205));
#12205 = SURFACE_STYLE_USAGE(.BOTH.,#12206);
#12206 = SURFACE_SIDE_STYLE('',(#12207));
#12207 = SURFACE_STYLE_FILL_AREA(#12208);
#12208 = FILL_AREA_STYLE('',(#12209));
#12209 = FILL_AREA_STYLE_COLOUR('',#12096);
#12210 = OVER_RIDING_STYLED_ITEM('overriding color',(#12211),#2583,
  #12079);
#12211 = PRESENTATION_STYLE_ASSIGNMENT((#12212));
#12212 = SURFACE_STYLE_USAGE(.BOTH.,#12213);
#12213 = SURFACE_SIDE_STYLE('',(#12214));
#12214 = SURFACE_STYLE_FILL_AREA(#12215);
#12215 = FILL_AREA_STYLE('',(#12216));
#12216 = FILL_AREA_STYLE_COLOUR('',#12111);
#12217 = OVER_RIDING_STYLED_ITEM('overriding color',(#12218),#2620,
  #12079);
#12218 = PRESENTATION_STYLE_ASSIGNMENT((#12219));
#12219 = SURFACE_STYLE_USAGE(.BOTH.,#12220);
#12220 = SURFACE_SIDE_STYLE('',(#12221));
#12221 = SURFACE_STYLE_FILL_AREA(#12222);
#12222 = FILL_AREA_STYLE('',(#12223));
#12223 = FILL_AREA_STYLE_COLOUR('',#12111);
#12224 = OVER_RIDING_STYLED_ITEM('overriding color',(#12225),#2657,
  #12079);
#12225 = PRESENTATION_STYLE_ASSIGNMENT((#12226));
#12226 = SURFACE_STYLE_USAGE(.BOTH.,#12227);
#12227 = SURFACE_SIDE_STYLE('',(#12228));
#12228 = SURFACE_STYLE_FILL_AREA(#12229);
#12229 = FILL_AREA_STYLE('',(#12230));
#12230 = FILL_AREA_STYLE_COLOUR('',#12111);
#12231 = OVER_RIDING_STYLED_ITEM('overriding color',(#12232),#2694,
  #12079);
#12232 = PRESENTATION_STYLE_ASSIGNMENT((#12233));
#12233 = SURFACE_STYLE_USAGE(.BOTH.,#12234);
#12234 = SURFACE_SIDE_STYLE('',(#12235));
#12235 = SURFACE_STYLE_FILL_AREA(#12236);
#12236 = FILL_AREA_STYLE('',(#12237));
#12237 = FILL_AREA_STYLE_COLOUR('',#12096);
#12238 = OVER_RIDING_STYLED_ITEM('overriding color',(#12239),#2724,
  #12079);
#12239 = PRESENTATION_STYLE_ASSIGNMENT((#12240));
#12240 = SURFACE_STYLE_USAGE(.BOTH.,#12241);
#12241 = SURFACE_SIDE_STYLE('',(#12242));
#12242 = SURFACE_STYLE_FILL_AREA(#12243);
#12243 = FILL_AREA_STYLE('',(#12244));
#12244 = FILL_AREA_STYLE_COLOUR('',#12111);
#12245 = OVER_RIDING_STYLED_ITEM('overriding color',(#12246),#2828,
  #12079);
#12246 = PRESENTATION_STYLE_ASSIGNMENT((#12247));
#12247 = SURFACE_STYLE_USAGE(.BOTH.,#12248);
#12248 = SURFACE_SIDE_STYLE('',(#12249));
#12249 = SURFACE_STYLE_FILL_AREA(#12250);
#12250 = FILL_AREA_STYLE('',(#12251));
#12251 = FILL_AREA_STYLE_COLOUR('',#12111);
#12252 = OVER_RIDING_STYLED_ITEM('overriding color',(#12253),#2855,
  #12079);
#12253 = PRESENTATION_STYLE_ASSIGNMENT((#12254));
#12254 = SURFACE_STYLE_USAGE(.BOTH.,#12255);
#12255 = SURFACE_SIDE_STYLE('',(#12256));
#12256 = SURFACE_STYLE_FILL_AREA(#12257);
#12257 = FILL_AREA_STYLE('',(#12258));
#12258 = FILL_AREA_STYLE_COLOUR('',#12111);
#12259 = OVER_RIDING_STYLED_ITEM('overriding color',(#12260),#2883,
  #12079);
#12260 = PRESENTATION_STYLE_ASSIGNMENT((#12261));
#12261 = SURFACE_STYLE_USAGE(.BOTH.,#12262);
#12262 = SURFACE_SIDE_STYLE('',(#12263));
#12263 = SURFACE_STYLE_FILL_AREA(#12264);
#12264 = FILL_AREA_STYLE('',(#12265));
#12265 = FILL_AREA_STYLE_COLOUR('',#12111);
#12266 = OVER_RIDING_STYLED_ITEM('overriding color',(#12267),#2919,
  #12079);
#12267 = PRESENTATION_STYLE_ASSIGNMENT((#12268));
#12268 = SURFACE_STYLE_USAGE(.BOTH.,#12269);
#12269 = SURFACE_SIDE_STYLE('',(#12270));
#12270 = SURFACE_STYLE_FILL_AREA(#12271);
#12271 = FILL_AREA_STYLE('',(#12272));
#12272 = FILL_AREA_STYLE_COLOUR('',#12096);
#12273 = OVER_RIDING_STYLED_ITEM('overriding color',(#12274),#2947,
  #12079);
#12274 = PRESENTATION_STYLE_ASSIGNMENT((#12275));
#12275 = SURFACE_STYLE_USAGE(.BOTH.,#12276);
#12276 = SURFACE_SIDE_STYLE('',(#12277));
#12277 = SURFACE_STYLE_FILL_AREA(#12278);
#12278 = FILL_AREA_STYLE('',(#12279));
#12279 = FILL_AREA_STYLE_COLOUR('',#12111);
#12280 = OVER_RIDING_STYLED_ITEM('overriding color',(#12281),#3025,
  #12079);
#12281 = PRESENTATION_STYLE_ASSIGNMENT((#12282));
#12282 = SURFACE_STYLE_USAGE(.BOTH.,#12283);
#12283 = SURFACE_SIDE_STYLE('',(#12284));
#12284 = SURFACE_STYLE_FILL_AREA(#12285);
#12285 = FILL_AREA_STYLE('',(#12286));
#12286 = FILL_AREA_STYLE_COLOUR('',#12111);
#12287 = OVER_RIDING_STYLED_ITEM('overriding color',(#12288),#3049,
  #12079);
#12288 = PRESENTATION_STYLE_ASSIGNMENT((#12289));
#12289 = SURFACE_STYLE_USAGE(.BOTH.,#12290);
#12290 = SURFACE_SIDE_STYLE('',(#12291));
#12291 = SURFACE_STYLE_FILL_AREA(#12292);
#12292 = FILL_AREA_STYLE('',(#12293));
#12293 = FILL_AREA_STYLE_COLOUR('',#12111);
#12294 = OVER_RIDING_STYLED_ITEM('overriding color',(#12295),#3102,
  #12079);
#12295 = PRESENTATION_STYLE_ASSIGNMENT((#12296));
#12296 = SURFACE_STYLE_USAGE(.BOTH.,#12297);
#12297 = SURFACE_SIDE_STYLE('',(#12298));
#12298 = SURFACE_STYLE_FILL_AREA(#12299);
#12299 = FILL_AREA_STYLE('',(#12300));
#12300 = FILL_AREA_STYLE_COLOUR('',#12111);
#12301 = OVER_RIDING_STYLED_ITEM('overriding color',(#12302),#3123,
  #12079);
#12302 = PRESENTATION_STYLE_ASSIGNMENT((#12303));
#12303 = SURFACE_STYLE_USAGE(.BOTH.,#12304);
#12304 = SURFACE_SIDE_STYLE('',(#12305));
#12305 = SURFACE_STYLE_FILL_AREA(#12306);
#12306 = FILL_AREA_STYLE('',(#12307));
#12307 = FILL_AREA_STYLE_COLOUR('',#12111);
#12308 = OVER_RIDING_STYLED_ITEM('overriding color',(#12309),#3144,
  #12079);
#12309 = PRESENTATION_STYLE_ASSIGNMENT((#12310));
#12310 = SURFACE_STYLE_USAGE(.BOTH.,#12311);
#12311 = SURFACE_SIDE_STYLE('',(#12312));
#12312 = SURFACE_STYLE_FILL_AREA(#12313);
#12313 = FILL_AREA_STYLE('',(#12314));
#12314 = FILL_AREA_STYLE_COLOUR('',#12111);
#12315 = OVER_RIDING_STYLED_ITEM('overriding color',(#12316),#3222,
  #12079);
#12316 = PRESENTATION_STYLE_ASSIGNMENT((#12317));
#12317 = SURFACE_STYLE_USAGE(.BOTH.,#12318);
#12318 = SURFACE_SIDE_STYLE('',(#12319));
#12319 = SURFACE_STYLE_FILL_AREA(#12320);
#12320 = FILL_AREA_STYLE('',(#12321));
#12321 = FILL_AREA_STYLE_COLOUR('',#12111);
#12322 = OVER_RIDING_STYLED_ITEM('overriding color',(#12323),#3241,
  #12079);
#12323 = PRESENTATION_STYLE_ASSIGNMENT((#12324));
#12324 = SURFACE_STYLE_USAGE(.BOTH.,#12325);
#12325 = SURFACE_SIDE_STYLE('',(#12326));
#12326 = SURFACE_STYLE_FILL_AREA(#12327);
#12327 = FILL_AREA_STYLE('',(#12328));
#12328 = FILL_AREA_STYLE_COLOUR('',#12111);
#12329 = OVER_RIDING_STYLED_ITEM('overriding color',(#12330),#3260,
  #12079);
#12330 = PRESENTATION_STYLE_ASSIGNMENT((#12331));
#12331 = SURFACE_STYLE_USAGE(.BOTH.,#12332);
#12332 = SURFACE_SIDE_STYLE('',(#12333));
#12333 = SURFACE_STYLE_FILL_AREA(#12334);
#12334 = FILL_AREA_STYLE('',(#12335));
#12335 = FILL_AREA_STYLE_COLOUR('',#12111);
#12336 = OVER_RIDING_STYLED_ITEM('overriding color',(#12337),#3311,
  #12079);
#12337 = PRESENTATION_STYLE_ASSIGNMENT((#12338));
#12338 = SURFACE_STYLE_USAGE(.BOTH.,#12339);
#12339 = SURFACE_SIDE_STYLE('',(#12340));
#12340 = SURFACE_STYLE_FILL_AREA(#12341);
#12341 = FILL_AREA_STYLE('',(#12342));
#12342 = FILL_AREA_STYLE_COLOUR('',#12111);
#12343 = OVER_RIDING_STYLED_ITEM('overriding color',(#12344),#3332,
  #12079);
#12344 = PRESENTATION_STYLE_ASSIGNMENT((#12345));
#12345 = SURFACE_STYLE_USAGE(.BOTH.,#12346);
#12346 = SURFACE_SIDE_STYLE('',(#12347));
#12347 = SURFACE_STYLE_FILL_AREA(#12348);
#12348 = FILL_AREA_STYLE('',(#12349));
#12349 = FILL_AREA_STYLE_COLOUR('',#12111);
#12350 = OVER_RIDING_STYLED_ITEM('overriding color',(#12351),#3353,
  #12079);
#12351 = PRESENTATION_STYLE_ASSIGNMENT((#12352));
#12352 = SURFACE_STYLE_USAGE(.BOTH.,#12353);
#12353 = SURFACE_SIDE_STYLE('',(#12354));
#12354 = SURFACE_STYLE_FILL_AREA(#12355);
#12355 = FILL_AREA_STYLE('',(#12356));
#12356 = FILL_AREA_STYLE_COLOUR('',#12111);
#12357 = OVER_RIDING_STYLED_ITEM('overriding color',(#12358),#3367,
  #12079);
#12358 = PRESENTATION_STYLE_ASSIGNMENT((#12359));
#12359 = SURFACE_STYLE_USAGE(.BOTH.,#12360);
#12360 = SURFACE_SIDE_STYLE('',(#12361));
#12361 = SURFACE_STYLE_FILL_AREA(#12362);
#12362 = FILL_AREA_STYLE('',(#12363));
#12363 = FILL_AREA_STYLE_COLOUR('',#12111);
#12364 = OVER_RIDING_STYLED_ITEM('overriding color',(#12365),#3386,
  #12079);
#12365 = PRESENTATION_STYLE_ASSIGNMENT((#12366));
#12366 = SURFACE_STYLE_USAGE(.BOTH.,#12367);
#12367 = SURFACE_SIDE_STYLE('',(#12368));
#12368 = SURFACE_STYLE_FILL_AREA(#12369);
#12369 = FILL_AREA_STYLE('',(#12370));
#12370 = FILL_AREA_STYLE_COLOUR('',#12111);
#12371 = OVER_RIDING_STYLED_ITEM('overriding color',(#12372),#3402,
  #12079);
#12372 = PRESENTATION_STYLE_ASSIGNMENT((#12373));
#12373 = SURFACE_STYLE_USAGE(.BOTH.,#12374);
#12374 = SURFACE_SIDE_STYLE('',(#12375));
#12375 = SURFACE_STYLE_FILL_AREA(#12376);
#12376 = FILL_AREA_STYLE('',(#12377));
#12377 = FILL_AREA_STYLE_COLOUR('',#12111);
#12378 = OVER_RIDING_STYLED_ITEM('overriding color',(#12379),#3415,
  #12079);
#12379 = PRESENTATION_STYLE_ASSIGNMENT((#12380));
#12380 = SURFACE_STYLE_USAGE(.BOTH.,#12381);
#12381 = SURFACE_SIDE_STYLE('',(#12382));
#12382 = SURFACE_STYLE_FILL_AREA(#12383);
#12383 = FILL_AREA_STYLE('',(#12384));
#12384 = FILL_AREA_STYLE_COLOUR('',#12111);
#12385 = OVER_RIDING_STYLED_ITEM('overriding color',(#12386),#3431,
  #12079);
#12386 = PRESENTATION_STYLE_ASSIGNMENT((#12387));
#12387 = SURFACE_STYLE_USAGE(.BOTH.,#12388);
#12388 = SURFACE_SIDE_STYLE('',(#12389));
#12389 = SURFACE_STYLE_FILL_AREA(#12390);
#12390 = FILL_AREA_STYLE('',(#12391));
#12391 = FILL_AREA_STYLE_COLOUR('',#12111);
#12392 = OVER_RIDING_STYLED_ITEM('overriding color',(#12393),#3444,
  #12079);
#12393 = PRESENTATION_STYLE_ASSIGNMENT((#12394));
#12394 = SURFACE_STYLE_USAGE(.BOTH.,#12395);
#12395 = SURFACE_SIDE_STYLE('',(#12396));
#12396 = SURFACE_STYLE_FILL_AREA(#12397);
#12397 = FILL_AREA_STYLE('',(#12398));
#12398 = FILL_AREA_STYLE_COLOUR('',#12111);
#12399 = OVER_RIDING_STYLED_ITEM('overriding color',(#12400),#3516,
  #12079);
#12400 = PRESENTATION_STYLE_ASSIGNMENT((#12401));
#12401 = SURFACE_STYLE_USAGE(.BOTH.,#12402);
#12402 = SURFACE_SIDE_STYLE('',(#12403));
#12403 = SURFACE_STYLE_FILL_AREA(#12404);
#12404 = FILL_AREA_STYLE('',(#12405));
#12405 = FILL_AREA_STYLE_COLOUR('',#12111);
#12406 = OVER_RIDING_STYLED_ITEM('overriding color',(#12407),#3564,
  #12079);
#12407 = PRESENTATION_STYLE_ASSIGNMENT((#12408));
#12408 = SURFACE_STYLE_USAGE(.BOTH.,#12409);
#12409 = SURFACE_SIDE_STYLE('',(#12410));
#12410 = SURFACE_STYLE_FILL_AREA(#12411);
#12411 = FILL_AREA_STYLE('',(#12412));
#12412 = FILL_AREA_STYLE_COLOUR('',#12111);
#12413 = OVER_RIDING_STYLED_ITEM('overriding color',(#12414),#3612,
  #12079);
#12414 = PRESENTATION_STYLE_ASSIGNMENT((#12415));
#12415 = SURFACE_STYLE_USAGE(.BOTH.,#12416);
#12416 = SURFACE_SIDE_STYLE('',(#12417));
#12417 = SURFACE_STYLE_FILL_AREA(#12418);
#12418 = FILL_AREA_STYLE('',(#12419));
#12419 = FILL_AREA_STYLE_COLOUR('',#12111);
#12420 = OVER_RIDING_STYLED_ITEM('overriding color',(#12421),#3636,
  #12079);
#12421 = PRESENTATION_STYLE_ASSIGNMENT((#12422));
#12422 = SURFACE_STYLE_USAGE(.BOTH.,#12423);
#12423 = SURFACE_SIDE_STYLE('',(#12424));
#12424 = SURFACE_STYLE_FILL_AREA(#12425);
#12425 = FILL_AREA_STYLE('',(#12426));
#12426 = FILL_AREA_STYLE_COLOUR('',#12111);
#12427 = OVER_RIDING_STYLED_ITEM('overriding color',(#12428),#3647,
  #12079);
#12428 = PRESENTATION_STYLE_ASSIGNMENT((#12429));
#12429 = SURFACE_STYLE_USAGE(.BOTH.,#12430);
#12430 = SURFACE_SIDE_STYLE('',(#12431));
#12431 = SURFACE_STYLE_FILL_AREA(#12432);
#12432 = FILL_AREA_STYLE('',(#12433));
#12433 = FILL_AREA_STYLE_COLOUR('',#12111);
#12434 = OVER_RIDING_STYLED_ITEM('overriding color',(#12435),#3663,
  #12079);
#12435 = PRESENTATION_STYLE_ASSIGNMENT((#12436));
#12436 = SURFACE_STYLE_USAGE(.BOTH.,#12437);
#12437 = SURFACE_SIDE_STYLE('',(#12438));
#12438 = SURFACE_STYLE_FILL_AREA(#12439);
#12439 = FILL_AREA_STYLE('',(#12440));
#12440 = FILL_AREA_STYLE_COLOUR('',#12111);
#12441 = OVER_RIDING_STYLED_ITEM('overriding color',(#12442),#3676,
  #12079);
#12442 = PRESENTATION_STYLE_ASSIGNMENT((#12443));
#12443 = SURFACE_STYLE_USAGE(.BOTH.,#12444);
#12444 = SURFACE_SIDE_STYLE('',(#12445));
#12445 = SURFACE_STYLE_FILL_AREA(#12446);
#12446 = FILL_AREA_STYLE('',(#12447));
#12447 = FILL_AREA_STYLE_COLOUR('',#12111);
#12448 = OVER_RIDING_STYLED_ITEM('overriding color',(#12449),#3700,
  #12079);
#12449 = PRESENTATION_STYLE_ASSIGNMENT((#12450));
#12450 = SURFACE_STYLE_USAGE(.BOTH.,#12451);
#12451 = SURFACE_SIDE_STYLE('',(#12452));
#12452 = SURFACE_STYLE_FILL_AREA(#12453);
#12453 = FILL_AREA_STYLE('',(#12454));
#12454 = FILL_AREA_STYLE_COLOUR('',#12111);
#12455 = OVER_RIDING_STYLED_ITEM('overriding color',(#12456),#3711,
  #12079);
#12456 = PRESENTATION_STYLE_ASSIGNMENT((#12457));
#12457 = SURFACE_STYLE_USAGE(.BOTH.,#12458);
#12458 = SURFACE_SIDE_STYLE('',(#12459));
#12459 = SURFACE_STYLE_FILL_AREA(#12460);
#12460 = FILL_AREA_STYLE('',(#12461));
#12461 = FILL_AREA_STYLE_COLOUR('',#12111);
#12462 = OVER_RIDING_STYLED_ITEM('overriding color',(#12463),#3727,
  #12079);
#12463 = PRESENTATION_STYLE_ASSIGNMENT((#12464));
#12464 = SURFACE_STYLE_USAGE(.BOTH.,#12465);
#12465 = SURFACE_SIDE_STYLE('',(#12466));
#12466 = SURFACE_STYLE_FILL_AREA(#12467);
#12467 = FILL_AREA_STYLE('',(#12468));
#12468 = FILL_AREA_STYLE_COLOUR('',#12111);
#12469 = OVER_RIDING_STYLED_ITEM('overriding color',(#12470),#3740,
  #12079);
#12470 = PRESENTATION_STYLE_ASSIGNMENT((#12471));
#12471 = SURFACE_STYLE_USAGE(.BOTH.,#12472);
#12472 = SURFACE_SIDE_STYLE('',(#12473));
#12473 = SURFACE_STYLE_FILL_AREA(#12474);
#12474 = FILL_AREA_STYLE('',(#12475));
#12475 = FILL_AREA_STYLE_COLOUR('',#12111);
#12476 = OVER_RIDING_STYLED_ITEM('overriding color',(#12477),#3776,
  #12079);
#12477 = PRESENTATION_STYLE_ASSIGNMENT((#12478));
#12478 = SURFACE_STYLE_USAGE(.BOTH.,#12479);
#12479 = SURFACE_SIDE_STYLE('',(#12480));
#12480 = SURFACE_STYLE_FILL_AREA(#12481);
#12481 = FILL_AREA_STYLE('',(#12482));
#12482 = FILL_AREA_STYLE_COLOUR('',#12111);
#12483 = OVER_RIDING_STYLED_ITEM('overriding color',(#12484),#3800,
  #12079);
#12484 = PRESENTATION_STYLE_ASSIGNMENT((#12485));
#12485 = SURFACE_STYLE_USAGE(.BOTH.,#12486);
#12486 = SURFACE_SIDE_STYLE('',(#12487));
#12487 = SURFACE_STYLE_FILL_AREA(#12488);
#12488 = FILL_AREA_STYLE('',(#12489));
#12489 = FILL_AREA_STYLE_COLOUR('',#12111);
#12490 = OVER_RIDING_STYLED_ITEM('overriding color',(#12491),#3827,
  #12079);
#12491 = PRESENTATION_STYLE_ASSIGNMENT((#12492));
#12492 = SURFACE_STYLE_USAGE(.BOTH.,#12493);
#12493 = SURFACE_SIDE_STYLE('',(#12494));
#12494 = SURFACE_STYLE_FILL_AREA(#12495);
#12495 = FILL_AREA_STYLE('',(#12496));
#12496 = FILL_AREA_STYLE_COLOUR('',#12111);
#12497 = OVER_RIDING_STYLED_ITEM('overriding color',(#12498),#3848,
  #12079);
#12498 = PRESENTATION_STYLE_ASSIGNMENT((#12499));
#12499 = SURFACE_STYLE_USAGE(.BOTH.,#12500);
#12500 = SURFACE_SIDE_STYLE('',(#12501));
#12501 = SURFACE_STYLE_FILL_AREA(#12502);
#12502 = FILL_AREA_STYLE('',(#12503));
#12503 = FILL_AREA_STYLE_COLOUR('',#12111);
#12504 = OVER_RIDING_STYLED_ITEM('overriding color',(#12505),#3867,
  #12079);
#12505 = PRESENTATION_STYLE_ASSIGNMENT((#12506));
#12506 = SURFACE_STYLE_USAGE(.BOTH.,#12507);
#12507 = SURFACE_SIDE_STYLE('',(#12508));
#12508 = SURFACE_STYLE_FILL_AREA(#12509);
#12509 = FILL_AREA_STYLE('',(#12510));
#12510 = FILL_AREA_STYLE_COLOUR('',#12111);
#12511 = OVER_RIDING_STYLED_ITEM('overriding color',(#12512),#3886,
  #12079);
#12512 = PRESENTATION_STYLE_ASSIGNMENT((#12513));
#12513 = SURFACE_STYLE_USAGE(.BOTH.,#12514);
#12514 = SURFACE_SIDE_STYLE('',(#12515));
#12515 = SURFACE_STYLE_FILL_AREA(#12516);
#12516 = FILL_AREA_STYLE('',(#12517));
#12517 = FILL_AREA_STYLE_COLOUR('',#12111);
#12518 = OVER_RIDING_STYLED_ITEM('overriding color',(#12519),#3913,
  #12079);
#12519 = PRESENTATION_STYLE_ASSIGNMENT((#12520));
#12520 = SURFACE_STYLE_USAGE(.BOTH.,#12521);
#12521 = SURFACE_SIDE_STYLE('',(#12522));
#12522 = SURFACE_STYLE_FILL_AREA(#12523);
#12523 = FILL_AREA_STYLE('',(#12524));
#12524 = FILL_AREA_STYLE_COLOUR('',#12111);
#12525 = OVER_RIDING_STYLED_ITEM('overriding color',(#12526),#3934,
  #12079);
#12526 = PRESENTATION_STYLE_ASSIGNMENT((#12527));
#12527 = SURFACE_STYLE_USAGE(.BOTH.,#12528);
#12528 = SURFACE_SIDE_STYLE('',(#12529));
#12529 = SURFACE_STYLE_FILL_AREA(#12530);
#12530 = FILL_AREA_STYLE('',(#12531));
#12531 = FILL_AREA_STYLE_COLOUR('',#12111);
#12532 = OVER_RIDING_STYLED_ITEM('overriding color',(#12533),#3948,
  #12079);
#12533 = PRESENTATION_STYLE_ASSIGNMENT((#12534));
#12534 = SURFACE_STYLE_USAGE(.BOTH.,#12535);
#12535 = SURFACE_SIDE_STYLE('',(#12536));
#12536 = SURFACE_STYLE_FILL_AREA(#12537);
#12537 = FILL_AREA_STYLE('',(#12538));
#12538 = FILL_AREA_STYLE_COLOUR('',#12111);
#12539 = OVER_RIDING_STYLED_ITEM('overriding color',(#12540),#3966,
  #12079);
#12540 = PRESENTATION_STYLE_ASSIGNMENT((#12541));
#12541 = SURFACE_STYLE_USAGE(.BOTH.,#12542);
#12542 = SURFACE_SIDE_STYLE('',(#12543));
#12543 = SURFACE_STYLE_FILL_AREA(#12544);
#12544 = FILL_AREA_STYLE('',(#12545));
#12545 = FILL_AREA_STYLE_COLOUR('',#12111);
#12546 = OVER_RIDING_STYLED_ITEM('overriding color',(#12547),#3977,
  #12079);
#12547 = PRESENTATION_STYLE_ASSIGNMENT((#12548));
#12548 = SURFACE_STYLE_USAGE(.BOTH.,#12549);
#12549 = SURFACE_SIDE_STYLE('',(#12550));
#12550 = SURFACE_STYLE_FILL_AREA(#12551);
#12551 = FILL_AREA_STYLE('',(#12552));
#12552 = FILL_AREA_STYLE_COLOUR('',#12111);
#12553 = OVER_RIDING_STYLED_ITEM('overriding color',(#12554),#3995,
  #12079);
#12554 = PRESENTATION_STYLE_ASSIGNMENT((#12555));
#12555 = SURFACE_STYLE_USAGE(.BOTH.,#12556);
#12556 = SURFACE_SIDE_STYLE('',(#12557));
#12557 = SURFACE_STYLE_FILL_AREA(#12558);
#12558 = FILL_AREA_STYLE('',(#12559));
#12559 = FILL_AREA_STYLE_COLOUR('',#12111);
#12560 = OVER_RIDING_STYLED_ITEM('overriding color',(#12561),#4006,
  #12079);
#12561 = PRESENTATION_STYLE_ASSIGNMENT((#12562));
#12562 = SURFACE_STYLE_USAGE(.BOTH.,#12563);
#12563 = SURFACE_SIDE_STYLE('',(#12564));
#12564 = SURFACE_STYLE_FILL_AREA(#12565);
#12565 = FILL_AREA_STYLE('',(#12566));
#12566 = FILL_AREA_STYLE_COLOUR('',#12111);
#12567 = OVER_RIDING_STYLED_ITEM('overriding color',(#12568),#4078,
  #12079);
#12568 = PRESENTATION_STYLE_ASSIGNMENT((#12569));
#12569 = SURFACE_STYLE_USAGE(.BOTH.,#12570);
#12570 = SURFACE_SIDE_STYLE('',(#12571));
#12571 = SURFACE_STYLE_FILL_AREA(#12572);
#12572 = FILL_AREA_STYLE('',(#12573));
#12573 = FILL_AREA_STYLE_COLOUR('',#12111);
#12574 = OVER_RIDING_STYLED_ITEM('overriding color',(#12575),#4126,
  #12079);
#12575 = PRESENTATION_STYLE_ASSIGNMENT((#12576));
#12576 = SURFACE_STYLE_USAGE(.BOTH.,#12577);
#12577 = SURFACE_SIDE_STYLE('',(#12578));
#12578 = SURFACE_STYLE_FILL_AREA(#12579);
#12579 = FILL_AREA_STYLE('',(#12580));
#12580 = FILL_AREA_STYLE_COLOUR('',#12111);
#12581 = OVER_RIDING_STYLED_ITEM('overriding color',(#12582),#4174,
  #12079);
#12582 = PRESENTATION_STYLE_ASSIGNMENT((#12583));
#12583 = SURFACE_STYLE_USAGE(.BOTH.,#12584);
#12584 = SURFACE_SIDE_STYLE('',(#12585));
#12585 = SURFACE_STYLE_FILL_AREA(#12586);
#12586 = FILL_AREA_STYLE('',(#12587));
#12587 = FILL_AREA_STYLE_COLOUR('',#12111);
#12588 = OVER_RIDING_STYLED_ITEM('overriding color',(#12589),#4198,
  #12079);
#12589 = PRESENTATION_STYLE_ASSIGNMENT((#12590));
#12590 = SURFACE_STYLE_USAGE(.BOTH.,#12591);
#12591 = SURFACE_SIDE_STYLE('',(#12592));
#12592 = SURFACE_STYLE_FILL_AREA(#12593);
#12593 = FILL_AREA_STYLE('',(#12594));
#12594 = FILL_AREA_STYLE_COLOUR('',#12111);
#12595 = OVER_RIDING_STYLED_ITEM('overriding color',(#12596),#4209,
  #12079);
#12596 = PRESENTATION_STYLE_ASSIGNMENT((#12597));
#12597 = SURFACE_STYLE_USAGE(.BOTH.,#12598);
#12598 = SURFACE_SIDE_STYLE('',(#12599));
#12599 = SURFACE_STYLE_FILL_AREA(#12600);
#12600 = FILL_AREA_STYLE('',(#12601));
#12601 = FILL_AREA_STYLE_COLOUR('',#12111);
#12602 = OVER_RIDING_STYLED_ITEM('overriding color',(#12603),#4233,
  #12079);
#12603 = PRESENTATION_STYLE_ASSIGNMENT((#12604));
#12604 = SURFACE_STYLE_USAGE(.BOTH.,#12605);
#12605 = SURFACE_SIDE_STYLE('',(#12606));
#12606 = SURFACE_STYLE_FILL_AREA(#12607);
#12607 = FILL_AREA_STYLE('',(#12608));
#12608 = FILL_AREA_STYLE_COLOUR('',#12111);
#12609 = OVER_RIDING_STYLED_ITEM('overriding color',(#12610),#4244,
  #12079);
#12610 = PRESENTATION_STYLE_ASSIGNMENT((#12611));
#12611 = SURFACE_STYLE_USAGE(.BOTH.,#12612);
#12612 = SURFACE_SIDE_STYLE('',(#12613));
#12613 = SURFACE_STYLE_FILL_AREA(#12614);
#12614 = FILL_AREA_STYLE('',(#12615));
#12615 = FILL_AREA_STYLE_COLOUR('',#12111);
#12616 = OVER_RIDING_STYLED_ITEM('overriding color',(#12617),#4260,
  #12079);
#12617 = PRESENTATION_STYLE_ASSIGNMENT((#12618));
#12618 = SURFACE_STYLE_USAGE(.BOTH.,#12619);
#12619 = SURFACE_SIDE_STYLE('',(#12620));
#12620 = SURFACE_STYLE_FILL_AREA(#12621);
#12621 = FILL_AREA_STYLE('',(#12622));
#12622 = FILL_AREA_STYLE_COLOUR('',#12111);
#12623 = OVER_RIDING_STYLED_ITEM('overriding color',(#12624),#4273,
  #12079);
#12624 = PRESENTATION_STYLE_ASSIGNMENT((#12625));
#12625 = SURFACE_STYLE_USAGE(.BOTH.,#12626);
#12626 = SURFACE_SIDE_STYLE('',(#12627));
#12627 = SURFACE_STYLE_FILL_AREA(#12628);
#12628 = FILL_AREA_STYLE('',(#12629));
#12629 = FILL_AREA_STYLE_COLOUR('',#12111);
#12630 = OVER_RIDING_STYLED_ITEM('overriding color',(#12631),#4289,
  #12079);
#12631 = PRESENTATION_STYLE_ASSIGNMENT((#12632));
#12632 = SURFACE_STYLE_USAGE(.BOTH.,#12633);
#12633 = SURFACE_SIDE_STYLE('',(#12634));
#12634 = SURFACE_STYLE_FILL_AREA(#12635);
#12635 = FILL_AREA_STYLE('',(#12636));
#12636 = FILL_AREA_STYLE_COLOUR('',#12111);
#12637 = OVER_RIDING_STYLED_ITEM('overriding color',(#12638),#4302,
  #12079);
#12638 = PRESENTATION_STYLE_ASSIGNMENT((#12639));
#12639 = SURFACE_STYLE_USAGE(.BOTH.,#12640);
#12640 = SURFACE_SIDE_STYLE('',(#12641));
#12641 = SURFACE_STYLE_FILL_AREA(#12642);
#12642 = FILL_AREA_STYLE('',(#12643));
#12643 = FILL_AREA_STYLE_COLOUR('',#12096);
#12644 = OVER_RIDING_STYLED_ITEM('overriding color',(#12645),#4318,
  #12079);
#12645 = PRESENTATION_STYLE_ASSIGNMENT((#12646));
#12646 = SURFACE_STYLE_USAGE(.BOTH.,#12647);
#12647 = SURFACE_SIDE_STYLE('',(#12648));
#12648 = SURFACE_STYLE_FILL_AREA(#12649);
#12649 = FILL_AREA_STYLE('',(#12650));
#12650 = FILL_AREA_STYLE_COLOUR('',#12096);
#12651 = OVER_RIDING_STYLED_ITEM('overriding color',(#12652),#4334,
  #12079);
#12652 = PRESENTATION_STYLE_ASSIGNMENT((#12653));
#12653 = SURFACE_STYLE_USAGE(.BOTH.,#12654);
#12654 = SURFACE_SIDE_STYLE('',(#12655));
#12655 = SURFACE_STYLE_FILL_AREA(#12656);
#12656 = FILL_AREA_STYLE('',(#12657));
#12657 = FILL_AREA_STYLE_COLOUR('',#12096);
#12658 = OVER_RIDING_STYLED_ITEM('overriding color',(#12659),#4350,
  #12079);
#12659 = PRESENTATION_STYLE_ASSIGNMENT((#12660));
#12660 = SURFACE_STYLE_USAGE(.BOTH.,#12661);
#12661 = SURFACE_SIDE_STYLE('',(#12662));
#12662 = SURFACE_STYLE_FILL_AREA(#12663);
#12663 = FILL_AREA_STYLE('',(#12664));
#12664 = FILL_AREA_STYLE_COLOUR('',#12096);
#12665 = OVER_RIDING_STYLED_ITEM('overriding color',(#12666),#6262,
  #12079);
#12666 = PRESENTATION_STYLE_ASSIGNMENT((#12667));
#12667 = SURFACE_STYLE_USAGE(.BOTH.,#12668);
#12668 = SURFACE_SIDE_STYLE('',(#12669));
#12669 = SURFACE_STYLE_FILL_AREA(#12670);
#12670 = FILL_AREA_STYLE('',(#12671));
#12671 = FILL_AREA_STYLE_COLOUR('',#12096);
#12672 = OVER_RIDING_STYLED_ITEM('overriding color',(#12673),#6276,
  #12079);
#12673 = PRESENTATION_STYLE_ASSIGNMENT((#12674));
#12674 = SURFACE_STYLE_USAGE(.BOTH.,#12675);
#12675 = SURFACE_SIDE_STYLE('',(#12676));
#12676 = SURFACE_STYLE_FILL_AREA(#12677);
#12677 = FILL_AREA_STYLE('',(#12678));
#12678 = FILL_AREA_STYLE_COLOUR('',#12096);
#12679 = OVER_RIDING_STYLED_ITEM('overriding color',(#12680),#6289,
  #12079);
#12680 = PRESENTATION_STYLE_ASSIGNMENT((#12681));
#12681 = SURFACE_STYLE_USAGE(.BOTH.,#12682);
#12682 = SURFACE_SIDE_STYLE('',(#12683));
#12683 = SURFACE_STYLE_FILL_AREA(#12684);
#12684 = FILL_AREA_STYLE('',(#12685));
#12685 = FILL_AREA_STYLE_COLOUR('',#12086);
#12686 = OVER_RIDING_STYLED_ITEM('overriding color',(#12687),#6317,
  #12079);
#12687 = PRESENTATION_STYLE_ASSIGNMENT((#12688));
#12688 = SURFACE_STYLE_USAGE(.BOTH.,#12689);
#12689 = SURFACE_SIDE_STYLE('',(#12690));
#12690 = SURFACE_STYLE_FILL_AREA(#12691);
#12691 = FILL_AREA_STYLE('',(#12692));
#12692 = FILL_AREA_STYLE_COLOUR('',#12086);
#12693 = OVER_RIDING_STYLED_ITEM('overriding color',(#12694),#6339,
  #12079);
#12694 = PRESENTATION_STYLE_ASSIGNMENT((#12695));
#12695 = SURFACE_STYLE_USAGE(.BOTH.,#12696);
#12696 = SURFACE_SIDE_STYLE('',(#12697));
#12697 = SURFACE_STYLE_FILL_AREA(#12698);
#12698 = FILL_AREA_STYLE('',(#12699));
#12699 = FILL_AREA_STYLE_COLOUR('',#12086);
#12700 = OVER_RIDING_STYLED_ITEM('overriding color',(#12701),#6361,
  #12079);
#12701 = PRESENTATION_STYLE_ASSIGNMENT((#12702));
#12702 = SURFACE_STYLE_USAGE(.BOTH.,#12703);
#12703 = SURFACE_SIDE_STYLE('',(#12704));
#12704 = SURFACE_STYLE_FILL_AREA(#12705);
#12705 = FILL_AREA_STYLE('',(#12706));
#12706 = FILL_AREA_STYLE_COLOUR('',#12086);
#12707 = OVER_RIDING_STYLED_ITEM('overriding color',(#12708),#6383,
  #12079);
#12708 = PRESENTATION_STYLE_ASSIGNMENT((#12709));
#12709 = SURFACE_STYLE_USAGE(.BOTH.,#12710);
#12710 = SURFACE_SIDE_STYLE('',(#12711));
#12711 = SURFACE_STYLE_FILL_AREA(#12712);
#12712 = FILL_AREA_STYLE('',(#12713));
#12713 = FILL_AREA_STYLE_COLOUR('',#12086);
#12714 = OVER_RIDING_STYLED_ITEM('overriding color',(#12715),#6405,
  #12079);
#12715 = PRESENTATION_STYLE_ASSIGNMENT((#12716));
#12716 = SURFACE_STYLE_USAGE(.BOTH.,#12717);
#12717 = SURFACE_SIDE_STYLE('',(#12718));
#12718 = SURFACE_STYLE_FILL_AREA(#12719);
#12719 = FILL_AREA_STYLE('',(#12720));
#12720 = FILL_AREA_STYLE_COLOUR('',#12086);
#12721 = OVER_RIDING_STYLED_ITEM('overriding color',(#12722),#6421,
  #12079);
#12722 = PRESENTATION_STYLE_ASSIGNMENT((#12723));
#12723 = SURFACE_STYLE_USAGE(.BOTH.,#12724);
#12724 = SURFACE_SIDE_STYLE('',(#12725));
#12725 = SURFACE_STYLE_FILL_AREA(#12726);
#12726 = FILL_AREA_STYLE('',(#12727));
#12727 = FILL_AREA_STYLE_COLOUR('',#12086);
#12728 = OVER_RIDING_STYLED_ITEM('overriding color',(#12729),#6435,
  #12079);
#12729 = PRESENTATION_STYLE_ASSIGNMENT((#12730));
#12730 = SURFACE_STYLE_USAGE(.BOTH.,#12731);
#12731 = SURFACE_SIDE_STYLE('',(#12732));
#12732 = SURFACE_STYLE_FILL_AREA(#12733);
#12733 = FILL_AREA_STYLE('',(#12734));
#12734 = FILL_AREA_STYLE_COLOUR('',#12086);
#12735 = OVER_RIDING_STYLED_ITEM('overriding color',(#12736),#6469,
  #12079);
#12736 = PRESENTATION_STYLE_ASSIGNMENT((#12737));
#12737 = SURFACE_STYLE_USAGE(.BOTH.,#12738);
#12738 = SURFACE_SIDE_STYLE('',(#12739));
#12739 = SURFACE_STYLE_FILL_AREA(#12740);
#12740 = FILL_AREA_STYLE('',(#12741));
#12741 = FILL_AREA_STYLE_COLOUR('',#12086);
#12742 = OVER_RIDING_STYLED_ITEM('overriding color',(#12743),#6491,
  #12079);
#12743 = PRESENTATION_STYLE_ASSIGNMENT((#12744));
#12744 = SURFACE_STYLE_USAGE(.BOTH.,#12745);
#12745 = SURFACE_SIDE_STYLE('',(#12746));
#12746 = SURFACE_STYLE_FILL_AREA(#12747);
#12747 = FILL_AREA_STYLE('',(#12748));
#12748 = FILL_AREA_STYLE_COLOUR('',#12086);
#12749 = OVER_RIDING_STYLED_ITEM('overriding color',(#12750),#6519,
  #12079);
#12750 = PRESENTATION_STYLE_ASSIGNMENT((#12751));
#12751 = SURFACE_STYLE_USAGE(.BOTH.,#12752);
#12752 = SURFACE_SIDE_STYLE('',(#12753));
#12753 = SURFACE_STYLE_FILL_AREA(#12754);
#12754 = FILL_AREA_STYLE('',(#12755));
#12755 = FILL_AREA_STYLE_COLOUR('',#12086);
#12756 = OVER_RIDING_STYLED_ITEM('overriding color',(#12757),#6547,
  #12079);
#12757 = PRESENTATION_STYLE_ASSIGNMENT((#12758));
#12758 = SURFACE_STYLE_USAGE(.BOTH.,#12759);
#12759 = SURFACE_SIDE_STYLE('',(#12760));
#12760 = SURFACE_STYLE_FILL_AREA(#12761);
#12761 = FILL_AREA_STYLE('',(#12762));
#12762 = FILL_AREA_STYLE_COLOUR('',#12086);
#12763 = OVER_RIDING_STYLED_ITEM('overriding color',(#12764),#6575,
  #12079);
#12764 = PRESENTATION_STYLE_ASSIGNMENT((#12765));
#12765 = SURFACE_STYLE_USAGE(.BOTH.,#12766);
#12766 = SURFACE_SIDE_STYLE('',(#12767));
#12767 = SURFACE_STYLE_FILL_AREA(#12768);
#12768 = FILL_AREA_STYLE('',(#12769));
#12769 = FILL_AREA_STYLE_COLOUR('',#12086);
#12770 = OVER_RIDING_STYLED_ITEM('overriding color',(#12771),#6603,
  #12079);
#12771 = PRESENTATION_STYLE_ASSIGNMENT((#12772));
#12772 = SURFACE_STYLE_USAGE(.BOTH.,#12773);
#12773 = SURFACE_SIDE_STYLE('',(#12774));
#12774 = SURFACE_STYLE_FILL_AREA(#12775);
#12775 = FILL_AREA_STYLE('',(#12776));
#12776 = FILL_AREA_STYLE_COLOUR('',#12086);
#12777 = OVER_RIDING_STYLED_ITEM('overriding color',(#12778),#6631,
  #12079);
#12778 = PRESENTATION_STYLE_ASSIGNMENT((#12779));
#12779 = SURFACE_STYLE_USAGE(.BOTH.,#12780);
#12780 = SURFACE_SIDE_STYLE('',(#12781));
#12781 = SURFACE_STYLE_FILL_AREA(#12782);
#12782 = FILL_AREA_STYLE('',(#12783));
#12783 = FILL_AREA_STYLE_COLOUR('',#12086);
#12784 = OVER_RIDING_STYLED_ITEM('overriding color',(#12785),#6659,
  #12079);
#12785 = PRESENTATION_STYLE_ASSIGNMENT((#12786));
#12786 = SURFACE_STYLE_USAGE(.BOTH.,#12787);
#12787 = SURFACE_SIDE_STYLE('',(#12788));
#12788 = SURFACE_STYLE_FILL_AREA(#12789);
#12789 = FILL_AREA_STYLE('',(#12790));
#12790 = FILL_AREA_STYLE_COLOUR('',#12086);
#12791 = OVER_RIDING_STYLED_ITEM('overriding color',(#12792),#6681,
  #12079);
#12792 = PRESENTATION_STYLE_ASSIGNMENT((#12793));
#12793 = SURFACE_STYLE_USAGE(.BOTH.,#12794);
#12794 = SURFACE_SIDE_STYLE('',(#12795));
#12795 = SURFACE_STYLE_FILL_AREA(#12796);
#12796 = FILL_AREA_STYLE('',(#12797));
#12797 = FILL_AREA_STYLE_COLOUR('',#12086);
#12798 = OVER_RIDING_STYLED_ITEM('overriding color',(#12799),#6709,
  #12079);
#12799 = PRESENTATION_STYLE_ASSIGNMENT((#12800));
#12800 = SURFACE_STYLE_USAGE(.BOTH.,#12801);
#12801 = SURFACE_SIDE_STYLE('',(#12802));
#12802 = SURFACE_STYLE_FILL_AREA(#12803);
#12803 = FILL_AREA_STYLE('',(#12804));
#12804 = FILL_AREA_STYLE_COLOUR('',#12086);
#12805 = OVER_RIDING_STYLED_ITEM('overriding color',(#12806),#6737,
  #12079);
#12806 = PRESENTATION_STYLE_ASSIGNMENT((#12807));
#12807 = SURFACE_STYLE_USAGE(.BOTH.,#12808);
#12808 = SURFACE_SIDE_STYLE('',(#12809));
#12809 = SURFACE_STYLE_FILL_AREA(#12810);
#12810 = FILL_AREA_STYLE('',(#12811));
#12811 = FILL_AREA_STYLE_COLOUR('',#12086);
#12812 = OVER_RIDING_STYLED_ITEM('overriding color',(#12813),#6765,
  #12079);
#12813 = PRESENTATION_STYLE_ASSIGNMENT((#12814));
#12814 = SURFACE_STYLE_USAGE(.BOTH.,#12815);
#12815 = SURFACE_SIDE_STYLE('',(#12816));
#12816 = SURFACE_STYLE_FILL_AREA(#12817);
#12817 = FILL_AREA_STYLE('',(#12818));
#12818 = FILL_AREA_STYLE_COLOUR('',#12086);
#12819 = OVER_RIDING_STYLED_ITEM('overriding color',(#12820),#6793,
  #12079);
#12820 = PRESENTATION_STYLE_ASSIGNMENT((#12821));
#12821 = SURFACE_STYLE_USAGE(.BOTH.,#12822);
#12822 = SURFACE_SIDE_STYLE('',(#12823));
#12823 = SURFACE_STYLE_FILL_AREA(#12824);
#12824 = FILL_AREA_STYLE('',(#12825));
#12825 = FILL_AREA_STYLE_COLOUR('',#12086);
#12826 = OVER_RIDING_STYLED_ITEM('overriding color',(#12827),#6815,
  #12079);
#12827 = PRESENTATION_STYLE_ASSIGNMENT((#12828));
#12828 = SURFACE_STYLE_USAGE(.BOTH.,#12829);
#12829 = SURFACE_SIDE_STYLE('',(#12830));
#12830 = SURFACE_STYLE_FILL_AREA(#12831);
#12831 = FILL_AREA_STYLE('',(#12832));
#12832 = FILL_AREA_STYLE_COLOUR('',#12086);
#12833 = OVER_RIDING_STYLED_ITEM('overriding color',(#12834),#6837,
  #12079);
#12834 = PRESENTATION_STYLE_ASSIGNMENT((#12835));
#12835 = SURFACE_STYLE_USAGE(.BOTH.,#12836);
#12836 = SURFACE_SIDE_STYLE('',(#12837));
#12837 = SURFACE_STYLE_FILL_AREA(#12838);
#12838 = FILL_AREA_STYLE('',(#12839));
#12839 = FILL_AREA_STYLE_COLOUR('',#12086);
#12840 = OVER_RIDING_STYLED_ITEM('overriding color',(#12841),#6865,
  #12079);
#12841 = PRESENTATION_STYLE_ASSIGNMENT((#12842));
#12842 = SURFACE_STYLE_USAGE(.BOTH.,#12843);
#12843 = SURFACE_SIDE_STYLE('',(#12844));
#12844 = SURFACE_STYLE_FILL_AREA(#12845);
#12845 = FILL_AREA_STYLE('',(#12846));
#12846 = FILL_AREA_STYLE_COLOUR('',#12086);
#12847 = OVER_RIDING_STYLED_ITEM('overriding color',(#12848),#6887,
  #12079);
#12848 = PRESENTATION_STYLE_ASSIGNMENT((#12849));
#12849 = SURFACE_STYLE_USAGE(.BOTH.,#12850);
#12850 = SURFACE_SIDE_STYLE('',(#12851));
#12851 = SURFACE_STYLE_FILL_AREA(#12852);
#12852 = FILL_AREA_STYLE('',(#12853));
#12853 = FILL_AREA_STYLE_COLOUR('',#12086);
#12854 = OVER_RIDING_STYLED_ITEM('overriding color',(#12855),#6909,
  #12079);
#12855 = PRESENTATION_STYLE_ASSIGNMENT((#12856));
#12856 = SURFACE_STYLE_USAGE(.BOTH.,#12857);
#12857 = SURFACE_SIDE_STYLE('',(#12858));
#12858 = SURFACE_STYLE_FILL_AREA(#12859);
#12859 = FILL_AREA_STYLE('',(#12860));
#12860 = FILL_AREA_STYLE_COLOUR('',#12086);
#12861 = OVER_RIDING_STYLED_ITEM('overriding color',(#12862),#6931,
  #12079);
#12862 = PRESENTATION_STYLE_ASSIGNMENT((#12863));
#12863 = SURFACE_STYLE_USAGE(.BOTH.,#12864);
#12864 = SURFACE_SIDE_STYLE('',(#12865));
#12865 = SURFACE_STYLE_FILL_AREA(#12866);
#12866 = FILL_AREA_STYLE('',(#12867));
#12867 = FILL_AREA_STYLE_COLOUR('',#12086);
#12868 = OVER_RIDING_STYLED_ITEM('overriding color',(#12869),#6953,
  #12079);
#12869 = PRESENTATION_STYLE_ASSIGNMENT((#12870));
#12870 = SURFACE_STYLE_USAGE(.BOTH.,#12871);
#12871 = SURFACE_SIDE_STYLE('',(#12872));
#12872 = SURFACE_STYLE_FILL_AREA(#12873);
#12873 = FILL_AREA_STYLE('',(#12874));
#12874 = FILL_AREA_STYLE_COLOUR('',#12086);
#12875 = OVER_RIDING_STYLED_ITEM('overriding color',(#12876),#6975,
  #12079);
#12876 = PRESENTATION_STYLE_ASSIGNMENT((#12877));
#12877 = SURFACE_STYLE_USAGE(.BOTH.,#12878);
#12878 = SURFACE_SIDE_STYLE('',(#12879));
#12879 = SURFACE_STYLE_FILL_AREA(#12880);
#12880 = FILL_AREA_STYLE('',(#12881));
#12881 = FILL_AREA_STYLE_COLOUR('',#12086);
#12882 = OVER_RIDING_STYLED_ITEM('overriding color',(#12883),#6997,
  #12079);
#12883 = PRESENTATION_STYLE_ASSIGNMENT((#12884));
#12884 = SURFACE_STYLE_USAGE(.BOTH.,#12885);
#12885 = SURFACE_SIDE_STYLE('',(#12886));
#12886 = SURFACE_STYLE_FILL_AREA(#12887);
#12887 = FILL_AREA_STYLE('',(#12888));
#12888 = FILL_AREA_STYLE_COLOUR('',#12086);
#12889 = OVER_RIDING_STYLED_ITEM('overriding color',(#12890),#7019,
  #12079);
#12890 = PRESENTATION_STYLE_ASSIGNMENT((#12891));
#12891 = SURFACE_STYLE_USAGE(.BOTH.,#12892);
#12892 = SURFACE_SIDE_STYLE('',(#12893));
#12893 = SURFACE_STYLE_FILL_AREA(#12894);
#12894 = FILL_AREA_STYLE('',(#12895));
#12895 = FILL_AREA_STYLE_COLOUR('',#12086);
#12896 = OVER_RIDING_STYLED_ITEM('overriding color',(#12897),#7041,
  #12079);
#12897 = PRESENTATION_STYLE_ASSIGNMENT((#12898));
#12898 = SURFACE_STYLE_USAGE(.BOTH.,#12899);
#12899 = SURFACE_SIDE_STYLE('',(#12900));
#12900 = SURFACE_STYLE_FILL_AREA(#12901);
#12901 = FILL_AREA_STYLE('',(#12902));
#12902 = FILL_AREA_STYLE_COLOUR('',#12086);
#12903 = OVER_RIDING_STYLED_ITEM('overriding color',(#12904),#7063,
  #12079);
#12904 = PRESENTATION_STYLE_ASSIGNMENT((#12905));
#12905 = SURFACE_STYLE_USAGE(.BOTH.,#12906);
#12906 = SURFACE_SIDE_STYLE('',(#12907));
#12907 = SURFACE_STYLE_FILL_AREA(#12908);
#12908 = FILL_AREA_STYLE('',(#12909));
#12909 = FILL_AREA_STYLE_COLOUR('',#12086);
#12910 = OVER_RIDING_STYLED_ITEM('overriding color',(#12911),#7085,
  #12079);
#12911 = PRESENTATION_STYLE_ASSIGNMENT((#12912));
#12912 = SURFACE_STYLE_USAGE(.BOTH.,#12913);
#12913 = SURFACE_SIDE_STYLE('',(#12914));
#12914 = SURFACE_STYLE_FILL_AREA(#12915);
#12915 = FILL_AREA_STYLE('',(#12916));
#12916 = FILL_AREA_STYLE_COLOUR('',#12086);
#12917 = OVER_RIDING_STYLED_ITEM('overriding color',(#12918),#7101,
  #12079);
#12918 = PRESENTATION_STYLE_ASSIGNMENT((#12919));
#12919 = SURFACE_STYLE_USAGE(.BOTH.,#12920);
#12920 = SURFACE_SIDE_STYLE('',(#12921));
#12921 = SURFACE_STYLE_FILL_AREA(#12922);
#12922 = FILL_AREA_STYLE('',(#12923));
#12923 = FILL_AREA_STYLE_COLOUR('',#12086);
#12924 = OVER_RIDING_STYLED_ITEM('overriding color',(#12925),#7121,
  #12079);
#12925 = PRESENTATION_STYLE_ASSIGNMENT((#12926));
#12926 = SURFACE_STYLE_USAGE(.BOTH.,#12927);
#12927 = SURFACE_SIDE_STYLE('',(#12928));
#12928 = SURFACE_STYLE_FILL_AREA(#12929);
#12929 = FILL_AREA_STYLE('',(#12930));
#12930 = FILL_AREA_STYLE_COLOUR('',#12086);
#12931 = OVER_RIDING_STYLED_ITEM('overriding color',(#12932),#7245,
  #12079);
#12932 = PRESENTATION_STYLE_ASSIGNMENT((#12933));
#12933 = SURFACE_STYLE_USAGE(.BOTH.,#12934);
#12934 = SURFACE_SIDE_STYLE('',(#12935));
#12935 = SURFACE_STYLE_FILL_AREA(#12936);
#12936 = FILL_AREA_STYLE('',(#12937));
#12937 = FILL_AREA_STYLE_COLOUR('',#12086);
#12938 = OVER_RIDING_STYLED_ITEM('overriding color',(#12939),#7265,
  #12079);
#12939 = PRESENTATION_STYLE_ASSIGNMENT((#12940));
#12940 = SURFACE_STYLE_USAGE(.BOTH.,#12941);
#12941 = SURFACE_SIDE_STYLE('',(#12942));
#12942 = SURFACE_STYLE_FILL_AREA(#12943);
#12943 = FILL_AREA_STYLE('',(#12944));
#12944 = FILL_AREA_STYLE_COLOUR('',#12086);
#12945 = OVER_RIDING_STYLED_ITEM('overriding color',(#12946),#7285,
  #12079);
#12946 = PRESENTATION_STYLE_ASSIGNMENT((#12947));
#12947 = SURFACE_STYLE_USAGE(.BOTH.,#12948);
#12948 = SURFACE_SIDE_STYLE('',(#12949));
#12949 = SURFACE_STYLE_FILL_AREA(#12950);
#12950 = FILL_AREA_STYLE('',(#12951));
#12951 = FILL_AREA_STYLE_COLOUR('',#12086);
#12952 = OVER_RIDING_STYLED_ITEM('overriding color',(#12953),#7305,
  #12079);
#12953 = PRESENTATION_STYLE_ASSIGNMENT((#12954));
#12954 = SURFACE_STYLE_USAGE(.BOTH.,#12955);
#12955 = SURFACE_SIDE_STYLE('',(#12956));
#12956 = SURFACE_STYLE_FILL_AREA(#12957);
#12957 = FILL_AREA_STYLE('',(#12958));
#12958 = FILL_AREA_STYLE_COLOUR('',#12086);
#12959 = OVER_RIDING_STYLED_ITEM('overriding color',(#12960),#7325,
  #12079);
#12960 = PRESENTATION_STYLE_ASSIGNMENT((#12961));
#12961 = SURFACE_STYLE_USAGE(.BOTH.,#12962);
#12962 = SURFACE_SIDE_STYLE('',(#12963));
#12963 = SURFACE_STYLE_FILL_AREA(#12964);
#12964 = FILL_AREA_STYLE('',(#12965));
#12965 = FILL_AREA_STYLE_COLOUR('',#12086);
#12966 = OVER_RIDING_STYLED_ITEM('overriding color',(#12967),#7345,
  #12079);
#12967 = PRESENTATION_STYLE_ASSIGNMENT((#12968));
#12968 = SURFACE_STYLE_USAGE(.BOTH.,#12969);
#12969 = SURFACE_SIDE_STYLE('',(#12970));
#12970 = SURFACE_STYLE_FILL_AREA(#12971);
#12971 = FILL_AREA_STYLE('',(#12972));
#12972 = FILL_AREA_STYLE_COLOUR('',#12086);
#12973 = OVER_RIDING_STYLED_ITEM('overriding color',(#12974),#7361,
  #12079);
#12974 = PRESENTATION_STYLE_ASSIGNMENT((#12975));
#12975 = SURFACE_STYLE_USAGE(.BOTH.,#12976);
#12976 = SURFACE_SIDE_STYLE('',(#12977));
#12977 = SURFACE_STYLE_FILL_AREA(#12978);
#12978 = FILL_AREA_STYLE('',(#12979));
#12979 = FILL_AREA_STYLE_COLOUR('',#12086);
#12980 = OVER_RIDING_STYLED_ITEM('overriding color',(#12981),#7373,
  #12079);
#12981 = PRESENTATION_STYLE_ASSIGNMENT((#12982));
#12982 = SURFACE_STYLE_USAGE(.BOTH.,#12983);
#12983 = SURFACE_SIDE_STYLE('',(#12984));
#12984 = SURFACE_STYLE_FILL_AREA(#12985);
#12985 = FILL_AREA_STYLE('',(#12986));
#12986 = FILL_AREA_STYLE_COLOUR('',#12086);
#12987 = OVER_RIDING_STYLED_ITEM('overriding color',(#12988),#7401,
  #12079);
#12988 = PRESENTATION_STYLE_ASSIGNMENT((#12989));
#12989 = SURFACE_STYLE_USAGE(.BOTH.,#12990);
#12990 = SURFACE_SIDE_STYLE('',(#12991));
#12991 = SURFACE_STYLE_FILL_AREA(#12992);
#12992 = FILL_AREA_STYLE('',(#12993));
#12993 = FILL_AREA_STYLE_COLOUR('',#12086);
#12994 = OVER_RIDING_STYLED_ITEM('overriding color',(#12995),#7423,
  #12079);
#12995 = PRESENTATION_STYLE_ASSIGNMENT((#12996));
#12996 = SURFACE_STYLE_USAGE(.BOTH.,#12997);
#12997 = SURFACE_SIDE_STYLE('',(#12998));
#12998 = SURFACE_STYLE_FILL_AREA(#12999);
#12999 = FILL_AREA_STYLE('',(#13000));
#13000 = FILL_AREA_STYLE_COLOUR('',#12086);
#13001 = OVER_RIDING_STYLED_ITEM('overriding color',(#13002),#7445,
  #12079);
#13002 = PRESENTATION_STYLE_ASSIGNMENT((#13003));
#13003 = SURFACE_STYLE_USAGE(.BOTH.,#13004);
#13004 = SURFACE_SIDE_STYLE('',(#13005));
#13005 = SURFACE_STYLE_FILL_AREA(#13006);
#13006 = FILL_AREA_STYLE('',(#13007));
#13007 = FILL_AREA_STYLE_COLOUR('',#12086);
#13008 = OVER_RIDING_STYLED_ITEM('overriding color',(#13009),#7473,
  #12079);
#13009 = PRESENTATION_STYLE_ASSIGNMENT((#13010));
#13010 = SURFACE_STYLE_USAGE(.BOTH.,#13011);
#13011 = SURFACE_SIDE_STYLE('',(#13012));
#13012 = SURFACE_STYLE_FILL_AREA(#13013);
#13013 = FILL_AREA_STYLE('',(#13014));
#13014 = FILL_AREA_STYLE_COLOUR('',#12086);
#13015 = OVER_RIDING_STYLED_ITEM('overriding color',(#13016),#7501,
  #12079);
#13016 = PRESENTATION_STYLE_ASSIGNMENT((#13017));
#13017 = SURFACE_STYLE_USAGE(.BOTH.,#13018);
#13018 = SURFACE_SIDE_STYLE('',(#13019));
#13019 = SURFACE_STYLE_FILL_AREA(#13020);
#13020 = FILL_AREA_STYLE('',(#13021));
#13021 = FILL_AREA_STYLE_COLOUR('',#12086);
#13022 = OVER_RIDING_STYLED_ITEM('overriding color',(#13023),#7529,
  #12079);
#13023 = PRESENTATION_STYLE_ASSIGNMENT((#13024));
#13024 = SURFACE_STYLE_USAGE(.BOTH.,#13025);
#13025 = SURFACE_SIDE_STYLE('',(#13026));
#13026 = SURFACE_STYLE_FILL_AREA(#13027);
#13027 = FILL_AREA_STYLE('',(#13028));
#13028 = FILL_AREA_STYLE_COLOUR('',#12086);
#13029 = OVER_RIDING_STYLED_ITEM('overriding color',(#13030),#7551,
  #12079);
#13030 = PRESENTATION_STYLE_ASSIGNMENT((#13031));
#13031 = SURFACE_STYLE_USAGE(.BOTH.,#13032);
#13032 = SURFACE_SIDE_STYLE('',(#13033));
#13033 = SURFACE_STYLE_FILL_AREA(#13034);
#13034 = FILL_AREA_STYLE('',(#13035));
#13035 = FILL_AREA_STYLE_COLOUR('',#12096);
#13036 = OVER_RIDING_STYLED_ITEM('overriding color',(#13037),#7566,
  #12079);
#13037 = PRESENTATION_STYLE_ASSIGNMENT((#13038));
#13038 = SURFACE_STYLE_USAGE(.BOTH.,#13039);
#13039 = SURFACE_SIDE_STYLE('',(#13040));
#13040 = SURFACE_STYLE_FILL_AREA(#13041);
#13041 = FILL_AREA_STYLE('',(#13042));
#13042 = FILL_AREA_STYLE_COLOUR('',#12086);
#13043 = OVER_RIDING_STYLED_ITEM('overriding color',(#13044),#7678,
  #12079);
#13044 = PRESENTATION_STYLE_ASSIGNMENT((#13045));
#13045 = SURFACE_STYLE_USAGE(.BOTH.,#13046);
#13046 = SURFACE_SIDE_STYLE('',(#13047));
#13047 = SURFACE_STYLE_FILL_AREA(#13048);
#13048 = FILL_AREA_STYLE('',(#13049));
#13049 = FILL_AREA_STYLE_COLOUR('',#12086);
#13050 = OVER_RIDING_STYLED_ITEM('overriding color',(#13051),#7698,
  #12079);
#13051 = PRESENTATION_STYLE_ASSIGNMENT((#13052));
#13052 = SURFACE_STYLE_USAGE(.BOTH.,#13053);
#13053 = SURFACE_SIDE_STYLE('',(#13054));
#13054 = SURFACE_STYLE_FILL_AREA(#13055);
#13055 = FILL_AREA_STYLE('',(#13056));
#13056 = FILL_AREA_STYLE_COLOUR('',#12086);
#13057 = OVER_RIDING_STYLED_ITEM('overriding color',(#13058),#7714,
  #12079);
#13058 = PRESENTATION_STYLE_ASSIGNMENT((#13059));
#13059 = SURFACE_STYLE_USAGE(.BOTH.,#13060);
#13060 = SURFACE_SIDE_STYLE('',(#13061));
#13061 = SURFACE_STYLE_FILL_AREA(#13062);
#13062 = FILL_AREA_STYLE('',(#13063));
#13063 = FILL_AREA_STYLE_COLOUR('',#12086);
#13064 = OVER_RIDING_STYLED_ITEM('overriding color',(#13065),#7730,
  #12079);
#13065 = PRESENTATION_STYLE_ASSIGNMENT((#13066));
#13066 = SURFACE_STYLE_USAGE(.BOTH.,#13067);
#13067 = SURFACE_SIDE_STYLE('',(#13068));
#13068 = SURFACE_STYLE_FILL_AREA(#13069);
#13069 = FILL_AREA_STYLE('',(#13070));
#13070 = FILL_AREA_STYLE_COLOUR('',#12086);
#13071 = OVER_RIDING_STYLED_ITEM('overriding color',(#13072),#7746,
  #12079);
#13072 = PRESENTATION_STYLE_ASSIGNMENT((#13073));
#13073 = SURFACE_STYLE_USAGE(.BOTH.,#13074);
#13074 = SURFACE_SIDE_STYLE('',(#13075));
#13075 = SURFACE_STYLE_FILL_AREA(#13076);
#13076 = FILL_AREA_STYLE('',(#13077));
#13077 = FILL_AREA_STYLE_COLOUR('',#12086);
#13078 = OVER_RIDING_STYLED_ITEM('overriding color',(#13079),#7762,
  #12079);
#13079 = PRESENTATION_STYLE_ASSIGNMENT((#13080));
#13080 = SURFACE_STYLE_USAGE(.BOTH.,#13081);
#13081 = SURFACE_SIDE_STYLE('',(#13082));
#13082 = SURFACE_STYLE_FILL_AREA(#13083);
#13083 = FILL_AREA_STYLE('',(#13084));
#13084 = FILL_AREA_STYLE_COLOUR('',#12086);
#13085 = OVER_RIDING_STYLED_ITEM('overriding color',(#13086),#7778,
  #12079);
#13086 = PRESENTATION_STYLE_ASSIGNMENT((#13087));
#13087 = SURFACE_STYLE_USAGE(.BOTH.,#13088);
#13088 = SURFACE_SIDE_STYLE('',(#13089));
#13089 = SURFACE_STYLE_FILL_AREA(#13090);
#13090 = FILL_AREA_STYLE('',(#13091));
#13091 = FILL_AREA_STYLE_COLOUR('',#12086);
#13092 = OVER_RIDING_STYLED_ITEM('overriding color',(#13093),#7794,
  #12079);
#13093 = PRESENTATION_STYLE_ASSIGNMENT((#13094));
#13094 = SURFACE_STYLE_USAGE(.BOTH.,#13095);
#13095 = SURFACE_SIDE_STYLE('',(#13096));
#13096 = SURFACE_STYLE_FILL_AREA(#13097);
#13097 = FILL_AREA_STYLE('',(#13098));
#13098 = FILL_AREA_STYLE_COLOUR('',#12086);
#13099 = OVER_RIDING_STYLED_ITEM('overriding color',(#13100),#7806,
  #12079);
#13100 = PRESENTATION_STYLE_ASSIGNMENT((#13101));
#13101 = SURFACE_STYLE_USAGE(.BOTH.,#13102);
#13102 = SURFACE_SIDE_STYLE('',(#13103));
#13103 = SURFACE_STYLE_FILL_AREA(#13104);
#13104 = FILL_AREA_STYLE('',(#13105));
#13105 = FILL_AREA_STYLE_COLOUR('',#12086);
#13106 = OVER_RIDING_STYLED_ITEM('overriding color',(#13107),#7834,
  #12079);
#13107 = PRESENTATION_STYLE_ASSIGNMENT((#13108));
#13108 = SURFACE_STYLE_USAGE(.BOTH.,#13109);
#13109 = SURFACE_SIDE_STYLE('',(#13110));
#13110 = SURFACE_STYLE_FILL_AREA(#13111);
#13111 = FILL_AREA_STYLE('',(#13112));
#13112 = FILL_AREA_STYLE_COLOUR('',#12086);
#13113 = OVER_RIDING_STYLED_ITEM('overriding color',(#13114),#7856,
  #12079);
#13114 = PRESENTATION_STYLE_ASSIGNMENT((#13115));
#13115 = SURFACE_STYLE_USAGE(.BOTH.,#13116);
#13116 = SURFACE_SIDE_STYLE('',(#13117));
#13117 = SURFACE_STYLE_FILL_AREA(#13118);
#13118 = FILL_AREA_STYLE('',(#13119));
#13119 = FILL_AREA_STYLE_COLOUR('',#12086);
#13120 = OVER_RIDING_STYLED_ITEM('overriding color',(#13121),#7884,
  #12079);
#13121 = PRESENTATION_STYLE_ASSIGNMENT((#13122));
#13122 = SURFACE_STYLE_USAGE(.BOTH.,#13123);
#13123 = SURFACE_SIDE_STYLE('',(#13124));
#13124 = SURFACE_STYLE_FILL_AREA(#13125);
#13125 = FILL_AREA_STYLE('',(#13126));
#13126 = FILL_AREA_STYLE_COLOUR('',#12086);
#13127 = OVER_RIDING_STYLED_ITEM('overriding color',(#13128),#7906,
  #12079);
#13128 = PRESENTATION_STYLE_ASSIGNMENT((#13129));
#13129 = SURFACE_STYLE_USAGE(.BOTH.,#13130);
#13130 = SURFACE_SIDE_STYLE('',(#13131));
#13131 = SURFACE_STYLE_FILL_AREA(#13132);
#13132 = FILL_AREA_STYLE('',(#13133));
#13133 = FILL_AREA_STYLE_COLOUR('',#12086);
#13134 = OVER_RIDING_STYLED_ITEM('overriding color',(#13135),#7934,
  #12079);
#13135 = PRESENTATION_STYLE_ASSIGNMENT((#13136));
#13136 = SURFACE_STYLE_USAGE(.BOTH.,#13137);
#13137 = SURFACE_SIDE_STYLE('',(#13138));
#13138 = SURFACE_STYLE_FILL_AREA(#13139);
#13139 = FILL_AREA_STYLE('',(#13140));
#13140 = FILL_AREA_STYLE_COLOUR('',#12086);
#13141 = OVER_RIDING_STYLED_ITEM('overriding color',(#13142),#7950,
  #12079);
#13142 = PRESENTATION_STYLE_ASSIGNMENT((#13143));
#13143 = SURFACE_STYLE_USAGE(.BOTH.,#13144);
#13144 = SURFACE_SIDE_STYLE('',(#13145));
#13145 = SURFACE_STYLE_FILL_AREA(#13146);
#13146 = FILL_AREA_STYLE('',(#13147));
#13147 = FILL_AREA_STYLE_COLOUR('',#12096);
#13148 = OVER_RIDING_STYLED_ITEM('overriding color',(#13149),#7964,
  #12079);
#13149 = PRESENTATION_STYLE_ASSIGNMENT((#13150));
#13150 = SURFACE_STYLE_USAGE(.BOTH.,#13151);
#13151 = SURFACE_SIDE_STYLE('',(#13152));
#13152 = SURFACE_STYLE_FILL_AREA(#13153);
#13153 = FILL_AREA_STYLE('',(#13154));
#13154 = FILL_AREA_STYLE_COLOUR('',#12086);
#13155 = OVER_RIDING_STYLED_ITEM('overriding color',(#13156),#7992,
  #12079);
#13156 = PRESENTATION_STYLE_ASSIGNMENT((#13157));
#13157 = SURFACE_STYLE_USAGE(.BOTH.,#13158);
#13158 = SURFACE_SIDE_STYLE('',(#13159));
#13159 = SURFACE_STYLE_FILL_AREA(#13160);
#13160 = FILL_AREA_STYLE('',(#13161));
#13161 = FILL_AREA_STYLE_COLOUR('',#12086);
#13162 = OVER_RIDING_STYLED_ITEM('overriding color',(#13163),#8014,
  #12079);
#13163 = PRESENTATION_STYLE_ASSIGNMENT((#13164));
#13164 = SURFACE_STYLE_USAGE(.BOTH.,#13165);
#13165 = SURFACE_SIDE_STYLE('',(#13166));
#13166 = SURFACE_STYLE_FILL_AREA(#13167);
#13167 = FILL_AREA_STYLE('',(#13168));
#13168 = FILL_AREA_STYLE_COLOUR('',#12086);
#13169 = OVER_RIDING_STYLED_ITEM('overriding color',(#13170),#8036,
  #12079);
#13170 = PRESENTATION_STYLE_ASSIGNMENT((#13171));
#13171 = SURFACE_STYLE_USAGE(.BOTH.,#13172);
#13172 = SURFACE_SIDE_STYLE('',(#13173));
#13173 = SURFACE_STYLE_FILL_AREA(#13174);
#13174 = FILL_AREA_STYLE('',(#13175));
#13175 = FILL_AREA_STYLE_COLOUR('',#12086);
#13176 = OVER_RIDING_STYLED_ITEM('overriding color',(#13177),#8058,
  #12079);
#13177 = PRESENTATION_STYLE_ASSIGNMENT((#13178));
#13178 = SURFACE_STYLE_USAGE(.BOTH.,#13179);
#13179 = SURFACE_SIDE_STYLE('',(#13180));
#13180 = SURFACE_STYLE_FILL_AREA(#13181);
#13181 = FILL_AREA_STYLE('',(#13182));
#13182 = FILL_AREA_STYLE_COLOUR('',#12086);
#13183 = OVER_RIDING_STYLED_ITEM('overriding color',(#13184),#8080,
  #12079);
#13184 = PRESENTATION_STYLE_ASSIGNMENT((#13185));
#13185 = SURFACE_STYLE_USAGE(.BOTH.,#13186);
#13186 = SURFACE_SIDE_STYLE('',(#13187));
#13187 = SURFACE_STYLE_FILL_AREA(#13188);
#13188 = FILL_AREA_STYLE('',(#13189));
#13189 = FILL_AREA_STYLE_COLOUR('',#12086);
#13190 = OVER_RIDING_STYLED_ITEM('overriding color',(#13191),#8102,
  #12079);
#13191 = PRESENTATION_STYLE_ASSIGNMENT((#13192));
#13192 = SURFACE_STYLE_USAGE(.BOTH.,#13193);
#13193 = SURFACE_SIDE_STYLE('',(#13194));
#13194 = SURFACE_STYLE_FILL_AREA(#13195);
#13195 = FILL_AREA_STYLE('',(#13196));
#13196 = FILL_AREA_STYLE_COLOUR('',#12086);
#13197 = OVER_RIDING_STYLED_ITEM('overriding color',(#13198),#8124,
  #12079);
#13198 = PRESENTATION_STYLE_ASSIGNMENT((#13199));
#13199 = SURFACE_STYLE_USAGE(.BOTH.,#13200);
#13200 = SURFACE_SIDE_STYLE('',(#13201));
#13201 = SURFACE_STYLE_FILL_AREA(#13202);
#13202 = FILL_AREA_STYLE('',(#13203));
#13203 = FILL_AREA_STYLE_COLOUR('',#12086);
#13204 = OVER_RIDING_STYLED_ITEM('overriding color',(#13205),#8146,
  #12079);
#13205 = PRESENTATION_STYLE_ASSIGNMENT((#13206));
#13206 = SURFACE_STYLE_USAGE(.BOTH.,#13207);
#13207 = SURFACE_SIDE_STYLE('',(#13208));
#13208 = SURFACE_STYLE_FILL_AREA(#13209);
#13209 = FILL_AREA_STYLE('',(#13210));
#13210 = FILL_AREA_STYLE_COLOUR('',#12086);
#13211 = OVER_RIDING_STYLED_ITEM('overriding color',(#13212),#8168,
  #12079);
#13212 = PRESENTATION_STYLE_ASSIGNMENT((#13213));
#13213 = SURFACE_STYLE_USAGE(.BOTH.,#13214);
#13214 = SURFACE_SIDE_STYLE('',(#13215));
#13215 = SURFACE_STYLE_FILL_AREA(#13216);
#13216 = FILL_AREA_STYLE('',(#13217));
#13217 = FILL_AREA_STYLE_COLOUR('',#12086);
#13218 = OVER_RIDING_STYLED_ITEM('overriding color',(#13219),#8190,
  #12079);
#13219 = PRESENTATION_STYLE_ASSIGNMENT((#13220));
#13220 = SURFACE_STYLE_USAGE(.BOTH.,#13221);
#13221 = SURFACE_SIDE_STYLE('',(#13222));
#13222 = SURFACE_STYLE_FILL_AREA(#13223);
#13223 = FILL_AREA_STYLE('',(#13224));
#13224 = FILL_AREA_STYLE_COLOUR('',#12086);
#13225 = OVER_RIDING_STYLED_ITEM('overriding color',(#13226),#8212,
  #12079);
#13226 = PRESENTATION_STYLE_ASSIGNMENT((#13227));
#13227 = SURFACE_STYLE_USAGE(.BOTH.,#13228);
#13228 = SURFACE_SIDE_STYLE('',(#13229));
#13229 = SURFACE_STYLE_FILL_AREA(#13230);
#13230 = FILL_AREA_STYLE('',(#13231));
#13231 = FILL_AREA_STYLE_COLOUR('',#12086);
#13232 = OVER_RIDING_STYLED_ITEM('overriding color',(#13233),#8228,
  #12079);
#13233 = PRESENTATION_STYLE_ASSIGNMENT((#13234));
#13234 = SURFACE_STYLE_USAGE(.BOTH.,#13235);
#13235 = SURFACE_SIDE_STYLE('',(#13236));
#13236 = SURFACE_STYLE_FILL_AREA(#13237);
#13237 = FILL_AREA_STYLE('',(#13238));
#13238 = FILL_AREA_STYLE_COLOUR('',#12086);
#13239 = OVER_RIDING_STYLED_ITEM('overriding color',(#13240),#8248,
  #12079);
#13240 = PRESENTATION_STYLE_ASSIGNMENT((#13241));
#13241 = SURFACE_STYLE_USAGE(.BOTH.,#13242);
#13242 = SURFACE_SIDE_STYLE('',(#13243));
#13243 = SURFACE_STYLE_FILL_AREA(#13244);
#13244 = FILL_AREA_STYLE('',(#13245));
#13245 = FILL_AREA_STYLE_COLOUR('',#12086);
#13246 = OVER_RIDING_STYLED_ITEM('overriding color',(#13247),#8440,
  #12079);
#13247 = PRESENTATION_STYLE_ASSIGNMENT((#13248));
#13248 = SURFACE_STYLE_USAGE(.BOTH.,#13249);
#13249 = SURFACE_SIDE_STYLE('',(#13250));
#13250 = SURFACE_STYLE_FILL_AREA(#13251);
#13251 = FILL_AREA_STYLE('',(#13252));
#13252 = FILL_AREA_STYLE_COLOUR('',#12086);
#13253 = OVER_RIDING_STYLED_ITEM('overriding color',(#13254),#8464,
  #12079);
#13254 = PRESENTATION_STYLE_ASSIGNMENT((#13255));
#13255 = SURFACE_STYLE_USAGE(.BOTH.,#13256);
#13256 = SURFACE_SIDE_STYLE('',(#13257));
#13257 = SURFACE_STYLE_FILL_AREA(#13258);
#13258 = FILL_AREA_STYLE('',(#13259));
#13259 = FILL_AREA_STYLE_COLOUR('',#12086);
#13260 = OVER_RIDING_STYLED_ITEM('overriding color',(#13261),#8480,
  #12079);
#13261 = PRESENTATION_STYLE_ASSIGNMENT((#13262));
#13262 = SURFACE_STYLE_USAGE(.BOTH.,#13263);
#13263 = SURFACE_SIDE_STYLE('',(#13264));
#13264 = SURFACE_STYLE_FILL_AREA(#13265);
#13265 = FILL_AREA_STYLE('',(#13266));
#13266 = FILL_AREA_STYLE_COLOUR('',#12086);
#13267 = OVER_RIDING_STYLED_ITEM('overriding color',(#13268),#8500,
  #12079);
#13268 = PRESENTATION_STYLE_ASSIGNMENT((#13269));
#13269 = SURFACE_STYLE_USAGE(.BOTH.,#13270);
#13270 = SURFACE_SIDE_STYLE('',(#13271));
#13271 = SURFACE_STYLE_FILL_AREA(#13272);
#13272 = FILL_AREA_STYLE('',(#13273));
#13273 = FILL_AREA_STYLE_COLOUR('',#12086);
#13274 = OVER_RIDING_STYLED_ITEM('overriding color',(#13275),#8520,
  #12079);
#13275 = PRESENTATION_STYLE_ASSIGNMENT((#13276));
#13276 = SURFACE_STYLE_USAGE(.BOTH.,#13277);
#13277 = SURFACE_SIDE_STYLE('',(#13278));
#13278 = SURFACE_STYLE_FILL_AREA(#13279);
#13279 = FILL_AREA_STYLE('',(#13280));
#13280 = FILL_AREA_STYLE_COLOUR('',#12086);
#13281 = OVER_RIDING_STYLED_ITEM('overriding color',(#13282),#8536,
  #12079);
#13282 = PRESENTATION_STYLE_ASSIGNMENT((#13283));
#13283 = SURFACE_STYLE_USAGE(.BOTH.,#13284);
#13284 = SURFACE_SIDE_STYLE('',(#13285));
#13285 = SURFACE_STYLE_FILL_AREA(#13286);
#13286 = FILL_AREA_STYLE('',(#13287));
#13287 = FILL_AREA_STYLE_COLOUR('',#12086);
#13288 = OVER_RIDING_STYLED_ITEM('overriding color',(#13289),#8556,
  #12079);
#13289 = PRESENTATION_STYLE_ASSIGNMENT((#13290));
#13290 = SURFACE_STYLE_USAGE(.BOTH.,#13291);
#13291 = SURFACE_SIDE_STYLE('',(#13292));
#13292 = SURFACE_STYLE_FILL_AREA(#13293);
#13293 = FILL_AREA_STYLE('',(#13294));
#13294 = FILL_AREA_STYLE_COLOUR('',#12086);
#13295 = OVER_RIDING_STYLED_ITEM('overriding color',(#13296),#8576,
  #12079);
#13296 = PRESENTATION_STYLE_ASSIGNMENT((#13297));
#13297 = SURFACE_STYLE_USAGE(.BOTH.,#13298);
#13298 = SURFACE_SIDE_STYLE('',(#13299));
#13299 = SURFACE_STYLE_FILL_AREA(#13300);
#13300 = FILL_AREA_STYLE('',(#13301));
#13301 = FILL_AREA_STYLE_COLOUR('',#12086);
#13302 = OVER_RIDING_STYLED_ITEM('overriding color',(#13303),#8596,
  #12079);
#13303 = PRESENTATION_STYLE_ASSIGNMENT((#13304));
#13304 = SURFACE_STYLE_USAGE(.BOTH.,#13305);
#13305 = SURFACE_SIDE_STYLE('',(#13306));
#13306 = SURFACE_STYLE_FILL_AREA(#13307);
#13307 = FILL_AREA_STYLE('',(#13308));
#13308 = FILL_AREA_STYLE_COLOUR('',#12086);
#13309 = OVER_RIDING_STYLED_ITEM('overriding color',(#13310),#8616,
  #12079);
#13310 = PRESENTATION_STYLE_ASSIGNMENT((#13311));
#13311 = SURFACE_STYLE_USAGE(.BOTH.,#13312);
#13312 = SURFACE_SIDE_STYLE('',(#13313));
#13313 = SURFACE_STYLE_FILL_AREA(#13314);
#13314 = FILL_AREA_STYLE('',(#13315));
#13315 = FILL_AREA_STYLE_COLOUR('',#12086);
#13316 = OVER_RIDING_STYLED_ITEM('overriding color',(#13317),#8632,
  #12079);
#13317 = PRESENTATION_STYLE_ASSIGNMENT((#13318));
#13318 = SURFACE_STYLE_USAGE(.BOTH.,#13319);
#13319 = SURFACE_SIDE_STYLE('',(#13320));
#13320 = SURFACE_STYLE_FILL_AREA(#13321);
#13321 = FILL_AREA_STYLE('',(#13322));
#13322 = FILL_AREA_STYLE_COLOUR('',#12086);
#13323 = OVER_RIDING_STYLED_ITEM('overriding color',(#13324),#8648,
  #12079);
#13324 = PRESENTATION_STYLE_ASSIGNMENT((#13325));
#13325 = SURFACE_STYLE_USAGE(.BOTH.,#13326);
#13326 = SURFACE_SIDE_STYLE('',(#13327));
#13327 = SURFACE_STYLE_FILL_AREA(#13328);
#13328 = FILL_AREA_STYLE('',(#13329));
#13329 = FILL_AREA_STYLE_COLOUR('',#12086);
#13330 = OVER_RIDING_STYLED_ITEM('overriding color',(#13331),#8664,
  #12079);
#13331 = PRESENTATION_STYLE_ASSIGNMENT((#13332));
#13332 = SURFACE_STYLE_USAGE(.BOTH.,#13333);
#13333 = SURFACE_SIDE_STYLE('',(#13334));
#13334 = SURFACE_STYLE_FILL_AREA(#13335);
#13335 = FILL_AREA_STYLE('',(#13336));
#13336 = FILL_AREA_STYLE_COLOUR('',#12086);
#13337 = OVER_RIDING_STYLED_ITEM('overriding color',(#13338),#8680,
  #12079);
#13338 = PRESENTATION_STYLE_ASSIGNMENT((#13339));
#13339 = SURFACE_STYLE_USAGE(.BOTH.,#13340);
#13340 = SURFACE_SIDE_STYLE('',(#13341));
#13341 = SURFACE_STYLE_FILL_AREA(#13342);
#13342 = FILL_AREA_STYLE('',(#13343));
#13343 = FILL_AREA_STYLE_COLOUR('',#12086);
#13344 = OVER_RIDING_STYLED_ITEM('overriding color',(#13345),#8696,
  #12079);
#13345 = PRESENTATION_STYLE_ASSIGNMENT((#13346));
#13346 = SURFACE_STYLE_USAGE(.BOTH.,#13347);
#13347 = SURFACE_SIDE_STYLE('',(#13348));
#13348 = SURFACE_STYLE_FILL_AREA(#13349);
#13349 = FILL_AREA_STYLE('',(#13350));
#13350 = FILL_AREA_STYLE_COLOUR('',#12086);
#13351 = OVER_RIDING_STYLED_ITEM('overriding color',(#13352),#8730,
  #12079);
#13352 = PRESENTATION_STYLE_ASSIGNMENT((#13353));
#13353 = SURFACE_STYLE_USAGE(.BOTH.,#13354);
#13354 = SURFACE_SIDE_STYLE('',(#13355));
#13355 = SURFACE_STYLE_FILL_AREA(#13356);
#13356 = FILL_AREA_STYLE('',(#13357));
#13357 = FILL_AREA_STYLE_COLOUR('',#12086);
#13358 = OVER_RIDING_STYLED_ITEM('overriding color',(#13359),#8758,
  #12079);
#13359 = PRESENTATION_STYLE_ASSIGNMENT((#13360));
#13360 = SURFACE_STYLE_USAGE(.BOTH.,#13361);
#13361 = SURFACE_SIDE_STYLE('',(#13362));
#13362 = SURFACE_STYLE_FILL_AREA(#13363);
#13363 = FILL_AREA_STYLE('',(#13364));
#13364 = FILL_AREA_STYLE_COLOUR('',#12086);
#13365 = OVER_RIDING_STYLED_ITEM('overriding color',(#13366),#8786,
  #12079);
#13366 = PRESENTATION_STYLE_ASSIGNMENT((#13367));
#13367 = SURFACE_STYLE_USAGE(.BOTH.,#13368);
#13368 = SURFACE_SIDE_STYLE('',(#13369));
#13369 = SURFACE_STYLE_FILL_AREA(#13370);
#13370 = FILL_AREA_STYLE('',(#13371));
#13371 = FILL_AREA_STYLE_COLOUR('',#12086);
#13372 = OVER_RIDING_STYLED_ITEM('overriding color',(#13373),#8814,
  #12079);
#13373 = PRESENTATION_STYLE_ASSIGNMENT((#13374));
#13374 = SURFACE_STYLE_USAGE(.BOTH.,#13375);
#13375 = SURFACE_SIDE_STYLE('',(#13376));
#13376 = SURFACE_STYLE_FILL_AREA(#13377);
#13377 = FILL_AREA_STYLE('',(#13378));
#13378 = FILL_AREA_STYLE_COLOUR('',#12086);
#13379 = OVER_RIDING_STYLED_ITEM('overriding color',(#13380),#8842,
  #12079);
#13380 = PRESENTATION_STYLE_ASSIGNMENT((#13381));
#13381 = SURFACE_STYLE_USAGE(.BOTH.,#13382);
#13382 = SURFACE_SIDE_STYLE('',(#13383));
#13383 = SURFACE_STYLE_FILL_AREA(#13384);
#13384 = FILL_AREA_STYLE('',(#13385));
#13385 = FILL_AREA_STYLE_COLOUR('',#12086);
#13386 = OVER_RIDING_STYLED_ITEM('overriding color',(#13387),#8870,
  #12079);
#13387 = PRESENTATION_STYLE_ASSIGNMENT((#13388));
#13388 = SURFACE_STYLE_USAGE(.BOTH.,#13389);
#13389 = SURFACE_SIDE_STYLE('',(#13390));
#13390 = SURFACE_STYLE_FILL_AREA(#13391);
#13391 = FILL_AREA_STYLE('',(#13392));
#13392 = FILL_AREA_STYLE_COLOUR('',#12086);
#13393 = OVER_RIDING_STYLED_ITEM('overriding color',(#13394),#8892,
  #12079);
#13394 = PRESENTATION_STYLE_ASSIGNMENT((#13395));
#13395 = SURFACE_STYLE_USAGE(.BOTH.,#13396);
#13396 = SURFACE_SIDE_STYLE('',(#13397));
#13397 = SURFACE_STYLE_FILL_AREA(#13398);
#13398 = FILL_AREA_STYLE('',(#13399));
#13399 = FILL_AREA_STYLE_COLOUR('',#12086);
#13400 = OVER_RIDING_STYLED_ITEM('overriding color',(#13401),#8908,
  #12079);
#13401 = PRESENTATION_STYLE_ASSIGNMENT((#13402));
#13402 = SURFACE_STYLE_USAGE(.BOTH.,#13403);
#13403 = SURFACE_SIDE_STYLE('',(#13404));
#13404 = SURFACE_STYLE_FILL_AREA(#13405);
#13405 = FILL_AREA_STYLE('',(#13406));
#13406 = FILL_AREA_STYLE_COLOUR('',#12096);
#13407 = OVER_RIDING_STYLED_ITEM('overriding color',(#13408),#8924,
  #12079);
#13408 = PRESENTATION_STYLE_ASSIGNMENT((#13409));
#13409 = SURFACE_STYLE_USAGE(.BOTH.,#13410);
#13410 = SURFACE_SIDE_STYLE('',(#13411));
#13411 = SURFACE_STYLE_FILL_AREA(#13412);
#13412 = FILL_AREA_STYLE('',(#13413));
#13413 = FILL_AREA_STYLE_COLOUR('',#12086);
#13414 = OVER_RIDING_STYLED_ITEM('overriding color',(#13415),#8958,
  #12079);
#13415 = PRESENTATION_STYLE_ASSIGNMENT((#13416));
#13416 = SURFACE_STYLE_USAGE(.BOTH.,#13417);
#13417 = SURFACE_SIDE_STYLE('',(#13418));
#13418 = SURFACE_STYLE_FILL_AREA(#13419);
#13419 = FILL_AREA_STYLE('',(#13420));
#13420 = FILL_AREA_STYLE_COLOUR('',#12086);
#13421 = OVER_RIDING_STYLED_ITEM('overriding color',(#13422),#8980,
  #12079);
#13422 = PRESENTATION_STYLE_ASSIGNMENT((#13423));
#13423 = SURFACE_STYLE_USAGE(.BOTH.,#13424);
#13424 = SURFACE_SIDE_STYLE('',(#13425));
#13425 = SURFACE_STYLE_FILL_AREA(#13426);
#13426 = FILL_AREA_STYLE('',(#13427));
#13427 = FILL_AREA_STYLE_COLOUR('',#12086);
#13428 = OVER_RIDING_STYLED_ITEM('overriding color',(#13429),#9008,
  #12079);
#13429 = PRESENTATION_STYLE_ASSIGNMENT((#13430));
#13430 = SURFACE_STYLE_USAGE(.BOTH.,#13431);
#13431 = SURFACE_SIDE_STYLE('',(#13432));
#13432 = SURFACE_STYLE_FILL_AREA(#13433);
#13433 = FILL_AREA_STYLE('',(#13434));
#13434 = FILL_AREA_STYLE_COLOUR('',#12086);
#13435 = OVER_RIDING_STYLED_ITEM('overriding color',(#13436),#9036,
  #12079);
#13436 = PRESENTATION_STYLE_ASSIGNMENT((#13437));
#13437 = SURFACE_STYLE_USAGE(.BOTH.,#13438);
#13438 = SURFACE_SIDE_STYLE('',(#13439));
#13439 = SURFACE_STYLE_FILL_AREA(#13440);
#13440 = FILL_AREA_STYLE('',(#13441));
#13441 = FILL_AREA_STYLE_COLOUR('',#12086);
#13442 = OVER_RIDING_STYLED_ITEM('overriding color',(#13443),#9064,
  #12079);
#13443 = PRESENTATION_STYLE_ASSIGNMENT((#13444));
#13444 = SURFACE_STYLE_USAGE(.BOTH.,#13445);
#13445 = SURFACE_SIDE_STYLE('',(#13446));
#13446 = SURFACE_STYLE_FILL_AREA(#13447);
#13447 = FILL_AREA_STYLE('',(#13448));
#13448 = FILL_AREA_STYLE_COLOUR('',#12086);
#13449 = OVER_RIDING_STYLED_ITEM('overriding color',(#13450),#9092,
  #12079);
#13450 = PRESENTATION_STYLE_ASSIGNMENT((#13451));
#13451 = SURFACE_STYLE_USAGE(.BOTH.,#13452);
#13452 = SURFACE_SIDE_STYLE('',(#13453));
#13453 = SURFACE_STYLE_FILL_AREA(#13454);
#13454 = FILL_AREA_STYLE('',(#13455));
#13455 = FILL_AREA_STYLE_COLOUR('',#12086);
#13456 = OVER_RIDING_STYLED_ITEM('overriding color',(#13457),#9120,
  #12079);
#13457 = PRESENTATION_STYLE_ASSIGNMENT((#13458));
#13458 = SURFACE_STYLE_USAGE(.BOTH.,#13459);
#13459 = SURFACE_SIDE_STYLE('',(#13460));
#13460 = SURFACE_STYLE_FILL_AREA(#13461);
#13461 = FILL_AREA_STYLE('',(#13462));
#13462 = FILL_AREA_STYLE_COLOUR('',#12086);
#13463 = OVER_RIDING_STYLED_ITEM('overriding color',(#13464),#9148,
  #12079);
#13464 = PRESENTATION_STYLE_ASSIGNMENT((#13465));
#13465 = SURFACE_STYLE_USAGE(.BOTH.,#13466);
#13466 = SURFACE_SIDE_STYLE('',(#13467));
#13467 = SURFACE_STYLE_FILL_AREA(#13468);
#13468 = FILL_AREA_STYLE('',(#13469));
#13469 = FILL_AREA_STYLE_COLOUR('',#12086);
#13470 = OVER_RIDING_STYLED_ITEM('overriding color',(#13471),#9176,
  #12079);
#13471 = PRESENTATION_STYLE_ASSIGNMENT((#13472));
#13472 = SURFACE_STYLE_USAGE(.BOTH.,#13473);
#13473 = SURFACE_SIDE_STYLE('',(#13474));
#13474 = SURFACE_STYLE_FILL_AREA(#13475);
#13475 = FILL_AREA_STYLE('',(#13476));
#13476 = FILL_AREA_STYLE_COLOUR('',#12086);
#13477 = OVER_RIDING_STYLED_ITEM('overriding color',(#13478),#9204,
  #12079);
#13478 = PRESENTATION_STYLE_ASSIGNMENT((#13479));
#13479 = SURFACE_STYLE_USAGE(.BOTH.,#13480);
#13480 = SURFACE_SIDE_STYLE('',(#13481));
#13481 = SURFACE_STYLE_FILL_AREA(#13482);
#13482 = FILL_AREA_STYLE('',(#13483));
#13483 = FILL_AREA_STYLE_COLOUR('',#12086);
#13484 = OVER_RIDING_STYLED_ITEM('overriding color',(#13485),#9232,
  #12079);
#13485 = PRESENTATION_STYLE_ASSIGNMENT((#13486));
#13486 = SURFACE_STYLE_USAGE(.BOTH.,#13487);
#13487 = SURFACE_SIDE_STYLE('',(#13488));
#13488 = SURFACE_STYLE_FILL_AREA(#13489);
#13489 = FILL_AREA_STYLE('',(#13490));
#13490 = FILL_AREA_STYLE_COLOUR('',#12086);
#13491 = OVER_RIDING_STYLED_ITEM('overriding color',(#13492),#9260,
  #12079);
#13492 = PRESENTATION_STYLE_ASSIGNMENT((#13493));
#13493 = SURFACE_STYLE_USAGE(.BOTH.,#13494);
#13494 = SURFACE_SIDE_STYLE('',(#13495));
#13495 = SURFACE_STYLE_FILL_AREA(#13496);
#13496 = FILL_AREA_STYLE('',(#13497));
#13497 = FILL_AREA_STYLE_COLOUR('',#12086);
#13498 = OVER_RIDING_STYLED_ITEM('overriding color',(#13499),#9282,
  #12079);
#13499 = PRESENTATION_STYLE_ASSIGNMENT((#13500));
#13500 = SURFACE_STYLE_USAGE(.BOTH.,#13501);
#13501 = SURFACE_SIDE_STYLE('',(#13502));
#13502 = SURFACE_STYLE_FILL_AREA(#13503);
#13503 = FILL_AREA_STYLE('',(#13504));
#13504 = FILL_AREA_STYLE_COLOUR('',#12086);
#13505 = OVER_RIDING_STYLED_ITEM('overriding color',(#13506),#9310,
  #12079);
#13506 = PRESENTATION_STYLE_ASSIGNMENT((#13507));
#13507 = SURFACE_STYLE_USAGE(.BOTH.,#13508);
#13508 = SURFACE_SIDE_STYLE('',(#13509));
#13509 = SURFACE_STYLE_FILL_AREA(#13510);
#13510 = FILL_AREA_STYLE('',(#13511));
#13511 = FILL_AREA_STYLE_COLOUR('',#12086);
#13512 = OVER_RIDING_STYLED_ITEM('overriding color',(#13513),#9338,
  #12079);
#13513 = PRESENTATION_STYLE_ASSIGNMENT((#13514));
#13514 = SURFACE_STYLE_USAGE(.BOTH.,#13515);
#13515 = SURFACE_SIDE_STYLE('',(#13516));
#13516 = SURFACE_STYLE_FILL_AREA(#13517);
#13517 = FILL_AREA_STYLE('',(#13518));
#13518 = FILL_AREA_STYLE_COLOUR('',#12086);
#13519 = OVER_RIDING_STYLED_ITEM('overriding color',(#13520),#9366,
  #12079);
#13520 = PRESENTATION_STYLE_ASSIGNMENT((#13521));
#13521 = SURFACE_STYLE_USAGE(.BOTH.,#13522);
#13522 = SURFACE_SIDE_STYLE('',(#13523));
#13523 = SURFACE_STYLE_FILL_AREA(#13524);
#13524 = FILL_AREA_STYLE('',(#13525));
#13525 = FILL_AREA_STYLE_COLOUR('',#12086);
#13526 = OVER_RIDING_STYLED_ITEM('overriding color',(#13527),#9394,
  #12079);
#13527 = PRESENTATION_STYLE_ASSIGNMENT((#13528));
#13528 = SURFACE_STYLE_USAGE(.BOTH.,#13529);
#13529 = SURFACE_SIDE_STYLE('',(#13530));
#13530 = SURFACE_STYLE_FILL_AREA(#13531);
#13531 = FILL_AREA_STYLE('',(#13532));
#13532 = FILL_AREA_STYLE_COLOUR('',#12086);
#13533 = OVER_RIDING_STYLED_ITEM('overriding color',(#13534),#9422,
  #12079);
#13534 = PRESENTATION_STYLE_ASSIGNMENT((#13535));
#13535 = SURFACE_STYLE_USAGE(.BOTH.,#13536);
#13536 = SURFACE_SIDE_STYLE('',(#13537));
#13537 = SURFACE_STYLE_FILL_AREA(#13538);
#13538 = FILL_AREA_STYLE('',(#13539));
#13539 = FILL_AREA_STYLE_COLOUR('',#12086);
#13540 = OVER_RIDING_STYLED_ITEM('overriding color',(#13541),#9450,
  #12079);
#13541 = PRESENTATION_STYLE_ASSIGNMENT((#13542));
#13542 = SURFACE_STYLE_USAGE(.BOTH.,#13543);
#13543 = SURFACE_SIDE_STYLE('',(#13544));
#13544 = SURFACE_STYLE_FILL_AREA(#13545);
#13545 = FILL_AREA_STYLE('',(#13546));
#13546 = FILL_AREA_STYLE_COLOUR('',#12086);
#13547 = OVER_RIDING_STYLED_ITEM('overriding color',(#13548),#9478,
  #12079);
#13548 = PRESENTATION_STYLE_ASSIGNMENT((#13549));
#13549 = SURFACE_STYLE_USAGE(.BOTH.,#13550);
#13550 = SURFACE_SIDE_STYLE('',(#13551));
#13551 = SURFACE_STYLE_FILL_AREA(#13552);
#13552 = FILL_AREA_STYLE('',(#13553));
#13553 = FILL_AREA_STYLE_COLOUR('',#12086);
#13554 = OVER_RIDING_STYLED_ITEM('overriding color',(#13555),#9500,
  #12079);
#13555 = PRESENTATION_STYLE_ASSIGNMENT((#13556));
#13556 = SURFACE_STYLE_USAGE(.BOTH.,#13557);
#13557 = SURFACE_SIDE_STYLE('',(#13558));
#13558 = SURFACE_STYLE_FILL_AREA(#13559);
#13559 = FILL_AREA_STYLE('',(#13560));
#13560 = FILL_AREA_STYLE_COLOUR('',#12086);
#13561 = OVER_RIDING_STYLED_ITEM('overriding color',(#13562),#9529,
  #12079);
#13562 = PRESENTATION_STYLE_ASSIGNMENT((#13563));
#13563 = SURFACE_STYLE_USAGE(.BOTH.,#13564);
#13564 = SURFACE_SIDE_STYLE('',(#13565));
#13565 = SURFACE_STYLE_FILL_AREA(#13566);
#13566 = FILL_AREA_STYLE('',(#13567));
#13567 = FILL_AREA_STYLE_COLOUR('',#12086);
#13568 = OVER_RIDING_STYLED_ITEM('overriding color',(#13569),#9557,
  #12079);
#13569 = PRESENTATION_STYLE_ASSIGNMENT((#13570));
#13570 = SURFACE_STYLE_USAGE(.BOTH.,#13571);
#13571 = SURFACE_SIDE_STYLE('',(#13572));
#13572 = SURFACE_STYLE_FILL_AREA(#13573);
#13573 = FILL_AREA_STYLE('',(#13574));
#13574 = FILL_AREA_STYLE_COLOUR('',#12086);
#13575 = OVER_RIDING_STYLED_ITEM('overriding color',(#13576),#9579,
  #12079);
#13576 = PRESENTATION_STYLE_ASSIGNMENT((#13577));
#13577 = SURFACE_STYLE_USAGE(.BOTH.,#13578);
#13578 = SURFACE_SIDE_STYLE('',(#13579));
#13579 = SURFACE_STYLE_FILL_AREA(#13580);
#13580 = FILL_AREA_STYLE('',(#13581));
#13581 = FILL_AREA_STYLE_COLOUR('',#12086);
#13582 = OVER_RIDING_STYLED_ITEM('overriding color',(#13583),#9607,
  #12079);
#13583 = PRESENTATION_STYLE_ASSIGNMENT((#13584));
#13584 = SURFACE_STYLE_USAGE(.BOTH.,#13585);
#13585 = SURFACE_SIDE_STYLE('',(#13586));
#13586 = SURFACE_STYLE_FILL_AREA(#13587);
#13587 = FILL_AREA_STYLE('',(#13588));
#13588 = FILL_AREA_STYLE_COLOUR('',#12086);
#13589 = OVER_RIDING_STYLED_ITEM('overriding color',(#13590),#9629,
  #12079);
#13590 = PRESENTATION_STYLE_ASSIGNMENT((#13591));
#13591 = SURFACE_STYLE_USAGE(.BOTH.,#13592);
#13592 = SURFACE_SIDE_STYLE('',(#13593));
#13593 = SURFACE_STYLE_FILL_AREA(#13594);
#13594 = FILL_AREA_STYLE('',(#13595));
#13595 = FILL_AREA_STYLE_COLOUR('',#12086);
#13596 = OVER_RIDING_STYLED_ITEM('overriding color',(#13597),#9651,
  #12079);
#13597 = PRESENTATION_STYLE_ASSIGNMENT((#13598));
#13598 = SURFACE_STYLE_USAGE(.BOTH.,#13599);
#13599 = SURFACE_SIDE_STYLE('',(#13600));
#13600 = SURFACE_STYLE_FILL_AREA(#13601);
#13601 = FILL_AREA_STYLE('',(#13602));
#13602 = FILL_AREA_STYLE_COLOUR('',#12086);
#13603 = OVER_RIDING_STYLED_ITEM('overriding color',(#13604),#9673,
  #12079);
#13604 = PRESENTATION_STYLE_ASSIGNMENT((#13605));
#13605 = SURFACE_STYLE_USAGE(.BOTH.,#13606);
#13606 = SURFACE_SIDE_STYLE('',(#13607));
#13607 = SURFACE_STYLE_FILL_AREA(#13608);
#13608 = FILL_AREA_STYLE('',(#13609));
#13609 = FILL_AREA_STYLE_COLOUR('',#12086);
#13610 = OVER_RIDING_STYLED_ITEM('overriding color',(#13611),#9695,
  #12079);
#13611 = PRESENTATION_STYLE_ASSIGNMENT((#13612));
#13612 = SURFACE_STYLE_USAGE(.BOTH.,#13613);
#13613 = SURFACE_SIDE_STYLE('',(#13614));
#13614 = SURFACE_STYLE_FILL_AREA(#13615);
#13615 = FILL_AREA_STYLE('',(#13616));
#13616 = FILL_AREA_STYLE_COLOUR('',#12086);
#13617 = OVER_RIDING_STYLED_ITEM('overriding color',(#13618),#9717,
  #12079);
#13618 = PRESENTATION_STYLE_ASSIGNMENT((#13619));
#13619 = SURFACE_STYLE_USAGE(.BOTH.,#13620);
#13620 = SURFACE_SIDE_STYLE('',(#13621));
#13621 = SURFACE_STYLE_FILL_AREA(#13622);
#13622 = FILL_AREA_STYLE('',(#13623));
#13623 = FILL_AREA_STYLE_COLOUR('',#12086);
#13624 = OVER_RIDING_STYLED_ITEM('overriding color',(#13625),#9739,
  #12079);
#13625 = PRESENTATION_STYLE_ASSIGNMENT((#13626));
#13626 = SURFACE_STYLE_USAGE(.BOTH.,#13627);
#13627 = SURFACE_SIDE_STYLE('',(#13628));
#13628 = SURFACE_STYLE_FILL_AREA(#13629);
#13629 = FILL_AREA_STYLE('',(#13630));
#13630 = FILL_AREA_STYLE_COLOUR('',#12086);
#13631 = OVER_RIDING_STYLED_ITEM('overriding color',(#13632),#9767,
  #12079);
#13632 = PRESENTATION_STYLE_ASSIGNMENT((#13633));
#13633 = SURFACE_STYLE_USAGE(.BOTH.,#13634);
#13634 = SURFACE_SIDE_STYLE('',(#13635));
#13635 = SURFACE_STYLE_FILL_AREA(#13636);
#13636 = FILL_AREA_STYLE('',(#13637));
#13637 = FILL_AREA_STYLE_COLOUR('',#12086);
#13638 = OVER_RIDING_STYLED_ITEM('overriding color',(#13639),#9795,
  #12079);
#13639 = PRESENTATION_STYLE_ASSIGNMENT((#13640));
#13640 = SURFACE_STYLE_USAGE(.BOTH.,#13641);
#13641 = SURFACE_SIDE_STYLE('',(#13642));
#13642 = SURFACE_STYLE_FILL_AREA(#13643);
#13643 = FILL_AREA_STYLE('',(#13644));
#13644 = FILL_AREA_STYLE_COLOUR('',#12086);
#13645 = OVER_RIDING_STYLED_ITEM('overriding color',(#13646),#9817,
  #12079);
#13646 = PRESENTATION_STYLE_ASSIGNMENT((#13647));
#13647 = SURFACE_STYLE_USAGE(.BOTH.,#13648);
#13648 = SURFACE_SIDE_STYLE('',(#13649));
#13649 = SURFACE_STYLE_FILL_AREA(#13650);
#13650 = FILL_AREA_STYLE('',(#13651));
#13651 = FILL_AREA_STYLE_COLOUR('',#12086);
#13652 = OVER_RIDING_STYLED_ITEM('overriding color',(#13653),#9845,
  #12079);
#13653 = PRESENTATION_STYLE_ASSIGNMENT((#13654));
#13654 = SURFACE_STYLE_USAGE(.BOTH.,#13655);
#13655 = SURFACE_SIDE_STYLE('',(#13656));
#13656 = SURFACE_STYLE_FILL_AREA(#13657);
#13657 = FILL_AREA_STYLE('',(#13658));
#13658 = FILL_AREA_STYLE_COLOUR('',#12086);
#13659 = OVER_RIDING_STYLED_ITEM('overriding color',(#13660),#9873,
  #12079);
#13660 = PRESENTATION_STYLE_ASSIGNMENT((#13661));
#13661 = SURFACE_STYLE_USAGE(.BOTH.,#13662);
#13662 = SURFACE_SIDE_STYLE('',(#13663));
#13663 = SURFACE_STYLE_FILL_AREA(#13664);
#13664 = FILL_AREA_STYLE('',(#13665));
#13665 = FILL_AREA_STYLE_COLOUR('',#12086);
#13666 = OVER_RIDING_STYLED_ITEM('overriding color',(#13667),#9889,
  #12079);
#13667 = PRESENTATION_STYLE_ASSIGNMENT((#13668));
#13668 = SURFACE_STYLE_USAGE(.BOTH.,#13669);
#13669 = SURFACE_SIDE_STYLE('',(#13670));
#13670 = SURFACE_STYLE_FILL_AREA(#13671);
#13671 = FILL_AREA_STYLE('',(#13672));
#13672 = FILL_AREA_STYLE_COLOUR('',#12086);
#13673 = OVER_RIDING_STYLED_ITEM('overriding color',(#13674),#9912,
  #12079);
#13674 = PRESENTATION_STYLE_ASSIGNMENT((#13675));
#13675 = SURFACE_STYLE_USAGE(.BOTH.,#13676);
#13676 = SURFACE_SIDE_STYLE('',(#13677));
#13677 = SURFACE_STYLE_FILL_AREA(#13678);
#13678 = FILL_AREA_STYLE('',(#13679));
#13679 = FILL_AREA_STYLE_COLOUR('',#12086);
#13680 = OVER_RIDING_STYLED_ITEM('overriding color',(#13681),#9940,
  #12079);
#13681 = PRESENTATION_STYLE_ASSIGNMENT((#13682));
#13682 = SURFACE_STYLE_USAGE(.BOTH.,#13683);
#13683 = SURFACE_SIDE_STYLE('',(#13684));
#13684 = SURFACE_STYLE_FILL_AREA(#13685);
#13685 = FILL_AREA_STYLE('',(#13686));
#13686 = FILL_AREA_STYLE_COLOUR('',#12086);
#13687 = OVER_RIDING_STYLED_ITEM('overriding color',(#13688),#9962,
  #12079);
#13688 = PRESENTATION_STYLE_ASSIGNMENT((#13689));
#13689 = SURFACE_STYLE_USAGE(.BOTH.,#13690);
#13690 = SURFACE_SIDE_STYLE('',(#13691));
#13691 = SURFACE_STYLE_FILL_AREA(#13692);
#13692 = FILL_AREA_STYLE('',(#13693));
#13693 = FILL_AREA_STYLE_COLOUR('',#12086);
#13694 = OVER_RIDING_STYLED_ITEM('overriding color',(#13695),#9984,
  #12079);
#13695 = PRESENTATION_STYLE_ASSIGNMENT((#13696));
#13696 = SURFACE_STYLE_USAGE(.BOTH.,#13697);
#13697 = SURFACE_SIDE_STYLE('',(#13698));
#13698 = SURFACE_STYLE_FILL_AREA(#13699);
#13699 = FILL_AREA_STYLE('',(#13700));
#13700 = FILL_AREA_STYLE_COLOUR('',#12086);
#13701 = OVER_RIDING_STYLED_ITEM('overriding color',(#13702),#10006,
  #12079);
#13702 = PRESENTATION_STYLE_ASSIGNMENT((#13703));
#13703 = SURFACE_STYLE_USAGE(.BOTH.,#13704);
#13704 = SURFACE_SIDE_STYLE('',(#13705));
#13705 = SURFACE_STYLE_FILL_AREA(#13706);
#13706 = FILL_AREA_STYLE('',(#13707));
#13707 = FILL_AREA_STYLE_COLOUR('',#12086);
#13708 = OVER_RIDING_STYLED_ITEM('overriding color',(#13709),#10028,
  #12079);
#13709 = PRESENTATION_STYLE_ASSIGNMENT((#13710));
#13710 = SURFACE_STYLE_USAGE(.BOTH.,#13711);
#13711 = SURFACE_SIDE_STYLE('',(#13712));
#13712 = SURFACE_STYLE_FILL_AREA(#13713);
#13713 = FILL_AREA_STYLE('',(#13714));
#13714 = FILL_AREA_STYLE_COLOUR('',#12086);
#13715 = OVER_RIDING_STYLED_ITEM('overriding color',(#13716),#10050,
  #12079);
#13716 = PRESENTATION_STYLE_ASSIGNMENT((#13717));
#13717 = SURFACE_STYLE_USAGE(.BOTH.,#13718);
#13718 = SURFACE_SIDE_STYLE('',(#13719));
#13719 = SURFACE_STYLE_FILL_AREA(#13720);
#13720 = FILL_AREA_STYLE('',(#13721));
#13721 = FILL_AREA_STYLE_COLOUR('',#12086);
#13722 = OVER_RIDING_STYLED_ITEM('overriding color',(#13723),#10072,
  #12079);
#13723 = PRESENTATION_STYLE_ASSIGNMENT((#13724));
#13724 = SURFACE_STYLE_USAGE(.BOTH.,#13725);
#13725 = SURFACE_SIDE_STYLE('',(#13726));
#13726 = SURFACE_STYLE_FILL_AREA(#13727);
#13727 = FILL_AREA_STYLE('',(#13728));
#13728 = FILL_AREA_STYLE_COLOUR('',#12086);
#13729 = OVER_RIDING_STYLED_ITEM('overriding color',(#13730),#10094,
  #12079);
#13730 = PRESENTATION_STYLE_ASSIGNMENT((#13731));
#13731 = SURFACE_STYLE_USAGE(.BOTH.,#13732);
#13732 = SURFACE_SIDE_STYLE('',(#13733));
#13733 = SURFACE_STYLE_FILL_AREA(#13734);
#13734 = FILL_AREA_STYLE('',(#13735));
#13735 = FILL_AREA_STYLE_COLOUR('',#12086);
#13736 = OVER_RIDING_STYLED_ITEM('overriding color',(#13737),#10116,
  #12079);
#13737 = PRESENTATION_STYLE_ASSIGNMENT((#13738));
#13738 = SURFACE_STYLE_USAGE(.BOTH.,#13739);
#13739 = SURFACE_SIDE_STYLE('',(#13740));
#13740 = SURFACE_STYLE_FILL_AREA(#13741);
#13741 = FILL_AREA_STYLE('',(#13742));
#13742 = FILL_AREA_STYLE_COLOUR('',#12086);
#13743 = OVER_RIDING_STYLED_ITEM('overriding color',(#13744),#10138,
  #12079);
#13744 = PRESENTATION_STYLE_ASSIGNMENT((#13745));
#13745 = SURFACE_STYLE_USAGE(.BOTH.,#13746);
#13746 = SURFACE_SIDE_STYLE('',(#13747));
#13747 = SURFACE_STYLE_FILL_AREA(#13748);
#13748 = FILL_AREA_STYLE('',(#13749));
#13749 = FILL_AREA_STYLE_COLOUR('',#12086);
#13750 = OVER_RIDING_STYLED_ITEM('overriding color',(#13751),#10160,
  #12079);
#13751 = PRESENTATION_STYLE_ASSIGNMENT((#13752));
#13752 = SURFACE_STYLE_USAGE(.BOTH.,#13753);
#13753 = SURFACE_SIDE_STYLE('',(#13754));
#13754 = SURFACE_STYLE_FILL_AREA(#13755);
#13755 = FILL_AREA_STYLE('',(#13756));
#13756 = FILL_AREA_STYLE_COLOUR('',#12086);
#13757 = OVER_RIDING_STYLED_ITEM('overriding color',(#13758),#10176,
  #12079);
#13758 = PRESENTATION_STYLE_ASSIGNMENT((#13759));
#13759 = SURFACE_STYLE_USAGE(.BOTH.,#13760);
#13760 = SURFACE_SIDE_STYLE('',(#13761));
#13761 = SURFACE_STYLE_FILL_AREA(#13762);
#13762 = FILL_AREA_STYLE('',(#13763));
#13763 = FILL_AREA_STYLE_COLOUR('',#12086);
#13764 = OVER_RIDING_STYLED_ITEM('overriding color',(#13765),#10196,
  #12079);
#13765 = PRESENTATION_STYLE_ASSIGNMENT((#13766));
#13766 = SURFACE_STYLE_USAGE(.BOTH.,#13767);
#13767 = SURFACE_SIDE_STYLE('',(#13768));
#13768 = SURFACE_STYLE_FILL_AREA(#13769);
#13769 = FILL_AREA_STYLE('',(#13770));
#13770 = FILL_AREA_STYLE_COLOUR('',#12086);
#13771 = OVER_RIDING_STYLED_ITEM('overriding color',(#13772),#10320,
  #12079);
#13772 = PRESENTATION_STYLE_ASSIGNMENT((#13773));
#13773 = SURFACE_STYLE_USAGE(.BOTH.,#13774);
#13774 = SURFACE_SIDE_STYLE('',(#13775));
#13775 = SURFACE_STYLE_FILL_AREA(#13776);
#13776 = FILL_AREA_STYLE('',(#13777));
#13777 = FILL_AREA_STYLE_COLOUR('',#12086);
#13778 = OVER_RIDING_STYLED_ITEM('overriding color',(#13779),#10340,
  #12079);
#13779 = PRESENTATION_STYLE_ASSIGNMENT((#13780));
#13780 = SURFACE_STYLE_USAGE(.BOTH.,#13781);
#13781 = SURFACE_SIDE_STYLE('',(#13782));
#13782 = SURFACE_STYLE_FILL_AREA(#13783);
#13783 = FILL_AREA_STYLE('',(#13784));
#13784 = FILL_AREA_STYLE_COLOUR('',#12086);
#13785 = OVER_RIDING_STYLED_ITEM('overriding color',(#13786),#10360,
  #12079);
#13786 = PRESENTATION_STYLE_ASSIGNMENT((#13787));
#13787 = SURFACE_STYLE_USAGE(.BOTH.,#13788);
#13788 = SURFACE_SIDE_STYLE('',(#13789));
#13789 = SURFACE_STYLE_FILL_AREA(#13790);
#13790 = FILL_AREA_STYLE('',(#13791));
#13791 = FILL_AREA_STYLE_COLOUR('',#12086);
#13792 = OVER_RIDING_STYLED_ITEM('overriding color',(#13793),#10380,
  #12079);
#13793 = PRESENTATION_STYLE_ASSIGNMENT((#13794));
#13794 = SURFACE_STYLE_USAGE(.BOTH.,#13795);
#13795 = SURFACE_SIDE_STYLE('',(#13796));
#13796 = SURFACE_STYLE_FILL_AREA(#13797);
#13797 = FILL_AREA_STYLE('',(#13798));
#13798 = FILL_AREA_STYLE_COLOUR('',#12086);
#13799 = OVER_RIDING_STYLED_ITEM('overriding color',(#13800),#10400,
  #12079);
#13800 = PRESENTATION_STYLE_ASSIGNMENT((#13801));
#13801 = SURFACE_STYLE_USAGE(.BOTH.,#13802);
#13802 = SURFACE_SIDE_STYLE('',(#13803));
#13803 = SURFACE_STYLE_FILL_AREA(#13804);
#13804 = FILL_AREA_STYLE('',(#13805));
#13805 = FILL_AREA_STYLE_COLOUR('',#12086);
#13806 = OVER_RIDING_STYLED_ITEM('overriding color',(#13807),#10420,
  #12079);
#13807 = PRESENTATION_STYLE_ASSIGNMENT((#13808));
#13808 = SURFACE_STYLE_USAGE(.BOTH.,#13809);
#13809 = SURFACE_SIDE_STYLE('',(#13810));
#13810 = SURFACE_STYLE_FILL_AREA(#13811);
#13811 = FILL_AREA_STYLE('',(#13812));
#13812 = FILL_AREA_STYLE_COLOUR('',#12086);
#13813 = OVER_RIDING_STYLED_ITEM('overriding color',(#13814),#10436,
  #12079);
#13814 = PRESENTATION_STYLE_ASSIGNMENT((#13815));
#13815 = SURFACE_STYLE_USAGE(.BOTH.,#13816);
#13816 = SURFACE_SIDE_STYLE('',(#13817));
#13817 = SURFACE_STYLE_FILL_AREA(#13818);
#13818 = FILL_AREA_STYLE('',(#13819));
#13819 = FILL_AREA_STYLE_COLOUR('',#12086);
#13820 = OVER_RIDING_STYLED_ITEM('overriding color',(#13821),#10448,
  #12079);
#13821 = PRESENTATION_STYLE_ASSIGNMENT((#13822));
#13822 = SURFACE_STYLE_USAGE(.BOTH.,#13823);
#13823 = SURFACE_SIDE_STYLE('',(#13824));
#13824 = SURFACE_STYLE_FILL_AREA(#13825);
#13825 = FILL_AREA_STYLE('',(#13826));
#13826 = FILL_AREA_STYLE_COLOUR('',#12086);
#13827 = OVER_RIDING_STYLED_ITEM('overriding color',(#13828),#10476,
  #12079);
#13828 = PRESENTATION_STYLE_ASSIGNMENT((#13829));
#13829 = SURFACE_STYLE_USAGE(.BOTH.,#13830);
#13830 = SURFACE_SIDE_STYLE('',(#13831));
#13831 = SURFACE_STYLE_FILL_AREA(#13832);
#13832 = FILL_AREA_STYLE('',(#13833));
#13833 = FILL_AREA_STYLE_COLOUR('',#12086);
#13834 = OVER_RIDING_STYLED_ITEM('overriding color',(#13835),#10498,
  #12079);
#13835 = PRESENTATION_STYLE_ASSIGNMENT((#13836));
#13836 = SURFACE_STYLE_USAGE(.BOTH.,#13837);
#13837 = SURFACE_SIDE_STYLE('',(#13838));
#13838 = SURFACE_STYLE_FILL_AREA(#13839);
#13839 = FILL_AREA_STYLE('',(#13840));
#13840 = FILL_AREA_STYLE_COLOUR('',#12086);
#13841 = OVER_RIDING_STYLED_ITEM('overriding color',(#13842),#10520,
  #12079);
#13842 = PRESENTATION_STYLE_ASSIGNMENT((#13843));
#13843 = SURFACE_STYLE_USAGE(.BOTH.,#13844);
#13844 = SURFACE_SIDE_STYLE('',(#13845));
#13845 = SURFACE_STYLE_FILL_AREA(#13846);
#13846 = FILL_AREA_STYLE('',(#13847));
#13847 = FILL_AREA_STYLE_COLOUR('',#12086);
#13848 = OVER_RIDING_STYLED_ITEM('overriding color',(#13849),#10548,
  #12079);
#13849 = PRESENTATION_STYLE_ASSIGNMENT((#13850));
#13850 = SURFACE_STYLE_USAGE(.BOTH.,#13851);
#13851 = SURFACE_SIDE_STYLE('',(#13852));
#13852 = SURFACE_STYLE_FILL_AREA(#13853);
#13853 = FILL_AREA_STYLE('',(#13854));
#13854 = FILL_AREA_STYLE_COLOUR('',#12086);
#13855 = OVER_RIDING_STYLED_ITEM('overriding color',(#13856),#10576,
  #12079);
#13856 = PRESENTATION_STYLE_ASSIGNMENT((#13857));
#13857 = SURFACE_STYLE_USAGE(.BOTH.,#13858);
#13858 = SURFACE_SIDE_STYLE('',(#13859));
#13859 = SURFACE_STYLE_FILL_AREA(#13860);
#13860 = FILL_AREA_STYLE('',(#13861));
#13861 = FILL_AREA_STYLE_COLOUR('',#12086);
#13862 = OVER_RIDING_STYLED_ITEM('overriding color',(#13863),#10604,
  #12079);
#13863 = PRESENTATION_STYLE_ASSIGNMENT((#13864));
#13864 = SURFACE_STYLE_USAGE(.BOTH.,#13865);
#13865 = SURFACE_SIDE_STYLE('',(#13866));
#13866 = SURFACE_STYLE_FILL_AREA(#13867);
#13867 = FILL_AREA_STYLE('',(#13868));
#13868 = FILL_AREA_STYLE_COLOUR('',#12086);
#13869 = OVER_RIDING_STYLED_ITEM('overriding color',(#13870),#10626,
  #12079);
#13870 = PRESENTATION_STYLE_ASSIGNMENT((#13871));
#13871 = SURFACE_STYLE_USAGE(.BOTH.,#13872);
#13872 = SURFACE_SIDE_STYLE('',(#13873));
#13873 = SURFACE_STYLE_FILL_AREA(#13874);
#13874 = FILL_AREA_STYLE('',(#13875));
#13875 = FILL_AREA_STYLE_COLOUR('',#12096);
#13876 = OVER_RIDING_STYLED_ITEM('overriding color',(#13877),#10641,
  #12079);
#13877 = PRESENTATION_STYLE_ASSIGNMENT((#13878));
#13878 = SURFACE_STYLE_USAGE(.BOTH.,#13879);
#13879 = SURFACE_SIDE_STYLE('',(#13880));
#13880 = SURFACE_STYLE_FILL_AREA(#13881);
#13881 = FILL_AREA_STYLE('',(#13882));
#13882 = FILL_AREA_STYLE_COLOUR('',#12086);
#13883 = OVER_RIDING_STYLED_ITEM('overriding color',(#13884),#10753,
  #12079);
#13884 = PRESENTATION_STYLE_ASSIGNMENT((#13885));
#13885 = SURFACE_STYLE_USAGE(.BOTH.,#13886);
#13886 = SURFACE_SIDE_STYLE('',(#13887));
#13887 = SURFACE_STYLE_FILL_AREA(#13888);
#13888 = FILL_AREA_STYLE('',(#13889));
#13889 = FILL_AREA_STYLE_COLOUR('',#12086);
#13890 = OVER_RIDING_STYLED_ITEM('overriding color',(#13891),#10773,
  #12079);
#13891 = PRESENTATION_STYLE_ASSIGNMENT((#13892));
#13892 = SURFACE_STYLE_USAGE(.BOTH.,#13893);
#13893 = SURFACE_SIDE_STYLE('',(#13894));
#13894 = SURFACE_STYLE_FILL_AREA(#13895);
#13895 = FILL_AREA_STYLE('',(#13896));
#13896 = FILL_AREA_STYLE_COLOUR('',#12086);
#13897 = OVER_RIDING_STYLED_ITEM('overriding color',(#13898),#10789,
  #12079);
#13898 = PRESENTATION_STYLE_ASSIGNMENT((#13899));
#13899 = SURFACE_STYLE_USAGE(.BOTH.,#13900);
#13900 = SURFACE_SIDE_STYLE('',(#13901));
#13901 = SURFACE_STYLE_FILL_AREA(#13902);
#13902 = FILL_AREA_STYLE('',(#13903));
#13903 = FILL_AREA_STYLE_COLOUR('',#12086);
#13904 = OVER_RIDING_STYLED_ITEM('overriding color',(#13905),#10805,
  #12079);
#13905 = PRESENTATION_STYLE_ASSIGNMENT((#13906));
#13906 = SURFACE_STYLE_USAGE(.BOTH.,#13907);
#13907 = SURFACE_SIDE_STYLE('',(#13908));
#13908 = SURFACE_STYLE_FILL_AREA(#13909);
#13909 = FILL_AREA_STYLE('',(#13910));
#13910 = FILL_AREA_STYLE_COLOUR('',#12086);
#13911 = OVER_RIDING_STYLED_ITEM('overriding color',(#13912),#10821,
  #12079);
#13912 = PRESENTATION_STYLE_ASSIGNMENT((#13913));
#13913 = SURFACE_STYLE_USAGE(.BOTH.,#13914);
#13914 = SURFACE_SIDE_STYLE('',(#13915));
#13915 = SURFACE_STYLE_FILL_AREA(#13916);
#13916 = FILL_AREA_STYLE('',(#13917));
#13917 = FILL_AREA_STYLE_COLOUR('',#12086);
#13918 = OVER_RIDING_STYLED_ITEM('overriding color',(#13919),#10837,
  #12079);
#13919 = PRESENTATION_STYLE_ASSIGNMENT((#13920));
#13920 = SURFACE_STYLE_USAGE(.BOTH.,#13921);
#13921 = SURFACE_SIDE_STYLE('',(#13922));
#13922 = SURFACE_STYLE_FILL_AREA(#13923);
#13923 = FILL_AREA_STYLE('',(#13924));
#13924 = FILL_AREA_STYLE_COLOUR('',#12086);
#13925 = OVER_RIDING_STYLED_ITEM('overriding color',(#13926),#10853,
  #12079);
#13926 = PRESENTATION_STYLE_ASSIGNMENT((#13927));
#13927 = SURFACE_STYLE_USAGE(.BOTH.,#13928);
#13928 = SURFACE_SIDE_STYLE('',(#13929));
#13929 = SURFACE_STYLE_FILL_AREA(#13930);
#13930 = FILL_AREA_STYLE('',(#13931));
#13931 = FILL_AREA_STYLE_COLOUR('',#12086);
#13932 = OVER_RIDING_STYLED_ITEM('overriding color',(#13933),#10869,
  #12079);
#13933 = PRESENTATION_STYLE_ASSIGNMENT((#13934));
#13934 = SURFACE_STYLE_USAGE(.BOTH.,#13935);
#13935 = SURFACE_SIDE_STYLE('',(#13936));
#13936 = SURFACE_STYLE_FILL_AREA(#13937);
#13937 = FILL_AREA_STYLE('',(#13938));
#13938 = FILL_AREA_STYLE_COLOUR('',#12086);
#13939 = OVER_RIDING_STYLED_ITEM('overriding color',(#13940),#10881,
  #12079);
#13940 = PRESENTATION_STYLE_ASSIGNMENT((#13941));
#13941 = SURFACE_STYLE_USAGE(.BOTH.,#13942);
#13942 = SURFACE_SIDE_STYLE('',(#13943));
#13943 = SURFACE_STYLE_FILL_AREA(#13944);
#13944 = FILL_AREA_STYLE('',(#13945));
#13945 = FILL_AREA_STYLE_COLOUR('',#12086);
#13946 = OVER_RIDING_STYLED_ITEM('overriding color',(#13947),#10909,
  #12079);
#13947 = PRESENTATION_STYLE_ASSIGNMENT((#13948));
#13948 = SURFACE_STYLE_USAGE(.BOTH.,#13949);
#13949 = SURFACE_SIDE_STYLE('',(#13950));
#13950 = SURFACE_STYLE_FILL_AREA(#13951);
#13951 = FILL_AREA_STYLE('',(#13952));
#13952 = FILL_AREA_STYLE_COLOUR('',#12086);
#13953 = OVER_RIDING_STYLED_ITEM('overriding color',(#13954),#10931,
  #12079);
#13954 = PRESENTATION_STYLE_ASSIGNMENT((#13955));
#13955 = SURFACE_STYLE_USAGE(.BOTH.,#13956);
#13956 = SURFACE_SIDE_STYLE('',(#13957));
#13957 = SURFACE_STYLE_FILL_AREA(#13958);
#13958 = FILL_AREA_STYLE('',(#13959));
#13959 = FILL_AREA_STYLE_COLOUR('',#12086);
#13960 = OVER_RIDING_STYLED_ITEM('overriding color',(#13961),#10959,
  #12079);
#13961 = PRESENTATION_STYLE_ASSIGNMENT((#13962));
#13962 = SURFACE_STYLE_USAGE(.BOTH.,#13963);
#13963 = SURFACE_SIDE_STYLE('',(#13964));
#13964 = SURFACE_STYLE_FILL_AREA(#13965);
#13965 = FILL_AREA_STYLE('',(#13966));
#13966 = FILL_AREA_STYLE_COLOUR('',#12086);
#13967 = OVER_RIDING_STYLED_ITEM('overriding color',(#13968),#10981,
  #12079);
#13968 = PRESENTATION_STYLE_ASSIGNMENT((#13969));
#13969 = SURFACE_STYLE_USAGE(.BOTH.,#13970);
#13970 = SURFACE_SIDE_STYLE('',(#13971));
#13971 = SURFACE_STYLE_FILL_AREA(#13972);
#13972 = FILL_AREA_STYLE('',(#13973));
#13973 = FILL_AREA_STYLE_COLOUR('',#12086);
#13974 = OVER_RIDING_STYLED_ITEM('overriding color',(#13975),#11009,
  #12079);
#13975 = PRESENTATION_STYLE_ASSIGNMENT((#13976));
#13976 = SURFACE_STYLE_USAGE(.BOTH.,#13977);
#13977 = SURFACE_SIDE_STYLE('',(#13978));
#13978 = SURFACE_STYLE_FILL_AREA(#13979);
#13979 = FILL_AREA_STYLE('',(#13980));
#13980 = FILL_AREA_STYLE_COLOUR('',#12086);
#13981 = OVER_RIDING_STYLED_ITEM('overriding color',(#13982),#11025,
  #12079);
#13982 = PRESENTATION_STYLE_ASSIGNMENT((#13983));
#13983 = SURFACE_STYLE_USAGE(.BOTH.,#13984);
#13984 = SURFACE_SIDE_STYLE('',(#13985));
#13985 = SURFACE_STYLE_FILL_AREA(#13986);
#13986 = FILL_AREA_STYLE('',(#13987));
#13987 = FILL_AREA_STYLE_COLOUR('',#12096);
#13988 = OVER_RIDING_STYLED_ITEM('overriding color',(#13989),#11039,
  #12079);
#13989 = PRESENTATION_STYLE_ASSIGNMENT((#13990));
#13990 = SURFACE_STYLE_USAGE(.BOTH.,#13991);
#13991 = SURFACE_SIDE_STYLE('',(#13992));
#13992 = SURFACE_STYLE_FILL_AREA(#13993);
#13993 = FILL_AREA_STYLE('',(#13994));
#13994 = FILL_AREA_STYLE_COLOUR('',#12086);
#13995 = OVER_RIDING_STYLED_ITEM('overriding color',(#13996),#11359,
  #12079);
#13996 = PRESENTATION_STYLE_ASSIGNMENT((#13997));
#13997 = SURFACE_STYLE_USAGE(.BOTH.,#13998);
#13998 = SURFACE_SIDE_STYLE('',(#13999));
#13999 = SURFACE_STYLE_FILL_AREA(#14000);
#14000 = FILL_AREA_STYLE('',(#14001));
#14001 = FILL_AREA_STYLE_COLOUR('',#12086);
#14002 = OVER_RIDING_STYLED_ITEM('overriding color',(#14003),#11383,
  #12079);
#14003 = PRESENTATION_STYLE_ASSIGNMENT((#14004));
#14004 = SURFACE_STYLE_USAGE(.BOTH.,#14005);
#14005 = SURFACE_SIDE_STYLE('',(#14006));
#14006 = SURFACE_STYLE_FILL_AREA(#14007);
#14007 = FILL_AREA_STYLE('',(#14008));
#14008 = FILL_AREA_STYLE_COLOUR('',#12086);
#14009 = OVER_RIDING_STYLED_ITEM('overriding color',(#14010),#11403,
  #12079);
#14010 = PRESENTATION_STYLE_ASSIGNMENT((#14011));
#14011 = SURFACE_STYLE_USAGE(.BOTH.,#14012);
#14012 = SURFACE_SIDE_STYLE('',(#14013));
#14013 = SURFACE_STYLE_FILL_AREA(#14014);
#14014 = FILL_AREA_STYLE('',(#14015));
#14015 = FILL_AREA_STYLE_COLOUR('',#12086);
#14016 = OVER_RIDING_STYLED_ITEM('overriding color',(#14017),#11423,
  #12079);
#14017 = PRESENTATION_STYLE_ASSIGNMENT((#14018));
#14018 = SURFACE_STYLE_USAGE(.BOTH.,#14019);
#14019 = SURFACE_SIDE_STYLE('',(#14020));
#14020 = SURFACE_STYLE_FILL_AREA(#14021);
#14021 = FILL_AREA_STYLE('',(#14022));
#14022 = FILL_AREA_STYLE_COLOUR('',#12086);
#14023 = OVER_RIDING_STYLED_ITEM('overriding color',(#14024),#11443,
  #12079);
#14024 = PRESENTATION_STYLE_ASSIGNMENT((#14025));
#14025 = SURFACE_STYLE_USAGE(.BOTH.,#14026);
#14026 = SURFACE_SIDE_STYLE('',(#14027));
#14027 = SURFACE_STYLE_FILL_AREA(#14028);
#14028 = FILL_AREA_STYLE('',(#14029));
#14029 = FILL_AREA_STYLE_COLOUR('',#12086);
#14030 = OVER_RIDING_STYLED_ITEM('overriding color',(#14031),#11463,
  #12079);
#14031 = PRESENTATION_STYLE_ASSIGNMENT((#14032));
#14032 = SURFACE_STYLE_USAGE(.BOTH.,#14033);
#14033 = SURFACE_SIDE_STYLE('',(#14034));
#14034 = SURFACE_STYLE_FILL_AREA(#14035);
#14035 = FILL_AREA_STYLE('',(#14036));
#14036 = FILL_AREA_STYLE_COLOUR('',#12086);
#14037 = OVER_RIDING_STYLED_ITEM('overriding color',(#14038),#11483,
  #12079);
#14038 = PRESENTATION_STYLE_ASSIGNMENT((#14039));
#14039 = SURFACE_STYLE_USAGE(.BOTH.,#14040);
#14040 = SURFACE_SIDE_STYLE('',(#14041));
#14041 = SURFACE_STYLE_FILL_AREA(#14042);
#14042 = FILL_AREA_STYLE('',(#14043));
#14043 = FILL_AREA_STYLE_COLOUR('',#12086);
#14044 = OVER_RIDING_STYLED_ITEM('overriding color',(#14045),#11503,
  #12079);
#14045 = PRESENTATION_STYLE_ASSIGNMENT((#14046));
#14046 = SURFACE_STYLE_USAGE(.BOTH.,#14047);
#14047 = SURFACE_SIDE_STYLE('',(#14048));
#14048 = SURFACE_STYLE_FILL_AREA(#14049);
#14049 = FILL_AREA_STYLE('',(#14050));
#14050 = FILL_AREA_STYLE_COLOUR('',#12086);
#14051 = OVER_RIDING_STYLED_ITEM('overriding color',(#14052),#11523,
  #12079);
#14052 = PRESENTATION_STYLE_ASSIGNMENT((#14053));
#14053 = SURFACE_STYLE_USAGE(.BOTH.,#14054);
#14054 = SURFACE_SIDE_STYLE('',(#14055));
#14055 = SURFACE_STYLE_FILL_AREA(#14056);
#14056 = FILL_AREA_STYLE('',(#14057));
#14057 = FILL_AREA_STYLE_COLOUR('',#12086);
#14058 = OVER_RIDING_STYLED_ITEM('overriding color',(#14059),#11543,
  #12079);
#14059 = PRESENTATION_STYLE_ASSIGNMENT((#14060));
#14060 = SURFACE_STYLE_USAGE(.BOTH.,#14061);
#14061 = SURFACE_SIDE_STYLE('',(#14062));
#14062 = SURFACE_STYLE_FILL_AREA(#14063);
#14063 = FILL_AREA_STYLE('',(#14064));
#14064 = FILL_AREA_STYLE_COLOUR('',#12086);
#14065 = OVER_RIDING_STYLED_ITEM('overriding color',(#14066),#11563,
  #12079);
#14066 = PRESENTATION_STYLE_ASSIGNMENT((#14067));
#14067 = SURFACE_STYLE_USAGE(.BOTH.,#14068);
#14068 = SURFACE_SIDE_STYLE('',(#14069));
#14069 = SURFACE_STYLE_FILL_AREA(#14070);
#14070 = FILL_AREA_STYLE('',(#14071));
#14071 = FILL_AREA_STYLE_COLOUR('',#12086);
#14072 = OVER_RIDING_STYLED_ITEM('overriding color',(#14073),#11583,
  #12079);
#14073 = PRESENTATION_STYLE_ASSIGNMENT((#14074));
#14074 = SURFACE_STYLE_USAGE(.BOTH.,#14075);
#14075 = SURFACE_SIDE_STYLE('',(#14076));
#14076 = SURFACE_STYLE_FILL_AREA(#14077);
#14077 = FILL_AREA_STYLE('',(#14078));
#14078 = FILL_AREA_STYLE_COLOUR('',#12086);
#14079 = OVER_RIDING_STYLED_ITEM('overriding color',(#14080),#11603,
  #12079);
#14080 = PRESENTATION_STYLE_ASSIGNMENT((#14081));
#14081 = SURFACE_STYLE_USAGE(.BOTH.,#14082);
#14082 = SURFACE_SIDE_STYLE('',(#14083));
#14083 = SURFACE_STYLE_FILL_AREA(#14084);
#14084 = FILL_AREA_STYLE('',(#14085));
#14085 = FILL_AREA_STYLE_COLOUR('',#12086);
#14086 = OVER_RIDING_STYLED_ITEM('overriding color',(#14087),#11619,
  #12079);
#14087 = PRESENTATION_STYLE_ASSIGNMENT((#14088));
#14088 = SURFACE_STYLE_USAGE(.BOTH.,#14089);
#14089 = SURFACE_SIDE_STYLE('',(#14090));
#14090 = SURFACE_STYLE_FILL_AREA(#14091);
#14091 = FILL_AREA_STYLE('',(#14092));
#14092 = FILL_AREA_STYLE_COLOUR('',#12086);
#14093 = OVER_RIDING_STYLED_ITEM('overriding color',(#14094),#11635,
  #12079);
#14094 = PRESENTATION_STYLE_ASSIGNMENT((#14095));
#14095 = SURFACE_STYLE_USAGE(.BOTH.,#14096);
#14096 = SURFACE_SIDE_STYLE('',(#14097));
#14097 = SURFACE_STYLE_FILL_AREA(#14098);
#14098 = FILL_AREA_STYLE('',(#14099));
#14099 = FILL_AREA_STYLE_COLOUR('',#12086);
#14100 = OVER_RIDING_STYLED_ITEM('overriding color',(#14101),#11651,
  #12079);
#14101 = PRESENTATION_STYLE_ASSIGNMENT((#14102));
#14102 = SURFACE_STYLE_USAGE(.BOTH.,#14103);
#14103 = SURFACE_SIDE_STYLE('',(#14104));
#14104 = SURFACE_STYLE_FILL_AREA(#14105);
#14105 = FILL_AREA_STYLE('',(#14106));
#14106 = FILL_AREA_STYLE_COLOUR('',#12086);
#14107 = OVER_RIDING_STYLED_ITEM('overriding color',(#14108),#11667,
  #12079);
#14108 = PRESENTATION_STYLE_ASSIGNMENT((#14109));
#14109 = SURFACE_STYLE_USAGE(.BOTH.,#14110);
#14110 = SURFACE_SIDE_STYLE('',(#14111));
#14111 = SURFACE_STYLE_FILL_AREA(#14112);
#14112 = FILL_AREA_STYLE('',(#14113));
#14113 = FILL_AREA_STYLE_COLOUR('',#12086);
#14114 = OVER_RIDING_STYLED_ITEM('overriding color',(#14115),#11687,
  #12079);
#14115 = PRESENTATION_STYLE_ASSIGNMENT((#14116));
#14116 = SURFACE_STYLE_USAGE(.BOTH.,#14117);
#14117 = SURFACE_SIDE_STYLE('',(#14118));
#14118 = SURFACE_STYLE_FILL_AREA(#14119);
#14119 = FILL_AREA_STYLE('',(#14120));
#14120 = FILL_AREA_STYLE_COLOUR('',#12086);
#14121 = OVER_RIDING_STYLED_ITEM('overriding color',(#14122),#11707,
  #12079);
#14122 = PRESENTATION_STYLE_ASSIGNMENT((#14123));
#14123 = SURFACE_STYLE_USAGE(.BOTH.,#14124);
#14124 = SURFACE_SIDE_STYLE('',(#14125));
#14125 = SURFACE_STYLE_FILL_AREA(#14126);
#14126 = FILL_AREA_STYLE('',(#14127));
#14127 = FILL_AREA_STYLE_COLOUR('',#12086);
#14128 = OVER_RIDING_STYLED_ITEM('overriding color',(#14129),#11727,
  #12079);
#14129 = PRESENTATION_STYLE_ASSIGNMENT((#14130));
#14130 = SURFACE_STYLE_USAGE(.BOTH.,#14131);
#14131 = SURFACE_SIDE_STYLE('',(#14132));
#14132 = SURFACE_STYLE_FILL_AREA(#14133);
#14133 = FILL_AREA_STYLE('',(#14134));
#14134 = FILL_AREA_STYLE_COLOUR('',#12086);
#14135 = OVER_RIDING_STYLED_ITEM('overriding color',(#14136),#11747,
  #12079);
#14136 = PRESENTATION_STYLE_ASSIGNMENT((#14137));
#14137 = SURFACE_STYLE_USAGE(.BOTH.,#14138);
#14138 = SURFACE_SIDE_STYLE('',(#14139));
#14139 = SURFACE_STYLE_FILL_AREA(#14140);
#14140 = FILL_AREA_STYLE('',(#14141));
#14141 = FILL_AREA_STYLE_COLOUR('',#12086);
#14142 = OVER_RIDING_STYLED_ITEM('overriding color',(#14143),#11767,
  #12079);
#14143 = PRESENTATION_STYLE_ASSIGNMENT((#14144));
#14144 = SURFACE_STYLE_USAGE(.BOTH.,#14145);
#14145 = SURFACE_SIDE_STYLE('',(#14146));
#14146 = SURFACE_STYLE_FILL_AREA(#14147);
#14147 = FILL_AREA_STYLE('',(#14148));
#14148 = FILL_AREA_STYLE_COLOUR('',#12086);
#14149 = OVER_RIDING_STYLED_ITEM('overriding color',(#14150),#11787,
  #12079);
#14150 = PRESENTATION_STYLE_ASSIGNMENT((#14151));
#14151 = SURFACE_STYLE_USAGE(.BOTH.,#14152);
#14152 = SURFACE_SIDE_STYLE('',(#14153));
#14153 = SURFACE_STYLE_FILL_AREA(#14154);
#14154 = FILL_AREA_STYLE('',(#14155));
#14155 = FILL_AREA_STYLE_COLOUR('',#12086);
#14156 = OVER_RIDING_STYLED_ITEM('overriding color',(#14157),#11807,
  #12079);
#14157 = PRESENTATION_STYLE_ASSIGNMENT((#14158));
#14158 = SURFACE_STYLE_USAGE(.BOTH.,#14159);
#14159 = SURFACE_SIDE_STYLE('',(#14160));
#14160 = SURFACE_STYLE_FILL_AREA(#14161);
#14161 = FILL_AREA_STYLE('',(#14162));
#14162 = FILL_AREA_STYLE_COLOUR('',#12086);
#14163 = OVER_RIDING_STYLED_ITEM('overriding color',(#14164),#11823,
  #12079);
#14164 = PRESENTATION_STYLE_ASSIGNMENT((#14165));
#14165 = SURFACE_STYLE_USAGE(.BOTH.,#14166);
#14166 = SURFACE_SIDE_STYLE('',(#14167));
#14167 = SURFACE_STYLE_FILL_AREA(#14168);
#14168 = FILL_AREA_STYLE('',(#14169));
#14169 = FILL_AREA_STYLE_COLOUR('',#12086);
#14170 = OVER_RIDING_STYLED_ITEM('overriding color',(#14171),#11843,
  #12079);
#14171 = PRESENTATION_STYLE_ASSIGNMENT((#14172));
#14172 = SURFACE_STYLE_USAGE(.BOTH.,#14173);
#14173 = SURFACE_SIDE_STYLE('',(#14174));
#14174 = SURFACE_STYLE_FILL_AREA(#14175);
#14175 = FILL_AREA_STYLE('',(#14176));
#14176 = FILL_AREA_STYLE_COLOUR('',#12086);
#14177 = OVER_RIDING_STYLED_ITEM('overriding color',(#14178),#11863,
  #12079);
#14178 = PRESENTATION_STYLE_ASSIGNMENT((#14179));
#14179 = SURFACE_STYLE_USAGE(.BOTH.,#14180);
#14180 = SURFACE_SIDE_STYLE('',(#14181));
#14181 = SURFACE_STYLE_FILL_AREA(#14182);
#14182 = FILL_AREA_STYLE('',(#14183));
#14183 = FILL_AREA_STYLE_COLOUR('',#12086);
#14184 = OVER_RIDING_STYLED_ITEM('overriding color',(#14185),#11879,
  #12079);
#14185 = PRESENTATION_STYLE_ASSIGNMENT((#14186));
#14186 = SURFACE_STYLE_USAGE(.BOTH.,#14187);
#14187 = SURFACE_SIDE_STYLE('',(#14188));
#14188 = SURFACE_STYLE_FILL_AREA(#14189);
#14189 = FILL_AREA_STYLE('',(#14190));
#14190 = FILL_AREA_STYLE_COLOUR('',#12086);
#14191 = OVER_RIDING_STYLED_ITEM('overriding color',(#14192),#11899,
  #12079);
#14192 = PRESENTATION_STYLE_ASSIGNMENT((#14193));
#14193 = SURFACE_STYLE_USAGE(.BOTH.,#14194);
#14194 = SURFACE_SIDE_STYLE('',(#14195));
#14195 = SURFACE_STYLE_FILL_AREA(#14196);
#14196 = FILL_AREA_STYLE('',(#14197));
#14197 = FILL_AREA_STYLE_COLOUR('',#12086);
#14198 = OVER_RIDING_STYLED_ITEM('overriding color',(#14199),#11919,
  #12079);
#14199 = PRESENTATION_STYLE_ASSIGNMENT((#14200));
#14200 = SURFACE_STYLE_USAGE(.BOTH.,#14201);
#14201 = SURFACE_SIDE_STYLE('',(#14202));
#14202 = SURFACE_STYLE_FILL_AREA(#14203);
#14203 = FILL_AREA_STYLE('',(#14204));
#14204 = FILL_AREA_STYLE_COLOUR('',#12086);
#14205 = OVER_RIDING_STYLED_ITEM('overriding color',(#14206),#11939,
  #12079);
#14206 = PRESENTATION_STYLE_ASSIGNMENT((#14207));
#14207 = SURFACE_STYLE_USAGE(.BOTH.,#14208);
#14208 = SURFACE_SIDE_STYLE('',(#14209));
#14209 = SURFACE_STYLE_FILL_AREA(#14210);
#14210 = FILL_AREA_STYLE('',(#14211));
#14211 = FILL_AREA_STYLE_COLOUR('',#12086);
#14212 = OVER_RIDING_STYLED_ITEM('overriding color',(#14213),#11955,
  #12079);
#14213 = PRESENTATION_STYLE_ASSIGNMENT((#14214));
#14214 = SURFACE_STYLE_USAGE(.BOTH.,#14215);
#14215 = SURFACE_SIDE_STYLE('',(#14216));
#14216 = SURFACE_STYLE_FILL_AREA(#14217);
#14217 = FILL_AREA_STYLE('',(#14218));
#14218 = FILL_AREA_STYLE_COLOUR('',#12086);
#14219 = OVER_RIDING_STYLED_ITEM('overriding color',(#14220),#11975,
  #12079);
#14220 = PRESENTATION_STYLE_ASSIGNMENT((#14221));
#14221 = SURFACE_STYLE_USAGE(.BOTH.,#14222);
#14222 = SURFACE_SIDE_STYLE('',(#14223));
#14223 = SURFACE_STYLE_FILL_AREA(#14224);
#14224 = FILL_AREA_STYLE('',(#14225));
#14225 = FILL_AREA_STYLE_COLOUR('',#12086);
#14226 = OVER_RIDING_STYLED_ITEM('overriding color',(#14227),#11991,
  #12079);
#14227 = PRESENTATION_STYLE_ASSIGNMENT((#14228));
#14228 = SURFACE_STYLE_USAGE(.BOTH.,#14229);
#14229 = SURFACE_SIDE_STYLE('',(#14230));
#14230 = SURFACE_STYLE_FILL_AREA(#14231);
#14231 = FILL_AREA_STYLE('',(#14232));
#14232 = FILL_AREA_STYLE_COLOUR('',#12086);
#14233 = OVER_RIDING_STYLED_ITEM('overriding color',(#14234),#12034,
  #12079);
#14234 = PRESENTATION_STYLE_ASSIGNMENT((#14235));
#14235 = SURFACE_STYLE_USAGE(.BOTH.,#14236);
#14236 = SURFACE_SIDE_STYLE('',(#14237));
#14237 = SURFACE_STYLE_FILL_AREA(#14238);
#14238 = FILL_AREA_STYLE('',(#14239));
#14239 = FILL_AREA_STYLE_COLOUR('',#12086);
#14240 = OVER_RIDING_STYLED_ITEM('overriding color',(#14241),#12062,
  #12079);
#14241 = PRESENTATION_STYLE_ASSIGNMENT((#14242));
#14242 = SURFACE_STYLE_USAGE(.BOTH.,#14243);
#14243 = SURFACE_SIDE_STYLE('',(#14244));
#14244 = SURFACE_STYLE_FILL_AREA(#14245);
#14245 = FILL_AREA_STYLE('',(#14246));
#14246 = FILL_AREA_STYLE_COLOUR('',#12096);
ENDSEC;
END-ISO-10303-21;
