ISO-10303-21;
HEADER;
FILE_DESCRIPTION(('Open CASCADE Model'),'2;1');
FILE_NAME('Open CASCADE Shape Model','2026-06-22T11:57:25',('Author'),(
    'Open CASCADE'),'Open CASCADE STEP processor 7.9','Open CASCADE 7.9'
  ,'Unknown');
FILE_SCHEMA(('AUTOMOTIVE_DESIGN { 1 0 10303 214 1 1 1 1 }'));
ENDSEC;
DATA;
#1 = APPLICATION_PROTOCOL_DEFINITION('international standard',
  'automotive_design',2000,#2);
#2 = APPLICATION_CONTEXT(
  'core data for automotive mechanical design processes');
#3 = SHAPE_DEFINITION_REPRESENTATION(#4,#10);
#4 = PRODUCT_DEFINITION_SHAPE('','',#5);
#5 = PRODUCT_DEFINITION('design','',#6,#9);
#6 = PRODUCT_DEFINITION_FORMATION('','',#7);
#7 = PRODUCT('COMPOUND','COMPOUND','',(#8));
#8 = PRODUCT_CONTEXT('',#2,'mechanical');
#9 = PRODUCT_DEFINITION_CONTEXT('part definition',#2,'design');
#10 = SHAPE_REPRESENTATION('',(#11,#15,#4627,#5037),#5447);
#11 = AXIS2_PLACEMENT_3D('',#12,#13,#14);
#12 = CARTESIAN_POINT('',(0.,0.,0.));
#13 = DIRECTION('',(0.,0.,1.));
#14 = DIRECTION('',(1.,0.,-0.));
#15 = MANIFOLD_SOLID_BREP('',#16);
#16 = CLOSED_SHELL('',(#17,#46,#74,#96,#112,#181,#209,#231,#253,#275,
    #297,#319,#341,#357,#915,#943,#965,#987,#1009,#1031,#1047,#1075,
    #1097,#1119,#1141,#1163,#1185,#1207,#1229,#1251,#1273,#1295,#1317,
    #1339,#1361,#1383,#1405,#1427,#1449,#1471,#1493,#1515,#1537,#1559,
    #1581,#1603,#1625,#1647,#1669,#1691,#1713,#1735,#1757,#1779,#1801,
    #1823,#1845,#1867,#1889,#1911,#1927,#1955,#1977,#1999,#2021,#2043,
    #2065,#2087,#2109,#2131,#2153,#2175,#2191,#2219,#2241,#2263,#2285,
    #2307,#2329,#2351,#2373,#2395,#2417,#2439,#2461,#2483,#2499,#2583,
    #2633,#2831,#2861,#2875,#2923,#2943,#3051,#3085,#3101,#3145,#3189,
    #3211,#3239,#3255,#3285,#3301,#3329,#3491,#3507,#3530,#3546,#3564,
    #3580,#3598,#3614,#3632,#3648,#3666,#3682,#3700,#3716,#3734,#3750,
    #3768,#3784,#3802,#3814,#3830,#3872,#3900,#3922,#3944,#3966,#3988,
    #4010,#4032,#4054,#4076,#4098,#4120,#4136,#4178,#4200,#4223,#4251,
    #4267,#4283,#4321,#4403,#4435,#4455,#4471,#4487,#4499,#4519,#4539,
    #4555,#4571,#4583,#4599,#4615));
#17 = ADVANCED_FACE('',(#18),#41,.F.);
#18 = FACE_BOUND('',#19,.T.);
#19 = EDGE_LOOP('',(#20,#29,#36));
#20 = ORIENTED_EDGE('',*,*,#21,.F.);
#21 = EDGE_CURVE('',#22,#24,#26,.T.);
#22 = VERTEX_POINT('',#23);
#23 = CARTESIAN_POINT('',(3.120212760568,0.90133325386,3.4000001));
#24 = VERTEX_POINT('',#25);
#25 = CARTESIAN_POINT('',(3.407446813583,0.99508325386,3.4000001));
#26 = B_SPLINE_CURVE_WITH_KNOTS('',1,(#27,#28),.UNSPECIFIED.,.F.,.F.,(2,
    2),(0.,0.302146427601),.PIECEWISE_BEZIER_KNOTS.);
#27 = CARTESIAN_POINT('',(3.120212760568,0.90133325386,3.4000001));
#28 = CARTESIAN_POINT('',(3.407446813583,0.99508325386,3.4000001));
#29 = ORIENTED_EDGE('',*,*,#30,.F.);
#30 = EDGE_CURVE('',#31,#22,#33,.T.);
#31 = VERTEX_POINT('',#32);
#32 = CARTESIAN_POINT('',(3.120212760568,1.08883325386,3.4000001));
#33 = B_SPLINE_CURVE_WITH_KNOTS('',1,(#34,#35),.UNSPECIFIED.,.F.,.F.,(2,
    2),(0.,0.1875),.PIECEWISE_BEZIER_KNOTS.);
#34 = CARTESIAN_POINT('',(3.120212760568,1.08883325386,3.4000001));
#35 = CARTESIAN_POINT('',(3.120212760568,0.90133325386,3.4000001));
#36 = ORIENTED_EDGE('',*,*,#37,.F.);
#37 = EDGE_CURVE('',#24,#31,#38,.T.);
#38 = B_SPLINE_CURVE_WITH_KNOTS('',1,(#39,#40),.UNSPECIFIED.,.F.,.F.,(2,
    2),(0.,0.302146427601),.PIECEWISE_BEZIER_KNOTS.);
#39 = CARTESIAN_POINT('',(3.407446813583,0.99508325386,3.4000001));
#40 = CARTESIAN_POINT('',(3.120212760568,1.08883325386,3.4000001));
#41 = B_SPLINE_SURFACE_WITH_KNOTS('',1,1,(
    (#42,#43)
    ,(#44,#45
    )),.UNSPECIFIED.,.F.,.F.,.F.,(2,2),(2,2),(3.120212760568,
    3.407446813583),(0.90133325386,1.08883325386),
  .PIECEWISE_BEZIER_KNOTS.);
#42 = CARTESIAN_POINT('',(3.120212760568,0.90133325386,3.4000001));
#43 = CARTESIAN_POINT('',(3.120212760568,1.08883325386,3.4000001));
#44 = CARTESIAN_POINT('',(3.407446813583,0.90133325386,3.4000001));
#45 = CARTESIAN_POINT('',(3.407446813583,1.08883325386,3.4000001));
#46 = ADVANCED_FACE('',(#47),#69,.T.);
#47 = FACE_BOUND('',#48,.T.);
#48 = EDGE_LOOP('',(#49,#56,#63,#68));
#49 = ORIENTED_EDGE('',*,*,#50,.T.);
#50 = EDGE_CURVE('',#24,#51,#53,.T.);
#51 = VERTEX_POINT('',#52);
#52 = CARTESIAN_POINT('',(3.407446813583,0.99508325386,3.3500001));
#53 = B_SPLINE_CURVE_WITH_KNOTS('',1,(#54,#55),.UNSPECIFIED.,.F.,.F.,(2,
    2),(0.,5.E-02),.PIECEWISE_BEZIER_KNOTS.);
#54 = CARTESIAN_POINT('',(3.407446813583,0.99508325386,3.4000001));
#55 = CARTESIAN_POINT('',(3.407446813583,0.99508325386,3.3500001));
#56 = ORIENTED_EDGE('',*,*,#57,.F.);
#57 = EDGE_CURVE('',#58,#51,#60,.T.);
#58 = VERTEX_POINT('',#59);
#59 = CARTESIAN_POINT('',(3.120212760568,0.90133325386,3.3500001));
#60 = B_SPLINE_CURVE_WITH_KNOTS('',1,(#61,#62),.UNSPECIFIED.,.F.,.F.,(2,
    2),(0.,0.302146427601),.PIECEWISE_BEZIER_KNOTS.);
#61 = CARTESIAN_POINT('',(3.120212760568,0.90133325386,3.3500001));
#62 = CARTESIAN_POINT('',(3.407446813583,0.99508325386,3.3500001));
#63 = ORIENTED_EDGE('',*,*,#64,.F.);
#64 = EDGE_CURVE('',#22,#58,#65,.T.);
#65 = B_SPLINE_CURVE_WITH_KNOTS('',1,(#66,#67),.UNSPECIFIED.,.F.,.F.,(2,
    2),(0.,5.E-02),.PIECEWISE_BEZIER_KNOTS.);
#66 = CARTESIAN_POINT('',(3.120212760568,0.90133325386,3.4000001));
#67 = CARTESIAN_POINT('',(3.120212760568,0.90133325386,3.3500001));
#68 = ORIENTED_EDGE('',*,*,#21,.T.);
#69 = B_SPLINE_SURFACE_WITH_KNOTS('',1,1,(
    (#70,#71)
    ,(#72,#73
    )),.UNSPECIFIED.,.F.,.F.,.F.,(2,2),(2,2),(0.,0.302146427601),(0.,
    5.E-02),.PIECEWISE_BEZIER_KNOTS.);
#70 = CARTESIAN_POINT('',(3.120212760568,0.90133325386,3.4000001));
#71 = CARTESIAN_POINT('',(3.120212760568,0.90133325386,3.3500001));
#72 = CARTESIAN_POINT('',(3.407446813583,0.99508325386,3.4000001));
#73 = CARTESIAN_POINT('',(3.407446813583,0.99508325386,3.3500001));
#74 = ADVANCED_FACE('',(#75),#91,.T.);
#75 = FACE_BOUND('',#76,.T.);
#76 = EDGE_LOOP('',(#77,#78,#85,#90));
#77 = ORIENTED_EDGE('',*,*,#64,.T.);
#78 = ORIENTED_EDGE('',*,*,#79,.F.);
#79 = EDGE_CURVE('',#80,#58,#82,.T.);
#80 = VERTEX_POINT('',#81);
#81 = CARTESIAN_POINT('',(3.120212760568,1.08883325386,3.3500001));
#82 = B_SPLINE_CURVE_WITH_KNOTS('',1,(#83,#84),.UNSPECIFIED.,.F.,.F.,(2,
    2),(0.,0.1875),.PIECEWISE_BEZIER_KNOTS.);
#83 = CARTESIAN_POINT('',(3.120212760568,1.08883325386,3.3500001));
#84 = CARTESIAN_POINT('',(3.120212760568,0.90133325386,3.3500001));
#85 = ORIENTED_EDGE('',*,*,#86,.F.);
#86 = EDGE_CURVE('',#31,#80,#87,.T.);
#87 = B_SPLINE_CURVE_WITH_KNOTS('',1,(#88,#89),.UNSPECIFIED.,.F.,.F.,(2,
    2),(0.,5.E-02),.PIECEWISE_BEZIER_KNOTS.);
#88 = CARTESIAN_POINT('',(3.120212760568,1.08883325386,3.4000001));
#89 = CARTESIAN_POINT('',(3.120212760568,1.08883325386,3.3500001));
#90 = ORIENTED_EDGE('',*,*,#30,.T.);
#91 = B_SPLINE_SURFACE_WITH_KNOTS('',1,1,(
    (#92,#93)
    ,(#94,#95
    )),.UNSPECIFIED.,.F.,.F.,.F.,(2,2),(2,2),(0.,0.1875),(0.,5.E-02),
  .PIECEWISE_BEZIER_KNOTS.);
#92 = CARTESIAN_POINT('',(3.120212760568,1.08883325386,3.4000001));
#93 = CARTESIAN_POINT('',(3.120212760568,1.08883325386,3.3500001));
#94 = CARTESIAN_POINT('',(3.120212760568,0.90133325386,3.4000001));
#95 = CARTESIAN_POINT('',(3.120212760568,0.90133325386,3.3500001));
#96 = ADVANCED_FACE('',(#97),#107,.T.);
#97 = FACE_BOUND('',#98,.T.);
#98 = EDGE_LOOP('',(#99,#100,#105,#106));
#99 = ORIENTED_EDGE('',*,*,#86,.T.);
#100 = ORIENTED_EDGE('',*,*,#101,.F.);
#101 = EDGE_CURVE('',#51,#80,#102,.T.);
#102 = B_SPLINE_CURVE_WITH_KNOTS('',1,(#103,#104),.UNSPECIFIED.,.F.,.F.,
  (2,2),(0.,0.302146427601),.PIECEWISE_BEZIER_KNOTS.);
#103 = CARTESIAN_POINT('',(3.407446813583,0.99508325386,3.3500001));
#104 = CARTESIAN_POINT('',(3.120212760568,1.08883325386,3.3500001));
#105 = ORIENTED_EDGE('',*,*,#50,.F.);
#106 = ORIENTED_EDGE('',*,*,#37,.T.);
#107 = B_SPLINE_SURFACE_WITH_KNOTS('',1,1,(
    (#108,#109)
    ,(#110,#111
    )),.UNSPECIFIED.,.F.,.F.,.F.,(2,2),(2,2),(0.,0.302146427601),(0.,
    5.E-02),.PIECEWISE_BEZIER_KNOTS.);
#108 = CARTESIAN_POINT('',(3.407446813583,0.99508325386,3.4000001));
#109 = CARTESIAN_POINT('',(3.407446813583,0.99508325386,3.3500001));
#110 = CARTESIAN_POINT('',(3.120212760568,1.08883325386,3.4000001));
#111 = CARTESIAN_POINT('',(3.120212760568,1.08883325386,3.3500001));
#112 = ADVANCED_FACE('',(#113,#118),#176,.T.);
#113 = FACE_BOUND('',#114,.T.);
#114 = EDGE_LOOP('',(#115,#116,#117));
#115 = ORIENTED_EDGE('',*,*,#79,.T.);
#116 = ORIENTED_EDGE('',*,*,#57,.T.);
#117 = ORIENTED_EDGE('',*,*,#101,.T.);
#118 = FACE_BOUND('',#119,.T.);
#119 = EDGE_LOOP('',(#120,#129,#136,#143,#150,#157,#164,#171));
#120 = ORIENTED_EDGE('',*,*,#121,.T.);
#121 = EDGE_CURVE('',#122,#124,#126,.T.);
#122 = VERTEX_POINT('',#123);
#123 = CARTESIAN_POINT('',(3.45,0.95341674614,3.3500001));
#124 = VERTEX_POINT('',#125);
#125 = CARTESIAN_POINT('',(2.95,0.78675,3.3500001));
#126 = B_SPLINE_CURVE_WITH_KNOTS('',1,(#127,#128),.UNSPECIFIED.,.F.,.F.,
  (2,2),(0.,0.527046301826),.PIECEWISE_BEZIER_KNOTS.);
#127 = CARTESIAN_POINT('',(3.45,0.95341674614,3.3500001));
#128 = CARTESIAN_POINT('',(2.95,0.78675,3.3500001));
#129 = ORIENTED_EDGE('',*,*,#130,.T.);
#130 = EDGE_CURVE('',#124,#131,#133,.T.);
#131 = VERTEX_POINT('',#132);
#132 = CARTESIAN_POINT('',(2.95,0.84925,3.3500001));
#133 = B_SPLINE_CURVE_WITH_KNOTS('',1,(#134,#135),.UNSPECIFIED.,.F.,.F.,
  (2,2),(0.,6.25E-02),.PIECEWISE_BEZIER_KNOTS.);
#134 = CARTESIAN_POINT('',(2.95,0.78675,3.3500001));
#135 = CARTESIAN_POINT('',(2.95,0.84925,3.3500001));
#136 = ORIENTED_EDGE('',*,*,#137,.T.);
#137 = EDGE_CURVE('',#131,#138,#140,.T.);
#138 = VERTEX_POINT('',#139);
#139 = CARTESIAN_POINT('',(3.077659574151,0.89091674614,3.3500001));
#140 = B_SPLINE_CURVE_WITH_KNOTS('',1,(#141,#142),.UNSPECIFIED.,.F.,.F.,
  (2,2),(0.,0.134287321093),.PIECEWISE_BEZIER_KNOTS.);
#141 = CARTESIAN_POINT('',(2.95,0.84925,3.3500001));
#142 = CARTESIAN_POINT('',(3.077659574151,0.89091674614,3.3500001));
#143 = ORIENTED_EDGE('',*,*,#144,.T.);
#144 = EDGE_CURVE('',#138,#145,#147,.T.);
#145 = VERTEX_POINT('',#146);
#146 = CARTESIAN_POINT('',(3.077659574151,1.09925,3.3500001));
#147 = B_SPLINE_CURVE_WITH_KNOTS('',1,(#148,#149),.UNSPECIFIED.,.F.,.F.,
  (2,2),(0.,0.20833325386),.PIECEWISE_BEZIER_KNOTS.);
#148 = CARTESIAN_POINT('',(3.077659574151,0.89091674614,3.3500001));
#149 = CARTESIAN_POINT('',(3.077659574151,1.09925,3.3500001));
#150 = ORIENTED_EDGE('',*,*,#151,.T.);
#151 = EDGE_CURVE('',#145,#152,#154,.T.);
#152 = VERTEX_POINT('',#153);
#153 = CARTESIAN_POINT('',(2.95,1.14091674614,3.3500001));
#154 = B_SPLINE_CURVE_WITH_KNOTS('',1,(#155,#156),.UNSPECIFIED.,.F.,.F.,
  (2,2),(0.,0.134287321093),.PIECEWISE_BEZIER_KNOTS.);
#155 = CARTESIAN_POINT('',(3.077659574151,1.09925,3.3500001));
#156 = CARTESIAN_POINT('',(2.95,1.14091674614,3.3500001));
#157 = ORIENTED_EDGE('',*,*,#158,.T.);
#158 = EDGE_CURVE('',#152,#159,#161,.T.);
#159 = VERTEX_POINT('',#160);
#160 = CARTESIAN_POINT('',(2.95,1.20341674614,3.3500001));
#161 = B_SPLINE_CURVE_WITH_KNOTS('',1,(#162,#163),.UNSPECIFIED.,.F.,.F.,
  (2,2),(0.,6.25E-02),.PIECEWISE_BEZIER_KNOTS.);
#162 = CARTESIAN_POINT('',(2.95,1.14091674614,3.3500001));
#163 = CARTESIAN_POINT('',(2.95,1.20341674614,3.3500001));
#164 = ORIENTED_EDGE('',*,*,#165,.T.);
#165 = EDGE_CURVE('',#159,#166,#168,.T.);
#166 = VERTEX_POINT('',#167);
#167 = CARTESIAN_POINT('',(3.45,1.03675,3.3500001));
#168 = B_SPLINE_CURVE_WITH_KNOTS('',1,(#169,#170),.UNSPECIFIED.,.F.,.F.,
  (2,2),(0.,0.527046301826),.PIECEWISE_BEZIER_KNOTS.);
#169 = CARTESIAN_POINT('',(2.95,1.20341674614,3.3500001));
#170 = CARTESIAN_POINT('',(3.45,1.03675,3.3500001));
#171 = ORIENTED_EDGE('',*,*,#172,.T.);
#172 = EDGE_CURVE('',#166,#122,#173,.T.);
#173 = B_SPLINE_CURVE_WITH_KNOTS('',1,(#174,#175),.UNSPECIFIED.,.F.,.F.,
  (2,2),(0.,8.333325386047E-02),.PIECEWISE_BEZIER_KNOTS.);
#174 = CARTESIAN_POINT('',(3.45,1.03675,3.3500001));
#175 = CARTESIAN_POINT('',(3.45,0.95341674614,3.3500001));
#176 = B_SPLINE_SURFACE_WITH_KNOTS('',1,1,(
    (#177,#178)
    ,(#179,#180
    )),.UNSPECIFIED.,.F.,.F.,.F.,(2,2),(2,2),(0.78675,1.20341674614),(
    2.95,3.45),.PIECEWISE_BEZIER_KNOTS.);
#177 = CARTESIAN_POINT('',(2.95,0.78675,3.3500001));
#178 = CARTESIAN_POINT('',(3.45,0.78675,3.3500001));
#179 = CARTESIAN_POINT('',(2.95,1.20341674614,3.3500001));
#180 = CARTESIAN_POINT('',(3.45,1.20341674614,3.3500001));
#181 = ADVANCED_FACE('',(#182),#204,.T.);
#182 = FACE_BOUND('',#183,.T.);
#183 = EDGE_LOOP('',(#184,#191,#192,#199));
#184 = ORIENTED_EDGE('',*,*,#185,.T.);
#185 = EDGE_CURVE('',#186,#124,#188,.T.);
#186 = VERTEX_POINT('',#187);
#187 = CARTESIAN_POINT('',(2.95,0.78675,3.4000001));
#188 = B_SPLINE_CURVE_WITH_KNOTS('',1,(#189,#190),.UNSPECIFIED.,.F.,.F.,
  (2,2),(0.,5.E-02),.PIECEWISE_BEZIER_KNOTS.);
#189 = CARTESIAN_POINT('',(2.95,0.78675,3.4000001));
#190 = CARTESIAN_POINT('',(2.95,0.78675,3.3500001));
#191 = ORIENTED_EDGE('',*,*,#121,.F.);
#192 = ORIENTED_EDGE('',*,*,#193,.F.);
#193 = EDGE_CURVE('',#194,#122,#196,.T.);
#194 = VERTEX_POINT('',#195);
#195 = CARTESIAN_POINT('',(3.45,0.95341674614,3.4000001));
#196 = B_SPLINE_CURVE_WITH_KNOTS('',1,(#197,#198),.UNSPECIFIED.,.F.,.F.,
  (2,2),(0.,5.E-02),.PIECEWISE_BEZIER_KNOTS.);
#197 = CARTESIAN_POINT('',(3.45,0.95341674614,3.4000001));
#198 = CARTESIAN_POINT('',(3.45,0.95341674614,3.3500001));
#199 = ORIENTED_EDGE('',*,*,#200,.T.);
#200 = EDGE_CURVE('',#194,#186,#201,.T.);
#201 = B_SPLINE_CURVE_WITH_KNOTS('',1,(#202,#203),.UNSPECIFIED.,.F.,.F.,
  (2,2),(0.,0.527046301826),.PIECEWISE_BEZIER_KNOTS.);
#202 = CARTESIAN_POINT('',(3.45,0.95341674614,3.4000001));
#203 = CARTESIAN_POINT('',(2.95,0.78675,3.4000001));
#204 = B_SPLINE_SURFACE_WITH_KNOTS('',1,1,(
    (#205,#206)
    ,(#207,#208
    )),.UNSPECIFIED.,.F.,.F.,.F.,(2,2),(2,2),(0.,0.527046301826),(0.,
    5.E-02),.PIECEWISE_BEZIER_KNOTS.);
#205 = CARTESIAN_POINT('',(3.45,0.95341674614,3.4000001));
#206 = CARTESIAN_POINT('',(3.45,0.95341674614,3.3500001));
#207 = CARTESIAN_POINT('',(2.95,0.78675,3.4000001));
#208 = CARTESIAN_POINT('',(2.95,0.78675,3.3500001));
#209 = ADVANCED_FACE('',(#210),#226,.T.);
#210 = FACE_BOUND('',#211,.T.);
#211 = EDGE_LOOP('',(#212,#219,#220,#221));
#212 = ORIENTED_EDGE('',*,*,#213,.T.);
#213 = EDGE_CURVE('',#214,#131,#216,.T.);
#214 = VERTEX_POINT('',#215);
#215 = CARTESIAN_POINT('',(2.95,0.84925,3.4000001));
#216 = B_SPLINE_CURVE_WITH_KNOTS('',1,(#217,#218),.UNSPECIFIED.,.F.,.F.,
  (2,2),(0.,5.E-02),.PIECEWISE_BEZIER_KNOTS.);
#217 = CARTESIAN_POINT('',(2.95,0.84925,3.4000001));
#218 = CARTESIAN_POINT('',(2.95,0.84925,3.3500001));
#219 = ORIENTED_EDGE('',*,*,#130,.F.);
#220 = ORIENTED_EDGE('',*,*,#185,.F.);
#221 = ORIENTED_EDGE('',*,*,#222,.T.);
#222 = EDGE_CURVE('',#186,#214,#223,.T.);
#223 = B_SPLINE_CURVE_WITH_KNOTS('',1,(#224,#225),.UNSPECIFIED.,.F.,.F.,
  (2,2),(0.,6.25E-02),.PIECEWISE_BEZIER_KNOTS.);
#224 = CARTESIAN_POINT('',(2.95,0.78675,3.4000001));
#225 = CARTESIAN_POINT('',(2.95,0.84925,3.4000001));
#226 = B_SPLINE_SURFACE_WITH_KNOTS('',1,1,(
    (#227,#228)
    ,(#229,#230
    )),.UNSPECIFIED.,.F.,.F.,.F.,(2,2),(2,2),(0.,6.25E-02),(0.,5.E-02),
  .PIECEWISE_BEZIER_KNOTS.);
#227 = CARTESIAN_POINT('',(2.95,0.78675,3.4000001));
#228 = CARTESIAN_POINT('',(2.95,0.78675,3.3500001));
#229 = CARTESIAN_POINT('',(2.95,0.84925,3.4000001));
#230 = CARTESIAN_POINT('',(2.95,0.84925,3.3500001));
#231 = ADVANCED_FACE('',(#232),#248,.T.);
#232 = FACE_BOUND('',#233,.T.);
#233 = EDGE_LOOP('',(#234,#241,#242,#243));
#234 = ORIENTED_EDGE('',*,*,#235,.T.);
#235 = EDGE_CURVE('',#236,#138,#238,.T.);
#236 = VERTEX_POINT('',#237);
#237 = CARTESIAN_POINT('',(3.077659574151,0.89091674614,3.4000001));
#238 = B_SPLINE_CURVE_WITH_KNOTS('',1,(#239,#240),.UNSPECIFIED.,.F.,.F.,
  (2,2),(0.,5.E-02),.PIECEWISE_BEZIER_KNOTS.);
#239 = CARTESIAN_POINT('',(3.077659574151,0.89091674614,3.4000001));
#240 = CARTESIAN_POINT('',(3.077659574151,0.89091674614,3.3500001));
#241 = ORIENTED_EDGE('',*,*,#137,.F.);
#242 = ORIENTED_EDGE('',*,*,#213,.F.);
#243 = ORIENTED_EDGE('',*,*,#244,.T.);
#244 = EDGE_CURVE('',#214,#236,#245,.T.);
#245 = B_SPLINE_CURVE_WITH_KNOTS('',1,(#246,#247),.UNSPECIFIED.,.F.,.F.,
  (2,2),(0.,0.134287321093),.PIECEWISE_BEZIER_KNOTS.);
#246 = CARTESIAN_POINT('',(2.95,0.84925,3.4000001));
#247 = CARTESIAN_POINT('',(3.077659574151,0.89091674614,3.4000001));
#248 = B_SPLINE_SURFACE_WITH_KNOTS('',1,1,(
    (#249,#250)
    ,(#251,#252
    )),.UNSPECIFIED.,.F.,.F.,.F.,(2,2),(2,2),(0.,0.134287321093),(0.,
    5.E-02),.PIECEWISE_BEZIER_KNOTS.);
#249 = CARTESIAN_POINT('',(2.95,0.84925,3.4000001));
#250 = CARTESIAN_POINT('',(2.95,0.84925,3.3500001));
#251 = CARTESIAN_POINT('',(3.077659574151,0.89091674614,3.4000001));
#252 = CARTESIAN_POINT('',(3.077659574151,0.89091674614,3.3500001));
#253 = ADVANCED_FACE('',(#254),#270,.T.);
#254 = FACE_BOUND('',#255,.T.);
#255 = EDGE_LOOP('',(#256,#263,#264,#265));
#256 = ORIENTED_EDGE('',*,*,#257,.T.);
#257 = EDGE_CURVE('',#258,#145,#260,.T.);
#258 = VERTEX_POINT('',#259);
#259 = CARTESIAN_POINT('',(3.077659574151,1.09925,3.4000001));
#260 = B_SPLINE_CURVE_WITH_KNOTS('',1,(#261,#262),.UNSPECIFIED.,.F.,.F.,
  (2,2),(0.,5.E-02),.PIECEWISE_BEZIER_KNOTS.);
#261 = CARTESIAN_POINT('',(3.077659574151,1.09925,3.4000001));
#262 = CARTESIAN_POINT('',(3.077659574151,1.09925,3.3500001));
#263 = ORIENTED_EDGE('',*,*,#144,.F.);
#264 = ORIENTED_EDGE('',*,*,#235,.F.);
#265 = ORIENTED_EDGE('',*,*,#266,.T.);
#266 = EDGE_CURVE('',#236,#258,#267,.T.);
#267 = B_SPLINE_CURVE_WITH_KNOTS('',1,(#268,#269),.UNSPECIFIED.,.F.,.F.,
  (2,2),(0.,0.20833325386),.PIECEWISE_BEZIER_KNOTS.);
#268 = CARTESIAN_POINT('',(3.077659574151,0.89091674614,3.4000001));
#269 = CARTESIAN_POINT('',(3.077659574151,1.09925,3.4000001));
#270 = B_SPLINE_SURFACE_WITH_KNOTS('',1,1,(
    (#271,#272)
    ,(#273,#274
    )),.UNSPECIFIED.,.F.,.F.,.F.,(2,2),(2,2),(0.,0.20833325386),(0.,
    5.E-02),.PIECEWISE_BEZIER_KNOTS.);
#271 = CARTESIAN_POINT('',(3.077659574151,0.89091674614,3.4000001));
#272 = CARTESIAN_POINT('',(3.077659574151,0.89091674614,3.3500001));
#273 = CARTESIAN_POINT('',(3.077659574151,1.09925,3.4000001));
#274 = CARTESIAN_POINT('',(3.077659574151,1.09925,3.3500001));
#275 = ADVANCED_FACE('',(#276),#292,.T.);
#276 = FACE_BOUND('',#277,.T.);
#277 = EDGE_LOOP('',(#278,#285,#286,#287));
#278 = ORIENTED_EDGE('',*,*,#279,.T.);
#279 = EDGE_CURVE('',#280,#152,#282,.T.);
#280 = VERTEX_POINT('',#281);
#281 = CARTESIAN_POINT('',(2.95,1.14091674614,3.4000001));
#282 = B_SPLINE_CURVE_WITH_KNOTS('',1,(#283,#284),.UNSPECIFIED.,.F.,.F.,
  (2,2),(0.,5.E-02),.PIECEWISE_BEZIER_KNOTS.);
#283 = CARTESIAN_POINT('',(2.95,1.14091674614,3.4000001));
#284 = CARTESIAN_POINT('',(2.95,1.14091674614,3.3500001));
#285 = ORIENTED_EDGE('',*,*,#151,.F.);
#286 = ORIENTED_EDGE('',*,*,#257,.F.);
#287 = ORIENTED_EDGE('',*,*,#288,.T.);
#288 = EDGE_CURVE('',#258,#280,#289,.T.);
#289 = B_SPLINE_CURVE_WITH_KNOTS('',1,(#290,#291),.UNSPECIFIED.,.F.,.F.,
  (2,2),(0.,0.134287321093),.PIECEWISE_BEZIER_KNOTS.);
#290 = CARTESIAN_POINT('',(3.077659574151,1.09925,3.4000001));
#291 = CARTESIAN_POINT('',(2.95,1.14091674614,3.4000001));
#292 = B_SPLINE_SURFACE_WITH_KNOTS('',1,1,(
    (#293,#294)
    ,(#295,#296
    )),.UNSPECIFIED.,.F.,.F.,.F.,(2,2),(2,2),(0.,0.134287321093),(0.,
    5.E-02),.PIECEWISE_BEZIER_KNOTS.);
#293 = CARTESIAN_POINT('',(3.077659574151,1.09925,3.4000001));
#294 = CARTESIAN_POINT('',(3.077659574151,1.09925,3.3500001));
#295 = CARTESIAN_POINT('',(2.95,1.14091674614,3.4000001));
#296 = CARTESIAN_POINT('',(2.95,1.14091674614,3.3500001));
#297 = ADVANCED_FACE('',(#298),#314,.T.);
#298 = FACE_BOUND('',#299,.T.);
#299 = EDGE_LOOP('',(#300,#307,#308,#309));
#300 = ORIENTED_EDGE('',*,*,#301,.T.);
#301 = EDGE_CURVE('',#302,#159,#304,.T.);
#302 = VERTEX_POINT('',#303);
#303 = CARTESIAN_POINT('',(2.95,1.20341674614,3.4000001));
#304 = B_SPLINE_CURVE_WITH_KNOTS('',1,(#305,#306),.UNSPECIFIED.,.F.,.F.,
  (2,2),(0.,5.E-02),.PIECEWISE_BEZIER_KNOTS.);
#305 = CARTESIAN_POINT('',(2.95,1.20341674614,3.4000001));
#306 = CARTESIAN_POINT('',(2.95,1.20341674614,3.3500001));
#307 = ORIENTED_EDGE('',*,*,#158,.F.);
#308 = ORIENTED_EDGE('',*,*,#279,.F.);
#309 = ORIENTED_EDGE('',*,*,#310,.T.);
#310 = EDGE_CURVE('',#280,#302,#311,.T.);
#311 = B_SPLINE_CURVE_WITH_KNOTS('',1,(#312,#313),.UNSPECIFIED.,.F.,.F.,
  (2,2),(0.,6.25E-02),.PIECEWISE_BEZIER_KNOTS.);
#312 = CARTESIAN_POINT('',(2.95,1.14091674614,3.4000001));
#313 = CARTESIAN_POINT('',(2.95,1.20341674614,3.4000001));
#314 = B_SPLINE_SURFACE_WITH_KNOTS('',1,1,(
    (#315,#316)
    ,(#317,#318
    )),.UNSPECIFIED.,.F.,.F.,.F.,(2,2),(2,2),(0.,6.25E-02),(0.,5.E-02),
  .PIECEWISE_BEZIER_KNOTS.);
#315 = CARTESIAN_POINT('',(2.95,1.14091674614,3.4000001));
#316 = CARTESIAN_POINT('',(2.95,1.14091674614,3.3500001));
#317 = CARTESIAN_POINT('',(2.95,1.20341674614,3.4000001));
#318 = CARTESIAN_POINT('',(2.95,1.20341674614,3.3500001));
#319 = ADVANCED_FACE('',(#320),#336,.T.);
#320 = FACE_BOUND('',#321,.T.);
#321 = EDGE_LOOP('',(#322,#329,#330,#331));
#322 = ORIENTED_EDGE('',*,*,#323,.T.);
#323 = EDGE_CURVE('',#324,#166,#326,.T.);
#324 = VERTEX_POINT('',#325);
#325 = CARTESIAN_POINT('',(3.45,1.03675,3.4000001));
#326 = B_SPLINE_CURVE_WITH_KNOTS('',1,(#327,#328),.UNSPECIFIED.,.F.,.F.,
  (2,2),(0.,5.E-02),.PIECEWISE_BEZIER_KNOTS.);
#327 = CARTESIAN_POINT('',(3.45,1.03675,3.4000001));
#328 = CARTESIAN_POINT('',(3.45,1.03675,3.3500001));
#329 = ORIENTED_EDGE('',*,*,#165,.F.);
#330 = ORIENTED_EDGE('',*,*,#301,.F.);
#331 = ORIENTED_EDGE('',*,*,#332,.T.);
#332 = EDGE_CURVE('',#302,#324,#333,.T.);
#333 = B_SPLINE_CURVE_WITH_KNOTS('',1,(#334,#335),.UNSPECIFIED.,.F.,.F.,
  (2,2),(0.,0.527046301826),.PIECEWISE_BEZIER_KNOTS.);
#334 = CARTESIAN_POINT('',(2.95,1.20341674614,3.4000001));
#335 = CARTESIAN_POINT('',(3.45,1.03675,3.4000001));
#336 = B_SPLINE_SURFACE_WITH_KNOTS('',1,1,(
    (#337,#338)
    ,(#339,#340
    )),.UNSPECIFIED.,.F.,.F.,.F.,(2,2),(2,2),(0.,0.527046301826),(0.,
    5.E-02),.PIECEWISE_BEZIER_KNOTS.);
#337 = CARTESIAN_POINT('',(2.95,1.20341674614,3.4000001));
#338 = CARTESIAN_POINT('',(2.95,1.20341674614,3.3500001));
#339 = CARTESIAN_POINT('',(3.45,1.03675,3.4000001));
#340 = CARTESIAN_POINT('',(3.45,1.03675,3.3500001));
#341 = ADVANCED_FACE('',(#342),#352,.T.);
#342 = FACE_BOUND('',#343,.T.);
#343 = EDGE_LOOP('',(#344,#345,#346,#347));
#344 = ORIENTED_EDGE('',*,*,#193,.T.);
#345 = ORIENTED_EDGE('',*,*,#172,.F.);
#346 = ORIENTED_EDGE('',*,*,#323,.F.);
#347 = ORIENTED_EDGE('',*,*,#348,.T.);
#348 = EDGE_CURVE('',#324,#194,#349,.T.);
#349 = B_SPLINE_CURVE_WITH_KNOTS('',1,(#350,#351),.UNSPECIFIED.,.F.,.F.,
  (2,2),(0.,8.333325386047E-02),.PIECEWISE_BEZIER_KNOTS.);
#350 = CARTESIAN_POINT('',(3.45,1.03675,3.4000001));
#351 = CARTESIAN_POINT('',(3.45,0.95341674614,3.4000001));
#352 = B_SPLINE_SURFACE_WITH_KNOTS('',1,1,(
    (#353,#354)
    ,(#355,#356
    )),.UNSPECIFIED.,.F.,.F.,.F.,(2,2),(2,2),(0.,8.333325386047E-02),(0.
    ,5.E-02),.PIECEWISE_BEZIER_KNOTS.);
#353 = CARTESIAN_POINT('',(3.45,1.03675,3.4000001));
#354 = CARTESIAN_POINT('',(3.45,1.03675,3.3500001));
#355 = CARTESIAN_POINT('',(3.45,0.95341674614,3.4000001));
#356 = CARTESIAN_POINT('',(3.45,0.95341674614,3.3500001));
#357 = ADVANCED_FACE('',(#358,#402,#684,#770,#870,#880),#910,.F.);
#358 = FACE_BOUND('',#359,.T.);
#359 = EDGE_LOOP('',(#360,#369,#376,#383,#390,#397));
#360 = ORIENTED_EDGE('',*,*,#361,.F.);
#361 = EDGE_CURVE('',#362,#364,#366,.T.);
#362 = VERTEX_POINT('',#363);
#363 = CARTESIAN_POINT('',(3.45,-1.057,3.4000001));
#364 = VERTEX_POINT('',#365);
#365 = CARTESIAN_POINT('',(3.45,-1.1195,3.4000001));
#366 = B_SPLINE_CURVE_WITH_KNOTS('',1,(#367,#368),.UNSPECIFIED.,.F.,.F.,
  (2,2),(0.,6.25E-02),.PIECEWISE_BEZIER_KNOTS.);
#367 = CARTESIAN_POINT('',(3.45,-1.057,3.4000001));
#368 = CARTESIAN_POINT('',(3.45,-1.1195,3.4000001));
#369 = ORIENTED_EDGE('',*,*,#370,.F.);
#370 = EDGE_CURVE('',#371,#362,#373,.T.);
#371 = VERTEX_POINT('',#372);
#372 = CARTESIAN_POINT('',(3.013829787076,-1.057,3.4000001));
#373 = B_SPLINE_CURVE_WITH_KNOTS('',1,(#374,#375),.UNSPECIFIED.,.F.,.F.,
  (2,2),(0.,0.436170212924),.PIECEWISE_BEZIER_KNOTS.);
#374 = CARTESIAN_POINT('',(3.013829787076,-1.057,3.4000001));
#375 = CARTESIAN_POINT('',(3.45,-1.057,3.4000001));
#376 = ORIENTED_EDGE('',*,*,#377,.F.);
#377 = EDGE_CURVE('',#378,#371,#380,.T.);
#378 = VERTEX_POINT('',#379);
#379 = CARTESIAN_POINT('',(3.013829787076,-0.7445,3.4000001));
#380 = B_SPLINE_CURVE_WITH_KNOTS('',1,(#381,#382),.UNSPECIFIED.,.F.,.F.,
  (2,2),(0.,0.3125),.PIECEWISE_BEZIER_KNOTS.);
#381 = CARTESIAN_POINT('',(3.013829787076,-0.7445,3.4000001));
#382 = CARTESIAN_POINT('',(3.013829787076,-1.057,3.4000001));
#383 = ORIENTED_EDGE('',*,*,#384,.F.);
#384 = EDGE_CURVE('',#385,#378,#387,.T.);
#385 = VERTEX_POINT('',#386);
#386 = CARTESIAN_POINT('',(2.95,-0.7445,3.4000001));
#387 = B_SPLINE_CURVE_WITH_KNOTS('',1,(#388,#389),.UNSPECIFIED.,.F.,.F.,
  (2,2),(0.,6.382978707552E-02),.PIECEWISE_BEZIER_KNOTS.);
#388 = CARTESIAN_POINT('',(2.95,-0.7445,3.4000001));
#389 = CARTESIAN_POINT('',(3.013829787076,-0.7445,3.4000001));
#390 = ORIENTED_EDGE('',*,*,#391,.F.);
#391 = EDGE_CURVE('',#392,#385,#394,.T.);
#392 = VERTEX_POINT('',#393);
#393 = CARTESIAN_POINT('',(2.95,-1.1195,3.4000001));
#394 = B_SPLINE_CURVE_WITH_KNOTS('',1,(#395,#396),.UNSPECIFIED.,.F.,.F.,
  (2,2),(0.,0.375),.PIECEWISE_BEZIER_KNOTS.);
#395 = CARTESIAN_POINT('',(2.95,-1.1195,3.4000001));
#396 = CARTESIAN_POINT('',(2.95,-0.7445,3.4000001));
#397 = ORIENTED_EDGE('',*,*,#398,.F.);
#398 = EDGE_CURVE('',#364,#392,#399,.T.);
#399 = B_SPLINE_CURVE_WITH_KNOTS('',1,(#400,#401),.UNSPECIFIED.,.F.,.F.,
  (2,2),(0.,0.5),.PIECEWISE_BEZIER_KNOTS.);
#400 = CARTESIAN_POINT('',(3.45,-1.1195,3.4000001));
#401 = CARTESIAN_POINT('',(2.95,-1.1195,3.4000001));
#402 = FACE_BOUND('',#403,.T.);
#403 = EDGE_LOOP('',(#404,#413,#420,#427,#434,#441,#448,#455,#462,#469,
    #476,#483,#490,#497,#504,#511,#518,#525,#532,#539,#546,#553,#560,
    #567,#574,#581,#588,#595,#602,#609,#616,#623,#630,#637,#644,#651,
    #658,#665,#672,#679));
#404 = ORIENTED_EDGE('',*,*,#405,.F.);
#405 = EDGE_CURVE('',#406,#408,#410,.T.);
#406 = VERTEX_POINT('',#407);
#407 = CARTESIAN_POINT('',(3.02446808368,-0.265333313465,3.4000001));
#408 = VERTEX_POINT('',#409);
#409 = CARTESIAN_POINT('',(3.077659574151,-0.254916686535,3.4000001));
#410 = B_SPLINE_CURVE_WITH_KNOTS('',1,(#411,#412),.UNSPECIFIED.,.F.,.F.,
  (2,2),(0.,5.420185213781E-02),.PIECEWISE_BEZIER_KNOTS.);
#411 = CARTESIAN_POINT('',(3.02446808368,-0.265333313465,3.4000001));
#412 = CARTESIAN_POINT('',(3.077659574151,-0.254916686535,3.4000001));
#413 = ORIENTED_EDGE('',*,*,#414,.F.);
#414 = EDGE_CURVE('',#415,#406,#417,.T.);
#415 = VERTEX_POINT('',#416);
#416 = CARTESIAN_POINT('',(2.981914893538,-0.307,3.4000001));
#417 = B_SPLINE_CURVE_WITH_KNOTS('',1,(#418,#419),.UNSPECIFIED.,.F.,.F.,
  (2,2),(0.,5.95557449626E-02),.PIECEWISE_BEZIER_KNOTS.);
#418 = CARTESIAN_POINT('',(2.981914893538,-0.307,3.4000001));
#419 = CARTESIAN_POINT('',(3.02446808368,-0.265333313465,3.4000001));
#420 = ORIENTED_EDGE('',*,*,#421,.F.);
#421 = EDGE_CURVE('',#422,#415,#424,.T.);
#422 = VERTEX_POINT('',#423);
#423 = CARTESIAN_POINT('',(2.960638297535,-0.348666686535,3.4000001));
#424 = B_SPLINE_CURVE_WITH_KNOTS('',1,(#425,#426),.UNSPECIFIED.,.F.,.F.,
  (2,2),(0.,4.678468023018E-02),.PIECEWISE_BEZIER_KNOTS.);
#425 = CARTESIAN_POINT('',(2.960638297535,-0.348666686535,3.4000001));
#426 = CARTESIAN_POINT('',(2.981914893538,-0.307,3.4000001));
#427 = ORIENTED_EDGE('',*,*,#428,.F.);
#428 = EDGE_CURVE('',#429,#422,#431,.T.);
#429 = VERTEX_POINT('',#430);
#430 = CARTESIAN_POINT('',(2.95,-0.40075,3.4000001));
#431 = B_SPLINE_CURVE_WITH_KNOTS('',1,(#432,#433),.UNSPECIFIED.,.F.,.F.,
  (2,2),(0.,5.315867677021E-02),.PIECEWISE_BEZIER_KNOTS.);
#432 = CARTESIAN_POINT('',(2.95,-0.40075,3.4000001));
#433 = CARTESIAN_POINT('',(2.960638297535,-0.348666686535,3.4000001));
#434 = ORIENTED_EDGE('',*,*,#435,.F.);
#435 = EDGE_CURVE('',#436,#429,#438,.T.);
#436 = VERTEX_POINT('',#437);
#437 = CARTESIAN_POINT('',(2.95,-0.4945,3.4000001));
#438 = B_SPLINE_CURVE_WITH_KNOTS('',1,(#439,#440),.UNSPECIFIED.,.F.,.F.,
  (2,2),(0.,9.375E-02),.PIECEWISE_BEZIER_KNOTS.);
#439 = CARTESIAN_POINT('',(2.95,-0.4945,3.4000001));
#440 = CARTESIAN_POINT('',(2.95,-0.40075,3.4000001));
#441 = ORIENTED_EDGE('',*,*,#442,.F.);
#442 = EDGE_CURVE('',#443,#436,#445,.T.);
#443 = VERTEX_POINT('',#444);
#444 = CARTESIAN_POINT('',(2.960638297535,-0.546583313465,3.4000001));
#445 = B_SPLINE_CURVE_WITH_KNOTS('',1,(#446,#447),.UNSPECIFIED.,.F.,.F.,
  (2,2),(0.,5.315867677021E-02),.PIECEWISE_BEZIER_KNOTS.);
#446 = CARTESIAN_POINT('',(2.960638297535,-0.546583313465,3.4000001));
#447 = CARTESIAN_POINT('',(2.95,-0.4945,3.4000001));
#448 = ORIENTED_EDGE('',*,*,#449,.F.);
#449 = EDGE_CURVE('',#450,#443,#452,.T.);
#450 = VERTEX_POINT('',#451);
#451 = CARTESIAN_POINT('',(2.981914893538,-0.58825,3.4000001));
#452 = B_SPLINE_CURVE_WITH_KNOTS('',1,(#453,#454),.UNSPECIFIED.,.F.,.F.,
  (2,2),(0.,4.678468023018E-02),.PIECEWISE_BEZIER_KNOTS.);
#453 = CARTESIAN_POINT('',(2.981914893538,-0.58825,3.4000001));
#454 = CARTESIAN_POINT('',(2.960638297535,-0.546583313465,3.4000001));
#455 = ORIENTED_EDGE('',*,*,#456,.F.);
#456 = EDGE_CURVE('',#457,#450,#459,.T.);
#457 = VERTEX_POINT('',#458);
#458 = CARTESIAN_POINT('',(3.02446808368,-0.629916656733,3.4000001));
#459 = B_SPLINE_CURVE_WITH_KNOTS('',1,(#460,#461),.UNSPECIFIED.,.F.,.F.,
  (2,2),(0.,5.955572411216E-02),.PIECEWISE_BEZIER_KNOTS.);
#460 = CARTESIAN_POINT('',(3.02446808368,-0.629916656733,3.4000001));
#461 = CARTESIAN_POINT('',(2.981914893538,-0.58825,3.4000001));
#462 = ORIENTED_EDGE('',*,*,#463,.F.);
#463 = EDGE_CURVE('',#464,#457,#466,.T.);
#464 = VERTEX_POINT('',#465);
#465 = CARTESIAN_POINT('',(3.067021277547,-0.65075,3.4000001));
#466 = B_SPLINE_CURVE_WITH_KNOTS('',1,(#467,#468),.UNSPECIFIED.,.F.,.F.,
  (2,2),(0.,4.737934676628E-02),.PIECEWISE_BEZIER_KNOTS.);
#467 = CARTESIAN_POINT('',(3.067021277547,-0.65075,3.4000001));
#468 = CARTESIAN_POINT('',(3.02446808368,-0.629916656733,3.4000001));
#469 = ORIENTED_EDGE('',*,*,#470,.F.);
#470 = EDGE_CURVE('',#471,#464,#473,.T.);
#471 = VERTEX_POINT('',#472);
#472 = CARTESIAN_POINT('',(3.120212760568,-0.661166656733,3.4000001));
#473 = B_SPLINE_CURVE_WITH_KNOTS('',1,(#474,#475),.UNSPECIFIED.,.F.,.F.,
  (2,2),(0.,5.420185055359E-02),.PIECEWISE_BEZIER_KNOTS.);
#474 = CARTESIAN_POINT('',(3.120212760568,-0.661166656733,3.4000001));
#475 = CARTESIAN_POINT('',(3.067021277547,-0.65075,3.4000001));
#476 = ORIENTED_EDGE('',*,*,#477,.F.);
#477 = EDGE_CURVE('',#478,#471,#480,.T.);
#478 = VERTEX_POINT('',#479);
#479 = CARTESIAN_POINT('',(3.279787224531,-0.661166656733,3.4000001));
#480 = B_SPLINE_CURVE_WITH_KNOTS('',1,(#481,#482),.UNSPECIFIED.,.F.,.F.,
  (2,2),(0.,0.159574463964),.PIECEWISE_BEZIER_KNOTS.);
#481 = CARTESIAN_POINT('',(3.279787224531,-0.661166656733,3.4000001));
#482 = CARTESIAN_POINT('',(3.120212760568,-0.661166656733,3.4000001));
#483 = ORIENTED_EDGE('',*,*,#484,.F.);
#484 = EDGE_CURVE('',#485,#478,#487,.T.);
#485 = VERTEX_POINT('',#486);
#486 = CARTESIAN_POINT('',(3.332978737354,-0.65075,3.4000001));
#487 = B_SPLINE_CURVE_WITH_KNOTS('',1,(#488,#489),.UNSPECIFIED.,.F.,.F.,
  (2,2),(0.,5.420187980037E-02),.PIECEWISE_BEZIER_KNOTS.);
#488 = CARTESIAN_POINT('',(3.332978737354,-0.65075,3.4000001));
#489 = CARTESIAN_POINT('',(3.279787224531,-0.661166656733,3.4000001));
#490 = ORIENTED_EDGE('',*,*,#491,.F.);
#491 = EDGE_CURVE('',#492,#485,#494,.T.);
#492 = VERTEX_POINT('',#493);
#493 = CARTESIAN_POINT('',(3.375531923771,-0.629916656733,3.4000001));
#494 = B_SPLINE_CURVE_WITH_KNOTS('',1,(#495,#496),.UNSPECIFIED.,.F.,.F.,
  (2,2),(0.,4.737934007463E-02),.PIECEWISE_BEZIER_KNOTS.);
#495 = CARTESIAN_POINT('',(3.375531923771,-0.629916656733,3.4000001));
#496 = CARTESIAN_POINT('',(3.332978737354,-0.65075,3.4000001));
#497 = ORIENTED_EDGE('',*,*,#498,.F.);
#498 = EDGE_CURVE('',#499,#492,#501,.T.);
#499 = VERTEX_POINT('',#500);
#500 = CARTESIAN_POINT('',(3.418085110188,-0.58825,3.4000001));
#501 = B_SPLINE_CURVE_WITH_KNOTS('',1,(#502,#503),.UNSPECIFIED.,.F.,.F.,
  (2,2),(0.,5.955572145039E-02),.PIECEWISE_BEZIER_KNOTS.);
#502 = CARTESIAN_POINT('',(3.418085110188,-0.58825,3.4000001));
#503 = CARTESIAN_POINT('',(3.375531923771,-0.629916656733,3.4000001));
#504 = ORIENTED_EDGE('',*,*,#505,.F.);
#505 = EDGE_CURVE('',#506,#499,#508,.T.);
#506 = VERTEX_POINT('',#507);
#507 = CARTESIAN_POINT('',(3.439361703396,-0.546583313465,3.4000001));
#508 = B_SPLINE_CURVE_WITH_KNOTS('',1,(#509,#510),.UNSPECIFIED.,.F.,.F.,
  (2,2),(0.,4.678467895955E-02),.PIECEWISE_BEZIER_KNOTS.);
#509 = CARTESIAN_POINT('',(3.439361703396,-0.546583313465,3.4000001));
#510 = CARTESIAN_POINT('',(3.418085110188,-0.58825,3.4000001));
#511 = ORIENTED_EDGE('',*,*,#512,.F.);
#512 = EDGE_CURVE('',#513,#506,#515,.T.);
#513 = VERTEX_POINT('',#514);
#514 = CARTESIAN_POINT('',(3.45,-0.4945,3.4000001));
#515 = B_SPLINE_CURVE_WITH_KNOTS('',1,(#516,#517),.UNSPECIFIED.,.F.,.F.,
  (2,2),(0.,5.315867658382E-02),.PIECEWISE_BEZIER_KNOTS.);
#516 = CARTESIAN_POINT('',(3.45,-0.4945,3.4000001));
#517 = CARTESIAN_POINT('',(3.439361703396,-0.546583313465,3.4000001));
#518 = ORIENTED_EDGE('',*,*,#519,.F.);
#519 = EDGE_CURVE('',#520,#513,#522,.T.);
#520 = VERTEX_POINT('',#521);
#521 = CARTESIAN_POINT('',(3.45,-0.40075,3.4000001));
#522 = B_SPLINE_CURVE_WITH_KNOTS('',1,(#523,#524),.UNSPECIFIED.,.F.,.F.,
  (2,2),(0.,9.375E-02),.PIECEWISE_BEZIER_KNOTS.);
#523 = CARTESIAN_POINT('',(3.45,-0.40075,3.4000001));
#524 = CARTESIAN_POINT('',(3.45,-0.4945,3.4000001));
#525 = ORIENTED_EDGE('',*,*,#526,.F.);
#526 = EDGE_CURVE('',#527,#520,#529,.T.);
#527 = VERTEX_POINT('',#528);
#528 = CARTESIAN_POINT('',(3.439361703396,-0.348666686535,3.4000001));
#529 = B_SPLINE_CURVE_WITH_KNOTS('',1,(#530,#531),.UNSPECIFIED.,.F.,.F.,
  (2,2),(9.78987585308E-16,5.315867658383E-02),
  .PIECEWISE_BEZIER_KNOTS.);
#530 = CARTESIAN_POINT('',(3.439361703396,-0.348666686535,3.4000001));
#531 = CARTESIAN_POINT('',(3.45,-0.40075,3.4000001));
#532 = ORIENTED_EDGE('',*,*,#533,.F.);
#533 = EDGE_CURVE('',#534,#527,#536,.T.);
#534 = VERTEX_POINT('',#535);
#535 = CARTESIAN_POINT('',(3.418085110188,-0.307,3.4000001));
#536 = B_SPLINE_CURVE_WITH_KNOTS('',1,(#537,#538),.UNSPECIFIED.,.F.,.F.,
  (2,2),(0.,4.678467895955E-02),.PIECEWISE_BEZIER_KNOTS.);
#537 = CARTESIAN_POINT('',(3.418085110188,-0.307,3.4000001));
#538 = CARTESIAN_POINT('',(3.439361703396,-0.348666686535,3.4000001));
#539 = ORIENTED_EDGE('',*,*,#540,.F.);
#540 = EDGE_CURVE('',#541,#534,#543,.T.);
#541 = VERTEX_POINT('',#542);
#542 = CARTESIAN_POINT('',(3.375531923771,-0.265333313465,3.4000001));
#543 = B_SPLINE_CURVE_WITH_KNOTS('',1,(#544,#545),.UNSPECIFIED.,.F.,.F.,
  (2,2),(0.,5.955574230084E-02),.PIECEWISE_BEZIER_KNOTS.);
#544 = CARTESIAN_POINT('',(3.375531923771,-0.265333313465,3.4000001));
#545 = CARTESIAN_POINT('',(3.418085110188,-0.307,3.4000001));
#546 = ORIENTED_EDGE('',*,*,#547,.F.);
#547 = EDGE_CURVE('',#548,#541,#550,.T.);
#548 = VERTEX_POINT('',#549);
#549 = CARTESIAN_POINT('',(3.322340410948,-0.254916686535,3.4000001));
#550 = B_SPLINE_CURVE_WITH_KNOTS('',1,(#551,#552),.UNSPECIFIED.,.F.,.F.,
  (2,2),(0.,5.42018740729E-02),.PIECEWISE_BEZIER_KNOTS.);
#551 = CARTESIAN_POINT('',(3.322340410948,-0.254916686535,3.4000001));
#552 = CARTESIAN_POINT('',(3.375531923771,-0.265333313465,3.4000001));
#553 = ORIENTED_EDGE('',*,*,#554,.F.);
#554 = EDGE_CURVE('',#555,#548,#557,.T.);
#555 = VERTEX_POINT('',#556);
#556 = CARTESIAN_POINT('',(3.322340410948,-0.317416686535,3.4000001));
#557 = B_SPLINE_CURVE_WITH_KNOTS('',1,(#558,#559),.UNSPECIFIED.,.F.,.F.,
  (2,2),(0.,6.25E-02),.PIECEWISE_BEZIER_KNOTS.);
#558 = CARTESIAN_POINT('',(3.322340410948,-0.317416686535,3.4000001));
#559 = CARTESIAN_POINT('',(3.322340410948,-0.254916686535,3.4000001));
#560 = ORIENTED_EDGE('',*,*,#561,.F.);
#561 = EDGE_CURVE('',#562,#555,#564,.T.);
#562 = VERTEX_POINT('',#563);
#563 = CARTESIAN_POINT('',(3.354255330563,-0.327833313465,3.4000001));
#564 = B_SPLINE_CURVE_WITH_KNOTS('',1,(#565,#566),.UNSPECIFIED.,.F.,.F.,
  (2,2),(0.,3.35718365691E-02),.PIECEWISE_BEZIER_KNOTS.);
#565 = CARTESIAN_POINT('',(3.354255330563,-0.327833313465,3.4000001));
#566 = CARTESIAN_POINT('',(3.322340410948,-0.317416686535,3.4000001));
#567 = ORIENTED_EDGE('',*,*,#568,.F.);
#568 = EDGE_CURVE('',#569,#562,#571,.T.);
#569 = VERTEX_POINT('',#570);
#570 = CARTESIAN_POINT('',(3.375531923771,-0.359083313465,3.4000001));
#571 = B_SPLINE_CURVE_WITH_KNOTS('',1,(#572,#573),.UNSPECIFIED.,.F.,.F.,
  (2,2),(0.,3.780550116785E-02),.PIECEWISE_BEZIER_KNOTS.);
#572 = CARTESIAN_POINT('',(3.375531923771,-0.359083313465,3.4000001));
#573 = CARTESIAN_POINT('',(3.354255330563,-0.327833313465,3.4000001));
#574 = ORIENTED_EDGE('',*,*,#575,.F.);
#575 = EDGE_CURVE('',#576,#569,#578,.T.);
#576 = VERTEX_POINT('',#577);
#577 = CARTESIAN_POINT('',(3.386170220375,-0.40075,3.4000001));
#578 = B_SPLINE_CURVE_WITH_KNOTS('',1,(#579,#580),.UNSPECIFIED.,.F.,.F.,
  (2,2),(0.,4.300332686472E-02),.PIECEWISE_BEZIER_KNOTS.);
#579 = CARTESIAN_POINT('',(3.386170220375,-0.40075,3.4000001));
#580 = CARTESIAN_POINT('',(3.375531923771,-0.359083313465,3.4000001));
#581 = ORIENTED_EDGE('',*,*,#582,.F.);
#582 = EDGE_CURVE('',#583,#576,#585,.T.);
#583 = VERTEX_POINT('',#584);
#584 = CARTESIAN_POINT('',(3.386170220375,-0.4945,3.4000001));
#585 = B_SPLINE_CURVE_WITH_KNOTS('',1,(#586,#587),.UNSPECIFIED.,.F.,.F.,
  (2,2),(0.,9.375E-02),.PIECEWISE_BEZIER_KNOTS.);
#586 = CARTESIAN_POINT('',(3.386170220375,-0.4945,3.4000001));
#587 = CARTESIAN_POINT('',(3.386170220375,-0.40075,3.4000001));
#588 = ORIENTED_EDGE('',*,*,#589,.F.);
#589 = EDGE_CURVE('',#590,#583,#592,.T.);
#590 = VERTEX_POINT('',#591);
#591 = CARTESIAN_POINT('',(3.375531923771,-0.536166686535,3.4000001));
#592 = B_SPLINE_CURVE_WITH_KNOTS('',1,(#593,#594),.UNSPECIFIED.,.F.,.F.,
  (2,2),(0.,4.300332686472E-02),.PIECEWISE_BEZIER_KNOTS.);
#593 = CARTESIAN_POINT('',(3.375531923771,-0.536166686535,3.4000001));
#594 = CARTESIAN_POINT('',(3.386170220375,-0.4945,3.4000001));
#595 = ORIENTED_EDGE('',*,*,#596,.F.);
#596 = EDGE_CURVE('',#597,#590,#599,.T.);
#597 = VERTEX_POINT('',#598);
#598 = CARTESIAN_POINT('',(3.354255330563,-0.567416686535,3.4000001));
#599 = B_SPLINE_CURVE_WITH_KNOTS('',1,(#600,#601),.UNSPECIFIED.,.F.,.F.,
  (2,2),(0.,3.780550116785E-02),.PIECEWISE_BEZIER_KNOTS.);
#600 = CARTESIAN_POINT('',(3.354255330563,-0.567416686535,3.4000001));
#601 = CARTESIAN_POINT('',(3.375531923771,-0.536166686535,3.4000001));
#602 = ORIENTED_EDGE('',*,*,#603,.F.);
#603 = EDGE_CURVE('',#604,#597,#606,.T.);
#604 = VERTEX_POINT('',#605);
#605 = CARTESIAN_POINT('',(3.322340410948,-0.58825,3.4000001));
#606 = B_SPLINE_CURVE_WITH_KNOTS('',1,(#607,#608),.UNSPECIFIED.,.F.,.F.,
  (2,2),(0.,3.811284618018E-02),.PIECEWISE_BEZIER_KNOTS.);
#607 = CARTESIAN_POINT('',(3.322340410948,-0.58825,3.4000001));
#608 = CARTESIAN_POINT('',(3.354255330563,-0.567416686535,3.4000001));
#609 = ORIENTED_EDGE('',*,*,#610,.F.);
#610 = EDGE_CURVE('',#611,#604,#613,.T.);
#611 = VERTEX_POINT('',#612);
#612 = CARTESIAN_POINT('',(3.279787224531,-0.598666686535,3.4000001));
#613 = B_SPLINE_CURVE_WITH_KNOTS('',1,(#614,#615),.UNSPECIFIED.,.F.,.F.,
  (2,2),(0.,4.380959977646E-02),.PIECEWISE_BEZIER_KNOTS.);
#614 = CARTESIAN_POINT('',(3.279787224531,-0.598666686535,3.4000001));
#615 = CARTESIAN_POINT('',(3.322340410948,-0.58825,3.4000001));
#616 = ORIENTED_EDGE('',*,*,#617,.F.);
#617 = EDGE_CURVE('',#618,#611,#620,.T.);
#618 = VERTEX_POINT('',#619);
#619 = CARTESIAN_POINT('',(3.120212760568,-0.598666686535,3.4000001));
#620 = B_SPLINE_CURVE_WITH_KNOTS('',1,(#621,#622),.UNSPECIFIED.,.F.,.F.,
  (2,2),(0.,0.159574463964),.PIECEWISE_BEZIER_KNOTS.);
#621 = CARTESIAN_POINT('',(3.120212760568,-0.598666686535,3.4000001));
#622 = CARTESIAN_POINT('',(3.279787224531,-0.598666686535,3.4000001));
#623 = ORIENTED_EDGE('',*,*,#624,.F.);
#624 = EDGE_CURVE('',#625,#618,#627,.T.);
#625 = VERTEX_POINT('',#626);
#626 = CARTESIAN_POINT('',(3.077659574151,-0.58825,3.4000001));
#627 = B_SPLINE_CURVE_WITH_KNOTS('',1,(#628,#629),.UNSPECIFIED.,.F.,.F.,
  (2,2),(0.,4.380959977647E-02),.PIECEWISE_BEZIER_KNOTS.);
#628 = CARTESIAN_POINT('',(3.077659574151,-0.58825,3.4000001));
#629 = CARTESIAN_POINT('',(3.120212760568,-0.598666686535,3.4000001));
#630 = ORIENTED_EDGE('',*,*,#631,.F.);
#631 = EDGE_CURVE('',#632,#625,#634,.T.);
#632 = VERTEX_POINT('',#633);
#633 = CARTESIAN_POINT('',(3.045744684339,-0.567416686535,3.4000001));
#634 = B_SPLINE_CURVE_WITH_KNOTS('',1,(#635,#636),.UNSPECIFIED.,.F.,.F.,
  (2,2),(0.,3.811282122433E-02),.PIECEWISE_BEZIER_KNOTS.);
#635 = CARTESIAN_POINT('',(3.045744684339,-0.567416686535,3.4000001));
#636 = CARTESIAN_POINT('',(3.077659574151,-0.58825,3.4000001));
#637 = ORIENTED_EDGE('',*,*,#638,.F.);
#638 = EDGE_CURVE('',#639,#632,#641,.T.);
#639 = VERTEX_POINT('',#640);
#640 = CARTESIAN_POINT('',(3.02446808368,-0.536166686535,3.4000001));
#641 = B_SPLINE_CURVE_WITH_KNOTS('',1,(#642,#643),.UNSPECIFIED.,.F.,.F.,
  (2,2),(0.,3.780550536096E-02),.PIECEWISE_BEZIER_KNOTS.);
#642 = CARTESIAN_POINT('',(3.02446808368,-0.536166686535,3.4000001));
#643 = CARTESIAN_POINT('',(3.045744684339,-0.567416686535,3.4000001));
#644 = ORIENTED_EDGE('',*,*,#645,.F.);
#645 = EDGE_CURVE('',#646,#639,#648,.T.);
#646 = VERTEX_POINT('',#647);
#647 = CARTESIAN_POINT('',(3.013829787076,-0.4945,3.4000001));
#648 = B_SPLINE_CURVE_WITH_KNOTS('',1,(#649,#650),.UNSPECIFIED.,.F.,.F.,
  (2,2),(0.,4.300332686472E-02),.PIECEWISE_BEZIER_KNOTS.);
#649 = CARTESIAN_POINT('',(3.013829787076,-0.4945,3.4000001));
#650 = CARTESIAN_POINT('',(3.02446808368,-0.536166686535,3.4000001));
#651 = ORIENTED_EDGE('',*,*,#652,.F.);
#652 = EDGE_CURVE('',#653,#646,#655,.T.);
#653 = VERTEX_POINT('',#654);
#654 = CARTESIAN_POINT('',(3.013829787076,-0.40075,3.4000001));
#655 = B_SPLINE_CURVE_WITH_KNOTS('',1,(#656,#657),.UNSPECIFIED.,.F.,.F.,
  (2,2),(0.,9.375E-02),.PIECEWISE_BEZIER_KNOTS.);
#656 = CARTESIAN_POINT('',(3.013829787076,-0.40075,3.4000001));
#657 = CARTESIAN_POINT('',(3.013829787076,-0.4945,3.4000001));
#658 = ORIENTED_EDGE('',*,*,#659,.F.);
#659 = EDGE_CURVE('',#660,#653,#662,.T.);
#660 = VERTEX_POINT('',#661);
#661 = CARTESIAN_POINT('',(3.02446808368,-0.359083313465,3.4000001));
#662 = B_SPLINE_CURVE_WITH_KNOTS('',1,(#663,#664),.UNSPECIFIED.,.F.,.F.,
  (2,2),(0.,4.300332686472E-02),.PIECEWISE_BEZIER_KNOTS.);
#663 = CARTESIAN_POINT('',(3.02446808368,-0.359083313465,3.4000001));
#664 = CARTESIAN_POINT('',(3.013829787076,-0.40075,3.4000001));
#665 = ORIENTED_EDGE('',*,*,#666,.F.);
#666 = EDGE_CURVE('',#667,#660,#669,.T.);
#667 = VERTEX_POINT('',#668);
#668 = CARTESIAN_POINT('',(3.045744684339,-0.327833313465,3.4000001));
#669 = B_SPLINE_CURVE_WITH_KNOTS('',1,(#670,#671),.UNSPECIFIED.,.F.,.F.,
  (2,2),(0.,3.780550536096E-02),.PIECEWISE_BEZIER_KNOTS.);
#670 = CARTESIAN_POINT('',(3.045744684339,-0.327833313465,3.4000001));
#671 = CARTESIAN_POINT('',(3.02446808368,-0.359083313465,3.4000001));
#672 = ORIENTED_EDGE('',*,*,#673,.F.);
#673 = EDGE_CURVE('',#674,#667,#676,.T.);
#674 = VERTEX_POINT('',#675);
#675 = CARTESIAN_POINT('',(3.077659574151,-0.317416686535,3.4000001));
#676 = B_SPLINE_CURVE_WITH_KNOTS('',1,(#677,#678),.UNSPECIFIED.,.F.,.F.,
  (2,2),(0.,3.357180823765E-02),.PIECEWISE_BEZIER_KNOTS.);
#677 = CARTESIAN_POINT('',(3.077659574151,-0.317416686535,3.4000001));
#678 = CARTESIAN_POINT('',(3.045744684339,-0.327833313465,3.4000001));
#679 = ORIENTED_EDGE('',*,*,#680,.F.);
#680 = EDGE_CURVE('',#408,#674,#681,.T.);
#681 = B_SPLINE_CURVE_WITH_KNOTS('',1,(#682,#683),.UNSPECIFIED.,.F.,.F.,
  (2,2),(0.,6.25E-02),.PIECEWISE_BEZIER_KNOTS.);
#682 = CARTESIAN_POINT('',(3.077659574151,-0.254916686535,3.4000001));
#683 = CARTESIAN_POINT('',(3.077659574151,-0.317416686535,3.4000001));
#684 = FACE_BOUND('',#685,.T.);
#685 = EDGE_LOOP('',(#686,#695,#702,#709,#716,#723,#730,#737,#744,#751,
    #758,#765));
#686 = ORIENTED_EDGE('',*,*,#687,.F.);
#687 = EDGE_CURVE('',#688,#690,#692,.T.);
#688 = VERTEX_POINT('',#689);
#689 = CARTESIAN_POINT('',(2.95,0.20341662693,3.4000001));
#690 = VERTEX_POINT('',#691);
#691 = CARTESIAN_POINT('',(3.013829787076,0.20341662693,3.4000001));
#692 = B_SPLINE_CURVE_WITH_KNOTS('',1,(#693,#694),.UNSPECIFIED.,.F.,.F.,
  (2,2),(0.,6.382978707552E-02),.PIECEWISE_BEZIER_KNOTS.);
#693 = CARTESIAN_POINT('',(2.95,0.20341662693,3.4000001));
#694 = CARTESIAN_POINT('',(3.013829787076,0.20341662693,3.4000001));
#695 = ORIENTED_EDGE('',*,*,#696,.F.);
#696 = EDGE_CURVE('',#697,#688,#699,.T.);
#697 = VERTEX_POINT('',#698);
#698 = CARTESIAN_POINT('',(2.95,-0.171583313465,3.4000001));
#699 = B_SPLINE_CURVE_WITH_KNOTS('',1,(#700,#701),.UNSPECIFIED.,.F.,.F.,
  (2,2),(0.,0.374999940395),.PIECEWISE_BEZIER_KNOTS.);
#700 = CARTESIAN_POINT('',(2.95,-0.171583313465,3.4000001));
#701 = CARTESIAN_POINT('',(2.95,0.20341662693,3.4000001));
#702 = ORIENTED_EDGE('',*,*,#703,.F.);
#703 = EDGE_CURVE('',#704,#697,#706,.T.);
#704 = VERTEX_POINT('',#705);
#705 = CARTESIAN_POINT('',(3.45,-0.171583313465,3.4000001));
#706 = B_SPLINE_CURVE_WITH_KNOTS('',1,(#707,#708),.UNSPECIFIED.,.F.,.F.,
  (2,2),(0.,0.5),.PIECEWISE_BEZIER_KNOTS.);
#707 = CARTESIAN_POINT('',(3.45,-0.171583313465,3.4000001));
#708 = CARTESIAN_POINT('',(2.95,-0.171583313465,3.4000001));
#709 = ORIENTED_EDGE('',*,*,#710,.F.);
#710 = EDGE_CURVE('',#711,#704,#713,.T.);
#711 = VERTEX_POINT('',#712);
#712 = CARTESIAN_POINT('',(3.45,0.20341662693,3.4000001));
#713 = B_SPLINE_CURVE_WITH_KNOTS('',1,(#714,#715),.UNSPECIFIED.,.F.,.F.,
  (2,2),(0.,0.374999940395),.PIECEWISE_BEZIER_KNOTS.);
#714 = CARTESIAN_POINT('',(3.45,0.20341662693,3.4000001));
#715 = CARTESIAN_POINT('',(3.45,-0.171583313465,3.4000001));
#716 = ORIENTED_EDGE('',*,*,#717,.F.);
#717 = EDGE_CURVE('',#718,#711,#720,.T.);
#718 = VERTEX_POINT('',#719);
#719 = CARTESIAN_POINT('',(3.386170220375,0.20341662693,3.4000001));
#720 = B_SPLINE_CURVE_WITH_KNOTS('',1,(#721,#722),.UNSPECIFIED.,.F.,.F.,
  (2,2),(0.,6.382977962494E-02),.PIECEWISE_BEZIER_KNOTS.);
#721 = CARTESIAN_POINT('',(3.386170220375,0.20341662693,3.4000001));
#722 = CARTESIAN_POINT('',(3.45,0.20341662693,3.4000001));
#723 = ORIENTED_EDGE('',*,*,#724,.F.);
#724 = EDGE_CURVE('',#725,#718,#727,.T.);
#725 = VERTEX_POINT('',#726);
#726 = CARTESIAN_POINT('',(3.386170220375,-0.10908337307,3.4000001));
#727 = B_SPLINE_CURVE_WITH_KNOTS('',1,(#728,#729),.UNSPECIFIED.,.F.,.F.,
  (2,2),(0.,0.3125),.PIECEWISE_BEZIER_KNOTS.);
#728 = CARTESIAN_POINT('',(3.386170220375,-0.10908337307,3.4000001));
#729 = CARTESIAN_POINT('',(3.386170220375,0.20341662693,3.4000001));
#730 = ORIENTED_EDGE('',*,*,#731,.F.);
#731 = EDGE_CURVE('',#732,#725,#734,.T.);
#732 = VERTEX_POINT('',#733);
#733 = CARTESIAN_POINT('',(3.247872334719,-0.10908337307,3.4000001));
#734 = B_SPLINE_CURVE_WITH_KNOTS('',1,(#735,#736),.UNSPECIFIED.,.F.,.F.,
  (2,2),(0.,0.138297885656),.PIECEWISE_BEZIER_KNOTS.);
#735 = CARTESIAN_POINT('',(3.247872334719,-0.10908337307,3.4000001));
#736 = CARTESIAN_POINT('',(3.386170220375,-0.10908337307,3.4000001));
#737 = ORIENTED_EDGE('',*,*,#738,.F.);
#738 = EDGE_CURVE('',#739,#732,#741,.T.);
#739 = VERTEX_POINT('',#740);
#740 = CARTESIAN_POINT('',(3.247872334719,0.16175,3.4000001));
#741 = B_SPLINE_CURVE_WITH_KNOTS('',1,(#742,#743),.UNSPECIFIED.,.F.,.F.,
  (2,2),(0.,0.27083337307),.PIECEWISE_BEZIER_KNOTS.);
#742 = CARTESIAN_POINT('',(3.247872334719,0.16175,3.4000001));
#743 = CARTESIAN_POINT('',(3.247872334719,-0.10908337307,3.4000001));
#744 = ORIENTED_EDGE('',*,*,#745,.F.);
#745 = EDGE_CURVE('',#746,#739,#748,.T.);
#746 = VERTEX_POINT('',#747);
#747 = CARTESIAN_POINT('',(3.184042555094,0.16175,3.4000001));
#748 = B_SPLINE_CURVE_WITH_KNOTS('',1,(#749,#750),.UNSPECIFIED.,.F.,.F.,
  (2,2),(0.,6.382977962494E-02),.PIECEWISE_BEZIER_KNOTS.);
#749 = CARTESIAN_POINT('',(3.184042555094,0.16175,3.4000001));
#750 = CARTESIAN_POINT('',(3.247872334719,0.16175,3.4000001));
#751 = ORIENTED_EDGE('',*,*,#752,.F.);
#752 = EDGE_CURVE('',#753,#746,#755,.T.);
#753 = VERTEX_POINT('',#754);
#754 = CARTESIAN_POINT('',(3.184042555094,-0.10908337307,3.4000001));
#755 = B_SPLINE_CURVE_WITH_KNOTS('',1,(#756,#757),.UNSPECIFIED.,.F.,.F.,
  (2,2),(0.,0.27083337307),.PIECEWISE_BEZIER_KNOTS.);
#756 = CARTESIAN_POINT('',(3.184042555094,-0.10908337307,3.4000001));
#757 = CARTESIAN_POINT('',(3.184042555094,0.16175,3.4000001));
#758 = ORIENTED_EDGE('',*,*,#759,.F.);
#759 = EDGE_CURVE('',#760,#753,#762,.T.);
#760 = VERTEX_POINT('',#761);
#761 = CARTESIAN_POINT('',(3.013829787076,-0.10908337307,3.4000001));
#762 = B_SPLINE_CURVE_WITH_KNOTS('',1,(#763,#764),.UNSPECIFIED.,.F.,.F.,
  (2,2),(0.,0.170212768018),.PIECEWISE_BEZIER_KNOTS.);
#763 = CARTESIAN_POINT('',(3.013829787076,-0.10908337307,3.4000001));
#764 = CARTESIAN_POINT('',(3.184042555094,-0.10908337307,3.4000001));
#765 = ORIENTED_EDGE('',*,*,#766,.F.);
#766 = EDGE_CURVE('',#690,#760,#767,.T.);
#767 = B_SPLINE_CURVE_WITH_KNOTS('',1,(#768,#769),.UNSPECIFIED.,.F.,.F.,
  (2,2),(0.,0.3125),.PIECEWISE_BEZIER_KNOTS.);
#768 = CARTESIAN_POINT('',(3.013829787076,0.20341662693,3.4000001));
#769 = CARTESIAN_POINT('',(3.013829787076,-0.10908337307,3.4000001));
#770 = FACE_BOUND('',#771,.T.);
#771 = EDGE_LOOP('',(#772,#781,#788,#795,#802,#809,#816,#823,#830,#837,
    #844,#851,#858,#865));
#772 = ORIENTED_EDGE('',*,*,#773,.F.);
#773 = EDGE_CURVE('',#774,#776,#778,.T.);
#774 = VERTEX_POINT('',#775);
#775 = CARTESIAN_POINT('',(3.439361703396,0.58883337307,3.4000001));
#776 = VERTEX_POINT('',#777);
#777 = CARTESIAN_POINT('',(3.45,0.53675,3.4000001));
#778 = B_SPLINE_CURVE_WITH_KNOTS('',1,(#779,#780),.UNSPECIFIED.,.F.,.F.,
  (2,2),(0.,5.315873498271E-02),.PIECEWISE_BEZIER_KNOTS.);
#779 = CARTESIAN_POINT('',(3.439361703396,0.58883337307,3.4000001));
#780 = CARTESIAN_POINT('',(3.45,0.53675,3.4000001));
#781 = ORIENTED_EDGE('',*,*,#782,.F.);
#782 = EDGE_CURVE('',#783,#774,#785,.T.);
#783 = VERTEX_POINT('',#784);
#784 = CARTESIAN_POINT('',(3.418085110188,0.6305,3.4000001));
#785 = B_SPLINE_CURVE_WITH_KNOTS('',1,(#786,#787),.UNSPECIFIED.,.F.,.F.,
  (2,2),(0.,4.678462587534E-02),.PIECEWISE_BEZIER_KNOTS.);
#786 = CARTESIAN_POINT('',(3.418085110188,0.6305,3.4000001));
#787 = CARTESIAN_POINT('',(3.439361703396,0.58883337307,3.4000001));
#788 = ORIENTED_EDGE('',*,*,#789,.F.);
#789 = EDGE_CURVE('',#790,#783,#792,.T.);
#790 = VERTEX_POINT('',#791);
#791 = CARTESIAN_POINT('',(3.375531923771,0.67216662693,3.4000001));
#792 = B_SPLINE_CURVE_WITH_KNOTS('',1,(#793,#794),.UNSPECIFIED.,.F.,.F.,
  (2,2),(0.,5.955570059995E-02),.PIECEWISE_BEZIER_KNOTS.);
#793 = CARTESIAN_POINT('',(3.375531923771,0.67216662693,3.4000001));
#794 = CARTESIAN_POINT('',(3.418085110188,0.6305,3.4000001));
#795 = ORIENTED_EDGE('',*,*,#796,.F.);
#796 = EDGE_CURVE('',#797,#790,#799,.T.);
#797 = VERTEX_POINT('',#798);
#798 = CARTESIAN_POINT('',(3.332978737354,0.693,3.4000001));
#799 = B_SPLINE_CURVE_WITH_KNOTS('',1,(#800,#801),.UNSPECIFIED.,.F.,.F.,
  (2,2),(0.,4.737935317913E-02),.PIECEWISE_BEZIER_KNOTS.);
#800 = CARTESIAN_POINT('',(3.332978737354,0.693,3.4000001));
#801 = CARTESIAN_POINT('',(3.375531923771,0.67216662693,3.4000001));
#802 = ORIENTED_EDGE('',*,*,#803,.F.);
#803 = EDGE_CURVE('',#804,#797,#806,.T.);
#804 = VERTEX_POINT('',#805);
#805 = CARTESIAN_POINT('',(3.279787224531,0.70341662693,3.4000001));
#806 = B_SPLINE_CURVE_WITH_KNOTS('',1,(#807,#808),.UNSPECIFIED.,.F.,.F.,
  (2,2),(0.,5.420187407289E-02),.PIECEWISE_BEZIER_KNOTS.);
#807 = CARTESIAN_POINT('',(3.279787224531,0.70341662693,3.4000001));
#808 = CARTESIAN_POINT('',(3.332978737354,0.693,3.4000001));
#809 = ORIENTED_EDGE('',*,*,#810,.F.);
#810 = EDGE_CURVE('',#811,#804,#813,.T.);
#811 = VERTEX_POINT('',#812);
#812 = CARTESIAN_POINT('',(3.120212760568,0.70341662693,3.4000001));
#813 = B_SPLINE_CURVE_WITH_KNOTS('',1,(#814,#815),.UNSPECIFIED.,.F.,.F.,
  (2,2),(0.,0.159574463964),.PIECEWISE_BEZIER_KNOTS.);
#814 = CARTESIAN_POINT('',(3.120212760568,0.70341662693,3.4000001));
#815 = CARTESIAN_POINT('',(3.279787224531,0.70341662693,3.4000001));
#816 = ORIENTED_EDGE('',*,*,#817,.F.);
#817 = EDGE_CURVE('',#818,#811,#820,.T.);
#818 = VERTEX_POINT('',#819);
#819 = CARTESIAN_POINT('',(3.067021277547,0.693,3.4000001));
#820 = B_SPLINE_CURVE_WITH_KNOTS('',1,(#821,#822),.UNSPECIFIED.,.F.,.F.,
  (2,2),(0.,5.420184482611E-02),.PIECEWISE_BEZIER_KNOTS.);
#821 = CARTESIAN_POINT('',(3.067021277547,0.693,3.4000001));
#822 = CARTESIAN_POINT('',(3.120212760568,0.70341662693,3.4000001));
#823 = ORIENTED_EDGE('',*,*,#824,.F.);
#824 = EDGE_CURVE('',#825,#818,#827,.T.);
#825 = VERTEX_POINT('',#826);
#826 = CARTESIAN_POINT('',(3.02446808368,0.67216662693,3.4000001));
#827 = B_SPLINE_CURVE_WITH_KNOTS('',1,(#828,#829),.UNSPECIFIED.,.F.,.F.,
  (2,2),(0.,4.737935987077E-02),.PIECEWISE_BEZIER_KNOTS.);
#828 = CARTESIAN_POINT('',(3.02446808368,0.67216662693,3.4000001));
#829 = CARTESIAN_POINT('',(3.067021277547,0.693,3.4000001));
#830 = ORIENTED_EDGE('',*,*,#831,.F.);
#831 = EDGE_CURVE('',#832,#825,#834,.T.);
#832 = VERTEX_POINT('',#833);
#833 = CARTESIAN_POINT('',(2.981914893538,0.6305,3.4000001));
#834 = B_SPLINE_CURVE_WITH_KNOTS('',1,(#835,#836),.UNSPECIFIED.,.F.,.F.,
  (2,2),(0.,5.955570326172E-02),.PIECEWISE_BEZIER_KNOTS.);
#835 = CARTESIAN_POINT('',(2.981914893538,0.6305,3.4000001));
#836 = CARTESIAN_POINT('',(3.02446808368,0.67216662693,3.4000001));
#837 = ORIENTED_EDGE('',*,*,#838,.F.);
#838 = EDGE_CURVE('',#839,#832,#841,.T.);
#839 = VERTEX_POINT('',#840);
#840 = CARTESIAN_POINT('',(2.960638297535,0.58883337307,3.4000001));
#841 = B_SPLINE_CURVE_WITH_KNOTS('',1,(#842,#843),.UNSPECIFIED.,.F.,.F.,
  (2,2),(0.,4.678462714597E-02),.PIECEWISE_BEZIER_KNOTS.);
#842 = CARTESIAN_POINT('',(2.960638297535,0.58883337307,3.4000001));
#843 = CARTESIAN_POINT('',(2.981914893538,0.6305,3.4000001));
#844 = ORIENTED_EDGE('',*,*,#845,.F.);
#845 = EDGE_CURVE('',#846,#839,#848,.T.);
#846 = VERTEX_POINT('',#847);
#847 = CARTESIAN_POINT('',(2.95,0.53675,3.4000001));
#848 = B_SPLINE_CURVE_WITH_KNOTS('',1,(#849,#850),.UNSPECIFIED.,.F.,.F.,
  (2,2),(0.,5.315873516909E-02),.PIECEWISE_BEZIER_KNOTS.);
#849 = CARTESIAN_POINT('',(2.95,0.53675,3.4000001));
#850 = CARTESIAN_POINT('',(2.960638297535,0.58883337307,3.4000001));
#851 = ORIENTED_EDGE('',*,*,#852,.F.);
#852 = EDGE_CURVE('',#853,#846,#855,.T.);
#853 = VERTEX_POINT('',#854);
#854 = CARTESIAN_POINT('',(2.95,0.28675,3.4000001));
#855 = B_SPLINE_CURVE_WITH_KNOTS('',1,(#856,#857),.UNSPECIFIED.,.F.,.F.,
  (2,2),(0.,0.25),.PIECEWISE_BEZIER_KNOTS.);
#856 = CARTESIAN_POINT('',(2.95,0.28675,3.4000001));
#857 = CARTESIAN_POINT('',(2.95,0.53675,3.4000001));
#858 = ORIENTED_EDGE('',*,*,#859,.F.);
#859 = EDGE_CURVE('',#860,#853,#862,.T.);
#860 = VERTEX_POINT('',#861);
#861 = CARTESIAN_POINT('',(3.45,0.28675,3.4000001));
#862 = B_SPLINE_CURVE_WITH_KNOTS('',1,(#863,#864),.UNSPECIFIED.,.F.,.F.,
  (2,2),(0.,0.5),.PIECEWISE_BEZIER_KNOTS.);
#863 = CARTESIAN_POINT('',(3.45,0.28675,3.4000001));
#864 = CARTESIAN_POINT('',(2.95,0.28675,3.4000001));
#865 = ORIENTED_EDGE('',*,*,#866,.F.);
#866 = EDGE_CURVE('',#776,#860,#867,.T.);
#867 = B_SPLINE_CURVE_WITH_KNOTS('',1,(#868,#869),.UNSPECIFIED.,.F.,.F.,
  (2,2),(0.,0.25),.PIECEWISE_BEZIER_KNOTS.);
#868 = CARTESIAN_POINT('',(3.45,0.53675,3.4000001));
#869 = CARTESIAN_POINT('',(3.45,0.28675,3.4000001));
#870 = FACE_BOUND('',#871,.T.);
#871 = EDGE_LOOP('',(#872,#873,#874,#875,#876,#877,#878,#879));
#872 = ORIENTED_EDGE('',*,*,#332,.F.);
#873 = ORIENTED_EDGE('',*,*,#310,.F.);
#874 = ORIENTED_EDGE('',*,*,#288,.F.);
#875 = ORIENTED_EDGE('',*,*,#266,.F.);
#876 = ORIENTED_EDGE('',*,*,#244,.F.);
#877 = ORIENTED_EDGE('',*,*,#222,.F.);
#878 = ORIENTED_EDGE('',*,*,#200,.F.);
#879 = ORIENTED_EDGE('',*,*,#348,.F.);
#880 = FACE_BOUND('',#881,.T.);
#881 = EDGE_LOOP('',(#882,#891,#898,#905));
#882 = ORIENTED_EDGE('',*,*,#883,.F.);
#883 = EDGE_CURVE('',#884,#886,#888,.T.);
#884 = VERTEX_POINT('',#885);
#885 = CARTESIAN_POINT('',(3.75,2.9,3.4000001));
#886 = VERTEX_POINT('',#887);
#887 = CARTESIAN_POINT('',(2.1,2.9,3.4000001));
#888 = B_SPLINE_CURVE_WITH_KNOTS('',1,(#889,#890),.UNSPECIFIED.,.F.,.F.,
  (2,2),(0.,1.65),.PIECEWISE_BEZIER_KNOTS.);
#889 = CARTESIAN_POINT('',(3.75,2.9,3.4000001));
#890 = CARTESIAN_POINT('',(2.1,2.9,3.4000001));
#891 = ORIENTED_EDGE('',*,*,#892,.F.);
#892 = EDGE_CURVE('',#893,#884,#895,.T.);
#893 = VERTEX_POINT('',#894);
#894 = CARTESIAN_POINT('',(3.75,-2.9,3.4000001));
#895 = B_SPLINE_CURVE_WITH_KNOTS('',1,(#896,#897),.UNSPECIFIED.,.F.,.F.,
  (2,2),(0.,5.8),.PIECEWISE_BEZIER_KNOTS.);
#896 = CARTESIAN_POINT('',(3.75,-2.9,3.4000001));
#897 = CARTESIAN_POINT('',(3.75,2.9,3.4000001));
#898 = ORIENTED_EDGE('',*,*,#899,.F.);
#899 = EDGE_CURVE('',#900,#893,#902,.T.);
#900 = VERTEX_POINT('',#901);
#901 = CARTESIAN_POINT('',(2.1,-2.9,3.4000001));
#902 = B_SPLINE_CURVE_WITH_KNOTS('',1,(#903,#904),.UNSPECIFIED.,.F.,.F.,
  (2,2),(0.,1.65),.PIECEWISE_BEZIER_KNOTS.);
#903 = CARTESIAN_POINT('',(2.1,-2.9,3.4000001));
#904 = CARTESIAN_POINT('',(3.75,-2.9,3.4000001));
#905 = ORIENTED_EDGE('',*,*,#906,.T.);
#906 = EDGE_CURVE('',#900,#886,#907,.T.);
#907 = B_SPLINE_CURVE_WITH_KNOTS('',1,(#908,#909),.UNSPECIFIED.,.F.,.F.,
  (2,2),(0.,5.8),.PIECEWISE_BEZIER_KNOTS.);
#908 = CARTESIAN_POINT('',(2.1,-2.9,3.4000001));
#909 = CARTESIAN_POINT('',(2.1,2.9,3.4000001));
#910 = B_SPLINE_SURFACE_WITH_KNOTS('',1,1,(
    (#911,#912)
    ,(#913,#914
    )),.UNSPECIFIED.,.F.,.F.,.F.,(2,2),(2,2),(2.1,3.75),(-2.9,2.9),
  .PIECEWISE_BEZIER_KNOTS.);
#911 = CARTESIAN_POINT('',(2.1,-2.9,3.4000001));
#912 = CARTESIAN_POINT('',(2.1,2.9,3.4000001));
#913 = CARTESIAN_POINT('',(3.75,-2.9,3.4000001));
#914 = CARTESIAN_POINT('',(3.75,2.9,3.4000001));
#915 = ADVANCED_FACE('',(#916),#938,.T.);
#916 = FACE_BOUND('',#917,.T.);
#917 = EDGE_LOOP('',(#918,#925,#932,#937));
#918 = ORIENTED_EDGE('',*,*,#919,.T.);
#919 = EDGE_CURVE('',#364,#920,#922,.T.);
#920 = VERTEX_POINT('',#921);
#921 = CARTESIAN_POINT('',(3.45,-1.1195,3.3500001));
#922 = B_SPLINE_CURVE_WITH_KNOTS('',1,(#923,#924),.UNSPECIFIED.,.F.,.F.,
  (2,2),(0.,5.E-02),.PIECEWISE_BEZIER_KNOTS.);
#923 = CARTESIAN_POINT('',(3.45,-1.1195,3.4000001));
#924 = CARTESIAN_POINT('',(3.45,-1.1195,3.3500001));
#925 = ORIENTED_EDGE('',*,*,#926,.F.);
#926 = EDGE_CURVE('',#927,#920,#929,.T.);
#927 = VERTEX_POINT('',#928);
#928 = CARTESIAN_POINT('',(3.45,-1.057,3.3500001));
#929 = B_SPLINE_CURVE_WITH_KNOTS('',1,(#930,#931),.UNSPECIFIED.,.F.,.F.,
  (2,2),(0.,6.25E-02),.PIECEWISE_BEZIER_KNOTS.);
#930 = CARTESIAN_POINT('',(3.45,-1.057,3.3500001));
#931 = CARTESIAN_POINT('',(3.45,-1.1195,3.3500001));
#932 = ORIENTED_EDGE('',*,*,#933,.F.);
#933 = EDGE_CURVE('',#362,#927,#934,.T.);
#934 = B_SPLINE_CURVE_WITH_KNOTS('',1,(#935,#936),.UNSPECIFIED.,.F.,.F.,
  (2,2),(0.,5.E-02),.PIECEWISE_BEZIER_KNOTS.);
#935 = CARTESIAN_POINT('',(3.45,-1.057,3.4000001));
#936 = CARTESIAN_POINT('',(3.45,-1.057,3.3500001));
#937 = ORIENTED_EDGE('',*,*,#361,.T.);
#938 = B_SPLINE_SURFACE_WITH_KNOTS('',1,1,(
    (#939,#940)
    ,(#941,#942
    )),.UNSPECIFIED.,.F.,.F.,.F.,(2,2),(2,2),(0.,6.25E-02),(0.,5.E-02),
  .PIECEWISE_BEZIER_KNOTS.);
#939 = CARTESIAN_POINT('',(3.45,-1.057,3.4000001));
#940 = CARTESIAN_POINT('',(3.45,-1.057,3.3500001));
#941 = CARTESIAN_POINT('',(3.45,-1.1195,3.4000001));
#942 = CARTESIAN_POINT('',(3.45,-1.1195,3.3500001));
#943 = ADVANCED_FACE('',(#944),#960,.T.);
#944 = FACE_BOUND('',#945,.T.);
#945 = EDGE_LOOP('',(#946,#947,#954,#959));
#946 = ORIENTED_EDGE('',*,*,#933,.T.);
#947 = ORIENTED_EDGE('',*,*,#948,.F.);
#948 = EDGE_CURVE('',#949,#927,#951,.T.);
#949 = VERTEX_POINT('',#950);
#950 = CARTESIAN_POINT('',(3.013829787076,-1.057,3.3500001));
#951 = B_SPLINE_CURVE_WITH_KNOTS('',1,(#952,#953),.UNSPECIFIED.,.F.,.F.,
  (2,2),(0.,0.436170212924),.PIECEWISE_BEZIER_KNOTS.);
#952 = CARTESIAN_POINT('',(3.013829787076,-1.057,3.3500001));
#953 = CARTESIAN_POINT('',(3.45,-1.057,3.3500001));
#954 = ORIENTED_EDGE('',*,*,#955,.F.);
#955 = EDGE_CURVE('',#371,#949,#956,.T.);
#956 = B_SPLINE_CURVE_WITH_KNOTS('',1,(#957,#958),.UNSPECIFIED.,.F.,.F.,
  (2,2),(0.,5.E-02),.PIECEWISE_BEZIER_KNOTS.);
#957 = CARTESIAN_POINT('',(3.013829787076,-1.057,3.4000001));
#958 = CARTESIAN_POINT('',(3.013829787076,-1.057,3.3500001));
#959 = ORIENTED_EDGE('',*,*,#370,.T.);
#960 = B_SPLINE_SURFACE_WITH_KNOTS('',1,1,(
    (#961,#962)
    ,(#963,#964
    )),.UNSPECIFIED.,.F.,.F.,.F.,(2,2),(2,2),(0.,0.436170212924),(0.,
    5.E-02),.PIECEWISE_BEZIER_KNOTS.);
#961 = CARTESIAN_POINT('',(3.013829787076,-1.057,3.4000001));
#962 = CARTESIAN_POINT('',(3.013829787076,-1.057,3.3500001));
#963 = CARTESIAN_POINT('',(3.45,-1.057,3.4000001));
#964 = CARTESIAN_POINT('',(3.45,-1.057,3.3500001));
#965 = ADVANCED_FACE('',(#966),#982,.T.);
#966 = FACE_BOUND('',#967,.T.);
#967 = EDGE_LOOP('',(#968,#969,#976,#981));
#968 = ORIENTED_EDGE('',*,*,#955,.T.);
#969 = ORIENTED_EDGE('',*,*,#970,.F.);
#970 = EDGE_CURVE('',#971,#949,#973,.T.);
#971 = VERTEX_POINT('',#972);
#972 = CARTESIAN_POINT('',(3.013829787076,-0.7445,3.3500001));
#973 = B_SPLINE_CURVE_WITH_KNOTS('',1,(#974,#975),.UNSPECIFIED.,.F.,.F.,
  (2,2),(0.,0.3125),.PIECEWISE_BEZIER_KNOTS.);
#974 = CARTESIAN_POINT('',(3.013829787076,-0.7445,3.3500001));
#975 = CARTESIAN_POINT('',(3.013829787076,-1.057,3.3500001));
#976 = ORIENTED_EDGE('',*,*,#977,.F.);
#977 = EDGE_CURVE('',#378,#971,#978,.T.);
#978 = B_SPLINE_CURVE_WITH_KNOTS('',1,(#979,#980),.UNSPECIFIED.,.F.,.F.,
  (2,2),(0.,5.E-02),.PIECEWISE_BEZIER_KNOTS.);
#979 = CARTESIAN_POINT('',(3.013829787076,-0.7445,3.4000001));
#980 = CARTESIAN_POINT('',(3.013829787076,-0.7445,3.3500001));
#981 = ORIENTED_EDGE('',*,*,#377,.T.);
#982 = B_SPLINE_SURFACE_WITH_KNOTS('',1,1,(
    (#983,#984)
    ,(#985,#986
    )),.UNSPECIFIED.,.F.,.F.,.F.,(2,2),(2,2),(0.,0.3125),(0.,5.E-02),
  .PIECEWISE_BEZIER_KNOTS.);
#983 = CARTESIAN_POINT('',(3.013829787076,-0.7445,3.4000001));
#984 = CARTESIAN_POINT('',(3.013829787076,-0.7445,3.3500001));
#985 = CARTESIAN_POINT('',(3.013829787076,-1.057,3.4000001));
#986 = CARTESIAN_POINT('',(3.013829787076,-1.057,3.3500001));
#987 = ADVANCED_FACE('',(#988),#1004,.T.);
#988 = FACE_BOUND('',#989,.T.);
#989 = EDGE_LOOP('',(#990,#991,#998,#1003));
#990 = ORIENTED_EDGE('',*,*,#977,.T.);
#991 = ORIENTED_EDGE('',*,*,#992,.F.);
#992 = EDGE_CURVE('',#993,#971,#995,.T.);
#993 = VERTEX_POINT('',#994);
#994 = CARTESIAN_POINT('',(2.95,-0.7445,3.3500001));
#995 = B_SPLINE_CURVE_WITH_KNOTS('',1,(#996,#997),.UNSPECIFIED.,.F.,.F.,
  (2,2),(0.,6.382978707552E-02),.PIECEWISE_BEZIER_KNOTS.);
#996 = CARTESIAN_POINT('',(2.95,-0.7445,3.3500001));
#997 = CARTESIAN_POINT('',(3.013829787076,-0.7445,3.3500001));
#998 = ORIENTED_EDGE('',*,*,#999,.F.);
#999 = EDGE_CURVE('',#385,#993,#1000,.T.);
#1000 = B_SPLINE_CURVE_WITH_KNOTS('',1,(#1001,#1002),.UNSPECIFIED.,.F.,
  .F.,(2,2),(0.,5.E-02),.PIECEWISE_BEZIER_KNOTS.);
#1001 = CARTESIAN_POINT('',(2.95,-0.7445,3.4000001));
#1002 = CARTESIAN_POINT('',(2.95,-0.7445,3.3500001));
#1003 = ORIENTED_EDGE('',*,*,#384,.T.);
#1004 = B_SPLINE_SURFACE_WITH_KNOTS('',1,1,(
    (#1005,#1006)
    ,(#1007,#1008
    )),.UNSPECIFIED.,.F.,.F.,.F.,(2,2),(2,2),(0.,6.382978707552E-02),(0.
    ,5.E-02),.PIECEWISE_BEZIER_KNOTS.);
#1005 = CARTESIAN_POINT('',(2.95,-0.7445,3.4000001));
#1006 = CARTESIAN_POINT('',(2.95,-0.7445,3.3500001));
#1007 = CARTESIAN_POINT('',(3.013829787076,-0.7445,3.4000001));
#1008 = CARTESIAN_POINT('',(3.013829787076,-0.7445,3.3500001));
#1009 = ADVANCED_FACE('',(#1010),#1026,.T.);
#1010 = FACE_BOUND('',#1011,.T.);
#1011 = EDGE_LOOP('',(#1012,#1013,#1020,#1025));
#1012 = ORIENTED_EDGE('',*,*,#999,.T.);
#1013 = ORIENTED_EDGE('',*,*,#1014,.F.);
#1014 = EDGE_CURVE('',#1015,#993,#1017,.T.);
#1015 = VERTEX_POINT('',#1016);
#1016 = CARTESIAN_POINT('',(2.95,-1.1195,3.3500001));
#1017 = B_SPLINE_CURVE_WITH_KNOTS('',1,(#1018,#1019),.UNSPECIFIED.,.F.,
  .F.,(2,2),(0.,0.375),.PIECEWISE_BEZIER_KNOTS.);
#1018 = CARTESIAN_POINT('',(2.95,-1.1195,3.3500001));
#1019 = CARTESIAN_POINT('',(2.95,-0.7445,3.3500001));
#1020 = ORIENTED_EDGE('',*,*,#1021,.F.);
#1021 = EDGE_CURVE('',#392,#1015,#1022,.T.);
#1022 = B_SPLINE_CURVE_WITH_KNOTS('',1,(#1023,#1024),.UNSPECIFIED.,.F.,
  .F.,(2,2),(0.,5.E-02),.PIECEWISE_BEZIER_KNOTS.);
#1023 = CARTESIAN_POINT('',(2.95,-1.1195,3.4000001));
#1024 = CARTESIAN_POINT('',(2.95,-1.1195,3.3500001));
#1025 = ORIENTED_EDGE('',*,*,#391,.T.);
#1026 = B_SPLINE_SURFACE_WITH_KNOTS('',1,1,(
    (#1027,#1028)
    ,(#1029,#1030
    )),.UNSPECIFIED.,.F.,.F.,.F.,(2,2),(2,2),(0.,0.375),(0.,5.E-02),
  .PIECEWISE_BEZIER_KNOTS.);
#1027 = CARTESIAN_POINT('',(2.95,-1.1195,3.4000001));
#1028 = CARTESIAN_POINT('',(2.95,-1.1195,3.3500001));
#1029 = CARTESIAN_POINT('',(2.95,-0.7445,3.4000001));
#1030 = CARTESIAN_POINT('',(2.95,-0.7445,3.3500001));
#1031 = ADVANCED_FACE('',(#1032),#1042,.T.);
#1032 = FACE_BOUND('',#1033,.T.);
#1033 = EDGE_LOOP('',(#1034,#1035,#1040,#1041));
#1034 = ORIENTED_EDGE('',*,*,#1021,.T.);
#1035 = ORIENTED_EDGE('',*,*,#1036,.F.);
#1036 = EDGE_CURVE('',#920,#1015,#1037,.T.);
#1037 = B_SPLINE_CURVE_WITH_KNOTS('',1,(#1038,#1039),.UNSPECIFIED.,.F.,
  .F.,(2,2),(0.,0.5),.PIECEWISE_BEZIER_KNOTS.);
#1038 = CARTESIAN_POINT('',(3.45,-1.1195,3.3500001));
#1039 = CARTESIAN_POINT('',(2.95,-1.1195,3.3500001));
#1040 = ORIENTED_EDGE('',*,*,#919,.F.);
#1041 = ORIENTED_EDGE('',*,*,#398,.T.);
#1042 = B_SPLINE_SURFACE_WITH_KNOTS('',1,1,(
    (#1043,#1044)
    ,(#1045,#1046
    )),.UNSPECIFIED.,.F.,.F.,.F.,(2,2),(2,2),(0.,0.5),(0.,5.E-02),
  .PIECEWISE_BEZIER_KNOTS.);
#1043 = CARTESIAN_POINT('',(3.45,-1.1195,3.4000001));
#1044 = CARTESIAN_POINT('',(3.45,-1.1195,3.3500001));
#1045 = CARTESIAN_POINT('',(2.95,-1.1195,3.4000001));
#1046 = CARTESIAN_POINT('',(2.95,-1.1195,3.3500001));
#1047 = ADVANCED_FACE('',(#1048),#1070,.T.);
#1048 = FACE_BOUND('',#1049,.T.);
#1049 = EDGE_LOOP('',(#1050,#1057,#1064,#1069));
#1050 = ORIENTED_EDGE('',*,*,#1051,.T.);
#1051 = EDGE_CURVE('',#408,#1052,#1054,.T.);
#1052 = VERTEX_POINT('',#1053);
#1053 = CARTESIAN_POINT('',(3.077659574151,-0.254916686535,3.3500001));
#1054 = B_SPLINE_CURVE_WITH_KNOTS('',1,(#1055,#1056),.UNSPECIFIED.,.F.,
  .F.,(2,2),(0.,5.E-02),.PIECEWISE_BEZIER_KNOTS.);
#1055 = CARTESIAN_POINT('',(3.077659574151,-0.254916686535,3.4000001));
#1056 = CARTESIAN_POINT('',(3.077659574151,-0.254916686535,3.3500001));
#1057 = ORIENTED_EDGE('',*,*,#1058,.F.);
#1058 = EDGE_CURVE('',#1059,#1052,#1061,.T.);
#1059 = VERTEX_POINT('',#1060);
#1060 = CARTESIAN_POINT('',(3.02446808368,-0.265333313465,3.3500001));
#1061 = B_SPLINE_CURVE_WITH_KNOTS('',1,(#1062,#1063),.UNSPECIFIED.,.F.,
  .F.,(2,2),(0.,5.420185213781E-02),.PIECEWISE_BEZIER_KNOTS.);
#1062 = CARTESIAN_POINT('',(3.02446808368,-0.265333313465,3.3500001));
#1063 = CARTESIAN_POINT('',(3.077659574151,-0.254916686535,3.3500001));
#1064 = ORIENTED_EDGE('',*,*,#1065,.F.);
#1065 = EDGE_CURVE('',#406,#1059,#1066,.T.);
#1066 = B_SPLINE_CURVE_WITH_KNOTS('',1,(#1067,#1068),.UNSPECIFIED.,.F.,
  .F.,(2,2),(0.,5.E-02),.PIECEWISE_BEZIER_KNOTS.);
#1067 = CARTESIAN_POINT('',(3.02446808368,-0.265333313465,3.4000001));
#1068 = CARTESIAN_POINT('',(3.02446808368,-0.265333313465,3.3500001));
#1069 = ORIENTED_EDGE('',*,*,#405,.T.);
#1070 = B_SPLINE_SURFACE_WITH_KNOTS('',1,1,(
    (#1071,#1072)
    ,(#1073,#1074
    )),.UNSPECIFIED.,.F.,.F.,.F.,(2,2),(2,2),(0.,5.420185213781E-02),(0.
    ,5.E-02),.PIECEWISE_BEZIER_KNOTS.);
#1071 = CARTESIAN_POINT('',(3.02446808368,-0.265333313465,3.4000001));
#1072 = CARTESIAN_POINT('',(3.02446808368,-0.265333313465,3.3500001));
#1073 = CARTESIAN_POINT('',(3.077659574151,-0.254916686535,3.4000001));
#1074 = CARTESIAN_POINT('',(3.077659574151,-0.254916686535,3.3500001));
#1075 = ADVANCED_FACE('',(#1076),#1092,.T.);
#1076 = FACE_BOUND('',#1077,.T.);
#1077 = EDGE_LOOP('',(#1078,#1079,#1086,#1091));
#1078 = ORIENTED_EDGE('',*,*,#1065,.T.);
#1079 = ORIENTED_EDGE('',*,*,#1080,.F.);
#1080 = EDGE_CURVE('',#1081,#1059,#1083,.T.);
#1081 = VERTEX_POINT('',#1082);
#1082 = CARTESIAN_POINT('',(2.981914893538,-0.307,3.3500001));
#1083 = B_SPLINE_CURVE_WITH_KNOTS('',1,(#1084,#1085),.UNSPECIFIED.,.F.,
  .F.,(2,2),(0.,5.95557449626E-02),.PIECEWISE_BEZIER_KNOTS.);
#1084 = CARTESIAN_POINT('',(2.981914893538,-0.307,3.3500001));
#1085 = CARTESIAN_POINT('',(3.02446808368,-0.265333313465,3.3500001));
#1086 = ORIENTED_EDGE('',*,*,#1087,.F.);
#1087 = EDGE_CURVE('',#415,#1081,#1088,.T.);
#1088 = B_SPLINE_CURVE_WITH_KNOTS('',1,(#1089,#1090),.UNSPECIFIED.,.F.,
  .F.,(2,2),(0.,5.E-02),.PIECEWISE_BEZIER_KNOTS.);
#1089 = CARTESIAN_POINT('',(2.981914893538,-0.307,3.4000001));
#1090 = CARTESIAN_POINT('',(2.981914893538,-0.307,3.3500001));
#1091 = ORIENTED_EDGE('',*,*,#414,.T.);
#1092 = B_SPLINE_SURFACE_WITH_KNOTS('',1,1,(
    (#1093,#1094)
    ,(#1095,#1096
    )),.UNSPECIFIED.,.F.,.F.,.F.,(2,2),(2,2),(0.,5.95557449626E-02),(0.,
    5.E-02),.PIECEWISE_BEZIER_KNOTS.);
#1093 = CARTESIAN_POINT('',(2.981914893538,-0.307,3.4000001));
#1094 = CARTESIAN_POINT('',(2.981914893538,-0.307,3.3500001));
#1095 = CARTESIAN_POINT('',(3.02446808368,-0.265333313465,3.4000001));
#1096 = CARTESIAN_POINT('',(3.02446808368,-0.265333313465,3.3500001));
#1097 = ADVANCED_FACE('',(#1098),#1114,.T.);
#1098 = FACE_BOUND('',#1099,.T.);
#1099 = EDGE_LOOP('',(#1100,#1101,#1108,#1113));
#1100 = ORIENTED_EDGE('',*,*,#1087,.T.);
#1101 = ORIENTED_EDGE('',*,*,#1102,.F.);
#1102 = EDGE_CURVE('',#1103,#1081,#1105,.T.);
#1103 = VERTEX_POINT('',#1104);
#1104 = CARTESIAN_POINT('',(2.960638297535,-0.348666686535,3.3500001));
#1105 = B_SPLINE_CURVE_WITH_KNOTS('',1,(#1106,#1107),.UNSPECIFIED.,.F.,
  .F.,(2,2),(0.,4.678468023018E-02),.PIECEWISE_BEZIER_KNOTS.);
#1106 = CARTESIAN_POINT('',(2.960638297535,-0.348666686535,3.3500001));
#1107 = CARTESIAN_POINT('',(2.981914893538,-0.307,3.3500001));
#1108 = ORIENTED_EDGE('',*,*,#1109,.F.);
#1109 = EDGE_CURVE('',#422,#1103,#1110,.T.);
#1110 = B_SPLINE_CURVE_WITH_KNOTS('',1,(#1111,#1112),.UNSPECIFIED.,.F.,
  .F.,(2,2),(0.,5.E-02),.PIECEWISE_BEZIER_KNOTS.);
#1111 = CARTESIAN_POINT('',(2.960638297535,-0.348666686535,3.4000001));
#1112 = CARTESIAN_POINT('',(2.960638297535,-0.348666686535,3.3500001));
#1113 = ORIENTED_EDGE('',*,*,#421,.T.);
#1114 = B_SPLINE_SURFACE_WITH_KNOTS('',1,1,(
    (#1115,#1116)
    ,(#1117,#1118
    )),.UNSPECIFIED.,.F.,.F.,.F.,(2,2),(2,2),(0.,4.678468023018E-02),(0.
    ,5.E-02),.PIECEWISE_BEZIER_KNOTS.);
#1115 = CARTESIAN_POINT('',(2.960638297535,-0.348666686535,3.4000001));
#1116 = CARTESIAN_POINT('',(2.960638297535,-0.348666686535,3.3500001));
#1117 = CARTESIAN_POINT('',(2.981914893538,-0.307,3.4000001));
#1118 = CARTESIAN_POINT('',(2.981914893538,-0.307,3.3500001));
#1119 = ADVANCED_FACE('',(#1120),#1136,.T.);
#1120 = FACE_BOUND('',#1121,.T.);
#1121 = EDGE_LOOP('',(#1122,#1123,#1130,#1135));
#1122 = ORIENTED_EDGE('',*,*,#1109,.T.);
#1123 = ORIENTED_EDGE('',*,*,#1124,.F.);
#1124 = EDGE_CURVE('',#1125,#1103,#1127,.T.);
#1125 = VERTEX_POINT('',#1126);
#1126 = CARTESIAN_POINT('',(2.95,-0.40075,3.3500001));
#1127 = B_SPLINE_CURVE_WITH_KNOTS('',1,(#1128,#1129),.UNSPECIFIED.,.F.,
  .F.,(2,2),(0.,5.315867677021E-02),.PIECEWISE_BEZIER_KNOTS.);
#1128 = CARTESIAN_POINT('',(2.95,-0.40075,3.3500001));
#1129 = CARTESIAN_POINT('',(2.960638297535,-0.348666686535,3.3500001));
#1130 = ORIENTED_EDGE('',*,*,#1131,.F.);
#1131 = EDGE_CURVE('',#429,#1125,#1132,.T.);
#1132 = B_SPLINE_CURVE_WITH_KNOTS('',1,(#1133,#1134),.UNSPECIFIED.,.F.,
  .F.,(2,2),(0.,5.E-02),.PIECEWISE_BEZIER_KNOTS.);
#1133 = CARTESIAN_POINT('',(2.95,-0.40075,3.4000001));
#1134 = CARTESIAN_POINT('',(2.95,-0.40075,3.3500001));
#1135 = ORIENTED_EDGE('',*,*,#428,.T.);
#1136 = B_SPLINE_SURFACE_WITH_KNOTS('',1,1,(
    (#1137,#1138)
    ,(#1139,#1140
    )),.UNSPECIFIED.,.F.,.F.,.F.,(2,2),(2,2),(0.,5.315867677021E-02),(0.
    ,5.E-02),.PIECEWISE_BEZIER_KNOTS.);
#1137 = CARTESIAN_POINT('',(2.95,-0.40075,3.4000001));
#1138 = CARTESIAN_POINT('',(2.95,-0.40075,3.3500001));
#1139 = CARTESIAN_POINT('',(2.960638297535,-0.348666686535,3.4000001));
#1140 = CARTESIAN_POINT('',(2.960638297535,-0.348666686535,3.3500001));
#1141 = ADVANCED_FACE('',(#1142),#1158,.T.);
#1142 = FACE_BOUND('',#1143,.T.);
#1143 = EDGE_LOOP('',(#1144,#1145,#1152,#1157));
#1144 = ORIENTED_EDGE('',*,*,#1131,.T.);
#1145 = ORIENTED_EDGE('',*,*,#1146,.F.);
#1146 = EDGE_CURVE('',#1147,#1125,#1149,.T.);
#1147 = VERTEX_POINT('',#1148);
#1148 = CARTESIAN_POINT('',(2.95,-0.4945,3.3500001));
#1149 = B_SPLINE_CURVE_WITH_KNOTS('',1,(#1150,#1151),.UNSPECIFIED.,.F.,
  .F.,(2,2),(0.,9.375E-02),.PIECEWISE_BEZIER_KNOTS.);
#1150 = CARTESIAN_POINT('',(2.95,-0.4945,3.3500001));
#1151 = CARTESIAN_POINT('',(2.95,-0.40075,3.3500001));
#1152 = ORIENTED_EDGE('',*,*,#1153,.F.);
#1153 = EDGE_CURVE('',#436,#1147,#1154,.T.);
#1154 = B_SPLINE_CURVE_WITH_KNOTS('',1,(#1155,#1156),.UNSPECIFIED.,.F.,
  .F.,(2,2),(0.,5.E-02),.PIECEWISE_BEZIER_KNOTS.);
#1155 = CARTESIAN_POINT('',(2.95,-0.4945,3.4000001));
#1156 = CARTESIAN_POINT('',(2.95,-0.4945,3.3500001));
#1157 = ORIENTED_EDGE('',*,*,#435,.T.);
#1158 = B_SPLINE_SURFACE_WITH_KNOTS('',1,1,(
    (#1159,#1160)
    ,(#1161,#1162
  )),.UNSPECIFIED.,.F.,.F.,.F.,(2,2),(2,2),(0.,9.375E-02),(0.,5.E-02),
  .PIECEWISE_BEZIER_KNOTS.);
#1159 = CARTESIAN_POINT('',(2.95,-0.4945,3.4000001));
#1160 = CARTESIAN_POINT('',(2.95,-0.4945,3.3500001));
#1161 = CARTESIAN_POINT('',(2.95,-0.40075,3.4000001));
#1162 = CARTESIAN_POINT('',(2.95,-0.40075,3.3500001));
#1163 = ADVANCED_FACE('',(#1164),#1180,.T.);
#1164 = FACE_BOUND('',#1165,.T.);
#1165 = EDGE_LOOP('',(#1166,#1167,#1174,#1179));
#1166 = ORIENTED_EDGE('',*,*,#1153,.T.);
#1167 = ORIENTED_EDGE('',*,*,#1168,.F.);
#1168 = EDGE_CURVE('',#1169,#1147,#1171,.T.);
#1169 = VERTEX_POINT('',#1170);
#1170 = CARTESIAN_POINT('',(2.960638297535,-0.546583313465,3.3500001));
#1171 = B_SPLINE_CURVE_WITH_KNOTS('',1,(#1172,#1173),.UNSPECIFIED.,.F.,
  .F.,(2,2),(0.,5.315867677021E-02),.PIECEWISE_BEZIER_KNOTS.);
#1172 = CARTESIAN_POINT('',(2.960638297535,-0.546583313465,3.3500001));
#1173 = CARTESIAN_POINT('',(2.95,-0.4945,3.3500001));
#1174 = ORIENTED_EDGE('',*,*,#1175,.F.);
#1175 = EDGE_CURVE('',#443,#1169,#1176,.T.);
#1176 = B_SPLINE_CURVE_WITH_KNOTS('',1,(#1177,#1178),.UNSPECIFIED.,.F.,
  .F.,(2,2),(0.,5.E-02),.PIECEWISE_BEZIER_KNOTS.);
#1177 = CARTESIAN_POINT('',(2.960638297535,-0.546583313465,3.4000001));
#1178 = CARTESIAN_POINT('',(2.960638297535,-0.546583313465,3.3500001));
#1179 = ORIENTED_EDGE('',*,*,#442,.T.);
#1180 = B_SPLINE_SURFACE_WITH_KNOTS('',1,1,(
    (#1181,#1182)
    ,(#1183,#1184
    )),.UNSPECIFIED.,.F.,.F.,.F.,(2,2),(2,2),(0.,5.315867677021E-02),(0.
    ,5.E-02),.PIECEWISE_BEZIER_KNOTS.);
#1181 = CARTESIAN_POINT('',(2.960638297535,-0.546583313465,3.4000001));
#1182 = CARTESIAN_POINT('',(2.960638297535,-0.546583313465,3.3500001));
#1183 = CARTESIAN_POINT('',(2.95,-0.4945,3.4000001));
#1184 = CARTESIAN_POINT('',(2.95,-0.4945,3.3500001));
#1185 = ADVANCED_FACE('',(#1186),#1202,.T.);
#1186 = FACE_BOUND('',#1187,.T.);
#1187 = EDGE_LOOP('',(#1188,#1189,#1196,#1201));
#1188 = ORIENTED_EDGE('',*,*,#1175,.T.);
#1189 = ORIENTED_EDGE('',*,*,#1190,.F.);
#1190 = EDGE_CURVE('',#1191,#1169,#1193,.T.);
#1191 = VERTEX_POINT('',#1192);
#1192 = CARTESIAN_POINT('',(2.981914893538,-0.58825,3.3500001));
#1193 = B_SPLINE_CURVE_WITH_KNOTS('',1,(#1194,#1195),.UNSPECIFIED.,.F.,
  .F.,(2,2),(0.,4.678468023018E-02),.PIECEWISE_BEZIER_KNOTS.);
#1194 = CARTESIAN_POINT('',(2.981914893538,-0.58825,3.3500001));
#1195 = CARTESIAN_POINT('',(2.960638297535,-0.546583313465,3.3500001));
#1196 = ORIENTED_EDGE('',*,*,#1197,.F.);
#1197 = EDGE_CURVE('',#450,#1191,#1198,.T.);
#1198 = B_SPLINE_CURVE_WITH_KNOTS('',1,(#1199,#1200),.UNSPECIFIED.,.F.,
  .F.,(2,2),(0.,5.E-02),.PIECEWISE_BEZIER_KNOTS.);
#1199 = CARTESIAN_POINT('',(2.981914893538,-0.58825,3.4000001));
#1200 = CARTESIAN_POINT('',(2.981914893538,-0.58825,3.3500001));
#1201 = ORIENTED_EDGE('',*,*,#449,.T.);
#1202 = B_SPLINE_SURFACE_WITH_KNOTS('',1,1,(
    (#1203,#1204)
    ,(#1205,#1206
    )),.UNSPECIFIED.,.F.,.F.,.F.,(2,2),(2,2),(0.,4.678468023018E-02),(0.
    ,5.E-02),.PIECEWISE_BEZIER_KNOTS.);
#1203 = CARTESIAN_POINT('',(2.981914893538,-0.58825,3.4000001));
#1204 = CARTESIAN_POINT('',(2.981914893538,-0.58825,3.3500001));
#1205 = CARTESIAN_POINT('',(2.960638297535,-0.546583313465,3.4000001));
#1206 = CARTESIAN_POINT('',(2.960638297535,-0.546583313465,3.3500001));
#1207 = ADVANCED_FACE('',(#1208),#1224,.T.);
#1208 = FACE_BOUND('',#1209,.T.);
#1209 = EDGE_LOOP('',(#1210,#1211,#1218,#1223));
#1210 = ORIENTED_EDGE('',*,*,#1197,.T.);
#1211 = ORIENTED_EDGE('',*,*,#1212,.F.);
#1212 = EDGE_CURVE('',#1213,#1191,#1215,.T.);
#1213 = VERTEX_POINT('',#1214);
#1214 = CARTESIAN_POINT('',(3.02446808368,-0.629916656733,3.3500001));
#1215 = B_SPLINE_CURVE_WITH_KNOTS('',1,(#1216,#1217),.UNSPECIFIED.,.F.,
  .F.,(2,2),(0.,5.955572411216E-02),.PIECEWISE_BEZIER_KNOTS.);
#1216 = CARTESIAN_POINT('',(3.02446808368,-0.629916656733,3.3500001));
#1217 = CARTESIAN_POINT('',(2.981914893538,-0.58825,3.3500001));
#1218 = ORIENTED_EDGE('',*,*,#1219,.F.);
#1219 = EDGE_CURVE('',#457,#1213,#1220,.T.);
#1220 = B_SPLINE_CURVE_WITH_KNOTS('',1,(#1221,#1222),.UNSPECIFIED.,.F.,
  .F.,(2,2),(0.,5.E-02),.PIECEWISE_BEZIER_KNOTS.);
#1221 = CARTESIAN_POINT('',(3.02446808368,-0.629916656733,3.4000001));
#1222 = CARTESIAN_POINT('',(3.02446808368,-0.629916656733,3.3500001));
#1223 = ORIENTED_EDGE('',*,*,#456,.T.);
#1224 = B_SPLINE_SURFACE_WITH_KNOTS('',1,1,(
    (#1225,#1226)
    ,(#1227,#1228
    )),.UNSPECIFIED.,.F.,.F.,.F.,(2,2),(2,2),(0.,5.955572411216E-02),(0.
    ,5.E-02),.PIECEWISE_BEZIER_KNOTS.);
#1225 = CARTESIAN_POINT('',(3.02446808368,-0.629916656733,3.4000001));
#1226 = CARTESIAN_POINT('',(3.02446808368,-0.629916656733,3.3500001));
#1227 = CARTESIAN_POINT('',(2.981914893538,-0.58825,3.4000001));
#1228 = CARTESIAN_POINT('',(2.981914893538,-0.58825,3.3500001));
#1229 = ADVANCED_FACE('',(#1230),#1246,.T.);
#1230 = FACE_BOUND('',#1231,.T.);
#1231 = EDGE_LOOP('',(#1232,#1233,#1240,#1245));
#1232 = ORIENTED_EDGE('',*,*,#1219,.T.);
#1233 = ORIENTED_EDGE('',*,*,#1234,.F.);
#1234 = EDGE_CURVE('',#1235,#1213,#1237,.T.);
#1235 = VERTEX_POINT('',#1236);
#1236 = CARTESIAN_POINT('',(3.067021277547,-0.65075,3.3500001));
#1237 = B_SPLINE_CURVE_WITH_KNOTS('',1,(#1238,#1239),.UNSPECIFIED.,.F.,
  .F.,(2,2),(0.,4.737934676628E-02),.PIECEWISE_BEZIER_KNOTS.);
#1238 = CARTESIAN_POINT('',(3.067021277547,-0.65075,3.3500001));
#1239 = CARTESIAN_POINT('',(3.02446808368,-0.629916656733,3.3500001));
#1240 = ORIENTED_EDGE('',*,*,#1241,.F.);
#1241 = EDGE_CURVE('',#464,#1235,#1242,.T.);
#1242 = B_SPLINE_CURVE_WITH_KNOTS('',1,(#1243,#1244),.UNSPECIFIED.,.F.,
  .F.,(2,2),(0.,5.E-02),.PIECEWISE_BEZIER_KNOTS.);
#1243 = CARTESIAN_POINT('',(3.067021277547,-0.65075,3.4000001));
#1244 = CARTESIAN_POINT('',(3.067021277547,-0.65075,3.3500001));
#1245 = ORIENTED_EDGE('',*,*,#463,.T.);
#1246 = B_SPLINE_SURFACE_WITH_KNOTS('',1,1,(
    (#1247,#1248)
    ,(#1249,#1250
    )),.UNSPECIFIED.,.F.,.F.,.F.,(2,2),(2,2),(0.,4.737934676628E-02),(0.
    ,5.E-02),.PIECEWISE_BEZIER_KNOTS.);
#1247 = CARTESIAN_POINT('',(3.067021277547,-0.65075,3.4000001));
#1248 = CARTESIAN_POINT('',(3.067021277547,-0.65075,3.3500001));
#1249 = CARTESIAN_POINT('',(3.02446808368,-0.629916656733,3.4000001));
#1250 = CARTESIAN_POINT('',(3.02446808368,-0.629916656733,3.3500001));
#1251 = ADVANCED_FACE('',(#1252),#1268,.T.);
#1252 = FACE_BOUND('',#1253,.T.);
#1253 = EDGE_LOOP('',(#1254,#1255,#1262,#1267));
#1254 = ORIENTED_EDGE('',*,*,#1241,.T.);
#1255 = ORIENTED_EDGE('',*,*,#1256,.F.);
#1256 = EDGE_CURVE('',#1257,#1235,#1259,.T.);
#1257 = VERTEX_POINT('',#1258);
#1258 = CARTESIAN_POINT('',(3.120212760568,-0.661166656733,3.3500001));
#1259 = B_SPLINE_CURVE_WITH_KNOTS('',1,(#1260,#1261),.UNSPECIFIED.,.F.,
  .F.,(2,2),(0.,5.420185055359E-02),.PIECEWISE_BEZIER_KNOTS.);
#1260 = CARTESIAN_POINT('',(3.120212760568,-0.661166656733,3.3500001));
#1261 = CARTESIAN_POINT('',(3.067021277547,-0.65075,3.3500001));
#1262 = ORIENTED_EDGE('',*,*,#1263,.F.);
#1263 = EDGE_CURVE('',#471,#1257,#1264,.T.);
#1264 = B_SPLINE_CURVE_WITH_KNOTS('',1,(#1265,#1266),.UNSPECIFIED.,.F.,
  .F.,(2,2),(0.,5.E-02),.PIECEWISE_BEZIER_KNOTS.);
#1265 = CARTESIAN_POINT('',(3.120212760568,-0.661166656733,3.4000001));
#1266 = CARTESIAN_POINT('',(3.120212760568,-0.661166656733,3.3500001));
#1267 = ORIENTED_EDGE('',*,*,#470,.T.);
#1268 = B_SPLINE_SURFACE_WITH_KNOTS('',1,1,(
    (#1269,#1270)
    ,(#1271,#1272
    )),.UNSPECIFIED.,.F.,.F.,.F.,(2,2),(2,2),(0.,5.420185055359E-02),(0.
    ,5.E-02),.PIECEWISE_BEZIER_KNOTS.);
#1269 = CARTESIAN_POINT('',(3.120212760568,-0.661166656733,3.4000001));
#1270 = CARTESIAN_POINT('',(3.120212760568,-0.661166656733,3.3500001));
#1271 = CARTESIAN_POINT('',(3.067021277547,-0.65075,3.4000001));
#1272 = CARTESIAN_POINT('',(3.067021277547,-0.65075,3.3500001));
#1273 = ADVANCED_FACE('',(#1274),#1290,.T.);
#1274 = FACE_BOUND('',#1275,.T.);
#1275 = EDGE_LOOP('',(#1276,#1277,#1284,#1289));
#1276 = ORIENTED_EDGE('',*,*,#1263,.T.);
#1277 = ORIENTED_EDGE('',*,*,#1278,.F.);
#1278 = EDGE_CURVE('',#1279,#1257,#1281,.T.);
#1279 = VERTEX_POINT('',#1280);
#1280 = CARTESIAN_POINT('',(3.279787224531,-0.661166656733,3.3500001));
#1281 = B_SPLINE_CURVE_WITH_KNOTS('',1,(#1282,#1283),.UNSPECIFIED.,.F.,
  .F.,(2,2),(0.,0.159574463964),.PIECEWISE_BEZIER_KNOTS.);
#1282 = CARTESIAN_POINT('',(3.279787224531,-0.661166656733,3.3500001));
#1283 = CARTESIAN_POINT('',(3.120212760568,-0.661166656733,3.3500001));
#1284 = ORIENTED_EDGE('',*,*,#1285,.F.);
#1285 = EDGE_CURVE('',#478,#1279,#1286,.T.);
#1286 = B_SPLINE_CURVE_WITH_KNOTS('',1,(#1287,#1288),.UNSPECIFIED.,.F.,
  .F.,(2,2),(0.,5.E-02),.PIECEWISE_BEZIER_KNOTS.);
#1287 = CARTESIAN_POINT('',(3.279787224531,-0.661166656733,3.4000001));
#1288 = CARTESIAN_POINT('',(3.279787224531,-0.661166656733,3.3500001));
#1289 = ORIENTED_EDGE('',*,*,#477,.T.);
#1290 = B_SPLINE_SURFACE_WITH_KNOTS('',1,1,(
    (#1291,#1292)
    ,(#1293,#1294
    )),.UNSPECIFIED.,.F.,.F.,.F.,(2,2),(2,2),(0.,0.159574463964),(0.,
    5.E-02),.PIECEWISE_BEZIER_KNOTS.);
#1291 = CARTESIAN_POINT('',(3.279787224531,-0.661166656733,3.4000001));
#1292 = CARTESIAN_POINT('',(3.279787224531,-0.661166656733,3.3500001));
#1293 = CARTESIAN_POINT('',(3.120212760568,-0.661166656733,3.4000001));
#1294 = CARTESIAN_POINT('',(3.120212760568,-0.661166656733,3.3500001));
#1295 = ADVANCED_FACE('',(#1296),#1312,.T.);
#1296 = FACE_BOUND('',#1297,.T.);
#1297 = EDGE_LOOP('',(#1298,#1299,#1306,#1311));
#1298 = ORIENTED_EDGE('',*,*,#1285,.T.);
#1299 = ORIENTED_EDGE('',*,*,#1300,.F.);
#1300 = EDGE_CURVE('',#1301,#1279,#1303,.T.);
#1301 = VERTEX_POINT('',#1302);
#1302 = CARTESIAN_POINT('',(3.332978737354,-0.65075,3.3500001));
#1303 = B_SPLINE_CURVE_WITH_KNOTS('',1,(#1304,#1305),.UNSPECIFIED.,.F.,
  .F.,(2,2),(0.,5.420187980037E-02),.PIECEWISE_BEZIER_KNOTS.);
#1304 = CARTESIAN_POINT('',(3.332978737354,-0.65075,3.3500001));
#1305 = CARTESIAN_POINT('',(3.279787224531,-0.661166656733,3.3500001));
#1306 = ORIENTED_EDGE('',*,*,#1307,.F.);
#1307 = EDGE_CURVE('',#485,#1301,#1308,.T.);
#1308 = B_SPLINE_CURVE_WITH_KNOTS('',1,(#1309,#1310),.UNSPECIFIED.,.F.,
  .F.,(2,2),(0.,5.E-02),.PIECEWISE_BEZIER_KNOTS.);
#1309 = CARTESIAN_POINT('',(3.332978737354,-0.65075,3.4000001));
#1310 = CARTESIAN_POINT('',(3.332978737354,-0.65075,3.3500001));
#1311 = ORIENTED_EDGE('',*,*,#484,.T.);
#1312 = B_SPLINE_SURFACE_WITH_KNOTS('',1,1,(
    (#1313,#1314)
    ,(#1315,#1316
    )),.UNSPECIFIED.,.F.,.F.,.F.,(2,2),(2,2),(0.,5.420187980037E-02),(0.
    ,5.E-02),.PIECEWISE_BEZIER_KNOTS.);
#1313 = CARTESIAN_POINT('',(3.332978737354,-0.65075,3.4000001));
#1314 = CARTESIAN_POINT('',(3.332978737354,-0.65075,3.3500001));
#1315 = CARTESIAN_POINT('',(3.279787224531,-0.661166656733,3.4000001));
#1316 = CARTESIAN_POINT('',(3.279787224531,-0.661166656733,3.3500001));
#1317 = ADVANCED_FACE('',(#1318),#1334,.T.);
#1318 = FACE_BOUND('',#1319,.T.);
#1319 = EDGE_LOOP('',(#1320,#1321,#1328,#1333));
#1320 = ORIENTED_EDGE('',*,*,#1307,.T.);
#1321 = ORIENTED_EDGE('',*,*,#1322,.F.);
#1322 = EDGE_CURVE('',#1323,#1301,#1325,.T.);
#1323 = VERTEX_POINT('',#1324);
#1324 = CARTESIAN_POINT('',(3.375531923771,-0.629916656733,3.3500001));
#1325 = B_SPLINE_CURVE_WITH_KNOTS('',1,(#1326,#1327),.UNSPECIFIED.,.F.,
  .F.,(2,2),(0.,4.737934007463E-02),.PIECEWISE_BEZIER_KNOTS.);
#1326 = CARTESIAN_POINT('',(3.375531923771,-0.629916656733,3.3500001));
#1327 = CARTESIAN_POINT('',(3.332978737354,-0.65075,3.3500001));
#1328 = ORIENTED_EDGE('',*,*,#1329,.F.);
#1329 = EDGE_CURVE('',#492,#1323,#1330,.T.);
#1330 = B_SPLINE_CURVE_WITH_KNOTS('',1,(#1331,#1332),.UNSPECIFIED.,.F.,
  .F.,(2,2),(0.,5.E-02),.PIECEWISE_BEZIER_KNOTS.);
#1331 = CARTESIAN_POINT('',(3.375531923771,-0.629916656733,3.4000001));
#1332 = CARTESIAN_POINT('',(3.375531923771,-0.629916656733,3.3500001));
#1333 = ORIENTED_EDGE('',*,*,#491,.T.);
#1334 = B_SPLINE_SURFACE_WITH_KNOTS('',1,1,(
    (#1335,#1336)
    ,(#1337,#1338
    )),.UNSPECIFIED.,.F.,.F.,.F.,(2,2),(2,2),(0.,4.737934007463E-02),(0.
    ,5.E-02),.PIECEWISE_BEZIER_KNOTS.);
#1335 = CARTESIAN_POINT('',(3.375531923771,-0.629916656733,3.4000001));
#1336 = CARTESIAN_POINT('',(3.375531923771,-0.629916656733,3.3500001));
#1337 = CARTESIAN_POINT('',(3.332978737354,-0.65075,3.4000001));
#1338 = CARTESIAN_POINT('',(3.332978737354,-0.65075,3.3500001));
#1339 = ADVANCED_FACE('',(#1340),#1356,.T.);
#1340 = FACE_BOUND('',#1341,.T.);
#1341 = EDGE_LOOP('',(#1342,#1343,#1350,#1355));
#1342 = ORIENTED_EDGE('',*,*,#1329,.T.);
#1343 = ORIENTED_EDGE('',*,*,#1344,.F.);
#1344 = EDGE_CURVE('',#1345,#1323,#1347,.T.);
#1345 = VERTEX_POINT('',#1346);
#1346 = CARTESIAN_POINT('',(3.418085110188,-0.58825,3.3500001));
#1347 = B_SPLINE_CURVE_WITH_KNOTS('',1,(#1348,#1349),.UNSPECIFIED.,.F.,
  .F.,(2,2),(0.,5.955572145039E-02),.PIECEWISE_BEZIER_KNOTS.);
#1348 = CARTESIAN_POINT('',(3.418085110188,-0.58825,3.3500001));
#1349 = CARTESIAN_POINT('',(3.375531923771,-0.629916656733,3.3500001));
#1350 = ORIENTED_EDGE('',*,*,#1351,.F.);
#1351 = EDGE_CURVE('',#499,#1345,#1352,.T.);
#1352 = B_SPLINE_CURVE_WITH_KNOTS('',1,(#1353,#1354),.UNSPECIFIED.,.F.,
  .F.,(2,2),(0.,5.E-02),.PIECEWISE_BEZIER_KNOTS.);
#1353 = CARTESIAN_POINT('',(3.418085110188,-0.58825,3.4000001));
#1354 = CARTESIAN_POINT('',(3.418085110188,-0.58825,3.3500001));
#1355 = ORIENTED_EDGE('',*,*,#498,.T.);
#1356 = B_SPLINE_SURFACE_WITH_KNOTS('',1,1,(
    (#1357,#1358)
    ,(#1359,#1360
    )),.UNSPECIFIED.,.F.,.F.,.F.,(2,2),(2,2),(0.,5.955572145039E-02),(0.
    ,5.E-02),.PIECEWISE_BEZIER_KNOTS.);
#1357 = CARTESIAN_POINT('',(3.418085110188,-0.58825,3.4000001));
#1358 = CARTESIAN_POINT('',(3.418085110188,-0.58825,3.3500001));
#1359 = CARTESIAN_POINT('',(3.375531923771,-0.629916656733,3.4000001));
#1360 = CARTESIAN_POINT('',(3.375531923771,-0.629916656733,3.3500001));
#1361 = ADVANCED_FACE('',(#1362),#1378,.T.);
#1362 = FACE_BOUND('',#1363,.T.);
#1363 = EDGE_LOOP('',(#1364,#1365,#1372,#1377));
#1364 = ORIENTED_EDGE('',*,*,#1351,.T.);
#1365 = ORIENTED_EDGE('',*,*,#1366,.F.);
#1366 = EDGE_CURVE('',#1367,#1345,#1369,.T.);
#1367 = VERTEX_POINT('',#1368);
#1368 = CARTESIAN_POINT('',(3.439361703396,-0.546583313465,3.3500001));
#1369 = B_SPLINE_CURVE_WITH_KNOTS('',1,(#1370,#1371),.UNSPECIFIED.,.F.,
  .F.,(2,2),(0.,4.678467895955E-02),.PIECEWISE_BEZIER_KNOTS.);
#1370 = CARTESIAN_POINT('',(3.439361703396,-0.546583313465,3.3500001));
#1371 = CARTESIAN_POINT('',(3.418085110188,-0.58825,3.3500001));
#1372 = ORIENTED_EDGE('',*,*,#1373,.F.);
#1373 = EDGE_CURVE('',#506,#1367,#1374,.T.);
#1374 = B_SPLINE_CURVE_WITH_KNOTS('',1,(#1375,#1376),.UNSPECIFIED.,.F.,
  .F.,(2,2),(0.,5.E-02),.PIECEWISE_BEZIER_KNOTS.);
#1375 = CARTESIAN_POINT('',(3.439361703396,-0.546583313465,3.4000001));
#1376 = CARTESIAN_POINT('',(3.439361703396,-0.546583313465,3.3500001));
#1377 = ORIENTED_EDGE('',*,*,#505,.T.);
#1378 = B_SPLINE_SURFACE_WITH_KNOTS('',1,1,(
    (#1379,#1380)
    ,(#1381,#1382
    )),.UNSPECIFIED.,.F.,.F.,.F.,(2,2),(2,2),(0.,4.678467895955E-02),(0.
    ,5.E-02),.PIECEWISE_BEZIER_KNOTS.);
#1379 = CARTESIAN_POINT('',(3.439361703396,-0.546583313465,3.4000001));
#1380 = CARTESIAN_POINT('',(3.439361703396,-0.546583313465,3.3500001));
#1381 = CARTESIAN_POINT('',(3.418085110188,-0.58825,3.4000001));
#1382 = CARTESIAN_POINT('',(3.418085110188,-0.58825,3.3500001));
#1383 = ADVANCED_FACE('',(#1384),#1400,.T.);
#1384 = FACE_BOUND('',#1385,.T.);
#1385 = EDGE_LOOP('',(#1386,#1387,#1394,#1399));
#1386 = ORIENTED_EDGE('',*,*,#1373,.T.);
#1387 = ORIENTED_EDGE('',*,*,#1388,.F.);
#1388 = EDGE_CURVE('',#1389,#1367,#1391,.T.);
#1389 = VERTEX_POINT('',#1390);
#1390 = CARTESIAN_POINT('',(3.45,-0.4945,3.3500001));
#1391 = B_SPLINE_CURVE_WITH_KNOTS('',1,(#1392,#1393),.UNSPECIFIED.,.F.,
  .F.,(2,2),(0.,5.315867658382E-02),.PIECEWISE_BEZIER_KNOTS.);
#1392 = CARTESIAN_POINT('',(3.45,-0.4945,3.3500001));
#1393 = CARTESIAN_POINT('',(3.439361703396,-0.546583313465,3.3500001));
#1394 = ORIENTED_EDGE('',*,*,#1395,.F.);
#1395 = EDGE_CURVE('',#513,#1389,#1396,.T.);
#1396 = B_SPLINE_CURVE_WITH_KNOTS('',1,(#1397,#1398),.UNSPECIFIED.,.F.,
  .F.,(2,2),(0.,5.E-02),.PIECEWISE_BEZIER_KNOTS.);
#1397 = CARTESIAN_POINT('',(3.45,-0.4945,3.4000001));
#1398 = CARTESIAN_POINT('',(3.45,-0.4945,3.3500001));
#1399 = ORIENTED_EDGE('',*,*,#512,.T.);
#1400 = B_SPLINE_SURFACE_WITH_KNOTS('',1,1,(
    (#1401,#1402)
    ,(#1403,#1404
    )),.UNSPECIFIED.,.F.,.F.,.F.,(2,2),(2,2),(0.,5.315867658382E-02),(0.
    ,5.E-02),.PIECEWISE_BEZIER_KNOTS.);
#1401 = CARTESIAN_POINT('',(3.45,-0.4945,3.4000001));
#1402 = CARTESIAN_POINT('',(3.45,-0.4945,3.3500001));
#1403 = CARTESIAN_POINT('',(3.439361703396,-0.546583313465,3.4000001));
#1404 = CARTESIAN_POINT('',(3.439361703396,-0.546583313465,3.3500001));
#1405 = ADVANCED_FACE('',(#1406),#1422,.T.);
#1406 = FACE_BOUND('',#1407,.T.);
#1407 = EDGE_LOOP('',(#1408,#1409,#1416,#1421));
#1408 = ORIENTED_EDGE('',*,*,#1395,.T.);
#1409 = ORIENTED_EDGE('',*,*,#1410,.F.);
#1410 = EDGE_CURVE('',#1411,#1389,#1413,.T.);
#1411 = VERTEX_POINT('',#1412);
#1412 = CARTESIAN_POINT('',(3.45,-0.40075,3.3500001));
#1413 = B_SPLINE_CURVE_WITH_KNOTS('',1,(#1414,#1415),.UNSPECIFIED.,.F.,
  .F.,(2,2),(0.,9.375E-02),.PIECEWISE_BEZIER_KNOTS.);
#1414 = CARTESIAN_POINT('',(3.45,-0.40075,3.3500001));
#1415 = CARTESIAN_POINT('',(3.45,-0.4945,3.3500001));
#1416 = ORIENTED_EDGE('',*,*,#1417,.F.);
#1417 = EDGE_CURVE('',#520,#1411,#1418,.T.);
#1418 = B_SPLINE_CURVE_WITH_KNOTS('',1,(#1419,#1420),.UNSPECIFIED.,.F.,
  .F.,(2,2),(0.,5.E-02),.PIECEWISE_BEZIER_KNOTS.);
#1419 = CARTESIAN_POINT('',(3.45,-0.40075,3.4000001));
#1420 = CARTESIAN_POINT('',(3.45,-0.40075,3.3500001));
#1421 = ORIENTED_EDGE('',*,*,#519,.T.);
#1422 = B_SPLINE_SURFACE_WITH_KNOTS('',1,1,(
    (#1423,#1424)
    ,(#1425,#1426
  )),.UNSPECIFIED.,.F.,.F.,.F.,(2,2),(2,2),(0.,9.375E-02),(0.,5.E-02),
  .PIECEWISE_BEZIER_KNOTS.);
#1423 = CARTESIAN_POINT('',(3.45,-0.40075,3.4000001));
#1424 = CARTESIAN_POINT('',(3.45,-0.40075,3.3500001));
#1425 = CARTESIAN_POINT('',(3.45,-0.4945,3.4000001));
#1426 = CARTESIAN_POINT('',(3.45,-0.4945,3.3500001));
#1427 = ADVANCED_FACE('',(#1428),#1444,.T.);
#1428 = FACE_BOUND('',#1429,.T.);
#1429 = EDGE_LOOP('',(#1430,#1431,#1438,#1443));
#1430 = ORIENTED_EDGE('',*,*,#1417,.T.);
#1431 = ORIENTED_EDGE('',*,*,#1432,.F.);
#1432 = EDGE_CURVE('',#1433,#1411,#1435,.T.);
#1433 = VERTEX_POINT('',#1434);
#1434 = CARTESIAN_POINT('',(3.439361703396,-0.348666686535,3.3500001));
#1435 = B_SPLINE_CURVE_WITH_KNOTS('',1,(#1436,#1437),.UNSPECIFIED.,.F.,
  .F.,(2,2),(0.,5.315867658382E-02),.PIECEWISE_BEZIER_KNOTS.);
#1436 = CARTESIAN_POINT('',(3.439361703396,-0.348666686535,3.3500001));
#1437 = CARTESIAN_POINT('',(3.45,-0.40075,3.3500001));
#1438 = ORIENTED_EDGE('',*,*,#1439,.F.);
#1439 = EDGE_CURVE('',#527,#1433,#1440,.T.);
#1440 = B_SPLINE_CURVE_WITH_KNOTS('',1,(#1441,#1442),.UNSPECIFIED.,.F.,
  .F.,(2,2),(0.,5.E-02),.PIECEWISE_BEZIER_KNOTS.);
#1441 = CARTESIAN_POINT('',(3.439361703396,-0.348666686535,3.4000001));
#1442 = CARTESIAN_POINT('',(3.439361703396,-0.348666686535,3.3500001));
#1443 = ORIENTED_EDGE('',*,*,#526,.T.);
#1444 = B_SPLINE_SURFACE_WITH_KNOTS('',1,1,(
    (#1445,#1446)
    ,(#1447,#1448
    )),.UNSPECIFIED.,.F.,.F.,.F.,(2,2),(2,2),(0.,5.315867658382E-02),(0.
    ,5.E-02),.PIECEWISE_BEZIER_KNOTS.);
#1445 = CARTESIAN_POINT('',(3.439361703396,-0.348666686535,3.4000001));
#1446 = CARTESIAN_POINT('',(3.439361703396,-0.348666686535,3.3500001));
#1447 = CARTESIAN_POINT('',(3.45,-0.40075,3.4000001));
#1448 = CARTESIAN_POINT('',(3.45,-0.40075,3.3500001));
#1449 = ADVANCED_FACE('',(#1450),#1466,.T.);
#1450 = FACE_BOUND('',#1451,.T.);
#1451 = EDGE_LOOP('',(#1452,#1453,#1460,#1465));
#1452 = ORIENTED_EDGE('',*,*,#1439,.T.);
#1453 = ORIENTED_EDGE('',*,*,#1454,.F.);
#1454 = EDGE_CURVE('',#1455,#1433,#1457,.T.);
#1455 = VERTEX_POINT('',#1456);
#1456 = CARTESIAN_POINT('',(3.418085110188,-0.307,3.3500001));
#1457 = B_SPLINE_CURVE_WITH_KNOTS('',1,(#1458,#1459),.UNSPECIFIED.,.F.,
  .F.,(2,2),(0.,4.678467895955E-02),.PIECEWISE_BEZIER_KNOTS.);
#1458 = CARTESIAN_POINT('',(3.418085110188,-0.307,3.3500001));
#1459 = CARTESIAN_POINT('',(3.439361703396,-0.348666686535,3.3500001));
#1460 = ORIENTED_EDGE('',*,*,#1461,.F.);
#1461 = EDGE_CURVE('',#534,#1455,#1462,.T.);
#1462 = B_SPLINE_CURVE_WITH_KNOTS('',1,(#1463,#1464),.UNSPECIFIED.,.F.,
  .F.,(2,2),(0.,5.E-02),.PIECEWISE_BEZIER_KNOTS.);
#1463 = CARTESIAN_POINT('',(3.418085110188,-0.307,3.4000001));
#1464 = CARTESIAN_POINT('',(3.418085110188,-0.307,3.3500001));
#1465 = ORIENTED_EDGE('',*,*,#533,.T.);
#1466 = B_SPLINE_SURFACE_WITH_KNOTS('',1,1,(
    (#1467,#1468)
    ,(#1469,#1470
    )),.UNSPECIFIED.,.F.,.F.,.F.,(2,2),(2,2),(0.,4.678467895955E-02),(0.
    ,5.E-02),.PIECEWISE_BEZIER_KNOTS.);
#1467 = CARTESIAN_POINT('',(3.418085110188,-0.307,3.4000001));
#1468 = CARTESIAN_POINT('',(3.418085110188,-0.307,3.3500001));
#1469 = CARTESIAN_POINT('',(3.439361703396,-0.348666686535,3.4000001));
#1470 = CARTESIAN_POINT('',(3.439361703396,-0.348666686535,3.3500001));
#1471 = ADVANCED_FACE('',(#1472),#1488,.T.);
#1472 = FACE_BOUND('',#1473,.T.);
#1473 = EDGE_LOOP('',(#1474,#1475,#1482,#1487));
#1474 = ORIENTED_EDGE('',*,*,#1461,.T.);
#1475 = ORIENTED_EDGE('',*,*,#1476,.F.);
#1476 = EDGE_CURVE('',#1477,#1455,#1479,.T.);
#1477 = VERTEX_POINT('',#1478);
#1478 = CARTESIAN_POINT('',(3.375531923771,-0.265333313465,3.3500001));
#1479 = B_SPLINE_CURVE_WITH_KNOTS('',1,(#1480,#1481),.UNSPECIFIED.,.F.,
  .F.,(2,2),(0.,5.955574230084E-02),.PIECEWISE_BEZIER_KNOTS.);
#1480 = CARTESIAN_POINT('',(3.375531923771,-0.265333313465,3.3500001));
#1481 = CARTESIAN_POINT('',(3.418085110188,-0.307,3.3500001));
#1482 = ORIENTED_EDGE('',*,*,#1483,.F.);
#1483 = EDGE_CURVE('',#541,#1477,#1484,.T.);
#1484 = B_SPLINE_CURVE_WITH_KNOTS('',1,(#1485,#1486),.UNSPECIFIED.,.F.,
  .F.,(2,2),(0.,5.E-02),.PIECEWISE_BEZIER_KNOTS.);
#1485 = CARTESIAN_POINT('',(3.375531923771,-0.265333313465,3.4000001));
#1486 = CARTESIAN_POINT('',(3.375531923771,-0.265333313465,3.3500001));
#1487 = ORIENTED_EDGE('',*,*,#540,.T.);
#1488 = B_SPLINE_SURFACE_WITH_KNOTS('',1,1,(
    (#1489,#1490)
    ,(#1491,#1492
    )),.UNSPECIFIED.,.F.,.F.,.F.,(2,2),(2,2),(0.,5.955574230084E-02),(0.
    ,5.E-02),.PIECEWISE_BEZIER_KNOTS.);
#1489 = CARTESIAN_POINT('',(3.375531923771,-0.265333313465,3.4000001));
#1490 = CARTESIAN_POINT('',(3.375531923771,-0.265333313465,3.3500001));
#1491 = CARTESIAN_POINT('',(3.418085110188,-0.307,3.4000001));
#1492 = CARTESIAN_POINT('',(3.418085110188,-0.307,3.3500001));
#1493 = ADVANCED_FACE('',(#1494),#1510,.T.);
#1494 = FACE_BOUND('',#1495,.T.);
#1495 = EDGE_LOOP('',(#1496,#1497,#1504,#1509));
#1496 = ORIENTED_EDGE('',*,*,#1483,.T.);
#1497 = ORIENTED_EDGE('',*,*,#1498,.F.);
#1498 = EDGE_CURVE('',#1499,#1477,#1501,.T.);
#1499 = VERTEX_POINT('',#1500);
#1500 = CARTESIAN_POINT('',(3.322340410948,-0.254916686535,3.3500001));
#1501 = B_SPLINE_CURVE_WITH_KNOTS('',1,(#1502,#1503),.UNSPECIFIED.,.F.,
  .F.,(2,2),(0.,5.42018740729E-02),.PIECEWISE_BEZIER_KNOTS.);
#1502 = CARTESIAN_POINT('',(3.322340410948,-0.254916686535,3.3500001));
#1503 = CARTESIAN_POINT('',(3.375531923771,-0.265333313465,3.3500001));
#1504 = ORIENTED_EDGE('',*,*,#1505,.F.);
#1505 = EDGE_CURVE('',#548,#1499,#1506,.T.);
#1506 = B_SPLINE_CURVE_WITH_KNOTS('',1,(#1507,#1508),.UNSPECIFIED.,.F.,
  .F.,(2,2),(0.,5.E-02),.PIECEWISE_BEZIER_KNOTS.);
#1507 = CARTESIAN_POINT('',(3.322340410948,-0.254916686535,3.4000001));
#1508 = CARTESIAN_POINT('',(3.322340410948,-0.254916686535,3.3500001));
#1509 = ORIENTED_EDGE('',*,*,#547,.T.);
#1510 = B_SPLINE_SURFACE_WITH_KNOTS('',1,1,(
    (#1511,#1512)
    ,(#1513,#1514
    )),.UNSPECIFIED.,.F.,.F.,.F.,(2,2),(2,2),(0.,5.42018740729E-02),(0.,
    5.E-02),.PIECEWISE_BEZIER_KNOTS.);
#1511 = CARTESIAN_POINT('',(3.322340410948,-0.254916686535,3.4000001));
#1512 = CARTESIAN_POINT('',(3.322340410948,-0.254916686535,3.3500001));
#1513 = CARTESIAN_POINT('',(3.375531923771,-0.265333313465,3.4000001));
#1514 = CARTESIAN_POINT('',(3.375531923771,-0.265333313465,3.3500001));
#1515 = ADVANCED_FACE('',(#1516),#1532,.T.);
#1516 = FACE_BOUND('',#1517,.T.);
#1517 = EDGE_LOOP('',(#1518,#1519,#1526,#1531));
#1518 = ORIENTED_EDGE('',*,*,#1505,.T.);
#1519 = ORIENTED_EDGE('',*,*,#1520,.F.);
#1520 = EDGE_CURVE('',#1521,#1499,#1523,.T.);
#1521 = VERTEX_POINT('',#1522);
#1522 = CARTESIAN_POINT('',(3.322340410948,-0.317416686535,3.3500001));
#1523 = B_SPLINE_CURVE_WITH_KNOTS('',1,(#1524,#1525),.UNSPECIFIED.,.F.,
  .F.,(2,2),(0.,6.25E-02),.PIECEWISE_BEZIER_KNOTS.);
#1524 = CARTESIAN_POINT('',(3.322340410948,-0.317416686535,3.3500001));
#1525 = CARTESIAN_POINT('',(3.322340410948,-0.254916686535,3.3500001));
#1526 = ORIENTED_EDGE('',*,*,#1527,.F.);
#1527 = EDGE_CURVE('',#555,#1521,#1528,.T.);
#1528 = B_SPLINE_CURVE_WITH_KNOTS('',1,(#1529,#1530),.UNSPECIFIED.,.F.,
  .F.,(2,2),(0.,5.E-02),.PIECEWISE_BEZIER_KNOTS.);
#1529 = CARTESIAN_POINT('',(3.322340410948,-0.317416686535,3.4000001));
#1530 = CARTESIAN_POINT('',(3.322340410948,-0.317416686535,3.3500001));
#1531 = ORIENTED_EDGE('',*,*,#554,.T.);
#1532 = B_SPLINE_SURFACE_WITH_KNOTS('',1,1,(
    (#1533,#1534)
    ,(#1535,#1536
  )),.UNSPECIFIED.,.F.,.F.,.F.,(2,2),(2,2),(0.,6.25E-02),(0.,5.E-02),
  .PIECEWISE_BEZIER_KNOTS.);
#1533 = CARTESIAN_POINT('',(3.322340410948,-0.317416686535,3.4000001));
#1534 = CARTESIAN_POINT('',(3.322340410948,-0.317416686535,3.3500001));
#1535 = CARTESIAN_POINT('',(3.322340410948,-0.254916686535,3.4000001));
#1536 = CARTESIAN_POINT('',(3.322340410948,-0.254916686535,3.3500001));
#1537 = ADVANCED_FACE('',(#1538),#1554,.T.);
#1538 = FACE_BOUND('',#1539,.T.);
#1539 = EDGE_LOOP('',(#1540,#1541,#1548,#1553));
#1540 = ORIENTED_EDGE('',*,*,#1527,.T.);
#1541 = ORIENTED_EDGE('',*,*,#1542,.F.);
#1542 = EDGE_CURVE('',#1543,#1521,#1545,.T.);
#1543 = VERTEX_POINT('',#1544);
#1544 = CARTESIAN_POINT('',(3.354255330563,-0.327833313465,3.3500001));
#1545 = B_SPLINE_CURVE_WITH_KNOTS('',1,(#1546,#1547),.UNSPECIFIED.,.F.,
  .F.,(2,2),(0.,3.35718365691E-02),.PIECEWISE_BEZIER_KNOTS.);
#1546 = CARTESIAN_POINT('',(3.354255330563,-0.327833313465,3.3500001));
#1547 = CARTESIAN_POINT('',(3.322340410948,-0.317416686535,3.3500001));
#1548 = ORIENTED_EDGE('',*,*,#1549,.F.);
#1549 = EDGE_CURVE('',#562,#1543,#1550,.T.);
#1550 = B_SPLINE_CURVE_WITH_KNOTS('',1,(#1551,#1552),.UNSPECIFIED.,.F.,
  .F.,(2,2),(0.,5.E-02),.PIECEWISE_BEZIER_KNOTS.);
#1551 = CARTESIAN_POINT('',(3.354255330563,-0.327833313465,3.4000001));
#1552 = CARTESIAN_POINT('',(3.354255330563,-0.327833313465,3.3500001));
#1553 = ORIENTED_EDGE('',*,*,#561,.T.);
#1554 = B_SPLINE_SURFACE_WITH_KNOTS('',1,1,(
    (#1555,#1556)
    ,(#1557,#1558
    )),.UNSPECIFIED.,.F.,.F.,.F.,(2,2),(2,2),(0.,3.35718365691E-02),(0.,
    5.E-02),.PIECEWISE_BEZIER_KNOTS.);
#1555 = CARTESIAN_POINT('',(3.354255330563,-0.327833313465,3.4000001));
#1556 = CARTESIAN_POINT('',(3.354255330563,-0.327833313465,3.3500001));
#1557 = CARTESIAN_POINT('',(3.322340410948,-0.317416686535,3.4000001));
#1558 = CARTESIAN_POINT('',(3.322340410948,-0.317416686535,3.3500001));
#1559 = ADVANCED_FACE('',(#1560),#1576,.T.);
#1560 = FACE_BOUND('',#1561,.T.);
#1561 = EDGE_LOOP('',(#1562,#1563,#1570,#1575));
#1562 = ORIENTED_EDGE('',*,*,#1549,.T.);
#1563 = ORIENTED_EDGE('',*,*,#1564,.F.);
#1564 = EDGE_CURVE('',#1565,#1543,#1567,.T.);
#1565 = VERTEX_POINT('',#1566);
#1566 = CARTESIAN_POINT('',(3.375531923771,-0.359083313465,3.3500001));
#1567 = B_SPLINE_CURVE_WITH_KNOTS('',1,(#1568,#1569),.UNSPECIFIED.,.F.,
  .F.,(2,2),(0.,3.780550116785E-02),.PIECEWISE_BEZIER_KNOTS.);
#1568 = CARTESIAN_POINT('',(3.375531923771,-0.359083313465,3.3500001));
#1569 = CARTESIAN_POINT('',(3.354255330563,-0.327833313465,3.3500001));
#1570 = ORIENTED_EDGE('',*,*,#1571,.F.);
#1571 = EDGE_CURVE('',#569,#1565,#1572,.T.);
#1572 = B_SPLINE_CURVE_WITH_KNOTS('',1,(#1573,#1574),.UNSPECIFIED.,.F.,
  .F.,(2,2),(0.,5.E-02),.PIECEWISE_BEZIER_KNOTS.);
#1573 = CARTESIAN_POINT('',(3.375531923771,-0.359083313465,3.4000001));
#1574 = CARTESIAN_POINT('',(3.375531923771,-0.359083313465,3.3500001));
#1575 = ORIENTED_EDGE('',*,*,#568,.T.);
#1576 = B_SPLINE_SURFACE_WITH_KNOTS('',1,1,(
    (#1577,#1578)
    ,(#1579,#1580
    )),.UNSPECIFIED.,.F.,.F.,.F.,(2,2),(2,2),(0.,3.780550116785E-02),(0.
    ,5.E-02),.PIECEWISE_BEZIER_KNOTS.);
#1577 = CARTESIAN_POINT('',(3.375531923771,-0.359083313465,3.4000001));
#1578 = CARTESIAN_POINT('',(3.375531923771,-0.359083313465,3.3500001));
#1579 = CARTESIAN_POINT('',(3.354255330563,-0.327833313465,3.4000001));
#1580 = CARTESIAN_POINT('',(3.354255330563,-0.327833313465,3.3500001));
#1581 = ADVANCED_FACE('',(#1582),#1598,.T.);
#1582 = FACE_BOUND('',#1583,.T.);
#1583 = EDGE_LOOP('',(#1584,#1585,#1592,#1597));
#1584 = ORIENTED_EDGE('',*,*,#1571,.T.);
#1585 = ORIENTED_EDGE('',*,*,#1586,.F.);
#1586 = EDGE_CURVE('',#1587,#1565,#1589,.T.);
#1587 = VERTEX_POINT('',#1588);
#1588 = CARTESIAN_POINT('',(3.386170220375,-0.40075,3.3500001));
#1589 = B_SPLINE_CURVE_WITH_KNOTS('',1,(#1590,#1591),.UNSPECIFIED.,.F.,
  .F.,(2,2),(0.,4.300332686472E-02),.PIECEWISE_BEZIER_KNOTS.);
#1590 = CARTESIAN_POINT('',(3.386170220375,-0.40075,3.3500001));
#1591 = CARTESIAN_POINT('',(3.375531923771,-0.359083313465,3.3500001));
#1592 = ORIENTED_EDGE('',*,*,#1593,.F.);
#1593 = EDGE_CURVE('',#576,#1587,#1594,.T.);
#1594 = B_SPLINE_CURVE_WITH_KNOTS('',1,(#1595,#1596),.UNSPECIFIED.,.F.,
  .F.,(2,2),(0.,5.E-02),.PIECEWISE_BEZIER_KNOTS.);
#1595 = CARTESIAN_POINT('',(3.386170220375,-0.40075,3.4000001));
#1596 = CARTESIAN_POINT('',(3.386170220375,-0.40075,3.3500001));
#1597 = ORIENTED_EDGE('',*,*,#575,.T.);
#1598 = B_SPLINE_SURFACE_WITH_KNOTS('',1,1,(
    (#1599,#1600)
    ,(#1601,#1602
    )),.UNSPECIFIED.,.F.,.F.,.F.,(2,2),(2,2),(0.,4.300332686472E-02),(0.
    ,5.E-02),.PIECEWISE_BEZIER_KNOTS.);
#1599 = CARTESIAN_POINT('',(3.386170220375,-0.40075,3.4000001));
#1600 = CARTESIAN_POINT('',(3.386170220375,-0.40075,3.3500001));
#1601 = CARTESIAN_POINT('',(3.375531923771,-0.359083313465,3.4000001));
#1602 = CARTESIAN_POINT('',(3.375531923771,-0.359083313465,3.3500001));
#1603 = ADVANCED_FACE('',(#1604),#1620,.T.);
#1604 = FACE_BOUND('',#1605,.T.);
#1605 = EDGE_LOOP('',(#1606,#1607,#1614,#1619));
#1606 = ORIENTED_EDGE('',*,*,#1593,.T.);
#1607 = ORIENTED_EDGE('',*,*,#1608,.F.);
#1608 = EDGE_CURVE('',#1609,#1587,#1611,.T.);
#1609 = VERTEX_POINT('',#1610);
#1610 = CARTESIAN_POINT('',(3.386170220375,-0.4945,3.3500001));
#1611 = B_SPLINE_CURVE_WITH_KNOTS('',1,(#1612,#1613),.UNSPECIFIED.,.F.,
  .F.,(2,2),(0.,9.375E-02),.PIECEWISE_BEZIER_KNOTS.);
#1612 = CARTESIAN_POINT('',(3.386170220375,-0.4945,3.3500001));
#1613 = CARTESIAN_POINT('',(3.386170220375,-0.40075,3.3500001));
#1614 = ORIENTED_EDGE('',*,*,#1615,.F.);
#1615 = EDGE_CURVE('',#583,#1609,#1616,.T.);
#1616 = B_SPLINE_CURVE_WITH_KNOTS('',1,(#1617,#1618),.UNSPECIFIED.,.F.,
  .F.,(2,2),(0.,5.E-02),.PIECEWISE_BEZIER_KNOTS.);
#1617 = CARTESIAN_POINT('',(3.386170220375,-0.4945,3.4000001));
#1618 = CARTESIAN_POINT('',(3.386170220375,-0.4945,3.3500001));
#1619 = ORIENTED_EDGE('',*,*,#582,.T.);
#1620 = B_SPLINE_SURFACE_WITH_KNOTS('',1,1,(
    (#1621,#1622)
    ,(#1623,#1624
  )),.UNSPECIFIED.,.F.,.F.,.F.,(2,2),(2,2),(0.,9.375E-02),(0.,5.E-02),
  .PIECEWISE_BEZIER_KNOTS.);
#1621 = CARTESIAN_POINT('',(3.386170220375,-0.4945,3.4000001));
#1622 = CARTESIAN_POINT('',(3.386170220375,-0.4945,3.3500001));
#1623 = CARTESIAN_POINT('',(3.386170220375,-0.40075,3.4000001));
#1624 = CARTESIAN_POINT('',(3.386170220375,-0.40075,3.3500001));
#1625 = ADVANCED_FACE('',(#1626),#1642,.T.);
#1626 = FACE_BOUND('',#1627,.T.);
#1627 = EDGE_LOOP('',(#1628,#1629,#1636,#1641));
#1628 = ORIENTED_EDGE('',*,*,#1615,.T.);
#1629 = ORIENTED_EDGE('',*,*,#1630,.F.);
#1630 = EDGE_CURVE('',#1631,#1609,#1633,.T.);
#1631 = VERTEX_POINT('',#1632);
#1632 = CARTESIAN_POINT('',(3.375531923771,-0.536166686535,3.3500001));
#1633 = B_SPLINE_CURVE_WITH_KNOTS('',1,(#1634,#1635),.UNSPECIFIED.,.F.,
  .F.,(2,2),(0.,4.300332686472E-02),.PIECEWISE_BEZIER_KNOTS.);
#1634 = CARTESIAN_POINT('',(3.375531923771,-0.536166686535,3.3500001));
#1635 = CARTESIAN_POINT('',(3.386170220375,-0.4945,3.3500001));
#1636 = ORIENTED_EDGE('',*,*,#1637,.F.);
#1637 = EDGE_CURVE('',#590,#1631,#1638,.T.);
#1638 = B_SPLINE_CURVE_WITH_KNOTS('',1,(#1639,#1640),.UNSPECIFIED.,.F.,
  .F.,(2,2),(0.,5.E-02),.PIECEWISE_BEZIER_KNOTS.);
#1639 = CARTESIAN_POINT('',(3.375531923771,-0.536166686535,3.4000001));
#1640 = CARTESIAN_POINT('',(3.375531923771,-0.536166686535,3.3500001));
#1641 = ORIENTED_EDGE('',*,*,#589,.T.);
#1642 = B_SPLINE_SURFACE_WITH_KNOTS('',1,1,(
    (#1643,#1644)
    ,(#1645,#1646
    )),.UNSPECIFIED.,.F.,.F.,.F.,(2,2),(2,2),(0.,4.300332686472E-02),(0.
    ,5.E-02),.PIECEWISE_BEZIER_KNOTS.);
#1643 = CARTESIAN_POINT('',(3.375531923771,-0.536166686535,3.4000001));
#1644 = CARTESIAN_POINT('',(3.375531923771,-0.536166686535,3.3500001));
#1645 = CARTESIAN_POINT('',(3.386170220375,-0.4945,3.4000001));
#1646 = CARTESIAN_POINT('',(3.386170220375,-0.4945,3.3500001));
#1647 = ADVANCED_FACE('',(#1648),#1664,.T.);
#1648 = FACE_BOUND('',#1649,.T.);
#1649 = EDGE_LOOP('',(#1650,#1651,#1658,#1663));
#1650 = ORIENTED_EDGE('',*,*,#1637,.T.);
#1651 = ORIENTED_EDGE('',*,*,#1652,.F.);
#1652 = EDGE_CURVE('',#1653,#1631,#1655,.T.);
#1653 = VERTEX_POINT('',#1654);
#1654 = CARTESIAN_POINT('',(3.354255330563,-0.567416686535,3.3500001));
#1655 = B_SPLINE_CURVE_WITH_KNOTS('',1,(#1656,#1657),.UNSPECIFIED.,.F.,
  .F.,(2,2),(0.,3.780550116785E-02),.PIECEWISE_BEZIER_KNOTS.);
#1656 = CARTESIAN_POINT('',(3.354255330563,-0.567416686535,3.3500001));
#1657 = CARTESIAN_POINT('',(3.375531923771,-0.536166686535,3.3500001));
#1658 = ORIENTED_EDGE('',*,*,#1659,.F.);
#1659 = EDGE_CURVE('',#597,#1653,#1660,.T.);
#1660 = B_SPLINE_CURVE_WITH_KNOTS('',1,(#1661,#1662),.UNSPECIFIED.,.F.,
  .F.,(2,2),(0.,5.E-02),.PIECEWISE_BEZIER_KNOTS.);
#1661 = CARTESIAN_POINT('',(3.354255330563,-0.567416686535,3.4000001));
#1662 = CARTESIAN_POINT('',(3.354255330563,-0.567416686535,3.3500001));
#1663 = ORIENTED_EDGE('',*,*,#596,.T.);
#1664 = B_SPLINE_SURFACE_WITH_KNOTS('',1,1,(
    (#1665,#1666)
    ,(#1667,#1668
    )),.UNSPECIFIED.,.F.,.F.,.F.,(2,2),(2,2),(0.,3.780550116785E-02),(0.
    ,5.E-02),.PIECEWISE_BEZIER_KNOTS.);
#1665 = CARTESIAN_POINT('',(3.354255330563,-0.567416686535,3.4000001));
#1666 = CARTESIAN_POINT('',(3.354255330563,-0.567416686535,3.3500001));
#1667 = CARTESIAN_POINT('',(3.375531923771,-0.536166686535,3.4000001));
#1668 = CARTESIAN_POINT('',(3.375531923771,-0.536166686535,3.3500001));
#1669 = ADVANCED_FACE('',(#1670),#1686,.T.);
#1670 = FACE_BOUND('',#1671,.T.);
#1671 = EDGE_LOOP('',(#1672,#1673,#1680,#1685));
#1672 = ORIENTED_EDGE('',*,*,#1659,.T.);
#1673 = ORIENTED_EDGE('',*,*,#1674,.F.);
#1674 = EDGE_CURVE('',#1675,#1653,#1677,.T.);
#1675 = VERTEX_POINT('',#1676);
#1676 = CARTESIAN_POINT('',(3.322340410948,-0.58825,3.3500001));
#1677 = B_SPLINE_CURVE_WITH_KNOTS('',1,(#1678,#1679),.UNSPECIFIED.,.F.,
  .F.,(2,2),(0.,3.811284618018E-02),.PIECEWISE_BEZIER_KNOTS.);
#1678 = CARTESIAN_POINT('',(3.322340410948,-0.58825,3.3500001));
#1679 = CARTESIAN_POINT('',(3.354255330563,-0.567416686535,3.3500001));
#1680 = ORIENTED_EDGE('',*,*,#1681,.F.);
#1681 = EDGE_CURVE('',#604,#1675,#1682,.T.);
#1682 = B_SPLINE_CURVE_WITH_KNOTS('',1,(#1683,#1684),.UNSPECIFIED.,.F.,
  .F.,(2,2),(0.,5.E-02),.PIECEWISE_BEZIER_KNOTS.);
#1683 = CARTESIAN_POINT('',(3.322340410948,-0.58825,3.4000001));
#1684 = CARTESIAN_POINT('',(3.322340410948,-0.58825,3.3500001));
#1685 = ORIENTED_EDGE('',*,*,#603,.T.);
#1686 = B_SPLINE_SURFACE_WITH_KNOTS('',1,1,(
    (#1687,#1688)
    ,(#1689,#1690
    )),.UNSPECIFIED.,.F.,.F.,.F.,(2,2),(2,2),(0.,3.811284618018E-02),(0.
    ,5.E-02),.PIECEWISE_BEZIER_KNOTS.);
#1687 = CARTESIAN_POINT('',(3.322340410948,-0.58825,3.4000001));
#1688 = CARTESIAN_POINT('',(3.322340410948,-0.58825,3.3500001));
#1689 = CARTESIAN_POINT('',(3.354255330563,-0.567416686535,3.4000001));
#1690 = CARTESIAN_POINT('',(3.354255330563,-0.567416686535,3.3500001));
#1691 = ADVANCED_FACE('',(#1692),#1708,.T.);
#1692 = FACE_BOUND('',#1693,.T.);
#1693 = EDGE_LOOP('',(#1694,#1695,#1702,#1707));
#1694 = ORIENTED_EDGE('',*,*,#1681,.T.);
#1695 = ORIENTED_EDGE('',*,*,#1696,.F.);
#1696 = EDGE_CURVE('',#1697,#1675,#1699,.T.);
#1697 = VERTEX_POINT('',#1698);
#1698 = CARTESIAN_POINT('',(3.279787224531,-0.598666686535,3.3500001));
#1699 = B_SPLINE_CURVE_WITH_KNOTS('',1,(#1700,#1701),.UNSPECIFIED.,.F.,
  .F.,(2,2),(0.,4.380959977646E-02),.PIECEWISE_BEZIER_KNOTS.);
#1700 = CARTESIAN_POINT('',(3.279787224531,-0.598666686535,3.3500001));
#1701 = CARTESIAN_POINT('',(3.322340410948,-0.58825,3.3500001));
#1702 = ORIENTED_EDGE('',*,*,#1703,.F.);
#1703 = EDGE_CURVE('',#611,#1697,#1704,.T.);
#1704 = B_SPLINE_CURVE_WITH_KNOTS('',1,(#1705,#1706),.UNSPECIFIED.,.F.,
  .F.,(2,2),(0.,5.E-02),.PIECEWISE_BEZIER_KNOTS.);
#1705 = CARTESIAN_POINT('',(3.279787224531,-0.598666686535,3.4000001));
#1706 = CARTESIAN_POINT('',(3.279787224531,-0.598666686535,3.3500001));
#1707 = ORIENTED_EDGE('',*,*,#610,.T.);
#1708 = B_SPLINE_SURFACE_WITH_KNOTS('',1,1,(
    (#1709,#1710)
    ,(#1711,#1712
    )),.UNSPECIFIED.,.F.,.F.,.F.,(2,2),(2,2),(0.,4.380959977646E-02),(0.
    ,5.E-02),.PIECEWISE_BEZIER_KNOTS.);
#1709 = CARTESIAN_POINT('',(3.279787224531,-0.598666686535,3.4000001));
#1710 = CARTESIAN_POINT('',(3.279787224531,-0.598666686535,3.3500001));
#1711 = CARTESIAN_POINT('',(3.322340410948,-0.58825,3.4000001));
#1712 = CARTESIAN_POINT('',(3.322340410948,-0.58825,3.3500001));
#1713 = ADVANCED_FACE('',(#1714),#1730,.T.);
#1714 = FACE_BOUND('',#1715,.T.);
#1715 = EDGE_LOOP('',(#1716,#1717,#1724,#1729));
#1716 = ORIENTED_EDGE('',*,*,#1703,.T.);
#1717 = ORIENTED_EDGE('',*,*,#1718,.F.);
#1718 = EDGE_CURVE('',#1719,#1697,#1721,.T.);
#1719 = VERTEX_POINT('',#1720);
#1720 = CARTESIAN_POINT('',(3.120212760568,-0.598666686535,3.3500001));
#1721 = B_SPLINE_CURVE_WITH_KNOTS('',1,(#1722,#1723),.UNSPECIFIED.,.F.,
  .F.,(2,2),(0.,0.159574463964),.PIECEWISE_BEZIER_KNOTS.);
#1722 = CARTESIAN_POINT('',(3.120212760568,-0.598666686535,3.3500001));
#1723 = CARTESIAN_POINT('',(3.279787224531,-0.598666686535,3.3500001));
#1724 = ORIENTED_EDGE('',*,*,#1725,.F.);
#1725 = EDGE_CURVE('',#618,#1719,#1726,.T.);
#1726 = B_SPLINE_CURVE_WITH_KNOTS('',1,(#1727,#1728),.UNSPECIFIED.,.F.,
  .F.,(2,2),(0.,5.E-02),.PIECEWISE_BEZIER_KNOTS.);
#1727 = CARTESIAN_POINT('',(3.120212760568,-0.598666686535,3.4000001));
#1728 = CARTESIAN_POINT('',(3.120212760568,-0.598666686535,3.3500001));
#1729 = ORIENTED_EDGE('',*,*,#617,.T.);
#1730 = B_SPLINE_SURFACE_WITH_KNOTS('',1,1,(
    (#1731,#1732)
    ,(#1733,#1734
    )),.UNSPECIFIED.,.F.,.F.,.F.,(2,2),(2,2),(0.,0.159574463964),(0.,
    5.E-02),.PIECEWISE_BEZIER_KNOTS.);
#1731 = CARTESIAN_POINT('',(3.120212760568,-0.598666686535,3.4000001));
#1732 = CARTESIAN_POINT('',(3.120212760568,-0.598666686535,3.3500001));
#1733 = CARTESIAN_POINT('',(3.279787224531,-0.598666686535,3.4000001));
#1734 = CARTESIAN_POINT('',(3.279787224531,-0.598666686535,3.3500001));
#1735 = ADVANCED_FACE('',(#1736),#1752,.T.);
#1736 = FACE_BOUND('',#1737,.T.);
#1737 = EDGE_LOOP('',(#1738,#1739,#1746,#1751));
#1738 = ORIENTED_EDGE('',*,*,#1725,.T.);
#1739 = ORIENTED_EDGE('',*,*,#1740,.F.);
#1740 = EDGE_CURVE('',#1741,#1719,#1743,.T.);
#1741 = VERTEX_POINT('',#1742);
#1742 = CARTESIAN_POINT('',(3.077659574151,-0.58825,3.3500001));
#1743 = B_SPLINE_CURVE_WITH_KNOTS('',1,(#1744,#1745),.UNSPECIFIED.,.F.,
  .F.,(2,2),(0.,4.380959977647E-02),.PIECEWISE_BEZIER_KNOTS.);
#1744 = CARTESIAN_POINT('',(3.077659574151,-0.58825,3.3500001));
#1745 = CARTESIAN_POINT('',(3.120212760568,-0.598666686535,3.3500001));
#1746 = ORIENTED_EDGE('',*,*,#1747,.F.);
#1747 = EDGE_CURVE('',#625,#1741,#1748,.T.);
#1748 = B_SPLINE_CURVE_WITH_KNOTS('',1,(#1749,#1750),.UNSPECIFIED.,.F.,
  .F.,(2,2),(0.,5.E-02),.PIECEWISE_BEZIER_KNOTS.);
#1749 = CARTESIAN_POINT('',(3.077659574151,-0.58825,3.4000001));
#1750 = CARTESIAN_POINT('',(3.077659574151,-0.58825,3.3500001));
#1751 = ORIENTED_EDGE('',*,*,#624,.T.);
#1752 = B_SPLINE_SURFACE_WITH_KNOTS('',1,1,(
    (#1753,#1754)
    ,(#1755,#1756
    )),.UNSPECIFIED.,.F.,.F.,.F.,(2,2),(2,2),(0.,4.380959977647E-02),(0.
    ,5.E-02),.PIECEWISE_BEZIER_KNOTS.);
#1753 = CARTESIAN_POINT('',(3.077659574151,-0.58825,3.4000001));
#1754 = CARTESIAN_POINT('',(3.077659574151,-0.58825,3.3500001));
#1755 = CARTESIAN_POINT('',(3.120212760568,-0.598666686535,3.4000001));
#1756 = CARTESIAN_POINT('',(3.120212760568,-0.598666686535,3.3500001));
#1757 = ADVANCED_FACE('',(#1758),#1774,.T.);
#1758 = FACE_BOUND('',#1759,.T.);
#1759 = EDGE_LOOP('',(#1760,#1761,#1768,#1773));
#1760 = ORIENTED_EDGE('',*,*,#1747,.T.);
#1761 = ORIENTED_EDGE('',*,*,#1762,.F.);
#1762 = EDGE_CURVE('',#1763,#1741,#1765,.T.);
#1763 = VERTEX_POINT('',#1764);
#1764 = CARTESIAN_POINT('',(3.045744684339,-0.567416686535,3.3500001));
#1765 = B_SPLINE_CURVE_WITH_KNOTS('',1,(#1766,#1767),.UNSPECIFIED.,.F.,
  .F.,(2,2),(0.,3.811282122433E-02),.PIECEWISE_BEZIER_KNOTS.);
#1766 = CARTESIAN_POINT('',(3.045744684339,-0.567416686535,3.3500001));
#1767 = CARTESIAN_POINT('',(3.077659574151,-0.58825,3.3500001));
#1768 = ORIENTED_EDGE('',*,*,#1769,.F.);
#1769 = EDGE_CURVE('',#632,#1763,#1770,.T.);
#1770 = B_SPLINE_CURVE_WITH_KNOTS('',1,(#1771,#1772),.UNSPECIFIED.,.F.,
  .F.,(2,2),(0.,5.E-02),.PIECEWISE_BEZIER_KNOTS.);
#1771 = CARTESIAN_POINT('',(3.045744684339,-0.567416686535,3.4000001));
#1772 = CARTESIAN_POINT('',(3.045744684339,-0.567416686535,3.3500001));
#1773 = ORIENTED_EDGE('',*,*,#631,.T.);
#1774 = B_SPLINE_SURFACE_WITH_KNOTS('',1,1,(
    (#1775,#1776)
    ,(#1777,#1778
    )),.UNSPECIFIED.,.F.,.F.,.F.,(2,2),(2,2),(0.,3.811282122433E-02),(0.
    ,5.E-02),.PIECEWISE_BEZIER_KNOTS.);
#1775 = CARTESIAN_POINT('',(3.045744684339,-0.567416686535,3.4000001));
#1776 = CARTESIAN_POINT('',(3.045744684339,-0.567416686535,3.3500001));
#1777 = CARTESIAN_POINT('',(3.077659574151,-0.58825,3.4000001));
#1778 = CARTESIAN_POINT('',(3.077659574151,-0.58825,3.3500001));
#1779 = ADVANCED_FACE('',(#1780),#1796,.T.);
#1780 = FACE_BOUND('',#1781,.T.);
#1781 = EDGE_LOOP('',(#1782,#1783,#1790,#1795));
#1782 = ORIENTED_EDGE('',*,*,#1769,.T.);
#1783 = ORIENTED_EDGE('',*,*,#1784,.F.);
#1784 = EDGE_CURVE('',#1785,#1763,#1787,.T.);
#1785 = VERTEX_POINT('',#1786);
#1786 = CARTESIAN_POINT('',(3.02446808368,-0.536166686535,3.3500001));
#1787 = B_SPLINE_CURVE_WITH_KNOTS('',1,(#1788,#1789),.UNSPECIFIED.,.F.,
  .F.,(2,2),(0.,3.780550536096E-02),.PIECEWISE_BEZIER_KNOTS.);
#1788 = CARTESIAN_POINT('',(3.02446808368,-0.536166686535,3.3500001));
#1789 = CARTESIAN_POINT('',(3.045744684339,-0.567416686535,3.3500001));
#1790 = ORIENTED_EDGE('',*,*,#1791,.F.);
#1791 = EDGE_CURVE('',#639,#1785,#1792,.T.);
#1792 = B_SPLINE_CURVE_WITH_KNOTS('',1,(#1793,#1794),.UNSPECIFIED.,.F.,
  .F.,(2,2),(0.,5.E-02),.PIECEWISE_BEZIER_KNOTS.);
#1793 = CARTESIAN_POINT('',(3.02446808368,-0.536166686535,3.4000001));
#1794 = CARTESIAN_POINT('',(3.02446808368,-0.536166686535,3.3500001));
#1795 = ORIENTED_EDGE('',*,*,#638,.T.);
#1796 = B_SPLINE_SURFACE_WITH_KNOTS('',1,1,(
    (#1797,#1798)
    ,(#1799,#1800
    )),.UNSPECIFIED.,.F.,.F.,.F.,(2,2),(2,2),(0.,3.780550536096E-02),(0.
    ,5.E-02),.PIECEWISE_BEZIER_KNOTS.);
#1797 = CARTESIAN_POINT('',(3.02446808368,-0.536166686535,3.4000001));
#1798 = CARTESIAN_POINT('',(3.02446808368,-0.536166686535,3.3500001));
#1799 = CARTESIAN_POINT('',(3.045744684339,-0.567416686535,3.4000001));
#1800 = CARTESIAN_POINT('',(3.045744684339,-0.567416686535,3.3500001));
#1801 = ADVANCED_FACE('',(#1802),#1818,.T.);
#1802 = FACE_BOUND('',#1803,.T.);
#1803 = EDGE_LOOP('',(#1804,#1805,#1812,#1817));
#1804 = ORIENTED_EDGE('',*,*,#1791,.T.);
#1805 = ORIENTED_EDGE('',*,*,#1806,.F.);
#1806 = EDGE_CURVE('',#1807,#1785,#1809,.T.);
#1807 = VERTEX_POINT('',#1808);
#1808 = CARTESIAN_POINT('',(3.013829787076,-0.4945,3.3500001));
#1809 = B_SPLINE_CURVE_WITH_KNOTS('',1,(#1810,#1811),.UNSPECIFIED.,.F.,
  .F.,(2,2),(0.,4.300332686472E-02),.PIECEWISE_BEZIER_KNOTS.);
#1810 = CARTESIAN_POINT('',(3.013829787076,-0.4945,3.3500001));
#1811 = CARTESIAN_POINT('',(3.02446808368,-0.536166686535,3.3500001));
#1812 = ORIENTED_EDGE('',*,*,#1813,.F.);
#1813 = EDGE_CURVE('',#646,#1807,#1814,.T.);
#1814 = B_SPLINE_CURVE_WITH_KNOTS('',1,(#1815,#1816),.UNSPECIFIED.,.F.,
  .F.,(2,2),(0.,5.E-02),.PIECEWISE_BEZIER_KNOTS.);
#1815 = CARTESIAN_POINT('',(3.013829787076,-0.4945,3.4000001));
#1816 = CARTESIAN_POINT('',(3.013829787076,-0.4945,3.3500001));
#1817 = ORIENTED_EDGE('',*,*,#645,.T.);
#1818 = B_SPLINE_SURFACE_WITH_KNOTS('',1,1,(
    (#1819,#1820)
    ,(#1821,#1822
    )),.UNSPECIFIED.,.F.,.F.,.F.,(2,2),(2,2),(0.,4.300332686472E-02),(0.
    ,5.E-02),.PIECEWISE_BEZIER_KNOTS.);
#1819 = CARTESIAN_POINT('',(3.013829787076,-0.4945,3.4000001));
#1820 = CARTESIAN_POINT('',(3.013829787076,-0.4945,3.3500001));
#1821 = CARTESIAN_POINT('',(3.02446808368,-0.536166686535,3.4000001));
#1822 = CARTESIAN_POINT('',(3.02446808368,-0.536166686535,3.3500001));
#1823 = ADVANCED_FACE('',(#1824),#1840,.T.);
#1824 = FACE_BOUND('',#1825,.T.);
#1825 = EDGE_LOOP('',(#1826,#1827,#1834,#1839));
#1826 = ORIENTED_EDGE('',*,*,#1813,.T.);
#1827 = ORIENTED_EDGE('',*,*,#1828,.F.);
#1828 = EDGE_CURVE('',#1829,#1807,#1831,.T.);
#1829 = VERTEX_POINT('',#1830);
#1830 = CARTESIAN_POINT('',(3.013829787076,-0.40075,3.3500001));
#1831 = B_SPLINE_CURVE_WITH_KNOTS('',1,(#1832,#1833),.UNSPECIFIED.,.F.,
  .F.,(2,2),(0.,9.375E-02),.PIECEWISE_BEZIER_KNOTS.);
#1832 = CARTESIAN_POINT('',(3.013829787076,-0.40075,3.3500001));
#1833 = CARTESIAN_POINT('',(3.013829787076,-0.4945,3.3500001));
#1834 = ORIENTED_EDGE('',*,*,#1835,.F.);
#1835 = EDGE_CURVE('',#653,#1829,#1836,.T.);
#1836 = B_SPLINE_CURVE_WITH_KNOTS('',1,(#1837,#1838),.UNSPECIFIED.,.F.,
  .F.,(2,2),(0.,5.E-02),.PIECEWISE_BEZIER_KNOTS.);
#1837 = CARTESIAN_POINT('',(3.013829787076,-0.40075,3.4000001));
#1838 = CARTESIAN_POINT('',(3.013829787076,-0.40075,3.3500001));
#1839 = ORIENTED_EDGE('',*,*,#652,.T.);
#1840 = B_SPLINE_SURFACE_WITH_KNOTS('',1,1,(
    (#1841,#1842)
    ,(#1843,#1844
  )),.UNSPECIFIED.,.F.,.F.,.F.,(2,2),(2,2),(0.,9.375E-02),(0.,5.E-02),
  .PIECEWISE_BEZIER_KNOTS.);
#1841 = CARTESIAN_POINT('',(3.013829787076,-0.40075,3.4000001));
#1842 = CARTESIAN_POINT('',(3.013829787076,-0.40075,3.3500001));
#1843 = CARTESIAN_POINT('',(3.013829787076,-0.4945,3.4000001));
#1844 = CARTESIAN_POINT('',(3.013829787076,-0.4945,3.3500001));
#1845 = ADVANCED_FACE('',(#1846),#1862,.T.);
#1846 = FACE_BOUND('',#1847,.T.);
#1847 = EDGE_LOOP('',(#1848,#1849,#1856,#1861));
#1848 = ORIENTED_EDGE('',*,*,#1835,.T.);
#1849 = ORIENTED_EDGE('',*,*,#1850,.F.);
#1850 = EDGE_CURVE('',#1851,#1829,#1853,.T.);
#1851 = VERTEX_POINT('',#1852);
#1852 = CARTESIAN_POINT('',(3.02446808368,-0.359083313465,3.3500001));
#1853 = B_SPLINE_CURVE_WITH_KNOTS('',1,(#1854,#1855),.UNSPECIFIED.,.F.,
  .F.,(2,2),(0.,4.300332686472E-02),.PIECEWISE_BEZIER_KNOTS.);
#1854 = CARTESIAN_POINT('',(3.02446808368,-0.359083313465,3.3500001));
#1855 = CARTESIAN_POINT('',(3.013829787076,-0.40075,3.3500001));
#1856 = ORIENTED_EDGE('',*,*,#1857,.F.);
#1857 = EDGE_CURVE('',#660,#1851,#1858,.T.);
#1858 = B_SPLINE_CURVE_WITH_KNOTS('',1,(#1859,#1860),.UNSPECIFIED.,.F.,
  .F.,(2,2),(0.,5.E-02),.PIECEWISE_BEZIER_KNOTS.);
#1859 = CARTESIAN_POINT('',(3.02446808368,-0.359083313465,3.4000001));
#1860 = CARTESIAN_POINT('',(3.02446808368,-0.359083313465,3.3500001));
#1861 = ORIENTED_EDGE('',*,*,#659,.T.);
#1862 = B_SPLINE_SURFACE_WITH_KNOTS('',1,1,(
    (#1863,#1864)
    ,(#1865,#1866
    )),.UNSPECIFIED.,.F.,.F.,.F.,(2,2),(2,2),(0.,4.300332686472E-02),(0.
    ,5.E-02),.PIECEWISE_BEZIER_KNOTS.);
#1863 = CARTESIAN_POINT('',(3.02446808368,-0.359083313465,3.4000001));
#1864 = CARTESIAN_POINT('',(3.02446808368,-0.359083313465,3.3500001));
#1865 = CARTESIAN_POINT('',(3.013829787076,-0.40075,3.4000001));
#1866 = CARTESIAN_POINT('',(3.013829787076,-0.40075,3.3500001));
#1867 = ADVANCED_FACE('',(#1868),#1884,.T.);
#1868 = FACE_BOUND('',#1869,.T.);
#1869 = EDGE_LOOP('',(#1870,#1871,#1878,#1883));
#1870 = ORIENTED_EDGE('',*,*,#1857,.T.);
#1871 = ORIENTED_EDGE('',*,*,#1872,.F.);
#1872 = EDGE_CURVE('',#1873,#1851,#1875,.T.);
#1873 = VERTEX_POINT('',#1874);
#1874 = CARTESIAN_POINT('',(3.045744684339,-0.327833313465,3.3500001));
#1875 = B_SPLINE_CURVE_WITH_KNOTS('',1,(#1876,#1877),.UNSPECIFIED.,.F.,
  .F.,(2,2),(0.,3.780550536096E-02),.PIECEWISE_BEZIER_KNOTS.);
#1876 = CARTESIAN_POINT('',(3.045744684339,-0.327833313465,3.3500001));
#1877 = CARTESIAN_POINT('',(3.02446808368,-0.359083313465,3.3500001));
#1878 = ORIENTED_EDGE('',*,*,#1879,.F.);
#1879 = EDGE_CURVE('',#667,#1873,#1880,.T.);
#1880 = B_SPLINE_CURVE_WITH_KNOTS('',1,(#1881,#1882),.UNSPECIFIED.,.F.,
  .F.,(2,2),(0.,5.E-02),.PIECEWISE_BEZIER_KNOTS.);
#1881 = CARTESIAN_POINT('',(3.045744684339,-0.327833313465,3.4000001));
#1882 = CARTESIAN_POINT('',(3.045744684339,-0.327833313465,3.3500001));
#1883 = ORIENTED_EDGE('',*,*,#666,.T.);
#1884 = B_SPLINE_SURFACE_WITH_KNOTS('',1,1,(
    (#1885,#1886)
    ,(#1887,#1888
    )),.UNSPECIFIED.,.F.,.F.,.F.,(2,2),(2,2),(0.,3.780550536096E-02),(0.
    ,5.E-02),.PIECEWISE_BEZIER_KNOTS.);
#1885 = CARTESIAN_POINT('',(3.045744684339,-0.327833313465,3.4000001));
#1886 = CARTESIAN_POINT('',(3.045744684339,-0.327833313465,3.3500001));
#1887 = CARTESIAN_POINT('',(3.02446808368,-0.359083313465,3.4000001));
#1888 = CARTESIAN_POINT('',(3.02446808368,-0.359083313465,3.3500001));
#1889 = ADVANCED_FACE('',(#1890),#1906,.T.);
#1890 = FACE_BOUND('',#1891,.T.);
#1891 = EDGE_LOOP('',(#1892,#1893,#1900,#1905));
#1892 = ORIENTED_EDGE('',*,*,#1879,.T.);
#1893 = ORIENTED_EDGE('',*,*,#1894,.F.);
#1894 = EDGE_CURVE('',#1895,#1873,#1897,.T.);
#1895 = VERTEX_POINT('',#1896);
#1896 = CARTESIAN_POINT('',(3.077659574151,-0.317416686535,3.3500001));
#1897 = B_SPLINE_CURVE_WITH_KNOTS('',1,(#1898,#1899),.UNSPECIFIED.,.F.,
  .F.,(2,2),(0.,3.357180823765E-02),.PIECEWISE_BEZIER_KNOTS.);
#1898 = CARTESIAN_POINT('',(3.077659574151,-0.317416686535,3.3500001));
#1899 = CARTESIAN_POINT('',(3.045744684339,-0.327833313465,3.3500001));
#1900 = ORIENTED_EDGE('',*,*,#1901,.F.);
#1901 = EDGE_CURVE('',#674,#1895,#1902,.T.);
#1902 = B_SPLINE_CURVE_WITH_KNOTS('',1,(#1903,#1904),.UNSPECIFIED.,.F.,
  .F.,(2,2),(0.,5.E-02),.PIECEWISE_BEZIER_KNOTS.);
#1903 = CARTESIAN_POINT('',(3.077659574151,-0.317416686535,3.4000001));
#1904 = CARTESIAN_POINT('',(3.077659574151,-0.317416686535,3.3500001));
#1905 = ORIENTED_EDGE('',*,*,#673,.T.);
#1906 = B_SPLINE_SURFACE_WITH_KNOTS('',1,1,(
    (#1907,#1908)
    ,(#1909,#1910
    )),.UNSPECIFIED.,.F.,.F.,.F.,(2,2),(2,2),(0.,3.357180823765E-02),(0.
    ,5.E-02),.PIECEWISE_BEZIER_KNOTS.);
#1907 = CARTESIAN_POINT('',(3.077659574151,-0.317416686535,3.4000001));
#1908 = CARTESIAN_POINT('',(3.077659574151,-0.317416686535,3.3500001));
#1909 = CARTESIAN_POINT('',(3.045744684339,-0.327833313465,3.4000001));
#1910 = CARTESIAN_POINT('',(3.045744684339,-0.327833313465,3.3500001));
#1911 = ADVANCED_FACE('',(#1912),#1922,.T.);
#1912 = FACE_BOUND('',#1913,.T.);
#1913 = EDGE_LOOP('',(#1914,#1915,#1920,#1921));
#1914 = ORIENTED_EDGE('',*,*,#1901,.T.);
#1915 = ORIENTED_EDGE('',*,*,#1916,.F.);
#1916 = EDGE_CURVE('',#1052,#1895,#1917,.T.);
#1917 = B_SPLINE_CURVE_WITH_KNOTS('',1,(#1918,#1919),.UNSPECIFIED.,.F.,
  .F.,(2,2),(0.,6.25E-02),.PIECEWISE_BEZIER_KNOTS.);
#1918 = CARTESIAN_POINT('',(3.077659574151,-0.254916686535,3.3500001));
#1919 = CARTESIAN_POINT('',(3.077659574151,-0.317416686535,3.3500001));
#1920 = ORIENTED_EDGE('',*,*,#1051,.F.);
#1921 = ORIENTED_EDGE('',*,*,#680,.T.);
#1922 = B_SPLINE_SURFACE_WITH_KNOTS('',1,1,(
    (#1923,#1924)
    ,(#1925,#1926
  )),.UNSPECIFIED.,.F.,.F.,.F.,(2,2),(2,2),(0.,6.25E-02),(0.,5.E-02),
  .PIECEWISE_BEZIER_KNOTS.);
#1923 = CARTESIAN_POINT('',(3.077659574151,-0.254916686535,3.4000001));
#1924 = CARTESIAN_POINT('',(3.077659574151,-0.254916686535,3.3500001));
#1925 = CARTESIAN_POINT('',(3.077659574151,-0.317416686535,3.4000001));
#1926 = CARTESIAN_POINT('',(3.077659574151,-0.317416686535,3.3500001));
#1927 = ADVANCED_FACE('',(#1928),#1950,.T.);
#1928 = FACE_BOUND('',#1929,.T.);
#1929 = EDGE_LOOP('',(#1930,#1937,#1944,#1949));
#1930 = ORIENTED_EDGE('',*,*,#1931,.T.);
#1931 = EDGE_CURVE('',#690,#1932,#1934,.T.);
#1932 = VERTEX_POINT('',#1933);
#1933 = CARTESIAN_POINT('',(3.013829787076,0.20341662693,3.3500001));
#1934 = B_SPLINE_CURVE_WITH_KNOTS('',1,(#1935,#1936),.UNSPECIFIED.,.F.,
  .F.,(2,2),(0.,5.E-02),.PIECEWISE_BEZIER_KNOTS.);
#1935 = CARTESIAN_POINT('',(3.013829787076,0.20341662693,3.4000001));
#1936 = CARTESIAN_POINT('',(3.013829787076,0.20341662693,3.3500001));
#1937 = ORIENTED_EDGE('',*,*,#1938,.F.);
#1938 = EDGE_CURVE('',#1939,#1932,#1941,.T.);
#1939 = VERTEX_POINT('',#1940);
#1940 = CARTESIAN_POINT('',(2.95,0.20341662693,3.3500001));
#1941 = B_SPLINE_CURVE_WITH_KNOTS('',1,(#1942,#1943),.UNSPECIFIED.,.F.,
  .F.,(2,2),(0.,6.382978707552E-02),.PIECEWISE_BEZIER_KNOTS.);
#1942 = CARTESIAN_POINT('',(2.95,0.20341662693,3.3500001));
#1943 = CARTESIAN_POINT('',(3.013829787076,0.20341662693,3.3500001));
#1944 = ORIENTED_EDGE('',*,*,#1945,.F.);
#1945 = EDGE_CURVE('',#688,#1939,#1946,.T.);
#1946 = B_SPLINE_CURVE_WITH_KNOTS('',1,(#1947,#1948),.UNSPECIFIED.,.F.,
  .F.,(2,2),(0.,5.E-02),.PIECEWISE_BEZIER_KNOTS.);
#1947 = CARTESIAN_POINT('',(2.95,0.20341662693,3.4000001));
#1948 = CARTESIAN_POINT('',(2.95,0.20341662693,3.3500001));
#1949 = ORIENTED_EDGE('',*,*,#687,.T.);
#1950 = B_SPLINE_SURFACE_WITH_KNOTS('',1,1,(
    (#1951,#1952)
    ,(#1953,#1954
    )),.UNSPECIFIED.,.F.,.F.,.F.,(2,2),(2,2),(0.,6.382978707552E-02),(0.
    ,5.E-02),.PIECEWISE_BEZIER_KNOTS.);
#1951 = CARTESIAN_POINT('',(2.95,0.20341662693,3.4000001));
#1952 = CARTESIAN_POINT('',(2.95,0.20341662693,3.3500001));
#1953 = CARTESIAN_POINT('',(3.013829787076,0.20341662693,3.4000001));
#1954 = CARTESIAN_POINT('',(3.013829787076,0.20341662693,3.3500001));
#1955 = ADVANCED_FACE('',(#1956),#1972,.T.);
#1956 = FACE_BOUND('',#1957,.T.);
#1957 = EDGE_LOOP('',(#1958,#1959,#1966,#1971));
#1958 = ORIENTED_EDGE('',*,*,#1945,.T.);
#1959 = ORIENTED_EDGE('',*,*,#1960,.F.);
#1960 = EDGE_CURVE('',#1961,#1939,#1963,.T.);
#1961 = VERTEX_POINT('',#1962);
#1962 = CARTESIAN_POINT('',(2.95,-0.171583313465,3.3500001));
#1963 = B_SPLINE_CURVE_WITH_KNOTS('',1,(#1964,#1965),.UNSPECIFIED.,.F.,
  .F.,(2,2),(0.,0.374999940395),.PIECEWISE_BEZIER_KNOTS.);
#1964 = CARTESIAN_POINT('',(2.95,-0.171583313465,3.3500001));
#1965 = CARTESIAN_POINT('',(2.95,0.20341662693,3.3500001));
#1966 = ORIENTED_EDGE('',*,*,#1967,.F.);
#1967 = EDGE_CURVE('',#697,#1961,#1968,.T.);
#1968 = B_SPLINE_CURVE_WITH_KNOTS('',1,(#1969,#1970),.UNSPECIFIED.,.F.,
  .F.,(2,2),(0.,5.E-02),.PIECEWISE_BEZIER_KNOTS.);
#1969 = CARTESIAN_POINT('',(2.95,-0.171583313465,3.4000001));
#1970 = CARTESIAN_POINT('',(2.95,-0.171583313465,3.3500001));
#1971 = ORIENTED_EDGE('',*,*,#696,.T.);
#1972 = B_SPLINE_SURFACE_WITH_KNOTS('',1,1,(
    (#1973,#1974)
    ,(#1975,#1976
    )),.UNSPECIFIED.,.F.,.F.,.F.,(2,2),(2,2),(0.,0.374999940395),(0.,
    5.E-02),.PIECEWISE_BEZIER_KNOTS.);
#1973 = CARTESIAN_POINT('',(2.95,-0.171583313465,3.4000001));
#1974 = CARTESIAN_POINT('',(2.95,-0.171583313465,3.3500001));
#1975 = CARTESIAN_POINT('',(2.95,0.20341662693,3.4000001));
#1976 = CARTESIAN_POINT('',(2.95,0.20341662693,3.3500001));
#1977 = ADVANCED_FACE('',(#1978),#1994,.T.);
#1978 = FACE_BOUND('',#1979,.T.);
#1979 = EDGE_LOOP('',(#1980,#1981,#1988,#1993));
#1980 = ORIENTED_EDGE('',*,*,#1967,.T.);
#1981 = ORIENTED_EDGE('',*,*,#1982,.F.);
#1982 = EDGE_CURVE('',#1983,#1961,#1985,.T.);
#1983 = VERTEX_POINT('',#1984);
#1984 = CARTESIAN_POINT('',(3.45,-0.171583313465,3.3500001));
#1985 = B_SPLINE_CURVE_WITH_KNOTS('',1,(#1986,#1987),.UNSPECIFIED.,.F.,
  .F.,(2,2),(0.,0.5),.PIECEWISE_BEZIER_KNOTS.);
#1986 = CARTESIAN_POINT('',(3.45,-0.171583313465,3.3500001));
#1987 = CARTESIAN_POINT('',(2.95,-0.171583313465,3.3500001));
#1988 = ORIENTED_EDGE('',*,*,#1989,.F.);
#1989 = EDGE_CURVE('',#704,#1983,#1990,.T.);
#1990 = B_SPLINE_CURVE_WITH_KNOTS('',1,(#1991,#1992),.UNSPECIFIED.,.F.,
  .F.,(2,2),(0.,5.E-02),.PIECEWISE_BEZIER_KNOTS.);
#1991 = CARTESIAN_POINT('',(3.45,-0.171583313465,3.4000001));
#1992 = CARTESIAN_POINT('',(3.45,-0.171583313465,3.3500001));
#1993 = ORIENTED_EDGE('',*,*,#703,.T.);
#1994 = B_SPLINE_SURFACE_WITH_KNOTS('',1,1,(
    (#1995,#1996)
    ,(#1997,#1998
    )),.UNSPECIFIED.,.F.,.F.,.F.,(2,2),(2,2),(0.,0.5),(0.,5.E-02),
  .PIECEWISE_BEZIER_KNOTS.);
#1995 = CARTESIAN_POINT('',(3.45,-0.171583313465,3.4000001));
#1996 = CARTESIAN_POINT('',(3.45,-0.171583313465,3.3500001));
#1997 = CARTESIAN_POINT('',(2.95,-0.171583313465,3.4000001));
#1998 = CARTESIAN_POINT('',(2.95,-0.171583313465,3.3500001));
#1999 = ADVANCED_FACE('',(#2000),#2016,.T.);
#2000 = FACE_BOUND('',#2001,.T.);
#2001 = EDGE_LOOP('',(#2002,#2003,#2010,#2015));
#2002 = ORIENTED_EDGE('',*,*,#1989,.T.);
#2003 = ORIENTED_EDGE('',*,*,#2004,.F.);
#2004 = EDGE_CURVE('',#2005,#1983,#2007,.T.);
#2005 = VERTEX_POINT('',#2006);
#2006 = CARTESIAN_POINT('',(3.45,0.20341662693,3.3500001));
#2007 = B_SPLINE_CURVE_WITH_KNOTS('',1,(#2008,#2009),.UNSPECIFIED.,.F.,
  .F.,(2,2),(0.,0.374999940395),.PIECEWISE_BEZIER_KNOTS.);
#2008 = CARTESIAN_POINT('',(3.45,0.20341662693,3.3500001));
#2009 = CARTESIAN_POINT('',(3.45,-0.171583313465,3.3500001));
#2010 = ORIENTED_EDGE('',*,*,#2011,.F.);
#2011 = EDGE_CURVE('',#711,#2005,#2012,.T.);
#2012 = B_SPLINE_CURVE_WITH_KNOTS('',1,(#2013,#2014),.UNSPECIFIED.,.F.,
  .F.,(2,2),(0.,5.E-02),.PIECEWISE_BEZIER_KNOTS.);
#2013 = CARTESIAN_POINT('',(3.45,0.20341662693,3.4000001));
#2014 = CARTESIAN_POINT('',(3.45,0.20341662693,3.3500001));
#2015 = ORIENTED_EDGE('',*,*,#710,.T.);
#2016 = B_SPLINE_SURFACE_WITH_KNOTS('',1,1,(
    (#2017,#2018)
    ,(#2019,#2020
    )),.UNSPECIFIED.,.F.,.F.,.F.,(2,2),(2,2),(0.,0.374999940395),(0.,
    5.E-02),.PIECEWISE_BEZIER_KNOTS.);
#2017 = CARTESIAN_POINT('',(3.45,0.20341662693,3.4000001));
#2018 = CARTESIAN_POINT('',(3.45,0.20341662693,3.3500001));
#2019 = CARTESIAN_POINT('',(3.45,-0.171583313465,3.4000001));
#2020 = CARTESIAN_POINT('',(3.45,-0.171583313465,3.3500001));
#2021 = ADVANCED_FACE('',(#2022),#2038,.T.);
#2022 = FACE_BOUND('',#2023,.T.);
#2023 = EDGE_LOOP('',(#2024,#2025,#2032,#2037));
#2024 = ORIENTED_EDGE('',*,*,#2011,.T.);
#2025 = ORIENTED_EDGE('',*,*,#2026,.F.);
#2026 = EDGE_CURVE('',#2027,#2005,#2029,.T.);
#2027 = VERTEX_POINT('',#2028);
#2028 = CARTESIAN_POINT('',(3.386170220375,0.20341662693,3.3500001));
#2029 = B_SPLINE_CURVE_WITH_KNOTS('',1,(#2030,#2031),.UNSPECIFIED.,.F.,
  .F.,(2,2),(0.,6.382977962494E-02),.PIECEWISE_BEZIER_KNOTS.);
#2030 = CARTESIAN_POINT('',(3.386170220375,0.20341662693,3.3500001));
#2031 = CARTESIAN_POINT('',(3.45,0.20341662693,3.3500001));
#2032 = ORIENTED_EDGE('',*,*,#2033,.F.);
#2033 = EDGE_CURVE('',#718,#2027,#2034,.T.);
#2034 = B_SPLINE_CURVE_WITH_KNOTS('',1,(#2035,#2036),.UNSPECIFIED.,.F.,
  .F.,(2,2),(0.,5.E-02),.PIECEWISE_BEZIER_KNOTS.);
#2035 = CARTESIAN_POINT('',(3.386170220375,0.20341662693,3.4000001));
#2036 = CARTESIAN_POINT('',(3.386170220375,0.20341662693,3.3500001));
#2037 = ORIENTED_EDGE('',*,*,#717,.T.);
#2038 = B_SPLINE_SURFACE_WITH_KNOTS('',1,1,(
    (#2039,#2040)
    ,(#2041,#2042
    )),.UNSPECIFIED.,.F.,.F.,.F.,(2,2),(2,2),(0.,6.382977962494E-02),(0.
    ,5.E-02),.PIECEWISE_BEZIER_KNOTS.);
#2039 = CARTESIAN_POINT('',(3.386170220375,0.20341662693,3.4000001));
#2040 = CARTESIAN_POINT('',(3.386170220375,0.20341662693,3.3500001));
#2041 = CARTESIAN_POINT('',(3.45,0.20341662693,3.4000001));
#2042 = CARTESIAN_POINT('',(3.45,0.20341662693,3.3500001));
#2043 = ADVANCED_FACE('',(#2044),#2060,.T.);
#2044 = FACE_BOUND('',#2045,.T.);
#2045 = EDGE_LOOP('',(#2046,#2047,#2054,#2059));
#2046 = ORIENTED_EDGE('',*,*,#2033,.T.);
#2047 = ORIENTED_EDGE('',*,*,#2048,.F.);
#2048 = EDGE_CURVE('',#2049,#2027,#2051,.T.);
#2049 = VERTEX_POINT('',#2050);
#2050 = CARTESIAN_POINT('',(3.386170220375,-0.10908337307,3.3500001));
#2051 = B_SPLINE_CURVE_WITH_KNOTS('',1,(#2052,#2053),.UNSPECIFIED.,.F.,
  .F.,(2,2),(0.,0.3125),.PIECEWISE_BEZIER_KNOTS.);
#2052 = CARTESIAN_POINT('',(3.386170220375,-0.10908337307,3.3500001));
#2053 = CARTESIAN_POINT('',(3.386170220375,0.20341662693,3.3500001));
#2054 = ORIENTED_EDGE('',*,*,#2055,.F.);
#2055 = EDGE_CURVE('',#725,#2049,#2056,.T.);
#2056 = B_SPLINE_CURVE_WITH_KNOTS('',1,(#2057,#2058),.UNSPECIFIED.,.F.,
  .F.,(2,2),(0.,5.E-02),.PIECEWISE_BEZIER_KNOTS.);
#2057 = CARTESIAN_POINT('',(3.386170220375,-0.10908337307,3.4000001));
#2058 = CARTESIAN_POINT('',(3.386170220375,-0.10908337307,3.3500001));
#2059 = ORIENTED_EDGE('',*,*,#724,.T.);
#2060 = B_SPLINE_SURFACE_WITH_KNOTS('',1,1,(
    (#2061,#2062)
    ,(#2063,#2064
    )),.UNSPECIFIED.,.F.,.F.,.F.,(2,2),(2,2),(0.,0.3125),(0.,5.E-02),
  .PIECEWISE_BEZIER_KNOTS.);
#2061 = CARTESIAN_POINT('',(3.386170220375,-0.10908337307,3.4000001));
#2062 = CARTESIAN_POINT('',(3.386170220375,-0.10908337307,3.3500001));
#2063 = CARTESIAN_POINT('',(3.386170220375,0.20341662693,3.4000001));
#2064 = CARTESIAN_POINT('',(3.386170220375,0.20341662693,3.3500001));
#2065 = ADVANCED_FACE('',(#2066),#2082,.T.);
#2066 = FACE_BOUND('',#2067,.T.);
#2067 = EDGE_LOOP('',(#2068,#2069,#2076,#2081));
#2068 = ORIENTED_EDGE('',*,*,#2055,.T.);
#2069 = ORIENTED_EDGE('',*,*,#2070,.F.);
#2070 = EDGE_CURVE('',#2071,#2049,#2073,.T.);
#2071 = VERTEX_POINT('',#2072);
#2072 = CARTESIAN_POINT('',(3.247872334719,-0.10908337307,3.3500001));
#2073 = B_SPLINE_CURVE_WITH_KNOTS('',1,(#2074,#2075),.UNSPECIFIED.,.F.,
  .F.,(2,2),(0.,0.138297885656),.PIECEWISE_BEZIER_KNOTS.);
#2074 = CARTESIAN_POINT('',(3.247872334719,-0.10908337307,3.3500001));
#2075 = CARTESIAN_POINT('',(3.386170220375,-0.10908337307,3.3500001));
#2076 = ORIENTED_EDGE('',*,*,#2077,.F.);
#2077 = EDGE_CURVE('',#732,#2071,#2078,.T.);
#2078 = B_SPLINE_CURVE_WITH_KNOTS('',1,(#2079,#2080),.UNSPECIFIED.,.F.,
  .F.,(2,2),(0.,5.E-02),.PIECEWISE_BEZIER_KNOTS.);
#2079 = CARTESIAN_POINT('',(3.247872334719,-0.10908337307,3.4000001));
#2080 = CARTESIAN_POINT('',(3.247872334719,-0.10908337307,3.3500001));
#2081 = ORIENTED_EDGE('',*,*,#731,.T.);
#2082 = B_SPLINE_SURFACE_WITH_KNOTS('',1,1,(
    (#2083,#2084)
    ,(#2085,#2086
    )),.UNSPECIFIED.,.F.,.F.,.F.,(2,2),(2,2),(0.,0.138297885656),(0.,
    5.E-02),.PIECEWISE_BEZIER_KNOTS.);
#2083 = CARTESIAN_POINT('',(3.247872334719,-0.10908337307,3.4000001));
#2084 = CARTESIAN_POINT('',(3.247872334719,-0.10908337307,3.3500001));
#2085 = CARTESIAN_POINT('',(3.386170220375,-0.10908337307,3.4000001));
#2086 = CARTESIAN_POINT('',(3.386170220375,-0.10908337307,3.3500001));
#2087 = ADVANCED_FACE('',(#2088),#2104,.T.);
#2088 = FACE_BOUND('',#2089,.T.);
#2089 = EDGE_LOOP('',(#2090,#2091,#2098,#2103));
#2090 = ORIENTED_EDGE('',*,*,#2077,.T.);
#2091 = ORIENTED_EDGE('',*,*,#2092,.F.);
#2092 = EDGE_CURVE('',#2093,#2071,#2095,.T.);
#2093 = VERTEX_POINT('',#2094);
#2094 = CARTESIAN_POINT('',(3.247872334719,0.16175,3.3500001));
#2095 = B_SPLINE_CURVE_WITH_KNOTS('',1,(#2096,#2097),.UNSPECIFIED.,.F.,
  .F.,(2,2),(0.,0.27083337307),.PIECEWISE_BEZIER_KNOTS.);
#2096 = CARTESIAN_POINT('',(3.247872334719,0.16175,3.3500001));
#2097 = CARTESIAN_POINT('',(3.247872334719,-0.10908337307,3.3500001));
#2098 = ORIENTED_EDGE('',*,*,#2099,.F.);
#2099 = EDGE_CURVE('',#739,#2093,#2100,.T.);
#2100 = B_SPLINE_CURVE_WITH_KNOTS('',1,(#2101,#2102),.UNSPECIFIED.,.F.,
  .F.,(2,2),(0.,5.E-02),.PIECEWISE_BEZIER_KNOTS.);
#2101 = CARTESIAN_POINT('',(3.247872334719,0.16175,3.4000001));
#2102 = CARTESIAN_POINT('',(3.247872334719,0.16175,3.3500001));
#2103 = ORIENTED_EDGE('',*,*,#738,.T.);
#2104 = B_SPLINE_SURFACE_WITH_KNOTS('',1,1,(
    (#2105,#2106)
    ,(#2107,#2108
    )),.UNSPECIFIED.,.F.,.F.,.F.,(2,2),(2,2),(0.,0.27083337307),(0.,
    5.E-02),.PIECEWISE_BEZIER_KNOTS.);
#2105 = CARTESIAN_POINT('',(3.247872334719,0.16175,3.4000001));
#2106 = CARTESIAN_POINT('',(3.247872334719,0.16175,3.3500001));
#2107 = CARTESIAN_POINT('',(3.247872334719,-0.10908337307,3.4000001));
#2108 = CARTESIAN_POINT('',(3.247872334719,-0.10908337307,3.3500001));
#2109 = ADVANCED_FACE('',(#2110),#2126,.T.);
#2110 = FACE_BOUND('',#2111,.T.);
#2111 = EDGE_LOOP('',(#2112,#2113,#2120,#2125));
#2112 = ORIENTED_EDGE('',*,*,#2099,.T.);
#2113 = ORIENTED_EDGE('',*,*,#2114,.F.);
#2114 = EDGE_CURVE('',#2115,#2093,#2117,.T.);
#2115 = VERTEX_POINT('',#2116);
#2116 = CARTESIAN_POINT('',(3.184042555094,0.16175,3.3500001));
#2117 = B_SPLINE_CURVE_WITH_KNOTS('',1,(#2118,#2119),.UNSPECIFIED.,.F.,
  .F.,(2,2),(0.,6.382977962494E-02),.PIECEWISE_BEZIER_KNOTS.);
#2118 = CARTESIAN_POINT('',(3.184042555094,0.16175,3.3500001));
#2119 = CARTESIAN_POINT('',(3.247872334719,0.16175,3.3500001));
#2120 = ORIENTED_EDGE('',*,*,#2121,.F.);
#2121 = EDGE_CURVE('',#746,#2115,#2122,.T.);
#2122 = B_SPLINE_CURVE_WITH_KNOTS('',1,(#2123,#2124),.UNSPECIFIED.,.F.,
  .F.,(2,2),(0.,5.E-02),.PIECEWISE_BEZIER_KNOTS.);
#2123 = CARTESIAN_POINT('',(3.184042555094,0.16175,3.4000001));
#2124 = CARTESIAN_POINT('',(3.184042555094,0.16175,3.3500001));
#2125 = ORIENTED_EDGE('',*,*,#745,.T.);
#2126 = B_SPLINE_SURFACE_WITH_KNOTS('',1,1,(
    (#2127,#2128)
    ,(#2129,#2130
    )),.UNSPECIFIED.,.F.,.F.,.F.,(2,2),(2,2),(0.,6.382977962494E-02),(0.
    ,5.E-02),.PIECEWISE_BEZIER_KNOTS.);
#2127 = CARTESIAN_POINT('',(3.184042555094,0.16175,3.4000001));
#2128 = CARTESIAN_POINT('',(3.184042555094,0.16175,3.3500001));
#2129 = CARTESIAN_POINT('',(3.247872334719,0.16175,3.4000001));
#2130 = CARTESIAN_POINT('',(3.247872334719,0.16175,3.3500001));
#2131 = ADVANCED_FACE('',(#2132),#2148,.T.);
#2132 = FACE_BOUND('',#2133,.T.);
#2133 = EDGE_LOOP('',(#2134,#2135,#2142,#2147));
#2134 = ORIENTED_EDGE('',*,*,#2121,.T.);
#2135 = ORIENTED_EDGE('',*,*,#2136,.F.);
#2136 = EDGE_CURVE('',#2137,#2115,#2139,.T.);
#2137 = VERTEX_POINT('',#2138);
#2138 = CARTESIAN_POINT('',(3.184042555094,-0.10908337307,3.3500001));
#2139 = B_SPLINE_CURVE_WITH_KNOTS('',1,(#2140,#2141),.UNSPECIFIED.,.F.,
  .F.,(2,2),(0.,0.27083337307),.PIECEWISE_BEZIER_KNOTS.);
#2140 = CARTESIAN_POINT('',(3.184042555094,-0.10908337307,3.3500001));
#2141 = CARTESIAN_POINT('',(3.184042555094,0.16175,3.3500001));
#2142 = ORIENTED_EDGE('',*,*,#2143,.F.);
#2143 = EDGE_CURVE('',#753,#2137,#2144,.T.);
#2144 = B_SPLINE_CURVE_WITH_KNOTS('',1,(#2145,#2146),.UNSPECIFIED.,.F.,
  .F.,(2,2),(0.,5.E-02),.PIECEWISE_BEZIER_KNOTS.);
#2145 = CARTESIAN_POINT('',(3.184042555094,-0.10908337307,3.4000001));
#2146 = CARTESIAN_POINT('',(3.184042555094,-0.10908337307,3.3500001));
#2147 = ORIENTED_EDGE('',*,*,#752,.T.);
#2148 = B_SPLINE_SURFACE_WITH_KNOTS('',1,1,(
    (#2149,#2150)
    ,(#2151,#2152
    )),.UNSPECIFIED.,.F.,.F.,.F.,(2,2),(2,2),(0.,0.27083337307),(0.,
    5.E-02),.PIECEWISE_BEZIER_KNOTS.);
#2149 = CARTESIAN_POINT('',(3.184042555094,-0.10908337307,3.4000001));
#2150 = CARTESIAN_POINT('',(3.184042555094,-0.10908337307,3.3500001));
#2151 = CARTESIAN_POINT('',(3.184042555094,0.16175,3.4000001));
#2152 = CARTESIAN_POINT('',(3.184042555094,0.16175,3.3500001));
#2153 = ADVANCED_FACE('',(#2154),#2170,.T.);
#2154 = FACE_BOUND('',#2155,.T.);
#2155 = EDGE_LOOP('',(#2156,#2157,#2164,#2169));
#2156 = ORIENTED_EDGE('',*,*,#2143,.T.);
#2157 = ORIENTED_EDGE('',*,*,#2158,.F.);
#2158 = EDGE_CURVE('',#2159,#2137,#2161,.T.);
#2159 = VERTEX_POINT('',#2160);
#2160 = CARTESIAN_POINT('',(3.013829787076,-0.10908337307,3.3500001));
#2161 = B_SPLINE_CURVE_WITH_KNOTS('',1,(#2162,#2163),.UNSPECIFIED.,.F.,
  .F.,(2,2),(0.,0.170212768018),.PIECEWISE_BEZIER_KNOTS.);
#2162 = CARTESIAN_POINT('',(3.013829787076,-0.10908337307,3.3500001));
#2163 = CARTESIAN_POINT('',(3.184042555094,-0.10908337307,3.3500001));
#2164 = ORIENTED_EDGE('',*,*,#2165,.F.);
#2165 = EDGE_CURVE('',#760,#2159,#2166,.T.);
#2166 = B_SPLINE_CURVE_WITH_KNOTS('',1,(#2167,#2168),.UNSPECIFIED.,.F.,
  .F.,(2,2),(0.,5.E-02),.PIECEWISE_BEZIER_KNOTS.);
#2167 = CARTESIAN_POINT('',(3.013829787076,-0.10908337307,3.4000001));
#2168 = CARTESIAN_POINT('',(3.013829787076,-0.10908337307,3.3500001));
#2169 = ORIENTED_EDGE('',*,*,#759,.T.);
#2170 = B_SPLINE_SURFACE_WITH_KNOTS('',1,1,(
    (#2171,#2172)
    ,(#2173,#2174
    )),.UNSPECIFIED.,.F.,.F.,.F.,(2,2),(2,2),(0.,0.170212768018),(0.,
    5.E-02),.PIECEWISE_BEZIER_KNOTS.);
#2171 = CARTESIAN_POINT('',(3.013829787076,-0.10908337307,3.4000001));
#2172 = CARTESIAN_POINT('',(3.013829787076,-0.10908337307,3.3500001));
#2173 = CARTESIAN_POINT('',(3.184042555094,-0.10908337307,3.4000001));
#2174 = CARTESIAN_POINT('',(3.184042555094,-0.10908337307,3.3500001));
#2175 = ADVANCED_FACE('',(#2176),#2186,.T.);
#2176 = FACE_BOUND('',#2177,.T.);
#2177 = EDGE_LOOP('',(#2178,#2179,#2184,#2185));
#2178 = ORIENTED_EDGE('',*,*,#2165,.T.);
#2179 = ORIENTED_EDGE('',*,*,#2180,.F.);
#2180 = EDGE_CURVE('',#1932,#2159,#2181,.T.);
#2181 = B_SPLINE_CURVE_WITH_KNOTS('',1,(#2182,#2183),.UNSPECIFIED.,.F.,
  .F.,(2,2),(0.,0.3125),.PIECEWISE_BEZIER_KNOTS.);
#2182 = CARTESIAN_POINT('',(3.013829787076,0.20341662693,3.3500001));
#2183 = CARTESIAN_POINT('',(3.013829787076,-0.10908337307,3.3500001));
#2184 = ORIENTED_EDGE('',*,*,#1931,.F.);
#2185 = ORIENTED_EDGE('',*,*,#766,.T.);
#2186 = B_SPLINE_SURFACE_WITH_KNOTS('',1,1,(
    (#2187,#2188)
    ,(#2189,#2190
    )),.UNSPECIFIED.,.F.,.F.,.F.,(2,2),(2,2),(0.,0.3125),(0.,5.E-02),
  .PIECEWISE_BEZIER_KNOTS.);
#2187 = CARTESIAN_POINT('',(3.013829787076,0.20341662693,3.4000001));
#2188 = CARTESIAN_POINT('',(3.013829787076,0.20341662693,3.3500001));
#2189 = CARTESIAN_POINT('',(3.013829787076,-0.10908337307,3.4000001));
#2190 = CARTESIAN_POINT('',(3.013829787076,-0.10908337307,3.3500001));
#2191 = ADVANCED_FACE('',(#2192),#2214,.T.);
#2192 = FACE_BOUND('',#2193,.T.);
#2193 = EDGE_LOOP('',(#2194,#2201,#2208,#2213));
#2194 = ORIENTED_EDGE('',*,*,#2195,.T.);
#2195 = EDGE_CURVE('',#776,#2196,#2198,.T.);
#2196 = VERTEX_POINT('',#2197);
#2197 = CARTESIAN_POINT('',(3.45,0.53675,3.3500001));
#2198 = B_SPLINE_CURVE_WITH_KNOTS('',1,(#2199,#2200),.UNSPECIFIED.,.F.,
  .F.,(2,2),(0.,5.E-02),.PIECEWISE_BEZIER_KNOTS.);
#2199 = CARTESIAN_POINT('',(3.45,0.53675,3.4000001));
#2200 = CARTESIAN_POINT('',(3.45,0.53675,3.3500001));
#2201 = ORIENTED_EDGE('',*,*,#2202,.F.);
#2202 = EDGE_CURVE('',#2203,#2196,#2205,.T.);
#2203 = VERTEX_POINT('',#2204);
#2204 = CARTESIAN_POINT('',(3.439361703396,0.58883337307,3.3500001));
#2205 = B_SPLINE_CURVE_WITH_KNOTS('',1,(#2206,#2207),.UNSPECIFIED.,.F.,
  .F.,(2,2),(0.,5.315873498271E-02),.PIECEWISE_BEZIER_KNOTS.);
#2206 = CARTESIAN_POINT('',(3.439361703396,0.58883337307,3.3500001));
#2207 = CARTESIAN_POINT('',(3.45,0.53675,3.3500001));
#2208 = ORIENTED_EDGE('',*,*,#2209,.F.);
#2209 = EDGE_CURVE('',#774,#2203,#2210,.T.);
#2210 = B_SPLINE_CURVE_WITH_KNOTS('',1,(#2211,#2212),.UNSPECIFIED.,.F.,
  .F.,(2,2),(0.,5.E-02),.PIECEWISE_BEZIER_KNOTS.);
#2211 = CARTESIAN_POINT('',(3.439361703396,0.58883337307,3.4000001));
#2212 = CARTESIAN_POINT('',(3.439361703396,0.58883337307,3.3500001));
#2213 = ORIENTED_EDGE('',*,*,#773,.T.);
#2214 = B_SPLINE_SURFACE_WITH_KNOTS('',1,1,(
    (#2215,#2216)
    ,(#2217,#2218
    )),.UNSPECIFIED.,.F.,.F.,.F.,(2,2),(2,2),(0.,5.315873498271E-02),(0.
    ,5.E-02),.PIECEWISE_BEZIER_KNOTS.);
#2215 = CARTESIAN_POINT('',(3.439361703396,0.58883337307,3.4000001));
#2216 = CARTESIAN_POINT('',(3.439361703396,0.58883337307,3.3500001));
#2217 = CARTESIAN_POINT('',(3.45,0.53675,3.4000001));
#2218 = CARTESIAN_POINT('',(3.45,0.53675,3.3500001));
#2219 = ADVANCED_FACE('',(#2220),#2236,.T.);
#2220 = FACE_BOUND('',#2221,.T.);
#2221 = EDGE_LOOP('',(#2222,#2223,#2230,#2235));
#2222 = ORIENTED_EDGE('',*,*,#2209,.T.);
#2223 = ORIENTED_EDGE('',*,*,#2224,.F.);
#2224 = EDGE_CURVE('',#2225,#2203,#2227,.T.);
#2225 = VERTEX_POINT('',#2226);
#2226 = CARTESIAN_POINT('',(3.418085110188,0.6305,3.3500001));
#2227 = B_SPLINE_CURVE_WITH_KNOTS('',1,(#2228,#2229),.UNSPECIFIED.,.F.,
  .F.,(2,2),(0.,4.678462587534E-02),.PIECEWISE_BEZIER_KNOTS.);
#2228 = CARTESIAN_POINT('',(3.418085110188,0.6305,3.3500001));
#2229 = CARTESIAN_POINT('',(3.439361703396,0.58883337307,3.3500001));
#2230 = ORIENTED_EDGE('',*,*,#2231,.F.);
#2231 = EDGE_CURVE('',#783,#2225,#2232,.T.);
#2232 = B_SPLINE_CURVE_WITH_KNOTS('',1,(#2233,#2234),.UNSPECIFIED.,.F.,
  .F.,(2,2),(0.,5.E-02),.PIECEWISE_BEZIER_KNOTS.);
#2233 = CARTESIAN_POINT('',(3.418085110188,0.6305,3.4000001));
#2234 = CARTESIAN_POINT('',(3.418085110188,0.6305,3.3500001));
#2235 = ORIENTED_EDGE('',*,*,#782,.T.);
#2236 = B_SPLINE_SURFACE_WITH_KNOTS('',1,1,(
    (#2237,#2238)
    ,(#2239,#2240
    )),.UNSPECIFIED.,.F.,.F.,.F.,(2,2),(2,2),(0.,4.678462587534E-02),(0.
    ,5.E-02),.PIECEWISE_BEZIER_KNOTS.);
#2237 = CARTESIAN_POINT('',(3.418085110188,0.6305,3.4000001));
#2238 = CARTESIAN_POINT('',(3.418085110188,0.6305,3.3500001));
#2239 = CARTESIAN_POINT('',(3.439361703396,0.58883337307,3.4000001));
#2240 = CARTESIAN_POINT('',(3.439361703396,0.58883337307,3.3500001));
#2241 = ADVANCED_FACE('',(#2242),#2258,.T.);
#2242 = FACE_BOUND('',#2243,.T.);
#2243 = EDGE_LOOP('',(#2244,#2245,#2252,#2257));
#2244 = ORIENTED_EDGE('',*,*,#2231,.T.);
#2245 = ORIENTED_EDGE('',*,*,#2246,.F.);
#2246 = EDGE_CURVE('',#2247,#2225,#2249,.T.);
#2247 = VERTEX_POINT('',#2248);
#2248 = CARTESIAN_POINT('',(3.375531923771,0.67216662693,3.3500001));
#2249 = B_SPLINE_CURVE_WITH_KNOTS('',1,(#2250,#2251),.UNSPECIFIED.,.F.,
  .F.,(2,2),(0.,5.955570059995E-02),.PIECEWISE_BEZIER_KNOTS.);
#2250 = CARTESIAN_POINT('',(3.375531923771,0.67216662693,3.3500001));
#2251 = CARTESIAN_POINT('',(3.418085110188,0.6305,3.3500001));
#2252 = ORIENTED_EDGE('',*,*,#2253,.F.);
#2253 = EDGE_CURVE('',#790,#2247,#2254,.T.);
#2254 = B_SPLINE_CURVE_WITH_KNOTS('',1,(#2255,#2256),.UNSPECIFIED.,.F.,
  .F.,(2,2),(0.,5.E-02),.PIECEWISE_BEZIER_KNOTS.);
#2255 = CARTESIAN_POINT('',(3.375531923771,0.67216662693,3.4000001));
#2256 = CARTESIAN_POINT('',(3.375531923771,0.67216662693,3.3500001));
#2257 = ORIENTED_EDGE('',*,*,#789,.T.);
#2258 = B_SPLINE_SURFACE_WITH_KNOTS('',1,1,(
    (#2259,#2260)
    ,(#2261,#2262
    )),.UNSPECIFIED.,.F.,.F.,.F.,(2,2),(2,2),(0.,5.955570059995E-02),(0.
    ,5.E-02),.PIECEWISE_BEZIER_KNOTS.);
#2259 = CARTESIAN_POINT('',(3.375531923771,0.67216662693,3.4000001));
#2260 = CARTESIAN_POINT('',(3.375531923771,0.67216662693,3.3500001));
#2261 = CARTESIAN_POINT('',(3.418085110188,0.6305,3.4000001));
#2262 = CARTESIAN_POINT('',(3.418085110188,0.6305,3.3500001));
#2263 = ADVANCED_FACE('',(#2264),#2280,.T.);
#2264 = FACE_BOUND('',#2265,.T.);
#2265 = EDGE_LOOP('',(#2266,#2267,#2274,#2279));
#2266 = ORIENTED_EDGE('',*,*,#2253,.T.);
#2267 = ORIENTED_EDGE('',*,*,#2268,.F.);
#2268 = EDGE_CURVE('',#2269,#2247,#2271,.T.);
#2269 = VERTEX_POINT('',#2270);
#2270 = CARTESIAN_POINT('',(3.332978737354,0.693,3.3500001));
#2271 = B_SPLINE_CURVE_WITH_KNOTS('',1,(#2272,#2273),.UNSPECIFIED.,.F.,
  .F.,(2,2),(0.,4.737935317913E-02),.PIECEWISE_BEZIER_KNOTS.);
#2272 = CARTESIAN_POINT('',(3.332978737354,0.693,3.3500001));
#2273 = CARTESIAN_POINT('',(3.375531923771,0.67216662693,3.3500001));
#2274 = ORIENTED_EDGE('',*,*,#2275,.F.);
#2275 = EDGE_CURVE('',#797,#2269,#2276,.T.);
#2276 = B_SPLINE_CURVE_WITH_KNOTS('',1,(#2277,#2278),.UNSPECIFIED.,.F.,
  .F.,(2,2),(0.,5.E-02),.PIECEWISE_BEZIER_KNOTS.);
#2277 = CARTESIAN_POINT('',(3.332978737354,0.693,3.4000001));
#2278 = CARTESIAN_POINT('',(3.332978737354,0.693,3.3500001));
#2279 = ORIENTED_EDGE('',*,*,#796,.T.);
#2280 = B_SPLINE_SURFACE_WITH_KNOTS('',1,1,(
    (#2281,#2282)
    ,(#2283,#2284
    )),.UNSPECIFIED.,.F.,.F.,.F.,(2,2),(2,2),(0.,4.737935317913E-02),(0.
    ,5.E-02),.PIECEWISE_BEZIER_KNOTS.);
#2281 = CARTESIAN_POINT('',(3.332978737354,0.693,3.4000001));
#2282 = CARTESIAN_POINT('',(3.332978737354,0.693,3.3500001));
#2283 = CARTESIAN_POINT('',(3.375531923771,0.67216662693,3.4000001));
#2284 = CARTESIAN_POINT('',(3.375531923771,0.67216662693,3.3500001));
#2285 = ADVANCED_FACE('',(#2286),#2302,.T.);
#2286 = FACE_BOUND('',#2287,.T.);
#2287 = EDGE_LOOP('',(#2288,#2289,#2296,#2301));
#2288 = ORIENTED_EDGE('',*,*,#2275,.T.);
#2289 = ORIENTED_EDGE('',*,*,#2290,.F.);
#2290 = EDGE_CURVE('',#2291,#2269,#2293,.T.);
#2291 = VERTEX_POINT('',#2292);
#2292 = CARTESIAN_POINT('',(3.279787224531,0.70341662693,3.3500001));
#2293 = B_SPLINE_CURVE_WITH_KNOTS('',1,(#2294,#2295),.UNSPECIFIED.,.F.,
  .F.,(2,2),(0.,5.420187407289E-02),.PIECEWISE_BEZIER_KNOTS.);
#2294 = CARTESIAN_POINT('',(3.279787224531,0.70341662693,3.3500001));
#2295 = CARTESIAN_POINT('',(3.332978737354,0.693,3.3500001));
#2296 = ORIENTED_EDGE('',*,*,#2297,.F.);
#2297 = EDGE_CURVE('',#804,#2291,#2298,.T.);
#2298 = B_SPLINE_CURVE_WITH_KNOTS('',1,(#2299,#2300),.UNSPECIFIED.,.F.,
  .F.,(2,2),(0.,5.E-02),.PIECEWISE_BEZIER_KNOTS.);
#2299 = CARTESIAN_POINT('',(3.279787224531,0.70341662693,3.4000001));
#2300 = CARTESIAN_POINT('',(3.279787224531,0.70341662693,3.3500001));
#2301 = ORIENTED_EDGE('',*,*,#803,.T.);
#2302 = B_SPLINE_SURFACE_WITH_KNOTS('',1,1,(
    (#2303,#2304)
    ,(#2305,#2306
    )),.UNSPECIFIED.,.F.,.F.,.F.,(2,2),(2,2),(0.,5.420187407289E-02),(0.
    ,5.E-02),.PIECEWISE_BEZIER_KNOTS.);
#2303 = CARTESIAN_POINT('',(3.279787224531,0.70341662693,3.4000001));
#2304 = CARTESIAN_POINT('',(3.279787224531,0.70341662693,3.3500001));
#2305 = CARTESIAN_POINT('',(3.332978737354,0.693,3.4000001));
#2306 = CARTESIAN_POINT('',(3.332978737354,0.693,3.3500001));
#2307 = ADVANCED_FACE('',(#2308),#2324,.T.);
#2308 = FACE_BOUND('',#2309,.T.);
#2309 = EDGE_LOOP('',(#2310,#2311,#2318,#2323));
#2310 = ORIENTED_EDGE('',*,*,#2297,.T.);
#2311 = ORIENTED_EDGE('',*,*,#2312,.F.);
#2312 = EDGE_CURVE('',#2313,#2291,#2315,.T.);
#2313 = VERTEX_POINT('',#2314);
#2314 = CARTESIAN_POINT('',(3.120212760568,0.70341662693,3.3500001));
#2315 = B_SPLINE_CURVE_WITH_KNOTS('',1,(#2316,#2317),.UNSPECIFIED.,.F.,
  .F.,(2,2),(0.,0.159574463964),.PIECEWISE_BEZIER_KNOTS.);
#2316 = CARTESIAN_POINT('',(3.120212760568,0.70341662693,3.3500001));
#2317 = CARTESIAN_POINT('',(3.279787224531,0.70341662693,3.3500001));
#2318 = ORIENTED_EDGE('',*,*,#2319,.F.);
#2319 = EDGE_CURVE('',#811,#2313,#2320,.T.);
#2320 = B_SPLINE_CURVE_WITH_KNOTS('',1,(#2321,#2322),.UNSPECIFIED.,.F.,
  .F.,(2,2),(0.,5.E-02),.PIECEWISE_BEZIER_KNOTS.);
#2321 = CARTESIAN_POINT('',(3.120212760568,0.70341662693,3.4000001));
#2322 = CARTESIAN_POINT('',(3.120212760568,0.70341662693,3.3500001));
#2323 = ORIENTED_EDGE('',*,*,#810,.T.);
#2324 = B_SPLINE_SURFACE_WITH_KNOTS('',1,1,(
    (#2325,#2326)
    ,(#2327,#2328
    )),.UNSPECIFIED.,.F.,.F.,.F.,(2,2),(2,2),(0.,0.159574463964),(0.,
    5.E-02),.PIECEWISE_BEZIER_KNOTS.);
#2325 = CARTESIAN_POINT('',(3.120212760568,0.70341662693,3.4000001));
#2326 = CARTESIAN_POINT('',(3.120212760568,0.70341662693,3.3500001));
#2327 = CARTESIAN_POINT('',(3.279787224531,0.70341662693,3.4000001));
#2328 = CARTESIAN_POINT('',(3.279787224531,0.70341662693,3.3500001));
#2329 = ADVANCED_FACE('',(#2330),#2346,.T.);
#2330 = FACE_BOUND('',#2331,.T.);
#2331 = EDGE_LOOP('',(#2332,#2333,#2340,#2345));
#2332 = ORIENTED_EDGE('',*,*,#2319,.T.);
#2333 = ORIENTED_EDGE('',*,*,#2334,.F.);
#2334 = EDGE_CURVE('',#2335,#2313,#2337,.T.);
#2335 = VERTEX_POINT('',#2336);
#2336 = CARTESIAN_POINT('',(3.067021277547,0.693,3.3500001));
#2337 = B_SPLINE_CURVE_WITH_KNOTS('',1,(#2338,#2339),.UNSPECIFIED.,.F.,
  .F.,(2,2),(0.,5.420184482611E-02),.PIECEWISE_BEZIER_KNOTS.);
#2338 = CARTESIAN_POINT('',(3.067021277547,0.693,3.3500001));
#2339 = CARTESIAN_POINT('',(3.120212760568,0.70341662693,3.3500001));
#2340 = ORIENTED_EDGE('',*,*,#2341,.F.);
#2341 = EDGE_CURVE('',#818,#2335,#2342,.T.);
#2342 = B_SPLINE_CURVE_WITH_KNOTS('',1,(#2343,#2344),.UNSPECIFIED.,.F.,
  .F.,(2,2),(0.,5.E-02),.PIECEWISE_BEZIER_KNOTS.);
#2343 = CARTESIAN_POINT('',(3.067021277547,0.693,3.4000001));
#2344 = CARTESIAN_POINT('',(3.067021277547,0.693,3.3500001));
#2345 = ORIENTED_EDGE('',*,*,#817,.T.);
#2346 = B_SPLINE_SURFACE_WITH_KNOTS('',1,1,(
    (#2347,#2348)
    ,(#2349,#2350
    )),.UNSPECIFIED.,.F.,.F.,.F.,(2,2),(2,2),(0.,5.420184482611E-02),(0.
    ,5.E-02),.PIECEWISE_BEZIER_KNOTS.);
#2347 = CARTESIAN_POINT('',(3.067021277547,0.693,3.4000001));
#2348 = CARTESIAN_POINT('',(3.067021277547,0.693,3.3500001));
#2349 = CARTESIAN_POINT('',(3.120212760568,0.70341662693,3.4000001));
#2350 = CARTESIAN_POINT('',(3.120212760568,0.70341662693,3.3500001));
#2351 = ADVANCED_FACE('',(#2352),#2368,.T.);
#2352 = FACE_BOUND('',#2353,.T.);
#2353 = EDGE_LOOP('',(#2354,#2355,#2362,#2367));
#2354 = ORIENTED_EDGE('',*,*,#2341,.T.);
#2355 = ORIENTED_EDGE('',*,*,#2356,.F.);
#2356 = EDGE_CURVE('',#2357,#2335,#2359,.T.);
#2357 = VERTEX_POINT('',#2358);
#2358 = CARTESIAN_POINT('',(3.02446808368,0.67216662693,3.3500001));
#2359 = B_SPLINE_CURVE_WITH_KNOTS('',1,(#2360,#2361),.UNSPECIFIED.,.F.,
  .F.,(2,2),(0.,4.737935987077E-02),.PIECEWISE_BEZIER_KNOTS.);
#2360 = CARTESIAN_POINT('',(3.02446808368,0.67216662693,3.3500001));
#2361 = CARTESIAN_POINT('',(3.067021277547,0.693,3.3500001));
#2362 = ORIENTED_EDGE('',*,*,#2363,.F.);
#2363 = EDGE_CURVE('',#825,#2357,#2364,.T.);
#2364 = B_SPLINE_CURVE_WITH_KNOTS('',1,(#2365,#2366),.UNSPECIFIED.,.F.,
  .F.,(2,2),(0.,5.E-02),.PIECEWISE_BEZIER_KNOTS.);
#2365 = CARTESIAN_POINT('',(3.02446808368,0.67216662693,3.4000001));
#2366 = CARTESIAN_POINT('',(3.02446808368,0.67216662693,3.3500001));
#2367 = ORIENTED_EDGE('',*,*,#824,.T.);
#2368 = B_SPLINE_SURFACE_WITH_KNOTS('',1,1,(
    (#2369,#2370)
    ,(#2371,#2372
    )),.UNSPECIFIED.,.F.,.F.,.F.,(2,2),(2,2),(0.,4.737935987077E-02),(0.
    ,5.E-02),.PIECEWISE_BEZIER_KNOTS.);
#2369 = CARTESIAN_POINT('',(3.02446808368,0.67216662693,3.4000001));
#2370 = CARTESIAN_POINT('',(3.02446808368,0.67216662693,3.3500001));
#2371 = CARTESIAN_POINT('',(3.067021277547,0.693,3.4000001));
#2372 = CARTESIAN_POINT('',(3.067021277547,0.693,3.3500001));
#2373 = ADVANCED_FACE('',(#2374),#2390,.T.);
#2374 = FACE_BOUND('',#2375,.T.);
#2375 = EDGE_LOOP('',(#2376,#2377,#2384,#2389));
#2376 = ORIENTED_EDGE('',*,*,#2363,.T.);
#2377 = ORIENTED_EDGE('',*,*,#2378,.F.);
#2378 = EDGE_CURVE('',#2379,#2357,#2381,.T.);
#2379 = VERTEX_POINT('',#2380);
#2380 = CARTESIAN_POINT('',(2.981914893538,0.6305,3.3500001));
#2381 = B_SPLINE_CURVE_WITH_KNOTS('',1,(#2382,#2383),.UNSPECIFIED.,.F.,
  .F.,(2,2),(0.,5.955570326172E-02),.PIECEWISE_BEZIER_KNOTS.);
#2382 = CARTESIAN_POINT('',(2.981914893538,0.6305,3.3500001));
#2383 = CARTESIAN_POINT('',(3.02446808368,0.67216662693,3.3500001));
#2384 = ORIENTED_EDGE('',*,*,#2385,.F.);
#2385 = EDGE_CURVE('',#832,#2379,#2386,.T.);
#2386 = B_SPLINE_CURVE_WITH_KNOTS('',1,(#2387,#2388),.UNSPECIFIED.,.F.,
  .F.,(2,2),(0.,5.E-02),.PIECEWISE_BEZIER_KNOTS.);
#2387 = CARTESIAN_POINT('',(2.981914893538,0.6305,3.4000001));
#2388 = CARTESIAN_POINT('',(2.981914893538,0.6305,3.3500001));
#2389 = ORIENTED_EDGE('',*,*,#831,.T.);
#2390 = B_SPLINE_SURFACE_WITH_KNOTS('',1,1,(
    (#2391,#2392)
    ,(#2393,#2394
    )),.UNSPECIFIED.,.F.,.F.,.F.,(2,2),(2,2),(0.,5.955570326172E-02),(0.
    ,5.E-02),.PIECEWISE_BEZIER_KNOTS.);
#2391 = CARTESIAN_POINT('',(2.981914893538,0.6305,3.4000001));
#2392 = CARTESIAN_POINT('',(2.981914893538,0.6305,3.3500001));
#2393 = CARTESIAN_POINT('',(3.02446808368,0.67216662693,3.4000001));
#2394 = CARTESIAN_POINT('',(3.02446808368,0.67216662693,3.3500001));
#2395 = ADVANCED_FACE('',(#2396),#2412,.T.);
#2396 = FACE_BOUND('',#2397,.T.);
#2397 = EDGE_LOOP('',(#2398,#2399,#2406,#2411));
#2398 = ORIENTED_EDGE('',*,*,#2385,.T.);
#2399 = ORIENTED_EDGE('',*,*,#2400,.F.);
#2400 = EDGE_CURVE('',#2401,#2379,#2403,.T.);
#2401 = VERTEX_POINT('',#2402);
#2402 = CARTESIAN_POINT('',(2.960638297535,0.58883337307,3.3500001));
#2403 = B_SPLINE_CURVE_WITH_KNOTS('',1,(#2404,#2405),.UNSPECIFIED.,.F.,
  .F.,(2,2),(0.,4.678462714597E-02),.PIECEWISE_BEZIER_KNOTS.);
#2404 = CARTESIAN_POINT('',(2.960638297535,0.58883337307,3.3500001));
#2405 = CARTESIAN_POINT('',(2.981914893538,0.6305,3.3500001));
#2406 = ORIENTED_EDGE('',*,*,#2407,.F.);
#2407 = EDGE_CURVE('',#839,#2401,#2408,.T.);
#2408 = B_SPLINE_CURVE_WITH_KNOTS('',1,(#2409,#2410),.UNSPECIFIED.,.F.,
  .F.,(2,2),(0.,5.E-02),.PIECEWISE_BEZIER_KNOTS.);
#2409 = CARTESIAN_POINT('',(2.960638297535,0.58883337307,3.4000001));
#2410 = CARTESIAN_POINT('',(2.960638297535,0.58883337307,3.3500001));
#2411 = ORIENTED_EDGE('',*,*,#838,.T.);
#2412 = B_SPLINE_SURFACE_WITH_KNOTS('',1,1,(
    (#2413,#2414)
    ,(#2415,#2416
    )),.UNSPECIFIED.,.F.,.F.,.F.,(2,2),(2,2),(0.,4.678462714597E-02),(0.
    ,5.E-02),.PIECEWISE_BEZIER_KNOTS.);
#2413 = CARTESIAN_POINT('',(2.960638297535,0.58883337307,3.4000001));
#2414 = CARTESIAN_POINT('',(2.960638297535,0.58883337307,3.3500001));
#2415 = CARTESIAN_POINT('',(2.981914893538,0.6305,3.4000001));
#2416 = CARTESIAN_POINT('',(2.981914893538,0.6305,3.3500001));
#2417 = ADVANCED_FACE('',(#2418),#2434,.T.);
#2418 = FACE_BOUND('',#2419,.T.);
#2419 = EDGE_LOOP('',(#2420,#2421,#2428,#2433));
#2420 = ORIENTED_EDGE('',*,*,#2407,.T.);
#2421 = ORIENTED_EDGE('',*,*,#2422,.F.);
#2422 = EDGE_CURVE('',#2423,#2401,#2425,.T.);
#2423 = VERTEX_POINT('',#2424);
#2424 = CARTESIAN_POINT('',(2.95,0.53675,3.3500001));
#2425 = B_SPLINE_CURVE_WITH_KNOTS('',1,(#2426,#2427),.UNSPECIFIED.,.F.,
  .F.,(2,2),(0.,5.315873516909E-02),.PIECEWISE_BEZIER_KNOTS.);
#2426 = CARTESIAN_POINT('',(2.95,0.53675,3.3500001));
#2427 = CARTESIAN_POINT('',(2.960638297535,0.58883337307,3.3500001));
#2428 = ORIENTED_EDGE('',*,*,#2429,.F.);
#2429 = EDGE_CURVE('',#846,#2423,#2430,.T.);
#2430 = B_SPLINE_CURVE_WITH_KNOTS('',1,(#2431,#2432),.UNSPECIFIED.,.F.,
  .F.,(2,2),(0.,5.E-02),.PIECEWISE_BEZIER_KNOTS.);
#2431 = CARTESIAN_POINT('',(2.95,0.53675,3.4000001));
#2432 = CARTESIAN_POINT('',(2.95,0.53675,3.3500001));
#2433 = ORIENTED_EDGE('',*,*,#845,.T.);
#2434 = B_SPLINE_SURFACE_WITH_KNOTS('',1,1,(
    (#2435,#2436)
    ,(#2437,#2438
    )),.UNSPECIFIED.,.F.,.F.,.F.,(2,2),(2,2),(0.,5.315873516909E-02),(0.
    ,5.E-02),.PIECEWISE_BEZIER_KNOTS.);
#2435 = CARTESIAN_POINT('',(2.95,0.53675,3.4000001));
#2436 = CARTESIAN_POINT('',(2.95,0.53675,3.3500001));
#2437 = CARTESIAN_POINT('',(2.960638297535,0.58883337307,3.4000001));
#2438 = CARTESIAN_POINT('',(2.960638297535,0.58883337307,3.3500001));
#2439 = ADVANCED_FACE('',(#2440),#2456,.T.);
#2440 = FACE_BOUND('',#2441,.T.);
#2441 = EDGE_LOOP('',(#2442,#2443,#2450,#2455));
#2442 = ORIENTED_EDGE('',*,*,#2429,.T.);
#2443 = ORIENTED_EDGE('',*,*,#2444,.F.);
#2444 = EDGE_CURVE('',#2445,#2423,#2447,.T.);
#2445 = VERTEX_POINT('',#2446);
#2446 = CARTESIAN_POINT('',(2.95,0.28675,3.3500001));
#2447 = B_SPLINE_CURVE_WITH_KNOTS('',1,(#2448,#2449),.UNSPECIFIED.,.F.,
  .F.,(2,2),(0.,0.25),.PIECEWISE_BEZIER_KNOTS.);
#2448 = CARTESIAN_POINT('',(2.95,0.28675,3.3500001));
#2449 = CARTESIAN_POINT('',(2.95,0.53675,3.3500001));
#2450 = ORIENTED_EDGE('',*,*,#2451,.F.);
#2451 = EDGE_CURVE('',#853,#2445,#2452,.T.);
#2452 = B_SPLINE_CURVE_WITH_KNOTS('',1,(#2453,#2454),.UNSPECIFIED.,.F.,
  .F.,(2,2),(0.,5.E-02),.PIECEWISE_BEZIER_KNOTS.);
#2453 = CARTESIAN_POINT('',(2.95,0.28675,3.4000001));
#2454 = CARTESIAN_POINT('',(2.95,0.28675,3.3500001));
#2455 = ORIENTED_EDGE('',*,*,#852,.T.);
#2456 = B_SPLINE_SURFACE_WITH_KNOTS('',1,1,(
    (#2457,#2458)
    ,(#2459,#2460
    )),.UNSPECIFIED.,.F.,.F.,.F.,(2,2),(2,2),(0.,0.25),(0.,5.E-02),
  .PIECEWISE_BEZIER_KNOTS.);
#2457 = CARTESIAN_POINT('',(2.95,0.28675,3.4000001));
#2458 = CARTESIAN_POINT('',(2.95,0.28675,3.3500001));
#2459 = CARTESIAN_POINT('',(2.95,0.53675,3.4000001));
#2460 = CARTESIAN_POINT('',(2.95,0.53675,3.3500001));
#2461 = ADVANCED_FACE('',(#2462),#2478,.T.);
#2462 = FACE_BOUND('',#2463,.T.);
#2463 = EDGE_LOOP('',(#2464,#2465,#2472,#2477));
#2464 = ORIENTED_EDGE('',*,*,#2451,.T.);
#2465 = ORIENTED_EDGE('',*,*,#2466,.F.);
#2466 = EDGE_CURVE('',#2467,#2445,#2469,.T.);
#2467 = VERTEX_POINT('',#2468);
#2468 = CARTESIAN_POINT('',(3.45,0.28675,3.3500001));
#2469 = B_SPLINE_CURVE_WITH_KNOTS('',1,(#2470,#2471),.UNSPECIFIED.,.F.,
  .F.,(2,2),(0.,0.5),.PIECEWISE_BEZIER_KNOTS.);
#2470 = CARTESIAN_POINT('',(3.45,0.28675,3.3500001));
#2471 = CARTESIAN_POINT('',(2.95,0.28675,3.3500001));
#2472 = ORIENTED_EDGE('',*,*,#2473,.F.);
#2473 = EDGE_CURVE('',#860,#2467,#2474,.T.);
#2474 = B_SPLINE_CURVE_WITH_KNOTS('',1,(#2475,#2476),.UNSPECIFIED.,.F.,
  .F.,(2,2),(0.,5.E-02),.PIECEWISE_BEZIER_KNOTS.);
#2475 = CARTESIAN_POINT('',(3.45,0.28675,3.4000001));
#2476 = CARTESIAN_POINT('',(3.45,0.28675,3.3500001));
#2477 = ORIENTED_EDGE('',*,*,#859,.T.);
#2478 = B_SPLINE_SURFACE_WITH_KNOTS('',1,1,(
    (#2479,#2480)
    ,(#2481,#2482
    )),.UNSPECIFIED.,.F.,.F.,.F.,(2,2),(2,2),(0.,0.5),(0.,5.E-02),
  .PIECEWISE_BEZIER_KNOTS.);
#2479 = CARTESIAN_POINT('',(3.45,0.28675,3.4000001));
#2480 = CARTESIAN_POINT('',(3.45,0.28675,3.3500001));
#2481 = CARTESIAN_POINT('',(2.95,0.28675,3.4000001));
#2482 = CARTESIAN_POINT('',(2.95,0.28675,3.3500001));
#2483 = ADVANCED_FACE('',(#2484),#2494,.T.);
#2484 = FACE_BOUND('',#2485,.T.);
#2485 = EDGE_LOOP('',(#2486,#2487,#2492,#2493));
#2486 = ORIENTED_EDGE('',*,*,#2473,.T.);
#2487 = ORIENTED_EDGE('',*,*,#2488,.F.);
#2488 = EDGE_CURVE('',#2196,#2467,#2489,.T.);
#2489 = B_SPLINE_CURVE_WITH_KNOTS('',1,(#2490,#2491),.UNSPECIFIED.,.F.,
  .F.,(2,2),(0.,0.25),.PIECEWISE_BEZIER_KNOTS.);
#2490 = CARTESIAN_POINT('',(3.45,0.53675,3.3500001));
#2491 = CARTESIAN_POINT('',(3.45,0.28675,3.3500001));
#2492 = ORIENTED_EDGE('',*,*,#2195,.F.);
#2493 = ORIENTED_EDGE('',*,*,#866,.T.);
#2494 = B_SPLINE_SURFACE_WITH_KNOTS('',1,1,(
    (#2495,#2496)
    ,(#2497,#2498
    )),.UNSPECIFIED.,.F.,.F.,.F.,(2,2),(2,2),(0.,0.25),(0.,5.E-02),
  .PIECEWISE_BEZIER_KNOTS.);
#2495 = CARTESIAN_POINT('',(3.45,0.53675,3.4000001));
#2496 = CARTESIAN_POINT('',(3.45,0.53675,3.3500001));
#2497 = CARTESIAN_POINT('',(3.45,0.28675,3.4000001));
#2498 = CARTESIAN_POINT('',(3.45,0.28675,3.3500001));
#2499 = ADVANCED_FACE('',(#2500),#2578,.T.);
#2500 = FACE_BOUND('',#2501,.T.);
#2501 = EDGE_LOOP('',(#2502,#2511,#2518,#2525,#2532,#2537,#2538,#2545,
    #2552,#2559,#2566,#2573));
#2502 = ORIENTED_EDGE('',*,*,#2503,.T.);
#2503 = EDGE_CURVE('',#2504,#2506,#2508,.T.);
#2504 = VERTEX_POINT('',#2505);
#2505 = CARTESIAN_POINT('',(-2.1,2.9,4.1000001));
#2506 = VERTEX_POINT('',#2507);
#2507 = CARTESIAN_POINT('',(-2.1,2.9,3.4000001));
#2508 = B_SPLINE_CURVE_WITH_KNOTS('',1,(#2509,#2510),.UNSPECIFIED.,.F.,
  .F.,(2,2),(0.,0.7),.PIECEWISE_BEZIER_KNOTS.);
#2509 = CARTESIAN_POINT('',(-2.1,2.9,4.1000001));
#2510 = CARTESIAN_POINT('',(-2.1,2.9,3.4000001));
#2511 = ORIENTED_EDGE('',*,*,#2512,.T.);
#2512 = EDGE_CURVE('',#2506,#2513,#2515,.T.);
#2513 = VERTEX_POINT('',#2514);
#2514 = CARTESIAN_POINT('',(-3.75,2.9,3.4000001));
#2515 = B_SPLINE_CURVE_WITH_KNOTS('',1,(#2516,#2517),.UNSPECIFIED.,.F.,
  .F.,(2,2),(0.,1.65),.PIECEWISE_BEZIER_KNOTS.);
#2516 = CARTESIAN_POINT('',(-2.1,2.9,3.4000001));
#2517 = CARTESIAN_POINT('',(-3.75,2.9,3.4000001));
#2518 = ORIENTED_EDGE('',*,*,#2519,.T.);
#2519 = EDGE_CURVE('',#2513,#2520,#2522,.T.);
#2520 = VERTEX_POINT('',#2521);
#2521 = CARTESIAN_POINT('',(-3.75,2.9,10.4000001));
#2522 = B_SPLINE_CURVE_WITH_KNOTS('',1,(#2523,#2524),.UNSPECIFIED.,.F.,
  .F.,(2,2),(0.,7.),.PIECEWISE_BEZIER_KNOTS.);
#2523 = CARTESIAN_POINT('',(-3.75,2.9,3.4000001));
#2524 = CARTESIAN_POINT('',(-3.75,2.9,10.4000001));
#2525 = ORIENTED_EDGE('',*,*,#2526,.F.);
#2526 = EDGE_CURVE('',#2527,#2520,#2529,.T.);
#2527 = VERTEX_POINT('',#2528);
#2528 = CARTESIAN_POINT('',(3.75,2.9,10.4000001));
#2529 = B_SPLINE_CURVE_WITH_KNOTS('',1,(#2530,#2531),.UNSPECIFIED.,.F.,
  .F.,(2,2),(0.,7.5),.PIECEWISE_BEZIER_KNOTS.);
#2530 = CARTESIAN_POINT('',(3.75,2.9,10.4000001));
#2531 = CARTESIAN_POINT('',(-3.75,2.9,10.4000001));
#2532 = ORIENTED_EDGE('',*,*,#2533,.F.);
#2533 = EDGE_CURVE('',#884,#2527,#2534,.T.);
#2534 = B_SPLINE_CURVE_WITH_KNOTS('',1,(#2535,#2536),.UNSPECIFIED.,.F.,
  .F.,(2,2),(0.,7.),.PIECEWISE_BEZIER_KNOTS.);
#2535 = CARTESIAN_POINT('',(3.75,2.9,3.4000001));
#2536 = CARTESIAN_POINT('',(3.75,2.9,10.4000001));
#2537 = ORIENTED_EDGE('',*,*,#883,.T.);
#2538 = ORIENTED_EDGE('',*,*,#2539,.T.);
#2539 = EDGE_CURVE('',#886,#2540,#2542,.T.);
#2540 = VERTEX_POINT('',#2541);
#2541 = CARTESIAN_POINT('',(2.1,2.9,4.1000001));
#2542 = B_SPLINE_CURVE_WITH_KNOTS('',1,(#2543,#2544),.UNSPECIFIED.,.F.,
  .F.,(2,2),(0.,0.7),.PIECEWISE_BEZIER_KNOTS.);
#2543 = CARTESIAN_POINT('',(2.1,2.9,3.4000001));
#2544 = CARTESIAN_POINT('',(2.1,2.9,4.1000001));
#2545 = ORIENTED_EDGE('',*,*,#2546,.T.);
#2546 = EDGE_CURVE('',#2540,#2547,#2549,.T.);
#2547 = VERTEX_POINT('',#2548);
#2548 = CARTESIAN_POINT('',(0.4,2.9,4.1000001));
#2549 = B_SPLINE_CURVE_WITH_KNOTS('',1,(#2550,#2551),.UNSPECIFIED.,.F.,
  .F.,(2,2),(0.,1.7),.PIECEWISE_BEZIER_KNOTS.);
#2550 = CARTESIAN_POINT('',(2.1,2.9,4.1000001));
#2551 = CARTESIAN_POINT('',(0.4,2.9,4.1000001));
#2552 = ORIENTED_EDGE('',*,*,#2553,.T.);
#2553 = EDGE_CURVE('',#2547,#2554,#2556,.T.);
#2554 = VERTEX_POINT('',#2555);
#2555 = CARTESIAN_POINT('',(0.4,2.9,3.4000001));
#2556 = B_SPLINE_CURVE_WITH_KNOTS('',1,(#2557,#2558),.UNSPECIFIED.,.F.,
  .F.,(2,2),(0.,0.7),.PIECEWISE_BEZIER_KNOTS.);
#2557 = CARTESIAN_POINT('',(0.4,2.9,4.1000001));
#2558 = CARTESIAN_POINT('',(0.4,2.9,3.4000001));
#2559 = ORIENTED_EDGE('',*,*,#2560,.T.);
#2560 = EDGE_CURVE('',#2554,#2561,#2563,.T.);
#2561 = VERTEX_POINT('',#2562);
#2562 = CARTESIAN_POINT('',(-0.4,2.9,3.4000001));
#2563 = B_SPLINE_CURVE_WITH_KNOTS('',1,(#2564,#2565),.UNSPECIFIED.,.F.,
  .F.,(2,2),(0.,0.8),.PIECEWISE_BEZIER_KNOTS.);
#2564 = CARTESIAN_POINT('',(0.4,2.9,3.4000001));
#2565 = CARTESIAN_POINT('',(-0.4,2.9,3.4000001));
#2566 = ORIENTED_EDGE('',*,*,#2567,.T.);
#2567 = EDGE_CURVE('',#2561,#2568,#2570,.T.);
#2568 = VERTEX_POINT('',#2569);
#2569 = CARTESIAN_POINT('',(-0.4,2.9,4.1000001));
#2570 = B_SPLINE_CURVE_WITH_KNOTS('',1,(#2571,#2572),.UNSPECIFIED.,.F.,
  .F.,(2,2),(0.,0.7),.PIECEWISE_BEZIER_KNOTS.);
#2571 = CARTESIAN_POINT('',(-0.4,2.9,3.4000001));
#2572 = CARTESIAN_POINT('',(-0.4,2.9,4.1000001));
#2573 = ORIENTED_EDGE('',*,*,#2574,.T.);
#2574 = EDGE_CURVE('',#2568,#2504,#2575,.T.);
#2575 = B_SPLINE_CURVE_WITH_KNOTS('',1,(#2576,#2577),.UNSPECIFIED.,.F.,
  .F.,(2,2),(0.,1.7),.PIECEWISE_BEZIER_KNOTS.);
#2576 = CARTESIAN_POINT('',(-0.4,2.9,4.1000001));
#2577 = CARTESIAN_POINT('',(-2.1,2.9,4.1000001));
#2578 = B_SPLINE_SURFACE_WITH_KNOTS('',1,1,(
    (#2579,#2580)
    ,(#2581,#2582
    )),.UNSPECIFIED.,.F.,.F.,.F.,(2,2),(2,2),(0.,7.5),(0.,7.),
  .PIECEWISE_BEZIER_KNOTS.);
#2579 = CARTESIAN_POINT('',(3.75,2.9,3.4000001));
#2580 = CARTESIAN_POINT('',(3.75,2.9,10.4000001));
#2581 = CARTESIAN_POINT('',(-3.75,2.9,3.4000001));
#2582 = CARTESIAN_POINT('',(-3.75,2.9,10.4000001));
#2583 = ADVANCED_FACE('',(#2584),#2628,.T.);
#2584 = FACE_BOUND('',#2585,.T.);
#2585 = EDGE_LOOP('',(#2586,#2595,#2602,#2609,#2614,#2615,#2616,#2623));
#2586 = ORIENTED_EDGE('',*,*,#2587,.T.);
#2587 = EDGE_CURVE('',#2588,#2590,#2592,.T.);
#2588 = VERTEX_POINT('',#2589);
#2589 = CARTESIAN_POINT('',(3.75,-1.25,7.4000001));
#2590 = VERTEX_POINT('',#2591);
#2591 = CARTESIAN_POINT('',(3.75,-2.25,7.4000001));
#2592 = B_SPLINE_CURVE_WITH_KNOTS('',1,(#2593,#2594),.UNSPECIFIED.,.F.,
  .F.,(2,2),(0.,1.),.PIECEWISE_BEZIER_KNOTS.);
#2593 = CARTESIAN_POINT('',(3.75,-1.25,7.4000001));
#2594 = CARTESIAN_POINT('',(3.75,-2.25,7.4000001));
#2595 = ORIENTED_EDGE('',*,*,#2596,.F.);
#2596 = EDGE_CURVE('',#2597,#2590,#2599,.T.);
#2597 = VERTEX_POINT('',#2598);
#2598 = CARTESIAN_POINT('',(3.75,-2.25,10.4000001));
#2599 = B_SPLINE_CURVE_WITH_KNOTS('',1,(#2600,#2601),.UNSPECIFIED.,.F.,
  .F.,(2,2),(0.,3.),.PIECEWISE_BEZIER_KNOTS.);
#2600 = CARTESIAN_POINT('',(3.75,-2.25,10.4000001));
#2601 = CARTESIAN_POINT('',(3.75,-2.25,7.4000001));
#2602 = ORIENTED_EDGE('',*,*,#2603,.F.);
#2603 = EDGE_CURVE('',#2604,#2597,#2606,.T.);
#2604 = VERTEX_POINT('',#2605);
#2605 = CARTESIAN_POINT('',(3.75,-2.9,10.4000001));
#2606 = B_SPLINE_CURVE_WITH_KNOTS('',1,(#2607,#2608),.UNSPECIFIED.,.F.,
  .F.,(2,2),(0.,0.65),.PIECEWISE_BEZIER_KNOTS.);
#2607 = CARTESIAN_POINT('',(3.75,-2.9,10.4000001));
#2608 = CARTESIAN_POINT('',(3.75,-2.25,10.4000001));
#2609 = ORIENTED_EDGE('',*,*,#2610,.F.);
#2610 = EDGE_CURVE('',#893,#2604,#2611,.T.);
#2611 = B_SPLINE_CURVE_WITH_KNOTS('',1,(#2612,#2613),.UNSPECIFIED.,.F.,
  .F.,(2,2),(0.,7.),.PIECEWISE_BEZIER_KNOTS.);
#2612 = CARTESIAN_POINT('',(3.75,-2.9,3.4000001));
#2613 = CARTESIAN_POINT('',(3.75,-2.9,10.4000001));
#2614 = ORIENTED_EDGE('',*,*,#892,.T.);
#2615 = ORIENTED_EDGE('',*,*,#2533,.T.);
#2616 = ORIENTED_EDGE('',*,*,#2617,.F.);
#2617 = EDGE_CURVE('',#2618,#2527,#2620,.T.);
#2618 = VERTEX_POINT('',#2619);
#2619 = CARTESIAN_POINT('',(3.75,-1.25,10.4000001));
#2620 = B_SPLINE_CURVE_WITH_KNOTS('',1,(#2621,#2622),.UNSPECIFIED.,.F.,
  .F.,(2,2),(0.,4.15),.PIECEWISE_BEZIER_KNOTS.);
#2621 = CARTESIAN_POINT('',(3.75,-1.25,10.4000001));
#2622 = CARTESIAN_POINT('',(3.75,2.9,10.4000001));
#2623 = ORIENTED_EDGE('',*,*,#2624,.T.);
#2624 = EDGE_CURVE('',#2618,#2588,#2625,.T.);
#2625 = B_SPLINE_CURVE_WITH_KNOTS('',1,(#2626,#2627),.UNSPECIFIED.,.F.,
  .F.,(2,2),(0.,3.),.PIECEWISE_BEZIER_KNOTS.);
#2626 = CARTESIAN_POINT('',(3.75,-1.25,10.4000001));
#2627 = CARTESIAN_POINT('',(3.75,-1.25,7.4000001));
#2628 = B_SPLINE_SURFACE_WITH_KNOTS('',1,1,(
    (#2629,#2630)
    ,(#2631,#2632
    )),.UNSPECIFIED.,.F.,.F.,.F.,(2,2),(2,2),(0.,5.8),(0.,7.),
  .PIECEWISE_BEZIER_KNOTS.);
#2629 = CARTESIAN_POINT('',(3.75,-2.9,3.4000001));
#2630 = CARTESIAN_POINT('',(3.75,-2.9,10.4000001));
#2631 = CARTESIAN_POINT('',(3.75,2.9,3.4000001));
#2632 = CARTESIAN_POINT('',(3.75,2.9,10.4000001));
#2633 = ADVANCED_FACE('',(#2634),#2826,.T.);
#2634 = FACE_BOUND('',#2635,.T.);
#2635 = EDGE_LOOP('',(#2636,#2645,#2652,#2659,#2666,#2671,#2672,#2673,
    #2680,#2688,#2695,#2703,#2710,#2718,#2725,#2733,#2740,#2748,#2755,
    #2763,#2770,#2778,#2785,#2793,#2800,#2807,#2814,#2821));
#2636 = ORIENTED_EDGE('',*,*,#2637,.T.);
#2637 = EDGE_CURVE('',#2638,#2640,#2642,.T.);
#2638 = VERTEX_POINT('',#2639);
#2639 = CARTESIAN_POINT('',(-0.4,-2.9,4.1000001));
#2640 = VERTEX_POINT('',#2641);
#2641 = CARTESIAN_POINT('',(-0.4,-2.9,3.4000001));
#2642 = B_SPLINE_CURVE_WITH_KNOTS('',1,(#2643,#2644),.UNSPECIFIED.,.F.,
  .F.,(2,2),(0.,0.7),.PIECEWISE_BEZIER_KNOTS.);
#2643 = CARTESIAN_POINT('',(-0.4,-2.9,4.1000001));
#2644 = CARTESIAN_POINT('',(-0.4,-2.9,3.4000001));
#2645 = ORIENTED_EDGE('',*,*,#2646,.T.);
#2646 = EDGE_CURVE('',#2640,#2647,#2649,.T.);
#2647 = VERTEX_POINT('',#2648);
#2648 = CARTESIAN_POINT('',(0.4,-2.9,3.4000001));
#2649 = B_SPLINE_CURVE_WITH_KNOTS('',1,(#2650,#2651),.UNSPECIFIED.,.F.,
  .F.,(2,2),(0.,0.8),.PIECEWISE_BEZIER_KNOTS.);
#2650 = CARTESIAN_POINT('',(-0.4,-2.9,3.4000001));
#2651 = CARTESIAN_POINT('',(0.4,-2.9,3.4000001));
#2652 = ORIENTED_EDGE('',*,*,#2653,.T.);
#2653 = EDGE_CURVE('',#2647,#2654,#2656,.T.);
#2654 = VERTEX_POINT('',#2655);
#2655 = CARTESIAN_POINT('',(0.4,-2.9,4.1000001));
#2656 = B_SPLINE_CURVE_WITH_KNOTS('',1,(#2657,#2658),.UNSPECIFIED.,.F.,
  .F.,(2,2),(0.,0.7),.PIECEWISE_BEZIER_KNOTS.);
#2657 = CARTESIAN_POINT('',(0.4,-2.9,3.4000001));
#2658 = CARTESIAN_POINT('',(0.4,-2.9,4.1000001));
#2659 = ORIENTED_EDGE('',*,*,#2660,.T.);
#2660 = EDGE_CURVE('',#2654,#2661,#2663,.T.);
#2661 = VERTEX_POINT('',#2662);
#2662 = CARTESIAN_POINT('',(2.1,-2.9,4.1000001));
#2663 = B_SPLINE_CURVE_WITH_KNOTS('',1,(#2664,#2665),.UNSPECIFIED.,.F.,
  .F.,(2,2),(9.992007221626E-16,1.7),.PIECEWISE_BEZIER_KNOTS.);
#2664 = CARTESIAN_POINT('',(0.4,-2.9,4.1000001));
#2665 = CARTESIAN_POINT('',(2.1,-2.9,4.1000001));
#2666 = ORIENTED_EDGE('',*,*,#2667,.T.);
#2667 = EDGE_CURVE('',#2661,#900,#2668,.T.);
#2668 = B_SPLINE_CURVE_WITH_KNOTS('',1,(#2669,#2670),.UNSPECIFIED.,.F.,
  .F.,(2,2),(0.,0.7),.PIECEWISE_BEZIER_KNOTS.);
#2669 = CARTESIAN_POINT('',(2.1,-2.9,4.1000001));
#2670 = CARTESIAN_POINT('',(2.1,-2.9,3.4000001));
#2671 = ORIENTED_EDGE('',*,*,#899,.T.);
#2672 = ORIENTED_EDGE('',*,*,#2610,.T.);
#2673 = ORIENTED_EDGE('',*,*,#2674,.F.);
#2674 = EDGE_CURVE('',#2675,#2604,#2677,.T.);
#2675 = VERTEX_POINT('',#2676);
#2676 = CARTESIAN_POINT('',(1.803518375849,-2.9,10.4000001));
#2677 = B_SPLINE_CURVE_WITH_KNOTS('',1,(#2678,#2679),.UNSPECIFIED.,.F.,
  .F.,(2,2),(0.,1.946481624151),.PIECEWISE_BEZIER_KNOTS.);
#2678 = CARTESIAN_POINT('',(1.803518375849,-2.9,10.4000001));
#2679 = CARTESIAN_POINT('',(3.75,-2.9,10.4000001));
#2680 = ORIENTED_EDGE('',*,*,#2681,.T.);
#2681 = EDGE_CURVE('',#2675,#2682,#2684,.T.);
#2682 = VERTEX_POINT('',#2683);
#2683 = CARTESIAN_POINT('',(1.720313346415,-2.9,10.355470119623));
#2684 = ( BOUNDED_CURVE() B_SPLINE_CURVE(2,(#2685,#2686,#2687),
.UNSPECIFIED.,.F.,.F.) B_SPLINE_CURVE_WITH_KNOTS((3,3),(0.,
0.982793723247),.PIECEWISE_BEZIER_KNOTS.) CURVE() 
GEOMETRIC_REPRESENTATION_ITEM() RATIONAL_B_SPLINE_CURVE((1.,
0.881674598768,1.)) REPRESENTATION_ITEM('') );
#2685 = CARTESIAN_POINT('',(1.803518375849,-2.9,10.4000001));
#2686 = CARTESIAN_POINT('',(1.75,-2.9,10.4000001));
#2687 = CARTESIAN_POINT('',(1.720313346415,-2.9,10.355470119623));
#2688 = ORIENTED_EDGE('',*,*,#2689,.F.);
#2689 = EDGE_CURVE('',#2690,#2682,#2692,.T.);
#2690 = VERTEX_POINT('',#2691);
#2691 = CARTESIAN_POINT('',(1.41283545189,-2.9,9.894253277835));
#2692 = B_SPLINE_CURVE_WITH_KNOTS('',1,(#2693,#2694),.UNSPECIFIED.,.F.,
  .F.,(2,2),(0.,0.55431365739),.PIECEWISE_BEZIER_KNOTS.);
#2693 = CARTESIAN_POINT('',(1.41283545189,-2.9,9.894253277835));
#2694 = CARTESIAN_POINT('',(1.720313346415,-2.9,10.355470119623));
#2695 = ORIENTED_EDGE('',*,*,#2696,.T.);
#2696 = EDGE_CURVE('',#2690,#2697,#2699,.T.);
#2697 = VERTEX_POINT('',#2698);
#2698 = CARTESIAN_POINT('',(1.451319121774,-2.9,9.749340539113));
#2699 = ( BOUNDED_CURVE() B_SPLINE_CURVE(2,(#2700,#2701,#2702),
.UNSPECIFIED.,.F.,.F.) B_SPLINE_CURVE_WITH_KNOTS((3,3),(0.,
1.695151321342),.PIECEWISE_BEZIER_KNOTS.) CURVE() 
GEOMETRIC_REPRESENTATION_ITEM() RATIONAL_B_SPLINE_CURVE((1.,
0.661802563236,1.)) REPRESENTATION_ITEM('') );
#2700 = CARTESIAN_POINT('',(1.41283545189,-2.9,9.894253277835));
#2701 = CARTESIAN_POINT('',(1.35,-2.9,9.8000001));
#2702 = CARTESIAN_POINT('',(1.451319121774,-2.9,9.749340539113));
#2703 = ORIENTED_EDGE('',*,*,#2704,.F.);
#2704 = EDGE_CURVE('',#2705,#2697,#2707,.T.);
#2705 = VERTEX_POINT('',#2706);
#2706 = CARTESIAN_POINT('',(1.69472135955,-2.9,9.627639420225));
#2707 = B_SPLINE_CURVE_WITH_KNOTS('',1,(#2708,#2709),.UNSPECIFIED.,.F.,
  .F.,(2,2),(0.,0.272131974771),.PIECEWISE_BEZIER_KNOTS.);
#2708 = CARTESIAN_POINT('',(1.69472135955,-2.9,9.627639420225));
#2709 = CARTESIAN_POINT('',(1.451319121774,-2.9,9.749340539113));
#2710 = ORIENTED_EDGE('',*,*,#2711,.T.);
#2711 = EDGE_CURVE('',#2705,#2712,#2714,.T.);
#2712 = VERTEX_POINT('',#2713);
#2713 = CARTESIAN_POINT('',(1.75,-2.9,9.538196701125));
#2714 = ( BOUNDED_CURVE() B_SPLINE_CURVE(2,(#2715,#2716,#2717),
.UNSPECIFIED.,.F.,.F.) B_SPLINE_CURVE_WITH_KNOTS((3,3),(0.,
1.107148717794),.PIECEWISE_BEZIER_KNOTS.) CURVE() 
GEOMETRIC_REPRESENTATION_ITEM() RATIONAL_B_SPLINE_CURVE((1.,
0.850650808352,1.)) REPRESENTATION_ITEM('') );
#2715 = CARTESIAN_POINT('',(1.69472135955,-2.9,9.627639420225));
#2716 = CARTESIAN_POINT('',(1.75,-2.9,9.6000001));
#2717 = CARTESIAN_POINT('',(1.75,-2.9,9.538196701125));
#2718 = ORIENTED_EDGE('',*,*,#2719,.T.);
#2719 = EDGE_CURVE('',#2712,#2720,#2722,.T.);
#2720 = VERTEX_POINT('',#2721);
#2721 = CARTESIAN_POINT('',(1.75,-2.9,7.0000001));
#2722 = B_SPLINE_CURVE_WITH_KNOTS('',1,(#2723,#2724),.UNSPECIFIED.,.F.,
  .F.,(2,2),(0.,2.538196601125),.PIECEWISE_BEZIER_KNOTS.);
#2723 = CARTESIAN_POINT('',(1.75,-2.9,9.538196701125));
#2724 = CARTESIAN_POINT('',(1.75,-2.9,7.0000001));
#2725 = ORIENTED_EDGE('',*,*,#2726,.T.);
#2726 = EDGE_CURVE('',#2720,#2727,#2729,.T.);
#2727 = VERTEX_POINT('',#2728);
#2728 = CARTESIAN_POINT('',(1.15,-2.9,6.4000001));
#2729 = ( BOUNDED_CURVE() B_SPLINE_CURVE(2,(#2730,#2731,#2732),
.UNSPECIFIED.,.F.,.F.) B_SPLINE_CURVE_WITH_KNOTS((3,3),(0.,
1.570796326795),.PIECEWISE_BEZIER_KNOTS.) CURVE() 
GEOMETRIC_REPRESENTATION_ITEM() RATIONAL_B_SPLINE_CURVE((1.,
0.707106781187,1.)) REPRESENTATION_ITEM('') );
#2730 = CARTESIAN_POINT('',(1.75,-2.9,7.0000001));
#2731 = CARTESIAN_POINT('',(1.75,-2.9,6.4000001));
#2732 = CARTESIAN_POINT('',(1.15,-2.9,6.4000001));
#2733 = ORIENTED_EDGE('',*,*,#2734,.T.);
#2734 = EDGE_CURVE('',#2727,#2735,#2737,.T.);
#2735 = VERTEX_POINT('',#2736);
#2736 = CARTESIAN_POINT('',(-1.15,-2.9,6.4000001));
#2737 = B_SPLINE_CURVE_WITH_KNOTS('',1,(#2738,#2739),.UNSPECIFIED.,.F.,
  .F.,(2,2),(-9.992007221626E-15,2.3),.PIECEWISE_BEZIER_KNOTS.);
#2738 = CARTESIAN_POINT('',(1.15,-2.9,6.4000001));
#2739 = CARTESIAN_POINT('',(-1.15,-2.9,6.4000001));
#2740 = ORIENTED_EDGE('',*,*,#2741,.T.);
#2741 = EDGE_CURVE('',#2735,#2742,#2744,.T.);
#2742 = VERTEX_POINT('',#2743);
#2743 = CARTESIAN_POINT('',(-1.75,-2.9,7.0000001));
#2744 = ( BOUNDED_CURVE() B_SPLINE_CURVE(2,(#2745,#2746,#2747),
.UNSPECIFIED.,.F.,.F.) B_SPLINE_CURVE_WITH_KNOTS((3,3),(0.,
1.570796326795),.PIECEWISE_BEZIER_KNOTS.) CURVE() 
GEOMETRIC_REPRESENTATION_ITEM() RATIONAL_B_SPLINE_CURVE((1.,
0.707106781187,1.)) REPRESENTATION_ITEM('') );
#2745 = CARTESIAN_POINT('',(-1.15,-2.9,6.4000001));
#2746 = CARTESIAN_POINT('',(-1.75,-2.9,6.4000001));
#2747 = CARTESIAN_POINT('',(-1.75,-2.9,7.0000001));
#2748 = ORIENTED_EDGE('',*,*,#2749,.F.);
#2749 = EDGE_CURVE('',#2750,#2742,#2752,.T.);
#2750 = VERTEX_POINT('',#2751);
#2751 = CARTESIAN_POINT('',(-1.75,-2.9,9.538196701125));
#2752 = B_SPLINE_CURVE_WITH_KNOTS('',1,(#2753,#2754),.UNSPECIFIED.,.F.,
  .F.,(2,2),(0.,2.538196601125),.PIECEWISE_BEZIER_KNOTS.);
#2753 = CARTESIAN_POINT('',(-1.75,-2.9,9.538196701125));
#2754 = CARTESIAN_POINT('',(-1.75,-2.9,7.0000001));
#2755 = ORIENTED_EDGE('',*,*,#2756,.T.);
#2756 = EDGE_CURVE('',#2750,#2757,#2759,.T.);
#2757 = VERTEX_POINT('',#2758);
#2758 = CARTESIAN_POINT('',(-1.69472135955,-2.9,9.627639420225));
#2759 = ( BOUNDED_CURVE() B_SPLINE_CURVE(2,(#2760,#2761,#2762),
.UNSPECIFIED.,.F.,.F.) B_SPLINE_CURVE_WITH_KNOTS((3,3),(0.,
1.107148717794),.PIECEWISE_BEZIER_KNOTS.) CURVE() 
GEOMETRIC_REPRESENTATION_ITEM() RATIONAL_B_SPLINE_CURVE((1.,
0.850650808352,1.)) REPRESENTATION_ITEM('') );
#2760 = CARTESIAN_POINT('',(-1.75,-2.9,9.538196701125));
#2761 = CARTESIAN_POINT('',(-1.75,-2.9,9.6000001));
#2762 = CARTESIAN_POINT('',(-1.69472135955,-2.9,9.627639420225));
#2763 = ORIENTED_EDGE('',*,*,#2764,.T.);
#2764 = EDGE_CURVE('',#2757,#2765,#2767,.T.);
#2765 = VERTEX_POINT('',#2766);
#2766 = CARTESIAN_POINT('',(-1.451319121774,-2.9,9.749340539113));
#2767 = B_SPLINE_CURVE_WITH_KNOTS('',1,(#2768,#2769),.UNSPECIFIED.,.F.,
  .F.,(2,2),(8.93712295169E-15,0.272131974771),
  .PIECEWISE_BEZIER_KNOTS.);
#2768 = CARTESIAN_POINT('',(-1.69472135955,-2.9,9.627639420225));
#2769 = CARTESIAN_POINT('',(-1.451319121774,-2.9,9.749340539113));
#2770 = ORIENTED_EDGE('',*,*,#2771,.T.);
#2771 = EDGE_CURVE('',#2765,#2772,#2774,.T.);
#2772 = VERTEX_POINT('',#2773);
#2773 = CARTESIAN_POINT('',(-1.41283545189,-2.9,9.894253277835));
#2774 = ( BOUNDED_CURVE() B_SPLINE_CURVE(2,(#2775,#2776,#2777),
.UNSPECIFIED.,.F.,.F.) B_SPLINE_CURVE_WITH_KNOTS((3,3),(0.,
1.695151321342),.PIECEWISE_BEZIER_KNOTS.) CURVE() 
GEOMETRIC_REPRESENTATION_ITEM() RATIONAL_B_SPLINE_CURVE((1.,
0.661802563236,1.)) REPRESENTATION_ITEM('') );
#2775 = CARTESIAN_POINT('',(-1.451319121774,-2.9,9.749340539113));
#2776 = CARTESIAN_POINT('',(-1.35,-2.9,9.8000001));
#2777 = CARTESIAN_POINT('',(-1.41283545189,-2.9,9.894253277835));
#2778 = ORIENTED_EDGE('',*,*,#2779,.T.);
#2779 = EDGE_CURVE('',#2772,#2780,#2782,.T.);
#2780 = VERTEX_POINT('',#2781);
#2781 = CARTESIAN_POINT('',(-1.720313346415,-2.9,10.355470119623));
#2782 = B_SPLINE_CURVE_WITH_KNOTS('',1,(#2783,#2784),.UNSPECIFIED.,.F.,
  .F.,(2,2),(0.,0.55431365739),.PIECEWISE_BEZIER_KNOTS.);
#2783 = CARTESIAN_POINT('',(-1.41283545189,-2.9,9.894253277835));
#2784 = CARTESIAN_POINT('',(-1.720313346415,-2.9,10.355470119623));
#2785 = ORIENTED_EDGE('',*,*,#2786,.T.);
#2786 = EDGE_CURVE('',#2780,#2787,#2789,.T.);
#2787 = VERTEX_POINT('',#2788);
#2788 = CARTESIAN_POINT('',(-1.803518375849,-2.9,10.4000001));
#2789 = ( BOUNDED_CURVE() B_SPLINE_CURVE(2,(#2790,#2791,#2792),
.UNSPECIFIED.,.F.,.F.) B_SPLINE_CURVE_WITH_KNOTS((3,3),(0.,
0.982793723247),.PIECEWISE_BEZIER_KNOTS.) CURVE() 
GEOMETRIC_REPRESENTATION_ITEM() RATIONAL_B_SPLINE_CURVE((1.,
0.881674598768,1.)) REPRESENTATION_ITEM('') );
#2790 = CARTESIAN_POINT('',(-1.720313346415,-2.9,10.355470119623));
#2791 = CARTESIAN_POINT('',(-1.75,-2.9,10.4000001));
#2792 = CARTESIAN_POINT('',(-1.803518375849,-2.9,10.4000001));
#2793 = ORIENTED_EDGE('',*,*,#2794,.F.);
#2794 = EDGE_CURVE('',#2795,#2787,#2797,.T.);
#2795 = VERTEX_POINT('',#2796);
#2796 = CARTESIAN_POINT('',(-3.75,-2.9,10.4000001));
#2797 = B_SPLINE_CURVE_WITH_KNOTS('',1,(#2798,#2799),.UNSPECIFIED.,.F.,
  .F.,(2,2),(0.,1.946481624151),.PIECEWISE_BEZIER_KNOTS.);
#2798 = CARTESIAN_POINT('',(-3.75,-2.9,10.4000001));
#2799 = CARTESIAN_POINT('',(-1.803518375849,-2.9,10.4000001));
#2800 = ORIENTED_EDGE('',*,*,#2801,.F.);
#2801 = EDGE_CURVE('',#2802,#2795,#2804,.T.);
#2802 = VERTEX_POINT('',#2803);
#2803 = CARTESIAN_POINT('',(-3.75,-2.9,3.4000001));
#2804 = B_SPLINE_CURVE_WITH_KNOTS('',1,(#2805,#2806),.UNSPECIFIED.,.F.,
  .F.,(2,2),(0.,7.),.PIECEWISE_BEZIER_KNOTS.);
#2805 = CARTESIAN_POINT('',(-3.75,-2.9,3.4000001));
#2806 = CARTESIAN_POINT('',(-3.75,-2.9,10.4000001));
#2807 = ORIENTED_EDGE('',*,*,#2808,.T.);
#2808 = EDGE_CURVE('',#2802,#2809,#2811,.T.);
#2809 = VERTEX_POINT('',#2810);
#2810 = CARTESIAN_POINT('',(-2.1,-2.9,3.4000001));
#2811 = B_SPLINE_CURVE_WITH_KNOTS('',1,(#2812,#2813),.UNSPECIFIED.,.F.,
  .F.,(2,2),(0.,1.65),.PIECEWISE_BEZIER_KNOTS.);
#2812 = CARTESIAN_POINT('',(-3.75,-2.9,3.4000001));
#2813 = CARTESIAN_POINT('',(-2.1,-2.9,3.4000001));
#2814 = ORIENTED_EDGE('',*,*,#2815,.T.);
#2815 = EDGE_CURVE('',#2809,#2816,#2818,.T.);
#2816 = VERTEX_POINT('',#2817);
#2817 = CARTESIAN_POINT('',(-2.1,-2.9,4.1000001));
#2818 = B_SPLINE_CURVE_WITH_KNOTS('',1,(#2819,#2820),.UNSPECIFIED.,.F.,
  .F.,(2,2),(0.,0.7),.PIECEWISE_BEZIER_KNOTS.);
#2819 = CARTESIAN_POINT('',(-2.1,-2.9,3.4000001));
#2820 = CARTESIAN_POINT('',(-2.1,-2.9,4.1000001));
#2821 = ORIENTED_EDGE('',*,*,#2822,.T.);
#2822 = EDGE_CURVE('',#2816,#2638,#2823,.T.);
#2823 = B_SPLINE_CURVE_WITH_KNOTS('',1,(#2824,#2825),.UNSPECIFIED.,.F.,
  .F.,(2,2),(0.,1.7),.PIECEWISE_BEZIER_KNOTS.);
#2824 = CARTESIAN_POINT('',(-2.1,-2.9,4.1000001));
#2825 = CARTESIAN_POINT('',(-0.4,-2.9,4.1000001));
#2826 = B_SPLINE_SURFACE_WITH_KNOTS('',1,1,(
    (#2827,#2828)
    ,(#2829,#2830
    )),.UNSPECIFIED.,.F.,.F.,.F.,(2,2),(2,2),(0.,7.5),(0.,7.),
  .PIECEWISE_BEZIER_KNOTS.);
#2827 = CARTESIAN_POINT('',(-3.75,-2.9,3.4000001));
#2828 = CARTESIAN_POINT('',(-3.75,-2.9,10.4000001));
#2829 = CARTESIAN_POINT('',(3.75,-2.9,3.4000001));
#2830 = CARTESIAN_POINT('',(3.75,-2.9,10.4000001));
#2831 = ADVANCED_FACE('',(#2832),#2856,.F.);
#2832 = FACE_BOUND('',#2833,.T.);
#2833 = EDGE_LOOP('',(#2834,#2835,#2836,#2843,#2850,#2855));
#2834 = ORIENTED_EDGE('',*,*,#906,.F.);
#2835 = ORIENTED_EDGE('',*,*,#2667,.F.);
#2836 = ORIENTED_EDGE('',*,*,#2837,.T.);
#2837 = EDGE_CURVE('',#2661,#2838,#2840,.T.);
#2838 = VERTEX_POINT('',#2839);
#2839 = CARTESIAN_POINT('',(2.1,-1.5,3.6000001));
#2840 = B_SPLINE_CURVE_WITH_KNOTS('',1,(#2841,#2842),.UNSPECIFIED.,.F.,
  .F.,(2,2),(0.,1.486606874732),.PIECEWISE_BEZIER_KNOTS.);
#2841 = CARTESIAN_POINT('',(2.1,-2.9,4.1000001));
#2842 = CARTESIAN_POINT('',(2.1,-1.5,3.6000001));
#2843 = ORIENTED_EDGE('',*,*,#2844,.F.);
#2844 = EDGE_CURVE('',#2845,#2838,#2847,.T.);
#2845 = VERTEX_POINT('',#2846);
#2846 = CARTESIAN_POINT('',(2.1,0.3,3.6000001));
#2847 = B_SPLINE_CURVE_WITH_KNOTS('',1,(#2848,#2849),.UNSPECIFIED.,.F.,
  .F.,(2,2),(9.992007221626E-16,1.8),.PIECEWISE_BEZIER_KNOTS.);
#2848 = CARTESIAN_POINT('',(2.1,0.3,3.6000001));
#2849 = CARTESIAN_POINT('',(2.1,-1.5,3.6000001));
#2850 = ORIENTED_EDGE('',*,*,#2851,.T.);
#2851 = EDGE_CURVE('',#2845,#2540,#2852,.T.);
#2852 = B_SPLINE_CURVE_WITH_KNOTS('',1,(#2853,#2854),.UNSPECIFIED.,.F.,
  .F.,(2,2),(9.812215509914E-16,2.647640458975),
  .PIECEWISE_BEZIER_KNOTS.);
#2853 = CARTESIAN_POINT('',(2.1,0.3,3.6000001));
#2854 = CARTESIAN_POINT('',(2.1,2.9,4.1000001));
#2855 = ORIENTED_EDGE('',*,*,#2539,.F.);
#2856 = B_SPLINE_SURFACE_WITH_KNOTS('',1,1,(
    (#2857,#2858)
    ,(#2859,#2860
    )),.UNSPECIFIED.,.F.,.F.,.F.,(2,2),(2,2),(-9.941288935594E-15,5.8),(
    -0.7,0.),.PIECEWISE_BEZIER_KNOTS.);
#2857 = CARTESIAN_POINT('',(2.1,2.9,4.1000001));
#2858 = CARTESIAN_POINT('',(2.1,2.9,3.4000001));
#2859 = CARTESIAN_POINT('',(2.1,-2.9,4.1000001));
#2860 = CARTESIAN_POINT('',(2.1,-2.9,3.4000001));
#2861 = ADVANCED_FACE('',(#2862),#2870,.T.);
#2862 = FACE_BOUND('',#2863,.T.);
#2863 = EDGE_LOOP('',(#2864,#2865,#2866,#2867,#2868,#2869));
#2864 = ORIENTED_EDGE('',*,*,#1014,.T.);
#2865 = ORIENTED_EDGE('',*,*,#992,.T.);
#2866 = ORIENTED_EDGE('',*,*,#970,.T.);
#2867 = ORIENTED_EDGE('',*,*,#948,.T.);
#2868 = ORIENTED_EDGE('',*,*,#926,.T.);
#2869 = ORIENTED_EDGE('',*,*,#1036,.T.);
#2870 = B_SPLINE_SURFACE_WITH_KNOTS('',1,1,(
    (#2871,#2872)
    ,(#2873,#2874
    )),.UNSPECIFIED.,.F.,.F.,.F.,(2,2),(2,2),(-1.1195,-0.7445),(2.95,
    3.45),.PIECEWISE_BEZIER_KNOTS.);
#2871 = CARTESIAN_POINT('',(2.95,-1.1195,3.3500001));
#2872 = CARTESIAN_POINT('',(3.45,-1.1195,3.3500001));
#2873 = CARTESIAN_POINT('',(2.95,-0.7445,3.3500001));
#2874 = CARTESIAN_POINT('',(3.45,-0.7445,3.3500001));
#2875 = ADVANCED_FACE('',(#2876),#2918,.T.);
#2876 = FACE_BOUND('',#2877,.T.);
#2877 = EDGE_LOOP('',(#2878,#2879,#2880,#2881,#2882,#2883,#2884,#2885,
    #2886,#2887,#2888,#2889,#2890,#2891,#2892,#2893,#2894,#2895,#2896,
    #2897,#2898,#2899,#2900,#2901,#2902,#2903,#2904,#2905,#2906,#2907,
    #2908,#2909,#2910,#2911,#2912,#2913,#2914,#2915,#2916,#2917));
#2878 = ORIENTED_EDGE('',*,*,#1894,.T.);
#2879 = ORIENTED_EDGE('',*,*,#1872,.T.);
#2880 = ORIENTED_EDGE('',*,*,#1850,.T.);
#2881 = ORIENTED_EDGE('',*,*,#1828,.T.);
#2882 = ORIENTED_EDGE('',*,*,#1806,.T.);
#2883 = ORIENTED_EDGE('',*,*,#1784,.T.);
#2884 = ORIENTED_EDGE('',*,*,#1762,.T.);
#2885 = ORIENTED_EDGE('',*,*,#1740,.T.);
#2886 = ORIENTED_EDGE('',*,*,#1718,.T.);
#2887 = ORIENTED_EDGE('',*,*,#1696,.T.);
#2888 = ORIENTED_EDGE('',*,*,#1674,.T.);
#2889 = ORIENTED_EDGE('',*,*,#1652,.T.);
#2890 = ORIENTED_EDGE('',*,*,#1630,.T.);
#2891 = ORIENTED_EDGE('',*,*,#1608,.T.);
#2892 = ORIENTED_EDGE('',*,*,#1586,.T.);
#2893 = ORIENTED_EDGE('',*,*,#1564,.T.);
#2894 = ORIENTED_EDGE('',*,*,#1542,.T.);
#2895 = ORIENTED_EDGE('',*,*,#1520,.T.);
#2896 = ORIENTED_EDGE('',*,*,#1498,.T.);
#2897 = ORIENTED_EDGE('',*,*,#1476,.T.);
#2898 = ORIENTED_EDGE('',*,*,#1454,.T.);
#2899 = ORIENTED_EDGE('',*,*,#1432,.T.);
#2900 = ORIENTED_EDGE('',*,*,#1410,.T.);
#2901 = ORIENTED_EDGE('',*,*,#1388,.T.);
#2902 = ORIENTED_EDGE('',*,*,#1366,.T.);
#2903 = ORIENTED_EDGE('',*,*,#1344,.T.);
#2904 = ORIENTED_EDGE('',*,*,#1322,.T.);
#2905 = ORIENTED_EDGE('',*,*,#1300,.T.);
#2906 = ORIENTED_EDGE('',*,*,#1278,.T.);
#2907 = ORIENTED_EDGE('',*,*,#1256,.T.);
#2908 = ORIENTED_EDGE('',*,*,#1234,.T.);
#2909 = ORIENTED_EDGE('',*,*,#1212,.T.);
#2910 = ORIENTED_EDGE('',*,*,#1190,.T.);
#2911 = ORIENTED_EDGE('',*,*,#1168,.T.);
#2912 = ORIENTED_EDGE('',*,*,#1146,.T.);
#2913 = ORIENTED_EDGE('',*,*,#1124,.T.);
#2914 = ORIENTED_EDGE('',*,*,#1102,.T.);
#2915 = ORIENTED_EDGE('',*,*,#1080,.T.);
#2916 = ORIENTED_EDGE('',*,*,#1058,.T.);
#2917 = ORIENTED_EDGE('',*,*,#1916,.T.);
#2918 = B_SPLINE_SURFACE_WITH_KNOTS('',1,1,(
    (#2919,#2920)
    ,(#2921,#2922
    )),.UNSPECIFIED.,.F.,.F.,.F.,(2,2),(2,2),(-0.661166656733,
    -0.254916686535),(2.95,3.45),.PIECEWISE_BEZIER_KNOTS.);
#2919 = CARTESIAN_POINT('',(2.95,-0.661166656733,3.3500001));
#2920 = CARTESIAN_POINT('',(3.45,-0.661166656733,3.3500001));
#2921 = CARTESIAN_POINT('',(2.95,-0.254916686535,3.3500001));
#2922 = CARTESIAN_POINT('',(3.45,-0.254916686535,3.3500001));
#2923 = ADVANCED_FACE('',(#2924),#2938,.T.);
#2924 = FACE_BOUND('',#2925,.T.);
#2925 = EDGE_LOOP('',(#2926,#2927,#2928,#2929,#2930,#2931,#2932,#2933,
    #2934,#2935,#2936,#2937));
#2926 = ORIENTED_EDGE('',*,*,#2158,.T.);
#2927 = ORIENTED_EDGE('',*,*,#2136,.T.);
#2928 = ORIENTED_EDGE('',*,*,#2114,.T.);
#2929 = ORIENTED_EDGE('',*,*,#2092,.T.);
#2930 = ORIENTED_EDGE('',*,*,#2070,.T.);
#2931 = ORIENTED_EDGE('',*,*,#2048,.T.);
#2932 = ORIENTED_EDGE('',*,*,#2026,.T.);
#2933 = ORIENTED_EDGE('',*,*,#2004,.T.);
#2934 = ORIENTED_EDGE('',*,*,#1982,.T.);
#2935 = ORIENTED_EDGE('',*,*,#1960,.T.);
#2936 = ORIENTED_EDGE('',*,*,#1938,.T.);
#2937 = ORIENTED_EDGE('',*,*,#2180,.T.);
#2938 = B_SPLINE_SURFACE_WITH_KNOTS('',1,1,(
    (#2939,#2940)
    ,(#2941,#2942
    )),.UNSPECIFIED.,.F.,.F.,.F.,(2,2),(2,2),(-0.171583313465,
    0.20341662693),(2.95,3.45),.PIECEWISE_BEZIER_KNOTS.);
#2939 = CARTESIAN_POINT('',(2.95,-0.171583313465,3.3500001));
#2940 = CARTESIAN_POINT('',(3.45,-0.171583313465,3.3500001));
#2941 = CARTESIAN_POINT('',(2.95,0.20341662693,3.3500001));
#2942 = CARTESIAN_POINT('',(3.45,0.20341662693,3.3500001));
#2943 = ADVANCED_FACE('',(#2944,#3030),#3046,.T.);
#2944 = FACE_BOUND('',#2945,.T.);
#2945 = EDGE_LOOP('',(#2946,#2955,#2962,#2969,#2976,#2983,#2990,#2997,
    #3004,#3011,#3018,#3025));
#2946 = ORIENTED_EDGE('',*,*,#2947,.T.);
#2947 = EDGE_CURVE('',#2948,#2950,#2952,.T.);
#2948 = VERTEX_POINT('',#2949);
#2949 = CARTESIAN_POINT('',(3.386170220375,0.53675,3.3500001));
#2950 = VERTEX_POINT('',#2951);
#2951 = CARTESIAN_POINT('',(3.375531923771,0.57841662693,3.3500001));
#2952 = B_SPLINE_CURVE_WITH_KNOTS('',1,(#2953,#2954),.UNSPECIFIED.,.F.,
  .F.,(2,2),(0.,4.300326911272E-02),.PIECEWISE_BEZIER_KNOTS.);
#2953 = CARTESIAN_POINT('',(3.386170220375,0.53675,3.3500001));
#2954 = CARTESIAN_POINT('',(3.375531923771,0.57841662693,3.3500001));
#2955 = ORIENTED_EDGE('',*,*,#2956,.T.);
#2956 = EDGE_CURVE('',#2950,#2957,#2959,.T.);
#2957 = VERTEX_POINT('',#2958);
#2958 = CARTESIAN_POINT('',(3.354255330563,0.60966662693,3.3500001));
#2959 = B_SPLINE_CURVE_WITH_KNOTS('',1,(#2960,#2961),.UNSPECIFIED.,.F.,
  .F.,(2,2),(0.,3.780550116785E-02),.PIECEWISE_BEZIER_KNOTS.);
#2960 = CARTESIAN_POINT('',(3.375531923771,0.57841662693,3.3500001));
#2961 = CARTESIAN_POINT('',(3.354255330563,0.60966662693,3.3500001));
#2962 = ORIENTED_EDGE('',*,*,#2963,.T.);
#2963 = EDGE_CURVE('',#2957,#2964,#2966,.T.);
#2964 = VERTEX_POINT('',#2965);
#2965 = CARTESIAN_POINT('',(3.322340410948,0.6305,3.3500001));
#2966 = B_SPLINE_CURVE_WITH_KNOTS('',1,(#2967,#2968),.UNSPECIFIED.,.F.,
  .F.,(2,2),(0.,3.811287876142E-02),.PIECEWISE_BEZIER_KNOTS.);
#2967 = CARTESIAN_POINT('',(3.354255330563,0.60966662693,3.3500001));
#2968 = CARTESIAN_POINT('',(3.322340410948,0.6305,3.3500001));
#2969 = ORIENTED_EDGE('',*,*,#2970,.T.);
#2970 = EDGE_CURVE('',#2964,#2971,#2973,.T.);
#2971 = VERTEX_POINT('',#2972);
#2972 = CARTESIAN_POINT('',(3.279787224531,0.64091662693,3.3500001));
#2973 = B_SPLINE_CURVE_WITH_KNOTS('',1,(#2974,#2975),.UNSPECIFIED.,.F.,
  .F.,(2,2),(0.,4.38095856042E-02),.PIECEWISE_BEZIER_KNOTS.);
#2974 = CARTESIAN_POINT('',(3.322340410948,0.6305,3.3500001));
#2975 = CARTESIAN_POINT('',(3.279787224531,0.64091662693,3.3500001));
#2976 = ORIENTED_EDGE('',*,*,#2977,.T.);
#2977 = EDGE_CURVE('',#2971,#2978,#2980,.T.);
#2978 = VERTEX_POINT('',#2979);
#2979 = CARTESIAN_POINT('',(3.120212760568,0.64091662693,3.3500001));
#2980 = B_SPLINE_CURVE_WITH_KNOTS('',1,(#2981,#2982),.UNSPECIFIED.,.F.,
  .F.,(2,2),(0.,0.159574463964),.PIECEWISE_BEZIER_KNOTS.);
#2981 = CARTESIAN_POINT('',(3.279787224531,0.64091662693,3.3500001));
#2982 = CARTESIAN_POINT('',(3.120212760568,0.64091662693,3.3500001));
#2983 = ORIENTED_EDGE('',*,*,#2984,.T.);
#2984 = EDGE_CURVE('',#2978,#2985,#2987,.T.);
#2985 = VERTEX_POINT('',#2986);
#2986 = CARTESIAN_POINT('',(3.077659574151,0.6305,3.3500001));
#2987 = B_SPLINE_CURVE_WITH_KNOTS('',1,(#2988,#2989),.UNSPECIFIED.,.F.,
  .F.,(2,2),(0.,4.380958560421E-02),.PIECEWISE_BEZIER_KNOTS.);
#2988 = CARTESIAN_POINT('',(3.120212760568,0.64091662693,3.3500001));
#2989 = CARTESIAN_POINT('',(3.077659574151,0.6305,3.3500001));
#2990 = ORIENTED_EDGE('',*,*,#2991,.T.);
#2991 = EDGE_CURVE('',#2985,#2992,#2994,.T.);
#2992 = VERTEX_POINT('',#2993);
#2993 = CARTESIAN_POINT('',(3.045744684339,0.60966662693,3.3500001));
#2994 = B_SPLINE_CURVE_WITH_KNOTS('',1,(#2995,#2996),.UNSPECIFIED.,.F.,
  .F.,(2,2),(0.,3.811285380559E-02),.PIECEWISE_BEZIER_KNOTS.);
#2995 = CARTESIAN_POINT('',(3.077659574151,0.6305,3.3500001));
#2996 = CARTESIAN_POINT('',(3.045744684339,0.60966662693,3.3500001));
#2997 = ORIENTED_EDGE('',*,*,#2998,.T.);
#2998 = EDGE_CURVE('',#2992,#2999,#3001,.T.);
#2999 = VERTEX_POINT('',#3000);
#3000 = CARTESIAN_POINT('',(3.02446808368,0.57841662693,3.3500001));
#3001 = B_SPLINE_CURVE_WITH_KNOTS('',1,(#3002,#3003),.UNSPECIFIED.,.F.,
  .F.,(2,2),(0.,3.780550536096E-02),.PIECEWISE_BEZIER_KNOTS.);
#3002 = CARTESIAN_POINT('',(3.045744684339,0.60966662693,3.3500001));
#3003 = CARTESIAN_POINT('',(3.02446808368,0.57841662693,3.3500001));
#3004 = ORIENTED_EDGE('',*,*,#3005,.T.);
#3005 = EDGE_CURVE('',#2999,#3006,#3008,.T.);
#3006 = VERTEX_POINT('',#3007);
#3007 = CARTESIAN_POINT('',(3.013829787076,0.53675,3.3500001));
#3008 = B_SPLINE_CURVE_WITH_KNOTS('',1,(#3009,#3010),.UNSPECIFIED.,.F.,
  .F.,(2,2),(0.,4.300326911273E-02),.PIECEWISE_BEZIER_KNOTS.);
#3009 = CARTESIAN_POINT('',(3.02446808368,0.57841662693,3.3500001));
#3010 = CARTESIAN_POINT('',(3.013829787076,0.53675,3.3500001));
#3011 = ORIENTED_EDGE('',*,*,#3012,.T.);
#3012 = EDGE_CURVE('',#3006,#3013,#3015,.T.);
#3013 = VERTEX_POINT('',#3014);
#3014 = CARTESIAN_POINT('',(3.013829787076,0.34925,3.3500001));
#3015 = B_SPLINE_CURVE_WITH_KNOTS('',1,(#3016,#3017),.UNSPECIFIED.,.F.,
  .F.,(2,2),(0.,0.1875),.PIECEWISE_BEZIER_KNOTS.);
#3016 = CARTESIAN_POINT('',(3.013829787076,0.53675,3.3500001));
#3017 = CARTESIAN_POINT('',(3.013829787076,0.34925,3.3500001));
#3018 = ORIENTED_EDGE('',*,*,#3019,.T.);
#3019 = EDGE_CURVE('',#3013,#3020,#3022,.T.);
#3020 = VERTEX_POINT('',#3021);
#3021 = CARTESIAN_POINT('',(3.386170220375,0.34925,3.3500001));
#3022 = B_SPLINE_CURVE_WITH_KNOTS('',1,(#3023,#3024),.UNSPECIFIED.,.F.,
  .F.,(2,2),(0.,0.3723404333),.PIECEWISE_BEZIER_KNOTS.);
#3023 = CARTESIAN_POINT('',(3.013829787076,0.34925,3.3500001));
#3024 = CARTESIAN_POINT('',(3.386170220375,0.34925,3.3500001));
#3025 = ORIENTED_EDGE('',*,*,#3026,.T.);
#3026 = EDGE_CURVE('',#3020,#2948,#3027,.T.);
#3027 = B_SPLINE_CURVE_WITH_KNOTS('',1,(#3028,#3029),.UNSPECIFIED.,.F.,
  .F.,(2,2),(0.,0.1875),.PIECEWISE_BEZIER_KNOTS.);
#3028 = CARTESIAN_POINT('',(3.386170220375,0.34925,3.3500001));
#3029 = CARTESIAN_POINT('',(3.386170220375,0.53675,3.3500001));
#3030 = FACE_BOUND('',#3031,.T.);
#3031 = EDGE_LOOP('',(#3032,#3033,#3034,#3035,#3036,#3037,#3038,#3039,
    #3040,#3041,#3042,#3043,#3044,#3045));
#3032 = ORIENTED_EDGE('',*,*,#2466,.T.);
#3033 = ORIENTED_EDGE('',*,*,#2444,.T.);
#3034 = ORIENTED_EDGE('',*,*,#2422,.T.);
#3035 = ORIENTED_EDGE('',*,*,#2400,.T.);
#3036 = ORIENTED_EDGE('',*,*,#2378,.T.);
#3037 = ORIENTED_EDGE('',*,*,#2356,.T.);
#3038 = ORIENTED_EDGE('',*,*,#2334,.T.);
#3039 = ORIENTED_EDGE('',*,*,#2312,.T.);
#3040 = ORIENTED_EDGE('',*,*,#2290,.T.);
#3041 = ORIENTED_EDGE('',*,*,#2268,.T.);
#3042 = ORIENTED_EDGE('',*,*,#2246,.T.);
#3043 = ORIENTED_EDGE('',*,*,#2224,.T.);
#3044 = ORIENTED_EDGE('',*,*,#2202,.T.);
#3045 = ORIENTED_EDGE('',*,*,#2488,.T.);
#3046 = B_SPLINE_SURFACE_WITH_KNOTS('',1,1,(
    (#3047,#3048)
    ,(#3049,#3050
    )),.UNSPECIFIED.,.F.,.F.,.F.,(2,2),(2,2),(0.28675,0.70341662693),(
    2.95,3.45),.PIECEWISE_BEZIER_KNOTS.);
#3047 = CARTESIAN_POINT('',(2.95,0.28675,3.3500001));
#3048 = CARTESIAN_POINT('',(3.45,0.28675,3.3500001));
#3049 = CARTESIAN_POINT('',(2.95,0.70341662693,3.3500001));
#3050 = CARTESIAN_POINT('',(3.45,0.70341662693,3.3500001));
#3051 = ADVANCED_FACE('',(#3052),#3080,.F.);
#3052 = FACE_BOUND('',#3053,.T.);
#3053 = EDGE_LOOP('',(#3054,#3061,#3062,#3067,#3068,#3075));
#3054 = ORIENTED_EDGE('',*,*,#3055,.T.);
#3055 = EDGE_CURVE('',#3056,#2816,#3058,.T.);
#3056 = VERTEX_POINT('',#3057);
#3057 = CARTESIAN_POINT('',(-2.1,-1.5,3.6000001));
#3058 = B_SPLINE_CURVE_WITH_KNOTS('',1,(#3059,#3060),.UNSPECIFIED.,.F.,
  .F.,(2,2),(0.,1.486606874732),.PIECEWISE_BEZIER_KNOTS.);
#3059 = CARTESIAN_POINT('',(-2.1,-1.5,3.6000001));
#3060 = CARTESIAN_POINT('',(-2.1,-2.9,4.1000001));
#3061 = ORIENTED_EDGE('',*,*,#2815,.F.);
#3062 = ORIENTED_EDGE('',*,*,#3063,.T.);
#3063 = EDGE_CURVE('',#2809,#2506,#3064,.T.);
#3064 = B_SPLINE_CURVE_WITH_KNOTS('',1,(#3065,#3066),.UNSPECIFIED.,.F.,
  .F.,(2,2),(0.,5.8),.PIECEWISE_BEZIER_KNOTS.);
#3065 = CARTESIAN_POINT('',(-2.1,-2.9,3.4000001));
#3066 = CARTESIAN_POINT('',(-2.1,2.9,3.4000001));
#3067 = ORIENTED_EDGE('',*,*,#2503,.F.);
#3068 = ORIENTED_EDGE('',*,*,#3069,.T.);
#3069 = EDGE_CURVE('',#2504,#3070,#3072,.T.);
#3070 = VERTEX_POINT('',#3071);
#3071 = CARTESIAN_POINT('',(-2.1,0.3,3.6000001));
#3072 = B_SPLINE_CURVE_WITH_KNOTS('',1,(#3073,#3074),.UNSPECIFIED.,.F.,
  .F.,(2,2),(0.,2.647640458975),.PIECEWISE_BEZIER_KNOTS.);
#3073 = CARTESIAN_POINT('',(-2.1,2.9,4.1000001));
#3074 = CARTESIAN_POINT('',(-2.1,0.3,3.6000001));
#3075 = ORIENTED_EDGE('',*,*,#3076,.F.);
#3076 = EDGE_CURVE('',#3056,#3070,#3077,.T.);
#3077 = B_SPLINE_CURVE_WITH_KNOTS('',1,(#3078,#3079),.UNSPECIFIED.,.F.,
  .F.,(2,2),(0.,1.8),.PIECEWISE_BEZIER_KNOTS.);
#3078 = CARTESIAN_POINT('',(-2.1,-1.5,3.6000001));
#3079 = CARTESIAN_POINT('',(-2.1,0.3,3.6000001));
#3080 = B_SPLINE_SURFACE_WITH_KNOTS('',1,1,(
    (#3081,#3082)
    ,(#3083,#3084
    )),.UNSPECIFIED.,.F.,.F.,.F.,(2,2),(2,2),(-4.519257035452E-16,5.8),(
    -0.7,0.),.PIECEWISE_BEZIER_KNOTS.);
#3081 = CARTESIAN_POINT('',(-2.1,-2.9,4.1000001));
#3082 = CARTESIAN_POINT('',(-2.1,-2.9,3.4000001));
#3083 = CARTESIAN_POINT('',(-2.1,2.9,4.1000001));
#3084 = CARTESIAN_POINT('',(-2.1,2.9,3.4000001));
#3085 = ADVANCED_FACE('',(#3086),#3096,.F.);
#3086 = FACE_BOUND('',#3087,.T.);
#3087 = EDGE_LOOP('',(#3088,#3089,#3094,#3095));
#3088 = ORIENTED_EDGE('',*,*,#2808,.F.);
#3089 = ORIENTED_EDGE('',*,*,#3090,.F.);
#3090 = EDGE_CURVE('',#2513,#2802,#3091,.T.);
#3091 = B_SPLINE_CURVE_WITH_KNOTS('',1,(#3092,#3093),.UNSPECIFIED.,.F.,
  .F.,(2,2),(0.,5.8),.PIECEWISE_BEZIER_KNOTS.);
#3092 = CARTESIAN_POINT('',(-3.75,2.9,3.4000001));
#3093 = CARTESIAN_POINT('',(-3.75,-2.9,3.4000001));
#3094 = ORIENTED_EDGE('',*,*,#2512,.F.);
#3095 = ORIENTED_EDGE('',*,*,#3063,.F.);
#3096 = B_SPLINE_SURFACE_WITH_KNOTS('',1,1,(
    (#3097,#3098)
    ,(#3099,#3100
    )),.UNSPECIFIED.,.F.,.F.,.F.,(2,2),(2,2),(-3.75,-2.1),(-2.9,2.9),
  .PIECEWISE_BEZIER_KNOTS.);
#3097 = CARTESIAN_POINT('',(-3.75,-2.9,3.4000001));
#3098 = CARTESIAN_POINT('',(-3.75,2.9,3.4000001));
#3099 = CARTESIAN_POINT('',(-2.1,-2.9,3.4000001));
#3100 = CARTESIAN_POINT('',(-2.1,2.9,3.4000001));
#3101 = ADVANCED_FACE('',(#3102),#3140,.T.);
#3102 = FACE_BOUND('',#3103,.T.);
#3103 = EDGE_LOOP('',(#3104,#3111,#3112,#3113,#3114,#3121,#3128,#3135));
#3104 = ORIENTED_EDGE('',*,*,#3105,.F.);
#3105 = EDGE_CURVE('',#2520,#3106,#3108,.T.);
#3106 = VERTEX_POINT('',#3107);
#3107 = CARTESIAN_POINT('',(-3.75,-1.25,10.4000001));
#3108 = B_SPLINE_CURVE_WITH_KNOTS('',1,(#3109,#3110),.UNSPECIFIED.,.F.,
  .F.,(2,2),(0.,4.15),.PIECEWISE_BEZIER_KNOTS.);
#3109 = CARTESIAN_POINT('',(-3.75,2.9,10.4000001));
#3110 = CARTESIAN_POINT('',(-3.75,-1.25,10.4000001));
#3111 = ORIENTED_EDGE('',*,*,#2519,.F.);
#3112 = ORIENTED_EDGE('',*,*,#3090,.T.);
#3113 = ORIENTED_EDGE('',*,*,#2801,.T.);
#3114 = ORIENTED_EDGE('',*,*,#3115,.F.);
#3115 = EDGE_CURVE('',#3116,#2795,#3118,.T.);
#3116 = VERTEX_POINT('',#3117);
#3117 = CARTESIAN_POINT('',(-3.75,-2.25,10.4000001));
#3118 = B_SPLINE_CURVE_WITH_KNOTS('',1,(#3119,#3120),.UNSPECIFIED.,.F.,
  .F.,(2,2),(0.,0.65),.PIECEWISE_BEZIER_KNOTS.);
#3119 = CARTESIAN_POINT('',(-3.75,-2.25,10.4000001));
#3120 = CARTESIAN_POINT('',(-3.75,-2.9,10.4000001));
#3121 = ORIENTED_EDGE('',*,*,#3122,.T.);
#3122 = EDGE_CURVE('',#3116,#3123,#3125,.T.);
#3123 = VERTEX_POINT('',#3124);
#3124 = CARTESIAN_POINT('',(-3.75,-2.25,7.4000001));
#3125 = B_SPLINE_CURVE_WITH_KNOTS('',1,(#3126,#3127),.UNSPECIFIED.,.F.,
  .F.,(2,2),(0.,3.),.PIECEWISE_BEZIER_KNOTS.);
#3126 = CARTESIAN_POINT('',(-3.75,-2.25,10.4000001));
#3127 = CARTESIAN_POINT('',(-3.75,-2.25,7.4000001));
#3128 = ORIENTED_EDGE('',*,*,#3129,.F.);
#3129 = EDGE_CURVE('',#3130,#3123,#3132,.T.);
#3130 = VERTEX_POINT('',#3131);
#3131 = CARTESIAN_POINT('',(-3.75,-1.25,7.4000001));
#3132 = B_SPLINE_CURVE_WITH_KNOTS('',1,(#3133,#3134),.UNSPECIFIED.,.F.,
  .F.,(2,2),(0.,1.),.PIECEWISE_BEZIER_KNOTS.);
#3133 = CARTESIAN_POINT('',(-3.75,-1.25,7.4000001));
#3134 = CARTESIAN_POINT('',(-3.75,-2.25,7.4000001));
#3135 = ORIENTED_EDGE('',*,*,#3136,.F.);
#3136 = EDGE_CURVE('',#3106,#3130,#3137,.T.);
#3137 = B_SPLINE_CURVE_WITH_KNOTS('',1,(#3138,#3139),.UNSPECIFIED.,.F.,
  .F.,(2,2),(0.,3.),.PIECEWISE_BEZIER_KNOTS.);
#3138 = CARTESIAN_POINT('',(-3.75,-1.25,10.4000001));
#3139 = CARTESIAN_POINT('',(-3.75,-1.25,7.4000001));
#3140 = B_SPLINE_SURFACE_WITH_KNOTS('',1,1,(
    (#3141,#3142)
    ,(#3143,#3144
    )),.UNSPECIFIED.,.F.,.F.,.F.,(2,2),(2,2),(0.,5.8),(0.,7.),
  .PIECEWISE_BEZIER_KNOTS.);
#3141 = CARTESIAN_POINT('',(-3.75,2.9,3.4000001));
#3142 = CARTESIAN_POINT('',(-3.75,2.9,10.4000001));
#3143 = CARTESIAN_POINT('',(-3.75,-2.9,3.4000001));
#3144 = CARTESIAN_POINT('',(-3.75,-2.9,10.4000001));
#3145 = ADVANCED_FACE('',(#3146),#3184,.T.);
#3146 = FACE_BOUND('',#3147,.T.);
#3147 = EDGE_LOOP('',(#3148,#3157,#3164,#3169,#3170,#3171,#3172,#3179));
#3148 = ORIENTED_EDGE('',*,*,#3149,.T.);
#3149 = EDGE_CURVE('',#3150,#3152,#3154,.T.);
#3150 = VERTEX_POINT('',#3151);
#3151 = CARTESIAN_POINT('',(-3.3,2.45,10.4000001));
#3152 = VERTEX_POINT('',#3153);
#3153 = CARTESIAN_POINT('',(3.3,2.45,10.4000001));
#3154 = B_SPLINE_CURVE_WITH_KNOTS('',1,(#3155,#3156),.UNSPECIFIED.,.F.,
  .F.,(2,2),(0.,6.6),.PIECEWISE_BEZIER_KNOTS.);
#3155 = CARTESIAN_POINT('',(-3.3,2.45,10.4000001));
#3156 = CARTESIAN_POINT('',(3.3,2.45,10.4000001));
#3157 = ORIENTED_EDGE('',*,*,#3158,.T.);
#3158 = EDGE_CURVE('',#3152,#3159,#3161,.T.);
#3159 = VERTEX_POINT('',#3160);
#3160 = CARTESIAN_POINT('',(3.3,-1.25,10.4000001));
#3161 = B_SPLINE_CURVE_WITH_KNOTS('',1,(#3162,#3163),.UNSPECIFIED.,.F.,
  .F.,(2,2),(0.,3.7),.PIECEWISE_BEZIER_KNOTS.);
#3162 = CARTESIAN_POINT('',(3.3,2.45,10.4000001));
#3163 = CARTESIAN_POINT('',(3.3,-1.25,10.4000001));
#3164 = ORIENTED_EDGE('',*,*,#3165,.F.);
#3165 = EDGE_CURVE('',#2618,#3159,#3166,.T.);
#3166 = B_SPLINE_CURVE_WITH_KNOTS('',1,(#3167,#3168),.UNSPECIFIED.,.F.,
  .F.,(2,2),(0.,0.45),.PIECEWISE_BEZIER_KNOTS.);
#3167 = CARTESIAN_POINT('',(3.75,-1.25,10.4000001));
#3168 = CARTESIAN_POINT('',(3.3,-1.25,10.4000001));
#3169 = ORIENTED_EDGE('',*,*,#2617,.T.);
#3170 = ORIENTED_EDGE('',*,*,#2526,.T.);
#3171 = ORIENTED_EDGE('',*,*,#3105,.T.);
#3172 = ORIENTED_EDGE('',*,*,#3173,.T.);
#3173 = EDGE_CURVE('',#3106,#3174,#3176,.T.);
#3174 = VERTEX_POINT('',#3175);
#3175 = CARTESIAN_POINT('',(-3.3,-1.25,10.4000001));
#3176 = B_SPLINE_CURVE_WITH_KNOTS('',1,(#3177,#3178),.UNSPECIFIED.,.F.,
  .F.,(2,2),(0.,0.45),.PIECEWISE_BEZIER_KNOTS.);
#3177 = CARTESIAN_POINT('',(-3.75,-1.25,10.4000001));
#3178 = CARTESIAN_POINT('',(-3.3,-1.25,10.4000001));
#3179 = ORIENTED_EDGE('',*,*,#3180,.T.);
#3180 = EDGE_CURVE('',#3174,#3150,#3181,.T.);
#3181 = B_SPLINE_CURVE_WITH_KNOTS('',1,(#3182,#3183),.UNSPECIFIED.,.F.,
  .F.,(2,2),(0.,3.7),.PIECEWISE_BEZIER_KNOTS.);
#3182 = CARTESIAN_POINT('',(-3.3,-1.25,10.4000001));
#3183 = CARTESIAN_POINT('',(-3.3,2.45,10.4000001));
#3184 = B_SPLINE_SURFACE_WITH_KNOTS('',1,1,(
    (#3185,#3186)
    ,(#3187,#3188
    )),.UNSPECIFIED.,.F.,.F.,.F.,(2,2),(2,2),(-3.75,3.75),(-1.25,2.9),
  .PIECEWISE_BEZIER_KNOTS.);
#3185 = CARTESIAN_POINT('',(-3.75,-1.25,10.4000001));
#3186 = CARTESIAN_POINT('',(-3.75,2.9,10.4000001));
#3187 = CARTESIAN_POINT('',(3.75,-1.25,10.4000001));
#3188 = CARTESIAN_POINT('',(3.75,2.9,10.4000001));
#3189 = ADVANCED_FACE('',(#3190),#3206,.T.);
#3190 = FACE_BOUND('',#3191,.T.);
#3191 = EDGE_LOOP('',(#3192,#3199,#3200,#3201));
#3192 = ORIENTED_EDGE('',*,*,#3193,.F.);
#3193 = EDGE_CURVE('',#2547,#3194,#3196,.T.);
#3194 = VERTEX_POINT('',#3195);
#3195 = CARTESIAN_POINT('',(0.4,0.3,3.6000001));
#3196 = B_SPLINE_CURVE_WITH_KNOTS('',1,(#3197,#3198),.UNSPECIFIED.,.F.,
  .F.,(2,2),(-0.,2.647640458975),.PIECEWISE_BEZIER_KNOTS.);
#3197 = CARTESIAN_POINT('',(0.4,2.9,4.1000001));
#3198 = CARTESIAN_POINT('',(0.4,0.3,3.6000001));
#3199 = ORIENTED_EDGE('',*,*,#2546,.F.);
#3200 = ORIENTED_EDGE('',*,*,#2851,.F.);
#3201 = ORIENTED_EDGE('',*,*,#3202,.T.);
#3202 = EDGE_CURVE('',#2845,#3194,#3203,.T.);
#3203 = B_SPLINE_CURVE_WITH_KNOTS('',1,(#3204,#3205),.UNSPECIFIED.,.F.,
  .F.,(2,2),(0.,1.7),.PIECEWISE_BEZIER_KNOTS.);
#3204 = CARTESIAN_POINT('',(2.1,0.3,3.6000001));
#3205 = CARTESIAN_POINT('',(0.4,0.3,3.6000001));
#3206 = B_SPLINE_SURFACE_WITH_KNOTS('',1,1,(
    (#3207,#3208)
    ,(#3209,#3210
    )),.UNSPECIFIED.,.F.,.F.,.F.,(2,2),(2,2),(-1.323820229487,
    1.323820229487),(-0.85,0.85),.PIECEWISE_BEZIER_KNOTS.);
#3207 = CARTESIAN_POINT('',(2.1,2.9,4.1000001));
#3208 = CARTESIAN_POINT('',(0.4,2.9,4.1000001));
#3209 = CARTESIAN_POINT('',(2.1,0.3,3.6000001));
#3210 = CARTESIAN_POINT('',(0.4,0.3,3.6000001));
#3211 = ADVANCED_FACE('',(#3212),#3234,.F.);
#3212 = FACE_BOUND('',#3213,.T.);
#3213 = EDGE_LOOP('',(#3214,#3221,#3222,#3227,#3228,#3229));
#3214 = ORIENTED_EDGE('',*,*,#3215,.T.);
#3215 = EDGE_CURVE('',#3216,#2654,#3218,.T.);
#3216 = VERTEX_POINT('',#3217);
#3217 = CARTESIAN_POINT('',(0.4,-1.5,3.6000001));
#3218 = B_SPLINE_CURVE_WITH_KNOTS('',1,(#3219,#3220),.UNSPECIFIED.,.F.,
  .F.,(2,2),(0.,1.486606874732),.PIECEWISE_BEZIER_KNOTS.);
#3219 = CARTESIAN_POINT('',(0.4,-1.5,3.6000001));
#3220 = CARTESIAN_POINT('',(0.4,-2.9,4.1000001));
#3221 = ORIENTED_EDGE('',*,*,#2653,.F.);
#3222 = ORIENTED_EDGE('',*,*,#3223,.T.);
#3223 = EDGE_CURVE('',#2647,#2554,#3224,.T.);
#3224 = B_SPLINE_CURVE_WITH_KNOTS('',1,(#3225,#3226),.UNSPECIFIED.,.F.,
  .F.,(2,2),(0.,5.8),.PIECEWISE_BEZIER_KNOTS.);
#3225 = CARTESIAN_POINT('',(0.4,-2.9,3.4000001));
#3226 = CARTESIAN_POINT('',(0.4,2.9,3.4000001));
#3227 = ORIENTED_EDGE('',*,*,#2553,.F.);
#3228 = ORIENTED_EDGE('',*,*,#3193,.T.);
#3229 = ORIENTED_EDGE('',*,*,#3230,.F.);
#3230 = EDGE_CURVE('',#3216,#3194,#3231,.T.);
#3231 = B_SPLINE_CURVE_WITH_KNOTS('',1,(#3232,#3233),.UNSPECIFIED.,.F.,
  .F.,(2,2),(0.,1.8),.PIECEWISE_BEZIER_KNOTS.);
#3232 = CARTESIAN_POINT('',(0.4,-1.5,3.6000001));
#3233 = CARTESIAN_POINT('',(0.4,0.3,3.6000001));
#3234 = B_SPLINE_SURFACE_WITH_KNOTS('',1,1,(
    (#3235,#3236)
    ,(#3237,#3238
    )),.UNSPECIFIED.,.F.,.F.,.F.,(2,2),(2,2),(-4.519257035452E-16,5.8),(
    -0.7,0.),.PIECEWISE_BEZIER_KNOTS.);
#3235 = CARTESIAN_POINT('',(0.4,-2.9,4.1000001));
#3236 = CARTESIAN_POINT('',(0.4,-2.9,3.4000001));
#3237 = CARTESIAN_POINT('',(0.4,2.9,4.1000001));
#3238 = CARTESIAN_POINT('',(0.4,2.9,3.4000001));
#3239 = ADVANCED_FACE('',(#3240),#3250,.F.);
#3240 = FACE_BOUND('',#3241,.T.);
#3241 = EDGE_LOOP('',(#3242,#3243,#3244,#3245));
#3242 = ORIENTED_EDGE('',*,*,#2560,.F.);
#3243 = ORIENTED_EDGE('',*,*,#3223,.F.);
#3244 = ORIENTED_EDGE('',*,*,#2646,.F.);
#3245 = ORIENTED_EDGE('',*,*,#3246,.T.);
#3246 = EDGE_CURVE('',#2640,#2561,#3247,.T.);
#3247 = B_SPLINE_CURVE_WITH_KNOTS('',1,(#3248,#3249),.UNSPECIFIED.,.F.,
  .F.,(2,2),(0.,5.8),.PIECEWISE_BEZIER_KNOTS.);
#3248 = CARTESIAN_POINT('',(-0.4,-2.9,3.4000001));
#3249 = CARTESIAN_POINT('',(-0.4,2.9,3.4000001));
#3250 = B_SPLINE_SURFACE_WITH_KNOTS('',1,1,(
    (#3251,#3252)
    ,(#3253,#3254
    )),.UNSPECIFIED.,.F.,.F.,.F.,(2,2),(2,2),(-0.4,0.4),(-2.9,2.9),
  .PIECEWISE_BEZIER_KNOTS.);
#3251 = CARTESIAN_POINT('',(-0.4,-2.9,3.4000001));
#3252 = CARTESIAN_POINT('',(-0.4,2.9,3.4000001));
#3253 = CARTESIAN_POINT('',(0.4,-2.9,3.4000001));
#3254 = CARTESIAN_POINT('',(0.4,2.9,3.4000001));
#3255 = ADVANCED_FACE('',(#3256),#3280,.F.);
#3256 = FACE_BOUND('',#3257,.T.);
#3257 = EDGE_LOOP('',(#3258,#3259,#3260,#3267,#3274,#3279));
#3258 = ORIENTED_EDGE('',*,*,#3246,.F.);
#3259 = ORIENTED_EDGE('',*,*,#2637,.F.);
#3260 = ORIENTED_EDGE('',*,*,#3261,.T.);
#3261 = EDGE_CURVE('',#2638,#3262,#3264,.T.);
#3262 = VERTEX_POINT('',#3263);
#3263 = CARTESIAN_POINT('',(-0.4,-1.5,3.6000001));
#3264 = B_SPLINE_CURVE_WITH_KNOTS('',1,(#3265,#3266),.UNSPECIFIED.,.F.,
  .F.,(2,2),(0.,1.486606874732),.PIECEWISE_BEZIER_KNOTS.);
#3265 = CARTESIAN_POINT('',(-0.4,-2.9,4.1000001));
#3266 = CARTESIAN_POINT('',(-0.4,-1.5,3.6000001));
#3267 = ORIENTED_EDGE('',*,*,#3268,.F.);
#3268 = EDGE_CURVE('',#3269,#3262,#3271,.T.);
#3269 = VERTEX_POINT('',#3270);
#3270 = CARTESIAN_POINT('',(-0.4,0.3,3.6000001));
#3271 = B_SPLINE_CURVE_WITH_KNOTS('',1,(#3272,#3273),.UNSPECIFIED.,.F.,
  .F.,(2,2),(9.992007221626E-16,1.8),.PIECEWISE_BEZIER_KNOTS.);
#3272 = CARTESIAN_POINT('',(-0.4,0.3,3.6000001));
#3273 = CARTESIAN_POINT('',(-0.4,-1.5,3.6000001));
#3274 = ORIENTED_EDGE('',*,*,#3275,.T.);
#3275 = EDGE_CURVE('',#3269,#2568,#3276,.T.);
#3276 = B_SPLINE_CURVE_WITH_KNOTS('',1,(#3277,#3278),.UNSPECIFIED.,.F.,
  .F.,(2,2),(9.812215509914E-16,2.647640458975),
  .PIECEWISE_BEZIER_KNOTS.);
#3277 = CARTESIAN_POINT('',(-0.4,0.3,3.6000001));
#3278 = CARTESIAN_POINT('',(-0.4,2.9,4.1000001));
#3279 = ORIENTED_EDGE('',*,*,#2567,.F.);
#3280 = B_SPLINE_SURFACE_WITH_KNOTS('',1,1,(
    (#3281,#3282)
    ,(#3283,#3284
    )),.UNSPECIFIED.,.F.,.F.,.F.,(2,2),(2,2),(-9.941288935594E-15,5.8),(
    -0.7,0.),.PIECEWISE_BEZIER_KNOTS.);
#3281 = CARTESIAN_POINT('',(-0.4,2.9,4.1000001));
#3282 = CARTESIAN_POINT('',(-0.4,2.9,3.4000001));
#3283 = CARTESIAN_POINT('',(-0.4,-2.9,4.1000001));
#3284 = CARTESIAN_POINT('',(-0.4,-2.9,3.4000001));
#3285 = ADVANCED_FACE('',(#3286),#3296,.T.);
#3286 = FACE_BOUND('',#3287,.T.);
#3287 = EDGE_LOOP('',(#3288,#3289,#3290,#3291));
#3288 = ORIENTED_EDGE('',*,*,#3069,.F.);
#3289 = ORIENTED_EDGE('',*,*,#2574,.F.);
#3290 = ORIENTED_EDGE('',*,*,#3275,.F.);
#3291 = ORIENTED_EDGE('',*,*,#3292,.T.);
#3292 = EDGE_CURVE('',#3269,#3070,#3293,.T.);
#3293 = B_SPLINE_CURVE_WITH_KNOTS('',1,(#3294,#3295),.UNSPECIFIED.,.F.,
  .F.,(2,2),(0.,1.7),.PIECEWISE_BEZIER_KNOTS.);
#3294 = CARTESIAN_POINT('',(-0.4,0.3,3.6000001));
#3295 = CARTESIAN_POINT('',(-2.1,0.3,3.6000001));
#3296 = B_SPLINE_SURFACE_WITH_KNOTS('',1,1,(
    (#3297,#3298)
    ,(#3299,#3300
    )),.UNSPECIFIED.,.F.,.F.,.F.,(2,2),(2,2),(-1.323820229487,
    1.323820229487),(-0.85,0.85),.PIECEWISE_BEZIER_KNOTS.);
#3297 = CARTESIAN_POINT('',(-0.4,2.9,4.1000001));
#3298 = CARTESIAN_POINT('',(-2.1,2.9,4.1000001));
#3299 = CARTESIAN_POINT('',(-0.4,0.3,3.6000001));
#3300 = CARTESIAN_POINT('',(-2.1,0.3,3.6000001));
#3301 = ADVANCED_FACE('',(#3302),#3324,.T.);
#3302 = FACE_BOUND('',#3303,.T.);
#3303 = EDGE_LOOP('',(#3304,#3313,#3318,#3319));
#3304 = ORIENTED_EDGE('',*,*,#3305,.F.);
#3305 = EDGE_CURVE('',#3306,#3308,#3310,.T.);
#3306 = VERTEX_POINT('',#3307);
#3307 = CARTESIAN_POINT('',(3.1,-2.25,7.4000001));
#3308 = VERTEX_POINT('',#3309);
#3309 = CARTESIAN_POINT('',(3.1,-1.25,7.4000001));
#3310 = B_SPLINE_CURVE_WITH_KNOTS('',1,(#3311,#3312),.UNSPECIFIED.,.F.,
  .F.,(2,2),(0.,1.),.PIECEWISE_BEZIER_KNOTS.);
#3311 = CARTESIAN_POINT('',(3.1,-2.25,7.4000001));
#3312 = CARTESIAN_POINT('',(3.1,-1.25,7.4000001));
#3313 = ORIENTED_EDGE('',*,*,#3314,.F.);
#3314 = EDGE_CURVE('',#2590,#3306,#3315,.T.);
#3315 = B_SPLINE_CURVE_WITH_KNOTS('',1,(#3316,#3317),.UNSPECIFIED.,.F.,
  .F.,(2,2),(0.,0.65),.PIECEWISE_BEZIER_KNOTS.);
#3316 = CARTESIAN_POINT('',(3.75,-2.25,7.4000001));
#3317 = CARTESIAN_POINT('',(3.1,-2.25,7.4000001));
#3318 = ORIENTED_EDGE('',*,*,#2587,.F.);
#3319 = ORIENTED_EDGE('',*,*,#3320,.T.);
#3320 = EDGE_CURVE('',#2588,#3308,#3321,.T.);
#3321 = B_SPLINE_CURVE_WITH_KNOTS('',1,(#3322,#3323),.UNSPECIFIED.,.F.,
  .F.,(2,2),(0.,0.65),.PIECEWISE_BEZIER_KNOTS.);
#3322 = CARTESIAN_POINT('',(3.75,-1.25,7.4000001));
#3323 = CARTESIAN_POINT('',(3.1,-1.25,7.4000001));
#3324 = B_SPLINE_SURFACE_WITH_KNOTS('',1,1,(
    (#3325,#3326)
    ,(#3327,#3328
    )),.UNSPECIFIED.,.F.,.F.,.F.,(2,2),(2,2),(0.,1.),(-0.65,0.),
  .PIECEWISE_BEZIER_KNOTS.);
#3325 = CARTESIAN_POINT('',(3.1,-1.25,7.4000001));
#3326 = CARTESIAN_POINT('',(3.75,-1.25,7.4000001));
#3327 = CARTESIAN_POINT('',(3.1,-2.25,7.4000001));
#3328 = CARTESIAN_POINT('',(3.75,-2.25,7.4000001));
#3329 = ADVANCED_FACE('',(#3330),#3486,.F.);
#3330 = FACE_BOUND('',#3331,.T.);
#3331 = EDGE_LOOP('',(#3332,#3342,#3349,#3357,#3364,#3372,#3377,#3378,
    #3379,#3386,#3393,#3400,#3405,#3406,#3413,#3421,#3428,#3436,#3443,
    #3451,#3458,#3466,#3473,#3481));
#3332 = ORIENTED_EDGE('',*,*,#3333,.T.);
#3333 = EDGE_CURVE('',#3334,#3336,#3338,.T.);
#3334 = VERTEX_POINT('',#3335);
#3335 = CARTESIAN_POINT('',(1.75,-2.25,9.538196701125));
#3336 = VERTEX_POINT('',#3337);
#3337 = CARTESIAN_POINT('',(1.69472135955,-2.25,9.627639420225));
#3338 = ( BOUNDED_CURVE() B_SPLINE_CURVE(2,(#3339,#3340,#3341),
.UNSPECIFIED.,.F.,.F.) B_SPLINE_CURVE_WITH_KNOTS((3,3),(0.,
1.107148717794),.PIECEWISE_BEZIER_KNOTS.) CURVE() 
GEOMETRIC_REPRESENTATION_ITEM() RATIONAL_B_SPLINE_CURVE((1.,
0.850650808352,1.)) REPRESENTATION_ITEM('') );
#3339 = CARTESIAN_POINT('',(1.75,-2.25,9.538196701125));
#3340 = CARTESIAN_POINT('',(1.75,-2.25,9.6000001));
#3341 = CARTESIAN_POINT('',(1.69472135955,-2.25,9.627639420225));
#3342 = ORIENTED_EDGE('',*,*,#3343,.T.);
#3343 = EDGE_CURVE('',#3336,#3344,#3346,.T.);
#3344 = VERTEX_POINT('',#3345);
#3345 = CARTESIAN_POINT('',(1.451319121774,-2.25,9.749340539113));
#3346 = B_SPLINE_CURVE_WITH_KNOTS('',1,(#3347,#3348),.UNSPECIFIED.,.F.,
  .F.,(2,2),(0.,0.272131974771),.PIECEWISE_BEZIER_KNOTS.);
#3347 = CARTESIAN_POINT('',(1.69472135955,-2.25,9.627639420225));
#3348 = CARTESIAN_POINT('',(1.451319121774,-2.25,9.749340539113));
#3349 = ORIENTED_EDGE('',*,*,#3350,.T.);
#3350 = EDGE_CURVE('',#3344,#3351,#3353,.T.);
#3351 = VERTEX_POINT('',#3352);
#3352 = CARTESIAN_POINT('',(1.41283545189,-2.25,9.894253277835));
#3353 = ( BOUNDED_CURVE() B_SPLINE_CURVE(2,(#3354,#3355,#3356),
.UNSPECIFIED.,.F.,.F.) B_SPLINE_CURVE_WITH_KNOTS((3,3),(0.,
1.695151321342),.PIECEWISE_BEZIER_KNOTS.) CURVE() 
GEOMETRIC_REPRESENTATION_ITEM() RATIONAL_B_SPLINE_CURVE((1.,
0.661802563236,1.)) REPRESENTATION_ITEM('') );
#3354 = CARTESIAN_POINT('',(1.451319121774,-2.25,9.749340539113));
#3355 = CARTESIAN_POINT('',(1.35,-2.25,9.8000001));
#3356 = CARTESIAN_POINT('',(1.41283545189,-2.25,9.894253277835));
#3357 = ORIENTED_EDGE('',*,*,#3358,.T.);
#3358 = EDGE_CURVE('',#3351,#3359,#3361,.T.);
#3359 = VERTEX_POINT('',#3360);
#3360 = CARTESIAN_POINT('',(1.720313346415,-2.25,10.355470119623));
#3361 = B_SPLINE_CURVE_WITH_KNOTS('',1,(#3362,#3363),.UNSPECIFIED.,.F.,
  .F.,(2,2),(0.,0.55431365739),.PIECEWISE_BEZIER_KNOTS.);
#3362 = CARTESIAN_POINT('',(1.41283545189,-2.25,9.894253277835));
#3363 = CARTESIAN_POINT('',(1.720313346415,-2.25,10.355470119623));
#3364 = ORIENTED_EDGE('',*,*,#3365,.T.);
#3365 = EDGE_CURVE('',#3359,#3366,#3368,.T.);
#3366 = VERTEX_POINT('',#3367);
#3367 = CARTESIAN_POINT('',(1.803518375849,-2.25,10.4000001));
#3368 = ( BOUNDED_CURVE() B_SPLINE_CURVE(2,(#3369,#3370,#3371),
.UNSPECIFIED.,.F.,.F.) B_SPLINE_CURVE_WITH_KNOTS((3,3),(0.,
0.982793723247),.PIECEWISE_BEZIER_KNOTS.) CURVE() 
GEOMETRIC_REPRESENTATION_ITEM() RATIONAL_B_SPLINE_CURVE((1.,
0.881674598768,1.)) REPRESENTATION_ITEM('') );
#3369 = CARTESIAN_POINT('',(1.720313346415,-2.25,10.355470119623));
#3370 = CARTESIAN_POINT('',(1.75,-2.25,10.4000001));
#3371 = CARTESIAN_POINT('',(1.803518375849,-2.25,10.4000001));
#3372 = ORIENTED_EDGE('',*,*,#3373,.F.);
#3373 = EDGE_CURVE('',#2597,#3366,#3374,.T.);
#3374 = B_SPLINE_CURVE_WITH_KNOTS('',1,(#3375,#3376),.UNSPECIFIED.,.F.,
  .F.,(2,2),(0.,1.946481624151),.PIECEWISE_BEZIER_KNOTS.);
#3375 = CARTESIAN_POINT('',(3.75,-2.25,10.4000001));
#3376 = CARTESIAN_POINT('',(1.803518375849,-2.25,10.4000001));
#3377 = ORIENTED_EDGE('',*,*,#2596,.T.);
#3378 = ORIENTED_EDGE('',*,*,#3314,.T.);
#3379 = ORIENTED_EDGE('',*,*,#3380,.T.);
#3380 = EDGE_CURVE('',#3306,#3381,#3383,.T.);
#3381 = VERTEX_POINT('',#3382);
#3382 = CARTESIAN_POINT('',(3.1,-2.25,5.3500001));
#3383 = B_SPLINE_CURVE_WITH_KNOTS('',1,(#3384,#3385),.UNSPECIFIED.,.F.,
  .F.,(2,2),(0.,2.05),.PIECEWISE_BEZIER_KNOTS.);
#3384 = CARTESIAN_POINT('',(3.1,-2.25,7.4000001));
#3385 = CARTESIAN_POINT('',(3.1,-2.25,5.3500001));
#3386 = ORIENTED_EDGE('',*,*,#3387,.F.);
#3387 = EDGE_CURVE('',#3388,#3381,#3390,.T.);
#3388 = VERTEX_POINT('',#3389);
#3389 = CARTESIAN_POINT('',(-3.1,-2.25,5.3500001));
#3390 = B_SPLINE_CURVE_WITH_KNOTS('',1,(#3391,#3392),.UNSPECIFIED.,.F.,
  .F.,(2,2),(0.,6.2),.PIECEWISE_BEZIER_KNOTS.);
#3391 = CARTESIAN_POINT('',(-3.1,-2.25,5.3500001));
#3392 = CARTESIAN_POINT('',(3.1,-2.25,5.3500001));
#3393 = ORIENTED_EDGE('',*,*,#3394,.F.);
#3394 = EDGE_CURVE('',#3395,#3388,#3397,.T.);
#3395 = VERTEX_POINT('',#3396);
#3396 = CARTESIAN_POINT('',(-3.1,-2.25,7.4000001));
#3397 = B_SPLINE_CURVE_WITH_KNOTS('',1,(#3398,#3399),.UNSPECIFIED.,.F.,
  .F.,(2,2),(0.,2.05),.PIECEWISE_BEZIER_KNOTS.);
#3398 = CARTESIAN_POINT('',(-3.1,-2.25,7.4000001));
#3399 = CARTESIAN_POINT('',(-3.1,-2.25,5.3500001));
#3400 = ORIENTED_EDGE('',*,*,#3401,.F.);
#3401 = EDGE_CURVE('',#3123,#3395,#3402,.T.);
#3402 = B_SPLINE_CURVE_WITH_KNOTS('',1,(#3403,#3404),.UNSPECIFIED.,.F.,
  .F.,(2,2),(0.,0.65),.PIECEWISE_BEZIER_KNOTS.);
#3403 = CARTESIAN_POINT('',(-3.75,-2.25,7.4000001));
#3404 = CARTESIAN_POINT('',(-3.1,-2.25,7.4000001));
#3405 = ORIENTED_EDGE('',*,*,#3122,.F.);
#3406 = ORIENTED_EDGE('',*,*,#3407,.F.);
#3407 = EDGE_CURVE('',#3408,#3116,#3410,.T.);
#3408 = VERTEX_POINT('',#3409);
#3409 = CARTESIAN_POINT('',(-1.803518375849,-2.25,10.4000001));
#3410 = B_SPLINE_CURVE_WITH_KNOTS('',1,(#3411,#3412),.UNSPECIFIED.,.F.,
  .F.,(2,2),(0.,1.946481624151),.PIECEWISE_BEZIER_KNOTS.);
#3411 = CARTESIAN_POINT('',(-1.803518375849,-2.25,10.4000001));
#3412 = CARTESIAN_POINT('',(-3.75,-2.25,10.4000001));
#3413 = ORIENTED_EDGE('',*,*,#3414,.T.);
#3414 = EDGE_CURVE('',#3408,#3415,#3417,.T.);
#3415 = VERTEX_POINT('',#3416);
#3416 = CARTESIAN_POINT('',(-1.720313346415,-2.25,10.355470119623));
#3417 = ( BOUNDED_CURVE() B_SPLINE_CURVE(2,(#3418,#3419,#3420),
.UNSPECIFIED.,.F.,.F.) B_SPLINE_CURVE_WITH_KNOTS((3,3),(0.,
0.982793723247),.PIECEWISE_BEZIER_KNOTS.) CURVE() 
GEOMETRIC_REPRESENTATION_ITEM() RATIONAL_B_SPLINE_CURVE((1.,
0.881674598768,1.)) REPRESENTATION_ITEM('') );
#3418 = CARTESIAN_POINT('',(-1.803518375849,-2.25,10.4000001));
#3419 = CARTESIAN_POINT('',(-1.75,-2.25,10.4000001));
#3420 = CARTESIAN_POINT('',(-1.720313346415,-2.25,10.355470119623));
#3421 = ORIENTED_EDGE('',*,*,#3422,.F.);
#3422 = EDGE_CURVE('',#3423,#3415,#3425,.T.);
#3423 = VERTEX_POINT('',#3424);
#3424 = CARTESIAN_POINT('',(-1.41283545189,-2.25,9.894253277835));
#3425 = B_SPLINE_CURVE_WITH_KNOTS('',1,(#3426,#3427),.UNSPECIFIED.,.F.,
  .F.,(2,2),(0.,0.55431365739),.PIECEWISE_BEZIER_KNOTS.);
#3426 = CARTESIAN_POINT('',(-1.41283545189,-2.25,9.894253277835));
#3427 = CARTESIAN_POINT('',(-1.720313346415,-2.25,10.355470119623));
#3428 = ORIENTED_EDGE('',*,*,#3429,.T.);
#3429 = EDGE_CURVE('',#3423,#3430,#3432,.T.);
#3430 = VERTEX_POINT('',#3431);
#3431 = CARTESIAN_POINT('',(-1.451319121774,-2.25,9.749340539113));
#3432 = ( BOUNDED_CURVE() B_SPLINE_CURVE(2,(#3433,#3434,#3435),
.UNSPECIFIED.,.F.,.F.) B_SPLINE_CURVE_WITH_KNOTS((3,3),(0.,
1.695151321342),.PIECEWISE_BEZIER_KNOTS.) CURVE() 
GEOMETRIC_REPRESENTATION_ITEM() RATIONAL_B_SPLINE_CURVE((1.,
0.661802563236,1.)) REPRESENTATION_ITEM('') );
#3433 = CARTESIAN_POINT('',(-1.41283545189,-2.25,9.894253277835));
#3434 = CARTESIAN_POINT('',(-1.35,-2.25,9.8000001));
#3435 = CARTESIAN_POINT('',(-1.451319121774,-2.25,9.749340539113));
#3436 = ORIENTED_EDGE('',*,*,#3437,.F.);
#3437 = EDGE_CURVE('',#3438,#3430,#3440,.T.);
#3438 = VERTEX_POINT('',#3439);
#3439 = CARTESIAN_POINT('',(-1.69472135955,-2.25,9.627639420225));
#3440 = B_SPLINE_CURVE_WITH_KNOTS('',1,(#3441,#3442),.UNSPECIFIED.,.F.,
  .F.,(2,2),(0.,0.272131974771),.PIECEWISE_BEZIER_KNOTS.);
#3441 = CARTESIAN_POINT('',(-1.69472135955,-2.25,9.627639420225));
#3442 = CARTESIAN_POINT('',(-1.451319121774,-2.25,9.749340539113));
#3443 = ORIENTED_EDGE('',*,*,#3444,.T.);
#3444 = EDGE_CURVE('',#3438,#3445,#3447,.T.);
#3445 = VERTEX_POINT('',#3446);
#3446 = CARTESIAN_POINT('',(-1.75,-2.25,9.538196701125));
#3447 = ( BOUNDED_CURVE() B_SPLINE_CURVE(2,(#3448,#3449,#3450),
.UNSPECIFIED.,.F.,.F.) B_SPLINE_CURVE_WITH_KNOTS((3,3),(0.,
1.107148717794),.PIECEWISE_BEZIER_KNOTS.) CURVE() 
GEOMETRIC_REPRESENTATION_ITEM() RATIONAL_B_SPLINE_CURVE((1.,
0.850650808352,1.)) REPRESENTATION_ITEM('') );
#3448 = CARTESIAN_POINT('',(-1.69472135955,-2.25,9.627639420225));
#3449 = CARTESIAN_POINT('',(-1.75,-2.25,9.6000001));
#3450 = CARTESIAN_POINT('',(-1.75,-2.25,9.538196701125));
#3451 = ORIENTED_EDGE('',*,*,#3452,.T.);
#3452 = EDGE_CURVE('',#3445,#3453,#3455,.T.);
#3453 = VERTEX_POINT('',#3454);
#3454 = CARTESIAN_POINT('',(-1.75,-2.25,7.0000001));
#3455 = B_SPLINE_CURVE_WITH_KNOTS('',1,(#3456,#3457),.UNSPECIFIED.,.F.,
  .F.,(2,2),(0.,2.538196601125),.PIECEWISE_BEZIER_KNOTS.);
#3456 = CARTESIAN_POINT('',(-1.75,-2.25,9.538196701125));
#3457 = CARTESIAN_POINT('',(-1.75,-2.25,7.0000001));
#3458 = ORIENTED_EDGE('',*,*,#3459,.T.);
#3459 = EDGE_CURVE('',#3453,#3460,#3462,.T.);
#3460 = VERTEX_POINT('',#3461);
#3461 = CARTESIAN_POINT('',(-1.15,-2.25,6.4000001));
#3462 = ( BOUNDED_CURVE() B_SPLINE_CURVE(2,(#3463,#3464,#3465),
.UNSPECIFIED.,.F.,.F.) B_SPLINE_CURVE_WITH_KNOTS((3,3),(0.,
1.570796326795),.PIECEWISE_BEZIER_KNOTS.) CURVE() 
GEOMETRIC_REPRESENTATION_ITEM() RATIONAL_B_SPLINE_CURVE((1.,
0.707106781187,1.)) REPRESENTATION_ITEM('') );
#3463 = CARTESIAN_POINT('',(-1.75,-2.25,7.0000001));
#3464 = CARTESIAN_POINT('',(-1.75,-2.25,6.4000001));
#3465 = CARTESIAN_POINT('',(-1.15,-2.25,6.4000001));
#3466 = ORIENTED_EDGE('',*,*,#3467,.T.);
#3467 = EDGE_CURVE('',#3460,#3468,#3470,.T.);
#3468 = VERTEX_POINT('',#3469);
#3469 = CARTESIAN_POINT('',(1.15,-2.25,6.4000001));
#3470 = B_SPLINE_CURVE_WITH_KNOTS('',1,(#3471,#3472),.UNSPECIFIED.,.F.,
  .F.,(2,2),(0.,2.3),.PIECEWISE_BEZIER_KNOTS.);
#3471 = CARTESIAN_POINT('',(-1.15,-2.25,6.4000001));
#3472 = CARTESIAN_POINT('',(1.15,-2.25,6.4000001));
#3473 = ORIENTED_EDGE('',*,*,#3474,.T.);
#3474 = EDGE_CURVE('',#3468,#3475,#3477,.T.);
#3475 = VERTEX_POINT('',#3476);
#3476 = CARTESIAN_POINT('',(1.75,-2.25,7.0000001));
#3477 = ( BOUNDED_CURVE() B_SPLINE_CURVE(2,(#3478,#3479,#3480),
.UNSPECIFIED.,.F.,.F.) B_SPLINE_CURVE_WITH_KNOTS((3,3),(0.,
1.570796326795),.PIECEWISE_BEZIER_KNOTS.) CURVE() 
GEOMETRIC_REPRESENTATION_ITEM() RATIONAL_B_SPLINE_CURVE((1.,
0.707106781187,1.)) REPRESENTATION_ITEM('') );
#3478 = CARTESIAN_POINT('',(1.15,-2.25,6.4000001));
#3479 = CARTESIAN_POINT('',(1.75,-2.25,6.4000001));
#3480 = CARTESIAN_POINT('',(1.75,-2.25,7.0000001));
#3481 = ORIENTED_EDGE('',*,*,#3482,.F.);
#3482 = EDGE_CURVE('',#3334,#3475,#3483,.T.);
#3483 = B_SPLINE_CURVE_WITH_KNOTS('',1,(#3484,#3485),.UNSPECIFIED.,.F.,
  .F.,(2,2),(0.,2.538196601125),.PIECEWISE_BEZIER_KNOTS.);
#3484 = CARTESIAN_POINT('',(1.75,-2.25,9.538196701125));
#3485 = CARTESIAN_POINT('',(1.75,-2.25,7.0000001));
#3486 = B_SPLINE_SURFACE_WITH_KNOTS('',1,1,(
    (#3487,#3488)
    ,(#3489,#3490
    )),.UNSPECIFIED.,.F.,.F.,.F.,(2,2),(2,2),(-0.65,6.85),(-5.05,0.),
  .PIECEWISE_BEZIER_KNOTS.);
#3487 = CARTESIAN_POINT('',(-3.75,-2.25,5.3500001));
#3488 = CARTESIAN_POINT('',(-3.75,-2.25,10.4000001));
#3489 = CARTESIAN_POINT('',(3.75,-2.25,5.3500001));
#3490 = CARTESIAN_POINT('',(3.75,-2.25,10.4000001));
#3491 = ADVANCED_FACE('',(#3492),#3502,.T.);
#3492 = FACE_BOUND('',#3493,.T.);
#3493 = EDGE_LOOP('',(#3494,#3495,#3496,#3497));
#3494 = ORIENTED_EDGE('',*,*,#2674,.T.);
#3495 = ORIENTED_EDGE('',*,*,#2603,.T.);
#3496 = ORIENTED_EDGE('',*,*,#3373,.T.);
#3497 = ORIENTED_EDGE('',*,*,#3498,.T.);
#3498 = EDGE_CURVE('',#3366,#2675,#3499,.T.);
#3499 = B_SPLINE_CURVE_WITH_KNOTS('',1,(#3500,#3501),.UNSPECIFIED.,.F.,
  .F.,(2,2),(0.,0.65),.PIECEWISE_BEZIER_KNOTS.);
#3500 = CARTESIAN_POINT('',(1.803518375849,-2.25,10.4000001));
#3501 = CARTESIAN_POINT('',(1.803518375849,-2.9,10.4000001));
#3502 = B_SPLINE_SURFACE_WITH_KNOTS('',1,1,(
    (#3503,#3504)
    ,(#3505,#3506
    )),.UNSPECIFIED.,.F.,.F.,.F.,(2,2),(2,2),(1.803518375849,3.75),(-2.9
    ,-2.25),.PIECEWISE_BEZIER_KNOTS.);
#3503 = CARTESIAN_POINT('',(1.803518375849,-2.9,10.4000001));
#3504 = CARTESIAN_POINT('',(1.803518375849,-2.25,10.4000001));
#3505 = CARTESIAN_POINT('',(3.75,-2.9,10.4000001));
#3506 = CARTESIAN_POINT('',(3.75,-2.25,10.4000001));
#3507 = ADVANCED_FACE('',(#3508),#3525,.T.);
#3508 = FACE_BOUND('',#3509,.T.);
#3509 = EDGE_LOOP('',(#3510,#3517,#3518,#3519,#3520));
#3510 = ORIENTED_EDGE('',*,*,#3511,.T.);
#3511 = EDGE_CURVE('',#3512,#3308,#3514,.T.);
#3512 = VERTEX_POINT('',#3513);
#3513 = CARTESIAN_POINT('',(3.1,-1.25,10.2000001));
#3514 = B_SPLINE_CURVE_WITH_KNOTS('',1,(#3515,#3516),.UNSPECIFIED.,.F.,
  .F.,(2,2),(0.,2.8),.PIECEWISE_BEZIER_KNOTS.);
#3515 = CARTESIAN_POINT('',(3.1,-1.25,10.2000001));
#3516 = CARTESIAN_POINT('',(3.1,-1.25,7.4000001));
#3517 = ORIENTED_EDGE('',*,*,#3320,.F.);
#3518 = ORIENTED_EDGE('',*,*,#2624,.F.);
#3519 = ORIENTED_EDGE('',*,*,#3165,.T.);
#3520 = ORIENTED_EDGE('',*,*,#3521,.T.);
#3521 = EDGE_CURVE('',#3159,#3512,#3522,.T.);
#3522 = B_SPLINE_CURVE_WITH_KNOTS('',1,(#3523,#3524),.UNSPECIFIED.,.F.,
  .F.,(2,2),(0.,0.282842712475),.PIECEWISE_BEZIER_KNOTS.);
#3523 = CARTESIAN_POINT('',(3.3,-1.25,10.4000001));
#3524 = CARTESIAN_POINT('',(3.1,-1.25,10.2000001));
#3525 = B_SPLINE_SURFACE_WITH_KNOTS('',1,1,(
    (#3526,#3527)
    ,(#3528,#3529
    )),.UNSPECIFIED.,.F.,.F.,.F.,(2,2),(2,2),(0.,3.),(-0.65,0.),
  .PIECEWISE_BEZIER_KNOTS.);
#3526 = CARTESIAN_POINT('',(3.1,-1.25,10.4000001));
#3527 = CARTESIAN_POINT('',(3.75,-1.25,10.4000001));
#3528 = CARTESIAN_POINT('',(3.1,-1.25,7.4000001));
#3529 = CARTESIAN_POINT('',(3.75,-1.25,7.4000001));
#3530 = ADVANCED_FACE('',(#3531),#3541,.T.);
#3531 = FACE_BOUND('',#3532,.T.);
#3532 = EDGE_LOOP('',(#3533,#3534,#3535,#3536));
#3533 = ORIENTED_EDGE('',*,*,#2837,.F.);
#3534 = ORIENTED_EDGE('',*,*,#2660,.F.);
#3535 = ORIENTED_EDGE('',*,*,#3215,.F.);
#3536 = ORIENTED_EDGE('',*,*,#3537,.T.);
#3537 = EDGE_CURVE('',#3216,#2838,#3538,.T.);
#3538 = B_SPLINE_CURVE_WITH_KNOTS('',1,(#3539,#3540),.UNSPECIFIED.,.F.,
  .F.,(2,2),(9.992007221626E-16,1.7),.PIECEWISE_BEZIER_KNOTS.);
#3539 = CARTESIAN_POINT('',(0.4,-1.5,3.6000001));
#3540 = CARTESIAN_POINT('',(2.1,-1.5,3.6000001));
#3541 = B_SPLINE_SURFACE_WITH_KNOTS('',1,1,(
    (#3542,#3543)
    ,(#3544,#3545
    )),.UNSPECIFIED.,.F.,.F.,.F.,(2,2),(2,2),(-0.743303437366,
    0.743303437366),(-0.85,0.85),.PIECEWISE_BEZIER_KNOTS.);
#3542 = CARTESIAN_POINT('',(0.4,-2.9,4.1000001));
#3543 = CARTESIAN_POINT('',(2.1,-2.9,4.1000001));
#3544 = CARTESIAN_POINT('',(0.4,-1.5,3.6000001));
#3545 = CARTESIAN_POINT('',(2.1,-1.5,3.6000001));
#3546 = ADVANCED_FACE('',(#3547),#3557,.T.);
#3547 = FACE_BOUND('',#3548,.T.);
#3548 = EDGE_LOOP('',(#3549,#3550,#3551,#3556));
#3549 = ORIENTED_EDGE('',*,*,#3498,.F.);
#3550 = ORIENTED_EDGE('',*,*,#3365,.F.);
#3551 = ORIENTED_EDGE('',*,*,#3552,.T.);
#3552 = EDGE_CURVE('',#3359,#2682,#3553,.T.);
#3553 = B_SPLINE_CURVE_WITH_KNOTS('',1,(#3554,#3555),.UNSPECIFIED.,.F.,
  .F.,(2,2),(0.,0.65),.PIECEWISE_BEZIER_KNOTS.);
#3554 = CARTESIAN_POINT('',(1.720313346415,-2.25,10.355470119623));
#3555 = CARTESIAN_POINT('',(1.720313346415,-2.9,10.355470119623));
#3556 = ORIENTED_EDGE('',*,*,#2681,.F.);
#3557 = ( BOUNDED_SURFACE() B_SPLINE_SURFACE(2,1,(
    (#3558,#3559)
    ,(#3560,#3561)
    ,(#3562,#3563
)),.UNSPECIFIED.,.F.,.F.,.F.) B_SPLINE_SURFACE_WITH_KNOTS((3,3),(2,2),(
    0.,0.982793723247),(12.71088,13.36088),.PIECEWISE_BEZIER_KNOTS.) 
GEOMETRIC_REPRESENTATION_ITEM() RATIONAL_B_SPLINE_SURFACE((
    (1.,1.)
    ,(0.881674598768,0.881674598768)
,(1.,1.))) REPRESENTATION_ITEM('') SURFACE() );
#3558 = CARTESIAN_POINT('',(1.803518375849,-2.25,10.4000001));
#3559 = CARTESIAN_POINT('',(1.803518375849,-2.9,10.4000001));
#3560 = CARTESIAN_POINT('',(1.75,-2.25,10.4000001));
#3561 = CARTESIAN_POINT('',(1.75,-2.9,10.4000001));
#3562 = CARTESIAN_POINT('',(1.720313346415,-2.25,10.355470119623));
#3563 = CARTESIAN_POINT('',(1.720313346415,-2.9,10.355470119623));
#3564 = ADVANCED_FACE('',(#3565),#3575,.F.);
#3565 = FACE_BOUND('',#3566,.T.);
#3566 = EDGE_LOOP('',(#3567,#3568,#3573,#3574));
#3567 = ORIENTED_EDGE('',*,*,#3358,.F.);
#3568 = ORIENTED_EDGE('',*,*,#3569,.T.);
#3569 = EDGE_CURVE('',#3351,#2690,#3570,.T.);
#3570 = B_SPLINE_CURVE_WITH_KNOTS('',1,(#3571,#3572),.UNSPECIFIED.,.F.,
  .F.,(2,2),(0.,0.65),.PIECEWISE_BEZIER_KNOTS.);
#3571 = CARTESIAN_POINT('',(1.41283545189,-2.25,9.894253277835));
#3572 = CARTESIAN_POINT('',(1.41283545189,-2.9,9.894253277835));
#3573 = ORIENTED_EDGE('',*,*,#2689,.T.);
#3574 = ORIENTED_EDGE('',*,*,#3552,.F.);
#3575 = B_SPLINE_SURFACE_WITH_KNOTS('',1,1,(
    (#3576,#3577)
    ,(#3578,#3579
    )),.UNSPECIFIED.,.F.,.F.,.F.,(2,2),(2,2),(0.113278221854,
    0.667591879244),(-0.65,0.),.PIECEWISE_BEZIER_KNOTS.);
#3576 = CARTESIAN_POINT('',(1.41283545189,-2.25,9.894253277835));
#3577 = CARTESIAN_POINT('',(1.41283545189,-2.9,9.894253277835));
#3578 = CARTESIAN_POINT('',(1.720313346415,-2.25,10.355470119623));
#3579 = CARTESIAN_POINT('',(1.720313346415,-2.9,10.355470119623));
#3580 = ADVANCED_FACE('',(#3581),#3591,.T.);
#3581 = FACE_BOUND('',#3582,.T.);
#3582 = EDGE_LOOP('',(#3583,#3584,#3585,#3590));
#3583 = ORIENTED_EDGE('',*,*,#3569,.F.);
#3584 = ORIENTED_EDGE('',*,*,#3350,.F.);
#3585 = ORIENTED_EDGE('',*,*,#3586,.T.);
#3586 = EDGE_CURVE('',#3344,#2697,#3587,.T.);
#3587 = B_SPLINE_CURVE_WITH_KNOTS('',1,(#3588,#3589),.UNSPECIFIED.,.F.,
  .F.,(2,2),(0.,0.65),.PIECEWISE_BEZIER_KNOTS.);
#3588 = CARTESIAN_POINT('',(1.451319121774,-2.25,9.749340539113));
#3589 = CARTESIAN_POINT('',(1.451319121774,-2.9,9.749340539113));
#3590 = ORIENTED_EDGE('',*,*,#2696,.F.);
#3591 = ( BOUNDED_SURFACE() B_SPLINE_SURFACE(2,1,(
    (#3592,#3593)
    ,(#3594,#3595)
    ,(#3596,#3597
)),.UNSPECIFIED.,.F.,.F.,.F.) B_SPLINE_SURFACE_WITH_KNOTS((3,3),(2,2),(
    0.,1.695151321342),(12.71088,13.36088),.PIECEWISE_BEZIER_KNOTS.) 
GEOMETRIC_REPRESENTATION_ITEM() RATIONAL_B_SPLINE_SURFACE((
    (1.,1.)
    ,(0.661802563236,0.661802563236)
,(1.,1.))) REPRESENTATION_ITEM('') SURFACE() );
#3592 = CARTESIAN_POINT('',(1.41283545189,-2.25,9.894253277835));
#3593 = CARTESIAN_POINT('',(1.41283545189,-2.9,9.894253277835));
#3594 = CARTESIAN_POINT('',(1.35,-2.25,9.8000001));
#3595 = CARTESIAN_POINT('',(1.35,-2.9,9.8000001));
#3596 = CARTESIAN_POINT('',(1.451319121774,-2.25,9.749340539113));
#3597 = CARTESIAN_POINT('',(1.451319121774,-2.9,9.749340539113));
#3598 = ADVANCED_FACE('',(#3599),#3609,.F.);
#3599 = FACE_BOUND('',#3600,.T.);
#3600 = EDGE_LOOP('',(#3601,#3602,#3607,#3608));
#3601 = ORIENTED_EDGE('',*,*,#3343,.F.);
#3602 = ORIENTED_EDGE('',*,*,#3603,.T.);
#3603 = EDGE_CURVE('',#3336,#2705,#3604,.T.);
#3604 = B_SPLINE_CURVE_WITH_KNOTS('',1,(#3605,#3606),.UNSPECIFIED.,.F.,
  .F.,(2,2),(0.,0.65),.PIECEWISE_BEZIER_KNOTS.);
#3605 = CARTESIAN_POINT('',(1.69472135955,-2.25,9.627639420225));
#3606 = CARTESIAN_POINT('',(1.69472135955,-2.9,9.627639420225));
#3607 = ORIENTED_EDGE('',*,*,#2704,.T.);
#3608 = ORIENTED_EDGE('',*,*,#3586,.F.);
#3609 = B_SPLINE_SURFACE_WITH_KNOTS('',1,1,(
    (#3610,#3611)
    ,(#3612,#3613
    )),.UNSPECIFIED.,.F.,.F.,.F.,(2,2),(2,2),(6.180339887498E-02,
    0.333935373646),(-0.65,0.),.PIECEWISE_BEZIER_KNOTS.);
#3610 = CARTESIAN_POINT('',(1.69472135955,-2.25,9.627639420225));
#3611 = CARTESIAN_POINT('',(1.69472135955,-2.9,9.627639420225));
#3612 = CARTESIAN_POINT('',(1.451319121774,-2.25,9.749340539113));
#3613 = CARTESIAN_POINT('',(1.451319121774,-2.9,9.749340539113));
#3614 = ADVANCED_FACE('',(#3615),#3625,.F.);
#3615 = FACE_BOUND('',#3616,.F.);
#3616 = EDGE_LOOP('',(#3617,#3622,#3623,#3624));
#3617 = ORIENTED_EDGE('',*,*,#3618,.F.);
#3618 = EDGE_CURVE('',#3334,#2712,#3619,.T.);
#3619 = B_SPLINE_CURVE_WITH_KNOTS('',1,(#3620,#3621),.UNSPECIFIED.,.F.,
  .F.,(2,2),(0.,0.65),.PIECEWISE_BEZIER_KNOTS.);
#3620 = CARTESIAN_POINT('',(1.75,-2.25,9.538196701125));
#3621 = CARTESIAN_POINT('',(1.75,-2.9,9.538196701125));
#3622 = ORIENTED_EDGE('',*,*,#3333,.T.);
#3623 = ORIENTED_EDGE('',*,*,#3603,.T.);
#3624 = ORIENTED_EDGE('',*,*,#2711,.T.);
#3625 = ( BOUNDED_SURFACE() B_SPLINE_SURFACE(2,1,(
    (#3626,#3627)
    ,(#3628,#3629)
    ,(#3630,#3631
)),.UNSPECIFIED.,.F.,.F.,.F.) B_SPLINE_SURFACE_WITH_KNOTS((3,3),(2,2),(
    0.,1.107148717794),(12.71088,13.36088),.PIECEWISE_BEZIER_KNOTS.) 
GEOMETRIC_REPRESENTATION_ITEM() RATIONAL_B_SPLINE_SURFACE((
    (1.,1.)
    ,(0.850650808352,0.850650808352)
,(1.,1.))) REPRESENTATION_ITEM('') SURFACE() );
#3626 = CARTESIAN_POINT('',(1.75,-2.25,9.538196701125));
#3627 = CARTESIAN_POINT('',(1.75,-2.9,9.538196701125));
#3628 = CARTESIAN_POINT('',(1.75,-2.25,9.6000001));
#3629 = CARTESIAN_POINT('',(1.75,-2.9,9.6000001));
#3630 = CARTESIAN_POINT('',(1.69472135955,-2.25,9.627639420225));
#3631 = CARTESIAN_POINT('',(1.69472135955,-2.9,9.627639420225));
#3632 = ADVANCED_FACE('',(#3633),#3643,.T.);
#3633 = FACE_BOUND('',#3634,.T.);
#3634 = EDGE_LOOP('',(#3635,#3636,#3637,#3642));
#3635 = ORIENTED_EDGE('',*,*,#3618,.F.);
#3636 = ORIENTED_EDGE('',*,*,#3482,.T.);
#3637 = ORIENTED_EDGE('',*,*,#3638,.T.);
#3638 = EDGE_CURVE('',#3475,#2720,#3639,.T.);
#3639 = B_SPLINE_CURVE_WITH_KNOTS('',1,(#3640,#3641),.UNSPECIFIED.,.F.,
  .F.,(2,2),(0.,0.65),.PIECEWISE_BEZIER_KNOTS.);
#3640 = CARTESIAN_POINT('',(1.75,-2.25,7.0000001));
#3641 = CARTESIAN_POINT('',(1.75,-2.9,7.0000001));
#3642 = ORIENTED_EDGE('',*,*,#2719,.F.);
#3643 = B_SPLINE_SURFACE_WITH_KNOTS('',1,1,(
    (#3644,#3645)
    ,(#3646,#3647
    )),.UNSPECIFIED.,.F.,.F.,.F.,(2,2),(2,2),(0.861803398875,3.4),(-0.65
    ,0.),.PIECEWISE_BEZIER_KNOTS.);
#3644 = CARTESIAN_POINT('',(1.75,-2.25,9.538196701125));
#3645 = CARTESIAN_POINT('',(1.75,-2.9,9.538196701125));
#3646 = CARTESIAN_POINT('',(1.75,-2.25,7.0000001));
#3647 = CARTESIAN_POINT('',(1.75,-2.9,7.0000001));
#3648 = ADVANCED_FACE('',(#3649),#3659,.F.);
#3649 = FACE_BOUND('',#3650,.F.);
#3650 = EDGE_LOOP('',(#3651,#3656,#3657,#3658));
#3651 = ORIENTED_EDGE('',*,*,#3652,.F.);
#3652 = EDGE_CURVE('',#3468,#2727,#3653,.T.);
#3653 = B_SPLINE_CURVE_WITH_KNOTS('',1,(#3654,#3655),.UNSPECIFIED.,.F.,
  .F.,(2,2),(0.,0.65),.PIECEWISE_BEZIER_KNOTS.);
#3654 = CARTESIAN_POINT('',(1.15,-2.25,6.4000001));
#3655 = CARTESIAN_POINT('',(1.15,-2.9,6.4000001));
#3656 = ORIENTED_EDGE('',*,*,#3474,.T.);
#3657 = ORIENTED_EDGE('',*,*,#3638,.T.);
#3658 = ORIENTED_EDGE('',*,*,#2726,.T.);
#3659 = ( BOUNDED_SURFACE() B_SPLINE_SURFACE(2,1,(
    (#3660,#3661)
    ,(#3662,#3663)
    ,(#3664,#3665
)),.UNSPECIFIED.,.F.,.F.,.F.) B_SPLINE_SURFACE_WITH_KNOTS((3,3),(2,2),(
    0.,1.570796326795),(12.71088,13.36088),.PIECEWISE_BEZIER_KNOTS.) 
GEOMETRIC_REPRESENTATION_ITEM() RATIONAL_B_SPLINE_SURFACE((
    (1.,1.)
    ,(0.707106781187,0.707106781187)
,(1.,1.))) REPRESENTATION_ITEM('') SURFACE() );
#3660 = CARTESIAN_POINT('',(1.15,-2.25,6.4000001));
#3661 = CARTESIAN_POINT('',(1.15,-2.9,6.4000001));
#3662 = CARTESIAN_POINT('',(1.75,-2.25,6.4000001));
#3663 = CARTESIAN_POINT('',(1.75,-2.9,6.4000001));
#3664 = CARTESIAN_POINT('',(1.75,-2.25,7.0000001));
#3665 = CARTESIAN_POINT('',(1.75,-2.9,7.0000001));
#3666 = ADVANCED_FACE('',(#3667),#3677,.F.);
#3667 = FACE_BOUND('',#3668,.T.);
#3668 = EDGE_LOOP('',(#3669,#3670,#3671,#3672));
#3669 = ORIENTED_EDGE('',*,*,#2734,.F.);
#3670 = ORIENTED_EDGE('',*,*,#3652,.F.);
#3671 = ORIENTED_EDGE('',*,*,#3467,.F.);
#3672 = ORIENTED_EDGE('',*,*,#3673,.F.);
#3673 = EDGE_CURVE('',#2735,#3460,#3674,.T.);
#3674 = B_SPLINE_CURVE_WITH_KNOTS('',1,(#3675,#3676),.UNSPECIFIED.,.F.,
  .F.,(2,2),(0.,0.65),.PIECEWISE_BEZIER_KNOTS.);
#3675 = CARTESIAN_POINT('',(-1.15,-2.9,6.4000001));
#3676 = CARTESIAN_POINT('',(-1.15,-2.25,6.4000001));
#3677 = B_SPLINE_SURFACE_WITH_KNOTS('',1,1,(
    (#3678,#3679)
    ,(#3680,#3681
    )),.UNSPECIFIED.,.F.,.F.,.F.,(2,2),(2,2),(0.6,2.9),(-0.65,0.),
  .PIECEWISE_BEZIER_KNOTS.);
#3678 = CARTESIAN_POINT('',(-1.15,-2.25,6.4000001));
#3679 = CARTESIAN_POINT('',(-1.15,-2.9,6.4000001));
#3680 = CARTESIAN_POINT('',(1.15,-2.25,6.4000001));
#3681 = CARTESIAN_POINT('',(1.15,-2.9,6.4000001));
#3682 = ADVANCED_FACE('',(#3683),#3693,.F.);
#3683 = FACE_BOUND('',#3684,.F.);
#3684 = EDGE_LOOP('',(#3685,#3686,#3687,#3692));
#3685 = ORIENTED_EDGE('',*,*,#3673,.F.);
#3686 = ORIENTED_EDGE('',*,*,#2741,.T.);
#3687 = ORIENTED_EDGE('',*,*,#3688,.T.);
#3688 = EDGE_CURVE('',#2742,#3453,#3689,.T.);
#3689 = B_SPLINE_CURVE_WITH_KNOTS('',1,(#3690,#3691),.UNSPECIFIED.,.F.,
  .F.,(2,2),(0.,0.65),.PIECEWISE_BEZIER_KNOTS.);
#3690 = CARTESIAN_POINT('',(-1.75,-2.9,7.0000001));
#3691 = CARTESIAN_POINT('',(-1.75,-2.25,7.0000001));
#3692 = ORIENTED_EDGE('',*,*,#3459,.T.);
#3693 = ( BOUNDED_SURFACE() B_SPLINE_SURFACE(2,1,(
    (#3694,#3695)
    ,(#3696,#3697)
    ,(#3698,#3699
)),.UNSPECIFIED.,.F.,.F.,.F.) B_SPLINE_SURFACE_WITH_KNOTS((3,3),(2,2),(
    0.,1.570796326795),(7.56088,8.21088),.PIECEWISE_BEZIER_KNOTS.) 
GEOMETRIC_REPRESENTATION_ITEM() RATIONAL_B_SPLINE_SURFACE((
    (1.,1.)
    ,(0.707106781187,0.707106781187)
,(1.,1.))) REPRESENTATION_ITEM('') SURFACE() );
#3694 = CARTESIAN_POINT('',(-1.15,-2.9,6.4000001));
#3695 = CARTESIAN_POINT('',(-1.15,-2.25,6.4000001));
#3696 = CARTESIAN_POINT('',(-1.75,-2.9,6.4000001));
#3697 = CARTESIAN_POINT('',(-1.75,-2.25,6.4000001));
#3698 = CARTESIAN_POINT('',(-1.75,-2.9,7.0000001));
#3699 = CARTESIAN_POINT('',(-1.75,-2.25,7.0000001));
#3700 = ADVANCED_FACE('',(#3701),#3711,.F.);
#3701 = FACE_BOUND('',#3702,.T.);
#3702 = EDGE_LOOP('',(#3703,#3704,#3709,#3710));
#3703 = ORIENTED_EDGE('',*,*,#3452,.F.);
#3704 = ORIENTED_EDGE('',*,*,#3705,.F.);
#3705 = EDGE_CURVE('',#2750,#3445,#3706,.T.);
#3706 = B_SPLINE_CURVE_WITH_KNOTS('',1,(#3707,#3708),.UNSPECIFIED.,.F.,
  .F.,(2,2),(0.,0.65),.PIECEWISE_BEZIER_KNOTS.);
#3707 = CARTESIAN_POINT('',(-1.75,-2.9,9.538196701125));
#3708 = CARTESIAN_POINT('',(-1.75,-2.25,9.538196701125));
#3709 = ORIENTED_EDGE('',*,*,#2749,.T.);
#3710 = ORIENTED_EDGE('',*,*,#3688,.T.);
#3711 = B_SPLINE_SURFACE_WITH_KNOTS('',1,1,(
    (#3712,#3713)
    ,(#3714,#3715
    )),.UNSPECIFIED.,.F.,.F.,.F.,(2,2),(2,2),(0.861803398875,3.4),(-0.65
    ,0.),.PIECEWISE_BEZIER_KNOTS.);
#3712 = CARTESIAN_POINT('',(-1.75,-2.25,9.538196701125));
#3713 = CARTESIAN_POINT('',(-1.75,-2.9,9.538196701125));
#3714 = CARTESIAN_POINT('',(-1.75,-2.25,7.0000001));
#3715 = CARTESIAN_POINT('',(-1.75,-2.9,7.0000001));
#3716 = ADVANCED_FACE('',(#3717),#3727,.F.);
#3717 = FACE_BOUND('',#3718,.F.);
#3718 = EDGE_LOOP('',(#3719,#3720,#3721,#3726));
#3719 = ORIENTED_EDGE('',*,*,#3705,.F.);
#3720 = ORIENTED_EDGE('',*,*,#2756,.T.);
#3721 = ORIENTED_EDGE('',*,*,#3722,.T.);
#3722 = EDGE_CURVE('',#2757,#3438,#3723,.T.);
#3723 = B_SPLINE_CURVE_WITH_KNOTS('',1,(#3724,#3725),.UNSPECIFIED.,.F.,
  .F.,(2,2),(0.,0.65),.PIECEWISE_BEZIER_KNOTS.);
#3724 = CARTESIAN_POINT('',(-1.69472135955,-2.9,9.627639420225));
#3725 = CARTESIAN_POINT('',(-1.69472135955,-2.25,9.627639420225));
#3726 = ORIENTED_EDGE('',*,*,#3444,.T.);
#3727 = ( BOUNDED_SURFACE() B_SPLINE_SURFACE(2,1,(
    (#3728,#3729)
    ,(#3730,#3731)
    ,(#3732,#3733
)),.UNSPECIFIED.,.F.,.F.,.F.) B_SPLINE_SURFACE_WITH_KNOTS((3,3),(2,2),(
    0.,1.107148717794),(7.56088,8.21088),.PIECEWISE_BEZIER_KNOTS.) 
GEOMETRIC_REPRESENTATION_ITEM() RATIONAL_B_SPLINE_SURFACE((
    (1.,1.)
    ,(0.850650808352,0.850650808352)
,(1.,1.))) REPRESENTATION_ITEM('') SURFACE() );
#3728 = CARTESIAN_POINT('',(-1.75,-2.9,9.538196701125));
#3729 = CARTESIAN_POINT('',(-1.75,-2.25,9.538196701125));
#3730 = CARTESIAN_POINT('',(-1.75,-2.9,9.6000001));
#3731 = CARTESIAN_POINT('',(-1.75,-2.25,9.6000001));
#3732 = CARTESIAN_POINT('',(-1.69472135955,-2.9,9.627639420225));
#3733 = CARTESIAN_POINT('',(-1.69472135955,-2.25,9.627639420225));
#3734 = ADVANCED_FACE('',(#3735),#3745,.T.);
#3735 = FACE_BOUND('',#3736,.T.);
#3736 = EDGE_LOOP('',(#3737,#3738,#3739,#3740));
#3737 = ORIENTED_EDGE('',*,*,#2764,.F.);
#3738 = ORIENTED_EDGE('',*,*,#3722,.T.);
#3739 = ORIENTED_EDGE('',*,*,#3437,.T.);
#3740 = ORIENTED_EDGE('',*,*,#3741,.F.);
#3741 = EDGE_CURVE('',#2765,#3430,#3742,.T.);
#3742 = B_SPLINE_CURVE_WITH_KNOTS('',1,(#3743,#3744),.UNSPECIFIED.,.F.,
  .F.,(2,2),(0.,0.65),.PIECEWISE_BEZIER_KNOTS.);
#3743 = CARTESIAN_POINT('',(-1.451319121774,-2.9,9.749340539113));
#3744 = CARTESIAN_POINT('',(-1.451319121774,-2.25,9.749340539113));
#3745 = B_SPLINE_SURFACE_WITH_KNOTS('',1,1,(
    (#3746,#3747)
    ,(#3748,#3749
    )),.UNSPECIFIED.,.F.,.F.,.F.,(2,2),(2,2),(6.180339887498E-02,
    0.333935373646),(-0.65,0.),.PIECEWISE_BEZIER_KNOTS.);
#3746 = CARTESIAN_POINT('',(-1.69472135955,-2.25,9.627639420225));
#3747 = CARTESIAN_POINT('',(-1.69472135955,-2.9,9.627639420225));
#3748 = CARTESIAN_POINT('',(-1.451319121774,-2.25,9.749340539113));
#3749 = CARTESIAN_POINT('',(-1.451319121774,-2.9,9.749340539113));
#3750 = ADVANCED_FACE('',(#3751),#3761,.T.);
#3751 = FACE_BOUND('',#3752,.T.);
#3752 = EDGE_LOOP('',(#3753,#3758,#3759,#3760));
#3753 = ORIENTED_EDGE('',*,*,#3754,.F.);
#3754 = EDGE_CURVE('',#2772,#3423,#3755,.T.);
#3755 = B_SPLINE_CURVE_WITH_KNOTS('',1,(#3756,#3757),.UNSPECIFIED.,.F.,
  .F.,(2,2),(0.,0.65),.PIECEWISE_BEZIER_KNOTS.);
#3756 = CARTESIAN_POINT('',(-1.41283545189,-2.9,9.894253277835));
#3757 = CARTESIAN_POINT('',(-1.41283545189,-2.25,9.894253277835));
#3758 = ORIENTED_EDGE('',*,*,#2771,.F.);
#3759 = ORIENTED_EDGE('',*,*,#3741,.T.);
#3760 = ORIENTED_EDGE('',*,*,#3429,.F.);
#3761 = ( BOUNDED_SURFACE() B_SPLINE_SURFACE(2,1,(
    (#3762,#3763)
    ,(#3764,#3765)
    ,(#3766,#3767
)),.UNSPECIFIED.,.F.,.F.,.F.) B_SPLINE_SURFACE_WITH_KNOTS((3,3),(2,2),(
    0.,1.695151321342),(7.56088,8.21088),.PIECEWISE_BEZIER_KNOTS.) 
GEOMETRIC_REPRESENTATION_ITEM() RATIONAL_B_SPLINE_SURFACE((
    (1.,1.)
    ,(0.661802563236,0.661802563236)
,(1.,1.))) REPRESENTATION_ITEM('') SURFACE() );
#3762 = CARTESIAN_POINT('',(-1.41283545189,-2.9,9.894253277835));
#3763 = CARTESIAN_POINT('',(-1.41283545189,-2.25,9.894253277835));
#3764 = CARTESIAN_POINT('',(-1.35,-2.9,9.8000001));
#3765 = CARTESIAN_POINT('',(-1.35,-2.25,9.8000001));
#3766 = CARTESIAN_POINT('',(-1.451319121774,-2.9,9.749340539113));
#3767 = CARTESIAN_POINT('',(-1.451319121774,-2.25,9.749340539113));
#3768 = ADVANCED_FACE('',(#3769),#3779,.T.);
#3769 = FACE_BOUND('',#3770,.T.);
#3770 = EDGE_LOOP('',(#3771,#3772,#3773,#3774));
#3771 = ORIENTED_EDGE('',*,*,#2779,.F.);
#3772 = ORIENTED_EDGE('',*,*,#3754,.T.);
#3773 = ORIENTED_EDGE('',*,*,#3422,.T.);
#3774 = ORIENTED_EDGE('',*,*,#3775,.F.);
#3775 = EDGE_CURVE('',#2780,#3415,#3776,.T.);
#3776 = B_SPLINE_CURVE_WITH_KNOTS('',1,(#3777,#3778),.UNSPECIFIED.,.F.,
  .F.,(2,2),(0.,0.65),.PIECEWISE_BEZIER_KNOTS.);
#3777 = CARTESIAN_POINT('',(-1.720313346415,-2.9,10.355470119623));
#3778 = CARTESIAN_POINT('',(-1.720313346415,-2.25,10.355470119623));
#3779 = B_SPLINE_SURFACE_WITH_KNOTS('',1,1,(
    (#3780,#3781)
    ,(#3782,#3783
    )),.UNSPECIFIED.,.F.,.F.,.F.,(2,2),(2,2),(0.113278221854,
    0.667591879244),(-0.65,0.),.PIECEWISE_BEZIER_KNOTS.);
#3780 = CARTESIAN_POINT('',(-1.41283545189,-2.25,9.894253277835));
#3781 = CARTESIAN_POINT('',(-1.41283545189,-2.9,9.894253277835));
#3782 = CARTESIAN_POINT('',(-1.720313346415,-2.25,10.355470119623));
#3783 = CARTESIAN_POINT('',(-1.720313346415,-2.9,10.355470119623));
#3784 = ADVANCED_FACE('',(#3785),#3795,.T.);
#3785 = FACE_BOUND('',#3786,.T.);
#3786 = EDGE_LOOP('',(#3787,#3792,#3793,#3794));
#3787 = ORIENTED_EDGE('',*,*,#3788,.F.);
#3788 = EDGE_CURVE('',#2787,#3408,#3789,.T.);
#3789 = B_SPLINE_CURVE_WITH_KNOTS('',1,(#3790,#3791),.UNSPECIFIED.,.F.,
  .F.,(2,2),(0.,0.65),.PIECEWISE_BEZIER_KNOTS.);
#3790 = CARTESIAN_POINT('',(-1.803518375849,-2.9,10.4000001));
#3791 = CARTESIAN_POINT('',(-1.803518375849,-2.25,10.4000001));
#3792 = ORIENTED_EDGE('',*,*,#2786,.F.);
#3793 = ORIENTED_EDGE('',*,*,#3775,.T.);
#3794 = ORIENTED_EDGE('',*,*,#3414,.F.);
#3795 = ( BOUNDED_SURFACE() B_SPLINE_SURFACE(2,1,(
    (#3796,#3797)
    ,(#3798,#3799)
    ,(#3800,#3801
)),.UNSPECIFIED.,.F.,.F.,.F.) B_SPLINE_SURFACE_WITH_KNOTS((3,3),(2,2),(
    0.,0.982793723247),(7.56088,8.21088),.PIECEWISE_BEZIER_KNOTS.) 
GEOMETRIC_REPRESENTATION_ITEM() RATIONAL_B_SPLINE_SURFACE((
    (1.,1.)
    ,(0.881674598768,0.881674598768)
,(1.,1.))) REPRESENTATION_ITEM('') SURFACE() );
#3796 = CARTESIAN_POINT('',(-1.803518375849,-2.9,10.4000001));
#3797 = CARTESIAN_POINT('',(-1.803518375849,-2.25,10.4000001));
#3798 = CARTESIAN_POINT('',(-1.75,-2.9,10.4000001));
#3799 = CARTESIAN_POINT('',(-1.75,-2.25,10.4000001));
#3800 = CARTESIAN_POINT('',(-1.720313346415,-2.9,10.355470119623));
#3801 = CARTESIAN_POINT('',(-1.720313346415,-2.25,10.355470119623));
#3802 = ADVANCED_FACE('',(#3803),#3809,.T.);
#3803 = FACE_BOUND('',#3804,.T.);
#3804 = EDGE_LOOP('',(#3805,#3806,#3807,#3808));
#3805 = ORIENTED_EDGE('',*,*,#3407,.T.);
#3806 = ORIENTED_EDGE('',*,*,#3115,.T.);
#3807 = ORIENTED_EDGE('',*,*,#2794,.T.);
#3808 = ORIENTED_EDGE('',*,*,#3788,.T.);
#3809 = B_SPLINE_SURFACE_WITH_KNOTS('',1,1,(
    (#3810,#3811)
    ,(#3812,#3813
    )),.UNSPECIFIED.,.F.,.F.,.F.,(2,2),(2,2),(-3.75,-1.803518375849),(
    -2.9,-2.25),.PIECEWISE_BEZIER_KNOTS.);
#3810 = CARTESIAN_POINT('',(-3.75,-2.9,10.4000001));
#3811 = CARTESIAN_POINT('',(-3.75,-2.25,10.4000001));
#3812 = CARTESIAN_POINT('',(-1.803518375849,-2.9,10.4000001));
#3813 = CARTESIAN_POINT('',(-1.803518375849,-2.25,10.4000001));
#3814 = ADVANCED_FACE('',(#3815),#3825,.T.);
#3815 = FACE_BOUND('',#3816,.T.);
#3816 = EDGE_LOOP('',(#3817,#3818,#3819,#3820));
#3817 = ORIENTED_EDGE('',*,*,#3261,.F.);
#3818 = ORIENTED_EDGE('',*,*,#2822,.F.);
#3819 = ORIENTED_EDGE('',*,*,#3055,.F.);
#3820 = ORIENTED_EDGE('',*,*,#3821,.T.);
#3821 = EDGE_CURVE('',#3056,#3262,#3822,.T.);
#3822 = B_SPLINE_CURVE_WITH_KNOTS('',1,(#3823,#3824),.UNSPECIFIED.,.F.,
  .F.,(2,2),(0.,1.7),.PIECEWISE_BEZIER_KNOTS.);
#3823 = CARTESIAN_POINT('',(-2.1,-1.5,3.6000001));
#3824 = CARTESIAN_POINT('',(-0.4,-1.5,3.6000001));
#3825 = B_SPLINE_SURFACE_WITH_KNOTS('',1,1,(
    (#3826,#3827)
    ,(#3828,#3829
    )),.UNSPECIFIED.,.F.,.F.,.F.,(2,2),(2,2),(-0.743303437366,
    0.743303437366),(-0.85,0.85),.PIECEWISE_BEZIER_KNOTS.);
#3826 = CARTESIAN_POINT('',(-2.1,-2.9,4.1000001));
#3827 = CARTESIAN_POINT('',(-0.4,-2.9,4.1000001));
#3828 = CARTESIAN_POINT('',(-2.1,-1.5,3.6000001));
#3829 = CARTESIAN_POINT('',(-0.4,-1.5,3.6000001));
#3830 = ADVANCED_FACE('',(#3831,#3837),#3867,.T.);
#3831 = FACE_BOUND('',#3832,.T.);
#3832 = EDGE_LOOP('',(#3833,#3834,#3835,#3836));
#3833 = ORIENTED_EDGE('',*,*,#3230,.T.);
#3834 = ORIENTED_EDGE('',*,*,#3202,.F.);
#3835 = ORIENTED_EDGE('',*,*,#2844,.T.);
#3836 = ORIENTED_EDGE('',*,*,#3537,.F.);
#3837 = FACE_BOUND('',#3838,.T.);
#3838 = EDGE_LOOP('',(#3839,#3848,#3855,#3862));
#3839 = ORIENTED_EDGE('',*,*,#3840,.F.);
#3840 = EDGE_CURVE('',#3841,#3843,#3845,.T.);
#3841 = VERTEX_POINT('',#3842);
#3842 = CARTESIAN_POINT('',(0.9,-0.83,3.6000001));
#3843 = VERTEX_POINT('',#3844);
#3844 = CARTESIAN_POINT('',(0.9,-0.13,3.6000001));
#3845 = B_SPLINE_CURVE_WITH_KNOTS('',1,(#3846,#3847),.UNSPECIFIED.,.F.,
  .F.,(2,2),(0.,0.7),.PIECEWISE_BEZIER_KNOTS.);
#3846 = CARTESIAN_POINT('',(0.9,-0.83,3.6000001));
#3847 = CARTESIAN_POINT('',(0.9,-0.13,3.6000001));
#3848 = ORIENTED_EDGE('',*,*,#3849,.F.);
#3849 = EDGE_CURVE('',#3850,#3841,#3852,.T.);
#3850 = VERTEX_POINT('',#3851);
#3851 = CARTESIAN_POINT('',(1.6,-0.83,3.6000001));
#3852 = B_SPLINE_CURVE_WITH_KNOTS('',1,(#3853,#3854),.UNSPECIFIED.,.F.,
  .F.,(2,2),(0.,0.7),.PIECEWISE_BEZIER_KNOTS.);
#3853 = CARTESIAN_POINT('',(1.6,-0.83,3.6000001));
#3854 = CARTESIAN_POINT('',(0.9,-0.83,3.6000001));
#3855 = ORIENTED_EDGE('',*,*,#3856,.F.);
#3856 = EDGE_CURVE('',#3857,#3850,#3859,.T.);
#3857 = VERTEX_POINT('',#3858);
#3858 = CARTESIAN_POINT('',(1.6,-0.13,3.6000001));
#3859 = B_SPLINE_CURVE_WITH_KNOTS('',1,(#3860,#3861),.UNSPECIFIED.,.F.,
  .F.,(2,2),(0.,0.7),.PIECEWISE_BEZIER_KNOTS.);
#3860 = CARTESIAN_POINT('',(1.6,-0.13,3.6000001));
#3861 = CARTESIAN_POINT('',(1.6,-0.83,3.6000001));
#3862 = ORIENTED_EDGE('',*,*,#3863,.F.);
#3863 = EDGE_CURVE('',#3843,#3857,#3864,.T.);
#3864 = B_SPLINE_CURVE_WITH_KNOTS('',1,(#3865,#3866),.UNSPECIFIED.,.F.,
  .F.,(2,2),(0.,0.7),.PIECEWISE_BEZIER_KNOTS.);
#3865 = CARTESIAN_POINT('',(0.9,-0.13,3.6000001));
#3866 = CARTESIAN_POINT('',(1.6,-0.13,3.6000001));
#3867 = B_SPLINE_SURFACE_WITH_KNOTS('',1,1,(
    (#3868,#3869)
    ,(#3870,#3871
    )),.UNSPECIFIED.,.F.,.F.,.F.,(2,2),(2,2),(0.4,2.1),(-0.3,1.5),
  .PIECEWISE_BEZIER_KNOTS.);
#3868 = CARTESIAN_POINT('',(0.4,0.3,3.6000001));
#3869 = CARTESIAN_POINT('',(0.4,-1.5,3.6000001));
#3870 = CARTESIAN_POINT('',(2.1,0.3,3.6000001));
#3871 = CARTESIAN_POINT('',(2.1,-1.5,3.6000001));
#3872 = ADVANCED_FACE('',(#3873),#3895,.T.);
#3873 = FACE_BOUND('',#3874,.T.);
#3874 = EDGE_LOOP('',(#3875,#3882,#3883,#3890));
#3875 = ORIENTED_EDGE('',*,*,#3876,.T.);
#3876 = EDGE_CURVE('',#3877,#2950,#3879,.T.);
#3877 = VERTEX_POINT('',#3878);
#3878 = CARTESIAN_POINT('',(3.375531923771,0.57841662693,3.4000001));
#3879 = B_SPLINE_CURVE_WITH_KNOTS('',1,(#3880,#3881),.UNSPECIFIED.,.F.,
  .F.,(2,2),(0.,5.E-02),.PIECEWISE_BEZIER_KNOTS.);
#3880 = CARTESIAN_POINT('',(3.375531923771,0.57841662693,3.4000001));
#3881 = CARTESIAN_POINT('',(3.375531923771,0.57841662693,3.3500001));
#3882 = ORIENTED_EDGE('',*,*,#2947,.F.);
#3883 = ORIENTED_EDGE('',*,*,#3884,.F.);
#3884 = EDGE_CURVE('',#3885,#2948,#3887,.T.);
#3885 = VERTEX_POINT('',#3886);
#3886 = CARTESIAN_POINT('',(3.386170220375,0.53675,3.4000001));
#3887 = B_SPLINE_CURVE_WITH_KNOTS('',1,(#3888,#3889),.UNSPECIFIED.,.F.,
  .F.,(2,2),(0.,5.E-02),.PIECEWISE_BEZIER_KNOTS.);
#3888 = CARTESIAN_POINT('',(3.386170220375,0.53675,3.4000001));
#3889 = CARTESIAN_POINT('',(3.386170220375,0.53675,3.3500001));
#3890 = ORIENTED_EDGE('',*,*,#3891,.T.);
#3891 = EDGE_CURVE('',#3885,#3877,#3892,.T.);
#3892 = B_SPLINE_CURVE_WITH_KNOTS('',1,(#3893,#3894),.UNSPECIFIED.,.F.,
  .F.,(2,2),(0.,4.300326911272E-02),.PIECEWISE_BEZIER_KNOTS.);
#3893 = CARTESIAN_POINT('',(3.386170220375,0.53675,3.4000001));
#3894 = CARTESIAN_POINT('',(3.375531923771,0.57841662693,3.4000001));
#3895 = B_SPLINE_SURFACE_WITH_KNOTS('',1,1,(
    (#3896,#3897)
    ,(#3898,#3899
    )),.UNSPECIFIED.,.F.,.F.,.F.,(2,2),(2,2),(0.,4.300326911272E-02),(0.
    ,5.E-02),.PIECEWISE_BEZIER_KNOTS.);
#3896 = CARTESIAN_POINT('',(3.386170220375,0.53675,3.4000001));
#3897 = CARTESIAN_POINT('',(3.386170220375,0.53675,3.3500001));
#3898 = CARTESIAN_POINT('',(3.375531923771,0.57841662693,3.4000001));
#3899 = CARTESIAN_POINT('',(3.375531923771,0.57841662693,3.3500001));
#3900 = ADVANCED_FACE('',(#3901),#3917,.T.);
#3901 = FACE_BOUND('',#3902,.T.);
#3902 = EDGE_LOOP('',(#3903,#3910,#3911,#3912));
#3903 = ORIENTED_EDGE('',*,*,#3904,.T.);
#3904 = EDGE_CURVE('',#3905,#2957,#3907,.T.);
#3905 = VERTEX_POINT('',#3906);
#3906 = CARTESIAN_POINT('',(3.354255330563,0.60966662693,3.4000001));
#3907 = B_SPLINE_CURVE_WITH_KNOTS('',1,(#3908,#3909),.UNSPECIFIED.,.F.,
  .F.,(2,2),(0.,5.E-02),.PIECEWISE_BEZIER_KNOTS.);
#3908 = CARTESIAN_POINT('',(3.354255330563,0.60966662693,3.4000001));
#3909 = CARTESIAN_POINT('',(3.354255330563,0.60966662693,3.3500001));
#3910 = ORIENTED_EDGE('',*,*,#2956,.F.);
#3911 = ORIENTED_EDGE('',*,*,#3876,.F.);
#3912 = ORIENTED_EDGE('',*,*,#3913,.T.);
#3913 = EDGE_CURVE('',#3877,#3905,#3914,.T.);
#3914 = B_SPLINE_CURVE_WITH_KNOTS('',1,(#3915,#3916),.UNSPECIFIED.,.F.,
  .F.,(2,2),(0.,3.780550116785E-02),.PIECEWISE_BEZIER_KNOTS.);
#3915 = CARTESIAN_POINT('',(3.375531923771,0.57841662693,3.4000001));
#3916 = CARTESIAN_POINT('',(3.354255330563,0.60966662693,3.4000001));
#3917 = B_SPLINE_SURFACE_WITH_KNOTS('',1,1,(
    (#3918,#3919)
    ,(#3920,#3921
    )),.UNSPECIFIED.,.F.,.F.,.F.,(2,2),(2,2),(0.,3.780550116785E-02),(0.
    ,5.E-02),.PIECEWISE_BEZIER_KNOTS.);
#3918 = CARTESIAN_POINT('',(3.375531923771,0.57841662693,3.4000001));
#3919 = CARTESIAN_POINT('',(3.375531923771,0.57841662693,3.3500001));
#3920 = CARTESIAN_POINT('',(3.354255330563,0.60966662693,3.4000001));
#3921 = CARTESIAN_POINT('',(3.354255330563,0.60966662693,3.3500001));
#3922 = ADVANCED_FACE('',(#3923),#3939,.T.);
#3923 = FACE_BOUND('',#3924,.T.);
#3924 = EDGE_LOOP('',(#3925,#3932,#3933,#3934));
#3925 = ORIENTED_EDGE('',*,*,#3926,.T.);
#3926 = EDGE_CURVE('',#3927,#2964,#3929,.T.);
#3927 = VERTEX_POINT('',#3928);
#3928 = CARTESIAN_POINT('',(3.322340410948,0.6305,3.4000001));
#3929 = B_SPLINE_CURVE_WITH_KNOTS('',1,(#3930,#3931),.UNSPECIFIED.,.F.,
  .F.,(2,2),(0.,5.E-02),.PIECEWISE_BEZIER_KNOTS.);
#3930 = CARTESIAN_POINT('',(3.322340410948,0.6305,3.4000001));
#3931 = CARTESIAN_POINT('',(3.322340410948,0.6305,3.3500001));
#3932 = ORIENTED_EDGE('',*,*,#2963,.F.);
#3933 = ORIENTED_EDGE('',*,*,#3904,.F.);
#3934 = ORIENTED_EDGE('',*,*,#3935,.T.);
#3935 = EDGE_CURVE('',#3905,#3927,#3936,.T.);
#3936 = B_SPLINE_CURVE_WITH_KNOTS('',1,(#3937,#3938),.UNSPECIFIED.,.F.,
  .F.,(2,2),(0.,3.811287876142E-02),.PIECEWISE_BEZIER_KNOTS.);
#3937 = CARTESIAN_POINT('',(3.354255330563,0.60966662693,3.4000001));
#3938 = CARTESIAN_POINT('',(3.322340410948,0.6305,3.4000001));
#3939 = B_SPLINE_SURFACE_WITH_KNOTS('',1,1,(
    (#3940,#3941)
    ,(#3942,#3943
    )),.UNSPECIFIED.,.F.,.F.,.F.,(2,2),(2,2),(0.,3.811287876142E-02),(0.
    ,5.E-02),.PIECEWISE_BEZIER_KNOTS.);
#3940 = CARTESIAN_POINT('',(3.354255330563,0.60966662693,3.4000001));
#3941 = CARTESIAN_POINT('',(3.354255330563,0.60966662693,3.3500001));
#3942 = CARTESIAN_POINT('',(3.322340410948,0.6305,3.4000001));
#3943 = CARTESIAN_POINT('',(3.322340410948,0.6305,3.3500001));
#3944 = ADVANCED_FACE('',(#3945),#3961,.T.);
#3945 = FACE_BOUND('',#3946,.T.);
#3946 = EDGE_LOOP('',(#3947,#3954,#3955,#3956));
#3947 = ORIENTED_EDGE('',*,*,#3948,.T.);
#3948 = EDGE_CURVE('',#3949,#2971,#3951,.T.);
#3949 = VERTEX_POINT('',#3950);
#3950 = CARTESIAN_POINT('',(3.279787224531,0.64091662693,3.4000001));
#3951 = B_SPLINE_CURVE_WITH_KNOTS('',1,(#3952,#3953),.UNSPECIFIED.,.F.,
  .F.,(2,2),(0.,5.E-02),.PIECEWISE_BEZIER_KNOTS.);
#3952 = CARTESIAN_POINT('',(3.279787224531,0.64091662693,3.4000001));
#3953 = CARTESIAN_POINT('',(3.279787224531,0.64091662693,3.3500001));
#3954 = ORIENTED_EDGE('',*,*,#2970,.F.);
#3955 = ORIENTED_EDGE('',*,*,#3926,.F.);
#3956 = ORIENTED_EDGE('',*,*,#3957,.T.);
#3957 = EDGE_CURVE('',#3927,#3949,#3958,.T.);
#3958 = B_SPLINE_CURVE_WITH_KNOTS('',1,(#3959,#3960),.UNSPECIFIED.,.F.,
  .F.,(2,2),(0.,4.38095856042E-02),.PIECEWISE_BEZIER_KNOTS.);
#3959 = CARTESIAN_POINT('',(3.322340410948,0.6305,3.4000001));
#3960 = CARTESIAN_POINT('',(3.279787224531,0.64091662693,3.4000001));
#3961 = B_SPLINE_SURFACE_WITH_KNOTS('',1,1,(
    (#3962,#3963)
    ,(#3964,#3965
    )),.UNSPECIFIED.,.F.,.F.,.F.,(2,2),(2,2),(0.,4.38095856042E-02),(0.,
    5.E-02),.PIECEWISE_BEZIER_KNOTS.);
#3962 = CARTESIAN_POINT('',(3.322340410948,0.6305,3.4000001));
#3963 = CARTESIAN_POINT('',(3.322340410948,0.6305,3.3500001));
#3964 = CARTESIAN_POINT('',(3.279787224531,0.64091662693,3.4000001));
#3965 = CARTESIAN_POINT('',(3.279787224531,0.64091662693,3.3500001));
#3966 = ADVANCED_FACE('',(#3967),#3983,.T.);
#3967 = FACE_BOUND('',#3968,.T.);
#3968 = EDGE_LOOP('',(#3969,#3976,#3977,#3978));
#3969 = ORIENTED_EDGE('',*,*,#3970,.T.);
#3970 = EDGE_CURVE('',#3971,#2978,#3973,.T.);
#3971 = VERTEX_POINT('',#3972);
#3972 = CARTESIAN_POINT('',(3.120212760568,0.64091662693,3.4000001));
#3973 = B_SPLINE_CURVE_WITH_KNOTS('',1,(#3974,#3975),.UNSPECIFIED.,.F.,
  .F.,(2,2),(0.,5.E-02),.PIECEWISE_BEZIER_KNOTS.);
#3974 = CARTESIAN_POINT('',(3.120212760568,0.64091662693,3.4000001));
#3975 = CARTESIAN_POINT('',(3.120212760568,0.64091662693,3.3500001));
#3976 = ORIENTED_EDGE('',*,*,#2977,.F.);
#3977 = ORIENTED_EDGE('',*,*,#3948,.F.);
#3978 = ORIENTED_EDGE('',*,*,#3979,.T.);
#3979 = EDGE_CURVE('',#3949,#3971,#3980,.T.);
#3980 = B_SPLINE_CURVE_WITH_KNOTS('',1,(#3981,#3982),.UNSPECIFIED.,.F.,
  .F.,(2,2),(0.,0.159574463964),.PIECEWISE_BEZIER_KNOTS.);
#3981 = CARTESIAN_POINT('',(3.279787224531,0.64091662693,3.4000001));
#3982 = CARTESIAN_POINT('',(3.120212760568,0.64091662693,3.4000001));
#3983 = B_SPLINE_SURFACE_WITH_KNOTS('',1,1,(
    (#3984,#3985)
    ,(#3986,#3987
    )),.UNSPECIFIED.,.F.,.F.,.F.,(2,2),(2,2),(0.,0.159574463964),(0.,
    5.E-02),.PIECEWISE_BEZIER_KNOTS.);
#3984 = CARTESIAN_POINT('',(3.279787224531,0.64091662693,3.4000001));
#3985 = CARTESIAN_POINT('',(3.279787224531,0.64091662693,3.3500001));
#3986 = CARTESIAN_POINT('',(3.120212760568,0.64091662693,3.4000001));
#3987 = CARTESIAN_POINT('',(3.120212760568,0.64091662693,3.3500001));
#3988 = ADVANCED_FACE('',(#3989),#4005,.T.);
#3989 = FACE_BOUND('',#3990,.T.);
#3990 = EDGE_LOOP('',(#3991,#3998,#3999,#4000));
#3991 = ORIENTED_EDGE('',*,*,#3992,.T.);
#3992 = EDGE_CURVE('',#3993,#2985,#3995,.T.);
#3993 = VERTEX_POINT('',#3994);
#3994 = CARTESIAN_POINT('',(3.077659574151,0.6305,3.4000001));
#3995 = B_SPLINE_CURVE_WITH_KNOTS('',1,(#3996,#3997),.UNSPECIFIED.,.F.,
  .F.,(2,2),(0.,5.E-02),.PIECEWISE_BEZIER_KNOTS.);
#3996 = CARTESIAN_POINT('',(3.077659574151,0.6305,3.4000001));
#3997 = CARTESIAN_POINT('',(3.077659574151,0.6305,3.3500001));
#3998 = ORIENTED_EDGE('',*,*,#2984,.F.);
#3999 = ORIENTED_EDGE('',*,*,#3970,.F.);
#4000 = ORIENTED_EDGE('',*,*,#4001,.T.);
#4001 = EDGE_CURVE('',#3971,#3993,#4002,.T.);
#4002 = B_SPLINE_CURVE_WITH_KNOTS('',1,(#4003,#4004),.UNSPECIFIED.,.F.,
  .F.,(2,2),(0.,4.380958560421E-02),.PIECEWISE_BEZIER_KNOTS.);
#4003 = CARTESIAN_POINT('',(3.120212760568,0.64091662693,3.4000001));
#4004 = CARTESIAN_POINT('',(3.077659574151,0.6305,3.4000001));
#4005 = B_SPLINE_SURFACE_WITH_KNOTS('',1,1,(
    (#4006,#4007)
    ,(#4008,#4009
    )),.UNSPECIFIED.,.F.,.F.,.F.,(2,2),(2,2),(0.,4.380958560421E-02),(0.
    ,5.E-02),.PIECEWISE_BEZIER_KNOTS.);
#4006 = CARTESIAN_POINT('',(3.120212760568,0.64091662693,3.4000001));
#4007 = CARTESIAN_POINT('',(3.120212760568,0.64091662693,3.3500001));
#4008 = CARTESIAN_POINT('',(3.077659574151,0.6305,3.4000001));
#4009 = CARTESIAN_POINT('',(3.077659574151,0.6305,3.3500001));
#4010 = ADVANCED_FACE('',(#4011),#4027,.T.);
#4011 = FACE_BOUND('',#4012,.T.);
#4012 = EDGE_LOOP('',(#4013,#4020,#4021,#4022));
#4013 = ORIENTED_EDGE('',*,*,#4014,.T.);
#4014 = EDGE_CURVE('',#4015,#2992,#4017,.T.);
#4015 = VERTEX_POINT('',#4016);
#4016 = CARTESIAN_POINT('',(3.045744684339,0.60966662693,3.4000001));
#4017 = B_SPLINE_CURVE_WITH_KNOTS('',1,(#4018,#4019),.UNSPECIFIED.,.F.,
  .F.,(2,2),(0.,5.E-02),.PIECEWISE_BEZIER_KNOTS.);
#4018 = CARTESIAN_POINT('',(3.045744684339,0.60966662693,3.4000001));
#4019 = CARTESIAN_POINT('',(3.045744684339,0.60966662693,3.3500001));
#4020 = ORIENTED_EDGE('',*,*,#2991,.F.);
#4021 = ORIENTED_EDGE('',*,*,#3992,.F.);
#4022 = ORIENTED_EDGE('',*,*,#4023,.T.);
#4023 = EDGE_CURVE('',#3993,#4015,#4024,.T.);
#4024 = B_SPLINE_CURVE_WITH_KNOTS('',1,(#4025,#4026),.UNSPECIFIED.,.F.,
  .F.,(2,2),(0.,3.811285380559E-02),.PIECEWISE_BEZIER_KNOTS.);
#4025 = CARTESIAN_POINT('',(3.077659574151,0.6305,3.4000001));
#4026 = CARTESIAN_POINT('',(3.045744684339,0.60966662693,3.4000001));
#4027 = B_SPLINE_SURFACE_WITH_KNOTS('',1,1,(
    (#4028,#4029)
    ,(#4030,#4031
    )),.UNSPECIFIED.,.F.,.F.,.F.,(2,2),(2,2),(0.,3.811285380559E-02),(0.
    ,5.E-02),.PIECEWISE_BEZIER_KNOTS.);
#4028 = CARTESIAN_POINT('',(3.077659574151,0.6305,3.4000001));
#4029 = CARTESIAN_POINT('',(3.077659574151,0.6305,3.3500001));
#4030 = CARTESIAN_POINT('',(3.045744684339,0.60966662693,3.4000001));
#4031 = CARTESIAN_POINT('',(3.045744684339,0.60966662693,3.3500001));
#4032 = ADVANCED_FACE('',(#4033),#4049,.T.);
#4033 = FACE_BOUND('',#4034,.T.);
#4034 = EDGE_LOOP('',(#4035,#4042,#4043,#4044));
#4035 = ORIENTED_EDGE('',*,*,#4036,.T.);
#4036 = EDGE_CURVE('',#4037,#2999,#4039,.T.);
#4037 = VERTEX_POINT('',#4038);
#4038 = CARTESIAN_POINT('',(3.02446808368,0.57841662693,3.4000001));
#4039 = B_SPLINE_CURVE_WITH_KNOTS('',1,(#4040,#4041),.UNSPECIFIED.,.F.,
  .F.,(2,2),(0.,5.E-02),.PIECEWISE_BEZIER_KNOTS.);
#4040 = CARTESIAN_POINT('',(3.02446808368,0.57841662693,3.4000001));
#4041 = CARTESIAN_POINT('',(3.02446808368,0.57841662693,3.3500001));
#4042 = ORIENTED_EDGE('',*,*,#2998,.F.);
#4043 = ORIENTED_EDGE('',*,*,#4014,.F.);
#4044 = ORIENTED_EDGE('',*,*,#4045,.T.);
#4045 = EDGE_CURVE('',#4015,#4037,#4046,.T.);
#4046 = B_SPLINE_CURVE_WITH_KNOTS('',1,(#4047,#4048),.UNSPECIFIED.,.F.,
  .F.,(2,2),(0.,3.780550536096E-02),.PIECEWISE_BEZIER_KNOTS.);
#4047 = CARTESIAN_POINT('',(3.045744684339,0.60966662693,3.4000001));
#4048 = CARTESIAN_POINT('',(3.02446808368,0.57841662693,3.4000001));
#4049 = B_SPLINE_SURFACE_WITH_KNOTS('',1,1,(
    (#4050,#4051)
    ,(#4052,#4053
    )),.UNSPECIFIED.,.F.,.F.,.F.,(2,2),(2,2),(0.,3.780550536096E-02),(0.
    ,5.E-02),.PIECEWISE_BEZIER_KNOTS.);
#4050 = CARTESIAN_POINT('',(3.045744684339,0.60966662693,3.4000001));
#4051 = CARTESIAN_POINT('',(3.045744684339,0.60966662693,3.3500001));
#4052 = CARTESIAN_POINT('',(3.02446808368,0.57841662693,3.4000001));
#4053 = CARTESIAN_POINT('',(3.02446808368,0.57841662693,3.3500001));
#4054 = ADVANCED_FACE('',(#4055),#4071,.T.);
#4055 = FACE_BOUND('',#4056,.T.);
#4056 = EDGE_LOOP('',(#4057,#4064,#4065,#4066));
#4057 = ORIENTED_EDGE('',*,*,#4058,.T.);
#4058 = EDGE_CURVE('',#4059,#3006,#4061,.T.);
#4059 = VERTEX_POINT('',#4060);
#4060 = CARTESIAN_POINT('',(3.013829787076,0.53675,3.4000001));
#4061 = B_SPLINE_CURVE_WITH_KNOTS('',1,(#4062,#4063),.UNSPECIFIED.,.F.,
  .F.,(2,2),(0.,5.E-02),.PIECEWISE_BEZIER_KNOTS.);
#4062 = CARTESIAN_POINT('',(3.013829787076,0.53675,3.4000001));
#4063 = CARTESIAN_POINT('',(3.013829787076,0.53675,3.3500001));
#4064 = ORIENTED_EDGE('',*,*,#3005,.F.);
#4065 = ORIENTED_EDGE('',*,*,#4036,.F.);
#4066 = ORIENTED_EDGE('',*,*,#4067,.T.);
#4067 = EDGE_CURVE('',#4037,#4059,#4068,.T.);
#4068 = B_SPLINE_CURVE_WITH_KNOTS('',1,(#4069,#4070),.UNSPECIFIED.,.F.,
  .F.,(2,2),(0.,4.300326911273E-02),.PIECEWISE_BEZIER_KNOTS.);
#4069 = CARTESIAN_POINT('',(3.02446808368,0.57841662693,3.4000001));
#4070 = CARTESIAN_POINT('',(3.013829787076,0.53675,3.4000001));
#4071 = B_SPLINE_SURFACE_WITH_KNOTS('',1,1,(
    (#4072,#4073)
    ,(#4074,#4075
    )),.UNSPECIFIED.,.F.,.F.,.F.,(2,2),(2,2),(0.,4.300326911273E-02),(0.
    ,5.E-02),.PIECEWISE_BEZIER_KNOTS.);
#4072 = CARTESIAN_POINT('',(3.02446808368,0.57841662693,3.4000001));
#4073 = CARTESIAN_POINT('',(3.02446808368,0.57841662693,3.3500001));
#4074 = CARTESIAN_POINT('',(3.013829787076,0.53675,3.4000001));
#4075 = CARTESIAN_POINT('',(3.013829787076,0.53675,3.3500001));
#4076 = ADVANCED_FACE('',(#4077),#4093,.T.);
#4077 = FACE_BOUND('',#4078,.T.);
#4078 = EDGE_LOOP('',(#4079,#4086,#4087,#4088));
#4079 = ORIENTED_EDGE('',*,*,#4080,.T.);
#4080 = EDGE_CURVE('',#4081,#3013,#4083,.T.);
#4081 = VERTEX_POINT('',#4082);
#4082 = CARTESIAN_POINT('',(3.013829787076,0.34925,3.4000001));
#4083 = B_SPLINE_CURVE_WITH_KNOTS('',1,(#4084,#4085),.UNSPECIFIED.,.F.,
  .F.,(2,2),(0.,5.E-02),.PIECEWISE_BEZIER_KNOTS.);
#4084 = CARTESIAN_POINT('',(3.013829787076,0.34925,3.4000001));
#4085 = CARTESIAN_POINT('',(3.013829787076,0.34925,3.3500001));
#4086 = ORIENTED_EDGE('',*,*,#3012,.F.);
#4087 = ORIENTED_EDGE('',*,*,#4058,.F.);
#4088 = ORIENTED_EDGE('',*,*,#4089,.T.);
#4089 = EDGE_CURVE('',#4059,#4081,#4090,.T.);
#4090 = B_SPLINE_CURVE_WITH_KNOTS('',1,(#4091,#4092),.UNSPECIFIED.,.F.,
  .F.,(2,2),(0.,0.1875),.PIECEWISE_BEZIER_KNOTS.);
#4091 = CARTESIAN_POINT('',(3.013829787076,0.53675,3.4000001));
#4092 = CARTESIAN_POINT('',(3.013829787076,0.34925,3.4000001));
#4093 = B_SPLINE_SURFACE_WITH_KNOTS('',1,1,(
    (#4094,#4095)
    ,(#4096,#4097
    )),.UNSPECIFIED.,.F.,.F.,.F.,(2,2),(2,2),(0.,0.1875),(0.,5.E-02),
  .PIECEWISE_BEZIER_KNOTS.);
#4094 = CARTESIAN_POINT('',(3.013829787076,0.53675,3.4000001));
#4095 = CARTESIAN_POINT('',(3.013829787076,0.53675,3.3500001));
#4096 = CARTESIAN_POINT('',(3.013829787076,0.34925,3.4000001));
#4097 = CARTESIAN_POINT('',(3.013829787076,0.34925,3.3500001));
#4098 = ADVANCED_FACE('',(#4099),#4115,.T.);
#4099 = FACE_BOUND('',#4100,.T.);
#4100 = EDGE_LOOP('',(#4101,#4108,#4109,#4110));
#4101 = ORIENTED_EDGE('',*,*,#4102,.T.);
#4102 = EDGE_CURVE('',#4103,#3020,#4105,.T.);
#4103 = VERTEX_POINT('',#4104);
#4104 = CARTESIAN_POINT('',(3.386170220375,0.34925,3.4000001));
#4105 = B_SPLINE_CURVE_WITH_KNOTS('',1,(#4106,#4107),.UNSPECIFIED.,.F.,
  .F.,(2,2),(0.,5.E-02),.PIECEWISE_BEZIER_KNOTS.);
#4106 = CARTESIAN_POINT('',(3.386170220375,0.34925,3.4000001));
#4107 = CARTESIAN_POINT('',(3.386170220375,0.34925,3.3500001));
#4108 = ORIENTED_EDGE('',*,*,#3019,.F.);
#4109 = ORIENTED_EDGE('',*,*,#4080,.F.);
#4110 = ORIENTED_EDGE('',*,*,#4111,.T.);
#4111 = EDGE_CURVE('',#4081,#4103,#4112,.T.);
#4112 = B_SPLINE_CURVE_WITH_KNOTS('',1,(#4113,#4114),.UNSPECIFIED.,.F.,
  .F.,(2,2),(0.,0.3723404333),.PIECEWISE_BEZIER_KNOTS.);
#4113 = CARTESIAN_POINT('',(3.013829787076,0.34925,3.4000001));
#4114 = CARTESIAN_POINT('',(3.386170220375,0.34925,3.4000001));
#4115 = B_SPLINE_SURFACE_WITH_KNOTS('',1,1,(
    (#4116,#4117)
    ,(#4118,#4119
    )),.UNSPECIFIED.,.F.,.F.,.F.,(2,2),(2,2),(0.,0.3723404333),(0.,
    5.E-02),.PIECEWISE_BEZIER_KNOTS.);
#4116 = CARTESIAN_POINT('',(3.013829787076,0.34925,3.4000001));
#4117 = CARTESIAN_POINT('',(3.013829787076,0.34925,3.3500001));
#4118 = CARTESIAN_POINT('',(3.386170220375,0.34925,3.4000001));
#4119 = CARTESIAN_POINT('',(3.386170220375,0.34925,3.3500001));
#4120 = ADVANCED_FACE('',(#4121),#4131,.T.);
#4121 = FACE_BOUND('',#4122,.T.);
#4122 = EDGE_LOOP('',(#4123,#4124,#4125,#4126));
#4123 = ORIENTED_EDGE('',*,*,#3884,.T.);
#4124 = ORIENTED_EDGE('',*,*,#3026,.F.);
#4125 = ORIENTED_EDGE('',*,*,#4102,.F.);
#4126 = ORIENTED_EDGE('',*,*,#4127,.T.);
#4127 = EDGE_CURVE('',#4103,#3885,#4128,.T.);
#4128 = B_SPLINE_CURVE_WITH_KNOTS('',1,(#4129,#4130),.UNSPECIFIED.,.F.,
  .F.,(2,2),(0.,0.1875),.PIECEWISE_BEZIER_KNOTS.);
#4129 = CARTESIAN_POINT('',(3.386170220375,0.34925,3.4000001));
#4130 = CARTESIAN_POINT('',(3.386170220375,0.53675,3.4000001));
#4131 = B_SPLINE_SURFACE_WITH_KNOTS('',1,1,(
    (#4132,#4133)
    ,(#4134,#4135
    )),.UNSPECIFIED.,.F.,.F.,.F.,(2,2),(2,2),(0.,0.1875),(0.,5.E-02),
  .PIECEWISE_BEZIER_KNOTS.);
#4132 = CARTESIAN_POINT('',(3.386170220375,0.34925,3.4000001));
#4133 = CARTESIAN_POINT('',(3.386170220375,0.34925,3.3500001));
#4134 = CARTESIAN_POINT('',(3.386170220375,0.53675,3.4000001));
#4135 = CARTESIAN_POINT('',(3.386170220375,0.53675,3.3500001));
#4136 = ADVANCED_FACE('',(#4137,#4143),#4173,.T.);
#4137 = FACE_BOUND('',#4138,.T.);
#4138 = EDGE_LOOP('',(#4139,#4140,#4141,#4142));
#4139 = ORIENTED_EDGE('',*,*,#3076,.T.);
#4140 = ORIENTED_EDGE('',*,*,#3292,.F.);
#4141 = ORIENTED_EDGE('',*,*,#3268,.T.);
#4142 = ORIENTED_EDGE('',*,*,#3821,.F.);
#4143 = FACE_BOUND('',#4144,.T.);
#4144 = EDGE_LOOP('',(#4145,#4154,#4161,#4168));
#4145 = ORIENTED_EDGE('',*,*,#4146,.F.);
#4146 = EDGE_CURVE('',#4147,#4149,#4151,.T.);
#4147 = VERTEX_POINT('',#4148);
#4148 = CARTESIAN_POINT('',(-1.6,-0.83,3.6000001));
#4149 = VERTEX_POINT('',#4150);
#4150 = CARTESIAN_POINT('',(-1.6,-0.13,3.6000001));
#4151 = B_SPLINE_CURVE_WITH_KNOTS('',1,(#4152,#4153),.UNSPECIFIED.,.F.,
  .F.,(2,2),(0.,0.7),.PIECEWISE_BEZIER_KNOTS.);
#4152 = CARTESIAN_POINT('',(-1.6,-0.83,3.6000001));
#4153 = CARTESIAN_POINT('',(-1.6,-0.13,3.6000001));
#4154 = ORIENTED_EDGE('',*,*,#4155,.F.);
#4155 = EDGE_CURVE('',#4156,#4147,#4158,.T.);
#4156 = VERTEX_POINT('',#4157);
#4157 = CARTESIAN_POINT('',(-0.9,-0.83,3.6000001));
#4158 = B_SPLINE_CURVE_WITH_KNOTS('',1,(#4159,#4160),.UNSPECIFIED.,.F.,
  .F.,(2,2),(0.,0.7),.PIECEWISE_BEZIER_KNOTS.);
#4159 = CARTESIAN_POINT('',(-0.9,-0.83,3.6000001));
#4160 = CARTESIAN_POINT('',(-1.6,-0.83,3.6000001));
#4161 = ORIENTED_EDGE('',*,*,#4162,.F.);
#4162 = EDGE_CURVE('',#4163,#4156,#4165,.T.);
#4163 = VERTEX_POINT('',#4164);
#4164 = CARTESIAN_POINT('',(-0.9,-0.13,3.6000001));
#4165 = B_SPLINE_CURVE_WITH_KNOTS('',1,(#4166,#4167),.UNSPECIFIED.,.F.,
  .F.,(2,2),(0.,0.7),.PIECEWISE_BEZIER_KNOTS.);
#4166 = CARTESIAN_POINT('',(-0.9,-0.13,3.6000001));
#4167 = CARTESIAN_POINT('',(-0.9,-0.83,3.6000001));
#4168 = ORIENTED_EDGE('',*,*,#4169,.F.);
#4169 = EDGE_CURVE('',#4149,#4163,#4170,.T.);
#4170 = B_SPLINE_CURVE_WITH_KNOTS('',1,(#4171,#4172),.UNSPECIFIED.,.F.,
  .F.,(2,2),(0.,0.7),.PIECEWISE_BEZIER_KNOTS.);
#4171 = CARTESIAN_POINT('',(-1.6,-0.13,3.6000001));
#4172 = CARTESIAN_POINT('',(-0.9,-0.13,3.6000001));
#4173 = B_SPLINE_SURFACE_WITH_KNOTS('',1,1,(
    (#4174,#4175)
    ,(#4176,#4177
    )),.UNSPECIFIED.,.F.,.F.,.F.,(2,2),(2,2),(0.4,2.1),(-0.3,1.5),
  .PIECEWISE_BEZIER_KNOTS.);
#4174 = CARTESIAN_POINT('',(-2.1,0.3,3.6000001));
#4175 = CARTESIAN_POINT('',(-2.1,-1.5,3.6000001));
#4176 = CARTESIAN_POINT('',(-0.4,0.3,3.6000001));
#4177 = CARTESIAN_POINT('',(-0.4,-1.5,3.6000001));
#4178 = ADVANCED_FACE('',(#4179),#4195,.F.);
#4179 = FACE_BOUND('',#4180,.T.);
#4180 = EDGE_LOOP('',(#4181,#4182,#4189,#4194));
#4181 = ORIENTED_EDGE('',*,*,#3401,.T.);
#4182 = ORIENTED_EDGE('',*,*,#4183,.T.);
#4183 = EDGE_CURVE('',#3395,#4184,#4186,.T.);
#4184 = VERTEX_POINT('',#4185);
#4185 = CARTESIAN_POINT('',(-3.1,-1.25,7.4000001));
#4186 = B_SPLINE_CURVE_WITH_KNOTS('',1,(#4187,#4188),.UNSPECIFIED.,.F.,
  .F.,(2,2),(0.,1.),.PIECEWISE_BEZIER_KNOTS.);
#4187 = CARTESIAN_POINT('',(-3.1,-2.25,7.4000001));
#4188 = CARTESIAN_POINT('',(-3.1,-1.25,7.4000001));
#4189 = ORIENTED_EDGE('',*,*,#4190,.F.);
#4190 = EDGE_CURVE('',#3130,#4184,#4191,.T.);
#4191 = B_SPLINE_CURVE_WITH_KNOTS('',1,(#4192,#4193),.UNSPECIFIED.,.F.,
  .F.,(2,2),(0.,0.65),.PIECEWISE_BEZIER_KNOTS.);
#4192 = CARTESIAN_POINT('',(-3.75,-1.25,7.4000001));
#4193 = CARTESIAN_POINT('',(-3.1,-1.25,7.4000001));
#4194 = ORIENTED_EDGE('',*,*,#3129,.T.);
#4195 = B_SPLINE_SURFACE_WITH_KNOTS('',1,1,(
    (#4196,#4197)
    ,(#4198,#4199
    )),.UNSPECIFIED.,.F.,.F.,.F.,(2,2),(2,2),(0.,1.),(-0.65,0.),
  .PIECEWISE_BEZIER_KNOTS.);
#4196 = CARTESIAN_POINT('',(-3.1,-1.25,7.4000001));
#4197 = CARTESIAN_POINT('',(-3.75,-1.25,7.4000001));
#4198 = CARTESIAN_POINT('',(-3.1,-2.25,7.4000001));
#4199 = CARTESIAN_POINT('',(-3.75,-2.25,7.4000001));
#4200 = ADVANCED_FACE('',(#4201),#4218,.F.);
#4201 = FACE_BOUND('',#4202,.T.);
#4202 = EDGE_LOOP('',(#4203,#4204,#4205,#4206,#4213));
#4203 = ORIENTED_EDGE('',*,*,#3173,.F.);
#4204 = ORIENTED_EDGE('',*,*,#3136,.T.);
#4205 = ORIENTED_EDGE('',*,*,#4190,.T.);
#4206 = ORIENTED_EDGE('',*,*,#4207,.F.);
#4207 = EDGE_CURVE('',#4208,#4184,#4210,.T.);
#4208 = VERTEX_POINT('',#4209);
#4209 = CARTESIAN_POINT('',(-3.1,-1.25,10.2000001));
#4210 = B_SPLINE_CURVE_WITH_KNOTS('',1,(#4211,#4212),.UNSPECIFIED.,.F.,
  .F.,(2,2),(0.,2.8),.PIECEWISE_BEZIER_KNOTS.);
#4211 = CARTESIAN_POINT('',(-3.1,-1.25,10.2000001));
#4212 = CARTESIAN_POINT('',(-3.1,-1.25,7.4000001));
#4213 = ORIENTED_EDGE('',*,*,#4214,.T.);
#4214 = EDGE_CURVE('',#4208,#3174,#4215,.T.);
#4215 = B_SPLINE_CURVE_WITH_KNOTS('',1,(#4216,#4217),.UNSPECIFIED.,.F.,
  .F.,(2,2),(0.,0.282842712475),.PIECEWISE_BEZIER_KNOTS.);
#4216 = CARTESIAN_POINT('',(-3.1,-1.25,10.2000001));
#4217 = CARTESIAN_POINT('',(-3.3,-1.25,10.4000001));
#4218 = B_SPLINE_SURFACE_WITH_KNOTS('',1,1,(
    (#4219,#4220)
    ,(#4221,#4222
    )),.UNSPECIFIED.,.F.,.F.,.F.,(2,2),(2,2),(0.,3.),(-0.65,0.),
  .PIECEWISE_BEZIER_KNOTS.);
#4219 = CARTESIAN_POINT('',(-3.1,-1.25,10.4000001));
#4220 = CARTESIAN_POINT('',(-3.75,-1.25,10.4000001));
#4221 = CARTESIAN_POINT('',(-3.1,-1.25,7.4000001));
#4222 = CARTESIAN_POINT('',(-3.75,-1.25,7.4000001));
#4223 = ADVANCED_FACE('',(#4224),#4246,.T.);
#4224 = FACE_BOUND('',#4225,.T.);
#4225 = EDGE_LOOP('',(#4226,#4233,#4234,#4241));
#4226 = ORIENTED_EDGE('',*,*,#4227,.T.);
#4227 = EDGE_CURVE('',#4228,#3152,#4230,.T.);
#4228 = VERTEX_POINT('',#4229);
#4229 = CARTESIAN_POINT('',(3.1,2.25,10.2000001));
#4230 = B_SPLINE_CURVE_WITH_KNOTS('',1,(#4231,#4232),.UNSPECIFIED.,.F.,
  .F.,(2,2),(0.,0.346410161514),.PIECEWISE_BEZIER_KNOTS.);
#4231 = CARTESIAN_POINT('',(3.1,2.25,10.2000001));
#4232 = CARTESIAN_POINT('',(3.3,2.45,10.4000001));
#4233 = ORIENTED_EDGE('',*,*,#3149,.F.);
#4234 = ORIENTED_EDGE('',*,*,#4235,.F.);
#4235 = EDGE_CURVE('',#4236,#3150,#4238,.T.);
#4236 = VERTEX_POINT('',#4237);
#4237 = CARTESIAN_POINT('',(-3.1,2.25,10.2000001));
#4238 = B_SPLINE_CURVE_WITH_KNOTS('',1,(#4239,#4240),.UNSPECIFIED.,.F.,
  .F.,(2,2),(0.,0.346410161514),.PIECEWISE_BEZIER_KNOTS.);
#4239 = CARTESIAN_POINT('',(-3.1,2.25,10.2000001));
#4240 = CARTESIAN_POINT('',(-3.3,2.45,10.4000001));
#4241 = ORIENTED_EDGE('',*,*,#4242,.T.);
#4242 = EDGE_CURVE('',#4236,#4228,#4243,.T.);
#4243 = B_SPLINE_CURVE_WITH_KNOTS('',1,(#4244,#4245),.UNSPECIFIED.,.F.,
  .F.,(2,2),(0.,6.2),.PIECEWISE_BEZIER_KNOTS.);
#4244 = CARTESIAN_POINT('',(-3.1,2.25,10.2000001));
#4245 = CARTESIAN_POINT('',(3.1,2.25,10.2000001));
#4246 = B_SPLINE_SURFACE_WITH_KNOTS('',1,1,(
    (#4247,#4248)
    ,(#4249,#4250
    )),.UNSPECIFIED.,.F.,.F.,.F.,(2,2),(2,2),(-0.141421356237,
    0.141421356237),(-3.3,3.3),.PIECEWISE_BEZIER_KNOTS.);
#4247 = CARTESIAN_POINT('',(-3.3,2.45,10.4000001));
#4248 = CARTESIAN_POINT('',(3.3,2.45,10.4000001));
#4249 = CARTESIAN_POINT('',(-3.3,2.25,10.2000001));
#4250 = CARTESIAN_POINT('',(3.3,2.25,10.2000001));
#4251 = ADVANCED_FACE('',(#4252),#4262,.T.);
#4252 = FACE_BOUND('',#4253,.T.);
#4253 = EDGE_LOOP('',(#4254,#4255,#4256,#4261));
#4254 = ORIENTED_EDGE('',*,*,#3158,.F.);
#4255 = ORIENTED_EDGE('',*,*,#4227,.F.);
#4256 = ORIENTED_EDGE('',*,*,#4257,.T.);
#4257 = EDGE_CURVE('',#4228,#3512,#4258,.T.);
#4258 = B_SPLINE_CURVE_WITH_KNOTS('',1,(#4259,#4260),.UNSPECIFIED.,.F.,
  .F.,(2,2),(0.,3.5),.PIECEWISE_BEZIER_KNOTS.);
#4259 = CARTESIAN_POINT('',(3.1,2.25,10.2000001));
#4260 = CARTESIAN_POINT('',(3.1,-1.25,10.2000001));
#4261 = ORIENTED_EDGE('',*,*,#3521,.F.);
#4262 = B_SPLINE_SURFACE_WITH_KNOTS('',1,1,(
    (#4263,#4264)
    ,(#4265,#4266
    )),.UNSPECIFIED.,.F.,.F.,.F.,(2,2),(2,2),(-0.141421356237,
    0.141421356237),(-1.95,1.75),.PIECEWISE_BEZIER_KNOTS.);
#4263 = CARTESIAN_POINT('',(3.3,2.45,10.4000001));
#4264 = CARTESIAN_POINT('',(3.3,-1.25,10.4000001));
#4265 = CARTESIAN_POINT('',(3.1,2.45,10.2000001));
#4266 = CARTESIAN_POINT('',(3.1,-1.25,10.2000001));
#4267 = ADVANCED_FACE('',(#4268),#4278,.T.);
#4268 = FACE_BOUND('',#4269,.T.);
#4269 = EDGE_LOOP('',(#4270,#4275,#4276,#4277));
#4270 = ORIENTED_EDGE('',*,*,#4271,.T.);
#4271 = EDGE_CURVE('',#4208,#4236,#4272,.T.);
#4272 = B_SPLINE_CURVE_WITH_KNOTS('',1,(#4273,#4274),.UNSPECIFIED.,.F.,
  .F.,(2,2),(0.,3.5),.PIECEWISE_BEZIER_KNOTS.);
#4273 = CARTESIAN_POINT('',(-3.1,-1.25,10.2000001));
#4274 = CARTESIAN_POINT('',(-3.1,2.25,10.2000001));
#4275 = ORIENTED_EDGE('',*,*,#4235,.T.);
#4276 = ORIENTED_EDGE('',*,*,#3180,.F.);
#4277 = ORIENTED_EDGE('',*,*,#4214,.F.);
#4278 = B_SPLINE_SURFACE_WITH_KNOTS('',1,1,(
    (#4279,#4280)
    ,(#4281,#4282
    )),.UNSPECIFIED.,.F.,.F.,.F.,(2,2),(2,2),(-0.141421356237,
    0.141421356237),(-1.75,1.95),.PIECEWISE_BEZIER_KNOTS.);
#4279 = CARTESIAN_POINT('',(-3.3,-1.25,10.4000001));
#4280 = CARTESIAN_POINT('',(-3.3,2.45,10.4000001));
#4281 = CARTESIAN_POINT('',(-3.1,-1.25,10.2000001));
#4282 = CARTESIAN_POINT('',(-3.1,2.45,10.2000001));
#4283 = ADVANCED_FACE('',(#4284),#4316,.F.);
#4284 = FACE_BOUND('',#4285,.T.);
#4285 = EDGE_LOOP('',(#4286,#4287,#4288,#4289,#4290,#4297,#4304,#4311));
#4286 = ORIENTED_EDGE('',*,*,#3380,.F.);
#4287 = ORIENTED_EDGE('',*,*,#3305,.T.);
#4288 = ORIENTED_EDGE('',*,*,#3511,.F.);
#4289 = ORIENTED_EDGE('',*,*,#4257,.F.);
#4290 = ORIENTED_EDGE('',*,*,#4291,.T.);
#4291 = EDGE_CURVE('',#4228,#4292,#4294,.T.);
#4292 = VERTEX_POINT('',#4293);
#4293 = CARTESIAN_POINT('',(3.1,2.25,5.1000001));
#4294 = B_SPLINE_CURVE_WITH_KNOTS('',1,(#4295,#4296),.UNSPECIFIED.,.F.,
  .F.,(2,2),(0.,5.1),.PIECEWISE_BEZIER_KNOTS.);
#4295 = CARTESIAN_POINT('',(3.1,2.25,10.2000001));
#4296 = CARTESIAN_POINT('',(3.1,2.25,5.1000001));
#4297 = ORIENTED_EDGE('',*,*,#4298,.T.);
#4298 = EDGE_CURVE('',#4292,#4299,#4301,.T.);
#4299 = VERTEX_POINT('',#4300);
#4300 = CARTESIAN_POINT('',(3.1,0.4,5.1000001));
#4301 = B_SPLINE_CURVE_WITH_KNOTS('',1,(#4302,#4303),.UNSPECIFIED.,.F.,
  .F.,(2,2),(0.,1.85),.PIECEWISE_BEZIER_KNOTS.);
#4302 = CARTESIAN_POINT('',(3.1,2.25,5.1000001));
#4303 = CARTESIAN_POINT('',(3.1,0.4,5.1000001));
#4304 = ORIENTED_EDGE('',*,*,#4305,.T.);
#4305 = EDGE_CURVE('',#4299,#4306,#4308,.T.);
#4306 = VERTEX_POINT('',#4307);
#4307 = CARTESIAN_POINT('',(3.1,0.,5.3500001));
#4308 = B_SPLINE_CURVE_WITH_KNOTS('',1,(#4309,#4310),.UNSPECIFIED.,.F.,
  .F.,(2,2),(0.,0.471699056603),.PIECEWISE_BEZIER_KNOTS.);
#4309 = CARTESIAN_POINT('',(3.1,0.4,5.1000001));
#4310 = CARTESIAN_POINT('',(3.1,5.418435943254E-16,5.3500001));
#4311 = ORIENTED_EDGE('',*,*,#4312,.F.);
#4312 = EDGE_CURVE('',#3381,#4306,#4313,.T.);
#4313 = B_SPLINE_CURVE_WITH_KNOTS('',1,(#4314,#4315),.UNSPECIFIED.,.F.,
  .F.,(2,2),(0.,2.25),.PIECEWISE_BEZIER_KNOTS.);
#4314 = CARTESIAN_POINT('',(3.1,-2.25,5.3500001));
#4315 = CARTESIAN_POINT('',(3.1,0.,5.3500001));
#4316 = B_SPLINE_SURFACE_WITH_KNOTS('',1,1,(
    (#4317,#4318)
    ,(#4319,#4320
    )),.UNSPECIFIED.,.F.,.F.,.F.,(2,2),(2,2),(0.,4.5),(-5.3,-0.2),
  .PIECEWISE_BEZIER_KNOTS.);
#4317 = CARTESIAN_POINT('',(3.1,-2.25,5.1000001));
#4318 = CARTESIAN_POINT('',(3.1,-2.25,10.2000001));
#4319 = CARTESIAN_POINT('',(3.1,2.25,5.1000001));
#4320 = CARTESIAN_POINT('',(3.1,2.25,10.2000001));
#4321 = ADVANCED_FACE('',(#4322,#4352,#4382),#4398,.T.);
#4322 = FACE_BOUND('',#4323,.T.);
#4323 = EDGE_LOOP('',(#4324,#4333,#4340,#4347));
#4324 = ORIENTED_EDGE('',*,*,#4325,.T.);
#4325 = EDGE_CURVE('',#4326,#4328,#4330,.T.);
#4326 = VERTEX_POINT('',#4327);
#4327 = CARTESIAN_POINT('',(-0.9,-0.13,5.3500001));
#4328 = VERTEX_POINT('',#4329);
#4329 = CARTESIAN_POINT('',(-0.9,-0.83,5.3500001));
#4330 = B_SPLINE_CURVE_WITH_KNOTS('',1,(#4331,#4332),.UNSPECIFIED.,.F.,
  .F.,(2,2),(0.,0.7),.PIECEWISE_BEZIER_KNOTS.);
#4331 = CARTESIAN_POINT('',(-0.9,-0.13,5.3500001));
#4332 = CARTESIAN_POINT('',(-0.9,-0.83,5.3500001));
#4333 = ORIENTED_EDGE('',*,*,#4334,.T.);
#4334 = EDGE_CURVE('',#4328,#4335,#4337,.T.);
#4335 = VERTEX_POINT('',#4336);
#4336 = CARTESIAN_POINT('',(-1.6,-0.83,5.3500001));
#4337 = B_SPLINE_CURVE_WITH_KNOTS('',1,(#4338,#4339),.UNSPECIFIED.,.F.,
  .F.,(2,2),(0.,0.7),.PIECEWISE_BEZIER_KNOTS.);
#4338 = CARTESIAN_POINT('',(-0.9,-0.83,5.3500001));
#4339 = CARTESIAN_POINT('',(-1.6,-0.83,5.3500001));
#4340 = ORIENTED_EDGE('',*,*,#4341,.T.);
#4341 = EDGE_CURVE('',#4335,#4342,#4344,.T.);
#4342 = VERTEX_POINT('',#4343);
#4343 = CARTESIAN_POINT('',(-1.6,-0.13,5.3500001));
#4344 = B_SPLINE_CURVE_WITH_KNOTS('',1,(#4345,#4346),.UNSPECIFIED.,.F.,
  .F.,(2,2),(0.,0.7),.PIECEWISE_BEZIER_KNOTS.);
#4345 = CARTESIAN_POINT('',(-1.6,-0.83,5.3500001));
#4346 = CARTESIAN_POINT('',(-1.6,-0.13,5.3500001));
#4347 = ORIENTED_EDGE('',*,*,#4348,.T.);
#4348 = EDGE_CURVE('',#4342,#4326,#4349,.T.);
#4349 = B_SPLINE_CURVE_WITH_KNOTS('',1,(#4350,#4351),.UNSPECIFIED.,.F.,
  .F.,(2,2),(0.,0.7),.PIECEWISE_BEZIER_KNOTS.);
#4350 = CARTESIAN_POINT('',(-1.6,-0.13,5.3500001));
#4351 = CARTESIAN_POINT('',(-0.9,-0.13,5.3500001));
#4352 = FACE_BOUND('',#4353,.T.);
#4353 = EDGE_LOOP('',(#4354,#4363,#4370,#4377));
#4354 = ORIENTED_EDGE('',*,*,#4355,.T.);
#4355 = EDGE_CURVE('',#4356,#4358,#4360,.T.);
#4356 = VERTEX_POINT('',#4357);
#4357 = CARTESIAN_POINT('',(1.6,-0.13,5.3500001));
#4358 = VERTEX_POINT('',#4359);
#4359 = CARTESIAN_POINT('',(1.6,-0.83,5.3500001));
#4360 = B_SPLINE_CURVE_WITH_KNOTS('',1,(#4361,#4362),.UNSPECIFIED.,.F.,
  .F.,(2,2),(0.,0.7),.PIECEWISE_BEZIER_KNOTS.);
#4361 = CARTESIAN_POINT('',(1.6,-0.13,5.3500001));
#4362 = CARTESIAN_POINT('',(1.6,-0.83,5.3500001));
#4363 = ORIENTED_EDGE('',*,*,#4364,.T.);
#4364 = EDGE_CURVE('',#4358,#4365,#4367,.T.);
#4365 = VERTEX_POINT('',#4366);
#4366 = CARTESIAN_POINT('',(0.9,-0.83,5.3500001));
#4367 = B_SPLINE_CURVE_WITH_KNOTS('',1,(#4368,#4369),.UNSPECIFIED.,.F.,
  .F.,(2,2),(0.,0.7),.PIECEWISE_BEZIER_KNOTS.);
#4368 = CARTESIAN_POINT('',(1.6,-0.83,5.3500001));
#4369 = CARTESIAN_POINT('',(0.9,-0.83,5.3500001));
#4370 = ORIENTED_EDGE('',*,*,#4371,.T.);
#4371 = EDGE_CURVE('',#4365,#4372,#4374,.T.);
#4372 = VERTEX_POINT('',#4373);
#4373 = CARTESIAN_POINT('',(0.9,-0.13,5.3500001));
#4374 = B_SPLINE_CURVE_WITH_KNOTS('',1,(#4375,#4376),.UNSPECIFIED.,.F.,
  .F.,(2,2),(0.,0.7),.PIECEWISE_BEZIER_KNOTS.);
#4375 = CARTESIAN_POINT('',(0.9,-0.83,5.3500001));
#4376 = CARTESIAN_POINT('',(0.9,-0.13,5.3500001));
#4377 = ORIENTED_EDGE('',*,*,#4378,.T.);
#4378 = EDGE_CURVE('',#4372,#4356,#4379,.T.);
#4379 = B_SPLINE_CURVE_WITH_KNOTS('',1,(#4380,#4381),.UNSPECIFIED.,.F.,
  .F.,(2,2),(0.,0.7),.PIECEWISE_BEZIER_KNOTS.);
#4380 = CARTESIAN_POINT('',(0.9,-0.13,5.3500001));
#4381 = CARTESIAN_POINT('',(1.6,-0.13,5.3500001));
#4382 = FACE_BOUND('',#4383,.T.);
#4383 = EDGE_LOOP('',(#4384,#4391,#4392,#4393));
#4384 = ORIENTED_EDGE('',*,*,#4385,.T.);
#4385 = EDGE_CURVE('',#4386,#3388,#4388,.T.);
#4386 = VERTEX_POINT('',#4387);
#4387 = CARTESIAN_POINT('',(-3.1,1.480297366167E-16,5.3500001));
#4388 = B_SPLINE_CURVE_WITH_KNOTS('',1,(#4389,#4390),.UNSPECIFIED.,.F.,
  .F.,(2,2),(-1.480297366167E-16,2.25),.PIECEWISE_BEZIER_KNOTS.);
#4389 = CARTESIAN_POINT('',(-3.1,1.480297366167E-16,5.3500001));
#4390 = CARTESIAN_POINT('',(-3.1,-2.25,5.3500001));
#4391 = ORIENTED_EDGE('',*,*,#3387,.T.);
#4392 = ORIENTED_EDGE('',*,*,#4312,.T.);
#4393 = ORIENTED_EDGE('',*,*,#4394,.F.);
#4394 = EDGE_CURVE('',#4386,#4306,#4395,.T.);
#4395 = B_SPLINE_CURVE_WITH_KNOTS('',1,(#4396,#4397),.UNSPECIFIED.,.F.,
  .F.,(2,2),(0.,6.2),.PIECEWISE_BEZIER_KNOTS.);
#4396 = CARTESIAN_POINT('',(-3.1,8.326672684689E-16,5.3500001));
#4397 = CARTESIAN_POINT('',(3.1,8.326672684689E-16,5.3500001));
#4398 = B_SPLINE_SURFACE_WITH_KNOTS('',1,1,(
    (#4399,#4400)
    ,(#4401,#4402
    )),.UNSPECIFIED.,.F.,.F.,.F.,(2,2),(2,2),(-3.1,3.1),(-2.25,
    8.326672684689E-16),.PIECEWISE_BEZIER_KNOTS.);
#4399 = CARTESIAN_POINT('',(-3.1,-2.25,5.3500001));
#4400 = CARTESIAN_POINT('',(-3.1,8.326672684689E-16,5.3500001));
#4401 = CARTESIAN_POINT('',(3.1,-2.25,5.3500001));
#4402 = CARTESIAN_POINT('',(3.1,8.326672684689E-16,5.3500001));
#4403 = ADVANCED_FACE('',(#4404),#4430,.F.);
#4404 = FACE_BOUND('',#4405,.T.);
#4405 = EDGE_LOOP('',(#4406,#4407,#4408,#4409,#4410,#4411,#4418,#4425));
#4406 = ORIENTED_EDGE('',*,*,#4271,.F.);
#4407 = ORIENTED_EDGE('',*,*,#4207,.T.);
#4408 = ORIENTED_EDGE('',*,*,#4183,.F.);
#4409 = ORIENTED_EDGE('',*,*,#3394,.T.);
#4410 = ORIENTED_EDGE('',*,*,#4385,.F.);
#4411 = ORIENTED_EDGE('',*,*,#4412,.F.);
#4412 = EDGE_CURVE('',#4413,#4386,#4415,.T.);
#4413 = VERTEX_POINT('',#4414);
#4414 = CARTESIAN_POINT('',(-3.1,0.4,5.1000001));
#4415 = B_SPLINE_CURVE_WITH_KNOTS('',1,(#4416,#4417),.UNSPECIFIED.,.F.,
  .F.,(2,2),(0.,0.471699056603),.PIECEWISE_BEZIER_KNOTS.);
#4416 = CARTESIAN_POINT('',(-3.1,0.4,5.1000001));
#4417 = CARTESIAN_POINT('',(-3.1,6.830636806178E-16,5.3500001));
#4418 = ORIENTED_EDGE('',*,*,#4419,.F.);
#4419 = EDGE_CURVE('',#4420,#4413,#4422,.T.);
#4420 = VERTEX_POINT('',#4421);
#4421 = CARTESIAN_POINT('',(-3.1,2.25,5.1000001));
#4422 = B_SPLINE_CURVE_WITH_KNOTS('',1,(#4423,#4424),.UNSPECIFIED.,.F.,
  .F.,(2,2),(0.,1.85),.PIECEWISE_BEZIER_KNOTS.);
#4423 = CARTESIAN_POINT('',(-3.1,2.25,5.1000001));
#4424 = CARTESIAN_POINT('',(-3.1,0.4,5.1000001));
#4425 = ORIENTED_EDGE('',*,*,#4426,.F.);
#4426 = EDGE_CURVE('',#4236,#4420,#4427,.T.);
#4427 = B_SPLINE_CURVE_WITH_KNOTS('',1,(#4428,#4429),.UNSPECIFIED.,.F.,
  .F.,(2,2),(0.,5.1),.PIECEWISE_BEZIER_KNOTS.);
#4428 = CARTESIAN_POINT('',(-3.1,2.25,10.2000001));
#4429 = CARTESIAN_POINT('',(-3.1,2.25,5.1000001));
#4430 = B_SPLINE_SURFACE_WITH_KNOTS('',1,1,(
    (#4431,#4432)
    ,(#4433,#4434
    )),.UNSPECIFIED.,.F.,.F.,.F.,(2,2),(2,2),(0.,4.5),(-5.3,-0.2),
  .PIECEWISE_BEZIER_KNOTS.);
#4431 = CARTESIAN_POINT('',(-3.1,2.25,5.1000001));
#4432 = CARTESIAN_POINT('',(-3.1,2.25,10.2000001));
#4433 = CARTESIAN_POINT('',(-3.1,-2.25,5.1000001));
#4434 = CARTESIAN_POINT('',(-3.1,-2.25,10.2000001));
#4435 = ADVANCED_FACE('',(#4436),#4450,.F.);
#4436 = FACE_BOUND('',#4437,.T.);
#4437 = EDGE_LOOP('',(#4438,#4443,#4444,#4449));
#4438 = ORIENTED_EDGE('',*,*,#4439,.T.);
#4439 = EDGE_CURVE('',#3843,#4372,#4440,.T.);
#4440 = B_SPLINE_CURVE_WITH_KNOTS('',1,(#4441,#4442),.UNSPECIFIED.,.F.,
  .F.,(2,2),(0.,1.75),.PIECEWISE_BEZIER_KNOTS.);
#4441 = CARTESIAN_POINT('',(0.9,-0.13,3.6000001));
#4442 = CARTESIAN_POINT('',(0.9,-0.13,5.3500001));
#4443 = ORIENTED_EDGE('',*,*,#4371,.F.);
#4444 = ORIENTED_EDGE('',*,*,#4445,.F.);
#4445 = EDGE_CURVE('',#3841,#4365,#4446,.T.);
#4446 = B_SPLINE_CURVE_WITH_KNOTS('',1,(#4447,#4448),.UNSPECIFIED.,.F.,
  .F.,(2,2),(0.,1.75),.PIECEWISE_BEZIER_KNOTS.);
#4447 = CARTESIAN_POINT('',(0.9,-0.83,3.6000001));
#4448 = CARTESIAN_POINT('',(0.9,-0.83,5.3500001));
#4449 = ORIENTED_EDGE('',*,*,#3840,.T.);
#4450 = B_SPLINE_SURFACE_WITH_KNOTS('',1,1,(
    (#4451,#4452)
    ,(#4453,#4454
    )),.UNSPECIFIED.,.F.,.F.,.F.,(2,2),(2,2),(0.,0.7),(-1.75,0.),
  .PIECEWISE_BEZIER_KNOTS.);
#4451 = CARTESIAN_POINT('',(0.9,-0.83,5.3500001));
#4452 = CARTESIAN_POINT('',(0.9,-0.83,3.6000001));
#4453 = CARTESIAN_POINT('',(0.9,-0.13,5.3500001));
#4454 = CARTESIAN_POINT('',(0.9,-0.13,3.6000001));
#4455 = ADVANCED_FACE('',(#4456),#4466,.F.);
#4456 = FACE_BOUND('',#4457,.T.);
#4457 = EDGE_LOOP('',(#4458,#4459,#4460,#4465));
#4458 = ORIENTED_EDGE('',*,*,#4445,.T.);
#4459 = ORIENTED_EDGE('',*,*,#4364,.F.);
#4460 = ORIENTED_EDGE('',*,*,#4461,.F.);
#4461 = EDGE_CURVE('',#3850,#4358,#4462,.T.);
#4462 = B_SPLINE_CURVE_WITH_KNOTS('',1,(#4463,#4464),.UNSPECIFIED.,.F.,
  .F.,(2,2),(0.,1.75),.PIECEWISE_BEZIER_KNOTS.);
#4463 = CARTESIAN_POINT('',(1.6,-0.83,3.6000001));
#4464 = CARTESIAN_POINT('',(1.6,-0.83,5.3500001));
#4465 = ORIENTED_EDGE('',*,*,#3849,.T.);
#4466 = B_SPLINE_SURFACE_WITH_KNOTS('',1,1,(
    (#4467,#4468)
    ,(#4469,#4470
    )),.UNSPECIFIED.,.F.,.F.,.F.,(2,2),(2,2),(0.,0.7),(-1.75,0.),
  .PIECEWISE_BEZIER_KNOTS.);
#4467 = CARTESIAN_POINT('',(1.6,-0.83,5.3500001));
#4468 = CARTESIAN_POINT('',(1.6,-0.83,3.6000001));
#4469 = CARTESIAN_POINT('',(0.9,-0.83,5.3500001));
#4470 = CARTESIAN_POINT('',(0.9,-0.83,3.6000001));
#4471 = ADVANCED_FACE('',(#4472),#4482,.F.);
#4472 = FACE_BOUND('',#4473,.T.);
#4473 = EDGE_LOOP('',(#4474,#4475,#4476,#4481));
#4474 = ORIENTED_EDGE('',*,*,#4461,.T.);
#4475 = ORIENTED_EDGE('',*,*,#4355,.F.);
#4476 = ORIENTED_EDGE('',*,*,#4477,.F.);
#4477 = EDGE_CURVE('',#3857,#4356,#4478,.T.);
#4478 = B_SPLINE_CURVE_WITH_KNOTS('',1,(#4479,#4480),.UNSPECIFIED.,.F.,
  .F.,(2,2),(0.,1.75),.PIECEWISE_BEZIER_KNOTS.);
#4479 = CARTESIAN_POINT('',(1.6,-0.13,3.6000001));
#4480 = CARTESIAN_POINT('',(1.6,-0.13,5.3500001));
#4481 = ORIENTED_EDGE('',*,*,#3856,.T.);
#4482 = B_SPLINE_SURFACE_WITH_KNOTS('',1,1,(
    (#4483,#4484)
    ,(#4485,#4486
    )),.UNSPECIFIED.,.F.,.F.,.F.,(2,2),(2,2),(0.,0.7),(-1.75,0.),
  .PIECEWISE_BEZIER_KNOTS.);
#4483 = CARTESIAN_POINT('',(1.6,-0.13,5.3500001));
#4484 = CARTESIAN_POINT('',(1.6,-0.13,3.6000001));
#4485 = CARTESIAN_POINT('',(1.6,-0.83,5.3500001));
#4486 = CARTESIAN_POINT('',(1.6,-0.83,3.6000001));
#4487 = ADVANCED_FACE('',(#4488),#4494,.F.);
#4488 = FACE_BOUND('',#4489,.T.);
#4489 = EDGE_LOOP('',(#4490,#4491,#4492,#4493));
#4490 = ORIENTED_EDGE('',*,*,#4477,.T.);
#4491 = ORIENTED_EDGE('',*,*,#4378,.F.);
#4492 = ORIENTED_EDGE('',*,*,#4439,.F.);
#4493 = ORIENTED_EDGE('',*,*,#3863,.T.);
#4494 = B_SPLINE_SURFACE_WITH_KNOTS('',1,1,(
    (#4495,#4496)
    ,(#4497,#4498
    )),.UNSPECIFIED.,.F.,.F.,.F.,(2,2),(2,2),(0.,0.7),(-1.75,0.),
  .PIECEWISE_BEZIER_KNOTS.);
#4495 = CARTESIAN_POINT('',(0.9,-0.13,5.3500001));
#4496 = CARTESIAN_POINT('',(0.9,-0.13,3.6000001));
#4497 = CARTESIAN_POINT('',(1.6,-0.13,5.3500001));
#4498 = CARTESIAN_POINT('',(1.6,-0.13,3.6000001));
#4499 = ADVANCED_FACE('',(#4500),#4514,.F.);
#4500 = FACE_BOUND('',#4501,.T.);
#4501 = EDGE_LOOP('',(#4502,#4503,#4504,#4505,#4506,#4507,#4508,#4509,
    #4510,#4511,#4512,#4513));
#4502 = ORIENTED_EDGE('',*,*,#4111,.F.);
#4503 = ORIENTED_EDGE('',*,*,#4089,.F.);
#4504 = ORIENTED_EDGE('',*,*,#4067,.F.);
#4505 = ORIENTED_EDGE('',*,*,#4045,.F.);
#4506 = ORIENTED_EDGE('',*,*,#4023,.F.);
#4507 = ORIENTED_EDGE('',*,*,#4001,.F.);
#4508 = ORIENTED_EDGE('',*,*,#3979,.F.);
#4509 = ORIENTED_EDGE('',*,*,#3957,.F.);
#4510 = ORIENTED_EDGE('',*,*,#3935,.F.);
#4511 = ORIENTED_EDGE('',*,*,#3913,.F.);
#4512 = ORIENTED_EDGE('',*,*,#3891,.F.);
#4513 = ORIENTED_EDGE('',*,*,#4127,.F.);
#4514 = B_SPLINE_SURFACE_WITH_KNOTS('',1,1,(
    (#4515,#4516)
    ,(#4517,#4518
    )),.UNSPECIFIED.,.F.,.F.,.F.,(2,2),(2,2),(3.013829787076,
    3.386170220375),(0.34925,0.64091662693),.PIECEWISE_BEZIER_KNOTS.);
#4515 = CARTESIAN_POINT('',(3.013829787076,0.34925,3.4000001));
#4516 = CARTESIAN_POINT('',(3.013829787076,0.64091662693,3.4000001));
#4517 = CARTESIAN_POINT('',(3.386170220375,0.34925,3.4000001));
#4518 = CARTESIAN_POINT('',(3.386170220375,0.64091662693,3.4000001));
#4519 = ADVANCED_FACE('',(#4520),#4534,.F.);
#4520 = FACE_BOUND('',#4521,.T.);
#4521 = EDGE_LOOP('',(#4522,#4523,#4528,#4529));
#4522 = ORIENTED_EDGE('',*,*,#4341,.F.);
#4523 = ORIENTED_EDGE('',*,*,#4524,.F.);
#4524 = EDGE_CURVE('',#4147,#4335,#4525,.T.);
#4525 = B_SPLINE_CURVE_WITH_KNOTS('',1,(#4526,#4527),.UNSPECIFIED.,.F.,
  .F.,(2,2),(0.,1.75),.PIECEWISE_BEZIER_KNOTS.);
#4526 = CARTESIAN_POINT('',(-1.6,-0.83,3.6000001));
#4527 = CARTESIAN_POINT('',(-1.6,-0.83,5.3500001));
#4528 = ORIENTED_EDGE('',*,*,#4146,.T.);
#4529 = ORIENTED_EDGE('',*,*,#4530,.T.);
#4530 = EDGE_CURVE('',#4149,#4342,#4531,.T.);
#4531 = B_SPLINE_CURVE_WITH_KNOTS('',1,(#4532,#4533),.UNSPECIFIED.,.F.,
  .F.,(2,2),(0.,1.75),.PIECEWISE_BEZIER_KNOTS.);
#4532 = CARTESIAN_POINT('',(-1.6,-0.13,3.6000001));
#4533 = CARTESIAN_POINT('',(-1.6,-0.13,5.3500001));
#4534 = B_SPLINE_SURFACE_WITH_KNOTS('',1,1,(
    (#4535,#4536)
    ,(#4537,#4538
    )),.UNSPECIFIED.,.F.,.F.,.F.,(2,2),(2,2),(0.,0.7),(-1.75,0.),
  .PIECEWISE_BEZIER_KNOTS.);
#4535 = CARTESIAN_POINT('',(-1.6,-0.83,5.3500001));
#4536 = CARTESIAN_POINT('',(-1.6,-0.83,3.6000001));
#4537 = CARTESIAN_POINT('',(-1.6,-0.13,5.3500001));
#4538 = CARTESIAN_POINT('',(-1.6,-0.13,3.6000001));
#4539 = ADVANCED_FACE('',(#4540),#4550,.F.);
#4540 = FACE_BOUND('',#4541,.T.);
#4541 = EDGE_LOOP('',(#4542,#4543,#4544,#4545));
#4542 = ORIENTED_EDGE('',*,*,#4155,.T.);
#4543 = ORIENTED_EDGE('',*,*,#4524,.T.);
#4544 = ORIENTED_EDGE('',*,*,#4334,.F.);
#4545 = ORIENTED_EDGE('',*,*,#4546,.F.);
#4546 = EDGE_CURVE('',#4156,#4328,#4547,.T.);
#4547 = B_SPLINE_CURVE_WITH_KNOTS('',1,(#4548,#4549),.UNSPECIFIED.,.F.,
  .F.,(2,2),(0.,1.75),.PIECEWISE_BEZIER_KNOTS.);
#4548 = CARTESIAN_POINT('',(-0.9,-0.83,3.6000001));
#4549 = CARTESIAN_POINT('',(-0.9,-0.83,5.3500001));
#4550 = B_SPLINE_SURFACE_WITH_KNOTS('',1,1,(
    (#4551,#4552)
    ,(#4553,#4554
    )),.UNSPECIFIED.,.F.,.F.,.F.,(2,2),(2,2),(0.,0.7),(-1.75,0.),
  .PIECEWISE_BEZIER_KNOTS.);
#4551 = CARTESIAN_POINT('',(-0.9,-0.83,5.3500001));
#4552 = CARTESIAN_POINT('',(-0.9,-0.83,3.6000001));
#4553 = CARTESIAN_POINT('',(-1.6,-0.83,5.3500001));
#4554 = CARTESIAN_POINT('',(-1.6,-0.83,3.6000001));
#4555 = ADVANCED_FACE('',(#4556),#4566,.F.);
#4556 = FACE_BOUND('',#4557,.T.);
#4557 = EDGE_LOOP('',(#4558,#4559,#4560,#4561));
#4558 = ORIENTED_EDGE('',*,*,#4162,.T.);
#4559 = ORIENTED_EDGE('',*,*,#4546,.T.);
#4560 = ORIENTED_EDGE('',*,*,#4325,.F.);
#4561 = ORIENTED_EDGE('',*,*,#4562,.F.);
#4562 = EDGE_CURVE('',#4163,#4326,#4563,.T.);
#4563 = B_SPLINE_CURVE_WITH_KNOTS('',1,(#4564,#4565),.UNSPECIFIED.,.F.,
  .F.,(2,2),(0.,1.75),.PIECEWISE_BEZIER_KNOTS.);
#4564 = CARTESIAN_POINT('',(-0.9,-0.13,3.6000001));
#4565 = CARTESIAN_POINT('',(-0.9,-0.13,5.3500001));
#4566 = B_SPLINE_SURFACE_WITH_KNOTS('',1,1,(
    (#4567,#4568)
    ,(#4569,#4570
    )),.UNSPECIFIED.,.F.,.F.,.F.,(2,2),(2,2),(0.,0.7),(-1.75,0.),
  .PIECEWISE_BEZIER_KNOTS.);
#4567 = CARTESIAN_POINT('',(-0.9,-0.13,5.3500001));
#4568 = CARTESIAN_POINT('',(-0.9,-0.13,3.6000001));
#4569 = CARTESIAN_POINT('',(-0.9,-0.83,5.3500001));
#4570 = CARTESIAN_POINT('',(-0.9,-0.83,3.6000001));
#4571 = ADVANCED_FACE('',(#4572),#4578,.F.);
#4572 = FACE_BOUND('',#4573,.T.);
#4573 = EDGE_LOOP('',(#4574,#4575,#4576,#4577));
#4574 = ORIENTED_EDGE('',*,*,#4169,.T.);
#4575 = ORIENTED_EDGE('',*,*,#4562,.T.);
#4576 = ORIENTED_EDGE('',*,*,#4348,.F.);
#4577 = ORIENTED_EDGE('',*,*,#4530,.F.);
#4578 = B_SPLINE_SURFACE_WITH_KNOTS('',1,1,(
    (#4579,#4580)
    ,(#4581,#4582
    )),.UNSPECIFIED.,.F.,.F.,.F.,(2,2),(2,2),(0.,0.7),(-1.75,0.),
  .PIECEWISE_BEZIER_KNOTS.);
#4579 = CARTESIAN_POINT('',(-1.6,-0.13,5.3500001));
#4580 = CARTESIAN_POINT('',(-1.6,-0.13,3.6000001));
#4581 = CARTESIAN_POINT('',(-0.9,-0.13,5.3500001));
#4582 = CARTESIAN_POINT('',(-0.9,-0.13,3.6000001));
#4583 = ADVANCED_FACE('',(#4584),#4594,.F.);
#4584 = FACE_BOUND('',#4585,.T.);
#4585 = EDGE_LOOP('',(#4586,#4587,#4588,#4593));
#4586 = ORIENTED_EDGE('',*,*,#4242,.F.);
#4587 = ORIENTED_EDGE('',*,*,#4426,.T.);
#4588 = ORIENTED_EDGE('',*,*,#4589,.F.);
#4589 = EDGE_CURVE('',#4292,#4420,#4590,.T.);
#4590 = B_SPLINE_CURVE_WITH_KNOTS('',1,(#4591,#4592),.UNSPECIFIED.,.F.,
  .F.,(2,2),(0.,6.2),.PIECEWISE_BEZIER_KNOTS.);
#4591 = CARTESIAN_POINT('',(3.1,2.25,5.1000001));
#4592 = CARTESIAN_POINT('',(-3.1,2.25,5.1000001));
#4593 = ORIENTED_EDGE('',*,*,#4291,.F.);
#4594 = B_SPLINE_SURFACE_WITH_KNOTS('',1,1,(
    (#4595,#4596)
    ,(#4597,#4598
    )),.UNSPECIFIED.,.F.,.F.,.F.,(2,2),(2,2),(0.,6.2),(-5.3,-0.2),
  .PIECEWISE_BEZIER_KNOTS.);
#4595 = CARTESIAN_POINT('',(3.1,2.25,5.1000001));
#4596 = CARTESIAN_POINT('',(3.1,2.25,10.2000001));
#4597 = CARTESIAN_POINT('',(-3.1,2.25,5.1000001));
#4598 = CARTESIAN_POINT('',(-3.1,2.25,10.2000001));
#4599 = ADVANCED_FACE('',(#4600),#4610,.F.);
#4600 = FACE_BOUND('',#4601,.T.);
#4601 = EDGE_LOOP('',(#4602,#4603,#4604,#4609));
#4602 = ORIENTED_EDGE('',*,*,#4589,.T.);
#4603 = ORIENTED_EDGE('',*,*,#4419,.T.);
#4604 = ORIENTED_EDGE('',*,*,#4605,.F.);
#4605 = EDGE_CURVE('',#4299,#4413,#4606,.T.);
#4606 = B_SPLINE_CURVE_WITH_KNOTS('',1,(#4607,#4608),.UNSPECIFIED.,.F.,
  .F.,(2,2),(0.,6.2),.PIECEWISE_BEZIER_KNOTS.);
#4607 = CARTESIAN_POINT('',(3.1,0.4,5.1000001));
#4608 = CARTESIAN_POINT('',(-3.1,0.4,5.1000001));
#4609 = ORIENTED_EDGE('',*,*,#4298,.F.);
#4610 = B_SPLINE_SURFACE_WITH_KNOTS('',1,1,(
    (#4611,#4612)
    ,(#4613,#4614
    )),.UNSPECIFIED.,.F.,.F.,.F.,(2,2),(2,2),(0.,1.85),(0.,6.2),
  .PIECEWISE_BEZIER_KNOTS.);
#4611 = CARTESIAN_POINT('',(3.1,2.25,5.1000001));
#4612 = CARTESIAN_POINT('',(-3.1,2.25,5.1000001));
#4613 = CARTESIAN_POINT('',(3.1,0.4,5.1000001));
#4614 = CARTESIAN_POINT('',(-3.1,0.4,5.1000001));
#4615 = ADVANCED_FACE('',(#4616),#4622,.F.);
#4616 = FACE_BOUND('',#4617,.T.);
#4617 = EDGE_LOOP('',(#4618,#4619,#4620,#4621));
#4618 = ORIENTED_EDGE('',*,*,#4305,.F.);
#4619 = ORIENTED_EDGE('',*,*,#4605,.T.);
#4620 = ORIENTED_EDGE('',*,*,#4412,.T.);
#4621 = ORIENTED_EDGE('',*,*,#4394,.T.);
#4622 = B_SPLINE_SURFACE_WITH_KNOTS('',1,1,(
    (#4623,#4624)
    ,(#4625,#4626
    )),.UNSPECIFIED.,.F.,.F.,.F.,(2,2),(2,2),(0.,0.471699056603),(0.,6.2
    ),.PIECEWISE_BEZIER_KNOTS.);
#4623 = CARTESIAN_POINT('',(3.1,0.4,5.1000001));
#4624 = CARTESIAN_POINT('',(-3.1,0.4,5.1000001));
#4625 = CARTESIAN_POINT('',(3.1,8.326672684689E-16,5.3500001));
#4626 = CARTESIAN_POINT('',(-3.1,8.326672684689E-16,5.3500001));
#4627 = MANIFOLD_SOLID_BREP('',#4628);
#4628 = CLOSED_SHELL('',(#4629,#4707,#4759,#4787,#4839,#4867,#4893,#4915
    ,#4937,#4959,#4975,#4997,#5013,#5025));
#4629 = ADVANCED_FACE('',(#4630),#4702,.F.);
#4630 = FACE_BOUND('',#4631,.T.);
#4631 = EDGE_LOOP('',(#4632,#4641,#4648,#4655,#4662,#4669,#4676,#4683,
    #4690,#4697));
#4632 = ORIENTED_EDGE('',*,*,#4633,.F.);
#4633 = EDGE_CURVE('',#4634,#4636,#4638,.T.);
#4634 = VERTEX_POINT('',#4635);
#4635 = CARTESIAN_POINT('',(-0.93,-0.16,2.888202256406));
#4636 = VERTEX_POINT('',#4637);
#4637 = CARTESIAN_POINT('',(-0.93,-0.16,8.9000001));
#4638 = B_SPLINE_CURVE_WITH_KNOTS('',1,(#4639,#4640),.UNSPECIFIED.,.F.,
  .F.,(2,2),(0.,6.011797843594),.PIECEWISE_BEZIER_KNOTS.);
#4639 = CARTESIAN_POINT('',(-0.93,-0.16,2.888202256406));
#4640 = CARTESIAN_POINT('',(-0.93,-0.16,8.9000001));
#4641 = ORIENTED_EDGE('',*,*,#4642,.F.);
#4642 = EDGE_CURVE('',#4643,#4634,#4645,.T.);
#4643 = VERTEX_POINT('',#4644);
#4644 = CARTESIAN_POINT('',(-0.93,-0.16,0.59748311473));
#4645 = B_SPLINE_CURVE_WITH_KNOTS('',1,(#4646,#4647),.UNSPECIFIED.,.F.,
  .F.,(2,2),(0.,2.290719141676),.PIECEWISE_BEZIER_KNOTS.);
#4646 = CARTESIAN_POINT('',(-0.93,-0.16,0.59748311473));
#4647 = CARTESIAN_POINT('',(-0.93,-0.16,2.888202256406));
#4648 = ORIENTED_EDGE('',*,*,#4649,.F.);
#4649 = EDGE_CURVE('',#4650,#4643,#4652,.T.);
#4650 = VERTEX_POINT('',#4651);
#4651 = CARTESIAN_POINT('',(-0.93,-0.16,0.499406214785));
#4652 = B_SPLINE_CURVE_WITH_KNOTS('',1,(#4653,#4654),.UNSPECIFIED.,.F.,
  .F.,(2,2),(0.,9.807689994463E-02),.PIECEWISE_BEZIER_KNOTS.);
#4653 = CARTESIAN_POINT('',(-0.93,-0.16,0.499406214785));
#4654 = CARTESIAN_POINT('',(-0.93,-0.16,0.59748311473));
#4655 = ORIENTED_EDGE('',*,*,#4656,.F.);
#4656 = EDGE_CURVE('',#4657,#4650,#4659,.T.);
#4657 = VERTEX_POINT('',#4658);
#4658 = CARTESIAN_POINT('',(-0.93,-0.16,0.4000001));
#4659 = B_SPLINE_CURVE_WITH_KNOTS('',1,(#4660,#4661),.UNSPECIFIED.,.F.,
  .F.,(2,2),(0.,9.940611478528E-02),.PIECEWISE_BEZIER_KNOTS.);
#4660 = CARTESIAN_POINT('',(-0.93,-0.16,0.4000001));
#4661 = CARTESIAN_POINT('',(-0.93,-0.16,0.499406214785));
#4662 = ORIENTED_EDGE('',*,*,#4663,.T.);
#4663 = EDGE_CURVE('',#4657,#4664,#4666,.T.);
#4664 = VERTEX_POINT('',#4665);
#4665 = CARTESIAN_POINT('',(-1.57,-0.16,0.4000001));
#4666 = B_SPLINE_CURVE_WITH_KNOTS('',1,(#4667,#4668),.UNSPECIFIED.,.F.,
  .F.,(2,2),(0.,0.64),.PIECEWISE_BEZIER_KNOTS.);
#4667 = CARTESIAN_POINT('',(-0.93,-0.16,0.4000001));
#4668 = CARTESIAN_POINT('',(-1.57,-0.16,0.4000001));
#4669 = ORIENTED_EDGE('',*,*,#4670,.T.);
#4670 = EDGE_CURVE('',#4664,#4671,#4673,.T.);
#4671 = VERTEX_POINT('',#4672);
#4672 = CARTESIAN_POINT('',(-1.57,-0.16,0.499406214785));
#4673 = B_SPLINE_CURVE_WITH_KNOTS('',1,(#4674,#4675),.UNSPECIFIED.,.F.,
  .F.,(2,2),(0.,9.940611478528E-02),.PIECEWISE_BEZIER_KNOTS.);
#4674 = CARTESIAN_POINT('',(-1.57,-0.16,0.4000001));
#4675 = CARTESIAN_POINT('',(-1.57,-0.16,0.499406214785));
#4676 = ORIENTED_EDGE('',*,*,#4677,.T.);
#4677 = EDGE_CURVE('',#4671,#4678,#4680,.T.);
#4678 = VERTEX_POINT('',#4679);
#4679 = CARTESIAN_POINT('',(-1.57,-0.16,0.59748311473));
#4680 = B_SPLINE_CURVE_WITH_KNOTS('',1,(#4681,#4682),.UNSPECIFIED.,.F.,
  .F.,(2,2),(0.,9.807689994463E-02),.PIECEWISE_BEZIER_KNOTS.);
#4681 = CARTESIAN_POINT('',(-1.57,-0.16,0.499406214785));
#4682 = CARTESIAN_POINT('',(-1.57,-0.16,0.59748311473));
#4683 = ORIENTED_EDGE('',*,*,#4684,.T.);
#4684 = EDGE_CURVE('',#4678,#4685,#4687,.T.);
#4685 = VERTEX_POINT('',#4686);
#4686 = CARTESIAN_POINT('',(-1.57,-0.16,2.888202256406));
#4687 = B_SPLINE_CURVE_WITH_KNOTS('',1,(#4688,#4689),.UNSPECIFIED.,.F.,
  .F.,(2,2),(0.,2.290719141676),.PIECEWISE_BEZIER_KNOTS.);
#4688 = CARTESIAN_POINT('',(-1.57,-0.16,0.59748311473));
#4689 = CARTESIAN_POINT('',(-1.57,-0.16,2.888202256406));
#4690 = ORIENTED_EDGE('',*,*,#4691,.T.);
#4691 = EDGE_CURVE('',#4685,#4692,#4694,.T.);
#4692 = VERTEX_POINT('',#4693);
#4693 = CARTESIAN_POINT('',(-1.57,-0.16,8.9000001));
#4694 = B_SPLINE_CURVE_WITH_KNOTS('',1,(#4695,#4696),.UNSPECIFIED.,.F.,
  .F.,(2,2),(0.,6.011797843594),.PIECEWISE_BEZIER_KNOTS.);
#4695 = CARTESIAN_POINT('',(-1.57,-0.16,2.888202256406));
#4696 = CARTESIAN_POINT('',(-1.57,-0.16,8.9000001));
#4697 = ORIENTED_EDGE('',*,*,#4698,.T.);
#4698 = EDGE_CURVE('',#4692,#4636,#4699,.T.);
#4699 = B_SPLINE_CURVE_WITH_KNOTS('',1,(#4700,#4701),.UNSPECIFIED.,.F.,
  .F.,(2,2),(0.,0.64),.PIECEWISE_BEZIER_KNOTS.);
#4700 = CARTESIAN_POINT('',(-1.57,-0.16,8.9000001));
#4701 = CARTESIAN_POINT('',(-0.93,-0.16,8.9000001));
#4702 = B_SPLINE_SURFACE_WITH_KNOTS('',1,1,(
    (#4703,#4704)
    ,(#4705,#4706
    )),.UNSPECIFIED.,.F.,.F.,.F.,(2,2),(2,2),(0.,0.64),(0.,8.5),
  .PIECEWISE_BEZIER_KNOTS.);
#4703 = CARTESIAN_POINT('',(-1.57,-0.16,0.4000001));
#4704 = CARTESIAN_POINT('',(-1.57,-0.16,8.9000001));
#4705 = CARTESIAN_POINT('',(-0.93,-0.16,0.4000001));
#4706 = CARTESIAN_POINT('',(-0.93,-0.16,8.9000001));
#4707 = ADVANCED_FACE('',(#4708),#4754,.F.);
#4708 = FACE_BOUND('',#4709,.T.);
#4709 = EDGE_LOOP('',(#4710,#4719,#4726,#4733,#4740,#4745,#4746,#4747,
    #4748,#4749));
#4710 = ORIENTED_EDGE('',*,*,#4711,.F.);
#4711 = EDGE_CURVE('',#4712,#4714,#4716,.T.);
#4712 = VERTEX_POINT('',#4713);
#4713 = CARTESIAN_POINT('',(-0.93,-0.8,2.888202256406));
#4714 = VERTEX_POINT('',#4715);
#4715 = CARTESIAN_POINT('',(-0.93,-0.8,8.9000001));
#4716 = B_SPLINE_CURVE_WITH_KNOTS('',1,(#4717,#4718),.UNSPECIFIED.,.F.,
  .F.,(2,2),(0.,6.011797843594),.PIECEWISE_BEZIER_KNOTS.);
#4717 = CARTESIAN_POINT('',(-0.93,-0.8,2.888202256406));
#4718 = CARTESIAN_POINT('',(-0.93,-0.8,8.9000001));
#4719 = ORIENTED_EDGE('',*,*,#4720,.F.);
#4720 = EDGE_CURVE('',#4721,#4712,#4723,.T.);
#4721 = VERTEX_POINT('',#4722);
#4722 = CARTESIAN_POINT('',(-0.93,-0.8,0.59748311473));
#4723 = B_SPLINE_CURVE_WITH_KNOTS('',1,(#4724,#4725),.UNSPECIFIED.,.F.,
  .F.,(2,2),(0.,2.290719141676),.PIECEWISE_BEZIER_KNOTS.);
#4724 = CARTESIAN_POINT('',(-0.93,-0.8,0.59748311473));
#4725 = CARTESIAN_POINT('',(-0.93,-0.8,2.888202256406));
#4726 = ORIENTED_EDGE('',*,*,#4727,.F.);
#4727 = EDGE_CURVE('',#4728,#4721,#4730,.T.);
#4728 = VERTEX_POINT('',#4729);
#4729 = CARTESIAN_POINT('',(-0.93,-0.8,0.499406214785));
#4730 = B_SPLINE_CURVE_WITH_KNOTS('',1,(#4731,#4732),.UNSPECIFIED.,.F.,
  .F.,(2,2),(0.,9.807689994463E-02),.PIECEWISE_BEZIER_KNOTS.);
#4731 = CARTESIAN_POINT('',(-0.93,-0.8,0.499406214785));
#4732 = CARTESIAN_POINT('',(-0.93,-0.8,0.59748311473));
#4733 = ORIENTED_EDGE('',*,*,#4734,.F.);
#4734 = EDGE_CURVE('',#4735,#4728,#4737,.T.);
#4735 = VERTEX_POINT('',#4736);
#4736 = CARTESIAN_POINT('',(-0.93,-0.8,0.4000001));
#4737 = B_SPLINE_CURVE_WITH_KNOTS('',1,(#4738,#4739),.UNSPECIFIED.,.F.,
  .F.,(2,2),(0.,9.940611478528E-02),.PIECEWISE_BEZIER_KNOTS.);
#4738 = CARTESIAN_POINT('',(-0.93,-0.8,0.4000001));
#4739 = CARTESIAN_POINT('',(-0.93,-0.8,0.499406214785));
#4740 = ORIENTED_EDGE('',*,*,#4741,.F.);
#4741 = EDGE_CURVE('',#4657,#4735,#4742,.T.);
#4742 = B_SPLINE_CURVE_WITH_KNOTS('',1,(#4743,#4744),.UNSPECIFIED.,.F.,
  .F.,(2,2),(0.,0.64),.PIECEWISE_BEZIER_KNOTS.);
#4743 = CARTESIAN_POINT('',(-0.93,-0.16,0.4000001));
#4744 = CARTESIAN_POINT('',(-0.93,-0.8,0.4000001));
#4745 = ORIENTED_EDGE('',*,*,#4656,.T.);
#4746 = ORIENTED_EDGE('',*,*,#4649,.T.);
#4747 = ORIENTED_EDGE('',*,*,#4642,.T.);
#4748 = ORIENTED_EDGE('',*,*,#4633,.T.);
#4749 = ORIENTED_EDGE('',*,*,#4750,.F.);
#4750 = EDGE_CURVE('',#4714,#4636,#4751,.T.);
#4751 = B_SPLINE_CURVE_WITH_KNOTS('',1,(#4752,#4753),.UNSPECIFIED.,.F.,
  .F.,(2,2),(0.,0.64),.PIECEWISE_BEZIER_KNOTS.);
#4752 = CARTESIAN_POINT('',(-0.93,-0.8,8.9000001));
#4753 = CARTESIAN_POINT('',(-0.93,-0.16,8.9000001));
#4754 = B_SPLINE_SURFACE_WITH_KNOTS('',1,1,(
    (#4755,#4756)
    ,(#4757,#4758
    )),.UNSPECIFIED.,.F.,.F.,.F.,(2,2),(2,2),(0.,0.64),(0.,8.5),
  .PIECEWISE_BEZIER_KNOTS.);
#4755 = CARTESIAN_POINT('',(-0.93,-0.16,0.4000001));
#4756 = CARTESIAN_POINT('',(-0.93,-0.16,8.9000001));
#4757 = CARTESIAN_POINT('',(-0.93,-0.8,0.4000001));
#4758 = CARTESIAN_POINT('',(-0.93,-0.8,8.9000001));
#4759 = ADVANCED_FACE('',(#4760),#4782,.F.);
#4760 = FACE_BOUND('',#4761,.T.);
#4761 = EDGE_LOOP('',(#4762,#4771,#4776,#4777));
#4762 = ORIENTED_EDGE('',*,*,#4763,.T.);
#4763 = EDGE_CURVE('',#4764,#4766,#4768,.T.);
#4764 = VERTEX_POINT('',#4765);
#4765 = CARTESIAN_POINT('',(-1.085,-0.315,1.000000002804E-07));
#4766 = VERTEX_POINT('',#4767);
#4767 = CARTESIAN_POINT('',(-1.415,-0.315,1.000000002804E-07));
#4768 = B_SPLINE_CURVE_WITH_KNOTS('',1,(#4769,#4770),.UNSPECIFIED.,.F.,
  .F.,(2,2),(0.,0.33),.PIECEWISE_BEZIER_KNOTS.);
#4769 = CARTESIAN_POINT('',(-1.085,-0.315,1.000000002804E-07));
#4770 = CARTESIAN_POINT('',(-1.415,-0.315,1.000000002804E-07));
#4771 = ORIENTED_EDGE('',*,*,#4772,.F.);
#4772 = EDGE_CURVE('',#4664,#4766,#4773,.T.);
#4773 = B_SPLINE_CURVE_WITH_KNOTS('',1,(#4774,#4775),.UNSPECIFIED.,.F.,
  .F.,(2,2),(3.395475313806E-16,0.456124982872),
  .PIECEWISE_BEZIER_KNOTS.);
#4774 = CARTESIAN_POINT('',(-1.57,-0.16,0.4000001));
#4775 = CARTESIAN_POINT('',(-1.415,-0.315,9.999999983634E-08));
#4776 = ORIENTED_EDGE('',*,*,#4663,.F.);
#4777 = ORIENTED_EDGE('',*,*,#4778,.T.);
#4778 = EDGE_CURVE('',#4657,#4764,#4779,.T.);
#4779 = B_SPLINE_CURVE_WITH_KNOTS('',1,(#4780,#4781),.UNSPECIFIED.,.F.,
  .F.,(2,2),(-0.,0.456124982872),.PIECEWISE_BEZIER_KNOTS.);
#4780 = CARTESIAN_POINT('',(-0.93,-0.16,0.4000001));
#4781 = CARTESIAN_POINT('',(-1.085,-0.315,1.000000002804E-07));
#4782 = B_SPLINE_SURFACE_WITH_KNOTS('',1,1,(
    (#4783,#4784)
    ,(#4785,#4786
    )),.UNSPECIFIED.,.F.,.F.,.F.,(2,2),(2,2),(-0.32,0.32),(
    -0.214490675788,0.214490675788),.PIECEWISE_BEZIER_KNOTS.);
#4783 = CARTESIAN_POINT('',(-0.93,-0.16,0.4000001));
#4784 = CARTESIAN_POINT('',(-0.93,-0.315,1.000000002804E-07));
#4785 = CARTESIAN_POINT('',(-1.57,-0.16,0.4000001));
#4786 = CARTESIAN_POINT('',(-1.57,-0.315,1.000000002804E-07));
#4787 = ADVANCED_FACE('',(#4788),#4834,.F.);
#4788 = FACE_BOUND('',#4789,.T.);
#4789 = EDGE_LOOP('',(#4790,#4791,#4792,#4793,#4794,#4801,#4808,#4815,
    #4822,#4829));
#4790 = ORIENTED_EDGE('',*,*,#4691,.F.);
#4791 = ORIENTED_EDGE('',*,*,#4684,.F.);
#4792 = ORIENTED_EDGE('',*,*,#4677,.F.);
#4793 = ORIENTED_EDGE('',*,*,#4670,.F.);
#4794 = ORIENTED_EDGE('',*,*,#4795,.T.);
#4795 = EDGE_CURVE('',#4664,#4796,#4798,.T.);
#4796 = VERTEX_POINT('',#4797);
#4797 = CARTESIAN_POINT('',(-1.57,-0.8,0.4000001));
#4798 = B_SPLINE_CURVE_WITH_KNOTS('',1,(#4799,#4800),.UNSPECIFIED.,.F.,
  .F.,(2,2),(9.992007221626E-16,0.64),.PIECEWISE_BEZIER_KNOTS.);
#4799 = CARTESIAN_POINT('',(-1.57,-0.16,0.4000001));
#4800 = CARTESIAN_POINT('',(-1.57,-0.8,0.4000001));
#4801 = ORIENTED_EDGE('',*,*,#4802,.T.);
#4802 = EDGE_CURVE('',#4796,#4803,#4805,.T.);
#4803 = VERTEX_POINT('',#4804);
#4804 = CARTESIAN_POINT('',(-1.57,-0.8,0.499406214785));
#4805 = B_SPLINE_CURVE_WITH_KNOTS('',1,(#4806,#4807),.UNSPECIFIED.,.F.,
  .F.,(2,2),(0.,9.940611478528E-02),.PIECEWISE_BEZIER_KNOTS.);
#4806 = CARTESIAN_POINT('',(-1.57,-0.8,0.4000001));
#4807 = CARTESIAN_POINT('',(-1.57,-0.8,0.499406214785));
#4808 = ORIENTED_EDGE('',*,*,#4809,.T.);
#4809 = EDGE_CURVE('',#4803,#4810,#4812,.T.);
#4810 = VERTEX_POINT('',#4811);
#4811 = CARTESIAN_POINT('',(-1.57,-0.8,0.59748311473));
#4812 = B_SPLINE_CURVE_WITH_KNOTS('',1,(#4813,#4814),.UNSPECIFIED.,.F.,
  .F.,(2,2),(0.,9.807689994463E-02),.PIECEWISE_BEZIER_KNOTS.);
#4813 = CARTESIAN_POINT('',(-1.57,-0.8,0.499406214785));
#4814 = CARTESIAN_POINT('',(-1.57,-0.8,0.59748311473));
#4815 = ORIENTED_EDGE('',*,*,#4816,.T.);
#4816 = EDGE_CURVE('',#4810,#4817,#4819,.T.);
#4817 = VERTEX_POINT('',#4818);
#4818 = CARTESIAN_POINT('',(-1.57,-0.8,2.888202256406));
#4819 = B_SPLINE_CURVE_WITH_KNOTS('',1,(#4820,#4821),.UNSPECIFIED.,.F.,
  .F.,(2,2),(0.,2.290719141676),.PIECEWISE_BEZIER_KNOTS.);
#4820 = CARTESIAN_POINT('',(-1.57,-0.8,0.59748311473));
#4821 = CARTESIAN_POINT('',(-1.57,-0.8,2.888202256406));
#4822 = ORIENTED_EDGE('',*,*,#4823,.T.);
#4823 = EDGE_CURVE('',#4817,#4824,#4826,.T.);
#4824 = VERTEX_POINT('',#4825);
#4825 = CARTESIAN_POINT('',(-1.57,-0.8,8.9000001));
#4826 = B_SPLINE_CURVE_WITH_KNOTS('',1,(#4827,#4828),.UNSPECIFIED.,.F.,
  .F.,(2,2),(0.,6.011797843594),.PIECEWISE_BEZIER_KNOTS.);
#4827 = CARTESIAN_POINT('',(-1.57,-0.8,2.888202256406));
#4828 = CARTESIAN_POINT('',(-1.57,-0.8,8.9000001));
#4829 = ORIENTED_EDGE('',*,*,#4830,.T.);
#4830 = EDGE_CURVE('',#4824,#4692,#4831,.T.);
#4831 = B_SPLINE_CURVE_WITH_KNOTS('',1,(#4832,#4833),.UNSPECIFIED.,.F.,
  .F.,(2,2),(0.,0.64),.PIECEWISE_BEZIER_KNOTS.);
#4832 = CARTESIAN_POINT('',(-1.57,-0.8,8.9000001));
#4833 = CARTESIAN_POINT('',(-1.57,-0.16,8.9000001));
#4834 = B_SPLINE_SURFACE_WITH_KNOTS('',1,1,(
    (#4835,#4836)
    ,(#4837,#4838
    )),.UNSPECIFIED.,.F.,.F.,.F.,(2,2),(2,2),(0.,0.64),(0.,8.5),
  .PIECEWISE_BEZIER_KNOTS.);
#4835 = CARTESIAN_POINT('',(-1.57,-0.8,0.4000001));
#4836 = CARTESIAN_POINT('',(-1.57,-0.8,8.9000001));
#4837 = CARTESIAN_POINT('',(-1.57,-0.16,0.4000001));
#4838 = CARTESIAN_POINT('',(-1.57,-0.16,8.9000001));
#4839 = ADVANCED_FACE('',(#4840),#4862,.F.);
#4840 = FACE_BOUND('',#4841,.T.);
#4841 = EDGE_LOOP('',(#4842,#4851,#4856,#4857));
#4842 = ORIENTED_EDGE('',*,*,#4843,.T.);
#4843 = EDGE_CURVE('',#4844,#4846,#4848,.T.);
#4844 = VERTEX_POINT('',#4845);
#4845 = CARTESIAN_POINT('',(-1.415,-0.315,9.3000001));
#4846 = VERTEX_POINT('',#4847);
#4847 = CARTESIAN_POINT('',(-1.085,-0.315,9.3000001));
#4848 = B_SPLINE_CURVE_WITH_KNOTS('',1,(#4849,#4850),.UNSPECIFIED.,.F.,
  .F.,(2,2),(0.,0.33),.PIECEWISE_BEZIER_KNOTS.);
#4849 = CARTESIAN_POINT('',(-1.415,-0.315,9.3000001));
#4850 = CARTESIAN_POINT('',(-1.085,-0.315,9.3000001));
#4851 = ORIENTED_EDGE('',*,*,#4852,.F.);
#4852 = EDGE_CURVE('',#4636,#4846,#4853,.T.);
#4853 = B_SPLINE_CURVE_WITH_KNOTS('',1,(#4854,#4855),.UNSPECIFIED.,.F.,
  .F.,(2,2),(0.,0.456124982872),.PIECEWISE_BEZIER_KNOTS.);
#4854 = CARTESIAN_POINT('',(-0.93,-0.16,8.9000001));
#4855 = CARTESIAN_POINT('',(-1.085,-0.315,9.3000001));
#4856 = ORIENTED_EDGE('',*,*,#4698,.F.);
#4857 = ORIENTED_EDGE('',*,*,#4858,.T.);
#4858 = EDGE_CURVE('',#4692,#4844,#4859,.T.);
#4859 = B_SPLINE_CURVE_WITH_KNOTS('',1,(#4860,#4861),.UNSPECIFIED.,.F.,
  .F.,(2,2),(3.395475313806E-16,0.456124982872),
  .PIECEWISE_BEZIER_KNOTS.);
#4860 = CARTESIAN_POINT('',(-1.57,-0.16,8.9000001));
#4861 = CARTESIAN_POINT('',(-1.415,-0.315,9.3000001));
#4862 = B_SPLINE_SURFACE_WITH_KNOTS('',1,1,(
    (#4863,#4864)
    ,(#4865,#4866
    )),.UNSPECIFIED.,.F.,.F.,.F.,(2,2),(2,2),(-0.32,0.32),(
    -0.214490675788,0.214490675788),.PIECEWISE_BEZIER_KNOTS.);
#4863 = CARTESIAN_POINT('',(-1.57,-0.16,8.9000001));
#4864 = CARTESIAN_POINT('',(-1.57,-0.315,9.3000001));
#4865 = CARTESIAN_POINT('',(-0.93,-0.16,8.9000001));
#4866 = CARTESIAN_POINT('',(-0.93,-0.315,9.3000001));
#4867 = ADVANCED_FACE('',(#4868),#4888,.F.);
#4868 = FACE_BOUND('',#4869,.T.);
#4869 = EDGE_LOOP('',(#4870,#4871,#4872,#4873,#4874,#4879,#4880,#4881,
    #4882,#4883));
#4870 = ORIENTED_EDGE('',*,*,#4823,.F.);
#4871 = ORIENTED_EDGE('',*,*,#4816,.F.);
#4872 = ORIENTED_EDGE('',*,*,#4809,.F.);
#4873 = ORIENTED_EDGE('',*,*,#4802,.F.);
#4874 = ORIENTED_EDGE('',*,*,#4875,.F.);
#4875 = EDGE_CURVE('',#4735,#4796,#4876,.T.);
#4876 = B_SPLINE_CURVE_WITH_KNOTS('',1,(#4877,#4878),.UNSPECIFIED.,.F.,
  .F.,(2,2),(0.,0.64),.PIECEWISE_BEZIER_KNOTS.);
#4877 = CARTESIAN_POINT('',(-0.93,-0.8,0.4000001));
#4878 = CARTESIAN_POINT('',(-1.57,-0.8,0.4000001));
#4879 = ORIENTED_EDGE('',*,*,#4734,.T.);
#4880 = ORIENTED_EDGE('',*,*,#4727,.T.);
#4881 = ORIENTED_EDGE('',*,*,#4720,.T.);
#4882 = ORIENTED_EDGE('',*,*,#4711,.T.);
#4883 = ORIENTED_EDGE('',*,*,#4884,.T.);
#4884 = EDGE_CURVE('',#4714,#4824,#4885,.T.);
#4885 = B_SPLINE_CURVE_WITH_KNOTS('',1,(#4886,#4887),.UNSPECIFIED.,.F.,
  .F.,(2,2),(0.,0.64),.PIECEWISE_BEZIER_KNOTS.);
#4886 = CARTESIAN_POINT('',(-0.93,-0.8,8.9000001));
#4887 = CARTESIAN_POINT('',(-1.57,-0.8,8.9000001));
#4888 = B_SPLINE_SURFACE_WITH_KNOTS('',1,1,(
    (#4889,#4890)
    ,(#4891,#4892
    )),.UNSPECIFIED.,.F.,.F.,.F.,(2,2),(2,2),(0.,0.64),(0.,8.5),
  .PIECEWISE_BEZIER_KNOTS.);
#4889 = CARTESIAN_POINT('',(-0.93,-0.8,0.4000001));
#4890 = CARTESIAN_POINT('',(-0.93,-0.8,8.9000001));
#4891 = CARTESIAN_POINT('',(-1.57,-0.8,0.4000001));
#4892 = CARTESIAN_POINT('',(-1.57,-0.8,8.9000001));
#4893 = ADVANCED_FACE('',(#4894),#4910,.F.);
#4894 = FACE_BOUND('',#4895,.T.);
#4895 = EDGE_LOOP('',(#4896,#4903,#4904,#4905));
#4896 = ORIENTED_EDGE('',*,*,#4897,.T.);
#4897 = EDGE_CURVE('',#4898,#4764,#4900,.T.);
#4898 = VERTEX_POINT('',#4899);
#4899 = CARTESIAN_POINT('',(-1.085,-0.645,1.000000002804E-07));
#4900 = B_SPLINE_CURVE_WITH_KNOTS('',1,(#4901,#4902),.UNSPECIFIED.,.F.,
  .F.,(2,2),(0.,0.33),.PIECEWISE_BEZIER_KNOTS.);
#4901 = CARTESIAN_POINT('',(-1.085,-0.645,1.000000002804E-07));
#4902 = CARTESIAN_POINT('',(-1.085,-0.315,1.000000002804E-07));
#4903 = ORIENTED_EDGE('',*,*,#4778,.F.);
#4904 = ORIENTED_EDGE('',*,*,#4741,.T.);
#4905 = ORIENTED_EDGE('',*,*,#4906,.T.);
#4906 = EDGE_CURVE('',#4735,#4898,#4907,.T.);
#4907 = B_SPLINE_CURVE_WITH_KNOTS('',1,(#4908,#4909),.UNSPECIFIED.,.F.,
  .F.,(2,2),(0.,0.456124982872),.PIECEWISE_BEZIER_KNOTS.);
#4908 = CARTESIAN_POINT('',(-0.93,-0.8,0.4000001));
#4909 = CARTESIAN_POINT('',(-1.085,-0.645,1.000000002804E-07));
#4910 = B_SPLINE_SURFACE_WITH_KNOTS('',1,1,(
    (#4911,#4912)
    ,(#4913,#4914
    )),.UNSPECIFIED.,.F.,.F.,.F.,(2,2),(2,2),(-0.32,0.32),(
    -0.214490675788,0.214490675788),.PIECEWISE_BEZIER_KNOTS.);
#4911 = CARTESIAN_POINT('',(-0.93,-0.8,0.4000001));
#4912 = CARTESIAN_POINT('',(-1.085,-0.8,1.000000002804E-07));
#4913 = CARTESIAN_POINT('',(-0.93,-0.16,0.4000001));
#4914 = CARTESIAN_POINT('',(-1.085,-0.16,1.000000002804E-07));
#4915 = ADVANCED_FACE('',(#4916),#4932,.F.);
#4916 = FACE_BOUND('',#4917,.T.);
#4917 = EDGE_LOOP('',(#4918,#4925,#4930,#4931));
#4918 = ORIENTED_EDGE('',*,*,#4919,.T.);
#4919 = EDGE_CURVE('',#4846,#4920,#4922,.T.);
#4920 = VERTEX_POINT('',#4921);
#4921 = CARTESIAN_POINT('',(-1.085,-0.645,9.3000001));
#4922 = B_SPLINE_CURVE_WITH_KNOTS('',1,(#4923,#4924),.UNSPECIFIED.,.F.,
  .F.,(2,2),(0.,0.33),.PIECEWISE_BEZIER_KNOTS.);
#4923 = CARTESIAN_POINT('',(-1.085,-0.315,9.3000001));
#4924 = CARTESIAN_POINT('',(-1.085,-0.645,9.3000001));
#4925 = ORIENTED_EDGE('',*,*,#4926,.F.);
#4926 = EDGE_CURVE('',#4714,#4920,#4927,.T.);
#4927 = B_SPLINE_CURVE_WITH_KNOTS('',1,(#4928,#4929),.UNSPECIFIED.,.F.,
  .F.,(2,2),(0.,0.456124982872),.PIECEWISE_BEZIER_KNOTS.);
#4928 = CARTESIAN_POINT('',(-0.93,-0.8,8.9000001));
#4929 = CARTESIAN_POINT('',(-1.085,-0.645,9.3000001));
#4930 = ORIENTED_EDGE('',*,*,#4750,.T.);
#4931 = ORIENTED_EDGE('',*,*,#4852,.T.);
#4932 = B_SPLINE_SURFACE_WITH_KNOTS('',1,1,(
    (#4933,#4934)
    ,(#4935,#4936
    )),.UNSPECIFIED.,.F.,.F.,.F.,(2,2),(2,2),(-0.32,0.32),(
    -0.214490675788,0.214490675788),.PIECEWISE_BEZIER_KNOTS.);
#4933 = CARTESIAN_POINT('',(-0.93,-0.16,8.9000001));
#4934 = CARTESIAN_POINT('',(-1.085,-0.16,9.3000001));
#4935 = CARTESIAN_POINT('',(-0.93,-0.8,8.9000001));
#4936 = CARTESIAN_POINT('',(-1.085,-0.8,9.3000001));
#4937 = ADVANCED_FACE('',(#4938),#4954,.F.);
#4938 = FACE_BOUND('',#4939,.T.);
#4939 = EDGE_LOOP('',(#4940,#4947,#4948,#4949));
#4940 = ORIENTED_EDGE('',*,*,#4941,.F.);
#4941 = EDGE_CURVE('',#4766,#4942,#4944,.T.);
#4942 = VERTEX_POINT('',#4943);
#4943 = CARTESIAN_POINT('',(-1.415,-0.645,1.000000002804E-07));
#4944 = B_SPLINE_CURVE_WITH_KNOTS('',1,(#4945,#4946),.UNSPECIFIED.,.F.,
  .F.,(2,2),(0.,0.33),.PIECEWISE_BEZIER_KNOTS.);
#4945 = CARTESIAN_POINT('',(-1.415,-0.315,1.000000002804E-07));
#4946 = CARTESIAN_POINT('',(-1.415,-0.645,1.000000002804E-07));
#4947 = ORIENTED_EDGE('',*,*,#4763,.F.);
#4948 = ORIENTED_EDGE('',*,*,#4897,.F.);
#4949 = ORIENTED_EDGE('',*,*,#4950,.F.);
#4950 = EDGE_CURVE('',#4942,#4898,#4951,.T.);
#4951 = B_SPLINE_CURVE_WITH_KNOTS('',1,(#4952,#4953),.UNSPECIFIED.,.F.,
  .F.,(2,2),(0.,0.33),.PIECEWISE_BEZIER_KNOTS.);
#4952 = CARTESIAN_POINT('',(-1.415,-0.645,1.000000002804E-07));
#4953 = CARTESIAN_POINT('',(-1.085,-0.645,1.000000002804E-07));
#4954 = B_SPLINE_SURFACE_WITH_KNOTS('',1,1,(
    (#4955,#4956)
    ,(#4957,#4958
    )),.UNSPECIFIED.,.F.,.F.,.F.,(2,2),(2,2),(-0.645,-0.315),(1.085,
    1.415),.PIECEWISE_BEZIER_KNOTS.);
#4955 = CARTESIAN_POINT('',(-1.085,-0.645,1.000000002804E-07));
#4956 = CARTESIAN_POINT('',(-1.415,-0.645,1.000000002804E-07));
#4957 = CARTESIAN_POINT('',(-1.085,-0.315,1.000000002804E-07));
#4958 = CARTESIAN_POINT('',(-1.415,-0.315,1.000000002804E-07));
#4959 = ADVANCED_FACE('',(#4960),#4970,.F.);
#4960 = FACE_BOUND('',#4961,.T.);
#4961 = EDGE_LOOP('',(#4962,#4963,#4964,#4965));
#4962 = ORIENTED_EDGE('',*,*,#4795,.F.);
#4963 = ORIENTED_EDGE('',*,*,#4772,.T.);
#4964 = ORIENTED_EDGE('',*,*,#4941,.T.);
#4965 = ORIENTED_EDGE('',*,*,#4966,.F.);
#4966 = EDGE_CURVE('',#4796,#4942,#4967,.T.);
#4967 = B_SPLINE_CURVE_WITH_KNOTS('',1,(#4968,#4969),.UNSPECIFIED.,.F.,
  .F.,(2,2),(-3.395475313806E-16,0.456124982872),
  .PIECEWISE_BEZIER_KNOTS.);
#4968 = CARTESIAN_POINT('',(-1.57,-0.8,0.4000001));
#4969 = CARTESIAN_POINT('',(-1.415,-0.645,1.000000002804E-07));
#4970 = B_SPLINE_SURFACE_WITH_KNOTS('',1,1,(
    (#4971,#4972)
    ,(#4973,#4974
    )),.UNSPECIFIED.,.F.,.F.,.F.,(2,2),(2,2),(-0.32,0.32),(
    -0.214490675788,0.214490675788),.PIECEWISE_BEZIER_KNOTS.);
#4971 = CARTESIAN_POINT('',(-1.57,-0.16,0.4000001));
#4972 = CARTESIAN_POINT('',(-1.415,-0.16,9.999999983634E-08));
#4973 = CARTESIAN_POINT('',(-1.57,-0.8,0.4000001));
#4974 = CARTESIAN_POINT('',(-1.415,-0.8,9.999999983634E-08));
#4975 = ADVANCED_FACE('',(#4976),#4992,.F.);
#4976 = FACE_BOUND('',#4977,.T.);
#4977 = EDGE_LOOP('',(#4978,#4979,#4986,#4991));
#4978 = ORIENTED_EDGE('',*,*,#4830,.F.);
#4979 = ORIENTED_EDGE('',*,*,#4980,.T.);
#4980 = EDGE_CURVE('',#4824,#4981,#4983,.T.);
#4981 = VERTEX_POINT('',#4982);
#4982 = CARTESIAN_POINT('',(-1.415,-0.645,9.3000001));
#4983 = B_SPLINE_CURVE_WITH_KNOTS('',1,(#4984,#4985),.UNSPECIFIED.,.F.,
  .F.,(2,2),(0.,0.456124982872),.PIECEWISE_BEZIER_KNOTS.);
#4984 = CARTESIAN_POINT('',(-1.57,-0.8,8.9000001));
#4985 = CARTESIAN_POINT('',(-1.415,-0.645,9.3000001));
#4986 = ORIENTED_EDGE('',*,*,#4987,.T.);
#4987 = EDGE_CURVE('',#4981,#4844,#4988,.T.);
#4988 = B_SPLINE_CURVE_WITH_KNOTS('',1,(#4989,#4990),.UNSPECIFIED.,.F.,
  .F.,(2,2),(0.,0.33),.PIECEWISE_BEZIER_KNOTS.);
#4989 = CARTESIAN_POINT('',(-1.415,-0.645,9.3000001));
#4990 = CARTESIAN_POINT('',(-1.415,-0.315,9.3000001));
#4991 = ORIENTED_EDGE('',*,*,#4858,.F.);
#4992 = B_SPLINE_SURFACE_WITH_KNOTS('',1,1,(
    (#4993,#4994)
    ,(#4995,#4996
    )),.UNSPECIFIED.,.F.,.F.,.F.,(2,2),(2,2),(-0.32,0.32),(
    -0.214490675788,0.214490675788),.PIECEWISE_BEZIER_KNOTS.);
#4993 = CARTESIAN_POINT('',(-1.57,-0.8,8.9000001));
#4994 = CARTESIAN_POINT('',(-1.415,-0.8,9.3000001));
#4995 = CARTESIAN_POINT('',(-1.57,-0.16,8.9000001));
#4996 = CARTESIAN_POINT('',(-1.415,-0.16,9.3000001));
#4997 = ADVANCED_FACE('',(#4998),#5008,.F.);
#4998 = FACE_BOUND('',#4999,.T.);
#4999 = EDGE_LOOP('',(#5000,#5001,#5006,#5007));
#5000 = ORIENTED_EDGE('',*,*,#4987,.F.);
#5001 = ORIENTED_EDGE('',*,*,#5002,.F.);
#5002 = EDGE_CURVE('',#4920,#4981,#5003,.T.);
#5003 = B_SPLINE_CURVE_WITH_KNOTS('',1,(#5004,#5005),.UNSPECIFIED.,.F.,
  .F.,(2,2),(0.,0.33),.PIECEWISE_BEZIER_KNOTS.);
#5004 = CARTESIAN_POINT('',(-1.085,-0.645,9.3000001));
#5005 = CARTESIAN_POINT('',(-1.415,-0.645,9.3000001));
#5006 = ORIENTED_EDGE('',*,*,#4919,.F.);
#5007 = ORIENTED_EDGE('',*,*,#4843,.F.);
#5008 = B_SPLINE_SURFACE_WITH_KNOTS('',1,1,(
    (#5009,#5010)
    ,(#5011,#5012
  )),.UNSPECIFIED.,.F.,.F.,.F.,(2,2),(2,2),(0.315,0.645),(1.085,1.415),
  .PIECEWISE_BEZIER_KNOTS.);
#5009 = CARTESIAN_POINT('',(-1.085,-0.315,9.3000001));
#5010 = CARTESIAN_POINT('',(-1.415,-0.315,9.3000001));
#5011 = CARTESIAN_POINT('',(-1.085,-0.645,9.3000001));
#5012 = CARTESIAN_POINT('',(-1.415,-0.645,9.3000001));
#5013 = ADVANCED_FACE('',(#5014),#5020,.F.);
#5014 = FACE_BOUND('',#5015,.T.);
#5015 = EDGE_LOOP('',(#5016,#5017,#5018,#5019));
#5016 = ORIENTED_EDGE('',*,*,#4950,.T.);
#5017 = ORIENTED_EDGE('',*,*,#4906,.F.);
#5018 = ORIENTED_EDGE('',*,*,#4875,.T.);
#5019 = ORIENTED_EDGE('',*,*,#4966,.T.);
#5020 = B_SPLINE_SURFACE_WITH_KNOTS('',1,1,(
    (#5021,#5022)
    ,(#5023,#5024
    )),.UNSPECIFIED.,.F.,.F.,.F.,(2,2),(2,2),(-0.32,0.32),(
    -0.214490675788,0.214490675788),.PIECEWISE_BEZIER_KNOTS.);
#5021 = CARTESIAN_POINT('',(-1.57,-0.8,0.4000001));
#5022 = CARTESIAN_POINT('',(-1.57,-0.645,9.999999983634E-08));
#5023 = CARTESIAN_POINT('',(-0.93,-0.8,0.4000001));
#5024 = CARTESIAN_POINT('',(-0.93,-0.645,9.999999983634E-08));
#5025 = ADVANCED_FACE('',(#5026),#5032,.F.);
#5026 = FACE_BOUND('',#5027,.T.);
#5027 = EDGE_LOOP('',(#5028,#5029,#5030,#5031));
#5028 = ORIENTED_EDGE('',*,*,#5002,.T.);
#5029 = ORIENTED_EDGE('',*,*,#4980,.F.);
#5030 = ORIENTED_EDGE('',*,*,#4884,.F.);
#5031 = ORIENTED_EDGE('',*,*,#4926,.T.);
#5032 = B_SPLINE_SURFACE_WITH_KNOTS('',1,1,(
    (#5033,#5034)
    ,(#5035,#5036
    )),.UNSPECIFIED.,.F.,.F.,.F.,(2,2),(2,2),(-0.32,0.32),(
    -0.214490675788,0.214490675788),.PIECEWISE_BEZIER_KNOTS.);
#5033 = CARTESIAN_POINT('',(-0.93,-0.8,8.9000001));
#5034 = CARTESIAN_POINT('',(-0.93,-0.645,9.3000001));
#5035 = CARTESIAN_POINT('',(-1.57,-0.8,8.9000001));
#5036 = CARTESIAN_POINT('',(-1.57,-0.645,9.3000001));
#5037 = MANIFOLD_SOLID_BREP('',#5038);
#5038 = CLOSED_SHELL('',(#5039,#5117,#5169,#5197,#5249,#5277,#5303,#5325
    ,#5347,#5369,#5385,#5407,#5423,#5435));
#5039 = ADVANCED_FACE('',(#5040),#5112,.T.);
#5040 = FACE_BOUND('',#5041,.T.);
#5041 = EDGE_LOOP('',(#5042,#5051,#5058,#5065,#5072,#5079,#5086,#5093,
    #5100,#5107));
#5042 = ORIENTED_EDGE('',*,*,#5043,.F.);
#5043 = EDGE_CURVE('',#5044,#5046,#5048,.T.);
#5044 = VERTEX_POINT('',#5045);
#5045 = CARTESIAN_POINT('',(1.57,-0.16,2.888202256406));
#5046 = VERTEX_POINT('',#5047);
#5047 = CARTESIAN_POINT('',(1.57,-0.16,8.9000001));
#5048 = B_SPLINE_CURVE_WITH_KNOTS('',1,(#5049,#5050),.UNSPECIFIED.,.F.,
  .F.,(2,2),(0.,6.011797843594),.PIECEWISE_BEZIER_KNOTS.);
#5049 = CARTESIAN_POINT('',(1.57,-0.16,2.888202256406));
#5050 = CARTESIAN_POINT('',(1.57,-0.16,8.9000001));
#5051 = ORIENTED_EDGE('',*,*,#5052,.F.);
#5052 = EDGE_CURVE('',#5053,#5044,#5055,.T.);
#5053 = VERTEX_POINT('',#5054);
#5054 = CARTESIAN_POINT('',(1.57,-0.16,0.59748311473));
#5055 = B_SPLINE_CURVE_WITH_KNOTS('',1,(#5056,#5057),.UNSPECIFIED.,.F.,
  .F.,(2,2),(0.,2.290719141676),.PIECEWISE_BEZIER_KNOTS.);
#5056 = CARTESIAN_POINT('',(1.57,-0.16,0.59748311473));
#5057 = CARTESIAN_POINT('',(1.57,-0.16,2.888202256406));
#5058 = ORIENTED_EDGE('',*,*,#5059,.F.);
#5059 = EDGE_CURVE('',#5060,#5053,#5062,.T.);
#5060 = VERTEX_POINT('',#5061);
#5061 = CARTESIAN_POINT('',(1.57,-0.16,0.499406214785));
#5062 = B_SPLINE_CURVE_WITH_KNOTS('',1,(#5063,#5064),.UNSPECIFIED.,.F.,
  .F.,(2,2),(0.,9.807689994463E-02),.PIECEWISE_BEZIER_KNOTS.);
#5063 = CARTESIAN_POINT('',(1.57,-0.16,0.499406214785));
#5064 = CARTESIAN_POINT('',(1.57,-0.16,0.59748311473));
#5065 = ORIENTED_EDGE('',*,*,#5066,.F.);
#5066 = EDGE_CURVE('',#5067,#5060,#5069,.T.);
#5067 = VERTEX_POINT('',#5068);
#5068 = CARTESIAN_POINT('',(1.57,-0.16,0.4000001));
#5069 = B_SPLINE_CURVE_WITH_KNOTS('',1,(#5070,#5071),.UNSPECIFIED.,.F.,
  .F.,(2,2),(0.,9.940611478528E-02),.PIECEWISE_BEZIER_KNOTS.);
#5070 = CARTESIAN_POINT('',(1.57,-0.16,0.4000001));
#5071 = CARTESIAN_POINT('',(1.57,-0.16,0.499406214785));
#5072 = ORIENTED_EDGE('',*,*,#5073,.F.);
#5073 = EDGE_CURVE('',#5074,#5067,#5076,.T.);
#5074 = VERTEX_POINT('',#5075);
#5075 = CARTESIAN_POINT('',(0.93,-0.16,0.4000001));
#5076 = B_SPLINE_CURVE_WITH_KNOTS('',1,(#5077,#5078),.UNSPECIFIED.,.F.,
  .F.,(2,2),(0.,0.64),.PIECEWISE_BEZIER_KNOTS.);
#5077 = CARTESIAN_POINT('',(0.93,-0.16,0.4000001));
#5078 = CARTESIAN_POINT('',(1.57,-0.16,0.4000001));
#5079 = ORIENTED_EDGE('',*,*,#5080,.T.);
#5080 = EDGE_CURVE('',#5074,#5081,#5083,.T.);
#5081 = VERTEX_POINT('',#5082);
#5082 = CARTESIAN_POINT('',(0.93,-0.16,0.499406214785));
#5083 = B_SPLINE_CURVE_WITH_KNOTS('',1,(#5084,#5085),.UNSPECIFIED.,.F.,
  .F.,(2,2),(0.,9.940611478528E-02),.PIECEWISE_BEZIER_KNOTS.);
#5084 = CARTESIAN_POINT('',(0.93,-0.16,0.4000001));
#5085 = CARTESIAN_POINT('',(0.93,-0.16,0.499406214785));
#5086 = ORIENTED_EDGE('',*,*,#5087,.T.);
#5087 = EDGE_CURVE('',#5081,#5088,#5090,.T.);
#5088 = VERTEX_POINT('',#5089);
#5089 = CARTESIAN_POINT('',(0.93,-0.16,0.59748311473));
#5090 = B_SPLINE_CURVE_WITH_KNOTS('',1,(#5091,#5092),.UNSPECIFIED.,.F.,
  .F.,(2,2),(0.,9.807689994463E-02),.PIECEWISE_BEZIER_KNOTS.);
#5091 = CARTESIAN_POINT('',(0.93,-0.16,0.499406214785));
#5092 = CARTESIAN_POINT('',(0.93,-0.16,0.59748311473));
#5093 = ORIENTED_EDGE('',*,*,#5094,.T.);
#5094 = EDGE_CURVE('',#5088,#5095,#5097,.T.);
#5095 = VERTEX_POINT('',#5096);
#5096 = CARTESIAN_POINT('',(0.93,-0.16,2.888202256406));
#5097 = B_SPLINE_CURVE_WITH_KNOTS('',1,(#5098,#5099),.UNSPECIFIED.,.F.,
  .F.,(2,2),(0.,2.290719141676),.PIECEWISE_BEZIER_KNOTS.);
#5098 = CARTESIAN_POINT('',(0.93,-0.16,0.59748311473));
#5099 = CARTESIAN_POINT('',(0.93,-0.16,2.888202256406));
#5100 = ORIENTED_EDGE('',*,*,#5101,.T.);
#5101 = EDGE_CURVE('',#5095,#5102,#5104,.T.);
#5102 = VERTEX_POINT('',#5103);
#5103 = CARTESIAN_POINT('',(0.93,-0.16,8.9000001));
#5104 = B_SPLINE_CURVE_WITH_KNOTS('',1,(#5105,#5106),.UNSPECIFIED.,.F.,
  .F.,(2,2),(0.,6.011797843594),.PIECEWISE_BEZIER_KNOTS.);
#5105 = CARTESIAN_POINT('',(0.93,-0.16,2.888202256406));
#5106 = CARTESIAN_POINT('',(0.93,-0.16,8.9000001));
#5107 = ORIENTED_EDGE('',*,*,#5108,.F.);
#5108 = EDGE_CURVE('',#5046,#5102,#5109,.T.);
#5109 = B_SPLINE_CURVE_WITH_KNOTS('',1,(#5110,#5111),.UNSPECIFIED.,.F.,
  .F.,(2,2),(0.,0.64),.PIECEWISE_BEZIER_KNOTS.);
#5110 = CARTESIAN_POINT('',(1.57,-0.16,8.9000001));
#5111 = CARTESIAN_POINT('',(0.93,-0.16,8.9000001));
#5112 = B_SPLINE_SURFACE_WITH_KNOTS('',1,1,(
    (#5113,#5114)
    ,(#5115,#5116
    )),.UNSPECIFIED.,.F.,.F.,.F.,(2,2),(2,2),(0.,0.64),(0.,8.5),
  .PIECEWISE_BEZIER_KNOTS.);
#5113 = CARTESIAN_POINT('',(1.57,-0.16,0.4000001));
#5114 = CARTESIAN_POINT('',(1.57,-0.16,8.9000001));
#5115 = CARTESIAN_POINT('',(0.93,-0.16,0.4000001));
#5116 = CARTESIAN_POINT('',(0.93,-0.16,8.9000001));
#5117 = ADVANCED_FACE('',(#5118),#5164,.T.);
#5118 = FACE_BOUND('',#5119,.T.);
#5119 = EDGE_LOOP('',(#5120,#5129,#5136,#5143,#5150,#5155,#5156,#5157,
    #5158,#5159));
#5120 = ORIENTED_EDGE('',*,*,#5121,.F.);
#5121 = EDGE_CURVE('',#5122,#5124,#5126,.T.);
#5122 = VERTEX_POINT('',#5123);
#5123 = CARTESIAN_POINT('',(1.57,-0.8,2.888202256406));
#5124 = VERTEX_POINT('',#5125);
#5125 = CARTESIAN_POINT('',(1.57,-0.8,8.9000001));
#5126 = B_SPLINE_CURVE_WITH_KNOTS('',1,(#5127,#5128),.UNSPECIFIED.,.F.,
  .F.,(2,2),(0.,6.011797843594),.PIECEWISE_BEZIER_KNOTS.);
#5127 = CARTESIAN_POINT('',(1.57,-0.8,2.888202256406));
#5128 = CARTESIAN_POINT('',(1.57,-0.8,8.9000001));
#5129 = ORIENTED_EDGE('',*,*,#5130,.F.);
#5130 = EDGE_CURVE('',#5131,#5122,#5133,.T.);
#5131 = VERTEX_POINT('',#5132);
#5132 = CARTESIAN_POINT('',(1.57,-0.8,0.59748311473));
#5133 = B_SPLINE_CURVE_WITH_KNOTS('',1,(#5134,#5135),.UNSPECIFIED.,.F.,
  .F.,(2,2),(0.,2.290719141676),.PIECEWISE_BEZIER_KNOTS.);
#5134 = CARTESIAN_POINT('',(1.57,-0.8,0.59748311473));
#5135 = CARTESIAN_POINT('',(1.57,-0.8,2.888202256406));
#5136 = ORIENTED_EDGE('',*,*,#5137,.F.);
#5137 = EDGE_CURVE('',#5138,#5131,#5140,.T.);
#5138 = VERTEX_POINT('',#5139);
#5139 = CARTESIAN_POINT('',(1.57,-0.8,0.499406214785));
#5140 = B_SPLINE_CURVE_WITH_KNOTS('',1,(#5141,#5142),.UNSPECIFIED.,.F.,
  .F.,(2,2),(0.,9.807689994463E-02),.PIECEWISE_BEZIER_KNOTS.);
#5141 = CARTESIAN_POINT('',(1.57,-0.8,0.499406214785));
#5142 = CARTESIAN_POINT('',(1.57,-0.8,0.59748311473));
#5143 = ORIENTED_EDGE('',*,*,#5144,.F.);
#5144 = EDGE_CURVE('',#5145,#5138,#5147,.T.);
#5145 = VERTEX_POINT('',#5146);
#5146 = CARTESIAN_POINT('',(1.57,-0.8,0.4000001));
#5147 = B_SPLINE_CURVE_WITH_KNOTS('',1,(#5148,#5149),.UNSPECIFIED.,.F.,
  .F.,(2,2),(0.,9.940611478528E-02),.PIECEWISE_BEZIER_KNOTS.);
#5148 = CARTESIAN_POINT('',(1.57,-0.8,0.4000001));
#5149 = CARTESIAN_POINT('',(1.57,-0.8,0.499406214785));
#5150 = ORIENTED_EDGE('',*,*,#5151,.F.);
#5151 = EDGE_CURVE('',#5067,#5145,#5152,.T.);
#5152 = B_SPLINE_CURVE_WITH_KNOTS('',1,(#5153,#5154),.UNSPECIFIED.,.F.,
  .F.,(2,2),(9.992007221626E-16,0.64),.PIECEWISE_BEZIER_KNOTS.);
#5153 = CARTESIAN_POINT('',(1.57,-0.16,0.4000001));
#5154 = CARTESIAN_POINT('',(1.57,-0.8,0.4000001));
#5155 = ORIENTED_EDGE('',*,*,#5066,.T.);
#5156 = ORIENTED_EDGE('',*,*,#5059,.T.);
#5157 = ORIENTED_EDGE('',*,*,#5052,.T.);
#5158 = ORIENTED_EDGE('',*,*,#5043,.T.);
#5159 = ORIENTED_EDGE('',*,*,#5160,.F.);
#5160 = EDGE_CURVE('',#5124,#5046,#5161,.T.);
#5161 = B_SPLINE_CURVE_WITH_KNOTS('',1,(#5162,#5163),.UNSPECIFIED.,.F.,
  .F.,(2,2),(9.992007221626E-16,0.64),.PIECEWISE_BEZIER_KNOTS.);
#5162 = CARTESIAN_POINT('',(1.57,-0.8,8.9000001));
#5163 = CARTESIAN_POINT('',(1.57,-0.16,8.9000001));
#5164 = B_SPLINE_SURFACE_WITH_KNOTS('',1,1,(
    (#5165,#5166)
    ,(#5167,#5168
    )),.UNSPECIFIED.,.F.,.F.,.F.,(2,2),(2,2),(0.,0.64),(0.,8.5),
  .PIECEWISE_BEZIER_KNOTS.);
#5165 = CARTESIAN_POINT('',(1.57,-0.8,0.4000001));
#5166 = CARTESIAN_POINT('',(1.57,-0.8,8.9000001));
#5167 = CARTESIAN_POINT('',(1.57,-0.16,0.4000001));
#5168 = CARTESIAN_POINT('',(1.57,-0.16,8.9000001));
#5169 = ADVANCED_FACE('',(#5170),#5192,.T.);
#5170 = FACE_BOUND('',#5171,.T.);
#5171 = EDGE_LOOP('',(#5172,#5179,#5186,#5191));
#5172 = ORIENTED_EDGE('',*,*,#5173,.T.);
#5173 = EDGE_CURVE('',#5067,#5174,#5176,.T.);
#5174 = VERTEX_POINT('',#5175);
#5175 = CARTESIAN_POINT('',(1.415,-0.315,1.000000002804E-07));
#5176 = B_SPLINE_CURVE_WITH_KNOTS('',1,(#5177,#5178),.UNSPECIFIED.,.F.,
  .F.,(2,2),(3.395475313806E-16,0.456124982872),
  .PIECEWISE_BEZIER_KNOTS.);
#5177 = CARTESIAN_POINT('',(1.57,-0.16,0.4000001));
#5178 = CARTESIAN_POINT('',(1.415,-0.315,9.999999983634E-08));
#5179 = ORIENTED_EDGE('',*,*,#5180,.F.);
#5180 = EDGE_CURVE('',#5181,#5174,#5183,.T.);
#5181 = VERTEX_POINT('',#5182);
#5182 = CARTESIAN_POINT('',(1.085,-0.315,1.000000002804E-07));
#5183 = B_SPLINE_CURVE_WITH_KNOTS('',1,(#5184,#5185),.UNSPECIFIED.,.F.,
  .F.,(2,2),(0.,0.33),.PIECEWISE_BEZIER_KNOTS.);
#5184 = CARTESIAN_POINT('',(1.085,-0.315,1.000000002804E-07));
#5185 = CARTESIAN_POINT('',(1.415,-0.315,1.000000002804E-07));
#5186 = ORIENTED_EDGE('',*,*,#5187,.F.);
#5187 = EDGE_CURVE('',#5074,#5181,#5188,.T.);
#5188 = B_SPLINE_CURVE_WITH_KNOTS('',1,(#5189,#5190),.UNSPECIFIED.,.F.,
  .F.,(2,2),(0.,0.456124982872),.PIECEWISE_BEZIER_KNOTS.);
#5189 = CARTESIAN_POINT('',(0.93,-0.16,0.4000001));
#5190 = CARTESIAN_POINT('',(1.085,-0.315,1.000000002804E-07));
#5191 = ORIENTED_EDGE('',*,*,#5073,.T.);
#5192 = B_SPLINE_SURFACE_WITH_KNOTS('',1,1,(
    (#5193,#5194)
    ,(#5195,#5196
    )),.UNSPECIFIED.,.F.,.F.,.F.,(2,2),(2,2),(-0.32,0.32),(
    -0.214490675788,0.214490675788),.PIECEWISE_BEZIER_KNOTS.);
#5193 = CARTESIAN_POINT('',(0.93,-0.16,0.4000001));
#5194 = CARTESIAN_POINT('',(0.93,-0.315,1.000000002804E-07));
#5195 = CARTESIAN_POINT('',(1.57,-0.16,0.4000001));
#5196 = CARTESIAN_POINT('',(1.57,-0.315,1.000000002804E-07));
#5197 = ADVANCED_FACE('',(#5198),#5244,.T.);
#5198 = FACE_BOUND('',#5199,.T.);
#5199 = EDGE_LOOP('',(#5200,#5201,#5202,#5203,#5204,#5211,#5218,#5225,
    #5232,#5239));
#5200 = ORIENTED_EDGE('',*,*,#5101,.F.);
#5201 = ORIENTED_EDGE('',*,*,#5094,.F.);
#5202 = ORIENTED_EDGE('',*,*,#5087,.F.);
#5203 = ORIENTED_EDGE('',*,*,#5080,.F.);
#5204 = ORIENTED_EDGE('',*,*,#5205,.T.);
#5205 = EDGE_CURVE('',#5074,#5206,#5208,.T.);
#5206 = VERTEX_POINT('',#5207);
#5207 = CARTESIAN_POINT('',(0.93,-0.8,0.4000001));
#5208 = B_SPLINE_CURVE_WITH_KNOTS('',1,(#5209,#5210),.UNSPECIFIED.,.F.,
  .F.,(2,2),(0.,0.64),.PIECEWISE_BEZIER_KNOTS.);
#5209 = CARTESIAN_POINT('',(0.93,-0.16,0.4000001));
#5210 = CARTESIAN_POINT('',(0.93,-0.8,0.4000001));
#5211 = ORIENTED_EDGE('',*,*,#5212,.T.);
#5212 = EDGE_CURVE('',#5206,#5213,#5215,.T.);
#5213 = VERTEX_POINT('',#5214);
#5214 = CARTESIAN_POINT('',(0.93,-0.8,0.499406214785));
#5215 = B_SPLINE_CURVE_WITH_KNOTS('',1,(#5216,#5217),.UNSPECIFIED.,.F.,
  .F.,(2,2),(0.,9.940611478528E-02),.PIECEWISE_BEZIER_KNOTS.);
#5216 = CARTESIAN_POINT('',(0.93,-0.8,0.4000001));
#5217 = CARTESIAN_POINT('',(0.93,-0.8,0.499406214785));
#5218 = ORIENTED_EDGE('',*,*,#5219,.T.);
#5219 = EDGE_CURVE('',#5213,#5220,#5222,.T.);
#5220 = VERTEX_POINT('',#5221);
#5221 = CARTESIAN_POINT('',(0.93,-0.8,0.59748311473));
#5222 = B_SPLINE_CURVE_WITH_KNOTS('',1,(#5223,#5224),.UNSPECIFIED.,.F.,
  .F.,(2,2),(0.,9.807689994463E-02),.PIECEWISE_BEZIER_KNOTS.);
#5223 = CARTESIAN_POINT('',(0.93,-0.8,0.499406214785));
#5224 = CARTESIAN_POINT('',(0.93,-0.8,0.59748311473));
#5225 = ORIENTED_EDGE('',*,*,#5226,.T.);
#5226 = EDGE_CURVE('',#5220,#5227,#5229,.T.);
#5227 = VERTEX_POINT('',#5228);
#5228 = CARTESIAN_POINT('',(0.93,-0.8,2.888202256406));
#5229 = B_SPLINE_CURVE_WITH_KNOTS('',1,(#5230,#5231),.UNSPECIFIED.,.F.,
  .F.,(2,2),(0.,2.290719141676),.PIECEWISE_BEZIER_KNOTS.);
#5230 = CARTESIAN_POINT('',(0.93,-0.8,0.59748311473));
#5231 = CARTESIAN_POINT('',(0.93,-0.8,2.888202256406));
#5232 = ORIENTED_EDGE('',*,*,#5233,.T.);
#5233 = EDGE_CURVE('',#5227,#5234,#5236,.T.);
#5234 = VERTEX_POINT('',#5235);
#5235 = CARTESIAN_POINT('',(0.93,-0.8,8.9000001));
#5236 = B_SPLINE_CURVE_WITH_KNOTS('',1,(#5237,#5238),.UNSPECIFIED.,.F.,
  .F.,(2,2),(0.,6.011797843594),.PIECEWISE_BEZIER_KNOTS.);
#5237 = CARTESIAN_POINT('',(0.93,-0.8,2.888202256406));
#5238 = CARTESIAN_POINT('',(0.93,-0.8,8.9000001));
#5239 = ORIENTED_EDGE('',*,*,#5240,.T.);
#5240 = EDGE_CURVE('',#5234,#5102,#5241,.T.);
#5241 = B_SPLINE_CURVE_WITH_KNOTS('',1,(#5242,#5243),.UNSPECIFIED.,.F.,
  .F.,(2,2),(0.,0.64),.PIECEWISE_BEZIER_KNOTS.);
#5242 = CARTESIAN_POINT('',(0.93,-0.8,8.9000001));
#5243 = CARTESIAN_POINT('',(0.93,-0.16,8.9000001));
#5244 = B_SPLINE_SURFACE_WITH_KNOTS('',1,1,(
    (#5245,#5246)
    ,(#5247,#5248
    )),.UNSPECIFIED.,.F.,.F.,.F.,(2,2),(2,2),(0.,0.64),(0.,8.5),
  .PIECEWISE_BEZIER_KNOTS.);
#5245 = CARTESIAN_POINT('',(0.93,-0.16,0.4000001));
#5246 = CARTESIAN_POINT('',(0.93,-0.16,8.9000001));
#5247 = CARTESIAN_POINT('',(0.93,-0.8,0.4000001));
#5248 = CARTESIAN_POINT('',(0.93,-0.8,8.9000001));
#5249 = ADVANCED_FACE('',(#5250),#5272,.T.);
#5250 = FACE_BOUND('',#5251,.T.);
#5251 = EDGE_LOOP('',(#5252,#5253,#5260,#5267));
#5252 = ORIENTED_EDGE('',*,*,#5108,.T.);
#5253 = ORIENTED_EDGE('',*,*,#5254,.T.);
#5254 = EDGE_CURVE('',#5102,#5255,#5257,.T.);
#5255 = VERTEX_POINT('',#5256);
#5256 = CARTESIAN_POINT('',(1.085,-0.315,9.3000001));
#5257 = B_SPLINE_CURVE_WITH_KNOTS('',1,(#5258,#5259),.UNSPECIFIED.,.F.,
  .F.,(2,2),(0.,0.456124982872),.PIECEWISE_BEZIER_KNOTS.);
#5258 = CARTESIAN_POINT('',(0.93,-0.16,8.9000001));
#5259 = CARTESIAN_POINT('',(1.085,-0.315,9.3000001));
#5260 = ORIENTED_EDGE('',*,*,#5261,.F.);
#5261 = EDGE_CURVE('',#5262,#5255,#5264,.T.);
#5262 = VERTEX_POINT('',#5263);
#5263 = CARTESIAN_POINT('',(1.415,-0.315,9.3000001));
#5264 = B_SPLINE_CURVE_WITH_KNOTS('',1,(#5265,#5266),.UNSPECIFIED.,.F.,
  .F.,(2,2),(0.,0.33),.PIECEWISE_BEZIER_KNOTS.);
#5265 = CARTESIAN_POINT('',(1.415,-0.315,9.3000001));
#5266 = CARTESIAN_POINT('',(1.085,-0.315,9.3000001));
#5267 = ORIENTED_EDGE('',*,*,#5268,.F.);
#5268 = EDGE_CURVE('',#5046,#5262,#5269,.T.);
#5269 = B_SPLINE_CURVE_WITH_KNOTS('',1,(#5270,#5271),.UNSPECIFIED.,.F.,
  .F.,(2,2),(3.395475313806E-16,0.456124982872),
  .PIECEWISE_BEZIER_KNOTS.);
#5270 = CARTESIAN_POINT('',(1.57,-0.16,8.9000001));
#5271 = CARTESIAN_POINT('',(1.415,-0.315,9.3000001));
#5272 = B_SPLINE_SURFACE_WITH_KNOTS('',1,1,(
    (#5273,#5274)
    ,(#5275,#5276
    )),.UNSPECIFIED.,.F.,.F.,.F.,(2,2),(2,2),(-0.32,0.32),(
    -0.214490675788,0.214490675788),.PIECEWISE_BEZIER_KNOTS.);
#5273 = CARTESIAN_POINT('',(1.57,-0.16,8.9000001));
#5274 = CARTESIAN_POINT('',(1.57,-0.315,9.3000001));
#5275 = CARTESIAN_POINT('',(0.93,-0.16,8.9000001));
#5276 = CARTESIAN_POINT('',(0.93,-0.315,9.3000001));
#5277 = ADVANCED_FACE('',(#5278),#5298,.T.);
#5278 = FACE_BOUND('',#5279,.T.);
#5279 = EDGE_LOOP('',(#5280,#5281,#5282,#5283,#5284,#5289,#5290,#5291,
    #5292,#5293));
#5280 = ORIENTED_EDGE('',*,*,#5233,.F.);
#5281 = ORIENTED_EDGE('',*,*,#5226,.F.);
#5282 = ORIENTED_EDGE('',*,*,#5219,.F.);
#5283 = ORIENTED_EDGE('',*,*,#5212,.F.);
#5284 = ORIENTED_EDGE('',*,*,#5285,.T.);
#5285 = EDGE_CURVE('',#5206,#5145,#5286,.T.);
#5286 = B_SPLINE_CURVE_WITH_KNOTS('',1,(#5287,#5288),.UNSPECIFIED.,.F.,
  .F.,(2,2),(0.,0.64),.PIECEWISE_BEZIER_KNOTS.);
#5287 = CARTESIAN_POINT('',(0.93,-0.8,0.4000001));
#5288 = CARTESIAN_POINT('',(1.57,-0.8,0.4000001));
#5289 = ORIENTED_EDGE('',*,*,#5144,.T.);
#5290 = ORIENTED_EDGE('',*,*,#5137,.T.);
#5291 = ORIENTED_EDGE('',*,*,#5130,.T.);
#5292 = ORIENTED_EDGE('',*,*,#5121,.T.);
#5293 = ORIENTED_EDGE('',*,*,#5294,.F.);
#5294 = EDGE_CURVE('',#5234,#5124,#5295,.T.);
#5295 = B_SPLINE_CURVE_WITH_KNOTS('',1,(#5296,#5297),.UNSPECIFIED.,.F.,
  .F.,(2,2),(0.,0.64),.PIECEWISE_BEZIER_KNOTS.);
#5296 = CARTESIAN_POINT('',(0.93,-0.8,8.9000001));
#5297 = CARTESIAN_POINT('',(1.57,-0.8,8.9000001));
#5298 = B_SPLINE_SURFACE_WITH_KNOTS('',1,1,(
    (#5299,#5300)
    ,(#5301,#5302
    )),.UNSPECIFIED.,.F.,.F.,.F.,(2,2),(2,2),(0.,0.64),(0.,8.5),
  .PIECEWISE_BEZIER_KNOTS.);
#5299 = CARTESIAN_POINT('',(0.93,-0.8,0.4000001));
#5300 = CARTESIAN_POINT('',(0.93,-0.8,8.9000001));
#5301 = CARTESIAN_POINT('',(1.57,-0.8,0.4000001));
#5302 = CARTESIAN_POINT('',(1.57,-0.8,8.9000001));
#5303 = ADVANCED_FACE('',(#5304),#5320,.T.);
#5304 = FACE_BOUND('',#5305,.T.);
#5305 = EDGE_LOOP('',(#5306,#5313,#5318,#5319));
#5306 = ORIENTED_EDGE('',*,*,#5307,.T.);
#5307 = EDGE_CURVE('',#5145,#5308,#5310,.T.);
#5308 = VERTEX_POINT('',#5309);
#5309 = CARTESIAN_POINT('',(1.415,-0.645,1.000000002804E-07));
#5310 = B_SPLINE_CURVE_WITH_KNOTS('',1,(#5311,#5312),.UNSPECIFIED.,.F.,
  .F.,(2,2),(-3.395475313806E-16,0.456124982872),
  .PIECEWISE_BEZIER_KNOTS.);
#5311 = CARTESIAN_POINT('',(1.57,-0.8,0.4000001));
#5312 = CARTESIAN_POINT('',(1.415,-0.645,1.000000002804E-07));
#5313 = ORIENTED_EDGE('',*,*,#5314,.F.);
#5314 = EDGE_CURVE('',#5174,#5308,#5315,.T.);
#5315 = B_SPLINE_CURVE_WITH_KNOTS('',1,(#5316,#5317),.UNSPECIFIED.,.F.,
  .F.,(2,2),(0.,0.33),.PIECEWISE_BEZIER_KNOTS.);
#5316 = CARTESIAN_POINT('',(1.415,-0.315,1.000000002804E-07));
#5317 = CARTESIAN_POINT('',(1.415,-0.645,1.000000002804E-07));
#5318 = ORIENTED_EDGE('',*,*,#5173,.F.);
#5319 = ORIENTED_EDGE('',*,*,#5151,.T.);
#5320 = B_SPLINE_SURFACE_WITH_KNOTS('',1,1,(
    (#5321,#5322)
    ,(#5323,#5324
    )),.UNSPECIFIED.,.F.,.F.,.F.,(2,2),(2,2),(-0.32,0.32),(
    -0.214490675788,0.214490675788),.PIECEWISE_BEZIER_KNOTS.);
#5321 = CARTESIAN_POINT('',(1.57,-0.16,0.4000001));
#5322 = CARTESIAN_POINT('',(1.415,-0.16,9.999999983634E-08));
#5323 = CARTESIAN_POINT('',(1.57,-0.8,0.4000001));
#5324 = CARTESIAN_POINT('',(1.415,-0.8,9.999999983634E-08));
#5325 = ADVANCED_FACE('',(#5326),#5342,.T.);
#5326 = FACE_BOUND('',#5327,.T.);
#5327 = EDGE_LOOP('',(#5328,#5329,#5336,#5341));
#5328 = ORIENTED_EDGE('',*,*,#5268,.T.);
#5329 = ORIENTED_EDGE('',*,*,#5330,.F.);
#5330 = EDGE_CURVE('',#5331,#5262,#5333,.T.);
#5331 = VERTEX_POINT('',#5332);
#5332 = CARTESIAN_POINT('',(1.415,-0.645,9.3000001));
#5333 = B_SPLINE_CURVE_WITH_KNOTS('',1,(#5334,#5335),.UNSPECIFIED.,.F.,
  .F.,(2,2),(0.,0.33),.PIECEWISE_BEZIER_KNOTS.);
#5334 = CARTESIAN_POINT('',(1.415,-0.645,9.3000001));
#5335 = CARTESIAN_POINT('',(1.415,-0.315,9.3000001));
#5336 = ORIENTED_EDGE('',*,*,#5337,.F.);
#5337 = EDGE_CURVE('',#5124,#5331,#5338,.T.);
#5338 = B_SPLINE_CURVE_WITH_KNOTS('',1,(#5339,#5340),.UNSPECIFIED.,.F.,
  .F.,(2,2),(3.395475313806E-16,0.456124982872),
  .PIECEWISE_BEZIER_KNOTS.);
#5339 = CARTESIAN_POINT('',(1.57,-0.8,8.9000001));
#5340 = CARTESIAN_POINT('',(1.415,-0.645,9.3000001));
#5341 = ORIENTED_EDGE('',*,*,#5160,.T.);
#5342 = B_SPLINE_SURFACE_WITH_KNOTS('',1,1,(
    (#5343,#5344)
    ,(#5345,#5346
    )),.UNSPECIFIED.,.F.,.F.,.F.,(2,2),(2,2),(-0.32,0.32),(
    -0.214490675788,0.214490675788),.PIECEWISE_BEZIER_KNOTS.);
#5343 = CARTESIAN_POINT('',(1.57,-0.8,8.9000001));
#5344 = CARTESIAN_POINT('',(1.415,-0.8,9.3000001));
#5345 = CARTESIAN_POINT('',(1.57,-0.16,8.9000001));
#5346 = CARTESIAN_POINT('',(1.415,-0.16,9.3000001));
#5347 = ADVANCED_FACE('',(#5348),#5364,.T.);
#5348 = FACE_BOUND('',#5349,.T.);
#5349 = EDGE_LOOP('',(#5350,#5357,#5358,#5359));
#5350 = ORIENTED_EDGE('',*,*,#5351,.T.);
#5351 = EDGE_CURVE('',#5352,#5181,#5354,.T.);
#5352 = VERTEX_POINT('',#5353);
#5353 = CARTESIAN_POINT('',(1.085,-0.645,1.000000002804E-07));
#5354 = B_SPLINE_CURVE_WITH_KNOTS('',1,(#5355,#5356),.UNSPECIFIED.,.F.,
  .F.,(2,2),(0.,0.33),.PIECEWISE_BEZIER_KNOTS.);
#5355 = CARTESIAN_POINT('',(1.085,-0.645,1.000000002804E-07));
#5356 = CARTESIAN_POINT('',(1.085,-0.315,1.000000002804E-07));
#5357 = ORIENTED_EDGE('',*,*,#5180,.T.);
#5358 = ORIENTED_EDGE('',*,*,#5314,.T.);
#5359 = ORIENTED_EDGE('',*,*,#5360,.T.);
#5360 = EDGE_CURVE('',#5308,#5352,#5361,.T.);
#5361 = B_SPLINE_CURVE_WITH_KNOTS('',1,(#5362,#5363),.UNSPECIFIED.,.F.,
  .F.,(2,2),(0.,0.33),.PIECEWISE_BEZIER_KNOTS.);
#5362 = CARTESIAN_POINT('',(1.415,-0.645,1.000000002804E-07));
#5363 = CARTESIAN_POINT('',(1.085,-0.645,1.000000002804E-07));
#5364 = B_SPLINE_SURFACE_WITH_KNOTS('',1,1,(
    (#5365,#5366)
    ,(#5367,#5368
    )),.UNSPECIFIED.,.F.,.F.,.F.,(2,2),(2,2),(-0.645,-0.315),(1.085,
    1.415),.PIECEWISE_BEZIER_KNOTS.);
#5365 = CARTESIAN_POINT('',(1.085,-0.645,1.000000002804E-07));
#5366 = CARTESIAN_POINT('',(1.415,-0.645,1.000000002804E-07));
#5367 = CARTESIAN_POINT('',(1.085,-0.315,1.000000002804E-07));
#5368 = CARTESIAN_POINT('',(1.415,-0.315,1.000000002804E-07));
#5369 = ADVANCED_FACE('',(#5370),#5380,.T.);
#5370 = FACE_BOUND('',#5371,.T.);
#5371 = EDGE_LOOP('',(#5372,#5373,#5374,#5379));
#5372 = ORIENTED_EDGE('',*,*,#5187,.T.);
#5373 = ORIENTED_EDGE('',*,*,#5351,.F.);
#5374 = ORIENTED_EDGE('',*,*,#5375,.F.);
#5375 = EDGE_CURVE('',#5206,#5352,#5376,.T.);
#5376 = B_SPLINE_CURVE_WITH_KNOTS('',1,(#5377,#5378),.UNSPECIFIED.,.F.,
  .F.,(2,2),(-3.395475313806E-16,0.456124982872),
  .PIECEWISE_BEZIER_KNOTS.);
#5377 = CARTESIAN_POINT('',(0.93,-0.8,0.4000001));
#5378 = CARTESIAN_POINT('',(1.085,-0.645,1.000000002804E-07));
#5379 = ORIENTED_EDGE('',*,*,#5205,.F.);
#5380 = B_SPLINE_SURFACE_WITH_KNOTS('',1,1,(
    (#5381,#5382)
    ,(#5383,#5384
    )),.UNSPECIFIED.,.F.,.F.,.F.,(2,2),(2,2),(-0.32,0.32),(
    -0.214490675788,0.214490675788),.PIECEWISE_BEZIER_KNOTS.);
#5381 = CARTESIAN_POINT('',(0.93,-0.8,0.4000001));
#5382 = CARTESIAN_POINT('',(1.085,-0.8,1.000000002804E-07));
#5383 = CARTESIAN_POINT('',(0.93,-0.16,0.4000001));
#5384 = CARTESIAN_POINT('',(1.085,-0.16,1.000000002804E-07));
#5385 = ADVANCED_FACE('',(#5386),#5402,.T.);
#5386 = FACE_BOUND('',#5387,.T.);
#5387 = EDGE_LOOP('',(#5388,#5395,#5400,#5401));
#5388 = ORIENTED_EDGE('',*,*,#5389,.T.);
#5389 = EDGE_CURVE('',#5234,#5390,#5392,.T.);
#5390 = VERTEX_POINT('',#5391);
#5391 = CARTESIAN_POINT('',(1.085,-0.645,9.3000001));
#5392 = B_SPLINE_CURVE_WITH_KNOTS('',1,(#5393,#5394),.UNSPECIFIED.,.F.,
  .F.,(2,2),(0.,0.456124982872),.PIECEWISE_BEZIER_KNOTS.);
#5393 = CARTESIAN_POINT('',(0.93,-0.8,8.9000001));
#5394 = CARTESIAN_POINT('',(1.085,-0.645,9.3000001));
#5395 = ORIENTED_EDGE('',*,*,#5396,.F.);
#5396 = EDGE_CURVE('',#5255,#5390,#5397,.T.);
#5397 = B_SPLINE_CURVE_WITH_KNOTS('',1,(#5398,#5399),.UNSPECIFIED.,.F.,
  .F.,(2,2),(0.,0.33),.PIECEWISE_BEZIER_KNOTS.);
#5398 = CARTESIAN_POINT('',(1.085,-0.315,9.3000001));
#5399 = CARTESIAN_POINT('',(1.085,-0.645,9.3000001));
#5400 = ORIENTED_EDGE('',*,*,#5254,.F.);
#5401 = ORIENTED_EDGE('',*,*,#5240,.F.);
#5402 = B_SPLINE_SURFACE_WITH_KNOTS('',1,1,(
    (#5403,#5404)
    ,(#5405,#5406
    )),.UNSPECIFIED.,.F.,.F.,.F.,(2,2),(2,2),(-0.32,0.32),(
    -0.214490675788,0.214490675788),.PIECEWISE_BEZIER_KNOTS.);
#5403 = CARTESIAN_POINT('',(0.93,-0.16,8.9000001));
#5404 = CARTESIAN_POINT('',(1.085,-0.16,9.3000001));
#5405 = CARTESIAN_POINT('',(0.93,-0.8,8.9000001));
#5406 = CARTESIAN_POINT('',(1.085,-0.8,9.3000001));
#5407 = ADVANCED_FACE('',(#5408),#5418,.T.);
#5408 = FACE_BOUND('',#5409,.T.);
#5409 = EDGE_LOOP('',(#5410,#5411,#5416,#5417));
#5410 = ORIENTED_EDGE('',*,*,#5396,.T.);
#5411 = ORIENTED_EDGE('',*,*,#5412,.T.);
#5412 = EDGE_CURVE('',#5390,#5331,#5413,.T.);
#5413 = B_SPLINE_CURVE_WITH_KNOTS('',1,(#5414,#5415),.UNSPECIFIED.,.F.,
  .F.,(2,2),(0.,0.33),.PIECEWISE_BEZIER_KNOTS.);
#5414 = CARTESIAN_POINT('',(1.085,-0.645,9.3000001));
#5415 = CARTESIAN_POINT('',(1.415,-0.645,9.3000001));
#5416 = ORIENTED_EDGE('',*,*,#5330,.T.);
#5417 = ORIENTED_EDGE('',*,*,#5261,.T.);
#5418 = B_SPLINE_SURFACE_WITH_KNOTS('',1,1,(
    (#5419,#5420)
    ,(#5421,#5422
  )),.UNSPECIFIED.,.F.,.F.,.F.,(2,2),(2,2),(0.315,0.645),(1.085,1.415),
  .PIECEWISE_BEZIER_KNOTS.);
#5419 = CARTESIAN_POINT('',(1.085,-0.315,9.3000001));
#5420 = CARTESIAN_POINT('',(1.415,-0.315,9.3000001));
#5421 = CARTESIAN_POINT('',(1.085,-0.645,9.3000001));
#5422 = CARTESIAN_POINT('',(1.415,-0.645,9.3000001));
#5423 = ADVANCED_FACE('',(#5424),#5430,.T.);
#5424 = FACE_BOUND('',#5425,.T.);
#5425 = EDGE_LOOP('',(#5426,#5427,#5428,#5429));
#5426 = ORIENTED_EDGE('',*,*,#5375,.T.);
#5427 = ORIENTED_EDGE('',*,*,#5360,.F.);
#5428 = ORIENTED_EDGE('',*,*,#5307,.F.);
#5429 = ORIENTED_EDGE('',*,*,#5285,.F.);
#5430 = B_SPLINE_SURFACE_WITH_KNOTS('',1,1,(
    (#5431,#5432)
    ,(#5433,#5434
    )),.UNSPECIFIED.,.F.,.F.,.F.,(2,2),(2,2),(-0.32,0.32),(
    -0.214490675788,0.214490675788),.PIECEWISE_BEZIER_KNOTS.);
#5431 = CARTESIAN_POINT('',(1.57,-0.8,0.4000001));
#5432 = CARTESIAN_POINT('',(1.57,-0.645,9.999999983634E-08));
#5433 = CARTESIAN_POINT('',(0.93,-0.8,0.4000001));
#5434 = CARTESIAN_POINT('',(0.93,-0.645,9.999999983634E-08));
#5435 = ADVANCED_FACE('',(#5436),#5442,.T.);
#5436 = FACE_BOUND('',#5437,.T.);
#5437 = EDGE_LOOP('',(#5438,#5439,#5440,#5441));
#5438 = ORIENTED_EDGE('',*,*,#5294,.T.);
#5439 = ORIENTED_EDGE('',*,*,#5337,.T.);
#5440 = ORIENTED_EDGE('',*,*,#5412,.F.);
#5441 = ORIENTED_EDGE('',*,*,#5389,.F.);
#5442 = B_SPLINE_SURFACE_WITH_KNOTS('',1,1,(
    (#5443,#5444)
    ,(#5445,#5446
    )),.UNSPECIFIED.,.F.,.F.,.F.,(2,2),(2,2),(-0.32,0.32),(
    -0.214490675788,0.214490675788),.PIECEWISE_BEZIER_KNOTS.);
#5443 = CARTESIAN_POINT('',(0.93,-0.8,8.9000001));
#5444 = CARTESIAN_POINT('',(0.93,-0.645,9.3000001));
#5445 = CARTESIAN_POINT('',(1.57,-0.8,8.9000001));
#5446 = CARTESIAN_POINT('',(1.57,-0.645,9.3000001));
#5447 = ( GEOMETRIC_REPRESENTATION_CONTEXT(3) 
GLOBAL_UNCERTAINTY_ASSIGNED_CONTEXT((#5451)) 
GLOBAL_UNIT_ASSIGNED_CONTEXT((#5448,#5449,#5450)) REPRESENTATION_CONTEXT
('Context #1','3D Context with UNIT and UNCERTAINTY') );
#5448 = ( LENGTH_UNIT() NAMED_UNIT(*) SI_UNIT(.MILLI.,.METRE.) );
#5449 = ( NAMED_UNIT(*) PLANE_ANGLE_UNIT() SI_UNIT($,.RADIAN.) );
#5450 = ( NAMED_UNIT(*) SI_UNIT($,.STERADIAN.) SOLID_ANGLE_UNIT() );
#5451 = UNCERTAINTY_MEASURE_WITH_UNIT(LENGTH_MEASURE(1.E-07),#5448,
  'distance_accuracy_value','confusion accuracy');
#5452 = PRODUCT_RELATED_PRODUCT_CATEGORY('part',$,(#7));
#5453 = MECHANICAL_DESIGN_GEOMETRIC_PRESENTATION_REPRESENTATION('',(
    #5454,#5462,#5470,#5477,#5484,#5491,#5498,#5505,#5512,#5519,#5526,
    #5533,#5540,#5547,#5554,#5561,#5568,#5575,#5582,#5589,#5596,#5603,
    #5610,#5617,#5624,#5631,#5638,#5645,#5652,#5659,#5666,#5673,#5680,
    #5687,#5694,#5701,#5708,#5715,#5722,#5729,#5736,#5743,#5750,#5757,
    #5764,#5771,#5778,#5785,#5792,#5799,#5806,#5813,#5820,#5827,#5834,
    #5841,#5848,#5855,#5862,#5869,#5876,#5883,#5890,#5897,#5904,#5911,
    #5918,#5925,#5932,#5939,#5946,#5953,#5960,#5967,#5974,#5981,#5988,
    #5995,#6002,#6009,#6016,#6023,#6030,#6037,#6044,#6051,#6058,#6065,
    #6072,#6079,#6087,#6094,#6101,#6108,#6115,#6122,#6129,#6136,#6143,
    #6150,#6157,#6164,#6171,#6178,#6185,#6192,#6199,#6206,#6213,#6220,
    #6227,#6234,#6241,#6248,#6255,#6262,#6269,#6276,#6283,#6290,#6297,
    #6304,#6311,#6318,#6325,#6332,#6339,#6346,#6353,#6360,#6367,#6374,
    #6381,#6388,#6395,#6402,#6409,#6416,#6423,#6430,#6437,#6444,#6451,
    #6458,#6465,#6472,#6479,#6486,#6493,#6500,#6507,#6514,#6521,#6528,
    #6535,#6542,#6549,#6556,#6563,#6570,#6577,#6584,#6591,#6598,#6605,
    #6612,#6619,#6626,#6633,#6640,#6647,#6654,#6661,#6668,#6675,#6682,
    #6689,#6696,#6703,#6710,#6717,#6724,#6731,#6738,#6745,#6752,#6759),
  #5447);
#5454 = STYLED_ITEM('color',(#5455),#17);
#5455 = PRESENTATION_STYLE_ASSIGNMENT((#5456));
#5456 = SURFACE_STYLE_USAGE(.BOTH.,#5457);
#5457 = SURFACE_SIDE_STYLE('',(#5458));
#5458 = SURFACE_STYLE_FILL_AREA(#5459);
#5459 = FILL_AREA_STYLE('',(#5460));
#5460 = FILL_AREA_STYLE_COLOUR('',#5461);
#5461 = COLOUR_RGB('',0.968626965151,0.968626965151,0.968626965151);
#5462 = STYLED_ITEM('color',(#5463),#46);
#5463 = PRESENTATION_STYLE_ASSIGNMENT((#5464));
#5464 = SURFACE_STYLE_USAGE(.BOTH.,#5465);
#5465 = SURFACE_SIDE_STYLE('',(#5466));
#5466 = SURFACE_STYLE_FILL_AREA(#5467);
#5467 = FILL_AREA_STYLE('',(#5468));
#5468 = FILL_AREA_STYLE_COLOUR('',#5469);
#5469 = COLOUR_RGB('',0.262136014779,0.262136014779,0.262136014779);
#5470 = STYLED_ITEM('color',(#5471),#74);
#5471 = PRESENTATION_STYLE_ASSIGNMENT((#5472));
#5472 = SURFACE_STYLE_USAGE(.BOTH.,#5473);
#5473 = SURFACE_SIDE_STYLE('',(#5474));
#5474 = SURFACE_STYLE_FILL_AREA(#5475);
#5475 = FILL_AREA_STYLE('',(#5476));
#5476 = FILL_AREA_STYLE_COLOUR('',#5469);
#5477 = STYLED_ITEM('color',(#5478),#96);
#5478 = PRESENTATION_STYLE_ASSIGNMENT((#5479));
#5479 = SURFACE_STYLE_USAGE(.BOTH.,#5480);
#5480 = SURFACE_SIDE_STYLE('',(#5481));
#5481 = SURFACE_STYLE_FILL_AREA(#5482);
#5482 = FILL_AREA_STYLE('',(#5483));
#5483 = FILL_AREA_STYLE_COLOUR('',#5469);
#5484 = STYLED_ITEM('color',(#5485),#112);
#5485 = PRESENTATION_STYLE_ASSIGNMENT((#5486));
#5486 = SURFACE_STYLE_USAGE(.BOTH.,#5487);
#5487 = SURFACE_SIDE_STYLE('',(#5488));
#5488 = SURFACE_STYLE_FILL_AREA(#5489);
#5489 = FILL_AREA_STYLE('',(#5490));
#5490 = FILL_AREA_STYLE_COLOUR('',#5469);
#5491 = STYLED_ITEM('color',(#5492),#181);
#5492 = PRESENTATION_STYLE_ASSIGNMENT((#5493));
#5493 = SURFACE_STYLE_USAGE(.BOTH.,#5494);
#5494 = SURFACE_SIDE_STYLE('',(#5495));
#5495 = SURFACE_STYLE_FILL_AREA(#5496);
#5496 = FILL_AREA_STYLE('',(#5497));
#5497 = FILL_AREA_STYLE_COLOUR('',#5469);
#5498 = STYLED_ITEM('color',(#5499),#209);
#5499 = PRESENTATION_STYLE_ASSIGNMENT((#5500));
#5500 = SURFACE_STYLE_USAGE(.BOTH.,#5501);
#5501 = SURFACE_SIDE_STYLE('',(#5502));
#5502 = SURFACE_STYLE_FILL_AREA(#5503);
#5503 = FILL_AREA_STYLE('',(#5504));
#5504 = FILL_AREA_STYLE_COLOUR('',#5469);
#5505 = STYLED_ITEM('color',(#5506),#231);
#5506 = PRESENTATION_STYLE_ASSIGNMENT((#5507));
#5507 = SURFACE_STYLE_USAGE(.BOTH.,#5508);
#5508 = SURFACE_SIDE_STYLE('',(#5509));
#5509 = SURFACE_STYLE_FILL_AREA(#5510);
#5510 = FILL_AREA_STYLE('',(#5511));
#5511 = FILL_AREA_STYLE_COLOUR('',#5469);
#5512 = STYLED_ITEM('color',(#5513),#253);
#5513 = PRESENTATION_STYLE_ASSIGNMENT((#5514));
#5514 = SURFACE_STYLE_USAGE(.BOTH.,#5515);
#5515 = SURFACE_SIDE_STYLE('',(#5516));
#5516 = SURFACE_STYLE_FILL_AREA(#5517);
#5517 = FILL_AREA_STYLE('',(#5518));
#5518 = FILL_AREA_STYLE_COLOUR('',#5469);
#5519 = STYLED_ITEM('color',(#5520),#275);
#5520 = PRESENTATION_STYLE_ASSIGNMENT((#5521));
#5521 = SURFACE_STYLE_USAGE(.BOTH.,#5522);
#5522 = SURFACE_SIDE_STYLE('',(#5523));
#5523 = SURFACE_STYLE_FILL_AREA(#5524);
#5524 = FILL_AREA_STYLE('',(#5525));
#5525 = FILL_AREA_STYLE_COLOUR('',#5469);
#5526 = STYLED_ITEM('color',(#5527),#297);
#5527 = PRESENTATION_STYLE_ASSIGNMENT((#5528));
#5528 = SURFACE_STYLE_USAGE(.BOTH.,#5529);
#5529 = SURFACE_SIDE_STYLE('',(#5530));
#5530 = SURFACE_STYLE_FILL_AREA(#5531);
#5531 = FILL_AREA_STYLE('',(#5532));
#5532 = FILL_AREA_STYLE_COLOUR('',#5469);
#5533 = STYLED_ITEM('color',(#5534),#319);
#5534 = PRESENTATION_STYLE_ASSIGNMENT((#5535));
#5535 = SURFACE_STYLE_USAGE(.BOTH.,#5536);
#5536 = SURFACE_SIDE_STYLE('',(#5537));
#5537 = SURFACE_STYLE_FILL_AREA(#5538);
#5538 = FILL_AREA_STYLE('',(#5539));
#5539 = FILL_AREA_STYLE_COLOUR('',#5469);
#5540 = STYLED_ITEM('color',(#5541),#341);
#5541 = PRESENTATION_STYLE_ASSIGNMENT((#5542));
#5542 = SURFACE_STYLE_USAGE(.BOTH.,#5543);
#5543 = SURFACE_SIDE_STYLE('',(#5544));
#5544 = SURFACE_STYLE_FILL_AREA(#5545);
#5545 = FILL_AREA_STYLE('',(#5546));
#5546 = FILL_AREA_STYLE_COLOUR('',#5469);
#5547 = STYLED_ITEM('color',(#5548),#357);
#5548 = PRESENTATION_STYLE_ASSIGNMENT((#5549));
#5549 = SURFACE_STYLE_USAGE(.BOTH.,#5550);
#5550 = SURFACE_SIDE_STYLE('',(#5551));
#5551 = SURFACE_STYLE_FILL_AREA(#5552);
#5552 = FILL_AREA_STYLE('',(#5553));
#5553 = FILL_AREA_STYLE_COLOUR('',#5461);
#5554 = STYLED_ITEM('color',(#5555),#915);
#5555 = PRESENTATION_STYLE_ASSIGNMENT((#5556));
#5556 = SURFACE_STYLE_USAGE(.BOTH.,#5557);
#5557 = SURFACE_SIDE_STYLE('',(#5558));
#5558 = SURFACE_STYLE_FILL_AREA(#5559);
#5559 = FILL_AREA_STYLE('',(#5560));
#5560 = FILL_AREA_STYLE_COLOUR('',#5469);
#5561 = STYLED_ITEM('color',(#5562),#943);
#5562 = PRESENTATION_STYLE_ASSIGNMENT((#5563));
#5563 = SURFACE_STYLE_USAGE(.BOTH.,#5564);
#5564 = SURFACE_SIDE_STYLE('',(#5565));
#5565 = SURFACE_STYLE_FILL_AREA(#5566);
#5566 = FILL_AREA_STYLE('',(#5567));
#5567 = FILL_AREA_STYLE_COLOUR('',#5469);
#5568 = STYLED_ITEM('color',(#5569),#965);
#5569 = PRESENTATION_STYLE_ASSIGNMENT((#5570));
#5570 = SURFACE_STYLE_USAGE(.BOTH.,#5571);
#5571 = SURFACE_SIDE_STYLE('',(#5572));
#5572 = SURFACE_STYLE_FILL_AREA(#5573);
#5573 = FILL_AREA_STYLE('',(#5574));
#5574 = FILL_AREA_STYLE_COLOUR('',#5469);
#5575 = STYLED_ITEM('color',(#5576),#987);
#5576 = PRESENTATION_STYLE_ASSIGNMENT((#5577));
#5577 = SURFACE_STYLE_USAGE(.BOTH.,#5578);
#5578 = SURFACE_SIDE_STYLE('',(#5579));
#5579 = SURFACE_STYLE_FILL_AREA(#5580);
#5580 = FILL_AREA_STYLE('',(#5581));
#5581 = FILL_AREA_STYLE_COLOUR('',#5469);
#5582 = STYLED_ITEM('color',(#5583),#1009);
#5583 = PRESENTATION_STYLE_ASSIGNMENT((#5584));
#5584 = SURFACE_STYLE_USAGE(.BOTH.,#5585);
#5585 = SURFACE_SIDE_STYLE('',(#5586));
#5586 = SURFACE_STYLE_FILL_AREA(#5587);
#5587 = FILL_AREA_STYLE('',(#5588));
#5588 = FILL_AREA_STYLE_COLOUR('',#5469);
#5589 = STYLED_ITEM('color',(#5590),#1031);
#5590 = PRESENTATION_STYLE_ASSIGNMENT((#5591));
#5591 = SURFACE_STYLE_USAGE(.BOTH.,#5592);
#5592 = SURFACE_SIDE_STYLE('',(#5593));
#5593 = SURFACE_STYLE_FILL_AREA(#5594);
#5594 = FILL_AREA_STYLE('',(#5595));
#5595 = FILL_AREA_STYLE_COLOUR('',#5469);
#5596 = STYLED_ITEM('color',(#5597),#1047);
#5597 = PRESENTATION_STYLE_ASSIGNMENT((#5598));
#5598 = SURFACE_STYLE_USAGE(.BOTH.,#5599);
#5599 = SURFACE_SIDE_STYLE('',(#5600));
#5600 = SURFACE_STYLE_FILL_AREA(#5601);
#5601 = FILL_AREA_STYLE('',(#5602));
#5602 = FILL_AREA_STYLE_COLOUR('',#5469);
#5603 = STYLED_ITEM('color',(#5604),#1075);
#5604 = PRESENTATION_STYLE_ASSIGNMENT((#5605));
#5605 = SURFACE_STYLE_USAGE(.BOTH.,#5606);
#5606 = SURFACE_SIDE_STYLE('',(#5607));
#5607 = SURFACE_STYLE_FILL_AREA(#5608);
#5608 = FILL_AREA_STYLE('',(#5609));
#5609 = FILL_AREA_STYLE_COLOUR('',#5469);
#5610 = STYLED_ITEM('color',(#5611),#1097);
#5611 = PRESENTATION_STYLE_ASSIGNMENT((#5612));
#5612 = SURFACE_STYLE_USAGE(.BOTH.,#5613);
#5613 = SURFACE_SIDE_STYLE('',(#5614));
#5614 = SURFACE_STYLE_FILL_AREA(#5615);
#5615 = FILL_AREA_STYLE('',(#5616));
#5616 = FILL_AREA_STYLE_COLOUR('',#5469);
#5617 = STYLED_ITEM('color',(#5618),#1119);
#5618 = PRESENTATION_STYLE_ASSIGNMENT((#5619));
#5619 = SURFACE_STYLE_USAGE(.BOTH.,#5620);
#5620 = SURFACE_SIDE_STYLE('',(#5621));
#5621 = SURFACE_STYLE_FILL_AREA(#5622);
#5622 = FILL_AREA_STYLE('',(#5623));
#5623 = FILL_AREA_STYLE_COLOUR('',#5469);
#5624 = STYLED_ITEM('color',(#5625),#1141);
#5625 = PRESENTATION_STYLE_ASSIGNMENT((#5626));
#5626 = SURFACE_STYLE_USAGE(.BOTH.,#5627);
#5627 = SURFACE_SIDE_STYLE('',(#5628));
#5628 = SURFACE_STYLE_FILL_AREA(#5629);
#5629 = FILL_AREA_STYLE('',(#5630));
#5630 = FILL_AREA_STYLE_COLOUR('',#5469);
#5631 = STYLED_ITEM('color',(#5632),#1163);
#5632 = PRESENTATION_STYLE_ASSIGNMENT((#5633));
#5633 = SURFACE_STYLE_USAGE(.BOTH.,#5634);
#5634 = SURFACE_SIDE_STYLE('',(#5635));
#5635 = SURFACE_STYLE_FILL_AREA(#5636);
#5636 = FILL_AREA_STYLE('',(#5637));
#5637 = FILL_AREA_STYLE_COLOUR('',#5469);
#5638 = STYLED_ITEM('color',(#5639),#1185);
#5639 = PRESENTATION_STYLE_ASSIGNMENT((#5640));
#5640 = SURFACE_STYLE_USAGE(.BOTH.,#5641);
#5641 = SURFACE_SIDE_STYLE('',(#5642));
#5642 = SURFACE_STYLE_FILL_AREA(#5643);
#5643 = FILL_AREA_STYLE('',(#5644));
#5644 = FILL_AREA_STYLE_COLOUR('',#5469);
#5645 = STYLED_ITEM('color',(#5646),#1207);
#5646 = PRESENTATION_STYLE_ASSIGNMENT((#5647));
#5647 = SURFACE_STYLE_USAGE(.BOTH.,#5648);
#5648 = SURFACE_SIDE_STYLE('',(#5649));
#5649 = SURFACE_STYLE_FILL_AREA(#5650);
#5650 = FILL_AREA_STYLE('',(#5651));
#5651 = FILL_AREA_STYLE_COLOUR('',#5469);
#5652 = STYLED_ITEM('color',(#5653),#1229);
#5653 = PRESENTATION_STYLE_ASSIGNMENT((#5654));
#5654 = SURFACE_STYLE_USAGE(.BOTH.,#5655);
#5655 = SURFACE_SIDE_STYLE('',(#5656));
#5656 = SURFACE_STYLE_FILL_AREA(#5657);
#5657 = FILL_AREA_STYLE('',(#5658));
#5658 = FILL_AREA_STYLE_COLOUR('',#5469);
#5659 = STYLED_ITEM('color',(#5660),#1251);
#5660 = PRESENTATION_STYLE_ASSIGNMENT((#5661));
#5661 = SURFACE_STYLE_USAGE(.BOTH.,#5662);
#5662 = SURFACE_SIDE_STYLE('',(#5663));
#5663 = SURFACE_STYLE_FILL_AREA(#5664);
#5664 = FILL_AREA_STYLE('',(#5665));
#5665 = FILL_AREA_STYLE_COLOUR('',#5469);
#5666 = STYLED_ITEM('color',(#5667),#1273);
#5667 = PRESENTATION_STYLE_ASSIGNMENT((#5668));
#5668 = SURFACE_STYLE_USAGE(.BOTH.,#5669);
#5669 = SURFACE_SIDE_STYLE('',(#5670));
#5670 = SURFACE_STYLE_FILL_AREA(#5671);
#5671 = FILL_AREA_STYLE('',(#5672));
#5672 = FILL_AREA_STYLE_COLOUR('',#5469);
#5673 = STYLED_ITEM('color',(#5674),#1295);
#5674 = PRESENTATION_STYLE_ASSIGNMENT((#5675));
#5675 = SURFACE_STYLE_USAGE(.BOTH.,#5676);
#5676 = SURFACE_SIDE_STYLE('',(#5677));
#5677 = SURFACE_STYLE_FILL_AREA(#5678);
#5678 = FILL_AREA_STYLE('',(#5679));
#5679 = FILL_AREA_STYLE_COLOUR('',#5469);
#5680 = STYLED_ITEM('color',(#5681),#1317);
#5681 = PRESENTATION_STYLE_ASSIGNMENT((#5682));
#5682 = SURFACE_STYLE_USAGE(.BOTH.,#5683);
#5683 = SURFACE_SIDE_STYLE('',(#5684));
#5684 = SURFACE_STYLE_FILL_AREA(#5685);
#5685 = FILL_AREA_STYLE('',(#5686));
#5686 = FILL_AREA_STYLE_COLOUR('',#5469);
#5687 = STYLED_ITEM('color',(#5688),#1339);
#5688 = PRESENTATION_STYLE_ASSIGNMENT((#5689));
#5689 = SURFACE_STYLE_USAGE(.BOTH.,#5690);
#5690 = SURFACE_SIDE_STYLE('',(#5691));
#5691 = SURFACE_STYLE_FILL_AREA(#5692);
#5692 = FILL_AREA_STYLE('',(#5693));
#5693 = FILL_AREA_STYLE_COLOUR('',#5469);
#5694 = STYLED_ITEM('color',(#5695),#1361);
#5695 = PRESENTATION_STYLE_ASSIGNMENT((#5696));
#5696 = SURFACE_STYLE_USAGE(.BOTH.,#5697);
#5697 = SURFACE_SIDE_STYLE('',(#5698));
#5698 = SURFACE_STYLE_FILL_AREA(#5699);
#5699 = FILL_AREA_STYLE('',(#5700));
#5700 = FILL_AREA_STYLE_COLOUR('',#5469);
#5701 = STYLED_ITEM('color',(#5702),#1383);
#5702 = PRESENTATION_STYLE_ASSIGNMENT((#5703));
#5703 = SURFACE_STYLE_USAGE(.BOTH.,#5704);
#5704 = SURFACE_SIDE_STYLE('',(#5705));
#5705 = SURFACE_STYLE_FILL_AREA(#5706);
#5706 = FILL_AREA_STYLE('',(#5707));
#5707 = FILL_AREA_STYLE_COLOUR('',#5469);
#5708 = STYLED_ITEM('color',(#5709),#1405);
#5709 = PRESENTATION_STYLE_ASSIGNMENT((#5710));
#5710 = SURFACE_STYLE_USAGE(.BOTH.,#5711);
#5711 = SURFACE_SIDE_STYLE('',(#5712));
#5712 = SURFACE_STYLE_FILL_AREA(#5713);
#5713 = FILL_AREA_STYLE('',(#5714));
#5714 = FILL_AREA_STYLE_COLOUR('',#5469);
#5715 = STYLED_ITEM('color',(#5716),#1427);
#5716 = PRESENTATION_STYLE_ASSIGNMENT((#5717));
#5717 = SURFACE_STYLE_USAGE(.BOTH.,#5718);
#5718 = SURFACE_SIDE_STYLE('',(#5719));
#5719 = SURFACE_STYLE_FILL_AREA(#5720);
#5720 = FILL_AREA_STYLE('',(#5721));
#5721 = FILL_AREA_STYLE_COLOUR('',#5469);
#5722 = STYLED_ITEM('color',(#5723),#1449);
#5723 = PRESENTATION_STYLE_ASSIGNMENT((#5724));
#5724 = SURFACE_STYLE_USAGE(.BOTH.,#5725);
#5725 = SURFACE_SIDE_STYLE('',(#5726));
#5726 = SURFACE_STYLE_FILL_AREA(#5727);
#5727 = FILL_AREA_STYLE('',(#5728));
#5728 = FILL_AREA_STYLE_COLOUR('',#5469);
#5729 = STYLED_ITEM('color',(#5730),#1471);
#5730 = PRESENTATION_STYLE_ASSIGNMENT((#5731));
#5731 = SURFACE_STYLE_USAGE(.BOTH.,#5732);
#5732 = SURFACE_SIDE_STYLE('',(#5733));
#5733 = SURFACE_STYLE_FILL_AREA(#5734);
#5734 = FILL_AREA_STYLE('',(#5735));
#5735 = FILL_AREA_STYLE_COLOUR('',#5469);
#5736 = STYLED_ITEM('color',(#5737),#1493);
#5737 = PRESENTATION_STYLE_ASSIGNMENT((#5738));
#5738 = SURFACE_STYLE_USAGE(.BOTH.,#5739);
#5739 = SURFACE_SIDE_STYLE('',(#5740));
#5740 = SURFACE_STYLE_FILL_AREA(#5741);
#5741 = FILL_AREA_STYLE('',(#5742));
#5742 = FILL_AREA_STYLE_COLOUR('',#5469);
#5743 = STYLED_ITEM('color',(#5744),#1515);
#5744 = PRESENTATION_STYLE_ASSIGNMENT((#5745));
#5745 = SURFACE_STYLE_USAGE(.BOTH.,#5746);
#5746 = SURFACE_SIDE_STYLE('',(#5747));
#5747 = SURFACE_STYLE_FILL_AREA(#5748);
#5748 = FILL_AREA_STYLE('',(#5749));
#5749 = FILL_AREA_STYLE_COLOUR('',#5469);
#5750 = STYLED_ITEM('color',(#5751),#1537);
#5751 = PRESENTATION_STYLE_ASSIGNMENT((#5752));
#5752 = SURFACE_STYLE_USAGE(.BOTH.,#5753);
#5753 = SURFACE_SIDE_STYLE('',(#5754));
#5754 = SURFACE_STYLE_FILL_AREA(#5755);
#5755 = FILL_AREA_STYLE('',(#5756));
#5756 = FILL_AREA_STYLE_COLOUR('',#5469);
#5757 = STYLED_ITEM('color',(#5758),#1559);
#5758 = PRESENTATION_STYLE_ASSIGNMENT((#5759));
#5759 = SURFACE_STYLE_USAGE(.BOTH.,#5760);
#5760 = SURFACE_SIDE_STYLE('',(#5761));
#5761 = SURFACE_STYLE_FILL_AREA(#5762);
#5762 = FILL_AREA_STYLE('',(#5763));
#5763 = FILL_AREA_STYLE_COLOUR('',#5469);
#5764 = STYLED_ITEM('color',(#5765),#1581);
#5765 = PRESENTATION_STYLE_ASSIGNMENT((#5766));
#5766 = SURFACE_STYLE_USAGE(.BOTH.,#5767);
#5767 = SURFACE_SIDE_STYLE('',(#5768));
#5768 = SURFACE_STYLE_FILL_AREA(#5769);
#5769 = FILL_AREA_STYLE('',(#5770));
#5770 = FILL_AREA_STYLE_COLOUR('',#5469);
#5771 = STYLED_ITEM('color',(#5772),#1603);
#5772 = PRESENTATION_STYLE_ASSIGNMENT((#5773));
#5773 = SURFACE_STYLE_USAGE(.BOTH.,#5774);
#5774 = SURFACE_SIDE_STYLE('',(#5775));
#5775 = SURFACE_STYLE_FILL_AREA(#5776);
#5776 = FILL_AREA_STYLE('',(#5777));
#5777 = FILL_AREA_STYLE_COLOUR('',#5469);
#5778 = STYLED_ITEM('color',(#5779),#1625);
#5779 = PRESENTATION_STYLE_ASSIGNMENT((#5780));
#5780 = SURFACE_STYLE_USAGE(.BOTH.,#5781);
#5781 = SURFACE_SIDE_STYLE('',(#5782));
#5782 = SURFACE_STYLE_FILL_AREA(#5783);
#5783 = FILL_AREA_STYLE('',(#5784));
#5784 = FILL_AREA_STYLE_COLOUR('',#5469);
#5785 = STYLED_ITEM('color',(#5786),#1647);
#5786 = PRESENTATION_STYLE_ASSIGNMENT((#5787));
#5787 = SURFACE_STYLE_USAGE(.BOTH.,#5788);
#5788 = SURFACE_SIDE_STYLE('',(#5789));
#5789 = SURFACE_STYLE_FILL_AREA(#5790);
#5790 = FILL_AREA_STYLE('',(#5791));
#5791 = FILL_AREA_STYLE_COLOUR('',#5469);
#5792 = STYLED_ITEM('color',(#5793),#1669);
#5793 = PRESENTATION_STYLE_ASSIGNMENT((#5794));
#5794 = SURFACE_STYLE_USAGE(.BOTH.,#5795);
#5795 = SURFACE_SIDE_STYLE('',(#5796));
#5796 = SURFACE_STYLE_FILL_AREA(#5797);
#5797 = FILL_AREA_STYLE('',(#5798));
#5798 = FILL_AREA_STYLE_COLOUR('',#5469);
#5799 = STYLED_ITEM('color',(#5800),#1691);
#5800 = PRESENTATION_STYLE_ASSIGNMENT((#5801));
#5801 = SURFACE_STYLE_USAGE(.BOTH.,#5802);
#5802 = SURFACE_SIDE_STYLE('',(#5803));
#5803 = SURFACE_STYLE_FILL_AREA(#5804);
#5804 = FILL_AREA_STYLE('',(#5805));
#5805 = FILL_AREA_STYLE_COLOUR('',#5469);
#5806 = STYLED_ITEM('color',(#5807),#1713);
#5807 = PRESENTATION_STYLE_ASSIGNMENT((#5808));
#5808 = SURFACE_STYLE_USAGE(.BOTH.,#5809);
#5809 = SURFACE_SIDE_STYLE('',(#5810));
#5810 = SURFACE_STYLE_FILL_AREA(#5811);
#5811 = FILL_AREA_STYLE('',(#5812));
#5812 = FILL_AREA_STYLE_COLOUR('',#5469);
#5813 = STYLED_ITEM('color',(#5814),#1735);
#5814 = PRESENTATION_STYLE_ASSIGNMENT((#5815));
#5815 = SURFACE_STYLE_USAGE(.BOTH.,#5816);
#5816 = SURFACE_SIDE_STYLE('',(#5817));
#5817 = SURFACE_STYLE_FILL_AREA(#5818);
#5818 = FILL_AREA_STYLE('',(#5819));
#5819 = FILL_AREA_STYLE_COLOUR('',#5469);
#5820 = STYLED_ITEM('color',(#5821),#1757);
#5821 = PRESENTATION_STYLE_ASSIGNMENT((#5822));
#5822 = SURFACE_STYLE_USAGE(.BOTH.,#5823);
#5823 = SURFACE_SIDE_STYLE('',(#5824));
#5824 = SURFACE_STYLE_FILL_AREA(#5825);
#5825 = FILL_AREA_STYLE('',(#5826));
#5826 = FILL_AREA_STYLE_COLOUR('',#5469);
#5827 = STYLED_ITEM('color',(#5828),#1779);
#5828 = PRESENTATION_STYLE_ASSIGNMENT((#5829));
#5829 = SURFACE_STYLE_USAGE(.BOTH.,#5830);
#5830 = SURFACE_SIDE_STYLE('',(#5831));
#5831 = SURFACE_STYLE_FILL_AREA(#5832);
#5832 = FILL_AREA_STYLE('',(#5833));
#5833 = FILL_AREA_STYLE_COLOUR('',#5469);
#5834 = STYLED_ITEM('color',(#5835),#1801);
#5835 = PRESENTATION_STYLE_ASSIGNMENT((#5836));
#5836 = SURFACE_STYLE_USAGE(.BOTH.,#5837);
#5837 = SURFACE_SIDE_STYLE('',(#5838));
#5838 = SURFACE_STYLE_FILL_AREA(#5839);
#5839 = FILL_AREA_STYLE('',(#5840));
#5840 = FILL_AREA_STYLE_COLOUR('',#5469);
#5841 = STYLED_ITEM('color',(#5842),#1823);
#5842 = PRESENTATION_STYLE_ASSIGNMENT((#5843));
#5843 = SURFACE_STYLE_USAGE(.BOTH.,#5844);
#5844 = SURFACE_SIDE_STYLE('',(#5845));
#5845 = SURFACE_STYLE_FILL_AREA(#5846);
#5846 = FILL_AREA_STYLE('',(#5847));
#5847 = FILL_AREA_STYLE_COLOUR('',#5469);
#5848 = STYLED_ITEM('color',(#5849),#1845);
#5849 = PRESENTATION_STYLE_ASSIGNMENT((#5850));
#5850 = SURFACE_STYLE_USAGE(.BOTH.,#5851);
#5851 = SURFACE_SIDE_STYLE('',(#5852));
#5852 = SURFACE_STYLE_FILL_AREA(#5853);
#5853 = FILL_AREA_STYLE('',(#5854));
#5854 = FILL_AREA_STYLE_COLOUR('',#5469);
#5855 = STYLED_ITEM('color',(#5856),#1867);
#5856 = PRESENTATION_STYLE_ASSIGNMENT((#5857));
#5857 = SURFACE_STYLE_USAGE(.BOTH.,#5858);
#5858 = SURFACE_SIDE_STYLE('',(#5859));
#5859 = SURFACE_STYLE_FILL_AREA(#5860);
#5860 = FILL_AREA_STYLE('',(#5861));
#5861 = FILL_AREA_STYLE_COLOUR('',#5469);
#5862 = STYLED_ITEM('color',(#5863),#1889);
#5863 = PRESENTATION_STYLE_ASSIGNMENT((#5864));
#5864 = SURFACE_STYLE_USAGE(.BOTH.,#5865);
#5865 = SURFACE_SIDE_STYLE('',(#5866));
#5866 = SURFACE_STYLE_FILL_AREA(#5867);
#5867 = FILL_AREA_STYLE('',(#5868));
#5868 = FILL_AREA_STYLE_COLOUR('',#5469);
#5869 = STYLED_ITEM('color',(#5870),#1911);
#5870 = PRESENTATION_STYLE_ASSIGNMENT((#5871));
#5871 = SURFACE_STYLE_USAGE(.BOTH.,#5872);
#5872 = SURFACE_SIDE_STYLE('',(#5873));
#5873 = SURFACE_STYLE_FILL_AREA(#5874);
#5874 = FILL_AREA_STYLE('',(#5875));
#5875 = FILL_AREA_STYLE_COLOUR('',#5469);
#5876 = STYLED_ITEM('color',(#5877),#1927);
#5877 = PRESENTATION_STYLE_ASSIGNMENT((#5878));
#5878 = SURFACE_STYLE_USAGE(.BOTH.,#5879);
#5879 = SURFACE_SIDE_STYLE('',(#5880));
#5880 = SURFACE_STYLE_FILL_AREA(#5881);
#5881 = FILL_AREA_STYLE('',(#5882));
#5882 = FILL_AREA_STYLE_COLOUR('',#5469);
#5883 = STYLED_ITEM('color',(#5884),#1955);
#5884 = PRESENTATION_STYLE_ASSIGNMENT((#5885));
#5885 = SURFACE_STYLE_USAGE(.BOTH.,#5886);
#5886 = SURFACE_SIDE_STYLE('',(#5887));
#5887 = SURFACE_STYLE_FILL_AREA(#5888);
#5888 = FILL_AREA_STYLE('',(#5889));
#5889 = FILL_AREA_STYLE_COLOUR('',#5469);
#5890 = STYLED_ITEM('color',(#5891),#1977);
#5891 = PRESENTATION_STYLE_ASSIGNMENT((#5892));
#5892 = SURFACE_STYLE_USAGE(.BOTH.,#5893);
#5893 = SURFACE_SIDE_STYLE('',(#5894));
#5894 = SURFACE_STYLE_FILL_AREA(#5895);
#5895 = FILL_AREA_STYLE('',(#5896));
#5896 = FILL_AREA_STYLE_COLOUR('',#5469);
#5897 = STYLED_ITEM('color',(#5898),#1999);
#5898 = PRESENTATION_STYLE_ASSIGNMENT((#5899));
#5899 = SURFACE_STYLE_USAGE(.BOTH.,#5900);
#5900 = SURFACE_SIDE_STYLE('',(#5901));
#5901 = SURFACE_STYLE_FILL_AREA(#5902);
#5902 = FILL_AREA_STYLE('',(#5903));
#5903 = FILL_AREA_STYLE_COLOUR('',#5469);
#5904 = STYLED_ITEM('color',(#5905),#2021);
#5905 = PRESENTATION_STYLE_ASSIGNMENT((#5906));
#5906 = SURFACE_STYLE_USAGE(.BOTH.,#5907);
#5907 = SURFACE_SIDE_STYLE('',(#5908));
#5908 = SURFACE_STYLE_FILL_AREA(#5909);
#5909 = FILL_AREA_STYLE('',(#5910));
#5910 = FILL_AREA_STYLE_COLOUR('',#5469);
#5911 = STYLED_ITEM('color',(#5912),#2043);
#5912 = PRESENTATION_STYLE_ASSIGNMENT((#5913));
#5913 = SURFACE_STYLE_USAGE(.BOTH.,#5914);
#5914 = SURFACE_SIDE_STYLE('',(#5915));
#5915 = SURFACE_STYLE_FILL_AREA(#5916);
#5916 = FILL_AREA_STYLE('',(#5917));
#5917 = FILL_AREA_STYLE_COLOUR('',#5469);
#5918 = STYLED_ITEM('color',(#5919),#2065);
#5919 = PRESENTATION_STYLE_ASSIGNMENT((#5920));
#5920 = SURFACE_STYLE_USAGE(.BOTH.,#5921);
#5921 = SURFACE_SIDE_STYLE('',(#5922));
#5922 = SURFACE_STYLE_FILL_AREA(#5923);
#5923 = FILL_AREA_STYLE('',(#5924));
#5924 = FILL_AREA_STYLE_COLOUR('',#5469);
#5925 = STYLED_ITEM('color',(#5926),#2087);
#5926 = PRESENTATION_STYLE_ASSIGNMENT((#5927));
#5927 = SURFACE_STYLE_USAGE(.BOTH.,#5928);
#5928 = SURFACE_SIDE_STYLE('',(#5929));
#5929 = SURFACE_STYLE_FILL_AREA(#5930);
#5930 = FILL_AREA_STYLE('',(#5931));
#5931 = FILL_AREA_STYLE_COLOUR('',#5469);
#5932 = STYLED_ITEM('color',(#5933),#2109);
#5933 = PRESENTATION_STYLE_ASSIGNMENT((#5934));
#5934 = SURFACE_STYLE_USAGE(.BOTH.,#5935);
#5935 = SURFACE_SIDE_STYLE('',(#5936));
#5936 = SURFACE_STYLE_FILL_AREA(#5937);
#5937 = FILL_AREA_STYLE('',(#5938));
#5938 = FILL_AREA_STYLE_COLOUR('',#5469);
#5939 = STYLED_ITEM('color',(#5940),#2131);
#5940 = PRESENTATION_STYLE_ASSIGNMENT((#5941));
#5941 = SURFACE_STYLE_USAGE(.BOTH.,#5942);
#5942 = SURFACE_SIDE_STYLE('',(#5943));
#5943 = SURFACE_STYLE_FILL_AREA(#5944);
#5944 = FILL_AREA_STYLE('',(#5945));
#5945 = FILL_AREA_STYLE_COLOUR('',#5469);
#5946 = STYLED_ITEM('color',(#5947),#2153);
#5947 = PRESENTATION_STYLE_ASSIGNMENT((#5948));
#5948 = SURFACE_STYLE_USAGE(.BOTH.,#5949);
#5949 = SURFACE_SIDE_STYLE('',(#5950));
#5950 = SURFACE_STYLE_FILL_AREA(#5951);
#5951 = FILL_AREA_STYLE('',(#5952));
#5952 = FILL_AREA_STYLE_COLOUR('',#5469);
#5953 = STYLED_ITEM('color',(#5954),#2175);
#5954 = PRESENTATION_STYLE_ASSIGNMENT((#5955));
#5955 = SURFACE_STYLE_USAGE(.BOTH.,#5956);
#5956 = SURFACE_SIDE_STYLE('',(#5957));
#5957 = SURFACE_STYLE_FILL_AREA(#5958);
#5958 = FILL_AREA_STYLE('',(#5959));
#5959 = FILL_AREA_STYLE_COLOUR('',#5469);
#5960 = STYLED_ITEM('color',(#5961),#2191);
#5961 = PRESENTATION_STYLE_ASSIGNMENT((#5962));
#5962 = SURFACE_STYLE_USAGE(.BOTH.,#5963);
#5963 = SURFACE_SIDE_STYLE('',(#5964));
#5964 = SURFACE_STYLE_FILL_AREA(#5965);
#5965 = FILL_AREA_STYLE('',(#5966));
#5966 = FILL_AREA_STYLE_COLOUR('',#5469);
#5967 = STYLED_ITEM('color',(#5968),#2219);
#5968 = PRESENTATION_STYLE_ASSIGNMENT((#5969));
#5969 = SURFACE_STYLE_USAGE(.BOTH.,#5970);
#5970 = SURFACE_SIDE_STYLE('',(#5971));
#5971 = SURFACE_STYLE_FILL_AREA(#5972);
#5972 = FILL_AREA_STYLE('',(#5973));
#5973 = FILL_AREA_STYLE_COLOUR('',#5469);
#5974 = STYLED_ITEM('color',(#5975),#2241);
#5975 = PRESENTATION_STYLE_ASSIGNMENT((#5976));
#5976 = SURFACE_STYLE_USAGE(.BOTH.,#5977);
#5977 = SURFACE_SIDE_STYLE('',(#5978));
#5978 = SURFACE_STYLE_FILL_AREA(#5979);
#5979 = FILL_AREA_STYLE('',(#5980));
#5980 = FILL_AREA_STYLE_COLOUR('',#5469);
#5981 = STYLED_ITEM('color',(#5982),#2263);
#5982 = PRESENTATION_STYLE_ASSIGNMENT((#5983));
#5983 = SURFACE_STYLE_USAGE(.BOTH.,#5984);
#5984 = SURFACE_SIDE_STYLE('',(#5985));
#5985 = SURFACE_STYLE_FILL_AREA(#5986);
#5986 = FILL_AREA_STYLE('',(#5987));
#5987 = FILL_AREA_STYLE_COLOUR('',#5469);
#5988 = STYLED_ITEM('color',(#5989),#2285);
#5989 = PRESENTATION_STYLE_ASSIGNMENT((#5990));
#5990 = SURFACE_STYLE_USAGE(.BOTH.,#5991);
#5991 = SURFACE_SIDE_STYLE('',(#5992));
#5992 = SURFACE_STYLE_FILL_AREA(#5993);
#5993 = FILL_AREA_STYLE('',(#5994));
#5994 = FILL_AREA_STYLE_COLOUR('',#5469);
#5995 = STYLED_ITEM('color',(#5996),#2307);
#5996 = PRESENTATION_STYLE_ASSIGNMENT((#5997));
#5997 = SURFACE_STYLE_USAGE(.BOTH.,#5998);
#5998 = SURFACE_SIDE_STYLE('',(#5999));
#5999 = SURFACE_STYLE_FILL_AREA(#6000);
#6000 = FILL_AREA_STYLE('',(#6001));
#6001 = FILL_AREA_STYLE_COLOUR('',#5469);
#6002 = STYLED_ITEM('color',(#6003),#2329);
#6003 = PRESENTATION_STYLE_ASSIGNMENT((#6004));
#6004 = SURFACE_STYLE_USAGE(.BOTH.,#6005);
#6005 = SURFACE_SIDE_STYLE('',(#6006));
#6006 = SURFACE_STYLE_FILL_AREA(#6007);
#6007 = FILL_AREA_STYLE('',(#6008));
#6008 = FILL_AREA_STYLE_COLOUR('',#5469);
#6009 = STYLED_ITEM('color',(#6010),#2351);
#6010 = PRESENTATION_STYLE_ASSIGNMENT((#6011));
#6011 = SURFACE_STYLE_USAGE(.BOTH.,#6012);
#6012 = SURFACE_SIDE_STYLE('',(#6013));
#6013 = SURFACE_STYLE_FILL_AREA(#6014);
#6014 = FILL_AREA_STYLE('',(#6015));
#6015 = FILL_AREA_STYLE_COLOUR('',#5469);
#6016 = STYLED_ITEM('color',(#6017),#2373);
#6017 = PRESENTATION_STYLE_ASSIGNMENT((#6018));
#6018 = SURFACE_STYLE_USAGE(.BOTH.,#6019);
#6019 = SURFACE_SIDE_STYLE('',(#6020));
#6020 = SURFACE_STYLE_FILL_AREA(#6021);
#6021 = FILL_AREA_STYLE('',(#6022));
#6022 = FILL_AREA_STYLE_COLOUR('',#5469);
#6023 = STYLED_ITEM('color',(#6024),#2395);
#6024 = PRESENTATION_STYLE_ASSIGNMENT((#6025));
#6025 = SURFACE_STYLE_USAGE(.BOTH.,#6026);
#6026 = SURFACE_SIDE_STYLE('',(#6027));
#6027 = SURFACE_STYLE_FILL_AREA(#6028);
#6028 = FILL_AREA_STYLE('',(#6029));
#6029 = FILL_AREA_STYLE_COLOUR('',#5469);
#6030 = STYLED_ITEM('color',(#6031),#2417);
#6031 = PRESENTATION_STYLE_ASSIGNMENT((#6032));
#6032 = SURFACE_STYLE_USAGE(.BOTH.,#6033);
#6033 = SURFACE_SIDE_STYLE('',(#6034));
#6034 = SURFACE_STYLE_FILL_AREA(#6035);
#6035 = FILL_AREA_STYLE('',(#6036));
#6036 = FILL_AREA_STYLE_COLOUR('',#5469);
#6037 = STYLED_ITEM('color',(#6038),#2439);
#6038 = PRESENTATION_STYLE_ASSIGNMENT((#6039));
#6039 = SURFACE_STYLE_USAGE(.BOTH.,#6040);
#6040 = SURFACE_SIDE_STYLE('',(#6041));
#6041 = SURFACE_STYLE_FILL_AREA(#6042);
#6042 = FILL_AREA_STYLE('',(#6043));
#6043 = FILL_AREA_STYLE_COLOUR('',#5469);
#6044 = STYLED_ITEM('color',(#6045),#2461);
#6045 = PRESENTATION_STYLE_ASSIGNMENT((#6046));
#6046 = SURFACE_STYLE_USAGE(.BOTH.,#6047);
#6047 = SURFACE_SIDE_STYLE('',(#6048));
#6048 = SURFACE_STYLE_FILL_AREA(#6049);
#6049 = FILL_AREA_STYLE('',(#6050));
#6050 = FILL_AREA_STYLE_COLOUR('',#5469);
#6051 = STYLED_ITEM('color',(#6052),#2483);
#6052 = PRESENTATION_STYLE_ASSIGNMENT((#6053));
#6053 = SURFACE_STYLE_USAGE(.BOTH.,#6054);
#6054 = SURFACE_SIDE_STYLE('',(#6055));
#6055 = SURFACE_STYLE_FILL_AREA(#6056);
#6056 = FILL_AREA_STYLE('',(#6057));
#6057 = FILL_AREA_STYLE_COLOUR('',#5469);
#6058 = STYLED_ITEM('color',(#6059),#2499);
#6059 = PRESENTATION_STYLE_ASSIGNMENT((#6060));
#6060 = SURFACE_STYLE_USAGE(.BOTH.,#6061);
#6061 = SURFACE_SIDE_STYLE('',(#6062));
#6062 = SURFACE_STYLE_FILL_AREA(#6063);
#6063 = FILL_AREA_STYLE('',(#6064));
#6064 = FILL_AREA_STYLE_COLOUR('',#5461);
#6065 = STYLED_ITEM('color',(#6066),#2583);
#6066 = PRESENTATION_STYLE_ASSIGNMENT((#6067));
#6067 = SURFACE_STYLE_USAGE(.BOTH.,#6068);
#6068 = SURFACE_SIDE_STYLE('',(#6069));
#6069 = SURFACE_STYLE_FILL_AREA(#6070);
#6070 = FILL_AREA_STYLE('',(#6071));
#6071 = FILL_AREA_STYLE_COLOUR('',#5461);
#6072 = STYLED_ITEM('color',(#6073),#2633);
#6073 = PRESENTATION_STYLE_ASSIGNMENT((#6074));
#6074 = SURFACE_STYLE_USAGE(.BOTH.,#6075);
#6075 = SURFACE_SIDE_STYLE('',(#6076));
#6076 = SURFACE_STYLE_FILL_AREA(#6077);
#6077 = FILL_AREA_STYLE('',(#6078));
#6078 = FILL_AREA_STYLE_COLOUR('',#5461);
#6079 = STYLED_ITEM('color',(#6080),#2831);
#6080 = PRESENTATION_STYLE_ASSIGNMENT((#6081));
#6081 = SURFACE_STYLE_USAGE(.BOTH.,#6082);
#6082 = SURFACE_SIDE_STYLE('',(#6083));
#6083 = SURFACE_STYLE_FILL_AREA(#6084);
#6084 = FILL_AREA_STYLE('',(#6085));
#6085 = FILL_AREA_STYLE_COLOUR('',#6086);
#6086 = COLOUR_RGB('',0.723301001079,0.723301001079,0.723301001079);
#6087 = STYLED_ITEM('color',(#6088),#2861);
#6088 = PRESENTATION_STYLE_ASSIGNMENT((#6089));
#6089 = SURFACE_STYLE_USAGE(.BOTH.,#6090);
#6090 = SURFACE_SIDE_STYLE('',(#6091));
#6091 = SURFACE_STYLE_FILL_AREA(#6092);
#6092 = FILL_AREA_STYLE('',(#6093));
#6093 = FILL_AREA_STYLE_COLOUR('',#5469);
#6094 = STYLED_ITEM('color',(#6095),#2875);
#6095 = PRESENTATION_STYLE_ASSIGNMENT((#6096));
#6096 = SURFACE_STYLE_USAGE(.BOTH.,#6097);
#6097 = SURFACE_SIDE_STYLE('',(#6098));
#6098 = SURFACE_STYLE_FILL_AREA(#6099);
#6099 = FILL_AREA_STYLE('',(#6100));
#6100 = FILL_AREA_STYLE_COLOUR('',#5469);
#6101 = STYLED_ITEM('color',(#6102),#2923);
#6102 = PRESENTATION_STYLE_ASSIGNMENT((#6103));
#6103 = SURFACE_STYLE_USAGE(.BOTH.,#6104);
#6104 = SURFACE_SIDE_STYLE('',(#6105));
#6105 = SURFACE_STYLE_FILL_AREA(#6106);
#6106 = FILL_AREA_STYLE('',(#6107));
#6107 = FILL_AREA_STYLE_COLOUR('',#5469);
#6108 = STYLED_ITEM('color',(#6109),#2943);
#6109 = PRESENTATION_STYLE_ASSIGNMENT((#6110));
#6110 = SURFACE_STYLE_USAGE(.BOTH.,#6111);
#6111 = SURFACE_SIDE_STYLE('',(#6112));
#6112 = SURFACE_STYLE_FILL_AREA(#6113);
#6113 = FILL_AREA_STYLE('',(#6114));
#6114 = FILL_AREA_STYLE_COLOUR('',#5469);
#6115 = STYLED_ITEM('color',(#6116),#3051);
#6116 = PRESENTATION_STYLE_ASSIGNMENT((#6117));
#6117 = SURFACE_STYLE_USAGE(.BOTH.,#6118);
#6118 = SURFACE_SIDE_STYLE('',(#6119));
#6119 = SURFACE_STYLE_FILL_AREA(#6120);
#6120 = FILL_AREA_STYLE('',(#6121));
#6121 = FILL_AREA_STYLE_COLOUR('',#6086);
#6122 = STYLED_ITEM('color',(#6123),#3085);
#6123 = PRESENTATION_STYLE_ASSIGNMENT((#6124));
#6124 = SURFACE_STYLE_USAGE(.BOTH.,#6125);
#6125 = SURFACE_SIDE_STYLE('',(#6126));
#6126 = SURFACE_STYLE_FILL_AREA(#6127);
#6127 = FILL_AREA_STYLE('',(#6128));
#6128 = FILL_AREA_STYLE_COLOUR('',#5461);
#6129 = STYLED_ITEM('color',(#6130),#3101);
#6130 = PRESENTATION_STYLE_ASSIGNMENT((#6131));
#6131 = SURFACE_STYLE_USAGE(.BOTH.,#6132);
#6132 = SURFACE_SIDE_STYLE('',(#6133));
#6133 = SURFACE_STYLE_FILL_AREA(#6134);
#6134 = FILL_AREA_STYLE('',(#6135));
#6135 = FILL_AREA_STYLE_COLOUR('',#5461);
#6136 = STYLED_ITEM('color',(#6137),#3145);
#6137 = PRESENTATION_STYLE_ASSIGNMENT((#6138));
#6138 = SURFACE_STYLE_USAGE(.BOTH.,#6139);
#6139 = SURFACE_SIDE_STYLE('',(#6140));
#6140 = SURFACE_STYLE_FILL_AREA(#6141);
#6141 = FILL_AREA_STYLE('',(#6142));
#6142 = FILL_AREA_STYLE_COLOUR('',#5461);
#6143 = STYLED_ITEM('color',(#6144),#3189);
#6144 = PRESENTATION_STYLE_ASSIGNMENT((#6145));
#6145 = SURFACE_STYLE_USAGE(.BOTH.,#6146);
#6146 = SURFACE_SIDE_STYLE('',(#6147));
#6147 = SURFACE_STYLE_FILL_AREA(#6148);
#6148 = FILL_AREA_STYLE('',(#6149));
#6149 = FILL_AREA_STYLE_COLOUR('',#6086);
#6150 = STYLED_ITEM('color',(#6151),#3211);
#6151 = PRESENTATION_STYLE_ASSIGNMENT((#6152));
#6152 = SURFACE_STYLE_USAGE(.BOTH.,#6153);
#6153 = SURFACE_SIDE_STYLE('',(#6154));
#6154 = SURFACE_STYLE_FILL_AREA(#6155);
#6155 = FILL_AREA_STYLE('',(#6156));
#6156 = FILL_AREA_STYLE_COLOUR('',#6086);
#6157 = STYLED_ITEM('color',(#6158),#3239);
#6158 = PRESENTATION_STYLE_ASSIGNMENT((#6159));
#6159 = SURFACE_STYLE_USAGE(.BOTH.,#6160);
#6160 = SURFACE_SIDE_STYLE('',(#6161));
#6161 = SURFACE_STYLE_FILL_AREA(#6162);
#6162 = FILL_AREA_STYLE('',(#6163));
#6163 = FILL_AREA_STYLE_COLOUR('',#5461);
#6164 = STYLED_ITEM('color',(#6165),#3255);
#6165 = PRESENTATION_STYLE_ASSIGNMENT((#6166));
#6166 = SURFACE_STYLE_USAGE(.BOTH.,#6167);
#6167 = SURFACE_SIDE_STYLE('',(#6168));
#6168 = SURFACE_STYLE_FILL_AREA(#6169);
#6169 = FILL_AREA_STYLE('',(#6170));
#6170 = FILL_AREA_STYLE_COLOUR('',#6086);
#6171 = STYLED_ITEM('color',(#6172),#3285);
#6172 = PRESENTATION_STYLE_ASSIGNMENT((#6173));
#6173 = SURFACE_STYLE_USAGE(.BOTH.,#6174);
#6174 = SURFACE_SIDE_STYLE('',(#6175));
#6175 = SURFACE_STYLE_FILL_AREA(#6176);
#6176 = FILL_AREA_STYLE('',(#6177));
#6177 = FILL_AREA_STYLE_COLOUR('',#6086);
#6178 = STYLED_ITEM('color',(#6179),#3301);
#6179 = PRESENTATION_STYLE_ASSIGNMENT((#6180));
#6180 = SURFACE_STYLE_USAGE(.BOTH.,#6181);
#6181 = SURFACE_SIDE_STYLE('',(#6182));
#6182 = SURFACE_STYLE_FILL_AREA(#6183);
#6183 = FILL_AREA_STYLE('',(#6184));
#6184 = FILL_AREA_STYLE_COLOUR('',#5461);
#6185 = STYLED_ITEM('color',(#6186),#3329);
#6186 = PRESENTATION_STYLE_ASSIGNMENT((#6187));
#6187 = SURFACE_STYLE_USAGE(.BOTH.,#6188);
#6188 = SURFACE_SIDE_STYLE('',(#6189));
#6189 = SURFACE_STYLE_FILL_AREA(#6190);
#6190 = FILL_AREA_STYLE('',(#6191));
#6191 = FILL_AREA_STYLE_COLOUR('',#5461);
#6192 = STYLED_ITEM('color',(#6193),#3491);
#6193 = PRESENTATION_STYLE_ASSIGNMENT((#6194));
#6194 = SURFACE_STYLE_USAGE(.BOTH.,#6195);
#6195 = SURFACE_SIDE_STYLE('',(#6196));
#6196 = SURFACE_STYLE_FILL_AREA(#6197);
#6197 = FILL_AREA_STYLE('',(#6198));
#6198 = FILL_AREA_STYLE_COLOUR('',#5461);
#6199 = STYLED_ITEM('color',(#6200),#3507);
#6200 = PRESENTATION_STYLE_ASSIGNMENT((#6201));
#6201 = SURFACE_STYLE_USAGE(.BOTH.,#6202);
#6202 = SURFACE_SIDE_STYLE('',(#6203));
#6203 = SURFACE_STYLE_FILL_AREA(#6204);
#6204 = FILL_AREA_STYLE('',(#6205));
#6205 = FILL_AREA_STYLE_COLOUR('',#5461);
#6206 = STYLED_ITEM('color',(#6207),#3530);
#6207 = PRESENTATION_STYLE_ASSIGNMENT((#6208));
#6208 = SURFACE_STYLE_USAGE(.BOTH.,#6209);
#6209 = SURFACE_SIDE_STYLE('',(#6210));
#6210 = SURFACE_STYLE_FILL_AREA(#6211);
#6211 = FILL_AREA_STYLE('',(#6212));
#6212 = FILL_AREA_STYLE_COLOUR('',#6086);
#6213 = STYLED_ITEM('color',(#6214),#3546);
#6214 = PRESENTATION_STYLE_ASSIGNMENT((#6215));
#6215 = SURFACE_STYLE_USAGE(.BOTH.,#6216);
#6216 = SURFACE_SIDE_STYLE('',(#6217));
#6217 = SURFACE_STYLE_FILL_AREA(#6218);
#6218 = FILL_AREA_STYLE('',(#6219));
#6219 = FILL_AREA_STYLE_COLOUR('',#5461);
#6220 = STYLED_ITEM('color',(#6221),#3564);
#6221 = PRESENTATION_STYLE_ASSIGNMENT((#6222));
#6222 = SURFACE_STYLE_USAGE(.BOTH.,#6223);
#6223 = SURFACE_SIDE_STYLE('',(#6224));
#6224 = SURFACE_STYLE_FILL_AREA(#6225);
#6225 = FILL_AREA_STYLE('',(#6226));
#6226 = FILL_AREA_STYLE_COLOUR('',#5461);
#6227 = STYLED_ITEM('color',(#6228),#3580);
#6228 = PRESENTATION_STYLE_ASSIGNMENT((#6229));
#6229 = SURFACE_STYLE_USAGE(.BOTH.,#6230);
#6230 = SURFACE_SIDE_STYLE('',(#6231));
#6231 = SURFACE_STYLE_FILL_AREA(#6232);
#6232 = FILL_AREA_STYLE('',(#6233));
#6233 = FILL_AREA_STYLE_COLOUR('',#5461);
#6234 = STYLED_ITEM('color',(#6235),#3598);
#6235 = PRESENTATION_STYLE_ASSIGNMENT((#6236));
#6236 = SURFACE_STYLE_USAGE(.BOTH.,#6237);
#6237 = SURFACE_SIDE_STYLE('',(#6238));
#6238 = SURFACE_STYLE_FILL_AREA(#6239);
#6239 = FILL_AREA_STYLE('',(#6240));
#6240 = FILL_AREA_STYLE_COLOUR('',#5461);
#6241 = STYLED_ITEM('color',(#6242),#3614);
#6242 = PRESENTATION_STYLE_ASSIGNMENT((#6243));
#6243 = SURFACE_STYLE_USAGE(.BOTH.,#6244);
#6244 = SURFACE_SIDE_STYLE('',(#6245));
#6245 = SURFACE_STYLE_FILL_AREA(#6246);
#6246 = FILL_AREA_STYLE('',(#6247));
#6247 = FILL_AREA_STYLE_COLOUR('',#5461);
#6248 = STYLED_ITEM('color',(#6249),#3632);
#6249 = PRESENTATION_STYLE_ASSIGNMENT((#6250));
#6250 = SURFACE_STYLE_USAGE(.BOTH.,#6251);
#6251 = SURFACE_SIDE_STYLE('',(#6252));
#6252 = SURFACE_STYLE_FILL_AREA(#6253);
#6253 = FILL_AREA_STYLE('',(#6254));
#6254 = FILL_AREA_STYLE_COLOUR('',#5461);
#6255 = STYLED_ITEM('color',(#6256),#3648);
#6256 = PRESENTATION_STYLE_ASSIGNMENT((#6257));
#6257 = SURFACE_STYLE_USAGE(.BOTH.,#6258);
#6258 = SURFACE_SIDE_STYLE('',(#6259));
#6259 = SURFACE_STYLE_FILL_AREA(#6260);
#6260 = FILL_AREA_STYLE('',(#6261));
#6261 = FILL_AREA_STYLE_COLOUR('',#5461);
#6262 = STYLED_ITEM('color',(#6263),#3666);
#6263 = PRESENTATION_STYLE_ASSIGNMENT((#6264));
#6264 = SURFACE_STYLE_USAGE(.BOTH.,#6265);
#6265 = SURFACE_SIDE_STYLE('',(#6266));
#6266 = SURFACE_STYLE_FILL_AREA(#6267);
#6267 = FILL_AREA_STYLE('',(#6268));
#6268 = FILL_AREA_STYLE_COLOUR('',#5461);
#6269 = STYLED_ITEM('color',(#6270),#3682);
#6270 = PRESENTATION_STYLE_ASSIGNMENT((#6271));
#6271 = SURFACE_STYLE_USAGE(.BOTH.,#6272);
#6272 = SURFACE_SIDE_STYLE('',(#6273));
#6273 = SURFACE_STYLE_FILL_AREA(#6274);
#6274 = FILL_AREA_STYLE('',(#6275));
#6275 = FILL_AREA_STYLE_COLOUR('',#5461);
#6276 = STYLED_ITEM('color',(#6277),#3700);
#6277 = PRESENTATION_STYLE_ASSIGNMENT((#6278));
#6278 = SURFACE_STYLE_USAGE(.BOTH.,#6279);
#6279 = SURFACE_SIDE_STYLE('',(#6280));
#6280 = SURFACE_STYLE_FILL_AREA(#6281);
#6281 = FILL_AREA_STYLE('',(#6282));
#6282 = FILL_AREA_STYLE_COLOUR('',#5461);
#6283 = STYLED_ITEM('color',(#6284),#3716);
#6284 = PRESENTATION_STYLE_ASSIGNMENT((#6285));
#6285 = SURFACE_STYLE_USAGE(.BOTH.,#6286);
#6286 = SURFACE_SIDE_STYLE('',(#6287));
#6287 = SURFACE_STYLE_FILL_AREA(#6288);
#6288 = FILL_AREA_STYLE('',(#6289));
#6289 = FILL_AREA_STYLE_COLOUR('',#5461);
#6290 = STYLED_ITEM('color',(#6291),#3734);
#6291 = PRESENTATION_STYLE_ASSIGNMENT((#6292));
#6292 = SURFACE_STYLE_USAGE(.BOTH.,#6293);
#6293 = SURFACE_SIDE_STYLE('',(#6294));
#6294 = SURFACE_STYLE_FILL_AREA(#6295);
#6295 = FILL_AREA_STYLE('',(#6296));
#6296 = FILL_AREA_STYLE_COLOUR('',#5461);
#6297 = STYLED_ITEM('color',(#6298),#3750);
#6298 = PRESENTATION_STYLE_ASSIGNMENT((#6299));
#6299 = SURFACE_STYLE_USAGE(.BOTH.,#6300);
#6300 = SURFACE_SIDE_STYLE('',(#6301));
#6301 = SURFACE_STYLE_FILL_AREA(#6302);
#6302 = FILL_AREA_STYLE('',(#6303));
#6303 = FILL_AREA_STYLE_COLOUR('',#5461);
#6304 = STYLED_ITEM('color',(#6305),#3768);
#6305 = PRESENTATION_STYLE_ASSIGNMENT((#6306));
#6306 = SURFACE_STYLE_USAGE(.BOTH.,#6307);
#6307 = SURFACE_SIDE_STYLE('',(#6308));
#6308 = SURFACE_STYLE_FILL_AREA(#6309);
#6309 = FILL_AREA_STYLE('',(#6310));
#6310 = FILL_AREA_STYLE_COLOUR('',#5461);
#6311 = STYLED_ITEM('color',(#6312),#3784);
#6312 = PRESENTATION_STYLE_ASSIGNMENT((#6313));
#6313 = SURFACE_STYLE_USAGE(.BOTH.,#6314);
#6314 = SURFACE_SIDE_STYLE('',(#6315));
#6315 = SURFACE_STYLE_FILL_AREA(#6316);
#6316 = FILL_AREA_STYLE('',(#6317));
#6317 = FILL_AREA_STYLE_COLOUR('',#5461);
#6318 = STYLED_ITEM('color',(#6319),#3802);
#6319 = PRESENTATION_STYLE_ASSIGNMENT((#6320));
#6320 = SURFACE_STYLE_USAGE(.BOTH.,#6321);
#6321 = SURFACE_SIDE_STYLE('',(#6322));
#6322 = SURFACE_STYLE_FILL_AREA(#6323);
#6323 = FILL_AREA_STYLE('',(#6324));
#6324 = FILL_AREA_STYLE_COLOUR('',#5461);
#6325 = STYLED_ITEM('color',(#6326),#3814);
#6326 = PRESENTATION_STYLE_ASSIGNMENT((#6327));
#6327 = SURFACE_STYLE_USAGE(.BOTH.,#6328);
#6328 = SURFACE_SIDE_STYLE('',(#6329));
#6329 = SURFACE_STYLE_FILL_AREA(#6330);
#6330 = FILL_AREA_STYLE('',(#6331));
#6331 = FILL_AREA_STYLE_COLOUR('',#6086);
#6332 = STYLED_ITEM('color',(#6333),#3830);
#6333 = PRESENTATION_STYLE_ASSIGNMENT((#6334));
#6334 = SURFACE_STYLE_USAGE(.BOTH.,#6335);
#6335 = SURFACE_SIDE_STYLE('',(#6336));
#6336 = SURFACE_STYLE_FILL_AREA(#6337);
#6337 = FILL_AREA_STYLE('',(#6338));
#6338 = FILL_AREA_STYLE_COLOUR('',#6086);
#6339 = STYLED_ITEM('color',(#6340),#3872);
#6340 = PRESENTATION_STYLE_ASSIGNMENT((#6341));
#6341 = SURFACE_STYLE_USAGE(.BOTH.,#6342);
#6342 = SURFACE_SIDE_STYLE('',(#6343));
#6343 = SURFACE_STYLE_FILL_AREA(#6344);
#6344 = FILL_AREA_STYLE('',(#6345));
#6345 = FILL_AREA_STYLE_COLOUR('',#5469);
#6346 = STYLED_ITEM('color',(#6347),#3900);
#6347 = PRESENTATION_STYLE_ASSIGNMENT((#6348));
#6348 = SURFACE_STYLE_USAGE(.BOTH.,#6349);
#6349 = SURFACE_SIDE_STYLE('',(#6350));
#6350 = SURFACE_STYLE_FILL_AREA(#6351);
#6351 = FILL_AREA_STYLE('',(#6352));
#6352 = FILL_AREA_STYLE_COLOUR('',#5469);
#6353 = STYLED_ITEM('color',(#6354),#3922);
#6354 = PRESENTATION_STYLE_ASSIGNMENT((#6355));
#6355 = SURFACE_STYLE_USAGE(.BOTH.,#6356);
#6356 = SURFACE_SIDE_STYLE('',(#6357));
#6357 = SURFACE_STYLE_FILL_AREA(#6358);
#6358 = FILL_AREA_STYLE('',(#6359));
#6359 = FILL_AREA_STYLE_COLOUR('',#5469);
#6360 = STYLED_ITEM('color',(#6361),#3944);
#6361 = PRESENTATION_STYLE_ASSIGNMENT((#6362));
#6362 = SURFACE_STYLE_USAGE(.BOTH.,#6363);
#6363 = SURFACE_SIDE_STYLE('',(#6364));
#6364 = SURFACE_STYLE_FILL_AREA(#6365);
#6365 = FILL_AREA_STYLE('',(#6366));
#6366 = FILL_AREA_STYLE_COLOUR('',#5469);
#6367 = STYLED_ITEM('color',(#6368),#3966);
#6368 = PRESENTATION_STYLE_ASSIGNMENT((#6369));
#6369 = SURFACE_STYLE_USAGE(.BOTH.,#6370);
#6370 = SURFACE_SIDE_STYLE('',(#6371));
#6371 = SURFACE_STYLE_FILL_AREA(#6372);
#6372 = FILL_AREA_STYLE('',(#6373));
#6373 = FILL_AREA_STYLE_COLOUR('',#5469);
#6374 = STYLED_ITEM('color',(#6375),#3988);
#6375 = PRESENTATION_STYLE_ASSIGNMENT((#6376));
#6376 = SURFACE_STYLE_USAGE(.BOTH.,#6377);
#6377 = SURFACE_SIDE_STYLE('',(#6378));
#6378 = SURFACE_STYLE_FILL_AREA(#6379);
#6379 = FILL_AREA_STYLE('',(#6380));
#6380 = FILL_AREA_STYLE_COLOUR('',#5469);
#6381 = STYLED_ITEM('color',(#6382),#4010);
#6382 = PRESENTATION_STYLE_ASSIGNMENT((#6383));
#6383 = SURFACE_STYLE_USAGE(.BOTH.,#6384);
#6384 = SURFACE_SIDE_STYLE('',(#6385));
#6385 = SURFACE_STYLE_FILL_AREA(#6386);
#6386 = FILL_AREA_STYLE('',(#6387));
#6387 = FILL_AREA_STYLE_COLOUR('',#5469);
#6388 = STYLED_ITEM('color',(#6389),#4032);
#6389 = PRESENTATION_STYLE_ASSIGNMENT((#6390));
#6390 = SURFACE_STYLE_USAGE(.BOTH.,#6391);
#6391 = SURFACE_SIDE_STYLE('',(#6392));
#6392 = SURFACE_STYLE_FILL_AREA(#6393);
#6393 = FILL_AREA_STYLE('',(#6394));
#6394 = FILL_AREA_STYLE_COLOUR('',#5469);
#6395 = STYLED_ITEM('color',(#6396),#4054);
#6396 = PRESENTATION_STYLE_ASSIGNMENT((#6397));
#6397 = SURFACE_STYLE_USAGE(.BOTH.,#6398);
#6398 = SURFACE_SIDE_STYLE('',(#6399));
#6399 = SURFACE_STYLE_FILL_AREA(#6400);
#6400 = FILL_AREA_STYLE('',(#6401));
#6401 = FILL_AREA_STYLE_COLOUR('',#5469);
#6402 = STYLED_ITEM('color',(#6403),#4076);
#6403 = PRESENTATION_STYLE_ASSIGNMENT((#6404));
#6404 = SURFACE_STYLE_USAGE(.BOTH.,#6405);
#6405 = SURFACE_SIDE_STYLE('',(#6406));
#6406 = SURFACE_STYLE_FILL_AREA(#6407);
#6407 = FILL_AREA_STYLE('',(#6408));
#6408 = FILL_AREA_STYLE_COLOUR('',#5469);
#6409 = STYLED_ITEM('color',(#6410),#4098);
#6410 = PRESENTATION_STYLE_ASSIGNMENT((#6411));
#6411 = SURFACE_STYLE_USAGE(.BOTH.,#6412);
#6412 = SURFACE_SIDE_STYLE('',(#6413));
#6413 = SURFACE_STYLE_FILL_AREA(#6414);
#6414 = FILL_AREA_STYLE('',(#6415));
#6415 = FILL_AREA_STYLE_COLOUR('',#5469);
#6416 = STYLED_ITEM('color',(#6417),#4120);
#6417 = PRESENTATION_STYLE_ASSIGNMENT((#6418));
#6418 = SURFACE_STYLE_USAGE(.BOTH.,#6419);
#6419 = SURFACE_SIDE_STYLE('',(#6420));
#6420 = SURFACE_STYLE_FILL_AREA(#6421);
#6421 = FILL_AREA_STYLE('',(#6422));
#6422 = FILL_AREA_STYLE_COLOUR('',#5469);
#6423 = STYLED_ITEM('color',(#6424),#4136);
#6424 = PRESENTATION_STYLE_ASSIGNMENT((#6425));
#6425 = SURFACE_STYLE_USAGE(.BOTH.,#6426);
#6426 = SURFACE_SIDE_STYLE('',(#6427));
#6427 = SURFACE_STYLE_FILL_AREA(#6428);
#6428 = FILL_AREA_STYLE('',(#6429));
#6429 = FILL_AREA_STYLE_COLOUR('',#6086);
#6430 = STYLED_ITEM('color',(#6431),#4178);
#6431 = PRESENTATION_STYLE_ASSIGNMENT((#6432));
#6432 = SURFACE_STYLE_USAGE(.BOTH.,#6433);
#6433 = SURFACE_SIDE_STYLE('',(#6434));
#6434 = SURFACE_STYLE_FILL_AREA(#6435);
#6435 = FILL_AREA_STYLE('',(#6436));
#6436 = FILL_AREA_STYLE_COLOUR('',#5461);
#6437 = STYLED_ITEM('color',(#6438),#4200);
#6438 = PRESENTATION_STYLE_ASSIGNMENT((#6439));
#6439 = SURFACE_STYLE_USAGE(.BOTH.,#6440);
#6440 = SURFACE_SIDE_STYLE('',(#6441));
#6441 = SURFACE_STYLE_FILL_AREA(#6442);
#6442 = FILL_AREA_STYLE('',(#6443));
#6443 = FILL_AREA_STYLE_COLOUR('',#5461);
#6444 = STYLED_ITEM('color',(#6445),#4223);
#6445 = PRESENTATION_STYLE_ASSIGNMENT((#6446));
#6446 = SURFACE_STYLE_USAGE(.BOTH.,#6447);
#6447 = SURFACE_SIDE_STYLE('',(#6448));
#6448 = SURFACE_STYLE_FILL_AREA(#6449);
#6449 = FILL_AREA_STYLE('',(#6450));
#6450 = FILL_AREA_STYLE_COLOUR('',#5461);
#6451 = STYLED_ITEM('color',(#6452),#4251);
#6452 = PRESENTATION_STYLE_ASSIGNMENT((#6453));
#6453 = SURFACE_STYLE_USAGE(.BOTH.,#6454);
#6454 = SURFACE_SIDE_STYLE('',(#6455));
#6455 = SURFACE_STYLE_FILL_AREA(#6456);
#6456 = FILL_AREA_STYLE('',(#6457));
#6457 = FILL_AREA_STYLE_COLOUR('',#5461);
#6458 = STYLED_ITEM('color',(#6459),#4267);
#6459 = PRESENTATION_STYLE_ASSIGNMENT((#6460));
#6460 = SURFACE_STYLE_USAGE(.BOTH.,#6461);
#6461 = SURFACE_SIDE_STYLE('',(#6462));
#6462 = SURFACE_STYLE_FILL_AREA(#6463);
#6463 = FILL_AREA_STYLE('',(#6464));
#6464 = FILL_AREA_STYLE_COLOUR('',#5461);
#6465 = STYLED_ITEM('color',(#6466),#4283);
#6466 = PRESENTATION_STYLE_ASSIGNMENT((#6467));
#6467 = SURFACE_STYLE_USAGE(.BOTH.,#6468);
#6468 = SURFACE_SIDE_STYLE('',(#6469));
#6469 = SURFACE_STYLE_FILL_AREA(#6470);
#6470 = FILL_AREA_STYLE('',(#6471));
#6471 = FILL_AREA_STYLE_COLOUR('',#5461);
#6472 = STYLED_ITEM('color',(#6473),#4321);
#6473 = PRESENTATION_STYLE_ASSIGNMENT((#6474));
#6474 = SURFACE_STYLE_USAGE(.BOTH.,#6475);
#6475 = SURFACE_SIDE_STYLE('',(#6476));
#6476 = SURFACE_STYLE_FILL_AREA(#6477);
#6477 = FILL_AREA_STYLE('',(#6478));
#6478 = FILL_AREA_STYLE_COLOUR('',#5461);
#6479 = STYLED_ITEM('color',(#6480),#4403);
#6480 = PRESENTATION_STYLE_ASSIGNMENT((#6481));
#6481 = SURFACE_STYLE_USAGE(.BOTH.,#6482);
#6482 = SURFACE_SIDE_STYLE('',(#6483));
#6483 = SURFACE_STYLE_FILL_AREA(#6484);
#6484 = FILL_AREA_STYLE('',(#6485));
#6485 = FILL_AREA_STYLE_COLOUR('',#5461);
#6486 = STYLED_ITEM('color',(#6487),#4435);
#6487 = PRESENTATION_STYLE_ASSIGNMENT((#6488));
#6488 = SURFACE_STYLE_USAGE(.BOTH.,#6489);
#6489 = SURFACE_SIDE_STYLE('',(#6490));
#6490 = SURFACE_STYLE_FILL_AREA(#6491);
#6491 = FILL_AREA_STYLE('',(#6492));
#6492 = FILL_AREA_STYLE_COLOUR('',#6086);
#6493 = STYLED_ITEM('color',(#6494),#4455);
#6494 = PRESENTATION_STYLE_ASSIGNMENT((#6495));
#6495 = SURFACE_STYLE_USAGE(.BOTH.,#6496);
#6496 = SURFACE_SIDE_STYLE('',(#6497));
#6497 = SURFACE_STYLE_FILL_AREA(#6498);
#6498 = FILL_AREA_STYLE('',(#6499));
#6499 = FILL_AREA_STYLE_COLOUR('',#6086);
#6500 = STYLED_ITEM('color',(#6501),#4471);
#6501 = PRESENTATION_STYLE_ASSIGNMENT((#6502));
#6502 = SURFACE_STYLE_USAGE(.BOTH.,#6503);
#6503 = SURFACE_SIDE_STYLE('',(#6504));
#6504 = SURFACE_STYLE_FILL_AREA(#6505);
#6505 = FILL_AREA_STYLE('',(#6506));
#6506 = FILL_AREA_STYLE_COLOUR('',#6086);
#6507 = STYLED_ITEM('color',(#6508),#4487);
#6508 = PRESENTATION_STYLE_ASSIGNMENT((#6509));
#6509 = SURFACE_STYLE_USAGE(.BOTH.,#6510);
#6510 = SURFACE_SIDE_STYLE('',(#6511));
#6511 = SURFACE_STYLE_FILL_AREA(#6512);
#6512 = FILL_AREA_STYLE('',(#6513));
#6513 = FILL_AREA_STYLE_COLOUR('',#6086);
#6514 = STYLED_ITEM('color',(#6515),#4499);
#6515 = PRESENTATION_STYLE_ASSIGNMENT((#6516));
#6516 = SURFACE_STYLE_USAGE(.BOTH.,#6517);
#6517 = SURFACE_SIDE_STYLE('',(#6518));
#6518 = SURFACE_STYLE_FILL_AREA(#6519);
#6519 = FILL_AREA_STYLE('',(#6520));
#6520 = FILL_AREA_STYLE_COLOUR('',#5461);
#6521 = STYLED_ITEM('color',(#6522),#4519);
#6522 = PRESENTATION_STYLE_ASSIGNMENT((#6523));
#6523 = SURFACE_STYLE_USAGE(.BOTH.,#6524);
#6524 = SURFACE_SIDE_STYLE('',(#6525));
#6525 = SURFACE_STYLE_FILL_AREA(#6526);
#6526 = FILL_AREA_STYLE('',(#6527));
#6527 = FILL_AREA_STYLE_COLOUR('',#6086);
#6528 = STYLED_ITEM('color',(#6529),#4539);
#6529 = PRESENTATION_STYLE_ASSIGNMENT((#6530));
#6530 = SURFACE_STYLE_USAGE(.BOTH.,#6531);
#6531 = SURFACE_SIDE_STYLE('',(#6532));
#6532 = SURFACE_STYLE_FILL_AREA(#6533);
#6533 = FILL_AREA_STYLE('',(#6534));
#6534 = FILL_AREA_STYLE_COLOUR('',#6086);
#6535 = STYLED_ITEM('color',(#6536),#4555);
#6536 = PRESENTATION_STYLE_ASSIGNMENT((#6537));
#6537 = SURFACE_STYLE_USAGE(.BOTH.,#6538);
#6538 = SURFACE_SIDE_STYLE('',(#6539));
#6539 = SURFACE_STYLE_FILL_AREA(#6540);
#6540 = FILL_AREA_STYLE('',(#6541));
#6541 = FILL_AREA_STYLE_COLOUR('',#6086);
#6542 = STYLED_ITEM('color',(#6543),#4571);
#6543 = PRESENTATION_STYLE_ASSIGNMENT((#6544));
#6544 = SURFACE_STYLE_USAGE(.BOTH.,#6545);
#6545 = SURFACE_SIDE_STYLE('',(#6546));
#6546 = SURFACE_STYLE_FILL_AREA(#6547);
#6547 = FILL_AREA_STYLE('',(#6548));
#6548 = FILL_AREA_STYLE_COLOUR('',#6086);
#6549 = STYLED_ITEM('color',(#6550),#4583);
#6550 = PRESENTATION_STYLE_ASSIGNMENT((#6551));
#6551 = SURFACE_STYLE_USAGE(.BOTH.,#6552);
#6552 = SURFACE_SIDE_STYLE('',(#6553));
#6553 = SURFACE_STYLE_FILL_AREA(#6554);
#6554 = FILL_AREA_STYLE('',(#6555));
#6555 = FILL_AREA_STYLE_COLOUR('',#5461);
#6556 = STYLED_ITEM('color',(#6557),#4599);
#6557 = PRESENTATION_STYLE_ASSIGNMENT((#6558));
#6558 = SURFACE_STYLE_USAGE(.BOTH.,#6559);
#6559 = SURFACE_SIDE_STYLE('',(#6560));
#6560 = SURFACE_STYLE_FILL_AREA(#6561);
#6561 = FILL_AREA_STYLE('',(#6562));
#6562 = FILL_AREA_STYLE_COLOUR('',#5461);
#6563 = STYLED_ITEM('color',(#6564),#4615);
#6564 = PRESENTATION_STYLE_ASSIGNMENT((#6565));
#6565 = SURFACE_STYLE_USAGE(.BOTH.,#6566);
#6566 = SURFACE_SIDE_STYLE('',(#6567));
#6567 = SURFACE_STYLE_FILL_AREA(#6568);
#6568 = FILL_AREA_STYLE('',(#6569));
#6569 = FILL_AREA_STYLE_COLOUR('',#5461);
#6570 = STYLED_ITEM('color',(#6571),#4629);
#6571 = PRESENTATION_STYLE_ASSIGNMENT((#6572));
#6572 = SURFACE_STYLE_USAGE(.BOTH.,#6573);
#6573 = SURFACE_SIDE_STYLE('',(#6574));
#6574 = SURFACE_STYLE_FILL_AREA(#6575);
#6575 = FILL_AREA_STYLE('',(#6576));
#6576 = FILL_AREA_STYLE_COLOUR('',#6086);
#6577 = STYLED_ITEM('color',(#6578),#4707);
#6578 = PRESENTATION_STYLE_ASSIGNMENT((#6579));
#6579 = SURFACE_STYLE_USAGE(.BOTH.,#6580);
#6580 = SURFACE_SIDE_STYLE('',(#6581));
#6581 = SURFACE_STYLE_FILL_AREA(#6582);
#6582 = FILL_AREA_STYLE('',(#6583));
#6583 = FILL_AREA_STYLE_COLOUR('',#6086);
#6584 = STYLED_ITEM('color',(#6585),#4759);
#6585 = PRESENTATION_STYLE_ASSIGNMENT((#6586));
#6586 = SURFACE_STYLE_USAGE(.BOTH.,#6587);
#6587 = SURFACE_SIDE_STYLE('',(#6588));
#6588 = SURFACE_STYLE_FILL_AREA(#6589);
#6589 = FILL_AREA_STYLE('',(#6590));
#6590 = FILL_AREA_STYLE_COLOUR('',#6086);
#6591 = STYLED_ITEM('color',(#6592),#4787);
#6592 = PRESENTATION_STYLE_ASSIGNMENT((#6593));
#6593 = SURFACE_STYLE_USAGE(.BOTH.,#6594);
#6594 = SURFACE_SIDE_STYLE('',(#6595));
#6595 = SURFACE_STYLE_FILL_AREA(#6596);
#6596 = FILL_AREA_STYLE('',(#6597));
#6597 = FILL_AREA_STYLE_COLOUR('',#6086);
#6598 = STYLED_ITEM('color',(#6599),#4839);
#6599 = PRESENTATION_STYLE_ASSIGNMENT((#6600));
#6600 = SURFACE_STYLE_USAGE(.BOTH.,#6601);
#6601 = SURFACE_SIDE_STYLE('',(#6602));
#6602 = SURFACE_STYLE_FILL_AREA(#6603);
#6603 = FILL_AREA_STYLE('',(#6604));
#6604 = FILL_AREA_STYLE_COLOUR('',#6086);
#6605 = STYLED_ITEM('color',(#6606),#4867);
#6606 = PRESENTATION_STYLE_ASSIGNMENT((#6607));
#6607 = SURFACE_STYLE_USAGE(.BOTH.,#6608);
#6608 = SURFACE_SIDE_STYLE('',(#6609));
#6609 = SURFACE_STYLE_FILL_AREA(#6610);
#6610 = FILL_AREA_STYLE('',(#6611));
#6611 = FILL_AREA_STYLE_COLOUR('',#6086);
#6612 = STYLED_ITEM('color',(#6613),#4893);
#6613 = PRESENTATION_STYLE_ASSIGNMENT((#6614));
#6614 = SURFACE_STYLE_USAGE(.BOTH.,#6615);
#6615 = SURFACE_SIDE_STYLE('',(#6616));
#6616 = SURFACE_STYLE_FILL_AREA(#6617);
#6617 = FILL_AREA_STYLE('',(#6618));
#6618 = FILL_AREA_STYLE_COLOUR('',#6086);
#6619 = STYLED_ITEM('color',(#6620),#4915);
#6620 = PRESENTATION_STYLE_ASSIGNMENT((#6621));
#6621 = SURFACE_STYLE_USAGE(.BOTH.,#6622);
#6622 = SURFACE_SIDE_STYLE('',(#6623));
#6623 = SURFACE_STYLE_FILL_AREA(#6624);
#6624 = FILL_AREA_STYLE('',(#6625));
#6625 = FILL_AREA_STYLE_COLOUR('',#6086);
#6626 = STYLED_ITEM('color',(#6627),#4937);
#6627 = PRESENTATION_STYLE_ASSIGNMENT((#6628));
#6628 = SURFACE_STYLE_USAGE(.BOTH.,#6629);
#6629 = SURFACE_SIDE_STYLE('',(#6630));
#6630 = SURFACE_STYLE_FILL_AREA(#6631);
#6631 = FILL_AREA_STYLE('',(#6632));
#6632 = FILL_AREA_STYLE_COLOUR('',#6086);
#6633 = STYLED_ITEM('color',(#6634),#4959);
#6634 = PRESENTATION_STYLE_ASSIGNMENT((#6635));
#6635 = SURFACE_STYLE_USAGE(.BOTH.,#6636);
#6636 = SURFACE_SIDE_STYLE('',(#6637));
#6637 = SURFACE_STYLE_FILL_AREA(#6638);
#6638 = FILL_AREA_STYLE('',(#6639));
#6639 = FILL_AREA_STYLE_COLOUR('',#6086);
#6640 = STYLED_ITEM('color',(#6641),#4975);
#6641 = PRESENTATION_STYLE_ASSIGNMENT((#6642));
#6642 = SURFACE_STYLE_USAGE(.BOTH.,#6643);
#6643 = SURFACE_SIDE_STYLE('',(#6644));
#6644 = SURFACE_STYLE_FILL_AREA(#6645);
#6645 = FILL_AREA_STYLE('',(#6646));
#6646 = FILL_AREA_STYLE_COLOUR('',#6086);
#6647 = STYLED_ITEM('color',(#6648),#4997);
#6648 = PRESENTATION_STYLE_ASSIGNMENT((#6649));
#6649 = SURFACE_STYLE_USAGE(.BOTH.,#6650);
#6650 = SURFACE_SIDE_STYLE('',(#6651));
#6651 = SURFACE_STYLE_FILL_AREA(#6652);
#6652 = FILL_AREA_STYLE('',(#6653));
#6653 = FILL_AREA_STYLE_COLOUR('',#6086);
#6654 = STYLED_ITEM('color',(#6655),#5013);
#6655 = PRESENTATION_STYLE_ASSIGNMENT((#6656));
#6656 = SURFACE_STYLE_USAGE(.BOTH.,#6657);
#6657 = SURFACE_SIDE_STYLE('',(#6658));
#6658 = SURFACE_STYLE_FILL_AREA(#6659);
#6659 = FILL_AREA_STYLE('',(#6660));
#6660 = FILL_AREA_STYLE_COLOUR('',#6086);
#6661 = STYLED_ITEM('color',(#6662),#5025);
#6662 = PRESENTATION_STYLE_ASSIGNMENT((#6663));
#6663 = SURFACE_STYLE_USAGE(.BOTH.,#6664);
#6664 = SURFACE_SIDE_STYLE('',(#6665));
#6665 = SURFACE_STYLE_FILL_AREA(#6666);
#6666 = FILL_AREA_STYLE('',(#6667));
#6667 = FILL_AREA_STYLE_COLOUR('',#6086);
#6668 = STYLED_ITEM('color',(#6669),#5039);
#6669 = PRESENTATION_STYLE_ASSIGNMENT((#6670));
#6670 = SURFACE_STYLE_USAGE(.BOTH.,#6671);
#6671 = SURFACE_SIDE_STYLE('',(#6672));
#6672 = SURFACE_STYLE_FILL_AREA(#6673);
#6673 = FILL_AREA_STYLE('',(#6674));
#6674 = FILL_AREA_STYLE_COLOUR('',#6086);
#6675 = STYLED_ITEM('color',(#6676),#5117);
#6676 = PRESENTATION_STYLE_ASSIGNMENT((#6677));
#6677 = SURFACE_STYLE_USAGE(.BOTH.,#6678);
#6678 = SURFACE_SIDE_STYLE('',(#6679));
#6679 = SURFACE_STYLE_FILL_AREA(#6680);
#6680 = FILL_AREA_STYLE('',(#6681));
#6681 = FILL_AREA_STYLE_COLOUR('',#6086);
#6682 = STYLED_ITEM('color',(#6683),#5169);
#6683 = PRESENTATION_STYLE_ASSIGNMENT((#6684));
#6684 = SURFACE_STYLE_USAGE(.BOTH.,#6685);
#6685 = SURFACE_SIDE_STYLE('',(#6686));
#6686 = SURFACE_STYLE_FILL_AREA(#6687);
#6687 = FILL_AREA_STYLE('',(#6688));
#6688 = FILL_AREA_STYLE_COLOUR('',#6086);
#6689 = STYLED_ITEM('color',(#6690),#5197);
#6690 = PRESENTATION_STYLE_ASSIGNMENT((#6691));
#6691 = SURFACE_STYLE_USAGE(.BOTH.,#6692);
#6692 = SURFACE_SIDE_STYLE('',(#6693));
#6693 = SURFACE_STYLE_FILL_AREA(#6694);
#6694 = FILL_AREA_STYLE('',(#6695));
#6695 = FILL_AREA_STYLE_COLOUR('',#6086);
#6696 = STYLED_ITEM('color',(#6697),#5249);
#6697 = PRESENTATION_STYLE_ASSIGNMENT((#6698));
#6698 = SURFACE_STYLE_USAGE(.BOTH.,#6699);
#6699 = SURFACE_SIDE_STYLE('',(#6700));
#6700 = SURFACE_STYLE_FILL_AREA(#6701);
#6701 = FILL_AREA_STYLE('',(#6702));
#6702 = FILL_AREA_STYLE_COLOUR('',#6086);
#6703 = STYLED_ITEM('color',(#6704),#5277);
#6704 = PRESENTATION_STYLE_ASSIGNMENT((#6705));
#6705 = SURFACE_STYLE_USAGE(.BOTH.,#6706);
#6706 = SURFACE_SIDE_STYLE('',(#6707));
#6707 = SURFACE_STYLE_FILL_AREA(#6708);
#6708 = FILL_AREA_STYLE('',(#6709));
#6709 = FILL_AREA_STYLE_COLOUR('',#6086);
#6710 = STYLED_ITEM('color',(#6711),#5303);
#6711 = PRESENTATION_STYLE_ASSIGNMENT((#6712));
#6712 = SURFACE_STYLE_USAGE(.BOTH.,#6713);
#6713 = SURFACE_SIDE_STYLE('',(#6714));
#6714 = SURFACE_STYLE_FILL_AREA(#6715);
#6715 = FILL_AREA_STYLE('',(#6716));
#6716 = FILL_AREA_STYLE_COLOUR('',#6086);
#6717 = STYLED_ITEM('color',(#6718),#5325);
#6718 = PRESENTATION_STYLE_ASSIGNMENT((#6719));
#6719 = SURFACE_STYLE_USAGE(.BOTH.,#6720);
#6720 = SURFACE_SIDE_STYLE('',(#6721));
#6721 = SURFACE_STYLE_FILL_AREA(#6722);
#6722 = FILL_AREA_STYLE('',(#6723));
#6723 = FILL_AREA_STYLE_COLOUR('',#6086);
#6724 = STYLED_ITEM('color',(#6725),#5347);
#6725 = PRESENTATION_STYLE_ASSIGNMENT((#6726));
#6726 = SURFACE_STYLE_USAGE(.BOTH.,#6727);
#6727 = SURFACE_SIDE_STYLE('',(#6728));
#6728 = SURFACE_STYLE_FILL_AREA(#6729);
#6729 = FILL_AREA_STYLE('',(#6730));
#6730 = FILL_AREA_STYLE_COLOUR('',#6086);
#6731 = STYLED_ITEM('color',(#6732),#5369);
#6732 = PRESENTATION_STYLE_ASSIGNMENT((#6733));
#6733 = SURFACE_STYLE_USAGE(.BOTH.,#6734);
#6734 = SURFACE_SIDE_STYLE('',(#6735));
#6735 = SURFACE_STYLE_FILL_AREA(#6736);
#6736 = FILL_AREA_STYLE('',(#6737));
#6737 = FILL_AREA_STYLE_COLOUR('',#6086);
#6738 = STYLED_ITEM('color',(#6739),#5385);
#6739 = PRESENTATION_STYLE_ASSIGNMENT((#6740));
#6740 = SURFACE_STYLE_USAGE(.BOTH.,#6741);
#6741 = SURFACE_SIDE_STYLE('',(#6742));
#6742 = SURFACE_STYLE_FILL_AREA(#6743);
#6743 = FILL_AREA_STYLE('',(#6744));
#6744 = FILL_AREA_STYLE_COLOUR('',#6086);
#6745 = STYLED_ITEM('color',(#6746),#5407);
#6746 = PRESENTATION_STYLE_ASSIGNMENT((#6747));
#6747 = SURFACE_STYLE_USAGE(.BOTH.,#6748);
#6748 = SURFACE_SIDE_STYLE('',(#6749));
#6749 = SURFACE_STYLE_FILL_AREA(#6750);
#6750 = FILL_AREA_STYLE('',(#6751));
#6751 = FILL_AREA_STYLE_COLOUR('',#6086);
#6752 = STYLED_ITEM('color',(#6753),#5423);
#6753 = PRESENTATION_STYLE_ASSIGNMENT((#6754));
#6754 = SURFACE_STYLE_USAGE(.BOTH.,#6755);
#6755 = SURFACE_SIDE_STYLE('',(#6756));
#6756 = SURFACE_STYLE_FILL_AREA(#6757);
#6757 = FILL_AREA_STYLE('',(#6758));
#6758 = FILL_AREA_STYLE_COLOUR('',#6086);
#6759 = STYLED_ITEM('color',(#6760),#5435);
#6760 = PRESENTATION_STYLE_ASSIGNMENT((#6761));
#6761 = SURFACE_STYLE_USAGE(.BOTH.,#6762);
#6762 = SURFACE_SIDE_STYLE('',(#6763));
#6763 = SURFACE_STYLE_FILL_AREA(#6764);
#6764 = FILL_AREA_STYLE('',(#6765));
#6765 = FILL_AREA_STYLE_COLOUR('',#6086);
ENDSEC;
END-ISO-10303-21;
