ISO-10303-21;
HEADER;
FILE_DESCRIPTION(('Open CASCADE Model'),'2;1');
FILE_NAME('Open CASCADE Shape Model','2026-06-23T22:09:21',('Author'),(
    'Open CASCADE'),'Open CASCADE STEP processor 7.9','Open CASCADE 7.9'
  ,'Unknown');
FILE_SCHEMA(('AUTOMOTIVE_DESIGN { 1 0 10303 214 1 1 1 1 }'));
ENDSEC;
DATA;
#1 = APPLICATION_PROTOCOL_DEFINITION('international standard',
  'automotive_design',2000,#2);
#2 = APPLICATION_CONTEXT(
  'core data for automotive mechanical design processes');
#3 = SHAPE_DEFINITION_REPRESENTATION(#4,#10);
#4 = PRODUCT_DEFINITION_SHAPE('','',#5);
#5 = PRODUCT_DEFINITION('design','',#6,#9);
#6 = PRODUCT_DEFINITION_FORMATION('','',#7);
#7 = PRODUCT('COMPOUND','COMPOUND','',(#8));
#8 = PRODUCT_CONTEXT('',#2,'mechanical');
#9 = PRODUCT_DEFINITION_CONTEXT('part definition',#2,'design');
#10 = SHAPE_REPRESENTATION('',(#11,#15,#873,#1099),#8389);
#11 = AXIS2_PLACEMENT_3D('',#12,#13,#14);
#12 = CARTESIAN_POINT('',(0.,0.,0.));
#13 = DIRECTION('',(0.,0.,1.));
#14 = DIRECTION('',(1.,0.,-0.));
#15 = MANIFOLD_SOLID_BREP('',#16);
#16 = CLOSED_SHELL('',(#17,#81,#145,#221,#277,#333,#353,#401,#417,#439,
    #451,#473,#515,#527,#549,#571,#593,#615,#631,#653,#669,#689,#711,
    #733,#785,#801,#817,#829,#845,#861));
#17 = ADVANCED_FACE('',(#18),#76,.F.);
#18 = FACE_BOUND('',#19,.T.);
#19 = EDGE_LOOP('',(#20,#29,#36,#43,#50,#57,#64,#71));
#20 = ORIENTED_EDGE('',*,*,#21,.T.);
#21 = EDGE_CURVE('',#22,#24,#26,.T.);
#22 = VERTEX_POINT('',#23);
#23 = CARTESIAN_POINT('',(1.3,0.7995,0.5100001));
#24 = VERTEX_POINT('',#25);
#25 = CARTESIAN_POINT('',(1.3,0.7995,0.5500001));
#26 = B_SPLINE_CURVE_WITH_KNOTS('',1,(#27,#28),.UNSPECIFIED.,.F.,.F.,(2,
    2),(0.,4.E-02),.PIECEWISE_BEZIER_KNOTS.);
#27 = CARTESIAN_POINT('',(1.3,0.7995,0.5100001));
#28 = CARTESIAN_POINT('',(1.3,0.7995,0.5500001));
#29 = ORIENTED_EDGE('',*,*,#30,.F.);
#30 = EDGE_CURVE('',#31,#24,#33,.T.);
#31 = VERTEX_POINT('',#32);
#32 = CARTESIAN_POINT('',(1.6,0.7995,0.5500001));
#33 = B_SPLINE_CURVE_WITH_KNOTS('',1,(#34,#35),.UNSPECIFIED.,.F.,.F.,(2,
    2),(-3.2,-2.9),.PIECEWISE_BEZIER_KNOTS.);
#34 = CARTESIAN_POINT('',(1.6,0.7995,0.5500001));
#35 = CARTESIAN_POINT('',(1.3,0.7995,0.5500001));
#36 = ORIENTED_EDGE('',*,*,#37,.T.);
#37 = EDGE_CURVE('',#31,#38,#40,.T.);
#38 = VERTEX_POINT('',#39);
#39 = CARTESIAN_POINT('',(1.6,0.7995,1.E-07));
#40 = B_SPLINE_CURVE_WITH_KNOTS('',1,(#41,#42),.UNSPECIFIED.,.F.,.F.,(2,
    2),(-0.,0.55),.PIECEWISE_BEZIER_KNOTS.);
#41 = CARTESIAN_POINT('',(1.6,0.7995,0.5500001));
#42 = CARTESIAN_POINT('',(1.6,0.7995,1.E-07));
#43 = ORIENTED_EDGE('',*,*,#44,.T.);
#44 = EDGE_CURVE('',#38,#45,#47,.T.);
#45 = VERTEX_POINT('',#46);
#46 = CARTESIAN_POINT('',(1.1,0.7995,1.E-07));
#47 = B_SPLINE_CURVE_WITH_KNOTS('',1,(#48,#49),.UNSPECIFIED.,.F.,.F.,(2,
    2),(-3.2,-2.7),.PIECEWISE_BEZIER_KNOTS.);
#48 = CARTESIAN_POINT('',(1.6,0.7995,1.E-07));
#49 = CARTESIAN_POINT('',(1.1,0.7995,1.E-07));
#50 = ORIENTED_EDGE('',*,*,#51,.T.);
#51 = EDGE_CURVE('',#45,#52,#54,.T.);
#52 = VERTEX_POINT('',#53);
#53 = CARTESIAN_POINT('',(1.1,0.7995,4.00001E-02));
#54 = B_SPLINE_CURVE_WITH_KNOTS('',1,(#55,#56),.UNSPECIFIED.,.F.,.F.,(2,
    2),(4.382662450696E-02,8.382662450697E-02),
  .PIECEWISE_BEZIER_KNOTS.);
#55 = CARTESIAN_POINT('',(1.1,0.7995,1.E-07));
#56 = CARTESIAN_POINT('',(1.1,0.7995,4.00001E-02));
#57 = ORIENTED_EDGE('',*,*,#58,.T.);
#58 = EDGE_CURVE('',#52,#59,#61,.T.);
#59 = VERTEX_POINT('',#60);
#60 = CARTESIAN_POINT('',(1.55,0.7995,4.00001E-02));
#61 = B_SPLINE_CURVE_WITH_KNOTS('',1,(#62,#63),.UNSPECIFIED.,.F.,.F.,(2,
    2),(2.65,3.1),.PIECEWISE_BEZIER_KNOTS.);
#62 = CARTESIAN_POINT('',(1.1,0.7995,4.00001E-02));
#63 = CARTESIAN_POINT('',(1.55,0.7995,4.00001E-02));
#64 = ORIENTED_EDGE('',*,*,#65,.T.);
#65 = EDGE_CURVE('',#59,#66,#68,.T.);
#66 = VERTEX_POINT('',#67);
#67 = CARTESIAN_POINT('',(1.55,0.7995,0.5100001));
#68 = B_SPLINE_CURVE_WITH_KNOTS('',1,(#69,#70),.UNSPECIFIED.,.F.,.F.,(2,
    2),(-0.47,0.),.PIECEWISE_BEZIER_KNOTS.);
#69 = CARTESIAN_POINT('',(1.55,0.7995,4.00001E-02));
#70 = CARTESIAN_POINT('',(1.55,0.7995,0.5100001));
#71 = ORIENTED_EDGE('',*,*,#72,.T.);
#72 = EDGE_CURVE('',#66,#22,#73,.T.);
#73 = B_SPLINE_CURVE_WITH_KNOTS('',1,(#74,#75),.UNSPECIFIED.,.F.,.F.,(2,
    2),(-0.25,0.),.PIECEWISE_BEZIER_KNOTS.);
#74 = CARTESIAN_POINT('',(1.55,0.7995,0.5100001));
#75 = CARTESIAN_POINT('',(1.3,0.7995,0.5100001));
#76 = B_SPLINE_SURFACE_WITH_KNOTS('',1,1,(
    (#77,#78)
    ,(#79,#80
    )),.UNSPECIFIED.,.F.,.F.,.F.,(2,2),(2,2),(-1.110223024625E-16,0.55),
  (2.7,3.2),.PIECEWISE_BEZIER_KNOTS.);
#77 = CARTESIAN_POINT('',(1.1,0.7995,0.5500001));
#78 = CARTESIAN_POINT('',(1.6,0.7995,0.5500001));
#79 = CARTESIAN_POINT('',(1.1,0.7995,1.E-07));
#80 = CARTESIAN_POINT('',(1.6,0.7995,1.E-07));
#81 = ADVANCED_FACE('',(#82),#140,.F.);
#82 = FACE_BOUND('',#83,.T.);
#83 = EDGE_LOOP('',(#84,#93,#100,#107,#114,#121,#128,#135));
#84 = ORIENTED_EDGE('',*,*,#85,.T.);
#85 = EDGE_CURVE('',#86,#88,#90,.T.);
#86 = VERTEX_POINT('',#87);
#87 = CARTESIAN_POINT('',(-1.3,0.7995,0.5500001));
#88 = VERTEX_POINT('',#89);
#89 = CARTESIAN_POINT('',(-1.3,0.7995,0.5100001));
#90 = B_SPLINE_CURVE_WITH_KNOTS('',1,(#91,#92),.UNSPECIFIED.,.F.,.F.,(2,
    2),(-4.E-02,0.),.PIECEWISE_BEZIER_KNOTS.);
#91 = CARTESIAN_POINT('',(-1.3,0.7995,0.5500001));
#92 = CARTESIAN_POINT('',(-1.3,0.7995,0.5100001));
#93 = ORIENTED_EDGE('',*,*,#94,.T.);
#94 = EDGE_CURVE('',#88,#95,#97,.T.);
#95 = VERTEX_POINT('',#96);
#96 = CARTESIAN_POINT('',(-1.55,0.7995,0.5100001));
#97 = B_SPLINE_CURVE_WITH_KNOTS('',1,(#98,#99),.UNSPECIFIED.,.F.,.F.,(2,
    2),(-0.25,0.),.PIECEWISE_BEZIER_KNOTS.);
#98 = CARTESIAN_POINT('',(-1.3,0.7995,0.5100001));
#99 = CARTESIAN_POINT('',(-1.55,0.7995,0.5100001));
#100 = ORIENTED_EDGE('',*,*,#101,.T.);
#101 = EDGE_CURVE('',#95,#102,#104,.T.);
#102 = VERTEX_POINT('',#103);
#103 = CARTESIAN_POINT('',(-1.55,0.7995,4.00001E-02));
#104 = B_SPLINE_CURVE_WITH_KNOTS('',1,(#105,#106),.UNSPECIFIED.,.F.,.F.,
  (2,2),(0.,0.47),.PIECEWISE_BEZIER_KNOTS.);
#105 = CARTESIAN_POINT('',(-1.55,0.7995,0.5100001));
#106 = CARTESIAN_POINT('',(-1.55,0.7995,4.00001E-02));
#107 = ORIENTED_EDGE('',*,*,#108,.T.);
#108 = EDGE_CURVE('',#102,#109,#111,.T.);
#109 = VERTEX_POINT('',#110);
#110 = CARTESIAN_POINT('',(-1.1,0.7995,4.00001E-02));
#111 = B_SPLINE_CURVE_WITH_KNOTS('',1,(#112,#113),.UNSPECIFIED.,.F.,.F.,
  (2,2),(0.,0.45),.PIECEWISE_BEZIER_KNOTS.);
#112 = CARTESIAN_POINT('',(-1.55,0.7995,4.00001E-02));
#113 = CARTESIAN_POINT('',(-1.1,0.7995,4.00001E-02));
#114 = ORIENTED_EDGE('',*,*,#115,.T.);
#115 = EDGE_CURVE('',#109,#116,#118,.T.);
#116 = VERTEX_POINT('',#117);
#117 = CARTESIAN_POINT('',(-1.1,0.7995,1.E-07));
#118 = B_SPLINE_CURVE_WITH_KNOTS('',1,(#119,#120),.UNSPECIFIED.,.F.,.F.,
  (2,2),(-8.382662450697E-02,-4.382662450696E-02),
  .PIECEWISE_BEZIER_KNOTS.);
#119 = CARTESIAN_POINT('',(-1.1,0.7995,4.00001E-02));
#120 = CARTESIAN_POINT('',(-1.1,0.7995,1.E-07));
#121 = ORIENTED_EDGE('',*,*,#122,.T.);
#122 = EDGE_CURVE('',#116,#123,#125,.T.);
#123 = VERTEX_POINT('',#124);
#124 = CARTESIAN_POINT('',(-1.6,0.7995,1.E-07));
#125 = B_SPLINE_CURVE_WITH_KNOTS('',1,(#126,#127),.UNSPECIFIED.,.F.,.F.,
  (2,2),(-0.5,-0.),.PIECEWISE_BEZIER_KNOTS.);
#126 = CARTESIAN_POINT('',(-1.1,0.7995,1.E-07));
#127 = CARTESIAN_POINT('',(-1.6,0.7995,1.E-07));
#128 = ORIENTED_EDGE('',*,*,#129,.F.);
#129 = EDGE_CURVE('',#130,#123,#132,.T.);
#130 = VERTEX_POINT('',#131);
#131 = CARTESIAN_POINT('',(-1.6,0.7995,0.5500001));
#132 = B_SPLINE_CURVE_WITH_KNOTS('',1,(#133,#134),.UNSPECIFIED.,.F.,.F.,
  (2,2),(-0.,0.55),.PIECEWISE_BEZIER_KNOTS.);
#133 = CARTESIAN_POINT('',(-1.6,0.7995,0.5500001));
#134 = CARTESIAN_POINT('',(-1.6,0.7995,1.E-07));
#135 = ORIENTED_EDGE('',*,*,#136,.F.);
#136 = EDGE_CURVE('',#86,#130,#137,.T.);
#137 = B_SPLINE_CURVE_WITH_KNOTS('',1,(#138,#139),.UNSPECIFIED.,.F.,.F.,
  (2,2),(-0.3,-0.),.PIECEWISE_BEZIER_KNOTS.);
#138 = CARTESIAN_POINT('',(-1.3,0.7995,0.5500001));
#139 = CARTESIAN_POINT('',(-1.6,0.7995,0.5500001));
#140 = B_SPLINE_SURFACE_WITH_KNOTS('',1,1,(
    (#141,#142)
    ,(#143,#144
    )),.UNSPECIFIED.,.F.,.F.,.F.,(2,2),(2,2),(-1.110223024625E-16,0.55),
  (0.,0.5),.PIECEWISE_BEZIER_KNOTS.);
#141 = CARTESIAN_POINT('',(-1.6,0.7995,0.5500001));
#142 = CARTESIAN_POINT('',(-1.1,0.7995,0.5500001));
#143 = CARTESIAN_POINT('',(-1.6,0.7995,1.E-07));
#144 = CARTESIAN_POINT('',(-1.1,0.7995,1.E-07));
#145 = ADVANCED_FACE('',(#146),#216,.F.);
#146 = FACE_BOUND('',#147,.T.);
#147 = EDGE_LOOP('',(#148,#155,#162,#167,#168,#175,#182,#189,#196,#203,
    #210,#215));
#148 = ORIENTED_EDGE('',*,*,#149,.F.);
#149 = EDGE_CURVE('',#150,#24,#152,.T.);
#150 = VERTEX_POINT('',#151);
#151 = CARTESIAN_POINT('',(1.3,0.6995,0.5500001));
#152 = B_SPLINE_CURVE_WITH_KNOTS('',1,(#153,#154),.UNSPECIFIED.,.F.,.F.,
  (2,2),(0.,0.1),.PIECEWISE_BEZIER_KNOTS.);
#153 = CARTESIAN_POINT('',(1.3,0.6995,0.5500001));
#154 = CARTESIAN_POINT('',(1.3,0.7995,0.5500001));
#155 = ORIENTED_EDGE('',*,*,#156,.T.);
#156 = EDGE_CURVE('',#150,#157,#159,.T.);
#157 = VERTEX_POINT('',#158);
#158 = CARTESIAN_POINT('',(-1.3,0.6995,0.5500001));
#159 = B_SPLINE_CURVE_WITH_KNOTS('',1,(#160,#161),.UNSPECIFIED.,.F.,.F.,
  (2,2),(-2.6,0.),.PIECEWISE_BEZIER_KNOTS.);
#160 = CARTESIAN_POINT('',(1.3,0.6995,0.5500001));
#161 = CARTESIAN_POINT('',(-1.3,0.6995,0.5500001));
#162 = ORIENTED_EDGE('',*,*,#163,.T.);
#163 = EDGE_CURVE('',#157,#86,#164,.T.);
#164 = B_SPLINE_CURVE_WITH_KNOTS('',1,(#165,#166),.UNSPECIFIED.,.F.,.F.,
  (2,2),(0.,0.1),.PIECEWISE_BEZIER_KNOTS.);
#165 = CARTESIAN_POINT('',(-1.3,0.6995,0.5500001));
#166 = CARTESIAN_POINT('',(-1.3,0.7995,0.5500001));
#167 = ORIENTED_EDGE('',*,*,#136,.T.);
#168 = ORIENTED_EDGE('',*,*,#169,.T.);
#169 = EDGE_CURVE('',#130,#170,#172,.T.);
#170 = VERTEX_POINT('',#171);
#171 = CARTESIAN_POINT('',(-1.6,-0.8005,0.5500001));
#172 = B_SPLINE_CURVE_WITH_KNOTS('',1,(#173,#174),.UNSPECIFIED.,.F.,.F.,
  (2,2),(-1.6,-0.),.PIECEWISE_BEZIER_KNOTS.);
#173 = CARTESIAN_POINT('',(-1.6,0.7995,0.5500001));
#174 = CARTESIAN_POINT('',(-1.6,-0.8005,0.5500001));
#175 = ORIENTED_EDGE('',*,*,#176,.T.);
#176 = EDGE_CURVE('',#170,#177,#179,.T.);
#177 = VERTEX_POINT('',#178);
#178 = CARTESIAN_POINT('',(-1.3,-0.8005,0.5500001));
#179 = B_SPLINE_CURVE_WITH_KNOTS('',1,(#180,#181),.UNSPECIFIED.,.F.,.F.,
  (2,2),(0.,0.3),.PIECEWISE_BEZIER_KNOTS.);
#180 = CARTESIAN_POINT('',(-1.6,-0.8005,0.5500001));
#181 = CARTESIAN_POINT('',(-1.3,-0.8005,0.5500001));
#182 = ORIENTED_EDGE('',*,*,#183,.F.);
#183 = EDGE_CURVE('',#184,#177,#186,.T.);
#184 = VERTEX_POINT('',#185);
#185 = CARTESIAN_POINT('',(-1.3,-0.7005,0.5500001));
#186 = B_SPLINE_CURVE_WITH_KNOTS('',1,(#187,#188),.UNSPECIFIED.,.F.,.F.,
  (2,2),(-0.,0.1),.PIECEWISE_BEZIER_KNOTS.);
#187 = CARTESIAN_POINT('',(-1.3,-0.7005,0.5500001));
#188 = CARTESIAN_POINT('',(-1.3,-0.8005,0.5500001));
#189 = ORIENTED_EDGE('',*,*,#190,.F.);
#190 = EDGE_CURVE('',#191,#184,#193,.T.);
#191 = VERTEX_POINT('',#192);
#192 = CARTESIAN_POINT('',(1.3,-0.7005,0.5500001));
#193 = B_SPLINE_CURVE_WITH_KNOTS('',1,(#194,#195),.UNSPECIFIED.,.F.,.F.,
  (2,2),(-2.6,-0.),.PIECEWISE_BEZIER_KNOTS.);
#194 = CARTESIAN_POINT('',(1.3,-0.7005,0.5500001));
#195 = CARTESIAN_POINT('',(-1.3,-0.7005,0.5500001));
#196 = ORIENTED_EDGE('',*,*,#197,.T.);
#197 = EDGE_CURVE('',#191,#198,#200,.T.);
#198 = VERTEX_POINT('',#199);
#199 = CARTESIAN_POINT('',(1.3,-0.8005,0.5500001));
#200 = B_SPLINE_CURVE_WITH_KNOTS('',1,(#201,#202),.UNSPECIFIED.,.F.,.F.,
  (2,2),(0.,0.1),.PIECEWISE_BEZIER_KNOTS.);
#201 = CARTESIAN_POINT('',(1.3,-0.7005,0.5500001));
#202 = CARTESIAN_POINT('',(1.3,-0.8005,0.5500001));
#203 = ORIENTED_EDGE('',*,*,#204,.T.);
#204 = EDGE_CURVE('',#198,#205,#207,.T.);
#205 = VERTEX_POINT('',#206);
#206 = CARTESIAN_POINT('',(1.6,-0.8005,0.5500001));
#207 = B_SPLINE_CURVE_WITH_KNOTS('',1,(#208,#209),.UNSPECIFIED.,.F.,.F.,
  (2,2),(2.9,3.2),.PIECEWISE_BEZIER_KNOTS.);
#208 = CARTESIAN_POINT('',(1.3,-0.8005,0.5500001));
#209 = CARTESIAN_POINT('',(1.6,-0.8005,0.5500001));
#210 = ORIENTED_EDGE('',*,*,#211,.T.);
#211 = EDGE_CURVE('',#205,#31,#212,.T.);
#212 = B_SPLINE_CURVE_WITH_KNOTS('',1,(#213,#214),.UNSPECIFIED.,.F.,.F.,
  (2,2),(0.,1.6),.PIECEWISE_BEZIER_KNOTS.);
#213 = CARTESIAN_POINT('',(1.6,-0.8005,0.5500001));
#214 = CARTESIAN_POINT('',(1.6,0.7995,0.5500001));
#215 = ORIENTED_EDGE('',*,*,#30,.T.);
#216 = B_SPLINE_SURFACE_WITH_KNOTS('',1,1,(
    (#217,#218)
    ,(#219,#220
    )),.UNSPECIFIED.,.F.,.F.,.F.,(2,2),(2,2),(-1.6,1.6),(-0.8,0.8),
  .PIECEWISE_BEZIER_KNOTS.);
#217 = CARTESIAN_POINT('',(1.6,-0.8005,0.5500001));
#218 = CARTESIAN_POINT('',(1.6,0.7995,0.5500001));
#219 = CARTESIAN_POINT('',(-1.6,-0.8005,0.5500001));
#220 = CARTESIAN_POINT('',(-1.6,0.7995,0.5500001));
#221 = ADVANCED_FACE('',(#222),#272,.F.);
#222 = FACE_BOUND('',#223,.T.);
#223 = EDGE_LOOP('',(#224,#231,#232,#239,#246,#253,#260,#267));
#224 = ORIENTED_EDGE('',*,*,#225,.F.);
#225 = EDGE_CURVE('',#52,#226,#228,.T.);
#226 = VERTEX_POINT('',#227);
#227 = CARTESIAN_POINT('',(1.1,0.6995,4.00001E-02));
#228 = B_SPLINE_CURVE_WITH_KNOTS('',1,(#229,#230),.UNSPECIFIED.,.F.,.F.,
  (2,2),(-2.22044604925E-16,1.E-01),.PIECEWISE_BEZIER_KNOTS.);
#229 = CARTESIAN_POINT('',(1.1,0.7995,4.00001E-02));
#230 = CARTESIAN_POINT('',(1.1,0.6995,4.00001E-02));
#231 = ORIENTED_EDGE('',*,*,#51,.F.);
#232 = ORIENTED_EDGE('',*,*,#233,.T.);
#233 = EDGE_CURVE('',#45,#234,#236,.T.);
#234 = VERTEX_POINT('',#235);
#235 = CARTESIAN_POINT('',(1.1,-0.8005,1.E-07));
#236 = B_SPLINE_CURVE_WITH_KNOTS('',1,(#237,#238),.UNSPECIFIED.,.F.,.F.,
  (2,2),(-0.8,0.8),.PIECEWISE_BEZIER_KNOTS.);
#237 = CARTESIAN_POINT('',(1.1,0.7995,1.E-07));
#238 = CARTESIAN_POINT('',(1.1,-0.8005,1.E-07));
#239 = ORIENTED_EDGE('',*,*,#240,.T.);
#240 = EDGE_CURVE('',#234,#241,#243,.T.);
#241 = VERTEX_POINT('',#242);
#242 = CARTESIAN_POINT('',(1.1,-0.8005,4.00001E-02));
#243 = B_SPLINE_CURVE_WITH_KNOTS('',1,(#244,#245),.UNSPECIFIED.,.F.,.F.,
  (2,2),(4.382662450696E-02,8.382662450697E-02),
  .PIECEWISE_BEZIER_KNOTS.);
#244 = CARTESIAN_POINT('',(1.1,-0.8005,1.E-07));
#245 = CARTESIAN_POINT('',(1.1,-0.8005,4.00001E-02));
#246 = ORIENTED_EDGE('',*,*,#247,.F.);
#247 = EDGE_CURVE('',#248,#241,#250,.T.);
#248 = VERTEX_POINT('',#249);
#249 = CARTESIAN_POINT('',(1.1,-0.7005,4.00001E-02));
#250 = B_SPLINE_CURVE_WITH_KNOTS('',1,(#251,#252),.UNSPECIFIED.,.F.,.F.,
  (2,2),(0.,0.1),.PIECEWISE_BEZIER_KNOTS.);
#251 = CARTESIAN_POINT('',(1.1,-0.7005,4.00001E-02));
#252 = CARTESIAN_POINT('',(1.1,-0.8005,4.00001E-02));
#253 = ORIENTED_EDGE('',*,*,#254,.T.);
#254 = EDGE_CURVE('',#248,#255,#257,.T.);
#255 = VERTEX_POINT('',#256);
#256 = CARTESIAN_POINT('',(1.1,-0.7005,4.382672450697E-02));
#257 = B_SPLINE_CURVE_WITH_KNOTS('',1,(#258,#259),.UNSPECIFIED.,.F.,.F.,
  (2,2),(4.E-02,4.382662450697E-02),.PIECEWISE_BEZIER_KNOTS.);
#258 = CARTESIAN_POINT('',(1.1,-0.7005,4.00001E-02));
#259 = CARTESIAN_POINT('',(1.1,-0.7005,4.382672450697E-02));
#260 = ORIENTED_EDGE('',*,*,#261,.F.);
#261 = EDGE_CURVE('',#262,#255,#264,.T.);
#262 = VERTEX_POINT('',#263);
#263 = CARTESIAN_POINT('',(1.1,0.6995,4.382672450697E-02));
#264 = B_SPLINE_CURVE_WITH_KNOTS('',1,(#265,#266),.UNSPECIFIED.,.F.,.F.,
  (2,2),(1.E-01,1.5),.PIECEWISE_BEZIER_KNOTS.);
#265 = CARTESIAN_POINT('',(1.1,0.6995,4.382672450697E-02));
#266 = CARTESIAN_POINT('',(1.1,-0.7005,4.382672450697E-02));
#267 = ORIENTED_EDGE('',*,*,#268,.F.);
#268 = EDGE_CURVE('',#226,#262,#269,.T.);
#269 = B_SPLINE_CURVE_WITH_KNOTS('',1,(#270,#271),.UNSPECIFIED.,.F.,.F.,
  (2,2),(8.382662450697E-02,8.765324901393E-02),
  .PIECEWISE_BEZIER_KNOTS.);
#270 = CARTESIAN_POINT('',(1.1,0.6995,4.00001E-02));
#271 = CARTESIAN_POINT('',(1.1,0.6995,4.382672450697E-02));
#272 = B_SPLINE_SURFACE_WITH_KNOTS('',1,1,(
    (#273,#274)
    ,(#275,#276
    )),.UNSPECIFIED.,.F.,.F.,.F.,(2,2),(2,2),(-8.765324901393E-02,
    -4.382662450696E-02),(-1.6,2.22044604925E-16),
  .PIECEWISE_BEZIER_KNOTS.);
#273 = CARTESIAN_POINT('',(1.1,-0.8005,4.382672450697E-02));
#274 = CARTESIAN_POINT('',(1.1,0.7995,4.382672450697E-02));
#275 = CARTESIAN_POINT('',(1.1,-0.8005,1.E-07));
#276 = CARTESIAN_POINT('',(1.1,0.7995,1.E-07));
#277 = ADVANCED_FACE('',(#278),#328,.F.);
#278 = FACE_BOUND('',#279,.T.);
#279 = EDGE_LOOP('',(#280,#287,#294,#301,#308,#315,#322,#327));
#280 = ORIENTED_EDGE('',*,*,#281,.F.);
#281 = EDGE_CURVE('',#282,#109,#284,.T.);
#282 = VERTEX_POINT('',#283);
#283 = CARTESIAN_POINT('',(-1.1,0.6995,4.00001E-02));
#284 = B_SPLINE_CURVE_WITH_KNOTS('',1,(#285,#286),.UNSPECIFIED.,.F.,.F.,
  (2,2),(-1.E-01,2.22044604925E-16),.PIECEWISE_BEZIER_KNOTS.);
#285 = CARTESIAN_POINT('',(-1.1,0.6995,4.00001E-02));
#286 = CARTESIAN_POINT('',(-1.1,0.7995,4.00001E-02));
#287 = ORIENTED_EDGE('',*,*,#288,.F.);
#288 = EDGE_CURVE('',#289,#282,#291,.T.);
#289 = VERTEX_POINT('',#290);
#290 = CARTESIAN_POINT('',(-1.1,0.6995,4.382672450697E-02));
#291 = B_SPLINE_CURVE_WITH_KNOTS('',1,(#292,#293),.UNSPECIFIED.,.F.,.F.,
  (2,2),(-8.765324901393E-02,-8.382662450697E-02),
  .PIECEWISE_BEZIER_KNOTS.);
#292 = CARTESIAN_POINT('',(-1.1,0.6995,4.382672450697E-02));
#293 = CARTESIAN_POINT('',(-1.1,0.6995,4.00001E-02));
#294 = ORIENTED_EDGE('',*,*,#295,.T.);
#295 = EDGE_CURVE('',#289,#296,#298,.T.);
#296 = VERTEX_POINT('',#297);
#297 = CARTESIAN_POINT('',(-1.1,-0.7005,4.382672450697E-02));
#298 = B_SPLINE_CURVE_WITH_KNOTS('',1,(#299,#300),.UNSPECIFIED.,.F.,.F.,
  (2,2),(1.E-01,1.5),.PIECEWISE_BEZIER_KNOTS.);
#299 = CARTESIAN_POINT('',(-1.1,0.6995,4.382672450697E-02));
#300 = CARTESIAN_POINT('',(-1.1,-0.7005,4.382672450697E-02));
#301 = ORIENTED_EDGE('',*,*,#302,.T.);
#302 = EDGE_CURVE('',#296,#303,#305,.T.);
#303 = VERTEX_POINT('',#304);
#304 = CARTESIAN_POINT('',(-1.1,-0.7005,4.00001E-02));
#305 = B_SPLINE_CURVE_WITH_KNOTS('',1,(#306,#307),.UNSPECIFIED.,.F.,.F.,
  (2,2),(-4.382662450697E-02,-4.E-02),.PIECEWISE_BEZIER_KNOTS.);
#306 = CARTESIAN_POINT('',(-1.1,-0.7005,4.382672450697E-02));
#307 = CARTESIAN_POINT('',(-1.1,-0.7005,4.00001E-02));
#308 = ORIENTED_EDGE('',*,*,#309,.F.);
#309 = EDGE_CURVE('',#310,#303,#312,.T.);
#310 = VERTEX_POINT('',#311);
#311 = CARTESIAN_POINT('',(-1.1,-0.8005,4.00001E-02));
#312 = B_SPLINE_CURVE_WITH_KNOTS('',1,(#313,#314),.UNSPECIFIED.,.F.,.F.,
  (2,2),(-0.1,0.),.PIECEWISE_BEZIER_KNOTS.);
#313 = CARTESIAN_POINT('',(-1.1,-0.8005,4.00001E-02));
#314 = CARTESIAN_POINT('',(-1.1,-0.7005,4.00001E-02));
#315 = ORIENTED_EDGE('',*,*,#316,.T.);
#316 = EDGE_CURVE('',#310,#317,#319,.T.);
#317 = VERTEX_POINT('',#318);
#318 = CARTESIAN_POINT('',(-1.1,-0.8005,1.E-07));
#319 = B_SPLINE_CURVE_WITH_KNOTS('',1,(#320,#321),.UNSPECIFIED.,.F.,.F.,
  (2,2),(-8.382662450697E-02,-4.382662450696E-02),
  .PIECEWISE_BEZIER_KNOTS.);
#320 = CARTESIAN_POINT('',(-1.1,-0.8005,4.00001E-02));
#321 = CARTESIAN_POINT('',(-1.1,-0.8005,1.E-07));
#322 = ORIENTED_EDGE('',*,*,#323,.T.);
#323 = EDGE_CURVE('',#317,#116,#324,.T.);
#324 = B_SPLINE_CURVE_WITH_KNOTS('',1,(#325,#326),.UNSPECIFIED.,.F.,.F.,
  (2,2),(-0.8,0.8),.PIECEWISE_BEZIER_KNOTS.);
#325 = CARTESIAN_POINT('',(-1.1,-0.8005,1.E-07));
#326 = CARTESIAN_POINT('',(-1.1,0.7995,1.E-07));
#327 = ORIENTED_EDGE('',*,*,#115,.F.);
#328 = B_SPLINE_SURFACE_WITH_KNOTS('',1,1,(
    (#329,#330)
    ,(#331,#332
    )),.UNSPECIFIED.,.F.,.F.,.F.,(2,2),(2,2),(4.382662450696E-02,
    8.765324901393E-02),(-1.6,2.22044604925E-16),
  .PIECEWISE_BEZIER_KNOTS.);
#329 = CARTESIAN_POINT('',(-1.1,-0.8005,1.E-07));
#330 = CARTESIAN_POINT('',(-1.1,0.7995,1.E-07));
#331 = CARTESIAN_POINT('',(-1.1,-0.8005,4.382672450697E-02));
#332 = CARTESIAN_POINT('',(-1.1,0.7995,4.382672450697E-02));
#333 = ADVANCED_FACE('',(#334),#348,.F.);
#334 = FACE_BOUND('',#335,.T.);
#335 = EDGE_LOOP('',(#336,#341,#342,#347));
#336 = ORIENTED_EDGE('',*,*,#337,.F.);
#337 = EDGE_CURVE('',#262,#289,#338,.T.);
#338 = B_SPLINE_CURVE_WITH_KNOTS('',1,(#339,#340),.UNSPECIFIED.,.F.,.F.,
  (2,2),(-2.2,0.),.PIECEWISE_BEZIER_KNOTS.);
#339 = CARTESIAN_POINT('',(1.1,0.6995,4.382672450697E-02));
#340 = CARTESIAN_POINT('',(-1.1,0.6995,4.382672450697E-02));
#341 = ORIENTED_EDGE('',*,*,#261,.T.);
#342 = ORIENTED_EDGE('',*,*,#343,.T.);
#343 = EDGE_CURVE('',#255,#296,#344,.T.);
#344 = B_SPLINE_CURVE_WITH_KNOTS('',1,(#345,#346),.UNSPECIFIED.,.F.,.F.,
  (2,2),(-1.1,1.1),.PIECEWISE_BEZIER_KNOTS.);
#345 = CARTESIAN_POINT('',(1.1,-0.7005,4.382672450697E-02));
#346 = CARTESIAN_POINT('',(-1.1,-0.7005,4.382672450697E-02));
#347 = ORIENTED_EDGE('',*,*,#295,.F.);
#348 = B_SPLINE_SURFACE_WITH_KNOTS('',1,1,(
    (#349,#350)
    ,(#351,#352
    )),.UNSPECIFIED.,.F.,.F.,.F.,(2,2),(2,2),(0.,2.2),(-1.5,-1.E-01),
  .PIECEWISE_BEZIER_KNOTS.);
#349 = CARTESIAN_POINT('',(-1.1,-0.7005,4.382672450697E-02));
#350 = CARTESIAN_POINT('',(-1.1,0.6995,4.382672450697E-02));
#351 = CARTESIAN_POINT('',(1.1,-0.7005,4.382672450697E-02));
#352 = CARTESIAN_POINT('',(1.1,0.6995,4.382672450697E-02));
#353 = ADVANCED_FACE('',(#354),#396,.F.);
#354 = FACE_BOUND('',#355,.T.);
#355 = EDGE_LOOP('',(#356,#363,#364,#371,#376,#377,#384,#391));
#356 = ORIENTED_EDGE('',*,*,#357,.F.);
#357 = EDGE_CURVE('',#241,#358,#360,.T.);
#358 = VERTEX_POINT('',#359);
#359 = CARTESIAN_POINT('',(1.55,-0.8005,4.00001E-02));
#360 = B_SPLINE_CURVE_WITH_KNOTS('',1,(#361,#362),.UNSPECIFIED.,.F.,.F.,
  (2,2),(2.65,3.1),.PIECEWISE_BEZIER_KNOTS.);
#361 = CARTESIAN_POINT('',(1.1,-0.8005,4.00001E-02));
#362 = CARTESIAN_POINT('',(1.55,-0.8005,4.00001E-02));
#363 = ORIENTED_EDGE('',*,*,#240,.F.);
#364 = ORIENTED_EDGE('',*,*,#365,.T.);
#365 = EDGE_CURVE('',#234,#366,#368,.T.);
#366 = VERTEX_POINT('',#367);
#367 = CARTESIAN_POINT('',(1.6,-0.8005,1.E-07));
#368 = B_SPLINE_CURVE_WITH_KNOTS('',1,(#369,#370),.UNSPECIFIED.,.F.,.F.,
  (2,2),(2.7,3.2),.PIECEWISE_BEZIER_KNOTS.);
#369 = CARTESIAN_POINT('',(1.1,-0.8005,1.E-07));
#370 = CARTESIAN_POINT('',(1.6,-0.8005,1.E-07));
#371 = ORIENTED_EDGE('',*,*,#372,.F.);
#372 = EDGE_CURVE('',#205,#366,#373,.T.);
#373 = B_SPLINE_CURVE_WITH_KNOTS('',1,(#374,#375),.UNSPECIFIED.,.F.,.F.,
  (2,2),(-0.,0.55),.PIECEWISE_BEZIER_KNOTS.);
#374 = CARTESIAN_POINT('',(1.6,-0.8005,0.5500001));
#375 = CARTESIAN_POINT('',(1.6,-0.8005,1.E-07));
#376 = ORIENTED_EDGE('',*,*,#204,.F.);
#377 = ORIENTED_EDGE('',*,*,#378,.F.);
#378 = EDGE_CURVE('',#379,#198,#381,.T.);
#379 = VERTEX_POINT('',#380);
#380 = CARTESIAN_POINT('',(1.3,-0.8005,0.5100001));
#381 = B_SPLINE_CURVE_WITH_KNOTS('',1,(#382,#383),.UNSPECIFIED.,.F.,.F.,
  (2,2),(0.,4.E-02),.PIECEWISE_BEZIER_KNOTS.);
#382 = CARTESIAN_POINT('',(1.3,-0.8005,0.5100001));
#383 = CARTESIAN_POINT('',(1.3,-0.8005,0.5500001));
#384 = ORIENTED_EDGE('',*,*,#385,.F.);
#385 = EDGE_CURVE('',#386,#379,#388,.T.);
#386 = VERTEX_POINT('',#387);
#387 = CARTESIAN_POINT('',(1.55,-0.8005,0.5100001));
#388 = B_SPLINE_CURVE_WITH_KNOTS('',1,(#389,#390),.UNSPECIFIED.,.F.,.F.,
  (2,2),(-0.25,-0.),.PIECEWISE_BEZIER_KNOTS.);
#389 = CARTESIAN_POINT('',(1.55,-0.8005,0.5100001));
#390 = CARTESIAN_POINT('',(1.3,-0.8005,0.5100001));
#391 = ORIENTED_EDGE('',*,*,#392,.F.);
#392 = EDGE_CURVE('',#358,#386,#393,.T.);
#393 = B_SPLINE_CURVE_WITH_KNOTS('',1,(#394,#395),.UNSPECIFIED.,.F.,.F.,
  (2,2),(-0.47,0.),.PIECEWISE_BEZIER_KNOTS.);
#394 = CARTESIAN_POINT('',(1.55,-0.8005,4.00001E-02));
#395 = CARTESIAN_POINT('',(1.55,-0.8005,0.5100001));
#396 = B_SPLINE_SURFACE_WITH_KNOTS('',1,1,(
    (#397,#398)
    ,(#399,#400
    )),.UNSPECIFIED.,.F.,.F.,.F.,(2,2),(2,2),(-0.55,1.110223024625E-16),
  (2.7,3.2),.PIECEWISE_BEZIER_KNOTS.);
#397 = CARTESIAN_POINT('',(1.1,-0.8005,1.E-07));
#398 = CARTESIAN_POINT('',(1.6,-0.8005,1.E-07));
#399 = CARTESIAN_POINT('',(1.1,-0.8005,0.5500001));
#400 = CARTESIAN_POINT('',(1.6,-0.8005,0.5500001));
#401 = ADVANCED_FACE('',(#402),#412,.T.);
#402 = FACE_BOUND('',#403,.T.);
#403 = EDGE_LOOP('',(#404,#405,#406,#411));
#404 = ORIENTED_EDGE('',*,*,#233,.F.);
#405 = ORIENTED_EDGE('',*,*,#44,.F.);
#406 = ORIENTED_EDGE('',*,*,#407,.F.);
#407 = EDGE_CURVE('',#366,#38,#408,.T.);
#408 = B_SPLINE_CURVE_WITH_KNOTS('',1,(#409,#410),.UNSPECIFIED.,.F.,.F.,
  (2,2),(0.,1.6),.PIECEWISE_BEZIER_KNOTS.);
#409 = CARTESIAN_POINT('',(1.6,-0.8005,1.E-07));
#410 = CARTESIAN_POINT('',(1.6,0.7995,1.E-07));
#411 = ORIENTED_EDGE('',*,*,#365,.F.);
#412 = B_SPLINE_SURFACE_WITH_KNOTS('',1,1,(
    (#413,#414)
    ,(#415,#416
    )),.UNSPECIFIED.,.F.,.F.,.F.,(2,2),(2,2),(-1.6,-1.1),(-0.8,0.8),
  .PIECEWISE_BEZIER_KNOTS.);
#413 = CARTESIAN_POINT('',(1.6,-0.8005,1.E-07));
#414 = CARTESIAN_POINT('',(1.6,0.7995,1.E-07));
#415 = CARTESIAN_POINT('',(1.1,-0.8005,1.E-07));
#416 = CARTESIAN_POINT('',(1.1,0.7995,1.E-07));
#417 = ADVANCED_FACE('',(#418),#434,.F.);
#418 = FACE_BOUND('',#419,.T.);
#419 = EDGE_LOOP('',(#420,#427,#428,#429));
#420 = ORIENTED_EDGE('',*,*,#421,.F.);
#421 = EDGE_CURVE('',#248,#422,#424,.T.);
#422 = VERTEX_POINT('',#423);
#423 = CARTESIAN_POINT('',(1.55,-0.7005,4.00001E-02));
#424 = B_SPLINE_CURVE_WITH_KNOTS('',1,(#425,#426),.UNSPECIFIED.,.F.,.F.,
  (2,2),(2.65,3.1),.PIECEWISE_BEZIER_KNOTS.);
#425 = CARTESIAN_POINT('',(1.1,-0.7005,4.00001E-02));
#426 = CARTESIAN_POINT('',(1.55,-0.7005,4.00001E-02));
#427 = ORIENTED_EDGE('',*,*,#247,.T.);
#428 = ORIENTED_EDGE('',*,*,#357,.T.);
#429 = ORIENTED_EDGE('',*,*,#430,.F.);
#430 = EDGE_CURVE('',#422,#358,#431,.T.);
#431 = B_SPLINE_CURVE_WITH_KNOTS('',1,(#432,#433),.UNSPECIFIED.,.F.,.F.,
  (2,2),(-0.,0.1),.PIECEWISE_BEZIER_KNOTS.);
#432 = CARTESIAN_POINT('',(1.55,-0.7005,4.00001E-02));
#433 = CARTESIAN_POINT('',(1.55,-0.8005,4.00001E-02));
#434 = B_SPLINE_SURFACE_WITH_KNOTS('',1,1,(
    (#435,#436)
    ,(#437,#438
    )),.UNSPECIFIED.,.F.,.F.,.F.,(2,2),(2,2),(-3.1,-2.65),(-0.1,0.),
  .PIECEWISE_BEZIER_KNOTS.);
#435 = CARTESIAN_POINT('',(1.55,-0.8005,4.00001E-02));
#436 = CARTESIAN_POINT('',(1.55,-0.7005,4.00001E-02));
#437 = CARTESIAN_POINT('',(1.1,-0.8005,4.00001E-02));
#438 = CARTESIAN_POINT('',(1.1,-0.7005,4.00001E-02));
#439 = ADVANCED_FACE('',(#440),#446,.F.);
#440 = FACE_BOUND('',#441,.T.);
#441 = EDGE_LOOP('',(#442,#443,#444,#445));
#442 = ORIENTED_EDGE('',*,*,#407,.T.);
#443 = ORIENTED_EDGE('',*,*,#37,.F.);
#444 = ORIENTED_EDGE('',*,*,#211,.F.);
#445 = ORIENTED_EDGE('',*,*,#372,.T.);
#446 = B_SPLINE_SURFACE_WITH_KNOTS('',1,1,(
    (#447,#448)
    ,(#449,#450
    )),.UNSPECIFIED.,.F.,.F.,.F.,(2,2),(2,2),(-0.55,0.),(0.,1.6),
  .PIECEWISE_BEZIER_KNOTS.);
#447 = CARTESIAN_POINT('',(1.6,-0.8005,1.E-07));
#448 = CARTESIAN_POINT('',(1.6,0.7995,1.E-07));
#449 = CARTESIAN_POINT('',(1.6,-0.8005,0.5500001));
#450 = CARTESIAN_POINT('',(1.6,0.7995,0.5500001));
#451 = ADVANCED_FACE('',(#452),#468,.F.);
#452 = FACE_BOUND('',#453,.T.);
#453 = EDGE_LOOP('',(#454,#461,#466,#467));
#454 = ORIENTED_EDGE('',*,*,#455,.T.);
#455 = EDGE_CURVE('',#123,#456,#458,.T.);
#456 = VERTEX_POINT('',#457);
#457 = CARTESIAN_POINT('',(-1.6,-0.8005,1.E-07));
#458 = B_SPLINE_CURVE_WITH_KNOTS('',1,(#459,#460),.UNSPECIFIED.,.F.,.F.,
  (2,2),(-1.6,-0.),.PIECEWISE_BEZIER_KNOTS.);
#459 = CARTESIAN_POINT('',(-1.6,0.7995,1.E-07));
#460 = CARTESIAN_POINT('',(-1.6,-0.8005,1.E-07));
#461 = ORIENTED_EDGE('',*,*,#462,.F.);
#462 = EDGE_CURVE('',#170,#456,#463,.T.);
#463 = B_SPLINE_CURVE_WITH_KNOTS('',1,(#464,#465),.UNSPECIFIED.,.F.,.F.,
  (2,2),(-0.,0.55),.PIECEWISE_BEZIER_KNOTS.);
#464 = CARTESIAN_POINT('',(-1.6,-0.8005,0.5500001));
#465 = CARTESIAN_POINT('',(-1.6,-0.8005,1.E-07));
#466 = ORIENTED_EDGE('',*,*,#169,.F.);
#467 = ORIENTED_EDGE('',*,*,#129,.T.);
#468 = B_SPLINE_SURFACE_WITH_KNOTS('',1,1,(
    (#469,#470)
    ,(#471,#472
    )),.UNSPECIFIED.,.F.,.F.,.F.,(2,2),(2,2),(0.,0.55),(0.,1.6),
  .PIECEWISE_BEZIER_KNOTS.);
#469 = CARTESIAN_POINT('',(-1.6,-0.8005,0.5500001));
#470 = CARTESIAN_POINT('',(-1.6,0.7995,0.5500001));
#471 = CARTESIAN_POINT('',(-1.6,-0.8005,1.E-07));
#472 = CARTESIAN_POINT('',(-1.6,0.7995,1.E-07));
#473 = ADVANCED_FACE('',(#474),#510,.F.);
#474 = FACE_BOUND('',#475,.T.);
#475 = EDGE_LOOP('',(#476,#481,#482,#489,#496,#503,#508,#509));
#476 = ORIENTED_EDGE('',*,*,#477,.T.);
#477 = EDGE_CURVE('',#456,#317,#478,.T.);
#478 = B_SPLINE_CURVE_WITH_KNOTS('',1,(#479,#480),.UNSPECIFIED.,.F.,.F.,
  (2,2),(0.,0.5),.PIECEWISE_BEZIER_KNOTS.);
#479 = CARTESIAN_POINT('',(-1.6,-0.8005,1.E-07));
#480 = CARTESIAN_POINT('',(-1.1,-0.8005,1.E-07));
#481 = ORIENTED_EDGE('',*,*,#316,.F.);
#482 = ORIENTED_EDGE('',*,*,#483,.F.);
#483 = EDGE_CURVE('',#484,#310,#486,.T.);
#484 = VERTEX_POINT('',#485);
#485 = CARTESIAN_POINT('',(-1.55,-0.8005,4.00001E-02));
#486 = B_SPLINE_CURVE_WITH_KNOTS('',1,(#487,#488),.UNSPECIFIED.,.F.,.F.,
  (2,2),(0.,0.45),.PIECEWISE_BEZIER_KNOTS.);
#487 = CARTESIAN_POINT('',(-1.55,-0.8005,4.00001E-02));
#488 = CARTESIAN_POINT('',(-1.1,-0.8005,4.00001E-02));
#489 = ORIENTED_EDGE('',*,*,#490,.F.);
#490 = EDGE_CURVE('',#491,#484,#493,.T.);
#491 = VERTEX_POINT('',#492);
#492 = CARTESIAN_POINT('',(-1.55,-0.8005,0.5100001));
#493 = B_SPLINE_CURVE_WITH_KNOTS('',1,(#494,#495),.UNSPECIFIED.,.F.,.F.,
  (2,2),(0.,0.47),.PIECEWISE_BEZIER_KNOTS.);
#494 = CARTESIAN_POINT('',(-1.55,-0.8005,0.5100001));
#495 = CARTESIAN_POINT('',(-1.55,-0.8005,4.00001E-02));
#496 = ORIENTED_EDGE('',*,*,#497,.F.);
#497 = EDGE_CURVE('',#498,#491,#500,.T.);
#498 = VERTEX_POINT('',#499);
#499 = CARTESIAN_POINT('',(-1.3,-0.8005,0.5100001));
#500 = B_SPLINE_CURVE_WITH_KNOTS('',1,(#501,#502),.UNSPECIFIED.,.F.,.F.,
  (2,2),(-0.25,-0.),.PIECEWISE_BEZIER_KNOTS.);
#501 = CARTESIAN_POINT('',(-1.3,-0.8005,0.5100001));
#502 = CARTESIAN_POINT('',(-1.55,-0.8005,0.5100001));
#503 = ORIENTED_EDGE('',*,*,#504,.F.);
#504 = EDGE_CURVE('',#177,#498,#505,.T.);
#505 = B_SPLINE_CURVE_WITH_KNOTS('',1,(#506,#507),.UNSPECIFIED.,.F.,.F.,
  (2,2),(-4.E-02,-0.),.PIECEWISE_BEZIER_KNOTS.);
#506 = CARTESIAN_POINT('',(-1.3,-0.8005,0.5500001));
#507 = CARTESIAN_POINT('',(-1.3,-0.8005,0.5100001));
#508 = ORIENTED_EDGE('',*,*,#176,.F.);
#509 = ORIENTED_EDGE('',*,*,#462,.T.);
#510 = B_SPLINE_SURFACE_WITH_KNOTS('',1,1,(
    (#511,#512)
    ,(#513,#514
    )),.UNSPECIFIED.,.F.,.F.,.F.,(2,2),(2,2),(-0.55,1.110223024625E-16),
  (0.,0.5),.PIECEWISE_BEZIER_KNOTS.);
#511 = CARTESIAN_POINT('',(-1.6,-0.8005,1.E-07));
#512 = CARTESIAN_POINT('',(-1.1,-0.8005,1.E-07));
#513 = CARTESIAN_POINT('',(-1.6,-0.8005,0.5500001));
#514 = CARTESIAN_POINT('',(-1.1,-0.8005,0.5500001));
#515 = ADVANCED_FACE('',(#516),#522,.T.);
#516 = FACE_BOUND('',#517,.T.);
#517 = EDGE_LOOP('',(#518,#519,#520,#521));
#518 = ORIENTED_EDGE('',*,*,#323,.F.);
#519 = ORIENTED_EDGE('',*,*,#477,.F.);
#520 = ORIENTED_EDGE('',*,*,#455,.F.);
#521 = ORIENTED_EDGE('',*,*,#122,.F.);
#522 = B_SPLINE_SURFACE_WITH_KNOTS('',1,1,(
    (#523,#524)
    ,(#525,#526
    )),.UNSPECIFIED.,.F.,.F.,.F.,(2,2),(2,2),(1.1,1.6),(-0.8,0.8),
  .PIECEWISE_BEZIER_KNOTS.);
#523 = CARTESIAN_POINT('',(-1.1,-0.8005,1.E-07));
#524 = CARTESIAN_POINT('',(-1.1,0.7995,1.E-07));
#525 = CARTESIAN_POINT('',(-1.6,-0.8005,1.E-07));
#526 = CARTESIAN_POINT('',(-1.6,0.7995,1.E-07));
#527 = ADVANCED_FACE('',(#528),#544,.F.);
#528 = FACE_BOUND('',#529,.T.);
#529 = EDGE_LOOP('',(#530,#531,#538,#543));
#530 = ORIENTED_EDGE('',*,*,#392,.T.);
#531 = ORIENTED_EDGE('',*,*,#532,.F.);
#532 = EDGE_CURVE('',#533,#386,#535,.T.);
#533 = VERTEX_POINT('',#534);
#534 = CARTESIAN_POINT('',(1.55,-0.7005,0.5100001));
#535 = B_SPLINE_CURVE_WITH_KNOTS('',1,(#536,#537),.UNSPECIFIED.,.F.,.F.,
  (2,2),(-0.,0.1),.PIECEWISE_BEZIER_KNOTS.);
#536 = CARTESIAN_POINT('',(1.55,-0.7005,0.5100001));
#537 = CARTESIAN_POINT('',(1.55,-0.8005,0.5100001));
#538 = ORIENTED_EDGE('',*,*,#539,.F.);
#539 = EDGE_CURVE('',#422,#533,#540,.T.);
#540 = B_SPLINE_CURVE_WITH_KNOTS('',1,(#541,#542),.UNSPECIFIED.,.F.,.F.,
  (2,2),(-0.47,0.),.PIECEWISE_BEZIER_KNOTS.);
#541 = CARTESIAN_POINT('',(1.55,-0.7005,4.00001E-02));
#542 = CARTESIAN_POINT('',(1.55,-0.7005,0.5100001));
#543 = ORIENTED_EDGE('',*,*,#430,.T.);
#544 = B_SPLINE_SURFACE_WITH_KNOTS('',1,1,(
    (#545,#546)
    ,(#547,#548
    )),.UNSPECIFIED.,.F.,.F.,.F.,(2,2),(2,2),(0.,0.47),(-0.1,0.),
  .PIECEWISE_BEZIER_KNOTS.);
#545 = CARTESIAN_POINT('',(1.55,-0.8005,0.5100001));
#546 = CARTESIAN_POINT('',(1.55,-0.7005,0.5100001));
#547 = CARTESIAN_POINT('',(1.55,-0.8005,4.00001E-02));
#548 = CARTESIAN_POINT('',(1.55,-0.7005,4.00001E-02));
#549 = ADVANCED_FACE('',(#550),#566,.F.);
#550 = FACE_BOUND('',#551,.T.);
#551 = EDGE_LOOP('',(#552,#553,#554,#561));
#552 = ORIENTED_EDGE('',*,*,#483,.T.);
#553 = ORIENTED_EDGE('',*,*,#309,.T.);
#554 = ORIENTED_EDGE('',*,*,#555,.F.);
#555 = EDGE_CURVE('',#556,#303,#558,.T.);
#556 = VERTEX_POINT('',#557);
#557 = CARTESIAN_POINT('',(-1.55,-0.7005,4.00001E-02));
#558 = B_SPLINE_CURVE_WITH_KNOTS('',1,(#559,#560),.UNSPECIFIED.,.F.,.F.,
  (2,2),(0.,0.45),.PIECEWISE_BEZIER_KNOTS.);
#559 = CARTESIAN_POINT('',(-1.55,-0.7005,4.00001E-02));
#560 = CARTESIAN_POINT('',(-1.1,-0.7005,4.00001E-02));
#561 = ORIENTED_EDGE('',*,*,#562,.T.);
#562 = EDGE_CURVE('',#556,#484,#563,.T.);
#563 = B_SPLINE_CURVE_WITH_KNOTS('',1,(#564,#565),.UNSPECIFIED.,.F.,.F.,
  (2,2),(-0.,0.1),.PIECEWISE_BEZIER_KNOTS.);
#564 = CARTESIAN_POINT('',(-1.55,-0.7005,4.00001E-02));
#565 = CARTESIAN_POINT('',(-1.55,-0.8005,4.00001E-02));
#566 = B_SPLINE_SURFACE_WITH_KNOTS('',1,1,(
    (#567,#568)
    ,(#569,#570
    )),.UNSPECIFIED.,.F.,.F.,.F.,(2,2),(2,2),(-0.45,0.),(-0.1,0.),
  .PIECEWISE_BEZIER_KNOTS.);
#567 = CARTESIAN_POINT('',(-1.1,-0.8005,4.00001E-02));
#568 = CARTESIAN_POINT('',(-1.1,-0.7005,4.00001E-02));
#569 = CARTESIAN_POINT('',(-1.55,-0.8005,4.00001E-02));
#570 = CARTESIAN_POINT('',(-1.55,-0.7005,4.00001E-02));
#571 = ADVANCED_FACE('',(#572),#588,.F.);
#572 = FACE_BOUND('',#573,.T.);
#573 = EDGE_LOOP('',(#574,#575,#576,#583));
#574 = ORIENTED_EDGE('',*,*,#490,.T.);
#575 = ORIENTED_EDGE('',*,*,#562,.F.);
#576 = ORIENTED_EDGE('',*,*,#577,.F.);
#577 = EDGE_CURVE('',#578,#556,#580,.T.);
#578 = VERTEX_POINT('',#579);
#579 = CARTESIAN_POINT('',(-1.55,-0.7005,0.5100001));
#580 = B_SPLINE_CURVE_WITH_KNOTS('',1,(#581,#582),.UNSPECIFIED.,.F.,.F.,
  (2,2),(0.,0.47),.PIECEWISE_BEZIER_KNOTS.);
#581 = CARTESIAN_POINT('',(-1.55,-0.7005,0.5100001));
#582 = CARTESIAN_POINT('',(-1.55,-0.7005,4.00001E-02));
#583 = ORIENTED_EDGE('',*,*,#584,.T.);
#584 = EDGE_CURVE('',#578,#491,#585,.T.);
#585 = B_SPLINE_CURVE_WITH_KNOTS('',1,(#586,#587),.UNSPECIFIED.,.F.,.F.,
  (2,2),(-0.,0.1),.PIECEWISE_BEZIER_KNOTS.);
#586 = CARTESIAN_POINT('',(-1.55,-0.7005,0.5100001));
#587 = CARTESIAN_POINT('',(-1.55,-0.8005,0.5100001));
#588 = B_SPLINE_SURFACE_WITH_KNOTS('',1,1,(
    (#589,#590)
    ,(#591,#592
    )),.UNSPECIFIED.,.F.,.F.,.F.,(2,2),(2,2),(-0.47,0.),(-0.1,0.),
  .PIECEWISE_BEZIER_KNOTS.);
#589 = CARTESIAN_POINT('',(-1.55,-0.8005,4.00001E-02));
#590 = CARTESIAN_POINT('',(-1.55,-0.7005,4.00001E-02));
#591 = CARTESIAN_POINT('',(-1.55,-0.8005,0.5100001));
#592 = CARTESIAN_POINT('',(-1.55,-0.7005,0.5100001));
#593 = ADVANCED_FACE('',(#594),#610,.F.);
#594 = FACE_BOUND('',#595,.T.);
#595 = EDGE_LOOP('',(#596,#597,#598,#605));
#596 = ORIENTED_EDGE('',*,*,#497,.T.);
#597 = ORIENTED_EDGE('',*,*,#584,.F.);
#598 = ORIENTED_EDGE('',*,*,#599,.F.);
#599 = EDGE_CURVE('',#600,#578,#602,.T.);
#600 = VERTEX_POINT('',#601);
#601 = CARTESIAN_POINT('',(-1.3,-0.7005,0.5100001));
#602 = B_SPLINE_CURVE_WITH_KNOTS('',1,(#603,#604),.UNSPECIFIED.,.F.,.F.,
  (2,2),(-0.25,-0.),.PIECEWISE_BEZIER_KNOTS.);
#603 = CARTESIAN_POINT('',(-1.3,-0.7005,0.5100001));
#604 = CARTESIAN_POINT('',(-1.55,-0.7005,0.5100001));
#605 = ORIENTED_EDGE('',*,*,#606,.T.);
#606 = EDGE_CURVE('',#600,#498,#607,.T.);
#607 = B_SPLINE_CURVE_WITH_KNOTS('',1,(#608,#609),.UNSPECIFIED.,.F.,.F.,
  (2,2),(-0.,0.1),.PIECEWISE_BEZIER_KNOTS.);
#608 = CARTESIAN_POINT('',(-1.3,-0.7005,0.5100001));
#609 = CARTESIAN_POINT('',(-1.3,-0.8005,0.5100001));
#610 = B_SPLINE_SURFACE_WITH_KNOTS('',1,1,(
    (#611,#612)
    ,(#613,#614
    )),.UNSPECIFIED.,.F.,.F.,.F.,(2,2),(2,2),(0.,0.25),(-0.1,0.),
  .PIECEWISE_BEZIER_KNOTS.);
#611 = CARTESIAN_POINT('',(-1.55,-0.8005,0.5100001));
#612 = CARTESIAN_POINT('',(-1.55,-0.7005,0.5100001));
#613 = CARTESIAN_POINT('',(-1.3,-0.8005,0.5100001));
#614 = CARTESIAN_POINT('',(-1.3,-0.7005,0.5100001));
#615 = ADVANCED_FACE('',(#616),#626,.F.);
#616 = FACE_BOUND('',#617,.T.);
#617 = EDGE_LOOP('',(#618,#619,#620,#625));
#618 = ORIENTED_EDGE('',*,*,#504,.T.);
#619 = ORIENTED_EDGE('',*,*,#606,.F.);
#620 = ORIENTED_EDGE('',*,*,#621,.F.);
#621 = EDGE_CURVE('',#184,#600,#622,.T.);
#622 = B_SPLINE_CURVE_WITH_KNOTS('',1,(#623,#624),.UNSPECIFIED.,.F.,.F.,
  (2,2),(-4.E-02,-0.),.PIECEWISE_BEZIER_KNOTS.);
#623 = CARTESIAN_POINT('',(-1.3,-0.7005,0.5500001));
#624 = CARTESIAN_POINT('',(-1.3,-0.7005,0.5100001));
#625 = ORIENTED_EDGE('',*,*,#183,.T.);
#626 = B_SPLINE_SURFACE_WITH_KNOTS('',1,1,(
    (#627,#628)
    ,(#629,#630
    )),.UNSPECIFIED.,.F.,.F.,.F.,(2,2),(2,2),(0.,4.E-02),(-0.1,0.),
  .PIECEWISE_BEZIER_KNOTS.);
#627 = CARTESIAN_POINT('',(-1.3,-0.8005,0.5100001));
#628 = CARTESIAN_POINT('',(-1.3,-0.7005,0.5100001));
#629 = CARTESIAN_POINT('',(-1.3,-0.8005,0.5500001));
#630 = CARTESIAN_POINT('',(-1.3,-0.7005,0.5500001));
#631 = ADVANCED_FACE('',(#632),#648,.F.);
#632 = FACE_BOUND('',#633,.T.);
#633 = EDGE_LOOP('',(#634,#635,#636,#643));
#634 = ORIENTED_EDGE('',*,*,#378,.T.);
#635 = ORIENTED_EDGE('',*,*,#197,.F.);
#636 = ORIENTED_EDGE('',*,*,#637,.F.);
#637 = EDGE_CURVE('',#638,#191,#640,.T.);
#638 = VERTEX_POINT('',#639);
#639 = CARTESIAN_POINT('',(1.3,-0.7005,0.5100001));
#640 = B_SPLINE_CURVE_WITH_KNOTS('',1,(#641,#642),.UNSPECIFIED.,.F.,.F.,
  (2,2),(0.,4.E-02),.PIECEWISE_BEZIER_KNOTS.);
#641 = CARTESIAN_POINT('',(1.3,-0.7005,0.5100001));
#642 = CARTESIAN_POINT('',(1.3,-0.7005,0.5500001));
#643 = ORIENTED_EDGE('',*,*,#644,.T.);
#644 = EDGE_CURVE('',#638,#379,#645,.T.);
#645 = B_SPLINE_CURVE_WITH_KNOTS('',1,(#646,#647),.UNSPECIFIED.,.F.,.F.,
  (2,2),(-0.,0.1),.PIECEWISE_BEZIER_KNOTS.);
#646 = CARTESIAN_POINT('',(1.3,-0.7005,0.5100001));
#647 = CARTESIAN_POINT('',(1.3,-0.8005,0.5100001));
#648 = B_SPLINE_SURFACE_WITH_KNOTS('',1,1,(
    (#649,#650)
    ,(#651,#652
    )),.UNSPECIFIED.,.F.,.F.,.F.,(2,2),(2,2),(-4.E-02,0.),(-0.1,0.),
  .PIECEWISE_BEZIER_KNOTS.);
#649 = CARTESIAN_POINT('',(1.3,-0.8005,0.5500001));
#650 = CARTESIAN_POINT('',(1.3,-0.7005,0.5500001));
#651 = CARTESIAN_POINT('',(1.3,-0.8005,0.5100001));
#652 = CARTESIAN_POINT('',(1.3,-0.7005,0.5100001));
#653 = ADVANCED_FACE('',(#654),#664,.F.);
#654 = FACE_BOUND('',#655,.T.);
#655 = EDGE_LOOP('',(#656,#657,#658,#663));
#656 = ORIENTED_EDGE('',*,*,#385,.T.);
#657 = ORIENTED_EDGE('',*,*,#644,.F.);
#658 = ORIENTED_EDGE('',*,*,#659,.F.);
#659 = EDGE_CURVE('',#533,#638,#660,.T.);
#660 = B_SPLINE_CURVE_WITH_KNOTS('',1,(#661,#662),.UNSPECIFIED.,.F.,.F.,
  (2,2),(-0.25,-0.),.PIECEWISE_BEZIER_KNOTS.);
#661 = CARTESIAN_POINT('',(1.55,-0.7005,0.5100001));
#662 = CARTESIAN_POINT('',(1.3,-0.7005,0.5100001));
#663 = ORIENTED_EDGE('',*,*,#532,.T.);
#664 = B_SPLINE_SURFACE_WITH_KNOTS('',1,1,(
    (#665,#666)
    ,(#667,#668
    )),.UNSPECIFIED.,.F.,.F.,.F.,(2,2),(2,2),(0.,0.25),(-0.1,0.),
  .PIECEWISE_BEZIER_KNOTS.);
#665 = CARTESIAN_POINT('',(1.3,-0.8005,0.5100001));
#666 = CARTESIAN_POINT('',(1.3,-0.7005,0.5100001));
#667 = CARTESIAN_POINT('',(1.55,-0.8005,0.5100001));
#668 = CARTESIAN_POINT('',(1.55,-0.7005,0.5100001));
#669 = ADVANCED_FACE('',(#670),#684,.T.);
#670 = FACE_BOUND('',#671,.T.);
#671 = EDGE_LOOP('',(#672,#673,#674,#675,#676,#677,#678,#679,#680,#681,
    #682,#683));
#672 = ORIENTED_EDGE('',*,*,#254,.F.);
#673 = ORIENTED_EDGE('',*,*,#421,.T.);
#674 = ORIENTED_EDGE('',*,*,#539,.T.);
#675 = ORIENTED_EDGE('',*,*,#659,.T.);
#676 = ORIENTED_EDGE('',*,*,#637,.T.);
#677 = ORIENTED_EDGE('',*,*,#190,.T.);
#678 = ORIENTED_EDGE('',*,*,#621,.T.);
#679 = ORIENTED_EDGE('',*,*,#599,.T.);
#680 = ORIENTED_EDGE('',*,*,#577,.T.);
#681 = ORIENTED_EDGE('',*,*,#555,.T.);
#682 = ORIENTED_EDGE('',*,*,#302,.F.);
#683 = ORIENTED_EDGE('',*,*,#343,.F.);
#684 = B_SPLINE_SURFACE_WITH_KNOTS('',1,1,(
    (#685,#686)
    ,(#687,#688
  )),.UNSPECIFIED.,.F.,.F.,.F.,(2,2),(2,2),(-0.55,-4.E-02),(-1.55,1.55),
  .PIECEWISE_BEZIER_KNOTS.);
#685 = CARTESIAN_POINT('',(-1.55,-0.7005,0.5500001));
#686 = CARTESIAN_POINT('',(1.55,-0.7005,0.5500001));
#687 = CARTESIAN_POINT('',(-1.55,-0.7005,4.00001E-02));
#688 = CARTESIAN_POINT('',(1.55,-0.7005,4.00001E-02));
#689 = ADVANCED_FACE('',(#690),#706,.T.);
#690 = FACE_BOUND('',#691,.T.);
#691 = EDGE_LOOP('',(#692,#693,#700,#705));
#692 = ORIENTED_EDGE('',*,*,#225,.T.);
#693 = ORIENTED_EDGE('',*,*,#694,.T.);
#694 = EDGE_CURVE('',#226,#695,#697,.T.);
#695 = VERTEX_POINT('',#696);
#696 = CARTESIAN_POINT('',(1.55,0.6995,4.00001E-02));
#697 = B_SPLINE_CURVE_WITH_KNOTS('',1,(#698,#699),.UNSPECIFIED.,.F.,.F.,
  (2,2),(2.65,3.1),.PIECEWISE_BEZIER_KNOTS.);
#698 = CARTESIAN_POINT('',(1.1,0.6995,4.00001E-02));
#699 = CARTESIAN_POINT('',(1.55,0.6995,4.00001E-02));
#700 = ORIENTED_EDGE('',*,*,#701,.T.);
#701 = EDGE_CURVE('',#695,#59,#702,.T.);
#702 = B_SPLINE_CURVE_WITH_KNOTS('',1,(#703,#704),.UNSPECIFIED.,.F.,.F.,
  (2,2),(0.,0.1),.PIECEWISE_BEZIER_KNOTS.);
#703 = CARTESIAN_POINT('',(1.55,0.6995,4.00001E-02));
#704 = CARTESIAN_POINT('',(1.55,0.7995,4.00001E-02));
#705 = ORIENTED_EDGE('',*,*,#58,.F.);
#706 = B_SPLINE_SURFACE_WITH_KNOTS('',1,1,(
    (#707,#708)
    ,(#709,#710
    )),.UNSPECIFIED.,.F.,.F.,.F.,(2,2),(2,2),(2.65,3.1),(0.,0.1),
  .PIECEWISE_BEZIER_KNOTS.);
#707 = CARTESIAN_POINT('',(1.1,0.6995,4.00001E-02));
#708 = CARTESIAN_POINT('',(1.1,0.7995,4.00001E-02));
#709 = CARTESIAN_POINT('',(1.55,0.6995,4.00001E-02));
#710 = CARTESIAN_POINT('',(1.55,0.7995,4.00001E-02));
#711 = ADVANCED_FACE('',(#712),#728,.T.);
#712 = FACE_BOUND('',#713,.T.);
#713 = EDGE_LOOP('',(#714,#715,#716,#723));
#714 = ORIENTED_EDGE('',*,*,#281,.T.);
#715 = ORIENTED_EDGE('',*,*,#108,.F.);
#716 = ORIENTED_EDGE('',*,*,#717,.F.);
#717 = EDGE_CURVE('',#718,#102,#720,.T.);
#718 = VERTEX_POINT('',#719);
#719 = CARTESIAN_POINT('',(-1.55,0.6995,4.00001E-02));
#720 = B_SPLINE_CURVE_WITH_KNOTS('',1,(#721,#722),.UNSPECIFIED.,.F.,.F.,
  (2,2),(0.,0.1),.PIECEWISE_BEZIER_KNOTS.);
#721 = CARTESIAN_POINT('',(-1.55,0.6995,4.00001E-02));
#722 = CARTESIAN_POINT('',(-1.55,0.7995,4.00001E-02));
#723 = ORIENTED_EDGE('',*,*,#724,.T.);
#724 = EDGE_CURVE('',#718,#282,#725,.T.);
#725 = B_SPLINE_CURVE_WITH_KNOTS('',1,(#726,#727),.UNSPECIFIED.,.F.,.F.,
  (2,2),(0.,0.45),.PIECEWISE_BEZIER_KNOTS.);
#726 = CARTESIAN_POINT('',(-1.55,0.6995,4.00001E-02));
#727 = CARTESIAN_POINT('',(-1.1,0.6995,4.00001E-02));
#728 = B_SPLINE_SURFACE_WITH_KNOTS('',1,1,(
    (#729,#730)
    ,(#731,#732
    )),.UNSPECIFIED.,.F.,.F.,.F.,(2,2),(2,2),(0.,0.45),(0.,0.1),
  .PIECEWISE_BEZIER_KNOTS.);
#729 = CARTESIAN_POINT('',(-1.55,0.6995,4.00001E-02));
#730 = CARTESIAN_POINT('',(-1.55,0.7995,4.00001E-02));
#731 = CARTESIAN_POINT('',(-1.1,0.6995,4.00001E-02));
#732 = CARTESIAN_POINT('',(-1.1,0.7995,4.00001E-02));
#733 = ADVANCED_FACE('',(#734),#780,.T.);
#734 = FACE_BOUND('',#735,.T.);
#735 = EDGE_LOOP('',(#736,#737,#738,#739,#740,#747,#754,#759,#760,#767,
    #774,#779));
#736 = ORIENTED_EDGE('',*,*,#268,.T.);
#737 = ORIENTED_EDGE('',*,*,#337,.T.);
#738 = ORIENTED_EDGE('',*,*,#288,.T.);
#739 = ORIENTED_EDGE('',*,*,#724,.F.);
#740 = ORIENTED_EDGE('',*,*,#741,.F.);
#741 = EDGE_CURVE('',#742,#718,#744,.T.);
#742 = VERTEX_POINT('',#743);
#743 = CARTESIAN_POINT('',(-1.55,0.6995,0.5100001));
#744 = B_SPLINE_CURVE_WITH_KNOTS('',1,(#745,#746),.UNSPECIFIED.,.F.,.F.,
  (2,2),(0.,0.47),.PIECEWISE_BEZIER_KNOTS.);
#745 = CARTESIAN_POINT('',(-1.55,0.6995,0.5100001));
#746 = CARTESIAN_POINT('',(-1.55,0.6995,4.00001E-02));
#747 = ORIENTED_EDGE('',*,*,#748,.F.);
#748 = EDGE_CURVE('',#749,#742,#751,.T.);
#749 = VERTEX_POINT('',#750);
#750 = CARTESIAN_POINT('',(-1.3,0.6995,0.5100001));
#751 = B_SPLINE_CURVE_WITH_KNOTS('',1,(#752,#753),.UNSPECIFIED.,.F.,.F.,
  (2,2),(-0.25,0.),.PIECEWISE_BEZIER_KNOTS.);
#752 = CARTESIAN_POINT('',(-1.3,0.6995,0.5100001));
#753 = CARTESIAN_POINT('',(-1.55,0.6995,0.5100001));
#754 = ORIENTED_EDGE('',*,*,#755,.F.);
#755 = EDGE_CURVE('',#157,#749,#756,.T.);
#756 = B_SPLINE_CURVE_WITH_KNOTS('',1,(#757,#758),.UNSPECIFIED.,.F.,.F.,
  (2,2),(-4.E-02,0.),.PIECEWISE_BEZIER_KNOTS.);
#757 = CARTESIAN_POINT('',(-1.3,0.6995,0.5500001));
#758 = CARTESIAN_POINT('',(-1.3,0.6995,0.5100001));
#759 = ORIENTED_EDGE('',*,*,#156,.F.);
#760 = ORIENTED_EDGE('',*,*,#761,.F.);
#761 = EDGE_CURVE('',#762,#150,#764,.T.);
#762 = VERTEX_POINT('',#763);
#763 = CARTESIAN_POINT('',(1.3,0.6995,0.5100001));
#764 = B_SPLINE_CURVE_WITH_KNOTS('',1,(#765,#766),.UNSPECIFIED.,.F.,.F.,
  (2,2),(0.,4.E-02),.PIECEWISE_BEZIER_KNOTS.);
#765 = CARTESIAN_POINT('',(1.3,0.6995,0.5100001));
#766 = CARTESIAN_POINT('',(1.3,0.6995,0.5500001));
#767 = ORIENTED_EDGE('',*,*,#768,.F.);
#768 = EDGE_CURVE('',#769,#762,#771,.T.);
#769 = VERTEX_POINT('',#770);
#770 = CARTESIAN_POINT('',(1.55,0.6995,0.5100001));
#771 = B_SPLINE_CURVE_WITH_KNOTS('',1,(#772,#773),.UNSPECIFIED.,.F.,.F.,
  (2,2),(-0.25,0.),.PIECEWISE_BEZIER_KNOTS.);
#772 = CARTESIAN_POINT('',(1.55,0.6995,0.5100001));
#773 = CARTESIAN_POINT('',(1.3,0.6995,0.5100001));
#774 = ORIENTED_EDGE('',*,*,#775,.F.);
#775 = EDGE_CURVE('',#695,#769,#776,.T.);
#776 = B_SPLINE_CURVE_WITH_KNOTS('',1,(#777,#778),.UNSPECIFIED.,.F.,.F.,
  (2,2),(-0.47,0.),.PIECEWISE_BEZIER_KNOTS.);
#777 = CARTESIAN_POINT('',(1.55,0.6995,4.00001E-02));
#778 = CARTESIAN_POINT('',(1.55,0.6995,0.5100001));
#779 = ORIENTED_EDGE('',*,*,#694,.F.);
#780 = B_SPLINE_SURFACE_WITH_KNOTS('',1,1,(
    (#781,#782)
    ,(#783,#784
  )),.UNSPECIFIED.,.F.,.F.,.F.,(2,2),(2,2),(-0.55,-4.E-02),(-1.55,1.55),
  .PIECEWISE_BEZIER_KNOTS.);
#781 = CARTESIAN_POINT('',(1.55,0.6995,0.5500001));
#782 = CARTESIAN_POINT('',(-1.55,0.6995,0.5500001));
#783 = CARTESIAN_POINT('',(1.55,0.6995,4.00001E-02));
#784 = CARTESIAN_POINT('',(-1.55,0.6995,4.00001E-02));
#785 = ADVANCED_FACE('',(#786),#796,.T.);
#786 = FACE_BOUND('',#787,.T.);
#787 = EDGE_LOOP('',(#788,#789,#790,#791));
#788 = ORIENTED_EDGE('',*,*,#65,.F.);
#789 = ORIENTED_EDGE('',*,*,#701,.F.);
#790 = ORIENTED_EDGE('',*,*,#775,.T.);
#791 = ORIENTED_EDGE('',*,*,#792,.T.);
#792 = EDGE_CURVE('',#769,#66,#793,.T.);
#793 = B_SPLINE_CURVE_WITH_KNOTS('',1,(#794,#795),.UNSPECIFIED.,.F.,.F.,
  (2,2),(0.,0.1),.PIECEWISE_BEZIER_KNOTS.);
#794 = CARTESIAN_POINT('',(1.55,0.6995,0.5100001));
#795 = CARTESIAN_POINT('',(1.55,0.7995,0.5100001));
#796 = B_SPLINE_SURFACE_WITH_KNOTS('',1,1,(
    (#797,#798)
    ,(#799,#800
    )),.UNSPECIFIED.,.F.,.F.,.F.,(2,2),(2,2),(-0.47,0.),(0.,0.1),
  .PIECEWISE_BEZIER_KNOTS.);
#797 = CARTESIAN_POINT('',(1.55,0.6995,4.00001E-02));
#798 = CARTESIAN_POINT('',(1.55,0.7995,4.00001E-02));
#799 = CARTESIAN_POINT('',(1.55,0.6995,0.5100001));
#800 = CARTESIAN_POINT('',(1.55,0.7995,0.5100001));
#801 = ADVANCED_FACE('',(#802),#812,.T.);
#802 = FACE_BOUND('',#803,.T.);
#803 = EDGE_LOOP('',(#804,#805,#806,#807));
#804 = ORIENTED_EDGE('',*,*,#72,.F.);
#805 = ORIENTED_EDGE('',*,*,#792,.F.);
#806 = ORIENTED_EDGE('',*,*,#768,.T.);
#807 = ORIENTED_EDGE('',*,*,#808,.T.);
#808 = EDGE_CURVE('',#762,#22,#809,.T.);
#809 = B_SPLINE_CURVE_WITH_KNOTS('',1,(#810,#811),.UNSPECIFIED.,.F.,.F.,
  (2,2),(0.,0.1),.PIECEWISE_BEZIER_KNOTS.);
#810 = CARTESIAN_POINT('',(1.3,0.6995,0.5100001));
#811 = CARTESIAN_POINT('',(1.3,0.7995,0.5100001));
#812 = B_SPLINE_SURFACE_WITH_KNOTS('',1,1,(
    (#813,#814)
    ,(#815,#816
    )),.UNSPECIFIED.,.F.,.F.,.F.,(2,2),(2,2),(-0.25,0.),(0.,0.1),
  .PIECEWISE_BEZIER_KNOTS.);
#813 = CARTESIAN_POINT('',(1.55,0.6995,0.5100001));
#814 = CARTESIAN_POINT('',(1.55,0.7995,0.5100001));
#815 = CARTESIAN_POINT('',(1.3,0.6995,0.5100001));
#816 = CARTESIAN_POINT('',(1.3,0.7995,0.5100001));
#817 = ADVANCED_FACE('',(#818),#824,.T.);
#818 = FACE_BOUND('',#819,.T.);
#819 = EDGE_LOOP('',(#820,#821,#822,#823));
#820 = ORIENTED_EDGE('',*,*,#21,.F.);
#821 = ORIENTED_EDGE('',*,*,#808,.F.);
#822 = ORIENTED_EDGE('',*,*,#761,.T.);
#823 = ORIENTED_EDGE('',*,*,#149,.T.);
#824 = B_SPLINE_SURFACE_WITH_KNOTS('',1,1,(
    (#825,#826)
    ,(#827,#828
    )),.UNSPECIFIED.,.F.,.F.,.F.,(2,2),(2,2),(0.,4.E-02),(0.,0.1),
  .PIECEWISE_BEZIER_KNOTS.);
#825 = CARTESIAN_POINT('',(1.3,0.6995,0.5100001));
#826 = CARTESIAN_POINT('',(1.3,0.7995,0.5100001));
#827 = CARTESIAN_POINT('',(1.3,0.6995,0.5500001));
#828 = CARTESIAN_POINT('',(1.3,0.7995,0.5500001));
#829 = ADVANCED_FACE('',(#830),#840,.T.);
#830 = FACE_BOUND('',#831,.T.);
#831 = EDGE_LOOP('',(#832,#833,#834,#835));
#832 = ORIENTED_EDGE('',*,*,#85,.F.);
#833 = ORIENTED_EDGE('',*,*,#163,.F.);
#834 = ORIENTED_EDGE('',*,*,#755,.T.);
#835 = ORIENTED_EDGE('',*,*,#836,.T.);
#836 = EDGE_CURVE('',#749,#88,#837,.T.);
#837 = B_SPLINE_CURVE_WITH_KNOTS('',1,(#838,#839),.UNSPECIFIED.,.F.,.F.,
  (2,2),(0.,0.1),.PIECEWISE_BEZIER_KNOTS.);
#838 = CARTESIAN_POINT('',(-1.3,0.6995,0.5100001));
#839 = CARTESIAN_POINT('',(-1.3,0.7995,0.5100001));
#840 = B_SPLINE_SURFACE_WITH_KNOTS('',1,1,(
    (#841,#842)
    ,(#843,#844
    )),.UNSPECIFIED.,.F.,.F.,.F.,(2,2),(2,2),(-4.E-02,0.),(0.,0.1),
  .PIECEWISE_BEZIER_KNOTS.);
#841 = CARTESIAN_POINT('',(-1.3,0.6995,0.5500001));
#842 = CARTESIAN_POINT('',(-1.3,0.7995,0.5500001));
#843 = CARTESIAN_POINT('',(-1.3,0.6995,0.5100001));
#844 = CARTESIAN_POINT('',(-1.3,0.7995,0.5100001));
#845 = ADVANCED_FACE('',(#846),#856,.T.);
#846 = FACE_BOUND('',#847,.T.);
#847 = EDGE_LOOP('',(#848,#849,#850,#851));
#848 = ORIENTED_EDGE('',*,*,#94,.F.);
#849 = ORIENTED_EDGE('',*,*,#836,.F.);
#850 = ORIENTED_EDGE('',*,*,#748,.T.);
#851 = ORIENTED_EDGE('',*,*,#852,.T.);
#852 = EDGE_CURVE('',#742,#95,#853,.T.);
#853 = B_SPLINE_CURVE_WITH_KNOTS('',1,(#854,#855),.UNSPECIFIED.,.F.,.F.,
  (2,2),(0.,0.1),.PIECEWISE_BEZIER_KNOTS.);
#854 = CARTESIAN_POINT('',(-1.55,0.6995,0.5100001));
#855 = CARTESIAN_POINT('',(-1.55,0.7995,0.5100001));
#856 = B_SPLINE_SURFACE_WITH_KNOTS('',1,1,(
    (#857,#858)
    ,(#859,#860
    )),.UNSPECIFIED.,.F.,.F.,.F.,(2,2),(2,2),(-0.25,0.),(0.,0.1),
  .PIECEWISE_BEZIER_KNOTS.);
#857 = CARTESIAN_POINT('',(-1.3,0.6995,0.5100001));
#858 = CARTESIAN_POINT('',(-1.3,0.7995,0.5100001));
#859 = CARTESIAN_POINT('',(-1.55,0.6995,0.5100001));
#860 = CARTESIAN_POINT('',(-1.55,0.7995,0.5100001));
#861 = ADVANCED_FACE('',(#862),#868,.T.);
#862 = FACE_BOUND('',#863,.T.);
#863 = EDGE_LOOP('',(#864,#865,#866,#867));
#864 = ORIENTED_EDGE('',*,*,#101,.F.);
#865 = ORIENTED_EDGE('',*,*,#852,.F.);
#866 = ORIENTED_EDGE('',*,*,#741,.T.);
#867 = ORIENTED_EDGE('',*,*,#717,.T.);
#868 = B_SPLINE_SURFACE_WITH_KNOTS('',1,1,(
    (#869,#870)
    ,(#871,#872
    )),.UNSPECIFIED.,.F.,.F.,.F.,(2,2),(2,2),(0.,0.47),(0.,0.1),
  .PIECEWISE_BEZIER_KNOTS.);
#869 = CARTESIAN_POINT('',(-1.55,0.6995,0.5100001));
#870 = CARTESIAN_POINT('',(-1.55,0.7995,0.5100001));
#871 = CARTESIAN_POINT('',(-1.55,0.6995,4.00001E-02));
#872 = CARTESIAN_POINT('',(-1.55,0.7995,4.00001E-02));
#873 = MANIFOLD_SOLID_BREP('',#874);
#874 = CLOSED_SHELL('',(#875,#911,#939,#967,#987,#999,#1035,#1055,#1071,
    #1087));
#875 = ADVANCED_FACE('',(#876),#906,.T.);
#876 = FACE_BOUND('',#877,.T.);
#877 = EDGE_LOOP('',(#878,#887,#894,#901));
#878 = ORIENTED_EDGE('',*,*,#879,.T.);
#879 = EDGE_CURVE('',#880,#882,#884,.T.);
#880 = VERTEX_POINT('',#881);
#881 = CARTESIAN_POINT('',(1.1,0.7995,0.5250001));
#882 = VERTEX_POINT('',#883);
#883 = CARTESIAN_POINT('',(1.1,0.7995,0.5400001));
#884 = B_SPLINE_CURVE_WITH_KNOTS('',1,(#885,#886),.UNSPECIFIED.,.F.,.F.,
  (2,2),(0.,1.5E-02),.PIECEWISE_BEZIER_KNOTS.);
#885 = CARTESIAN_POINT('',(1.1,0.7995,0.5250001));
#886 = CARTESIAN_POINT('',(1.1,0.7995,0.5400001));
#887 = ORIENTED_EDGE('',*,*,#888,.T.);
#888 = EDGE_CURVE('',#882,#889,#891,.T.);
#889 = VERTEX_POINT('',#890);
#890 = CARTESIAN_POINT('',(1.1,-0.8005,0.5400001));
#891 = B_SPLINE_CURVE_WITH_KNOTS('',1,(#892,#893),.UNSPECIFIED.,.F.,.F.,
  (2,2),(-1.6,0.),.PIECEWISE_BEZIER_KNOTS.);
#892 = CARTESIAN_POINT('',(1.1,0.7995,0.5400001));
#893 = CARTESIAN_POINT('',(1.1,-0.8005,0.5400001));
#894 = ORIENTED_EDGE('',*,*,#895,.F.);
#895 = EDGE_CURVE('',#896,#889,#898,.T.);
#896 = VERTEX_POINT('',#897);
#897 = CARTESIAN_POINT('',(1.1,-0.8005,0.5250001));
#898 = B_SPLINE_CURVE_WITH_KNOTS('',1,(#899,#900),.UNSPECIFIED.,.F.,.F.,
  (2,2),(0.,1.5E-02),.PIECEWISE_BEZIER_KNOTS.);
#899 = CARTESIAN_POINT('',(1.1,-0.8005,0.5250001));
#900 = CARTESIAN_POINT('',(1.1,-0.8005,0.5400001));
#901 = ORIENTED_EDGE('',*,*,#902,.T.);
#902 = EDGE_CURVE('',#896,#880,#903,.T.);
#903 = B_SPLINE_CURVE_WITH_KNOTS('',1,(#904,#905),.UNSPECIFIED.,.F.,.F.,
  (2,2),(0.,1.6),.PIECEWISE_BEZIER_KNOTS.);
#904 = CARTESIAN_POINT('',(1.1,-0.8005,0.5250001));
#905 = CARTESIAN_POINT('',(1.1,0.7995,0.5250001));
#906 = B_SPLINE_SURFACE_WITH_KNOTS('',1,1,(
    (#907,#908)
    ,(#909,#910
    )),.UNSPECIFIED.,.F.,.F.,.F.,(2,2),(2,2),(-1.5E-02,0.),(0.,1.6),
  .PIECEWISE_BEZIER_KNOTS.);
#907 = CARTESIAN_POINT('',(1.1,-0.8005,0.5400001));
#908 = CARTESIAN_POINT('',(1.1,0.7995,0.5400001));
#909 = CARTESIAN_POINT('',(1.1,-0.8005,0.5250001));
#910 = CARTESIAN_POINT('',(1.1,0.7995,0.5250001));
#911 = ADVANCED_FACE('',(#912),#934,.T.);
#912 = FACE_BOUND('',#913,.T.);
#913 = EDGE_LOOP('',(#914,#915,#922,#929));
#914 = ORIENTED_EDGE('',*,*,#895,.T.);
#915 = ORIENTED_EDGE('',*,*,#916,.T.);
#916 = EDGE_CURVE('',#889,#917,#919,.T.);
#917 = VERTEX_POINT('',#918);
#918 = CARTESIAN_POINT('',(-1.1,-0.8005,0.5400001));
#919 = B_SPLINE_CURVE_WITH_KNOTS('',1,(#920,#921),.UNSPECIFIED.,.F.,.F.,
  (2,2),(-2.2,0.),.PIECEWISE_BEZIER_KNOTS.);
#920 = CARTESIAN_POINT('',(1.1,-0.8005,0.5400001));
#921 = CARTESIAN_POINT('',(-1.1,-0.8005,0.5400001));
#922 = ORIENTED_EDGE('',*,*,#923,.F.);
#923 = EDGE_CURVE('',#924,#917,#926,.T.);
#924 = VERTEX_POINT('',#925);
#925 = CARTESIAN_POINT('',(-1.1,-0.8005,0.5250001));
#926 = B_SPLINE_CURVE_WITH_KNOTS('',1,(#927,#928),.UNSPECIFIED.,.F.,.F.,
  (2,2),(0.,1.5E-02),.PIECEWISE_BEZIER_KNOTS.);
#927 = CARTESIAN_POINT('',(-1.1,-0.8005,0.5250001));
#928 = CARTESIAN_POINT('',(-1.1,-0.8005,0.5400001));
#929 = ORIENTED_EDGE('',*,*,#930,.T.);
#930 = EDGE_CURVE('',#924,#896,#931,.T.);
#931 = B_SPLINE_CURVE_WITH_KNOTS('',1,(#932,#933),.UNSPECIFIED.,.F.,.F.,
  (2,2),(0.,2.2),.PIECEWISE_BEZIER_KNOTS.);
#932 = CARTESIAN_POINT('',(-1.1,-0.8005,0.5250001));
#933 = CARTESIAN_POINT('',(1.1,-0.8005,0.5250001));
#934 = B_SPLINE_SURFACE_WITH_KNOTS('',1,1,(
    (#935,#936)
    ,(#937,#938
    )),.UNSPECIFIED.,.F.,.F.,.F.,(2,2),(2,2),(-1.5E-02,0.),(0.,2.2),
  .PIECEWISE_BEZIER_KNOTS.);
#935 = CARTESIAN_POINT('',(-1.1,-0.8005,0.5400001));
#936 = CARTESIAN_POINT('',(1.1,-0.8005,0.5400001));
#937 = CARTESIAN_POINT('',(-1.1,-0.8005,0.5250001));
#938 = CARTESIAN_POINT('',(1.1,-0.8005,0.5250001));
#939 = ADVANCED_FACE('',(#940),#962,.T.);
#940 = FACE_BOUND('',#941,.T.);
#941 = EDGE_LOOP('',(#942,#943,#950,#957));
#942 = ORIENTED_EDGE('',*,*,#923,.T.);
#943 = ORIENTED_EDGE('',*,*,#944,.T.);
#944 = EDGE_CURVE('',#917,#945,#947,.T.);
#945 = VERTEX_POINT('',#946);
#946 = CARTESIAN_POINT('',(-1.1,0.7995,0.5400001));
#947 = B_SPLINE_CURVE_WITH_KNOTS('',1,(#948,#949),.UNSPECIFIED.,.F.,.F.,
  (2,2),(-1.6,0.),.PIECEWISE_BEZIER_KNOTS.);
#948 = CARTESIAN_POINT('',(-1.1,-0.8005,0.5400001));
#949 = CARTESIAN_POINT('',(-1.1,0.7995,0.5400001));
#950 = ORIENTED_EDGE('',*,*,#951,.F.);
#951 = EDGE_CURVE('',#952,#945,#954,.T.);
#952 = VERTEX_POINT('',#953);
#953 = CARTESIAN_POINT('',(-1.1,0.7995,0.5250001));
#954 = B_SPLINE_CURVE_WITH_KNOTS('',1,(#955,#956),.UNSPECIFIED.,.F.,.F.,
  (2,2),(0.,1.5E-02),.PIECEWISE_BEZIER_KNOTS.);
#955 = CARTESIAN_POINT('',(-1.1,0.7995,0.5250001));
#956 = CARTESIAN_POINT('',(-1.1,0.7995,0.5400001));
#957 = ORIENTED_EDGE('',*,*,#958,.T.);
#958 = EDGE_CURVE('',#952,#924,#959,.T.);
#959 = B_SPLINE_CURVE_WITH_KNOTS('',1,(#960,#961),.UNSPECIFIED.,.F.,.F.,
  (2,2),(-1.6,-0.),.PIECEWISE_BEZIER_KNOTS.);
#960 = CARTESIAN_POINT('',(-1.1,0.7995,0.5250001));
#961 = CARTESIAN_POINT('',(-1.1,-0.8005,0.5250001));
#962 = B_SPLINE_SURFACE_WITH_KNOTS('',1,1,(
    (#963,#964)
    ,(#965,#966
    )),.UNSPECIFIED.,.F.,.F.,.F.,(2,2),(2,2),(0.,1.5E-02),(0.,1.6),
  .PIECEWISE_BEZIER_KNOTS.);
#963 = CARTESIAN_POINT('',(-1.1,-0.8005,0.5250001));
#964 = CARTESIAN_POINT('',(-1.1,0.7995,0.5250001));
#965 = CARTESIAN_POINT('',(-1.1,-0.8005,0.5400001));
#966 = CARTESIAN_POINT('',(-1.1,0.7995,0.5400001));
#967 = ADVANCED_FACE('',(#968),#982,.T.);
#968 = FACE_BOUND('',#969,.T.);
#969 = EDGE_LOOP('',(#970,#971,#976,#977));
#970 = ORIENTED_EDGE('',*,*,#951,.T.);
#971 = ORIENTED_EDGE('',*,*,#972,.T.);
#972 = EDGE_CURVE('',#945,#882,#973,.T.);
#973 = B_SPLINE_CURVE_WITH_KNOTS('',1,(#974,#975),.UNSPECIFIED.,.F.,.F.,
  (2,2),(-2.2,0.),.PIECEWISE_BEZIER_KNOTS.);
#974 = CARTESIAN_POINT('',(-1.1,0.7995,0.5400001));
#975 = CARTESIAN_POINT('',(1.1,0.7995,0.5400001));
#976 = ORIENTED_EDGE('',*,*,#879,.F.);
#977 = ORIENTED_EDGE('',*,*,#978,.T.);
#978 = EDGE_CURVE('',#880,#952,#979,.T.);
#979 = B_SPLINE_CURVE_WITH_KNOTS('',1,(#980,#981),.UNSPECIFIED.,.F.,.F.,
  (2,2),(-2.2,-0.),.PIECEWISE_BEZIER_KNOTS.);
#980 = CARTESIAN_POINT('',(1.1,0.7995,0.5250001));
#981 = CARTESIAN_POINT('',(-1.1,0.7995,0.5250001));
#982 = B_SPLINE_SURFACE_WITH_KNOTS('',1,1,(
    (#983,#984)
    ,(#985,#986
    )),.UNSPECIFIED.,.F.,.F.,.F.,(2,2),(2,2),(0.,1.5E-02),(0.,2.2),
  .PIECEWISE_BEZIER_KNOTS.);
#983 = CARTESIAN_POINT('',(-1.1,0.7995,0.5250001));
#984 = CARTESIAN_POINT('',(1.1,0.7995,0.5250001));
#985 = CARTESIAN_POINT('',(-1.1,0.7995,0.5400001));
#986 = CARTESIAN_POINT('',(1.1,0.7995,0.5400001));
#987 = ADVANCED_FACE('',(#988),#994,.T.);
#988 = FACE_BOUND('',#989,.T.);
#989 = EDGE_LOOP('',(#990,#991,#992,#993));
#990 = ORIENTED_EDGE('',*,*,#902,.F.);
#991 = ORIENTED_EDGE('',*,*,#930,.F.);
#992 = ORIENTED_EDGE('',*,*,#958,.F.);
#993 = ORIENTED_EDGE('',*,*,#978,.F.);
#994 = B_SPLINE_SURFACE_WITH_KNOTS('',1,1,(
    (#995,#996)
    ,(#997,#998
    )),.UNSPECIFIED.,.F.,.F.,.F.,(2,2),(2,2),(-1.1,1.1),(-0.8,0.8),
  .PIECEWISE_BEZIER_KNOTS.);
#995 = CARTESIAN_POINT('',(1.1,-0.8005,0.5250001));
#996 = CARTESIAN_POINT('',(1.1,0.7995,0.5250001));
#997 = CARTESIAN_POINT('',(-1.1,-0.8005,0.5250001));
#998 = CARTESIAN_POINT('',(-1.1,0.7995,0.5250001));
#999 = ADVANCED_FACE('',(#1000),#1030,.F.);
#1000 = FACE_BOUND('',#1001,.T.);
#1001 = EDGE_LOOP('',(#1002,#1011,#1018,#1025));
#1002 = ORIENTED_EDGE('',*,*,#1003,.T.);
#1003 = EDGE_CURVE('',#1004,#1006,#1008,.T.);
#1004 = VERTEX_POINT('',#1005);
#1005 = CARTESIAN_POINT('',(-1.09,0.7895,0.5600001));
#1006 = VERTEX_POINT('',#1007);
#1007 = CARTESIAN_POINT('',(-1.09,-0.7905,0.5600001));
#1008 = B_SPLINE_CURVE_WITH_KNOTS('',1,(#1009,#1010),.UNSPECIFIED.,.F.,
  .F.,(2,2),(-1.59,-1.E-02),.PIECEWISE_BEZIER_KNOTS.);
#1009 = CARTESIAN_POINT('',(-1.09,0.7895,0.5600001));
#1010 = CARTESIAN_POINT('',(-1.09,-0.7905,0.5600001));
#1011 = ORIENTED_EDGE('',*,*,#1012,.T.);
#1012 = EDGE_CURVE('',#1006,#1013,#1015,.T.);
#1013 = VERTEX_POINT('',#1014);
#1014 = CARTESIAN_POINT('',(1.09,-0.7905,0.5600001));
#1015 = B_SPLINE_CURVE_WITH_KNOTS('',1,(#1016,#1017),.UNSPECIFIED.,.F.,
  .F.,(2,2),(-2.19,-1.E-02),.PIECEWISE_BEZIER_KNOTS.);
#1016 = CARTESIAN_POINT('',(-1.09,-0.7905,0.5600001));
#1017 = CARTESIAN_POINT('',(1.09,-0.7905,0.5600001));
#1018 = ORIENTED_EDGE('',*,*,#1019,.T.);
#1019 = EDGE_CURVE('',#1013,#1020,#1022,.T.);
#1020 = VERTEX_POINT('',#1021);
#1021 = CARTESIAN_POINT('',(1.09,0.7895,0.5600001));
#1022 = B_SPLINE_CURVE_WITH_KNOTS('',1,(#1023,#1024),.UNSPECIFIED.,.F.,
  .F.,(2,2),(-1.59,-1.E-02),.PIECEWISE_BEZIER_KNOTS.);
#1023 = CARTESIAN_POINT('',(1.09,-0.7905,0.5600001));
#1024 = CARTESIAN_POINT('',(1.09,0.7895,0.5600001));
#1025 = ORIENTED_EDGE('',*,*,#1026,.T.);
#1026 = EDGE_CURVE('',#1020,#1004,#1027,.T.);
#1027 = B_SPLINE_CURVE_WITH_KNOTS('',1,(#1028,#1029),.UNSPECIFIED.,.F.,
  .F.,(2,2),(-2.19,-1.E-02),.PIECEWISE_BEZIER_KNOTS.);
#1028 = CARTESIAN_POINT('',(1.09,0.7895,0.5600001));
#1029 = CARTESIAN_POINT('',(-1.09,0.7895,0.5600001));
#1030 = B_SPLINE_SURFACE_WITH_KNOTS('',1,1,(
    (#1031,#1032)
    ,(#1033,#1034
    )),.UNSPECIFIED.,.F.,.F.,.F.,(2,2),(2,2),(-1.09,1.09),(-0.79,0.79),
  .PIECEWISE_BEZIER_KNOTS.);
#1031 = CARTESIAN_POINT('',(1.09,-0.7905,0.5600001));
#1032 = CARTESIAN_POINT('',(1.09,0.7895,0.5600001));
#1033 = CARTESIAN_POINT('',(-1.09,-0.7905,0.5600001));
#1034 = CARTESIAN_POINT('',(-1.09,0.7895,0.5600001));
#1035 = ADVANCED_FACE('',(#1036),#1050,.T.);
#1036 = FACE_BOUND('',#1037,.T.);
#1037 = EDGE_LOOP('',(#1038,#1043,#1044,#1049));
#1038 = ORIENTED_EDGE('',*,*,#1039,.F.);
#1039 = EDGE_CURVE('',#882,#1020,#1040,.T.);
#1040 = B_SPLINE_CURVE_WITH_KNOTS('',1,(#1041,#1042),.UNSPECIFIED.,.F.,
  .F.,(2,2),(-0.347011046894,-0.322516149466),.PIECEWISE_BEZIER_KNOTS.);
#1041 = CARTESIAN_POINT('',(1.1,0.7995,0.5400001));
#1042 = CARTESIAN_POINT('',(1.09,0.7895,0.5600001));
#1043 = ORIENTED_EDGE('',*,*,#972,.F.);
#1044 = ORIENTED_EDGE('',*,*,#1045,.F.);
#1045 = EDGE_CURVE('',#1004,#945,#1046,.T.);
#1046 = B_SPLINE_CURVE_WITH_KNOTS('',1,(#1047,#1048),.UNSPECIFIED.,.F.,
  .F.,(2,2),(0.444990636606,0.469485534033),.PIECEWISE_BEZIER_KNOTS.);
#1047 = CARTESIAN_POINT('',(-1.09,0.7895,0.5600001));
#1048 = CARTESIAN_POINT('',(-1.1,0.7995,0.5400001));
#1049 = ORIENTED_EDGE('',*,*,#1026,.F.);
#1050 = B_SPLINE_SURFACE_WITH_KNOTS('',1,1,(
    (#1051,#1052)
    ,(#1053,#1054
    )),.UNSPECIFIED.,.F.,.F.,.F.,(2,2),(2,2),(-1.1,1.1),(
    -2.189016717011E-18,2.2360679775E-02),.PIECEWISE_BEZIER_KNOTS.);
#1051 = CARTESIAN_POINT('',(-1.1,0.7895,0.5600001));
#1052 = CARTESIAN_POINT('',(-1.1,0.7995,0.5400001));
#1053 = CARTESIAN_POINT('',(1.1,0.7895,0.5600001));
#1054 = CARTESIAN_POINT('',(1.1,0.7995,0.5400001));
#1055 = ADVANCED_FACE('',(#1056),#1066,.T.);
#1056 = FACE_BOUND('',#1057,.T.);
#1057 = EDGE_LOOP('',(#1058,#1059,#1060,#1065));
#1058 = ORIENTED_EDGE('',*,*,#1045,.T.);
#1059 = ORIENTED_EDGE('',*,*,#944,.F.);
#1060 = ORIENTED_EDGE('',*,*,#1061,.F.);
#1061 = EDGE_CURVE('',#1006,#917,#1062,.T.);
#1062 = B_SPLINE_CURVE_WITH_KNOTS('',1,(#1063,#1064),.UNSPECIFIED.,.F.,
  .F.,(2,2),(0.322516149466,0.347011046894),.PIECEWISE_BEZIER_KNOTS.);
#1063 = CARTESIAN_POINT('',(-1.09,-0.7905,0.5600001));
#1064 = CARTESIAN_POINT('',(-1.1,-0.8005,0.5400001));
#1065 = ORIENTED_EDGE('',*,*,#1003,.F.);
#1066 = B_SPLINE_SURFACE_WITH_KNOTS('',1,1,(
    (#1067,#1068)
    ,(#1069,#1070
    )),.UNSPECIFIED.,.F.,.F.,.F.,(2,2),(2,2),(-0.8,0.8),(
    -1.132113191795E-16,2.2360679775E-02),.PIECEWISE_BEZIER_KNOTS.);
#1067 = CARTESIAN_POINT('',(-1.09,-0.8005,0.5600001));
#1068 = CARTESIAN_POINT('',(-1.1,-0.8005,0.5400001));
#1069 = CARTESIAN_POINT('',(-1.09,0.7995,0.5600001));
#1070 = CARTESIAN_POINT('',(-1.1,0.7995,0.5400001));
#1071 = ADVANCED_FACE('',(#1072),#1082,.T.);
#1072 = FACE_BOUND('',#1073,.T.);
#1073 = EDGE_LOOP('',(#1074,#1075,#1076,#1081));
#1074 = ORIENTED_EDGE('',*,*,#1039,.T.);
#1075 = ORIENTED_EDGE('',*,*,#1019,.F.);
#1076 = ORIENTED_EDGE('',*,*,#1077,.F.);
#1077 = EDGE_CURVE('',#889,#1013,#1078,.T.);
#1078 = B_SPLINE_CURVE_WITH_KNOTS('',1,(#1079,#1080),.UNSPECIFIED.,.F.,
  .F.,(2,2),(-0.347011046894,-0.322516149466),.PIECEWISE_BEZIER_KNOTS.);
#1079 = CARTESIAN_POINT('',(1.1,-0.8005,0.5400001));
#1080 = CARTESIAN_POINT('',(1.09,-0.7905,0.5600001));
#1081 = ORIENTED_EDGE('',*,*,#888,.F.);
#1082 = B_SPLINE_SURFACE_WITH_KNOTS('',1,1,(
    (#1083,#1084)
    ,(#1085,#1086
    )),.UNSPECIFIED.,.F.,.F.,.F.,(2,2),(2,2),(-0.8,0.8),(0.,
    2.2360679775E-02),.PIECEWISE_BEZIER_KNOTS.);
#1083 = CARTESIAN_POINT('',(1.09,0.7995,0.5600001));
#1084 = CARTESIAN_POINT('',(1.1,0.7995,0.5400001));
#1085 = CARTESIAN_POINT('',(1.09,-0.8005,0.5600001));
#1086 = CARTESIAN_POINT('',(1.1,-0.8005,0.5400001));
#1087 = ADVANCED_FACE('',(#1088),#1094,.T.);
#1088 = FACE_BOUND('',#1089,.T.);
#1089 = EDGE_LOOP('',(#1090,#1091,#1092,#1093));
#1090 = ORIENTED_EDGE('',*,*,#1061,.T.);
#1091 = ORIENTED_EDGE('',*,*,#916,.F.);
#1092 = ORIENTED_EDGE('',*,*,#1077,.T.);
#1093 = ORIENTED_EDGE('',*,*,#1012,.F.);
#1094 = B_SPLINE_SURFACE_WITH_KNOTS('',1,1,(
    (#1095,#1096)
    ,(#1097,#1098
    )),.UNSPECIFIED.,.F.,.F.,.F.,(2,2),(2,2),(-1.1,1.1),(0.,
    2.2360679775E-02),.PIECEWISE_BEZIER_KNOTS.);
#1095 = CARTESIAN_POINT('',(1.1,-0.7905,0.5600001));
#1096 = CARTESIAN_POINT('',(1.1,-0.8005,0.5400001));
#1097 = CARTESIAN_POINT('',(-1.1,-0.7905,0.5600001));
#1098 = CARTESIAN_POINT('',(-1.1,-0.8005,0.5400001));
#1099 = MANIFOLD_SOLID_BREP('',#1100);
#1100 = CLOSED_SHELL('',(#1101,#2506,#2534,#2556,#2578,#2594,#2606,#2634
    ,#2656,#2678,#2700,#2722,#2738,#2752,#2786,#2808,#2836,#2864,#2892,
    #2920,#2948,#2976,#2998,#3026,#3054,#3082,#3110,#3132,#3154,#3182,
    #3204,#3226,#3248,#3270,#3292,#3314,#3336,#3358,#3380,#3402,#3418,
    #3438,#3562,#3582,#3602,#3622,#3642,#3662,#3678,#3690,#3718,#3740,
    #3762,#3790,#3818,#3846,#3868,#3883,#3995,#4015,#4031,#4047,#4063,
    #4079,#4095,#4111,#4123,#4151,#4173,#4201,#4223,#4251,#4267,#4281,
    #4309,#4331,#4353,#4375,#4397,#4419,#4441,#4463,#4485,#4507,#4529,
    #4545,#4565,#4757,#4781,#4797,#4817,#4837,#4853,#4873,#4893,#4913,
    #4933,#4949,#4965,#4981,#4997,#5013,#5047,#5075,#5103,#5131,#5159,
    #5187,#5209,#5225,#5241,#5275,#5297,#5325,#5353,#5381,#5409,#5437,
    #5465,#5493,#5521,#5549,#5577,#5599,#5627,#5655,#5683,#5711,#5739,
    #5767,#5795,#5817,#5846,#5874,#5896,#5924,#5946,#5968,#5990,#6012,
    #6034,#6056,#6084,#6112,#6134,#6162,#6190,#6206,#6229,#6257,#6279,
    #6301,#6323,#6345,#6367,#6389,#6411,#6433,#6455,#6477,#6493,#6513,
    #6637,#6657,#6677,#6697,#6717,#6737,#6753,#6765,#6793,#6815,#6837,
    #6865,#6893,#6921,#6943,#6958,#7070,#7090,#7106,#7122,#7138,#7154,
    #7170,#7186,#7198,#7226,#7248,#7276,#7298,#7326,#7342,#7356,#7676,
    #7700,#7720,#7740,#7760,#7780,#7800,#7820,#7840,#7860,#7880,#7900,
    #7920,#7936,#7952,#7968,#7984,#8004,#8024,#8044,#8064,#8084,#8104,
    #8124,#8140,#8160,#8180,#8196,#8216,#8236,#8256,#8272,#8292,#8308,
    #8351,#8379));
#1101 = ADVANCED_FACE('',(#1102,#1160,#1246,#1363,#1550,#1666,#1725,
    #1755,#1799,#1923,#2009,#2067,#2153,#2212),#2501,.T.);
#1102 = FACE_BOUND('',#1103,.T.);
#1103 = EDGE_LOOP('',(#1104,#1113,#1120,#1127,#1134,#1141,#1148,#1155));
#1104 = ORIENTED_EDGE('',*,*,#1105,.F.);
#1105 = EDGE_CURVE('',#1106,#1108,#1110,.T.);
#1106 = VERTEX_POINT('',#1107);
#1107 = CARTESIAN_POINT('',(-0.330249459306,0.7995,0.260313360378));
#1108 = VERTEX_POINT('',#1109);
#1109 = CARTESIAN_POINT('',(-0.320423994111,0.7995,0.260383046083));
#1110 = B_SPLINE_CURVE_WITH_KNOTS('',1,(#1111,#1112),.UNSPECIFIED.,.F.,
  .F.,(2,2),(-9.825712309643E-03,0.),.PIECEWISE_BEZIER_KNOTS.);
#1111 = CARTESIAN_POINT('',(-0.330249459306,0.7995,0.260313360378));
#1112 = CARTESIAN_POINT('',(-0.320423994111,0.7995,0.260383046083));
#1113 = ORIENTED_EDGE('',*,*,#1114,.F.);
#1114 = EDGE_CURVE('',#1115,#1106,#1117,.T.);
#1115 = VERTEX_POINT('',#1116);
#1116 = CARTESIAN_POINT('',(-0.356855630896,0.7995,0.188941042708));
#1117 = B_SPLINE_CURVE_WITH_KNOTS('',1,(#1118,#1119),.UNSPECIFIED.,.F.,
  .F.,(2,2),(-7.617017852326E-02,0.),.PIECEWISE_BEZIER_KNOTS.);
#1118 = CARTESIAN_POINT('',(-0.356855630896,0.7995,0.188941042708));
#1119 = CARTESIAN_POINT('',(-0.330249459306,0.7995,0.260313360378));
#1120 = ORIENTED_EDGE('',*,*,#1121,.F.);
#1121 = EDGE_CURVE('',#1122,#1115,#1124,.T.);
#1122 = VERTEX_POINT('',#1123);
#1123 = CARTESIAN_POINT('',(-0.346702650196,0.7995,0.18901305127));
#1124 = B_SPLINE_CURVE_WITH_KNOTS('',1,(#1125,#1126),.UNSPECIFIED.,.F.,
  .F.,(2,2),(-1.015323605242E-02,-0.),.PIECEWISE_BEZIER_KNOTS.);
#1125 = CARTESIAN_POINT('',(-0.346702650196,0.7995,0.18901305127));
#1126 = CARTESIAN_POINT('',(-0.356855630896,0.7995,0.188941042708));
#1127 = ORIENTED_EDGE('',*,*,#1128,.F.);
#1128 = EDGE_CURVE('',#1129,#1122,#1131,.T.);
#1129 = VERTEX_POINT('',#1130);
#1130 = CARTESIAN_POINT('',(-0.33958080407,0.7995,0.208533518593));
#1131 = B_SPLINE_CURVE_WITH_KNOTS('',1,(#1132,#1133),.UNSPECIFIED.,.F.,
  .F.,(2,2),(-2.077906005421E-02,-7.04843862701E-18),
  .PIECEWISE_BEZIER_KNOTS.);
#1132 = CARTESIAN_POINT('',(-0.33958080407,0.7995,0.208533518593));
#1133 = CARTESIAN_POINT('',(-0.346702650196,0.7995,0.18901305127));
#1134 = ORIENTED_EDGE('',*,*,#1135,.F.);
#1135 = EDGE_CURVE('',#1136,#1129,#1138,.T.);
#1136 = VERTEX_POINT('',#1137);
#1137 = CARTESIAN_POINT('',(-0.309940650734,0.7995,0.208743737139));
#1138 = B_SPLINE_CURVE_WITH_KNOTS('',1,(#1139,#1140),.UNSPECIFIED.,.F.,
  .F.,(2,2),(-2.964089879959E-02,-0.),.PIECEWISE_BEZIER_KNOTS.);
#1139 = CARTESIAN_POINT('',(-0.309940650734,0.7995,0.208743737139));
#1140 = CARTESIAN_POINT('',(-0.33958080407,0.7995,0.208533518593));
#1141 = ORIENTED_EDGE('',*,*,#1142,.F.);
#1142 = EDGE_CURVE('',#1143,#1136,#1145,.T.);
#1143 = VERTEX_POINT('',#1144);
#1144 = CARTESIAN_POINT('',(-0.302961134774,0.7995,0.189323281708));
#1145 = B_SPLINE_CURVE_WITH_KNOTS('',1,(#1146,#1147),.UNSPECIFIED.,.F.,
  .F.,(2,2),(-2.063656299277E-02,0.),.PIECEWISE_BEZIER_KNOTS.);
#1146 = CARTESIAN_POINT('',(-0.302961134774,0.7995,0.189323281708));
#1147 = CARTESIAN_POINT('',(-0.309940650734,0.7995,0.208743737139));
#1148 = ORIENTED_EDGE('',*,*,#1149,.F.);
#1149 = EDGE_CURVE('',#1150,#1143,#1152,.T.);
#1150 = VERTEX_POINT('',#1151);
#1151 = CARTESIAN_POINT('',(-0.292808154073,0.7995,0.189395290271));
#1152 = B_SPLINE_CURVE_WITH_KNOTS('',1,(#1153,#1154),.UNSPECIFIED.,.F.,
  .F.,(2,2),(-1.015323605291E-02,-0.),.PIECEWISE_BEZIER_KNOTS.);
#1153 = CARTESIAN_POINT('',(-0.292808154073,0.7995,0.189395290271));
#1154 = CARTESIAN_POINT('',(-0.302961134774,0.7995,0.189323281708));
#1155 = ORIENTED_EDGE('',*,*,#1156,.F.);
#1156 = EDGE_CURVE('',#1108,#1150,#1157,.T.);
#1157 = B_SPLINE_CURVE_WITH_KNOTS('',1,(#1158,#1159),.UNSPECIFIED.,.F.,
  .F.,(2,2),(-7.617017852343E-02,0.),.PIECEWISE_BEZIER_KNOTS.);
#1158 = CARTESIAN_POINT('',(-0.320423994111,0.7995,0.260383046083));
#1159 = CARTESIAN_POINT('',(-0.292808154073,0.7995,0.189395290271));
#1160 = FACE_BOUND('',#1161,.T.);
#1161 = EDGE_LOOP('',(#1162,#1171,#1178,#1185,#1192,#1199,#1206,#1213,
    #1220,#1227,#1234,#1241));
#1162 = ORIENTED_EDGE('',*,*,#1163,.F.);
#1163 = EDGE_CURVE('',#1164,#1166,#1168,.T.);
#1164 = VERTEX_POINT('',#1165);
#1165 = CARTESIAN_POINT('',(-0.217518947509,0.7995,0.198044782834));
#1166 = VERTEX_POINT('',#1167);
#1167 = CARTESIAN_POINT('',(-0.18842465335,0.7995,0.198251129951));
#1168 = B_SPLINE_CURVE_WITH_KNOTS('',1,(#1169,#1170),.UNSPECIFIED.,.F.,
  .F.,(2,2),(-2.909502589318E-02,0.),.PIECEWISE_BEZIER_KNOTS.);
#1169 = CARTESIAN_POINT('',(-0.217518947509,0.7995,0.198044782834));
#1170 = CARTESIAN_POINT('',(-0.18842465335,0.7995,0.198251129951));
#1171 = ORIENTED_EDGE('',*,*,#1172,.F.);
#1172 = EDGE_CURVE('',#1173,#1164,#1175,.T.);
#1173 = VERTEX_POINT('',#1174);
#1174 = CARTESIAN_POINT('',(-0.217461392278,0.7995,0.189929676395));
#1175 = B_SPLINE_CURVE_WITH_KNOTS('',1,(#1176,#1177),.UNSPECIFIED.,.F.,
  .F.,(2,2),(-8.115310536826E-03,0.),.PIECEWISE_BEZIER_KNOTS.);
#1176 = CARTESIAN_POINT('',(-0.217461392278,0.7995,0.189929676395));
#1177 = CARTESIAN_POINT('',(-0.217518947509,0.7995,0.198044782834));
#1178 = ORIENTED_EDGE('',*,*,#1179,.F.);
#1179 = EDGE_CURVE('',#1180,#1173,#1182,.T.);
#1180 = VERTEX_POINT('',#1181);
#1181 = CARTESIAN_POINT('',(-0.179178468632,0.7995,0.190201192552));
#1182 = B_SPLINE_CURVE_WITH_KNOTS('',1,(#1183,#1184),.UNSPECIFIED.,.F.,
  .F.,(2,2),(-3.828388647883E-02,-0.),.PIECEWISE_BEZIER_KNOTS.);
#1183 = CARTESIAN_POINT('',(-0.179178468632,0.7995,0.190201192552));
#1184 = CARTESIAN_POINT('',(-0.217461392278,0.7995,0.189929676395));
#1185 = ORIENTED_EDGE('',*,*,#1186,.F.);
#1186 = EDGE_CURVE('',#1187,#1180,#1189,.T.);
#1187 = VERTEX_POINT('',#1188);
#1188 = CARTESIAN_POINT('',(-0.179683302855,0.7995,0.261381229294));
#1189 = B_SPLINE_CURVE_WITH_KNOTS('',1,(#1190,#1191),.UNSPECIFIED.,.F.,
  .F.,(2,2),(-7.118182695097E-02,-2.755803007114E-17),
  .PIECEWISE_BEZIER_KNOTS.);
#1190 = CARTESIAN_POINT('',(-0.179683302855,0.7995,0.261381229294));
#1191 = CARTESIAN_POINT('',(-0.179178468632,0.7995,0.190201192552));
#1192 = ORIENTED_EDGE('',*,*,#1193,.F.);
#1193 = EDGE_CURVE('',#1194,#1187,#1196,.T.);
#1194 = VERTEX_POINT('',#1195);
#1195 = CARTESIAN_POINT('',(-0.216346844275,0.7995,0.261121198373));
#1196 = B_SPLINE_CURVE_WITH_KNOTS('',1,(#1197,#1198),.UNSPECIFIED.,.F.,
  .F.,(2,2),(-3.666446352407E-02,0.),.PIECEWISE_BEZIER_KNOTS.);
#1197 = CARTESIAN_POINT('',(-0.216346844275,0.7995,0.261121198373));
#1198 = CARTESIAN_POINT('',(-0.179683302855,0.7995,0.261381229294));
#1199 = ORIENTED_EDGE('',*,*,#1200,.F.);
#1200 = EDGE_CURVE('',#1201,#1194,#1203,.T.);
#1201 = VERTEX_POINT('',#1202);
#1202 = CARTESIAN_POINT('',(-0.216288772853,0.7995,0.252933310711));
#1203 = B_SPLINE_CURVE_WITH_KNOTS('',1,(#1204,#1205),.UNSPECIFIED.,.F.,
  .F.,(2,2),(-8.188093590883E-03,0.),.PIECEWISE_BEZIER_KNOTS.);
#1204 = CARTESIAN_POINT('',(-0.216288772853,0.7995,0.252933310711));
#1205 = CARTESIAN_POINT('',(-0.216346844275,0.7995,0.261121198373));
#1206 = ORIENTED_EDGE('',*,*,#1207,.F.);
#1207 = EDGE_CURVE('',#1208,#1201,#1210,.T.);
#1208 = VERTEX_POINT('',#1209);
#1209 = CARTESIAN_POINT('',(-0.188813860921,0.7995,0.253128172592));
#1210 = B_SPLINE_CURVE_WITH_KNOTS('',1,(#1211,#1212),.UNSPECIFIED.,.F.,
  .F.,(2,2),(-2.747560293842E-02,-0.),.PIECEWISE_BEZIER_KNOTS.);
#1211 = CARTESIAN_POINT('',(-0.188813860921,0.7995,0.253128172592));
#1212 = CARTESIAN_POINT('',(-0.216288772853,0.7995,0.252933310711));
#1213 = ORIENTED_EDGE('',*,*,#1214,.F.);
#1214 = EDGE_CURVE('',#1215,#1208,#1217,.T.);
#1215 = VERTEX_POINT('',#1216);
#1216 = CARTESIAN_POINT('',(-0.188652293322,0.7995,0.230347649586));
#1217 = B_SPLINE_CURVE_WITH_KNOTS('',1,(#1218,#1219),.UNSPECIFIED.,.F.,
  .F.,(2,2),(-2.278109594674E-02,0.),.PIECEWISE_BEZIER_KNOTS.);
#1218 = CARTESIAN_POINT('',(-0.188652293322,0.7995,0.230347649586));
#1219 = CARTESIAN_POINT('',(-0.188813860921,0.7995,0.253128172592));
#1220 = ORIENTED_EDGE('',*,*,#1221,.F.);
#1221 = EDGE_CURVE('',#1222,#1215,#1224,.T.);
#1222 = VERTEX_POINT('',#1223);
#1223 = CARTESIAN_POINT('',(-0.214107526297,0.7995,0.230167111989));
#1224 = B_SPLINE_CURVE_WITH_KNOTS('',1,(#1225,#1226),.UNSPECIFIED.,.F.,
  .F.,(2,2),(-2.545587318585E-02,0.),.PIECEWISE_BEZIER_KNOTS.);
#1225 = CARTESIAN_POINT('',(-0.214107526297,0.7995,0.230167111989));
#1226 = CARTESIAN_POINT('',(-0.188652293322,0.7995,0.230347649586));
#1227 = ORIENTED_EDGE('',*,*,#1228,.F.);
#1228 = EDGE_CURVE('',#1229,#1222,#1231,.T.);
#1229 = VERTEX_POINT('',#1230);
#1230 = CARTESIAN_POINT('',(-0.214049712971,0.7995,0.222015614939));
#1231 = B_SPLINE_CURVE_WITH_KNOTS('',1,(#1232,#1233),.UNSPECIFIED.,.F.,
  .F.,(2,2),(-8.151702063854E-03,0.),.PIECEWISE_BEZIER_KNOTS.);
#1232 = CARTESIAN_POINT('',(-0.214049712971,0.7995,0.222015614939));
#1233 = CARTESIAN_POINT('',(-0.214107526297,0.7995,0.230167111989));
#1234 = ORIENTED_EDGE('',*,*,#1235,.F.);
#1235 = EDGE_CURVE('',#1236,#1229,#1238,.T.);
#1236 = VERTEX_POINT('',#1237);
#1237 = CARTESIAN_POINT('',(-0.188594479996,0.7995,0.222196152536));
#1238 = B_SPLINE_CURVE_WITH_KNOTS('',1,(#1239,#1240),.UNSPECIFIED.,.F.,
  .F.,(2,2),(-2.545587318585E-02,-0.),.PIECEWISE_BEZIER_KNOTS.);
#1239 = CARTESIAN_POINT('',(-0.188594479996,0.7995,0.222196152536));
#1240 = CARTESIAN_POINT('',(-0.214049712971,0.7995,0.222015614939));
#1241 = ORIENTED_EDGE('',*,*,#1242,.F.);
#1242 = EDGE_CURVE('',#1166,#1236,#1243,.T.);
#1243 = B_SPLINE_CURVE_WITH_KNOTS('',1,(#1244,#1245),.UNSPECIFIED.,.F.,
  .F.,(2,2),(-2.394562481266E-02,0.),.PIECEWISE_BEZIER_KNOTS.);
#1244 = CARTESIAN_POINT('',(-0.18842465335,0.7995,0.198251129951));
#1245 = CARTESIAN_POINT('',(-0.188594479996,0.7995,0.222196152536));
#1246 = FACE_BOUND('',#1247,.T.);
#1247 = EDGE_LOOP('',(#1248,#1257,#1264,#1271,#1280,#1289,#1296,#1305,
    #1314,#1321,#1328,#1335,#1342,#1349,#1356));
#1248 = ORIENTED_EDGE('',*,*,#1249,.F.);
#1249 = EDGE_CURVE('',#1250,#1252,#1254,.T.);
#1250 = VERTEX_POINT('',#1251);
#1251 = CARTESIAN_POINT('',(-0.160688690706,0.7995,0.241172570597));
#1252 = VERTEX_POINT('',#1253);
#1253 = CARTESIAN_POINT('',(-0.146534156136,0.7995,0.202988110272));
#1254 = B_SPLINE_CURVE_WITH_KNOTS('',1,(#1255,#1256),.UNSPECIFIED.,.F.,
  .F.,(2,2),(-4.07235049968E-02,-6.730687025945E-18),
  .PIECEWISE_BEZIER_KNOTS.);
#1255 = CARTESIAN_POINT('',(-0.160688690706,0.7995,0.241172570597));
#1256 = CARTESIAN_POINT('',(-0.146534156136,0.7995,0.202988110272));
#1257 = ORIENTED_EDGE('',*,*,#1258,.F.);
#1258 = EDGE_CURVE('',#1259,#1250,#1261,.T.);
#1259 = VERTEX_POINT('',#1260);
#1260 = CARTESIAN_POINT('',(-0.169931906111,0.7995,0.241107014414));
#1261 = B_SPLINE_CURVE_WITH_KNOTS('',1,(#1262,#1263),.UNSPECIFIED.,.F.,
  .F.,(2,2),(-9.243447875715E-03,0.),.PIECEWISE_BEZIER_KNOTS.);
#1262 = CARTESIAN_POINT('',(-0.169931906111,0.7995,0.241107014414));
#1263 = CARTESIAN_POINT('',(-0.160688690706,0.7995,0.241172570597));
#1264 = ORIENTED_EDGE('',*,*,#1265,.F.);
#1265 = EDGE_CURVE('',#1266,#1259,#1268,.T.);
#1266 = VERTEX_POINT('',#1267);
#1267 = CARTESIAN_POINT('',(-0.146445241119,0.7995,0.182754542951));
#1268 = B_SPLINE_CURVE_WITH_KNOTS('',1,(#1269,#1270),.UNSPECIFIED.,.F.,
  .F.,(2,2),(-6.290178342723E-02,0.),.PIECEWISE_BEZIER_KNOTS.);
#1269 = CARTESIAN_POINT('',(-0.146445241119,0.7995,0.182754542951));
#1270 = CARTESIAN_POINT('',(-0.169931906111,0.7995,0.241107014414));
#1271 = ORIENTED_EDGE('',*,*,#1272,.F.);
#1272 = EDGE_CURVE('',#1273,#1266,#1275,.T.);
#1273 = VERTEX_POINT('',#1274);
#1274 = CARTESIAN_POINT('',(-0.128189152564,0.7995,0.166616599923));
#1275 = B_SPLINE_CURVE_WITH_KNOTS('',3,(#1276,#1277,#1278,#1279),
  .UNSPECIFIED.,.F.,.F.,(4,4),(1.,2.),.PIECEWISE_BEZIER_KNOTS.);
#1276 = CARTESIAN_POINT('',(-0.128189152564,0.7995,0.166616599923));
#1277 = CARTESIAN_POINT('',(-0.135994938802,0.7995,0.166561238501));
#1278 = CARTESIAN_POINT('',(-0.142074236551,0.7995,0.17194059586));
#1279 = CARTESIAN_POINT('',(-0.146445241119,0.7995,0.182754542951));
#1280 = ORIENTED_EDGE('',*,*,#1281,.F.);
#1281 = EDGE_CURVE('',#1282,#1273,#1284,.T.);
#1282 = VERTEX_POINT('',#1283);
#1283 = CARTESIAN_POINT('',(-0.122444597799,0.7995,0.167385191202));
#1284 = B_SPLINE_CURVE_WITH_KNOTS('',3,(#1285,#1286,#1287,#1288),
  .UNSPECIFIED.,.F.,.F.,(4,4),(2.,3.),.PIECEWISE_BEZIER_KNOTS.);
#1285 = CARTESIAN_POINT('',(-0.122444597799,0.7995,0.167385191202));
#1286 = CARTESIAN_POINT('',(-0.124024234176,0.7995,0.166900886107));
#1287 = CARTESIAN_POINT('',(-0.125951129936,0.7995,0.166632472778));
#1288 = CARTESIAN_POINT('',(-0.128189152564,0.7995,0.166616599923));
#1289 = ORIENTED_EDGE('',*,*,#1290,.F.);
#1290 = EDGE_CURVE('',#1291,#1282,#1293,.T.);
#1291 = VERTEX_POINT('',#1292);
#1292 = CARTESIAN_POINT('',(-0.122500862554,0.7995,0.175318344581));
#1293 = B_SPLINE_CURVE_WITH_KNOTS('',1,(#1294,#1295),.UNSPECIFIED.,.F.,
  .F.,(2,2),(-7.933352901676E-03,-2.755803007114E-17),
  .PIECEWISE_BEZIER_KNOTS.);
#1294 = CARTESIAN_POINT('',(-0.122500862554,0.7995,0.175318344581));
#1295 = CARTESIAN_POINT('',(-0.122444597799,0.7995,0.167385191202));
#1296 = ORIENTED_EDGE('',*,*,#1297,.F.);
#1297 = EDGE_CURVE('',#1298,#1291,#1300,.T.);
#1298 = VERTEX_POINT('',#1299);
#1299 = CARTESIAN_POINT('',(-0.127551930932,0.7995,0.174263532216));
#1300 = B_SPLINE_CURVE_WITH_KNOTS('',3,(#1301,#1302,#1303,#1304),
  .UNSPECIFIED.,.F.,.F.,(4,4),(4.,5.),.PIECEWISE_BEZIER_KNOTS.);
#1301 = CARTESIAN_POINT('',(-0.127551930932,0.7995,0.174263532216));
#1302 = CARTESIAN_POINT('',(-0.1259143534,0.7995,0.1742751465));
#1303 = CARTESIAN_POINT('',(-0.124242708113,0.7995,0.174614534387));
#1304 = CARTESIAN_POINT('',(-0.122500862554,0.7995,0.175318344581));
#1305 = ORIENTED_EDGE('',*,*,#1306,.F.);
#1306 = EDGE_CURVE('',#1307,#1298,#1309,.T.);
#1307 = VERTEX_POINT('',#1308);
#1308 = CARTESIAN_POINT('',(-0.136736819258,0.7995,0.18136770085));
#1309 = B_SPLINE_CURVE_WITH_KNOTS('',3,(#1310,#1311,#1312,#1313),
  .UNSPECIFIED.,.F.,.F.,(4,4),(5.,6.),.PIECEWISE_BEZIER_KNOTS.);
#1310 = CARTESIAN_POINT('',(-0.136736819258,0.7995,0.18136770085));
#1311 = CARTESIAN_POINT('',(-0.134683071734,0.7995,0.176578464373));
#1312 = CARTESIAN_POINT('',(-0.131627679458,0.7995,0.174234625553));
#1313 = CARTESIAN_POINT('',(-0.127551930932,0.7995,0.174263532216));
#1314 = ORIENTED_EDGE('',*,*,#1315,.F.);
#1315 = EDGE_CURVE('',#1316,#1307,#1318,.T.);
#1316 = VERTEX_POINT('',#1317);
#1317 = CARTESIAN_POINT('',(-0.140714366212,0.7995,0.190583171021));
#1318 = B_SPLINE_CURVE_WITH_KNOTS('',1,(#1319,#1320),.UNSPECIFIED.,.F.,
  .F.,(2,2),(-1.003721924828E-02,-1.448424810688E-17),
  .PIECEWISE_BEZIER_KNOTS.);
#1319 = CARTESIAN_POINT('',(-0.140714366212,0.7995,0.190583171021));
#1320 = CARTESIAN_POINT('',(-0.136736819258,0.7995,0.18136770085));
#1321 = ORIENTED_EDGE('',*,*,#1322,.F.);
#1322 = EDGE_CURVE('',#1323,#1316,#1325,.T.);
#1323 = VERTEX_POINT('',#1324);
#1324 = CARTESIAN_POINT('',(-0.121132095646,0.7995,0.241453120086));
#1325 = B_SPLINE_CURVE_WITH_KNOTS('',1,(#1326,#1327),.UNSPECIFIED.,.F.,
  .F.,(2,2),(-5.450887119013E-02,-0.),.PIECEWISE_BEZIER_KNOTS.);
#1326 = CARTESIAN_POINT('',(-0.121132095646,0.7995,0.241453120086));
#1327 = CARTESIAN_POINT('',(-0.140714366212,0.7995,0.190583171021));
#1328 = ORIENTED_EDGE('',*,*,#1329,.F.);
#1329 = EDGE_CURVE('',#1330,#1323,#1332,.T.);
#1330 = VERTEX_POINT('',#1331);
#1331 = CARTESIAN_POINT('',(-0.131103123288,0.7995,0.241382401999));
#1332 = B_SPLINE_CURVE_WITH_KNOTS('',1,(#1333,#1334),.UNSPECIFIED.,.F.,
  .F.,(2,2),(-9.971278417519E-03,0.),.PIECEWISE_BEZIER_KNOTS.);
#1333 = CARTESIAN_POINT('',(-0.131103123288,0.7995,0.241382401999));
#1334 = CARTESIAN_POINT('',(-0.121132095646,0.7995,0.241453120086));
#1335 = ORIENTED_EDGE('',*,*,#1336,.F.);
#1336 = EDGE_CURVE('',#1337,#1330,#1339,.T.);
#1337 = VERTEX_POINT('',#1338);
#1338 = CARTESIAN_POINT('',(-0.144114696639,0.7995,0.203078054827));
#1339 = B_SPLINE_CURVE_WITH_KNOTS('',1,(#1340,#1341),.UNSPECIFIED.,.F.,
  .F.,(2,2),(-4.045397450717E-02,0.),.PIECEWISE_BEZIER_KNOTS.);
#1340 = CARTESIAN_POINT('',(-0.144114696639,0.7995,0.203078054827));
#1341 = CARTESIAN_POINT('',(-0.131103123288,0.7995,0.241382401999));
#1342 = ORIENTED_EDGE('',*,*,#1343,.F.);
#1343 = EDGE_CURVE('',#1344,#1337,#1346,.T.);
#1344 = VERTEX_POINT('',#1345);
#1345 = CARTESIAN_POINT('',(-0.145176734046,0.7995,0.19888539161));
#1346 = B_SPLINE_CURVE_WITH_KNOTS('',1,(#1347,#1348),.UNSPECIFIED.,.F.,
  .F.,(2,2),(-4.325083617966E-03,0.),.PIECEWISE_BEZIER_KNOTS.);
#1347 = CARTESIAN_POINT('',(-0.145176734046,0.7995,0.19888539161));
#1348 = CARTESIAN_POINT('',(-0.144114696639,0.7995,0.203078054827));
#1349 = ORIENTED_EDGE('',*,*,#1350,.F.);
#1350 = EDGE_CURVE('',#1351,#1344,#1353,.T.);
#1351 = VERTEX_POINT('',#1352);
#1352 = CARTESIAN_POINT('',(-0.145413273022,0.7995,0.198883713991));
#1353 = B_SPLINE_CURVE_WITH_KNOTS('',1,(#1354,#1355),.UNSPECIFIED.,.F.,
  .F.,(2,2),(-2.365449256921E-04,0.),.PIECEWISE_BEZIER_KNOTS.);
#1354 = CARTESIAN_POINT('',(-0.145413273022,0.7995,0.198883713991));
#1355 = CARTESIAN_POINT('',(-0.145176734046,0.7995,0.19888539161));
#1356 = ORIENTED_EDGE('',*,*,#1357,.F.);
#1357 = EDGE_CURVE('',#1252,#1351,#1358,.T.);
#1358 = B_SPLINE_CURVE_WITH_KNOTS('',3,(#1359,#1360,#1361,#1362),
  .UNSPECIFIED.,.F.,.F.,(4,4),(12.,13.),.PIECEWISE_BEZIER_KNOTS.);
#1359 = CARTESIAN_POINT('',(-0.146534156136,0.7995,0.202988110272));
#1360 = CARTESIAN_POINT('',(-0.145975650293,0.7995,0.20120884172));
#1361 = CARTESIAN_POINT('',(-0.145601936557,0.7995,0.199828579423));
#1362 = CARTESIAN_POINT('',(-0.145413273022,0.7995,0.198883713991));
#1363 = FACE_BOUND('',#1364,.T.);
#1364 = EDGE_LOOP('',(#1365,#1374,#1383,#1392,#1401,#1410,#1419,#1428,
    #1437,#1446,#1455,#1462,#1471,#1480,#1489,#1498,#1507,#1516,#1525,
    #1534,#1543));
#1365 = ORIENTED_EDGE('',*,*,#1366,.F.);
#1366 = EDGE_CURVE('',#1367,#1369,#1371,.T.);
#1367 = VERTEX_POINT('',#1368);
#1368 = CARTESIAN_POINT('',(-8.187513612418E-02,0.7995,0.201881820097));
#1369 = VERTEX_POINT('',#1370);
#1370 = CARTESIAN_POINT('',(-8.180983803701E-02,0.7995,0.192674995304));
#1371 = B_SPLINE_CURVE_WITH_KNOTS('',1,(#1372,#1373),.UNSPECIFIED.,.F.,
  .F.,(2,2),(-9.207056348681E-03,0.),.PIECEWISE_BEZIER_KNOTS.);
#1372 = CARTESIAN_POINT('',(-8.187513612418E-02,0.7995,0.201881820097));
#1373 = CARTESIAN_POINT('',(-8.180983803701E-02,0.7995,0.192674995304));
#1374 = ORIENTED_EDGE('',*,*,#1375,.F.);
#1375 = EDGE_CURVE('',#1376,#1367,#1378,.T.);
#1376 = VERTEX_POINT('',#1377);
#1377 = CARTESIAN_POINT('',(-9.650570983924E-02,0.7995,0.196865075132));
#1378 = B_SPLINE_CURVE_WITH_KNOTS('',3,(#1379,#1380,#1381,#1382),
  .UNSPECIFIED.,.F.,.F.,(4,4),(0.,1.),.PIECEWISE_BEZIER_KNOTS.);
#1379 = CARTESIAN_POINT('',(-9.650570983924E-02,0.7995,0.196865075132));
#1380 = CARTESIAN_POINT('',(-9.126546173549E-02,0.7995,0.196902240841));
#1381 = CARTESIAN_POINT('',(-8.64007340344E-02,0.7995,0.198574403132));
#1382 = CARTESIAN_POINT('',(-8.187513612418E-02,0.7995,0.201881820097));
#1383 = ORIENTED_EDGE('',*,*,#1384,.F.);
#1384 = EDGE_CURVE('',#1385,#1376,#1387,.T.);
#1385 = VERTEX_POINT('',#1386);
#1386 = CARTESIAN_POINT('',(-0.107071376652,0.7995,0.203668311253));
#1387 = B_SPLINE_CURVE_WITH_KNOTS('',3,(#1388,#1389,#1390,#1391),
  .UNSPECIFIED.,.F.,.F.,(4,4),(1.,2.),.PIECEWISE_BEZIER_KNOTS.);
#1388 = CARTESIAN_POINT('',(-0.107071376652,0.7995,0.203668311253));
#1389 = CARTESIAN_POINT('',(-0.107038856656,0.7995,0.199083094162));
#1390 = CARTESIAN_POINT('',(-0.103510902617,0.7995,0.196815391805));
#1391 = CARTESIAN_POINT('',(-9.650570983924E-02,0.7995,0.196865075132));
#1392 = ORIENTED_EDGE('',*,*,#1393,.F.);
#1393 = EDGE_CURVE('',#1394,#1385,#1396,.T.);
#1394 = VERTEX_POINT('',#1395);
#1395 = CARTESIAN_POINT('',(-0.104813094769,0.7995,0.208524522624));
#1396 = B_SPLINE_CURVE_WITH_KNOTS('',3,(#1397,#1398,#1399,#1400),
  .UNSPECIFIED.,.F.,.F.,(4,4),(2.,3.),.PIECEWISE_BEZIER_KNOTS.);
#1397 = CARTESIAN_POINT('',(-0.104813094769,0.7995,0.208524522624));
#1398 = CARTESIAN_POINT('',(-0.106332467134,0.7995,0.207240011212));
#1399 = CARTESIAN_POINT('',(-0.107085313793,0.7995,0.205633404292));
#1400 = CARTESIAN_POINT('',(-0.107071376652,0.7995,0.203668311253));
#1401 = ORIENTED_EDGE('',*,*,#1402,.F.);
#1402 = EDGE_CURVE('',#1403,#1394,#1405,.T.);
#1403 = VERTEX_POINT('',#1404);
#1404 = CARTESIAN_POINT('',(-9.551116473564E-02,0.7995,0.213139550524));
#1405 = B_SPLINE_CURVE_WITH_KNOTS('',3,(#1406,#1407,#1408,#1409),
  .UNSPECIFIED.,.F.,.F.,(4,4),(3.,4.),.PIECEWISE_BEZIER_KNOTS.);
#1406 = CARTESIAN_POINT('',(-9.551116473564E-02,0.7995,0.213139550524));
#1407 = CARTESIAN_POINT('',(-0.100193165092,0.7995,0.211359506874));
#1408 = CARTESIAN_POINT('',(-0.103293722405,0.7995,0.209809034037));
#1409 = CARTESIAN_POINT('',(-0.104813094769,0.7995,0.208524522624));
#1410 = ORIENTED_EDGE('',*,*,#1411,.F.);
#1411 = EDGE_CURVE('',#1412,#1403,#1414,.T.);
#1412 = VERTEX_POINT('',#1413);
#1413 = CARTESIAN_POINT('',(-8.458714288165E-02,0.7995,0.219949629417));
#1414 = B_SPLINE_CURVE_WITH_KNOTS('',3,(#1415,#1416,#1417,#1418),
  .UNSPECIFIED.,.F.,.F.,(4,4),(4.,5.),.PIECEWISE_BEZIER_KNOTS.);
#1415 = CARTESIAN_POINT('',(-8.458714288165E-02,0.7995,0.219949629417));
#1416 = CARTESIAN_POINT('',(-8.624536721833E-02,0.7995,0.217717929716));
#1417 = CARTESIAN_POINT('',(-8.99048171104E-02,0.7995,0.215435644167));
#1418 = CARTESIAN_POINT('',(-9.551116473564E-02,0.7995,0.213139550524));
#1419 = ORIENTED_EDGE('',*,*,#1420,.F.);
#1420 = EDGE_CURVE('',#1421,#1412,#1423,.T.);
#1421 = VERTEX_POINT('',#1422);
#1422 = CARTESIAN_POINT('',(-8.211503439995E-02,0.7995,0.228009892249));
#1423 = B_SPLINE_CURVE_WITH_KNOTS('',3,(#1424,#1425,#1426,#1427),
  .UNSPECIFIED.,.F.,.F.,(4,4),(5.,6.),.PIECEWISE_BEZIER_KNOTS.);
#1424 = CARTESIAN_POINT('',(-8.211503439995E-02,0.7995,0.228009892249));
#1425 = CARTESIAN_POINT('',(-8.209283821221E-02,0.7995,0.224880299631));
#1426 = CARTESIAN_POINT('',(-8.291072323908E-02,0.7995,0.222181458166));
#1427 = CARTESIAN_POINT('',(-8.458714288165E-02,0.7995,0.219949629417));
#1428 = ORIENTED_EDGE('',*,*,#1429,.F.);
#1429 = EDGE_CURVE('',#1430,#1421,#1432,.T.);
#1430 = VERTEX_POINT('',#1431);
#1431 = CARTESIAN_POINT('',(-8.79052728289E-02,0.7995,0.238813773627));
#1432 = B_SPLINE_CURVE_WITH_KNOTS('',3,(#1433,#1434,#1435,#1436),
  .UNSPECIFIED.,.F.,.F.,(4,4),(6.,7.),.PIECEWISE_BEZIER_KNOTS.);
#1433 = CARTESIAN_POINT('',(-8.79052728289E-02,0.7995,0.238813773627));
#1434 = CARTESIAN_POINT('',(-8.408309675207E-02,0.7995,0.236111448689));
#1435 = CARTESIAN_POINT('',(-8.214703820552E-02,0.7995,0.232522328116));
#1436 = CARTESIAN_POINT('',(-8.211503439995E-02,0.7995,0.228009892249));
#1437 = ORIENTED_EDGE('',*,*,#1438,.F.);
#1438 = EDGE_CURVE('',#1439,#1430,#1441,.T.);
#1439 = VERTEX_POINT('',#1440);
#1440 = CARTESIAN_POINT('',(-0.102017088175,0.7995,0.242753248696));
#1441 = B_SPLINE_CURVE_WITH_KNOTS('',3,(#1442,#1443,#1444,#1445),
  .UNSPECIFIED.,.F.,.F.,(4,4),(7.,8.),.PIECEWISE_BEZIER_KNOTS.);
#1442 = CARTESIAN_POINT('',(-0.102017088175,0.7995,0.242753248696));
#1443 = CARTESIAN_POINT('',(-9.644932456524E-02,0.7995,0.242792737262));
#1444 = CARTESIAN_POINT('',(-9.174538611643E-02,0.7995,0.241479578906));
#1445 = CARTESIAN_POINT('',(-8.79052728289E-02,0.7995,0.238813773627));
#1446 = ORIENTED_EDGE('',*,*,#1447,.F.);
#1447 = EDGE_CURVE('',#1448,#1439,#1450,.T.);
#1448 = VERTEX_POINT('',#1449);
#1449 = CARTESIAN_POINT('',(-0.114046378789,0.7995,0.240411601248));
#1450 = B_SPLINE_CURVE_WITH_KNOTS('',3,(#1451,#1452,#1453,#1454),
  .UNSPECIFIED.,.F.,.F.,(4,4),(8.,9.),.PIECEWISE_BEZIER_KNOTS.);
#1451 = CARTESIAN_POINT('',(-0.114046378789,0.7995,0.240411601248));
#1452 = CARTESIAN_POINT('',(-0.11034537638,0.7995,0.241966332657));
#1453 = CARTESIAN_POINT('',(-0.106347570983,0.7995,0.242722535366));
#1454 = CARTESIAN_POINT('',(-0.102017088175,0.7995,0.242753248696));
#1455 = ORIENTED_EDGE('',*,*,#1456,.F.);
#1456 = EDGE_CURVE('',#1457,#1448,#1459,.T.);
#1457 = VERTEX_POINT('',#1458);
#1458 = CARTESIAN_POINT('',(-0.11398495213,0.7995,0.231750635633));
#1459 = B_SPLINE_CURVE_WITH_KNOTS('',1,(#1460,#1461),.UNSPECIFIED.,.F.,
  .F.,(2,2),(-8.661183442752E-03,0.),.PIECEWISE_BEZIER_KNOTS.);
#1460 = CARTESIAN_POINT('',(-0.11398495213,0.7995,0.231750635633));
#1461 = CARTESIAN_POINT('',(-0.114046378789,0.7995,0.240411601248));
#1462 = ORIENTED_EDGE('',*,*,#1463,.F.);
#1463 = EDGE_CURVE('',#1464,#1457,#1466,.T.);
#1464 = VERTEX_POINT('',#1465);
#1465 = CARTESIAN_POINT('',(-0.101092352545,0.7995,0.235517711226));
#1466 = B_SPLINE_CURVE_WITH_KNOTS('',3,(#1467,#1468,#1469,#1470),
  .UNSPECIFIED.,.F.,.F.,(4,4),(10.,11.),.PIECEWISE_BEZIER_KNOTS.);
#1467 = CARTESIAN_POINT('',(-0.101092352545,0.7995,0.235517711226));
#1468 = CARTESIAN_POINT('',(-0.105914108613,0.7995,0.235483513611));
#1469 = CARTESIAN_POINT('',(-0.110199425572,0.7995,0.234215777575));
#1470 = CARTESIAN_POINT('',(-0.11398495213,0.7995,0.231750635633));
#1471 = ORIENTED_EDGE('',*,*,#1472,.F.);
#1472 = EDGE_CURVE('',#1473,#1464,#1475,.T.);
#1473 = VERTEX_POINT('',#1474);
#1474 = CARTESIAN_POINT('',(-9.405554351128E-02,0.7995,0.233675211786));
#1475 = B_SPLINE_CURVE_WITH_KNOTS('',3,(#1476,#1477,#1478,#1479),
  .UNSPECIFIED.,.F.,.F.,(4,4),(11.,12.),.PIECEWISE_BEZIER_KNOTS.);
#1476 = CARTESIAN_POINT('',(-9.405554351128E-02,0.7995,0.233675211786));
#1477 = CARTESIAN_POINT('',(-9.586591212901E-02,0.7995,0.234936107487));
#1478 = CARTESIAN_POINT('',(-9.821749421085E-02,0.7995,0.235538100747));
#1479 = CARTESIAN_POINT('',(-0.101092352545,0.7995,0.235517711226));
#1480 = ORIENTED_EDGE('',*,*,#1481,.F.);
#1481 = EDGE_CURVE('',#1482,#1473,#1484,.T.);
#1482 = VERTEX_POINT('',#1483);
#1483 = CARTESIAN_POINT('',(-9.130934198176E-02,0.7995,0.22874531667));
#1484 = B_SPLINE_CURVE_WITH_KNOTS('',3,(#1485,#1486,#1487,#1488),
  .UNSPECIFIED.,.F.,.F.,(4,4),(12.,13.),.PIECEWISE_BEZIER_KNOTS.);
#1485 = CARTESIAN_POINT('',(-9.130934198176E-02,0.7995,0.22874531667));
#1486 = CARTESIAN_POINT('',(-9.132379531331E-02,0.7995,0.230783190932));
#1487 = CARTESIAN_POINT('',(-9.224543298874E-02,0.7995,0.232450706696));
#1488 = CARTESIAN_POINT('',(-9.405554351128E-02,0.7995,0.233675211786));
#1489 = ORIENTED_EDGE('',*,*,#1490,.F.);
#1490 = EDGE_CURVE('',#1491,#1482,#1493,.T.);
#1491 = VERTEX_POINT('',#1492);
#1492 = CARTESIAN_POINT('',(-9.322268733787E-02,0.7995,0.224000729038));
#1493 = B_SPLINE_CURVE_WITH_KNOTS('',3,(#1494,#1495,#1496,#1497),
  .UNSPECIFIED.,.F.,.F.,(4,4),(13.,14.),.PIECEWISE_BEZIER_KNOTS.);
#1494 = CARTESIAN_POINT('',(-9.322268733787E-02,0.7995,0.224000729038));
#1495 = CARTESIAN_POINT('',(-9.193882156928E-02,0.7995,0.225138000384));
#1496 = CARTESIAN_POINT('',(-9.129488865021E-02,0.7995,0.226707442407));
#1497 = CARTESIAN_POINT('',(-9.130934198176E-02,0.7995,0.22874531667));
#1498 = ORIENTED_EDGE('',*,*,#1499,.F.);
#1499 = EDGE_CURVE('',#1500,#1491,#1502,.T.);
#1500 = VERTEX_POINT('',#1501);
#1501 = CARTESIAN_POINT('',(-0.101852681529,0.7995,0.219572428959));
#1502 = B_SPLINE_CURVE_WITH_KNOTS('',3,(#1503,#1504,#1505,#1506),
  .UNSPECIFIED.,.F.,.F.,(4,4),(14.,15.),.PIECEWISE_BEZIER_KNOTS.);
#1503 = CARTESIAN_POINT('',(-0.101852681529,0.7995,0.219572428959));
#1504 = CARTESIAN_POINT('',(-9.738902484366E-02,0.7995,0.221350924037));
#1505 = CARTESIAN_POINT('',(-9.452449031739E-02,0.7995,0.222826938032));
#1506 = CARTESIAN_POINT('',(-9.322268733787E-02,0.7995,0.224000729038));
#1507 = ORIENTED_EDGE('',*,*,#1508,.F.);
#1508 = EDGE_CURVE('',#1509,#1500,#1511,.T.);
#1509 = VERTEX_POINT('',#1510);
#1510 = CARTESIAN_POINT('',(-0.113305399635,0.7995,0.212904170133));
#1511 = B_SPLINE_CURVE_WITH_KNOTS('',3,(#1512,#1513,#1514,#1515),
  .UNSPECIFIED.,.F.,.F.,(4,4),(15.,16.),.PIECEWISE_BEZIER_KNOTS.);
#1512 = CARTESIAN_POINT('',(-0.113305399635,0.7995,0.212904170133));
#1513 = CARTESIAN_POINT('',(-0.111319917887,0.7995,0.215174583302));
#1514 = CARTESIAN_POINT('',(-0.107514647453,0.7995,0.217421510621));
#1515 = CARTESIAN_POINT('',(-0.101852681529,0.7995,0.219572428959));
#1516 = ORIENTED_EDGE('',*,*,#1517,.F.);
#1517 = EDGE_CURVE('',#1518,#1509,#1520,.T.);
#1518 = VERTEX_POINT('',#1519);
#1519 = CARTESIAN_POINT('',(-0.116229809813,0.7995,0.204476774993));
#1520 = B_SPLINE_CURVE_WITH_KNOTS('',3,(#1521,#1522,#1523,#1524),
  .UNSPECIFIED.,.F.,.F.,(4,4),(16.,17.),.PIECEWISE_BEZIER_KNOTS.);
#1521 = CARTESIAN_POINT('',(-0.116229809813,0.7995,0.204476774993));
#1522 = CARTESIAN_POINT('',(-0.116253554572,0.7995,0.207824711281));
#1523 = CARTESIAN_POINT('',(-0.115272686077,0.7995,0.210633886011));
#1524 = CARTESIAN_POINT('',(-0.113305399635,0.7995,0.212904170133));
#1525 = ORIENTED_EDGE('',*,*,#1526,.F.);
#1526 = EDGE_CURVE('',#1527,#1518,#1529,.T.);
#1527 = VERTEX_POINT('',#1528);
#1528 = CARTESIAN_POINT('',(-0.110420343697,0.7995,0.193527460215));
#1529 = B_SPLINE_CURVE_WITH_KNOTS('',3,(#1530,#1531,#1532,#1533),
  .UNSPECIFIED.,.F.,.F.,(4,4),(17.,18.),.PIECEWISE_BEZIER_KNOTS.);
#1530 = CARTESIAN_POINT('',(-0.110420343697,0.7995,0.193527460215));
#1531 = CARTESIAN_POINT('',(-0.114260198889,0.7995,0.196156874882));
#1532 = CARTESIAN_POINT('',(-0.116196773626,0.7995,0.199818776678));
#1533 = CARTESIAN_POINT('',(-0.116229809813,0.7995,0.204476774993));
#1534 = ORIENTED_EDGE('',*,*,#1535,.F.);
#1535 = EDGE_CURVE('',#1536,#1527,#1538,.T.);
#1536 = VERTEX_POINT('',#1537);
#1537 = CARTESIAN_POINT('',(-9.558071611408E-02,0.7995,0.189593147051));
#1538 = B_SPLINE_CURVE_WITH_KNOTS('',3,(#1539,#1540,#1541,#1542),
  .UNSPECIFIED.,.F.,.F.,(4,4),(18.,19.),.PIECEWISE_BEZIER_KNOTS.);
#1539 = CARTESIAN_POINT('',(-9.558071611408E-02,0.7995,0.189593147051));
#1540 = CARTESIAN_POINT('',(-0.101639752984,0.7995,0.189550174199));
#1541 = CARTESIAN_POINT('',(-0.106598425715,0.7995,0.190861525888));
#1542 = CARTESIAN_POINT('',(-0.110420343697,0.7995,0.193527460215));
#1543 = ORIENTED_EDGE('',*,*,#1544,.F.);
#1544 = EDGE_CURVE('',#1369,#1536,#1545,.T.);
#1545 = B_SPLINE_CURVE_WITH_KNOTS('',3,(#1546,#1547,#1548,#1549),
  .UNSPECIFIED.,.F.,.F.,(4,4),(19.,20.),.PIECEWISE_BEZIER_KNOTS.);
#1546 = CARTESIAN_POINT('',(-8.180983803701E-02,0.7995,0.192674995304));
#1547 = CARTESIAN_POINT('',(-8.57260869735E-02,0.7995,0.190682027983));
#1548 = CARTESIAN_POINT('',(-9.030407739854E-02,0.7995,0.189630570855));
#1549 = CARTESIAN_POINT('',(-9.558071611408E-02,0.7995,0.189593147051));
#1550 = FACE_BOUND('',#1551,.T.);
#1551 = EDGE_LOOP('',(#1552,#1561,#1570,#1579,#1586,#1593,#1600,#1607,
    #1616,#1625,#1634,#1643,#1650,#1659));
#1552 = ORIENTED_EDGE('',*,*,#1553,.F.);
#1553 = EDGE_CURVE('',#1554,#1556,#1558,.T.);
#1554 = VERTEX_POINT('',#1555);
#1555 = CARTESIAN_POINT('',(-3.416963065145E-02,0.7995,0.238503429574));
#1556 = VERTEX_POINT('',#1557);
#1557 = CARTESIAN_POINT('',(-3.410820399236E-02,0.7995,0.229842463958));
#1558 = B_SPLINE_CURVE_WITH_KNOTS('',1,(#1559,#1560),.UNSPECIFIED.,.F.,
  .F.,(2,2),(-8.66118344324E-03,0.),.PIECEWISE_BEZIER_KNOTS.);
#1559 = CARTESIAN_POINT('',(-3.416963065145E-02,0.7995,0.238503429574));
#1560 = CARTESIAN_POINT('',(-3.410820399236E-02,0.7995,0.229842463958));
#1561 = ORIENTED_EDGE('',*,*,#1562,.F.);
#1562 = EDGE_CURVE('',#1563,#1554,#1565,.T.);
#1563 = VERTEX_POINT('',#1564);
#1564 = CARTESIAN_POINT('',(-5.170706731914E-02,0.7995,0.243110065318));
#1565 = B_SPLINE_CURVE_WITH_KNOTS('',3,(#1566,#1567,#1568,#1569),
  .UNSPECIFIED.,.F.,.F.,(4,4),(0.,1.),.PIECEWISE_BEZIER_KNOTS.);
#1566 = CARTESIAN_POINT('',(-5.170706731914E-02,0.7995,0.243110065318));
#1567 = CARTESIAN_POINT('',(-4.508397596593E-02,0.7995,0.243157038646));
#1568 = CARTESIAN_POINT('',(-3.923218467306E-02,0.7995,0.241633666617));
#1569 = CARTESIAN_POINT('',(-3.416963065145E-02,0.7995,0.238503429574));
#1570 = ORIENTED_EDGE('',*,*,#1571,.F.);
#1571 = EDGE_CURVE('',#1572,#1563,#1574,.T.);
#1572 = VERTEX_POINT('',#1573);
#1573 = CARTESIAN_POINT('',(-6.994753583437E-02,0.7995,0.223692702968));
#1574 = B_SPLINE_CURVE_WITH_KNOTS('',3,(#1575,#1576,#1577,#1578),
  .UNSPECIFIED.,.F.,.F.,(4,4),(1.,2.),.PIECEWISE_BEZIER_KNOTS.);
#1575 = CARTESIAN_POINT('',(-6.994753583437E-02,0.7995,0.223692702968));
#1576 = CARTESIAN_POINT('',(-7.003890153739E-02,0.7995,0.236574979557));
#1577 = CARTESIAN_POINT('',(-6.395250820012E-02,0.7995,0.243023216281));
#1578 = CARTESIAN_POINT('',(-5.170706731914E-02,0.7995,0.243110065318));
#1579 = ORIENTED_EDGE('',*,*,#1580,.F.);
#1580 = EDGE_CURVE('',#1581,#1572,#1583,.T.);
#1581 = VERTEX_POINT('',#1582);
#1582 = CARTESIAN_POINT('',(-6.971550824397E-02,0.7995,0.190977542933));
#1583 = B_SPLINE_CURVE_WITH_KNOTS('',1,(#1584,#1585),.UNSPECIFIED.,.F.,
  .F.,(2,2),(-3.27159828365E-02,-4.921187422821E-19),
  .PIECEWISE_BEZIER_KNOTS.);
#1584 = CARTESIAN_POINT('',(-6.971550824397E-02,0.7995,0.190977542933));
#1585 = CARTESIAN_POINT('',(-6.994753583437E-02,0.7995,0.223692702968));
#1586 = ORIENTED_EDGE('',*,*,#1587,.F.);
#1587 = EDGE_CURVE('',#1588,#1581,#1590,.T.);
#1588 = VERTEX_POINT('',#1589);
#1589 = CARTESIAN_POINT('',(-6.079980834536E-02,0.7995,0.191040776258));
#1590 = B_SPLINE_CURVE_WITH_KNOTS('',1,(#1591,#1592),.UNSPECIFIED.,.F.,
  .F.,(2,2),(-8.915924132447E-03,-0.),.PIECEWISE_BEZIER_KNOTS.);
#1591 = CARTESIAN_POINT('',(-6.079980834536E-02,0.7995,0.191040776258));
#1592 = CARTESIAN_POINT('',(-6.971550824397E-02,0.7995,0.190977542933));
#1593 = ORIENTED_EDGE('',*,*,#1594,.F.);
#1594 = EDGE_CURVE('',#1595,#1588,#1597,.T.);
#1595 = VERTEX_POINT('',#1596);
#1596 = CARTESIAN_POINT('',(-6.08555569099E-02,0.7995,0.198901148413));
#1597 = B_SPLINE_CURVE_WITH_KNOTS('',1,(#1598,#1599),.UNSPECIFIED.,.F.,
  .F.,(2,2),(-7.860569847131E-03,0.),.PIECEWISE_BEZIER_KNOTS.);
#1598 = CARTESIAN_POINT('',(-6.08555569099E-02,0.7995,0.198901148413));
#1599 = CARTESIAN_POINT('',(-6.079980834536E-02,0.7995,0.191040776258));
#1600 = ORIENTED_EDGE('',*,*,#1601,.F.);
#1601 = EDGE_CURVE('',#1602,#1595,#1604,.T.);
#1602 = VERTEX_POINT('',#1603);
#1603 = CARTESIAN_POINT('',(-6.061901793303E-02,0.7995,0.198902826032));
#1604 = B_SPLINE_CURVE_WITH_KNOTS('',1,(#1605,#1606),.UNSPECIFIED.,.F.,
  .F.,(2,2),(-2.365449259347E-04,-0.),.PIECEWISE_BEZIER_KNOTS.);
#1605 = CARTESIAN_POINT('',(-6.061901793303E-02,0.7995,0.198902826032));
#1606 = CARTESIAN_POINT('',(-6.08555569099E-02,0.7995,0.198901148413));
#1607 = ORIENTED_EDGE('',*,*,#1608,.F.);
#1608 = EDGE_CURVE('',#1609,#1602,#1611,.T.);
#1609 = VERTEX_POINT('',#1610);
#1610 = CARTESIAN_POINT('',(-4.497957036307E-02,0.7995,0.189952028435));
#1611 = B_SPLINE_CURVE_WITH_KNOTS('',3,(#1612,#1613,#1614,#1615),
  .UNSPECIFIED.,.F.,.F.,(4,4),(6.,7.),.PIECEWISE_BEZIER_KNOTS.);
#1612 = CARTESIAN_POINT('',(-4.497957036307E-02,0.7995,0.189952028435));
#1613 = CARTESIAN_POINT('',(-5.183920069315E-02,0.7995,0.189903377488));
#1614 = CARTESIAN_POINT('',(-5.706448008723E-02,0.7995,0.192886890656));
#1615 = CARTESIAN_POINT('',(-6.061901793303E-02,0.7995,0.198902826032));
#1616 = ORIENTED_EDGE('',*,*,#1617,.F.);
#1617 = EDGE_CURVE('',#1618,#1609,#1620,.T.);
#1618 = VERTEX_POINT('',#1619);
#1619 = CARTESIAN_POINT('',(-3.325379321441E-02,0.7995,0.194038360488));
#1620 = B_SPLINE_CURVE_WITH_KNOTS('',3,(#1621,#1622,#1623,#1624),
  .UNSPECIFIED.,.F.,.F.,(4,4),(7.,8.),.PIECEWISE_BEZIER_KNOTS.);
#1621 = CARTESIAN_POINT('',(-3.325379321441E-02,0.7995,0.194038360488));
#1622 = CARTESIAN_POINT('',(-3.614620121067E-02,0.7995,0.191361198208));
#1623 = CARTESIAN_POINT('',(-4.004864246002E-02,0.7995,0.189987000335));
#1624 = CARTESIAN_POINT('',(-4.497957036307E-02,0.7995,0.189952028435));
#1625 = ORIENTED_EDGE('',*,*,#1626,.F.);
#1626 = EDGE_CURVE('',#1627,#1618,#1629,.T.);
#1627 = VERTEX_POINT('',#1628);
#1628 = CARTESIAN_POINT('',(-2.896357407084E-02,0.7995,0.204877343627));
#1629 = B_SPLINE_CURVE_WITH_KNOTS('',3,(#1630,#1631,#1632,#1633),
  .UNSPECIFIED.,.F.,.F.,(4,4),(8.,9.),.PIECEWISE_BEZIER_KNOTS.);
#1630 = CARTESIAN_POINT('',(-2.896357407084E-02,0.7995,0.204877343627));
#1631 = CARTESIAN_POINT('',(-2.893131217006E-02,0.7995,0.200328517147));
#1632 = CARTESIAN_POINT('',(-3.036138521791E-02,0.7995,0.196715522768));
#1633 = CARTESIAN_POINT('',(-3.325379321441E-02,0.7995,0.194038360488));
#1634 = ORIENTED_EDGE('',*,*,#1635,.F.);
#1635 = EDGE_CURVE('',#1636,#1627,#1638,.T.);
#1636 = VERTEX_POINT('',#1637);
#1637 = CARTESIAN_POINT('',(-4.594831406847E-02,0.7995,0.221351835493));
#1638 = B_SPLINE_CURVE_WITH_KNOTS('',3,(#1639,#1640,#1641,#1642),
  .UNSPECIFIED.,.F.,.F.,(4,4),(9.,10.),.PIECEWISE_BEZIER_KNOTS.);
#1639 = CARTESIAN_POINT('',(-4.594831406847E-02,0.7995,0.221351835493));
#1640 = CARTESIAN_POINT('',(-3.469251691904E-02,0.7995,0.219866790603));
#1641 = CARTESIAN_POINT('',(-2.903093691966E-02,0.7995,0.214375293314));
#1642 = CARTESIAN_POINT('',(-2.896357407084E-02,0.7995,0.204877343627));
#1643 = ORIENTED_EDGE('',*,*,#1644,.F.);
#1644 = EDGE_CURVE('',#1645,#1636,#1647,.T.);
#1645 = VERTEX_POINT('',#1646);
#1646 = CARTESIAN_POINT('',(-6.10289968885E-02,0.7995,0.223355639564));
#1647 = B_SPLINE_CURVE_WITH_KNOTS('',1,(#1648,#1649),.UNSPECIFIED.,.F.,
  .F.,(2,2),(-1.521322533431E-02,0.),.PIECEWISE_BEZIER_KNOTS.);
#1648 = CARTESIAN_POINT('',(-6.10289968885E-02,0.7995,0.223355639564));
#1649 = CARTESIAN_POINT('',(-4.594831406847E-02,0.7995,0.221351835493));
#1650 = ORIENTED_EDGE('',*,*,#1651,.F.);
#1651 = EDGE_CURVE('',#1652,#1645,#1654,.T.);
#1652 = VERTEX_POINT('',#1653);
#1653 = CARTESIAN_POINT('',(-5.081872230097E-02,0.7995,0.235874269754));
#1654 = B_SPLINE_CURVE_WITH_KNOTS('',3,(#1655,#1656,#1657,#1658),
  .UNSPECIFIED.,.F.,.F.,(4,4),(11.,12.),.PIECEWISE_BEZIER_KNOTS.);
#1655 = CARTESIAN_POINT('',(-5.081872230097E-02,0.7995,0.235874269754));
#1656 = CARTESIAN_POINT('',(-5.767835263104E-02,0.7995,0.235825618807));
#1657 = CARTESIAN_POINT('',(-6.108784259552E-02,0.7995,0.231652699061));
#1658 = CARTESIAN_POINT('',(-6.10289968885E-02,0.7995,0.223355639564));
#1659 = ORIENTED_EDGE('',*,*,#1660,.F.);
#1660 = EDGE_CURVE('',#1556,#1652,#1661,.T.);
#1661 = B_SPLINE_CURVE_WITH_KNOTS('',3,(#1662,#1663,#1664,#1665),
  .UNSPECIFIED.,.F.,.F.,(4,4),(12.,13.),.PIECEWISE_BEZIER_KNOTS.);
#1662 = CARTESIAN_POINT('',(-3.410820399236E-02,0.7995,0.229842463958));
#1663 = CARTESIAN_POINT('',(-3.915901508823E-02,0.7995,0.233882595345));
#1664 = CARTESIAN_POINT('',(-4.472329481919E-02,0.7995,0.235917500701));
#1665 = CARTESIAN_POINT('',(-5.081872230097E-02,0.7995,0.235874269754));
#1666 = FACE_BOUND('',#1667,.T.);
#1667 = EDGE_LOOP('',(#1668,#1679,#1686,#1693,#1700,#1709,#1718));
#1668 = ORIENTED_EDGE('',*,*,#1669,.F.);
#1669 = EDGE_CURVE('',#1670,#1672,#1674,.T.);
#1670 = VERTEX_POINT('',#1671);
#1671 = CARTESIAN_POINT('',(-0.162147938259,0.7995,0.303247727715));
#1672 = VERTEX_POINT('',#1673);
#1673 = CARTESIAN_POINT('',(-0.189857326032,0.7995,0.313022732047));
#1674 = B_SPLINE_CURVE_WITH_KNOTS('',3,(#1675,#1676,#1677,#1678),
  .UNSPECIFIED.,.F.,.F.,(4,4),(5.,6.),.PIECEWISE_BEZIER_KNOTS.);
#1675 = CARTESIAN_POINT('',(-0.162147938259,0.7995,0.303247727715));
#1676 = CARTESIAN_POINT('',(-0.173410832621,0.7995,0.303167847248));
#1677 = CARTESIAN_POINT('',(-0.182659339384,0.7995,0.30641396579));
#1678 = CARTESIAN_POINT('',(-0.189857326032,0.7995,0.313022732047));
#1679 = ORIENTED_EDGE('',*,*,#1680,.F.);
#1680 = EDGE_CURVE('',#1681,#1670,#1683,.T.);
#1681 = VERTEX_POINT('',#1682);
#1682 = CARTESIAN_POINT('',(-0.142569789094,0.7995,0.303386582936));
#1683 = B_SPLINE_CURVE_WITH_KNOTS('',1,(#1684,#1685),.UNSPECIFIED.,.F.,
  .F.,(2,2),(-1.957864156426E-02,-2.814857256188E-17),
  .PIECEWISE_BEZIER_KNOTS.);
#1684 = CARTESIAN_POINT('',(-0.142569789094,0.7995,0.303386582936));
#1685 = CARTESIAN_POINT('',(-0.162147938259,0.7995,0.303247727715));
#1686 = ORIENTED_EDGE('',*,*,#1687,.F.);
#1687 = EDGE_CURVE('',#1688,#1681,#1690,.T.);
#1688 = VERTEX_POINT('',#1689);
#1689 = CARTESIAN_POINT('',(-0.143074623318,0.7995,0.374566619677));
#1690 = B_SPLINE_CURVE_WITH_KNOTS('',1,(#1691,#1692),.UNSPECIFIED.,.F.,
  .F.,(2,2),(-7.118182695097E-02,0.),.PIECEWISE_BEZIER_KNOTS.);
#1691 = CARTESIAN_POINT('',(-0.143074623318,0.7995,0.374566619677));
#1692 = CARTESIAN_POINT('',(-0.142569789094,0.7995,0.303386582936));
#1693 = ORIENTED_EDGE('',*,*,#1694,.F.);
#1694 = EDGE_CURVE('',#1695,#1688,#1697,.T.);
#1695 = VERTEX_POINT('',#1696);
#1696 = CARTESIAN_POINT('',(-0.16338058472,0.7995,0.374422602552));
#1697 = B_SPLINE_CURVE_WITH_KNOTS('',1,(#1698,#1699),.UNSPECIFIED.,.F.,
  .F.,(2,2),(-2.030647210582E-02,2.736118257423E-17),
  .PIECEWISE_BEZIER_KNOTS.);
#1698 = CARTESIAN_POINT('',(-0.16338058472,0.7995,0.374422602552));
#1699 = CARTESIAN_POINT('',(-0.143074623318,0.7995,0.374566619677));
#1700 = ORIENTED_EDGE('',*,*,#1701,.F.);
#1701 = EDGE_CURVE('',#1702,#1695,#1704,.T.);
#1702 = VERTEX_POINT('',#1703);
#1703 = CARTESIAN_POINT('',(-0.19022459551,0.7995,0.364806572683));
#1704 = B_SPLINE_CURVE_WITH_KNOTS('',3,(#1705,#1706,#1707,#1708),
  .UNSPECIFIED.,.F.,.F.,(4,4),(2.,3.),.PIECEWISE_BEZIER_KNOTS.);
#1705 = CARTESIAN_POINT('',(-0.19022459551,0.7995,0.364806572683));
#1706 = CARTESIAN_POINT('',(-0.183118490756,0.7995,0.371152864238));
#1707 = CARTESIAN_POINT('',(-0.174170401127,0.7995,0.374346077323));
#1708 = CARTESIAN_POINT('',(-0.16338058472,0.7995,0.374422602552));
#1709 = ORIENTED_EDGE('',*,*,#1710,.F.);
#1710 = EDGE_CURVE('',#1711,#1702,#1713,.T.);
#1711 = VERTEX_POINT('',#1712);
#1712 = CARTESIAN_POINT('',(-0.200780707927,0.7995,0.339475349986));
#1713 = B_SPLINE_CURVE_WITH_KNOTS('',3,(#1714,#1715,#1716,#1717),
  .UNSPECIFIED.,.F.,.F.,(4,4),(3.,4.),.PIECEWISE_BEZIER_KNOTS.);
#1714 = CARTESIAN_POINT('',(-0.200780707927,0.7995,0.339475349986));
#1715 = CARTESIAN_POINT('',(-0.200855555537,0.7995,0.350028627417));
#1716 = CARTESIAN_POINT('',(-0.197330700264,0.7995,0.358460281128));
#1717 = CARTESIAN_POINT('',(-0.19022459551,0.7995,0.364806572683));
#1718 = ORIENTED_EDGE('',*,*,#1719,.F.);
#1719 = EDGE_CURVE('',#1672,#1711,#1720,.T.);
#1720 = B_SPLINE_CURVE_WITH_KNOTS('',3,(#1721,#1722,#1723,#1724),
  .UNSPECIFIED.,.F.,.F.,(4,4),(4.,5.),.PIECEWISE_BEZIER_KNOTS.);
#1721 = CARTESIAN_POINT('',(-0.189857326032,0.7995,0.313022732047));
#1722 = CARTESIAN_POINT('',(-0.197055312679,0.7995,0.319631498304));
#1723 = CARTESIAN_POINT('',(-0.200702505079,0.7995,0.328448994601));
#1724 = CARTESIAN_POINT('',(-0.200780707927,0.7995,0.339475349986));
#1725 = FACE_BOUND('',#1726,.T.);
#1726 = EDGE_LOOP('',(#1727,#1736,#1743,#1750));
#1727 = ORIENTED_EDGE('',*,*,#1728,.F.);
#1728 = EDGE_CURVE('',#1729,#1731,#1733,.T.);
#1729 = VERTEX_POINT('',#1730);
#1730 = CARTESIAN_POINT('',(1.55,0.7995,4.00001E-02));
#1731 = VERTEX_POINT('',#1732);
#1732 = CARTESIAN_POINT('',(1.55,0.7995,0.5100001));
#1733 = B_SPLINE_CURVE_WITH_KNOTS('',1,(#1734,#1735),.UNSPECIFIED.,.F.,
  .F.,(2,2),(0.,0.47),.PIECEWISE_BEZIER_KNOTS.);
#1734 = CARTESIAN_POINT('',(1.55,0.7995,4.00001E-02));
#1735 = CARTESIAN_POINT('',(1.55,0.7995,0.5100001));
#1736 = ORIENTED_EDGE('',*,*,#1737,.F.);
#1737 = EDGE_CURVE('',#1738,#1729,#1740,.T.);
#1738 = VERTEX_POINT('',#1739);
#1739 = CARTESIAN_POINT('',(-1.55,0.7995,4.00001E-02));
#1740 = B_SPLINE_CURVE_WITH_KNOTS('',1,(#1741,#1742),.UNSPECIFIED.,.F.,
  .F.,(2,2),(0.,3.1),.PIECEWISE_BEZIER_KNOTS.);
#1741 = CARTESIAN_POINT('',(-1.55,0.7995,4.00001E-02));
#1742 = CARTESIAN_POINT('',(1.55,0.7995,4.00001E-02));
#1743 = ORIENTED_EDGE('',*,*,#1744,.F.);
#1744 = EDGE_CURVE('',#1745,#1738,#1747,.T.);
#1745 = VERTEX_POINT('',#1746);
#1746 = CARTESIAN_POINT('',(-1.55,0.7995,0.5100001));
#1747 = B_SPLINE_CURVE_WITH_KNOTS('',1,(#1748,#1749),.UNSPECIFIED.,.F.,
  .F.,(2,2),(-0.47,-0.),.PIECEWISE_BEZIER_KNOTS.);
#1748 = CARTESIAN_POINT('',(-1.55,0.7995,0.5100001));
#1749 = CARTESIAN_POINT('',(-1.55,0.7995,4.00001E-02));
#1750 = ORIENTED_EDGE('',*,*,#1751,.F.);
#1751 = EDGE_CURVE('',#1731,#1745,#1752,.T.);
#1752 = B_SPLINE_CURVE_WITH_KNOTS('',1,(#1753,#1754),.UNSPECIFIED.,.F.,
  .F.,(2,2),(-3.1,-0.),.PIECEWISE_BEZIER_KNOTS.);
#1753 = CARTESIAN_POINT('',(1.55,0.7995,0.5100001));
#1754 = CARTESIAN_POINT('',(-1.55,0.7995,0.5100001));
#1755 = FACE_BOUND('',#1756,.T.);
#1756 = EDGE_LOOP('',(#1757,#1766,#1773,#1780,#1787,#1794));
#1757 = ORIENTED_EDGE('',*,*,#1758,.F.);
#1758 = EDGE_CURVE('',#1759,#1761,#1763,.T.);
#1759 = VERTEX_POINT('',#1760);
#1760 = CARTESIAN_POINT('',(-2.04458651029E-02,0.7995,0.312368244029));
#1761 = VERTEX_POINT('',#1762);
#1762 = CARTESIAN_POINT('',(7.902421513604E-03,0.7995,0.312569300195));
#1763 = B_SPLINE_CURVE_WITH_KNOTS('',1,(#1764,#1765),.UNSPECIFIED.,.F.,
  .F.,(2,2),(-2.834899958858E-02,0.),.PIECEWISE_BEZIER_KNOTS.);
#1764 = CARTESIAN_POINT('',(-2.04458651029E-02,0.7995,0.312368244029));
#1765 = CARTESIAN_POINT('',(7.902421513604E-03,0.7995,0.312569300195));
#1766 = ORIENTED_EDGE('',*,*,#1767,.F.);
#1767 = EDGE_CURVE('',#1768,#1759,#1770,.T.);
#1768 = VERTEX_POINT('',#1769);
#1769 = CARTESIAN_POINT('',(-2.038830987191E-02,0.7995,0.304253137591));
#1770 = B_SPLINE_CURVE_WITH_KNOTS('',1,(#1771,#1772),.UNSPECIFIED.,.F.,
  .F.,(2,2),(-8.115310536824E-03,0.),.PIECEWISE_BEZIER_KNOTS.);
#1771 = CARTESIAN_POINT('',(-2.038830987191E-02,0.7995,0.304253137591));
#1772 = CARTESIAN_POINT('',(-2.04458651029E-02,0.7995,0.312368244029));
#1773 = ORIENTED_EDGE('',*,*,#1774,.F.);
#1774 = EDGE_CURVE('',#1775,#1768,#1777,.T.);
#1775 = VERTEX_POINT('',#1776);
#1776 = CARTESIAN_POINT('',(1.714860623187E-02,0.7995,0.304519362796));
#1777 = B_SPLINE_CURVE_WITH_KNOTS('',1,(#1778,#1779),.UNSPECIFIED.,.F.,
  .F.,(2,2),(-3.753786017399E-02,-0.),.PIECEWISE_BEZIER_KNOTS.);
#1778 = CARTESIAN_POINT('',(1.714860623187E-02,0.7995,0.304519362796));
#1779 = CARTESIAN_POINT('',(-2.038830987191E-02,0.7995,0.304253137591));
#1780 = ORIENTED_EDGE('',*,*,#1781,.F.);
#1781 = EDGE_CURVE('',#1782,#1775,#1784,.T.);
#1782 = VERTEX_POINT('',#1783);
#1783 = CARTESIAN_POINT('',(1.664377200847E-02,0.7995,0.375699399537));
#1784 = B_SPLINE_CURVE_WITH_KNOTS('',1,(#1785,#1786),.UNSPECIFIED.,.F.,
  .F.,(2,2),(-7.118182695097E-02,0.),.PIECEWISE_BEZIER_KNOTS.);
#1785 = CARTESIAN_POINT('',(1.664377200847E-02,0.7995,0.375699399537));
#1786 = CARTESIAN_POINT('',(1.714860623187E-02,0.7995,0.304519362796));
#1787 = ORIENTED_EDGE('',*,*,#1788,.F.);
#1788 = EDGE_CURVE('',#1789,#1782,#1791,.T.);
#1789 = VERTEX_POINT('',#1790);
#1790 = CARTESIAN_POINT('',(7.455142521194E-03,0.7995,0.375634230498));
#1791 = B_SPLINE_CURVE_WITH_KNOTS('',1,(#1792,#1793),.UNSPECIFIED.,.F.,
  .F.,(2,2),(-9.188860585413E-03,0.),.PIECEWISE_BEZIER_KNOTS.);
#1792 = CARTESIAN_POINT('',(7.455142521194E-03,0.7995,0.375634230498));
#1793 = CARTESIAN_POINT('',(1.664377200847E-02,0.7995,0.375699399537));
#1794 = ORIENTED_EDGE('',*,*,#1795,.F.);
#1795 = EDGE_CURVE('',#1761,#1789,#1796,.T.);
#1796 = B_SPLINE_CURVE_WITH_KNOTS('',1,(#1797,#1798),.UNSPECIFIED.,.F.,
  .F.,(2,2),(-6.306651641414E-02,0.),.PIECEWISE_BEZIER_KNOTS.);
#1797 = CARTESIAN_POINT('',(7.902421513604E-03,0.7995,0.312569300195));
#1798 = CARTESIAN_POINT('',(7.455142521194E-03,0.7995,0.375634230498));
#1799 = FACE_BOUND('',#1800,.T.);
#1800 = EDGE_LOOP('',(#1801,#1810,#1819,#1828,#1837,#1846,#1855,#1864,
    #1871,#1880,#1889,#1898,#1907,#1916));
#1801 = ORIENTED_EDGE('',*,*,#1802,.F.);
#1802 = EDGE_CURVE('',#1803,#1805,#1807,.T.);
#1803 = VERTEX_POINT('',#1804);
#1804 = CARTESIAN_POINT('',(-7.661451555651E-02,0.7995,0.306802149103));
#1805 = VERTEX_POINT('',#1806);
#1806 = CARTESIAN_POINT('',(-7.667697459642E-02,0.7995,0.315608677166));
#1807 = B_SPLINE_CURVE_WITH_KNOTS('',1,(#1808,#1809),.UNSPECIFIED.,.F.,
  .F.,(2,2),(-8.806749551357E-03,0.),.PIECEWISE_BEZIER_KNOTS.);
#1808 = CARTESIAN_POINT('',(-7.661451555651E-02,0.7995,0.306802149103));
#1809 = CARTESIAN_POINT('',(-7.667697459642E-02,0.7995,0.315608677166));
#1810 = ORIENTED_EDGE('',*,*,#1811,.F.);
#1811 = EDGE_CURVE('',#1812,#1803,#1814,.T.);
#1812 = VERTEX_POINT('',#1813);
#1813 = CARTESIAN_POINT('',(-5.687957639643E-02,0.7995,0.302793377908));
#1814 = B_SPLINE_CURVE_WITH_KNOTS('',3,(#1815,#1816,#1817,#1818),
  .UNSPECIFIED.,.F.,.F.,(4,4),(0.,1.),.PIECEWISE_BEZIER_KNOTS.);
#1815 = CARTESIAN_POINT('',(-5.687957639643E-02,0.7995,0.302793377908));
#1816 = CARTESIAN_POINT('',(-6.477633916372E-02,0.7995,0.302737371249));
#1817 = CARTESIAN_POINT('',(-7.135465221708E-02,0.7995,0.304073628313));
#1818 = CARTESIAN_POINT('',(-7.661451555651E-02,0.7995,0.306802149103));
#1819 = ORIENTED_EDGE('',*,*,#1820,.F.);
#1820 = EDGE_CURVE('',#1821,#1812,#1823,.T.);
#1821 = VERTEX_POINT('',#1822);
#1822 = CARTESIAN_POINT('',(-3.249399666607E-02,0.7995,0.312683111246));
#1823 = B_SPLINE_CURVE_WITH_KNOTS('',3,(#1824,#1825,#1826,#1827),
  .UNSPECIFIED.,.F.,.F.,(4,4),(1.,2.),.PIECEWISE_BEZIER_KNOTS.);
#1824 = CARTESIAN_POINT('',(-3.249399666607E-02,0.7995,0.312683111246));
#1825 = CARTESIAN_POINT('',(-3.854348320114E-02,0.7995,0.306162351393));
#1826 = CARTESIAN_POINT('',(-4.667200977784E-02,0.7995,0.302865773614));
#1827 = CARTESIAN_POINT('',(-5.687957639643E-02,0.7995,0.302793377908));
#1828 = ORIENTED_EDGE('',*,*,#1829,.F.);
#1829 = EDGE_CURVE('',#1830,#1821,#1832,.T.);
#1830 = VERTEX_POINT('',#1831);
#1831 = CARTESIAN_POINT('',(-2.354242640729E-02,0.7995,0.338476055707));
#1832 = B_SPLINE_CURVE_WITH_KNOTS('',3,(#1833,#1834,#1835,#1836),
  .UNSPECIFIED.,.F.,.F.,(4,4),(2.,3.),.PIECEWISE_BEZIER_KNOTS.);
#1833 = CARTESIAN_POINT('',(-2.354242640729E-02,0.7995,0.338476055707));
#1834 = CARTESIAN_POINT('',(-2.346680451187E-02,0.7995,0.32781360644));
#1835 = CARTESIAN_POINT('',(-2.644451013101E-02,0.7995,0.319203871099));
#1836 = CARTESIAN_POINT('',(-3.249399666607E-02,0.7995,0.312683111246));
#1837 = ORIENTED_EDGE('',*,*,#1838,.F.);
#1838 = EDGE_CURVE('',#1839,#1830,#1841,.T.);
#1839 = VERTEX_POINT('',#1840);
#1840 = CARTESIAN_POINT('',(-3.401892660621E-02,0.7995,0.366060008803));
#1841 = B_SPLINE_CURVE_WITH_KNOTS('',3,(#1842,#1843,#1844,#1845),
  .UNSPECIFIED.,.F.,.F.,(4,4),(3.,4.),.PIECEWISE_BEZIER_KNOTS.);
#1842 = CARTESIAN_POINT('',(-3.401892660621E-02,0.7995,0.366060008803));
#1843 = CARTESIAN_POINT('',(-2.710974199653E-02,0.7995,0.359121662278));
#1844 = CARTESIAN_POINT('',(-2.362372639726E-02,0.7995,0.349939098434));
#1845 = CARTESIAN_POINT('',(-2.354242640729E-02,0.7995,0.338476055707));
#1846 = ORIENTED_EDGE('',*,*,#1847,.F.);
#1847 = EDGE_CURVE('',#1848,#1839,#1850,.T.);
#1848 = VERTEX_POINT('',#1849);
#1849 = CARTESIAN_POINT('',(-6.023991262618E-02,0.7995,0.376355063604));
#1850 = B_SPLINE_CURVE_WITH_KNOTS('',3,(#1851,#1852,#1853,#1854),
  .UNSPECIFIED.,.F.,.F.,(4,4),(4.,5.),.PIECEWISE_BEZIER_KNOTS.);
#1851 = CARTESIAN_POINT('',(-6.023991262618E-02,0.7995,0.376355063604));
#1852 = CARTESIAN_POINT('',(-4.966843988945E-02,0.7995,0.376430040262));
#1853 = CARTESIAN_POINT('',(-4.092811121613E-02,0.7995,0.372998355328));
#1854 = CARTESIAN_POINT('',(-3.401892660621E-02,0.7995,0.366060008803));
#1855 = ORIENTED_EDGE('',*,*,#1856,.F.);
#1856 = EDGE_CURVE('',#1857,#1848,#1859,.T.);
#1857 = VERTEX_POINT('',#1858);
#1858 = CARTESIAN_POINT('',(-7.708631359351E-02,0.7995,0.37332418753));
#1859 = B_SPLINE_CURVE_WITH_KNOTS('',3,(#1860,#1861,#1862,#1863),
  .UNSPECIFIED.,.F.,.F.,(4,4),(5.,6.),.PIECEWISE_BEZIER_KNOTS.);
#1860 = CARTESIAN_POINT('',(-7.708631359351E-02,0.7995,0.37332418753));
#1861 = CARTESIAN_POINT('',(-7.266033799603E-02,0.7995,0.375284377572));
#1862 = CARTESIAN_POINT('',(-6.704495703858E-02,0.7995,0.376306799801));
#1863 = CARTESIAN_POINT('',(-6.023991262618E-02,0.7995,0.376355063604));
#1864 = ORIENTED_EDGE('',*,*,#1865,.F.);
#1865 = EDGE_CURVE('',#1866,#1857,#1868,.T.);
#1866 = VERTEX_POINT('',#1867);
#1867 = CARTESIAN_POINT('',(-7.701817645907E-02,0.7995,0.363717066007));
#1868 = B_SPLINE_CURVE_WITH_KNOTS('',1,(#1869,#1870),.UNSPECIFIED.,.F.,
  .F.,(2,2),(-9.607363146494E-03,0.),.PIECEWISE_BEZIER_KNOTS.);
#1869 = CARTESIAN_POINT('',(-7.701817645907E-02,0.7995,0.363717066007));
#1870 = CARTESIAN_POINT('',(-7.708631359351E-02,0.7995,0.37332418753));
#1871 = ORIENTED_EDGE('',*,*,#1872,.F.);
#1872 = EDGE_CURVE('',#1873,#1866,#1875,.T.);
#1873 = VERTEX_POINT('',#1874);
#1874 = CARTESIAN_POINT('',(-6.027204344887E-02,0.7995,0.368057358869));
#1875 = B_SPLINE_CURVE_WITH_KNOTS('',3,(#1876,#1877,#1878,#1879),
  .UNSPECIFIED.,.F.,.F.,(4,4),(7.,8.),.PIECEWISE_BEZIER_KNOTS.);
#1876 = CARTESIAN_POINT('',(-6.027204344887E-02,0.7995,0.368057358869));
#1877 = CARTESIAN_POINT('',(-6.63674709304E-02,0.7995,0.368014127922));
#1878 = CARTESIAN_POINT('',(-7.19436222288E-02,0.7995,0.366591667058));
#1879 = CARTESIAN_POINT('',(-7.701817645907E-02,0.7995,0.363717066007));
#1880 = ORIENTED_EDGE('',*,*,#1881,.F.);
#1881 = EDGE_CURVE('',#1882,#1873,#1884,.T.);
#1882 = VERTEX_POINT('',#1883);
#1883 = CARTESIAN_POINT('',(-4.081984068326E-02,0.7995,0.360298160847));
#1884 = B_SPLINE_CURVE_WITH_KNOTS('',3,(#1885,#1886,#1887,#1888),
  .UNSPECIFIED.,.F.,.F.,(4,4),(8.,9.),.PIECEWISE_BEZIER_KNOTS.);
#1885 = CARTESIAN_POINT('',(-4.081984068326E-02,0.7995,0.360298160847));
#1886 = CARTESIAN_POINT('',(-4.586097361479E-02,0.7995,0.365539311471));
#1887 = CARTESIAN_POINT('',(-5.233889006979E-02,0.7995,0.368113623624));
#1888 = CARTESIAN_POINT('',(-6.027204344887E-02,0.7995,0.368057358869));
#1889 = ORIENTED_EDGE('',*,*,#1890,.F.);
#1890 = EDGE_CURVE('',#1891,#1882,#1893,.T.);
#1891 = VERTEX_POINT('',#1892);
#1892 = CARTESIAN_POINT('',(-3.318980997076E-02,0.7995,0.338953519655));
#1893 = B_SPLINE_CURVE_WITH_KNOTS('',3,(#1894,#1895,#1896,#1897),
  .UNSPECIFIED.,.F.,.F.,(4,4),(9.,10.),.PIECEWISE_BEZIER_KNOTS.);
#1894 = CARTESIAN_POINT('',(-3.318980997076E-02,0.7995,0.338953519655));
#1895 = CARTESIAN_POINT('',(-3.325330139149E-02,0.7995,0.347905610165));
#1896 = CARTESIAN_POINT('',(-3.579664496216E-02,0.7995,0.355020490562));
#1897 = CARTESIAN_POINT('',(-4.081984068326E-02,0.7995,0.360298160847));
#1898 = ORIENTED_EDGE('',*,*,#1899,.F.);
#1899 = EDGE_CURVE('',#1900,#1891,#1902,.T.);
#1900 = VERTEX_POINT('',#1901);
#1901 = CARTESIAN_POINT('',(-4.003279031702E-02,0.7995,0.318598003974));
#1902 = B_SPLINE_CURVE_WITH_KNOTS('',3,(#1903,#1904,#1905,#1906),
  .UNSPECIFIED.,.F.,.F.,(4,4),(10.,11.),.PIECEWISE_BEZIER_KNOTS.);
#1903 = CARTESIAN_POINT('',(-4.003279031702E-02,0.7995,0.318598003974));
#1904 = CARTESIAN_POINT('',(-3.541040914109E-02,0.7995,0.323652944593));
#1905 = CARTESIAN_POINT('',(-3.31294156925E-02,0.7995,0.330438116487));
#1906 = CARTESIAN_POINT('',(-3.318980997076E-02,0.7995,0.338953519655));
#1907 = ORIENTED_EDGE('',*,*,#1908,.F.);
#1908 = EDGE_CURVE('',#1909,#1900,#1911,.T.);
#1909 = VERTEX_POINT('',#1910);
#1910 = CARTESIAN_POINT('',(-5.826590514961E-02,0.7995,0.310971845095));
#1911 = B_SPLINE_CURVE_WITH_KNOTS('',3,(#1912,#1913,#1914,#1915),
  .UNSPECIFIED.,.F.,.F.,(4,4),(11.,12.),.PIECEWISE_BEZIER_KNOTS.);
#1912 = CARTESIAN_POINT('',(-5.826590514961E-02,0.7995,0.310971845095));
#1913 = CARTESIAN_POINT('',(-5.07330485007E-02,0.7995,0.311025270803));
#1914 = CARTESIAN_POINT('',(-4.465542958816E-02,0.7995,0.313579453966));
#1915 = CARTESIAN_POINT('',(-4.003279031702E-02,0.7995,0.318598003974));
#1916 = ORIENTED_EDGE('',*,*,#1917,.F.);
#1917 = EDGE_CURVE('',#1805,#1909,#1918,.T.);
#1918 = B_SPLINE_CURVE_WITH_KNOTS('',3,(#1919,#1920,#1921,#1922),
  .UNSPECIFIED.,.F.,.F.,(4,4),(12.,13.),.PIECEWISE_BEZIER_KNOTS.);
#1919 = CARTESIAN_POINT('',(-7.667697459642E-02,0.7995,0.315608677166));
#1920 = CARTESIAN_POINT('',(-7.145066282151E-02,0.7995,0.312479601551));
#1921 = CARTESIAN_POINT('',(-6.530748853888E-02,0.7995,0.310921903673));
#1922 = CARTESIAN_POINT('',(-5.826590514961E-02,0.7995,0.310971845095));
#1923 = FACE_BOUND('',#1924,.T.);
#1924 = EDGE_LOOP('',(#1925,#1934,#1941,#1948,#1955,#1962,#1969,#1976,
    #1983,#1990,#1997,#2004));
#1925 = ORIENTED_EDGE('',*,*,#1926,.F.);
#1926 = EDGE_CURVE('',#1927,#1929,#1931,.T.);
#1927 = VERTEX_POINT('',#1928);
#1928 = CARTESIAN_POINT('',(-0.129181013254,0.7995,0.311597055553));
#1929 = VERTEX_POINT('',#1930);
#1930 = CARTESIAN_POINT('',(-0.100086719095,0.7995,0.31180340267));
#1931 = B_SPLINE_CURVE_WITH_KNOTS('',1,(#1932,#1933),.UNSPECIFIED.,.F.,
  .F.,(2,2),(-2.909502589318E-02,0.),.PIECEWISE_BEZIER_KNOTS.);
#1932 = CARTESIAN_POINT('',(-0.129181013254,0.7995,0.311597055553));
#1933 = CARTESIAN_POINT('',(-0.100086719095,0.7995,0.31180340267));
#1934 = ORIENTED_EDGE('',*,*,#1935,.F.);
#1935 = EDGE_CURVE('',#1936,#1927,#1938,.T.);
#1936 = VERTEX_POINT('',#1937);
#1937 = CARTESIAN_POINT('',(-0.129123458023,0.7995,0.303481949114));
#1938 = B_SPLINE_CURVE_WITH_KNOTS('',1,(#1939,#1940),.UNSPECIFIED.,.F.,
  .F.,(2,2),(-8.115310536824E-03,0.),.PIECEWISE_BEZIER_KNOTS.);
#1939 = CARTESIAN_POINT('',(-0.129123458023,0.7995,0.303481949114));
#1940 = CARTESIAN_POINT('',(-0.129181013254,0.7995,0.311597055553));
#1941 = ORIENTED_EDGE('',*,*,#1942,.F.);
#1942 = EDGE_CURVE('',#1943,#1936,#1945,.T.);
#1943 = VERTEX_POINT('',#1944);
#1944 = CARTESIAN_POINT('',(-9.084053437664E-02,0.7995,0.303753465271));
#1945 = B_SPLINE_CURVE_WITH_KNOTS('',1,(#1946,#1947),.UNSPECIFIED.,.F.,
  .F.,(2,2),(-3.828388647859E-02,-0.),.PIECEWISE_BEZIER_KNOTS.);
#1946 = CARTESIAN_POINT('',(-9.084053437664E-02,0.7995,0.303753465271));
#1947 = CARTESIAN_POINT('',(-0.129123458023,0.7995,0.303481949114));
#1948 = ORIENTED_EDGE('',*,*,#1949,.F.);
#1949 = EDGE_CURVE('',#1950,#1943,#1952,.T.);
#1950 = VERTEX_POINT('',#1951);
#1951 = CARTESIAN_POINT('',(-9.134536860004E-02,0.7995,0.374933502013));
#1952 = B_SPLINE_CURVE_WITH_KNOTS('',1,(#1953,#1954),.UNSPECIFIED.,.F.,
  .F.,(2,2),(-7.118182695097E-02,5.550975513611E-17),
  .PIECEWISE_BEZIER_KNOTS.);
#1953 = CARTESIAN_POINT('',(-9.134536860004E-02,0.7995,0.374933502013));
#1954 = CARTESIAN_POINT('',(-9.084053437664E-02,0.7995,0.303753465271));
#1955 = ORIENTED_EDGE('',*,*,#1956,.F.);
#1956 = EDGE_CURVE('',#1957,#1950,#1959,.T.);
#1957 = VERTEX_POINT('',#1958);
#1958 = CARTESIAN_POINT('',(-0.12800891002,0.7995,0.374673471092));
#1959 = B_SPLINE_CURVE_WITH_KNOTS('',1,(#1960,#1961),.UNSPECIFIED.,.F.,
  .F.,(2,2),(-3.666446352407E-02,0.),.PIECEWISE_BEZIER_KNOTS.);
#1960 = CARTESIAN_POINT('',(-0.12800891002,0.7995,0.374673471092));
#1961 = CARTESIAN_POINT('',(-9.134536860004E-02,0.7995,0.374933502013));
#1962 = ORIENTED_EDGE('',*,*,#1963,.F.);
#1963 = EDGE_CURVE('',#1964,#1957,#1966,.T.);
#1964 = VERTEX_POINT('',#1965);
#1965 = CARTESIAN_POINT('',(-0.127950838598,0.7995,0.36648558343));
#1966 = B_SPLINE_CURVE_WITH_KNOTS('',1,(#1967,#1968),.UNSPECIFIED.,.F.,
  .F.,(2,2),(-8.188093590883E-03,0.),.PIECEWISE_BEZIER_KNOTS.);
#1967 = CARTESIAN_POINT('',(-0.127950838598,0.7995,0.36648558343));
#1968 = CARTESIAN_POINT('',(-0.12800891002,0.7995,0.374673471092));
#1969 = ORIENTED_EDGE('',*,*,#1970,.F.);
#1970 = EDGE_CURVE('',#1971,#1964,#1973,.T.);
#1971 = VERTEX_POINT('',#1972);
#1972 = CARTESIAN_POINT('',(-0.100475926666,0.7995,0.366680445311));
#1973 = B_SPLINE_CURVE_WITH_KNOTS('',1,(#1974,#1975),.UNSPECIFIED.,.F.,
  .F.,(2,2),(-2.747560293866E-02,-0.),.PIECEWISE_BEZIER_KNOTS.);
#1974 = CARTESIAN_POINT('',(-0.100475926666,0.7995,0.366680445311));
#1975 = CARTESIAN_POINT('',(-0.127950838598,0.7995,0.36648558343));
#1976 = ORIENTED_EDGE('',*,*,#1977,.F.);
#1977 = EDGE_CURVE('',#1978,#1971,#1980,.T.);
#1978 = VERTEX_POINT('',#1979);
#1979 = CARTESIAN_POINT('',(-0.100314359067,0.7995,0.343899922305));
#1980 = B_SPLINE_CURVE_WITH_KNOTS('',1,(#1981,#1982),.UNSPECIFIED.,.F.,
  .F.,(2,2),(-2.278109594674E-02,0.),.PIECEWISE_BEZIER_KNOTS.);
#1981 = CARTESIAN_POINT('',(-0.100314359067,0.7995,0.343899922305));
#1982 = CARTESIAN_POINT('',(-0.100475926666,0.7995,0.366680445311));
#1983 = ORIENTED_EDGE('',*,*,#1984,.F.);
#1984 = EDGE_CURVE('',#1985,#1978,#1987,.T.);
#1985 = VERTEX_POINT('',#1986);
#1986 = CARTESIAN_POINT('',(-0.125769592042,0.7995,0.343719384708));
#1987 = B_SPLINE_CURVE_WITH_KNOTS('',1,(#1988,#1989),.UNSPECIFIED.,.F.,
  .F.,(2,2),(-2.545587318609E-02,0.),.PIECEWISE_BEZIER_KNOTS.);
#1988 = CARTESIAN_POINT('',(-0.125769592042,0.7995,0.343719384708));
#1989 = CARTESIAN_POINT('',(-0.100314359067,0.7995,0.343899922305));
#1990 = ORIENTED_EDGE('',*,*,#1991,.F.);
#1991 = EDGE_CURVE('',#1992,#1985,#1994,.T.);
#1992 = VERTEX_POINT('',#1993);
#1993 = CARTESIAN_POINT('',(-0.125711778716,0.7995,0.335567887658));
#1994 = B_SPLINE_CURVE_WITH_KNOTS('',1,(#1995,#1996),.UNSPECIFIED.,.F.,
  .F.,(2,2),(-8.151702063854E-03,0.),.PIECEWISE_BEZIER_KNOTS.);
#1995 = CARTESIAN_POINT('',(-0.125711778716,0.7995,0.335567887658));
#1996 = CARTESIAN_POINT('',(-0.125769592042,0.7995,0.343719384708));
#1997 = ORIENTED_EDGE('',*,*,#1998,.F.);
#1998 = EDGE_CURVE('',#1999,#1992,#2001,.T.);
#1999 = VERTEX_POINT('',#2000);
#2000 = CARTESIAN_POINT('',(-0.100256545741,0.7995,0.335748425255));
#2001 = B_SPLINE_CURVE_WITH_KNOTS('',1,(#2002,#2003),.UNSPECIFIED.,.F.,
  .F.,(2,2),(-2.545587318609E-02,-0.),.PIECEWISE_BEZIER_KNOTS.);
#2002 = CARTESIAN_POINT('',(-0.100256545741,0.7995,0.335748425255));
#2003 = CARTESIAN_POINT('',(-0.125711778716,0.7995,0.335567887658));
#2004 = ORIENTED_EDGE('',*,*,#2005,.F.);
#2005 = EDGE_CURVE('',#1929,#1999,#2006,.T.);
#2006 = B_SPLINE_CURVE_WITH_KNOTS('',1,(#2007,#2008),.UNSPECIFIED.,.F.,
  .F.,(2,2),(-2.394562481266E-02,0.),.PIECEWISE_BEZIER_KNOTS.);
#2007 = CARTESIAN_POINT('',(-0.100086719095,0.7995,0.31180340267));
#2008 = CARTESIAN_POINT('',(-0.100256545741,0.7995,0.335748425255));
#2009 = FACE_BOUND('',#2010,.T.);
#2010 = EDGE_LOOP('',(#2011,#2020,#2027,#2034,#2041,#2048,#2055,#2062));
#2011 = ORIENTED_EDGE('',*,*,#2012,.F.);
#2012 = EDGE_CURVE('',#2013,#2015,#2017,.T.);
#2013 = VERTEX_POINT('',#2014);
#2014 = CARTESIAN_POINT('',(-0.241911525051,0.7995,0.373865633097));
#2015 = VERTEX_POINT('',#2016);
#2016 = CARTESIAN_POINT('',(-0.232086059856,0.7995,0.373935318802));
#2017 = B_SPLINE_CURVE_WITH_KNOTS('',1,(#2018,#2019),.UNSPECIFIED.,.F.,
  .F.,(2,2),(-9.825712309158E-03,0.),.PIECEWISE_BEZIER_KNOTS.);
#2018 = CARTESIAN_POINT('',(-0.241911525051,0.7995,0.373865633097));
#2019 = CARTESIAN_POINT('',(-0.232086059856,0.7995,0.373935318802));
#2020 = ORIENTED_EDGE('',*,*,#2021,.F.);
#2021 = EDGE_CURVE('',#2022,#2013,#2024,.T.);
#2022 = VERTEX_POINT('',#2023);
#2023 = CARTESIAN_POINT('',(-0.268517696641,0.7995,0.302493315427));
#2024 = B_SPLINE_CURVE_WITH_KNOTS('',1,(#2025,#2026),.UNSPECIFIED.,.F.,
  .F.,(2,2),(-7.617017852343E-02,0.),.PIECEWISE_BEZIER_KNOTS.);
#2025 = CARTESIAN_POINT('',(-0.268517696641,0.7995,0.302493315427));
#2026 = CARTESIAN_POINT('',(-0.241911525051,0.7995,0.373865633097));
#2027 = ORIENTED_EDGE('',*,*,#2028,.F.);
#2028 = EDGE_CURVE('',#2029,#2022,#2031,.T.);
#2029 = VERTEX_POINT('',#2030);
#2030 = CARTESIAN_POINT('',(-0.25836471594,0.7995,0.302565323989));
#2031 = B_SPLINE_CURVE_WITH_KNOTS('',1,(#2032,#2033),.UNSPECIFIED.,.F.,
  .F.,(2,2),(-1.015323605291E-02,-0.),.PIECEWISE_BEZIER_KNOTS.);
#2032 = CARTESIAN_POINT('',(-0.25836471594,0.7995,0.302565323989));
#2033 = CARTESIAN_POINT('',(-0.268517696641,0.7995,0.302493315427));
#2034 = ORIENTED_EDGE('',*,*,#2035,.F.);
#2035 = EDGE_CURVE('',#2036,#2029,#2038,.T.);
#2036 = VERTEX_POINT('',#2037);
#2037 = CARTESIAN_POINT('',(-0.251242869815,0.7995,0.322085791313));
#2038 = B_SPLINE_CURVE_WITH_KNOTS('',1,(#2039,#2040),.UNSPECIFIED.,.F.,
  .F.,(2,2),(-2.077906005449E-02,-0.),.PIECEWISE_BEZIER_KNOTS.);
#2039 = CARTESIAN_POINT('',(-0.251242869815,0.7995,0.322085791313));
#2040 = CARTESIAN_POINT('',(-0.25836471594,0.7995,0.302565323989));
#2041 = ORIENTED_EDGE('',*,*,#2042,.F.);
#2042 = EDGE_CURVE('',#2043,#2036,#2045,.T.);
#2043 = VERTEX_POINT('',#2044);
#2044 = CARTESIAN_POINT('',(-0.221602716479,0.7995,0.322296009858));
#2045 = B_SPLINE_CURVE_WITH_KNOTS('',1,(#2046,#2047),.UNSPECIFIED.,.F.,
  .F.,(2,2),(-2.964089879959E-02,-0.),.PIECEWISE_BEZIER_KNOTS.);
#2046 = CARTESIAN_POINT('',(-0.221602716479,0.7995,0.322296009858));
#2047 = CARTESIAN_POINT('',(-0.251242869815,0.7995,0.322085791313));
#2048 = ORIENTED_EDGE('',*,*,#2049,.F.);
#2049 = EDGE_CURVE('',#2050,#2043,#2052,.T.);
#2050 = VERTEX_POINT('',#2051);
#2051 = CARTESIAN_POINT('',(-0.214623200519,0.7995,0.302875554427));
#2052 = B_SPLINE_CURVE_WITH_KNOTS('',1,(#2053,#2054),.UNSPECIFIED.,.F.,
  .F.,(2,2),(-2.063656299323E-02,0.),.PIECEWISE_BEZIER_KNOTS.);
#2053 = CARTESIAN_POINT('',(-0.214623200519,0.7995,0.302875554427));
#2054 = CARTESIAN_POINT('',(-0.221602716479,0.7995,0.322296009858));
#2055 = ORIENTED_EDGE('',*,*,#2056,.F.);
#2056 = EDGE_CURVE('',#2057,#2050,#2059,.T.);
#2057 = VERTEX_POINT('',#2058);
#2058 = CARTESIAN_POINT('',(-0.204470219819,0.7995,0.30294756299));
#2059 = B_SPLINE_CURVE_WITH_KNOTS('',1,(#2060,#2061),.UNSPECIFIED.,.F.,
  .F.,(2,2),(-1.015323605242E-02,-0.),.PIECEWISE_BEZIER_KNOTS.);
#2060 = CARTESIAN_POINT('',(-0.204470219819,0.7995,0.30294756299));
#2061 = CARTESIAN_POINT('',(-0.214623200519,0.7995,0.302875554427));
#2062 = ORIENTED_EDGE('',*,*,#2063,.F.);
#2063 = EDGE_CURVE('',#2015,#2057,#2064,.T.);
#2064 = B_SPLINE_CURVE_WITH_KNOTS('',1,(#2065,#2066),.UNSPECIFIED.,.F.,
  .F.,(2,2),(-7.617017852326E-02,0.),.PIECEWISE_BEZIER_KNOTS.);
#2065 = CARTESIAN_POINT('',(-0.232086059856,0.7995,0.373935318802));
#2066 = CARTESIAN_POINT('',(-0.204470219819,0.7995,0.30294756299));
#2067 = FACE_BOUND('',#2068,.T.);
#2068 = EDGE_LOOP('',(#2069,#2078,#2085,#2092,#2099,#2106,#2113,#2120,
    #2127,#2134,#2141,#2148));
#2069 = ORIENTED_EDGE('',*,*,#2070,.F.);
#2070 = EDGE_CURVE('',#2071,#2073,#2075,.T.);
#2071 = VERTEX_POINT('',#2072);
#2072 = CARTESIAN_POINT('',(-2.039100322036E-02,0.7995,0.199442884566));
#2073 = VERTEX_POINT('',#2074);
#2074 = CARTESIAN_POINT('',(8.703290938561E-03,0.7995,0.199649231683));
#2075 = B_SPLINE_CURVE_WITH_KNOTS('',1,(#2076,#2077),.UNSPECIFIED.,.F.,
  .F.,(2,2),(-2.909502589342E-02,0.),.PIECEWISE_BEZIER_KNOTS.);
#2076 = CARTESIAN_POINT('',(-2.039100322036E-02,0.7995,0.199442884566));
#2077 = CARTESIAN_POINT('',(8.703290938561E-03,0.7995,0.199649231683));
#2078 = ORIENTED_EDGE('',*,*,#2079,.F.);
#2079 = EDGE_CURVE('',#2080,#2071,#2082,.T.);
#2080 = VERTEX_POINT('',#2081);
#2081 = CARTESIAN_POINT('',(-2.033344798937E-02,0.7995,0.191327778128));
#2082 = B_SPLINE_CURVE_WITH_KNOTS('',1,(#2083,#2084),.UNSPECIFIED.,.F.,
  .F.,(2,2),(-8.115310536826E-03,0.),.PIECEWISE_BEZIER_KNOTS.);
#2083 = CARTESIAN_POINT('',(-2.033344798937E-02,0.7995,0.191327778128));
#2084 = CARTESIAN_POINT('',(-2.039100322036E-02,0.7995,0.199442884566));
#2085 = ORIENTED_EDGE('',*,*,#2086,.F.);
#2086 = EDGE_CURVE('',#2087,#2080,#2089,.T.);
#2087 = VERTEX_POINT('',#2088);
#2088 = CARTESIAN_POINT('',(1.794947565683E-02,0.7995,0.191599294285));
#2089 = B_SPLINE_CURVE_WITH_KNOTS('',1,(#2090,#2091),.UNSPECIFIED.,.F.,
  .F.,(2,2),(-3.828388647883E-02,-0.),.PIECEWISE_BEZIER_KNOTS.);
#2090 = CARTESIAN_POINT('',(1.794947565683E-02,0.7995,0.191599294285));
#2091 = CARTESIAN_POINT('',(-2.033344798937E-02,0.7995,0.191327778128));
#2092 = ORIENTED_EDGE('',*,*,#2093,.F.);
#2093 = EDGE_CURVE('',#2094,#2087,#2096,.T.);
#2094 = VERTEX_POINT('',#2095);
#2095 = CARTESIAN_POINT('',(1.744464143343E-02,0.7995,0.262779331026));
#2096 = B_SPLINE_CURVE_WITH_KNOTS('',1,(#2097,#2098),.UNSPECIFIED.,.F.,
  .F.,(2,2),(-7.118182695097E-02,0.),.PIECEWISE_BEZIER_KNOTS.);
#2097 = CARTESIAN_POINT('',(1.744464143343E-02,0.7995,0.262779331026));
#2098 = CARTESIAN_POINT('',(1.794947565683E-02,0.7995,0.191599294285));
#2099 = ORIENTED_EDGE('',*,*,#2100,.F.);
#2100 = EDGE_CURVE('',#2101,#2094,#2103,.T.);
#2101 = VERTEX_POINT('',#2102);
#2102 = CARTESIAN_POINT('',(-1.92188999862E-02,0.7995,0.262519300105));
#2103 = B_SPLINE_CURVE_WITH_KNOTS('',1,(#2104,#2105),.UNSPECIFIED.,.F.,
  .F.,(2,2),(-3.666446352407E-02,0.),.PIECEWISE_BEZIER_KNOTS.);
#2104 = CARTESIAN_POINT('',(-1.92188999862E-02,0.7995,0.262519300105));
#2105 = CARTESIAN_POINT('',(1.744464143343E-02,0.7995,0.262779331026));
#2106 = ORIENTED_EDGE('',*,*,#2107,.F.);
#2107 = EDGE_CURVE('',#2108,#2101,#2110,.T.);
#2108 = VERTEX_POINT('',#2109);
#2109 = CARTESIAN_POINT('',(-1.916082856479E-02,0.7995,0.254331412444));
#2110 = B_SPLINE_CURVE_WITH_KNOTS('',1,(#2111,#2112),.UNSPECIFIED.,.F.,
  .F.,(2,2),(-8.188093590883E-03,0.),.PIECEWISE_BEZIER_KNOTS.);
#2111 = CARTESIAN_POINT('',(-1.916082856479E-02,0.7995,0.254331412444));
#2112 = CARTESIAN_POINT('',(-1.92188999862E-02,0.7995,0.262519300105));
#2113 = ORIENTED_EDGE('',*,*,#2114,.F.);
#2114 = EDGE_CURVE('',#2115,#2108,#2117,.T.);
#2115 = VERTEX_POINT('',#2116);
#2116 = CARTESIAN_POINT('',(8.314083367553E-03,0.7995,0.254526274324));
#2117 = B_SPLINE_CURVE_WITH_KNOTS('',1,(#2118,#2119),.UNSPECIFIED.,.F.,
  .F.,(2,2),(-2.747560293866E-02,-0.),.PIECEWISE_BEZIER_KNOTS.);
#2118 = CARTESIAN_POINT('',(8.314083367553E-03,0.7995,0.254526274324));
#2119 = CARTESIAN_POINT('',(-1.916082856479E-02,0.7995,0.254331412444));
#2120 = ORIENTED_EDGE('',*,*,#2121,.F.);
#2121 = EDGE_CURVE('',#2122,#2115,#2124,.T.);
#2122 = VERTEX_POINT('',#2123);
#2123 = CARTESIAN_POINT('',(8.47565096666E-03,0.7995,0.231745751318));
#2124 = B_SPLINE_CURVE_WITH_KNOTS('',1,(#2125,#2126),.UNSPECIFIED.,.F.,
  .F.,(2,2),(-2.278109594674E-02,0.),.PIECEWISE_BEZIER_KNOTS.);
#2125 = CARTESIAN_POINT('',(8.47565096666E-03,0.7995,0.231745751318));
#2126 = CARTESIAN_POINT('',(8.314083367553E-03,0.7995,0.254526274324));
#2127 = ORIENTED_EDGE('',*,*,#2128,.F.);
#2128 = EDGE_CURVE('',#2129,#2122,#2131,.T.);
#2129 = VERTEX_POINT('',#2130);
#2130 = CARTESIAN_POINT('',(-1.697958200919E-02,0.7995,0.231565213721));
#2131 = B_SPLINE_CURVE_WITH_KNOTS('',1,(#2132,#2133),.UNSPECIFIED.,.F.,
  .F.,(2,2),(-2.545587318633E-02,0.),.PIECEWISE_BEZIER_KNOTS.);
#2132 = CARTESIAN_POINT('',(-1.697958200919E-02,0.7995,0.231565213721));
#2133 = CARTESIAN_POINT('',(8.47565096666E-03,0.7995,0.231745751318));
#2134 = ORIENTED_EDGE('',*,*,#2135,.F.);
#2135 = EDGE_CURVE('',#2136,#2129,#2138,.T.);
#2136 = VERTEX_POINT('',#2137);
#2137 = CARTESIAN_POINT('',(-1.692176868299E-02,0.7995,0.223413716671));
#2138 = B_SPLINE_CURVE_WITH_KNOTS('',1,(#2139,#2140),.UNSPECIFIED.,.F.,
  .F.,(2,2),(-8.151702063854E-03,0.),.PIECEWISE_BEZIER_KNOTS.);
#2139 = CARTESIAN_POINT('',(-1.692176868299E-02,0.7995,0.223413716671));
#2140 = CARTESIAN_POINT('',(-1.697958200919E-02,0.7995,0.231565213721));
#2141 = ORIENTED_EDGE('',*,*,#2142,.F.);
#2142 = EDGE_CURVE('',#2143,#2136,#2145,.T.);
#2143 = VERTEX_POINT('',#2144);
#2144 = CARTESIAN_POINT('',(8.533464292857E-03,0.7995,0.223594254268));
#2145 = B_SPLINE_CURVE_WITH_KNOTS('',1,(#2146,#2147),.UNSPECIFIED.,.F.,
  .F.,(2,2),(-2.545587318633E-02,-0.),.PIECEWISE_BEZIER_KNOTS.);
#2146 = CARTESIAN_POINT('',(8.533464292857E-03,0.7995,0.223594254268));
#2147 = CARTESIAN_POINT('',(-1.692176868299E-02,0.7995,0.223413716671));
#2148 = ORIENTED_EDGE('',*,*,#2149,.F.);
#2149 = EDGE_CURVE('',#2073,#2143,#2150,.T.);
#2150 = B_SPLINE_CURVE_WITH_KNOTS('',1,(#2151,#2152),.UNSPECIFIED.,.F.,
  .F.,(2,2),(-2.394562481266E-02,0.),.PIECEWISE_BEZIER_KNOTS.);
#2151 = CARTESIAN_POINT('',(8.703290938561E-03,0.7995,0.199649231683));
#2152 = CARTESIAN_POINT('',(8.533464292857E-03,0.7995,0.223594254268));
#2153 = FACE_BOUND('',#2154,.T.);
#2154 = EDGE_LOOP('',(#2155,#2166,#2173,#2180,#2187,#2196,#2205));
#2155 = ORIENTED_EDGE('',*,*,#2156,.F.);
#2156 = EDGE_CURVE('',#2157,#2159,#2161,.T.);
#2157 = VERTEX_POINT('',#2158);
#2158 = CARTESIAN_POINT('',(-0.250485872515,0.7995,0.189695454996));
#2159 = VERTEX_POINT('',#2160);
#2160 = CARTESIAN_POINT('',(-0.278195260286,0.7995,0.199470459328));
#2161 = B_SPLINE_CURVE_WITH_KNOTS('',3,(#2162,#2163,#2164,#2165),
  .UNSPECIFIED.,.F.,.F.,(4,4),(5.,6.),.PIECEWISE_BEZIER_KNOTS.);
#2162 = CARTESIAN_POINT('',(-0.250485872515,0.7995,0.189695454996));
#2163 = CARTESIAN_POINT('',(-0.261748766876,0.7995,0.189615574529));
#2164 = CARTESIAN_POINT('',(-0.270997273639,0.7995,0.192861693071));
#2165 = CARTESIAN_POINT('',(-0.278195260286,0.7995,0.199470459328));
#2166 = ORIENTED_EDGE('',*,*,#2167,.F.);
#2167 = EDGE_CURVE('',#2168,#2157,#2170,.T.);
#2168 = VERTEX_POINT('',#2169);
#2169 = CARTESIAN_POINT('',(-0.23090772335,0.7995,0.189834310217));
#2170 = B_SPLINE_CURVE_WITH_KNOTS('',1,(#2171,#2172),.UNSPECIFIED.,.F.,
  .F.,(2,2),(-1.957864156426E-02,-5.570660263303E-17),
  .PIECEWISE_BEZIER_KNOTS.);
#2171 = CARTESIAN_POINT('',(-0.23090772335,0.7995,0.189834310217));
#2172 = CARTESIAN_POINT('',(-0.250485872515,0.7995,0.189695454996));
#2173 = ORIENTED_EDGE('',*,*,#2174,.F.);
#2174 = EDGE_CURVE('',#2175,#2168,#2177,.T.);
#2175 = VERTEX_POINT('',#2176);
#2176 = CARTESIAN_POINT('',(-0.231412557573,0.7995,0.261014346958));
#2177 = B_SPLINE_CURVE_WITH_KNOTS('',1,(#2178,#2179),.UNSPECIFIED.,.F.,
  .F.,(2,2),(-7.118182695097E-02,0.),.PIECEWISE_BEZIER_KNOTS.);
#2178 = CARTESIAN_POINT('',(-0.231412557573,0.7995,0.261014346958));
#2179 = CARTESIAN_POINT('',(-0.23090772335,0.7995,0.189834310217));
#2180 = ORIENTED_EDGE('',*,*,#2181,.F.);
#2181 = EDGE_CURVE('',#2182,#2175,#2184,.T.);
#2182 = VERTEX_POINT('',#2183);
#2183 = CARTESIAN_POINT('',(-0.251718518974,0.7995,0.260870329833));
#2184 = B_SPLINE_CURVE_WITH_KNOTS('',1,(#2185,#2186),.UNSPECIFIED.,.F.,
  .F.,(2,2),(-2.030647210533E-02,-5.550975513611E-17),
  .PIECEWISE_BEZIER_KNOTS.);
#2185 = CARTESIAN_POINT('',(-0.251718518974,0.7995,0.260870329833));
#2186 = CARTESIAN_POINT('',(-0.231412557573,0.7995,0.261014346958));
#2187 = ORIENTED_EDGE('',*,*,#2188,.F.);
#2188 = EDGE_CURVE('',#2189,#2182,#2191,.T.);
#2189 = VERTEX_POINT('',#2190);
#2190 = CARTESIAN_POINT('',(-0.278562529765,0.7995,0.251254299964));
#2191 = B_SPLINE_CURVE_WITH_KNOTS('',3,(#2192,#2193,#2194,#2195),
  .UNSPECIFIED.,.F.,.F.,(4,4),(2.,3.),.PIECEWISE_BEZIER_KNOTS.);
#2192 = CARTESIAN_POINT('',(-0.278562529765,0.7995,0.251254299964));
#2193 = CARTESIAN_POINT('',(-0.271456425011,0.7995,0.257600591518));
#2194 = CARTESIAN_POINT('',(-0.262508335382,0.7995,0.260793804604));
#2195 = CARTESIAN_POINT('',(-0.251718518974,0.7995,0.260870329833));
#2196 = ORIENTED_EDGE('',*,*,#2197,.F.);
#2197 = EDGE_CURVE('',#2198,#2189,#2200,.T.);
#2198 = VERTEX_POINT('',#2199);
#2199 = CARTESIAN_POINT('',(-0.289118642182,0.7995,0.225923077267));
#2200 = B_SPLINE_CURVE_WITH_KNOTS('',3,(#2201,#2202,#2203,#2204),
  .UNSPECIFIED.,.F.,.F.,(4,4),(3.,4.),.PIECEWISE_BEZIER_KNOTS.);
#2201 = CARTESIAN_POINT('',(-0.289118642182,0.7995,0.225923077267));
#2202 = CARTESIAN_POINT('',(-0.289193489792,0.7995,0.236476354698));
#2203 = CARTESIAN_POINT('',(-0.285668634519,0.7995,0.244908008409));
#2204 = CARTESIAN_POINT('',(-0.278562529765,0.7995,0.251254299964));
#2205 = ORIENTED_EDGE('',*,*,#2206,.F.);
#2206 = EDGE_CURVE('',#2159,#2198,#2207,.T.);
#2207 = B_SPLINE_CURVE_WITH_KNOTS('',3,(#2208,#2209,#2210,#2211),
  .UNSPECIFIED.,.F.,.F.,(4,4),(4.,5.),.PIECEWISE_BEZIER_KNOTS.);
#2208 = CARTESIAN_POINT('',(-0.278195260286,0.7995,0.199470459328));
#2209 = CARTESIAN_POINT('',(-0.285393246934,0.7995,0.206079225585));
#2210 = CARTESIAN_POINT('',(-0.289040439335,0.7995,0.214896721882));
#2211 = CARTESIAN_POINT('',(-0.289118642182,0.7995,0.225923077267));
#2212 = FACE_BOUND('',#2213,.T.);
#2213 = EDGE_LOOP('',(#2214,#2225,#2234,#2243,#2252,#2259,#2268,#2277,
    #2286,#2293,#2302,#2311,#2320,#2329,#2338,#2347,#2356,#2365,#2374,
    #2383,#2390,#2397,#2404,#2413,#2422,#2431,#2440,#2449,#2458,#2467,
    #2476,#2485,#2494));
#2214 = ORIENTED_EDGE('',*,*,#2215,.F.);
#2215 = EDGE_CURVE('',#2216,#2218,#2220,.T.);
#2216 = VERTEX_POINT('',#2217);
#2217 = CARTESIAN_POINT('',(0.12537577423,0.7995,0.329269638703));
#2218 = VERTEX_POINT('',#2219);
#2219 = CARTESIAN_POINT('',(0.152420695893,0.7995,0.369444002242));
#2220 = B_SPLINE_CURVE_WITH_KNOTS('',3,(#2221,#2222,#2223,#2224),
  .UNSPECIFIED.,.F.,.F.,(4,4),(0.,1.),.PIECEWISE_BEZIER_KNOTS.);
#2221 = CARTESIAN_POINT('',(0.12537577423,0.7995,0.329269638703));
#2222 = CARTESIAN_POINT('',(0.130834997513,0.7995,0.34449160461));
#2223 = CARTESIAN_POINT('',(0.140353666459,0.7995,0.358224035874));
#2224 = CARTESIAN_POINT('',(0.152420695893,0.7995,0.369444002242));
#2225 = ORIENTED_EDGE('',*,*,#2226,.F.);
#2226 = EDGE_CURVE('',#2227,#2216,#2229,.T.);
#2227 = VERTEX_POINT('',#2228);
#2228 = CARTESIAN_POINT('',(7.574379120284E-02,0.7995,0.262617469135));
#2229 = B_SPLINE_CURVE_WITH_KNOTS('',3,(#2230,#2231,#2232,#2233),
  .UNSPECIFIED.,.F.,.F.,(4,4),(35.,36.),.PIECEWISE_BEZIER_KNOTS.);
#2230 = CARTESIAN_POINT('',(7.574379120284E-02,0.7995,0.262617469135));
#2231 = CARTESIAN_POINT('',(7.60345072173E-02,0.7995,0.292986005984));
#2232 = CARTESIAN_POINT('',(9.659367885673E-02,0.7995,0.319955561384));
#2233 = CARTESIAN_POINT('',(0.12537577423,0.7995,0.329269638703));
#2234 = ORIENTED_EDGE('',*,*,#2235,.F.);
#2235 = EDGE_CURVE('',#2236,#2227,#2238,.T.);
#2236 = VERTEX_POINT('',#2237);
#2237 = CARTESIAN_POINT('',(9.480984335066E-02,0.7995,0.214672409749));
#2238 = B_SPLINE_CURVE_WITH_KNOTS('',3,(#2239,#2240,#2241,#2242),
  .UNSPECIFIED.,.F.,.F.,(4,4),(34.,35.),.PIECEWISE_BEZIER_KNOTS.);
#2239 = CARTESIAN_POINT('',(9.480984335066E-02,0.7995,0.214672409749));
#2240 = CARTESIAN_POINT('',(8.257052661505E-02,0.7995,0.227744410618));
#2241 = CARTESIAN_POINT('',(7.586941739227E-02,0.7995,0.244904571782));
#2242 = CARTESIAN_POINT('',(7.574379120284E-02,0.7995,0.262617469135));
#2243 = ORIENTED_EDGE('',*,*,#2244,.F.);
#2244 = EDGE_CURVE('',#2245,#2236,#2247,.T.);
#2245 = VERTEX_POINT('',#2246);
#2246 = CARTESIAN_POINT('',(0.14102488813,0.7995,0.192225312619));
#2247 = B_SPLINE_CURVE_WITH_KNOTS('',3,(#2248,#2249,#2250,#2251),
  .UNSPECIFIED.,.F.,.F.,(4,4),(33.,34.),.PIECEWISE_BEZIER_KNOTS.);
#2248 = CARTESIAN_POINT('',(0.14102488813,0.7995,0.192225312619));
#2249 = CARTESIAN_POINT('',(0.123301222847,0.7995,0.193617930913));
#2250 = CARTESIAN_POINT('',(0.10704914078,0.7995,0.201600408743));
#2251 = CARTESIAN_POINT('',(9.480984335066E-02,0.7995,0.214672409749));
#2252 = ORIENTED_EDGE('',*,*,#2253,.F.);
#2253 = EDGE_CURVE('',#2254,#2245,#2256,.T.);
#2254 = VERTEX_POINT('',#2255);
#2255 = CARTESIAN_POINT('',(0.170883760655,0.7995,0.192437082399));
#2256 = B_SPLINE_CURVE_WITH_KNOTS('',1,(#2257,#2258),.UNSPECIFIED.,.F.,
  .F.,(2,2),(-2.834134082082E-02,1.518282668045E-03),
  .PIECEWISE_BEZIER_KNOTS.);
#2257 = CARTESIAN_POINT('',(0.170883760655,0.7995,0.192437082399));
#2258 = CARTESIAN_POINT('',(0.14102488813,0.7995,0.192225312619));
#2259 = ORIENTED_EDGE('',*,*,#2260,.F.);
#2260 = EDGE_CURVE('',#2261,#2254,#2263,.T.);
#2261 = VERTEX_POINT('',#2262);
#2262 = CARTESIAN_POINT('',(0.185448900185,0.7995,0.20822973123));
#2263 = B_SPLINE_CURVE_WITH_KNOTS('',3,(#2264,#2265,#2266,#2267),
  .UNSPECIFIED.,.F.,.F.,(4,4),(28.,29.),.PIECEWISE_BEZIER_KNOTS.);
#2264 = CARTESIAN_POINT('',(0.185448900185,0.7995,0.20822973123));
#2265 = CARTESIAN_POINT('',(0.185506329245,0.7995,0.200132414448));
#2266 = CARTESIAN_POINT('',(0.178977507478,0.7995,0.193000586656));
#2267 = CARTESIAN_POINT('',(0.170883760655,0.7995,0.192437082399));
#2268 = ORIENTED_EDGE('',*,*,#2269,.F.);
#2269 = EDGE_CURVE('',#2270,#2261,#2272,.T.);
#2270 = VERTEX_POINT('',#2271);
#2271 = CARTESIAN_POINT('',(0.169649072825,0.7995,0.223807020878));
#2272 = B_SPLINE_CURVE_WITH_KNOTS('',3,(#2273,#2274,#2275,#2276),
  .UNSPECIFIED.,.F.,.F.,(4,4),(27.,28.),.PIECEWISE_BEZIER_KNOTS.);
#2273 = CARTESIAN_POINT('',(0.169649072825,0.7995,0.223807020878));
#2274 = CARTESIAN_POINT('',(0.178252483971,0.7995,0.22386803934));
#2275 = CARTESIAN_POINT('',(0.185387881859,0.7995,0.216833123071));
#2276 = CARTESIAN_POINT('',(0.185448900185,0.7995,0.20822973123));
#2277 = ORIENTED_EDGE('',*,*,#2278,.F.);
#2278 = EDGE_CURVE('',#2279,#2270,#2281,.T.);
#2279 = VERTEX_POINT('',#2280);
#2280 = CARTESIAN_POINT('',(0.166616173123,0.7995,0.223279409955));
#2281 = B_SPLINE_CURVE_WITH_KNOTS('',3,(#2282,#2283,#2284,#2285),
  .UNSPECIFIED.,.F.,.F.,(4,4),(26.,27.),.PIECEWISE_BEZIER_KNOTS.);
#2282 = CARTESIAN_POINT('',(0.166616173123,0.7995,0.223279409955));
#2283 = CARTESIAN_POINT('',(0.167628342547,0.7995,0.223286588622));
#2284 = CARTESIAN_POINT('',(0.168636922706,0.7995,0.223799842348));
#2285 = CARTESIAN_POINT('',(0.169649072825,0.7995,0.223807020878));
#2286 = ORIENTED_EDGE('',*,*,#2287,.F.);
#2287 = EDGE_CURVE('',#2288,#2279,#2290,.T.);
#2288 = VERTEX_POINT('',#2289);
#2289 = CARTESIAN_POINT('',(0.143842447956,0.7995,0.223117890569));
#2290 = B_SPLINE_CURVE_WITH_KNOTS('',1,(#2291,#2292),.UNSPECIFIED.,.F.,
  .F.,(2,2),(5.570660263303E-17,2.277429793654E-02),
  .PIECEWISE_BEZIER_KNOTS.);
#2291 = CARTESIAN_POINT('',(0.143842447956,0.7995,0.223117890569));
#2292 = CARTESIAN_POINT('',(0.166616173123,0.7995,0.223279409955));
#2293 = ORIENTED_EDGE('',*,*,#2294,.F.);
#2294 = EDGE_CURVE('',#2295,#2288,#2297,.T.);
#2295 = VERTEX_POINT('',#2296);
#2296 = CARTESIAN_POINT('',(0.107124516918,0.7995,0.262333912619));
#2297 = B_SPLINE_CURVE_WITH_KNOTS('',3,(#2298,#2299,#2300,#2301),
  .UNSPECIFIED.,.F.,.F.,(4,4),(24.,25.),.PIECEWISE_BEZIER_KNOTS.);
#2298 = CARTESIAN_POINT('',(0.107124516918,0.7995,0.262333912619));
#2299 = CARTESIAN_POINT('',(0.10727167904,0.7995,0.241584516647));
#2300 = CARTESIAN_POINT('',(0.1230822744,0.7995,0.224488972863));
#2301 = CARTESIAN_POINT('',(0.143842447956,0.7995,0.223117890569));
#2302 = ORIENTED_EDGE('',*,*,#2303,.F.);
#2303 = EDGE_CURVE('',#2304,#2295,#2306,.T.);
#2304 = VERTEX_POINT('',#2305);
#2305 = CARTESIAN_POINT('',(0.146319003105,0.7995,0.302088332623));
#2306 = B_SPLINE_CURVE_WITH_KNOTS('',3,(#2307,#2308,#2309,#2310),
  .UNSPECIFIED.,.F.,.F.,(4,4),(23.,24.),.PIECEWISE_BEZIER_KNOTS.);
#2307 = CARTESIAN_POINT('',(0.146319003105,0.7995,0.302088332623));
#2308 = CARTESIAN_POINT('',(0.124557447361,0.7995,0.301933991903));
#2309 = CARTESIAN_POINT('',(0.106970176199,0.7995,0.284095468362));
#2310 = CARTESIAN_POINT('',(0.107124516918,0.7995,0.262333912619));
#2311 = ORIENTED_EDGE('',*,*,#2312,.F.);
#2312 = EDGE_CURVE('',#2313,#2304,#2315,.T.);
#2313 = VERTEX_POINT('',#2314);
#2314 = CARTESIAN_POINT('',(0.150367661495,0.7995,0.302117047153));
#2315 = B_SPLINE_CURVE_WITH_KNOTS('',3,(#2316,#2317,#2318,#2319),
  .UNSPECIFIED.,.F.,.F.,(4,4),(22.,23.),.PIECEWISE_BEZIER_KNOTS.);
#2316 = CARTESIAN_POINT('',(0.150367661495,0.7995,0.302117047153));
#2317 = CARTESIAN_POINT('',(0.148849417012,0.7995,0.302106279221));
#2318 = CARTESIAN_POINT('',(0.147837247588,0.7995,0.302099100555));
#2319 = CARTESIAN_POINT('',(0.146319003105,0.7995,0.302088332623));
#2320 = ORIENTED_EDGE('',*,*,#2321,.F.);
#2321 = EDGE_CURVE('',#2322,#2313,#2324,.T.);
#2322 = VERTEX_POINT('',#2323);
#2323 = CARTESIAN_POINT('',(0.220770585942,0.7995,0.365879899597));
#2324 = B_SPLINE_CURVE_WITH_KNOTS('',3,(#2325,#2326,#2327,#2328),
  .UNSPECIFIED.,.F.,.F.,(4,4),(21.,22.),.PIECEWISE_BEZIER_KNOTS.);
#2325 = CARTESIAN_POINT('',(0.220770585942,0.7995,0.365879899597));
#2326 = CARTESIAN_POINT('',(0.184332621813,0.7995,0.365621468552));
#2327 = CARTESIAN_POINT('',(0.154165067508,0.7995,0.337571556388));
#2328 = CARTESIAN_POINT('',(0.150367661495,0.7995,0.302117047153));
#2329 = ORIENTED_EDGE('',*,*,#2330,.F.);
#2330 = EDGE_CURVE('',#2331,#2322,#2333,.T.);
#2331 = VERTEX_POINT('',#2332);
#2332 = CARTESIAN_POINT('',(0.288930241578,0.7995,0.317776948359));
#2333 = B_SPLINE_CURVE_WITH_KNOTS('',3,(#2334,#2335,#2336,#2337),
  .UNSPECIFIED.,.F.,.F.,(4,4),(20.,21.),.PIECEWISE_BEZIER_KNOTS.);
#2334 = CARTESIAN_POINT('',(0.288930241578,0.7995,0.317776948359));
#2335 = CARTESIAN_POINT('',(0.279113678602,0.7995,0.346049360103));
#2336 = CARTESIAN_POINT('',(0.252653797315,0.7995,0.366106026711));
#2337 = CARTESIAN_POINT('',(0.220770585942,0.7995,0.365879899597));
#2338 = ORIENTED_EDGE('',*,*,#2339,.F.);
#2339 = EDGE_CURVE('',#2340,#2331,#2342,.T.);
#2340 = VERTEX_POINT('',#2341);
#2341 = CARTESIAN_POINT('',(0.315698785341,0.7995,0.325558423998));
#2342 = B_SPLINE_CURVE_WITH_KNOTS('',3,(#2343,#2344,#2345,#2346),
  .UNSPECIFIED.,.F.,.F.,(4,4),(19.,20.),.PIECEWISE_BEZIER_KNOTS.);
#2343 = CARTESIAN_POINT('',(0.315698785341,0.7995,0.325558423998));
#2344 = CARTESIAN_POINT('',(0.306083214423,0.7995,0.325490226937));
#2345 = CARTESIAN_POINT('',(0.296489179437,0.7995,0.322385531258));
#2346 = CARTESIAN_POINT('',(0.288930241578,0.7995,0.317776948359));
#2347 = ORIENTED_EDGE('',*,*,#2348,.F.);
#2348 = EDGE_CURVE('',#2349,#2340,#2351,.T.);
#2349 = VERTEX_POINT('',#2350);
#2350 = CARTESIAN_POINT('',(0.36666599546,0.7995,0.275309077819));
#2351 = B_SPLINE_CURVE_WITH_KNOTS('',3,(#2352,#2353,#2354,#2355),
  .UNSPECIFIED.,.F.,.F.,(4,4),(18.,19.),.PIECEWISE_BEZIER_KNOTS.);
#2352 = CARTESIAN_POINT('',(0.36666599546,0.7995,0.275309077819));
#2353 = CARTESIAN_POINT('',(0.366468582876,0.7995,0.303143630801));
#2354 = CARTESIAN_POINT('',(0.343533338323,0.7995,0.325755836581));
#2355 = CARTESIAN_POINT('',(0.315698785341,0.7995,0.325558423998));
#2356 = ORIENTED_EDGE('',*,*,#2357,.F.);
#2357 = EDGE_CURVE('',#2358,#2349,#2360,.T.);
#2358 = VERTEX_POINT('',#2359);
#2359 = CARTESIAN_POINT('',(0.33663124601,0.7995,0.228534098879));
#2360 = B_SPLINE_CURVE_WITH_KNOTS('',3,(#2361,#2362,#2363,#2364),
  .UNSPECIFIED.,.F.,.F.,(4,4),(17.,18.),.PIECEWISE_BEZIER_KNOTS.);
#2361 = CARTESIAN_POINT('',(0.33663124601,0.7995,0.228534098879));
#2362 = CARTESIAN_POINT('',(0.354286714233,0.7995,0.236757051502));
#2363 = CARTESIAN_POINT('',(0.366813157581,0.7995,0.254559681847));
#2364 = CARTESIAN_POINT('',(0.36666599546,0.7995,0.275309077819));
#2365 = ORIENTED_EDGE('',*,*,#2366,.F.);
#2366 = EDGE_CURVE('',#2367,#2358,#2369,.T.);
#2367 = VERTEX_POINT('',#2368);
#2368 = CARTESIAN_POINT('',(0.288822571366,0.7995,0.26159816835));
#2369 = B_SPLINE_CURVE_WITH_KNOTS('',3,(#2370,#2371,#2372,#2373),
  .UNSPECIFIED.,.F.,.F.,(4,4),(16.,17.),.PIECEWISE_BEZIER_KNOTS.);
#2370 = CARTESIAN_POINT('',(0.288822571366,0.7995,0.26159816835));
#2371 = CARTESIAN_POINT('',(0.310584136762,0.7995,0.261752509138));
#2372 = CARTESIAN_POINT('',(0.32940969481,0.7995,0.247714999905));
#2373 = CARTESIAN_POINT('',(0.33663124601,0.7995,0.228534098879));
#2374 = ORIENTED_EDGE('',*,*,#2375,.F.);
#2375 = EDGE_CURVE('',#2376,#2367,#2378,.T.);
#2376 = VERTEX_POINT('',#2377);
#2377 = CARTESIAN_POINT('',(0.25098839961,0.7995,0.244122156732));
#2378 = B_SPLINE_CURVE_WITH_KNOTS('',3,(#2379,#2380,#2381,#2382),
  .UNSPECIFIED.,.F.,.F.,(4,4),(15.,16.),.PIECEWISE_BEZIER_KNOTS.);
#2379 = CARTESIAN_POINT('',(0.25098839961,0.7995,0.244122156732));
#2380 = CARTESIAN_POINT('',(0.260022510089,0.7995,0.254814504801));
#2381 = CARTESIAN_POINT('',(0.273640087921,0.7995,0.261490488759));
#2382 = CARTESIAN_POINT('',(0.288822571366,0.7995,0.26159816835));
#2383 = ORIENTED_EDGE('',*,*,#2384,.F.);
#2384 = EDGE_CURVE('',#2385,#2376,#2387,.T.);
#2385 = VERTEX_POINT('',#2386);
#2386 = CARTESIAN_POINT('',(0.182922056442,0.7995,0.27906698261));
#2387 = B_SPLINE_CURVE_WITH_KNOTS('',1,(#2388,#2389),.UNSPECIFIED.,.F.,
  .F.,(2,2),(0.,7.651253445007E-02),.PIECEWISE_BEZIER_KNOTS.);
#2388 = CARTESIAN_POINT('',(0.182922056442,0.7995,0.27906698261));
#2389 = CARTESIAN_POINT('',(0.25098839961,0.7995,0.244122156732));
#2390 = ORIENTED_EDGE('',*,*,#2391,.F.);
#2391 = EDGE_CURVE('',#2392,#2385,#2394,.T.);
#2392 = VERTEX_POINT('',#2393);
#2393 = CARTESIAN_POINT('',(0.167423731923,0.7995,0.252133320544));
#2394 = B_SPLINE_CURVE_WITH_KNOTS('',1,(#2395,#2396),.UNSPECIFIED.,.F.,
  .F.,(2,2),(0.,3.107443024757E-02),.PIECEWISE_BEZIER_KNOTS.);
#2395 = CARTESIAN_POINT('',(0.167423731923,0.7995,0.252133320544));
#2396 = CARTESIAN_POINT('',(0.182922056442,0.7995,0.27906698261));
#2397 = ORIENTED_EDGE('',*,*,#2398,.F.);
#2398 = EDGE_CURVE('',#2399,#2392,#2401,.T.);
#2399 = VERTEX_POINT('',#2400);
#2400 = CARTESIAN_POINT('',(0.238540930976,0.7995,0.215185701402));
#2401 = B_SPLINE_CURVE_WITH_KNOTS('',1,(#2402,#2403),.UNSPECIFIED.,.F.,
  .F.,(2,2),(-3.646384554494E-17,8.014226451377E-02),
  .PIECEWISE_BEZIER_KNOTS.);
#2402 = CARTESIAN_POINT('',(0.238540930976,0.7995,0.215185701402));
#2403 = CARTESIAN_POINT('',(0.167423731923,0.7995,0.252133320544));
#2404 = ORIENTED_EDGE('',*,*,#2405,.F.);
#2405 = EDGE_CURVE('',#2406,#2399,#2408,.T.);
#2406 = VERTEX_POINT('',#2407);
#2407 = CARTESIAN_POINT('',(0.238576824173,0.7995,0.210124873587));
#2408 = B_SPLINE_CURVE_WITH_KNOTS('',3,(#2409,#2410,#2411,#2412),
  .UNSPECIFIED.,.F.,.F.,(4,4),(11.,12.),.PIECEWISE_BEZIER_KNOTS.);
#2409 = CARTESIAN_POINT('',(0.238576824173,0.7995,0.210124873587));
#2410 = CARTESIAN_POINT('',(0.238566056241,0.7995,0.21164311807));
#2411 = CARTESIAN_POINT('',(0.238555288309,0.7995,0.213161362554));
#2412 = CARTESIAN_POINT('',(0.238540930976,0.7995,0.215185701402));
#2413 = ORIENTED_EDGE('',*,*,#2414,.F.);
#2414 = EDGE_CURVE('',#2415,#2406,#2417,.T.);
#2415 = VERTEX_POINT('',#2416);
#2416 = CARTESIAN_POINT('',(0.289544034292,0.7995,0.159875527407));
#2417 = B_SPLINE_CURVE_WITH_KNOTS('',3,(#2418,#2419,#2420,#2421),
  .UNSPECIFIED.,.F.,.F.,(4,4),(10.,11.),.PIECEWISE_BEZIER_KNOTS.);
#2418 = CARTESIAN_POINT('',(0.289544034292,0.7995,0.159875527407));
#2419 = CARTESIAN_POINT('',(0.26170948131,0.7995,0.159678114824));
#2420 = CARTESIAN_POINT('',(0.238774236756,0.7995,0.182290320604));
#2421 = CARTESIAN_POINT('',(0.238576824173,0.7995,0.210124873587));
#2422 = ORIENTED_EDGE('',*,*,#2423,.F.);
#2423 = EDGE_CURVE('',#2424,#2415,#2426,.T.);
#2424 = VERTEX_POINT('',#2425);
#2425 = CARTESIAN_POINT('',(0.337377829648,0.7995,0.194630138093));
#2426 = B_SPLINE_CURVE_WITH_KNOTS('',3,(#2427,#2428,#2429,#2430),
  .UNSPECIFIED.,.F.,.F.,(4,4),(9.,10.),.PIECEWISE_BEZIER_KNOTS.);
#2427 = CARTESIAN_POINT('',(0.337377829648,0.7995,0.194630138093));
#2428 = CARTESIAN_POINT('',(0.330942325312,0.7995,0.17434016567));
#2429 = CARTESIAN_POINT('',(0.3118116844,0.7995,0.160033457529));
#2430 = CARTESIAN_POINT('',(0.289544034292,0.7995,0.159875527407));
#2431 = ORIENTED_EDGE('',*,*,#2432,.F.);
#2432 = EDGE_CURVE('',#2433,#2424,#2435,.T.);
#2433 = VERTEX_POINT('',#2434);
#2434 = CARTESIAN_POINT('',(0.377692164849,0.7995,0.21920925332));
#2435 = B_SPLINE_CURVE_WITH_KNOTS('',3,(#2436,#2437,#2438,#2439),
  .UNSPECIFIED.,.F.,.F.,(4,4),(8.,9.),.PIECEWISE_BEZIER_KNOTS.);
#2436 = CARTESIAN_POINT('',(0.377692164849,0.7995,0.21920925332));
#2437 = CARTESIAN_POINT('',(0.36664448835,0.7995,0.206984293815));
#2438 = CARTESIAN_POINT('',(0.353037678448,0.7995,0.198790065374));
#2439 = CARTESIAN_POINT('',(0.337377829648,0.7995,0.194630138093));
#2440 = ORIENTED_EDGE('',*,*,#2441,.F.);
#2441 = EDGE_CURVE('',#2442,#2433,#2444,.T.);
#2442 = VERTEX_POINT('',#2443);
#2443 = CARTESIAN_POINT('',(0.398556404942,0.7995,0.27452301634));
#2444 = B_SPLINE_CURVE_WITH_KNOTS('',3,(#2445,#2446,#2447,#2448),
  .UNSPECIFIED.,.F.,.F.,(4,4),(7.,8.),.PIECEWISE_BEZIER_KNOTS.);
#2445 = CARTESIAN_POINT('',(0.398556404942,0.7995,0.27452301634));
#2446 = CARTESIAN_POINT('',(0.39869997773,0.7995,0.25427970508));
#2447 = CARTESIAN_POINT('',(0.391248719531,0.7995,0.234488629084));
#2448 = CARTESIAN_POINT('',(0.377692164849,0.7995,0.21920925332));
#2449 = ORIENTED_EDGE('',*,*,#2450,.F.);
#2450 = EDGE_CURVE('',#2451,#2442,#2453,.T.);
#2451 = VERTEX_POINT('',#2452);
#2452 = CARTESIAN_POINT('',(0.3743613183,0.7995,0.332047748551));
#2453 = B_SPLINE_CURVE_WITH_KNOTS('',3,(#2454,#2455,#2456,#2457),
  .UNSPECIFIED.,.F.,.F.,(4,4),(6.,7.),.PIECEWISE_BEZIER_KNOTS.);
#2454 = CARTESIAN_POINT('',(0.3743613183,0.7995,0.332047748551));
#2455 = CARTESIAN_POINT('',(0.389651494574,0.7995,0.316972949618));
#2456 = CARTESIAN_POINT('',(0.398402064222,0.7995,0.296284572082));
#2457 = CARTESIAN_POINT('',(0.398556404942,0.7995,0.27452301634));
#2458 = ORIENTED_EDGE('',*,*,#2459,.F.);
#2459 = EDGE_CURVE('',#2460,#2451,#2462,.T.);
#2460 = VERTEX_POINT('',#2461);
#2461 = CARTESIAN_POINT('',(0.315989511076,0.7995,0.355926951263));
#2462 = B_SPLINE_CURVE_WITH_KNOTS('',3,(#2463,#2464,#2465,#2466),
  .UNSPECIFIED.,.F.,.F.,(4,4),(5.,6.),.PIECEWISE_BEZIER_KNOTS.);
#2463 = CARTESIAN_POINT('',(0.315989511076,0.7995,0.355926951263));
#2464 = CARTESIAN_POINT('',(0.337751071646,0.7995,0.356081292017));
#2465 = CARTESIAN_POINT('',(0.358561481219,0.7995,0.347625047784));
#2466 = CARTESIAN_POINT('',(0.3743613183,0.7995,0.332047748551));
#2467 = ORIENTED_EDGE('',*,*,#2468,.F.);
#2468 = EDGE_CURVE('',#2469,#2460,#2471,.T.);
#2469 = VERTEX_POINT('',#2470);
#2470 = CARTESIAN_POINT('',(0.304356789596,0.7995,0.35483223234));
#2471 = B_SPLINE_CURVE_WITH_KNOTS('',3,(#2472,#2473,#2474,#2475),
  .UNSPECIFIED.,.F.,.F.,(4,4),(4.,5.),.PIECEWISE_BEZIER_KNOTS.);
#2472 = CARTESIAN_POINT('',(0.304356789596,0.7995,0.35483223234));
#2473 = CARTESIAN_POINT('',(0.308401858653,0.7995,0.355367031582));
#2474 = CARTESIAN_POINT('',(0.311940852685,0.7995,0.355898236732));
#2475 = CARTESIAN_POINT('',(0.315989511076,0.7995,0.355926951263));
#2476 = ORIENTED_EDGE('',*,*,#2477,.F.);
#2477 = EDGE_CURVE('',#2478,#2469,#2480,.T.);
#2478 = VERTEX_POINT('',#2479);
#2479 = CARTESIAN_POINT('',(0.28193121907,0.7995,0.376941945154));
#2480 = B_SPLINE_CURVE_WITH_KNOTS('',3,(#2481,#2482,#2483,#2484),
  .UNSPECIFIED.,.F.,.F.,(4,4),(3.,4.),.PIECEWISE_BEZIER_KNOTS.);
#2481 = CARTESIAN_POINT('',(0.28193121907,0.7995,0.376941945154));
#2482 = CARTESIAN_POINT('',(0.290577702064,0.7995,0.370929968791));
#2483 = CARTESIAN_POINT('',(0.297716698869,0.7995,0.363388977531));
#2484 = CARTESIAN_POINT('',(0.304356789596,0.7995,0.35483223234));
#2485 = ORIENTED_EDGE('',*,*,#2486,.F.);
#2486 = EDGE_CURVE('',#2487,#2478,#2489,.T.);
#2487 = VERTEX_POINT('',#2488);
#2488 = CARTESIAN_POINT('',(0.22106130182,0.7995,0.396248455752));
#2489 = B_SPLINE_CURVE_WITH_KNOTS('',3,(#2490,#2491,#2492,#2493),
  .UNSPECIFIED.,.F.,.F.,(4,4),(2.,3.),.PIECEWISE_BEZIER_KNOTS.);
#2490 = CARTESIAN_POINT('',(0.22106130182,0.7995,0.396248455752));
#2491 = CARTESIAN_POINT('',(0.243328942275,0.7995,0.396406385805));
#2492 = CARTESIAN_POINT('',(0.264128588721,0.7995,0.389468389106));
#2493 = CARTESIAN_POINT('',(0.28193121907,0.7995,0.376941945154));
#2494 = ORIENTED_EDGE('',*,*,#2495,.F.);
#2495 = EDGE_CURVE('',#2218,#2487,#2496,.T.);
#2496 = B_SPLINE_CURVE_WITH_KNOTS('',3,(#2497,#2498,#2499,#2500),
  .UNSPECIFIED.,.F.,.F.,(4,4),(1.,2.),.PIECEWISE_BEZIER_KNOTS.);
#2497 = CARTESIAN_POINT('',(0.152420695893,0.7995,0.369444002242));
#2498 = CARTESIAN_POINT('',(0.171533390168,0.7995,0.386281129721));
#2499 = CARTESIAN_POINT('',(0.195757162745,0.7995,0.396068989767));
#2500 = CARTESIAN_POINT('',(0.22106130182,0.7995,0.396248455752));
#2501 = B_SPLINE_SURFACE_WITH_KNOTS('',1,1,(
    (#2502,#2503)
    ,(#2504,#2505
  )),.UNSPECIFIED.,.F.,.F.,.F.,(2,2),(2,2),(4.E-02,0.51),(-1.55,1.55),
  .PIECEWISE_BEZIER_KNOTS.);
#2502 = CARTESIAN_POINT('',(-1.55,0.7995,4.00001E-02));
#2503 = CARTESIAN_POINT('',(1.55,0.7995,4.00001E-02));
#2504 = CARTESIAN_POINT('',(-1.55,0.7995,0.5100001));
#2505 = CARTESIAN_POINT('',(1.55,0.7995,0.5100001));
#2506 = ADVANCED_FACE('',(#2507),#2529,.T.);
#2507 = FACE_BOUND('',#2508,.T.);
#2508 = EDGE_LOOP('',(#2509,#2516,#2523,#2528));
#2509 = ORIENTED_EDGE('',*,*,#2510,.T.);
#2510 = EDGE_CURVE('',#1731,#2511,#2513,.T.);
#2511 = VERTEX_POINT('',#2512);
#2512 = CARTESIAN_POINT('',(1.55,-0.8005,0.5100001));
#2513 = B_SPLINE_CURVE_WITH_KNOTS('',1,(#2514,#2515),.UNSPECIFIED.,.F.,
  .F.,(2,2),(0.,1.6),.PIECEWISE_BEZIER_KNOTS.);
#2514 = CARTESIAN_POINT('',(1.55,0.7995,0.5100001));
#2515 = CARTESIAN_POINT('',(1.55,-0.8005,0.5100001));
#2516 = ORIENTED_EDGE('',*,*,#2517,.F.);
#2517 = EDGE_CURVE('',#2518,#2511,#2520,.T.);
#2518 = VERTEX_POINT('',#2519);
#2519 = CARTESIAN_POINT('',(1.55,-0.8005,4.00001E-02));
#2520 = B_SPLINE_CURVE_WITH_KNOTS('',1,(#2521,#2522),.UNSPECIFIED.,.F.,
  .F.,(2,2),(0.,0.47),.PIECEWISE_BEZIER_KNOTS.);
#2521 = CARTESIAN_POINT('',(1.55,-0.8005,4.00001E-02));
#2522 = CARTESIAN_POINT('',(1.55,-0.8005,0.5100001));
#2523 = ORIENTED_EDGE('',*,*,#2524,.F.);
#2524 = EDGE_CURVE('',#1729,#2518,#2525,.T.);
#2525 = B_SPLINE_CURVE_WITH_KNOTS('',1,(#2526,#2527),.UNSPECIFIED.,.F.,
  .F.,(2,2),(0.,1.6),.PIECEWISE_BEZIER_KNOTS.);
#2526 = CARTESIAN_POINT('',(1.55,0.7995,4.00001E-02));
#2527 = CARTESIAN_POINT('',(1.55,-0.8005,4.00001E-02));
#2528 = ORIENTED_EDGE('',*,*,#1728,.T.);
#2529 = B_SPLINE_SURFACE_WITH_KNOTS('',1,1,(
    (#2530,#2531)
    ,(#2532,#2533
    )),.UNSPECIFIED.,.F.,.F.,.F.,(2,2),(2,2),(-0.47,0.),(-1.6,0.),
  .PIECEWISE_BEZIER_KNOTS.);
#2530 = CARTESIAN_POINT('',(1.55,-0.8005,0.5100001));
#2531 = CARTESIAN_POINT('',(1.55,0.7995,0.5100001));
#2532 = CARTESIAN_POINT('',(1.55,-0.8005,4.00001E-02));
#2533 = CARTESIAN_POINT('',(1.55,0.7995,4.00001E-02));
#2534 = ADVANCED_FACE('',(#2535),#2551,.T.);
#2535 = FACE_BOUND('',#2536,.T.);
#2536 = EDGE_LOOP('',(#2537,#2538,#2545,#2550));
#2537 = ORIENTED_EDGE('',*,*,#2524,.T.);
#2538 = ORIENTED_EDGE('',*,*,#2539,.F.);
#2539 = EDGE_CURVE('',#2540,#2518,#2542,.T.);
#2540 = VERTEX_POINT('',#2541);
#2541 = CARTESIAN_POINT('',(-1.55,-0.8005,4.00001E-02));
#2542 = B_SPLINE_CURVE_WITH_KNOTS('',1,(#2543,#2544),.UNSPECIFIED.,.F.,
  .F.,(2,2),(0.,3.1),.PIECEWISE_BEZIER_KNOTS.);
#2543 = CARTESIAN_POINT('',(-1.55,-0.8005,4.00001E-02));
#2544 = CARTESIAN_POINT('',(1.55,-0.8005,4.00001E-02));
#2545 = ORIENTED_EDGE('',*,*,#2546,.F.);
#2546 = EDGE_CURVE('',#1738,#2540,#2547,.T.);
#2547 = B_SPLINE_CURVE_WITH_KNOTS('',1,(#2548,#2549),.UNSPECIFIED.,.F.,
  .F.,(2,2),(0.,1.6),.PIECEWISE_BEZIER_KNOTS.);
#2548 = CARTESIAN_POINT('',(-1.55,0.7995,4.00001E-02));
#2549 = CARTESIAN_POINT('',(-1.55,-0.8005,4.00001E-02));
#2550 = ORIENTED_EDGE('',*,*,#1737,.T.);
#2551 = B_SPLINE_SURFACE_WITH_KNOTS('',1,1,(
    (#2552,#2553)
    ,(#2554,#2555
    )),.UNSPECIFIED.,.F.,.F.,.F.,(2,2),(2,2),(-3.1,0.),(-1.6,0.),
  .PIECEWISE_BEZIER_KNOTS.);
#2552 = CARTESIAN_POINT('',(1.55,-0.8005,4.00001E-02));
#2553 = CARTESIAN_POINT('',(1.55,0.7995,4.00001E-02));
#2554 = CARTESIAN_POINT('',(-1.55,-0.8005,4.00001E-02));
#2555 = CARTESIAN_POINT('',(-1.55,0.7995,4.00001E-02));
#2556 = ADVANCED_FACE('',(#2557),#2573,.T.);
#2557 = FACE_BOUND('',#2558,.T.);
#2558 = EDGE_LOOP('',(#2559,#2560,#2567,#2572));
#2559 = ORIENTED_EDGE('',*,*,#2546,.T.);
#2560 = ORIENTED_EDGE('',*,*,#2561,.F.);
#2561 = EDGE_CURVE('',#2562,#2540,#2564,.T.);
#2562 = VERTEX_POINT('',#2563);
#2563 = CARTESIAN_POINT('',(-1.55,-0.8005,0.5100001));
#2564 = B_SPLINE_CURVE_WITH_KNOTS('',1,(#2565,#2566),.UNSPECIFIED.,.F.,
  .F.,(2,2),(-0.47,-0.),.PIECEWISE_BEZIER_KNOTS.);
#2565 = CARTESIAN_POINT('',(-1.55,-0.8005,0.5100001));
#2566 = CARTESIAN_POINT('',(-1.55,-0.8005,4.00001E-02));
#2567 = ORIENTED_EDGE('',*,*,#2568,.F.);
#2568 = EDGE_CURVE('',#1745,#2562,#2569,.T.);
#2569 = B_SPLINE_CURVE_WITH_KNOTS('',1,(#2570,#2571),.UNSPECIFIED.,.F.,
  .F.,(2,2),(0.,1.6),.PIECEWISE_BEZIER_KNOTS.);
#2570 = CARTESIAN_POINT('',(-1.55,0.7995,0.5100001));
#2571 = CARTESIAN_POINT('',(-1.55,-0.8005,0.5100001));
#2572 = ORIENTED_EDGE('',*,*,#1744,.T.);
#2573 = B_SPLINE_SURFACE_WITH_KNOTS('',1,1,(
    (#2574,#2575)
    ,(#2576,#2577
    )),.UNSPECIFIED.,.F.,.F.,.F.,(2,2),(2,2),(0.,0.47),(-1.6,0.),
  .PIECEWISE_BEZIER_KNOTS.);
#2574 = CARTESIAN_POINT('',(-1.55,-0.8005,4.00001E-02));
#2575 = CARTESIAN_POINT('',(-1.55,0.7995,4.00001E-02));
#2576 = CARTESIAN_POINT('',(-1.55,-0.8005,0.5100001));
#2577 = CARTESIAN_POINT('',(-1.55,0.7995,0.5100001));
#2578 = ADVANCED_FACE('',(#2579),#2589,.T.);
#2579 = FACE_BOUND('',#2580,.T.);
#2580 = EDGE_LOOP('',(#2581,#2582,#2587,#2588));
#2581 = ORIENTED_EDGE('',*,*,#2568,.T.);
#2582 = ORIENTED_EDGE('',*,*,#2583,.F.);
#2583 = EDGE_CURVE('',#2511,#2562,#2584,.T.);
#2584 = B_SPLINE_CURVE_WITH_KNOTS('',1,(#2585,#2586),.UNSPECIFIED.,.F.,
  .F.,(2,2),(-3.1,-0.),.PIECEWISE_BEZIER_KNOTS.);
#2585 = CARTESIAN_POINT('',(1.55,-0.8005,0.5100001));
#2586 = CARTESIAN_POINT('',(-1.55,-0.8005,0.5100001));
#2587 = ORIENTED_EDGE('',*,*,#2510,.F.);
#2588 = ORIENTED_EDGE('',*,*,#1751,.T.);
#2589 = B_SPLINE_SURFACE_WITH_KNOTS('',1,1,(
    (#2590,#2591)
    ,(#2592,#2593
    )),.UNSPECIFIED.,.F.,.F.,.F.,(2,2),(2,2),(0.,3.1),(-1.6,0.),
  .PIECEWISE_BEZIER_KNOTS.);
#2590 = CARTESIAN_POINT('',(-1.55,-0.8005,0.5100001));
#2591 = CARTESIAN_POINT('',(-1.55,0.7995,0.5100001));
#2592 = CARTESIAN_POINT('',(1.55,-0.8005,0.5100001));
#2593 = CARTESIAN_POINT('',(1.55,0.7995,0.5100001));
#2594 = ADVANCED_FACE('',(#2595),#2601,.F.);
#2595 = FACE_BOUND('',#2596,.T.);
#2596 = EDGE_LOOP('',(#2597,#2598,#2599,#2600));
#2597 = ORIENTED_EDGE('',*,*,#2517,.T.);
#2598 = ORIENTED_EDGE('',*,*,#2583,.T.);
#2599 = ORIENTED_EDGE('',*,*,#2561,.T.);
#2600 = ORIENTED_EDGE('',*,*,#2539,.T.);
#2601 = B_SPLINE_SURFACE_WITH_KNOTS('',1,1,(
    (#2602,#2603)
    ,(#2604,#2605
  )),.UNSPECIFIED.,.F.,.F.,.F.,(2,2),(2,2),(4.E-02,0.51),(-1.55,1.55),
  .PIECEWISE_BEZIER_KNOTS.);
#2602 = CARTESIAN_POINT('',(-1.55,-0.8005,4.00001E-02));
#2603 = CARTESIAN_POINT('',(1.55,-0.8005,4.00001E-02));
#2604 = CARTESIAN_POINT('',(-1.55,-0.8005,0.5100001));
#2605 = CARTESIAN_POINT('',(1.55,-0.8005,0.5100001));
#2606 = ADVANCED_FACE('',(#2607),#2629,.F.);
#2607 = FACE_BOUND('',#2608,.T.);
#2608 = EDGE_LOOP('',(#2609,#2610,#2617,#2624));
#2609 = ORIENTED_EDGE('',*,*,#1767,.T.);
#2610 = ORIENTED_EDGE('',*,*,#2611,.F.);
#2611 = EDGE_CURVE('',#2612,#1759,#2614,.T.);
#2612 = VERTEX_POINT('',#2613);
#2613 = CARTESIAN_POINT('',(-2.04458651029E-02,0.8005,0.312368244029));
#2614 = B_SPLINE_CURVE_WITH_KNOTS('',1,(#2615,#2616),.UNSPECIFIED.,.F.,
  .F.,(2,2),(-0.,1.E-03),.PIECEWISE_BEZIER_KNOTS.);
#2615 = CARTESIAN_POINT('',(-2.04458651029E-02,0.8005,0.312368244029));
#2616 = CARTESIAN_POINT('',(-2.04458651029E-02,0.7995,0.312368244029));
#2617 = ORIENTED_EDGE('',*,*,#2618,.F.);
#2618 = EDGE_CURVE('',#2619,#2612,#2621,.T.);
#2619 = VERTEX_POINT('',#2620);
#2620 = CARTESIAN_POINT('',(-2.038830987191E-02,0.8005,0.304253137591));
#2621 = B_SPLINE_CURVE_WITH_KNOTS('',1,(#2622,#2623),.UNSPECIFIED.,.F.,
  .F.,(2,2),(-8.115310536824E-03,0.),.PIECEWISE_BEZIER_KNOTS.);
#2622 = CARTESIAN_POINT('',(-2.038830987191E-02,0.8005,0.304253137591));
#2623 = CARTESIAN_POINT('',(-2.04458651029E-02,0.8005,0.312368244029));
#2624 = ORIENTED_EDGE('',*,*,#2625,.T.);
#2625 = EDGE_CURVE('',#2619,#1768,#2626,.T.);
#2626 = B_SPLINE_CURVE_WITH_KNOTS('',1,(#2627,#2628),.UNSPECIFIED.,.F.,
  .F.,(2,2),(-0.,1.E-03),.PIECEWISE_BEZIER_KNOTS.);
#2627 = CARTESIAN_POINT('',(-2.038830987191E-02,0.8005,0.304253137591));
#2628 = CARTESIAN_POINT('',(-2.038830987191E-02,0.7995,0.304253137591));
#2629 = B_SPLINE_SURFACE_WITH_KNOTS('',1,1,(
    (#2630,#2631)
    ,(#2632,#2633
    )),.UNSPECIFIED.,.F.,.F.,.F.,(2,2),(2,2),(0.,8.115310536824E-03),(
    -1.E-03,0.),.PIECEWISE_BEZIER_KNOTS.);
#2630 = CARTESIAN_POINT('',(-2.04458651029E-02,0.7995,0.312368244029));
#2631 = CARTESIAN_POINT('',(-2.04458651029E-02,0.8005,0.312368244029));
#2632 = CARTESIAN_POINT('',(-2.038830987191E-02,0.7995,0.304253137591));
#2633 = CARTESIAN_POINT('',(-2.038830987191E-02,0.8005,0.304253137591));
#2634 = ADVANCED_FACE('',(#2635),#2651,.F.);
#2635 = FACE_BOUND('',#2636,.T.);
#2636 = EDGE_LOOP('',(#2637,#2638,#2645,#2650));
#2637 = ORIENTED_EDGE('',*,*,#1758,.T.);
#2638 = ORIENTED_EDGE('',*,*,#2639,.F.);
#2639 = EDGE_CURVE('',#2640,#1761,#2642,.T.);
#2640 = VERTEX_POINT('',#2641);
#2641 = CARTESIAN_POINT('',(7.902421513604E-03,0.8005,0.312569300195));
#2642 = B_SPLINE_CURVE_WITH_KNOTS('',1,(#2643,#2644),.UNSPECIFIED.,.F.,
  .F.,(2,2),(-0.,1.E-03),.PIECEWISE_BEZIER_KNOTS.);
#2643 = CARTESIAN_POINT('',(7.902421513604E-03,0.8005,0.312569300195));
#2644 = CARTESIAN_POINT('',(7.902421513604E-03,0.7995,0.312569300195));
#2645 = ORIENTED_EDGE('',*,*,#2646,.F.);
#2646 = EDGE_CURVE('',#2612,#2640,#2647,.T.);
#2647 = B_SPLINE_CURVE_WITH_KNOTS('',1,(#2648,#2649),.UNSPECIFIED.,.F.,
  .F.,(2,2),(-2.834899958858E-02,0.),.PIECEWISE_BEZIER_KNOTS.);
#2648 = CARTESIAN_POINT('',(-2.04458651029E-02,0.8005,0.312368244029));
#2649 = CARTESIAN_POINT('',(7.902421513604E-03,0.8005,0.312569300195));
#2650 = ORIENTED_EDGE('',*,*,#2611,.T.);
#2651 = B_SPLINE_SURFACE_WITH_KNOTS('',1,1,(
    (#2652,#2653)
    ,(#2654,#2655
    )),.UNSPECIFIED.,.F.,.F.,.F.,(2,2),(2,2),(-0.,2.834899958858E-02),(
    -1.E-03,0.),.PIECEWISE_BEZIER_KNOTS.);
#2652 = CARTESIAN_POINT('',(7.902421513604E-03,0.7995,0.312569300195));
#2653 = CARTESIAN_POINT('',(7.902421513604E-03,0.8005,0.312569300195));
#2654 = CARTESIAN_POINT('',(-2.04458651029E-02,0.7995,0.312368244029));
#2655 = CARTESIAN_POINT('',(-2.04458651029E-02,0.8005,0.312368244029));
#2656 = ADVANCED_FACE('',(#2657),#2673,.F.);
#2657 = FACE_BOUND('',#2658,.T.);
#2658 = EDGE_LOOP('',(#2659,#2660,#2667,#2672));
#2659 = ORIENTED_EDGE('',*,*,#1795,.T.);
#2660 = ORIENTED_EDGE('',*,*,#2661,.F.);
#2661 = EDGE_CURVE('',#2662,#1789,#2664,.T.);
#2662 = VERTEX_POINT('',#2663);
#2663 = CARTESIAN_POINT('',(7.455142521194E-03,0.8005,0.375634230498));
#2664 = B_SPLINE_CURVE_WITH_KNOTS('',1,(#2665,#2666),.UNSPECIFIED.,.F.,
  .F.,(2,2),(-0.,1.E-03),.PIECEWISE_BEZIER_KNOTS.);
#2665 = CARTESIAN_POINT('',(7.455142521194E-03,0.8005,0.375634230498));
#2666 = CARTESIAN_POINT('',(7.455142521194E-03,0.7995,0.375634230498));
#2667 = ORIENTED_EDGE('',*,*,#2668,.F.);
#2668 = EDGE_CURVE('',#2640,#2662,#2669,.T.);
#2669 = B_SPLINE_CURVE_WITH_KNOTS('',1,(#2670,#2671),.UNSPECIFIED.,.F.,
  .F.,(2,2),(-6.306651641414E-02,0.),.PIECEWISE_BEZIER_KNOTS.);
#2670 = CARTESIAN_POINT('',(7.902421513604E-03,0.8005,0.312569300195));
#2671 = CARTESIAN_POINT('',(7.455142521194E-03,0.8005,0.375634230498));
#2672 = ORIENTED_EDGE('',*,*,#2639,.T.);
#2673 = B_SPLINE_SURFACE_WITH_KNOTS('',1,1,(
    (#2674,#2675)
    ,(#2676,#2677
    )),.UNSPECIFIED.,.F.,.F.,.F.,(2,2),(2,2),(0.,6.306651641414E-02),(
    -1.E-03,0.),.PIECEWISE_BEZIER_KNOTS.);
#2674 = CARTESIAN_POINT('',(7.455142521194E-03,0.7995,0.375634230498));
#2675 = CARTESIAN_POINT('',(7.455142521194E-03,0.8005,0.375634230498));
#2676 = CARTESIAN_POINT('',(7.902421513604E-03,0.7995,0.312569300195));
#2677 = CARTESIAN_POINT('',(7.902421513604E-03,0.8005,0.312569300195));
#2678 = ADVANCED_FACE('',(#2679),#2695,.F.);
#2679 = FACE_BOUND('',#2680,.T.);
#2680 = EDGE_LOOP('',(#2681,#2682,#2689,#2694));
#2681 = ORIENTED_EDGE('',*,*,#1788,.T.);
#2682 = ORIENTED_EDGE('',*,*,#2683,.F.);
#2683 = EDGE_CURVE('',#2684,#1782,#2686,.T.);
#2684 = VERTEX_POINT('',#2685);
#2685 = CARTESIAN_POINT('',(1.664377200847E-02,0.8005,0.375699399537));
#2686 = B_SPLINE_CURVE_WITH_KNOTS('',1,(#2687,#2688),.UNSPECIFIED.,.F.,
  .F.,(2,2),(-0.,1.E-03),.PIECEWISE_BEZIER_KNOTS.);
#2687 = CARTESIAN_POINT('',(1.664377200847E-02,0.8005,0.375699399537));
#2688 = CARTESIAN_POINT('',(1.664377200847E-02,0.7995,0.375699399537));
#2689 = ORIENTED_EDGE('',*,*,#2690,.F.);
#2690 = EDGE_CURVE('',#2662,#2684,#2691,.T.);
#2691 = B_SPLINE_CURVE_WITH_KNOTS('',1,(#2692,#2693),.UNSPECIFIED.,.F.,
  .F.,(2,2),(-9.188860585413E-03,0.),.PIECEWISE_BEZIER_KNOTS.);
#2692 = CARTESIAN_POINT('',(7.455142521194E-03,0.8005,0.375634230498));
#2693 = CARTESIAN_POINT('',(1.664377200847E-02,0.8005,0.375699399537));
#2694 = ORIENTED_EDGE('',*,*,#2661,.T.);
#2695 = B_SPLINE_SURFACE_WITH_KNOTS('',1,1,(
    (#2696,#2697)
    ,(#2698,#2699
    )),.UNSPECIFIED.,.F.,.F.,.F.,(2,2),(2,2),(-0.,9.188860585413E-03),(
    -1.E-03,0.),.PIECEWISE_BEZIER_KNOTS.);
#2696 = CARTESIAN_POINT('',(1.664377200847E-02,0.7995,0.375699399537));
#2697 = CARTESIAN_POINT('',(1.664377200847E-02,0.8005,0.375699399537));
#2698 = CARTESIAN_POINT('',(7.455142521194E-03,0.7995,0.375634230498));
#2699 = CARTESIAN_POINT('',(7.455142521194E-03,0.8005,0.375634230498));
#2700 = ADVANCED_FACE('',(#2701),#2717,.F.);
#2701 = FACE_BOUND('',#2702,.T.);
#2702 = EDGE_LOOP('',(#2703,#2704,#2711,#2716));
#2703 = ORIENTED_EDGE('',*,*,#1781,.T.);
#2704 = ORIENTED_EDGE('',*,*,#2705,.F.);
#2705 = EDGE_CURVE('',#2706,#1775,#2708,.T.);
#2706 = VERTEX_POINT('',#2707);
#2707 = CARTESIAN_POINT('',(1.714860623187E-02,0.8005,0.304519362796));
#2708 = B_SPLINE_CURVE_WITH_KNOTS('',1,(#2709,#2710),.UNSPECIFIED.,.F.,
  .F.,(2,2),(-0.,1.E-03),.PIECEWISE_BEZIER_KNOTS.);
#2709 = CARTESIAN_POINT('',(1.714860623187E-02,0.8005,0.304519362796));
#2710 = CARTESIAN_POINT('',(1.714860623187E-02,0.7995,0.304519362796));
#2711 = ORIENTED_EDGE('',*,*,#2712,.F.);
#2712 = EDGE_CURVE('',#2684,#2706,#2713,.T.);
#2713 = B_SPLINE_CURVE_WITH_KNOTS('',1,(#2714,#2715),.UNSPECIFIED.,.F.,
  .F.,(2,2),(-7.118182695097E-02,0.),.PIECEWISE_BEZIER_KNOTS.);
#2714 = CARTESIAN_POINT('',(1.664377200847E-02,0.8005,0.375699399537));
#2715 = CARTESIAN_POINT('',(1.714860623187E-02,0.8005,0.304519362796));
#2716 = ORIENTED_EDGE('',*,*,#2683,.T.);
#2717 = B_SPLINE_SURFACE_WITH_KNOTS('',1,1,(
    (#2718,#2719)
    ,(#2720,#2721
    )),.UNSPECIFIED.,.F.,.F.,.F.,(2,2),(2,2),(0.,7.118182695097E-02),(
    -1.E-03,0.),.PIECEWISE_BEZIER_KNOTS.);
#2718 = CARTESIAN_POINT('',(1.714860623187E-02,0.7995,0.304519362796));
#2719 = CARTESIAN_POINT('',(1.714860623187E-02,0.8005,0.304519362796));
#2720 = CARTESIAN_POINT('',(1.664377200847E-02,0.7995,0.375699399537));
#2721 = CARTESIAN_POINT('',(1.664377200847E-02,0.8005,0.375699399537));
#2722 = ADVANCED_FACE('',(#2723),#2733,.F.);
#2723 = FACE_BOUND('',#2724,.T.);
#2724 = EDGE_LOOP('',(#2725,#2726,#2727,#2732));
#2725 = ORIENTED_EDGE('',*,*,#1774,.T.);
#2726 = ORIENTED_EDGE('',*,*,#2625,.F.);
#2727 = ORIENTED_EDGE('',*,*,#2728,.F.);
#2728 = EDGE_CURVE('',#2706,#2619,#2729,.T.);
#2729 = B_SPLINE_CURVE_WITH_KNOTS('',1,(#2730,#2731),.UNSPECIFIED.,.F.,
  .F.,(2,2),(-3.753786017399E-02,-0.),.PIECEWISE_BEZIER_KNOTS.);
#2730 = CARTESIAN_POINT('',(1.714860623187E-02,0.8005,0.304519362796));
#2731 = CARTESIAN_POINT('',(-2.038830987191E-02,0.8005,0.304253137591));
#2732 = ORIENTED_EDGE('',*,*,#2705,.T.);
#2733 = B_SPLINE_SURFACE_WITH_KNOTS('',1,1,(
    (#2734,#2735)
    ,(#2736,#2737
    )),.UNSPECIFIED.,.F.,.F.,.F.,(2,2),(2,2),(0.,3.753786017399E-02),(
    -1.E-03,0.),.PIECEWISE_BEZIER_KNOTS.);
#2734 = CARTESIAN_POINT('',(-2.038830987191E-02,0.7995,0.304253137591));
#2735 = CARTESIAN_POINT('',(-2.038830987191E-02,0.8005,0.304253137591));
#2736 = CARTESIAN_POINT('',(1.714860623187E-02,0.7995,0.304519362796));
#2737 = CARTESIAN_POINT('',(1.714860623187E-02,0.8005,0.304519362796));
#2738 = ADVANCED_FACE('',(#2739),#2747,.F.);
#2739 = FACE_BOUND('',#2740,.T.);
#2740 = EDGE_LOOP('',(#2741,#2742,#2743,#2744,#2745,#2746));
#2741 = ORIENTED_EDGE('',*,*,#2618,.T.);
#2742 = ORIENTED_EDGE('',*,*,#2646,.T.);
#2743 = ORIENTED_EDGE('',*,*,#2668,.T.);
#2744 = ORIENTED_EDGE('',*,*,#2690,.T.);
#2745 = ORIENTED_EDGE('',*,*,#2712,.T.);
#2746 = ORIENTED_EDGE('',*,*,#2728,.T.);
#2747 = B_SPLINE_SURFACE_WITH_KNOTS('',1,1,(
    (#2748,#2749)
    ,(#2750,#2751
    )),.UNSPECIFIED.,.F.,.F.,.F.,(2,2),(2,2),(-0.375699299537,
    -0.304253037591),(-2.04458651029E-02,1.714860623187E-02),
  .PIECEWISE_BEZIER_KNOTS.);
#2748 = CARTESIAN_POINT('',(-2.04458651029E-02,0.8005,0.375699399537));
#2749 = CARTESIAN_POINT('',(1.714860623187E-02,0.8005,0.375699399537));
#2750 = CARTESIAN_POINT('',(-2.04458651029E-02,0.8005,0.304253137591));
#2751 = CARTESIAN_POINT('',(1.714860623187E-02,0.8005,0.304253137591));
#2752 = ADVANCED_FACE('',(#2753),#2777,.F.);
#2753 = FACE_BOUND('',#2754,.F.);
#2754 = EDGE_LOOP('',(#2755,#2762,#2771,#2776));
#2755 = ORIENTED_EDGE('',*,*,#2756,.F.);
#2756 = EDGE_CURVE('',#2757,#1812,#2759,.T.);
#2757 = VERTEX_POINT('',#2758);
#2758 = CARTESIAN_POINT('',(-5.687957639643E-02,0.8005,0.302793377908));
#2759 = B_SPLINE_CURVE_WITH_KNOTS('',1,(#2760,#2761),.UNSPECIFIED.,.F.,
  .F.,(2,2),(-0.,1.E-03),.PIECEWISE_BEZIER_KNOTS.);
#2760 = CARTESIAN_POINT('',(-5.687957639643E-02,0.8005,0.302793377908));
#2761 = CARTESIAN_POINT('',(-5.687957639643E-02,0.7995,0.302793377908));
#2762 = ORIENTED_EDGE('',*,*,#2763,.T.);
#2763 = EDGE_CURVE('',#2757,#2764,#2766,.T.);
#2764 = VERTEX_POINT('',#2765);
#2765 = CARTESIAN_POINT('',(-7.661451555651E-02,0.8005,0.306802149103));
#2766 = B_SPLINE_CURVE_WITH_KNOTS('',3,(#2767,#2768,#2769,#2770),
  .UNSPECIFIED.,.F.,.F.,(4,4),(0.,1.),.PIECEWISE_BEZIER_KNOTS.);
#2767 = CARTESIAN_POINT('',(-5.687957639643E-02,0.8005,0.302793377908));
#2768 = CARTESIAN_POINT('',(-6.477633916372E-02,0.8005,0.302737371249));
#2769 = CARTESIAN_POINT('',(-7.135465221708E-02,0.8005,0.304073628313));
#2770 = CARTESIAN_POINT('',(-7.661451555651E-02,0.8005,0.306802149103));
#2771 = ORIENTED_EDGE('',*,*,#2772,.T.);
#2772 = EDGE_CURVE('',#2764,#1803,#2773,.T.);
#2773 = B_SPLINE_CURVE_WITH_KNOTS('',1,(#2774,#2775),.UNSPECIFIED.,.F.,
  .F.,(2,2),(-0.,1.E-03),.PIECEWISE_BEZIER_KNOTS.);
#2774 = CARTESIAN_POINT('',(-7.661451555651E-02,0.8005,0.306802149103));
#2775 = CARTESIAN_POINT('',(-7.661451555651E-02,0.7995,0.306802149103));
#2776 = ORIENTED_EDGE('',*,*,#1811,.F.);
#2777 = B_SPLINE_SURFACE_WITH_KNOTS('',3,1,(
    (#2778,#2779)
    ,(#2780,#2781)
    ,(#2782,#2783)
    ,(#2784,#2785
    )),.UNSPECIFIED.,.F.,.F.,.F.,(4,4),(2,2),(0.,1.),(0.,1.),
  .PIECEWISE_BEZIER_KNOTS.);
#2778 = CARTESIAN_POINT('',(-5.687957639643E-02,0.8005,0.302793377908));
#2779 = CARTESIAN_POINT('',(-5.687957639643E-02,0.7995,0.302793377908));
#2780 = CARTESIAN_POINT('',(-6.477633916372E-02,0.8005,0.302737371249));
#2781 = CARTESIAN_POINT('',(-6.477633916372E-02,0.7995,0.302737371249));
#2782 = CARTESIAN_POINT('',(-7.135465221708E-02,0.8005,0.304073628313));
#2783 = CARTESIAN_POINT('',(-7.135465221708E-02,0.7995,0.304073628313));
#2784 = CARTESIAN_POINT('',(-7.661451555651E-02,0.8005,0.306802149103));
#2785 = CARTESIAN_POINT('',(-7.661451555651E-02,0.7995,0.306802149103));
#2786 = ADVANCED_FACE('',(#2787),#2803,.F.);
#2787 = FACE_BOUND('',#2788,.T.);
#2788 = EDGE_LOOP('',(#2789,#2790,#2797,#2802));
#2789 = ORIENTED_EDGE('',*,*,#1802,.T.);
#2790 = ORIENTED_EDGE('',*,*,#2791,.F.);
#2791 = EDGE_CURVE('',#2792,#1805,#2794,.T.);
#2792 = VERTEX_POINT('',#2793);
#2793 = CARTESIAN_POINT('',(-7.667697459642E-02,0.8005,0.315608677166));
#2794 = B_SPLINE_CURVE_WITH_KNOTS('',1,(#2795,#2796),.UNSPECIFIED.,.F.,
  .F.,(2,2),(-0.,1.E-03),.PIECEWISE_BEZIER_KNOTS.);
#2795 = CARTESIAN_POINT('',(-7.667697459642E-02,0.8005,0.315608677166));
#2796 = CARTESIAN_POINT('',(-7.667697459642E-02,0.7995,0.315608677166));
#2797 = ORIENTED_EDGE('',*,*,#2798,.F.);
#2798 = EDGE_CURVE('',#2764,#2792,#2799,.T.);
#2799 = B_SPLINE_CURVE_WITH_KNOTS('',1,(#2800,#2801),.UNSPECIFIED.,.F.,
  .F.,(2,2),(-8.806749551357E-03,0.),.PIECEWISE_BEZIER_KNOTS.);
#2800 = CARTESIAN_POINT('',(-7.661451555651E-02,0.8005,0.306802149103));
#2801 = CARTESIAN_POINT('',(-7.667697459642E-02,0.8005,0.315608677166));
#2802 = ORIENTED_EDGE('',*,*,#2772,.T.);
#2803 = B_SPLINE_SURFACE_WITH_KNOTS('',1,1,(
    (#2804,#2805)
    ,(#2806,#2807
    )),.UNSPECIFIED.,.F.,.F.,.F.,(2,2),(2,2),(0.,8.806749551357E-03),(
    -1.E-03,0.),.PIECEWISE_BEZIER_KNOTS.);
#2804 = CARTESIAN_POINT('',(-7.667697459642E-02,0.7995,0.315608677166));
#2805 = CARTESIAN_POINT('',(-7.667697459642E-02,0.8005,0.315608677166));
#2806 = CARTESIAN_POINT('',(-7.661451555651E-02,0.7995,0.306802149103));
#2807 = CARTESIAN_POINT('',(-7.661451555651E-02,0.8005,0.306802149103));
#2808 = ADVANCED_FACE('',(#2809),#2827,.F.);
#2809 = FACE_BOUND('',#2810,.F.);
#2810 = EDGE_LOOP('',(#2811,#2812,#2821,#2826));
#2811 = ORIENTED_EDGE('',*,*,#2791,.F.);
#2812 = ORIENTED_EDGE('',*,*,#2813,.T.);
#2813 = EDGE_CURVE('',#2792,#2814,#2816,.T.);
#2814 = VERTEX_POINT('',#2815);
#2815 = CARTESIAN_POINT('',(-5.826590514961E-02,0.8005,0.310971845095));
#2816 = B_SPLINE_CURVE_WITH_KNOTS('',3,(#2817,#2818,#2819,#2820),
  .UNSPECIFIED.,.F.,.F.,(4,4),(12.,13.),.PIECEWISE_BEZIER_KNOTS.);
#2817 = CARTESIAN_POINT('',(-7.667697459642E-02,0.8005,0.315608677166));
#2818 = CARTESIAN_POINT('',(-7.145066282151E-02,0.8005,0.312479601551));
#2819 = CARTESIAN_POINT('',(-6.530748853888E-02,0.8005,0.310921903673));
#2820 = CARTESIAN_POINT('',(-5.826590514961E-02,0.8005,0.310971845095));
#2821 = ORIENTED_EDGE('',*,*,#2822,.T.);
#2822 = EDGE_CURVE('',#2814,#1909,#2823,.T.);
#2823 = B_SPLINE_CURVE_WITH_KNOTS('',1,(#2824,#2825),.UNSPECIFIED.,.F.,
  .F.,(2,2),(-0.,1.E-03),.PIECEWISE_BEZIER_KNOTS.);
#2824 = CARTESIAN_POINT('',(-5.826590514961E-02,0.8005,0.310971845095));
#2825 = CARTESIAN_POINT('',(-5.826590514961E-02,0.7995,0.310971845095));
#2826 = ORIENTED_EDGE('',*,*,#1917,.F.);
#2827 = B_SPLINE_SURFACE_WITH_KNOTS('',3,1,(
    (#2828,#2829)
    ,(#2830,#2831)
    ,(#2832,#2833)
    ,(#2834,#2835
    )),.UNSPECIFIED.,.F.,.F.,.F.,(4,4),(2,2),(12.,13.),(0.,1.),
  .PIECEWISE_BEZIER_KNOTS.);
#2828 = CARTESIAN_POINT('',(-7.667697459642E-02,0.8005,0.315608677166));
#2829 = CARTESIAN_POINT('',(-7.667697459642E-02,0.7995,0.315608677166));
#2830 = CARTESIAN_POINT('',(-7.145066282151E-02,0.8005,0.312479601551));
#2831 = CARTESIAN_POINT('',(-7.145066282151E-02,0.7995,0.312479601551));
#2832 = CARTESIAN_POINT('',(-6.530748853888E-02,0.8005,0.310921903673));
#2833 = CARTESIAN_POINT('',(-6.530748853888E-02,0.7995,0.310921903673));
#2834 = CARTESIAN_POINT('',(-5.826590514961E-02,0.8005,0.310971845095));
#2835 = CARTESIAN_POINT('',(-5.826590514961E-02,0.7995,0.310971845095));
#2836 = ADVANCED_FACE('',(#2837),#2855,.F.);
#2837 = FACE_BOUND('',#2838,.F.);
#2838 = EDGE_LOOP('',(#2839,#2840,#2849,#2854));
#2839 = ORIENTED_EDGE('',*,*,#2822,.F.);
#2840 = ORIENTED_EDGE('',*,*,#2841,.T.);
#2841 = EDGE_CURVE('',#2814,#2842,#2844,.T.);
#2842 = VERTEX_POINT('',#2843);
#2843 = CARTESIAN_POINT('',(-4.003279031702E-02,0.8005,0.318598003974));
#2844 = B_SPLINE_CURVE_WITH_KNOTS('',3,(#2845,#2846,#2847,#2848),
  .UNSPECIFIED.,.F.,.F.,(4,4),(11.,12.),.PIECEWISE_BEZIER_KNOTS.);
#2845 = CARTESIAN_POINT('',(-5.826590514961E-02,0.8005,0.310971845095));
#2846 = CARTESIAN_POINT('',(-5.07330485007E-02,0.8005,0.311025270803));
#2847 = CARTESIAN_POINT('',(-4.465542958816E-02,0.8005,0.313579453966));
#2848 = CARTESIAN_POINT('',(-4.003279031702E-02,0.8005,0.318598003974));
#2849 = ORIENTED_EDGE('',*,*,#2850,.T.);
#2850 = EDGE_CURVE('',#2842,#1900,#2851,.T.);
#2851 = B_SPLINE_CURVE_WITH_KNOTS('',1,(#2852,#2853),.UNSPECIFIED.,.F.,
  .F.,(2,2),(-0.,1.E-03),.PIECEWISE_BEZIER_KNOTS.);
#2852 = CARTESIAN_POINT('',(-4.003279031702E-02,0.8005,0.318598003974));
#2853 = CARTESIAN_POINT('',(-4.003279031702E-02,0.7995,0.318598003974));
#2854 = ORIENTED_EDGE('',*,*,#1908,.F.);
#2855 = B_SPLINE_SURFACE_WITH_KNOTS('',3,1,(
    (#2856,#2857)
    ,(#2858,#2859)
    ,(#2860,#2861)
    ,(#2862,#2863
    )),.UNSPECIFIED.,.F.,.F.,.F.,(4,4),(2,2),(11.,12.),(0.,1.),
  .PIECEWISE_BEZIER_KNOTS.);
#2856 = CARTESIAN_POINT('',(-5.826590514961E-02,0.8005,0.310971845095));
#2857 = CARTESIAN_POINT('',(-5.826590514961E-02,0.7995,0.310971845095));
#2858 = CARTESIAN_POINT('',(-5.07330485007E-02,0.8005,0.311025270803));
#2859 = CARTESIAN_POINT('',(-5.07330485007E-02,0.7995,0.311025270803));
#2860 = CARTESIAN_POINT('',(-4.465542958816E-02,0.8005,0.313579453966));
#2861 = CARTESIAN_POINT('',(-4.465542958816E-02,0.7995,0.313579453966));
#2862 = CARTESIAN_POINT('',(-4.003279031702E-02,0.8005,0.318598003974));
#2863 = CARTESIAN_POINT('',(-4.003279031702E-02,0.7995,0.318598003974));
#2864 = ADVANCED_FACE('',(#2865),#2883,.F.);
#2865 = FACE_BOUND('',#2866,.F.);
#2866 = EDGE_LOOP('',(#2867,#2868,#2877,#2882));
#2867 = ORIENTED_EDGE('',*,*,#2850,.F.);
#2868 = ORIENTED_EDGE('',*,*,#2869,.T.);
#2869 = EDGE_CURVE('',#2842,#2870,#2872,.T.);
#2870 = VERTEX_POINT('',#2871);
#2871 = CARTESIAN_POINT('',(-3.318980997076E-02,0.8005,0.338953519655));
#2872 = B_SPLINE_CURVE_WITH_KNOTS('',3,(#2873,#2874,#2875,#2876),
  .UNSPECIFIED.,.F.,.F.,(4,4),(10.,11.),.PIECEWISE_BEZIER_KNOTS.);
#2873 = CARTESIAN_POINT('',(-4.003279031702E-02,0.8005,0.318598003974));
#2874 = CARTESIAN_POINT('',(-3.541040914109E-02,0.8005,0.323652944593));
#2875 = CARTESIAN_POINT('',(-3.31294156925E-02,0.8005,0.330438116487));
#2876 = CARTESIAN_POINT('',(-3.318980997076E-02,0.8005,0.338953519655));
#2877 = ORIENTED_EDGE('',*,*,#2878,.T.);
#2878 = EDGE_CURVE('',#2870,#1891,#2879,.T.);
#2879 = B_SPLINE_CURVE_WITH_KNOTS('',1,(#2880,#2881),.UNSPECIFIED.,.F.,
  .F.,(2,2),(-0.,1.E-03),.PIECEWISE_BEZIER_KNOTS.);
#2880 = CARTESIAN_POINT('',(-3.318980997076E-02,0.8005,0.338953519655));
#2881 = CARTESIAN_POINT('',(-3.318980997076E-02,0.7995,0.338953519655));
#2882 = ORIENTED_EDGE('',*,*,#1899,.F.);
#2883 = B_SPLINE_SURFACE_WITH_KNOTS('',3,1,(
    (#2884,#2885)
    ,(#2886,#2887)
    ,(#2888,#2889)
    ,(#2890,#2891
    )),.UNSPECIFIED.,.F.,.F.,.F.,(4,4),(2,2),(10.,11.),(0.,1.),
  .PIECEWISE_BEZIER_KNOTS.);
#2884 = CARTESIAN_POINT('',(-4.003279031702E-02,0.8005,0.318598003974));
#2885 = CARTESIAN_POINT('',(-4.003279031702E-02,0.7995,0.318598003974));
#2886 = CARTESIAN_POINT('',(-3.541040914109E-02,0.8005,0.323652944593));
#2887 = CARTESIAN_POINT('',(-3.541040914109E-02,0.7995,0.323652944593));
#2888 = CARTESIAN_POINT('',(-3.31294156925E-02,0.8005,0.330438116487));
#2889 = CARTESIAN_POINT('',(-3.31294156925E-02,0.7995,0.330438116487));
#2890 = CARTESIAN_POINT('',(-3.318980997076E-02,0.8005,0.338953519655));
#2891 = CARTESIAN_POINT('',(-3.318980997076E-02,0.7995,0.338953519655));
#2892 = ADVANCED_FACE('',(#2893),#2911,.F.);
#2893 = FACE_BOUND('',#2894,.F.);
#2894 = EDGE_LOOP('',(#2895,#2896,#2905,#2910));
#2895 = ORIENTED_EDGE('',*,*,#2878,.F.);
#2896 = ORIENTED_EDGE('',*,*,#2897,.T.);
#2897 = EDGE_CURVE('',#2870,#2898,#2900,.T.);
#2898 = VERTEX_POINT('',#2899);
#2899 = CARTESIAN_POINT('',(-4.081984068326E-02,0.8005,0.360298160847));
#2900 = B_SPLINE_CURVE_WITH_KNOTS('',3,(#2901,#2902,#2903,#2904),
  .UNSPECIFIED.,.F.,.F.,(4,4),(9.,10.),.PIECEWISE_BEZIER_KNOTS.);
#2901 = CARTESIAN_POINT('',(-3.318980997076E-02,0.8005,0.338953519655));
#2902 = CARTESIAN_POINT('',(-3.325330139149E-02,0.8005,0.347905610165));
#2903 = CARTESIAN_POINT('',(-3.579664496216E-02,0.8005,0.355020490562));
#2904 = CARTESIAN_POINT('',(-4.081984068326E-02,0.8005,0.360298160847));
#2905 = ORIENTED_EDGE('',*,*,#2906,.T.);
#2906 = EDGE_CURVE('',#2898,#1882,#2907,.T.);
#2907 = B_SPLINE_CURVE_WITH_KNOTS('',1,(#2908,#2909),.UNSPECIFIED.,.F.,
  .F.,(2,2),(-0.,1.E-03),.PIECEWISE_BEZIER_KNOTS.);
#2908 = CARTESIAN_POINT('',(-4.081984068326E-02,0.8005,0.360298160847));
#2909 = CARTESIAN_POINT('',(-4.081984068326E-02,0.7995,0.360298160847));
#2910 = ORIENTED_EDGE('',*,*,#1890,.F.);
#2911 = B_SPLINE_SURFACE_WITH_KNOTS('',3,1,(
    (#2912,#2913)
    ,(#2914,#2915)
    ,(#2916,#2917)
    ,(#2918,#2919
    )),.UNSPECIFIED.,.F.,.F.,.F.,(4,4),(2,2),(9.,10.),(0.,1.),
  .PIECEWISE_BEZIER_KNOTS.);
#2912 = CARTESIAN_POINT('',(-3.318980997076E-02,0.8005,0.338953519655));
#2913 = CARTESIAN_POINT('',(-3.318980997076E-02,0.7995,0.338953519655));
#2914 = CARTESIAN_POINT('',(-3.325330139149E-02,0.8005,0.347905610165));
#2915 = CARTESIAN_POINT('',(-3.325330139149E-02,0.7995,0.347905610165));
#2916 = CARTESIAN_POINT('',(-3.579664496216E-02,0.8005,0.355020490562));
#2917 = CARTESIAN_POINT('',(-3.579664496216E-02,0.7995,0.355020490562));
#2918 = CARTESIAN_POINT('',(-4.081984068326E-02,0.8005,0.360298160847));
#2919 = CARTESIAN_POINT('',(-4.081984068326E-02,0.7995,0.360298160847));
#2920 = ADVANCED_FACE('',(#2921),#2939,.F.);
#2921 = FACE_BOUND('',#2922,.F.);
#2922 = EDGE_LOOP('',(#2923,#2924,#2933,#2938));
#2923 = ORIENTED_EDGE('',*,*,#2906,.F.);
#2924 = ORIENTED_EDGE('',*,*,#2925,.T.);
#2925 = EDGE_CURVE('',#2898,#2926,#2928,.T.);
#2926 = VERTEX_POINT('',#2927);
#2927 = CARTESIAN_POINT('',(-6.027204344887E-02,0.8005,0.368057358869));
#2928 = B_SPLINE_CURVE_WITH_KNOTS('',3,(#2929,#2930,#2931,#2932),
  .UNSPECIFIED.,.F.,.F.,(4,4),(8.,9.),.PIECEWISE_BEZIER_KNOTS.);
#2929 = CARTESIAN_POINT('',(-4.081984068326E-02,0.8005,0.360298160847));
#2930 = CARTESIAN_POINT('',(-4.586097361479E-02,0.8005,0.365539311471));
#2931 = CARTESIAN_POINT('',(-5.233889006979E-02,0.8005,0.368113623624));
#2932 = CARTESIAN_POINT('',(-6.027204344887E-02,0.8005,0.368057358869));
#2933 = ORIENTED_EDGE('',*,*,#2934,.T.);
#2934 = EDGE_CURVE('',#2926,#1873,#2935,.T.);
#2935 = B_SPLINE_CURVE_WITH_KNOTS('',1,(#2936,#2937),.UNSPECIFIED.,.F.,
  .F.,(2,2),(-0.,1.E-03),.PIECEWISE_BEZIER_KNOTS.);
#2936 = CARTESIAN_POINT('',(-6.027204344887E-02,0.8005,0.368057358869));
#2937 = CARTESIAN_POINT('',(-6.027204344887E-02,0.7995,0.368057358869));
#2938 = ORIENTED_EDGE('',*,*,#1881,.F.);
#2939 = B_SPLINE_SURFACE_WITH_KNOTS('',3,1,(
    (#2940,#2941)
    ,(#2942,#2943)
    ,(#2944,#2945)
    ,(#2946,#2947
    )),.UNSPECIFIED.,.F.,.F.,.F.,(4,4),(2,2),(8.,9.),(0.,1.),
  .PIECEWISE_BEZIER_KNOTS.);
#2940 = CARTESIAN_POINT('',(-4.081984068326E-02,0.8005,0.360298160847));
#2941 = CARTESIAN_POINT('',(-4.081984068326E-02,0.7995,0.360298160847));
#2942 = CARTESIAN_POINT('',(-4.586097361479E-02,0.8005,0.365539311471));
#2943 = CARTESIAN_POINT('',(-4.586097361479E-02,0.7995,0.365539311471));
#2944 = CARTESIAN_POINT('',(-5.233889006979E-02,0.8005,0.368113623624));
#2945 = CARTESIAN_POINT('',(-5.233889006979E-02,0.7995,0.368113623624));
#2946 = CARTESIAN_POINT('',(-6.027204344887E-02,0.8005,0.368057358869));
#2947 = CARTESIAN_POINT('',(-6.027204344887E-02,0.7995,0.368057358869));
#2948 = ADVANCED_FACE('',(#2949),#2967,.F.);
#2949 = FACE_BOUND('',#2950,.F.);
#2950 = EDGE_LOOP('',(#2951,#2952,#2961,#2966));
#2951 = ORIENTED_EDGE('',*,*,#2934,.F.);
#2952 = ORIENTED_EDGE('',*,*,#2953,.T.);
#2953 = EDGE_CURVE('',#2926,#2954,#2956,.T.);
#2954 = VERTEX_POINT('',#2955);
#2955 = CARTESIAN_POINT('',(-7.701817645907E-02,0.8005,0.363717066007));
#2956 = B_SPLINE_CURVE_WITH_KNOTS('',3,(#2957,#2958,#2959,#2960),
  .UNSPECIFIED.,.F.,.F.,(4,4),(7.,8.),.PIECEWISE_BEZIER_KNOTS.);
#2957 = CARTESIAN_POINT('',(-6.027204344887E-02,0.8005,0.368057358869));
#2958 = CARTESIAN_POINT('',(-6.63674709304E-02,0.8005,0.368014127922));
#2959 = CARTESIAN_POINT('',(-7.19436222288E-02,0.8005,0.366591667058));
#2960 = CARTESIAN_POINT('',(-7.701817645907E-02,0.8005,0.363717066007));
#2961 = ORIENTED_EDGE('',*,*,#2962,.T.);
#2962 = EDGE_CURVE('',#2954,#1866,#2963,.T.);
#2963 = B_SPLINE_CURVE_WITH_KNOTS('',1,(#2964,#2965),.UNSPECIFIED.,.F.,
  .F.,(2,2),(-0.,1.E-03),.PIECEWISE_BEZIER_KNOTS.);
#2964 = CARTESIAN_POINT('',(-7.701817645907E-02,0.8005,0.363717066007));
#2965 = CARTESIAN_POINT('',(-7.701817645907E-02,0.7995,0.363717066007));
#2966 = ORIENTED_EDGE('',*,*,#1872,.F.);
#2967 = B_SPLINE_SURFACE_WITH_KNOTS('',3,1,(
    (#2968,#2969)
    ,(#2970,#2971)
    ,(#2972,#2973)
    ,(#2974,#2975
    )),.UNSPECIFIED.,.F.,.F.,.F.,(4,4),(2,2),(7.,8.),(0.,1.),
  .PIECEWISE_BEZIER_KNOTS.);
#2968 = CARTESIAN_POINT('',(-6.027204344887E-02,0.8005,0.368057358869));
#2969 = CARTESIAN_POINT('',(-6.027204344887E-02,0.7995,0.368057358869));
#2970 = CARTESIAN_POINT('',(-6.63674709304E-02,0.8005,0.368014127922));
#2971 = CARTESIAN_POINT('',(-6.63674709304E-02,0.7995,0.368014127922));
#2972 = CARTESIAN_POINT('',(-7.19436222288E-02,0.8005,0.366591667058));
#2973 = CARTESIAN_POINT('',(-7.19436222288E-02,0.7995,0.366591667058));
#2974 = CARTESIAN_POINT('',(-7.701817645907E-02,0.8005,0.363717066007));
#2975 = CARTESIAN_POINT('',(-7.701817645907E-02,0.7995,0.363717066007));
#2976 = ADVANCED_FACE('',(#2977),#2993,.F.);
#2977 = FACE_BOUND('',#2978,.T.);
#2978 = EDGE_LOOP('',(#2979,#2980,#2987,#2992));
#2979 = ORIENTED_EDGE('',*,*,#1865,.T.);
#2980 = ORIENTED_EDGE('',*,*,#2981,.F.);
#2981 = EDGE_CURVE('',#2982,#1857,#2984,.T.);
#2982 = VERTEX_POINT('',#2983);
#2983 = CARTESIAN_POINT('',(-7.708631359351E-02,0.8005,0.37332418753));
#2984 = B_SPLINE_CURVE_WITH_KNOTS('',1,(#2985,#2986),.UNSPECIFIED.,.F.,
  .F.,(2,2),(-0.,1.E-03),.PIECEWISE_BEZIER_KNOTS.);
#2985 = CARTESIAN_POINT('',(-7.708631359351E-02,0.8005,0.37332418753));
#2986 = CARTESIAN_POINT('',(-7.708631359351E-02,0.7995,0.37332418753));
#2987 = ORIENTED_EDGE('',*,*,#2988,.F.);
#2988 = EDGE_CURVE('',#2954,#2982,#2989,.T.);
#2989 = B_SPLINE_CURVE_WITH_KNOTS('',1,(#2990,#2991),.UNSPECIFIED.,.F.,
  .F.,(2,2),(-9.607363146494E-03,0.),.PIECEWISE_BEZIER_KNOTS.);
#2990 = CARTESIAN_POINT('',(-7.701817645907E-02,0.8005,0.363717066007));
#2991 = CARTESIAN_POINT('',(-7.708631359351E-02,0.8005,0.37332418753));
#2992 = ORIENTED_EDGE('',*,*,#2962,.T.);
#2993 = B_SPLINE_SURFACE_WITH_KNOTS('',1,1,(
    (#2994,#2995)
    ,(#2996,#2997
    )),.UNSPECIFIED.,.F.,.F.,.F.,(2,2),(2,2),(0.,9.607363146494E-03),(
    -1.E-03,1.110223024625E-16),.PIECEWISE_BEZIER_KNOTS.);
#2994 = CARTESIAN_POINT('',(-7.708631359351E-02,0.7995,0.37332418753));
#2995 = CARTESIAN_POINT('',(-7.708631359351E-02,0.8005,0.37332418753));
#2996 = CARTESIAN_POINT('',(-7.701817645907E-02,0.7995,0.363717066007));
#2997 = CARTESIAN_POINT('',(-7.701817645907E-02,0.8005,0.363717066007));
#2998 = ADVANCED_FACE('',(#2999),#3017,.F.);
#2999 = FACE_BOUND('',#3000,.F.);
#3000 = EDGE_LOOP('',(#3001,#3002,#3011,#3016));
#3001 = ORIENTED_EDGE('',*,*,#2981,.F.);
#3002 = ORIENTED_EDGE('',*,*,#3003,.T.);
#3003 = EDGE_CURVE('',#2982,#3004,#3006,.T.);
#3004 = VERTEX_POINT('',#3005);
#3005 = CARTESIAN_POINT('',(-6.023991262618E-02,0.8005,0.376355063604));
#3006 = B_SPLINE_CURVE_WITH_KNOTS('',3,(#3007,#3008,#3009,#3010),
  .UNSPECIFIED.,.F.,.F.,(4,4),(5.,6.),.PIECEWISE_BEZIER_KNOTS.);
#3007 = CARTESIAN_POINT('',(-7.708631359351E-02,0.8005,0.37332418753));
#3008 = CARTESIAN_POINT('',(-7.266033799603E-02,0.8005,0.375284377572));
#3009 = CARTESIAN_POINT('',(-6.704495703858E-02,0.8005,0.376306799801));
#3010 = CARTESIAN_POINT('',(-6.023991262618E-02,0.8005,0.376355063604));
#3011 = ORIENTED_EDGE('',*,*,#3012,.T.);
#3012 = EDGE_CURVE('',#3004,#1848,#3013,.T.);
#3013 = B_SPLINE_CURVE_WITH_KNOTS('',1,(#3014,#3015),.UNSPECIFIED.,.F.,
  .F.,(2,2),(-0.,1.E-03),.PIECEWISE_BEZIER_KNOTS.);
#3014 = CARTESIAN_POINT('',(-6.023991262618E-02,0.8005,0.376355063604));
#3015 = CARTESIAN_POINT('',(-6.023991262618E-02,0.7995,0.376355063604));
#3016 = ORIENTED_EDGE('',*,*,#1856,.F.);
#3017 = B_SPLINE_SURFACE_WITH_KNOTS('',3,1,(
    (#3018,#3019)
    ,(#3020,#3021)
    ,(#3022,#3023)
    ,(#3024,#3025
    )),.UNSPECIFIED.,.F.,.F.,.F.,(4,4),(2,2),(5.,6.),(0.,1.),
  .PIECEWISE_BEZIER_KNOTS.);
#3018 = CARTESIAN_POINT('',(-7.708631359351E-02,0.8005,0.37332418753));
#3019 = CARTESIAN_POINT('',(-7.708631359351E-02,0.7995,0.37332418753));
#3020 = CARTESIAN_POINT('',(-7.266033799603E-02,0.8005,0.375284377572));
#3021 = CARTESIAN_POINT('',(-7.266033799603E-02,0.7995,0.375284377572));
#3022 = CARTESIAN_POINT('',(-6.704495703858E-02,0.8005,0.376306799801));
#3023 = CARTESIAN_POINT('',(-6.704495703858E-02,0.7995,0.376306799801));
#3024 = CARTESIAN_POINT('',(-6.023991262618E-02,0.8005,0.376355063604));
#3025 = CARTESIAN_POINT('',(-6.023991262618E-02,0.7995,0.376355063604));
#3026 = ADVANCED_FACE('',(#3027),#3045,.F.);
#3027 = FACE_BOUND('',#3028,.F.);
#3028 = EDGE_LOOP('',(#3029,#3030,#3039,#3044));
#3029 = ORIENTED_EDGE('',*,*,#3012,.F.);
#3030 = ORIENTED_EDGE('',*,*,#3031,.T.);
#3031 = EDGE_CURVE('',#3004,#3032,#3034,.T.);
#3032 = VERTEX_POINT('',#3033);
#3033 = CARTESIAN_POINT('',(-3.401892660621E-02,0.8005,0.366060008803));
#3034 = B_SPLINE_CURVE_WITH_KNOTS('',3,(#3035,#3036,#3037,#3038),
  .UNSPECIFIED.,.F.,.F.,(4,4),(4.,5.),.PIECEWISE_BEZIER_KNOTS.);
#3035 = CARTESIAN_POINT('',(-6.023991262618E-02,0.8005,0.376355063604));
#3036 = CARTESIAN_POINT('',(-4.966843988945E-02,0.8005,0.376430040262));
#3037 = CARTESIAN_POINT('',(-4.092811121613E-02,0.8005,0.372998355328));
#3038 = CARTESIAN_POINT('',(-3.401892660621E-02,0.8005,0.366060008803));
#3039 = ORIENTED_EDGE('',*,*,#3040,.T.);
#3040 = EDGE_CURVE('',#3032,#1839,#3041,.T.);
#3041 = B_SPLINE_CURVE_WITH_KNOTS('',1,(#3042,#3043),.UNSPECIFIED.,.F.,
  .F.,(2,2),(-0.,1.E-03),.PIECEWISE_BEZIER_KNOTS.);
#3042 = CARTESIAN_POINT('',(-3.401892660621E-02,0.8005,0.366060008803));
#3043 = CARTESIAN_POINT('',(-3.401892660621E-02,0.7995,0.366060008803));
#3044 = ORIENTED_EDGE('',*,*,#1847,.F.);
#3045 = B_SPLINE_SURFACE_WITH_KNOTS('',3,1,(
    (#3046,#3047)
    ,(#3048,#3049)
    ,(#3050,#3051)
    ,(#3052,#3053
    )),.UNSPECIFIED.,.F.,.F.,.F.,(4,4),(2,2),(4.,5.),(0.,1.),
  .PIECEWISE_BEZIER_KNOTS.);
#3046 = CARTESIAN_POINT('',(-6.023991262618E-02,0.8005,0.376355063604));
#3047 = CARTESIAN_POINT('',(-6.023991262618E-02,0.7995,0.376355063604));
#3048 = CARTESIAN_POINT('',(-4.966843988945E-02,0.8005,0.376430040262));
#3049 = CARTESIAN_POINT('',(-4.966843988945E-02,0.7995,0.376430040262));
#3050 = CARTESIAN_POINT('',(-4.092811121613E-02,0.8005,0.372998355328));
#3051 = CARTESIAN_POINT('',(-4.092811121613E-02,0.7995,0.372998355328));
#3052 = CARTESIAN_POINT('',(-3.401892660621E-02,0.8005,0.366060008803));
#3053 = CARTESIAN_POINT('',(-3.401892660621E-02,0.7995,0.366060008803));
#3054 = ADVANCED_FACE('',(#3055),#3073,.F.);
#3055 = FACE_BOUND('',#3056,.F.);
#3056 = EDGE_LOOP('',(#3057,#3058,#3067,#3072));
#3057 = ORIENTED_EDGE('',*,*,#3040,.F.);
#3058 = ORIENTED_EDGE('',*,*,#3059,.T.);
#3059 = EDGE_CURVE('',#3032,#3060,#3062,.T.);
#3060 = VERTEX_POINT('',#3061);
#3061 = CARTESIAN_POINT('',(-2.354242640729E-02,0.8005,0.338476055707));
#3062 = B_SPLINE_CURVE_WITH_KNOTS('',3,(#3063,#3064,#3065,#3066),
  .UNSPECIFIED.,.F.,.F.,(4,4),(3.,4.),.PIECEWISE_BEZIER_KNOTS.);
#3063 = CARTESIAN_POINT('',(-3.401892660621E-02,0.8005,0.366060008803));
#3064 = CARTESIAN_POINT('',(-2.710974199653E-02,0.8005,0.359121662278));
#3065 = CARTESIAN_POINT('',(-2.362372639726E-02,0.8005,0.349939098434));
#3066 = CARTESIAN_POINT('',(-2.354242640729E-02,0.8005,0.338476055707));
#3067 = ORIENTED_EDGE('',*,*,#3068,.T.);
#3068 = EDGE_CURVE('',#3060,#1830,#3069,.T.);
#3069 = B_SPLINE_CURVE_WITH_KNOTS('',1,(#3070,#3071),.UNSPECIFIED.,.F.,
  .F.,(2,2),(-0.,1.E-03),.PIECEWISE_BEZIER_KNOTS.);
#3070 = CARTESIAN_POINT('',(-2.354242640729E-02,0.8005,0.338476055707));
#3071 = CARTESIAN_POINT('',(-2.354242640729E-02,0.7995,0.338476055707));
#3072 = ORIENTED_EDGE('',*,*,#1838,.F.);
#3073 = B_SPLINE_SURFACE_WITH_KNOTS('',3,1,(
    (#3074,#3075)
    ,(#3076,#3077)
    ,(#3078,#3079)
    ,(#3080,#3081
    )),.UNSPECIFIED.,.F.,.F.,.F.,(4,4),(2,2),(3.,4.),(0.,1.),
  .PIECEWISE_BEZIER_KNOTS.);
#3074 = CARTESIAN_POINT('',(-3.401892660621E-02,0.8005,0.366060008803));
#3075 = CARTESIAN_POINT('',(-3.401892660621E-02,0.7995,0.366060008803));
#3076 = CARTESIAN_POINT('',(-2.710974199653E-02,0.8005,0.359121662278));
#3077 = CARTESIAN_POINT('',(-2.710974199653E-02,0.7995,0.359121662278));
#3078 = CARTESIAN_POINT('',(-2.362372639726E-02,0.8005,0.349939098434));
#3079 = CARTESIAN_POINT('',(-2.362372639726E-02,0.7995,0.349939098434));
#3080 = CARTESIAN_POINT('',(-2.354242640729E-02,0.8005,0.338476055707));
#3081 = CARTESIAN_POINT('',(-2.354242640729E-02,0.7995,0.338476055707));
#3082 = ADVANCED_FACE('',(#3083),#3101,.F.);
#3083 = FACE_BOUND('',#3084,.F.);
#3084 = EDGE_LOOP('',(#3085,#3086,#3095,#3100));
#3085 = ORIENTED_EDGE('',*,*,#3068,.F.);
#3086 = ORIENTED_EDGE('',*,*,#3087,.T.);
#3087 = EDGE_CURVE('',#3060,#3088,#3090,.T.);
#3088 = VERTEX_POINT('',#3089);
#3089 = CARTESIAN_POINT('',(-3.249399666607E-02,0.8005,0.312683111246));
#3090 = B_SPLINE_CURVE_WITH_KNOTS('',3,(#3091,#3092,#3093,#3094),
  .UNSPECIFIED.,.F.,.F.,(4,4),(2.,3.),.PIECEWISE_BEZIER_KNOTS.);
#3091 = CARTESIAN_POINT('',(-2.354242640729E-02,0.8005,0.338476055707));
#3092 = CARTESIAN_POINT('',(-2.346680451187E-02,0.8005,0.32781360644));
#3093 = CARTESIAN_POINT('',(-2.644451013101E-02,0.8005,0.319203871099));
#3094 = CARTESIAN_POINT('',(-3.249399666607E-02,0.8005,0.312683111246));
#3095 = ORIENTED_EDGE('',*,*,#3096,.T.);
#3096 = EDGE_CURVE('',#3088,#1821,#3097,.T.);
#3097 = B_SPLINE_CURVE_WITH_KNOTS('',1,(#3098,#3099),.UNSPECIFIED.,.F.,
  .F.,(2,2),(-0.,1.E-03),.PIECEWISE_BEZIER_KNOTS.);
#3098 = CARTESIAN_POINT('',(-3.249399666607E-02,0.8005,0.312683111246));
#3099 = CARTESIAN_POINT('',(-3.249399666607E-02,0.7995,0.312683111246));
#3100 = ORIENTED_EDGE('',*,*,#1829,.F.);
#3101 = B_SPLINE_SURFACE_WITH_KNOTS('',3,1,(
    (#3102,#3103)
    ,(#3104,#3105)
    ,(#3106,#3107)
    ,(#3108,#3109
    )),.UNSPECIFIED.,.F.,.F.,.F.,(4,4),(2,2),(2.,3.),(0.,1.),
  .PIECEWISE_BEZIER_KNOTS.);
#3102 = CARTESIAN_POINT('',(-2.354242640729E-02,0.8005,0.338476055707));
#3103 = CARTESIAN_POINT('',(-2.354242640729E-02,0.7995,0.338476055707));
#3104 = CARTESIAN_POINT('',(-2.346680451187E-02,0.8005,0.32781360644));
#3105 = CARTESIAN_POINT('',(-2.346680451187E-02,0.7995,0.32781360644));
#3106 = CARTESIAN_POINT('',(-2.644451013101E-02,0.8005,0.319203871099));
#3107 = CARTESIAN_POINT('',(-2.644451013101E-02,0.7995,0.319203871099));
#3108 = CARTESIAN_POINT('',(-3.249399666607E-02,0.8005,0.312683111246));
#3109 = CARTESIAN_POINT('',(-3.249399666607E-02,0.7995,0.312683111246));
#3110 = ADVANCED_FACE('',(#3111),#3123,.F.);
#3111 = FACE_BOUND('',#3112,.F.);
#3112 = EDGE_LOOP('',(#3113,#3114,#3121,#3122));
#3113 = ORIENTED_EDGE('',*,*,#3096,.F.);
#3114 = ORIENTED_EDGE('',*,*,#3115,.T.);
#3115 = EDGE_CURVE('',#3088,#2757,#3116,.T.);
#3116 = B_SPLINE_CURVE_WITH_KNOTS('',3,(#3117,#3118,#3119,#3120),
  .UNSPECIFIED.,.F.,.F.,(4,4),(1.,2.),.PIECEWISE_BEZIER_KNOTS.);
#3117 = CARTESIAN_POINT('',(-3.249399666607E-02,0.8005,0.312683111246));
#3118 = CARTESIAN_POINT('',(-3.854348320114E-02,0.8005,0.306162351393));
#3119 = CARTESIAN_POINT('',(-4.667200977784E-02,0.8005,0.302865773614));
#3120 = CARTESIAN_POINT('',(-5.687957639643E-02,0.8005,0.302793377908));
#3121 = ORIENTED_EDGE('',*,*,#2756,.T.);
#3122 = ORIENTED_EDGE('',*,*,#1820,.F.);
#3123 = B_SPLINE_SURFACE_WITH_KNOTS('',3,1,(
    (#3124,#3125)
    ,(#3126,#3127)
    ,(#3128,#3129)
    ,(#3130,#3131
    )),.UNSPECIFIED.,.F.,.F.,.F.,(4,4),(2,2),(1.,2.),(0.,1.),
  .PIECEWISE_BEZIER_KNOTS.);
#3124 = CARTESIAN_POINT('',(-3.249399666607E-02,0.8005,0.312683111246));
#3125 = CARTESIAN_POINT('',(-3.249399666607E-02,0.7995,0.312683111246));
#3126 = CARTESIAN_POINT('',(-3.854348320114E-02,0.8005,0.306162351393));
#3127 = CARTESIAN_POINT('',(-3.854348320114E-02,0.7995,0.306162351393));
#3128 = CARTESIAN_POINT('',(-4.667200977784E-02,0.8005,0.302865773614));
#3129 = CARTESIAN_POINT('',(-4.667200977784E-02,0.7995,0.302865773614));
#3130 = CARTESIAN_POINT('',(-5.687957639643E-02,0.8005,0.302793377908));
#3131 = CARTESIAN_POINT('',(-5.687957639643E-02,0.7995,0.302793377908));
#3132 = ADVANCED_FACE('',(#3133),#3149,.T.);
#3133 = FACE_BOUND('',#3134,.T.);
#3134 = EDGE_LOOP('',(#3135,#3136,#3137,#3138,#3139,#3140,#3141,#3142,
    #3143,#3144,#3145,#3146,#3147,#3148));
#3135 = ORIENTED_EDGE('',*,*,#2763,.T.);
#3136 = ORIENTED_EDGE('',*,*,#2798,.T.);
#3137 = ORIENTED_EDGE('',*,*,#2813,.T.);
#3138 = ORIENTED_EDGE('',*,*,#2841,.T.);
#3139 = ORIENTED_EDGE('',*,*,#2869,.T.);
#3140 = ORIENTED_EDGE('',*,*,#2897,.T.);
#3141 = ORIENTED_EDGE('',*,*,#2925,.T.);
#3142 = ORIENTED_EDGE('',*,*,#2953,.T.);
#3143 = ORIENTED_EDGE('',*,*,#2988,.T.);
#3144 = ORIENTED_EDGE('',*,*,#3003,.T.);
#3145 = ORIENTED_EDGE('',*,*,#3031,.T.);
#3146 = ORIENTED_EDGE('',*,*,#3059,.T.);
#3147 = ORIENTED_EDGE('',*,*,#3087,.T.);
#3148 = ORIENTED_EDGE('',*,*,#3115,.T.);
#3149 = B_SPLINE_SURFACE_WITH_KNOTS('',1,1,(
    (#3150,#3151)
    ,(#3152,#3153
    )),.UNSPECIFIED.,.F.,.F.,.F.,(2,2),(2,2),(-1.016194463546E-03,
    7.267647454979E-02),(-9.350430331589E-03,4.426907875005E-02),
  .PIECEWISE_BEZIER_KNOTS.);
#3150 = CARTESIAN_POINT('',(-7.708631359351E-02,0.8005,0.302737371249));
#3151 = CARTESIAN_POINT('',(-2.346680451187E-02,0.8005,0.302737371249));
#3152 = CARTESIAN_POINT('',(-7.708631359351E-02,0.8005,0.376430040262));
#3153 = CARTESIAN_POINT('',(-2.346680451187E-02,0.8005,0.376430040262));
#3154 = ADVANCED_FACE('',(#3155),#3177,.F.);
#3155 = FACE_BOUND('',#3156,.T.);
#3156 = EDGE_LOOP('',(#3157,#3158,#3165,#3172));
#3157 = ORIENTED_EDGE('',*,*,#1935,.T.);
#3158 = ORIENTED_EDGE('',*,*,#3159,.F.);
#3159 = EDGE_CURVE('',#3160,#1927,#3162,.T.);
#3160 = VERTEX_POINT('',#3161);
#3161 = CARTESIAN_POINT('',(-0.129181013254,0.8005,0.311597055553));
#3162 = B_SPLINE_CURVE_WITH_KNOTS('',1,(#3163,#3164),.UNSPECIFIED.,.F.,
  .F.,(2,2),(-0.,1.E-03),.PIECEWISE_BEZIER_KNOTS.);
#3163 = CARTESIAN_POINT('',(-0.129181013254,0.8005,0.311597055553));
#3164 = CARTESIAN_POINT('',(-0.129181013254,0.7995,0.311597055553));
#3165 = ORIENTED_EDGE('',*,*,#3166,.F.);
#3166 = EDGE_CURVE('',#3167,#3160,#3169,.T.);
#3167 = VERTEX_POINT('',#3168);
#3168 = CARTESIAN_POINT('',(-0.129123458023,0.8005,0.303481949114));
#3169 = B_SPLINE_CURVE_WITH_KNOTS('',1,(#3170,#3171),.UNSPECIFIED.,.F.,
  .F.,(2,2),(-8.115310536824E-03,0.),.PIECEWISE_BEZIER_KNOTS.);
#3170 = CARTESIAN_POINT('',(-0.129123458023,0.8005,0.303481949114));
#3171 = CARTESIAN_POINT('',(-0.129181013254,0.8005,0.311597055553));
#3172 = ORIENTED_EDGE('',*,*,#3173,.T.);
#3173 = EDGE_CURVE('',#3167,#1936,#3174,.T.);
#3174 = B_SPLINE_CURVE_WITH_KNOTS('',1,(#3175,#3176),.UNSPECIFIED.,.F.,
  .F.,(2,2),(-0.,1.E-03),.PIECEWISE_BEZIER_KNOTS.);
#3175 = CARTESIAN_POINT('',(-0.129123458023,0.8005,0.303481949114));
#3176 = CARTESIAN_POINT('',(-0.129123458023,0.7995,0.303481949114));
#3177 = B_SPLINE_SURFACE_WITH_KNOTS('',1,1,(
    (#3178,#3179)
    ,(#3180,#3181
    )),.UNSPECIFIED.,.F.,.F.,.F.,(2,2),(2,2),(0.,8.115310536824E-03),(
    -1.E-03,0.),.PIECEWISE_BEZIER_KNOTS.);
#3178 = CARTESIAN_POINT('',(-0.129181013254,0.7995,0.311597055553));
#3179 = CARTESIAN_POINT('',(-0.129181013254,0.8005,0.311597055553));
#3180 = CARTESIAN_POINT('',(-0.129123458023,0.7995,0.303481949114));
#3181 = CARTESIAN_POINT('',(-0.129123458023,0.8005,0.303481949114));
#3182 = ADVANCED_FACE('',(#3183),#3199,.F.);
#3183 = FACE_BOUND('',#3184,.T.);
#3184 = EDGE_LOOP('',(#3185,#3186,#3193,#3198));
#3185 = ORIENTED_EDGE('',*,*,#1926,.T.);
#3186 = ORIENTED_EDGE('',*,*,#3187,.F.);
#3187 = EDGE_CURVE('',#3188,#1929,#3190,.T.);
#3188 = VERTEX_POINT('',#3189);
#3189 = CARTESIAN_POINT('',(-0.100086719095,0.8005,0.31180340267));
#3190 = B_SPLINE_CURVE_WITH_KNOTS('',1,(#3191,#3192),.UNSPECIFIED.,.F.,
  .F.,(2,2),(-0.,1.E-03),.PIECEWISE_BEZIER_KNOTS.);
#3191 = CARTESIAN_POINT('',(-0.100086719095,0.8005,0.31180340267));
#3192 = CARTESIAN_POINT('',(-0.100086719095,0.7995,0.31180340267));
#3193 = ORIENTED_EDGE('',*,*,#3194,.F.);
#3194 = EDGE_CURVE('',#3160,#3188,#3195,.T.);
#3195 = B_SPLINE_CURVE_WITH_KNOTS('',1,(#3196,#3197),.UNSPECIFIED.,.F.,
  .F.,(2,2),(-2.909502589318E-02,0.),.PIECEWISE_BEZIER_KNOTS.);
#3196 = CARTESIAN_POINT('',(-0.129181013254,0.8005,0.311597055553));
#3197 = CARTESIAN_POINT('',(-0.100086719095,0.8005,0.31180340267));
#3198 = ORIENTED_EDGE('',*,*,#3159,.T.);
#3199 = B_SPLINE_SURFACE_WITH_KNOTS('',1,1,(
    (#3200,#3201)
    ,(#3202,#3203
    )),.UNSPECIFIED.,.F.,.F.,.F.,(2,2),(2,2),(-0.,2.909502589318E-02),(
    -1.E-03,0.),.PIECEWISE_BEZIER_KNOTS.);
#3200 = CARTESIAN_POINT('',(-0.100086719095,0.7995,0.31180340267));
#3201 = CARTESIAN_POINT('',(-0.100086719095,0.8005,0.31180340267));
#3202 = CARTESIAN_POINT('',(-0.129181013254,0.7995,0.311597055553));
#3203 = CARTESIAN_POINT('',(-0.129181013254,0.8005,0.311597055553));
#3204 = ADVANCED_FACE('',(#3205),#3221,.F.);
#3205 = FACE_BOUND('',#3206,.T.);
#3206 = EDGE_LOOP('',(#3207,#3208,#3215,#3220));
#3207 = ORIENTED_EDGE('',*,*,#2005,.T.);
#3208 = ORIENTED_EDGE('',*,*,#3209,.F.);
#3209 = EDGE_CURVE('',#3210,#1999,#3212,.T.);
#3210 = VERTEX_POINT('',#3211);
#3211 = CARTESIAN_POINT('',(-0.100256545741,0.8005,0.335748425255));
#3212 = B_SPLINE_CURVE_WITH_KNOTS('',1,(#3213,#3214),.UNSPECIFIED.,.F.,
  .F.,(2,2),(-0.,1.E-03),.PIECEWISE_BEZIER_KNOTS.);
#3213 = CARTESIAN_POINT('',(-0.100256545741,0.8005,0.335748425255));
#3214 = CARTESIAN_POINT('',(-0.100256545741,0.7995,0.335748425255));
#3215 = ORIENTED_EDGE('',*,*,#3216,.F.);
#3216 = EDGE_CURVE('',#3188,#3210,#3217,.T.);
#3217 = B_SPLINE_CURVE_WITH_KNOTS('',1,(#3218,#3219),.UNSPECIFIED.,.F.,
  .F.,(2,2),(-2.394562481266E-02,0.),.PIECEWISE_BEZIER_KNOTS.);
#3218 = CARTESIAN_POINT('',(-0.100086719095,0.8005,0.31180340267));
#3219 = CARTESIAN_POINT('',(-0.100256545741,0.8005,0.335748425255));
#3220 = ORIENTED_EDGE('',*,*,#3187,.T.);
#3221 = B_SPLINE_SURFACE_WITH_KNOTS('',1,1,(
    (#3222,#3223)
    ,(#3224,#3225
    )),.UNSPECIFIED.,.F.,.F.,.F.,(2,2),(2,2),(0.,2.394562481266E-02),(
    -1.E-03,0.),.PIECEWISE_BEZIER_KNOTS.);
#3222 = CARTESIAN_POINT('',(-0.100256545741,0.7995,0.335748425255));
#3223 = CARTESIAN_POINT('',(-0.100256545741,0.8005,0.335748425255));
#3224 = CARTESIAN_POINT('',(-0.100086719095,0.7995,0.31180340267));
#3225 = CARTESIAN_POINT('',(-0.100086719095,0.8005,0.31180340267));
#3226 = ADVANCED_FACE('',(#3227),#3243,.F.);
#3227 = FACE_BOUND('',#3228,.T.);
#3228 = EDGE_LOOP('',(#3229,#3230,#3237,#3242));
#3229 = ORIENTED_EDGE('',*,*,#1998,.T.);
#3230 = ORIENTED_EDGE('',*,*,#3231,.F.);
#3231 = EDGE_CURVE('',#3232,#1992,#3234,.T.);
#3232 = VERTEX_POINT('',#3233);
#3233 = CARTESIAN_POINT('',(-0.125711778716,0.8005,0.335567887658));
#3234 = B_SPLINE_CURVE_WITH_KNOTS('',1,(#3235,#3236),.UNSPECIFIED.,.F.,
  .F.,(2,2),(-0.,1.E-03),.PIECEWISE_BEZIER_KNOTS.);
#3235 = CARTESIAN_POINT('',(-0.125711778716,0.8005,0.335567887658));
#3236 = CARTESIAN_POINT('',(-0.125711778716,0.7995,0.335567887658));
#3237 = ORIENTED_EDGE('',*,*,#3238,.F.);
#3238 = EDGE_CURVE('',#3210,#3232,#3239,.T.);
#3239 = B_SPLINE_CURVE_WITH_KNOTS('',1,(#3240,#3241),.UNSPECIFIED.,.F.,
  .F.,(2,2),(-2.545587318609E-02,-0.),.PIECEWISE_BEZIER_KNOTS.);
#3240 = CARTESIAN_POINT('',(-0.100256545741,0.8005,0.335748425255));
#3241 = CARTESIAN_POINT('',(-0.125711778716,0.8005,0.335567887658));
#3242 = ORIENTED_EDGE('',*,*,#3209,.T.);
#3243 = B_SPLINE_SURFACE_WITH_KNOTS('',1,1,(
    (#3244,#3245)
    ,(#3246,#3247
    )),.UNSPECIFIED.,.F.,.F.,.F.,(2,2),(2,2),(0.,2.545587318609E-02),(
    -1.E-03,0.),.PIECEWISE_BEZIER_KNOTS.);
#3244 = CARTESIAN_POINT('',(-0.125711778716,0.7995,0.335567887658));
#3245 = CARTESIAN_POINT('',(-0.125711778716,0.8005,0.335567887658));
#3246 = CARTESIAN_POINT('',(-0.100256545741,0.7995,0.335748425255));
#3247 = CARTESIAN_POINT('',(-0.100256545741,0.8005,0.335748425255));
#3248 = ADVANCED_FACE('',(#3249),#3265,.F.);
#3249 = FACE_BOUND('',#3250,.T.);
#3250 = EDGE_LOOP('',(#3251,#3252,#3259,#3264));
#3251 = ORIENTED_EDGE('',*,*,#1991,.T.);
#3252 = ORIENTED_EDGE('',*,*,#3253,.F.);
#3253 = EDGE_CURVE('',#3254,#1985,#3256,.T.);
#3254 = VERTEX_POINT('',#3255);
#3255 = CARTESIAN_POINT('',(-0.125769592042,0.8005,0.343719384708));
#3256 = B_SPLINE_CURVE_WITH_KNOTS('',1,(#3257,#3258),.UNSPECIFIED.,.F.,
  .F.,(2,2),(-0.,1.E-03),.PIECEWISE_BEZIER_KNOTS.);
#3257 = CARTESIAN_POINT('',(-0.125769592042,0.8005,0.343719384708));
#3258 = CARTESIAN_POINT('',(-0.125769592042,0.7995,0.343719384708));
#3259 = ORIENTED_EDGE('',*,*,#3260,.F.);
#3260 = EDGE_CURVE('',#3232,#3254,#3261,.T.);
#3261 = B_SPLINE_CURVE_WITH_KNOTS('',1,(#3262,#3263),.UNSPECIFIED.,.F.,
  .F.,(2,2),(-8.151702063854E-03,0.),.PIECEWISE_BEZIER_KNOTS.);
#3262 = CARTESIAN_POINT('',(-0.125711778716,0.8005,0.335567887658));
#3263 = CARTESIAN_POINT('',(-0.125769592042,0.8005,0.343719384708));
#3264 = ORIENTED_EDGE('',*,*,#3231,.T.);
#3265 = B_SPLINE_SURFACE_WITH_KNOTS('',1,1,(
    (#3266,#3267)
    ,(#3268,#3269
    )),.UNSPECIFIED.,.F.,.F.,.F.,(2,2),(2,2),(0.,8.151702063854E-03),(
    -1.E-03,0.),.PIECEWISE_BEZIER_KNOTS.);
#3266 = CARTESIAN_POINT('',(-0.125769592042,0.7995,0.343719384708));
#3267 = CARTESIAN_POINT('',(-0.125769592042,0.8005,0.343719384708));
#3268 = CARTESIAN_POINT('',(-0.125711778716,0.7995,0.335567887658));
#3269 = CARTESIAN_POINT('',(-0.125711778716,0.8005,0.335567887658));
#3270 = ADVANCED_FACE('',(#3271),#3287,.F.);
#3271 = FACE_BOUND('',#3272,.T.);
#3272 = EDGE_LOOP('',(#3273,#3274,#3281,#3286));
#3273 = ORIENTED_EDGE('',*,*,#1984,.T.);
#3274 = ORIENTED_EDGE('',*,*,#3275,.F.);
#3275 = EDGE_CURVE('',#3276,#1978,#3278,.T.);
#3276 = VERTEX_POINT('',#3277);
#3277 = CARTESIAN_POINT('',(-0.100314359067,0.8005,0.343899922305));
#3278 = B_SPLINE_CURVE_WITH_KNOTS('',1,(#3279,#3280),.UNSPECIFIED.,.F.,
  .F.,(2,2),(-0.,1.E-03),.PIECEWISE_BEZIER_KNOTS.);
#3279 = CARTESIAN_POINT('',(-0.100314359067,0.8005,0.343899922305));
#3280 = CARTESIAN_POINT('',(-0.100314359067,0.7995,0.343899922305));
#3281 = ORIENTED_EDGE('',*,*,#3282,.F.);
#3282 = EDGE_CURVE('',#3254,#3276,#3283,.T.);
#3283 = B_SPLINE_CURVE_WITH_KNOTS('',1,(#3284,#3285),.UNSPECIFIED.,.F.,
  .F.,(2,2),(-2.545587318609E-02,0.),.PIECEWISE_BEZIER_KNOTS.);
#3284 = CARTESIAN_POINT('',(-0.125769592042,0.8005,0.343719384708));
#3285 = CARTESIAN_POINT('',(-0.100314359067,0.8005,0.343899922305));
#3286 = ORIENTED_EDGE('',*,*,#3253,.T.);
#3287 = B_SPLINE_SURFACE_WITH_KNOTS('',1,1,(
    (#3288,#3289)
    ,(#3290,#3291
    )),.UNSPECIFIED.,.F.,.F.,.F.,(2,2),(2,2),(-0.,2.545587318609E-02),(
    -1.E-03,0.),.PIECEWISE_BEZIER_KNOTS.);
#3288 = CARTESIAN_POINT('',(-0.100314359067,0.7995,0.343899922305));
#3289 = CARTESIAN_POINT('',(-0.100314359067,0.8005,0.343899922305));
#3290 = CARTESIAN_POINT('',(-0.125769592042,0.7995,0.343719384708));
#3291 = CARTESIAN_POINT('',(-0.125769592042,0.8005,0.343719384708));
#3292 = ADVANCED_FACE('',(#3293),#3309,.F.);
#3293 = FACE_BOUND('',#3294,.T.);
#3294 = EDGE_LOOP('',(#3295,#3296,#3303,#3308));
#3295 = ORIENTED_EDGE('',*,*,#1977,.T.);
#3296 = ORIENTED_EDGE('',*,*,#3297,.F.);
#3297 = EDGE_CURVE('',#3298,#1971,#3300,.T.);
#3298 = VERTEX_POINT('',#3299);
#3299 = CARTESIAN_POINT('',(-0.100475926666,0.8005,0.366680445311));
#3300 = B_SPLINE_CURVE_WITH_KNOTS('',1,(#3301,#3302),.UNSPECIFIED.,.F.,
  .F.,(2,2),(-0.,1.E-03),.PIECEWISE_BEZIER_KNOTS.);
#3301 = CARTESIAN_POINT('',(-0.100475926666,0.8005,0.366680445311));
#3302 = CARTESIAN_POINT('',(-0.100475926666,0.7995,0.366680445311));
#3303 = ORIENTED_EDGE('',*,*,#3304,.F.);
#3304 = EDGE_CURVE('',#3276,#3298,#3305,.T.);
#3305 = B_SPLINE_CURVE_WITH_KNOTS('',1,(#3306,#3307),.UNSPECIFIED.,.F.,
  .F.,(2,2),(-2.278109594674E-02,0.),.PIECEWISE_BEZIER_KNOTS.);
#3306 = CARTESIAN_POINT('',(-0.100314359067,0.8005,0.343899922305));
#3307 = CARTESIAN_POINT('',(-0.100475926666,0.8005,0.366680445311));
#3308 = ORIENTED_EDGE('',*,*,#3275,.T.);
#3309 = B_SPLINE_SURFACE_WITH_KNOTS('',1,1,(
    (#3310,#3311)
    ,(#3312,#3313
    )),.UNSPECIFIED.,.F.,.F.,.F.,(2,2),(2,2),(0.,2.278109594674E-02),(
    -1.E-03,0.),.PIECEWISE_BEZIER_KNOTS.);
#3310 = CARTESIAN_POINT('',(-0.100475926666,0.7995,0.366680445311));
#3311 = CARTESIAN_POINT('',(-0.100475926666,0.8005,0.366680445311));
#3312 = CARTESIAN_POINT('',(-0.100314359067,0.7995,0.343899922305));
#3313 = CARTESIAN_POINT('',(-0.100314359067,0.8005,0.343899922305));
#3314 = ADVANCED_FACE('',(#3315),#3331,.F.);
#3315 = FACE_BOUND('',#3316,.T.);
#3316 = EDGE_LOOP('',(#3317,#3318,#3325,#3330));
#3317 = ORIENTED_EDGE('',*,*,#1970,.T.);
#3318 = ORIENTED_EDGE('',*,*,#3319,.F.);
#3319 = EDGE_CURVE('',#3320,#1964,#3322,.T.);
#3320 = VERTEX_POINT('',#3321);
#3321 = CARTESIAN_POINT('',(-0.127950838598,0.8005,0.36648558343));
#3322 = B_SPLINE_CURVE_WITH_KNOTS('',1,(#3323,#3324),.UNSPECIFIED.,.F.,
  .F.,(2,2),(-0.,1.E-03),.PIECEWISE_BEZIER_KNOTS.);
#3323 = CARTESIAN_POINT('',(-0.127950838598,0.8005,0.36648558343));
#3324 = CARTESIAN_POINT('',(-0.127950838598,0.7995,0.36648558343));
#3325 = ORIENTED_EDGE('',*,*,#3326,.F.);
#3326 = EDGE_CURVE('',#3298,#3320,#3327,.T.);
#3327 = B_SPLINE_CURVE_WITH_KNOTS('',1,(#3328,#3329),.UNSPECIFIED.,.F.,
  .F.,(2,2),(-2.747560293866E-02,-0.),.PIECEWISE_BEZIER_KNOTS.);
#3328 = CARTESIAN_POINT('',(-0.100475926666,0.8005,0.366680445311));
#3329 = CARTESIAN_POINT('',(-0.127950838598,0.8005,0.36648558343));
#3330 = ORIENTED_EDGE('',*,*,#3297,.T.);
#3331 = B_SPLINE_SURFACE_WITH_KNOTS('',1,1,(
    (#3332,#3333)
    ,(#3334,#3335
    )),.UNSPECIFIED.,.F.,.F.,.F.,(2,2),(2,2),(0.,2.747560293866E-02),(
    -1.E-03,0.),.PIECEWISE_BEZIER_KNOTS.);
#3332 = CARTESIAN_POINT('',(-0.127950838598,0.7995,0.36648558343));
#3333 = CARTESIAN_POINT('',(-0.127950838598,0.8005,0.36648558343));
#3334 = CARTESIAN_POINT('',(-0.100475926666,0.7995,0.366680445311));
#3335 = CARTESIAN_POINT('',(-0.100475926666,0.8005,0.366680445311));
#3336 = ADVANCED_FACE('',(#3337),#3353,.F.);
#3337 = FACE_BOUND('',#3338,.T.);
#3338 = EDGE_LOOP('',(#3339,#3340,#3347,#3352));
#3339 = ORIENTED_EDGE('',*,*,#1963,.T.);
#3340 = ORIENTED_EDGE('',*,*,#3341,.F.);
#3341 = EDGE_CURVE('',#3342,#1957,#3344,.T.);
#3342 = VERTEX_POINT('',#3343);
#3343 = CARTESIAN_POINT('',(-0.12800891002,0.8005,0.374673471092));
#3344 = B_SPLINE_CURVE_WITH_KNOTS('',1,(#3345,#3346),.UNSPECIFIED.,.F.,
  .F.,(2,2),(-0.,1.E-03),.PIECEWISE_BEZIER_KNOTS.);
#3345 = CARTESIAN_POINT('',(-0.12800891002,0.8005,0.374673471092));
#3346 = CARTESIAN_POINT('',(-0.12800891002,0.7995,0.374673471092));
#3347 = ORIENTED_EDGE('',*,*,#3348,.F.);
#3348 = EDGE_CURVE('',#3320,#3342,#3349,.T.);
#3349 = B_SPLINE_CURVE_WITH_KNOTS('',1,(#3350,#3351),.UNSPECIFIED.,.F.,
  .F.,(2,2),(-8.188093590883E-03,0.),.PIECEWISE_BEZIER_KNOTS.);
#3350 = CARTESIAN_POINT('',(-0.127950838598,0.8005,0.36648558343));
#3351 = CARTESIAN_POINT('',(-0.12800891002,0.8005,0.374673471092));
#3352 = ORIENTED_EDGE('',*,*,#3319,.T.);
#3353 = B_SPLINE_SURFACE_WITH_KNOTS('',1,1,(
    (#3354,#3355)
    ,(#3356,#3357
    )),.UNSPECIFIED.,.F.,.F.,.F.,(2,2),(2,2),(0.,8.188093590883E-03),(
    -1.E-03,0.),.PIECEWISE_BEZIER_KNOTS.);
#3354 = CARTESIAN_POINT('',(-0.12800891002,0.7995,0.374673471092));
#3355 = CARTESIAN_POINT('',(-0.12800891002,0.8005,0.374673471092));
#3356 = CARTESIAN_POINT('',(-0.127950838598,0.7995,0.36648558343));
#3357 = CARTESIAN_POINT('',(-0.127950838598,0.8005,0.36648558343));
#3358 = ADVANCED_FACE('',(#3359),#3375,.F.);
#3359 = FACE_BOUND('',#3360,.T.);
#3360 = EDGE_LOOP('',(#3361,#3362,#3369,#3374));
#3361 = ORIENTED_EDGE('',*,*,#1956,.T.);
#3362 = ORIENTED_EDGE('',*,*,#3363,.F.);
#3363 = EDGE_CURVE('',#3364,#1950,#3366,.T.);
#3364 = VERTEX_POINT('',#3365);
#3365 = CARTESIAN_POINT('',(-9.134536860004E-02,0.8005,0.374933502013));
#3366 = B_SPLINE_CURVE_WITH_KNOTS('',1,(#3367,#3368),.UNSPECIFIED.,.F.,
  .F.,(2,2),(-0.,1.E-03),.PIECEWISE_BEZIER_KNOTS.);
#3367 = CARTESIAN_POINT('',(-9.134536860004E-02,0.8005,0.374933502013));
#3368 = CARTESIAN_POINT('',(-9.134536860004E-02,0.7995,0.374933502013));
#3369 = ORIENTED_EDGE('',*,*,#3370,.F.);
#3370 = EDGE_CURVE('',#3342,#3364,#3371,.T.);
#3371 = B_SPLINE_CURVE_WITH_KNOTS('',1,(#3372,#3373),.UNSPECIFIED.,.F.,
  .F.,(2,2),(-3.666446352407E-02,0.),.PIECEWISE_BEZIER_KNOTS.);
#3372 = CARTESIAN_POINT('',(-0.12800891002,0.8005,0.374673471092));
#3373 = CARTESIAN_POINT('',(-9.134536860004E-02,0.8005,0.374933502013));
#3374 = ORIENTED_EDGE('',*,*,#3341,.T.);
#3375 = B_SPLINE_SURFACE_WITH_KNOTS('',1,1,(
    (#3376,#3377)
    ,(#3378,#3379
    )),.UNSPECIFIED.,.F.,.F.,.F.,(2,2),(2,2),(-0.,3.666446352407E-02),(
    -1.E-03,0.),.PIECEWISE_BEZIER_KNOTS.);
#3376 = CARTESIAN_POINT('',(-9.134536860004E-02,0.7995,0.374933502013));
#3377 = CARTESIAN_POINT('',(-9.134536860004E-02,0.8005,0.374933502013));
#3378 = CARTESIAN_POINT('',(-0.12800891002,0.7995,0.374673471092));
#3379 = CARTESIAN_POINT('',(-0.12800891002,0.8005,0.374673471092));
#3380 = ADVANCED_FACE('',(#3381),#3397,.F.);
#3381 = FACE_BOUND('',#3382,.T.);
#3382 = EDGE_LOOP('',(#3383,#3384,#3391,#3396));
#3383 = ORIENTED_EDGE('',*,*,#1949,.T.);
#3384 = ORIENTED_EDGE('',*,*,#3385,.F.);
#3385 = EDGE_CURVE('',#3386,#1943,#3388,.T.);
#3386 = VERTEX_POINT('',#3387);
#3387 = CARTESIAN_POINT('',(-9.084053437664E-02,0.8005,0.303753465271));
#3388 = B_SPLINE_CURVE_WITH_KNOTS('',1,(#3389,#3390),.UNSPECIFIED.,.F.,
  .F.,(2,2),(-0.,1.E-03),.PIECEWISE_BEZIER_KNOTS.);
#3389 = CARTESIAN_POINT('',(-9.084053437664E-02,0.8005,0.303753465271));
#3390 = CARTESIAN_POINT('',(-9.084053437664E-02,0.7995,0.303753465271));
#3391 = ORIENTED_EDGE('',*,*,#3392,.F.);
#3392 = EDGE_CURVE('',#3364,#3386,#3393,.T.);
#3393 = B_SPLINE_CURVE_WITH_KNOTS('',1,(#3394,#3395),.UNSPECIFIED.,.F.,
  .F.,(2,2),(-7.118182695097E-02,0.),.PIECEWISE_BEZIER_KNOTS.);
#3394 = CARTESIAN_POINT('',(-9.134536860004E-02,0.8005,0.374933502013));
#3395 = CARTESIAN_POINT('',(-9.084053437664E-02,0.8005,0.303753465271));
#3396 = ORIENTED_EDGE('',*,*,#3363,.T.);
#3397 = B_SPLINE_SURFACE_WITH_KNOTS('',1,1,(
    (#3398,#3399)
    ,(#3400,#3401
    )),.UNSPECIFIED.,.F.,.F.,.F.,(2,2),(2,2),(-5.550975513611E-17,
    7.118182695097E-02),(-1.E-03,0.),.PIECEWISE_BEZIER_KNOTS.);
#3398 = CARTESIAN_POINT('',(-9.084053437664E-02,0.7995,0.303753465271));
#3399 = CARTESIAN_POINT('',(-9.084053437664E-02,0.8005,0.303753465271));
#3400 = CARTESIAN_POINT('',(-9.134536860004E-02,0.7995,0.374933502013));
#3401 = CARTESIAN_POINT('',(-9.134536860004E-02,0.8005,0.374933502013));
#3402 = ADVANCED_FACE('',(#3403),#3413,.F.);
#3403 = FACE_BOUND('',#3404,.T.);
#3404 = EDGE_LOOP('',(#3405,#3406,#3407,#3412));
#3405 = ORIENTED_EDGE('',*,*,#1942,.T.);
#3406 = ORIENTED_EDGE('',*,*,#3173,.F.);
#3407 = ORIENTED_EDGE('',*,*,#3408,.F.);
#3408 = EDGE_CURVE('',#3386,#3167,#3409,.T.);
#3409 = B_SPLINE_CURVE_WITH_KNOTS('',1,(#3410,#3411),.UNSPECIFIED.,.F.,
  .F.,(2,2),(-3.828388647859E-02,-0.),.PIECEWISE_BEZIER_KNOTS.);
#3410 = CARTESIAN_POINT('',(-9.084053437664E-02,0.8005,0.303753465271));
#3411 = CARTESIAN_POINT('',(-0.129123458023,0.8005,0.303481949114));
#3412 = ORIENTED_EDGE('',*,*,#3385,.T.);
#3413 = B_SPLINE_SURFACE_WITH_KNOTS('',1,1,(
    (#3414,#3415)
    ,(#3416,#3417
    )),.UNSPECIFIED.,.F.,.F.,.F.,(2,2),(2,2),(0.,3.828388647859E-02),(
    -1.E-03,0.),.PIECEWISE_BEZIER_KNOTS.);
#3414 = CARTESIAN_POINT('',(-0.129123458023,0.7995,0.303481949114));
#3415 = CARTESIAN_POINT('',(-0.129123458023,0.8005,0.303481949114));
#3416 = CARTESIAN_POINT('',(-9.084053437664E-02,0.7995,0.303753465271));
#3417 = CARTESIAN_POINT('',(-9.084053437664E-02,0.8005,0.303753465271));
#3418 = ADVANCED_FACE('',(#3419),#3433,.F.);
#3419 = FACE_BOUND('',#3420,.T.);
#3420 = EDGE_LOOP('',(#3421,#3422,#3423,#3424,#3425,#3426,#3427,#3428,
    #3429,#3430,#3431,#3432));
#3421 = ORIENTED_EDGE('',*,*,#3166,.T.);
#3422 = ORIENTED_EDGE('',*,*,#3194,.T.);
#3423 = ORIENTED_EDGE('',*,*,#3216,.T.);
#3424 = ORIENTED_EDGE('',*,*,#3238,.T.);
#3425 = ORIENTED_EDGE('',*,*,#3260,.T.);
#3426 = ORIENTED_EDGE('',*,*,#3282,.T.);
#3427 = ORIENTED_EDGE('',*,*,#3304,.T.);
#3428 = ORIENTED_EDGE('',*,*,#3326,.T.);
#3429 = ORIENTED_EDGE('',*,*,#3348,.T.);
#3430 = ORIENTED_EDGE('',*,*,#3370,.T.);
#3431 = ORIENTED_EDGE('',*,*,#3392,.T.);
#3432 = ORIENTED_EDGE('',*,*,#3408,.T.);
#3433 = B_SPLINE_SURFACE_WITH_KNOTS('',1,1,(
    (#3434,#3435)
    ,(#3436,#3437
    )),.UNSPECIFIED.,.F.,.F.,.F.,(2,2),(2,2),(-0.374933402013,
    -0.303481849114),(-0.129181013254,-9.084053437664E-02),
  .PIECEWISE_BEZIER_KNOTS.);
#3434 = CARTESIAN_POINT('',(-0.129181013254,0.8005,0.374933502013));
#3435 = CARTESIAN_POINT('',(-9.084053437664E-02,0.8005,0.374933502013));
#3436 = CARTESIAN_POINT('',(-0.129181013254,0.8005,0.303481949114));
#3437 = CARTESIAN_POINT('',(-9.084053437664E-02,0.8005,0.303481949114));
#3438 = ADVANCED_FACE('',(#3439,#3498),#3557,.T.);
#3439 = FACE_BOUND('',#3440,.T.);
#3440 = EDGE_LOOP('',(#3441,#3450,#3459,#3468,#3477,#3486,#3493));
#3441 = ORIENTED_EDGE('',*,*,#3442,.T.);
#3442 = EDGE_CURVE('',#3443,#3445,#3447,.T.);
#3443 = VERTEX_POINT('',#3444);
#3444 = CARTESIAN_POINT('',(-0.142569789094,0.8005,0.303386582936));
#3445 = VERTEX_POINT('',#3446);
#3446 = CARTESIAN_POINT('',(-0.162147938259,0.8005,0.303247727715));
#3447 = B_SPLINE_CURVE_WITH_KNOTS('',1,(#3448,#3449),.UNSPECIFIED.,.F.,
  .F.,(2,2),(-1.957864156426E-02,-2.814857256188E-17),
  .PIECEWISE_BEZIER_KNOTS.);
#3448 = CARTESIAN_POINT('',(-0.142569789094,0.8005,0.303386582936));
#3449 = CARTESIAN_POINT('',(-0.162147938259,0.8005,0.303247727715));
#3450 = ORIENTED_EDGE('',*,*,#3451,.T.);
#3451 = EDGE_CURVE('',#3445,#3452,#3454,.T.);
#3452 = VERTEX_POINT('',#3453);
#3453 = CARTESIAN_POINT('',(-0.189857326032,0.8005,0.313022732047));
#3454 = B_SPLINE_CURVE_WITH_KNOTS('',3,(#3455,#3456,#3457,#3458),
  .UNSPECIFIED.,.F.,.F.,(4,4),(5.,6.),.PIECEWISE_BEZIER_KNOTS.);
#3455 = CARTESIAN_POINT('',(-0.162147938259,0.8005,0.303247727715));
#3456 = CARTESIAN_POINT('',(-0.173410832621,0.8005,0.303167847248));
#3457 = CARTESIAN_POINT('',(-0.182659339384,0.8005,0.30641396579));
#3458 = CARTESIAN_POINT('',(-0.189857326032,0.8005,0.313022732047));
#3459 = ORIENTED_EDGE('',*,*,#3460,.T.);
#3460 = EDGE_CURVE('',#3452,#3461,#3463,.T.);
#3461 = VERTEX_POINT('',#3462);
#3462 = CARTESIAN_POINT('',(-0.200780707927,0.8005,0.339475349986));
#3463 = B_SPLINE_CURVE_WITH_KNOTS('',3,(#3464,#3465,#3466,#3467),
  .UNSPECIFIED.,.F.,.F.,(4,4),(4.,5.),.PIECEWISE_BEZIER_KNOTS.);
#3464 = CARTESIAN_POINT('',(-0.189857326032,0.8005,0.313022732047));
#3465 = CARTESIAN_POINT('',(-0.197055312679,0.8005,0.319631498304));
#3466 = CARTESIAN_POINT('',(-0.200702505079,0.8005,0.328448994601));
#3467 = CARTESIAN_POINT('',(-0.200780707927,0.8005,0.339475349986));
#3468 = ORIENTED_EDGE('',*,*,#3469,.T.);
#3469 = EDGE_CURVE('',#3461,#3470,#3472,.T.);
#3470 = VERTEX_POINT('',#3471);
#3471 = CARTESIAN_POINT('',(-0.19022459551,0.8005,0.364806572683));
#3472 = B_SPLINE_CURVE_WITH_KNOTS('',3,(#3473,#3474,#3475,#3476),
  .UNSPECIFIED.,.F.,.F.,(4,4),(3.,4.),.PIECEWISE_BEZIER_KNOTS.);
#3473 = CARTESIAN_POINT('',(-0.200780707927,0.8005,0.339475349986));
#3474 = CARTESIAN_POINT('',(-0.200855555537,0.8005,0.350028627417));
#3475 = CARTESIAN_POINT('',(-0.197330700264,0.8005,0.358460281128));
#3476 = CARTESIAN_POINT('',(-0.19022459551,0.8005,0.364806572683));
#3477 = ORIENTED_EDGE('',*,*,#3478,.T.);
#3478 = EDGE_CURVE('',#3470,#3479,#3481,.T.);
#3479 = VERTEX_POINT('',#3480);
#3480 = CARTESIAN_POINT('',(-0.16338058472,0.8005,0.374422602552));
#3481 = B_SPLINE_CURVE_WITH_KNOTS('',3,(#3482,#3483,#3484,#3485),
  .UNSPECIFIED.,.F.,.F.,(4,4),(2.,3.),.PIECEWISE_BEZIER_KNOTS.);
#3482 = CARTESIAN_POINT('',(-0.19022459551,0.8005,0.364806572683));
#3483 = CARTESIAN_POINT('',(-0.183118490756,0.8005,0.371152864238));
#3484 = CARTESIAN_POINT('',(-0.174170401127,0.8005,0.374346077323));
#3485 = CARTESIAN_POINT('',(-0.16338058472,0.8005,0.374422602552));
#3486 = ORIENTED_EDGE('',*,*,#3487,.T.);
#3487 = EDGE_CURVE('',#3479,#3488,#3490,.T.);
#3488 = VERTEX_POINT('',#3489);
#3489 = CARTESIAN_POINT('',(-0.143074623318,0.8005,0.374566619677));
#3490 = B_SPLINE_CURVE_WITH_KNOTS('',1,(#3491,#3492),.UNSPECIFIED.,.F.,
  .F.,(2,2),(-2.030647210582E-02,0.),.PIECEWISE_BEZIER_KNOTS.);
#3491 = CARTESIAN_POINT('',(-0.16338058472,0.8005,0.374422602552));
#3492 = CARTESIAN_POINT('',(-0.143074623318,0.8005,0.374566619677));
#3493 = ORIENTED_EDGE('',*,*,#3494,.T.);
#3494 = EDGE_CURVE('',#3488,#3443,#3495,.T.);
#3495 = B_SPLINE_CURVE_WITH_KNOTS('',1,(#3496,#3497),.UNSPECIFIED.,.F.,
  .F.,(2,2),(-7.118182695097E-02,0.),.PIECEWISE_BEZIER_KNOTS.);
#3496 = CARTESIAN_POINT('',(-0.143074623318,0.8005,0.374566619677));
#3497 = CARTESIAN_POINT('',(-0.142569789094,0.8005,0.303386582936));
#3498 = FACE_BOUND('',#3499,.T.);
#3499 = EDGE_LOOP('',(#3500,#3509,#3516,#3525,#3534,#3543,#3552));
#3500 = ORIENTED_EDGE('',*,*,#3501,.F.);
#3501 = EDGE_CURVE('',#3502,#3504,#3506,.T.);
#3502 = VERTEX_POINT('',#3503);
#3503 = CARTESIAN_POINT('',(-0.152205181384,0.8005,0.366313562975));
#3504 = VERTEX_POINT('',#3505);
#3505 = CARTESIAN_POINT('',(-0.151815973813,0.8005,0.311436520334));
#3506 = B_SPLINE_CURVE_WITH_KNOTS('',1,(#3507,#3508),.UNSPECIFIED.,.F.,
  .F.,(2,2),(0.,5.487842282326E-02),.PIECEWISE_BEZIER_KNOTS.);
#3507 = CARTESIAN_POINT('',(-0.152205181384,0.8005,0.366313562975));
#3508 = CARTESIAN_POINT('',(-0.151815973813,0.8005,0.311436520334));
#3509 = ORIENTED_EDGE('',*,*,#3510,.F.);
#3510 = EDGE_CURVE('',#3511,#3502,#3513,.T.);
#3511 = VERTEX_POINT('',#3512);
#3512 = CARTESIAN_POINT('',(-0.162958607179,0.8005,0.366237295842));
#3513 = B_SPLINE_CURVE_WITH_KNOTS('',1,(#3514,#3515),.UNSPECIFIED.,.F.,
  .F.,(2,2),(2.775487756806E-17,1.07536962489E-02),
  .PIECEWISE_BEZIER_KNOTS.);
#3514 = CARTESIAN_POINT('',(-0.162958607179,0.8005,0.366237295842));
#3515 = CARTESIAN_POINT('',(-0.152205181384,0.8005,0.366313562975));
#3516 = ORIENTED_EDGE('',*,*,#3517,.F.);
#3517 = EDGE_CURVE('',#3518,#3511,#3520,.T.);
#3518 = VERTEX_POINT('',#3519);
#3519 = CARTESIAN_POINT('',(-0.18345361804,0.8005,0.359395728521));
#3520 = B_SPLINE_CURVE_WITH_KNOTS('',3,(#3521,#3522,#3523,#3524),
  .UNSPECIFIED.,.F.,.F.,(4,4),(5.,6.),.PIECEWISE_BEZIER_KNOTS.);
#3521 = CARTESIAN_POINT('',(-0.18345361804,0.8005,0.359395728521));
#3522 = CARTESIAN_POINT('',(-0.178281506258,0.8005,0.363908681391));
#3523 = CARTESIAN_POINT('',(-0.171437619736,0.8005,0.366177159659));
#3524 = CARTESIAN_POINT('',(-0.162958607179,0.8005,0.366237295842));
#3525 = ORIENTED_EDGE('',*,*,#3526,.F.);
#3526 = EDGE_CURVE('',#3527,#3518,#3529,.T.);
#3527 = VERTEX_POINT('',#3528);
#3528 = CARTESIAN_POINT('',(-0.19111719382,0.8005,0.339289139981));
#3529 = B_SPLINE_CURVE_WITH_KNOTS('',3,(#3530,#3531,#3532,#3533),
  .UNSPECIFIED.,.F.,.F.,(4,4),(4.,5.),.PIECEWISE_BEZIER_KNOTS.);
#3530 = CARTESIAN_POINT('',(-0.19111719382,0.8005,0.339289139981));
#3531 = CARTESIAN_POINT('',(-0.19118016905,0.8005,0.348168449267));
#3532 = CARTESIAN_POINT('',(-0.188625729822,0.8005,0.354882775652));
#3533 = CARTESIAN_POINT('',(-0.18345361804,0.8005,0.359395728521));
#3534 = ORIENTED_EDGE('',*,*,#3535,.F.);
#3535 = EDGE_CURVE('',#3536,#3527,#3538,.T.);
#3536 = VERTEX_POINT('',#3537);
#3537 = CARTESIAN_POINT('',(-0.183364699775,0.8005,0.318636823747));
#3538 = B_SPLINE_CURVE_WITH_KNOTS('',3,(#3539,#3540,#3541,#3542),
  .UNSPECIFIED.,.F.,.F.,(4,4),(3.,4.),.PIECEWISE_BEZIER_KNOTS.);
#3539 = CARTESIAN_POINT('',(-0.183364699775,0.8005,0.318636823747));
#3540 = CARTESIAN_POINT('',(-0.188476032978,0.8005,0.323513552063));
#3541 = CARTESIAN_POINT('',(-0.191054218589,0.8005,0.330409830694));
#3542 = CARTESIAN_POINT('',(-0.19111719382,0.8005,0.339289139981));
#3543 = ORIENTED_EDGE('',*,*,#3544,.F.);
#3544 = EDGE_CURVE('',#3545,#3536,#3547,.T.);
#3545 = VERTEX_POINT('',#3546);
#3546 = CARTESIAN_POINT('',(-0.162150907573,0.8005,0.311363221296));
#3547 = B_SPLINE_CURVE_WITH_KNOTS('',3,(#3548,#3549,#3550,#3551),
  .UNSPECIFIED.,.F.,.F.,(4,4),(2.,3.),.PIECEWISE_BEZIER_KNOTS.);
#3548 = CARTESIAN_POINT('',(-0.162150907573,0.8005,0.311363221296));
#3549 = CARTESIAN_POINT('',(-0.171193974613,0.8005,0.311299084637));
#3550 = CARTESIAN_POINT('',(-0.178271303782,0.8005,0.313723575772));
#3551 = CARTESIAN_POINT('',(-0.183364699775,0.8005,0.318636823747));
#3552 = ORIENTED_EDGE('',*,*,#3553,.F.);
#3553 = EDGE_CURVE('',#3504,#3545,#3554,.T.);
#3554 = B_SPLINE_CURVE_WITH_KNOTS('',1,(#3555,#3556),.UNSPECIFIED.,.F.,
  .F.,(2,2),(0.,1.033519368806E-02),.PIECEWISE_BEZIER_KNOTS.);
#3555 = CARTESIAN_POINT('',(-0.151815973813,0.8005,0.311436520334));
#3556 = CARTESIAN_POINT('',(-0.162150907573,0.8005,0.311363221296));
#3557 = B_SPLINE_SURFACE_WITH_KNOTS('',1,1,(
    (#3558,#3559)
    ,(#3560,#3561
    )),.UNSPECIFIED.,.F.,.F.,.F.,(2,2),(2,2),(-6.87979027412E-02,
    2.600869687324E-03),(-2.267157355187E-02,3.561419289052E-02),
  .PIECEWISE_BEZIER_KNOTS.);
#3558 = CARTESIAN_POINT('',(-0.200855555537,0.8005,0.303167847248));
#3559 = CARTESIAN_POINT('',(-0.142569789094,0.8005,0.303167847248));
#3560 = CARTESIAN_POINT('',(-0.200855555537,0.8005,0.374566619677));
#3561 = CARTESIAN_POINT('',(-0.142569789094,0.8005,0.374566619677));
#3562 = ADVANCED_FACE('',(#3563),#3577,.F.);
#3563 = FACE_BOUND('',#3564,.T.);
#3564 = EDGE_LOOP('',(#3565,#3566,#3571,#3572));
#3565 = ORIENTED_EDGE('',*,*,#1680,.T.);
#3566 = ORIENTED_EDGE('',*,*,#3567,.F.);
#3567 = EDGE_CURVE('',#3445,#1670,#3568,.T.);
#3568 = B_SPLINE_CURVE_WITH_KNOTS('',1,(#3569,#3570),.UNSPECIFIED.,.F.,
  .F.,(2,2),(-0.,1.E-03),.PIECEWISE_BEZIER_KNOTS.);
#3569 = CARTESIAN_POINT('',(-0.162147938259,0.8005,0.303247727715));
#3570 = CARTESIAN_POINT('',(-0.162147938259,0.7995,0.303247727715));
#3571 = ORIENTED_EDGE('',*,*,#3442,.F.);
#3572 = ORIENTED_EDGE('',*,*,#3573,.T.);
#3573 = EDGE_CURVE('',#3443,#1681,#3574,.T.);
#3574 = B_SPLINE_CURVE_WITH_KNOTS('',1,(#3575,#3576),.UNSPECIFIED.,.F.,
  .F.,(2,2),(-0.,1.E-03),.PIECEWISE_BEZIER_KNOTS.);
#3575 = CARTESIAN_POINT('',(-0.142569789094,0.8005,0.303386582936));
#3576 = CARTESIAN_POINT('',(-0.142569789094,0.7995,0.303386582936));
#3577 = B_SPLINE_SURFACE_WITH_KNOTS('',1,1,(
    (#3578,#3579)
    ,(#3580,#3581
    )),.UNSPECIFIED.,.F.,.F.,.F.,(2,2),(2,2),(2.775487756806E-17,
    1.957864156426E-02),(-1.E-03,1.110223024625E-16),
  .PIECEWISE_BEZIER_KNOTS.);
#3578 = CARTESIAN_POINT('',(-0.162147938259,0.7995,0.303247727715));
#3579 = CARTESIAN_POINT('',(-0.162147938259,0.8005,0.303247727715));
#3580 = CARTESIAN_POINT('',(-0.142569789094,0.7995,0.303386582936));
#3581 = CARTESIAN_POINT('',(-0.142569789094,0.8005,0.303386582936));
#3582 = ADVANCED_FACE('',(#3583),#3593,.F.);
#3583 = FACE_BOUND('',#3584,.F.);
#3584 = EDGE_LOOP('',(#3585,#3586,#3587,#3592));
#3585 = ORIENTED_EDGE('',*,*,#3567,.F.);
#3586 = ORIENTED_EDGE('',*,*,#3451,.T.);
#3587 = ORIENTED_EDGE('',*,*,#3588,.T.);
#3588 = EDGE_CURVE('',#3452,#1672,#3589,.T.);
#3589 = B_SPLINE_CURVE_WITH_KNOTS('',1,(#3590,#3591),.UNSPECIFIED.,.F.,
  .F.,(2,2),(-0.,1.E-03),.PIECEWISE_BEZIER_KNOTS.);
#3590 = CARTESIAN_POINT('',(-0.189857326032,0.8005,0.313022732047));
#3591 = CARTESIAN_POINT('',(-0.189857326032,0.7995,0.313022732047));
#3592 = ORIENTED_EDGE('',*,*,#1669,.F.);
#3593 = B_SPLINE_SURFACE_WITH_KNOTS('',3,1,(
    (#3594,#3595)
    ,(#3596,#3597)
    ,(#3598,#3599)
    ,(#3600,#3601
    )),.UNSPECIFIED.,.F.,.F.,.F.,(4,4),(2,2),(5.,6.),(0.,1.),
  .PIECEWISE_BEZIER_KNOTS.);
#3594 = CARTESIAN_POINT('',(-0.162147938259,0.8005,0.303247727715));
#3595 = CARTESIAN_POINT('',(-0.162147938259,0.7995,0.303247727715));
#3596 = CARTESIAN_POINT('',(-0.173410832621,0.8005,0.303167847248));
#3597 = CARTESIAN_POINT('',(-0.173410832621,0.7995,0.303167847248));
#3598 = CARTESIAN_POINT('',(-0.182659339384,0.8005,0.30641396579));
#3599 = CARTESIAN_POINT('',(-0.182659339384,0.7995,0.30641396579));
#3600 = CARTESIAN_POINT('',(-0.189857326032,0.8005,0.313022732047));
#3601 = CARTESIAN_POINT('',(-0.189857326032,0.7995,0.313022732047));
#3602 = ADVANCED_FACE('',(#3603),#3613,.F.);
#3603 = FACE_BOUND('',#3604,.F.);
#3604 = EDGE_LOOP('',(#3605,#3606,#3607,#3612));
#3605 = ORIENTED_EDGE('',*,*,#3588,.F.);
#3606 = ORIENTED_EDGE('',*,*,#3460,.T.);
#3607 = ORIENTED_EDGE('',*,*,#3608,.T.);
#3608 = EDGE_CURVE('',#3461,#1711,#3609,.T.);
#3609 = B_SPLINE_CURVE_WITH_KNOTS('',1,(#3610,#3611),.UNSPECIFIED.,.F.,
  .F.,(2,2),(-0.,1.E-03),.PIECEWISE_BEZIER_KNOTS.);
#3610 = CARTESIAN_POINT('',(-0.200780707927,0.8005,0.339475349986));
#3611 = CARTESIAN_POINT('',(-0.200780707927,0.7995,0.339475349986));
#3612 = ORIENTED_EDGE('',*,*,#1719,.F.);
#3613 = B_SPLINE_SURFACE_WITH_KNOTS('',3,1,(
    (#3614,#3615)
    ,(#3616,#3617)
    ,(#3618,#3619)
    ,(#3620,#3621
    )),.UNSPECIFIED.,.F.,.F.,.F.,(4,4),(2,2),(4.,5.),(0.,1.),
  .PIECEWISE_BEZIER_KNOTS.);
#3614 = CARTESIAN_POINT('',(-0.189857326032,0.8005,0.313022732047));
#3615 = CARTESIAN_POINT('',(-0.189857326032,0.7995,0.313022732047));
#3616 = CARTESIAN_POINT('',(-0.197055312679,0.8005,0.319631498304));
#3617 = CARTESIAN_POINT('',(-0.197055312679,0.7995,0.319631498304));
#3618 = CARTESIAN_POINT('',(-0.200702505079,0.8005,0.328448994601));
#3619 = CARTESIAN_POINT('',(-0.200702505079,0.7995,0.328448994601));
#3620 = CARTESIAN_POINT('',(-0.200780707927,0.8005,0.339475349986));
#3621 = CARTESIAN_POINT('',(-0.200780707927,0.7995,0.339475349986));
#3622 = ADVANCED_FACE('',(#3623),#3633,.F.);
#3623 = FACE_BOUND('',#3624,.F.);
#3624 = EDGE_LOOP('',(#3625,#3626,#3627,#3632));
#3625 = ORIENTED_EDGE('',*,*,#3608,.F.);
#3626 = ORIENTED_EDGE('',*,*,#3469,.T.);
#3627 = ORIENTED_EDGE('',*,*,#3628,.T.);
#3628 = EDGE_CURVE('',#3470,#1702,#3629,.T.);
#3629 = B_SPLINE_CURVE_WITH_KNOTS('',1,(#3630,#3631),.UNSPECIFIED.,.F.,
  .F.,(2,2),(-0.,1.E-03),.PIECEWISE_BEZIER_KNOTS.);
#3630 = CARTESIAN_POINT('',(-0.19022459551,0.8005,0.364806572683));
#3631 = CARTESIAN_POINT('',(-0.19022459551,0.7995,0.364806572683));
#3632 = ORIENTED_EDGE('',*,*,#1710,.F.);
#3633 = B_SPLINE_SURFACE_WITH_KNOTS('',3,1,(
    (#3634,#3635)
    ,(#3636,#3637)
    ,(#3638,#3639)
    ,(#3640,#3641
    )),.UNSPECIFIED.,.F.,.F.,.F.,(4,4),(2,2),(3.,4.),(0.,1.),
  .PIECEWISE_BEZIER_KNOTS.);
#3634 = CARTESIAN_POINT('',(-0.200780707927,0.8005,0.339475349986));
#3635 = CARTESIAN_POINT('',(-0.200780707927,0.7995,0.339475349986));
#3636 = CARTESIAN_POINT('',(-0.200855555537,0.8005,0.350028627417));
#3637 = CARTESIAN_POINT('',(-0.200855555537,0.7995,0.350028627417));
#3638 = CARTESIAN_POINT('',(-0.197330700264,0.8005,0.358460281128));
#3639 = CARTESIAN_POINT('',(-0.197330700264,0.7995,0.358460281128));
#3640 = CARTESIAN_POINT('',(-0.19022459551,0.8005,0.364806572683));
#3641 = CARTESIAN_POINT('',(-0.19022459551,0.7995,0.364806572683));
#3642 = ADVANCED_FACE('',(#3643),#3653,.F.);
#3643 = FACE_BOUND('',#3644,.F.);
#3644 = EDGE_LOOP('',(#3645,#3646,#3647,#3652));
#3645 = ORIENTED_EDGE('',*,*,#3628,.F.);
#3646 = ORIENTED_EDGE('',*,*,#3478,.T.);
#3647 = ORIENTED_EDGE('',*,*,#3648,.T.);
#3648 = EDGE_CURVE('',#3479,#1695,#3649,.T.);
#3649 = B_SPLINE_CURVE_WITH_KNOTS('',1,(#3650,#3651),.UNSPECIFIED.,.F.,
  .F.,(2,2),(-0.,1.E-03),.PIECEWISE_BEZIER_KNOTS.);
#3650 = CARTESIAN_POINT('',(-0.16338058472,0.8005,0.374422602552));
#3651 = CARTESIAN_POINT('',(-0.16338058472,0.7995,0.374422602552));
#3652 = ORIENTED_EDGE('',*,*,#1701,.F.);
#3653 = B_SPLINE_SURFACE_WITH_KNOTS('',3,1,(
    (#3654,#3655)
    ,(#3656,#3657)
    ,(#3658,#3659)
    ,(#3660,#3661
    )),.UNSPECIFIED.,.F.,.F.,.F.,(4,4),(2,2),(2.,3.),(0.,1.),
  .PIECEWISE_BEZIER_KNOTS.);
#3654 = CARTESIAN_POINT('',(-0.19022459551,0.8005,0.364806572683));
#3655 = CARTESIAN_POINT('',(-0.19022459551,0.7995,0.364806572683));
#3656 = CARTESIAN_POINT('',(-0.183118490756,0.8005,0.371152864238));
#3657 = CARTESIAN_POINT('',(-0.183118490756,0.7995,0.371152864238));
#3658 = CARTESIAN_POINT('',(-0.174170401127,0.8005,0.374346077323));
#3659 = CARTESIAN_POINT('',(-0.174170401127,0.7995,0.374346077323));
#3660 = CARTESIAN_POINT('',(-0.16338058472,0.8005,0.374422602552));
#3661 = CARTESIAN_POINT('',(-0.16338058472,0.7995,0.374422602552));
#3662 = ADVANCED_FACE('',(#3663),#3673,.F.);
#3663 = FACE_BOUND('',#3664,.T.);
#3664 = EDGE_LOOP('',(#3665,#3666,#3671,#3672));
#3665 = ORIENTED_EDGE('',*,*,#1694,.T.);
#3666 = ORIENTED_EDGE('',*,*,#3667,.F.);
#3667 = EDGE_CURVE('',#3488,#1688,#3668,.T.);
#3668 = B_SPLINE_CURVE_WITH_KNOTS('',1,(#3669,#3670),.UNSPECIFIED.,.F.,
  .F.,(2,2),(-0.,1.E-03),.PIECEWISE_BEZIER_KNOTS.);
#3669 = CARTESIAN_POINT('',(-0.143074623318,0.8005,0.374566619677));
#3670 = CARTESIAN_POINT('',(-0.143074623318,0.7995,0.374566619677));
#3671 = ORIENTED_EDGE('',*,*,#3487,.F.);
#3672 = ORIENTED_EDGE('',*,*,#3648,.T.);
#3673 = B_SPLINE_SURFACE_WITH_KNOTS('',1,1,(
    (#3674,#3675)
    ,(#3676,#3677
    )),.UNSPECIFIED.,.F.,.F.,.F.,(2,2),(2,2),(-2.736118257423E-17,
    2.030647210582E-02),(-1.E-03,0.),.PIECEWISE_BEZIER_KNOTS.);
#3674 = CARTESIAN_POINT('',(-0.143074623318,0.7995,0.374566619677));
#3675 = CARTESIAN_POINT('',(-0.143074623318,0.8005,0.374566619677));
#3676 = CARTESIAN_POINT('',(-0.16338058472,0.7995,0.374422602552));
#3677 = CARTESIAN_POINT('',(-0.16338058472,0.8005,0.374422602552));
#3678 = ADVANCED_FACE('',(#3679),#3685,.F.);
#3679 = FACE_BOUND('',#3680,.T.);
#3680 = EDGE_LOOP('',(#3681,#3682,#3683,#3684));
#3681 = ORIENTED_EDGE('',*,*,#1687,.T.);
#3682 = ORIENTED_EDGE('',*,*,#3573,.F.);
#3683 = ORIENTED_EDGE('',*,*,#3494,.F.);
#3684 = ORIENTED_EDGE('',*,*,#3667,.T.);
#3685 = B_SPLINE_SURFACE_WITH_KNOTS('',1,1,(
    (#3686,#3687)
    ,(#3688,#3689
    )),.UNSPECIFIED.,.F.,.F.,.F.,(2,2),(2,2),(0.,7.118182695097E-02),(
    -1.E-03,0.),.PIECEWISE_BEZIER_KNOTS.);
#3686 = CARTESIAN_POINT('',(-0.142569789094,0.7995,0.303386582936));
#3687 = CARTESIAN_POINT('',(-0.142569789094,0.8005,0.303386582936));
#3688 = CARTESIAN_POINT('',(-0.143074623318,0.7995,0.374566619677));
#3689 = CARTESIAN_POINT('',(-0.143074623318,0.8005,0.374566619677));
#3690 = ADVANCED_FACE('',(#3691),#3713,.T.);
#3691 = FACE_BOUND('',#3692,.T.);
#3692 = EDGE_LOOP('',(#3693,#3702,#3707,#3708));
#3693 = ORIENTED_EDGE('',*,*,#3694,.F.);
#3694 = EDGE_CURVE('',#3695,#3697,#3699,.T.);
#3695 = VERTEX_POINT('',#3696);
#3696 = CARTESIAN_POINT('',(-0.162958607179,0.7995,0.366237295842));
#3697 = VERTEX_POINT('',#3698);
#3698 = CARTESIAN_POINT('',(-0.152205181384,0.7995,0.366313562975));
#3699 = B_SPLINE_CURVE_WITH_KNOTS('',1,(#3700,#3701),.UNSPECIFIED.,.F.,
  .F.,(2,2),(2.775487756806E-17,1.07536962489E-02),
  .PIECEWISE_BEZIER_KNOTS.);
#3700 = CARTESIAN_POINT('',(-0.162958607179,0.7995,0.366237295842));
#3701 = CARTESIAN_POINT('',(-0.152205181384,0.7995,0.366313562975));
#3702 = ORIENTED_EDGE('',*,*,#3703,.F.);
#3703 = EDGE_CURVE('',#3511,#3695,#3704,.T.);
#3704 = B_SPLINE_CURVE_WITH_KNOTS('',1,(#3705,#3706),.UNSPECIFIED.,.F.,
  .F.,(2,2),(-0.,1.E-03),.PIECEWISE_BEZIER_KNOTS.);
#3705 = CARTESIAN_POINT('',(-0.162958607179,0.8005,0.366237295842));
#3706 = CARTESIAN_POINT('',(-0.162958607179,0.7995,0.366237295842));
#3707 = ORIENTED_EDGE('',*,*,#3510,.T.);
#3708 = ORIENTED_EDGE('',*,*,#3709,.T.);
#3709 = EDGE_CURVE('',#3502,#3697,#3710,.T.);
#3710 = B_SPLINE_CURVE_WITH_KNOTS('',1,(#3711,#3712),.UNSPECIFIED.,.F.,
  .F.,(2,2),(-0.,1.E-03),.PIECEWISE_BEZIER_KNOTS.);
#3711 = CARTESIAN_POINT('',(-0.152205181384,0.8005,0.366313562975));
#3712 = CARTESIAN_POINT('',(-0.152205181384,0.7995,0.366313562975));
#3713 = B_SPLINE_SURFACE_WITH_KNOTS('',1,1,(
    (#3714,#3715)
    ,(#3716,#3717
    )),.UNSPECIFIED.,.F.,.F.,.F.,(2,2),(2,2),(-1.07536962489E-02,
    -2.775487756806E-17),(-1.E-03,1.110223024625E-16),
  .PIECEWISE_BEZIER_KNOTS.);
#3714 = CARTESIAN_POINT('',(-0.152205181384,0.7995,0.366313562975));
#3715 = CARTESIAN_POINT('',(-0.152205181384,0.8005,0.366313562975));
#3716 = CARTESIAN_POINT('',(-0.162958607179,0.7995,0.366237295842));
#3717 = CARTESIAN_POINT('',(-0.162958607179,0.8005,0.366237295842));
#3718 = ADVANCED_FACE('',(#3719),#3735,.T.);
#3719 = FACE_BOUND('',#3720,.T.);
#3720 = EDGE_LOOP('',(#3721,#3728,#3729,#3730));
#3721 = ORIENTED_EDGE('',*,*,#3722,.F.);
#3722 = EDGE_CURVE('',#3697,#3723,#3725,.T.);
#3723 = VERTEX_POINT('',#3724);
#3724 = CARTESIAN_POINT('',(-0.151815973813,0.7995,0.311436520334));
#3725 = B_SPLINE_CURVE_WITH_KNOTS('',1,(#3726,#3727),.UNSPECIFIED.,.F.,
  .F.,(2,2),(5.550975513611E-17,5.487842282326E-02),
  .PIECEWISE_BEZIER_KNOTS.);
#3726 = CARTESIAN_POINT('',(-0.152205181384,0.7995,0.366313562975));
#3727 = CARTESIAN_POINT('',(-0.151815973813,0.7995,0.311436520334));
#3728 = ORIENTED_EDGE('',*,*,#3709,.F.);
#3729 = ORIENTED_EDGE('',*,*,#3501,.T.);
#3730 = ORIENTED_EDGE('',*,*,#3731,.T.);
#3731 = EDGE_CURVE('',#3504,#3723,#3732,.T.);
#3732 = B_SPLINE_CURVE_WITH_KNOTS('',1,(#3733,#3734),.UNSPECIFIED.,.F.,
  .F.,(2,2),(-0.,1.E-03),.PIECEWISE_BEZIER_KNOTS.);
#3733 = CARTESIAN_POINT('',(-0.151815973813,0.8005,0.311436520334));
#3734 = CARTESIAN_POINT('',(-0.151815973813,0.7995,0.311436520334));
#3735 = B_SPLINE_SURFACE_WITH_KNOTS('',1,1,(
    (#3736,#3737)
    ,(#3738,#3739
    )),.UNSPECIFIED.,.F.,.F.,.F.,(2,2),(2,2),(-5.487842282326E-02,0.),(
    -1.E-03,0.),.PIECEWISE_BEZIER_KNOTS.);
#3736 = CARTESIAN_POINT('',(-0.151815973813,0.7995,0.311436520334));
#3737 = CARTESIAN_POINT('',(-0.151815973813,0.8005,0.311436520334));
#3738 = CARTESIAN_POINT('',(-0.152205181384,0.7995,0.366313562975));
#3739 = CARTESIAN_POINT('',(-0.152205181384,0.8005,0.366313562975));
#3740 = ADVANCED_FACE('',(#3741),#3757,.T.);
#3741 = FACE_BOUND('',#3742,.T.);
#3742 = EDGE_LOOP('',(#3743,#3750,#3751,#3752));
#3743 = ORIENTED_EDGE('',*,*,#3744,.F.);
#3744 = EDGE_CURVE('',#3723,#3745,#3747,.T.);
#3745 = VERTEX_POINT('',#3746);
#3746 = CARTESIAN_POINT('',(-0.162150907573,0.7995,0.311363221296));
#3747 = B_SPLINE_CURVE_WITH_KNOTS('',1,(#3748,#3749),.UNSPECIFIED.,.F.,
  .F.,(2,2),(0.,1.033519368806E-02),.PIECEWISE_BEZIER_KNOTS.);
#3748 = CARTESIAN_POINT('',(-0.151815973813,0.7995,0.311436520334));
#3749 = CARTESIAN_POINT('',(-0.162150907573,0.7995,0.311363221296));
#3750 = ORIENTED_EDGE('',*,*,#3731,.F.);
#3751 = ORIENTED_EDGE('',*,*,#3553,.T.);
#3752 = ORIENTED_EDGE('',*,*,#3753,.T.);
#3753 = EDGE_CURVE('',#3545,#3745,#3754,.T.);
#3754 = B_SPLINE_CURVE_WITH_KNOTS('',1,(#3755,#3756),.UNSPECIFIED.,.F.,
  .F.,(2,2),(-0.,1.E-03),.PIECEWISE_BEZIER_KNOTS.);
#3755 = CARTESIAN_POINT('',(-0.162150907573,0.8005,0.311363221296));
#3756 = CARTESIAN_POINT('',(-0.162150907573,0.7995,0.311363221296));
#3757 = B_SPLINE_SURFACE_WITH_KNOTS('',1,1,(
    (#3758,#3759)
    ,(#3760,#3761
    )),.UNSPECIFIED.,.F.,.F.,.F.,(2,2),(2,2),(-1.033519368806E-02,0.),(
    -1.E-03,0.),.PIECEWISE_BEZIER_KNOTS.);
#3758 = CARTESIAN_POINT('',(-0.162150907573,0.7995,0.311363221296));
#3759 = CARTESIAN_POINT('',(-0.162150907573,0.8005,0.311363221296));
#3760 = CARTESIAN_POINT('',(-0.151815973813,0.7995,0.311436520334));
#3761 = CARTESIAN_POINT('',(-0.151815973813,0.8005,0.311436520334));
#3762 = ADVANCED_FACE('',(#3763),#3781,.T.);
#3763 = FACE_BOUND('',#3764,.T.);
#3764 = EDGE_LOOP('',(#3765,#3774,#3775,#3776));
#3765 = ORIENTED_EDGE('',*,*,#3766,.F.);
#3766 = EDGE_CURVE('',#3745,#3767,#3769,.T.);
#3767 = VERTEX_POINT('',#3768);
#3768 = CARTESIAN_POINT('',(-0.183364699775,0.7995,0.318636823747));
#3769 = B_SPLINE_CURVE_WITH_KNOTS('',3,(#3770,#3771,#3772,#3773),
  .UNSPECIFIED.,.F.,.F.,(4,4),(2.,3.),.PIECEWISE_BEZIER_KNOTS.);
#3770 = CARTESIAN_POINT('',(-0.162150907573,0.7995,0.311363221296));
#3771 = CARTESIAN_POINT('',(-0.171193974613,0.7995,0.311299084637));
#3772 = CARTESIAN_POINT('',(-0.178271303782,0.7995,0.313723575772));
#3773 = CARTESIAN_POINT('',(-0.183364699775,0.7995,0.318636823747));
#3774 = ORIENTED_EDGE('',*,*,#3753,.F.);
#3775 = ORIENTED_EDGE('',*,*,#3544,.T.);
#3776 = ORIENTED_EDGE('',*,*,#3777,.T.);
#3777 = EDGE_CURVE('',#3536,#3767,#3778,.T.);
#3778 = B_SPLINE_CURVE_WITH_KNOTS('',1,(#3779,#3780),.UNSPECIFIED.,.F.,
  .F.,(2,2),(-0.,1.E-03),.PIECEWISE_BEZIER_KNOTS.);
#3779 = CARTESIAN_POINT('',(-0.183364699775,0.8005,0.318636823747));
#3780 = CARTESIAN_POINT('',(-0.183364699775,0.7995,0.318636823747));
#3781 = B_SPLINE_SURFACE_WITH_KNOTS('',3,1,(
    (#3782,#3783)
    ,(#3784,#3785)
    ,(#3786,#3787)
    ,(#3788,#3789
    )),.UNSPECIFIED.,.F.,.F.,.F.,(4,4),(2,2),(2.,3.),(0.,1.),
  .PIECEWISE_BEZIER_KNOTS.);
#3782 = CARTESIAN_POINT('',(-0.162150907573,0.8005,0.311363221296));
#3783 = CARTESIAN_POINT('',(-0.162150907573,0.7995,0.311363221296));
#3784 = CARTESIAN_POINT('',(-0.171193974613,0.8005,0.311299084637));
#3785 = CARTESIAN_POINT('',(-0.171193974613,0.7995,0.311299084637));
#3786 = CARTESIAN_POINT('',(-0.178271303782,0.8005,0.313723575772));
#3787 = CARTESIAN_POINT('',(-0.178271303782,0.7995,0.313723575772));
#3788 = CARTESIAN_POINT('',(-0.183364699775,0.8005,0.318636823747));
#3789 = CARTESIAN_POINT('',(-0.183364699775,0.7995,0.318636823747));
#3790 = ADVANCED_FACE('',(#3791),#3809,.T.);
#3791 = FACE_BOUND('',#3792,.T.);
#3792 = EDGE_LOOP('',(#3793,#3802,#3803,#3804));
#3793 = ORIENTED_EDGE('',*,*,#3794,.F.);
#3794 = EDGE_CURVE('',#3767,#3795,#3797,.T.);
#3795 = VERTEX_POINT('',#3796);
#3796 = CARTESIAN_POINT('',(-0.19111719382,0.7995,0.339289139981));
#3797 = B_SPLINE_CURVE_WITH_KNOTS('',3,(#3798,#3799,#3800,#3801),
  .UNSPECIFIED.,.F.,.F.,(4,4),(3.,4.),.PIECEWISE_BEZIER_KNOTS.);
#3798 = CARTESIAN_POINT('',(-0.183364699775,0.7995,0.318636823747));
#3799 = CARTESIAN_POINT('',(-0.188476032978,0.7995,0.323513552063));
#3800 = CARTESIAN_POINT('',(-0.191054218589,0.7995,0.330409830694));
#3801 = CARTESIAN_POINT('',(-0.19111719382,0.7995,0.339289139981));
#3802 = ORIENTED_EDGE('',*,*,#3777,.F.);
#3803 = ORIENTED_EDGE('',*,*,#3535,.T.);
#3804 = ORIENTED_EDGE('',*,*,#3805,.T.);
#3805 = EDGE_CURVE('',#3527,#3795,#3806,.T.);
#3806 = B_SPLINE_CURVE_WITH_KNOTS('',1,(#3807,#3808),.UNSPECIFIED.,.F.,
  .F.,(2,2),(-0.,1.E-03),.PIECEWISE_BEZIER_KNOTS.);
#3807 = CARTESIAN_POINT('',(-0.19111719382,0.8005,0.339289139981));
#3808 = CARTESIAN_POINT('',(-0.19111719382,0.7995,0.339289139981));
#3809 = B_SPLINE_SURFACE_WITH_KNOTS('',3,1,(
    (#3810,#3811)
    ,(#3812,#3813)
    ,(#3814,#3815)
    ,(#3816,#3817
    )),.UNSPECIFIED.,.F.,.F.,.F.,(4,4),(2,2),(3.,4.),(0.,1.),
  .PIECEWISE_BEZIER_KNOTS.);
#3810 = CARTESIAN_POINT('',(-0.183364699775,0.8005,0.318636823747));
#3811 = CARTESIAN_POINT('',(-0.183364699775,0.7995,0.318636823747));
#3812 = CARTESIAN_POINT('',(-0.188476032978,0.8005,0.323513552063));
#3813 = CARTESIAN_POINT('',(-0.188476032978,0.7995,0.323513552063));
#3814 = CARTESIAN_POINT('',(-0.191054218589,0.8005,0.330409830694));
#3815 = CARTESIAN_POINT('',(-0.191054218589,0.7995,0.330409830694));
#3816 = CARTESIAN_POINT('',(-0.19111719382,0.8005,0.339289139981));
#3817 = CARTESIAN_POINT('',(-0.19111719382,0.7995,0.339289139981));
#3818 = ADVANCED_FACE('',(#3819),#3837,.T.);
#3819 = FACE_BOUND('',#3820,.T.);
#3820 = EDGE_LOOP('',(#3821,#3830,#3831,#3832));
#3821 = ORIENTED_EDGE('',*,*,#3822,.F.);
#3822 = EDGE_CURVE('',#3795,#3823,#3825,.T.);
#3823 = VERTEX_POINT('',#3824);
#3824 = CARTESIAN_POINT('',(-0.18345361804,0.7995,0.359395728521));
#3825 = B_SPLINE_CURVE_WITH_KNOTS('',3,(#3826,#3827,#3828,#3829),
  .UNSPECIFIED.,.F.,.F.,(4,4),(4.,5.),.PIECEWISE_BEZIER_KNOTS.);
#3826 = CARTESIAN_POINT('',(-0.19111719382,0.7995,0.339289139981));
#3827 = CARTESIAN_POINT('',(-0.19118016905,0.7995,0.348168449267));
#3828 = CARTESIAN_POINT('',(-0.188625729822,0.7995,0.354882775652));
#3829 = CARTESIAN_POINT('',(-0.18345361804,0.7995,0.359395728521));
#3830 = ORIENTED_EDGE('',*,*,#3805,.F.);
#3831 = ORIENTED_EDGE('',*,*,#3526,.T.);
#3832 = ORIENTED_EDGE('',*,*,#3833,.T.);
#3833 = EDGE_CURVE('',#3518,#3823,#3834,.T.);
#3834 = B_SPLINE_CURVE_WITH_KNOTS('',1,(#3835,#3836),.UNSPECIFIED.,.F.,
  .F.,(2,2),(-0.,1.E-03),.PIECEWISE_BEZIER_KNOTS.);
#3835 = CARTESIAN_POINT('',(-0.18345361804,0.8005,0.359395728521));
#3836 = CARTESIAN_POINT('',(-0.18345361804,0.7995,0.359395728521));
#3837 = B_SPLINE_SURFACE_WITH_KNOTS('',3,1,(
    (#3838,#3839)
    ,(#3840,#3841)
    ,(#3842,#3843)
    ,(#3844,#3845
    )),.UNSPECIFIED.,.F.,.F.,.F.,(4,4),(2,2),(4.,5.),(0.,1.),
  .PIECEWISE_BEZIER_KNOTS.);
#3838 = CARTESIAN_POINT('',(-0.19111719382,0.8005,0.339289139981));
#3839 = CARTESIAN_POINT('',(-0.19111719382,0.7995,0.339289139981));
#3840 = CARTESIAN_POINT('',(-0.19118016905,0.8005,0.348168449267));
#3841 = CARTESIAN_POINT('',(-0.19118016905,0.7995,0.348168449267));
#3842 = CARTESIAN_POINT('',(-0.188625729822,0.8005,0.354882775652));
#3843 = CARTESIAN_POINT('',(-0.188625729822,0.7995,0.354882775652));
#3844 = CARTESIAN_POINT('',(-0.18345361804,0.8005,0.359395728521));
#3845 = CARTESIAN_POINT('',(-0.18345361804,0.7995,0.359395728521));
#3846 = ADVANCED_FACE('',(#3847),#3859,.T.);
#3847 = FACE_BOUND('',#3848,.T.);
#3848 = EDGE_LOOP('',(#3849,#3856,#3857,#3858));
#3849 = ORIENTED_EDGE('',*,*,#3850,.F.);
#3850 = EDGE_CURVE('',#3823,#3695,#3851,.T.);
#3851 = B_SPLINE_CURVE_WITH_KNOTS('',3,(#3852,#3853,#3854,#3855),
  .UNSPECIFIED.,.F.,.F.,(4,4),(5.,6.),.PIECEWISE_BEZIER_KNOTS.);
#3852 = CARTESIAN_POINT('',(-0.18345361804,0.7995,0.359395728521));
#3853 = CARTESIAN_POINT('',(-0.178281506258,0.7995,0.363908681391));
#3854 = CARTESIAN_POINT('',(-0.171437619736,0.7995,0.366177159659));
#3855 = CARTESIAN_POINT('',(-0.162958607179,0.7995,0.366237295842));
#3856 = ORIENTED_EDGE('',*,*,#3833,.F.);
#3857 = ORIENTED_EDGE('',*,*,#3517,.T.);
#3858 = ORIENTED_EDGE('',*,*,#3703,.T.);
#3859 = B_SPLINE_SURFACE_WITH_KNOTS('',3,1,(
    (#3860,#3861)
    ,(#3862,#3863)
    ,(#3864,#3865)
    ,(#3866,#3867
    )),.UNSPECIFIED.,.F.,.F.,.F.,(4,4),(2,2),(5.,6.),(0.,1.),
  .PIECEWISE_BEZIER_KNOTS.);
#3860 = CARTESIAN_POINT('',(-0.18345361804,0.8005,0.359395728521));
#3861 = CARTESIAN_POINT('',(-0.18345361804,0.7995,0.359395728521));
#3862 = CARTESIAN_POINT('',(-0.178281506258,0.8005,0.363908681391));
#3863 = CARTESIAN_POINT('',(-0.178281506258,0.7995,0.363908681391));
#3864 = CARTESIAN_POINT('',(-0.171437619736,0.8005,0.366177159659));
#3865 = CARTESIAN_POINT('',(-0.171437619736,0.7995,0.366177159659));
#3866 = CARTESIAN_POINT('',(-0.162958607179,0.8005,0.366237295842));
#3867 = CARTESIAN_POINT('',(-0.162958607179,0.7995,0.366237295842));
#3868 = ADVANCED_FACE('',(#3869),#3878,.T.);
#3869 = FACE_BOUND('',#3870,.T.);
#3870 = EDGE_LOOP('',(#3871,#3872,#3873,#3874,#3875,#3876,#3877));
#3871 = ORIENTED_EDGE('',*,*,#3694,.T.);
#3872 = ORIENTED_EDGE('',*,*,#3722,.T.);
#3873 = ORIENTED_EDGE('',*,*,#3744,.T.);
#3874 = ORIENTED_EDGE('',*,*,#3766,.T.);
#3875 = ORIENTED_EDGE('',*,*,#3794,.T.);
#3876 = ORIENTED_EDGE('',*,*,#3822,.T.);
#3877 = ORIENTED_EDGE('',*,*,#3850,.T.);
#3878 = B_SPLINE_SURFACE_WITH_KNOTS('',1,1,(
    (#3879,#3880)
    ,(#3881,#3882
    )),.UNSPECIFIED.,.F.,.F.,.F.,(2,2),(2,2),(0.311298984637,
    0.366313462975),(-0.19118016905,-0.151815973813),
  .PIECEWISE_BEZIER_KNOTS.);
#3879 = CARTESIAN_POINT('',(-0.19118016905,0.7995,0.311299084637));
#3880 = CARTESIAN_POINT('',(-0.151815973813,0.7995,0.311299084637));
#3881 = CARTESIAN_POINT('',(-0.19118016905,0.7995,0.366313562975));
#3882 = CARTESIAN_POINT('',(-0.151815973813,0.7995,0.366313562975));
#3883 = ADVANCED_FACE('',(#3884,#3942),#3990,.F.);
#3884 = FACE_BOUND('',#3885,.T.);
#3885 = EDGE_LOOP('',(#3886,#3895,#3902,#3909,#3916,#3923,#3930,#3937));
#3886 = ORIENTED_EDGE('',*,*,#3887,.T.);
#3887 = EDGE_CURVE('',#3888,#3890,#3892,.T.);
#3888 = VERTEX_POINT('',#3889);
#3889 = CARTESIAN_POINT('',(-0.268517696641,0.8005,0.302493315427));
#3890 = VERTEX_POINT('',#3891);
#3891 = CARTESIAN_POINT('',(-0.241911525051,0.8005,0.373865633097));
#3892 = B_SPLINE_CURVE_WITH_KNOTS('',1,(#3893,#3894),.UNSPECIFIED.,.F.,
  .F.,(2,2),(-7.617017852343E-02,0.),.PIECEWISE_BEZIER_KNOTS.);
#3893 = CARTESIAN_POINT('',(-0.268517696641,0.8005,0.302493315427));
#3894 = CARTESIAN_POINT('',(-0.241911525051,0.8005,0.373865633097));
#3895 = ORIENTED_EDGE('',*,*,#3896,.T.);
#3896 = EDGE_CURVE('',#3890,#3897,#3899,.T.);
#3897 = VERTEX_POINT('',#3898);
#3898 = CARTESIAN_POINT('',(-0.232086059856,0.8005,0.373935318802));
#3899 = B_SPLINE_CURVE_WITH_KNOTS('',1,(#3900,#3901),.UNSPECIFIED.,.F.,
  .F.,(2,2),(-9.825712309158E-03,0.),.PIECEWISE_BEZIER_KNOTS.);
#3900 = CARTESIAN_POINT('',(-0.241911525051,0.8005,0.373865633097));
#3901 = CARTESIAN_POINT('',(-0.232086059856,0.8005,0.373935318802));
#3902 = ORIENTED_EDGE('',*,*,#3903,.T.);
#3903 = EDGE_CURVE('',#3897,#3904,#3906,.T.);
#3904 = VERTEX_POINT('',#3905);
#3905 = CARTESIAN_POINT('',(-0.204470219819,0.8005,0.30294756299));
#3906 = B_SPLINE_CURVE_WITH_KNOTS('',1,(#3907,#3908),.UNSPECIFIED.,.F.,
  .F.,(2,2),(-7.617017852326E-02,0.),.PIECEWISE_BEZIER_KNOTS.);
#3907 = CARTESIAN_POINT('',(-0.232086059856,0.8005,0.373935318802));
#3908 = CARTESIAN_POINT('',(-0.204470219819,0.8005,0.30294756299));
#3909 = ORIENTED_EDGE('',*,*,#3910,.T.);
#3910 = EDGE_CURVE('',#3904,#3911,#3913,.T.);
#3911 = VERTEX_POINT('',#3912);
#3912 = CARTESIAN_POINT('',(-0.214623200519,0.8005,0.302875554427));
#3913 = B_SPLINE_CURVE_WITH_KNOTS('',1,(#3914,#3915),.UNSPECIFIED.,.F.,
  .F.,(2,2),(-1.015323605242E-02,-0.),.PIECEWISE_BEZIER_KNOTS.);
#3914 = CARTESIAN_POINT('',(-0.204470219819,0.8005,0.30294756299));
#3915 = CARTESIAN_POINT('',(-0.214623200519,0.8005,0.302875554427));
#3916 = ORIENTED_EDGE('',*,*,#3917,.T.);
#3917 = EDGE_CURVE('',#3911,#3918,#3920,.T.);
#3918 = VERTEX_POINT('',#3919);
#3919 = CARTESIAN_POINT('',(-0.221602716479,0.8005,0.322296009858));
#3920 = B_SPLINE_CURVE_WITH_KNOTS('',1,(#3921,#3922),.UNSPECIFIED.,.F.,
  .F.,(2,2),(-2.063656299323E-02,0.),.PIECEWISE_BEZIER_KNOTS.);
#3921 = CARTESIAN_POINT('',(-0.214623200519,0.8005,0.302875554427));
#3922 = CARTESIAN_POINT('',(-0.221602716479,0.8005,0.322296009858));
#3923 = ORIENTED_EDGE('',*,*,#3924,.T.);
#3924 = EDGE_CURVE('',#3918,#3925,#3927,.T.);
#3925 = VERTEX_POINT('',#3926);
#3926 = CARTESIAN_POINT('',(-0.251242869815,0.8005,0.322085791313));
#3927 = B_SPLINE_CURVE_WITH_KNOTS('',1,(#3928,#3929),.UNSPECIFIED.,.F.,
  .F.,(2,2),(-2.964089879959E-02,-0.),.PIECEWISE_BEZIER_KNOTS.);
#3928 = CARTESIAN_POINT('',(-0.221602716479,0.8005,0.322296009858));
#3929 = CARTESIAN_POINT('',(-0.251242869815,0.8005,0.322085791313));
#3930 = ORIENTED_EDGE('',*,*,#3931,.T.);
#3931 = EDGE_CURVE('',#3925,#3932,#3934,.T.);
#3932 = VERTEX_POINT('',#3933);
#3933 = CARTESIAN_POINT('',(-0.25836471594,0.8005,0.302565323989));
#3934 = B_SPLINE_CURVE_WITH_KNOTS('',1,(#3935,#3936),.UNSPECIFIED.,.F.,
  .F.,(2,2),(-2.077906005449E-02,-0.),.PIECEWISE_BEZIER_KNOTS.);
#3935 = CARTESIAN_POINT('',(-0.251242869815,0.8005,0.322085791313));
#3936 = CARTESIAN_POINT('',(-0.25836471594,0.8005,0.302565323989));
#3937 = ORIENTED_EDGE('',*,*,#3938,.T.);
#3938 = EDGE_CURVE('',#3932,#3888,#3939,.T.);
#3939 = B_SPLINE_CURVE_WITH_KNOTS('',1,(#3940,#3941),.UNSPECIFIED.,.F.,
  .F.,(2,2),(-1.015323605291E-02,-0.),.PIECEWISE_BEZIER_KNOTS.);
#3940 = CARTESIAN_POINT('',(-0.25836471594,0.8005,0.302565323989));
#3941 = CARTESIAN_POINT('',(-0.268517696641,0.8005,0.302493315427));
#3942 = FACE_BOUND('',#3943,.T.);
#3943 = EDGE_LOOP('',(#3944,#3953,#3960,#3969,#3976,#3985));
#3944 = ORIENTED_EDGE('',*,*,#3945,.F.);
#3945 = EDGE_CURVE('',#3946,#3948,#3950,.T.);
#3946 = VERTEX_POINT('',#3947);
#3947 = CARTESIAN_POINT('',(-0.224571004466,0.8005,0.330317687456));
#3948 = VERTEX_POINT('',#3949);
#3949 = CARTESIAN_POINT('',(-0.248461441133,0.8005,0.330148247954));
#3950 = B_SPLINE_CURVE_WITH_KNOTS('',1,(#3951,#3952),.UNSPECIFIED.,.F.,
  .F.,(2,2),(0.,2.389103752212E-02),.PIECEWISE_BEZIER_KNOTS.);
#3951 = CARTESIAN_POINT('',(-0.224571004466,0.8005,0.330317687456));
#3952 = CARTESIAN_POINT('',(-0.248461441133,0.8005,0.330148247954));
#3953 = ORIENTED_EDGE('',*,*,#3954,.F.);
#3954 = EDGE_CURVE('',#3955,#3946,#3957,.T.);
#3955 = VERTEX_POINT('',#3956);
#3956 = CARTESIAN_POINT('',(-0.235425089829,0.8005,0.359827762027));
#3957 = B_SPLINE_CURVE_WITH_KNOTS('',1,(#3958,#3959),.UNSPECIFIED.,.F.,
  .F.,(2,2),(1.91624456554E-17,3.144289538558E-02),
  .PIECEWISE_BEZIER_KNOTS.);
#3958 = CARTESIAN_POINT('',(-0.235425089829,0.8005,0.359827762027));
#3959 = CARTESIAN_POINT('',(-0.224571004466,0.8005,0.330317687456));
#3960 = ORIENTED_EDGE('',*,*,#3961,.F.);
#3961 = EDGE_CURVE('',#3962,#3955,#3964,.T.);
#3962 = VERTEX_POINT('',#3963);
#3963 = CARTESIAN_POINT('',(-0.236624948451,0.8005,0.364805016801));
#3964 = B_SPLINE_CURVE_WITH_KNOTS('',3,(#3965,#3966,#3967,#3968),
  .UNSPECIFIED.,.F.,.F.,(4,4),(3.,4.),.PIECEWISE_BEZIER_KNOTS.);
#3965 = CARTESIAN_POINT('',(-0.236624948451,0.8005,0.364805016801));
#3966 = CARTESIAN_POINT('',(-0.236264010022,0.8005,0.362660422608));
#3967 = CARTESIAN_POINT('',(-0.235870036218,0.8005,0.360989164463));
#3968 = CARTESIAN_POINT('',(-0.235425089829,0.8005,0.359827762027));
#3969 = ORIENTED_EDGE('',*,*,#3970,.F.);
#3970 = EDGE_CURVE('',#3971,#3962,#3973,.T.);
#3971 = VERTEX_POINT('',#3972);
#3972 = CARTESIAN_POINT('',(-0.236843292122,0.8005,0.36480346823));
#3973 = B_SPLINE_CURVE_WITH_KNOTS('',1,(#3974,#3975),.UNSPECIFIED.,.F.,
  .F.,(2,2),(0.,2.183491621777E-04),.PIECEWISE_BEZIER_KNOTS.);
#3974 = CARTESIAN_POINT('',(-0.236843292122,0.8005,0.36480346823));
#3975 = CARTESIAN_POINT('',(-0.236624948451,0.8005,0.364805016801));
#3976 = ORIENTED_EDGE('',*,*,#3977,.F.);
#3977 = EDGE_CURVE('',#3978,#3971,#3980,.T.);
#3978 = VERTEX_POINT('',#3979);
#3979 = CARTESIAN_POINT('',(-0.23791784674,0.8005,0.359810082505));
#3980 = B_SPLINE_CURVE_WITH_KNOTS('',3,(#3981,#3982,#3983,#3984),
  .UNSPECIFIED.,.F.,.F.,(4,4),(1.,2.),.PIECEWISE_BEZIER_KNOTS.);
#3981 = CARTESIAN_POINT('',(-0.23791784674,0.8005,0.359810082505));
#3982 = CARTESIAN_POINT('',(-0.237579104498,0.8005,0.360795080929));
#3983 = CARTESIAN_POINT('',(-0.237226812664,0.8005,0.362435239414));
#3984 = CARTESIAN_POINT('',(-0.236843292122,0.8005,0.36480346823));
#3985 = ORIENTED_EDGE('',*,*,#3986,.F.);
#3986 = EDGE_CURVE('',#3948,#3978,#3987,.T.);
#3987 = B_SPLINE_CURVE_WITH_KNOTS('',1,(#3988,#3989),.UNSPECIFIED.,.F.,
  .F.,(2,2),(0.,3.148002242225E-02),.PIECEWISE_BEZIER_KNOTS.);
#3988 = CARTESIAN_POINT('',(-0.248461441133,0.8005,0.330148247954));
#3989 = CARTESIAN_POINT('',(-0.23791784674,0.8005,0.359810082505));
#3990 = B_SPLINE_SURFACE_WITH_KNOTS('',1,1,(
    (#3991,#3992)
    ,(#3993,#3994
    )),.UNSPECIFIED.,.F.,.F.,.F.,(2,2),(2,2),(-0.373935218802,
    -0.302493215427),(-0.268517696641,-0.204470219819),
  .PIECEWISE_BEZIER_KNOTS.);
#3991 = CARTESIAN_POINT('',(-0.268517696641,0.8005,0.373935318802));
#3992 = CARTESIAN_POINT('',(-0.204470219819,0.8005,0.373935318802));
#3993 = CARTESIAN_POINT('',(-0.268517696641,0.8005,0.302493315427));
#3994 = CARTESIAN_POINT('',(-0.204470219819,0.8005,0.302493315427));
#3995 = ADVANCED_FACE('',(#3996),#4010,.F.);
#3996 = FACE_BOUND('',#3997,.T.);
#3997 = EDGE_LOOP('',(#3998,#3999,#4004,#4005));
#3998 = ORIENTED_EDGE('',*,*,#2021,.T.);
#3999 = ORIENTED_EDGE('',*,*,#4000,.F.);
#4000 = EDGE_CURVE('',#3890,#2013,#4001,.T.);
#4001 = B_SPLINE_CURVE_WITH_KNOTS('',1,(#4002,#4003),.UNSPECIFIED.,.F.,
  .F.,(2,2),(-0.,1.E-03),.PIECEWISE_BEZIER_KNOTS.);
#4002 = CARTESIAN_POINT('',(-0.241911525051,0.8005,0.373865633097));
#4003 = CARTESIAN_POINT('',(-0.241911525051,0.7995,0.373865633097));
#4004 = ORIENTED_EDGE('',*,*,#3887,.F.);
#4005 = ORIENTED_EDGE('',*,*,#4006,.T.);
#4006 = EDGE_CURVE('',#3888,#2022,#4007,.T.);
#4007 = B_SPLINE_CURVE_WITH_KNOTS('',1,(#4008,#4009),.UNSPECIFIED.,.F.,
  .F.,(2,2),(-0.,1.E-03),.PIECEWISE_BEZIER_KNOTS.);
#4008 = CARTESIAN_POINT('',(-0.268517696641,0.8005,0.302493315427));
#4009 = CARTESIAN_POINT('',(-0.268517696641,0.7995,0.302493315427));
#4010 = B_SPLINE_SURFACE_WITH_KNOTS('',1,1,(
    (#4011,#4012)
    ,(#4013,#4014
    )),.UNSPECIFIED.,.F.,.F.,.F.,(2,2),(2,2),(-0.,7.617017852343E-02),(
    -1.E-03,0.),.PIECEWISE_BEZIER_KNOTS.);
#4011 = CARTESIAN_POINT('',(-0.241911525051,0.7995,0.373865633097));
#4012 = CARTESIAN_POINT('',(-0.241911525051,0.8005,0.373865633097));
#4013 = CARTESIAN_POINT('',(-0.268517696641,0.7995,0.302493315427));
#4014 = CARTESIAN_POINT('',(-0.268517696641,0.8005,0.302493315427));
#4015 = ADVANCED_FACE('',(#4016),#4026,.F.);
#4016 = FACE_BOUND('',#4017,.T.);
#4017 = EDGE_LOOP('',(#4018,#4019,#4024,#4025));
#4018 = ORIENTED_EDGE('',*,*,#2012,.T.);
#4019 = ORIENTED_EDGE('',*,*,#4020,.F.);
#4020 = EDGE_CURVE('',#3897,#2015,#4021,.T.);
#4021 = B_SPLINE_CURVE_WITH_KNOTS('',1,(#4022,#4023),.UNSPECIFIED.,.F.,
  .F.,(2,2),(-0.,1.E-03),.PIECEWISE_BEZIER_KNOTS.);
#4022 = CARTESIAN_POINT('',(-0.232086059856,0.8005,0.373935318802));
#4023 = CARTESIAN_POINT('',(-0.232086059856,0.7995,0.373935318802));
#4024 = ORIENTED_EDGE('',*,*,#3896,.F.);
#4025 = ORIENTED_EDGE('',*,*,#4000,.T.);
#4026 = B_SPLINE_SURFACE_WITH_KNOTS('',1,1,(
    (#4027,#4028)
    ,(#4029,#4030
    )),.UNSPECIFIED.,.F.,.F.,.F.,(2,2),(2,2),(-0.,9.825712309158E-03),(
    -1.E-03,0.),.PIECEWISE_BEZIER_KNOTS.);
#4027 = CARTESIAN_POINT('',(-0.232086059856,0.7995,0.373935318802));
#4028 = CARTESIAN_POINT('',(-0.232086059856,0.8005,0.373935318802));
#4029 = CARTESIAN_POINT('',(-0.241911525051,0.7995,0.373865633097));
#4030 = CARTESIAN_POINT('',(-0.241911525051,0.8005,0.373865633097));
#4031 = ADVANCED_FACE('',(#4032),#4042,.F.);
#4032 = FACE_BOUND('',#4033,.T.);
#4033 = EDGE_LOOP('',(#4034,#4035,#4040,#4041));
#4034 = ORIENTED_EDGE('',*,*,#2063,.T.);
#4035 = ORIENTED_EDGE('',*,*,#4036,.F.);
#4036 = EDGE_CURVE('',#3904,#2057,#4037,.T.);
#4037 = B_SPLINE_CURVE_WITH_KNOTS('',1,(#4038,#4039),.UNSPECIFIED.,.F.,
  .F.,(2,2),(-0.,1.E-03),.PIECEWISE_BEZIER_KNOTS.);
#4038 = CARTESIAN_POINT('',(-0.204470219819,0.8005,0.30294756299));
#4039 = CARTESIAN_POINT('',(-0.204470219819,0.7995,0.30294756299));
#4040 = ORIENTED_EDGE('',*,*,#3903,.F.);
#4041 = ORIENTED_EDGE('',*,*,#4020,.T.);
#4042 = B_SPLINE_SURFACE_WITH_KNOTS('',1,1,(
    (#4043,#4044)
    ,(#4045,#4046
    )),.UNSPECIFIED.,.F.,.F.,.F.,(2,2),(2,2),(0.,7.617017852326E-02),(
    -1.E-03,0.),.PIECEWISE_BEZIER_KNOTS.);
#4043 = CARTESIAN_POINT('',(-0.204470219819,0.7995,0.30294756299));
#4044 = CARTESIAN_POINT('',(-0.204470219819,0.8005,0.30294756299));
#4045 = CARTESIAN_POINT('',(-0.232086059856,0.7995,0.373935318802));
#4046 = CARTESIAN_POINT('',(-0.232086059856,0.8005,0.373935318802));
#4047 = ADVANCED_FACE('',(#4048),#4058,.F.);
#4048 = FACE_BOUND('',#4049,.T.);
#4049 = EDGE_LOOP('',(#4050,#4051,#4056,#4057));
#4050 = ORIENTED_EDGE('',*,*,#2056,.T.);
#4051 = ORIENTED_EDGE('',*,*,#4052,.F.);
#4052 = EDGE_CURVE('',#3911,#2050,#4053,.T.);
#4053 = B_SPLINE_CURVE_WITH_KNOTS('',1,(#4054,#4055),.UNSPECIFIED.,.F.,
  .F.,(2,2),(-0.,1.E-03),.PIECEWISE_BEZIER_KNOTS.);
#4054 = CARTESIAN_POINT('',(-0.214623200519,0.8005,0.302875554427));
#4055 = CARTESIAN_POINT('',(-0.214623200519,0.7995,0.302875554427));
#4056 = ORIENTED_EDGE('',*,*,#3910,.F.);
#4057 = ORIENTED_EDGE('',*,*,#4036,.T.);
#4058 = B_SPLINE_SURFACE_WITH_KNOTS('',1,1,(
    (#4059,#4060)
    ,(#4061,#4062
    )),.UNSPECIFIED.,.F.,.F.,.F.,(2,2),(2,2),(0.,1.015323605242E-02),(
    -1.E-03,0.),.PIECEWISE_BEZIER_KNOTS.);
#4059 = CARTESIAN_POINT('',(-0.214623200519,0.7995,0.302875554427));
#4060 = CARTESIAN_POINT('',(-0.214623200519,0.8005,0.302875554427));
#4061 = CARTESIAN_POINT('',(-0.204470219819,0.7995,0.30294756299));
#4062 = CARTESIAN_POINT('',(-0.204470219819,0.8005,0.30294756299));
#4063 = ADVANCED_FACE('',(#4064),#4074,.F.);
#4064 = FACE_BOUND('',#4065,.T.);
#4065 = EDGE_LOOP('',(#4066,#4067,#4072,#4073));
#4066 = ORIENTED_EDGE('',*,*,#2049,.T.);
#4067 = ORIENTED_EDGE('',*,*,#4068,.F.);
#4068 = EDGE_CURVE('',#3918,#2043,#4069,.T.);
#4069 = B_SPLINE_CURVE_WITH_KNOTS('',1,(#4070,#4071),.UNSPECIFIED.,.F.,
  .F.,(2,2),(-0.,1.E-03),.PIECEWISE_BEZIER_KNOTS.);
#4070 = CARTESIAN_POINT('',(-0.221602716479,0.8005,0.322296009858));
#4071 = CARTESIAN_POINT('',(-0.221602716479,0.7995,0.322296009858));
#4072 = ORIENTED_EDGE('',*,*,#3917,.F.);
#4073 = ORIENTED_EDGE('',*,*,#4052,.T.);
#4074 = B_SPLINE_SURFACE_WITH_KNOTS('',1,1,(
    (#4075,#4076)
    ,(#4077,#4078
    )),.UNSPECIFIED.,.F.,.F.,.F.,(2,2),(2,2),(0.,2.063656299323E-02),(
    -1.E-03,0.),.PIECEWISE_BEZIER_KNOTS.);
#4075 = CARTESIAN_POINT('',(-0.221602716479,0.7995,0.322296009858));
#4076 = CARTESIAN_POINT('',(-0.221602716479,0.8005,0.322296009858));
#4077 = CARTESIAN_POINT('',(-0.214623200519,0.7995,0.302875554427));
#4078 = CARTESIAN_POINT('',(-0.214623200519,0.8005,0.302875554427));
#4079 = ADVANCED_FACE('',(#4080),#4090,.F.);
#4080 = FACE_BOUND('',#4081,.T.);
#4081 = EDGE_LOOP('',(#4082,#4083,#4088,#4089));
#4082 = ORIENTED_EDGE('',*,*,#2042,.T.);
#4083 = ORIENTED_EDGE('',*,*,#4084,.F.);
#4084 = EDGE_CURVE('',#3925,#2036,#4085,.T.);
#4085 = B_SPLINE_CURVE_WITH_KNOTS('',1,(#4086,#4087),.UNSPECIFIED.,.F.,
  .F.,(2,2),(-0.,1.E-03),.PIECEWISE_BEZIER_KNOTS.);
#4086 = CARTESIAN_POINT('',(-0.251242869815,0.8005,0.322085791313));
#4087 = CARTESIAN_POINT('',(-0.251242869815,0.7995,0.322085791313));
#4088 = ORIENTED_EDGE('',*,*,#3924,.F.);
#4089 = ORIENTED_EDGE('',*,*,#4068,.T.);
#4090 = B_SPLINE_SURFACE_WITH_KNOTS('',1,1,(
    (#4091,#4092)
    ,(#4093,#4094
    )),.UNSPECIFIED.,.F.,.F.,.F.,(2,2),(2,2),(0.,2.964089879959E-02),(
    -1.E-03,0.),.PIECEWISE_BEZIER_KNOTS.);
#4091 = CARTESIAN_POINT('',(-0.251242869815,0.7995,0.322085791313));
#4092 = CARTESIAN_POINT('',(-0.251242869815,0.8005,0.322085791313));
#4093 = CARTESIAN_POINT('',(-0.221602716479,0.7995,0.322296009858));
#4094 = CARTESIAN_POINT('',(-0.221602716479,0.8005,0.322296009858));
#4095 = ADVANCED_FACE('',(#4096),#4106,.F.);
#4096 = FACE_BOUND('',#4097,.T.);
#4097 = EDGE_LOOP('',(#4098,#4099,#4104,#4105));
#4098 = ORIENTED_EDGE('',*,*,#2035,.T.);
#4099 = ORIENTED_EDGE('',*,*,#4100,.F.);
#4100 = EDGE_CURVE('',#3932,#2029,#4101,.T.);
#4101 = B_SPLINE_CURVE_WITH_KNOTS('',1,(#4102,#4103),.UNSPECIFIED.,.F.,
  .F.,(2,2),(-0.,1.E-03),.PIECEWISE_BEZIER_KNOTS.);
#4102 = CARTESIAN_POINT('',(-0.25836471594,0.8005,0.302565323989));
#4103 = CARTESIAN_POINT('',(-0.25836471594,0.7995,0.302565323989));
#4104 = ORIENTED_EDGE('',*,*,#3931,.F.);
#4105 = ORIENTED_EDGE('',*,*,#4084,.T.);
#4106 = B_SPLINE_SURFACE_WITH_KNOTS('',1,1,(
    (#4107,#4108)
    ,(#4109,#4110
    )),.UNSPECIFIED.,.F.,.F.,.F.,(2,2),(2,2),(0.,2.077906005449E-02),(
    -1.E-03,0.),.PIECEWISE_BEZIER_KNOTS.);
#4107 = CARTESIAN_POINT('',(-0.25836471594,0.7995,0.302565323989));
#4108 = CARTESIAN_POINT('',(-0.25836471594,0.8005,0.302565323989));
#4109 = CARTESIAN_POINT('',(-0.251242869815,0.7995,0.322085791313));
#4110 = CARTESIAN_POINT('',(-0.251242869815,0.8005,0.322085791313));
#4111 = ADVANCED_FACE('',(#4112),#4118,.F.);
#4112 = FACE_BOUND('',#4113,.T.);
#4113 = EDGE_LOOP('',(#4114,#4115,#4116,#4117));
#4114 = ORIENTED_EDGE('',*,*,#2028,.T.);
#4115 = ORIENTED_EDGE('',*,*,#4006,.F.);
#4116 = ORIENTED_EDGE('',*,*,#3938,.F.);
#4117 = ORIENTED_EDGE('',*,*,#4100,.T.);
#4118 = B_SPLINE_SURFACE_WITH_KNOTS('',1,1,(
    (#4119,#4120)
    ,(#4121,#4122
    )),.UNSPECIFIED.,.F.,.F.,.F.,(2,2),(2,2),(0.,1.015323605291E-02),(
    -1.E-03,0.),.PIECEWISE_BEZIER_KNOTS.);
#4119 = CARTESIAN_POINT('',(-0.268517696641,0.7995,0.302493315427));
#4120 = CARTESIAN_POINT('',(-0.268517696641,0.8005,0.302493315427));
#4121 = CARTESIAN_POINT('',(-0.25836471594,0.7995,0.302565323989));
#4122 = CARTESIAN_POINT('',(-0.25836471594,0.8005,0.302565323989));
#4123 = ADVANCED_FACE('',(#4124),#4146,.T.);
#4124 = FACE_BOUND('',#4125,.T.);
#4125 = EDGE_LOOP('',(#4126,#4135,#4140,#4141));
#4126 = ORIENTED_EDGE('',*,*,#4127,.F.);
#4127 = EDGE_CURVE('',#4128,#4130,#4132,.T.);
#4128 = VERTEX_POINT('',#4129);
#4129 = CARTESIAN_POINT('',(-0.224571004466,0.7995,0.330317687456));
#4130 = VERTEX_POINT('',#4131);
#4131 = CARTESIAN_POINT('',(-0.248461441133,0.7995,0.330148247954));
#4132 = B_SPLINE_CURVE_WITH_KNOTS('',1,(#4133,#4134),.UNSPECIFIED.,.F.,
  .F.,(2,2),(-2.814857256188E-17,2.389103752212E-02),
  .PIECEWISE_BEZIER_KNOTS.);
#4133 = CARTESIAN_POINT('',(-0.224571004466,0.7995,0.330317687456));
#4134 = CARTESIAN_POINT('',(-0.248461441133,0.7995,0.330148247954));
#4135 = ORIENTED_EDGE('',*,*,#4136,.F.);
#4136 = EDGE_CURVE('',#3946,#4128,#4137,.T.);
#4137 = B_SPLINE_CURVE_WITH_KNOTS('',1,(#4138,#4139),.UNSPECIFIED.,.F.,
  .F.,(2,2),(-0.,1.E-03),.PIECEWISE_BEZIER_KNOTS.);
#4138 = CARTESIAN_POINT('',(-0.224571004466,0.8005,0.330317687456));
#4139 = CARTESIAN_POINT('',(-0.224571004466,0.7995,0.330317687456));
#4140 = ORIENTED_EDGE('',*,*,#3945,.T.);
#4141 = ORIENTED_EDGE('',*,*,#4142,.T.);
#4142 = EDGE_CURVE('',#3948,#4130,#4143,.T.);
#4143 = B_SPLINE_CURVE_WITH_KNOTS('',1,(#4144,#4145),.UNSPECIFIED.,.F.,
  .F.,(2,2),(-0.,1.E-03),.PIECEWISE_BEZIER_KNOTS.);
#4144 = CARTESIAN_POINT('',(-0.248461441133,0.8005,0.330148247954));
#4145 = CARTESIAN_POINT('',(-0.248461441133,0.7995,0.330148247954));
#4146 = B_SPLINE_SURFACE_WITH_KNOTS('',1,1,(
    (#4147,#4148)
    ,(#4149,#4150
    )),.UNSPECIFIED.,.F.,.F.,.F.,(2,2),(2,2),(-2.389103752212E-02,
    2.814857256188E-17),(-1.E-03,0.),.PIECEWISE_BEZIER_KNOTS.);
#4147 = CARTESIAN_POINT('',(-0.248461441133,0.7995,0.330148247954));
#4148 = CARTESIAN_POINT('',(-0.248461441133,0.8005,0.330148247954));
#4149 = CARTESIAN_POINT('',(-0.224571004466,0.7995,0.330317687456));
#4150 = CARTESIAN_POINT('',(-0.224571004466,0.8005,0.330317687456));
#4151 = ADVANCED_FACE('',(#4152),#4168,.T.);
#4152 = FACE_BOUND('',#4153,.T.);
#4153 = EDGE_LOOP('',(#4154,#4161,#4162,#4163));
#4154 = ORIENTED_EDGE('',*,*,#4155,.F.);
#4155 = EDGE_CURVE('',#4130,#4156,#4158,.T.);
#4156 = VERTEX_POINT('',#4157);
#4157 = CARTESIAN_POINT('',(-0.23791784674,0.7995,0.359810082505));
#4158 = B_SPLINE_CURVE_WITH_KNOTS('',1,(#4159,#4160),.UNSPECIFIED.,.F.,
  .F.,(2,2),(-1.859233310047E-17,3.148002242225E-02),
  .PIECEWISE_BEZIER_KNOTS.);
#4159 = CARTESIAN_POINT('',(-0.248461441133,0.7995,0.330148247954));
#4160 = CARTESIAN_POINT('',(-0.23791784674,0.7995,0.359810082505));
#4161 = ORIENTED_EDGE('',*,*,#4142,.F.);
#4162 = ORIENTED_EDGE('',*,*,#3986,.T.);
#4163 = ORIENTED_EDGE('',*,*,#4164,.T.);
#4164 = EDGE_CURVE('',#3978,#4156,#4165,.T.);
#4165 = B_SPLINE_CURVE_WITH_KNOTS('',1,(#4166,#4167),.UNSPECIFIED.,.F.,
  .F.,(2,2),(-0.,1.E-03),.PIECEWISE_BEZIER_KNOTS.);
#4166 = CARTESIAN_POINT('',(-0.23791784674,0.8005,0.359810082505));
#4167 = CARTESIAN_POINT('',(-0.23791784674,0.7995,0.359810082505));
#4168 = B_SPLINE_SURFACE_WITH_KNOTS('',1,1,(
    (#4169,#4170)
    ,(#4171,#4172
    )),.UNSPECIFIED.,.F.,.F.,.F.,(2,2),(2,2),(-3.148002242225E-02,
    1.859233310047E-17),(-1.E-03,0.),.PIECEWISE_BEZIER_KNOTS.);
#4169 = CARTESIAN_POINT('',(-0.23791784674,0.7995,0.359810082505));
#4170 = CARTESIAN_POINT('',(-0.23791784674,0.8005,0.359810082505));
#4171 = CARTESIAN_POINT('',(-0.248461441133,0.7995,0.330148247954));
#4172 = CARTESIAN_POINT('',(-0.248461441133,0.8005,0.330148247954));
#4173 = ADVANCED_FACE('',(#4174),#4192,.T.);
#4174 = FACE_BOUND('',#4175,.T.);
#4175 = EDGE_LOOP('',(#4176,#4185,#4186,#4187));
#4176 = ORIENTED_EDGE('',*,*,#4177,.F.);
#4177 = EDGE_CURVE('',#4156,#4178,#4180,.T.);
#4178 = VERTEX_POINT('',#4179);
#4179 = CARTESIAN_POINT('',(-0.236843292122,0.7995,0.36480346823));
#4180 = B_SPLINE_CURVE_WITH_KNOTS('',3,(#4181,#4182,#4183,#4184),
  .UNSPECIFIED.,.F.,.F.,(4,4),(1.,2.),.PIECEWISE_BEZIER_KNOTS.);
#4181 = CARTESIAN_POINT('',(-0.23791784674,0.7995,0.359810082505));
#4182 = CARTESIAN_POINT('',(-0.237579104498,0.7995,0.360795080929));
#4183 = CARTESIAN_POINT('',(-0.237226812664,0.7995,0.362435239414));
#4184 = CARTESIAN_POINT('',(-0.236843292122,0.7995,0.36480346823));
#4185 = ORIENTED_EDGE('',*,*,#4164,.F.);
#4186 = ORIENTED_EDGE('',*,*,#3977,.T.);
#4187 = ORIENTED_EDGE('',*,*,#4188,.T.);
#4188 = EDGE_CURVE('',#3971,#4178,#4189,.T.);
#4189 = B_SPLINE_CURVE_WITH_KNOTS('',1,(#4190,#4191),.UNSPECIFIED.,.F.,
  .F.,(2,2),(-0.,1.E-03),.PIECEWISE_BEZIER_KNOTS.);
#4190 = CARTESIAN_POINT('',(-0.236843292122,0.8005,0.36480346823));
#4191 = CARTESIAN_POINT('',(-0.236843292122,0.7995,0.36480346823));
#4192 = B_SPLINE_SURFACE_WITH_KNOTS('',3,1,(
    (#4193,#4194)
    ,(#4195,#4196)
    ,(#4197,#4198)
    ,(#4199,#4200
    )),.UNSPECIFIED.,.F.,.F.,.F.,(4,4),(2,2),(1.,2.),(0.,1.),
  .PIECEWISE_BEZIER_KNOTS.);
#4193 = CARTESIAN_POINT('',(-0.23791784674,0.8005,0.359810082505));
#4194 = CARTESIAN_POINT('',(-0.23791784674,0.7995,0.359810082505));
#4195 = CARTESIAN_POINT('',(-0.237579104498,0.8005,0.360795080929));
#4196 = CARTESIAN_POINT('',(-0.237579104498,0.7995,0.360795080929));
#4197 = CARTESIAN_POINT('',(-0.237226812664,0.8005,0.362435239414));
#4198 = CARTESIAN_POINT('',(-0.237226812664,0.7995,0.362435239414));
#4199 = CARTESIAN_POINT('',(-0.236843292122,0.8005,0.36480346823));
#4200 = CARTESIAN_POINT('',(-0.236843292122,0.7995,0.36480346823));
#4201 = ADVANCED_FACE('',(#4202),#4218,.T.);
#4202 = FACE_BOUND('',#4203,.T.);
#4203 = EDGE_LOOP('',(#4204,#4211,#4212,#4213));
#4204 = ORIENTED_EDGE('',*,*,#4205,.F.);
#4205 = EDGE_CURVE('',#4178,#4206,#4208,.T.);
#4206 = VERTEX_POINT('',#4207);
#4207 = CARTESIAN_POINT('',(-0.236624948451,0.7995,0.364805016801));
#4208 = B_SPLINE_CURVE_WITH_KNOTS('',1,(#4209,#4210),.UNSPECIFIED.,.F.,
  .F.,(2,2),(-2.775487756806E-17,2.183491621778E-04),
  .PIECEWISE_BEZIER_KNOTS.);
#4209 = CARTESIAN_POINT('',(-0.236843292122,0.7995,0.36480346823));
#4210 = CARTESIAN_POINT('',(-0.236624948451,0.7995,0.364805016801));
#4211 = ORIENTED_EDGE('',*,*,#4188,.F.);
#4212 = ORIENTED_EDGE('',*,*,#3970,.T.);
#4213 = ORIENTED_EDGE('',*,*,#4214,.T.);
#4214 = EDGE_CURVE('',#3962,#4206,#4215,.T.);
#4215 = B_SPLINE_CURVE_WITH_KNOTS('',1,(#4216,#4217),.UNSPECIFIED.,.F.,
  .F.,(2,2),(-0.,1.E-03),.PIECEWISE_BEZIER_KNOTS.);
#4216 = CARTESIAN_POINT('',(-0.236624948451,0.8005,0.364805016801));
#4217 = CARTESIAN_POINT('',(-0.236624948451,0.7995,0.364805016801));
#4218 = B_SPLINE_SURFACE_WITH_KNOTS('',1,1,(
    (#4219,#4220)
    ,(#4221,#4222
    )),.UNSPECIFIED.,.F.,.F.,.F.,(2,2),(2,2),(-2.183491621778E-04,
    2.775487756806E-17),(-1.E-03,1.110223024625E-16),
  .PIECEWISE_BEZIER_KNOTS.);
#4219 = CARTESIAN_POINT('',(-0.236624948451,0.7995,0.364805016801));
#4220 = CARTESIAN_POINT('',(-0.236624948451,0.8005,0.364805016801));
#4221 = CARTESIAN_POINT('',(-0.236843292122,0.7995,0.36480346823));
#4222 = CARTESIAN_POINT('',(-0.236843292122,0.8005,0.36480346823));
#4223 = ADVANCED_FACE('',(#4224),#4242,.T.);
#4224 = FACE_BOUND('',#4225,.T.);
#4225 = EDGE_LOOP('',(#4226,#4235,#4236,#4237));
#4226 = ORIENTED_EDGE('',*,*,#4227,.F.);
#4227 = EDGE_CURVE('',#4206,#4228,#4230,.T.);
#4228 = VERTEX_POINT('',#4229);
#4229 = CARTESIAN_POINT('',(-0.235425089829,0.7995,0.359827762027));
#4230 = B_SPLINE_CURVE_WITH_KNOTS('',3,(#4231,#4232,#4233,#4234),
  .UNSPECIFIED.,.F.,.F.,(4,4),(3.,4.),.PIECEWISE_BEZIER_KNOTS.);
#4231 = CARTESIAN_POINT('',(-0.236624948451,0.7995,0.364805016801));
#4232 = CARTESIAN_POINT('',(-0.236264010022,0.7995,0.362660422608));
#4233 = CARTESIAN_POINT('',(-0.235870036218,0.7995,0.360989164463));
#4234 = CARTESIAN_POINT('',(-0.235425089829,0.7995,0.359827762027));
#4235 = ORIENTED_EDGE('',*,*,#4214,.F.);
#4236 = ORIENTED_EDGE('',*,*,#3961,.T.);
#4237 = ORIENTED_EDGE('',*,*,#4238,.T.);
#4238 = EDGE_CURVE('',#3955,#4228,#4239,.T.);
#4239 = B_SPLINE_CURVE_WITH_KNOTS('',1,(#4240,#4241),.UNSPECIFIED.,.F.,
  .F.,(2,2),(3.330669073875E-16,1.E-03),.PIECEWISE_BEZIER_KNOTS.);
#4240 = CARTESIAN_POINT('',(-0.235425089829,0.8005,0.359827762027));
#4241 = CARTESIAN_POINT('',(-0.235425089829,0.7995,0.359827762027));
#4242 = B_SPLINE_SURFACE_WITH_KNOTS('',3,1,(
    (#4243,#4244)
    ,(#4245,#4246)
    ,(#4247,#4248)
    ,(#4249,#4250
    )),.UNSPECIFIED.,.F.,.F.,.F.,(4,4),(2,2),(3.,4.),(0.,1.),
  .PIECEWISE_BEZIER_KNOTS.);
#4243 = CARTESIAN_POINT('',(-0.236624948451,0.8005,0.364805016801));
#4244 = CARTESIAN_POINT('',(-0.236624948451,0.7995,0.364805016801));
#4245 = CARTESIAN_POINT('',(-0.236264010022,0.8005,0.362660422608));
#4246 = CARTESIAN_POINT('',(-0.236264010022,0.7995,0.362660422608));
#4247 = CARTESIAN_POINT('',(-0.235870036218,0.8005,0.360989164463));
#4248 = CARTESIAN_POINT('',(-0.235870036218,0.7995,0.360989164463));
#4249 = CARTESIAN_POINT('',(-0.235425089829,0.8005,0.359827762027));
#4250 = CARTESIAN_POINT('',(-0.235425089829,0.7995,0.359827762027));
#4251 = ADVANCED_FACE('',(#4252),#4262,.T.);
#4252 = FACE_BOUND('',#4253,.T.);
#4253 = EDGE_LOOP('',(#4254,#4259,#4260,#4261));
#4254 = ORIENTED_EDGE('',*,*,#4255,.F.);
#4255 = EDGE_CURVE('',#4228,#4128,#4256,.T.);
#4256 = B_SPLINE_CURVE_WITH_KNOTS('',1,(#4257,#4258),.UNSPECIFIED.,.F.,
  .F.,(2,2),(2.874366848311E-17,3.144289538558E-02),
  .PIECEWISE_BEZIER_KNOTS.);
#4257 = CARTESIAN_POINT('',(-0.235425089829,0.7995,0.359827762027));
#4258 = CARTESIAN_POINT('',(-0.224571004466,0.7995,0.330317687456));
#4259 = ORIENTED_EDGE('',*,*,#4238,.F.);
#4260 = ORIENTED_EDGE('',*,*,#3954,.T.);
#4261 = ORIENTED_EDGE('',*,*,#4136,.T.);
#4262 = B_SPLINE_SURFACE_WITH_KNOTS('',1,1,(
    (#4263,#4264)
    ,(#4265,#4266
    )),.UNSPECIFIED.,.F.,.F.,.F.,(2,2),(2,2),(-3.144289538558E-02,0.),(
    -1.E-03,0.),.PIECEWISE_BEZIER_KNOTS.);
#4263 = CARTESIAN_POINT('',(-0.224571004466,0.7995,0.330317687456));
#4264 = CARTESIAN_POINT('',(-0.224571004466,0.8005,0.330317687456));
#4265 = CARTESIAN_POINT('',(-0.235425089829,0.7995,0.359827762027));
#4266 = CARTESIAN_POINT('',(-0.235425089829,0.8005,0.359827762027));
#4267 = ADVANCED_FACE('',(#4268),#4276,.T.);
#4268 = FACE_BOUND('',#4269,.T.);
#4269 = EDGE_LOOP('',(#4270,#4271,#4272,#4273,#4274,#4275));
#4270 = ORIENTED_EDGE('',*,*,#4127,.T.);
#4271 = ORIENTED_EDGE('',*,*,#4155,.T.);
#4272 = ORIENTED_EDGE('',*,*,#4177,.T.);
#4273 = ORIENTED_EDGE('',*,*,#4205,.T.);
#4274 = ORIENTED_EDGE('',*,*,#4227,.T.);
#4275 = ORIENTED_EDGE('',*,*,#4255,.T.);
#4276 = B_SPLINE_SURFACE_WITH_KNOTS('',1,1,(
    (#4277,#4278)
    ,(#4279,#4280
    )),.UNSPECIFIED.,.F.,.F.,.F.,(2,2),(2,2),(0.330148147954,
    0.364804916801),(-0.248461441133,-0.224571004466),
  .PIECEWISE_BEZIER_KNOTS.);
#4277 = CARTESIAN_POINT('',(-0.248461441133,0.7995,0.330148247954));
#4278 = CARTESIAN_POINT('',(-0.224571004466,0.7995,0.330148247954));
#4279 = CARTESIAN_POINT('',(-0.248461441133,0.7995,0.364805016801));
#4280 = CARTESIAN_POINT('',(-0.224571004466,0.7995,0.364805016801));
#4281 = ADVANCED_FACE('',(#4282),#4304,.F.);
#4282 = FACE_BOUND('',#4283,.T.);
#4283 = EDGE_LOOP('',(#4284,#4285,#4292,#4299));
#4284 = ORIENTED_EDGE('',*,*,#2079,.T.);
#4285 = ORIENTED_EDGE('',*,*,#4286,.F.);
#4286 = EDGE_CURVE('',#4287,#2071,#4289,.T.);
#4287 = VERTEX_POINT('',#4288);
#4288 = CARTESIAN_POINT('',(-2.039100322036E-02,0.8005,0.199442884566));
#4289 = B_SPLINE_CURVE_WITH_KNOTS('',1,(#4290,#4291),.UNSPECIFIED.,.F.,
  .F.,(2,2),(-0.,1.E-03),.PIECEWISE_BEZIER_KNOTS.);
#4290 = CARTESIAN_POINT('',(-2.039100322036E-02,0.8005,0.199442884566));
#4291 = CARTESIAN_POINT('',(-2.039100322036E-02,0.7995,0.199442884566));
#4292 = ORIENTED_EDGE('',*,*,#4293,.F.);
#4293 = EDGE_CURVE('',#4294,#4287,#4296,.T.);
#4294 = VERTEX_POINT('',#4295);
#4295 = CARTESIAN_POINT('',(-2.033344798937E-02,0.8005,0.191327778128));
#4296 = B_SPLINE_CURVE_WITH_KNOTS('',1,(#4297,#4298),.UNSPECIFIED.,.F.,
  .F.,(2,2),(-8.115310536826E-03,0.),.PIECEWISE_BEZIER_KNOTS.);
#4297 = CARTESIAN_POINT('',(-2.033344798937E-02,0.8005,0.191327778128));
#4298 = CARTESIAN_POINT('',(-2.039100322036E-02,0.8005,0.199442884566));
#4299 = ORIENTED_EDGE('',*,*,#4300,.T.);
#4300 = EDGE_CURVE('',#4294,#2080,#4301,.T.);
#4301 = B_SPLINE_CURVE_WITH_KNOTS('',1,(#4302,#4303),.UNSPECIFIED.,.F.,
  .F.,(2,2),(-0.,1.E-03),.PIECEWISE_BEZIER_KNOTS.);
#4302 = CARTESIAN_POINT('',(-2.033344798937E-02,0.8005,0.191327778128));
#4303 = CARTESIAN_POINT('',(-2.033344798937E-02,0.7995,0.191327778128));
#4304 = B_SPLINE_SURFACE_WITH_KNOTS('',1,1,(
    (#4305,#4306)
    ,(#4307,#4308
    )),.UNSPECIFIED.,.F.,.F.,.F.,(2,2),(2,2),(0.,8.115310536826E-03),(
    -1.E-03,0.),.PIECEWISE_BEZIER_KNOTS.);
#4305 = CARTESIAN_POINT('',(-2.039100322036E-02,0.7995,0.199442884566));
#4306 = CARTESIAN_POINT('',(-2.039100322036E-02,0.8005,0.199442884566));
#4307 = CARTESIAN_POINT('',(-2.033344798937E-02,0.7995,0.191327778128));
#4308 = CARTESIAN_POINT('',(-2.033344798937E-02,0.8005,0.191327778128));
#4309 = ADVANCED_FACE('',(#4310),#4326,.F.);
#4310 = FACE_BOUND('',#4311,.T.);
#4311 = EDGE_LOOP('',(#4312,#4313,#4320,#4325));
#4312 = ORIENTED_EDGE('',*,*,#2070,.T.);
#4313 = ORIENTED_EDGE('',*,*,#4314,.F.);
#4314 = EDGE_CURVE('',#4315,#2073,#4317,.T.);
#4315 = VERTEX_POINT('',#4316);
#4316 = CARTESIAN_POINT('',(8.703290938561E-03,0.8005,0.199649231683));
#4317 = B_SPLINE_CURVE_WITH_KNOTS('',1,(#4318,#4319),.UNSPECIFIED.,.F.,
  .F.,(2,2),(-0.,1.E-03),.PIECEWISE_BEZIER_KNOTS.);
#4318 = CARTESIAN_POINT('',(8.703290938561E-03,0.8005,0.199649231683));
#4319 = CARTESIAN_POINT('',(8.703290938561E-03,0.7995,0.199649231683));
#4320 = ORIENTED_EDGE('',*,*,#4321,.F.);
#4321 = EDGE_CURVE('',#4287,#4315,#4322,.T.);
#4322 = B_SPLINE_CURVE_WITH_KNOTS('',1,(#4323,#4324),.UNSPECIFIED.,.F.,
  .F.,(2,2),(-2.909502589342E-02,0.),.PIECEWISE_BEZIER_KNOTS.);
#4323 = CARTESIAN_POINT('',(-2.039100322036E-02,0.8005,0.199442884566));
#4324 = CARTESIAN_POINT('',(8.703290938561E-03,0.8005,0.199649231683));
#4325 = ORIENTED_EDGE('',*,*,#4286,.T.);
#4326 = B_SPLINE_SURFACE_WITH_KNOTS('',1,1,(
    (#4327,#4328)
    ,(#4329,#4330
    )),.UNSPECIFIED.,.F.,.F.,.F.,(2,2),(2,2),(-0.,2.909502589342E-02),(
    -1.E-03,0.),.PIECEWISE_BEZIER_KNOTS.);
#4327 = CARTESIAN_POINT('',(8.703290938561E-03,0.7995,0.199649231683));
#4328 = CARTESIAN_POINT('',(8.703290938561E-03,0.8005,0.199649231683));
#4329 = CARTESIAN_POINT('',(-2.039100322036E-02,0.7995,0.199442884566));
#4330 = CARTESIAN_POINT('',(-2.039100322036E-02,0.8005,0.199442884566));
#4331 = ADVANCED_FACE('',(#4332),#4348,.F.);
#4332 = FACE_BOUND('',#4333,.T.);
#4333 = EDGE_LOOP('',(#4334,#4335,#4342,#4347));
#4334 = ORIENTED_EDGE('',*,*,#2149,.T.);
#4335 = ORIENTED_EDGE('',*,*,#4336,.F.);
#4336 = EDGE_CURVE('',#4337,#2143,#4339,.T.);
#4337 = VERTEX_POINT('',#4338);
#4338 = CARTESIAN_POINT('',(8.533464292857E-03,0.8005,0.223594254268));
#4339 = B_SPLINE_CURVE_WITH_KNOTS('',1,(#4340,#4341),.UNSPECIFIED.,.F.,
  .F.,(2,2),(-0.,1.E-03),.PIECEWISE_BEZIER_KNOTS.);
#4340 = CARTESIAN_POINT('',(8.533464292857E-03,0.8005,0.223594254268));
#4341 = CARTESIAN_POINT('',(8.533464292857E-03,0.7995,0.223594254268));
#4342 = ORIENTED_EDGE('',*,*,#4343,.F.);
#4343 = EDGE_CURVE('',#4315,#4337,#4344,.T.);
#4344 = B_SPLINE_CURVE_WITH_KNOTS('',1,(#4345,#4346),.UNSPECIFIED.,.F.,
  .F.,(2,2),(-2.394562481266E-02,0.),.PIECEWISE_BEZIER_KNOTS.);
#4345 = CARTESIAN_POINT('',(8.703290938561E-03,0.8005,0.199649231683));
#4346 = CARTESIAN_POINT('',(8.533464292857E-03,0.8005,0.223594254268));
#4347 = ORIENTED_EDGE('',*,*,#4314,.T.);
#4348 = B_SPLINE_SURFACE_WITH_KNOTS('',1,1,(
    (#4349,#4350)
    ,(#4351,#4352
    )),.UNSPECIFIED.,.F.,.F.,.F.,(2,2),(2,2),(0.,2.394562481266E-02),(
    -1.E-03,0.),.PIECEWISE_BEZIER_KNOTS.);
#4349 = CARTESIAN_POINT('',(8.533464292857E-03,0.7995,0.223594254268));
#4350 = CARTESIAN_POINT('',(8.533464292857E-03,0.8005,0.223594254268));
#4351 = CARTESIAN_POINT('',(8.703290938561E-03,0.7995,0.199649231683));
#4352 = CARTESIAN_POINT('',(8.703290938561E-03,0.8005,0.199649231683));
#4353 = ADVANCED_FACE('',(#4354),#4370,.F.);
#4354 = FACE_BOUND('',#4355,.T.);
#4355 = EDGE_LOOP('',(#4356,#4357,#4364,#4369));
#4356 = ORIENTED_EDGE('',*,*,#2142,.T.);
#4357 = ORIENTED_EDGE('',*,*,#4358,.F.);
#4358 = EDGE_CURVE('',#4359,#2136,#4361,.T.);
#4359 = VERTEX_POINT('',#4360);
#4360 = CARTESIAN_POINT('',(-1.692176868299E-02,0.8005,0.223413716671));
#4361 = B_SPLINE_CURVE_WITH_KNOTS('',1,(#4362,#4363),.UNSPECIFIED.,.F.,
  .F.,(2,2),(-0.,1.E-03),.PIECEWISE_BEZIER_KNOTS.);
#4362 = CARTESIAN_POINT('',(-1.692176868299E-02,0.8005,0.223413716671));
#4363 = CARTESIAN_POINT('',(-1.692176868299E-02,0.7995,0.223413716671));
#4364 = ORIENTED_EDGE('',*,*,#4365,.F.);
#4365 = EDGE_CURVE('',#4337,#4359,#4366,.T.);
#4366 = B_SPLINE_CURVE_WITH_KNOTS('',1,(#4367,#4368),.UNSPECIFIED.,.F.,
  .F.,(2,2),(-2.545587318633E-02,-0.),.PIECEWISE_BEZIER_KNOTS.);
#4367 = CARTESIAN_POINT('',(8.533464292857E-03,0.8005,0.223594254268));
#4368 = CARTESIAN_POINT('',(-1.692176868299E-02,0.8005,0.223413716671));
#4369 = ORIENTED_EDGE('',*,*,#4336,.T.);
#4370 = B_SPLINE_SURFACE_WITH_KNOTS('',1,1,(
    (#4371,#4372)
    ,(#4373,#4374
    )),.UNSPECIFIED.,.F.,.F.,.F.,(2,2),(2,2),(0.,2.545587318633E-02),(
    -1.E-03,0.),.PIECEWISE_BEZIER_KNOTS.);
#4371 = CARTESIAN_POINT('',(-1.692176868299E-02,0.7995,0.223413716671));
#4372 = CARTESIAN_POINT('',(-1.692176868299E-02,0.8005,0.223413716671));
#4373 = CARTESIAN_POINT('',(8.533464292857E-03,0.7995,0.223594254268));
#4374 = CARTESIAN_POINT('',(8.533464292857E-03,0.8005,0.223594254268));
#4375 = ADVANCED_FACE('',(#4376),#4392,.F.);
#4376 = FACE_BOUND('',#4377,.T.);
#4377 = EDGE_LOOP('',(#4378,#4379,#4386,#4391));
#4378 = ORIENTED_EDGE('',*,*,#2135,.T.);
#4379 = ORIENTED_EDGE('',*,*,#4380,.F.);
#4380 = EDGE_CURVE('',#4381,#2129,#4383,.T.);
#4381 = VERTEX_POINT('',#4382);
#4382 = CARTESIAN_POINT('',(-1.697958200919E-02,0.8005,0.231565213721));
#4383 = B_SPLINE_CURVE_WITH_KNOTS('',1,(#4384,#4385),.UNSPECIFIED.,.F.,
  .F.,(2,2),(-0.,1.E-03),.PIECEWISE_BEZIER_KNOTS.);
#4384 = CARTESIAN_POINT('',(-1.697958200919E-02,0.8005,0.231565213721));
#4385 = CARTESIAN_POINT('',(-1.697958200919E-02,0.7995,0.231565213721));
#4386 = ORIENTED_EDGE('',*,*,#4387,.F.);
#4387 = EDGE_CURVE('',#4359,#4381,#4388,.T.);
#4388 = B_SPLINE_CURVE_WITH_KNOTS('',1,(#4389,#4390),.UNSPECIFIED.,.F.,
  .F.,(2,2),(-8.151702063854E-03,0.),.PIECEWISE_BEZIER_KNOTS.);
#4389 = CARTESIAN_POINT('',(-1.692176868299E-02,0.8005,0.223413716671));
#4390 = CARTESIAN_POINT('',(-1.697958200919E-02,0.8005,0.231565213721));
#4391 = ORIENTED_EDGE('',*,*,#4358,.T.);
#4392 = B_SPLINE_SURFACE_WITH_KNOTS('',1,1,(
    (#4393,#4394)
    ,(#4395,#4396
    )),.UNSPECIFIED.,.F.,.F.,.F.,(2,2),(2,2),(0.,8.151702063854E-03),(
    -1.E-03,0.),.PIECEWISE_BEZIER_KNOTS.);
#4393 = CARTESIAN_POINT('',(-1.697958200919E-02,0.7995,0.231565213721));
#4394 = CARTESIAN_POINT('',(-1.697958200919E-02,0.8005,0.231565213721));
#4395 = CARTESIAN_POINT('',(-1.692176868299E-02,0.7995,0.223413716671));
#4396 = CARTESIAN_POINT('',(-1.692176868299E-02,0.8005,0.223413716671));
#4397 = ADVANCED_FACE('',(#4398),#4414,.F.);
#4398 = FACE_BOUND('',#4399,.T.);
#4399 = EDGE_LOOP('',(#4400,#4401,#4408,#4413));
#4400 = ORIENTED_EDGE('',*,*,#2128,.T.);
#4401 = ORIENTED_EDGE('',*,*,#4402,.F.);
#4402 = EDGE_CURVE('',#4403,#2122,#4405,.T.);
#4403 = VERTEX_POINT('',#4404);
#4404 = CARTESIAN_POINT('',(8.47565096666E-03,0.8005,0.231745751318));
#4405 = B_SPLINE_CURVE_WITH_KNOTS('',1,(#4406,#4407),.UNSPECIFIED.,.F.,
  .F.,(2,2),(-0.,1.E-03),.PIECEWISE_BEZIER_KNOTS.);
#4406 = CARTESIAN_POINT('',(8.47565096666E-03,0.8005,0.231745751318));
#4407 = CARTESIAN_POINT('',(8.47565096666E-03,0.7995,0.231745751318));
#4408 = ORIENTED_EDGE('',*,*,#4409,.F.);
#4409 = EDGE_CURVE('',#4381,#4403,#4410,.T.);
#4410 = B_SPLINE_CURVE_WITH_KNOTS('',1,(#4411,#4412),.UNSPECIFIED.,.F.,
  .F.,(2,2),(-2.545587318633E-02,0.),.PIECEWISE_BEZIER_KNOTS.);
#4411 = CARTESIAN_POINT('',(-1.697958200919E-02,0.8005,0.231565213721));
#4412 = CARTESIAN_POINT('',(8.47565096666E-03,0.8005,0.231745751318));
#4413 = ORIENTED_EDGE('',*,*,#4380,.T.);
#4414 = B_SPLINE_SURFACE_WITH_KNOTS('',1,1,(
    (#4415,#4416)
    ,(#4417,#4418
    )),.UNSPECIFIED.,.F.,.F.,.F.,(2,2),(2,2),(-0.,2.545587318633E-02),(
    -1.E-03,0.),.PIECEWISE_BEZIER_KNOTS.);
#4415 = CARTESIAN_POINT('',(8.47565096666E-03,0.7995,0.231745751318));
#4416 = CARTESIAN_POINT('',(8.47565096666E-03,0.8005,0.231745751318));
#4417 = CARTESIAN_POINT('',(-1.697958200919E-02,0.7995,0.231565213721));
#4418 = CARTESIAN_POINT('',(-1.697958200919E-02,0.8005,0.231565213721));
#4419 = ADVANCED_FACE('',(#4420),#4436,.F.);
#4420 = FACE_BOUND('',#4421,.T.);
#4421 = EDGE_LOOP('',(#4422,#4423,#4430,#4435));
#4422 = ORIENTED_EDGE('',*,*,#2121,.T.);
#4423 = ORIENTED_EDGE('',*,*,#4424,.F.);
#4424 = EDGE_CURVE('',#4425,#2115,#4427,.T.);
#4425 = VERTEX_POINT('',#4426);
#4426 = CARTESIAN_POINT('',(8.314083367553E-03,0.8005,0.254526274324));
#4427 = B_SPLINE_CURVE_WITH_KNOTS('',1,(#4428,#4429),.UNSPECIFIED.,.F.,
  .F.,(2,2),(-0.,1.E-03),.PIECEWISE_BEZIER_KNOTS.);
#4428 = CARTESIAN_POINT('',(8.314083367553E-03,0.8005,0.254526274324));
#4429 = CARTESIAN_POINT('',(8.314083367553E-03,0.7995,0.254526274324));
#4430 = ORIENTED_EDGE('',*,*,#4431,.F.);
#4431 = EDGE_CURVE('',#4403,#4425,#4432,.T.);
#4432 = B_SPLINE_CURVE_WITH_KNOTS('',1,(#4433,#4434),.UNSPECIFIED.,.F.,
  .F.,(2,2),(-2.278109594674E-02,0.),.PIECEWISE_BEZIER_KNOTS.);
#4433 = CARTESIAN_POINT('',(8.47565096666E-03,0.8005,0.231745751318));
#4434 = CARTESIAN_POINT('',(8.314083367553E-03,0.8005,0.254526274324));
#4435 = ORIENTED_EDGE('',*,*,#4402,.T.);
#4436 = B_SPLINE_SURFACE_WITH_KNOTS('',1,1,(
    (#4437,#4438)
    ,(#4439,#4440
    )),.UNSPECIFIED.,.F.,.F.,.F.,(2,2),(2,2),(0.,2.278109594674E-02),(
    -1.E-03,0.),.PIECEWISE_BEZIER_KNOTS.);
#4437 = CARTESIAN_POINT('',(8.314083367553E-03,0.7995,0.254526274324));
#4438 = CARTESIAN_POINT('',(8.314083367553E-03,0.8005,0.254526274324));
#4439 = CARTESIAN_POINT('',(8.47565096666E-03,0.7995,0.231745751318));
#4440 = CARTESIAN_POINT('',(8.47565096666E-03,0.8005,0.231745751318));
#4441 = ADVANCED_FACE('',(#4442),#4458,.F.);
#4442 = FACE_BOUND('',#4443,.T.);
#4443 = EDGE_LOOP('',(#4444,#4445,#4452,#4457));
#4444 = ORIENTED_EDGE('',*,*,#2114,.T.);
#4445 = ORIENTED_EDGE('',*,*,#4446,.F.);
#4446 = EDGE_CURVE('',#4447,#2108,#4449,.T.);
#4447 = VERTEX_POINT('',#4448);
#4448 = CARTESIAN_POINT('',(-1.916082856479E-02,0.8005,0.254331412444));
#4449 = B_SPLINE_CURVE_WITH_KNOTS('',1,(#4450,#4451),.UNSPECIFIED.,.F.,
  .F.,(2,2),(-0.,1.E-03),.PIECEWISE_BEZIER_KNOTS.);
#4450 = CARTESIAN_POINT('',(-1.916082856479E-02,0.8005,0.254331412444));
#4451 = CARTESIAN_POINT('',(-1.916082856479E-02,0.7995,0.254331412444));
#4452 = ORIENTED_EDGE('',*,*,#4453,.F.);
#4453 = EDGE_CURVE('',#4425,#4447,#4454,.T.);
#4454 = B_SPLINE_CURVE_WITH_KNOTS('',1,(#4455,#4456),.UNSPECIFIED.,.F.,
  .F.,(2,2),(-2.747560293866E-02,-0.),.PIECEWISE_BEZIER_KNOTS.);
#4455 = CARTESIAN_POINT('',(8.314083367553E-03,0.8005,0.254526274324));
#4456 = CARTESIAN_POINT('',(-1.916082856479E-02,0.8005,0.254331412444));
#4457 = ORIENTED_EDGE('',*,*,#4424,.T.);
#4458 = B_SPLINE_SURFACE_WITH_KNOTS('',1,1,(
    (#4459,#4460)
    ,(#4461,#4462
    )),.UNSPECIFIED.,.F.,.F.,.F.,(2,2),(2,2),(0.,2.747560293866E-02),(
    -1.E-03,0.),.PIECEWISE_BEZIER_KNOTS.);
#4459 = CARTESIAN_POINT('',(-1.916082856479E-02,0.7995,0.254331412444));
#4460 = CARTESIAN_POINT('',(-1.916082856479E-02,0.8005,0.254331412444));
#4461 = CARTESIAN_POINT('',(8.314083367553E-03,0.7995,0.254526274324));
#4462 = CARTESIAN_POINT('',(8.314083367553E-03,0.8005,0.254526274324));
#4463 = ADVANCED_FACE('',(#4464),#4480,.F.);
#4464 = FACE_BOUND('',#4465,.T.);
#4465 = EDGE_LOOP('',(#4466,#4467,#4474,#4479));
#4466 = ORIENTED_EDGE('',*,*,#2107,.T.);
#4467 = ORIENTED_EDGE('',*,*,#4468,.F.);
#4468 = EDGE_CURVE('',#4469,#2101,#4471,.T.);
#4469 = VERTEX_POINT('',#4470);
#4470 = CARTESIAN_POINT('',(-1.92188999862E-02,0.8005,0.262519300105));
#4471 = B_SPLINE_CURVE_WITH_KNOTS('',1,(#4472,#4473),.UNSPECIFIED.,.F.,
  .F.,(2,2),(-0.,1.E-03),.PIECEWISE_BEZIER_KNOTS.);
#4472 = CARTESIAN_POINT('',(-1.92188999862E-02,0.8005,0.262519300105));
#4473 = CARTESIAN_POINT('',(-1.92188999862E-02,0.7995,0.262519300105));
#4474 = ORIENTED_EDGE('',*,*,#4475,.F.);
#4475 = EDGE_CURVE('',#4447,#4469,#4476,.T.);
#4476 = B_SPLINE_CURVE_WITH_KNOTS('',1,(#4477,#4478),.UNSPECIFIED.,.F.,
  .F.,(2,2),(-8.188093590883E-03,0.),.PIECEWISE_BEZIER_KNOTS.);
#4477 = CARTESIAN_POINT('',(-1.916082856479E-02,0.8005,0.254331412444));
#4478 = CARTESIAN_POINT('',(-1.92188999862E-02,0.8005,0.262519300105));
#4479 = ORIENTED_EDGE('',*,*,#4446,.T.);
#4480 = B_SPLINE_SURFACE_WITH_KNOTS('',1,1,(
    (#4481,#4482)
    ,(#4483,#4484
    )),.UNSPECIFIED.,.F.,.F.,.F.,(2,2),(2,2),(0.,8.188093590883E-03),(
    -1.E-03,0.),.PIECEWISE_BEZIER_KNOTS.);
#4481 = CARTESIAN_POINT('',(-1.92188999862E-02,0.7995,0.262519300105));
#4482 = CARTESIAN_POINT('',(-1.92188999862E-02,0.8005,0.262519300105));
#4483 = CARTESIAN_POINT('',(-1.916082856479E-02,0.7995,0.254331412444));
#4484 = CARTESIAN_POINT('',(-1.916082856479E-02,0.8005,0.254331412444));
#4485 = ADVANCED_FACE('',(#4486),#4502,.F.);
#4486 = FACE_BOUND('',#4487,.T.);
#4487 = EDGE_LOOP('',(#4488,#4489,#4496,#4501));
#4488 = ORIENTED_EDGE('',*,*,#2100,.T.);
#4489 = ORIENTED_EDGE('',*,*,#4490,.F.);
#4490 = EDGE_CURVE('',#4491,#2094,#4493,.T.);
#4491 = VERTEX_POINT('',#4492);
#4492 = CARTESIAN_POINT('',(1.744464143343E-02,0.8005,0.262779331026));
#4493 = B_SPLINE_CURVE_WITH_KNOTS('',1,(#4494,#4495),.UNSPECIFIED.,.F.,
  .F.,(2,2),(-0.,1.E-03),.PIECEWISE_BEZIER_KNOTS.);
#4494 = CARTESIAN_POINT('',(1.744464143343E-02,0.8005,0.262779331026));
#4495 = CARTESIAN_POINT('',(1.744464143343E-02,0.7995,0.262779331026));
#4496 = ORIENTED_EDGE('',*,*,#4497,.F.);
#4497 = EDGE_CURVE('',#4469,#4491,#4498,.T.);
#4498 = B_SPLINE_CURVE_WITH_KNOTS('',1,(#4499,#4500),.UNSPECIFIED.,.F.,
  .F.,(2,2),(-3.666446352407E-02,0.),.PIECEWISE_BEZIER_KNOTS.);
#4499 = CARTESIAN_POINT('',(-1.92188999862E-02,0.8005,0.262519300105));
#4500 = CARTESIAN_POINT('',(1.744464143343E-02,0.8005,0.262779331026));
#4501 = ORIENTED_EDGE('',*,*,#4468,.T.);
#4502 = B_SPLINE_SURFACE_WITH_KNOTS('',1,1,(
    (#4503,#4504)
    ,(#4505,#4506
    )),.UNSPECIFIED.,.F.,.F.,.F.,(2,2),(2,2),(-0.,3.666446352407E-02),(
    -1.E-03,0.),.PIECEWISE_BEZIER_KNOTS.);
#4503 = CARTESIAN_POINT('',(1.744464143343E-02,0.7995,0.262779331026));
#4504 = CARTESIAN_POINT('',(1.744464143343E-02,0.8005,0.262779331026));
#4505 = CARTESIAN_POINT('',(-1.92188999862E-02,0.7995,0.262519300105));
#4506 = CARTESIAN_POINT('',(-1.92188999862E-02,0.8005,0.262519300105));
#4507 = ADVANCED_FACE('',(#4508),#4524,.F.);
#4508 = FACE_BOUND('',#4509,.T.);
#4509 = EDGE_LOOP('',(#4510,#4511,#4518,#4523));
#4510 = ORIENTED_EDGE('',*,*,#2093,.T.);
#4511 = ORIENTED_EDGE('',*,*,#4512,.F.);
#4512 = EDGE_CURVE('',#4513,#2087,#4515,.T.);
#4513 = VERTEX_POINT('',#4514);
#4514 = CARTESIAN_POINT('',(1.794947565683E-02,0.8005,0.191599294285));
#4515 = B_SPLINE_CURVE_WITH_KNOTS('',1,(#4516,#4517),.UNSPECIFIED.,.F.,
  .F.,(2,2),(-0.,1.E-03),.PIECEWISE_BEZIER_KNOTS.);
#4516 = CARTESIAN_POINT('',(1.794947565683E-02,0.8005,0.191599294285));
#4517 = CARTESIAN_POINT('',(1.794947565683E-02,0.7995,0.191599294285));
#4518 = ORIENTED_EDGE('',*,*,#4519,.F.);
#4519 = EDGE_CURVE('',#4491,#4513,#4520,.T.);
#4520 = B_SPLINE_CURVE_WITH_KNOTS('',1,(#4521,#4522),.UNSPECIFIED.,.F.,
  .F.,(2,2),(-7.118182695097E-02,0.),.PIECEWISE_BEZIER_KNOTS.);
#4521 = CARTESIAN_POINT('',(1.744464143343E-02,0.8005,0.262779331026));
#4522 = CARTESIAN_POINT('',(1.794947565683E-02,0.8005,0.191599294285));
#4523 = ORIENTED_EDGE('',*,*,#4490,.T.);
#4524 = B_SPLINE_SURFACE_WITH_KNOTS('',1,1,(
    (#4525,#4526)
    ,(#4527,#4528
    )),.UNSPECIFIED.,.F.,.F.,.F.,(2,2),(2,2),(0.,7.118182695097E-02),(
    -1.E-03,0.),.PIECEWISE_BEZIER_KNOTS.);
#4525 = CARTESIAN_POINT('',(1.794947565683E-02,0.7995,0.191599294285));
#4526 = CARTESIAN_POINT('',(1.794947565683E-02,0.8005,0.191599294285));
#4527 = CARTESIAN_POINT('',(1.744464143343E-02,0.7995,0.262779331026));
#4528 = CARTESIAN_POINT('',(1.744464143343E-02,0.8005,0.262779331026));
#4529 = ADVANCED_FACE('',(#4530),#4540,.F.);
#4530 = FACE_BOUND('',#4531,.T.);
#4531 = EDGE_LOOP('',(#4532,#4533,#4534,#4539));
#4532 = ORIENTED_EDGE('',*,*,#2086,.T.);
#4533 = ORIENTED_EDGE('',*,*,#4300,.F.);
#4534 = ORIENTED_EDGE('',*,*,#4535,.F.);
#4535 = EDGE_CURVE('',#4513,#4294,#4536,.T.);
#4536 = B_SPLINE_CURVE_WITH_KNOTS('',1,(#4537,#4538),.UNSPECIFIED.,.F.,
  .F.,(2,2),(-3.828388647883E-02,-0.),.PIECEWISE_BEZIER_KNOTS.);
#4537 = CARTESIAN_POINT('',(1.794947565683E-02,0.8005,0.191599294285));
#4538 = CARTESIAN_POINT('',(-2.033344798937E-02,0.8005,0.191327778128));
#4539 = ORIENTED_EDGE('',*,*,#4512,.T.);
#4540 = B_SPLINE_SURFACE_WITH_KNOTS('',1,1,(
    (#4541,#4542)
    ,(#4543,#4544
    )),.UNSPECIFIED.,.F.,.F.,.F.,(2,2),(2,2),(0.,3.828388647883E-02),(
    -1.E-03,0.),.PIECEWISE_BEZIER_KNOTS.);
#4541 = CARTESIAN_POINT('',(-2.033344798937E-02,0.7995,0.191327778128));
#4542 = CARTESIAN_POINT('',(-2.033344798937E-02,0.8005,0.191327778128));
#4543 = CARTESIAN_POINT('',(1.794947565683E-02,0.7995,0.191599294285));
#4544 = CARTESIAN_POINT('',(1.794947565683E-02,0.8005,0.191599294285));
#4545 = ADVANCED_FACE('',(#4546),#4560,.F.);
#4546 = FACE_BOUND('',#4547,.T.);
#4547 = EDGE_LOOP('',(#4548,#4549,#4550,#4551,#4552,#4553,#4554,#4555,
    #4556,#4557,#4558,#4559));
#4548 = ORIENTED_EDGE('',*,*,#4293,.T.);
#4549 = ORIENTED_EDGE('',*,*,#4321,.T.);
#4550 = ORIENTED_EDGE('',*,*,#4343,.T.);
#4551 = ORIENTED_EDGE('',*,*,#4365,.T.);
#4552 = ORIENTED_EDGE('',*,*,#4387,.T.);
#4553 = ORIENTED_EDGE('',*,*,#4409,.T.);
#4554 = ORIENTED_EDGE('',*,*,#4431,.T.);
#4555 = ORIENTED_EDGE('',*,*,#4453,.T.);
#4556 = ORIENTED_EDGE('',*,*,#4475,.T.);
#4557 = ORIENTED_EDGE('',*,*,#4497,.T.);
#4558 = ORIENTED_EDGE('',*,*,#4519,.T.);
#4559 = ORIENTED_EDGE('',*,*,#4535,.T.);
#4560 = B_SPLINE_SURFACE_WITH_KNOTS('',1,1,(
    (#4561,#4562)
    ,(#4563,#4564
    )),.UNSPECIFIED.,.F.,.F.,.F.,(2,2),(2,2),(-0.262779231026,
    -0.191327678128),(-2.039100322036E-02,1.794947565683E-02),
  .PIECEWISE_BEZIER_KNOTS.);
#4561 = CARTESIAN_POINT('',(-2.039100322036E-02,0.8005,0.262779331026));
#4562 = CARTESIAN_POINT('',(1.794947565683E-02,0.8005,0.262779331026));
#4563 = CARTESIAN_POINT('',(-2.039100322036E-02,0.8005,0.191327778128));
#4564 = CARTESIAN_POINT('',(1.794947565683E-02,0.8005,0.191327778128));
#4565 = ADVANCED_FACE('',(#4566,#4682),#4752,.T.);
#4566 = FACE_BOUND('',#4567,.T.);
#4567 = EDGE_LOOP('',(#4568,#4579,#4586,#4595,#4604,#4611,#4620,#4629,
    #4638,#4647,#4654,#4661,#4668,#4675));
#4568 = ORIENTED_EDGE('',*,*,#4569,.T.);
#4569 = EDGE_CURVE('',#4570,#4572,#4574,.T.);
#4570 = VERTEX_POINT('',#4571);
#4571 = CARTESIAN_POINT('',(-5.170706731914E-02,0.8005,0.243110065318));
#4572 = VERTEX_POINT('',#4573);
#4573 = CARTESIAN_POINT('',(-3.416963065145E-02,0.8005,0.238503429574));
#4574 = B_SPLINE_CURVE_WITH_KNOTS('',3,(#4575,#4576,#4577,#4578),
  .UNSPECIFIED.,.F.,.F.,(4,4),(0.,1.),.PIECEWISE_BEZIER_KNOTS.);
#4575 = CARTESIAN_POINT('',(-5.170706731914E-02,0.8005,0.243110065318));
#4576 = CARTESIAN_POINT('',(-4.508397596593E-02,0.8005,0.243157038646));
#4577 = CARTESIAN_POINT('',(-3.923218467306E-02,0.8005,0.241633666617));
#4578 = CARTESIAN_POINT('',(-3.416963065145E-02,0.8005,0.238503429574));
#4579 = ORIENTED_EDGE('',*,*,#4580,.T.);
#4580 = EDGE_CURVE('',#4572,#4581,#4583,.T.);
#4581 = VERTEX_POINT('',#4582);
#4582 = CARTESIAN_POINT('',(-3.410820399236E-02,0.8005,0.229842463958));
#4583 = B_SPLINE_CURVE_WITH_KNOTS('',1,(#4584,#4585),.UNSPECIFIED.,.F.,
  .F.,(2,2),(-8.66118344324E-03,0.),.PIECEWISE_BEZIER_KNOTS.);
#4584 = CARTESIAN_POINT('',(-3.416963065145E-02,0.8005,0.238503429574));
#4585 = CARTESIAN_POINT('',(-3.410820399236E-02,0.8005,0.229842463958));
#4586 = ORIENTED_EDGE('',*,*,#4587,.T.);
#4587 = EDGE_CURVE('',#4581,#4588,#4590,.T.);
#4588 = VERTEX_POINT('',#4589);
#4589 = CARTESIAN_POINT('',(-5.081872230097E-02,0.8005,0.235874269754));
#4590 = B_SPLINE_CURVE_WITH_KNOTS('',3,(#4591,#4592,#4593,#4594),
  .UNSPECIFIED.,.F.,.F.,(4,4),(12.,13.),.PIECEWISE_BEZIER_KNOTS.);
#4591 = CARTESIAN_POINT('',(-3.410820399236E-02,0.8005,0.229842463958));
#4592 = CARTESIAN_POINT('',(-3.915901508823E-02,0.8005,0.233882595345));
#4593 = CARTESIAN_POINT('',(-4.472329481919E-02,0.8005,0.235917500701));
#4594 = CARTESIAN_POINT('',(-5.081872230097E-02,0.8005,0.235874269754));
#4595 = ORIENTED_EDGE('',*,*,#4596,.T.);
#4596 = EDGE_CURVE('',#4588,#4597,#4599,.T.);
#4597 = VERTEX_POINT('',#4598);
#4598 = CARTESIAN_POINT('',(-6.10289968885E-02,0.8005,0.223355639564));
#4599 = B_SPLINE_CURVE_WITH_KNOTS('',3,(#4600,#4601,#4602,#4603),
  .UNSPECIFIED.,.F.,.F.,(4,4),(11.,12.),.PIECEWISE_BEZIER_KNOTS.);
#4600 = CARTESIAN_POINT('',(-5.081872230097E-02,0.8005,0.235874269754));
#4601 = CARTESIAN_POINT('',(-5.767835263104E-02,0.8005,0.235825618807));
#4602 = CARTESIAN_POINT('',(-6.108784259552E-02,0.8005,0.231652699061));
#4603 = CARTESIAN_POINT('',(-6.10289968885E-02,0.8005,0.223355639564));
#4604 = ORIENTED_EDGE('',*,*,#4605,.T.);
#4605 = EDGE_CURVE('',#4597,#4606,#4608,.T.);
#4606 = VERTEX_POINT('',#4607);
#4607 = CARTESIAN_POINT('',(-4.594831406847E-02,0.8005,0.221351835493));
#4608 = B_SPLINE_CURVE_WITH_KNOTS('',1,(#4609,#4610),.UNSPECIFIED.,.F.,
  .F.,(2,2),(-1.521322533431E-02,0.),.PIECEWISE_BEZIER_KNOTS.);
#4609 = CARTESIAN_POINT('',(-6.10289968885E-02,0.8005,0.223355639564));
#4610 = CARTESIAN_POINT('',(-4.594831406847E-02,0.8005,0.221351835493));
#4611 = ORIENTED_EDGE('',*,*,#4612,.T.);
#4612 = EDGE_CURVE('',#4606,#4613,#4615,.T.);
#4613 = VERTEX_POINT('',#4614);
#4614 = CARTESIAN_POINT('',(-2.896357407084E-02,0.8005,0.204877343627));
#4615 = B_SPLINE_CURVE_WITH_KNOTS('',3,(#4616,#4617,#4618,#4619),
  .UNSPECIFIED.,.F.,.F.,(4,4),(9.,10.),.PIECEWISE_BEZIER_KNOTS.);
#4616 = CARTESIAN_POINT('',(-4.594831406847E-02,0.8005,0.221351835493));
#4617 = CARTESIAN_POINT('',(-3.469251691904E-02,0.8005,0.219866790603));
#4618 = CARTESIAN_POINT('',(-2.903093691966E-02,0.8005,0.214375293314));
#4619 = CARTESIAN_POINT('',(-2.896357407084E-02,0.8005,0.204877343627));
#4620 = ORIENTED_EDGE('',*,*,#4621,.T.);
#4621 = EDGE_CURVE('',#4613,#4622,#4624,.T.);
#4622 = VERTEX_POINT('',#4623);
#4623 = CARTESIAN_POINT('',(-3.325379321441E-02,0.8005,0.194038360488));
#4624 = B_SPLINE_CURVE_WITH_KNOTS('',3,(#4625,#4626,#4627,#4628),
  .UNSPECIFIED.,.F.,.F.,(4,4),(8.,9.),.PIECEWISE_BEZIER_KNOTS.);
#4625 = CARTESIAN_POINT('',(-2.896357407084E-02,0.8005,0.204877343627));
#4626 = CARTESIAN_POINT('',(-2.893131217006E-02,0.8005,0.200328517147));
#4627 = CARTESIAN_POINT('',(-3.036138521791E-02,0.8005,0.196715522768));
#4628 = CARTESIAN_POINT('',(-3.325379321441E-02,0.8005,0.194038360488));
#4629 = ORIENTED_EDGE('',*,*,#4630,.T.);
#4630 = EDGE_CURVE('',#4622,#4631,#4633,.T.);
#4631 = VERTEX_POINT('',#4632);
#4632 = CARTESIAN_POINT('',(-4.497957036307E-02,0.8005,0.189952028435));
#4633 = B_SPLINE_CURVE_WITH_KNOTS('',3,(#4634,#4635,#4636,#4637),
  .UNSPECIFIED.,.F.,.F.,(4,4),(7.,8.),.PIECEWISE_BEZIER_KNOTS.);
#4634 = CARTESIAN_POINT('',(-3.325379321441E-02,0.8005,0.194038360488));
#4635 = CARTESIAN_POINT('',(-3.614620121067E-02,0.8005,0.191361198208));
#4636 = CARTESIAN_POINT('',(-4.004864246002E-02,0.8005,0.189987000335));
#4637 = CARTESIAN_POINT('',(-4.497957036307E-02,0.8005,0.189952028435));
#4638 = ORIENTED_EDGE('',*,*,#4639,.T.);
#4639 = EDGE_CURVE('',#4631,#4640,#4642,.T.);
#4640 = VERTEX_POINT('',#4641);
#4641 = CARTESIAN_POINT('',(-6.061901793303E-02,0.8005,0.198902826032));
#4642 = B_SPLINE_CURVE_WITH_KNOTS('',3,(#4643,#4644,#4645,#4646),
  .UNSPECIFIED.,.F.,.F.,(4,4),(6.,7.),.PIECEWISE_BEZIER_KNOTS.);
#4643 = CARTESIAN_POINT('',(-4.497957036307E-02,0.8005,0.189952028435));
#4644 = CARTESIAN_POINT('',(-5.183920069315E-02,0.8005,0.189903377488));
#4645 = CARTESIAN_POINT('',(-5.706448008723E-02,0.8005,0.192886890656));
#4646 = CARTESIAN_POINT('',(-6.061901793303E-02,0.8005,0.198902826032));
#4647 = ORIENTED_EDGE('',*,*,#4648,.T.);
#4648 = EDGE_CURVE('',#4640,#4649,#4651,.T.);
#4649 = VERTEX_POINT('',#4650);
#4650 = CARTESIAN_POINT('',(-6.08555569099E-02,0.8005,0.198901148413));
#4651 = B_SPLINE_CURVE_WITH_KNOTS('',1,(#4652,#4653),.UNSPECIFIED.,.F.,
  .F.,(2,2),(-2.365449259347E-04,-0.),.PIECEWISE_BEZIER_KNOTS.);
#4652 = CARTESIAN_POINT('',(-6.061901793303E-02,0.8005,0.198902826032));
#4653 = CARTESIAN_POINT('',(-6.08555569099E-02,0.8005,0.198901148413));
#4654 = ORIENTED_EDGE('',*,*,#4655,.T.);
#4655 = EDGE_CURVE('',#4649,#4656,#4658,.T.);
#4656 = VERTEX_POINT('',#4657);
#4657 = CARTESIAN_POINT('',(-6.079980834536E-02,0.8005,0.191040776258));
#4658 = B_SPLINE_CURVE_WITH_KNOTS('',1,(#4659,#4660),.UNSPECIFIED.,.F.,
  .F.,(2,2),(-7.860569847131E-03,0.),.PIECEWISE_BEZIER_KNOTS.);
#4659 = CARTESIAN_POINT('',(-6.08555569099E-02,0.8005,0.198901148413));
#4660 = CARTESIAN_POINT('',(-6.079980834536E-02,0.8005,0.191040776258));
#4661 = ORIENTED_EDGE('',*,*,#4662,.T.);
#4662 = EDGE_CURVE('',#4656,#4663,#4665,.T.);
#4663 = VERTEX_POINT('',#4664);
#4664 = CARTESIAN_POINT('',(-6.971550824397E-02,0.8005,0.190977542933));
#4665 = B_SPLINE_CURVE_WITH_KNOTS('',1,(#4666,#4667),.UNSPECIFIED.,.F.,
  .F.,(2,2),(-8.915924132447E-03,-0.),.PIECEWISE_BEZIER_KNOTS.);
#4666 = CARTESIAN_POINT('',(-6.079980834536E-02,0.8005,0.191040776258));
#4667 = CARTESIAN_POINT('',(-6.971550824397E-02,0.8005,0.190977542933));
#4668 = ORIENTED_EDGE('',*,*,#4669,.T.);
#4669 = EDGE_CURVE('',#4663,#4670,#4672,.T.);
#4670 = VERTEX_POINT('',#4671);
#4671 = CARTESIAN_POINT('',(-6.994753583437E-02,0.8005,0.223692702968));
#4672 = B_SPLINE_CURVE_WITH_KNOTS('',1,(#4673,#4674),.UNSPECIFIED.,.F.,
  .F.,(2,2),(-3.27159828365E-02,0.),.PIECEWISE_BEZIER_KNOTS.);
#4673 = CARTESIAN_POINT('',(-6.971550824397E-02,0.8005,0.190977542933));
#4674 = CARTESIAN_POINT('',(-6.994753583437E-02,0.8005,0.223692702968));
#4675 = ORIENTED_EDGE('',*,*,#4676,.T.);
#4676 = EDGE_CURVE('',#4670,#4570,#4677,.T.);
#4677 = B_SPLINE_CURVE_WITH_KNOTS('',3,(#4678,#4679,#4680,#4681),
  .UNSPECIFIED.,.F.,.F.,(4,4),(1.,2.),.PIECEWISE_BEZIER_KNOTS.);
#4678 = CARTESIAN_POINT('',(-6.994753583437E-02,0.8005,0.223692702968));
#4679 = CARTESIAN_POINT('',(-7.003890153739E-02,0.8005,0.236574979557));
#4680 = CARTESIAN_POINT('',(-6.395250820012E-02,0.8005,0.243023216281));
#4681 = CARTESIAN_POINT('',(-5.170706731914E-02,0.8005,0.243110065318));
#4682 = FACE_BOUND('',#4683,.T.);
#4683 = EDGE_LOOP('',(#4684,#4695,#4704,#4711,#4718,#4727,#4736,#4745));
#4684 = ORIENTED_EDGE('',*,*,#4685,.F.);
#4685 = EDGE_CURVE('',#4686,#4688,#4690,.T.);
#4686 = VERTEX_POINT('',#4687);
#4687 = CARTESIAN_POINT('',(-4.042287563556E-02,0.8005,0.21196538131));
#4688 = VERTEX_POINT('',#4689);
#4689 = CARTESIAN_POINT('',(-3.801180301507E-02,0.8005,0.205541019204));
#4690 = B_SPLINE_CURVE_WITH_KNOTS('',3,(#4691,#4692,#4693,#4694),
  .UNSPECIFIED.,.F.,.F.,(4,4),(1.,2.),.PIECEWISE_BEZIER_KNOTS.);
#4691 = CARTESIAN_POINT('',(-4.042287563556E-02,0.8005,0.21196538131));
#4692 = CARTESIAN_POINT('',(-3.884723932802E-02,0.8005,0.210448073707));
#4693 = CARTESIAN_POINT('',(-3.803141825075E-02,0.8005,0.208306705703));
#4694 = CARTESIAN_POINT('',(-3.801180301507E-02,0.8005,0.205541019204));
#4695 = ORIENTED_EDGE('',*,*,#4696,.F.);
#4696 = EDGE_CURVE('',#4697,#4686,#4699,.T.);
#4697 = VERTEX_POINT('',#4698);
#4698 = CARTESIAN_POINT('',(-4.906964682711E-02,0.8005,0.215033805364));
#4699 = B_SPLINE_CURVE_WITH_KNOTS('',3,(#4700,#4701,#4702,#4703),
  .UNSPECIFIED.,.F.,.F.,(4,4),(0.,1.),.PIECEWISE_BEZIER_KNOTS.);
#4700 = CARTESIAN_POINT('',(-4.906964682711E-02,0.8005,0.215033805364));
#4701 = CARTESIAN_POINT('',(-4.489879224931E-02,0.8005,0.214481107475));
#4702 = CARTESIAN_POINT('',(-4.201670724877E-02,0.8005,0.213482559865));
#4703 = CARTESIAN_POINT('',(-4.042287563556E-02,0.8005,0.21196538131));
#4704 = ORIENTED_EDGE('',*,*,#4705,.F.);
#4705 = EDGE_CURVE('',#4706,#4697,#4708,.T.);
#4706 = VERTEX_POINT('',#4707);
#4707 = CARTESIAN_POINT('',(-6.098073308493E-02,0.8005,0.216550595152));
#4708 = B_SPLINE_CURVE_WITH_KNOTS('',1,(#4709,#4710),.UNSPECIFIED.,.F.,
  .F.,(2,2),(0.,1.200727392471E-02),.PIECEWISE_BEZIER_KNOTS.);
#4709 = CARTESIAN_POINT('',(-6.098073308493E-02,0.8005,0.216550595152));
#4710 = CARTESIAN_POINT('',(-4.906964682711E-02,0.8005,0.215033805364));
#4711 = ORIENTED_EDGE('',*,*,#4712,.F.);
#4712 = EDGE_CURVE('',#4713,#4706,#4715,.T.);
#4713 = VERTEX_POINT('',#4714);
#4714 = CARTESIAN_POINT('',(-6.094614832729E-02,0.8005,0.211674253166));
#4715 = B_SPLINE_CURVE_WITH_KNOTS('',1,(#4716,#4717),.UNSPECIFIED.,.F.,
  .F.,(2,2),(0.,4.876464627789E-03),.PIECEWISE_BEZIER_KNOTS.);
#4716 = CARTESIAN_POINT('',(-6.094614832729E-02,0.8005,0.211674253166));
#4717 = CARTESIAN_POINT('',(-6.098073308493E-02,0.8005,0.216550595152));
#4718 = ORIENTED_EDGE('',*,*,#4719,.F.);
#4719 = EDGE_CURVE('',#4720,#4713,#4722,.T.);
#4720 = VERTEX_POINT('',#4721);
#4721 = CARTESIAN_POINT('',(-5.705157695126E-02,0.8005,0.201330028791));
#4722 = B_SPLINE_CURVE_WITH_KNOTS('',3,(#4723,#4724,#4725,#4726),
  .UNSPECIFIED.,.F.,.F.,(4,4),(5.,6.),.PIECEWISE_BEZIER_KNOTS.);
#4723 = CARTESIAN_POINT('',(-5.705157695126E-02,0.8005,0.201330028791));
#4724 = CARTESIAN_POINT('',(-5.96182769199E-02,0.8005,0.204041258014));
#4725 = CARTESIAN_POINT('',(-6.091646737858E-02,0.8005,0.207489332806));
#4726 = CARTESIAN_POINT('',(-6.094614832729E-02,0.8005,0.211674253166));
#4727 = ORIENTED_EDGE('',*,*,#4728,.F.);
#4728 = EDGE_CURVE('',#4729,#4720,#4731,.T.);
#4729 = VERTEX_POINT('',#4730);
#4730 = CARTESIAN_POINT('',(-4.734225135083E-02,0.8005,0.197250152367));
#4731 = B_SPLINE_CURVE_WITH_KNOTS('',3,(#4732,#4733,#4734,#4735),
  .UNSPECIFIED.,.F.,.F.,(4,4),(4.,5.),.PIECEWISE_BEZIER_KNOTS.);
#4732 = CARTESIAN_POINT('',(-4.734225135083E-02,0.8005,0.197250152367));
#4733 = CARTESIAN_POINT('',(-5.125424212256E-02,0.8005,0.197222407133));
#4734 = CARTESIAN_POINT('',(-5.45028141933E-02,0.8005,0.198582279909));
#4735 = CARTESIAN_POINT('',(-5.705157695126E-02,0.8005,0.201330028791));
#4736 = ORIENTED_EDGE('',*,*,#4737,.F.);
#4737 = EDGE_CURVE('',#4738,#4729,#4740,.T.);
#4738 = VERTEX_POINT('',#4739);
#4739 = CARTESIAN_POINT('',(-4.055346693642E-02,0.8005,0.199591024716));
#4740 = B_SPLINE_CURVE_WITH_KNOTS('',3,(#4741,#4742,#4743,#4744),
  .UNSPECIFIED.,.F.,.F.,(4,4),(3.,4.),.PIECEWISE_BEZIER_KNOTS.);
#4741 = CARTESIAN_POINT('',(-4.055346693642E-02,0.8005,0.199591024716));
#4742 = CARTESIAN_POINT('',(-4.225298569381E-02,0.8005,0.198050488545));
#4743 = CARTESIAN_POINT('',(-4.452197893375E-02,0.8005,0.197270154746));
#4744 = CARTESIAN_POINT('',(-4.734225135083E-02,0.8005,0.197250152367));
#4745 = ORIENTED_EDGE('',*,*,#4746,.F.);
#4746 = EDGE_CURVE('',#4688,#4738,#4747,.T.);
#4747 = B_SPLINE_CURVE_WITH_KNOTS('',3,(#4748,#4749,#4750,#4751),
  .UNSPECIFIED.,.F.,.F.,(4,4),(2.,3.),.PIECEWISE_BEZIER_KNOTS.);
#4748 = CARTESIAN_POINT('',(-3.801180301507E-02,0.8005,0.205541019204));
#4749 = CARTESIAN_POINT('',(-3.799451063626E-02,0.8005,0.203102848212));
#4750 = CARTESIAN_POINT('',(-3.883575287315E-02,0.8005,0.201131689935));
#4751 = CARTESIAN_POINT('',(-4.055346693642E-02,0.8005,0.199591024716));
#4752 = B_SPLINE_SURFACE_WITH_KNOTS('',1,1,(
    (#4753,#4754)
    ,(#4755,#4756
    )),.UNSPECIFIED.,.F.,.F.,.F.,(2,2),(2,2),(-5.209482384682E-02,
    1.158837310462E-03),(-2.768575405144E-02,1.342183531589E-02),
  .PIECEWISE_BEZIER_KNOTS.);
#4753 = CARTESIAN_POINT('',(-7.003890153739E-02,0.8005,0.189903377488));
#4754 = CARTESIAN_POINT('',(-2.893131217006E-02,0.8005,0.189903377488));
#4755 = CARTESIAN_POINT('',(-7.003890153739E-02,0.8005,0.243157038646));
#4756 = CARTESIAN_POINT('',(-2.893131217006E-02,0.8005,0.243157038646));
#4757 = ADVANCED_FACE('',(#4758),#4772,.F.);
#4758 = FACE_BOUND('',#4759,.F.);
#4759 = EDGE_LOOP('',(#4760,#4765,#4766,#4771));
#4760 = ORIENTED_EDGE('',*,*,#4761,.F.);
#4761 = EDGE_CURVE('',#4570,#1563,#4762,.T.);
#4762 = B_SPLINE_CURVE_WITH_KNOTS('',1,(#4763,#4764),.UNSPECIFIED.,.F.,
  .F.,(2,2),(-0.,1.E-03),.PIECEWISE_BEZIER_KNOTS.);
#4763 = CARTESIAN_POINT('',(-5.170706731914E-02,0.8005,0.243110065318));
#4764 = CARTESIAN_POINT('',(-5.170706731914E-02,0.7995,0.243110065318));
#4765 = ORIENTED_EDGE('',*,*,#4569,.T.);
#4766 = ORIENTED_EDGE('',*,*,#4767,.T.);
#4767 = EDGE_CURVE('',#4572,#1554,#4768,.T.);
#4768 = B_SPLINE_CURVE_WITH_KNOTS('',1,(#4769,#4770),.UNSPECIFIED.,.F.,
  .F.,(2,2),(-0.,1.E-03),.PIECEWISE_BEZIER_KNOTS.);
#4769 = CARTESIAN_POINT('',(-3.416963065145E-02,0.8005,0.238503429574));
#4770 = CARTESIAN_POINT('',(-3.416963065145E-02,0.7995,0.238503429574));
#4771 = ORIENTED_EDGE('',*,*,#1562,.F.);
#4772 = B_SPLINE_SURFACE_WITH_KNOTS('',3,1,(
    (#4773,#4774)
    ,(#4775,#4776)
    ,(#4777,#4778)
    ,(#4779,#4780
    )),.UNSPECIFIED.,.F.,.F.,.F.,(4,4),(2,2),(0.,1.),(0.,1.),
  .PIECEWISE_BEZIER_KNOTS.);
#4773 = CARTESIAN_POINT('',(-5.170706731914E-02,0.8005,0.243110065318));
#4774 = CARTESIAN_POINT('',(-5.170706731914E-02,0.7995,0.243110065318));
#4775 = CARTESIAN_POINT('',(-4.508397596593E-02,0.8005,0.243157038646));
#4776 = CARTESIAN_POINT('',(-4.508397596593E-02,0.7995,0.243157038646));
#4777 = CARTESIAN_POINT('',(-3.923218467306E-02,0.8005,0.241633666617));
#4778 = CARTESIAN_POINT('',(-3.923218467306E-02,0.7995,0.241633666617));
#4779 = CARTESIAN_POINT('',(-3.416963065145E-02,0.8005,0.238503429574));
#4780 = CARTESIAN_POINT('',(-3.416963065145E-02,0.7995,0.238503429574));
#4781 = ADVANCED_FACE('',(#4782),#4792,.F.);
#4782 = FACE_BOUND('',#4783,.T.);
#4783 = EDGE_LOOP('',(#4784,#4785,#4790,#4791));
#4784 = ORIENTED_EDGE('',*,*,#1553,.T.);
#4785 = ORIENTED_EDGE('',*,*,#4786,.F.);
#4786 = EDGE_CURVE('',#4581,#1556,#4787,.T.);
#4787 = B_SPLINE_CURVE_WITH_KNOTS('',1,(#4788,#4789),.UNSPECIFIED.,.F.,
  .F.,(2,2),(-0.,1.E-03),.PIECEWISE_BEZIER_KNOTS.);
#4788 = CARTESIAN_POINT('',(-3.410820399236E-02,0.8005,0.229842463958));
#4789 = CARTESIAN_POINT('',(-3.410820399236E-02,0.7995,0.229842463958));
#4790 = ORIENTED_EDGE('',*,*,#4580,.F.);
#4791 = ORIENTED_EDGE('',*,*,#4767,.T.);
#4792 = B_SPLINE_SURFACE_WITH_KNOTS('',1,1,(
    (#4793,#4794)
    ,(#4795,#4796
    )),.UNSPECIFIED.,.F.,.F.,.F.,(2,2),(2,2),(0.,8.66118344324E-03),(
    -1.E-03,0.),.PIECEWISE_BEZIER_KNOTS.);
#4793 = CARTESIAN_POINT('',(-3.410820399236E-02,0.7995,0.229842463958));
#4794 = CARTESIAN_POINT('',(-3.410820399236E-02,0.8005,0.229842463958));
#4795 = CARTESIAN_POINT('',(-3.416963065145E-02,0.7995,0.238503429574));
#4796 = CARTESIAN_POINT('',(-3.416963065145E-02,0.8005,0.238503429574));
#4797 = ADVANCED_FACE('',(#4798),#4808,.F.);
#4798 = FACE_BOUND('',#4799,.F.);
#4799 = EDGE_LOOP('',(#4800,#4801,#4802,#4807));
#4800 = ORIENTED_EDGE('',*,*,#4786,.F.);
#4801 = ORIENTED_EDGE('',*,*,#4587,.T.);
#4802 = ORIENTED_EDGE('',*,*,#4803,.T.);
#4803 = EDGE_CURVE('',#4588,#1652,#4804,.T.);
#4804 = B_SPLINE_CURVE_WITH_KNOTS('',1,(#4805,#4806),.UNSPECIFIED.,.F.,
  .F.,(2,2),(-0.,1.E-03),.PIECEWISE_BEZIER_KNOTS.);
#4805 = CARTESIAN_POINT('',(-5.081872230097E-02,0.8005,0.235874269754));
#4806 = CARTESIAN_POINT('',(-5.081872230097E-02,0.7995,0.235874269754));
#4807 = ORIENTED_EDGE('',*,*,#1660,.F.);
#4808 = B_SPLINE_SURFACE_WITH_KNOTS('',3,1,(
    (#4809,#4810)
    ,(#4811,#4812)
    ,(#4813,#4814)
    ,(#4815,#4816
    )),.UNSPECIFIED.,.F.,.F.,.F.,(4,4),(2,2),(12.,13.),(0.,1.),
  .PIECEWISE_BEZIER_KNOTS.);
#4809 = CARTESIAN_POINT('',(-3.410820399236E-02,0.8005,0.229842463958));
#4810 = CARTESIAN_POINT('',(-3.410820399236E-02,0.7995,0.229842463958));
#4811 = CARTESIAN_POINT('',(-3.915901508823E-02,0.8005,0.233882595345));
#4812 = CARTESIAN_POINT('',(-3.915901508823E-02,0.7995,0.233882595345));
#4813 = CARTESIAN_POINT('',(-4.472329481919E-02,0.8005,0.235917500701));
#4814 = CARTESIAN_POINT('',(-4.472329481919E-02,0.7995,0.235917500701));
#4815 = CARTESIAN_POINT('',(-5.081872230097E-02,0.8005,0.235874269754));
#4816 = CARTESIAN_POINT('',(-5.081872230097E-02,0.7995,0.235874269754));
#4817 = ADVANCED_FACE('',(#4818),#4828,.F.);
#4818 = FACE_BOUND('',#4819,.F.);
#4819 = EDGE_LOOP('',(#4820,#4821,#4822,#4827));
#4820 = ORIENTED_EDGE('',*,*,#4803,.F.);
#4821 = ORIENTED_EDGE('',*,*,#4596,.T.);
#4822 = ORIENTED_EDGE('',*,*,#4823,.T.);
#4823 = EDGE_CURVE('',#4597,#1645,#4824,.T.);
#4824 = B_SPLINE_CURVE_WITH_KNOTS('',1,(#4825,#4826),.UNSPECIFIED.,.F.,
  .F.,(2,2),(-0.,1.E-03),.PIECEWISE_BEZIER_KNOTS.);
#4825 = CARTESIAN_POINT('',(-6.10289968885E-02,0.8005,0.223355639564));
#4826 = CARTESIAN_POINT('',(-6.10289968885E-02,0.7995,0.223355639564));
#4827 = ORIENTED_EDGE('',*,*,#1651,.F.);
#4828 = B_SPLINE_SURFACE_WITH_KNOTS('',3,1,(
    (#4829,#4830)
    ,(#4831,#4832)
    ,(#4833,#4834)
    ,(#4835,#4836
    )),.UNSPECIFIED.,.F.,.F.,.F.,(4,4),(2,2),(11.,12.),(0.,1.),
  .PIECEWISE_BEZIER_KNOTS.);
#4829 = CARTESIAN_POINT('',(-5.081872230097E-02,0.8005,0.235874269754));
#4830 = CARTESIAN_POINT('',(-5.081872230097E-02,0.7995,0.235874269754));
#4831 = CARTESIAN_POINT('',(-5.767835263104E-02,0.8005,0.235825618807));
#4832 = CARTESIAN_POINT('',(-5.767835263104E-02,0.7995,0.235825618807));
#4833 = CARTESIAN_POINT('',(-6.108784259552E-02,0.8005,0.231652699061));
#4834 = CARTESIAN_POINT('',(-6.108784259552E-02,0.7995,0.231652699061));
#4835 = CARTESIAN_POINT('',(-6.10289968885E-02,0.8005,0.223355639564));
#4836 = CARTESIAN_POINT('',(-6.10289968885E-02,0.7995,0.223355639564));
#4837 = ADVANCED_FACE('',(#4838),#4848,.F.);
#4838 = FACE_BOUND('',#4839,.T.);
#4839 = EDGE_LOOP('',(#4840,#4841,#4846,#4847));
#4840 = ORIENTED_EDGE('',*,*,#1644,.T.);
#4841 = ORIENTED_EDGE('',*,*,#4842,.F.);
#4842 = EDGE_CURVE('',#4606,#1636,#4843,.T.);
#4843 = B_SPLINE_CURVE_WITH_KNOTS('',1,(#4844,#4845),.UNSPECIFIED.,.F.,
  .F.,(2,2),(-0.,1.E-03),.PIECEWISE_BEZIER_KNOTS.);
#4844 = CARTESIAN_POINT('',(-4.594831406847E-02,0.8005,0.221351835493));
#4845 = CARTESIAN_POINT('',(-4.594831406847E-02,0.7995,0.221351835493));
#4846 = ORIENTED_EDGE('',*,*,#4605,.F.);
#4847 = ORIENTED_EDGE('',*,*,#4823,.T.);
#4848 = B_SPLINE_SURFACE_WITH_KNOTS('',1,1,(
    (#4849,#4850)
    ,(#4851,#4852
    )),.UNSPECIFIED.,.F.,.F.,.F.,(2,2),(2,2),(0.,1.521322533431E-02),(
    -1.E-03,1.110223024625E-16),.PIECEWISE_BEZIER_KNOTS.);
#4849 = CARTESIAN_POINT('',(-4.594831406847E-02,0.7995,0.221351835493));
#4850 = CARTESIAN_POINT('',(-4.594831406847E-02,0.8005,0.221351835493));
#4851 = CARTESIAN_POINT('',(-6.10289968885E-02,0.7995,0.223355639564));
#4852 = CARTESIAN_POINT('',(-6.10289968885E-02,0.8005,0.223355639564));
#4853 = ADVANCED_FACE('',(#4854),#4864,.F.);
#4854 = FACE_BOUND('',#4855,.F.);
#4855 = EDGE_LOOP('',(#4856,#4857,#4858,#4863));
#4856 = ORIENTED_EDGE('',*,*,#4842,.F.);
#4857 = ORIENTED_EDGE('',*,*,#4612,.T.);
#4858 = ORIENTED_EDGE('',*,*,#4859,.T.);
#4859 = EDGE_CURVE('',#4613,#1627,#4860,.T.);
#4860 = B_SPLINE_CURVE_WITH_KNOTS('',1,(#4861,#4862),.UNSPECIFIED.,.F.,
  .F.,(2,2),(-0.,1.E-03),.PIECEWISE_BEZIER_KNOTS.);
#4861 = CARTESIAN_POINT('',(-2.896357407084E-02,0.8005,0.204877343627));
#4862 = CARTESIAN_POINT('',(-2.896357407084E-02,0.7995,0.204877343627));
#4863 = ORIENTED_EDGE('',*,*,#1635,.F.);
#4864 = B_SPLINE_SURFACE_WITH_KNOTS('',3,1,(
    (#4865,#4866)
    ,(#4867,#4868)
    ,(#4869,#4870)
    ,(#4871,#4872
    )),.UNSPECIFIED.,.F.,.F.,.F.,(4,4),(2,2),(9.,10.),(0.,1.),
  .PIECEWISE_BEZIER_KNOTS.);
#4865 = CARTESIAN_POINT('',(-4.594831406847E-02,0.8005,0.221351835493));
#4866 = CARTESIAN_POINT('',(-4.594831406847E-02,0.7995,0.221351835493));
#4867 = CARTESIAN_POINT('',(-3.469251691904E-02,0.8005,0.219866790603));
#4868 = CARTESIAN_POINT('',(-3.469251691904E-02,0.7995,0.219866790603));
#4869 = CARTESIAN_POINT('',(-2.903093691966E-02,0.8005,0.214375293314));
#4870 = CARTESIAN_POINT('',(-2.903093691966E-02,0.7995,0.214375293314));
#4871 = CARTESIAN_POINT('',(-2.896357407084E-02,0.8005,0.204877343627));
#4872 = CARTESIAN_POINT('',(-2.896357407084E-02,0.7995,0.204877343627));
#4873 = ADVANCED_FACE('',(#4874),#4884,.F.);
#4874 = FACE_BOUND('',#4875,.F.);
#4875 = EDGE_LOOP('',(#4876,#4877,#4878,#4883));
#4876 = ORIENTED_EDGE('',*,*,#4859,.F.);
#4877 = ORIENTED_EDGE('',*,*,#4621,.T.);
#4878 = ORIENTED_EDGE('',*,*,#4879,.T.);
#4879 = EDGE_CURVE('',#4622,#1618,#4880,.T.);
#4880 = B_SPLINE_CURVE_WITH_KNOTS('',1,(#4881,#4882),.UNSPECIFIED.,.F.,
  .F.,(2,2),(-0.,1.E-03),.PIECEWISE_BEZIER_KNOTS.);
#4881 = CARTESIAN_POINT('',(-3.325379321441E-02,0.8005,0.194038360488));
#4882 = CARTESIAN_POINT('',(-3.325379321441E-02,0.7995,0.194038360488));
#4883 = ORIENTED_EDGE('',*,*,#1626,.F.);
#4884 = B_SPLINE_SURFACE_WITH_KNOTS('',3,1,(
    (#4885,#4886)
    ,(#4887,#4888)
    ,(#4889,#4890)
    ,(#4891,#4892
    )),.UNSPECIFIED.,.F.,.F.,.F.,(4,4),(2,2),(8.,9.),(0.,1.),
  .PIECEWISE_BEZIER_KNOTS.);
#4885 = CARTESIAN_POINT('',(-2.896357407084E-02,0.8005,0.204877343627));
#4886 = CARTESIAN_POINT('',(-2.896357407084E-02,0.7995,0.204877343627));
#4887 = CARTESIAN_POINT('',(-2.893131217006E-02,0.8005,0.200328517147));
#4888 = CARTESIAN_POINT('',(-2.893131217006E-02,0.7995,0.200328517147));
#4889 = CARTESIAN_POINT('',(-3.036138521791E-02,0.8005,0.196715522768));
#4890 = CARTESIAN_POINT('',(-3.036138521791E-02,0.7995,0.196715522768));
#4891 = CARTESIAN_POINT('',(-3.325379321441E-02,0.8005,0.194038360488));
#4892 = CARTESIAN_POINT('',(-3.325379321441E-02,0.7995,0.194038360488));
#4893 = ADVANCED_FACE('',(#4894),#4904,.F.);
#4894 = FACE_BOUND('',#4895,.F.);
#4895 = EDGE_LOOP('',(#4896,#4897,#4898,#4903));
#4896 = ORIENTED_EDGE('',*,*,#4879,.F.);
#4897 = ORIENTED_EDGE('',*,*,#4630,.T.);
#4898 = ORIENTED_EDGE('',*,*,#4899,.T.);
#4899 = EDGE_CURVE('',#4631,#1609,#4900,.T.);
#4900 = B_SPLINE_CURVE_WITH_KNOTS('',1,(#4901,#4902),.UNSPECIFIED.,.F.,
  .F.,(2,2),(-0.,1.E-03),.PIECEWISE_BEZIER_KNOTS.);
#4901 = CARTESIAN_POINT('',(-4.497957036307E-02,0.8005,0.189952028435));
#4902 = CARTESIAN_POINT('',(-4.497957036307E-02,0.7995,0.189952028435));
#4903 = ORIENTED_EDGE('',*,*,#1617,.F.);
#4904 = B_SPLINE_SURFACE_WITH_KNOTS('',3,1,(
    (#4905,#4906)
    ,(#4907,#4908)
    ,(#4909,#4910)
    ,(#4911,#4912
    )),.UNSPECIFIED.,.F.,.F.,.F.,(4,4),(2,2),(7.,8.),(0.,1.),
  .PIECEWISE_BEZIER_KNOTS.);
#4905 = CARTESIAN_POINT('',(-3.325379321441E-02,0.8005,0.194038360488));
#4906 = CARTESIAN_POINT('',(-3.325379321441E-02,0.7995,0.194038360488));
#4907 = CARTESIAN_POINT('',(-3.614620121067E-02,0.8005,0.191361198208));
#4908 = CARTESIAN_POINT('',(-3.614620121067E-02,0.7995,0.191361198208));
#4909 = CARTESIAN_POINT('',(-4.004864246002E-02,0.8005,0.189987000335));
#4910 = CARTESIAN_POINT('',(-4.004864246002E-02,0.7995,0.189987000335));
#4911 = CARTESIAN_POINT('',(-4.497957036307E-02,0.8005,0.189952028435));
#4912 = CARTESIAN_POINT('',(-4.497957036307E-02,0.7995,0.189952028435));
#4913 = ADVANCED_FACE('',(#4914),#4924,.F.);
#4914 = FACE_BOUND('',#4915,.F.);
#4915 = EDGE_LOOP('',(#4916,#4917,#4918,#4923));
#4916 = ORIENTED_EDGE('',*,*,#4899,.F.);
#4917 = ORIENTED_EDGE('',*,*,#4639,.T.);
#4918 = ORIENTED_EDGE('',*,*,#4919,.T.);
#4919 = EDGE_CURVE('',#4640,#1602,#4920,.T.);
#4920 = B_SPLINE_CURVE_WITH_KNOTS('',1,(#4921,#4922),.UNSPECIFIED.,.F.,
  .F.,(2,2),(-0.,1.E-03),.PIECEWISE_BEZIER_KNOTS.);
#4921 = CARTESIAN_POINT('',(-6.061901793303E-02,0.8005,0.198902826032));
#4922 = CARTESIAN_POINT('',(-6.061901793303E-02,0.7995,0.198902826032));
#4923 = ORIENTED_EDGE('',*,*,#1608,.F.);
#4924 = B_SPLINE_SURFACE_WITH_KNOTS('',3,1,(
    (#4925,#4926)
    ,(#4927,#4928)
    ,(#4929,#4930)
    ,(#4931,#4932
    )),.UNSPECIFIED.,.F.,.F.,.F.,(4,4),(2,2),(6.,7.),(0.,1.),
  .PIECEWISE_BEZIER_KNOTS.);
#4925 = CARTESIAN_POINT('',(-4.497957036307E-02,0.8005,0.189952028435));
#4926 = CARTESIAN_POINT('',(-4.497957036307E-02,0.7995,0.189952028435));
#4927 = CARTESIAN_POINT('',(-5.183920069315E-02,0.8005,0.189903377488));
#4928 = CARTESIAN_POINT('',(-5.183920069315E-02,0.7995,0.189903377488));
#4929 = CARTESIAN_POINT('',(-5.706448008723E-02,0.8005,0.192886890656));
#4930 = CARTESIAN_POINT('',(-5.706448008723E-02,0.7995,0.192886890656));
#4931 = CARTESIAN_POINT('',(-6.061901793303E-02,0.8005,0.198902826032));
#4932 = CARTESIAN_POINT('',(-6.061901793303E-02,0.7995,0.198902826032));
#4933 = ADVANCED_FACE('',(#4934),#4944,.F.);
#4934 = FACE_BOUND('',#4935,.T.);
#4935 = EDGE_LOOP('',(#4936,#4937,#4942,#4943));
#4936 = ORIENTED_EDGE('',*,*,#1601,.T.);
#4937 = ORIENTED_EDGE('',*,*,#4938,.F.);
#4938 = EDGE_CURVE('',#4649,#1595,#4939,.T.);
#4939 = B_SPLINE_CURVE_WITH_KNOTS('',1,(#4940,#4941),.UNSPECIFIED.,.F.,
  .F.,(2,2),(-0.,1.E-03),.PIECEWISE_BEZIER_KNOTS.);
#4940 = CARTESIAN_POINT('',(-6.08555569099E-02,0.8005,0.198901148413));
#4941 = CARTESIAN_POINT('',(-6.08555569099E-02,0.7995,0.198901148413));
#4942 = ORIENTED_EDGE('',*,*,#4648,.F.);
#4943 = ORIENTED_EDGE('',*,*,#4919,.T.);
#4944 = B_SPLINE_SURFACE_WITH_KNOTS('',1,1,(
    (#4945,#4946)
    ,(#4947,#4948
    )),.UNSPECIFIED.,.F.,.F.,.F.,(2,2),(2,2),(0.,2.365449259347E-04),(
    -1.E-03,1.110223024625E-16),.PIECEWISE_BEZIER_KNOTS.);
#4945 = CARTESIAN_POINT('',(-6.08555569099E-02,0.7995,0.198901148413));
#4946 = CARTESIAN_POINT('',(-6.08555569099E-02,0.8005,0.198901148413));
#4947 = CARTESIAN_POINT('',(-6.061901793303E-02,0.7995,0.198902826032));
#4948 = CARTESIAN_POINT('',(-6.061901793303E-02,0.8005,0.198902826032));
#4949 = ADVANCED_FACE('',(#4950),#4960,.F.);
#4950 = FACE_BOUND('',#4951,.T.);
#4951 = EDGE_LOOP('',(#4952,#4953,#4958,#4959));
#4952 = ORIENTED_EDGE('',*,*,#1594,.T.);
#4953 = ORIENTED_EDGE('',*,*,#4954,.F.);
#4954 = EDGE_CURVE('',#4656,#1588,#4955,.T.);
#4955 = B_SPLINE_CURVE_WITH_KNOTS('',1,(#4956,#4957),.UNSPECIFIED.,.F.,
  .F.,(2,2),(-0.,1.E-03),.PIECEWISE_BEZIER_KNOTS.);
#4956 = CARTESIAN_POINT('',(-6.079980834536E-02,0.8005,0.191040776258));
#4957 = CARTESIAN_POINT('',(-6.079980834536E-02,0.7995,0.191040776258));
#4958 = ORIENTED_EDGE('',*,*,#4655,.F.);
#4959 = ORIENTED_EDGE('',*,*,#4938,.T.);
#4960 = B_SPLINE_SURFACE_WITH_KNOTS('',1,1,(
    (#4961,#4962)
    ,(#4963,#4964
    )),.UNSPECIFIED.,.F.,.F.,.F.,(2,2),(2,2),(0.,7.860569847131E-03),(
    -1.E-03,0.),.PIECEWISE_BEZIER_KNOTS.);
#4961 = CARTESIAN_POINT('',(-6.079980834536E-02,0.7995,0.191040776258));
#4962 = CARTESIAN_POINT('',(-6.079980834536E-02,0.8005,0.191040776258));
#4963 = CARTESIAN_POINT('',(-6.08555569099E-02,0.7995,0.198901148413));
#4964 = CARTESIAN_POINT('',(-6.08555569099E-02,0.8005,0.198901148413));
#4965 = ADVANCED_FACE('',(#4966),#4976,.F.);
#4966 = FACE_BOUND('',#4967,.T.);
#4967 = EDGE_LOOP('',(#4968,#4969,#4974,#4975));
#4968 = ORIENTED_EDGE('',*,*,#1587,.T.);
#4969 = ORIENTED_EDGE('',*,*,#4970,.F.);
#4970 = EDGE_CURVE('',#4663,#1581,#4971,.T.);
#4971 = B_SPLINE_CURVE_WITH_KNOTS('',1,(#4972,#4973),.UNSPECIFIED.,.F.,
  .F.,(2,2),(-0.,1.E-03),.PIECEWISE_BEZIER_KNOTS.);
#4972 = CARTESIAN_POINT('',(-6.971550824397E-02,0.8005,0.190977542933));
#4973 = CARTESIAN_POINT('',(-6.971550824397E-02,0.7995,0.190977542933));
#4974 = ORIENTED_EDGE('',*,*,#4662,.F.);
#4975 = ORIENTED_EDGE('',*,*,#4954,.T.);
#4976 = B_SPLINE_SURFACE_WITH_KNOTS('',1,1,(
    (#4977,#4978)
    ,(#4979,#4980
    )),.UNSPECIFIED.,.F.,.F.,.F.,(2,2),(2,2),(0.,8.915924132447E-03),(
    -1.E-03,0.),.PIECEWISE_BEZIER_KNOTS.);
#4977 = CARTESIAN_POINT('',(-6.971550824397E-02,0.7995,0.190977542933));
#4978 = CARTESIAN_POINT('',(-6.971550824397E-02,0.8005,0.190977542933));
#4979 = CARTESIAN_POINT('',(-6.079980834536E-02,0.7995,0.191040776258));
#4980 = CARTESIAN_POINT('',(-6.079980834536E-02,0.8005,0.191040776258));
#4981 = ADVANCED_FACE('',(#4982),#4992,.F.);
#4982 = FACE_BOUND('',#4983,.T.);
#4983 = EDGE_LOOP('',(#4984,#4985,#4990,#4991));
#4984 = ORIENTED_EDGE('',*,*,#1580,.T.);
#4985 = ORIENTED_EDGE('',*,*,#4986,.F.);
#4986 = EDGE_CURVE('',#4670,#1572,#4987,.T.);
#4987 = B_SPLINE_CURVE_WITH_KNOTS('',1,(#4988,#4989),.UNSPECIFIED.,.F.,
  .F.,(2,2),(-0.,1.E-03),.PIECEWISE_BEZIER_KNOTS.);
#4988 = CARTESIAN_POINT('',(-6.994753583437E-02,0.8005,0.223692702968));
#4989 = CARTESIAN_POINT('',(-6.994753583437E-02,0.7995,0.223692702968));
#4990 = ORIENTED_EDGE('',*,*,#4669,.F.);
#4991 = ORIENTED_EDGE('',*,*,#4970,.T.);
#4992 = B_SPLINE_SURFACE_WITH_KNOTS('',1,1,(
    (#4993,#4994)
    ,(#4995,#4996
    )),.UNSPECIFIED.,.F.,.F.,.F.,(2,2),(2,2),(0.,3.27159828365E-02),(
    -1.E-03,0.),.PIECEWISE_BEZIER_KNOTS.);
#4993 = CARTESIAN_POINT('',(-6.994753583437E-02,0.7995,0.223692702968));
#4994 = CARTESIAN_POINT('',(-6.994753583437E-02,0.8005,0.223692702968));
#4995 = CARTESIAN_POINT('',(-6.971550824397E-02,0.7995,0.190977542933));
#4996 = CARTESIAN_POINT('',(-6.971550824397E-02,0.8005,0.190977542933));
#4997 = ADVANCED_FACE('',(#4998),#5004,.F.);
#4998 = FACE_BOUND('',#4999,.F.);
#4999 = EDGE_LOOP('',(#5000,#5001,#5002,#5003));
#5000 = ORIENTED_EDGE('',*,*,#4986,.F.);
#5001 = ORIENTED_EDGE('',*,*,#4676,.T.);
#5002 = ORIENTED_EDGE('',*,*,#4761,.T.);
#5003 = ORIENTED_EDGE('',*,*,#1571,.F.);
#5004 = B_SPLINE_SURFACE_WITH_KNOTS('',3,1,(
    (#5005,#5006)
    ,(#5007,#5008)
    ,(#5009,#5010)
    ,(#5011,#5012
    )),.UNSPECIFIED.,.F.,.F.,.F.,(4,4),(2,2),(1.,2.),(0.,1.),
  .PIECEWISE_BEZIER_KNOTS.);
#5005 = CARTESIAN_POINT('',(-6.994753583437E-02,0.8005,0.223692702968));
#5006 = CARTESIAN_POINT('',(-6.994753583437E-02,0.7995,0.223692702968));
#5007 = CARTESIAN_POINT('',(-7.003890153739E-02,0.8005,0.236574979557));
#5008 = CARTESIAN_POINT('',(-7.003890153739E-02,0.7995,0.236574979557));
#5009 = CARTESIAN_POINT('',(-6.395250820012E-02,0.8005,0.243023216281));
#5010 = CARTESIAN_POINT('',(-6.395250820012E-02,0.7995,0.243023216281));
#5011 = CARTESIAN_POINT('',(-5.170706731914E-02,0.8005,0.243110065318));
#5012 = CARTESIAN_POINT('',(-5.170706731914E-02,0.7995,0.243110065318));
#5013 = ADVANCED_FACE('',(#5014),#5038,.T.);
#5014 = FACE_BOUND('',#5015,.T.);
#5015 = EDGE_LOOP('',(#5016,#5027,#5032,#5033));
#5016 = ORIENTED_EDGE('',*,*,#5017,.F.);
#5017 = EDGE_CURVE('',#5018,#5020,#5022,.T.);
#5018 = VERTEX_POINT('',#5019);
#5019 = CARTESIAN_POINT('',(-4.906964682711E-02,0.7995,0.215033805364));
#5020 = VERTEX_POINT('',#5021);
#5021 = CARTESIAN_POINT('',(-4.042287563556E-02,0.7995,0.21196538131));
#5022 = B_SPLINE_CURVE_WITH_KNOTS('',3,(#5023,#5024,#5025,#5026),
  .UNSPECIFIED.,.F.,.F.,(4,4),(0.,1.),.PIECEWISE_BEZIER_KNOTS.);
#5023 = CARTESIAN_POINT('',(-4.906964682711E-02,0.7995,0.215033805364));
#5024 = CARTESIAN_POINT('',(-4.489879224931E-02,0.7995,0.214481107475));
#5025 = CARTESIAN_POINT('',(-4.201670724877E-02,0.7995,0.213482559865));
#5026 = CARTESIAN_POINT('',(-4.042287563556E-02,0.7995,0.21196538131));
#5027 = ORIENTED_EDGE('',*,*,#5028,.F.);
#5028 = EDGE_CURVE('',#4697,#5018,#5029,.T.);
#5029 = B_SPLINE_CURVE_WITH_KNOTS('',1,(#5030,#5031),.UNSPECIFIED.,.F.,
  .F.,(2,2),(-0.,1.E-03),.PIECEWISE_BEZIER_KNOTS.);
#5030 = CARTESIAN_POINT('',(-4.906964682711E-02,0.8005,0.215033805364));
#5031 = CARTESIAN_POINT('',(-4.906964682711E-02,0.7995,0.215033805364));
#5032 = ORIENTED_EDGE('',*,*,#4696,.T.);
#5033 = ORIENTED_EDGE('',*,*,#5034,.T.);
#5034 = EDGE_CURVE('',#4686,#5020,#5035,.T.);
#5035 = B_SPLINE_CURVE_WITH_KNOTS('',1,(#5036,#5037),.UNSPECIFIED.,.F.,
  .F.,(2,2),(-0.,1.E-03),.PIECEWISE_BEZIER_KNOTS.);
#5036 = CARTESIAN_POINT('',(-4.042287563556E-02,0.8005,0.21196538131));
#5037 = CARTESIAN_POINT('',(-4.042287563556E-02,0.7995,0.21196538131));
#5038 = B_SPLINE_SURFACE_WITH_KNOTS('',3,1,(
    (#5039,#5040)
    ,(#5041,#5042)
    ,(#5043,#5044)
    ,(#5045,#5046
    )),.UNSPECIFIED.,.F.,.F.,.F.,(4,4),(2,2),(0.,1.),(0.,1.),
  .PIECEWISE_BEZIER_KNOTS.);
#5039 = CARTESIAN_POINT('',(-4.906964682711E-02,0.8005,0.215033805364));
#5040 = CARTESIAN_POINT('',(-4.906964682711E-02,0.7995,0.215033805364));
#5041 = CARTESIAN_POINT('',(-4.489879224931E-02,0.8005,0.214481107475));
#5042 = CARTESIAN_POINT('',(-4.489879224931E-02,0.7995,0.214481107475));
#5043 = CARTESIAN_POINT('',(-4.201670724877E-02,0.8005,0.213482559865));
#5044 = CARTESIAN_POINT('',(-4.201670724877E-02,0.7995,0.213482559865));
#5045 = CARTESIAN_POINT('',(-4.042287563556E-02,0.8005,0.21196538131));
#5046 = CARTESIAN_POINT('',(-4.042287563556E-02,0.7995,0.21196538131));
#5047 = ADVANCED_FACE('',(#5048),#5066,.T.);
#5048 = FACE_BOUND('',#5049,.T.);
#5049 = EDGE_LOOP('',(#5050,#5059,#5060,#5061));
#5050 = ORIENTED_EDGE('',*,*,#5051,.F.);
#5051 = EDGE_CURVE('',#5020,#5052,#5054,.T.);
#5052 = VERTEX_POINT('',#5053);
#5053 = CARTESIAN_POINT('',(-3.801180301507E-02,0.7995,0.205541019204));
#5054 = B_SPLINE_CURVE_WITH_KNOTS('',3,(#5055,#5056,#5057,#5058),
  .UNSPECIFIED.,.F.,.F.,(4,4),(1.,2.),.PIECEWISE_BEZIER_KNOTS.);
#5055 = CARTESIAN_POINT('',(-4.042287563556E-02,0.7995,0.21196538131));
#5056 = CARTESIAN_POINT('',(-3.884723932802E-02,0.7995,0.210448073707));
#5057 = CARTESIAN_POINT('',(-3.803141825075E-02,0.7995,0.208306705703));
#5058 = CARTESIAN_POINT('',(-3.801180301507E-02,0.7995,0.205541019204));
#5059 = ORIENTED_EDGE('',*,*,#5034,.F.);
#5060 = ORIENTED_EDGE('',*,*,#4685,.T.);
#5061 = ORIENTED_EDGE('',*,*,#5062,.T.);
#5062 = EDGE_CURVE('',#4688,#5052,#5063,.T.);
#5063 = B_SPLINE_CURVE_WITH_KNOTS('',1,(#5064,#5065),.UNSPECIFIED.,.F.,
  .F.,(2,2),(-0.,1.E-03),.PIECEWISE_BEZIER_KNOTS.);
#5064 = CARTESIAN_POINT('',(-3.801180301507E-02,0.8005,0.205541019204));
#5065 = CARTESIAN_POINT('',(-3.801180301507E-02,0.7995,0.205541019204));
#5066 = B_SPLINE_SURFACE_WITH_KNOTS('',3,1,(
    (#5067,#5068)
    ,(#5069,#5070)
    ,(#5071,#5072)
    ,(#5073,#5074
    )),.UNSPECIFIED.,.F.,.F.,.F.,(4,4),(2,2),(1.,2.),(0.,1.),
  .PIECEWISE_BEZIER_KNOTS.);
#5067 = CARTESIAN_POINT('',(-4.042287563556E-02,0.8005,0.21196538131));
#5068 = CARTESIAN_POINT('',(-4.042287563556E-02,0.7995,0.21196538131));
#5069 = CARTESIAN_POINT('',(-3.884723932802E-02,0.8005,0.210448073707));
#5070 = CARTESIAN_POINT('',(-3.884723932802E-02,0.7995,0.210448073707));
#5071 = CARTESIAN_POINT('',(-3.803141825075E-02,0.8005,0.208306705703));
#5072 = CARTESIAN_POINT('',(-3.803141825075E-02,0.7995,0.208306705703));
#5073 = CARTESIAN_POINT('',(-3.801180301507E-02,0.8005,0.205541019204));
#5074 = CARTESIAN_POINT('',(-3.801180301507E-02,0.7995,0.205541019204));
#5075 = ADVANCED_FACE('',(#5076),#5094,.T.);
#5076 = FACE_BOUND('',#5077,.T.);
#5077 = EDGE_LOOP('',(#5078,#5087,#5088,#5089));
#5078 = ORIENTED_EDGE('',*,*,#5079,.F.);
#5079 = EDGE_CURVE('',#5052,#5080,#5082,.T.);
#5080 = VERTEX_POINT('',#5081);
#5081 = CARTESIAN_POINT('',(-4.055346693642E-02,0.7995,0.199591024716));
#5082 = B_SPLINE_CURVE_WITH_KNOTS('',3,(#5083,#5084,#5085,#5086),
  .UNSPECIFIED.,.F.,.F.,(4,4),(2.,3.),.PIECEWISE_BEZIER_KNOTS.);
#5083 = CARTESIAN_POINT('',(-3.801180301507E-02,0.7995,0.205541019204));
#5084 = CARTESIAN_POINT('',(-3.799451063626E-02,0.7995,0.203102848212));
#5085 = CARTESIAN_POINT('',(-3.883575287315E-02,0.7995,0.201131689935));
#5086 = CARTESIAN_POINT('',(-4.055346693642E-02,0.7995,0.199591024716));
#5087 = ORIENTED_EDGE('',*,*,#5062,.F.);
#5088 = ORIENTED_EDGE('',*,*,#4746,.T.);
#5089 = ORIENTED_EDGE('',*,*,#5090,.T.);
#5090 = EDGE_CURVE('',#4738,#5080,#5091,.T.);
#5091 = B_SPLINE_CURVE_WITH_KNOTS('',1,(#5092,#5093),.UNSPECIFIED.,.F.,
  .F.,(2,2),(-0.,1.E-03),.PIECEWISE_BEZIER_KNOTS.);
#5092 = CARTESIAN_POINT('',(-4.055346693642E-02,0.8005,0.199591024716));
#5093 = CARTESIAN_POINT('',(-4.055346693642E-02,0.7995,0.199591024716));
#5094 = B_SPLINE_SURFACE_WITH_KNOTS('',3,1,(
    (#5095,#5096)
    ,(#5097,#5098)
    ,(#5099,#5100)
    ,(#5101,#5102
    )),.UNSPECIFIED.,.F.,.F.,.F.,(4,4),(2,2),(2.,3.),(0.,1.),
  .PIECEWISE_BEZIER_KNOTS.);
#5095 = CARTESIAN_POINT('',(-3.801180301507E-02,0.8005,0.205541019204));
#5096 = CARTESIAN_POINT('',(-3.801180301507E-02,0.7995,0.205541019204));
#5097 = CARTESIAN_POINT('',(-3.799451063626E-02,0.8005,0.203102848212));
#5098 = CARTESIAN_POINT('',(-3.799451063626E-02,0.7995,0.203102848212));
#5099 = CARTESIAN_POINT('',(-3.883575287315E-02,0.8005,0.201131689935));
#5100 = CARTESIAN_POINT('',(-3.883575287315E-02,0.7995,0.201131689935));
#5101 = CARTESIAN_POINT('',(-4.055346693642E-02,0.8005,0.199591024716));
#5102 = CARTESIAN_POINT('',(-4.055346693642E-02,0.7995,0.199591024716));
#5103 = ADVANCED_FACE('',(#5104),#5122,.T.);
#5104 = FACE_BOUND('',#5105,.T.);
#5105 = EDGE_LOOP('',(#5106,#5115,#5116,#5117));
#5106 = ORIENTED_EDGE('',*,*,#5107,.F.);
#5107 = EDGE_CURVE('',#5080,#5108,#5110,.T.);
#5108 = VERTEX_POINT('',#5109);
#5109 = CARTESIAN_POINT('',(-4.734225135083E-02,0.7995,0.197250152367));
#5110 = B_SPLINE_CURVE_WITH_KNOTS('',3,(#5111,#5112,#5113,#5114),
  .UNSPECIFIED.,.F.,.F.,(4,4),(3.,4.),.PIECEWISE_BEZIER_KNOTS.);
#5111 = CARTESIAN_POINT('',(-4.055346693642E-02,0.7995,0.199591024716));
#5112 = CARTESIAN_POINT('',(-4.225298569381E-02,0.7995,0.198050488545));
#5113 = CARTESIAN_POINT('',(-4.452197893375E-02,0.7995,0.197270154746));
#5114 = CARTESIAN_POINT('',(-4.734225135083E-02,0.7995,0.197250152367));
#5115 = ORIENTED_EDGE('',*,*,#5090,.F.);
#5116 = ORIENTED_EDGE('',*,*,#4737,.T.);
#5117 = ORIENTED_EDGE('',*,*,#5118,.T.);
#5118 = EDGE_CURVE('',#4729,#5108,#5119,.T.);
#5119 = B_SPLINE_CURVE_WITH_KNOTS('',1,(#5120,#5121),.UNSPECIFIED.,.F.,
  .F.,(2,2),(-0.,1.E-03),.PIECEWISE_BEZIER_KNOTS.);
#5120 = CARTESIAN_POINT('',(-4.734225135083E-02,0.8005,0.197250152367));
#5121 = CARTESIAN_POINT('',(-4.734225135083E-02,0.7995,0.197250152367));
#5122 = B_SPLINE_SURFACE_WITH_KNOTS('',3,1,(
    (#5123,#5124)
    ,(#5125,#5126)
    ,(#5127,#5128)
    ,(#5129,#5130
    )),.UNSPECIFIED.,.F.,.F.,.F.,(4,4),(2,2),(3.,4.),(0.,1.),
  .PIECEWISE_BEZIER_KNOTS.);
#5123 = CARTESIAN_POINT('',(-4.055346693642E-02,0.8005,0.199591024716));
#5124 = CARTESIAN_POINT('',(-4.055346693642E-02,0.7995,0.199591024716));
#5125 = CARTESIAN_POINT('',(-4.225298569381E-02,0.8005,0.198050488545));
#5126 = CARTESIAN_POINT('',(-4.225298569381E-02,0.7995,0.198050488545));
#5127 = CARTESIAN_POINT('',(-4.452197893375E-02,0.8005,0.197270154746));
#5128 = CARTESIAN_POINT('',(-4.452197893375E-02,0.7995,0.197270154746));
#5129 = CARTESIAN_POINT('',(-4.734225135083E-02,0.8005,0.197250152367));
#5130 = CARTESIAN_POINT('',(-4.734225135083E-02,0.7995,0.197250152367));
#5131 = ADVANCED_FACE('',(#5132),#5150,.T.);
#5132 = FACE_BOUND('',#5133,.T.);
#5133 = EDGE_LOOP('',(#5134,#5143,#5144,#5145));
#5134 = ORIENTED_EDGE('',*,*,#5135,.F.);
#5135 = EDGE_CURVE('',#5108,#5136,#5138,.T.);
#5136 = VERTEX_POINT('',#5137);
#5137 = CARTESIAN_POINT('',(-5.705157695126E-02,0.7995,0.201330028791));
#5138 = B_SPLINE_CURVE_WITH_KNOTS('',3,(#5139,#5140,#5141,#5142),
  .UNSPECIFIED.,.F.,.F.,(4,4),(4.,5.),.PIECEWISE_BEZIER_KNOTS.);
#5139 = CARTESIAN_POINT('',(-4.734225135083E-02,0.7995,0.197250152367));
#5140 = CARTESIAN_POINT('',(-5.125424212256E-02,0.7995,0.197222407133));
#5141 = CARTESIAN_POINT('',(-5.45028141933E-02,0.7995,0.198582279909));
#5142 = CARTESIAN_POINT('',(-5.705157695126E-02,0.7995,0.201330028791));
#5143 = ORIENTED_EDGE('',*,*,#5118,.F.);
#5144 = ORIENTED_EDGE('',*,*,#4728,.T.);
#5145 = ORIENTED_EDGE('',*,*,#5146,.T.);
#5146 = EDGE_CURVE('',#4720,#5136,#5147,.T.);
#5147 = B_SPLINE_CURVE_WITH_KNOTS('',1,(#5148,#5149),.UNSPECIFIED.,.F.,
  .F.,(2,2),(-0.,1.E-03),.PIECEWISE_BEZIER_KNOTS.);
#5148 = CARTESIAN_POINT('',(-5.705157695126E-02,0.8005,0.201330028791));
#5149 = CARTESIAN_POINT('',(-5.705157695126E-02,0.7995,0.201330028791));
#5150 = B_SPLINE_SURFACE_WITH_KNOTS('',3,1,(
    (#5151,#5152)
    ,(#5153,#5154)
    ,(#5155,#5156)
    ,(#5157,#5158
    )),.UNSPECIFIED.,.F.,.F.,.F.,(4,4),(2,2),(4.,5.),(0.,1.),
  .PIECEWISE_BEZIER_KNOTS.);
#5151 = CARTESIAN_POINT('',(-4.734225135083E-02,0.8005,0.197250152367));
#5152 = CARTESIAN_POINT('',(-4.734225135083E-02,0.7995,0.197250152367));
#5153 = CARTESIAN_POINT('',(-5.125424212256E-02,0.8005,0.197222407133));
#5154 = CARTESIAN_POINT('',(-5.125424212256E-02,0.7995,0.197222407133));
#5155 = CARTESIAN_POINT('',(-5.45028141933E-02,0.8005,0.198582279909));
#5156 = CARTESIAN_POINT('',(-5.45028141933E-02,0.7995,0.198582279909));
#5157 = CARTESIAN_POINT('',(-5.705157695126E-02,0.8005,0.201330028791));
#5158 = CARTESIAN_POINT('',(-5.705157695126E-02,0.7995,0.201330028791));
#5159 = ADVANCED_FACE('',(#5160),#5178,.T.);
#5160 = FACE_BOUND('',#5161,.T.);
#5161 = EDGE_LOOP('',(#5162,#5171,#5172,#5173));
#5162 = ORIENTED_EDGE('',*,*,#5163,.F.);
#5163 = EDGE_CURVE('',#5136,#5164,#5166,.T.);
#5164 = VERTEX_POINT('',#5165);
#5165 = CARTESIAN_POINT('',(-6.094614832729E-02,0.7995,0.211674253166));
#5166 = B_SPLINE_CURVE_WITH_KNOTS('',3,(#5167,#5168,#5169,#5170),
  .UNSPECIFIED.,.F.,.F.,(4,4),(5.,6.),.PIECEWISE_BEZIER_KNOTS.);
#5167 = CARTESIAN_POINT('',(-5.705157695126E-02,0.7995,0.201330028791));
#5168 = CARTESIAN_POINT('',(-5.96182769199E-02,0.7995,0.204041258014));
#5169 = CARTESIAN_POINT('',(-6.091646737858E-02,0.7995,0.207489332806));
#5170 = CARTESIAN_POINT('',(-6.094614832729E-02,0.7995,0.211674253166));
#5171 = ORIENTED_EDGE('',*,*,#5146,.F.);
#5172 = ORIENTED_EDGE('',*,*,#4719,.T.);
#5173 = ORIENTED_EDGE('',*,*,#5174,.T.);
#5174 = EDGE_CURVE('',#4713,#5164,#5175,.T.);
#5175 = B_SPLINE_CURVE_WITH_KNOTS('',1,(#5176,#5177),.UNSPECIFIED.,.F.,
  .F.,(2,2),(-0.,1.E-03),.PIECEWISE_BEZIER_KNOTS.);
#5176 = CARTESIAN_POINT('',(-6.094614832729E-02,0.8005,0.211674253166));
#5177 = CARTESIAN_POINT('',(-6.094614832729E-02,0.7995,0.211674253166));
#5178 = B_SPLINE_SURFACE_WITH_KNOTS('',3,1,(
    (#5179,#5180)
    ,(#5181,#5182)
    ,(#5183,#5184)
    ,(#5185,#5186
    )),.UNSPECIFIED.,.F.,.F.,.F.,(4,4),(2,2),(5.,6.),(0.,1.),
  .PIECEWISE_BEZIER_KNOTS.);
#5179 = CARTESIAN_POINT('',(-5.705157695126E-02,0.8005,0.201330028791));
#5180 = CARTESIAN_POINT('',(-5.705157695126E-02,0.7995,0.201330028791));
#5181 = CARTESIAN_POINT('',(-5.96182769199E-02,0.8005,0.204041258014));
#5182 = CARTESIAN_POINT('',(-5.96182769199E-02,0.7995,0.204041258014));
#5183 = CARTESIAN_POINT('',(-6.091646737858E-02,0.8005,0.207489332806));
#5184 = CARTESIAN_POINT('',(-6.091646737858E-02,0.7995,0.207489332806));
#5185 = CARTESIAN_POINT('',(-6.094614832729E-02,0.8005,0.211674253166));
#5186 = CARTESIAN_POINT('',(-6.094614832729E-02,0.7995,0.211674253166));
#5187 = ADVANCED_FACE('',(#5188),#5204,.T.);
#5188 = FACE_BOUND('',#5189,.T.);
#5189 = EDGE_LOOP('',(#5190,#5197,#5198,#5199));
#5190 = ORIENTED_EDGE('',*,*,#5191,.F.);
#5191 = EDGE_CURVE('',#5164,#5192,#5194,.T.);
#5192 = VERTEX_POINT('',#5193);
#5193 = CARTESIAN_POINT('',(-6.098073308493E-02,0.7995,0.216550595152));
#5194 = B_SPLINE_CURVE_WITH_KNOTS('',1,(#5195,#5196),.UNSPECIFIED.,.F.,
  .F.,(2,2),(-2.775487756806E-17,4.876464627789E-03),
  .PIECEWISE_BEZIER_KNOTS.);
#5195 = CARTESIAN_POINT('',(-6.094614832729E-02,0.7995,0.211674253166));
#5196 = CARTESIAN_POINT('',(-6.098073308493E-02,0.7995,0.216550595152));
#5197 = ORIENTED_EDGE('',*,*,#5174,.F.);
#5198 = ORIENTED_EDGE('',*,*,#4712,.T.);
#5199 = ORIENTED_EDGE('',*,*,#5200,.T.);
#5200 = EDGE_CURVE('',#4706,#5192,#5201,.T.);
#5201 = B_SPLINE_CURVE_WITH_KNOTS('',1,(#5202,#5203),.UNSPECIFIED.,.F.,
  .F.,(2,2),(-1.110223024625E-16,1.E-03),.PIECEWISE_BEZIER_KNOTS.);
#5202 = CARTESIAN_POINT('',(-6.098073308493E-02,0.8005,0.216550595152));
#5203 = CARTESIAN_POINT('',(-6.098073308493E-02,0.7995,0.216550595152));
#5204 = B_SPLINE_SURFACE_WITH_KNOTS('',1,1,(
    (#5205,#5206)
    ,(#5207,#5208
    )),.UNSPECIFIED.,.F.,.F.,.F.,(2,2),(2,2),(-4.876464627789E-03,
    2.775487756806E-17),(-1.E-03,1.110223024625E-16),
  .PIECEWISE_BEZIER_KNOTS.);
#5205 = CARTESIAN_POINT('',(-6.098073308493E-02,0.7995,0.216550595152));
#5206 = CARTESIAN_POINT('',(-6.098073308493E-02,0.8005,0.216550595152));
#5207 = CARTESIAN_POINT('',(-6.094614832729E-02,0.7995,0.211674253166));
#5208 = CARTESIAN_POINT('',(-6.094614832729E-02,0.8005,0.211674253166));
#5209 = ADVANCED_FACE('',(#5210),#5220,.T.);
#5210 = FACE_BOUND('',#5211,.T.);
#5211 = EDGE_LOOP('',(#5212,#5217,#5218,#5219));
#5212 = ORIENTED_EDGE('',*,*,#5213,.F.);
#5213 = EDGE_CURVE('',#5192,#5018,#5214,.T.);
#5214 = B_SPLINE_CURVE_WITH_KNOTS('',1,(#5215,#5216),.UNSPECIFIED.,.F.,
  .F.,(2,2),(0.,1.200727392471E-02),.PIECEWISE_BEZIER_KNOTS.);
#5215 = CARTESIAN_POINT('',(-6.098073308493E-02,0.7995,0.216550595152));
#5216 = CARTESIAN_POINT('',(-4.906964682711E-02,0.7995,0.215033805364));
#5217 = ORIENTED_EDGE('',*,*,#5200,.F.);
#5218 = ORIENTED_EDGE('',*,*,#4705,.T.);
#5219 = ORIENTED_EDGE('',*,*,#5028,.T.);
#5220 = B_SPLINE_SURFACE_WITH_KNOTS('',1,1,(
    (#5221,#5222)
    ,(#5223,#5224
    )),.UNSPECIFIED.,.F.,.F.,.F.,(2,2),(2,2),(-1.200727392471E-02,0.),(
    -1.E-03,1.110223024625E-16),.PIECEWISE_BEZIER_KNOTS.);
#5221 = CARTESIAN_POINT('',(-4.906964682711E-02,0.7995,0.215033805364));
#5222 = CARTESIAN_POINT('',(-4.906964682711E-02,0.8005,0.215033805364));
#5223 = CARTESIAN_POINT('',(-6.098073308493E-02,0.7995,0.216550595152));
#5224 = CARTESIAN_POINT('',(-6.098073308493E-02,0.8005,0.216550595152));
#5225 = ADVANCED_FACE('',(#5226),#5236,.T.);
#5226 = FACE_BOUND('',#5227,.T.);
#5227 = EDGE_LOOP('',(#5228,#5229,#5230,#5231,#5232,#5233,#5234,#5235));
#5228 = ORIENTED_EDGE('',*,*,#5017,.T.);
#5229 = ORIENTED_EDGE('',*,*,#5051,.T.);
#5230 = ORIENTED_EDGE('',*,*,#5079,.T.);
#5231 = ORIENTED_EDGE('',*,*,#5107,.T.);
#5232 = ORIENTED_EDGE('',*,*,#5135,.T.);
#5233 = ORIENTED_EDGE('',*,*,#5163,.T.);
#5234 = ORIENTED_EDGE('',*,*,#5191,.T.);
#5235 = ORIENTED_EDGE('',*,*,#5213,.T.);
#5236 = B_SPLINE_SURFACE_WITH_KNOTS('',1,1,(
    (#5237,#5238)
    ,(#5239,#5240
    )),.UNSPECIFIED.,.F.,.F.,.F.,(2,2),(2,2),(0.197222307133,
    0.216550495152),(-6.098073308493E-02,-3.799451063626E-02),
  .PIECEWISE_BEZIER_KNOTS.);
#5237 = CARTESIAN_POINT('',(-6.098073308493E-02,0.7995,0.197222407133));
#5238 = CARTESIAN_POINT('',(-3.799451063626E-02,0.7995,0.197222407133));
#5239 = CARTESIAN_POINT('',(-6.098073308493E-02,0.7995,0.216550595152));
#5240 = CARTESIAN_POINT('',(-3.799451063626E-02,0.7995,0.216550595152));
#5241 = ADVANCED_FACE('',(#5242),#5266,.F.);
#5242 = FACE_BOUND('',#5243,.F.);
#5243 = EDGE_LOOP('',(#5244,#5251,#5260,#5265));
#5244 = ORIENTED_EDGE('',*,*,#5245,.F.);
#5245 = EDGE_CURVE('',#5246,#1376,#5248,.T.);
#5246 = VERTEX_POINT('',#5247);
#5247 = CARTESIAN_POINT('',(-9.650570983924E-02,0.8005,0.196865075132));
#5248 = B_SPLINE_CURVE_WITH_KNOTS('',1,(#5249,#5250),.UNSPECIFIED.,.F.,
  .F.,(2,2),(-0.,1.E-03),.PIECEWISE_BEZIER_KNOTS.);
#5249 = CARTESIAN_POINT('',(-9.650570983924E-02,0.8005,0.196865075132));
#5250 = CARTESIAN_POINT('',(-9.650570983924E-02,0.7995,0.196865075132));
#5251 = ORIENTED_EDGE('',*,*,#5252,.T.);
#5252 = EDGE_CURVE('',#5246,#5253,#5255,.T.);
#5253 = VERTEX_POINT('',#5254);
#5254 = CARTESIAN_POINT('',(-8.187513612418E-02,0.8005,0.201881820097));
#5255 = B_SPLINE_CURVE_WITH_KNOTS('',3,(#5256,#5257,#5258,#5259),
  .UNSPECIFIED.,.F.,.F.,(4,4),(0.,1.),.PIECEWISE_BEZIER_KNOTS.);
#5256 = CARTESIAN_POINT('',(-9.650570983924E-02,0.8005,0.196865075132));
#5257 = CARTESIAN_POINT('',(-9.126546173549E-02,0.8005,0.196902240841));
#5258 = CARTESIAN_POINT('',(-8.64007340344E-02,0.8005,0.198574403132));
#5259 = CARTESIAN_POINT('',(-8.187513612418E-02,0.8005,0.201881820097));
#5260 = ORIENTED_EDGE('',*,*,#5261,.T.);
#5261 = EDGE_CURVE('',#5253,#1367,#5262,.T.);
#5262 = B_SPLINE_CURVE_WITH_KNOTS('',1,(#5263,#5264),.UNSPECIFIED.,.F.,
  .F.,(2,2),(-0.,1.E-03),.PIECEWISE_BEZIER_KNOTS.);
#5263 = CARTESIAN_POINT('',(-8.187513612418E-02,0.8005,0.201881820097));
#5264 = CARTESIAN_POINT('',(-8.187513612418E-02,0.7995,0.201881820097));
#5265 = ORIENTED_EDGE('',*,*,#1375,.F.);
#5266 = B_SPLINE_SURFACE_WITH_KNOTS('',3,1,(
    (#5267,#5268)
    ,(#5269,#5270)
    ,(#5271,#5272)
    ,(#5273,#5274
    )),.UNSPECIFIED.,.F.,.F.,.F.,(4,4),(2,2),(0.,1.),(0.,1.),
  .PIECEWISE_BEZIER_KNOTS.);
#5267 = CARTESIAN_POINT('',(-9.650570983924E-02,0.8005,0.196865075132));
#5268 = CARTESIAN_POINT('',(-9.650570983924E-02,0.7995,0.196865075132));
#5269 = CARTESIAN_POINT('',(-9.126546173549E-02,0.8005,0.196902240841));
#5270 = CARTESIAN_POINT('',(-9.126546173549E-02,0.7995,0.196902240841));
#5271 = CARTESIAN_POINT('',(-8.64007340344E-02,0.8005,0.198574403132));
#5272 = CARTESIAN_POINT('',(-8.64007340344E-02,0.7995,0.198574403132));
#5273 = CARTESIAN_POINT('',(-8.187513612418E-02,0.8005,0.201881820097));
#5274 = CARTESIAN_POINT('',(-8.187513612418E-02,0.7995,0.201881820097));
#5275 = ADVANCED_FACE('',(#5276),#5292,.F.);
#5276 = FACE_BOUND('',#5277,.T.);
#5277 = EDGE_LOOP('',(#5278,#5279,#5286,#5291));
#5278 = ORIENTED_EDGE('',*,*,#1366,.T.);
#5279 = ORIENTED_EDGE('',*,*,#5280,.F.);
#5280 = EDGE_CURVE('',#5281,#1369,#5283,.T.);
#5281 = VERTEX_POINT('',#5282);
#5282 = CARTESIAN_POINT('',(-8.180983803701E-02,0.8005,0.192674995304));
#5283 = B_SPLINE_CURVE_WITH_KNOTS('',1,(#5284,#5285),.UNSPECIFIED.,.F.,
  .F.,(2,2),(-0.,1.E-03),.PIECEWISE_BEZIER_KNOTS.);
#5284 = CARTESIAN_POINT('',(-8.180983803701E-02,0.8005,0.192674995304));
#5285 = CARTESIAN_POINT('',(-8.180983803701E-02,0.7995,0.192674995304));
#5286 = ORIENTED_EDGE('',*,*,#5287,.F.);
#5287 = EDGE_CURVE('',#5253,#5281,#5288,.T.);
#5288 = B_SPLINE_CURVE_WITH_KNOTS('',1,(#5289,#5290),.UNSPECIFIED.,.F.,
  .F.,(2,2),(-9.207056348681E-03,0.),.PIECEWISE_BEZIER_KNOTS.);
#5289 = CARTESIAN_POINT('',(-8.187513612418E-02,0.8005,0.201881820097));
#5290 = CARTESIAN_POINT('',(-8.180983803701E-02,0.8005,0.192674995304));
#5291 = ORIENTED_EDGE('',*,*,#5261,.T.);
#5292 = B_SPLINE_SURFACE_WITH_KNOTS('',1,1,(
    (#5293,#5294)
    ,(#5295,#5296
    )),.UNSPECIFIED.,.F.,.F.,.F.,(2,2),(2,2),(0.,9.207056348681E-03),(
    -1.E-03,0.),.PIECEWISE_BEZIER_KNOTS.);
#5293 = CARTESIAN_POINT('',(-8.180983803701E-02,0.7995,0.192674995304));
#5294 = CARTESIAN_POINT('',(-8.180983803701E-02,0.8005,0.192674995304));
#5295 = CARTESIAN_POINT('',(-8.187513612418E-02,0.7995,0.201881820097));
#5296 = CARTESIAN_POINT('',(-8.187513612418E-02,0.8005,0.201881820097));
#5297 = ADVANCED_FACE('',(#5298),#5316,.F.);
#5298 = FACE_BOUND('',#5299,.F.);
#5299 = EDGE_LOOP('',(#5300,#5301,#5310,#5315));
#5300 = ORIENTED_EDGE('',*,*,#5280,.F.);
#5301 = ORIENTED_EDGE('',*,*,#5302,.T.);
#5302 = EDGE_CURVE('',#5281,#5303,#5305,.T.);
#5303 = VERTEX_POINT('',#5304);
#5304 = CARTESIAN_POINT('',(-9.558071611408E-02,0.8005,0.189593147051));
#5305 = B_SPLINE_CURVE_WITH_KNOTS('',3,(#5306,#5307,#5308,#5309),
  .UNSPECIFIED.,.F.,.F.,(4,4),(19.,20.),.PIECEWISE_BEZIER_KNOTS.);
#5306 = CARTESIAN_POINT('',(-8.180983803701E-02,0.8005,0.192674995304));
#5307 = CARTESIAN_POINT('',(-8.57260869735E-02,0.8005,0.190682027983));
#5308 = CARTESIAN_POINT('',(-9.030407739854E-02,0.8005,0.189630570855));
#5309 = CARTESIAN_POINT('',(-9.558071611408E-02,0.8005,0.189593147051));
#5310 = ORIENTED_EDGE('',*,*,#5311,.T.);
#5311 = EDGE_CURVE('',#5303,#1536,#5312,.T.);
#5312 = B_SPLINE_CURVE_WITH_KNOTS('',1,(#5313,#5314),.UNSPECIFIED.,.F.,
  .F.,(2,2),(-0.,1.E-03),.PIECEWISE_BEZIER_KNOTS.);
#5313 = CARTESIAN_POINT('',(-9.558071611408E-02,0.8005,0.189593147051));
#5314 = CARTESIAN_POINT('',(-9.558071611408E-02,0.7995,0.189593147051));
#5315 = ORIENTED_EDGE('',*,*,#1544,.F.);
#5316 = B_SPLINE_SURFACE_WITH_KNOTS('',3,1,(
    (#5317,#5318)
    ,(#5319,#5320)
    ,(#5321,#5322)
    ,(#5323,#5324
    )),.UNSPECIFIED.,.F.,.F.,.F.,(4,4),(2,2),(19.,20.),(0.,1.),
  .PIECEWISE_BEZIER_KNOTS.);
#5317 = CARTESIAN_POINT('',(-8.180983803701E-02,0.8005,0.192674995304));
#5318 = CARTESIAN_POINT('',(-8.180983803701E-02,0.7995,0.192674995304));
#5319 = CARTESIAN_POINT('',(-8.57260869735E-02,0.8005,0.190682027983));
#5320 = CARTESIAN_POINT('',(-8.57260869735E-02,0.7995,0.190682027983));
#5321 = CARTESIAN_POINT('',(-9.030407739854E-02,0.8005,0.189630570855));
#5322 = CARTESIAN_POINT('',(-9.030407739854E-02,0.7995,0.189630570855));
#5323 = CARTESIAN_POINT('',(-9.558071611408E-02,0.8005,0.189593147051));
#5324 = CARTESIAN_POINT('',(-9.558071611408E-02,0.7995,0.189593147051));
#5325 = ADVANCED_FACE('',(#5326),#5344,.F.);
#5326 = FACE_BOUND('',#5327,.F.);
#5327 = EDGE_LOOP('',(#5328,#5329,#5338,#5343));
#5328 = ORIENTED_EDGE('',*,*,#5311,.F.);
#5329 = ORIENTED_EDGE('',*,*,#5330,.T.);
#5330 = EDGE_CURVE('',#5303,#5331,#5333,.T.);
#5331 = VERTEX_POINT('',#5332);
#5332 = CARTESIAN_POINT('',(-0.110420343697,0.8005,0.193527460215));
#5333 = B_SPLINE_CURVE_WITH_KNOTS('',3,(#5334,#5335,#5336,#5337),
  .UNSPECIFIED.,.F.,.F.,(4,4),(18.,19.),.PIECEWISE_BEZIER_KNOTS.);
#5334 = CARTESIAN_POINT('',(-9.558071611408E-02,0.8005,0.189593147051));
#5335 = CARTESIAN_POINT('',(-0.101639752984,0.8005,0.189550174199));
#5336 = CARTESIAN_POINT('',(-0.106598425715,0.8005,0.190861525888));
#5337 = CARTESIAN_POINT('',(-0.110420343697,0.8005,0.193527460215));
#5338 = ORIENTED_EDGE('',*,*,#5339,.T.);
#5339 = EDGE_CURVE('',#5331,#1527,#5340,.T.);
#5340 = B_SPLINE_CURVE_WITH_KNOTS('',1,(#5341,#5342),.UNSPECIFIED.,.F.,
  .F.,(2,2),(-0.,1.E-03),.PIECEWISE_BEZIER_KNOTS.);
#5341 = CARTESIAN_POINT('',(-0.110420343697,0.8005,0.193527460215));
#5342 = CARTESIAN_POINT('',(-0.110420343697,0.7995,0.193527460215));
#5343 = ORIENTED_EDGE('',*,*,#1535,.F.);
#5344 = B_SPLINE_SURFACE_WITH_KNOTS('',3,1,(
    (#5345,#5346)
    ,(#5347,#5348)
    ,(#5349,#5350)
    ,(#5351,#5352
    )),.UNSPECIFIED.,.F.,.F.,.F.,(4,4),(2,2),(18.,19.),(0.,1.),
  .PIECEWISE_BEZIER_KNOTS.);
#5345 = CARTESIAN_POINT('',(-9.558071611408E-02,0.8005,0.189593147051));
#5346 = CARTESIAN_POINT('',(-9.558071611408E-02,0.7995,0.189593147051));
#5347 = CARTESIAN_POINT('',(-0.101639752984,0.8005,0.189550174199));
#5348 = CARTESIAN_POINT('',(-0.101639752984,0.7995,0.189550174199));
#5349 = CARTESIAN_POINT('',(-0.106598425715,0.8005,0.190861525888));
#5350 = CARTESIAN_POINT('',(-0.106598425715,0.7995,0.190861525888));
#5351 = CARTESIAN_POINT('',(-0.110420343697,0.8005,0.193527460215));
#5352 = CARTESIAN_POINT('',(-0.110420343697,0.7995,0.193527460215));
#5353 = ADVANCED_FACE('',(#5354),#5372,.F.);
#5354 = FACE_BOUND('',#5355,.F.);
#5355 = EDGE_LOOP('',(#5356,#5357,#5366,#5371));
#5356 = ORIENTED_EDGE('',*,*,#5339,.F.);
#5357 = ORIENTED_EDGE('',*,*,#5358,.T.);
#5358 = EDGE_CURVE('',#5331,#5359,#5361,.T.);
#5359 = VERTEX_POINT('',#5360);
#5360 = CARTESIAN_POINT('',(-0.116229809813,0.8005,0.204476774993));
#5361 = B_SPLINE_CURVE_WITH_KNOTS('',3,(#5362,#5363,#5364,#5365),
  .UNSPECIFIED.,.F.,.F.,(4,4),(17.,18.),.PIECEWISE_BEZIER_KNOTS.);
#5362 = CARTESIAN_POINT('',(-0.110420343697,0.8005,0.193527460215));
#5363 = CARTESIAN_POINT('',(-0.114260198889,0.8005,0.196156874882));
#5364 = CARTESIAN_POINT('',(-0.116196773626,0.8005,0.199818776678));
#5365 = CARTESIAN_POINT('',(-0.116229809813,0.8005,0.204476774993));
#5366 = ORIENTED_EDGE('',*,*,#5367,.T.);
#5367 = EDGE_CURVE('',#5359,#1518,#5368,.T.);
#5368 = B_SPLINE_CURVE_WITH_KNOTS('',1,(#5369,#5370),.UNSPECIFIED.,.F.,
  .F.,(2,2),(-0.,1.E-03),.PIECEWISE_BEZIER_KNOTS.);
#5369 = CARTESIAN_POINT('',(-0.116229809813,0.8005,0.204476774993));
#5370 = CARTESIAN_POINT('',(-0.116229809813,0.7995,0.204476774993));
#5371 = ORIENTED_EDGE('',*,*,#1526,.F.);
#5372 = B_SPLINE_SURFACE_WITH_KNOTS('',3,1,(
    (#5373,#5374)
    ,(#5375,#5376)
    ,(#5377,#5378)
    ,(#5379,#5380
    )),.UNSPECIFIED.,.F.,.F.,.F.,(4,4),(2,2),(17.,18.),(0.,1.),
  .PIECEWISE_BEZIER_KNOTS.);
#5373 = CARTESIAN_POINT('',(-0.110420343697,0.8005,0.193527460215));
#5374 = CARTESIAN_POINT('',(-0.110420343697,0.7995,0.193527460215));
#5375 = CARTESIAN_POINT('',(-0.114260198889,0.8005,0.196156874882));
#5376 = CARTESIAN_POINT('',(-0.114260198889,0.7995,0.196156874882));
#5377 = CARTESIAN_POINT('',(-0.116196773626,0.8005,0.199818776678));
#5378 = CARTESIAN_POINT('',(-0.116196773626,0.7995,0.199818776678));
#5379 = CARTESIAN_POINT('',(-0.116229809813,0.8005,0.204476774993));
#5380 = CARTESIAN_POINT('',(-0.116229809813,0.7995,0.204476774993));
#5381 = ADVANCED_FACE('',(#5382),#5400,.F.);
#5382 = FACE_BOUND('',#5383,.F.);
#5383 = EDGE_LOOP('',(#5384,#5385,#5394,#5399));
#5384 = ORIENTED_EDGE('',*,*,#5367,.F.);
#5385 = ORIENTED_EDGE('',*,*,#5386,.T.);
#5386 = EDGE_CURVE('',#5359,#5387,#5389,.T.);
#5387 = VERTEX_POINT('',#5388);
#5388 = CARTESIAN_POINT('',(-0.113305399635,0.8005,0.212904170133));
#5389 = B_SPLINE_CURVE_WITH_KNOTS('',3,(#5390,#5391,#5392,#5393),
  .UNSPECIFIED.,.F.,.F.,(4,4),(16.,17.),.PIECEWISE_BEZIER_KNOTS.);
#5390 = CARTESIAN_POINT('',(-0.116229809813,0.8005,0.204476774993));
#5391 = CARTESIAN_POINT('',(-0.116253554572,0.8005,0.207824711281));
#5392 = CARTESIAN_POINT('',(-0.115272686077,0.8005,0.210633886011));
#5393 = CARTESIAN_POINT('',(-0.113305399635,0.8005,0.212904170133));
#5394 = ORIENTED_EDGE('',*,*,#5395,.T.);
#5395 = EDGE_CURVE('',#5387,#1509,#5396,.T.);
#5396 = B_SPLINE_CURVE_WITH_KNOTS('',1,(#5397,#5398),.UNSPECIFIED.,.F.,
  .F.,(2,2),(-0.,1.E-03),.PIECEWISE_BEZIER_KNOTS.);
#5397 = CARTESIAN_POINT('',(-0.113305399635,0.8005,0.212904170133));
#5398 = CARTESIAN_POINT('',(-0.113305399635,0.7995,0.212904170133));
#5399 = ORIENTED_EDGE('',*,*,#1517,.F.);
#5400 = B_SPLINE_SURFACE_WITH_KNOTS('',3,1,(
    (#5401,#5402)
    ,(#5403,#5404)
    ,(#5405,#5406)
    ,(#5407,#5408
    )),.UNSPECIFIED.,.F.,.F.,.F.,(4,4),(2,2),(16.,17.),(0.,1.),
  .PIECEWISE_BEZIER_KNOTS.);
#5401 = CARTESIAN_POINT('',(-0.116229809813,0.8005,0.204476774993));
#5402 = CARTESIAN_POINT('',(-0.116229809813,0.7995,0.204476774993));
#5403 = CARTESIAN_POINT('',(-0.116253554572,0.8005,0.207824711281));
#5404 = CARTESIAN_POINT('',(-0.116253554572,0.7995,0.207824711281));
#5405 = CARTESIAN_POINT('',(-0.115272686077,0.8005,0.210633886011));
#5406 = CARTESIAN_POINT('',(-0.115272686077,0.7995,0.210633886011));
#5407 = CARTESIAN_POINT('',(-0.113305399635,0.8005,0.212904170133));
#5408 = CARTESIAN_POINT('',(-0.113305399635,0.7995,0.212904170133));
#5409 = ADVANCED_FACE('',(#5410),#5428,.F.);
#5410 = FACE_BOUND('',#5411,.F.);
#5411 = EDGE_LOOP('',(#5412,#5413,#5422,#5427));
#5412 = ORIENTED_EDGE('',*,*,#5395,.F.);
#5413 = ORIENTED_EDGE('',*,*,#5414,.T.);
#5414 = EDGE_CURVE('',#5387,#5415,#5417,.T.);
#5415 = VERTEX_POINT('',#5416);
#5416 = CARTESIAN_POINT('',(-0.101852681529,0.8005,0.219572428959));
#5417 = B_SPLINE_CURVE_WITH_KNOTS('',3,(#5418,#5419,#5420,#5421),
  .UNSPECIFIED.,.F.,.F.,(4,4),(15.,16.),.PIECEWISE_BEZIER_KNOTS.);
#5418 = CARTESIAN_POINT('',(-0.113305399635,0.8005,0.212904170133));
#5419 = CARTESIAN_POINT('',(-0.111319917887,0.8005,0.215174583302));
#5420 = CARTESIAN_POINT('',(-0.107514647453,0.8005,0.217421510621));
#5421 = CARTESIAN_POINT('',(-0.101852681529,0.8005,0.219572428959));
#5422 = ORIENTED_EDGE('',*,*,#5423,.T.);
#5423 = EDGE_CURVE('',#5415,#1500,#5424,.T.);
#5424 = B_SPLINE_CURVE_WITH_KNOTS('',1,(#5425,#5426),.UNSPECIFIED.,.F.,
  .F.,(2,2),(-0.,1.E-03),.PIECEWISE_BEZIER_KNOTS.);
#5425 = CARTESIAN_POINT('',(-0.101852681529,0.8005,0.219572428959));
#5426 = CARTESIAN_POINT('',(-0.101852681529,0.7995,0.219572428959));
#5427 = ORIENTED_EDGE('',*,*,#1508,.F.);
#5428 = B_SPLINE_SURFACE_WITH_KNOTS('',3,1,(
    (#5429,#5430)
    ,(#5431,#5432)
    ,(#5433,#5434)
    ,(#5435,#5436
    )),.UNSPECIFIED.,.F.,.F.,.F.,(4,4),(2,2),(15.,16.),(0.,1.),
  .PIECEWISE_BEZIER_KNOTS.);
#5429 = CARTESIAN_POINT('',(-0.113305399635,0.8005,0.212904170133));
#5430 = CARTESIAN_POINT('',(-0.113305399635,0.7995,0.212904170133));
#5431 = CARTESIAN_POINT('',(-0.111319917887,0.8005,0.215174583302));
#5432 = CARTESIAN_POINT('',(-0.111319917887,0.7995,0.215174583302));
#5433 = CARTESIAN_POINT('',(-0.107514647453,0.8005,0.217421510621));
#5434 = CARTESIAN_POINT('',(-0.107514647453,0.7995,0.217421510621));
#5435 = CARTESIAN_POINT('',(-0.101852681529,0.8005,0.219572428959));
#5436 = CARTESIAN_POINT('',(-0.101852681529,0.7995,0.219572428959));
#5437 = ADVANCED_FACE('',(#5438),#5456,.F.);
#5438 = FACE_BOUND('',#5439,.F.);
#5439 = EDGE_LOOP('',(#5440,#5441,#5450,#5455));
#5440 = ORIENTED_EDGE('',*,*,#5423,.F.);
#5441 = ORIENTED_EDGE('',*,*,#5442,.T.);
#5442 = EDGE_CURVE('',#5415,#5443,#5445,.T.);
#5443 = VERTEX_POINT('',#5444);
#5444 = CARTESIAN_POINT('',(-9.322268733787E-02,0.8005,0.224000729038));
#5445 = B_SPLINE_CURVE_WITH_KNOTS('',3,(#5446,#5447,#5448,#5449),
  .UNSPECIFIED.,.F.,.F.,(4,4),(14.,15.),.PIECEWISE_BEZIER_KNOTS.);
#5446 = CARTESIAN_POINT('',(-0.101852681529,0.8005,0.219572428959));
#5447 = CARTESIAN_POINT('',(-9.738902484366E-02,0.8005,0.221350924037));
#5448 = CARTESIAN_POINT('',(-9.452449031739E-02,0.8005,0.222826938032));
#5449 = CARTESIAN_POINT('',(-9.322268733787E-02,0.8005,0.224000729038));
#5450 = ORIENTED_EDGE('',*,*,#5451,.T.);
#5451 = EDGE_CURVE('',#5443,#1491,#5452,.T.);
#5452 = B_SPLINE_CURVE_WITH_KNOTS('',1,(#5453,#5454),.UNSPECIFIED.,.F.,
  .F.,(2,2),(-0.,1.E-03),.PIECEWISE_BEZIER_KNOTS.);
#5453 = CARTESIAN_POINT('',(-9.322268733787E-02,0.8005,0.224000729038));
#5454 = CARTESIAN_POINT('',(-9.322268733787E-02,0.7995,0.224000729038));
#5455 = ORIENTED_EDGE('',*,*,#1499,.F.);
#5456 = B_SPLINE_SURFACE_WITH_KNOTS('',3,1,(
    (#5457,#5458)
    ,(#5459,#5460)
    ,(#5461,#5462)
    ,(#5463,#5464
    )),.UNSPECIFIED.,.F.,.F.,.F.,(4,4),(2,2),(14.,15.),(0.,1.),
  .PIECEWISE_BEZIER_KNOTS.);
#5457 = CARTESIAN_POINT('',(-0.101852681529,0.8005,0.219572428959));
#5458 = CARTESIAN_POINT('',(-0.101852681529,0.7995,0.219572428959));
#5459 = CARTESIAN_POINT('',(-9.738902484366E-02,0.8005,0.221350924037));
#5460 = CARTESIAN_POINT('',(-9.738902484366E-02,0.7995,0.221350924037));
#5461 = CARTESIAN_POINT('',(-9.452449031739E-02,0.8005,0.222826938032));
#5462 = CARTESIAN_POINT('',(-9.452449031739E-02,0.7995,0.222826938032));
#5463 = CARTESIAN_POINT('',(-9.322268733787E-02,0.8005,0.224000729038));
#5464 = CARTESIAN_POINT('',(-9.322268733787E-02,0.7995,0.224000729038));
#5465 = ADVANCED_FACE('',(#5466),#5484,.F.);
#5466 = FACE_BOUND('',#5467,.F.);
#5467 = EDGE_LOOP('',(#5468,#5469,#5478,#5483));
#5468 = ORIENTED_EDGE('',*,*,#5451,.F.);
#5469 = ORIENTED_EDGE('',*,*,#5470,.T.);
#5470 = EDGE_CURVE('',#5443,#5471,#5473,.T.);
#5471 = VERTEX_POINT('',#5472);
#5472 = CARTESIAN_POINT('',(-9.130934198176E-02,0.8005,0.22874531667));
#5473 = B_SPLINE_CURVE_WITH_KNOTS('',3,(#5474,#5475,#5476,#5477),
  .UNSPECIFIED.,.F.,.F.,(4,4),(13.,14.),.PIECEWISE_BEZIER_KNOTS.);
#5474 = CARTESIAN_POINT('',(-9.322268733787E-02,0.8005,0.224000729038));
#5475 = CARTESIAN_POINT('',(-9.193882156928E-02,0.8005,0.225138000384));
#5476 = CARTESIAN_POINT('',(-9.129488865021E-02,0.8005,0.226707442407));
#5477 = CARTESIAN_POINT('',(-9.130934198176E-02,0.8005,0.22874531667));
#5478 = ORIENTED_EDGE('',*,*,#5479,.T.);
#5479 = EDGE_CURVE('',#5471,#1482,#5480,.T.);
#5480 = B_SPLINE_CURVE_WITH_KNOTS('',1,(#5481,#5482),.UNSPECIFIED.,.F.,
  .F.,(2,2),(-0.,1.E-03),.PIECEWISE_BEZIER_KNOTS.);
#5481 = CARTESIAN_POINT('',(-9.130934198176E-02,0.8005,0.22874531667));
#5482 = CARTESIAN_POINT('',(-9.130934198176E-02,0.7995,0.22874531667));
#5483 = ORIENTED_EDGE('',*,*,#1490,.F.);
#5484 = B_SPLINE_SURFACE_WITH_KNOTS('',3,1,(
    (#5485,#5486)
    ,(#5487,#5488)
    ,(#5489,#5490)
    ,(#5491,#5492
    )),.UNSPECIFIED.,.F.,.F.,.F.,(4,4),(2,2),(13.,14.),(0.,1.),
  .PIECEWISE_BEZIER_KNOTS.);
#5485 = CARTESIAN_POINT('',(-9.322268733787E-02,0.8005,0.224000729038));
#5486 = CARTESIAN_POINT('',(-9.322268733787E-02,0.7995,0.224000729038));
#5487 = CARTESIAN_POINT('',(-9.193882156928E-02,0.8005,0.225138000384));
#5488 = CARTESIAN_POINT('',(-9.193882156928E-02,0.7995,0.225138000384));
#5489 = CARTESIAN_POINT('',(-9.129488865021E-02,0.8005,0.226707442407));
#5490 = CARTESIAN_POINT('',(-9.129488865021E-02,0.7995,0.226707442407));
#5491 = CARTESIAN_POINT('',(-9.130934198176E-02,0.8005,0.22874531667));
#5492 = CARTESIAN_POINT('',(-9.130934198176E-02,0.7995,0.22874531667));
#5493 = ADVANCED_FACE('',(#5494),#5512,.F.);
#5494 = FACE_BOUND('',#5495,.F.);
#5495 = EDGE_LOOP('',(#5496,#5497,#5506,#5511));
#5496 = ORIENTED_EDGE('',*,*,#5479,.F.);
#5497 = ORIENTED_EDGE('',*,*,#5498,.T.);
#5498 = EDGE_CURVE('',#5471,#5499,#5501,.T.);
#5499 = VERTEX_POINT('',#5500);
#5500 = CARTESIAN_POINT('',(-9.405554351128E-02,0.8005,0.233675211786));
#5501 = B_SPLINE_CURVE_WITH_KNOTS('',3,(#5502,#5503,#5504,#5505),
  .UNSPECIFIED.,.F.,.F.,(4,4),(12.,13.),.PIECEWISE_BEZIER_KNOTS.);
#5502 = CARTESIAN_POINT('',(-9.130934198176E-02,0.8005,0.22874531667));
#5503 = CARTESIAN_POINT('',(-9.132379531331E-02,0.8005,0.230783190932));
#5504 = CARTESIAN_POINT('',(-9.224543298874E-02,0.8005,0.232450706696));
#5505 = CARTESIAN_POINT('',(-9.405554351128E-02,0.8005,0.233675211786));
#5506 = ORIENTED_EDGE('',*,*,#5507,.T.);
#5507 = EDGE_CURVE('',#5499,#1473,#5508,.T.);
#5508 = B_SPLINE_CURVE_WITH_KNOTS('',1,(#5509,#5510),.UNSPECIFIED.,.F.,
  .F.,(2,2),(-0.,1.E-03),.PIECEWISE_BEZIER_KNOTS.);
#5509 = CARTESIAN_POINT('',(-9.405554351128E-02,0.8005,0.233675211786));
#5510 = CARTESIAN_POINT('',(-9.405554351128E-02,0.7995,0.233675211786));
#5511 = ORIENTED_EDGE('',*,*,#1481,.F.);
#5512 = B_SPLINE_SURFACE_WITH_KNOTS('',3,1,(
    (#5513,#5514)
    ,(#5515,#5516)
    ,(#5517,#5518)
    ,(#5519,#5520
    )),.UNSPECIFIED.,.F.,.F.,.F.,(4,4),(2,2),(12.,13.),(0.,1.),
  .PIECEWISE_BEZIER_KNOTS.);
#5513 = CARTESIAN_POINT('',(-9.130934198176E-02,0.8005,0.22874531667));
#5514 = CARTESIAN_POINT('',(-9.130934198176E-02,0.7995,0.22874531667));
#5515 = CARTESIAN_POINT('',(-9.132379531331E-02,0.8005,0.230783190932));
#5516 = CARTESIAN_POINT('',(-9.132379531331E-02,0.7995,0.230783190932));
#5517 = CARTESIAN_POINT('',(-9.224543298874E-02,0.8005,0.232450706696));
#5518 = CARTESIAN_POINT('',(-9.224543298874E-02,0.7995,0.232450706696));
#5519 = CARTESIAN_POINT('',(-9.405554351128E-02,0.8005,0.233675211786));
#5520 = CARTESIAN_POINT('',(-9.405554351128E-02,0.7995,0.233675211786));
#5521 = ADVANCED_FACE('',(#5522),#5540,.F.);
#5522 = FACE_BOUND('',#5523,.F.);
#5523 = EDGE_LOOP('',(#5524,#5525,#5534,#5539));
#5524 = ORIENTED_EDGE('',*,*,#5507,.F.);
#5525 = ORIENTED_EDGE('',*,*,#5526,.T.);
#5526 = EDGE_CURVE('',#5499,#5527,#5529,.T.);
#5527 = VERTEX_POINT('',#5528);
#5528 = CARTESIAN_POINT('',(-0.101092352545,0.8005,0.235517711226));
#5529 = B_SPLINE_CURVE_WITH_KNOTS('',3,(#5530,#5531,#5532,#5533),
  .UNSPECIFIED.,.F.,.F.,(4,4),(11.,12.),.PIECEWISE_BEZIER_KNOTS.);
#5530 = CARTESIAN_POINT('',(-9.405554351128E-02,0.8005,0.233675211786));
#5531 = CARTESIAN_POINT('',(-9.586591212901E-02,0.8005,0.234936107487));
#5532 = CARTESIAN_POINT('',(-9.821749421085E-02,0.8005,0.235538100747));
#5533 = CARTESIAN_POINT('',(-0.101092352545,0.8005,0.235517711226));
#5534 = ORIENTED_EDGE('',*,*,#5535,.T.);
#5535 = EDGE_CURVE('',#5527,#1464,#5536,.T.);
#5536 = B_SPLINE_CURVE_WITH_KNOTS('',1,(#5537,#5538),.UNSPECIFIED.,.F.,
  .F.,(2,2),(-0.,1.E-03),.PIECEWISE_BEZIER_KNOTS.);
#5537 = CARTESIAN_POINT('',(-0.101092352545,0.8005,0.235517711226));
#5538 = CARTESIAN_POINT('',(-0.101092352545,0.7995,0.235517711226));
#5539 = ORIENTED_EDGE('',*,*,#1472,.F.);
#5540 = B_SPLINE_SURFACE_WITH_KNOTS('',3,1,(
    (#5541,#5542)
    ,(#5543,#5544)
    ,(#5545,#5546)
    ,(#5547,#5548
    )),.UNSPECIFIED.,.F.,.F.,.F.,(4,4),(2,2),(11.,12.),(0.,1.),
  .PIECEWISE_BEZIER_KNOTS.);
#5541 = CARTESIAN_POINT('',(-9.405554351128E-02,0.8005,0.233675211786));
#5542 = CARTESIAN_POINT('',(-9.405554351128E-02,0.7995,0.233675211786));
#5543 = CARTESIAN_POINT('',(-9.586591212901E-02,0.8005,0.234936107487));
#5544 = CARTESIAN_POINT('',(-9.586591212901E-02,0.7995,0.234936107487));
#5545 = CARTESIAN_POINT('',(-9.821749421085E-02,0.8005,0.235538100747));
#5546 = CARTESIAN_POINT('',(-9.821749421085E-02,0.7995,0.235538100747));
#5547 = CARTESIAN_POINT('',(-0.101092352545,0.8005,0.235517711226));
#5548 = CARTESIAN_POINT('',(-0.101092352545,0.7995,0.235517711226));
#5549 = ADVANCED_FACE('',(#5550),#5568,.F.);
#5550 = FACE_BOUND('',#5551,.F.);
#5551 = EDGE_LOOP('',(#5552,#5553,#5562,#5567));
#5552 = ORIENTED_EDGE('',*,*,#5535,.F.);
#5553 = ORIENTED_EDGE('',*,*,#5554,.T.);
#5554 = EDGE_CURVE('',#5527,#5555,#5557,.T.);
#5555 = VERTEX_POINT('',#5556);
#5556 = CARTESIAN_POINT('',(-0.11398495213,0.8005,0.231750635633));
#5557 = B_SPLINE_CURVE_WITH_KNOTS('',3,(#5558,#5559,#5560,#5561),
  .UNSPECIFIED.,.F.,.F.,(4,4),(10.,11.),.PIECEWISE_BEZIER_KNOTS.);
#5558 = CARTESIAN_POINT('',(-0.101092352545,0.8005,0.235517711226));
#5559 = CARTESIAN_POINT('',(-0.105914108613,0.8005,0.235483513611));
#5560 = CARTESIAN_POINT('',(-0.110199425572,0.8005,0.234215777575));
#5561 = CARTESIAN_POINT('',(-0.11398495213,0.8005,0.231750635633));
#5562 = ORIENTED_EDGE('',*,*,#5563,.T.);
#5563 = EDGE_CURVE('',#5555,#1457,#5564,.T.);
#5564 = B_SPLINE_CURVE_WITH_KNOTS('',1,(#5565,#5566),.UNSPECIFIED.,.F.,
  .F.,(2,2),(-0.,1.E-03),.PIECEWISE_BEZIER_KNOTS.);
#5565 = CARTESIAN_POINT('',(-0.11398495213,0.8005,0.231750635633));
#5566 = CARTESIAN_POINT('',(-0.11398495213,0.7995,0.231750635633));
#5567 = ORIENTED_EDGE('',*,*,#1463,.F.);
#5568 = B_SPLINE_SURFACE_WITH_KNOTS('',3,1,(
    (#5569,#5570)
    ,(#5571,#5572)
    ,(#5573,#5574)
    ,(#5575,#5576
    )),.UNSPECIFIED.,.F.,.F.,.F.,(4,4),(2,2),(10.,11.),(0.,1.),
  .PIECEWISE_BEZIER_KNOTS.);
#5569 = CARTESIAN_POINT('',(-0.101092352545,0.8005,0.235517711226));
#5570 = CARTESIAN_POINT('',(-0.101092352545,0.7995,0.235517711226));
#5571 = CARTESIAN_POINT('',(-0.105914108613,0.8005,0.235483513611));
#5572 = CARTESIAN_POINT('',(-0.105914108613,0.7995,0.235483513611));
#5573 = CARTESIAN_POINT('',(-0.110199425572,0.8005,0.234215777575));
#5574 = CARTESIAN_POINT('',(-0.110199425572,0.7995,0.234215777575));
#5575 = CARTESIAN_POINT('',(-0.11398495213,0.8005,0.231750635633));
#5576 = CARTESIAN_POINT('',(-0.11398495213,0.7995,0.231750635633));
#5577 = ADVANCED_FACE('',(#5578),#5594,.F.);
#5578 = FACE_BOUND('',#5579,.T.);
#5579 = EDGE_LOOP('',(#5580,#5581,#5588,#5593));
#5580 = ORIENTED_EDGE('',*,*,#1456,.T.);
#5581 = ORIENTED_EDGE('',*,*,#5582,.F.);
#5582 = EDGE_CURVE('',#5583,#1448,#5585,.T.);
#5583 = VERTEX_POINT('',#5584);
#5584 = CARTESIAN_POINT('',(-0.114046378789,0.8005,0.240411601248));
#5585 = B_SPLINE_CURVE_WITH_KNOTS('',1,(#5586,#5587),.UNSPECIFIED.,.F.,
  .F.,(2,2),(-0.,1.E-03),.PIECEWISE_BEZIER_KNOTS.);
#5586 = CARTESIAN_POINT('',(-0.114046378789,0.8005,0.240411601248));
#5587 = CARTESIAN_POINT('',(-0.114046378789,0.7995,0.240411601248));
#5588 = ORIENTED_EDGE('',*,*,#5589,.F.);
#5589 = EDGE_CURVE('',#5555,#5583,#5590,.T.);
#5590 = B_SPLINE_CURVE_WITH_KNOTS('',1,(#5591,#5592),.UNSPECIFIED.,.F.,
  .F.,(2,2),(-8.661183442752E-03,0.),.PIECEWISE_BEZIER_KNOTS.);
#5591 = CARTESIAN_POINT('',(-0.11398495213,0.8005,0.231750635633));
#5592 = CARTESIAN_POINT('',(-0.114046378789,0.8005,0.240411601248));
#5593 = ORIENTED_EDGE('',*,*,#5563,.T.);
#5594 = B_SPLINE_SURFACE_WITH_KNOTS('',1,1,(
    (#5595,#5596)
    ,(#5597,#5598
    )),.UNSPECIFIED.,.F.,.F.,.F.,(2,2),(2,2),(0.,8.661183442752E-03),(
    -1.E-03,1.110223024625E-16),.PIECEWISE_BEZIER_KNOTS.);
#5595 = CARTESIAN_POINT('',(-0.114046378789,0.7995,0.240411601248));
#5596 = CARTESIAN_POINT('',(-0.114046378789,0.8005,0.240411601248));
#5597 = CARTESIAN_POINT('',(-0.11398495213,0.7995,0.231750635633));
#5598 = CARTESIAN_POINT('',(-0.11398495213,0.8005,0.231750635633));
#5599 = ADVANCED_FACE('',(#5600),#5618,.F.);
#5600 = FACE_BOUND('',#5601,.F.);
#5601 = EDGE_LOOP('',(#5602,#5603,#5612,#5617));
#5602 = ORIENTED_EDGE('',*,*,#5582,.F.);
#5603 = ORIENTED_EDGE('',*,*,#5604,.T.);
#5604 = EDGE_CURVE('',#5583,#5605,#5607,.T.);
#5605 = VERTEX_POINT('',#5606);
#5606 = CARTESIAN_POINT('',(-0.102017088175,0.8005,0.242753248696));
#5607 = B_SPLINE_CURVE_WITH_KNOTS('',3,(#5608,#5609,#5610,#5611),
  .UNSPECIFIED.,.F.,.F.,(4,4),(8.,9.),.PIECEWISE_BEZIER_KNOTS.);
#5608 = CARTESIAN_POINT('',(-0.114046378789,0.8005,0.240411601248));
#5609 = CARTESIAN_POINT('',(-0.11034537638,0.8005,0.241966332657));
#5610 = CARTESIAN_POINT('',(-0.106347570983,0.8005,0.242722535366));
#5611 = CARTESIAN_POINT('',(-0.102017088175,0.8005,0.242753248696));
#5612 = ORIENTED_EDGE('',*,*,#5613,.T.);
#5613 = EDGE_CURVE('',#5605,#1439,#5614,.T.);
#5614 = B_SPLINE_CURVE_WITH_KNOTS('',1,(#5615,#5616),.UNSPECIFIED.,.F.,
  .F.,(2,2),(-0.,1.E-03),.PIECEWISE_BEZIER_KNOTS.);
#5615 = CARTESIAN_POINT('',(-0.102017088175,0.8005,0.242753248696));
#5616 = CARTESIAN_POINT('',(-0.102017088175,0.7995,0.242753248696));
#5617 = ORIENTED_EDGE('',*,*,#1447,.F.);
#5618 = B_SPLINE_SURFACE_WITH_KNOTS('',3,1,(
    (#5619,#5620)
    ,(#5621,#5622)
    ,(#5623,#5624)
    ,(#5625,#5626
    )),.UNSPECIFIED.,.F.,.F.,.F.,(4,4),(2,2),(8.,9.),(0.,1.),
  .PIECEWISE_BEZIER_KNOTS.);
#5619 = CARTESIAN_POINT('',(-0.114046378789,0.8005,0.240411601248));
#5620 = CARTESIAN_POINT('',(-0.114046378789,0.7995,0.240411601248));
#5621 = CARTESIAN_POINT('',(-0.11034537638,0.8005,0.241966332657));
#5622 = CARTESIAN_POINT('',(-0.11034537638,0.7995,0.241966332657));
#5623 = CARTESIAN_POINT('',(-0.106347570983,0.8005,0.242722535366));
#5624 = CARTESIAN_POINT('',(-0.106347570983,0.7995,0.242722535366));
#5625 = CARTESIAN_POINT('',(-0.102017088175,0.8005,0.242753248696));
#5626 = CARTESIAN_POINT('',(-0.102017088175,0.7995,0.242753248696));
#5627 = ADVANCED_FACE('',(#5628),#5646,.F.);
#5628 = FACE_BOUND('',#5629,.F.);
#5629 = EDGE_LOOP('',(#5630,#5631,#5640,#5645));
#5630 = ORIENTED_EDGE('',*,*,#5613,.F.);
#5631 = ORIENTED_EDGE('',*,*,#5632,.T.);
#5632 = EDGE_CURVE('',#5605,#5633,#5635,.T.);
#5633 = VERTEX_POINT('',#5634);
#5634 = CARTESIAN_POINT('',(-8.79052728289E-02,0.8005,0.238813773627));
#5635 = B_SPLINE_CURVE_WITH_KNOTS('',3,(#5636,#5637,#5638,#5639),
  .UNSPECIFIED.,.F.,.F.,(4,4),(7.,8.),.PIECEWISE_BEZIER_KNOTS.);
#5636 = CARTESIAN_POINT('',(-0.102017088175,0.8005,0.242753248696));
#5637 = CARTESIAN_POINT('',(-9.644932456524E-02,0.8005,0.242792737262));
#5638 = CARTESIAN_POINT('',(-9.174538611643E-02,0.8005,0.241479578906));
#5639 = CARTESIAN_POINT('',(-8.79052728289E-02,0.8005,0.238813773627));
#5640 = ORIENTED_EDGE('',*,*,#5641,.T.);
#5641 = EDGE_CURVE('',#5633,#1430,#5642,.T.);
#5642 = B_SPLINE_CURVE_WITH_KNOTS('',1,(#5643,#5644),.UNSPECIFIED.,.F.,
  .F.,(2,2),(-0.,1.E-03),.PIECEWISE_BEZIER_KNOTS.);
#5643 = CARTESIAN_POINT('',(-8.79052728289E-02,0.8005,0.238813773627));
#5644 = CARTESIAN_POINT('',(-8.79052728289E-02,0.7995,0.238813773627));
#5645 = ORIENTED_EDGE('',*,*,#1438,.F.);
#5646 = B_SPLINE_SURFACE_WITH_KNOTS('',3,1,(
    (#5647,#5648)
    ,(#5649,#5650)
    ,(#5651,#5652)
    ,(#5653,#5654
    )),.UNSPECIFIED.,.F.,.F.,.F.,(4,4),(2,2),(7.,8.),(0.,1.),
  .PIECEWISE_BEZIER_KNOTS.);
#5647 = CARTESIAN_POINT('',(-0.102017088175,0.8005,0.242753248696));
#5648 = CARTESIAN_POINT('',(-0.102017088175,0.7995,0.242753248696));
#5649 = CARTESIAN_POINT('',(-9.644932456524E-02,0.8005,0.242792737262));
#5650 = CARTESIAN_POINT('',(-9.644932456524E-02,0.7995,0.242792737262));
#5651 = CARTESIAN_POINT('',(-9.174538611643E-02,0.8005,0.241479578906));
#5652 = CARTESIAN_POINT('',(-9.174538611643E-02,0.7995,0.241479578906));
#5653 = CARTESIAN_POINT('',(-8.79052728289E-02,0.8005,0.238813773627));
#5654 = CARTESIAN_POINT('',(-8.79052728289E-02,0.7995,0.238813773627));
#5655 = ADVANCED_FACE('',(#5656),#5674,.F.);
#5656 = FACE_BOUND('',#5657,.F.);
#5657 = EDGE_LOOP('',(#5658,#5659,#5668,#5673));
#5658 = ORIENTED_EDGE('',*,*,#5641,.F.);
#5659 = ORIENTED_EDGE('',*,*,#5660,.T.);
#5660 = EDGE_CURVE('',#5633,#5661,#5663,.T.);
#5661 = VERTEX_POINT('',#5662);
#5662 = CARTESIAN_POINT('',(-8.211503439995E-02,0.8005,0.228009892249));
#5663 = B_SPLINE_CURVE_WITH_KNOTS('',3,(#5664,#5665,#5666,#5667),
  .UNSPECIFIED.,.F.,.F.,(4,4),(6.,7.),.PIECEWISE_BEZIER_KNOTS.);
#5664 = CARTESIAN_POINT('',(-8.79052728289E-02,0.8005,0.238813773627));
#5665 = CARTESIAN_POINT('',(-8.408309675207E-02,0.8005,0.236111448689));
#5666 = CARTESIAN_POINT('',(-8.214703820552E-02,0.8005,0.232522328116));
#5667 = CARTESIAN_POINT('',(-8.211503439995E-02,0.8005,0.228009892249));
#5668 = ORIENTED_EDGE('',*,*,#5669,.T.);
#5669 = EDGE_CURVE('',#5661,#1421,#5670,.T.);
#5670 = B_SPLINE_CURVE_WITH_KNOTS('',1,(#5671,#5672),.UNSPECIFIED.,.F.,
  .F.,(2,2),(-0.,1.E-03),.PIECEWISE_BEZIER_KNOTS.);
#5671 = CARTESIAN_POINT('',(-8.211503439995E-02,0.8005,0.228009892249));
#5672 = CARTESIAN_POINT('',(-8.211503439995E-02,0.7995,0.228009892249));
#5673 = ORIENTED_EDGE('',*,*,#1429,.F.);
#5674 = B_SPLINE_SURFACE_WITH_KNOTS('',3,1,(
    (#5675,#5676)
    ,(#5677,#5678)
    ,(#5679,#5680)
    ,(#5681,#5682
    )),.UNSPECIFIED.,.F.,.F.,.F.,(4,4),(2,2),(6.,7.),(0.,1.),
  .PIECEWISE_BEZIER_KNOTS.);
#5675 = CARTESIAN_POINT('',(-8.79052728289E-02,0.8005,0.238813773627));
#5676 = CARTESIAN_POINT('',(-8.79052728289E-02,0.7995,0.238813773627));
#5677 = CARTESIAN_POINT('',(-8.408309675207E-02,0.8005,0.236111448689));
#5678 = CARTESIAN_POINT('',(-8.408309675207E-02,0.7995,0.236111448689));
#5679 = CARTESIAN_POINT('',(-8.214703820552E-02,0.8005,0.232522328116));
#5680 = CARTESIAN_POINT('',(-8.214703820552E-02,0.7995,0.232522328116));
#5681 = CARTESIAN_POINT('',(-8.211503439995E-02,0.8005,0.228009892249));
#5682 = CARTESIAN_POINT('',(-8.211503439995E-02,0.7995,0.228009892249));
#5683 = ADVANCED_FACE('',(#5684),#5702,.F.);
#5684 = FACE_BOUND('',#5685,.F.);
#5685 = EDGE_LOOP('',(#5686,#5687,#5696,#5701));
#5686 = ORIENTED_EDGE('',*,*,#5669,.F.);
#5687 = ORIENTED_EDGE('',*,*,#5688,.T.);
#5688 = EDGE_CURVE('',#5661,#5689,#5691,.T.);
#5689 = VERTEX_POINT('',#5690);
#5690 = CARTESIAN_POINT('',(-8.458714288165E-02,0.8005,0.219949629417));
#5691 = B_SPLINE_CURVE_WITH_KNOTS('',3,(#5692,#5693,#5694,#5695),
  .UNSPECIFIED.,.F.,.F.,(4,4),(5.,6.),.PIECEWISE_BEZIER_KNOTS.);
#5692 = CARTESIAN_POINT('',(-8.211503439995E-02,0.8005,0.228009892249));
#5693 = CARTESIAN_POINT('',(-8.209283821221E-02,0.8005,0.224880299631));
#5694 = CARTESIAN_POINT('',(-8.291072323908E-02,0.8005,0.222181458166));
#5695 = CARTESIAN_POINT('',(-8.458714288165E-02,0.8005,0.219949629417));
#5696 = ORIENTED_EDGE('',*,*,#5697,.T.);
#5697 = EDGE_CURVE('',#5689,#1412,#5698,.T.);
#5698 = B_SPLINE_CURVE_WITH_KNOTS('',1,(#5699,#5700),.UNSPECIFIED.,.F.,
  .F.,(2,2),(-0.,1.E-03),.PIECEWISE_BEZIER_KNOTS.);
#5699 = CARTESIAN_POINT('',(-8.458714288165E-02,0.8005,0.219949629417));
#5700 = CARTESIAN_POINT('',(-8.458714288165E-02,0.7995,0.219949629417));
#5701 = ORIENTED_EDGE('',*,*,#1420,.F.);
#5702 = B_SPLINE_SURFACE_WITH_KNOTS('',3,1,(
    (#5703,#5704)
    ,(#5705,#5706)
    ,(#5707,#5708)
    ,(#5709,#5710
    )),.UNSPECIFIED.,.F.,.F.,.F.,(4,4),(2,2),(5.,6.),(0.,1.),
  .PIECEWISE_BEZIER_KNOTS.);
#5703 = CARTESIAN_POINT('',(-8.211503439995E-02,0.8005,0.228009892249));
#5704 = CARTESIAN_POINT('',(-8.211503439995E-02,0.7995,0.228009892249));
#5705 = CARTESIAN_POINT('',(-8.209283821221E-02,0.8005,0.224880299631));
#5706 = CARTESIAN_POINT('',(-8.209283821221E-02,0.7995,0.224880299631));
#5707 = CARTESIAN_POINT('',(-8.291072323908E-02,0.8005,0.222181458166));
#5708 = CARTESIAN_POINT('',(-8.291072323908E-02,0.7995,0.222181458166));
#5709 = CARTESIAN_POINT('',(-8.458714288165E-02,0.8005,0.219949629417));
#5710 = CARTESIAN_POINT('',(-8.458714288165E-02,0.7995,0.219949629417));
#5711 = ADVANCED_FACE('',(#5712),#5730,.F.);
#5712 = FACE_BOUND('',#5713,.F.);
#5713 = EDGE_LOOP('',(#5714,#5715,#5724,#5729));
#5714 = ORIENTED_EDGE('',*,*,#5697,.F.);
#5715 = ORIENTED_EDGE('',*,*,#5716,.T.);
#5716 = EDGE_CURVE('',#5689,#5717,#5719,.T.);
#5717 = VERTEX_POINT('',#5718);
#5718 = CARTESIAN_POINT('',(-9.551116473564E-02,0.8005,0.213139550524));
#5719 = B_SPLINE_CURVE_WITH_KNOTS('',3,(#5720,#5721,#5722,#5723),
  .UNSPECIFIED.,.F.,.F.,(4,4),(4.,5.),.PIECEWISE_BEZIER_KNOTS.);
#5720 = CARTESIAN_POINT('',(-8.458714288165E-02,0.8005,0.219949629417));
#5721 = CARTESIAN_POINT('',(-8.624536721833E-02,0.8005,0.217717929716));
#5722 = CARTESIAN_POINT('',(-8.99048171104E-02,0.8005,0.215435644167));
#5723 = CARTESIAN_POINT('',(-9.551116473564E-02,0.8005,0.213139550524));
#5724 = ORIENTED_EDGE('',*,*,#5725,.T.);
#5725 = EDGE_CURVE('',#5717,#1403,#5726,.T.);
#5726 = B_SPLINE_CURVE_WITH_KNOTS('',1,(#5727,#5728),.UNSPECIFIED.,.F.,
  .F.,(2,2),(-0.,1.E-03),.PIECEWISE_BEZIER_KNOTS.);
#5727 = CARTESIAN_POINT('',(-9.551116473564E-02,0.8005,0.213139550524));
#5728 = CARTESIAN_POINT('',(-9.551116473564E-02,0.7995,0.213139550524));
#5729 = ORIENTED_EDGE('',*,*,#1411,.F.);
#5730 = B_SPLINE_SURFACE_WITH_KNOTS('',3,1,(
    (#5731,#5732)
    ,(#5733,#5734)
    ,(#5735,#5736)
    ,(#5737,#5738
    )),.UNSPECIFIED.,.F.,.F.,.F.,(4,4),(2,2),(4.,5.),(0.,1.),
  .PIECEWISE_BEZIER_KNOTS.);
#5731 = CARTESIAN_POINT('',(-8.458714288165E-02,0.8005,0.219949629417));
#5732 = CARTESIAN_POINT('',(-8.458714288165E-02,0.7995,0.219949629417));
#5733 = CARTESIAN_POINT('',(-8.624536721833E-02,0.8005,0.217717929716));
#5734 = CARTESIAN_POINT('',(-8.624536721833E-02,0.7995,0.217717929716));
#5735 = CARTESIAN_POINT('',(-8.99048171104E-02,0.8005,0.215435644167));
#5736 = CARTESIAN_POINT('',(-8.99048171104E-02,0.7995,0.215435644167));
#5737 = CARTESIAN_POINT('',(-9.551116473564E-02,0.8005,0.213139550524));
#5738 = CARTESIAN_POINT('',(-9.551116473564E-02,0.7995,0.213139550524));
#5739 = ADVANCED_FACE('',(#5740),#5758,.F.);
#5740 = FACE_BOUND('',#5741,.F.);
#5741 = EDGE_LOOP('',(#5742,#5743,#5752,#5757));
#5742 = ORIENTED_EDGE('',*,*,#5725,.F.);
#5743 = ORIENTED_EDGE('',*,*,#5744,.T.);
#5744 = EDGE_CURVE('',#5717,#5745,#5747,.T.);
#5745 = VERTEX_POINT('',#5746);
#5746 = CARTESIAN_POINT('',(-0.104813094769,0.8005,0.208524522624));
#5747 = B_SPLINE_CURVE_WITH_KNOTS('',3,(#5748,#5749,#5750,#5751),
  .UNSPECIFIED.,.F.,.F.,(4,4),(3.,4.),.PIECEWISE_BEZIER_KNOTS.);
#5748 = CARTESIAN_POINT('',(-9.551116473564E-02,0.8005,0.213139550524));
#5749 = CARTESIAN_POINT('',(-0.100193165092,0.8005,0.211359506874));
#5750 = CARTESIAN_POINT('',(-0.103293722405,0.8005,0.209809034037));
#5751 = CARTESIAN_POINT('',(-0.104813094769,0.8005,0.208524522624));
#5752 = ORIENTED_EDGE('',*,*,#5753,.T.);
#5753 = EDGE_CURVE('',#5745,#1394,#5754,.T.);
#5754 = B_SPLINE_CURVE_WITH_KNOTS('',1,(#5755,#5756),.UNSPECIFIED.,.F.,
  .F.,(2,2),(-0.,1.E-03),.PIECEWISE_BEZIER_KNOTS.);
#5755 = CARTESIAN_POINT('',(-0.104813094769,0.8005,0.208524522624));
#5756 = CARTESIAN_POINT('',(-0.104813094769,0.7995,0.208524522624));
#5757 = ORIENTED_EDGE('',*,*,#1402,.F.);
#5758 = B_SPLINE_SURFACE_WITH_KNOTS('',3,1,(
    (#5759,#5760)
    ,(#5761,#5762)
    ,(#5763,#5764)
    ,(#5765,#5766
    )),.UNSPECIFIED.,.F.,.F.,.F.,(4,4),(2,2),(3.,4.),(0.,1.),
  .PIECEWISE_BEZIER_KNOTS.);
#5759 = CARTESIAN_POINT('',(-9.551116473564E-02,0.8005,0.213139550524));
#5760 = CARTESIAN_POINT('',(-9.551116473564E-02,0.7995,0.213139550524));
#5761 = CARTESIAN_POINT('',(-0.100193165092,0.8005,0.211359506874));
#5762 = CARTESIAN_POINT('',(-0.100193165092,0.7995,0.211359506874));
#5763 = CARTESIAN_POINT('',(-0.103293722405,0.8005,0.209809034037));
#5764 = CARTESIAN_POINT('',(-0.103293722405,0.7995,0.209809034037));
#5765 = CARTESIAN_POINT('',(-0.104813094769,0.8005,0.208524522624));
#5766 = CARTESIAN_POINT('',(-0.104813094769,0.7995,0.208524522624));
#5767 = ADVANCED_FACE('',(#5768),#5786,.F.);
#5768 = FACE_BOUND('',#5769,.F.);
#5769 = EDGE_LOOP('',(#5770,#5771,#5780,#5785));
#5770 = ORIENTED_EDGE('',*,*,#5753,.F.);
#5771 = ORIENTED_EDGE('',*,*,#5772,.T.);
#5772 = EDGE_CURVE('',#5745,#5773,#5775,.T.);
#5773 = VERTEX_POINT('',#5774);
#5774 = CARTESIAN_POINT('',(-0.107071376652,0.8005,0.203668311253));
#5775 = B_SPLINE_CURVE_WITH_KNOTS('',3,(#5776,#5777,#5778,#5779),
  .UNSPECIFIED.,.F.,.F.,(4,4),(2.,3.),.PIECEWISE_BEZIER_KNOTS.);
#5776 = CARTESIAN_POINT('',(-0.104813094769,0.8005,0.208524522624));
#5777 = CARTESIAN_POINT('',(-0.106332467134,0.8005,0.207240011212));
#5778 = CARTESIAN_POINT('',(-0.107085313793,0.8005,0.205633404292));
#5779 = CARTESIAN_POINT('',(-0.107071376652,0.8005,0.203668311253));
#5780 = ORIENTED_EDGE('',*,*,#5781,.T.);
#5781 = EDGE_CURVE('',#5773,#1385,#5782,.T.);
#5782 = B_SPLINE_CURVE_WITH_KNOTS('',1,(#5783,#5784),.UNSPECIFIED.,.F.,
  .F.,(2,2),(-0.,1.E-03),.PIECEWISE_BEZIER_KNOTS.);
#5783 = CARTESIAN_POINT('',(-0.107071376652,0.8005,0.203668311253));
#5784 = CARTESIAN_POINT('',(-0.107071376652,0.7995,0.203668311253));
#5785 = ORIENTED_EDGE('',*,*,#1393,.F.);
#5786 = B_SPLINE_SURFACE_WITH_KNOTS('',3,1,(
    (#5787,#5788)
    ,(#5789,#5790)
    ,(#5791,#5792)
    ,(#5793,#5794
    )),.UNSPECIFIED.,.F.,.F.,.F.,(4,4),(2,2),(2.,3.),(0.,1.),
  .PIECEWISE_BEZIER_KNOTS.);
#5787 = CARTESIAN_POINT('',(-0.104813094769,0.8005,0.208524522624));
#5788 = CARTESIAN_POINT('',(-0.104813094769,0.7995,0.208524522624));
#5789 = CARTESIAN_POINT('',(-0.106332467134,0.8005,0.207240011212));
#5790 = CARTESIAN_POINT('',(-0.106332467134,0.7995,0.207240011212));
#5791 = CARTESIAN_POINT('',(-0.107085313793,0.8005,0.205633404292));
#5792 = CARTESIAN_POINT('',(-0.107085313793,0.7995,0.205633404292));
#5793 = CARTESIAN_POINT('',(-0.107071376652,0.8005,0.203668311253));
#5794 = CARTESIAN_POINT('',(-0.107071376652,0.7995,0.203668311253));
#5795 = ADVANCED_FACE('',(#5796),#5808,.F.);
#5796 = FACE_BOUND('',#5797,.F.);
#5797 = EDGE_LOOP('',(#5798,#5799,#5806,#5807));
#5798 = ORIENTED_EDGE('',*,*,#5781,.F.);
#5799 = ORIENTED_EDGE('',*,*,#5800,.T.);
#5800 = EDGE_CURVE('',#5773,#5246,#5801,.T.);
#5801 = B_SPLINE_CURVE_WITH_KNOTS('',3,(#5802,#5803,#5804,#5805),
  .UNSPECIFIED.,.F.,.F.,(4,4),(1.,2.),.PIECEWISE_BEZIER_KNOTS.);
#5802 = CARTESIAN_POINT('',(-0.107071376652,0.8005,0.203668311253));
#5803 = CARTESIAN_POINT('',(-0.107038856656,0.8005,0.199083094162));
#5804 = CARTESIAN_POINT('',(-0.103510902617,0.8005,0.196815391805));
#5805 = CARTESIAN_POINT('',(-9.650570983924E-02,0.8005,0.196865075132));
#5806 = ORIENTED_EDGE('',*,*,#5245,.T.);
#5807 = ORIENTED_EDGE('',*,*,#1384,.F.);
#5808 = B_SPLINE_SURFACE_WITH_KNOTS('',3,1,(
    (#5809,#5810)
    ,(#5811,#5812)
    ,(#5813,#5814)
    ,(#5815,#5816
    )),.UNSPECIFIED.,.F.,.F.,.F.,(4,4),(2,2),(1.,2.),(0.,1.),
  .PIECEWISE_BEZIER_KNOTS.);
#5809 = CARTESIAN_POINT('',(-0.107071376652,0.8005,0.203668311253));
#5810 = CARTESIAN_POINT('',(-0.107071376652,0.7995,0.203668311253));
#5811 = CARTESIAN_POINT('',(-0.107038856656,0.8005,0.199083094162));
#5812 = CARTESIAN_POINT('',(-0.107038856656,0.7995,0.199083094162));
#5813 = CARTESIAN_POINT('',(-0.103510902617,0.8005,0.196815391805));
#5814 = CARTESIAN_POINT('',(-0.103510902617,0.7995,0.196815391805));
#5815 = CARTESIAN_POINT('',(-9.650570983924E-02,0.8005,0.196865075132));
#5816 = CARTESIAN_POINT('',(-9.650570983924E-02,0.7995,0.196865075132));
#5817 = ADVANCED_FACE('',(#5818),#5841,.F.);
#5818 = FACE_BOUND('',#5819,.T.);
#5819 = EDGE_LOOP('',(#5820,#5821,#5822,#5823,#5824,#5825,#5826,#5827,
    #5828,#5829,#5830,#5831,#5832,#5833,#5834,#5835,#5836,#5837,#5838,
    #5839,#5840));
#5820 = ORIENTED_EDGE('',*,*,#5252,.T.);
#5821 = ORIENTED_EDGE('',*,*,#5287,.T.);
#5822 = ORIENTED_EDGE('',*,*,#5302,.T.);
#5823 = ORIENTED_EDGE('',*,*,#5330,.T.);
#5824 = ORIENTED_EDGE('',*,*,#5358,.T.);
#5825 = ORIENTED_EDGE('',*,*,#5386,.T.);
#5826 = ORIENTED_EDGE('',*,*,#5414,.T.);
#5827 = ORIENTED_EDGE('',*,*,#5442,.T.);
#5828 = ORIENTED_EDGE('',*,*,#5470,.T.);
#5829 = ORIENTED_EDGE('',*,*,#5498,.T.);
#5830 = ORIENTED_EDGE('',*,*,#5526,.T.);
#5831 = ORIENTED_EDGE('',*,*,#5554,.T.);
#5832 = ORIENTED_EDGE('',*,*,#5589,.T.);
#5833 = ORIENTED_EDGE('',*,*,#5604,.T.);
#5834 = ORIENTED_EDGE('',*,*,#5632,.T.);
#5835 = ORIENTED_EDGE('',*,*,#5660,.T.);
#5836 = ORIENTED_EDGE('',*,*,#5688,.T.);
#5837 = ORIENTED_EDGE('',*,*,#5716,.T.);
#5838 = ORIENTED_EDGE('',*,*,#5744,.T.);
#5839 = ORIENTED_EDGE('',*,*,#5772,.T.);
#5840 = ORIENTED_EDGE('',*,*,#5800,.T.);
#5841 = B_SPLINE_SURFACE_WITH_KNOTS('',1,1,(
    (#5842,#5843)
    ,(#5844,#5845
    )),.UNSPECIFIED.,.F.,.F.,.F.,(2,2),(2,2),(-4.464563386869E-02,
    8.596929194725E-03),(-2.733112541253E-02,7.112591122131E-03),
  .PIECEWISE_BEZIER_KNOTS.);
#5842 = CARTESIAN_POINT('',(-0.116253554572,0.8005,0.242792737262));
#5843 = CARTESIAN_POINT('',(-8.180983803701E-02,0.8005,0.242792737262));
#5844 = CARTESIAN_POINT('',(-0.116253554572,0.8005,0.189550174199));
#5845 = CARTESIAN_POINT('',(-8.180983803701E-02,0.8005,0.189550174199));
#5846 = ADVANCED_FACE('',(#5847),#5869,.F.);
#5847 = FACE_BOUND('',#5848,.T.);
#5848 = EDGE_LOOP('',(#5849,#5850,#5857,#5864));
#5849 = ORIENTED_EDGE('',*,*,#1258,.T.);
#5850 = ORIENTED_EDGE('',*,*,#5851,.F.);
#5851 = EDGE_CURVE('',#5852,#1250,#5854,.T.);
#5852 = VERTEX_POINT('',#5853);
#5853 = CARTESIAN_POINT('',(-0.160688690706,0.8005,0.241172570597));
#5854 = B_SPLINE_CURVE_WITH_KNOTS('',1,(#5855,#5856),.UNSPECIFIED.,.F.,
  .F.,(2,2),(-0.,1.E-03),.PIECEWISE_BEZIER_KNOTS.);
#5855 = CARTESIAN_POINT('',(-0.160688690706,0.8005,0.241172570597));
#5856 = CARTESIAN_POINT('',(-0.160688690706,0.7995,0.241172570597));
#5857 = ORIENTED_EDGE('',*,*,#5858,.F.);
#5858 = EDGE_CURVE('',#5859,#5852,#5861,.T.);
#5859 = VERTEX_POINT('',#5860);
#5860 = CARTESIAN_POINT('',(-0.169931906111,0.8005,0.241107014414));
#5861 = B_SPLINE_CURVE_WITH_KNOTS('',1,(#5862,#5863),.UNSPECIFIED.,.F.,
  .F.,(2,2),(-9.243447875715E-03,0.),.PIECEWISE_BEZIER_KNOTS.);
#5862 = CARTESIAN_POINT('',(-0.169931906111,0.8005,0.241107014414));
#5863 = CARTESIAN_POINT('',(-0.160688690706,0.8005,0.241172570597));
#5864 = ORIENTED_EDGE('',*,*,#5865,.T.);
#5865 = EDGE_CURVE('',#5859,#1259,#5866,.T.);
#5866 = B_SPLINE_CURVE_WITH_KNOTS('',1,(#5867,#5868),.UNSPECIFIED.,.F.,
  .F.,(2,2),(-0.,1.E-03),.PIECEWISE_BEZIER_KNOTS.);
#5867 = CARTESIAN_POINT('',(-0.169931906111,0.8005,0.241107014414));
#5868 = CARTESIAN_POINT('',(-0.169931906111,0.7995,0.241107014414));
#5869 = B_SPLINE_SURFACE_WITH_KNOTS('',1,1,(
    (#5870,#5871)
    ,(#5872,#5873
    )),.UNSPECIFIED.,.F.,.F.,.F.,(2,2),(2,2),(-0.,9.243447875715E-03),(
    -1.E-03,0.),.PIECEWISE_BEZIER_KNOTS.);
#5870 = CARTESIAN_POINT('',(-0.160688690706,0.7995,0.241172570597));
#5871 = CARTESIAN_POINT('',(-0.160688690706,0.8005,0.241172570597));
#5872 = CARTESIAN_POINT('',(-0.169931906111,0.7995,0.241107014414));
#5873 = CARTESIAN_POINT('',(-0.169931906111,0.8005,0.241107014414));
#5874 = ADVANCED_FACE('',(#5875),#5891,.F.);
#5875 = FACE_BOUND('',#5876,.T.);
#5876 = EDGE_LOOP('',(#5877,#5878,#5885,#5890));
#5877 = ORIENTED_EDGE('',*,*,#1249,.T.);
#5878 = ORIENTED_EDGE('',*,*,#5879,.F.);
#5879 = EDGE_CURVE('',#5880,#1252,#5882,.T.);
#5880 = VERTEX_POINT('',#5881);
#5881 = CARTESIAN_POINT('',(-0.146534156136,0.8005,0.202988110272));
#5882 = B_SPLINE_CURVE_WITH_KNOTS('',1,(#5883,#5884),.UNSPECIFIED.,.F.,
  .F.,(2,2),(-0.,1.E-03),.PIECEWISE_BEZIER_KNOTS.);
#5883 = CARTESIAN_POINT('',(-0.146534156136,0.8005,0.202988110272));
#5884 = CARTESIAN_POINT('',(-0.146534156136,0.7995,0.202988110272));
#5885 = ORIENTED_EDGE('',*,*,#5886,.F.);
#5886 = EDGE_CURVE('',#5852,#5880,#5887,.T.);
#5887 = B_SPLINE_CURVE_WITH_KNOTS('',1,(#5888,#5889),.UNSPECIFIED.,.F.,
  .F.,(2,2),(-4.07235049968E-02,-6.730687025945E-18),
  .PIECEWISE_BEZIER_KNOTS.);
#5888 = CARTESIAN_POINT('',(-0.160688690706,0.8005,0.241172570597));
#5889 = CARTESIAN_POINT('',(-0.146534156136,0.8005,0.202988110272));
#5890 = ORIENTED_EDGE('',*,*,#5851,.T.);
#5891 = B_SPLINE_SURFACE_WITH_KNOTS('',1,1,(
    (#5892,#5893)
    ,(#5894,#5895
    )),.UNSPECIFIED.,.F.,.F.,.F.,(2,2),(2,2),(0.,4.07235049968E-02),(
    -1.E-03,1.110223024625E-16),.PIECEWISE_BEZIER_KNOTS.);
#5892 = CARTESIAN_POINT('',(-0.146534156136,0.7995,0.202988110272));
#5893 = CARTESIAN_POINT('',(-0.146534156136,0.8005,0.202988110272));
#5894 = CARTESIAN_POINT('',(-0.160688690706,0.7995,0.241172570597));
#5895 = CARTESIAN_POINT('',(-0.160688690706,0.8005,0.241172570597));
#5896 = ADVANCED_FACE('',(#5897),#5915,.F.);
#5897 = FACE_BOUND('',#5898,.F.);
#5898 = EDGE_LOOP('',(#5899,#5900,#5909,#5914));
#5899 = ORIENTED_EDGE('',*,*,#5879,.F.);
#5900 = ORIENTED_EDGE('',*,*,#5901,.T.);
#5901 = EDGE_CURVE('',#5880,#5902,#5904,.T.);
#5902 = VERTEX_POINT('',#5903);
#5903 = CARTESIAN_POINT('',(-0.145413273022,0.8005,0.198883713991));
#5904 = B_SPLINE_CURVE_WITH_KNOTS('',3,(#5905,#5906,#5907,#5908),
  .UNSPECIFIED.,.F.,.F.,(4,4),(12.,13.),.PIECEWISE_BEZIER_KNOTS.);
#5905 = CARTESIAN_POINT('',(-0.146534156136,0.8005,0.202988110272));
#5906 = CARTESIAN_POINT('',(-0.145975650293,0.8005,0.20120884172));
#5907 = CARTESIAN_POINT('',(-0.145601936557,0.8005,0.199828579423));
#5908 = CARTESIAN_POINT('',(-0.145413273022,0.8005,0.198883713991));
#5909 = ORIENTED_EDGE('',*,*,#5910,.T.);
#5910 = EDGE_CURVE('',#5902,#1351,#5911,.T.);
#5911 = B_SPLINE_CURVE_WITH_KNOTS('',1,(#5912,#5913),.UNSPECIFIED.,.F.,
  .F.,(2,2),(-0.,1.E-03),.PIECEWISE_BEZIER_KNOTS.);
#5912 = CARTESIAN_POINT('',(-0.145413273022,0.8005,0.198883713991));
#5913 = CARTESIAN_POINT('',(-0.145413273022,0.7995,0.198883713991));
#5914 = ORIENTED_EDGE('',*,*,#1357,.F.);
#5915 = B_SPLINE_SURFACE_WITH_KNOTS('',3,1,(
    (#5916,#5917)
    ,(#5918,#5919)
    ,(#5920,#5921)
    ,(#5922,#5923
    )),.UNSPECIFIED.,.F.,.F.,.F.,(4,4),(2,2),(12.,13.),(0.,1.),
  .PIECEWISE_BEZIER_KNOTS.);
#5916 = CARTESIAN_POINT('',(-0.146534156136,0.8005,0.202988110272));
#5917 = CARTESIAN_POINT('',(-0.146534156136,0.7995,0.202988110272));
#5918 = CARTESIAN_POINT('',(-0.145975650293,0.8005,0.20120884172));
#5919 = CARTESIAN_POINT('',(-0.145975650293,0.7995,0.20120884172));
#5920 = CARTESIAN_POINT('',(-0.145601936557,0.8005,0.199828579423));
#5921 = CARTESIAN_POINT('',(-0.145601936557,0.7995,0.199828579423));
#5922 = CARTESIAN_POINT('',(-0.145413273022,0.8005,0.198883713991));
#5923 = CARTESIAN_POINT('',(-0.145413273022,0.7995,0.198883713991));
#5924 = ADVANCED_FACE('',(#5925),#5941,.F.);
#5925 = FACE_BOUND('',#5926,.T.);
#5926 = EDGE_LOOP('',(#5927,#5928,#5935,#5940));
#5927 = ORIENTED_EDGE('',*,*,#1350,.T.);
#5928 = ORIENTED_EDGE('',*,*,#5929,.F.);
#5929 = EDGE_CURVE('',#5930,#1344,#5932,.T.);
#5930 = VERTEX_POINT('',#5931);
#5931 = CARTESIAN_POINT('',(-0.145176734046,0.8005,0.19888539161));
#5932 = B_SPLINE_CURVE_WITH_KNOTS('',1,(#5933,#5934),.UNSPECIFIED.,.F.,
  .F.,(2,2),(-0.,1.E-03),.PIECEWISE_BEZIER_KNOTS.);
#5933 = CARTESIAN_POINT('',(-0.145176734046,0.8005,0.19888539161));
#5934 = CARTESIAN_POINT('',(-0.145176734046,0.7995,0.19888539161));
#5935 = ORIENTED_EDGE('',*,*,#5936,.F.);
#5936 = EDGE_CURVE('',#5902,#5930,#5937,.T.);
#5937 = B_SPLINE_CURVE_WITH_KNOTS('',1,(#5938,#5939),.UNSPECIFIED.,.F.,
  .F.,(2,2),(-2.365449256921E-04,0.),.PIECEWISE_BEZIER_KNOTS.);
#5938 = CARTESIAN_POINT('',(-0.145413273022,0.8005,0.198883713991));
#5939 = CARTESIAN_POINT('',(-0.145176734046,0.8005,0.19888539161));
#5940 = ORIENTED_EDGE('',*,*,#5910,.T.);
#5941 = B_SPLINE_SURFACE_WITH_KNOTS('',1,1,(
    (#5942,#5943)
    ,(#5944,#5945
    )),.UNSPECIFIED.,.F.,.F.,.F.,(2,2),(2,2),(-0.,2.365449256921E-04),(
    -1.E-03,0.),.PIECEWISE_BEZIER_KNOTS.);
#5942 = CARTESIAN_POINT('',(-0.145176734046,0.7995,0.19888539161));
#5943 = CARTESIAN_POINT('',(-0.145176734046,0.8005,0.19888539161));
#5944 = CARTESIAN_POINT('',(-0.145413273022,0.7995,0.198883713991));
#5945 = CARTESIAN_POINT('',(-0.145413273022,0.8005,0.198883713991));
#5946 = ADVANCED_FACE('',(#5947),#5963,.F.);
#5947 = FACE_BOUND('',#5948,.T.);
#5948 = EDGE_LOOP('',(#5949,#5950,#5957,#5962));
#5949 = ORIENTED_EDGE('',*,*,#1343,.T.);
#5950 = ORIENTED_EDGE('',*,*,#5951,.F.);
#5951 = EDGE_CURVE('',#5952,#1337,#5954,.T.);
#5952 = VERTEX_POINT('',#5953);
#5953 = CARTESIAN_POINT('',(-0.144114696639,0.8005,0.203078054827));
#5954 = B_SPLINE_CURVE_WITH_KNOTS('',1,(#5955,#5956),.UNSPECIFIED.,.F.,
  .F.,(2,2),(-0.,1.E-03),.PIECEWISE_BEZIER_KNOTS.);
#5955 = CARTESIAN_POINT('',(-0.144114696639,0.8005,0.203078054827));
#5956 = CARTESIAN_POINT('',(-0.144114696639,0.7995,0.203078054827));
#5957 = ORIENTED_EDGE('',*,*,#5958,.F.);
#5958 = EDGE_CURVE('',#5930,#5952,#5959,.T.);
#5959 = B_SPLINE_CURVE_WITH_KNOTS('',1,(#5960,#5961),.UNSPECIFIED.,.F.,
  .F.,(2,2),(-4.325083617966E-03,0.),.PIECEWISE_BEZIER_KNOTS.);
#5960 = CARTESIAN_POINT('',(-0.145176734046,0.8005,0.19888539161));
#5961 = CARTESIAN_POINT('',(-0.144114696639,0.8005,0.203078054827));
#5962 = ORIENTED_EDGE('',*,*,#5929,.T.);
#5963 = B_SPLINE_SURFACE_WITH_KNOTS('',1,1,(
    (#5964,#5965)
    ,(#5966,#5967
    )),.UNSPECIFIED.,.F.,.F.,.F.,(2,2),(2,2),(-0.,4.325083617966E-03),(
    -1.E-03,0.),.PIECEWISE_BEZIER_KNOTS.);
#5964 = CARTESIAN_POINT('',(-0.144114696639,0.7995,0.203078054827));
#5965 = CARTESIAN_POINT('',(-0.144114696639,0.8005,0.203078054827));
#5966 = CARTESIAN_POINT('',(-0.145176734046,0.7995,0.19888539161));
#5967 = CARTESIAN_POINT('',(-0.145176734046,0.8005,0.19888539161));
#5968 = ADVANCED_FACE('',(#5969),#5985,.F.);
#5969 = FACE_BOUND('',#5970,.T.);
#5970 = EDGE_LOOP('',(#5971,#5972,#5979,#5984));
#5971 = ORIENTED_EDGE('',*,*,#1336,.T.);
#5972 = ORIENTED_EDGE('',*,*,#5973,.F.);
#5973 = EDGE_CURVE('',#5974,#1330,#5976,.T.);
#5974 = VERTEX_POINT('',#5975);
#5975 = CARTESIAN_POINT('',(-0.131103123288,0.8005,0.241382401999));
#5976 = B_SPLINE_CURVE_WITH_KNOTS('',1,(#5977,#5978),.UNSPECIFIED.,.F.,
  .F.,(2,2),(-0.,1.E-03),.PIECEWISE_BEZIER_KNOTS.);
#5977 = CARTESIAN_POINT('',(-0.131103123288,0.8005,0.241382401999));
#5978 = CARTESIAN_POINT('',(-0.131103123288,0.7995,0.241382401999));
#5979 = ORIENTED_EDGE('',*,*,#5980,.F.);
#5980 = EDGE_CURVE('',#5952,#5974,#5981,.T.);
#5981 = B_SPLINE_CURVE_WITH_KNOTS('',1,(#5982,#5983),.UNSPECIFIED.,.F.,
  .F.,(2,2),(-4.045397450717E-02,0.),.PIECEWISE_BEZIER_KNOTS.);
#5982 = CARTESIAN_POINT('',(-0.144114696639,0.8005,0.203078054827));
#5983 = CARTESIAN_POINT('',(-0.131103123288,0.8005,0.241382401999));
#5984 = ORIENTED_EDGE('',*,*,#5951,.T.);
#5985 = B_SPLINE_SURFACE_WITH_KNOTS('',1,1,(
    (#5986,#5987)
    ,(#5988,#5989
    )),.UNSPECIFIED.,.F.,.F.,.F.,(2,2),(2,2),(-0.,4.045397450717E-02),(
    -1.E-03,0.),.PIECEWISE_BEZIER_KNOTS.);
#5986 = CARTESIAN_POINT('',(-0.131103123288,0.7995,0.241382401999));
#5987 = CARTESIAN_POINT('',(-0.131103123288,0.8005,0.241382401999));
#5988 = CARTESIAN_POINT('',(-0.144114696639,0.7995,0.203078054827));
#5989 = CARTESIAN_POINT('',(-0.144114696639,0.8005,0.203078054827));
#5990 = ADVANCED_FACE('',(#5991),#6007,.F.);
#5991 = FACE_BOUND('',#5992,.T.);
#5992 = EDGE_LOOP('',(#5993,#5994,#6001,#6006));
#5993 = ORIENTED_EDGE('',*,*,#1329,.T.);
#5994 = ORIENTED_EDGE('',*,*,#5995,.F.);
#5995 = EDGE_CURVE('',#5996,#1323,#5998,.T.);
#5996 = VERTEX_POINT('',#5997);
#5997 = CARTESIAN_POINT('',(-0.121132095646,0.8005,0.241453120086));
#5998 = B_SPLINE_CURVE_WITH_KNOTS('',1,(#5999,#6000),.UNSPECIFIED.,.F.,
  .F.,(2,2),(-0.,1.E-03),.PIECEWISE_BEZIER_KNOTS.);
#5999 = CARTESIAN_POINT('',(-0.121132095646,0.8005,0.241453120086));
#6000 = CARTESIAN_POINT('',(-0.121132095646,0.7995,0.241453120086));
#6001 = ORIENTED_EDGE('',*,*,#6002,.F.);
#6002 = EDGE_CURVE('',#5974,#5996,#6003,.T.);
#6003 = B_SPLINE_CURVE_WITH_KNOTS('',1,(#6004,#6005),.UNSPECIFIED.,.F.,
  .F.,(2,2),(-9.971278417519E-03,0.),.PIECEWISE_BEZIER_KNOTS.);
#6004 = CARTESIAN_POINT('',(-0.131103123288,0.8005,0.241382401999));
#6005 = CARTESIAN_POINT('',(-0.121132095646,0.8005,0.241453120086));
#6006 = ORIENTED_EDGE('',*,*,#5973,.T.);
#6007 = B_SPLINE_SURFACE_WITH_KNOTS('',1,1,(
    (#6008,#6009)
    ,(#6010,#6011
    )),.UNSPECIFIED.,.F.,.F.,.F.,(2,2),(2,2),(-0.,9.971278417519E-03),(
    -1.E-03,0.),.PIECEWISE_BEZIER_KNOTS.);
#6008 = CARTESIAN_POINT('',(-0.121132095646,0.7995,0.241453120086));
#6009 = CARTESIAN_POINT('',(-0.121132095646,0.8005,0.241453120086));
#6010 = CARTESIAN_POINT('',(-0.131103123288,0.7995,0.241382401999));
#6011 = CARTESIAN_POINT('',(-0.131103123288,0.8005,0.241382401999));
#6012 = ADVANCED_FACE('',(#6013),#6029,.F.);
#6013 = FACE_BOUND('',#6014,.T.);
#6014 = EDGE_LOOP('',(#6015,#6016,#6023,#6028));
#6015 = ORIENTED_EDGE('',*,*,#1322,.T.);
#6016 = ORIENTED_EDGE('',*,*,#6017,.F.);
#6017 = EDGE_CURVE('',#6018,#1316,#6020,.T.);
#6018 = VERTEX_POINT('',#6019);
#6019 = CARTESIAN_POINT('',(-0.140714366212,0.8005,0.190583171021));
#6020 = B_SPLINE_CURVE_WITH_KNOTS('',1,(#6021,#6022),.UNSPECIFIED.,.F.,
  .F.,(2,2),(-0.,1.E-03),.PIECEWISE_BEZIER_KNOTS.);
#6021 = CARTESIAN_POINT('',(-0.140714366212,0.8005,0.190583171021));
#6022 = CARTESIAN_POINT('',(-0.140714366212,0.7995,0.190583171021));
#6023 = ORIENTED_EDGE('',*,*,#6024,.F.);
#6024 = EDGE_CURVE('',#5996,#6018,#6025,.T.);
#6025 = B_SPLINE_CURVE_WITH_KNOTS('',1,(#6026,#6027),.UNSPECIFIED.,.F.,
  .F.,(2,2),(-5.450887119013E-02,-0.),.PIECEWISE_BEZIER_KNOTS.);
#6026 = CARTESIAN_POINT('',(-0.121132095646,0.8005,0.241453120086));
#6027 = CARTESIAN_POINT('',(-0.140714366212,0.8005,0.190583171021));
#6028 = ORIENTED_EDGE('',*,*,#5995,.T.);
#6029 = B_SPLINE_SURFACE_WITH_KNOTS('',1,1,(
    (#6030,#6031)
    ,(#6032,#6033
    )),.UNSPECIFIED.,.F.,.F.,.F.,(2,2),(2,2),(0.,5.450887119013E-02),(
    -1.E-03,0.),.PIECEWISE_BEZIER_KNOTS.);
#6030 = CARTESIAN_POINT('',(-0.140714366212,0.7995,0.190583171021));
#6031 = CARTESIAN_POINT('',(-0.140714366212,0.8005,0.190583171021));
#6032 = CARTESIAN_POINT('',(-0.121132095646,0.7995,0.241453120086));
#6033 = CARTESIAN_POINT('',(-0.121132095646,0.8005,0.241453120086));
#6034 = ADVANCED_FACE('',(#6035),#6051,.F.);
#6035 = FACE_BOUND('',#6036,.T.);
#6036 = EDGE_LOOP('',(#6037,#6038,#6045,#6050));
#6037 = ORIENTED_EDGE('',*,*,#1315,.T.);
#6038 = ORIENTED_EDGE('',*,*,#6039,.F.);
#6039 = EDGE_CURVE('',#6040,#1307,#6042,.T.);
#6040 = VERTEX_POINT('',#6041);
#6041 = CARTESIAN_POINT('',(-0.136736819258,0.8005,0.18136770085));
#6042 = B_SPLINE_CURVE_WITH_KNOTS('',1,(#6043,#6044),.UNSPECIFIED.,.F.,
  .F.,(2,2),(-0.,1.E-03),.PIECEWISE_BEZIER_KNOTS.);
#6043 = CARTESIAN_POINT('',(-0.136736819258,0.8005,0.18136770085));
#6044 = CARTESIAN_POINT('',(-0.136736819258,0.7995,0.18136770085));
#6045 = ORIENTED_EDGE('',*,*,#6046,.F.);
#6046 = EDGE_CURVE('',#6018,#6040,#6047,.T.);
#6047 = B_SPLINE_CURVE_WITH_KNOTS('',1,(#6048,#6049),.UNSPECIFIED.,.F.,
  .F.,(2,2),(-1.003721924828E-02,-1.448424810688E-17),
  .PIECEWISE_BEZIER_KNOTS.);
#6048 = CARTESIAN_POINT('',(-0.140714366212,0.8005,0.190583171021));
#6049 = CARTESIAN_POINT('',(-0.136736819258,0.8005,0.18136770085));
#6050 = ORIENTED_EDGE('',*,*,#6017,.T.);
#6051 = B_SPLINE_SURFACE_WITH_KNOTS('',1,1,(
    (#6052,#6053)
    ,(#6054,#6055
    )),.UNSPECIFIED.,.F.,.F.,.F.,(2,2),(2,2),(0.,1.003721924828E-02),(
    -1.E-03,1.110223024625E-16),.PIECEWISE_BEZIER_KNOTS.);
#6052 = CARTESIAN_POINT('',(-0.136736819258,0.7995,0.18136770085));
#6053 = CARTESIAN_POINT('',(-0.136736819258,0.8005,0.18136770085));
#6054 = CARTESIAN_POINT('',(-0.140714366212,0.7995,0.190583171021));
#6055 = CARTESIAN_POINT('',(-0.140714366212,0.8005,0.190583171021));
#6056 = ADVANCED_FACE('',(#6057),#6075,.F.);
#6057 = FACE_BOUND('',#6058,.F.);
#6058 = EDGE_LOOP('',(#6059,#6060,#6069,#6074));
#6059 = ORIENTED_EDGE('',*,*,#6039,.F.);
#6060 = ORIENTED_EDGE('',*,*,#6061,.T.);
#6061 = EDGE_CURVE('',#6040,#6062,#6064,.T.);
#6062 = VERTEX_POINT('',#6063);
#6063 = CARTESIAN_POINT('',(-0.127551930932,0.8005,0.174263532216));
#6064 = B_SPLINE_CURVE_WITH_KNOTS('',3,(#6065,#6066,#6067,#6068),
  .UNSPECIFIED.,.F.,.F.,(4,4),(5.,6.),.PIECEWISE_BEZIER_KNOTS.);
#6065 = CARTESIAN_POINT('',(-0.136736819258,0.8005,0.18136770085));
#6066 = CARTESIAN_POINT('',(-0.134683071734,0.8005,0.176578464373));
#6067 = CARTESIAN_POINT('',(-0.131627679458,0.8005,0.174234625553));
#6068 = CARTESIAN_POINT('',(-0.127551930932,0.8005,0.174263532216));
#6069 = ORIENTED_EDGE('',*,*,#6070,.T.);
#6070 = EDGE_CURVE('',#6062,#1298,#6071,.T.);
#6071 = B_SPLINE_CURVE_WITH_KNOTS('',1,(#6072,#6073),.UNSPECIFIED.,.F.,
  .F.,(2,2),(-0.,1.E-03),.PIECEWISE_BEZIER_KNOTS.);
#6072 = CARTESIAN_POINT('',(-0.127551930932,0.8005,0.174263532216));
#6073 = CARTESIAN_POINT('',(-0.127551930932,0.7995,0.174263532216));
#6074 = ORIENTED_EDGE('',*,*,#1306,.F.);
#6075 = B_SPLINE_SURFACE_WITH_KNOTS('',3,1,(
    (#6076,#6077)
    ,(#6078,#6079)
    ,(#6080,#6081)
    ,(#6082,#6083
    )),.UNSPECIFIED.,.F.,.F.,.F.,(4,4),(2,2),(5.,6.),(0.,1.),
  .PIECEWISE_BEZIER_KNOTS.);
#6076 = CARTESIAN_POINT('',(-0.136736819258,0.8005,0.18136770085));
#6077 = CARTESIAN_POINT('',(-0.136736819258,0.7995,0.18136770085));
#6078 = CARTESIAN_POINT('',(-0.134683071734,0.8005,0.176578464373));
#6079 = CARTESIAN_POINT('',(-0.134683071734,0.7995,0.176578464373));
#6080 = CARTESIAN_POINT('',(-0.131627679458,0.8005,0.174234625553));
#6081 = CARTESIAN_POINT('',(-0.131627679458,0.7995,0.174234625553));
#6082 = CARTESIAN_POINT('',(-0.127551930932,0.8005,0.174263532216));
#6083 = CARTESIAN_POINT('',(-0.127551930932,0.7995,0.174263532216));
#6084 = ADVANCED_FACE('',(#6085),#6103,.F.);
#6085 = FACE_BOUND('',#6086,.F.);
#6086 = EDGE_LOOP('',(#6087,#6088,#6097,#6102));
#6087 = ORIENTED_EDGE('',*,*,#6070,.F.);
#6088 = ORIENTED_EDGE('',*,*,#6089,.T.);
#6089 = EDGE_CURVE('',#6062,#6090,#6092,.T.);
#6090 = VERTEX_POINT('',#6091);
#6091 = CARTESIAN_POINT('',(-0.122500862554,0.8005,0.175318344581));
#6092 = B_SPLINE_CURVE_WITH_KNOTS('',3,(#6093,#6094,#6095,#6096),
  .UNSPECIFIED.,.F.,.F.,(4,4),(4.,5.),.PIECEWISE_BEZIER_KNOTS.);
#6093 = CARTESIAN_POINT('',(-0.127551930932,0.8005,0.174263532216));
#6094 = CARTESIAN_POINT('',(-0.1259143534,0.8005,0.1742751465));
#6095 = CARTESIAN_POINT('',(-0.124242708113,0.8005,0.174614534387));
#6096 = CARTESIAN_POINT('',(-0.122500862554,0.8005,0.175318344581));
#6097 = ORIENTED_EDGE('',*,*,#6098,.T.);
#6098 = EDGE_CURVE('',#6090,#1291,#6099,.T.);
#6099 = B_SPLINE_CURVE_WITH_KNOTS('',1,(#6100,#6101),.UNSPECIFIED.,.F.,
  .F.,(2,2),(-0.,1.E-03),.PIECEWISE_BEZIER_KNOTS.);
#6100 = CARTESIAN_POINT('',(-0.122500862554,0.8005,0.175318344581));
#6101 = CARTESIAN_POINT('',(-0.122500862554,0.7995,0.175318344581));
#6102 = ORIENTED_EDGE('',*,*,#1297,.F.);
#6103 = B_SPLINE_SURFACE_WITH_KNOTS('',3,1,(
    (#6104,#6105)
    ,(#6106,#6107)
    ,(#6108,#6109)
    ,(#6110,#6111
    )),.UNSPECIFIED.,.F.,.F.,.F.,(4,4),(2,2),(4.,5.),(0.,1.),
  .PIECEWISE_BEZIER_KNOTS.);
#6104 = CARTESIAN_POINT('',(-0.127551930932,0.8005,0.174263532216));
#6105 = CARTESIAN_POINT('',(-0.127551930932,0.7995,0.174263532216));
#6106 = CARTESIAN_POINT('',(-0.1259143534,0.8005,0.1742751465));
#6107 = CARTESIAN_POINT('',(-0.1259143534,0.7995,0.1742751465));
#6108 = CARTESIAN_POINT('',(-0.124242708113,0.8005,0.174614534387));
#6109 = CARTESIAN_POINT('',(-0.124242708113,0.7995,0.174614534387));
#6110 = CARTESIAN_POINT('',(-0.122500862554,0.8005,0.175318344581));
#6111 = CARTESIAN_POINT('',(-0.122500862554,0.7995,0.175318344581));
#6112 = ADVANCED_FACE('',(#6113),#6129,.F.);
#6113 = FACE_BOUND('',#6114,.T.);
#6114 = EDGE_LOOP('',(#6115,#6116,#6123,#6128));
#6115 = ORIENTED_EDGE('',*,*,#1290,.T.);
#6116 = ORIENTED_EDGE('',*,*,#6117,.F.);
#6117 = EDGE_CURVE('',#6118,#1282,#6120,.T.);
#6118 = VERTEX_POINT('',#6119);
#6119 = CARTESIAN_POINT('',(-0.122444597799,0.8005,0.167385191202));
#6120 = B_SPLINE_CURVE_WITH_KNOTS('',1,(#6121,#6122),.UNSPECIFIED.,.F.,
  .F.,(2,2),(-0.,1.E-03),.PIECEWISE_BEZIER_KNOTS.);
#6121 = CARTESIAN_POINT('',(-0.122444597799,0.8005,0.167385191202));
#6122 = CARTESIAN_POINT('',(-0.122444597799,0.7995,0.167385191202));
#6123 = ORIENTED_EDGE('',*,*,#6124,.F.);
#6124 = EDGE_CURVE('',#6090,#6118,#6125,.T.);
#6125 = B_SPLINE_CURVE_WITH_KNOTS('',1,(#6126,#6127),.UNSPECIFIED.,.F.,
  .F.,(2,2),(-7.933352901676E-03,-2.755803007114E-17),
  .PIECEWISE_BEZIER_KNOTS.);
#6126 = CARTESIAN_POINT('',(-0.122500862554,0.8005,0.175318344581));
#6127 = CARTESIAN_POINT('',(-0.122444597799,0.8005,0.167385191202));
#6128 = ORIENTED_EDGE('',*,*,#6098,.T.);
#6129 = B_SPLINE_SURFACE_WITH_KNOTS('',1,1,(
    (#6130,#6131)
    ,(#6132,#6133
    )),.UNSPECIFIED.,.F.,.F.,.F.,(2,2),(2,2),(2.755803007114E-17,
    7.933352901676E-03),(-1.E-03,1.110223024625E-16),
  .PIECEWISE_BEZIER_KNOTS.);
#6130 = CARTESIAN_POINT('',(-0.122444597799,0.7995,0.167385191202));
#6131 = CARTESIAN_POINT('',(-0.122444597799,0.8005,0.167385191202));
#6132 = CARTESIAN_POINT('',(-0.122500862554,0.7995,0.175318344581));
#6133 = CARTESIAN_POINT('',(-0.122500862554,0.8005,0.175318344581));
#6134 = ADVANCED_FACE('',(#6135),#6153,.F.);
#6135 = FACE_BOUND('',#6136,.F.);
#6136 = EDGE_LOOP('',(#6137,#6138,#6147,#6152));
#6137 = ORIENTED_EDGE('',*,*,#6117,.F.);
#6138 = ORIENTED_EDGE('',*,*,#6139,.T.);
#6139 = EDGE_CURVE('',#6118,#6140,#6142,.T.);
#6140 = VERTEX_POINT('',#6141);
#6141 = CARTESIAN_POINT('',(-0.128189152564,0.8005,0.166616599923));
#6142 = B_SPLINE_CURVE_WITH_KNOTS('',3,(#6143,#6144,#6145,#6146),
  .UNSPECIFIED.,.F.,.F.,(4,4),(2.,3.),.PIECEWISE_BEZIER_KNOTS.);
#6143 = CARTESIAN_POINT('',(-0.122444597799,0.8005,0.167385191202));
#6144 = CARTESIAN_POINT('',(-0.124024234176,0.8005,0.166900886107));
#6145 = CARTESIAN_POINT('',(-0.125951129936,0.8005,0.166632472778));
#6146 = CARTESIAN_POINT('',(-0.128189152564,0.8005,0.166616599923));
#6147 = ORIENTED_EDGE('',*,*,#6148,.T.);
#6148 = EDGE_CURVE('',#6140,#1273,#6149,.T.);
#6149 = B_SPLINE_CURVE_WITH_KNOTS('',1,(#6150,#6151),.UNSPECIFIED.,.F.,
  .F.,(2,2),(-0.,1.E-03),.PIECEWISE_BEZIER_KNOTS.);
#6150 = CARTESIAN_POINT('',(-0.128189152564,0.8005,0.166616599923));
#6151 = CARTESIAN_POINT('',(-0.128189152564,0.7995,0.166616599923));
#6152 = ORIENTED_EDGE('',*,*,#1281,.F.);
#6153 = B_SPLINE_SURFACE_WITH_KNOTS('',3,1,(
    (#6154,#6155)
    ,(#6156,#6157)
    ,(#6158,#6159)
    ,(#6160,#6161
    )),.UNSPECIFIED.,.F.,.F.,.F.,(4,4),(2,2),(2.,3.),(0.,1.),
  .PIECEWISE_BEZIER_KNOTS.);
#6154 = CARTESIAN_POINT('',(-0.122444597799,0.8005,0.167385191202));
#6155 = CARTESIAN_POINT('',(-0.122444597799,0.7995,0.167385191202));
#6156 = CARTESIAN_POINT('',(-0.124024234176,0.8005,0.166900886107));
#6157 = CARTESIAN_POINT('',(-0.124024234176,0.7995,0.166900886107));
#6158 = CARTESIAN_POINT('',(-0.125951129936,0.8005,0.166632472778));
#6159 = CARTESIAN_POINT('',(-0.125951129936,0.7995,0.166632472778));
#6160 = CARTESIAN_POINT('',(-0.128189152564,0.8005,0.166616599923));
#6161 = CARTESIAN_POINT('',(-0.128189152564,0.7995,0.166616599923));
#6162 = ADVANCED_FACE('',(#6163),#6181,.F.);
#6163 = FACE_BOUND('',#6164,.F.);
#6164 = EDGE_LOOP('',(#6165,#6166,#6175,#6180));
#6165 = ORIENTED_EDGE('',*,*,#6148,.F.);
#6166 = ORIENTED_EDGE('',*,*,#6167,.T.);
#6167 = EDGE_CURVE('',#6140,#6168,#6170,.T.);
#6168 = VERTEX_POINT('',#6169);
#6169 = CARTESIAN_POINT('',(-0.146445241119,0.8005,0.182754542951));
#6170 = B_SPLINE_CURVE_WITH_KNOTS('',3,(#6171,#6172,#6173,#6174),
  .UNSPECIFIED.,.F.,.F.,(4,4),(1.,2.),.PIECEWISE_BEZIER_KNOTS.);
#6171 = CARTESIAN_POINT('',(-0.128189152564,0.8005,0.166616599923));
#6172 = CARTESIAN_POINT('',(-0.135994938802,0.8005,0.166561238501));
#6173 = CARTESIAN_POINT('',(-0.142074236551,0.8005,0.17194059586));
#6174 = CARTESIAN_POINT('',(-0.146445241119,0.8005,0.182754542951));
#6175 = ORIENTED_EDGE('',*,*,#6176,.T.);
#6176 = EDGE_CURVE('',#6168,#1266,#6177,.T.);
#6177 = B_SPLINE_CURVE_WITH_KNOTS('',1,(#6178,#6179),.UNSPECIFIED.,.F.,
  .F.,(2,2),(-0.,1.E-03),.PIECEWISE_BEZIER_KNOTS.);
#6178 = CARTESIAN_POINT('',(-0.146445241119,0.8005,0.182754542951));
#6179 = CARTESIAN_POINT('',(-0.146445241119,0.7995,0.182754542951));
#6180 = ORIENTED_EDGE('',*,*,#1272,.F.);
#6181 = B_SPLINE_SURFACE_WITH_KNOTS('',3,1,(
    (#6182,#6183)
    ,(#6184,#6185)
    ,(#6186,#6187)
    ,(#6188,#6189
    )),.UNSPECIFIED.,.F.,.F.,.F.,(4,4),(2,2),(1.,2.),(0.,1.),
  .PIECEWISE_BEZIER_KNOTS.);
#6182 = CARTESIAN_POINT('',(-0.128189152564,0.8005,0.166616599923));
#6183 = CARTESIAN_POINT('',(-0.128189152564,0.7995,0.166616599923));
#6184 = CARTESIAN_POINT('',(-0.135994938802,0.8005,0.166561238501));
#6185 = CARTESIAN_POINT('',(-0.135994938802,0.7995,0.166561238501));
#6186 = CARTESIAN_POINT('',(-0.142074236551,0.8005,0.17194059586));
#6187 = CARTESIAN_POINT('',(-0.142074236551,0.7995,0.17194059586));
#6188 = CARTESIAN_POINT('',(-0.146445241119,0.8005,0.182754542951));
#6189 = CARTESIAN_POINT('',(-0.146445241119,0.7995,0.182754542951));
#6190 = ADVANCED_FACE('',(#6191),#6201,.F.);
#6191 = FACE_BOUND('',#6192,.T.);
#6192 = EDGE_LOOP('',(#6193,#6194,#6195,#6200));
#6193 = ORIENTED_EDGE('',*,*,#1265,.T.);
#6194 = ORIENTED_EDGE('',*,*,#5865,.F.);
#6195 = ORIENTED_EDGE('',*,*,#6196,.F.);
#6196 = EDGE_CURVE('',#6168,#5859,#6197,.T.);
#6197 = B_SPLINE_CURVE_WITH_KNOTS('',1,(#6198,#6199),.UNSPECIFIED.,.F.,
  .F.,(2,2),(-6.290178342723E-02,0.),.PIECEWISE_BEZIER_KNOTS.);
#6198 = CARTESIAN_POINT('',(-0.146445241119,0.8005,0.182754542951));
#6199 = CARTESIAN_POINT('',(-0.169931906111,0.8005,0.241107014414));
#6200 = ORIENTED_EDGE('',*,*,#6176,.T.);
#6201 = B_SPLINE_SURFACE_WITH_KNOTS('',1,1,(
    (#6202,#6203)
    ,(#6204,#6205
    )),.UNSPECIFIED.,.F.,.F.,.F.,(2,2),(2,2),(0.,6.290178342723E-02),(
    -1.E-03,0.),.PIECEWISE_BEZIER_KNOTS.);
#6202 = CARTESIAN_POINT('',(-0.169931906111,0.7995,0.241107014414));
#6203 = CARTESIAN_POINT('',(-0.169931906111,0.8005,0.241107014414));
#6204 = CARTESIAN_POINT('',(-0.146445241119,0.7995,0.182754542951));
#6205 = CARTESIAN_POINT('',(-0.146445241119,0.8005,0.182754542951));
#6206 = ADVANCED_FACE('',(#6207),#6224,.T.);
#6207 = FACE_BOUND('',#6208,.T.);
#6208 = EDGE_LOOP('',(#6209,#6210,#6211,#6212,#6213,#6214,#6215,#6216,
    #6217,#6218,#6219,#6220,#6221,#6222,#6223));
#6209 = ORIENTED_EDGE('',*,*,#5858,.T.);
#6210 = ORIENTED_EDGE('',*,*,#5886,.T.);
#6211 = ORIENTED_EDGE('',*,*,#5901,.T.);
#6212 = ORIENTED_EDGE('',*,*,#5936,.T.);
#6213 = ORIENTED_EDGE('',*,*,#5958,.T.);
#6214 = ORIENTED_EDGE('',*,*,#5980,.T.);
#6215 = ORIENTED_EDGE('',*,*,#6002,.T.);
#6216 = ORIENTED_EDGE('',*,*,#6024,.T.);
#6217 = ORIENTED_EDGE('',*,*,#6046,.T.);
#6218 = ORIENTED_EDGE('',*,*,#6061,.T.);
#6219 = ORIENTED_EDGE('',*,*,#6089,.T.);
#6220 = ORIENTED_EDGE('',*,*,#6124,.T.);
#6221 = ORIENTED_EDGE('',*,*,#6139,.T.);
#6222 = ORIENTED_EDGE('',*,*,#6167,.T.);
#6223 = ORIENTED_EDGE('',*,*,#6196,.T.);
#6224 = B_SPLINE_SURFACE_WITH_KNOTS('',1,1,(
    (#6225,#6226)
    ,(#6227,#6228
    )),.UNSPECIFIED.,.F.,.F.,.F.,(2,2),(2,2),(-4.048342243511E-03,
    7.084353934149E-02),(-3.13266661435E-02,1.747314432174E-02),
  .PIECEWISE_BEZIER_KNOTS.);
#6225 = CARTESIAN_POINT('',(-0.169931906111,0.8005,0.166561238501));
#6226 = CARTESIAN_POINT('',(-0.121132095646,0.8005,0.166561238501));
#6227 = CARTESIAN_POINT('',(-0.169931906111,0.8005,0.241453120086));
#6228 = CARTESIAN_POINT('',(-0.121132095646,0.8005,0.241453120086));
#6229 = ADVANCED_FACE('',(#6230),#6252,.F.);
#6230 = FACE_BOUND('',#6231,.T.);
#6231 = EDGE_LOOP('',(#6232,#6233,#6240,#6247));
#6232 = ORIENTED_EDGE('',*,*,#1172,.T.);
#6233 = ORIENTED_EDGE('',*,*,#6234,.F.);
#6234 = EDGE_CURVE('',#6235,#1164,#6237,.T.);
#6235 = VERTEX_POINT('',#6236);
#6236 = CARTESIAN_POINT('',(-0.217518947509,0.8005,0.198044782834));
#6237 = B_SPLINE_CURVE_WITH_KNOTS('',1,(#6238,#6239),.UNSPECIFIED.,.F.,
  .F.,(2,2),(-0.,1.E-03),.PIECEWISE_BEZIER_KNOTS.);
#6238 = CARTESIAN_POINT('',(-0.217518947509,0.8005,0.198044782834));
#6239 = CARTESIAN_POINT('',(-0.217518947509,0.7995,0.198044782834));
#6240 = ORIENTED_EDGE('',*,*,#6241,.F.);
#6241 = EDGE_CURVE('',#6242,#6235,#6244,.T.);
#6242 = VERTEX_POINT('',#6243);
#6243 = CARTESIAN_POINT('',(-0.217461392278,0.8005,0.189929676395));
#6244 = B_SPLINE_CURVE_WITH_KNOTS('',1,(#6245,#6246),.UNSPECIFIED.,.F.,
  .F.,(2,2),(-8.115310536826E-03,0.),.PIECEWISE_BEZIER_KNOTS.);
#6245 = CARTESIAN_POINT('',(-0.217461392278,0.8005,0.189929676395));
#6246 = CARTESIAN_POINT('',(-0.217518947509,0.8005,0.198044782834));
#6247 = ORIENTED_EDGE('',*,*,#6248,.T.);
#6248 = EDGE_CURVE('',#6242,#1173,#6249,.T.);
#6249 = B_SPLINE_CURVE_WITH_KNOTS('',1,(#6250,#6251),.UNSPECIFIED.,.F.,
  .F.,(2,2),(-0.,1.E-03),.PIECEWISE_BEZIER_KNOTS.);
#6250 = CARTESIAN_POINT('',(-0.217461392278,0.8005,0.189929676395));
#6251 = CARTESIAN_POINT('',(-0.217461392278,0.7995,0.189929676395));
#6252 = B_SPLINE_SURFACE_WITH_KNOTS('',1,1,(
    (#6253,#6254)
    ,(#6255,#6256
    )),.UNSPECIFIED.,.F.,.F.,.F.,(2,2),(2,2),(0.,8.115310536826E-03),(
    -1.E-03,0.),.PIECEWISE_BEZIER_KNOTS.);
#6253 = CARTESIAN_POINT('',(-0.217518947509,0.7995,0.198044782834));
#6254 = CARTESIAN_POINT('',(-0.217518947509,0.8005,0.198044782834));
#6255 = CARTESIAN_POINT('',(-0.217461392278,0.7995,0.189929676395));
#6256 = CARTESIAN_POINT('',(-0.217461392278,0.8005,0.189929676395));
#6257 = ADVANCED_FACE('',(#6258),#6274,.F.);
#6258 = FACE_BOUND('',#6259,.T.);
#6259 = EDGE_LOOP('',(#6260,#6261,#6268,#6273));
#6260 = ORIENTED_EDGE('',*,*,#1163,.T.);
#6261 = ORIENTED_EDGE('',*,*,#6262,.F.);
#6262 = EDGE_CURVE('',#6263,#1166,#6265,.T.);
#6263 = VERTEX_POINT('',#6264);
#6264 = CARTESIAN_POINT('',(-0.18842465335,0.8005,0.198251129951));
#6265 = B_SPLINE_CURVE_WITH_KNOTS('',1,(#6266,#6267),.UNSPECIFIED.,.F.,
  .F.,(2,2),(-0.,1.E-03),.PIECEWISE_BEZIER_KNOTS.);
#6266 = CARTESIAN_POINT('',(-0.18842465335,0.8005,0.198251129951));
#6267 = CARTESIAN_POINT('',(-0.18842465335,0.7995,0.198251129951));
#6268 = ORIENTED_EDGE('',*,*,#6269,.F.);
#6269 = EDGE_CURVE('',#6235,#6263,#6270,.T.);
#6270 = B_SPLINE_CURVE_WITH_KNOTS('',1,(#6271,#6272),.UNSPECIFIED.,.F.,
  .F.,(2,2),(-2.909502589318E-02,0.),.PIECEWISE_BEZIER_KNOTS.);
#6271 = CARTESIAN_POINT('',(-0.217518947509,0.8005,0.198044782834));
#6272 = CARTESIAN_POINT('',(-0.18842465335,0.8005,0.198251129951));
#6273 = ORIENTED_EDGE('',*,*,#6234,.T.);
#6274 = B_SPLINE_SURFACE_WITH_KNOTS('',1,1,(
    (#6275,#6276)
    ,(#6277,#6278
    )),.UNSPECIFIED.,.F.,.F.,.F.,(2,2),(2,2),(-0.,2.909502589318E-02),(
    -1.E-03,0.),.PIECEWISE_BEZIER_KNOTS.);
#6275 = CARTESIAN_POINT('',(-0.18842465335,0.7995,0.198251129951));
#6276 = CARTESIAN_POINT('',(-0.18842465335,0.8005,0.198251129951));
#6277 = CARTESIAN_POINT('',(-0.217518947509,0.7995,0.198044782834));
#6278 = CARTESIAN_POINT('',(-0.217518947509,0.8005,0.198044782834));
#6279 = ADVANCED_FACE('',(#6280),#6296,.F.);
#6280 = FACE_BOUND('',#6281,.T.);
#6281 = EDGE_LOOP('',(#6282,#6283,#6290,#6295));
#6282 = ORIENTED_EDGE('',*,*,#1242,.T.);
#6283 = ORIENTED_EDGE('',*,*,#6284,.F.);
#6284 = EDGE_CURVE('',#6285,#1236,#6287,.T.);
#6285 = VERTEX_POINT('',#6286);
#6286 = CARTESIAN_POINT('',(-0.188594479996,0.8005,0.222196152536));
#6287 = B_SPLINE_CURVE_WITH_KNOTS('',1,(#6288,#6289),.UNSPECIFIED.,.F.,
  .F.,(2,2),(-0.,1.E-03),.PIECEWISE_BEZIER_KNOTS.);
#6288 = CARTESIAN_POINT('',(-0.188594479996,0.8005,0.222196152536));
#6289 = CARTESIAN_POINT('',(-0.188594479996,0.7995,0.222196152536));
#6290 = ORIENTED_EDGE('',*,*,#6291,.F.);
#6291 = EDGE_CURVE('',#6263,#6285,#6292,.T.);
#6292 = B_SPLINE_CURVE_WITH_KNOTS('',1,(#6293,#6294),.UNSPECIFIED.,.F.,
  .F.,(2,2),(-2.394562481266E-02,0.),.PIECEWISE_BEZIER_KNOTS.);
#6293 = CARTESIAN_POINT('',(-0.18842465335,0.8005,0.198251129951));
#6294 = CARTESIAN_POINT('',(-0.188594479996,0.8005,0.222196152536));
#6295 = ORIENTED_EDGE('',*,*,#6262,.T.);
#6296 = B_SPLINE_SURFACE_WITH_KNOTS('',1,1,(
    (#6297,#6298)
    ,(#6299,#6300
    )),.UNSPECIFIED.,.F.,.F.,.F.,(2,2),(2,2),(0.,2.394562481266E-02),(
    -1.E-03,0.),.PIECEWISE_BEZIER_KNOTS.);
#6297 = CARTESIAN_POINT('',(-0.188594479996,0.7995,0.222196152536));
#6298 = CARTESIAN_POINT('',(-0.188594479996,0.8005,0.222196152536));
#6299 = CARTESIAN_POINT('',(-0.18842465335,0.7995,0.198251129951));
#6300 = CARTESIAN_POINT('',(-0.18842465335,0.8005,0.198251129951));
#6301 = ADVANCED_FACE('',(#6302),#6318,.F.);
#6302 = FACE_BOUND('',#6303,.T.);
#6303 = EDGE_LOOP('',(#6304,#6305,#6312,#6317));
#6304 = ORIENTED_EDGE('',*,*,#1235,.T.);
#6305 = ORIENTED_EDGE('',*,*,#6306,.F.);
#6306 = EDGE_CURVE('',#6307,#1229,#6309,.T.);
#6307 = VERTEX_POINT('',#6308);
#6308 = CARTESIAN_POINT('',(-0.214049712971,0.8005,0.222015614939));
#6309 = B_SPLINE_CURVE_WITH_KNOTS('',1,(#6310,#6311),.UNSPECIFIED.,.F.,
  .F.,(2,2),(-0.,1.E-03),.PIECEWISE_BEZIER_KNOTS.);
#6310 = CARTESIAN_POINT('',(-0.214049712971,0.8005,0.222015614939));
#6311 = CARTESIAN_POINT('',(-0.214049712971,0.7995,0.222015614939));
#6312 = ORIENTED_EDGE('',*,*,#6313,.F.);
#6313 = EDGE_CURVE('',#6285,#6307,#6314,.T.);
#6314 = B_SPLINE_CURVE_WITH_KNOTS('',1,(#6315,#6316),.UNSPECIFIED.,.F.,
  .F.,(2,2),(-2.545587318585E-02,-0.),.PIECEWISE_BEZIER_KNOTS.);
#6315 = CARTESIAN_POINT('',(-0.188594479996,0.8005,0.222196152536));
#6316 = CARTESIAN_POINT('',(-0.214049712971,0.8005,0.222015614939));
#6317 = ORIENTED_EDGE('',*,*,#6284,.T.);
#6318 = B_SPLINE_SURFACE_WITH_KNOTS('',1,1,(
    (#6319,#6320)
    ,(#6321,#6322
    )),.UNSPECIFIED.,.F.,.F.,.F.,(2,2),(2,2),(0.,2.545587318585E-02),(
    -1.E-03,0.),.PIECEWISE_BEZIER_KNOTS.);
#6319 = CARTESIAN_POINT('',(-0.214049712971,0.7995,0.222015614939));
#6320 = CARTESIAN_POINT('',(-0.214049712971,0.8005,0.222015614939));
#6321 = CARTESIAN_POINT('',(-0.188594479996,0.7995,0.222196152536));
#6322 = CARTESIAN_POINT('',(-0.188594479996,0.8005,0.222196152536));
#6323 = ADVANCED_FACE('',(#6324),#6340,.F.);
#6324 = FACE_BOUND('',#6325,.T.);
#6325 = EDGE_LOOP('',(#6326,#6327,#6334,#6339));
#6326 = ORIENTED_EDGE('',*,*,#1228,.T.);
#6327 = ORIENTED_EDGE('',*,*,#6328,.F.);
#6328 = EDGE_CURVE('',#6329,#1222,#6331,.T.);
#6329 = VERTEX_POINT('',#6330);
#6330 = CARTESIAN_POINT('',(-0.214107526297,0.8005,0.230167111989));
#6331 = B_SPLINE_CURVE_WITH_KNOTS('',1,(#6332,#6333),.UNSPECIFIED.,.F.,
  .F.,(2,2),(-0.,1.E-03),.PIECEWISE_BEZIER_KNOTS.);
#6332 = CARTESIAN_POINT('',(-0.214107526297,0.8005,0.230167111989));
#6333 = CARTESIAN_POINT('',(-0.214107526297,0.7995,0.230167111989));
#6334 = ORIENTED_EDGE('',*,*,#6335,.F.);
#6335 = EDGE_CURVE('',#6307,#6329,#6336,.T.);
#6336 = B_SPLINE_CURVE_WITH_KNOTS('',1,(#6337,#6338),.UNSPECIFIED.,.F.,
  .F.,(2,2),(-8.151702063854E-03,0.),.PIECEWISE_BEZIER_KNOTS.);
#6337 = CARTESIAN_POINT('',(-0.214049712971,0.8005,0.222015614939));
#6338 = CARTESIAN_POINT('',(-0.214107526297,0.8005,0.230167111989));
#6339 = ORIENTED_EDGE('',*,*,#6306,.T.);
#6340 = B_SPLINE_SURFACE_WITH_KNOTS('',1,1,(
    (#6341,#6342)
    ,(#6343,#6344
    )),.UNSPECIFIED.,.F.,.F.,.F.,(2,2),(2,2),(0.,8.151702063854E-03),(
    -1.E-03,0.),.PIECEWISE_BEZIER_KNOTS.);
#6341 = CARTESIAN_POINT('',(-0.214107526297,0.7995,0.230167111989));
#6342 = CARTESIAN_POINT('',(-0.214107526297,0.8005,0.230167111989));
#6343 = CARTESIAN_POINT('',(-0.214049712971,0.7995,0.222015614939));
#6344 = CARTESIAN_POINT('',(-0.214049712971,0.8005,0.222015614939));
#6345 = ADVANCED_FACE('',(#6346),#6362,.F.);
#6346 = FACE_BOUND('',#6347,.T.);
#6347 = EDGE_LOOP('',(#6348,#6349,#6356,#6361));
#6348 = ORIENTED_EDGE('',*,*,#1221,.T.);
#6349 = ORIENTED_EDGE('',*,*,#6350,.F.);
#6350 = EDGE_CURVE('',#6351,#1215,#6353,.T.);
#6351 = VERTEX_POINT('',#6352);
#6352 = CARTESIAN_POINT('',(-0.188652293322,0.8005,0.230347649586));
#6353 = B_SPLINE_CURVE_WITH_KNOTS('',1,(#6354,#6355),.UNSPECIFIED.,.F.,
  .F.,(2,2),(-0.,1.E-03),.PIECEWISE_BEZIER_KNOTS.);
#6354 = CARTESIAN_POINT('',(-0.188652293322,0.8005,0.230347649586));
#6355 = CARTESIAN_POINT('',(-0.188652293322,0.7995,0.230347649586));
#6356 = ORIENTED_EDGE('',*,*,#6357,.F.);
#6357 = EDGE_CURVE('',#6329,#6351,#6358,.T.);
#6358 = B_SPLINE_CURVE_WITH_KNOTS('',1,(#6359,#6360),.UNSPECIFIED.,.F.,
  .F.,(2,2),(-2.545587318585E-02,0.),.PIECEWISE_BEZIER_KNOTS.);
#6359 = CARTESIAN_POINT('',(-0.214107526297,0.8005,0.230167111989));
#6360 = CARTESIAN_POINT('',(-0.188652293322,0.8005,0.230347649586));
#6361 = ORIENTED_EDGE('',*,*,#6328,.T.);
#6362 = B_SPLINE_SURFACE_WITH_KNOTS('',1,1,(
    (#6363,#6364)
    ,(#6365,#6366
    )),.UNSPECIFIED.,.F.,.F.,.F.,(2,2),(2,2),(-0.,2.545587318585E-02),(
    -1.E-03,0.),.PIECEWISE_BEZIER_KNOTS.);
#6363 = CARTESIAN_POINT('',(-0.188652293322,0.7995,0.230347649586));
#6364 = CARTESIAN_POINT('',(-0.188652293322,0.8005,0.230347649586));
#6365 = CARTESIAN_POINT('',(-0.214107526297,0.7995,0.230167111989));
#6366 = CARTESIAN_POINT('',(-0.214107526297,0.8005,0.230167111989));
#6367 = ADVANCED_FACE('',(#6368),#6384,.F.);
#6368 = FACE_BOUND('',#6369,.T.);
#6369 = EDGE_LOOP('',(#6370,#6371,#6378,#6383));
#6370 = ORIENTED_EDGE('',*,*,#1214,.T.);
#6371 = ORIENTED_EDGE('',*,*,#6372,.F.);
#6372 = EDGE_CURVE('',#6373,#1208,#6375,.T.);
#6373 = VERTEX_POINT('',#6374);
#6374 = CARTESIAN_POINT('',(-0.188813860921,0.8005,0.253128172592));
#6375 = B_SPLINE_CURVE_WITH_KNOTS('',1,(#6376,#6377),.UNSPECIFIED.,.F.,
  .F.,(2,2),(-0.,1.E-03),.PIECEWISE_BEZIER_KNOTS.);
#6376 = CARTESIAN_POINT('',(-0.188813860921,0.8005,0.253128172592));
#6377 = CARTESIAN_POINT('',(-0.188813860921,0.7995,0.253128172592));
#6378 = ORIENTED_EDGE('',*,*,#6379,.F.);
#6379 = EDGE_CURVE('',#6351,#6373,#6380,.T.);
#6380 = B_SPLINE_CURVE_WITH_KNOTS('',1,(#6381,#6382),.UNSPECIFIED.,.F.,
  .F.,(2,2),(-2.278109594674E-02,0.),.PIECEWISE_BEZIER_KNOTS.);
#6381 = CARTESIAN_POINT('',(-0.188652293322,0.8005,0.230347649586));
#6382 = CARTESIAN_POINT('',(-0.188813860921,0.8005,0.253128172592));
#6383 = ORIENTED_EDGE('',*,*,#6350,.T.);
#6384 = B_SPLINE_SURFACE_WITH_KNOTS('',1,1,(
    (#6385,#6386)
    ,(#6387,#6388
    )),.UNSPECIFIED.,.F.,.F.,.F.,(2,2),(2,2),(0.,2.278109594674E-02),(
    -1.E-03,0.),.PIECEWISE_BEZIER_KNOTS.);
#6385 = CARTESIAN_POINT('',(-0.188813860921,0.7995,0.253128172592));
#6386 = CARTESIAN_POINT('',(-0.188813860921,0.8005,0.253128172592));
#6387 = CARTESIAN_POINT('',(-0.188652293322,0.7995,0.230347649586));
#6388 = CARTESIAN_POINT('',(-0.188652293322,0.8005,0.230347649586));
#6389 = ADVANCED_FACE('',(#6390),#6406,.F.);
#6390 = FACE_BOUND('',#6391,.T.);
#6391 = EDGE_LOOP('',(#6392,#6393,#6400,#6405));
#6392 = ORIENTED_EDGE('',*,*,#1207,.T.);
#6393 = ORIENTED_EDGE('',*,*,#6394,.F.);
#6394 = EDGE_CURVE('',#6395,#1201,#6397,.T.);
#6395 = VERTEX_POINT('',#6396);
#6396 = CARTESIAN_POINT('',(-0.216288772853,0.8005,0.252933310711));
#6397 = B_SPLINE_CURVE_WITH_KNOTS('',1,(#6398,#6399),.UNSPECIFIED.,.F.,
  .F.,(2,2),(-0.,1.E-03),.PIECEWISE_BEZIER_KNOTS.);
#6398 = CARTESIAN_POINT('',(-0.216288772853,0.8005,0.252933310711));
#6399 = CARTESIAN_POINT('',(-0.216288772853,0.7995,0.252933310711));
#6400 = ORIENTED_EDGE('',*,*,#6401,.F.);
#6401 = EDGE_CURVE('',#6373,#6395,#6402,.T.);
#6402 = B_SPLINE_CURVE_WITH_KNOTS('',1,(#6403,#6404),.UNSPECIFIED.,.F.,
  .F.,(2,2),(-2.747560293842E-02,-0.),.PIECEWISE_BEZIER_KNOTS.);
#6403 = CARTESIAN_POINT('',(-0.188813860921,0.8005,0.253128172592));
#6404 = CARTESIAN_POINT('',(-0.216288772853,0.8005,0.252933310711));
#6405 = ORIENTED_EDGE('',*,*,#6372,.T.);
#6406 = B_SPLINE_SURFACE_WITH_KNOTS('',1,1,(
    (#6407,#6408)
    ,(#6409,#6410
    )),.UNSPECIFIED.,.F.,.F.,.F.,(2,2),(2,2),(0.,2.747560293842E-02),(
    -1.E-03,0.),.PIECEWISE_BEZIER_KNOTS.);
#6407 = CARTESIAN_POINT('',(-0.216288772853,0.7995,0.252933310711));
#6408 = CARTESIAN_POINT('',(-0.216288772853,0.8005,0.252933310711));
#6409 = CARTESIAN_POINT('',(-0.188813860921,0.7995,0.253128172592));
#6410 = CARTESIAN_POINT('',(-0.188813860921,0.8005,0.253128172592));
#6411 = ADVANCED_FACE('',(#6412),#6428,.F.);
#6412 = FACE_BOUND('',#6413,.T.);
#6413 = EDGE_LOOP('',(#6414,#6415,#6422,#6427));
#6414 = ORIENTED_EDGE('',*,*,#1200,.T.);
#6415 = ORIENTED_EDGE('',*,*,#6416,.F.);
#6416 = EDGE_CURVE('',#6417,#1194,#6419,.T.);
#6417 = VERTEX_POINT('',#6418);
#6418 = CARTESIAN_POINT('',(-0.216346844275,0.8005,0.261121198373));
#6419 = B_SPLINE_CURVE_WITH_KNOTS('',1,(#6420,#6421),.UNSPECIFIED.,.F.,
  .F.,(2,2),(-0.,1.E-03),.PIECEWISE_BEZIER_KNOTS.);
#6420 = CARTESIAN_POINT('',(-0.216346844275,0.8005,0.261121198373));
#6421 = CARTESIAN_POINT('',(-0.216346844275,0.7995,0.261121198373));
#6422 = ORIENTED_EDGE('',*,*,#6423,.F.);
#6423 = EDGE_CURVE('',#6395,#6417,#6424,.T.);
#6424 = B_SPLINE_CURVE_WITH_KNOTS('',1,(#6425,#6426),.UNSPECIFIED.,.F.,
  .F.,(2,2),(-8.188093590883E-03,0.),.PIECEWISE_BEZIER_KNOTS.);
#6425 = CARTESIAN_POINT('',(-0.216288772853,0.8005,0.252933310711));
#6426 = CARTESIAN_POINT('',(-0.216346844275,0.8005,0.261121198373));
#6427 = ORIENTED_EDGE('',*,*,#6394,.T.);
#6428 = B_SPLINE_SURFACE_WITH_KNOTS('',1,1,(
    (#6429,#6430)
    ,(#6431,#6432
    )),.UNSPECIFIED.,.F.,.F.,.F.,(2,2),(2,2),(0.,8.188093590883E-03),(
    -1.E-03,0.),.PIECEWISE_BEZIER_KNOTS.);
#6429 = CARTESIAN_POINT('',(-0.216346844275,0.7995,0.261121198373));
#6430 = CARTESIAN_POINT('',(-0.216346844275,0.8005,0.261121198373));
#6431 = CARTESIAN_POINT('',(-0.216288772853,0.7995,0.252933310711));
#6432 = CARTESIAN_POINT('',(-0.216288772853,0.8005,0.252933310711));
#6433 = ADVANCED_FACE('',(#6434),#6450,.F.);
#6434 = FACE_BOUND('',#6435,.T.);
#6435 = EDGE_LOOP('',(#6436,#6437,#6444,#6449));
#6436 = ORIENTED_EDGE('',*,*,#1193,.T.);
#6437 = ORIENTED_EDGE('',*,*,#6438,.F.);
#6438 = EDGE_CURVE('',#6439,#1187,#6441,.T.);
#6439 = VERTEX_POINT('',#6440);
#6440 = CARTESIAN_POINT('',(-0.179683302855,0.8005,0.261381229294));
#6441 = B_SPLINE_CURVE_WITH_KNOTS('',1,(#6442,#6443),.UNSPECIFIED.,.F.,
  .F.,(2,2),(-0.,1.E-03),.PIECEWISE_BEZIER_KNOTS.);
#6442 = CARTESIAN_POINT('',(-0.179683302855,0.8005,0.261381229294));
#6443 = CARTESIAN_POINT('',(-0.179683302855,0.7995,0.261381229294));
#6444 = ORIENTED_EDGE('',*,*,#6445,.F.);
#6445 = EDGE_CURVE('',#6417,#6439,#6446,.T.);
#6446 = B_SPLINE_CURVE_WITH_KNOTS('',1,(#6447,#6448),.UNSPECIFIED.,.F.,
  .F.,(2,2),(-3.666446352407E-02,0.),.PIECEWISE_BEZIER_KNOTS.);
#6447 = CARTESIAN_POINT('',(-0.216346844275,0.8005,0.261121198373));
#6448 = CARTESIAN_POINT('',(-0.179683302855,0.8005,0.261381229294));
#6449 = ORIENTED_EDGE('',*,*,#6416,.T.);
#6450 = B_SPLINE_SURFACE_WITH_KNOTS('',1,1,(
    (#6451,#6452)
    ,(#6453,#6454
    )),.UNSPECIFIED.,.F.,.F.,.F.,(2,2),(2,2),(-0.,3.666446352407E-02),(
    -1.E-03,0.),.PIECEWISE_BEZIER_KNOTS.);
#6451 = CARTESIAN_POINT('',(-0.179683302855,0.7995,0.261381229294));
#6452 = CARTESIAN_POINT('',(-0.179683302855,0.8005,0.261381229294));
#6453 = CARTESIAN_POINT('',(-0.216346844275,0.7995,0.261121198373));
#6454 = CARTESIAN_POINT('',(-0.216346844275,0.8005,0.261121198373));
#6455 = ADVANCED_FACE('',(#6456),#6472,.F.);
#6456 = FACE_BOUND('',#6457,.T.);
#6457 = EDGE_LOOP('',(#6458,#6459,#6466,#6471));
#6458 = ORIENTED_EDGE('',*,*,#1186,.T.);
#6459 = ORIENTED_EDGE('',*,*,#6460,.F.);
#6460 = EDGE_CURVE('',#6461,#1180,#6463,.T.);
#6461 = VERTEX_POINT('',#6462);
#6462 = CARTESIAN_POINT('',(-0.179178468632,0.8005,0.190201192552));
#6463 = B_SPLINE_CURVE_WITH_KNOTS('',1,(#6464,#6465),.UNSPECIFIED.,.F.,
  .F.,(2,2),(-0.,1.E-03),.PIECEWISE_BEZIER_KNOTS.);
#6464 = CARTESIAN_POINT('',(-0.179178468632,0.8005,0.190201192552));
#6465 = CARTESIAN_POINT('',(-0.179178468632,0.7995,0.190201192552));
#6466 = ORIENTED_EDGE('',*,*,#6467,.F.);
#6467 = EDGE_CURVE('',#6439,#6461,#6468,.T.);
#6468 = B_SPLINE_CURVE_WITH_KNOTS('',1,(#6469,#6470),.UNSPECIFIED.,.F.,
  .F.,(2,2),(-7.118182695097E-02,0.),.PIECEWISE_BEZIER_KNOTS.);
#6469 = CARTESIAN_POINT('',(-0.179683302855,0.8005,0.261381229294));
#6470 = CARTESIAN_POINT('',(-0.179178468632,0.8005,0.190201192552));
#6471 = ORIENTED_EDGE('',*,*,#6438,.T.);
#6472 = B_SPLINE_SURFACE_WITH_KNOTS('',1,1,(
    (#6473,#6474)
    ,(#6475,#6476
    )),.UNSPECIFIED.,.F.,.F.,.F.,(2,2),(2,2),(0.,7.118182695097E-02),(
    -1.E-03,0.),.PIECEWISE_BEZIER_KNOTS.);
#6473 = CARTESIAN_POINT('',(-0.179178468632,0.7995,0.190201192552));
#6474 = CARTESIAN_POINT('',(-0.179178468632,0.8005,0.190201192552));
#6475 = CARTESIAN_POINT('',(-0.179683302855,0.7995,0.261381229294));
#6476 = CARTESIAN_POINT('',(-0.179683302855,0.8005,0.261381229294));
#6477 = ADVANCED_FACE('',(#6478),#6488,.F.);
#6478 = FACE_BOUND('',#6479,.T.);
#6479 = EDGE_LOOP('',(#6480,#6481,#6482,#6487));
#6480 = ORIENTED_EDGE('',*,*,#1179,.T.);
#6481 = ORIENTED_EDGE('',*,*,#6248,.F.);
#6482 = ORIENTED_EDGE('',*,*,#6483,.F.);
#6483 = EDGE_CURVE('',#6461,#6242,#6484,.T.);
#6484 = B_SPLINE_CURVE_WITH_KNOTS('',1,(#6485,#6486),.UNSPECIFIED.,.F.,
  .F.,(2,2),(-3.828388647883E-02,-0.),.PIECEWISE_BEZIER_KNOTS.);
#6485 = CARTESIAN_POINT('',(-0.179178468632,0.8005,0.190201192552));
#6486 = CARTESIAN_POINT('',(-0.217461392278,0.8005,0.189929676395));
#6487 = ORIENTED_EDGE('',*,*,#6460,.T.);
#6488 = B_SPLINE_SURFACE_WITH_KNOTS('',1,1,(
    (#6489,#6490)
    ,(#6491,#6492
    )),.UNSPECIFIED.,.F.,.F.,.F.,(2,2),(2,2),(0.,3.828388647883E-02),(
    -1.E-03,0.),.PIECEWISE_BEZIER_KNOTS.);
#6489 = CARTESIAN_POINT('',(-0.217461392278,0.7995,0.189929676395));
#6490 = CARTESIAN_POINT('',(-0.217461392278,0.8005,0.189929676395));
#6491 = CARTESIAN_POINT('',(-0.179178468632,0.7995,0.190201192552));
#6492 = CARTESIAN_POINT('',(-0.179178468632,0.8005,0.190201192552));
#6493 = ADVANCED_FACE('',(#6494),#6508,.F.);
#6494 = FACE_BOUND('',#6495,.T.);
#6495 = EDGE_LOOP('',(#6496,#6497,#6498,#6499,#6500,#6501,#6502,#6503,
    #6504,#6505,#6506,#6507));
#6496 = ORIENTED_EDGE('',*,*,#6241,.T.);
#6497 = ORIENTED_EDGE('',*,*,#6269,.T.);
#6498 = ORIENTED_EDGE('',*,*,#6291,.T.);
#6499 = ORIENTED_EDGE('',*,*,#6313,.T.);
#6500 = ORIENTED_EDGE('',*,*,#6335,.T.);
#6501 = ORIENTED_EDGE('',*,*,#6357,.T.);
#6502 = ORIENTED_EDGE('',*,*,#6379,.T.);
#6503 = ORIENTED_EDGE('',*,*,#6401,.T.);
#6504 = ORIENTED_EDGE('',*,*,#6423,.T.);
#6505 = ORIENTED_EDGE('',*,*,#6445,.T.);
#6506 = ORIENTED_EDGE('',*,*,#6467,.T.);
#6507 = ORIENTED_EDGE('',*,*,#6483,.T.);
#6508 = B_SPLINE_SURFACE_WITH_KNOTS('',1,1,(
    (#6509,#6510)
    ,(#6511,#6512
    )),.UNSPECIFIED.,.F.,.F.,.F.,(2,2),(2,2),(-0.261381129294,
    -0.189929576395),(-0.217518947509,-0.179178468632),
  .PIECEWISE_BEZIER_KNOTS.);
#6509 = CARTESIAN_POINT('',(-0.217518947509,0.8005,0.261381229294));
#6510 = CARTESIAN_POINT('',(-0.179178468632,0.8005,0.261381229294));
#6511 = CARTESIAN_POINT('',(-0.217518947509,0.8005,0.189929676395));
#6512 = CARTESIAN_POINT('',(-0.179178468632,0.8005,0.189929676395));
#6513 = ADVANCED_FACE('',(#6514,#6573),#6632,.T.);
#6514 = FACE_BOUND('',#6515,.T.);
#6515 = EDGE_LOOP('',(#6516,#6525,#6534,#6543,#6552,#6561,#6568));
#6516 = ORIENTED_EDGE('',*,*,#6517,.T.);
#6517 = EDGE_CURVE('',#6518,#6520,#6522,.T.);
#6518 = VERTEX_POINT('',#6519);
#6519 = CARTESIAN_POINT('',(-0.23090772335,0.8005,0.189834310217));
#6520 = VERTEX_POINT('',#6521);
#6521 = CARTESIAN_POINT('',(-0.250485872515,0.8005,0.189695454996));
#6522 = B_SPLINE_CURVE_WITH_KNOTS('',1,(#6523,#6524),.UNSPECIFIED.,.F.,
  .F.,(2,2),(-1.957864156426E-02,-5.570660263303E-17),
  .PIECEWISE_BEZIER_KNOTS.);
#6523 = CARTESIAN_POINT('',(-0.23090772335,0.8005,0.189834310217));
#6524 = CARTESIAN_POINT('',(-0.250485872515,0.8005,0.189695454996));
#6525 = ORIENTED_EDGE('',*,*,#6526,.T.);
#6526 = EDGE_CURVE('',#6520,#6527,#6529,.T.);
#6527 = VERTEX_POINT('',#6528);
#6528 = CARTESIAN_POINT('',(-0.278195260286,0.8005,0.199470459328));
#6529 = B_SPLINE_CURVE_WITH_KNOTS('',3,(#6530,#6531,#6532,#6533),
  .UNSPECIFIED.,.F.,.F.,(4,4),(5.,6.),.PIECEWISE_BEZIER_KNOTS.);
#6530 = CARTESIAN_POINT('',(-0.250485872515,0.8005,0.189695454996));
#6531 = CARTESIAN_POINT('',(-0.261748766876,0.8005,0.189615574529));
#6532 = CARTESIAN_POINT('',(-0.270997273639,0.8005,0.192861693071));
#6533 = CARTESIAN_POINT('',(-0.278195260286,0.8005,0.199470459328));
#6534 = ORIENTED_EDGE('',*,*,#6535,.T.);
#6535 = EDGE_CURVE('',#6527,#6536,#6538,.T.);
#6536 = VERTEX_POINT('',#6537);
#6537 = CARTESIAN_POINT('',(-0.289118642182,0.8005,0.225923077267));
#6538 = B_SPLINE_CURVE_WITH_KNOTS('',3,(#6539,#6540,#6541,#6542),
  .UNSPECIFIED.,.F.,.F.,(4,4),(4.,5.),.PIECEWISE_BEZIER_KNOTS.);
#6539 = CARTESIAN_POINT('',(-0.278195260286,0.8005,0.199470459328));
#6540 = CARTESIAN_POINT('',(-0.285393246934,0.8005,0.206079225585));
#6541 = CARTESIAN_POINT('',(-0.289040439335,0.8005,0.214896721882));
#6542 = CARTESIAN_POINT('',(-0.289118642182,0.8005,0.225923077267));
#6543 = ORIENTED_EDGE('',*,*,#6544,.T.);
#6544 = EDGE_CURVE('',#6536,#6545,#6547,.T.);
#6545 = VERTEX_POINT('',#6546);
#6546 = CARTESIAN_POINT('',(-0.278562529765,0.8005,0.251254299964));
#6547 = B_SPLINE_CURVE_WITH_KNOTS('',3,(#6548,#6549,#6550,#6551),
  .UNSPECIFIED.,.F.,.F.,(4,4),(3.,4.),.PIECEWISE_BEZIER_KNOTS.);
#6548 = CARTESIAN_POINT('',(-0.289118642182,0.8005,0.225923077267));
#6549 = CARTESIAN_POINT('',(-0.289193489792,0.8005,0.236476354698));
#6550 = CARTESIAN_POINT('',(-0.285668634519,0.8005,0.244908008409));
#6551 = CARTESIAN_POINT('',(-0.278562529765,0.8005,0.251254299964));
#6552 = ORIENTED_EDGE('',*,*,#6553,.T.);
#6553 = EDGE_CURVE('',#6545,#6554,#6556,.T.);
#6554 = VERTEX_POINT('',#6555);
#6555 = CARTESIAN_POINT('',(-0.251718518974,0.8005,0.260870329833));
#6556 = B_SPLINE_CURVE_WITH_KNOTS('',3,(#6557,#6558,#6559,#6560),
  .UNSPECIFIED.,.F.,.F.,(4,4),(2.,3.),.PIECEWISE_BEZIER_KNOTS.);
#6557 = CARTESIAN_POINT('',(-0.278562529765,0.8005,0.251254299964));
#6558 = CARTESIAN_POINT('',(-0.271456425011,0.8005,0.257600591518));
#6559 = CARTESIAN_POINT('',(-0.262508335382,0.8005,0.260793804604));
#6560 = CARTESIAN_POINT('',(-0.251718518974,0.8005,0.260870329833));
#6561 = ORIENTED_EDGE('',*,*,#6562,.T.);
#6562 = EDGE_CURVE('',#6554,#6563,#6565,.T.);
#6563 = VERTEX_POINT('',#6564);
#6564 = CARTESIAN_POINT('',(-0.231412557573,0.8005,0.261014346958));
#6565 = B_SPLINE_CURVE_WITH_KNOTS('',1,(#6566,#6567),.UNSPECIFIED.,.F.,
  .F.,(2,2),(-2.030647210533E-02,0.),.PIECEWISE_BEZIER_KNOTS.);
#6566 = CARTESIAN_POINT('',(-0.251718518974,0.8005,0.260870329833));
#6567 = CARTESIAN_POINT('',(-0.231412557573,0.8005,0.261014346958));
#6568 = ORIENTED_EDGE('',*,*,#6569,.T.);
#6569 = EDGE_CURVE('',#6563,#6518,#6570,.T.);
#6570 = B_SPLINE_CURVE_WITH_KNOTS('',1,(#6571,#6572),.UNSPECIFIED.,.F.,
  .F.,(2,2),(-7.118182695097E-02,0.),.PIECEWISE_BEZIER_KNOTS.);
#6571 = CARTESIAN_POINT('',(-0.231412557573,0.8005,0.261014346958));
#6572 = CARTESIAN_POINT('',(-0.23090772335,0.8005,0.189834310217));
#6573 = FACE_BOUND('',#6574,.T.);
#6574 = EDGE_LOOP('',(#6575,#6584,#6591,#6600,#6609,#6618,#6627));
#6575 = ORIENTED_EDGE('',*,*,#6576,.F.);
#6576 = EDGE_CURVE('',#6577,#6579,#6581,.T.);
#6577 = VERTEX_POINT('',#6578);
#6578 = CARTESIAN_POINT('',(-0.240543115639,0.8005,0.252761290256));
#6579 = VERTEX_POINT('',#6580);
#6580 = CARTESIAN_POINT('',(-0.240153908068,0.8005,0.197884247615));
#6581 = B_SPLINE_CURVE_WITH_KNOTS('',1,(#6582,#6583),.UNSPECIFIED.,.F.,
  .F.,(2,2),(0.,5.487842282326E-02),.PIECEWISE_BEZIER_KNOTS.);
#6582 = CARTESIAN_POINT('',(-0.240543115639,0.8005,0.252761290256));
#6583 = CARTESIAN_POINT('',(-0.240153908068,0.8005,0.197884247615));
#6584 = ORIENTED_EDGE('',*,*,#6585,.F.);
#6585 = EDGE_CURVE('',#6586,#6577,#6588,.T.);
#6586 = VERTEX_POINT('',#6587);
#6587 = CARTESIAN_POINT('',(-0.251296541435,0.8005,0.252685023123));
#6588 = B_SPLINE_CURVE_WITH_KNOTS('',1,(#6589,#6590),.UNSPECIFIED.,.F.,
  .F.,(2,2),(1.114132052661E-16,1.075369624938E-02),
  .PIECEWISE_BEZIER_KNOTS.);
#6589 = CARTESIAN_POINT('',(-0.251296541435,0.8005,0.252685023123));
#6590 = CARTESIAN_POINT('',(-0.240543115639,0.8005,0.252761290256));
#6591 = ORIENTED_EDGE('',*,*,#6592,.F.);
#6592 = EDGE_CURVE('',#6593,#6586,#6595,.T.);
#6593 = VERTEX_POINT('',#6594);
#6594 = CARTESIAN_POINT('',(-0.271791552295,0.8005,0.245843455802));
#6595 = B_SPLINE_CURVE_WITH_KNOTS('',3,(#6596,#6597,#6598,#6599),
  .UNSPECIFIED.,.F.,.F.,(4,4),(5.,6.),.PIECEWISE_BEZIER_KNOTS.);
#6596 = CARTESIAN_POINT('',(-0.271791552295,0.8005,0.245843455802));
#6597 = CARTESIAN_POINT('',(-0.266619440514,0.8005,0.250356408672));
#6598 = CARTESIAN_POINT('',(-0.259775553991,0.8005,0.25262488694));
#6599 = CARTESIAN_POINT('',(-0.251296541435,0.8005,0.252685023123));
#6600 = ORIENTED_EDGE('',*,*,#6601,.F.);
#6601 = EDGE_CURVE('',#6602,#6593,#6604,.T.);
#6602 = VERTEX_POINT('',#6603);
#6603 = CARTESIAN_POINT('',(-0.279455128074,0.8005,0.225736867262));
#6604 = B_SPLINE_CURVE_WITH_KNOTS('',3,(#6605,#6606,#6607,#6608),
  .UNSPECIFIED.,.F.,.F.,(4,4),(4.,5.),.PIECEWISE_BEZIER_KNOTS.);
#6605 = CARTESIAN_POINT('',(-0.279455128074,0.8005,0.225736867262));
#6606 = CARTESIAN_POINT('',(-0.279518103304,0.8005,0.234616176548));
#6607 = CARTESIAN_POINT('',(-0.276963664076,0.8005,0.241330502932));
#6608 = CARTESIAN_POINT('',(-0.271791552295,0.8005,0.245843455802));
#6609 = ORIENTED_EDGE('',*,*,#6610,.F.);
#6610 = EDGE_CURVE('',#6611,#6602,#6613,.T.);
#6611 = VERTEX_POINT('',#6612);
#6612 = CARTESIAN_POINT('',(-0.271702634029,0.8005,0.205084551028));
#6613 = B_SPLINE_CURVE_WITH_KNOTS('',3,(#6614,#6615,#6616,#6617),
  .UNSPECIFIED.,.F.,.F.,(4,4),(3.,4.),.PIECEWISE_BEZIER_KNOTS.);
#6614 = CARTESIAN_POINT('',(-0.271702634029,0.8005,0.205084551028));
#6615 = CARTESIAN_POINT('',(-0.276813967233,0.8005,0.209961279344));
#6616 = CARTESIAN_POINT('',(-0.279392152844,0.8005,0.216857557975));
#6617 = CARTESIAN_POINT('',(-0.279455128074,0.8005,0.225736867262));
#6618 = ORIENTED_EDGE('',*,*,#6619,.F.);
#6619 = EDGE_CURVE('',#6620,#6611,#6622,.T.);
#6620 = VERTEX_POINT('',#6621);
#6621 = CARTESIAN_POINT('',(-0.250488841827,0.8005,0.197810948577));
#6622 = B_SPLINE_CURVE_WITH_KNOTS('',3,(#6623,#6624,#6625,#6626),
  .UNSPECIFIED.,.F.,.F.,(4,4),(2.,3.),.PIECEWISE_BEZIER_KNOTS.);
#6623 = CARTESIAN_POINT('',(-0.250488841827,0.8005,0.197810948577));
#6624 = CARTESIAN_POINT('',(-0.259531908867,0.8005,0.197746811918));
#6625 = CARTESIAN_POINT('',(-0.266609238037,0.8005,0.200171303052));
#6626 = CARTESIAN_POINT('',(-0.271702634029,0.8005,0.205084551028));
#6627 = ORIENTED_EDGE('',*,*,#6628,.F.);
#6628 = EDGE_CURVE('',#6579,#6620,#6629,.T.);
#6629 = B_SPLINE_CURVE_WITH_KNOTS('',1,(#6630,#6631),.UNSPECIFIED.,.F.,
  .F.,(2,2),(0.,1.033519368806E-02),.PIECEWISE_BEZIER_KNOTS.);
#6630 = CARTESIAN_POINT('',(-0.240153908068,0.8005,0.197884247615));
#6631 = CARTESIAN_POINT('',(-0.250488841827,0.8005,0.197810948577));
#6632 = B_SPLINE_SURFACE_WITH_KNOTS('',1,1,(
    (#6633,#6634)
    ,(#6635,#6636
    )),.UNSPECIFIED.,.F.,.F.,.F.,(2,2),(2,2),(-6.879790274102E-02,
    2.600869687504E-03),(-2.267157355218E-02,3.561419289021E-02),
  .PIECEWISE_BEZIER_KNOTS.);
#6633 = CARTESIAN_POINT('',(-0.289193489792,0.8005,0.189615574529));
#6634 = CARTESIAN_POINT('',(-0.23090772335,0.8005,0.189615574529));
#6635 = CARTESIAN_POINT('',(-0.289193489792,0.8005,0.261014346958));
#6636 = CARTESIAN_POINT('',(-0.23090772335,0.8005,0.261014346958));
#6637 = ADVANCED_FACE('',(#6638),#6652,.F.);
#6638 = FACE_BOUND('',#6639,.T.);
#6639 = EDGE_LOOP('',(#6640,#6641,#6646,#6647));
#6640 = ORIENTED_EDGE('',*,*,#2167,.T.);
#6641 = ORIENTED_EDGE('',*,*,#6642,.F.);
#6642 = EDGE_CURVE('',#6520,#2157,#6643,.T.);
#6643 = B_SPLINE_CURVE_WITH_KNOTS('',1,(#6644,#6645),.UNSPECIFIED.,.F.,
  .F.,(2,2),(-0.,1.E-03),.PIECEWISE_BEZIER_KNOTS.);
#6644 = CARTESIAN_POINT('',(-0.250485872515,0.8005,0.189695454996));
#6645 = CARTESIAN_POINT('',(-0.250485872515,0.7995,0.189695454996));
#6646 = ORIENTED_EDGE('',*,*,#6517,.F.);
#6647 = ORIENTED_EDGE('',*,*,#6648,.T.);
#6648 = EDGE_CURVE('',#6518,#2168,#6649,.T.);
#6649 = B_SPLINE_CURVE_WITH_KNOTS('',1,(#6650,#6651),.UNSPECIFIED.,.F.,
  .F.,(2,2),(-0.,1.E-03),.PIECEWISE_BEZIER_KNOTS.);
#6650 = CARTESIAN_POINT('',(-0.23090772335,0.8005,0.189834310217));
#6651 = CARTESIAN_POINT('',(-0.23090772335,0.7995,0.189834310217));
#6652 = B_SPLINE_SURFACE_WITH_KNOTS('',1,1,(
    (#6653,#6654)
    ,(#6655,#6656
    )),.UNSPECIFIED.,.F.,.F.,.F.,(2,2),(2,2),(5.550975513611E-17,
    1.957864156426E-02),(-1.E-03,1.110223024625E-16),
  .PIECEWISE_BEZIER_KNOTS.);
#6653 = CARTESIAN_POINT('',(-0.250485872515,0.7995,0.189695454996));
#6654 = CARTESIAN_POINT('',(-0.250485872515,0.8005,0.189695454996));
#6655 = CARTESIAN_POINT('',(-0.23090772335,0.7995,0.189834310217));
#6656 = CARTESIAN_POINT('',(-0.23090772335,0.8005,0.189834310217));
#6657 = ADVANCED_FACE('',(#6658),#6668,.F.);
#6658 = FACE_BOUND('',#6659,.F.);
#6659 = EDGE_LOOP('',(#6660,#6661,#6662,#6667));
#6660 = ORIENTED_EDGE('',*,*,#6642,.F.);
#6661 = ORIENTED_EDGE('',*,*,#6526,.T.);
#6662 = ORIENTED_EDGE('',*,*,#6663,.T.);
#6663 = EDGE_CURVE('',#6527,#2159,#6664,.T.);
#6664 = B_SPLINE_CURVE_WITH_KNOTS('',1,(#6665,#6666),.UNSPECIFIED.,.F.,
  .F.,(2,2),(-0.,1.E-03),.PIECEWISE_BEZIER_KNOTS.);
#6665 = CARTESIAN_POINT('',(-0.278195260286,0.8005,0.199470459328));
#6666 = CARTESIAN_POINT('',(-0.278195260286,0.7995,0.199470459328));
#6667 = ORIENTED_EDGE('',*,*,#2156,.F.);
#6668 = B_SPLINE_SURFACE_WITH_KNOTS('',3,1,(
    (#6669,#6670)
    ,(#6671,#6672)
    ,(#6673,#6674)
    ,(#6675,#6676
    )),.UNSPECIFIED.,.F.,.F.,.F.,(4,4),(2,2),(5.,6.),(0.,1.),
  .PIECEWISE_BEZIER_KNOTS.);
#6669 = CARTESIAN_POINT('',(-0.250485872515,0.8005,0.189695454996));
#6670 = CARTESIAN_POINT('',(-0.250485872515,0.7995,0.189695454996));
#6671 = CARTESIAN_POINT('',(-0.261748766876,0.8005,0.189615574529));
#6672 = CARTESIAN_POINT('',(-0.261748766876,0.7995,0.189615574529));
#6673 = CARTESIAN_POINT('',(-0.270997273639,0.8005,0.192861693071));
#6674 = CARTESIAN_POINT('',(-0.270997273639,0.7995,0.192861693071));
#6675 = CARTESIAN_POINT('',(-0.278195260286,0.8005,0.199470459328));
#6676 = CARTESIAN_POINT('',(-0.278195260286,0.7995,0.199470459328));
#6677 = ADVANCED_FACE('',(#6678),#6688,.F.);
#6678 = FACE_BOUND('',#6679,.F.);
#6679 = EDGE_LOOP('',(#6680,#6681,#6682,#6687));
#6680 = ORIENTED_EDGE('',*,*,#6663,.F.);
#6681 = ORIENTED_EDGE('',*,*,#6535,.T.);
#6682 = ORIENTED_EDGE('',*,*,#6683,.T.);
#6683 = EDGE_CURVE('',#6536,#2198,#6684,.T.);
#6684 = B_SPLINE_CURVE_WITH_KNOTS('',1,(#6685,#6686),.UNSPECIFIED.,.F.,
  .F.,(2,2),(-0.,1.E-03),.PIECEWISE_BEZIER_KNOTS.);
#6685 = CARTESIAN_POINT('',(-0.289118642182,0.8005,0.225923077267));
#6686 = CARTESIAN_POINT('',(-0.289118642182,0.7995,0.225923077267));
#6687 = ORIENTED_EDGE('',*,*,#2206,.F.);
#6688 = B_SPLINE_SURFACE_WITH_KNOTS('',3,1,(
    (#6689,#6690)
    ,(#6691,#6692)
    ,(#6693,#6694)
    ,(#6695,#6696
    )),.UNSPECIFIED.,.F.,.F.,.F.,(4,4),(2,2),(4.,5.),(0.,1.),
  .PIECEWISE_BEZIER_KNOTS.);
#6689 = CARTESIAN_POINT('',(-0.278195260286,0.8005,0.199470459328));
#6690 = CARTESIAN_POINT('',(-0.278195260286,0.7995,0.199470459328));
#6691 = CARTESIAN_POINT('',(-0.285393246934,0.8005,0.206079225585));
#6692 = CARTESIAN_POINT('',(-0.285393246934,0.7995,0.206079225585));
#6693 = CARTESIAN_POINT('',(-0.289040439335,0.8005,0.214896721882));
#6694 = CARTESIAN_POINT('',(-0.289040439335,0.7995,0.214896721882));
#6695 = CARTESIAN_POINT('',(-0.289118642182,0.8005,0.225923077267));
#6696 = CARTESIAN_POINT('',(-0.289118642182,0.7995,0.225923077267));
#6697 = ADVANCED_FACE('',(#6698),#6708,.F.);
#6698 = FACE_BOUND('',#6699,.F.);
#6699 = EDGE_LOOP('',(#6700,#6701,#6702,#6707));
#6700 = ORIENTED_EDGE('',*,*,#6683,.F.);
#6701 = ORIENTED_EDGE('',*,*,#6544,.T.);
#6702 = ORIENTED_EDGE('',*,*,#6703,.T.);
#6703 = EDGE_CURVE('',#6545,#2189,#6704,.T.);
#6704 = B_SPLINE_CURVE_WITH_KNOTS('',1,(#6705,#6706),.UNSPECIFIED.,.F.,
  .F.,(2,2),(-0.,1.E-03),.PIECEWISE_BEZIER_KNOTS.);
#6705 = CARTESIAN_POINT('',(-0.278562529765,0.8005,0.251254299964));
#6706 = CARTESIAN_POINT('',(-0.278562529765,0.7995,0.251254299964));
#6707 = ORIENTED_EDGE('',*,*,#2197,.F.);
#6708 = B_SPLINE_SURFACE_WITH_KNOTS('',3,1,(
    (#6709,#6710)
    ,(#6711,#6712)
    ,(#6713,#6714)
    ,(#6715,#6716
    )),.UNSPECIFIED.,.F.,.F.,.F.,(4,4),(2,2),(3.,4.),(0.,1.),
  .PIECEWISE_BEZIER_KNOTS.);
#6709 = CARTESIAN_POINT('',(-0.289118642182,0.8005,0.225923077267));
#6710 = CARTESIAN_POINT('',(-0.289118642182,0.7995,0.225923077267));
#6711 = CARTESIAN_POINT('',(-0.289193489792,0.8005,0.236476354698));
#6712 = CARTESIAN_POINT('',(-0.289193489792,0.7995,0.236476354698));
#6713 = CARTESIAN_POINT('',(-0.285668634519,0.8005,0.244908008409));
#6714 = CARTESIAN_POINT('',(-0.285668634519,0.7995,0.244908008409));
#6715 = CARTESIAN_POINT('',(-0.278562529765,0.8005,0.251254299964));
#6716 = CARTESIAN_POINT('',(-0.278562529765,0.7995,0.251254299964));
#6717 = ADVANCED_FACE('',(#6718),#6728,.F.);
#6718 = FACE_BOUND('',#6719,.F.);
#6719 = EDGE_LOOP('',(#6720,#6721,#6722,#6727));
#6720 = ORIENTED_EDGE('',*,*,#6703,.F.);
#6721 = ORIENTED_EDGE('',*,*,#6553,.T.);
#6722 = ORIENTED_EDGE('',*,*,#6723,.T.);
#6723 = EDGE_CURVE('',#6554,#2182,#6724,.T.);
#6724 = B_SPLINE_CURVE_WITH_KNOTS('',1,(#6725,#6726),.UNSPECIFIED.,.F.,
  .F.,(2,2),(-0.,1.E-03),.PIECEWISE_BEZIER_KNOTS.);
#6725 = CARTESIAN_POINT('',(-0.251718518974,0.8005,0.260870329833));
#6726 = CARTESIAN_POINT('',(-0.251718518974,0.7995,0.260870329833));
#6727 = ORIENTED_EDGE('',*,*,#2188,.F.);
#6728 = B_SPLINE_SURFACE_WITH_KNOTS('',3,1,(
    (#6729,#6730)
    ,(#6731,#6732)
    ,(#6733,#6734)
    ,(#6735,#6736
    )),.UNSPECIFIED.,.F.,.F.,.F.,(4,4),(2,2),(2.,3.),(0.,1.),
  .PIECEWISE_BEZIER_KNOTS.);
#6729 = CARTESIAN_POINT('',(-0.278562529765,0.8005,0.251254299964));
#6730 = CARTESIAN_POINT('',(-0.278562529765,0.7995,0.251254299964));
#6731 = CARTESIAN_POINT('',(-0.271456425011,0.8005,0.257600591518));
#6732 = CARTESIAN_POINT('',(-0.271456425011,0.7995,0.257600591518));
#6733 = CARTESIAN_POINT('',(-0.262508335382,0.8005,0.260793804604));
#6734 = CARTESIAN_POINT('',(-0.262508335382,0.7995,0.260793804604));
#6735 = CARTESIAN_POINT('',(-0.251718518974,0.8005,0.260870329833));
#6736 = CARTESIAN_POINT('',(-0.251718518974,0.7995,0.260870329833));
#6737 = ADVANCED_FACE('',(#6738),#6748,.F.);
#6738 = FACE_BOUND('',#6739,.T.);
#6739 = EDGE_LOOP('',(#6740,#6741,#6746,#6747));
#6740 = ORIENTED_EDGE('',*,*,#2181,.T.);
#6741 = ORIENTED_EDGE('',*,*,#6742,.F.);
#6742 = EDGE_CURVE('',#6563,#2175,#6743,.T.);
#6743 = B_SPLINE_CURVE_WITH_KNOTS('',1,(#6744,#6745),.UNSPECIFIED.,.F.,
  .F.,(2,2),(-0.,1.E-03),.PIECEWISE_BEZIER_KNOTS.);
#6744 = CARTESIAN_POINT('',(-0.231412557573,0.8005,0.261014346958));
#6745 = CARTESIAN_POINT('',(-0.231412557573,0.7995,0.261014346958));
#6746 = ORIENTED_EDGE('',*,*,#6562,.F.);
#6747 = ORIENTED_EDGE('',*,*,#6723,.T.);
#6748 = B_SPLINE_SURFACE_WITH_KNOTS('',1,1,(
    (#6749,#6750)
    ,(#6751,#6752
    )),.UNSPECIFIED.,.F.,.F.,.F.,(2,2),(2,2),(0.,2.030647210533E-02),(
    -1.E-03,0.),.PIECEWISE_BEZIER_KNOTS.);
#6749 = CARTESIAN_POINT('',(-0.231412557573,0.7995,0.261014346958));
#6750 = CARTESIAN_POINT('',(-0.231412557573,0.8005,0.261014346958));
#6751 = CARTESIAN_POINT('',(-0.251718518974,0.7995,0.260870329833));
#6752 = CARTESIAN_POINT('',(-0.251718518974,0.8005,0.260870329833));
#6753 = ADVANCED_FACE('',(#6754),#6760,.F.);
#6754 = FACE_BOUND('',#6755,.T.);
#6755 = EDGE_LOOP('',(#6756,#6757,#6758,#6759));
#6756 = ORIENTED_EDGE('',*,*,#2174,.T.);
#6757 = ORIENTED_EDGE('',*,*,#6648,.F.);
#6758 = ORIENTED_EDGE('',*,*,#6569,.F.);
#6759 = ORIENTED_EDGE('',*,*,#6742,.T.);
#6760 = B_SPLINE_SURFACE_WITH_KNOTS('',1,1,(
    (#6761,#6762)
    ,(#6763,#6764
    )),.UNSPECIFIED.,.F.,.F.,.F.,(2,2),(2,2),(0.,7.118182695097E-02),(
    -1.E-03,0.),.PIECEWISE_BEZIER_KNOTS.);
#6761 = CARTESIAN_POINT('',(-0.23090772335,0.7995,0.189834310217));
#6762 = CARTESIAN_POINT('',(-0.23090772335,0.8005,0.189834310217));
#6763 = CARTESIAN_POINT('',(-0.231412557573,0.7995,0.261014346958));
#6764 = CARTESIAN_POINT('',(-0.231412557573,0.8005,0.261014346958));
#6765 = ADVANCED_FACE('',(#6766),#6788,.T.);
#6766 = FACE_BOUND('',#6767,.T.);
#6767 = EDGE_LOOP('',(#6768,#6777,#6782,#6783));
#6768 = ORIENTED_EDGE('',*,*,#6769,.F.);
#6769 = EDGE_CURVE('',#6770,#6772,#6774,.T.);
#6770 = VERTEX_POINT('',#6771);
#6771 = CARTESIAN_POINT('',(-0.251296541435,0.7995,0.252685023123));
#6772 = VERTEX_POINT('',#6773);
#6773 = CARTESIAN_POINT('',(-0.240543115639,0.7995,0.252761290256));
#6774 = B_SPLINE_CURVE_WITH_KNOTS('',1,(#6775,#6776),.UNSPECIFIED.,.F.,
  .F.,(2,2),(1.114132052661E-16,1.075369624938E-02),
  .PIECEWISE_BEZIER_KNOTS.);
#6775 = CARTESIAN_POINT('',(-0.251296541435,0.7995,0.252685023123));
#6776 = CARTESIAN_POINT('',(-0.240543115639,0.7995,0.252761290256));
#6777 = ORIENTED_EDGE('',*,*,#6778,.F.);
#6778 = EDGE_CURVE('',#6586,#6770,#6779,.T.);
#6779 = B_SPLINE_CURVE_WITH_KNOTS('',1,(#6780,#6781),.UNSPECIFIED.,.F.,
  .F.,(2,2),(-0.,1.E-03),.PIECEWISE_BEZIER_KNOTS.);
#6780 = CARTESIAN_POINT('',(-0.251296541435,0.8005,0.252685023123));
#6781 = CARTESIAN_POINT('',(-0.251296541435,0.7995,0.252685023123));
#6782 = ORIENTED_EDGE('',*,*,#6585,.T.);
#6783 = ORIENTED_EDGE('',*,*,#6784,.T.);
#6784 = EDGE_CURVE('',#6577,#6772,#6785,.T.);
#6785 = B_SPLINE_CURVE_WITH_KNOTS('',1,(#6786,#6787),.UNSPECIFIED.,.F.,
  .F.,(2,2),(-0.,1.E-03),.PIECEWISE_BEZIER_KNOTS.);
#6786 = CARTESIAN_POINT('',(-0.240543115639,0.8005,0.252761290256));
#6787 = CARTESIAN_POINT('',(-0.240543115639,0.7995,0.252761290256));
#6788 = B_SPLINE_SURFACE_WITH_KNOTS('',1,1,(
    (#6789,#6790)
    ,(#6791,#6792
    )),.UNSPECIFIED.,.F.,.F.,.F.,(2,2),(2,2),(-1.075369624938E-02,
    -1.110195102722E-16),(-1.E-03,1.110223024625E-16),
  .PIECEWISE_BEZIER_KNOTS.);
#6789 = CARTESIAN_POINT('',(-0.240543115639,0.7995,0.252761290256));
#6790 = CARTESIAN_POINT('',(-0.240543115639,0.8005,0.252761290256));
#6791 = CARTESIAN_POINT('',(-0.251296541435,0.7995,0.252685023123));
#6792 = CARTESIAN_POINT('',(-0.251296541435,0.8005,0.252685023123));
#6793 = ADVANCED_FACE('',(#6794),#6810,.T.);
#6794 = FACE_BOUND('',#6795,.T.);
#6795 = EDGE_LOOP('',(#6796,#6803,#6804,#6805));
#6796 = ORIENTED_EDGE('',*,*,#6797,.F.);
#6797 = EDGE_CURVE('',#6772,#6798,#6800,.T.);
#6798 = VERTEX_POINT('',#6799);
#6799 = CARTESIAN_POINT('',(-0.240153908068,0.7995,0.197884247615));
#6800 = B_SPLINE_CURVE_WITH_KNOTS('',1,(#6801,#6802),.UNSPECIFIED.,.F.,
  .F.,(2,2),(0.,5.487842282326E-02),.PIECEWISE_BEZIER_KNOTS.);
#6801 = CARTESIAN_POINT('',(-0.240543115639,0.7995,0.252761290256));
#6802 = CARTESIAN_POINT('',(-0.240153908068,0.7995,0.197884247615));
#6803 = ORIENTED_EDGE('',*,*,#6784,.F.);
#6804 = ORIENTED_EDGE('',*,*,#6576,.T.);
#6805 = ORIENTED_EDGE('',*,*,#6806,.T.);
#6806 = EDGE_CURVE('',#6579,#6798,#6807,.T.);
#6807 = B_SPLINE_CURVE_WITH_KNOTS('',1,(#6808,#6809),.UNSPECIFIED.,.F.,
  .F.,(2,2),(-0.,1.E-03),.PIECEWISE_BEZIER_KNOTS.);
#6808 = CARTESIAN_POINT('',(-0.240153908068,0.8005,0.197884247615));
#6809 = CARTESIAN_POINT('',(-0.240153908068,0.7995,0.197884247615));
#6810 = B_SPLINE_SURFACE_WITH_KNOTS('',1,1,(
    (#6811,#6812)
    ,(#6813,#6814
    )),.UNSPECIFIED.,.F.,.F.,.F.,(2,2),(2,2),(-5.487842282326E-02,0.),(
    -1.E-03,0.),.PIECEWISE_BEZIER_KNOTS.);
#6811 = CARTESIAN_POINT('',(-0.240153908068,0.7995,0.197884247615));
#6812 = CARTESIAN_POINT('',(-0.240153908068,0.8005,0.197884247615));
#6813 = CARTESIAN_POINT('',(-0.240543115639,0.7995,0.252761290256));
#6814 = CARTESIAN_POINT('',(-0.240543115639,0.8005,0.252761290256));
#6815 = ADVANCED_FACE('',(#6816),#6832,.T.);
#6816 = FACE_BOUND('',#6817,.T.);
#6817 = EDGE_LOOP('',(#6818,#6825,#6826,#6827));
#6818 = ORIENTED_EDGE('',*,*,#6819,.F.);
#6819 = EDGE_CURVE('',#6798,#6820,#6822,.T.);
#6820 = VERTEX_POINT('',#6821);
#6821 = CARTESIAN_POINT('',(-0.250488841827,0.7995,0.197810948577));
#6822 = B_SPLINE_CURVE_WITH_KNOTS('',1,(#6823,#6824),.UNSPECIFIED.,.F.,
  .F.,(2,2),(-2.775487756806E-17,1.033519368806E-02),
  .PIECEWISE_BEZIER_KNOTS.);
#6823 = CARTESIAN_POINT('',(-0.240153908068,0.7995,0.197884247615));
#6824 = CARTESIAN_POINT('',(-0.250488841827,0.7995,0.197810948577));
#6825 = ORIENTED_EDGE('',*,*,#6806,.F.);
#6826 = ORIENTED_EDGE('',*,*,#6628,.T.);
#6827 = ORIENTED_EDGE('',*,*,#6828,.T.);
#6828 = EDGE_CURVE('',#6620,#6820,#6829,.T.);
#6829 = B_SPLINE_CURVE_WITH_KNOTS('',1,(#6830,#6831),.UNSPECIFIED.,.F.,
  .F.,(2,2),(-0.,1.E-03),.PIECEWISE_BEZIER_KNOTS.);
#6830 = CARTESIAN_POINT('',(-0.250488841827,0.8005,0.197810948577));
#6831 = CARTESIAN_POINT('',(-0.250488841827,0.7995,0.197810948577));
#6832 = B_SPLINE_SURFACE_WITH_KNOTS('',1,1,(
    (#6833,#6834)
    ,(#6835,#6836
    )),.UNSPECIFIED.,.F.,.F.,.F.,(2,2),(2,2),(-1.033519368806E-02,
    2.775487756806E-17),(-1.E-03,0.),.PIECEWISE_BEZIER_KNOTS.);
#6833 = CARTESIAN_POINT('',(-0.250488841827,0.7995,0.197810948577));
#6834 = CARTESIAN_POINT('',(-0.250488841827,0.8005,0.197810948577));
#6835 = CARTESIAN_POINT('',(-0.240153908068,0.7995,0.197884247615));
#6836 = CARTESIAN_POINT('',(-0.240153908068,0.8005,0.197884247615));
#6837 = ADVANCED_FACE('',(#6838),#6856,.T.);
#6838 = FACE_BOUND('',#6839,.T.);
#6839 = EDGE_LOOP('',(#6840,#6849,#6850,#6851));
#6840 = ORIENTED_EDGE('',*,*,#6841,.F.);
#6841 = EDGE_CURVE('',#6820,#6842,#6844,.T.);
#6842 = VERTEX_POINT('',#6843);
#6843 = CARTESIAN_POINT('',(-0.271702634029,0.7995,0.205084551028));
#6844 = B_SPLINE_CURVE_WITH_KNOTS('',3,(#6845,#6846,#6847,#6848),
  .UNSPECIFIED.,.F.,.F.,(4,4),(2.,3.),.PIECEWISE_BEZIER_KNOTS.);
#6845 = CARTESIAN_POINT('',(-0.250488841827,0.7995,0.197810948577));
#6846 = CARTESIAN_POINT('',(-0.259531908867,0.7995,0.197746811918));
#6847 = CARTESIAN_POINT('',(-0.266609238037,0.7995,0.200171303052));
#6848 = CARTESIAN_POINT('',(-0.271702634029,0.7995,0.205084551028));
#6849 = ORIENTED_EDGE('',*,*,#6828,.F.);
#6850 = ORIENTED_EDGE('',*,*,#6619,.T.);
#6851 = ORIENTED_EDGE('',*,*,#6852,.T.);
#6852 = EDGE_CURVE('',#6611,#6842,#6853,.T.);
#6853 = B_SPLINE_CURVE_WITH_KNOTS('',1,(#6854,#6855),.UNSPECIFIED.,.F.,
  .F.,(2,2),(-0.,1.E-03),.PIECEWISE_BEZIER_KNOTS.);
#6854 = CARTESIAN_POINT('',(-0.271702634029,0.8005,0.205084551028));
#6855 = CARTESIAN_POINT('',(-0.271702634029,0.7995,0.205084551028));
#6856 = B_SPLINE_SURFACE_WITH_KNOTS('',3,1,(
    (#6857,#6858)
    ,(#6859,#6860)
    ,(#6861,#6862)
    ,(#6863,#6864
    )),.UNSPECIFIED.,.F.,.F.,.F.,(4,4),(2,2),(2.,3.),(0.,1.),
  .PIECEWISE_BEZIER_KNOTS.);
#6857 = CARTESIAN_POINT('',(-0.250488841827,0.8005,0.197810948577));
#6858 = CARTESIAN_POINT('',(-0.250488841827,0.7995,0.197810948577));
#6859 = CARTESIAN_POINT('',(-0.259531908867,0.8005,0.197746811918));
#6860 = CARTESIAN_POINT('',(-0.259531908867,0.7995,0.197746811918));
#6861 = CARTESIAN_POINT('',(-0.266609238037,0.8005,0.200171303052));
#6862 = CARTESIAN_POINT('',(-0.266609238037,0.7995,0.200171303052));
#6863 = CARTESIAN_POINT('',(-0.271702634029,0.8005,0.205084551028));
#6864 = CARTESIAN_POINT('',(-0.271702634029,0.7995,0.205084551028));
#6865 = ADVANCED_FACE('',(#6866),#6884,.T.);
#6866 = FACE_BOUND('',#6867,.T.);
#6867 = EDGE_LOOP('',(#6868,#6877,#6878,#6879));
#6868 = ORIENTED_EDGE('',*,*,#6869,.F.);
#6869 = EDGE_CURVE('',#6842,#6870,#6872,.T.);
#6870 = VERTEX_POINT('',#6871);
#6871 = CARTESIAN_POINT('',(-0.279455128074,0.7995,0.225736867262));
#6872 = B_SPLINE_CURVE_WITH_KNOTS('',3,(#6873,#6874,#6875,#6876),
  .UNSPECIFIED.,.F.,.F.,(4,4),(3.,4.),.PIECEWISE_BEZIER_KNOTS.);
#6873 = CARTESIAN_POINT('',(-0.271702634029,0.7995,0.205084551028));
#6874 = CARTESIAN_POINT('',(-0.276813967233,0.7995,0.209961279344));
#6875 = CARTESIAN_POINT('',(-0.279392152844,0.7995,0.216857557975));
#6876 = CARTESIAN_POINT('',(-0.279455128074,0.7995,0.225736867262));
#6877 = ORIENTED_EDGE('',*,*,#6852,.F.);
#6878 = ORIENTED_EDGE('',*,*,#6610,.T.);
#6879 = ORIENTED_EDGE('',*,*,#6880,.T.);
#6880 = EDGE_CURVE('',#6602,#6870,#6881,.T.);
#6881 = B_SPLINE_CURVE_WITH_KNOTS('',1,(#6882,#6883),.UNSPECIFIED.,.F.,
  .F.,(2,2),(-0.,1.E-03),.PIECEWISE_BEZIER_KNOTS.);
#6882 = CARTESIAN_POINT('',(-0.279455128074,0.8005,0.225736867262));
#6883 = CARTESIAN_POINT('',(-0.279455128074,0.7995,0.225736867262));
#6884 = B_SPLINE_SURFACE_WITH_KNOTS('',3,1,(
    (#6885,#6886)
    ,(#6887,#6888)
    ,(#6889,#6890)
    ,(#6891,#6892
    )),.UNSPECIFIED.,.F.,.F.,.F.,(4,4),(2,2),(3.,4.),(0.,1.),
  .PIECEWISE_BEZIER_KNOTS.);
#6885 = CARTESIAN_POINT('',(-0.271702634029,0.8005,0.205084551028));
#6886 = CARTESIAN_POINT('',(-0.271702634029,0.7995,0.205084551028));
#6887 = CARTESIAN_POINT('',(-0.276813967233,0.8005,0.209961279344));
#6888 = CARTESIAN_POINT('',(-0.276813967233,0.7995,0.209961279344));
#6889 = CARTESIAN_POINT('',(-0.279392152844,0.8005,0.216857557975));
#6890 = CARTESIAN_POINT('',(-0.279392152844,0.7995,0.216857557975));
#6891 = CARTESIAN_POINT('',(-0.279455128074,0.8005,0.225736867262));
#6892 = CARTESIAN_POINT('',(-0.279455128074,0.7995,0.225736867262));
#6893 = ADVANCED_FACE('',(#6894),#6912,.T.);
#6894 = FACE_BOUND('',#6895,.T.);
#6895 = EDGE_LOOP('',(#6896,#6905,#6906,#6907));
#6896 = ORIENTED_EDGE('',*,*,#6897,.F.);
#6897 = EDGE_CURVE('',#6870,#6898,#6900,.T.);
#6898 = VERTEX_POINT('',#6899);
#6899 = CARTESIAN_POINT('',(-0.271791552295,0.7995,0.245843455802));
#6900 = B_SPLINE_CURVE_WITH_KNOTS('',3,(#6901,#6902,#6903,#6904),
  .UNSPECIFIED.,.F.,.F.,(4,4),(4.,5.),.PIECEWISE_BEZIER_KNOTS.);
#6901 = CARTESIAN_POINT('',(-0.279455128074,0.7995,0.225736867262));
#6902 = CARTESIAN_POINT('',(-0.279518103304,0.7995,0.234616176548));
#6903 = CARTESIAN_POINT('',(-0.276963664076,0.7995,0.241330502932));
#6904 = CARTESIAN_POINT('',(-0.271791552295,0.7995,0.245843455802));
#6905 = ORIENTED_EDGE('',*,*,#6880,.F.);
#6906 = ORIENTED_EDGE('',*,*,#6601,.T.);
#6907 = ORIENTED_EDGE('',*,*,#6908,.T.);
#6908 = EDGE_CURVE('',#6593,#6898,#6909,.T.);
#6909 = B_SPLINE_CURVE_WITH_KNOTS('',1,(#6910,#6911),.UNSPECIFIED.,.F.,
  .F.,(2,2),(-0.,1.E-03),.PIECEWISE_BEZIER_KNOTS.);
#6910 = CARTESIAN_POINT('',(-0.271791552295,0.8005,0.245843455802));
#6911 = CARTESIAN_POINT('',(-0.271791552295,0.7995,0.245843455802));
#6912 = B_SPLINE_SURFACE_WITH_KNOTS('',3,1,(
    (#6913,#6914)
    ,(#6915,#6916)
    ,(#6917,#6918)
    ,(#6919,#6920
    )),.UNSPECIFIED.,.F.,.F.,.F.,(4,4),(2,2),(4.,5.),(0.,1.),
  .PIECEWISE_BEZIER_KNOTS.);
#6913 = CARTESIAN_POINT('',(-0.279455128074,0.8005,0.225736867262));
#6914 = CARTESIAN_POINT('',(-0.279455128074,0.7995,0.225736867262));
#6915 = CARTESIAN_POINT('',(-0.279518103304,0.8005,0.234616176548));
#6916 = CARTESIAN_POINT('',(-0.279518103304,0.7995,0.234616176548));
#6917 = CARTESIAN_POINT('',(-0.276963664076,0.8005,0.241330502932));
#6918 = CARTESIAN_POINT('',(-0.276963664076,0.7995,0.241330502932));
#6919 = CARTESIAN_POINT('',(-0.271791552295,0.8005,0.245843455802));
#6920 = CARTESIAN_POINT('',(-0.271791552295,0.7995,0.245843455802));
#6921 = ADVANCED_FACE('',(#6922),#6934,.T.);
#6922 = FACE_BOUND('',#6923,.T.);
#6923 = EDGE_LOOP('',(#6924,#6931,#6932,#6933));
#6924 = ORIENTED_EDGE('',*,*,#6925,.F.);
#6925 = EDGE_CURVE('',#6898,#6770,#6926,.T.);
#6926 = B_SPLINE_CURVE_WITH_KNOTS('',3,(#6927,#6928,#6929,#6930),
  .UNSPECIFIED.,.F.,.F.,(4,4),(5.,6.),.PIECEWISE_BEZIER_KNOTS.);
#6927 = CARTESIAN_POINT('',(-0.271791552295,0.7995,0.245843455802));
#6928 = CARTESIAN_POINT('',(-0.266619440514,0.7995,0.250356408672));
#6929 = CARTESIAN_POINT('',(-0.259775553991,0.7995,0.25262488694));
#6930 = CARTESIAN_POINT('',(-0.251296541435,0.7995,0.252685023123));
#6931 = ORIENTED_EDGE('',*,*,#6908,.F.);
#6932 = ORIENTED_EDGE('',*,*,#6592,.T.);
#6933 = ORIENTED_EDGE('',*,*,#6778,.T.);
#6934 = B_SPLINE_SURFACE_WITH_KNOTS('',3,1,(
    (#6935,#6936)
    ,(#6937,#6938)
    ,(#6939,#6940)
    ,(#6941,#6942
    )),.UNSPECIFIED.,.F.,.F.,.F.,(4,4),(2,2),(5.,6.),(0.,1.),
  .PIECEWISE_BEZIER_KNOTS.);
#6935 = CARTESIAN_POINT('',(-0.271791552295,0.8005,0.245843455802));
#6936 = CARTESIAN_POINT('',(-0.271791552295,0.7995,0.245843455802));
#6937 = CARTESIAN_POINT('',(-0.266619440514,0.8005,0.250356408672));
#6938 = CARTESIAN_POINT('',(-0.266619440514,0.7995,0.250356408672));
#6939 = CARTESIAN_POINT('',(-0.259775553991,0.8005,0.25262488694));
#6940 = CARTESIAN_POINT('',(-0.259775553991,0.7995,0.25262488694));
#6941 = CARTESIAN_POINT('',(-0.251296541435,0.8005,0.252685023123));
#6942 = CARTESIAN_POINT('',(-0.251296541435,0.7995,0.252685023123));
#6943 = ADVANCED_FACE('',(#6944),#6953,.T.);
#6944 = FACE_BOUND('',#6945,.T.);
#6945 = EDGE_LOOP('',(#6946,#6947,#6948,#6949,#6950,#6951,#6952));
#6946 = ORIENTED_EDGE('',*,*,#6769,.T.);
#6947 = ORIENTED_EDGE('',*,*,#6797,.T.);
#6948 = ORIENTED_EDGE('',*,*,#6819,.T.);
#6949 = ORIENTED_EDGE('',*,*,#6841,.T.);
#6950 = ORIENTED_EDGE('',*,*,#6869,.T.);
#6951 = ORIENTED_EDGE('',*,*,#6897,.T.);
#6952 = ORIENTED_EDGE('',*,*,#6925,.T.);
#6953 = B_SPLINE_SURFACE_WITH_KNOTS('',1,1,(
    (#6954,#6955)
    ,(#6956,#6957
    )),.UNSPECIFIED.,.F.,.F.,.F.,(2,2),(2,2),(0.197746711918,
    0.252761190256),(-0.279518103304,-0.240153908068),
  .PIECEWISE_BEZIER_KNOTS.);
#6954 = CARTESIAN_POINT('',(-0.279518103304,0.7995,0.197746811918));
#6955 = CARTESIAN_POINT('',(-0.240153908068,0.7995,0.197746811918));
#6956 = CARTESIAN_POINT('',(-0.279518103304,0.7995,0.252761290256));
#6957 = CARTESIAN_POINT('',(-0.240153908068,0.7995,0.252761290256));
#6958 = ADVANCED_FACE('',(#6959,#7017),#7065,.F.);
#6959 = FACE_BOUND('',#6960,.T.);
#6960 = EDGE_LOOP('',(#6961,#6970,#6977,#6984,#6991,#6998,#7005,#7012));
#6961 = ORIENTED_EDGE('',*,*,#6962,.T.);
#6962 = EDGE_CURVE('',#6963,#6965,#6967,.T.);
#6963 = VERTEX_POINT('',#6964);
#6964 = CARTESIAN_POINT('',(-0.356855630896,0.8005,0.188941042708));
#6965 = VERTEX_POINT('',#6966);
#6966 = CARTESIAN_POINT('',(-0.330249459306,0.8005,0.260313360378));
#6967 = B_SPLINE_CURVE_WITH_KNOTS('',1,(#6968,#6969),.UNSPECIFIED.,.F.,
  .F.,(2,2),(-7.617017852326E-02,0.),.PIECEWISE_BEZIER_KNOTS.);
#6968 = CARTESIAN_POINT('',(-0.356855630896,0.8005,0.188941042708));
#6969 = CARTESIAN_POINT('',(-0.330249459306,0.8005,0.260313360378));
#6970 = ORIENTED_EDGE('',*,*,#6971,.T.);
#6971 = EDGE_CURVE('',#6965,#6972,#6974,.T.);
#6972 = VERTEX_POINT('',#6973);
#6973 = CARTESIAN_POINT('',(-0.320423994111,0.8005,0.260383046083));
#6974 = B_SPLINE_CURVE_WITH_KNOTS('',1,(#6975,#6976),.UNSPECIFIED.,.F.,
  .F.,(2,2),(-9.825712309643E-03,0.),.PIECEWISE_BEZIER_KNOTS.);
#6975 = CARTESIAN_POINT('',(-0.330249459306,0.8005,0.260313360378));
#6976 = CARTESIAN_POINT('',(-0.320423994111,0.8005,0.260383046083));
#6977 = ORIENTED_EDGE('',*,*,#6978,.T.);
#6978 = EDGE_CURVE('',#6972,#6979,#6981,.T.);
#6979 = VERTEX_POINT('',#6980);
#6980 = CARTESIAN_POINT('',(-0.292808154073,0.8005,0.189395290271));
#6981 = B_SPLINE_CURVE_WITH_KNOTS('',1,(#6982,#6983),.UNSPECIFIED.,.F.,
  .F.,(2,2),(-7.617017852343E-02,0.),.PIECEWISE_BEZIER_KNOTS.);
#6982 = CARTESIAN_POINT('',(-0.320423994111,0.8005,0.260383046083));
#6983 = CARTESIAN_POINT('',(-0.292808154073,0.8005,0.189395290271));
#6984 = ORIENTED_EDGE('',*,*,#6985,.T.);
#6985 = EDGE_CURVE('',#6979,#6986,#6988,.T.);
#6986 = VERTEX_POINT('',#6987);
#6987 = CARTESIAN_POINT('',(-0.302961134774,0.8005,0.189323281708));
#6988 = B_SPLINE_CURVE_WITH_KNOTS('',1,(#6989,#6990),.UNSPECIFIED.,.F.,
  .F.,(2,2),(-1.015323605291E-02,-0.),.PIECEWISE_BEZIER_KNOTS.);
#6989 = CARTESIAN_POINT('',(-0.292808154073,0.8005,0.189395290271));
#6990 = CARTESIAN_POINT('',(-0.302961134774,0.8005,0.189323281708));
#6991 = ORIENTED_EDGE('',*,*,#6992,.T.);
#6992 = EDGE_CURVE('',#6986,#6993,#6995,.T.);
#6993 = VERTEX_POINT('',#6994);
#6994 = CARTESIAN_POINT('',(-0.309940650734,0.8005,0.208743737139));
#6995 = B_SPLINE_CURVE_WITH_KNOTS('',1,(#6996,#6997),.UNSPECIFIED.,.F.,
  .F.,(2,2),(-2.063656299277E-02,0.),.PIECEWISE_BEZIER_KNOTS.);
#6996 = CARTESIAN_POINT('',(-0.302961134774,0.8005,0.189323281708));
#6997 = CARTESIAN_POINT('',(-0.309940650734,0.8005,0.208743737139));
#6998 = ORIENTED_EDGE('',*,*,#6999,.T.);
#6999 = EDGE_CURVE('',#6993,#7000,#7002,.T.);
#7000 = VERTEX_POINT('',#7001);
#7001 = CARTESIAN_POINT('',(-0.33958080407,0.8005,0.208533518593));
#7002 = B_SPLINE_CURVE_WITH_KNOTS('',1,(#7003,#7004),.UNSPECIFIED.,.F.,
  .F.,(2,2),(-2.964089879959E-02,-0.),.PIECEWISE_BEZIER_KNOTS.);
#7003 = CARTESIAN_POINT('',(-0.309940650734,0.8005,0.208743737139));
#7004 = CARTESIAN_POINT('',(-0.33958080407,0.8005,0.208533518593));
#7005 = ORIENTED_EDGE('',*,*,#7006,.T.);
#7006 = EDGE_CURVE('',#7000,#7007,#7009,.T.);
#7007 = VERTEX_POINT('',#7008);
#7008 = CARTESIAN_POINT('',(-0.346702650196,0.8005,0.18901305127));
#7009 = B_SPLINE_CURVE_WITH_KNOTS('',1,(#7010,#7011),.UNSPECIFIED.,.F.,
  .F.,(2,2),(-2.077906005421E-02,-0.),.PIECEWISE_BEZIER_KNOTS.);
#7010 = CARTESIAN_POINT('',(-0.33958080407,0.8005,0.208533518593));
#7011 = CARTESIAN_POINT('',(-0.346702650196,0.8005,0.18901305127));
#7012 = ORIENTED_EDGE('',*,*,#7013,.T.);
#7013 = EDGE_CURVE('',#7007,#6963,#7014,.T.);
#7014 = B_SPLINE_CURVE_WITH_KNOTS('',1,(#7015,#7016),.UNSPECIFIED.,.F.,
  .F.,(2,2),(-1.015323605242E-02,-0.),.PIECEWISE_BEZIER_KNOTS.);
#7015 = CARTESIAN_POINT('',(-0.346702650196,0.8005,0.18901305127));
#7016 = CARTESIAN_POINT('',(-0.356855630896,0.8005,0.188941042708));
#7017 = FACE_BOUND('',#7018,.T.);
#7018 = EDGE_LOOP('',(#7019,#7028,#7035,#7044,#7051,#7060));
#7019 = ORIENTED_EDGE('',*,*,#7020,.F.);
#7020 = EDGE_CURVE('',#7021,#7023,#7025,.T.);
#7021 = VERTEX_POINT('',#7022);
#7022 = CARTESIAN_POINT('',(-0.312908938721,0.8005,0.216765414737));
#7023 = VERTEX_POINT('',#7024);
#7024 = CARTESIAN_POINT('',(-0.336799375388,0.8005,0.216595975234));
#7025 = B_SPLINE_CURVE_WITH_KNOTS('',1,(#7026,#7027),.UNSPECIFIED.,.F.,
  .F.,(2,2),(0.,2.389103752212E-02),.PIECEWISE_BEZIER_KNOTS.);
#7026 = CARTESIAN_POINT('',(-0.312908938721,0.8005,0.216765414737));
#7027 = CARTESIAN_POINT('',(-0.336799375388,0.8005,0.216595975234));
#7028 = ORIENTED_EDGE('',*,*,#7029,.F.);
#7029 = EDGE_CURVE('',#7030,#7021,#7032,.T.);
#7030 = VERTEX_POINT('',#7031);
#7031 = CARTESIAN_POINT('',(-0.323763024084,0.8005,0.246275489308));
#7032 = B_SPLINE_CURVE_WITH_KNOTS('',1,(#7033,#7034),.UNSPECIFIED.,.F.,
  .F.,(2,2),(7.126128045481E-17,3.144289538587E-02),
  .PIECEWISE_BEZIER_KNOTS.);
#7033 = CARTESIAN_POINT('',(-0.323763024084,0.8005,0.246275489308));
#7034 = CARTESIAN_POINT('',(-0.312908938721,0.8005,0.216765414737));
#7035 = ORIENTED_EDGE('',*,*,#7036,.F.);
#7036 = EDGE_CURVE('',#7037,#7030,#7039,.T.);
#7037 = VERTEX_POINT('',#7038);
#7038 = CARTESIAN_POINT('',(-0.324962882706,0.8005,0.251252744082));
#7039 = B_SPLINE_CURVE_WITH_KNOTS('',3,(#7040,#7041,#7042,#7043),
  .UNSPECIFIED.,.F.,.F.,(4,4),(3.,4.),.PIECEWISE_BEZIER_KNOTS.);
#7040 = CARTESIAN_POINT('',(-0.324962882706,0.8005,0.251252744082));
#7041 = CARTESIAN_POINT('',(-0.324601944276,0.8005,0.249108149888));
#7042 = CARTESIAN_POINT('',(-0.324207970473,0.8005,0.247436891744));
#7043 = CARTESIAN_POINT('',(-0.323763024084,0.8005,0.246275489308));
#7044 = ORIENTED_EDGE('',*,*,#7045,.F.);
#7045 = EDGE_CURVE('',#7046,#7037,#7048,.T.);
#7046 = VERTEX_POINT('',#7047);
#7047 = CARTESIAN_POINT('',(-0.325181226377,0.8005,0.251251195511));
#7048 = B_SPLINE_CURVE_WITH_KNOTS('',1,(#7049,#7050),.UNSPECIFIED.,.F.,
  .F.,(2,2),(5.590345012994E-17,2.183491626634E-04),
  .PIECEWISE_BEZIER_KNOTS.);
#7049 = CARTESIAN_POINT('',(-0.325181226377,0.8005,0.251251195511));
#7050 = CARTESIAN_POINT('',(-0.324962882706,0.8005,0.251252744082));
#7051 = ORIENTED_EDGE('',*,*,#7052,.F.);
#7052 = EDGE_CURVE('',#7053,#7046,#7055,.T.);
#7053 = VERTEX_POINT('',#7054);
#7054 = CARTESIAN_POINT('',(-0.326255780995,0.8005,0.246257809786));
#7055 = B_SPLINE_CURVE_WITH_KNOTS('',3,(#7056,#7057,#7058,#7059),
  .UNSPECIFIED.,.F.,.F.,(4,4),(1.,2.),.PIECEWISE_BEZIER_KNOTS.);
#7056 = CARTESIAN_POINT('',(-0.326255780995,0.8005,0.246257809786));
#7057 = CARTESIAN_POINT('',(-0.325917038753,0.8005,0.24724280821));
#7058 = CARTESIAN_POINT('',(-0.325564746919,0.8005,0.248882966695));
#7059 = CARTESIAN_POINT('',(-0.325181226377,0.8005,0.251251195511));
#7060 = ORIENTED_EDGE('',*,*,#7061,.F.);
#7061 = EDGE_CURVE('',#7023,#7053,#7062,.T.);
#7062 = B_SPLINE_CURVE_WITH_KNOTS('',1,(#7063,#7064),.UNSPECIFIED.,.F.,
  .F.,(2,2),(0.,3.148002242287E-02),.PIECEWISE_BEZIER_KNOTS.);
#7063 = CARTESIAN_POINT('',(-0.336799375388,0.8005,0.216595975234));
#7064 = CARTESIAN_POINT('',(-0.326255780995,0.8005,0.246257809786));
#7065 = B_SPLINE_SURFACE_WITH_KNOTS('',1,1,(
    (#7066,#7067)
    ,(#7068,#7069
    )),.UNSPECIFIED.,.F.,.F.,.F.,(2,2),(2,2),(-0.260382946083,
    -0.188940942708),(-0.356855630896,-0.292808154073),
  .PIECEWISE_BEZIER_KNOTS.);
#7066 = CARTESIAN_POINT('',(-0.356855630896,0.8005,0.260383046083));
#7067 = CARTESIAN_POINT('',(-0.292808154073,0.8005,0.260383046083));
#7068 = CARTESIAN_POINT('',(-0.356855630896,0.8005,0.188941042708));
#7069 = CARTESIAN_POINT('',(-0.292808154073,0.8005,0.188941042708));
#7070 = ADVANCED_FACE('',(#7071),#7085,.F.);
#7071 = FACE_BOUND('',#7072,.T.);
#7072 = EDGE_LOOP('',(#7073,#7074,#7079,#7080));
#7073 = ORIENTED_EDGE('',*,*,#1114,.T.);
#7074 = ORIENTED_EDGE('',*,*,#7075,.F.);
#7075 = EDGE_CURVE('',#6965,#1106,#7076,.T.);
#7076 = B_SPLINE_CURVE_WITH_KNOTS('',1,(#7077,#7078),.UNSPECIFIED.,.F.,
  .F.,(2,2),(-0.,1.E-03),.PIECEWISE_BEZIER_KNOTS.);
#7077 = CARTESIAN_POINT('',(-0.330249459306,0.8005,0.260313360378));
#7078 = CARTESIAN_POINT('',(-0.330249459306,0.7995,0.260313360378));
#7079 = ORIENTED_EDGE('',*,*,#6962,.F.);
#7080 = ORIENTED_EDGE('',*,*,#7081,.T.);
#7081 = EDGE_CURVE('',#6963,#1115,#7082,.T.);
#7082 = B_SPLINE_CURVE_WITH_KNOTS('',1,(#7083,#7084),.UNSPECIFIED.,.F.,
  .F.,(2,2),(-0.,1.E-03),.PIECEWISE_BEZIER_KNOTS.);
#7083 = CARTESIAN_POINT('',(-0.356855630896,0.8005,0.188941042708));
#7084 = CARTESIAN_POINT('',(-0.356855630896,0.7995,0.188941042708));
#7085 = B_SPLINE_SURFACE_WITH_KNOTS('',1,1,(
    (#7086,#7087)
    ,(#7088,#7089
    )),.UNSPECIFIED.,.F.,.F.,.F.,(2,2),(2,2),(-0.,7.617017852326E-02),(
    -1.E-03,0.),.PIECEWISE_BEZIER_KNOTS.);
#7086 = CARTESIAN_POINT('',(-0.330249459306,0.7995,0.260313360378));
#7087 = CARTESIAN_POINT('',(-0.330249459306,0.8005,0.260313360378));
#7088 = CARTESIAN_POINT('',(-0.356855630896,0.7995,0.188941042708));
#7089 = CARTESIAN_POINT('',(-0.356855630896,0.8005,0.188941042708));
#7090 = ADVANCED_FACE('',(#7091),#7101,.F.);
#7091 = FACE_BOUND('',#7092,.T.);
#7092 = EDGE_LOOP('',(#7093,#7094,#7099,#7100));
#7093 = ORIENTED_EDGE('',*,*,#1105,.T.);
#7094 = ORIENTED_EDGE('',*,*,#7095,.F.);
#7095 = EDGE_CURVE('',#6972,#1108,#7096,.T.);
#7096 = B_SPLINE_CURVE_WITH_KNOTS('',1,(#7097,#7098),.UNSPECIFIED.,.F.,
  .F.,(2,2),(-0.,1.E-03),.PIECEWISE_BEZIER_KNOTS.);
#7097 = CARTESIAN_POINT('',(-0.320423994111,0.8005,0.260383046083));
#7098 = CARTESIAN_POINT('',(-0.320423994111,0.7995,0.260383046083));
#7099 = ORIENTED_EDGE('',*,*,#6971,.F.);
#7100 = ORIENTED_EDGE('',*,*,#7075,.T.);
#7101 = B_SPLINE_SURFACE_WITH_KNOTS('',1,1,(
    (#7102,#7103)
    ,(#7104,#7105
    )),.UNSPECIFIED.,.F.,.F.,.F.,(2,2),(2,2),(-0.,9.825712309643E-03),(
    -1.E-03,0.),.PIECEWISE_BEZIER_KNOTS.);
#7102 = CARTESIAN_POINT('',(-0.320423994111,0.7995,0.260383046083));
#7103 = CARTESIAN_POINT('',(-0.320423994111,0.8005,0.260383046083));
#7104 = CARTESIAN_POINT('',(-0.330249459306,0.7995,0.260313360378));
#7105 = CARTESIAN_POINT('',(-0.330249459306,0.8005,0.260313360378));
#7106 = ADVANCED_FACE('',(#7107),#7117,.F.);
#7107 = FACE_BOUND('',#7108,.T.);
#7108 = EDGE_LOOP('',(#7109,#7110,#7115,#7116));
#7109 = ORIENTED_EDGE('',*,*,#1156,.T.);
#7110 = ORIENTED_EDGE('',*,*,#7111,.F.);
#7111 = EDGE_CURVE('',#6979,#1150,#7112,.T.);
#7112 = B_SPLINE_CURVE_WITH_KNOTS('',1,(#7113,#7114),.UNSPECIFIED.,.F.,
  .F.,(2,2),(-0.,1.E-03),.PIECEWISE_BEZIER_KNOTS.);
#7113 = CARTESIAN_POINT('',(-0.292808154073,0.8005,0.189395290271));
#7114 = CARTESIAN_POINT('',(-0.292808154073,0.7995,0.189395290271));
#7115 = ORIENTED_EDGE('',*,*,#6978,.F.);
#7116 = ORIENTED_EDGE('',*,*,#7095,.T.);
#7117 = B_SPLINE_SURFACE_WITH_KNOTS('',1,1,(
    (#7118,#7119)
    ,(#7120,#7121
    )),.UNSPECIFIED.,.F.,.F.,.F.,(2,2),(2,2),(0.,7.617017852343E-02),(
    -1.E-03,0.),.PIECEWISE_BEZIER_KNOTS.);
#7118 = CARTESIAN_POINT('',(-0.292808154073,0.7995,0.189395290271));
#7119 = CARTESIAN_POINT('',(-0.292808154073,0.8005,0.189395290271));
#7120 = CARTESIAN_POINT('',(-0.320423994111,0.7995,0.260383046083));
#7121 = CARTESIAN_POINT('',(-0.320423994111,0.8005,0.260383046083));
#7122 = ADVANCED_FACE('',(#7123),#7133,.F.);
#7123 = FACE_BOUND('',#7124,.T.);
#7124 = EDGE_LOOP('',(#7125,#7126,#7131,#7132));
#7125 = ORIENTED_EDGE('',*,*,#1149,.T.);
#7126 = ORIENTED_EDGE('',*,*,#7127,.F.);
#7127 = EDGE_CURVE('',#6986,#1143,#7128,.T.);
#7128 = B_SPLINE_CURVE_WITH_KNOTS('',1,(#7129,#7130),.UNSPECIFIED.,.F.,
  .F.,(2,2),(-0.,1.E-03),.PIECEWISE_BEZIER_KNOTS.);
#7129 = CARTESIAN_POINT('',(-0.302961134774,0.8005,0.189323281708));
#7130 = CARTESIAN_POINT('',(-0.302961134774,0.7995,0.189323281708));
#7131 = ORIENTED_EDGE('',*,*,#6985,.F.);
#7132 = ORIENTED_EDGE('',*,*,#7111,.T.);
#7133 = B_SPLINE_SURFACE_WITH_KNOTS('',1,1,(
    (#7134,#7135)
    ,(#7136,#7137
    )),.UNSPECIFIED.,.F.,.F.,.F.,(2,2),(2,2),(0.,1.015323605291E-02),(
    -1.E-03,0.),.PIECEWISE_BEZIER_KNOTS.);
#7134 = CARTESIAN_POINT('',(-0.302961134774,0.7995,0.189323281708));
#7135 = CARTESIAN_POINT('',(-0.302961134774,0.8005,0.189323281708));
#7136 = CARTESIAN_POINT('',(-0.292808154073,0.7995,0.189395290271));
#7137 = CARTESIAN_POINT('',(-0.292808154073,0.8005,0.189395290271));
#7138 = ADVANCED_FACE('',(#7139),#7149,.F.);
#7139 = FACE_BOUND('',#7140,.T.);
#7140 = EDGE_LOOP('',(#7141,#7142,#7147,#7148));
#7141 = ORIENTED_EDGE('',*,*,#1142,.T.);
#7142 = ORIENTED_EDGE('',*,*,#7143,.F.);
#7143 = EDGE_CURVE('',#6993,#1136,#7144,.T.);
#7144 = B_SPLINE_CURVE_WITH_KNOTS('',1,(#7145,#7146),.UNSPECIFIED.,.F.,
  .F.,(2,2),(-0.,1.E-03),.PIECEWISE_BEZIER_KNOTS.);
#7145 = CARTESIAN_POINT('',(-0.309940650734,0.8005,0.208743737139));
#7146 = CARTESIAN_POINT('',(-0.309940650734,0.7995,0.208743737139));
#7147 = ORIENTED_EDGE('',*,*,#6992,.F.);
#7148 = ORIENTED_EDGE('',*,*,#7127,.T.);
#7149 = B_SPLINE_SURFACE_WITH_KNOTS('',1,1,(
    (#7150,#7151)
    ,(#7152,#7153
    )),.UNSPECIFIED.,.F.,.F.,.F.,(2,2),(2,2),(0.,2.063656299277E-02),(
    -1.E-03,0.),.PIECEWISE_BEZIER_KNOTS.);
#7150 = CARTESIAN_POINT('',(-0.309940650734,0.7995,0.208743737139));
#7151 = CARTESIAN_POINT('',(-0.309940650734,0.8005,0.208743737139));
#7152 = CARTESIAN_POINT('',(-0.302961134774,0.7995,0.189323281708));
#7153 = CARTESIAN_POINT('',(-0.302961134774,0.8005,0.189323281708));
#7154 = ADVANCED_FACE('',(#7155),#7165,.F.);
#7155 = FACE_BOUND('',#7156,.T.);
#7156 = EDGE_LOOP('',(#7157,#7158,#7163,#7164));
#7157 = ORIENTED_EDGE('',*,*,#1135,.T.);
#7158 = ORIENTED_EDGE('',*,*,#7159,.F.);
#7159 = EDGE_CURVE('',#7000,#1129,#7160,.T.);
#7160 = B_SPLINE_CURVE_WITH_KNOTS('',1,(#7161,#7162),.UNSPECIFIED.,.F.,
  .F.,(2,2),(-0.,1.E-03),.PIECEWISE_BEZIER_KNOTS.);
#7161 = CARTESIAN_POINT('',(-0.33958080407,0.8005,0.208533518593));
#7162 = CARTESIAN_POINT('',(-0.33958080407,0.7995,0.208533518593));
#7163 = ORIENTED_EDGE('',*,*,#6999,.F.);
#7164 = ORIENTED_EDGE('',*,*,#7143,.T.);
#7165 = B_SPLINE_SURFACE_WITH_KNOTS('',1,1,(
    (#7166,#7167)
    ,(#7168,#7169
    )),.UNSPECIFIED.,.F.,.F.,.F.,(2,2),(2,2),(0.,2.964089879959E-02),(
    -1.E-03,0.),.PIECEWISE_BEZIER_KNOTS.);
#7166 = CARTESIAN_POINT('',(-0.33958080407,0.7995,0.208533518593));
#7167 = CARTESIAN_POINT('',(-0.33958080407,0.8005,0.208533518593));
#7168 = CARTESIAN_POINT('',(-0.309940650734,0.7995,0.208743737139));
#7169 = CARTESIAN_POINT('',(-0.309940650734,0.8005,0.208743737139));
#7170 = ADVANCED_FACE('',(#7171),#7181,.F.);
#7171 = FACE_BOUND('',#7172,.T.);
#7172 = EDGE_LOOP('',(#7173,#7174,#7179,#7180));
#7173 = ORIENTED_EDGE('',*,*,#1128,.T.);
#7174 = ORIENTED_EDGE('',*,*,#7175,.F.);
#7175 = EDGE_CURVE('',#7007,#1122,#7176,.T.);
#7176 = B_SPLINE_CURVE_WITH_KNOTS('',1,(#7177,#7178),.UNSPECIFIED.,.F.,
  .F.,(2,2),(-0.,1.E-03),.PIECEWISE_BEZIER_KNOTS.);
#7177 = CARTESIAN_POINT('',(-0.346702650196,0.8005,0.18901305127));
#7178 = CARTESIAN_POINT('',(-0.346702650196,0.7995,0.18901305127));
#7179 = ORIENTED_EDGE('',*,*,#7006,.F.);
#7180 = ORIENTED_EDGE('',*,*,#7159,.T.);
#7181 = B_SPLINE_SURFACE_WITH_KNOTS('',1,1,(
    (#7182,#7183)
    ,(#7184,#7185
    )),.UNSPECIFIED.,.F.,.F.,.F.,(2,2),(2,2),(0.,2.077906005421E-02),(
    -1.E-03,0.),.PIECEWISE_BEZIER_KNOTS.);
#7182 = CARTESIAN_POINT('',(-0.346702650196,0.7995,0.18901305127));
#7183 = CARTESIAN_POINT('',(-0.346702650196,0.8005,0.18901305127));
#7184 = CARTESIAN_POINT('',(-0.33958080407,0.7995,0.208533518593));
#7185 = CARTESIAN_POINT('',(-0.33958080407,0.8005,0.208533518593));
#7186 = ADVANCED_FACE('',(#7187),#7193,.F.);
#7187 = FACE_BOUND('',#7188,.T.);
#7188 = EDGE_LOOP('',(#7189,#7190,#7191,#7192));
#7189 = ORIENTED_EDGE('',*,*,#1121,.T.);
#7190 = ORIENTED_EDGE('',*,*,#7081,.F.);
#7191 = ORIENTED_EDGE('',*,*,#7013,.F.);
#7192 = ORIENTED_EDGE('',*,*,#7175,.T.);
#7193 = B_SPLINE_SURFACE_WITH_KNOTS('',1,1,(
    (#7194,#7195)
    ,(#7196,#7197
    )),.UNSPECIFIED.,.F.,.F.,.F.,(2,2),(2,2),(0.,1.015323605242E-02),(
    -1.E-03,0.),.PIECEWISE_BEZIER_KNOTS.);
#7194 = CARTESIAN_POINT('',(-0.356855630896,0.7995,0.188941042708));
#7195 = CARTESIAN_POINT('',(-0.356855630896,0.8005,0.188941042708));
#7196 = CARTESIAN_POINT('',(-0.346702650196,0.7995,0.18901305127));
#7197 = CARTESIAN_POINT('',(-0.346702650196,0.8005,0.18901305127));
#7198 = ADVANCED_FACE('',(#7199),#7221,.T.);
#7199 = FACE_BOUND('',#7200,.T.);
#7200 = EDGE_LOOP('',(#7201,#7210,#7215,#7216));
#7201 = ORIENTED_EDGE('',*,*,#7202,.F.);
#7202 = EDGE_CURVE('',#7203,#7205,#7207,.T.);
#7203 = VERTEX_POINT('',#7204);
#7204 = CARTESIAN_POINT('',(-0.312908938721,0.7995,0.216765414737));
#7205 = VERTEX_POINT('',#7206);
#7206 = CARTESIAN_POINT('',(-0.336799375388,0.7995,0.216595975234));
#7207 = B_SPLINE_CURVE_WITH_KNOTS('',1,(#7208,#7209),.UNSPECIFIED.,.F.,
  .F.,(2,2),(-3.936949938257E-19,2.389103752212E-02),
  .PIECEWISE_BEZIER_KNOTS.);
#7208 = CARTESIAN_POINT('',(-0.312908938721,0.7995,0.216765414737));
#7209 = CARTESIAN_POINT('',(-0.336799375388,0.7995,0.216595975234));
#7210 = ORIENTED_EDGE('',*,*,#7211,.F.);
#7211 = EDGE_CURVE('',#7021,#7203,#7212,.T.);
#7212 = B_SPLINE_CURVE_WITH_KNOTS('',1,(#7213,#7214),.UNSPECIFIED.,.F.,
  .F.,(2,2),(-0.,1.E-03),.PIECEWISE_BEZIER_KNOTS.);
#7213 = CARTESIAN_POINT('',(-0.312908938721,0.8005,0.216765414737));
#7214 = CARTESIAN_POINT('',(-0.312908938721,0.7995,0.216765414737));
#7215 = ORIENTED_EDGE('',*,*,#7020,.T.);
#7216 = ORIENTED_EDGE('',*,*,#7217,.T.);
#7217 = EDGE_CURVE('',#7023,#7205,#7218,.T.);
#7218 = B_SPLINE_CURVE_WITH_KNOTS('',1,(#7219,#7220),.UNSPECIFIED.,.F.,
  .F.,(2,2),(-0.,1.E-03),.PIECEWISE_BEZIER_KNOTS.);
#7219 = CARTESIAN_POINT('',(-0.336799375388,0.8005,0.216595975234));
#7220 = CARTESIAN_POINT('',(-0.336799375388,0.7995,0.216595975234));
#7221 = B_SPLINE_SURFACE_WITH_KNOTS('',1,1,(
    (#7222,#7223)
    ,(#7224,#7225
    )),.UNSPECIFIED.,.F.,.F.,.F.,(2,2),(2,2),(-2.389103752212E-02,
    3.936949938257E-19),(-1.E-03,0.),.PIECEWISE_BEZIER_KNOTS.);
#7222 = CARTESIAN_POINT('',(-0.336799375388,0.7995,0.216595975234));
#7223 = CARTESIAN_POINT('',(-0.336799375388,0.8005,0.216595975234));
#7224 = CARTESIAN_POINT('',(-0.312908938721,0.7995,0.216765414737));
#7225 = CARTESIAN_POINT('',(-0.312908938721,0.8005,0.216765414737));
#7226 = ADVANCED_FACE('',(#7227),#7243,.T.);
#7227 = FACE_BOUND('',#7228,.T.);
#7228 = EDGE_LOOP('',(#7229,#7236,#7237,#7238));
#7229 = ORIENTED_EDGE('',*,*,#7230,.F.);
#7230 = EDGE_CURVE('',#7205,#7231,#7233,.T.);
#7231 = VERTEX_POINT('',#7232);
#7232 = CARTESIAN_POINT('',(-0.326255780995,0.7995,0.246257809786));
#7233 = B_SPLINE_CURVE_WITH_KNOTS('',1,(#7234,#7235),.UNSPECIFIED.,.F.,
  .F.,(2,2),(0.,3.148002242287E-02),.PIECEWISE_BEZIER_KNOTS.);
#7234 = CARTESIAN_POINT('',(-0.336799375388,0.7995,0.216595975234));
#7235 = CARTESIAN_POINT('',(-0.326255780995,0.7995,0.246257809786));
#7236 = ORIENTED_EDGE('',*,*,#7217,.F.);
#7237 = ORIENTED_EDGE('',*,*,#7061,.T.);
#7238 = ORIENTED_EDGE('',*,*,#7239,.T.);
#7239 = EDGE_CURVE('',#7053,#7231,#7240,.T.);
#7240 = B_SPLINE_CURVE_WITH_KNOTS('',1,(#7241,#7242),.UNSPECIFIED.,.F.,
  .F.,(2,2),(-0.,1.E-03),.PIECEWISE_BEZIER_KNOTS.);
#7241 = CARTESIAN_POINT('',(-0.326255780995,0.8005,0.246257809786));
#7242 = CARTESIAN_POINT('',(-0.326255780995,0.7995,0.246257809786));
#7243 = B_SPLINE_SURFACE_WITH_KNOTS('',1,1,(
    (#7244,#7245)
    ,(#7246,#7247
    )),.UNSPECIFIED.,.F.,.F.,.F.,(2,2),(2,2),(-3.148002242287E-02,0.),(
    -1.E-03,0.),.PIECEWISE_BEZIER_KNOTS.);
#7244 = CARTESIAN_POINT('',(-0.326255780995,0.7995,0.246257809786));
#7245 = CARTESIAN_POINT('',(-0.326255780995,0.8005,0.246257809786));
#7246 = CARTESIAN_POINT('',(-0.336799375388,0.7995,0.216595975234));
#7247 = CARTESIAN_POINT('',(-0.336799375388,0.8005,0.216595975234));
#7248 = ADVANCED_FACE('',(#7249),#7267,.T.);
#7249 = FACE_BOUND('',#7250,.T.);
#7250 = EDGE_LOOP('',(#7251,#7260,#7261,#7262));
#7251 = ORIENTED_EDGE('',*,*,#7252,.F.);
#7252 = EDGE_CURVE('',#7231,#7253,#7255,.T.);
#7253 = VERTEX_POINT('',#7254);
#7254 = CARTESIAN_POINT('',(-0.325181226377,0.7995,0.251251195511));
#7255 = B_SPLINE_CURVE_WITH_KNOTS('',3,(#7256,#7257,#7258,#7259),
  .UNSPECIFIED.,.F.,.F.,(4,4),(1.,2.),.PIECEWISE_BEZIER_KNOTS.);
#7256 = CARTESIAN_POINT('',(-0.326255780995,0.7995,0.246257809786));
#7257 = CARTESIAN_POINT('',(-0.325917038753,0.7995,0.24724280821));
#7258 = CARTESIAN_POINT('',(-0.325564746919,0.7995,0.248882966695));
#7259 = CARTESIAN_POINT('',(-0.325181226377,0.7995,0.251251195511));
#7260 = ORIENTED_EDGE('',*,*,#7239,.F.);
#7261 = ORIENTED_EDGE('',*,*,#7052,.T.);
#7262 = ORIENTED_EDGE('',*,*,#7263,.T.);
#7263 = EDGE_CURVE('',#7046,#7253,#7264,.T.);
#7264 = B_SPLINE_CURVE_WITH_KNOTS('',1,(#7265,#7266),.UNSPECIFIED.,.F.,
  .F.,(2,2),(-0.,1.E-03),.PIECEWISE_BEZIER_KNOTS.);
#7265 = CARTESIAN_POINT('',(-0.325181226377,0.8005,0.251251195511));
#7266 = CARTESIAN_POINT('',(-0.325181226377,0.7995,0.251251195511));
#7267 = B_SPLINE_SURFACE_WITH_KNOTS('',3,1,(
    (#7268,#7269)
    ,(#7270,#7271)
    ,(#7272,#7273)
    ,(#7274,#7275
    )),.UNSPECIFIED.,.F.,.F.,.F.,(4,4),(2,2),(1.,2.),(0.,1.),
  .PIECEWISE_BEZIER_KNOTS.);
#7268 = CARTESIAN_POINT('',(-0.326255780995,0.8005,0.246257809786));
#7269 = CARTESIAN_POINT('',(-0.326255780995,0.7995,0.246257809786));
#7270 = CARTESIAN_POINT('',(-0.325917038753,0.8005,0.24724280821));
#7271 = CARTESIAN_POINT('',(-0.325917038753,0.7995,0.24724280821));
#7272 = CARTESIAN_POINT('',(-0.325564746919,0.8005,0.248882966695));
#7273 = CARTESIAN_POINT('',(-0.325564746919,0.7995,0.248882966695));
#7274 = CARTESIAN_POINT('',(-0.325181226377,0.8005,0.251251195511));
#7275 = CARTESIAN_POINT('',(-0.325181226377,0.7995,0.251251195511));
#7276 = ADVANCED_FACE('',(#7277),#7293,.T.);
#7277 = FACE_BOUND('',#7278,.T.);
#7278 = EDGE_LOOP('',(#7279,#7286,#7287,#7288));
#7279 = ORIENTED_EDGE('',*,*,#7280,.F.);
#7280 = EDGE_CURVE('',#7253,#7281,#7283,.T.);
#7281 = VERTEX_POINT('',#7282);
#7282 = CARTESIAN_POINT('',(-0.324962882706,0.7995,0.251252744082));
#7283 = B_SPLINE_CURVE_WITH_KNOTS('',1,(#7284,#7285),.UNSPECIFIED.,.F.,
  .F.,(2,2),(5.550975513611E-17,2.183491626635E-04),
  .PIECEWISE_BEZIER_KNOTS.);
#7284 = CARTESIAN_POINT('',(-0.325181226377,0.7995,0.251251195511));
#7285 = CARTESIAN_POINT('',(-0.324962882706,0.7995,0.251252744082));
#7286 = ORIENTED_EDGE('',*,*,#7263,.F.);
#7287 = ORIENTED_EDGE('',*,*,#7045,.T.);
#7288 = ORIENTED_EDGE('',*,*,#7289,.T.);
#7289 = EDGE_CURVE('',#7037,#7281,#7290,.T.);
#7290 = B_SPLINE_CURVE_WITH_KNOTS('',1,(#7291,#7292),.UNSPECIFIED.,.F.,
  .F.,(2,2),(-0.,1.E-03),.PIECEWISE_BEZIER_KNOTS.);
#7291 = CARTESIAN_POINT('',(-0.324962882706,0.8005,0.251252744082));
#7292 = CARTESIAN_POINT('',(-0.324962882706,0.7995,0.251252744082));
#7293 = B_SPLINE_SURFACE_WITH_KNOTS('',1,1,(
    (#7294,#7295)
    ,(#7296,#7297
    )),.UNSPECIFIED.,.F.,.F.,.F.,(2,2),(2,2),(-2.183491626635E-04,
    -5.550975513611E-17),(-1.E-03,1.110223024625E-16),
  .PIECEWISE_BEZIER_KNOTS.);
#7294 = CARTESIAN_POINT('',(-0.324962882706,0.7995,0.251252744082));
#7295 = CARTESIAN_POINT('',(-0.324962882706,0.8005,0.251252744082));
#7296 = CARTESIAN_POINT('',(-0.325181226377,0.7995,0.251251195511));
#7297 = CARTESIAN_POINT('',(-0.325181226377,0.8005,0.251251195511));
#7298 = ADVANCED_FACE('',(#7299),#7317,.T.);
#7299 = FACE_BOUND('',#7300,.T.);
#7300 = EDGE_LOOP('',(#7301,#7310,#7311,#7312));
#7301 = ORIENTED_EDGE('',*,*,#7302,.F.);
#7302 = EDGE_CURVE('',#7281,#7303,#7305,.T.);
#7303 = VERTEX_POINT('',#7304);
#7304 = CARTESIAN_POINT('',(-0.323763024084,0.7995,0.246275489308));
#7305 = B_SPLINE_CURVE_WITH_KNOTS('',3,(#7306,#7307,#7308,#7309),
  .UNSPECIFIED.,.F.,.F.,(4,4),(3.,4.),.PIECEWISE_BEZIER_KNOTS.);
#7306 = CARTESIAN_POINT('',(-0.324962882706,0.7995,0.251252744082));
#7307 = CARTESIAN_POINT('',(-0.324601944276,0.7995,0.249108149888));
#7308 = CARTESIAN_POINT('',(-0.324207970473,0.7995,0.247436891744));
#7309 = CARTESIAN_POINT('',(-0.323763024084,0.7995,0.246275489308));
#7310 = ORIENTED_EDGE('',*,*,#7289,.F.);
#7311 = ORIENTED_EDGE('',*,*,#7036,.T.);
#7312 = ORIENTED_EDGE('',*,*,#7313,.T.);
#7313 = EDGE_CURVE('',#7030,#7303,#7314,.T.);
#7314 = B_SPLINE_CURVE_WITH_KNOTS('',1,(#7315,#7316),.UNSPECIFIED.,.F.,
  .F.,(2,2),(1.110223024625E-16,1.E-03),.PIECEWISE_BEZIER_KNOTS.);
#7315 = CARTESIAN_POINT('',(-0.323763024084,0.8005,0.246275489308));
#7316 = CARTESIAN_POINT('',(-0.323763024084,0.7995,0.246275489308));
#7317 = B_SPLINE_SURFACE_WITH_KNOTS('',3,1,(
    (#7318,#7319)
    ,(#7320,#7321)
    ,(#7322,#7323)
    ,(#7324,#7325
    )),.UNSPECIFIED.,.F.,.F.,.F.,(4,4),(2,2),(3.,4.),(0.,1.),
  .PIECEWISE_BEZIER_KNOTS.);
#7318 = CARTESIAN_POINT('',(-0.324962882706,0.8005,0.251252744082));
#7319 = CARTESIAN_POINT('',(-0.324962882706,0.7995,0.251252744082));
#7320 = CARTESIAN_POINT('',(-0.324601944276,0.8005,0.249108149888));
#7321 = CARTESIAN_POINT('',(-0.324601944276,0.7995,0.249108149888));
#7322 = CARTESIAN_POINT('',(-0.324207970473,0.8005,0.247436891744));
#7323 = CARTESIAN_POINT('',(-0.324207970473,0.7995,0.247436891744));
#7324 = CARTESIAN_POINT('',(-0.323763024084,0.8005,0.246275489308));
#7325 = CARTESIAN_POINT('',(-0.323763024084,0.7995,0.246275489308));
#7326 = ADVANCED_FACE('',(#7327),#7337,.T.);
#7327 = FACE_BOUND('',#7328,.T.);
#7328 = EDGE_LOOP('',(#7329,#7334,#7335,#7336));
#7329 = ORIENTED_EDGE('',*,*,#7330,.F.);
#7330 = EDGE_CURVE('',#7303,#7203,#7331,.T.);
#7331 = B_SPLINE_CURVE_WITH_KNOTS('',1,(#7332,#7333),.UNSPECIFIED.,.F.,
  .F.,(2,2),(1.916244565438E-17,3.144289538587E-02),
  .PIECEWISE_BEZIER_KNOTS.);
#7332 = CARTESIAN_POINT('',(-0.323763024084,0.7995,0.246275489308));
#7333 = CARTESIAN_POINT('',(-0.312908938721,0.7995,0.216765414737));
#7334 = ORIENTED_EDGE('',*,*,#7313,.F.);
#7335 = ORIENTED_EDGE('',*,*,#7029,.T.);
#7336 = ORIENTED_EDGE('',*,*,#7211,.T.);
#7337 = B_SPLINE_SURFACE_WITH_KNOTS('',1,1,(
    (#7338,#7339)
    ,(#7340,#7341
    )),.UNSPECIFIED.,.F.,.F.,.F.,(2,2),(2,2),(-3.144289538587E-02,
    -1.916244565438E-17),(-1.E-03,0.),.PIECEWISE_BEZIER_KNOTS.);
#7338 = CARTESIAN_POINT('',(-0.312908938721,0.7995,0.216765414737));
#7339 = CARTESIAN_POINT('',(-0.312908938721,0.8005,0.216765414737));
#7340 = CARTESIAN_POINT('',(-0.323763024084,0.7995,0.246275489308));
#7341 = CARTESIAN_POINT('',(-0.323763024084,0.8005,0.246275489308));
#7342 = ADVANCED_FACE('',(#7343),#7351,.T.);
#7343 = FACE_BOUND('',#7344,.T.);
#7344 = EDGE_LOOP('',(#7345,#7346,#7347,#7348,#7349,#7350));
#7345 = ORIENTED_EDGE('',*,*,#7202,.T.);
#7346 = ORIENTED_EDGE('',*,*,#7230,.T.);
#7347 = ORIENTED_EDGE('',*,*,#7252,.T.);
#7348 = ORIENTED_EDGE('',*,*,#7280,.T.);
#7349 = ORIENTED_EDGE('',*,*,#7302,.T.);
#7350 = ORIENTED_EDGE('',*,*,#7330,.T.);
#7351 = B_SPLINE_SURFACE_WITH_KNOTS('',1,1,(
    (#7352,#7353)
    ,(#7354,#7355
    )),.UNSPECIFIED.,.F.,.F.,.F.,(2,2),(2,2),(0.216595875234,
    0.251252644082),(-0.336799375388,-0.312908938721),
  .PIECEWISE_BEZIER_KNOTS.);
#7352 = CARTESIAN_POINT('',(-0.336799375388,0.7995,0.216595975234));
#7353 = CARTESIAN_POINT('',(-0.312908938721,0.7995,0.216595975234));
#7354 = CARTESIAN_POINT('',(-0.336799375388,0.7995,0.251252744082));
#7355 = CARTESIAN_POINT('',(-0.312908938721,0.7995,0.251252744082));
#7356 = ADVANCED_FACE('',(#7357,#7646),#7671,.F.);
#7357 = FACE_BOUND('',#7358,.T.);
#7358 = EDGE_LOOP('',(#7359,#7370,#7379,#7388,#7397,#7406,#7415,#7424,
    #7433,#7442,#7451,#7460,#7469,#7478,#7485,#7492,#7499,#7508,#7517,
    #7526,#7535,#7544,#7553,#7562,#7571,#7580,#7589,#7596,#7605,#7614,
    #7623,#7630,#7639));
#7359 = ORIENTED_EDGE('',*,*,#7360,.T.);
#7360 = EDGE_CURVE('',#7361,#7363,#7365,.T.);
#7361 = VERTEX_POINT('',#7362);
#7362 = CARTESIAN_POINT('',(7.574379120284E-02,0.8005,0.262617469135));
#7363 = VERTEX_POINT('',#7364);
#7364 = CARTESIAN_POINT('',(0.12537577423,0.8005,0.329269638703));
#7365 = B_SPLINE_CURVE_WITH_KNOTS('',3,(#7366,#7367,#7368,#7369),
  .UNSPECIFIED.,.F.,.F.,(4,4),(35.,36.),.PIECEWISE_BEZIER_KNOTS.);
#7366 = CARTESIAN_POINT('',(7.574379120284E-02,0.8005,0.262617469135));
#7367 = CARTESIAN_POINT('',(7.60345072173E-02,0.8005,0.292986005984));
#7368 = CARTESIAN_POINT('',(9.659367885673E-02,0.8005,0.319955561384));
#7369 = CARTESIAN_POINT('',(0.12537577423,0.8005,0.329269638703));
#7370 = ORIENTED_EDGE('',*,*,#7371,.T.);
#7371 = EDGE_CURVE('',#7363,#7372,#7374,.T.);
#7372 = VERTEX_POINT('',#7373);
#7373 = CARTESIAN_POINT('',(0.152420695893,0.8005,0.369444002242));
#7374 = B_SPLINE_CURVE_WITH_KNOTS('',3,(#7375,#7376,#7377,#7378),
  .UNSPECIFIED.,.F.,.F.,(4,4),(0.,1.),.PIECEWISE_BEZIER_KNOTS.);
#7375 = CARTESIAN_POINT('',(0.12537577423,0.8005,0.329269638703));
#7376 = CARTESIAN_POINT('',(0.130834997513,0.8005,0.34449160461));
#7377 = CARTESIAN_POINT('',(0.140353666459,0.8005,0.358224035874));
#7378 = CARTESIAN_POINT('',(0.152420695893,0.8005,0.369444002242));
#7379 = ORIENTED_EDGE('',*,*,#7380,.T.);
#7380 = EDGE_CURVE('',#7372,#7381,#7383,.T.);
#7381 = VERTEX_POINT('',#7382);
#7382 = CARTESIAN_POINT('',(0.22106130182,0.8005,0.396248455752));
#7383 = B_SPLINE_CURVE_WITH_KNOTS('',3,(#7384,#7385,#7386,#7387),
  .UNSPECIFIED.,.F.,.F.,(4,4),(1.,2.),.PIECEWISE_BEZIER_KNOTS.);
#7384 = CARTESIAN_POINT('',(0.152420695893,0.8005,0.369444002242));
#7385 = CARTESIAN_POINT('',(0.171533390168,0.8005,0.386281129721));
#7386 = CARTESIAN_POINT('',(0.195757162745,0.8005,0.396068989767));
#7387 = CARTESIAN_POINT('',(0.22106130182,0.8005,0.396248455752));
#7388 = ORIENTED_EDGE('',*,*,#7389,.T.);
#7389 = EDGE_CURVE('',#7381,#7390,#7392,.T.);
#7390 = VERTEX_POINT('',#7391);
#7391 = CARTESIAN_POINT('',(0.28193121907,0.8005,0.376941945154));
#7392 = B_SPLINE_CURVE_WITH_KNOTS('',3,(#7393,#7394,#7395,#7396),
  .UNSPECIFIED.,.F.,.F.,(4,4),(2.,3.),.PIECEWISE_BEZIER_KNOTS.);
#7393 = CARTESIAN_POINT('',(0.22106130182,0.8005,0.396248455752));
#7394 = CARTESIAN_POINT('',(0.243328942275,0.8005,0.396406385805));
#7395 = CARTESIAN_POINT('',(0.264128588721,0.8005,0.389468389106));
#7396 = CARTESIAN_POINT('',(0.28193121907,0.8005,0.376941945154));
#7397 = ORIENTED_EDGE('',*,*,#7398,.T.);
#7398 = EDGE_CURVE('',#7390,#7399,#7401,.T.);
#7399 = VERTEX_POINT('',#7400);
#7400 = CARTESIAN_POINT('',(0.304356789596,0.8005,0.35483223234));
#7401 = B_SPLINE_CURVE_WITH_KNOTS('',3,(#7402,#7403,#7404,#7405),
  .UNSPECIFIED.,.F.,.F.,(4,4),(3.,4.),.PIECEWISE_BEZIER_KNOTS.);
#7402 = CARTESIAN_POINT('',(0.28193121907,0.8005,0.376941945154));
#7403 = CARTESIAN_POINT('',(0.290577702064,0.8005,0.370929968791));
#7404 = CARTESIAN_POINT('',(0.297716698869,0.8005,0.363388977531));
#7405 = CARTESIAN_POINT('',(0.304356789596,0.8005,0.35483223234));
#7406 = ORIENTED_EDGE('',*,*,#7407,.T.);
#7407 = EDGE_CURVE('',#7399,#7408,#7410,.T.);
#7408 = VERTEX_POINT('',#7409);
#7409 = CARTESIAN_POINT('',(0.315989511076,0.8005,0.355926951263));
#7410 = B_SPLINE_CURVE_WITH_KNOTS('',3,(#7411,#7412,#7413,#7414),
  .UNSPECIFIED.,.F.,.F.,(4,4),(4.,5.),.PIECEWISE_BEZIER_KNOTS.);
#7411 = CARTESIAN_POINT('',(0.304356789596,0.8005,0.35483223234));
#7412 = CARTESIAN_POINT('',(0.308401858653,0.8005,0.355367031582));
#7413 = CARTESIAN_POINT('',(0.311940852685,0.8005,0.355898236732));
#7414 = CARTESIAN_POINT('',(0.315989511076,0.8005,0.355926951263));
#7415 = ORIENTED_EDGE('',*,*,#7416,.T.);
#7416 = EDGE_CURVE('',#7408,#7417,#7419,.T.);
#7417 = VERTEX_POINT('',#7418);
#7418 = CARTESIAN_POINT('',(0.3743613183,0.8005,0.332047748551));
#7419 = B_SPLINE_CURVE_WITH_KNOTS('',3,(#7420,#7421,#7422,#7423),
  .UNSPECIFIED.,.F.,.F.,(4,4),(5.,6.),.PIECEWISE_BEZIER_KNOTS.);
#7420 = CARTESIAN_POINT('',(0.315989511076,0.8005,0.355926951263));
#7421 = CARTESIAN_POINT('',(0.337751071646,0.8005,0.356081292017));
#7422 = CARTESIAN_POINT('',(0.358561481219,0.8005,0.347625047784));
#7423 = CARTESIAN_POINT('',(0.3743613183,0.8005,0.332047748551));
#7424 = ORIENTED_EDGE('',*,*,#7425,.T.);
#7425 = EDGE_CURVE('',#7417,#7426,#7428,.T.);
#7426 = VERTEX_POINT('',#7427);
#7427 = CARTESIAN_POINT('',(0.398556404942,0.8005,0.27452301634));
#7428 = B_SPLINE_CURVE_WITH_KNOTS('',3,(#7429,#7430,#7431,#7432),
  .UNSPECIFIED.,.F.,.F.,(4,4),(6.,7.),.PIECEWISE_BEZIER_KNOTS.);
#7429 = CARTESIAN_POINT('',(0.3743613183,0.8005,0.332047748551));
#7430 = CARTESIAN_POINT('',(0.389651494574,0.8005,0.316972949618));
#7431 = CARTESIAN_POINT('',(0.398402064222,0.8005,0.296284572082));
#7432 = CARTESIAN_POINT('',(0.398556404942,0.8005,0.27452301634));
#7433 = ORIENTED_EDGE('',*,*,#7434,.T.);
#7434 = EDGE_CURVE('',#7426,#7435,#7437,.T.);
#7435 = VERTEX_POINT('',#7436);
#7436 = CARTESIAN_POINT('',(0.377692164849,0.8005,0.21920925332));
#7437 = B_SPLINE_CURVE_WITH_KNOTS('',3,(#7438,#7439,#7440,#7441),
  .UNSPECIFIED.,.F.,.F.,(4,4),(7.,8.),.PIECEWISE_BEZIER_KNOTS.);
#7438 = CARTESIAN_POINT('',(0.398556404942,0.8005,0.27452301634));
#7439 = CARTESIAN_POINT('',(0.39869997773,0.8005,0.25427970508));
#7440 = CARTESIAN_POINT('',(0.391248719531,0.8005,0.234488629084));
#7441 = CARTESIAN_POINT('',(0.377692164849,0.8005,0.21920925332));
#7442 = ORIENTED_EDGE('',*,*,#7443,.T.);
#7443 = EDGE_CURVE('',#7435,#7444,#7446,.T.);
#7444 = VERTEX_POINT('',#7445);
#7445 = CARTESIAN_POINT('',(0.337377829648,0.8005,0.194630138093));
#7446 = B_SPLINE_CURVE_WITH_KNOTS('',3,(#7447,#7448,#7449,#7450),
  .UNSPECIFIED.,.F.,.F.,(4,4),(8.,9.),.PIECEWISE_BEZIER_KNOTS.);
#7447 = CARTESIAN_POINT('',(0.377692164849,0.8005,0.21920925332));
#7448 = CARTESIAN_POINT('',(0.36664448835,0.8005,0.206984293815));
#7449 = CARTESIAN_POINT('',(0.353037678448,0.8005,0.198790065374));
#7450 = CARTESIAN_POINT('',(0.337377829648,0.8005,0.194630138093));
#7451 = ORIENTED_EDGE('',*,*,#7452,.T.);
#7452 = EDGE_CURVE('',#7444,#7453,#7455,.T.);
#7453 = VERTEX_POINT('',#7454);
#7454 = CARTESIAN_POINT('',(0.289544034292,0.8005,0.159875527407));
#7455 = B_SPLINE_CURVE_WITH_KNOTS('',3,(#7456,#7457,#7458,#7459),
  .UNSPECIFIED.,.F.,.F.,(4,4),(9.,10.),.PIECEWISE_BEZIER_KNOTS.);
#7456 = CARTESIAN_POINT('',(0.337377829648,0.8005,0.194630138093));
#7457 = CARTESIAN_POINT('',(0.330942325312,0.8005,0.17434016567));
#7458 = CARTESIAN_POINT('',(0.3118116844,0.8005,0.160033457529));
#7459 = CARTESIAN_POINT('',(0.289544034292,0.8005,0.159875527407));
#7460 = ORIENTED_EDGE('',*,*,#7461,.T.);
#7461 = EDGE_CURVE('',#7453,#7462,#7464,.T.);
#7462 = VERTEX_POINT('',#7463);
#7463 = CARTESIAN_POINT('',(0.238576824173,0.8005,0.210124873587));
#7464 = B_SPLINE_CURVE_WITH_KNOTS('',3,(#7465,#7466,#7467,#7468),
  .UNSPECIFIED.,.F.,.F.,(4,4),(10.,11.),.PIECEWISE_BEZIER_KNOTS.);
#7465 = CARTESIAN_POINT('',(0.289544034292,0.8005,0.159875527407));
#7466 = CARTESIAN_POINT('',(0.26170948131,0.8005,0.159678114824));
#7467 = CARTESIAN_POINT('',(0.238774236756,0.8005,0.182290320604));
#7468 = CARTESIAN_POINT('',(0.238576824173,0.8005,0.210124873587));
#7469 = ORIENTED_EDGE('',*,*,#7470,.T.);
#7470 = EDGE_CURVE('',#7462,#7471,#7473,.T.);
#7471 = VERTEX_POINT('',#7472);
#7472 = CARTESIAN_POINT('',(0.238540930976,0.8005,0.215185701402));
#7473 = B_SPLINE_CURVE_WITH_KNOTS('',3,(#7474,#7475,#7476,#7477),
  .UNSPECIFIED.,.F.,.F.,(4,4),(11.,12.),.PIECEWISE_BEZIER_KNOTS.);
#7474 = CARTESIAN_POINT('',(0.238576824173,0.8005,0.210124873587));
#7475 = CARTESIAN_POINT('',(0.238566056241,0.8005,0.21164311807));
#7476 = CARTESIAN_POINT('',(0.238555288309,0.8005,0.213161362554));
#7477 = CARTESIAN_POINT('',(0.238540930976,0.8005,0.215185701402));
#7478 = ORIENTED_EDGE('',*,*,#7479,.T.);
#7479 = EDGE_CURVE('',#7471,#7480,#7482,.T.);
#7480 = VERTEX_POINT('',#7481);
#7481 = CARTESIAN_POINT('',(0.167423731923,0.8005,0.252133320544));
#7482 = B_SPLINE_CURVE_WITH_KNOTS('',1,(#7483,#7484),.UNSPECIFIED.,.F.,
  .F.,(2,2),(-3.646384554494E-17,8.014226451377E-02),
  .PIECEWISE_BEZIER_KNOTS.);
#7483 = CARTESIAN_POINT('',(0.238540930976,0.8005,0.215185701402));
#7484 = CARTESIAN_POINT('',(0.167423731923,0.8005,0.252133320544));
#7485 = ORIENTED_EDGE('',*,*,#7486,.T.);
#7486 = EDGE_CURVE('',#7480,#7487,#7489,.T.);
#7487 = VERTEX_POINT('',#7488);
#7488 = CARTESIAN_POINT('',(0.182922056442,0.8005,0.27906698261));
#7489 = B_SPLINE_CURVE_WITH_KNOTS('',1,(#7490,#7491),.UNSPECIFIED.,.F.,
  .F.,(2,2),(0.,3.107443024757E-02),.PIECEWISE_BEZIER_KNOTS.);
#7490 = CARTESIAN_POINT('',(0.167423731923,0.8005,0.252133320544));
#7491 = CARTESIAN_POINT('',(0.182922056442,0.8005,0.27906698261));
#7492 = ORIENTED_EDGE('',*,*,#7493,.T.);
#7493 = EDGE_CURVE('',#7487,#7494,#7496,.T.);
#7494 = VERTEX_POINT('',#7495);
#7495 = CARTESIAN_POINT('',(0.25098839961,0.8005,0.244122156732));
#7496 = B_SPLINE_CURVE_WITH_KNOTS('',1,(#7497,#7498),.UNSPECIFIED.,.F.,
  .F.,(2,2),(0.,7.651253445007E-02),.PIECEWISE_BEZIER_KNOTS.);
#7497 = CARTESIAN_POINT('',(0.182922056442,0.8005,0.27906698261));
#7498 = CARTESIAN_POINT('',(0.25098839961,0.8005,0.244122156732));
#7499 = ORIENTED_EDGE('',*,*,#7500,.T.);
#7500 = EDGE_CURVE('',#7494,#7501,#7503,.T.);
#7501 = VERTEX_POINT('',#7502);
#7502 = CARTESIAN_POINT('',(0.288822571366,0.8005,0.26159816835));
#7503 = B_SPLINE_CURVE_WITH_KNOTS('',3,(#7504,#7505,#7506,#7507),
  .UNSPECIFIED.,.F.,.F.,(4,4),(15.,16.),.PIECEWISE_BEZIER_KNOTS.);
#7504 = CARTESIAN_POINT('',(0.25098839961,0.8005,0.244122156732));
#7505 = CARTESIAN_POINT('',(0.260022510089,0.8005,0.254814504801));
#7506 = CARTESIAN_POINT('',(0.273640087921,0.8005,0.261490488759));
#7507 = CARTESIAN_POINT('',(0.288822571366,0.8005,0.26159816835));
#7508 = ORIENTED_EDGE('',*,*,#7509,.T.);
#7509 = EDGE_CURVE('',#7501,#7510,#7512,.T.);
#7510 = VERTEX_POINT('',#7511);
#7511 = CARTESIAN_POINT('',(0.33663124601,0.8005,0.228534098879));
#7512 = B_SPLINE_CURVE_WITH_KNOTS('',3,(#7513,#7514,#7515,#7516),
  .UNSPECIFIED.,.F.,.F.,(4,4),(16.,17.),.PIECEWISE_BEZIER_KNOTS.);
#7513 = CARTESIAN_POINT('',(0.288822571366,0.8005,0.26159816835));
#7514 = CARTESIAN_POINT('',(0.310584136762,0.8005,0.261752509138));
#7515 = CARTESIAN_POINT('',(0.32940969481,0.8005,0.247714999905));
#7516 = CARTESIAN_POINT('',(0.33663124601,0.8005,0.228534098879));
#7517 = ORIENTED_EDGE('',*,*,#7518,.T.);
#7518 = EDGE_CURVE('',#7510,#7519,#7521,.T.);
#7519 = VERTEX_POINT('',#7520);
#7520 = CARTESIAN_POINT('',(0.36666599546,0.8005,0.275309077819));
#7521 = B_SPLINE_CURVE_WITH_KNOTS('',3,(#7522,#7523,#7524,#7525),
  .UNSPECIFIED.,.F.,.F.,(4,4),(17.,18.),.PIECEWISE_BEZIER_KNOTS.);
#7522 = CARTESIAN_POINT('',(0.33663124601,0.8005,0.228534098879));
#7523 = CARTESIAN_POINT('',(0.354286714233,0.8005,0.236757051502));
#7524 = CARTESIAN_POINT('',(0.366813157581,0.8005,0.254559681847));
#7525 = CARTESIAN_POINT('',(0.36666599546,0.8005,0.275309077819));
#7526 = ORIENTED_EDGE('',*,*,#7527,.T.);
#7527 = EDGE_CURVE('',#7519,#7528,#7530,.T.);
#7528 = VERTEX_POINT('',#7529);
#7529 = CARTESIAN_POINT('',(0.315698785341,0.8005,0.325558423998));
#7530 = B_SPLINE_CURVE_WITH_KNOTS('',3,(#7531,#7532,#7533,#7534),
  .UNSPECIFIED.,.F.,.F.,(4,4),(18.,19.),.PIECEWISE_BEZIER_KNOTS.);
#7531 = CARTESIAN_POINT('',(0.36666599546,0.8005,0.275309077819));
#7532 = CARTESIAN_POINT('',(0.366468582876,0.8005,0.303143630801));
#7533 = CARTESIAN_POINT('',(0.343533338323,0.8005,0.325755836581));
#7534 = CARTESIAN_POINT('',(0.315698785341,0.8005,0.325558423998));
#7535 = ORIENTED_EDGE('',*,*,#7536,.T.);
#7536 = EDGE_CURVE('',#7528,#7537,#7539,.T.);
#7537 = VERTEX_POINT('',#7538);
#7538 = CARTESIAN_POINT('',(0.288930241578,0.8005,0.317776948359));
#7539 = B_SPLINE_CURVE_WITH_KNOTS('',3,(#7540,#7541,#7542,#7543),
  .UNSPECIFIED.,.F.,.F.,(4,4),(19.,20.),.PIECEWISE_BEZIER_KNOTS.);
#7540 = CARTESIAN_POINT('',(0.315698785341,0.8005,0.325558423998));
#7541 = CARTESIAN_POINT('',(0.306083214423,0.8005,0.325490226937));
#7542 = CARTESIAN_POINT('',(0.296489179437,0.8005,0.322385531258));
#7543 = CARTESIAN_POINT('',(0.288930241578,0.8005,0.317776948359));
#7544 = ORIENTED_EDGE('',*,*,#7545,.T.);
#7545 = EDGE_CURVE('',#7537,#7546,#7548,.T.);
#7546 = VERTEX_POINT('',#7547);
#7547 = CARTESIAN_POINT('',(0.220770585942,0.8005,0.365879899597));
#7548 = B_SPLINE_CURVE_WITH_KNOTS('',3,(#7549,#7550,#7551,#7552),
  .UNSPECIFIED.,.F.,.F.,(4,4),(20.,21.),.PIECEWISE_BEZIER_KNOTS.);
#7549 = CARTESIAN_POINT('',(0.288930241578,0.8005,0.317776948359));
#7550 = CARTESIAN_POINT('',(0.279113678602,0.8005,0.346049360103));
#7551 = CARTESIAN_POINT('',(0.252653797315,0.8005,0.366106026711));
#7552 = CARTESIAN_POINT('',(0.220770585942,0.8005,0.365879899597));
#7553 = ORIENTED_EDGE('',*,*,#7554,.T.);
#7554 = EDGE_CURVE('',#7546,#7555,#7557,.T.);
#7555 = VERTEX_POINT('',#7556);
#7556 = CARTESIAN_POINT('',(0.150367661495,0.8005,0.302117047153));
#7557 = B_SPLINE_CURVE_WITH_KNOTS('',3,(#7558,#7559,#7560,#7561),
  .UNSPECIFIED.,.F.,.F.,(4,4),(21.,22.),.PIECEWISE_BEZIER_KNOTS.);
#7558 = CARTESIAN_POINT('',(0.220770585942,0.8005,0.365879899597));
#7559 = CARTESIAN_POINT('',(0.184332621813,0.8005,0.365621468552));
#7560 = CARTESIAN_POINT('',(0.154165067508,0.8005,0.337571556388));
#7561 = CARTESIAN_POINT('',(0.150367661495,0.8005,0.302117047153));
#7562 = ORIENTED_EDGE('',*,*,#7563,.T.);
#7563 = EDGE_CURVE('',#7555,#7564,#7566,.T.);
#7564 = VERTEX_POINT('',#7565);
#7565 = CARTESIAN_POINT('',(0.146319003105,0.8005,0.302088332623));
#7566 = B_SPLINE_CURVE_WITH_KNOTS('',3,(#7567,#7568,#7569,#7570),
  .UNSPECIFIED.,.F.,.F.,(4,4),(22.,23.),.PIECEWISE_BEZIER_KNOTS.);
#7567 = CARTESIAN_POINT('',(0.150367661495,0.8005,0.302117047153));
#7568 = CARTESIAN_POINT('',(0.148849417012,0.8005,0.302106279221));
#7569 = CARTESIAN_POINT('',(0.147837247588,0.8005,0.302099100555));
#7570 = CARTESIAN_POINT('',(0.146319003105,0.8005,0.302088332623));
#7571 = ORIENTED_EDGE('',*,*,#7572,.T.);
#7572 = EDGE_CURVE('',#7564,#7573,#7575,.T.);
#7573 = VERTEX_POINT('',#7574);
#7574 = CARTESIAN_POINT('',(0.107124516918,0.8005,0.262333912619));
#7575 = B_SPLINE_CURVE_WITH_KNOTS('',3,(#7576,#7577,#7578,#7579),
  .UNSPECIFIED.,.F.,.F.,(4,4),(23.,24.),.PIECEWISE_BEZIER_KNOTS.);
#7576 = CARTESIAN_POINT('',(0.146319003105,0.8005,0.302088332623));
#7577 = CARTESIAN_POINT('',(0.124557447361,0.8005,0.301933991903));
#7578 = CARTESIAN_POINT('',(0.106970176199,0.8005,0.284095468362));
#7579 = CARTESIAN_POINT('',(0.107124516918,0.8005,0.262333912619));
#7580 = ORIENTED_EDGE('',*,*,#7581,.T.);
#7581 = EDGE_CURVE('',#7573,#7582,#7584,.T.);
#7582 = VERTEX_POINT('',#7583);
#7583 = CARTESIAN_POINT('',(0.143842447956,0.8005,0.223117890569));
#7584 = B_SPLINE_CURVE_WITH_KNOTS('',3,(#7585,#7586,#7587,#7588),
  .UNSPECIFIED.,.F.,.F.,(4,4),(24.,25.),.PIECEWISE_BEZIER_KNOTS.);
#7585 = CARTESIAN_POINT('',(0.107124516918,0.8005,0.262333912619));
#7586 = CARTESIAN_POINT('',(0.10727167904,0.8005,0.241584516647));
#7587 = CARTESIAN_POINT('',(0.1230822744,0.8005,0.224488972863));
#7588 = CARTESIAN_POINT('',(0.143842447956,0.8005,0.223117890569));
#7589 = ORIENTED_EDGE('',*,*,#7590,.T.);
#7590 = EDGE_CURVE('',#7582,#7591,#7593,.T.);
#7591 = VERTEX_POINT('',#7592);
#7592 = CARTESIAN_POINT('',(0.166616173123,0.8005,0.223279409955));
#7593 = B_SPLINE_CURVE_WITH_KNOTS('',1,(#7594,#7595),.UNSPECIFIED.,.F.,
  .F.,(2,2),(5.570660263303E-17,2.277429793654E-02),
  .PIECEWISE_BEZIER_KNOTS.);
#7594 = CARTESIAN_POINT('',(0.143842447956,0.8005,0.223117890569));
#7595 = CARTESIAN_POINT('',(0.166616173123,0.8005,0.223279409955));
#7596 = ORIENTED_EDGE('',*,*,#7597,.T.);
#7597 = EDGE_CURVE('',#7591,#7598,#7600,.T.);
#7598 = VERTEX_POINT('',#7599);
#7599 = CARTESIAN_POINT('',(0.169649072825,0.8005,0.223807020878));
#7600 = B_SPLINE_CURVE_WITH_KNOTS('',3,(#7601,#7602,#7603,#7604),
  .UNSPECIFIED.,.F.,.F.,(4,4),(26.,27.),.PIECEWISE_BEZIER_KNOTS.);
#7601 = CARTESIAN_POINT('',(0.166616173123,0.8005,0.223279409955));
#7602 = CARTESIAN_POINT('',(0.167628342547,0.8005,0.223286588622));
#7603 = CARTESIAN_POINT('',(0.168636922706,0.8005,0.223799842348));
#7604 = CARTESIAN_POINT('',(0.169649072825,0.8005,0.223807020878));
#7605 = ORIENTED_EDGE('',*,*,#7606,.T.);
#7606 = EDGE_CURVE('',#7598,#7607,#7609,.T.);
#7607 = VERTEX_POINT('',#7608);
#7608 = CARTESIAN_POINT('',(0.185448900185,0.8005,0.20822973123));
#7609 = B_SPLINE_CURVE_WITH_KNOTS('',3,(#7610,#7611,#7612,#7613),
  .UNSPECIFIED.,.F.,.F.,(4,4),(27.,28.),.PIECEWISE_BEZIER_KNOTS.);
#7610 = CARTESIAN_POINT('',(0.169649072825,0.8005,0.223807020878));
#7611 = CARTESIAN_POINT('',(0.178252483971,0.8005,0.22386803934));
#7612 = CARTESIAN_POINT('',(0.185387881859,0.8005,0.216833123071));
#7613 = CARTESIAN_POINT('',(0.185448900185,0.8005,0.20822973123));
#7614 = ORIENTED_EDGE('',*,*,#7615,.T.);
#7615 = EDGE_CURVE('',#7607,#7616,#7618,.T.);
#7616 = VERTEX_POINT('',#7617);
#7617 = CARTESIAN_POINT('',(0.170883760655,0.8005,0.192437082399));
#7618 = B_SPLINE_CURVE_WITH_KNOTS('',3,(#7619,#7620,#7621,#7622),
  .UNSPECIFIED.,.F.,.F.,(4,4),(28.,29.),.PIECEWISE_BEZIER_KNOTS.);
#7619 = CARTESIAN_POINT('',(0.185448900185,0.8005,0.20822973123));
#7620 = CARTESIAN_POINT('',(0.185506329245,0.8005,0.200132414448));
#7621 = CARTESIAN_POINT('',(0.178977507478,0.8005,0.193000586656));
#7622 = CARTESIAN_POINT('',(0.170883760655,0.8005,0.192437082399));
#7623 = ORIENTED_EDGE('',*,*,#7624,.T.);
#7624 = EDGE_CURVE('',#7616,#7625,#7627,.T.);
#7625 = VERTEX_POINT('',#7626);
#7626 = CARTESIAN_POINT('',(0.14102488813,0.8005,0.192225312619));
#7627 = B_SPLINE_CURVE_WITH_KNOTS('',1,(#7628,#7629),.UNSPECIFIED.,.F.,
  .F.,(2,2),(-5.570660263303E-17,2.985962348886E-02),
  .PIECEWISE_BEZIER_KNOTS.);
#7628 = CARTESIAN_POINT('',(0.170883760655,0.8005,0.192437082399));
#7629 = CARTESIAN_POINT('',(0.14102488813,0.8005,0.192225312619));
#7630 = ORIENTED_EDGE('',*,*,#7631,.T.);
#7631 = EDGE_CURVE('',#7625,#7632,#7634,.T.);
#7632 = VERTEX_POINT('',#7633);
#7633 = CARTESIAN_POINT('',(9.480984335066E-02,0.8005,0.214672409749));
#7634 = B_SPLINE_CURVE_WITH_KNOTS('',3,(#7635,#7636,#7637,#7638),
  .UNSPECIFIED.,.F.,.F.,(4,4),(33.,34.),.PIECEWISE_BEZIER_KNOTS.);
#7635 = CARTESIAN_POINT('',(0.14102488813,0.8005,0.192225312619));
#7636 = CARTESIAN_POINT('',(0.123301222847,0.8005,0.193617930913));
#7637 = CARTESIAN_POINT('',(0.10704914078,0.8005,0.201600408743));
#7638 = CARTESIAN_POINT('',(9.480984335066E-02,0.8005,0.214672409749));
#7639 = ORIENTED_EDGE('',*,*,#7640,.T.);
#7640 = EDGE_CURVE('',#7632,#7361,#7641,.T.);
#7641 = B_SPLINE_CURVE_WITH_KNOTS('',3,(#7642,#7643,#7644,#7645),
  .UNSPECIFIED.,.F.,.F.,(4,4),(34.,35.),.PIECEWISE_BEZIER_KNOTS.);
#7642 = CARTESIAN_POINT('',(9.480984335066E-02,0.8005,0.214672409749));
#7643 = CARTESIAN_POINT('',(8.257052661505E-02,0.8005,0.227744410618));
#7644 = CARTESIAN_POINT('',(7.586941739227E-02,0.8005,0.244904571782));
#7645 = CARTESIAN_POINT('',(7.574379120284E-02,0.8005,0.262617469135));
#7646 = FACE_BOUND('',#7647,.T.);
#7647 = EDGE_LOOP('',(#7648,#7662));
#7648 = ORIENTED_EDGE('',*,*,#7649,.F.);
#7649 = EDGE_CURVE('',#7650,#7652,#7654,.T.);
#7650 = VERTEX_POINT('',#7651);
#7651 = CARTESIAN_POINT('',(0.289834760096,0.8005,0.190244045019));
#7652 = VERTEX_POINT('',#7653);
#7653 = CARTESIAN_POINT('',(0.28955479305,0.8005,0.22971851742));
#7654 = B_SPLINE_CURVE_WITH_KNOTS('',3,(#7655,#7656,#7657,#7658,#7659,
    #7660,#7661),.UNSPECIFIED.,.F.,.F.,(4,3,4),(0.,1.,2.),
  .PIECEWISE_BEZIER_KNOTS.);
#7655 = CARTESIAN_POINT('',(0.289834760096,0.8005,0.190244045019));
#7656 = CARTESIAN_POINT('',(0.278700944695,0.8005,0.190165080027));
#7657 = CARTESIAN_POINT('',(0.270032925684,0.8005,0.199213567076));
#7658 = CARTESIAN_POINT('',(0.269957550026,0.8005,0.209841297765));
#7659 = CARTESIAN_POINT('',(0.269878584965,0.8005,0.220975122819));
#7660 = CARTESIAN_POINT('',(0.278927052708,0.8005,0.229643141693));
#7661 = CARTESIAN_POINT('',(0.28955479305,0.8005,0.22971851742));
#7662 = ORIENTED_EDGE('',*,*,#7663,.F.);
#7663 = EDGE_CURVE('',#7652,#7650,#7664,.T.);
#7664 = B_SPLINE_CURVE_WITH_KNOTS('',3,(#7665,#7666,#7667,#7668,#7669,
    #7670),.UNSPECIFIED.,.F.,.F.,(4,2,4),(2.,3.,4.),.UNSPECIFIED.);
#7665 = CARTESIAN_POINT('',(0.28955479305,0.8005,0.22971851742));
#7666 = CARTESIAN_POINT('',(0.300182533392,0.8005,0.229793893147));
#7667 = CARTESIAN_POINT('',(0.30935303806,0.8005,0.221255089728));
#7668 = CARTESIAN_POINT('',(0.309510968182,0.8005,0.19898743962));
#7669 = CARTESIAN_POINT('',(0.300462500438,0.8005,0.190319420747));
#7670 = CARTESIAN_POINT('',(0.289834760096,0.8005,0.190244045019));
#7671 = B_SPLINE_SURFACE_WITH_KNOTS('',1,1,(
    (#7672,#7673)
    ,(#7674,#7675
    )),.UNSPECIFIED.,.F.,.F.,.F.,(2,2),(2,2),(-9.256740956224E-02,
    0.144160861419),(-1.413172425403E-02,0.308824462273),
  .PIECEWISE_BEZIER_KNOTS.);
#7672 = CARTESIAN_POINT('',(7.574379120284E-02,0.8005,0.396406385805));
#7673 = CARTESIAN_POINT('',(0.39869997773,0.8005,0.396406385805));
#7674 = CARTESIAN_POINT('',(7.574379120284E-02,0.8005,0.159678114824));
#7675 = CARTESIAN_POINT('',(0.39869997773,0.8005,0.159678114824));
#7676 = ADVANCED_FACE('',(#7677),#7691,.F.);
#7677 = FACE_BOUND('',#7678,.F.);
#7678 = EDGE_LOOP('',(#7679,#7684,#7685,#7690));
#7679 = ORIENTED_EDGE('',*,*,#7680,.F.);
#7680 = EDGE_CURVE('',#7361,#2227,#7681,.T.);
#7681 = B_SPLINE_CURVE_WITH_KNOTS('',1,(#7682,#7683),.UNSPECIFIED.,.F.,
  .F.,(2,2),(-0.,1.E-03),.PIECEWISE_BEZIER_KNOTS.);
#7682 = CARTESIAN_POINT('',(7.574379120284E-02,0.8005,0.262617469135));
#7683 = CARTESIAN_POINT('',(7.574379120284E-02,0.7995,0.262617469135));
#7684 = ORIENTED_EDGE('',*,*,#7360,.T.);
#7685 = ORIENTED_EDGE('',*,*,#7686,.T.);
#7686 = EDGE_CURVE('',#7363,#2216,#7687,.T.);
#7687 = B_SPLINE_CURVE_WITH_KNOTS('',1,(#7688,#7689),.UNSPECIFIED.,.F.,
  .F.,(2,2),(-0.,1.E-03),.PIECEWISE_BEZIER_KNOTS.);
#7688 = CARTESIAN_POINT('',(0.12537577423,0.8005,0.329269638703));
#7689 = CARTESIAN_POINT('',(0.12537577423,0.7995,0.329269638703));
#7690 = ORIENTED_EDGE('',*,*,#2226,.F.);
#7691 = B_SPLINE_SURFACE_WITH_KNOTS('',3,1,(
    (#7692,#7693)
    ,(#7694,#7695)
    ,(#7696,#7697)
    ,(#7698,#7699
    )),.UNSPECIFIED.,.F.,.F.,.F.,(4,4),(2,2),(35.,36.),(0.,1.),
  .PIECEWISE_BEZIER_KNOTS.);
#7692 = CARTESIAN_POINT('',(7.574379120284E-02,0.8005,0.262617469135));
#7693 = CARTESIAN_POINT('',(7.574379120284E-02,0.7995,0.262617469135));
#7694 = CARTESIAN_POINT('',(7.60345072173E-02,0.8005,0.292986005984));
#7695 = CARTESIAN_POINT('',(7.60345072173E-02,0.7995,0.292986005984));
#7696 = CARTESIAN_POINT('',(9.659367885673E-02,0.8005,0.319955561384));
#7697 = CARTESIAN_POINT('',(9.659367885673E-02,0.7995,0.319955561384));
#7698 = CARTESIAN_POINT('',(0.12537577423,0.8005,0.329269638703));
#7699 = CARTESIAN_POINT('',(0.12537577423,0.7995,0.329269638703));
#7700 = ADVANCED_FACE('',(#7701),#7711,.F.);
#7701 = FACE_BOUND('',#7702,.F.);
#7702 = EDGE_LOOP('',(#7703,#7704,#7705,#7710));
#7703 = ORIENTED_EDGE('',*,*,#7686,.F.);
#7704 = ORIENTED_EDGE('',*,*,#7371,.T.);
#7705 = ORIENTED_EDGE('',*,*,#7706,.T.);
#7706 = EDGE_CURVE('',#7372,#2218,#7707,.T.);
#7707 = B_SPLINE_CURVE_WITH_KNOTS('',1,(#7708,#7709),.UNSPECIFIED.,.F.,
  .F.,(2,2),(-0.,1.E-03),.PIECEWISE_BEZIER_KNOTS.);
#7708 = CARTESIAN_POINT('',(0.152420695893,0.8005,0.369444002242));
#7709 = CARTESIAN_POINT('',(0.152420695893,0.7995,0.369444002242));
#7710 = ORIENTED_EDGE('',*,*,#2215,.F.);
#7711 = B_SPLINE_SURFACE_WITH_KNOTS('',3,1,(
    (#7712,#7713)
    ,(#7714,#7715)
    ,(#7716,#7717)
    ,(#7718,#7719
    )),.UNSPECIFIED.,.F.,.F.,.F.,(4,4),(2,2),(0.,1.),(0.,1.),
  .PIECEWISE_BEZIER_KNOTS.);
#7712 = CARTESIAN_POINT('',(0.12537577423,0.8005,0.329269638703));
#7713 = CARTESIAN_POINT('',(0.12537577423,0.7995,0.329269638703));
#7714 = CARTESIAN_POINT('',(0.130834997513,0.8005,0.34449160461));
#7715 = CARTESIAN_POINT('',(0.130834997513,0.7995,0.34449160461));
#7716 = CARTESIAN_POINT('',(0.140353666459,0.8005,0.358224035874));
#7717 = CARTESIAN_POINT('',(0.140353666459,0.7995,0.358224035874));
#7718 = CARTESIAN_POINT('',(0.152420695893,0.8005,0.369444002242));
#7719 = CARTESIAN_POINT('',(0.152420695893,0.7995,0.369444002242));
#7720 = ADVANCED_FACE('',(#7721),#7731,.F.);
#7721 = FACE_BOUND('',#7722,.F.);
#7722 = EDGE_LOOP('',(#7723,#7724,#7725,#7730));
#7723 = ORIENTED_EDGE('',*,*,#7706,.F.);
#7724 = ORIENTED_EDGE('',*,*,#7380,.T.);
#7725 = ORIENTED_EDGE('',*,*,#7726,.T.);
#7726 = EDGE_CURVE('',#7381,#2487,#7727,.T.);
#7727 = B_SPLINE_CURVE_WITH_KNOTS('',1,(#7728,#7729),.UNSPECIFIED.,.F.,
  .F.,(2,2),(-0.,1.E-03),.PIECEWISE_BEZIER_KNOTS.);
#7728 = CARTESIAN_POINT('',(0.22106130182,0.8005,0.396248455752));
#7729 = CARTESIAN_POINT('',(0.22106130182,0.7995,0.396248455752));
#7730 = ORIENTED_EDGE('',*,*,#2495,.F.);
#7731 = B_SPLINE_SURFACE_WITH_KNOTS('',3,1,(
    (#7732,#7733)
    ,(#7734,#7735)
    ,(#7736,#7737)
    ,(#7738,#7739
    )),.UNSPECIFIED.,.F.,.F.,.F.,(4,4),(2,2),(1.,2.),(0.,1.),
  .PIECEWISE_BEZIER_KNOTS.);
#7732 = CARTESIAN_POINT('',(0.152420695893,0.8005,0.369444002242));
#7733 = CARTESIAN_POINT('',(0.152420695893,0.7995,0.369444002242));
#7734 = CARTESIAN_POINT('',(0.171533390168,0.8005,0.386281129721));
#7735 = CARTESIAN_POINT('',(0.171533390168,0.7995,0.386281129721));
#7736 = CARTESIAN_POINT('',(0.195757162745,0.8005,0.396068989767));
#7737 = CARTESIAN_POINT('',(0.195757162745,0.7995,0.396068989767));
#7738 = CARTESIAN_POINT('',(0.22106130182,0.8005,0.396248455752));
#7739 = CARTESIAN_POINT('',(0.22106130182,0.7995,0.396248455752));
#7740 = ADVANCED_FACE('',(#7741),#7751,.F.);
#7741 = FACE_BOUND('',#7742,.F.);
#7742 = EDGE_LOOP('',(#7743,#7744,#7745,#7750));
#7743 = ORIENTED_EDGE('',*,*,#7726,.F.);
#7744 = ORIENTED_EDGE('',*,*,#7389,.T.);
#7745 = ORIENTED_EDGE('',*,*,#7746,.T.);
#7746 = EDGE_CURVE('',#7390,#2478,#7747,.T.);
#7747 = B_SPLINE_CURVE_WITH_KNOTS('',1,(#7748,#7749),.UNSPECIFIED.,.F.,
  .F.,(2,2),(-0.,1.E-03),.PIECEWISE_BEZIER_KNOTS.);
#7748 = CARTESIAN_POINT('',(0.28193121907,0.8005,0.376941945154));
#7749 = CARTESIAN_POINT('',(0.28193121907,0.7995,0.376941945154));
#7750 = ORIENTED_EDGE('',*,*,#2486,.F.);
#7751 = B_SPLINE_SURFACE_WITH_KNOTS('',3,1,(
    (#7752,#7753)
    ,(#7754,#7755)
    ,(#7756,#7757)
    ,(#7758,#7759
    )),.UNSPECIFIED.,.F.,.F.,.F.,(4,4),(2,2),(2.,3.),(0.,1.),
  .PIECEWISE_BEZIER_KNOTS.);
#7752 = CARTESIAN_POINT('',(0.22106130182,0.8005,0.396248455752));
#7753 = CARTESIAN_POINT('',(0.22106130182,0.7995,0.396248455752));
#7754 = CARTESIAN_POINT('',(0.243328942275,0.8005,0.396406385805));
#7755 = CARTESIAN_POINT('',(0.243328942275,0.7995,0.396406385805));
#7756 = CARTESIAN_POINT('',(0.264128588721,0.8005,0.389468389106));
#7757 = CARTESIAN_POINT('',(0.264128588721,0.7995,0.389468389106));
#7758 = CARTESIAN_POINT('',(0.28193121907,0.8005,0.376941945154));
#7759 = CARTESIAN_POINT('',(0.28193121907,0.7995,0.376941945154));
#7760 = ADVANCED_FACE('',(#7761),#7771,.F.);
#7761 = FACE_BOUND('',#7762,.F.);
#7762 = EDGE_LOOP('',(#7763,#7764,#7765,#7770));
#7763 = ORIENTED_EDGE('',*,*,#7746,.F.);
#7764 = ORIENTED_EDGE('',*,*,#7398,.T.);
#7765 = ORIENTED_EDGE('',*,*,#7766,.T.);
#7766 = EDGE_CURVE('',#7399,#2469,#7767,.T.);
#7767 = B_SPLINE_CURVE_WITH_KNOTS('',1,(#7768,#7769),.UNSPECIFIED.,.F.,
  .F.,(2,2),(-0.,1.E-03),.PIECEWISE_BEZIER_KNOTS.);
#7768 = CARTESIAN_POINT('',(0.304356789596,0.8005,0.35483223234));
#7769 = CARTESIAN_POINT('',(0.304356789596,0.7995,0.35483223234));
#7770 = ORIENTED_EDGE('',*,*,#2477,.F.);
#7771 = B_SPLINE_SURFACE_WITH_KNOTS('',3,1,(
    (#7772,#7773)
    ,(#7774,#7775)
    ,(#7776,#7777)
    ,(#7778,#7779
    )),.UNSPECIFIED.,.F.,.F.,.F.,(4,4),(2,2),(3.,4.),(0.,1.),
  .PIECEWISE_BEZIER_KNOTS.);
#7772 = CARTESIAN_POINT('',(0.28193121907,0.8005,0.376941945154));
#7773 = CARTESIAN_POINT('',(0.28193121907,0.7995,0.376941945154));
#7774 = CARTESIAN_POINT('',(0.290577702064,0.8005,0.370929968791));
#7775 = CARTESIAN_POINT('',(0.290577702064,0.7995,0.370929968791));
#7776 = CARTESIAN_POINT('',(0.297716698869,0.8005,0.363388977531));
#7777 = CARTESIAN_POINT('',(0.297716698869,0.7995,0.363388977531));
#7778 = CARTESIAN_POINT('',(0.304356789596,0.8005,0.35483223234));
#7779 = CARTESIAN_POINT('',(0.304356789596,0.7995,0.35483223234));
#7780 = ADVANCED_FACE('',(#7781),#7791,.F.);
#7781 = FACE_BOUND('',#7782,.F.);
#7782 = EDGE_LOOP('',(#7783,#7784,#7785,#7790));
#7783 = ORIENTED_EDGE('',*,*,#7766,.F.);
#7784 = ORIENTED_EDGE('',*,*,#7407,.T.);
#7785 = ORIENTED_EDGE('',*,*,#7786,.T.);
#7786 = EDGE_CURVE('',#7408,#2460,#7787,.T.);
#7787 = B_SPLINE_CURVE_WITH_KNOTS('',1,(#7788,#7789),.UNSPECIFIED.,.F.,
  .F.,(2,2),(-0.,1.E-03),.PIECEWISE_BEZIER_KNOTS.);
#7788 = CARTESIAN_POINT('',(0.315989511076,0.8005,0.355926951263));
#7789 = CARTESIAN_POINT('',(0.315989511076,0.7995,0.355926951263));
#7790 = ORIENTED_EDGE('',*,*,#2468,.F.);
#7791 = B_SPLINE_SURFACE_WITH_KNOTS('',3,1,(
    (#7792,#7793)
    ,(#7794,#7795)
    ,(#7796,#7797)
    ,(#7798,#7799
    )),.UNSPECIFIED.,.F.,.F.,.F.,(4,4),(2,2),(4.,5.),(0.,1.),
  .PIECEWISE_BEZIER_KNOTS.);
#7792 = CARTESIAN_POINT('',(0.304356789596,0.8005,0.35483223234));
#7793 = CARTESIAN_POINT('',(0.304356789596,0.7995,0.35483223234));
#7794 = CARTESIAN_POINT('',(0.308401858653,0.8005,0.355367031582));
#7795 = CARTESIAN_POINT('',(0.308401858653,0.7995,0.355367031582));
#7796 = CARTESIAN_POINT('',(0.311940852685,0.8005,0.355898236732));
#7797 = CARTESIAN_POINT('',(0.311940852685,0.7995,0.355898236732));
#7798 = CARTESIAN_POINT('',(0.315989511076,0.8005,0.355926951263));
#7799 = CARTESIAN_POINT('',(0.315989511076,0.7995,0.355926951263));
#7800 = ADVANCED_FACE('',(#7801),#7811,.F.);
#7801 = FACE_BOUND('',#7802,.F.);
#7802 = EDGE_LOOP('',(#7803,#7804,#7805,#7810));
#7803 = ORIENTED_EDGE('',*,*,#7786,.F.);
#7804 = ORIENTED_EDGE('',*,*,#7416,.T.);
#7805 = ORIENTED_EDGE('',*,*,#7806,.T.);
#7806 = EDGE_CURVE('',#7417,#2451,#7807,.T.);
#7807 = B_SPLINE_CURVE_WITH_KNOTS('',1,(#7808,#7809),.UNSPECIFIED.,.F.,
  .F.,(2,2),(-0.,1.E-03),.PIECEWISE_BEZIER_KNOTS.);
#7808 = CARTESIAN_POINT('',(0.3743613183,0.8005,0.332047748551));
#7809 = CARTESIAN_POINT('',(0.3743613183,0.7995,0.332047748551));
#7810 = ORIENTED_EDGE('',*,*,#2459,.F.);
#7811 = B_SPLINE_SURFACE_WITH_KNOTS('',3,1,(
    (#7812,#7813)
    ,(#7814,#7815)
    ,(#7816,#7817)
    ,(#7818,#7819
    )),.UNSPECIFIED.,.F.,.F.,.F.,(4,4),(2,2),(5.,6.),(0.,1.),
  .PIECEWISE_BEZIER_KNOTS.);
#7812 = CARTESIAN_POINT('',(0.315989511076,0.8005,0.355926951263));
#7813 = CARTESIAN_POINT('',(0.315989511076,0.7995,0.355926951263));
#7814 = CARTESIAN_POINT('',(0.337751071646,0.8005,0.356081292017));
#7815 = CARTESIAN_POINT('',(0.337751071646,0.7995,0.356081292017));
#7816 = CARTESIAN_POINT('',(0.358561481219,0.8005,0.347625047784));
#7817 = CARTESIAN_POINT('',(0.358561481219,0.7995,0.347625047784));
#7818 = CARTESIAN_POINT('',(0.3743613183,0.8005,0.332047748551));
#7819 = CARTESIAN_POINT('',(0.3743613183,0.7995,0.332047748551));
#7820 = ADVANCED_FACE('',(#7821),#7831,.F.);
#7821 = FACE_BOUND('',#7822,.F.);
#7822 = EDGE_LOOP('',(#7823,#7824,#7825,#7830));
#7823 = ORIENTED_EDGE('',*,*,#7806,.F.);
#7824 = ORIENTED_EDGE('',*,*,#7425,.T.);
#7825 = ORIENTED_EDGE('',*,*,#7826,.T.);
#7826 = EDGE_CURVE('',#7426,#2442,#7827,.T.);
#7827 = B_SPLINE_CURVE_WITH_KNOTS('',1,(#7828,#7829),.UNSPECIFIED.,.F.,
  .F.,(2,2),(-0.,1.E-03),.PIECEWISE_BEZIER_KNOTS.);
#7828 = CARTESIAN_POINT('',(0.398556404942,0.8005,0.27452301634));
#7829 = CARTESIAN_POINT('',(0.398556404942,0.7995,0.27452301634));
#7830 = ORIENTED_EDGE('',*,*,#2450,.F.);
#7831 = B_SPLINE_SURFACE_WITH_KNOTS('',3,1,(
    (#7832,#7833)
    ,(#7834,#7835)
    ,(#7836,#7837)
    ,(#7838,#7839
    )),.UNSPECIFIED.,.F.,.F.,.F.,(4,4),(2,2),(6.,7.),(0.,1.),
  .PIECEWISE_BEZIER_KNOTS.);
#7832 = CARTESIAN_POINT('',(0.3743613183,0.8005,0.332047748551));
#7833 = CARTESIAN_POINT('',(0.3743613183,0.7995,0.332047748551));
#7834 = CARTESIAN_POINT('',(0.389651494574,0.8005,0.316972949618));
#7835 = CARTESIAN_POINT('',(0.389651494574,0.7995,0.316972949618));
#7836 = CARTESIAN_POINT('',(0.398402064222,0.8005,0.296284572082));
#7837 = CARTESIAN_POINT('',(0.398402064222,0.7995,0.296284572082));
#7838 = CARTESIAN_POINT('',(0.398556404942,0.8005,0.27452301634));
#7839 = CARTESIAN_POINT('',(0.398556404942,0.7995,0.27452301634));
#7840 = ADVANCED_FACE('',(#7841),#7851,.F.);
#7841 = FACE_BOUND('',#7842,.F.);
#7842 = EDGE_LOOP('',(#7843,#7844,#7845,#7850));
#7843 = ORIENTED_EDGE('',*,*,#7826,.F.);
#7844 = ORIENTED_EDGE('',*,*,#7434,.T.);
#7845 = ORIENTED_EDGE('',*,*,#7846,.T.);
#7846 = EDGE_CURVE('',#7435,#2433,#7847,.T.);
#7847 = B_SPLINE_CURVE_WITH_KNOTS('',1,(#7848,#7849),.UNSPECIFIED.,.F.,
  .F.,(2,2),(-0.,1.E-03),.PIECEWISE_BEZIER_KNOTS.);
#7848 = CARTESIAN_POINT('',(0.377692164849,0.8005,0.21920925332));
#7849 = CARTESIAN_POINT('',(0.377692164849,0.7995,0.21920925332));
#7850 = ORIENTED_EDGE('',*,*,#2441,.F.);
#7851 = B_SPLINE_SURFACE_WITH_KNOTS('',3,1,(
    (#7852,#7853)
    ,(#7854,#7855)
    ,(#7856,#7857)
    ,(#7858,#7859
    )),.UNSPECIFIED.,.F.,.F.,.F.,(4,4),(2,2),(7.,8.),(0.,1.),
  .PIECEWISE_BEZIER_KNOTS.);
#7852 = CARTESIAN_POINT('',(0.398556404942,0.8005,0.27452301634));
#7853 = CARTESIAN_POINT('',(0.398556404942,0.7995,0.27452301634));
#7854 = CARTESIAN_POINT('',(0.39869997773,0.8005,0.25427970508));
#7855 = CARTESIAN_POINT('',(0.39869997773,0.7995,0.25427970508));
#7856 = CARTESIAN_POINT('',(0.391248719531,0.8005,0.234488629084));
#7857 = CARTESIAN_POINT('',(0.391248719531,0.7995,0.234488629084));
#7858 = CARTESIAN_POINT('',(0.377692164849,0.8005,0.21920925332));
#7859 = CARTESIAN_POINT('',(0.377692164849,0.7995,0.21920925332));
#7860 = ADVANCED_FACE('',(#7861),#7871,.F.);
#7861 = FACE_BOUND('',#7862,.F.);
#7862 = EDGE_LOOP('',(#7863,#7864,#7865,#7870));
#7863 = ORIENTED_EDGE('',*,*,#7846,.F.);
#7864 = ORIENTED_EDGE('',*,*,#7443,.T.);
#7865 = ORIENTED_EDGE('',*,*,#7866,.T.);
#7866 = EDGE_CURVE('',#7444,#2424,#7867,.T.);
#7867 = B_SPLINE_CURVE_WITH_KNOTS('',1,(#7868,#7869),.UNSPECIFIED.,.F.,
  .F.,(2,2),(-0.,1.E-03),.PIECEWISE_BEZIER_KNOTS.);
#7868 = CARTESIAN_POINT('',(0.337377829648,0.8005,0.194630138093));
#7869 = CARTESIAN_POINT('',(0.337377829648,0.7995,0.194630138093));
#7870 = ORIENTED_EDGE('',*,*,#2432,.F.);
#7871 = B_SPLINE_SURFACE_WITH_KNOTS('',3,1,(
    (#7872,#7873)
    ,(#7874,#7875)
    ,(#7876,#7877)
    ,(#7878,#7879
    )),.UNSPECIFIED.,.F.,.F.,.F.,(4,4),(2,2),(8.,9.),(0.,1.),
  .PIECEWISE_BEZIER_KNOTS.);
#7872 = CARTESIAN_POINT('',(0.377692164849,0.8005,0.21920925332));
#7873 = CARTESIAN_POINT('',(0.377692164849,0.7995,0.21920925332));
#7874 = CARTESIAN_POINT('',(0.36664448835,0.8005,0.206984293815));
#7875 = CARTESIAN_POINT('',(0.36664448835,0.7995,0.206984293815));
#7876 = CARTESIAN_POINT('',(0.353037678448,0.8005,0.198790065374));
#7877 = CARTESIAN_POINT('',(0.353037678448,0.7995,0.198790065374));
#7878 = CARTESIAN_POINT('',(0.337377829648,0.8005,0.194630138093));
#7879 = CARTESIAN_POINT('',(0.337377829648,0.7995,0.194630138093));
#7880 = ADVANCED_FACE('',(#7881),#7891,.F.);
#7881 = FACE_BOUND('',#7882,.F.);
#7882 = EDGE_LOOP('',(#7883,#7884,#7885,#7890));
#7883 = ORIENTED_EDGE('',*,*,#7866,.F.);
#7884 = ORIENTED_EDGE('',*,*,#7452,.T.);
#7885 = ORIENTED_EDGE('',*,*,#7886,.T.);
#7886 = EDGE_CURVE('',#7453,#2415,#7887,.T.);
#7887 = B_SPLINE_CURVE_WITH_KNOTS('',1,(#7888,#7889),.UNSPECIFIED.,.F.,
  .F.,(2,2),(-0.,1.E-03),.PIECEWISE_BEZIER_KNOTS.);
#7888 = CARTESIAN_POINT('',(0.289544034292,0.8005,0.159875527407));
#7889 = CARTESIAN_POINT('',(0.289544034292,0.7995,0.159875527407));
#7890 = ORIENTED_EDGE('',*,*,#2423,.F.);
#7891 = B_SPLINE_SURFACE_WITH_KNOTS('',3,1,(
    (#7892,#7893)
    ,(#7894,#7895)
    ,(#7896,#7897)
    ,(#7898,#7899
    )),.UNSPECIFIED.,.F.,.F.,.F.,(4,4),(2,2),(9.,10.),(0.,1.),
  .PIECEWISE_BEZIER_KNOTS.);
#7892 = CARTESIAN_POINT('',(0.337377829648,0.8005,0.194630138093));
#7893 = CARTESIAN_POINT('',(0.337377829648,0.7995,0.194630138093));
#7894 = CARTESIAN_POINT('',(0.330942325312,0.8005,0.17434016567));
#7895 = CARTESIAN_POINT('',(0.330942325312,0.7995,0.17434016567));
#7896 = CARTESIAN_POINT('',(0.3118116844,0.8005,0.160033457529));
#7897 = CARTESIAN_POINT('',(0.3118116844,0.7995,0.160033457529));
#7898 = CARTESIAN_POINT('',(0.289544034292,0.8005,0.159875527407));
#7899 = CARTESIAN_POINT('',(0.289544034292,0.7995,0.159875527407));
#7900 = ADVANCED_FACE('',(#7901),#7911,.F.);
#7901 = FACE_BOUND('',#7902,.F.);
#7902 = EDGE_LOOP('',(#7903,#7904,#7905,#7910));
#7903 = ORIENTED_EDGE('',*,*,#7886,.F.);
#7904 = ORIENTED_EDGE('',*,*,#7461,.T.);
#7905 = ORIENTED_EDGE('',*,*,#7906,.T.);
#7906 = EDGE_CURVE('',#7462,#2406,#7907,.T.);
#7907 = B_SPLINE_CURVE_WITH_KNOTS('',1,(#7908,#7909),.UNSPECIFIED.,.F.,
  .F.,(2,2),(-0.,1.E-03),.PIECEWISE_BEZIER_KNOTS.);
#7908 = CARTESIAN_POINT('',(0.238576824173,0.8005,0.210124873587));
#7909 = CARTESIAN_POINT('',(0.238576824173,0.7995,0.210124873587));
#7910 = ORIENTED_EDGE('',*,*,#2414,.F.);
#7911 = B_SPLINE_SURFACE_WITH_KNOTS('',3,1,(
    (#7912,#7913)
    ,(#7914,#7915)
    ,(#7916,#7917)
    ,(#7918,#7919
    )),.UNSPECIFIED.,.F.,.F.,.F.,(4,4),(2,2),(10.,11.),(0.,1.),
  .PIECEWISE_BEZIER_KNOTS.);
#7912 = CARTESIAN_POINT('',(0.289544034292,0.8005,0.159875527407));
#7913 = CARTESIAN_POINT('',(0.289544034292,0.7995,0.159875527407));
#7914 = CARTESIAN_POINT('',(0.26170948131,0.8005,0.159678114824));
#7915 = CARTESIAN_POINT('',(0.26170948131,0.7995,0.159678114824));
#7916 = CARTESIAN_POINT('',(0.238774236756,0.8005,0.182290320604));
#7917 = CARTESIAN_POINT('',(0.238774236756,0.7995,0.182290320604));
#7918 = CARTESIAN_POINT('',(0.238576824173,0.8005,0.210124873587));
#7919 = CARTESIAN_POINT('',(0.238576824173,0.7995,0.210124873587));
#7920 = ADVANCED_FACE('',(#7921),#7931,.F.);
#7921 = FACE_BOUND('',#7922,.T.);
#7922 = EDGE_LOOP('',(#7923,#7924,#7929,#7930));
#7923 = ORIENTED_EDGE('',*,*,#2405,.T.);
#7924 = ORIENTED_EDGE('',*,*,#7925,.F.);
#7925 = EDGE_CURVE('',#7471,#2399,#7926,.T.);
#7926 = B_SPLINE_CURVE_WITH_KNOTS('',1,(#7927,#7928),.UNSPECIFIED.,.F.,
  .F.,(2,2),(-0.,1.E-03),.PIECEWISE_BEZIER_KNOTS.);
#7927 = CARTESIAN_POINT('',(0.238540930976,0.8005,0.215185701402));
#7928 = CARTESIAN_POINT('',(0.238540930976,0.7995,0.215185701402));
#7929 = ORIENTED_EDGE('',*,*,#7470,.F.);
#7930 = ORIENTED_EDGE('',*,*,#7906,.T.);
#7931 = B_SPLINE_SURFACE_WITH_KNOTS('',1,1,(
    (#7932,#7933)
    ,(#7934,#7935
    )),.UNSPECIFIED.,.F.,.F.,.F.,(2,2),(2,2),(-5.060955097333E-03,0.),(
    -1.E-03,0.),.PIECEWISE_BEZIER_KNOTS.);
#7932 = CARTESIAN_POINT('',(0.238540930976,0.7995,0.215185701402));
#7933 = CARTESIAN_POINT('',(0.238540930976,0.8005,0.215185701402));
#7934 = CARTESIAN_POINT('',(0.238576824173,0.7995,0.210124873587));
#7935 = CARTESIAN_POINT('',(0.238576824173,0.8005,0.210124873587));
#7936 = ADVANCED_FACE('',(#7937),#7947,.F.);
#7937 = FACE_BOUND('',#7938,.T.);
#7938 = EDGE_LOOP('',(#7939,#7940,#7945,#7946));
#7939 = ORIENTED_EDGE('',*,*,#2398,.T.);
#7940 = ORIENTED_EDGE('',*,*,#7941,.F.);
#7941 = EDGE_CURVE('',#7480,#2392,#7942,.T.);
#7942 = B_SPLINE_CURVE_WITH_KNOTS('',1,(#7943,#7944),.UNSPECIFIED.,.F.,
  .F.,(2,2),(-0.,1.E-03),.PIECEWISE_BEZIER_KNOTS.);
#7943 = CARTESIAN_POINT('',(0.167423731923,0.8005,0.252133320544));
#7944 = CARTESIAN_POINT('',(0.167423731923,0.7995,0.252133320544));
#7945 = ORIENTED_EDGE('',*,*,#7479,.F.);
#7946 = ORIENTED_EDGE('',*,*,#7925,.T.);
#7947 = B_SPLINE_SURFACE_WITH_KNOTS('',1,1,(
    (#7948,#7949)
    ,(#7950,#7951
    )),.UNSPECIFIED.,.F.,.F.,.F.,(2,2),(2,2),(-8.014226451377E-02,
    3.742596058393E-17),(-1.E-03,1.110223024625E-16),
  .PIECEWISE_BEZIER_KNOTS.);
#7948 = CARTESIAN_POINT('',(0.167423731923,0.7995,0.252133320544));
#7949 = CARTESIAN_POINT('',(0.167423731923,0.8005,0.252133320544));
#7950 = CARTESIAN_POINT('',(0.238540930976,0.7995,0.215185701402));
#7951 = CARTESIAN_POINT('',(0.238540930976,0.8005,0.215185701402));
#7952 = ADVANCED_FACE('',(#7953),#7963,.F.);
#7953 = FACE_BOUND('',#7954,.T.);
#7954 = EDGE_LOOP('',(#7955,#7956,#7961,#7962));
#7955 = ORIENTED_EDGE('',*,*,#2391,.T.);
#7956 = ORIENTED_EDGE('',*,*,#7957,.F.);
#7957 = EDGE_CURVE('',#7487,#2385,#7958,.T.);
#7958 = B_SPLINE_CURVE_WITH_KNOTS('',1,(#7959,#7960),.UNSPECIFIED.,.F.,
  .F.,(2,2),(-0.,1.E-03),.PIECEWISE_BEZIER_KNOTS.);
#7959 = CARTESIAN_POINT('',(0.182922056442,0.8005,0.27906698261));
#7960 = CARTESIAN_POINT('',(0.182922056442,0.7995,0.27906698261));
#7961 = ORIENTED_EDGE('',*,*,#7486,.F.);
#7962 = ORIENTED_EDGE('',*,*,#7941,.T.);
#7963 = B_SPLINE_SURFACE_WITH_KNOTS('',1,1,(
    (#7964,#7965)
    ,(#7966,#7967
    )),.UNSPECIFIED.,.F.,.F.,.F.,(2,2),(2,2),(-3.107443024757E-02,0.),(
    -1.E-03,0.),.PIECEWISE_BEZIER_KNOTS.);
#7964 = CARTESIAN_POINT('',(0.182922056442,0.7995,0.27906698261));
#7965 = CARTESIAN_POINT('',(0.182922056442,0.8005,0.27906698261));
#7966 = CARTESIAN_POINT('',(0.167423731923,0.7995,0.252133320544));
#7967 = CARTESIAN_POINT('',(0.167423731923,0.8005,0.252133320544));
#7968 = ADVANCED_FACE('',(#7969),#7979,.F.);
#7969 = FACE_BOUND('',#7970,.T.);
#7970 = EDGE_LOOP('',(#7971,#7972,#7977,#7978));
#7971 = ORIENTED_EDGE('',*,*,#2384,.T.);
#7972 = ORIENTED_EDGE('',*,*,#7973,.F.);
#7973 = EDGE_CURVE('',#7494,#2376,#7974,.T.);
#7974 = B_SPLINE_CURVE_WITH_KNOTS('',1,(#7975,#7976),.UNSPECIFIED.,.F.,
  .F.,(2,2),(-0.,1.E-03),.PIECEWISE_BEZIER_KNOTS.);
#7975 = CARTESIAN_POINT('',(0.25098839961,0.8005,0.244122156732));
#7976 = CARTESIAN_POINT('',(0.25098839961,0.7995,0.244122156732));
#7977 = ORIENTED_EDGE('',*,*,#7493,.F.);
#7978 = ORIENTED_EDGE('',*,*,#7957,.T.);
#7979 = B_SPLINE_SURFACE_WITH_KNOTS('',1,1,(
    (#7980,#7981)
    ,(#7982,#7983
    )),.UNSPECIFIED.,.F.,.F.,.F.,(2,2),(2,2),(-7.651253445007E-02,0.),(
    -1.E-03,0.),.PIECEWISE_BEZIER_KNOTS.);
#7980 = CARTESIAN_POINT('',(0.25098839961,0.7995,0.244122156732));
#7981 = CARTESIAN_POINT('',(0.25098839961,0.8005,0.244122156732));
#7982 = CARTESIAN_POINT('',(0.182922056442,0.7995,0.27906698261));
#7983 = CARTESIAN_POINT('',(0.182922056442,0.8005,0.27906698261));
#7984 = ADVANCED_FACE('',(#7985),#7995,.F.);
#7985 = FACE_BOUND('',#7986,.F.);
#7986 = EDGE_LOOP('',(#7987,#7988,#7989,#7994));
#7987 = ORIENTED_EDGE('',*,*,#7973,.F.);
#7988 = ORIENTED_EDGE('',*,*,#7500,.T.);
#7989 = ORIENTED_EDGE('',*,*,#7990,.T.);
#7990 = EDGE_CURVE('',#7501,#2367,#7991,.T.);
#7991 = B_SPLINE_CURVE_WITH_KNOTS('',1,(#7992,#7993),.UNSPECIFIED.,.F.,
  .F.,(2,2),(-0.,1.E-03),.PIECEWISE_BEZIER_KNOTS.);
#7992 = CARTESIAN_POINT('',(0.288822571366,0.8005,0.26159816835));
#7993 = CARTESIAN_POINT('',(0.288822571366,0.7995,0.26159816835));
#7994 = ORIENTED_EDGE('',*,*,#2375,.F.);
#7995 = B_SPLINE_SURFACE_WITH_KNOTS('',3,1,(
    (#7996,#7997)
    ,(#7998,#7999)
    ,(#8000,#8001)
    ,(#8002,#8003
    )),.UNSPECIFIED.,.F.,.F.,.F.,(4,4),(2,2),(15.,16.),(0.,1.),
  .PIECEWISE_BEZIER_KNOTS.);
#7996 = CARTESIAN_POINT('',(0.25098839961,0.8005,0.244122156732));
#7997 = CARTESIAN_POINT('',(0.25098839961,0.7995,0.244122156732));
#7998 = CARTESIAN_POINT('',(0.260022510089,0.8005,0.254814504801));
#7999 = CARTESIAN_POINT('',(0.260022510089,0.7995,0.254814504801));
#8000 = CARTESIAN_POINT('',(0.273640087921,0.8005,0.261490488759));
#8001 = CARTESIAN_POINT('',(0.273640087921,0.7995,0.261490488759));
#8002 = CARTESIAN_POINT('',(0.288822571366,0.8005,0.26159816835));
#8003 = CARTESIAN_POINT('',(0.288822571366,0.7995,0.26159816835));
#8004 = ADVANCED_FACE('',(#8005),#8015,.F.);
#8005 = FACE_BOUND('',#8006,.F.);
#8006 = EDGE_LOOP('',(#8007,#8008,#8009,#8014));
#8007 = ORIENTED_EDGE('',*,*,#7990,.F.);
#8008 = ORIENTED_EDGE('',*,*,#7509,.T.);
#8009 = ORIENTED_EDGE('',*,*,#8010,.T.);
#8010 = EDGE_CURVE('',#7510,#2358,#8011,.T.);
#8011 = B_SPLINE_CURVE_WITH_KNOTS('',1,(#8012,#8013),.UNSPECIFIED.,.F.,
  .F.,(2,2),(-0.,1.E-03),.PIECEWISE_BEZIER_KNOTS.);
#8012 = CARTESIAN_POINT('',(0.33663124601,0.8005,0.228534098879));
#8013 = CARTESIAN_POINT('',(0.33663124601,0.7995,0.228534098879));
#8014 = ORIENTED_EDGE('',*,*,#2366,.F.);
#8015 = B_SPLINE_SURFACE_WITH_KNOTS('',3,1,(
    (#8016,#8017)
    ,(#8018,#8019)
    ,(#8020,#8021)
    ,(#8022,#8023
    )),.UNSPECIFIED.,.F.,.F.,.F.,(4,4),(2,2),(16.,17.),(0.,1.),
  .PIECEWISE_BEZIER_KNOTS.);
#8016 = CARTESIAN_POINT('',(0.288822571366,0.8005,0.26159816835));
#8017 = CARTESIAN_POINT('',(0.288822571366,0.7995,0.26159816835));
#8018 = CARTESIAN_POINT('',(0.310584136762,0.8005,0.261752509138));
#8019 = CARTESIAN_POINT('',(0.310584136762,0.7995,0.261752509138));
#8020 = CARTESIAN_POINT('',(0.32940969481,0.8005,0.247714999905));
#8021 = CARTESIAN_POINT('',(0.32940969481,0.7995,0.247714999905));
#8022 = CARTESIAN_POINT('',(0.33663124601,0.8005,0.228534098879));
#8023 = CARTESIAN_POINT('',(0.33663124601,0.7995,0.228534098879));
#8024 = ADVANCED_FACE('',(#8025),#8035,.F.);
#8025 = FACE_BOUND('',#8026,.F.);
#8026 = EDGE_LOOP('',(#8027,#8028,#8029,#8034));
#8027 = ORIENTED_EDGE('',*,*,#8010,.F.);
#8028 = ORIENTED_EDGE('',*,*,#7518,.T.);
#8029 = ORIENTED_EDGE('',*,*,#8030,.T.);
#8030 = EDGE_CURVE('',#7519,#2349,#8031,.T.);
#8031 = B_SPLINE_CURVE_WITH_KNOTS('',1,(#8032,#8033),.UNSPECIFIED.,.F.,
  .F.,(2,2),(-0.,1.E-03),.PIECEWISE_BEZIER_KNOTS.);
#8032 = CARTESIAN_POINT('',(0.36666599546,0.8005,0.275309077819));
#8033 = CARTESIAN_POINT('',(0.36666599546,0.7995,0.275309077819));
#8034 = ORIENTED_EDGE('',*,*,#2357,.F.);
#8035 = B_SPLINE_SURFACE_WITH_KNOTS('',3,1,(
    (#8036,#8037)
    ,(#8038,#8039)
    ,(#8040,#8041)
    ,(#8042,#8043
    )),.UNSPECIFIED.,.F.,.F.,.F.,(4,4),(2,2),(17.,18.),(0.,1.),
  .PIECEWISE_BEZIER_KNOTS.);
#8036 = CARTESIAN_POINT('',(0.33663124601,0.8005,0.228534098879));
#8037 = CARTESIAN_POINT('',(0.33663124601,0.7995,0.228534098879));
#8038 = CARTESIAN_POINT('',(0.354286714233,0.8005,0.236757051502));
#8039 = CARTESIAN_POINT('',(0.354286714233,0.7995,0.236757051502));
#8040 = CARTESIAN_POINT('',(0.366813157581,0.8005,0.254559681847));
#8041 = CARTESIAN_POINT('',(0.366813157581,0.7995,0.254559681847));
#8042 = CARTESIAN_POINT('',(0.36666599546,0.8005,0.275309077819));
#8043 = CARTESIAN_POINT('',(0.36666599546,0.7995,0.275309077819));
#8044 = ADVANCED_FACE('',(#8045),#8055,.F.);
#8045 = FACE_BOUND('',#8046,.F.);
#8046 = EDGE_LOOP('',(#8047,#8048,#8049,#8054));
#8047 = ORIENTED_EDGE('',*,*,#8030,.F.);
#8048 = ORIENTED_EDGE('',*,*,#7527,.T.);
#8049 = ORIENTED_EDGE('',*,*,#8050,.T.);
#8050 = EDGE_CURVE('',#7528,#2340,#8051,.T.);
#8051 = B_SPLINE_CURVE_WITH_KNOTS('',1,(#8052,#8053),.UNSPECIFIED.,.F.,
  .F.,(2,2),(-0.,1.E-03),.PIECEWISE_BEZIER_KNOTS.);
#8052 = CARTESIAN_POINT('',(0.315698785341,0.8005,0.325558423998));
#8053 = CARTESIAN_POINT('',(0.315698785341,0.7995,0.325558423998));
#8054 = ORIENTED_EDGE('',*,*,#2348,.F.);
#8055 = B_SPLINE_SURFACE_WITH_KNOTS('',3,1,(
    (#8056,#8057)
    ,(#8058,#8059)
    ,(#8060,#8061)
    ,(#8062,#8063
    )),.UNSPECIFIED.,.F.,.F.,.F.,(4,4),(2,2),(18.,19.),(0.,1.),
  .PIECEWISE_BEZIER_KNOTS.);
#8056 = CARTESIAN_POINT('',(0.36666599546,0.8005,0.275309077819));
#8057 = CARTESIAN_POINT('',(0.36666599546,0.7995,0.275309077819));
#8058 = CARTESIAN_POINT('',(0.366468582876,0.8005,0.303143630801));
#8059 = CARTESIAN_POINT('',(0.366468582876,0.7995,0.303143630801));
#8060 = CARTESIAN_POINT('',(0.343533338323,0.8005,0.325755836581));
#8061 = CARTESIAN_POINT('',(0.343533338323,0.7995,0.325755836581));
#8062 = CARTESIAN_POINT('',(0.315698785341,0.8005,0.325558423998));
#8063 = CARTESIAN_POINT('',(0.315698785341,0.7995,0.325558423998));
#8064 = ADVANCED_FACE('',(#8065),#8075,.F.);
#8065 = FACE_BOUND('',#8066,.F.);
#8066 = EDGE_LOOP('',(#8067,#8068,#8069,#8074));
#8067 = ORIENTED_EDGE('',*,*,#8050,.F.);
#8068 = ORIENTED_EDGE('',*,*,#7536,.T.);
#8069 = ORIENTED_EDGE('',*,*,#8070,.T.);
#8070 = EDGE_CURVE('',#7537,#2331,#8071,.T.);
#8071 = B_SPLINE_CURVE_WITH_KNOTS('',1,(#8072,#8073),.UNSPECIFIED.,.F.,
  .F.,(2,2),(-0.,1.E-03),.PIECEWISE_BEZIER_KNOTS.);
#8072 = CARTESIAN_POINT('',(0.288930241578,0.8005,0.317776948359));
#8073 = CARTESIAN_POINT('',(0.288930241578,0.7995,0.317776948359));
#8074 = ORIENTED_EDGE('',*,*,#2339,.F.);
#8075 = B_SPLINE_SURFACE_WITH_KNOTS('',3,1,(
    (#8076,#8077)
    ,(#8078,#8079)
    ,(#8080,#8081)
    ,(#8082,#8083
    )),.UNSPECIFIED.,.F.,.F.,.F.,(4,4),(2,2),(19.,20.),(0.,1.),
  .PIECEWISE_BEZIER_KNOTS.);
#8076 = CARTESIAN_POINT('',(0.315698785341,0.8005,0.325558423998));
#8077 = CARTESIAN_POINT('',(0.315698785341,0.7995,0.325558423998));
#8078 = CARTESIAN_POINT('',(0.306083214423,0.8005,0.325490226937));
#8079 = CARTESIAN_POINT('',(0.306083214423,0.7995,0.325490226937));
#8080 = CARTESIAN_POINT('',(0.296489179437,0.8005,0.322385531258));
#8081 = CARTESIAN_POINT('',(0.296489179437,0.7995,0.322385531258));
#8082 = CARTESIAN_POINT('',(0.288930241578,0.8005,0.317776948359));
#8083 = CARTESIAN_POINT('',(0.288930241578,0.7995,0.317776948359));
#8084 = ADVANCED_FACE('',(#8085),#8095,.F.);
#8085 = FACE_BOUND('',#8086,.F.);
#8086 = EDGE_LOOP('',(#8087,#8088,#8089,#8094));
#8087 = ORIENTED_EDGE('',*,*,#8070,.F.);
#8088 = ORIENTED_EDGE('',*,*,#7545,.T.);
#8089 = ORIENTED_EDGE('',*,*,#8090,.T.);
#8090 = EDGE_CURVE('',#7546,#2322,#8091,.T.);
#8091 = B_SPLINE_CURVE_WITH_KNOTS('',1,(#8092,#8093),.UNSPECIFIED.,.F.,
  .F.,(2,2),(-0.,1.E-03),.PIECEWISE_BEZIER_KNOTS.);
#8092 = CARTESIAN_POINT('',(0.220770585942,0.8005,0.365879899597));
#8093 = CARTESIAN_POINT('',(0.220770585942,0.7995,0.365879899597));
#8094 = ORIENTED_EDGE('',*,*,#2330,.F.);
#8095 = B_SPLINE_SURFACE_WITH_KNOTS('',3,1,(
    (#8096,#8097)
    ,(#8098,#8099)
    ,(#8100,#8101)
    ,(#8102,#8103
    )),.UNSPECIFIED.,.F.,.F.,.F.,(4,4),(2,2),(20.,21.),(0.,1.),
  .PIECEWISE_BEZIER_KNOTS.);
#8096 = CARTESIAN_POINT('',(0.288930241578,0.8005,0.317776948359));
#8097 = CARTESIAN_POINT('',(0.288930241578,0.7995,0.317776948359));
#8098 = CARTESIAN_POINT('',(0.279113678602,0.8005,0.346049360103));
#8099 = CARTESIAN_POINT('',(0.279113678602,0.7995,0.346049360103));
#8100 = CARTESIAN_POINT('',(0.252653797315,0.8005,0.366106026711));
#8101 = CARTESIAN_POINT('',(0.252653797315,0.7995,0.366106026711));
#8102 = CARTESIAN_POINT('',(0.220770585942,0.8005,0.365879899597));
#8103 = CARTESIAN_POINT('',(0.220770585942,0.7995,0.365879899597));
#8104 = ADVANCED_FACE('',(#8105),#8115,.F.);
#8105 = FACE_BOUND('',#8106,.F.);
#8106 = EDGE_LOOP('',(#8107,#8108,#8109,#8114));
#8107 = ORIENTED_EDGE('',*,*,#8090,.F.);
#8108 = ORIENTED_EDGE('',*,*,#7554,.T.);
#8109 = ORIENTED_EDGE('',*,*,#8110,.T.);
#8110 = EDGE_CURVE('',#7555,#2313,#8111,.T.);
#8111 = B_SPLINE_CURVE_WITH_KNOTS('',1,(#8112,#8113),.UNSPECIFIED.,.F.,
  .F.,(2,2),(-0.,1.E-03),.PIECEWISE_BEZIER_KNOTS.);
#8112 = CARTESIAN_POINT('',(0.150367661495,0.8005,0.302117047153));
#8113 = CARTESIAN_POINT('',(0.150367661495,0.7995,0.302117047153));
#8114 = ORIENTED_EDGE('',*,*,#2321,.F.);
#8115 = B_SPLINE_SURFACE_WITH_KNOTS('',3,1,(
    (#8116,#8117)
    ,(#8118,#8119)
    ,(#8120,#8121)
    ,(#8122,#8123
    )),.UNSPECIFIED.,.F.,.F.,.F.,(4,4),(2,2),(21.,22.),(0.,1.),
  .PIECEWISE_BEZIER_KNOTS.);
#8116 = CARTESIAN_POINT('',(0.220770585942,0.8005,0.365879899597));
#8117 = CARTESIAN_POINT('',(0.220770585942,0.7995,0.365879899597));
#8118 = CARTESIAN_POINT('',(0.184332621813,0.8005,0.365621468552));
#8119 = CARTESIAN_POINT('',(0.184332621813,0.7995,0.365621468552));
#8120 = CARTESIAN_POINT('',(0.154165067508,0.8005,0.337571556388));
#8121 = CARTESIAN_POINT('',(0.154165067508,0.7995,0.337571556388));
#8122 = CARTESIAN_POINT('',(0.150367661495,0.8005,0.302117047153));
#8123 = CARTESIAN_POINT('',(0.150367661495,0.7995,0.302117047153));
#8124 = ADVANCED_FACE('',(#8125),#8135,.F.);
#8125 = FACE_BOUND('',#8126,.T.);
#8126 = EDGE_LOOP('',(#8127,#8128,#8133,#8134));
#8127 = ORIENTED_EDGE('',*,*,#2312,.T.);
#8128 = ORIENTED_EDGE('',*,*,#8129,.F.);
#8129 = EDGE_CURVE('',#7564,#2304,#8130,.T.);
#8130 = B_SPLINE_CURVE_WITH_KNOTS('',1,(#8131,#8132),.UNSPECIFIED.,.F.,
  .F.,(2,2),(-0.,1.E-03),.PIECEWISE_BEZIER_KNOTS.);
#8131 = CARTESIAN_POINT('',(0.146319003105,0.8005,0.302088332623));
#8132 = CARTESIAN_POINT('',(0.146319003105,0.7995,0.302088332623));
#8133 = ORIENTED_EDGE('',*,*,#7563,.F.);
#8134 = ORIENTED_EDGE('',*,*,#8110,.T.);
#8135 = B_SPLINE_SURFACE_WITH_KNOTS('',1,1,(
    (#8136,#8137)
    ,(#8138,#8139
    )),.UNSPECIFIED.,.F.,.F.,.F.,(2,2),(2,2),(-4.04876021647E-03,0.),(
    -1.E-03,0.),.PIECEWISE_BEZIER_KNOTS.);
#8136 = CARTESIAN_POINT('',(0.146319003105,0.7995,0.302088332623));
#8137 = CARTESIAN_POINT('',(0.146319003105,0.8005,0.302088332623));
#8138 = CARTESIAN_POINT('',(0.150367661495,0.7995,0.302117047153));
#8139 = CARTESIAN_POINT('',(0.150367661495,0.8005,0.302117047153));
#8140 = ADVANCED_FACE('',(#8141),#8151,.F.);
#8141 = FACE_BOUND('',#8142,.F.);
#8142 = EDGE_LOOP('',(#8143,#8144,#8145,#8150));
#8143 = ORIENTED_EDGE('',*,*,#8129,.F.);
#8144 = ORIENTED_EDGE('',*,*,#7572,.T.);
#8145 = ORIENTED_EDGE('',*,*,#8146,.T.);
#8146 = EDGE_CURVE('',#7573,#2295,#8147,.T.);
#8147 = B_SPLINE_CURVE_WITH_KNOTS('',1,(#8148,#8149),.UNSPECIFIED.,.F.,
  .F.,(2,2),(-0.,1.E-03),.PIECEWISE_BEZIER_KNOTS.);
#8148 = CARTESIAN_POINT('',(0.107124516918,0.8005,0.262333912619));
#8149 = CARTESIAN_POINT('',(0.107124516918,0.7995,0.262333912619));
#8150 = ORIENTED_EDGE('',*,*,#2303,.F.);
#8151 = B_SPLINE_SURFACE_WITH_KNOTS('',3,1,(
    (#8152,#8153)
    ,(#8154,#8155)
    ,(#8156,#8157)
    ,(#8158,#8159
    )),.UNSPECIFIED.,.F.,.F.,.F.,(4,4),(2,2),(23.,24.),(0.,1.),
  .PIECEWISE_BEZIER_KNOTS.);
#8152 = CARTESIAN_POINT('',(0.146319003105,0.8005,0.302088332623));
#8153 = CARTESIAN_POINT('',(0.146319003105,0.7995,0.302088332623));
#8154 = CARTESIAN_POINT('',(0.124557447361,0.8005,0.301933991903));
#8155 = CARTESIAN_POINT('',(0.124557447361,0.7995,0.301933991903));
#8156 = CARTESIAN_POINT('',(0.106970176199,0.8005,0.284095468362));
#8157 = CARTESIAN_POINT('',(0.106970176199,0.7995,0.284095468362));
#8158 = CARTESIAN_POINT('',(0.107124516918,0.8005,0.262333912619));
#8159 = CARTESIAN_POINT('',(0.107124516918,0.7995,0.262333912619));
#8160 = ADVANCED_FACE('',(#8161),#8171,.F.);
#8161 = FACE_BOUND('',#8162,.F.);
#8162 = EDGE_LOOP('',(#8163,#8164,#8165,#8170));
#8163 = ORIENTED_EDGE('',*,*,#8146,.F.);
#8164 = ORIENTED_EDGE('',*,*,#7581,.T.);
#8165 = ORIENTED_EDGE('',*,*,#8166,.T.);
#8166 = EDGE_CURVE('',#7582,#2288,#8167,.T.);
#8167 = B_SPLINE_CURVE_WITH_KNOTS('',1,(#8168,#8169),.UNSPECIFIED.,.F.,
  .F.,(2,2),(-0.,1.E-03),.PIECEWISE_BEZIER_KNOTS.);
#8168 = CARTESIAN_POINT('',(0.143842447956,0.8005,0.223117890569));
#8169 = CARTESIAN_POINT('',(0.143842447956,0.7995,0.223117890569));
#8170 = ORIENTED_EDGE('',*,*,#2294,.F.);
#8171 = B_SPLINE_SURFACE_WITH_KNOTS('',3,1,(
    (#8172,#8173)
    ,(#8174,#8175)
    ,(#8176,#8177)
    ,(#8178,#8179
    )),.UNSPECIFIED.,.F.,.F.,.F.,(4,4),(2,2),(24.,25.),(0.,1.),
  .PIECEWISE_BEZIER_KNOTS.);
#8172 = CARTESIAN_POINT('',(0.107124516918,0.8005,0.262333912619));
#8173 = CARTESIAN_POINT('',(0.107124516918,0.7995,0.262333912619));
#8174 = CARTESIAN_POINT('',(0.10727167904,0.8005,0.241584516647));
#8175 = CARTESIAN_POINT('',(0.10727167904,0.7995,0.241584516647));
#8176 = CARTESIAN_POINT('',(0.1230822744,0.8005,0.224488972863));
#8177 = CARTESIAN_POINT('',(0.1230822744,0.7995,0.224488972863));
#8178 = CARTESIAN_POINT('',(0.143842447956,0.8005,0.223117890569));
#8179 = CARTESIAN_POINT('',(0.143842447956,0.7995,0.223117890569));
#8180 = ADVANCED_FACE('',(#8181),#8191,.F.);
#8181 = FACE_BOUND('',#8182,.T.);
#8182 = EDGE_LOOP('',(#8183,#8184,#8189,#8190));
#8183 = ORIENTED_EDGE('',*,*,#2287,.T.);
#8184 = ORIENTED_EDGE('',*,*,#8185,.F.);
#8185 = EDGE_CURVE('',#7591,#2279,#8186,.T.);
#8186 = B_SPLINE_CURVE_WITH_KNOTS('',1,(#8187,#8188),.UNSPECIFIED.,.F.,
  .F.,(2,2),(-0.,1.E-03),.PIECEWISE_BEZIER_KNOTS.);
#8187 = CARTESIAN_POINT('',(0.166616173123,0.8005,0.223279409955));
#8188 = CARTESIAN_POINT('',(0.166616173123,0.7995,0.223279409955));
#8189 = ORIENTED_EDGE('',*,*,#7590,.F.);
#8190 = ORIENTED_EDGE('',*,*,#8166,.T.);
#8191 = B_SPLINE_SURFACE_WITH_KNOTS('',1,1,(
    (#8192,#8193)
    ,(#8194,#8195
    )),.UNSPECIFIED.,.F.,.F.,.F.,(2,2),(2,2),(-2.277429793654E-02,
    -5.550975513611E-17),(-1.E-03,1.110223024625E-16),
  .PIECEWISE_BEZIER_KNOTS.);
#8192 = CARTESIAN_POINT('',(0.166616173123,0.7995,0.223279409955));
#8193 = CARTESIAN_POINT('',(0.166616173123,0.8005,0.223279409955));
#8194 = CARTESIAN_POINT('',(0.143842447956,0.7995,0.223117890569));
#8195 = CARTESIAN_POINT('',(0.143842447956,0.8005,0.223117890569));
#8196 = ADVANCED_FACE('',(#8197),#8207,.F.);
#8197 = FACE_BOUND('',#8198,.F.);
#8198 = EDGE_LOOP('',(#8199,#8200,#8201,#8206));
#8199 = ORIENTED_EDGE('',*,*,#8185,.F.);
#8200 = ORIENTED_EDGE('',*,*,#7597,.T.);
#8201 = ORIENTED_EDGE('',*,*,#8202,.T.);
#8202 = EDGE_CURVE('',#7598,#2270,#8203,.T.);
#8203 = B_SPLINE_CURVE_WITH_KNOTS('',1,(#8204,#8205),.UNSPECIFIED.,.F.,
  .F.,(2,2),(-0.,1.E-03),.PIECEWISE_BEZIER_KNOTS.);
#8204 = CARTESIAN_POINT('',(0.169649072825,0.8005,0.223807020878));
#8205 = CARTESIAN_POINT('',(0.169649072825,0.7995,0.223807020878));
#8206 = ORIENTED_EDGE('',*,*,#2278,.F.);
#8207 = B_SPLINE_SURFACE_WITH_KNOTS('',3,1,(
    (#8208,#8209)
    ,(#8210,#8211)
    ,(#8212,#8213)
    ,(#8214,#8215
    )),.UNSPECIFIED.,.F.,.F.,.F.,(4,4),(2,2),(26.,27.),(0.,1.),
  .PIECEWISE_BEZIER_KNOTS.);
#8208 = CARTESIAN_POINT('',(0.166616173123,0.8005,0.223279409955));
#8209 = CARTESIAN_POINT('',(0.166616173123,0.7995,0.223279409955));
#8210 = CARTESIAN_POINT('',(0.167628342547,0.8005,0.223286588622));
#8211 = CARTESIAN_POINT('',(0.167628342547,0.7995,0.223286588622));
#8212 = CARTESIAN_POINT('',(0.168636922706,0.8005,0.223799842348));
#8213 = CARTESIAN_POINT('',(0.168636922706,0.7995,0.223799842348));
#8214 = CARTESIAN_POINT('',(0.169649072825,0.8005,0.223807020878));
#8215 = CARTESIAN_POINT('',(0.169649072825,0.7995,0.223807020878));
#8216 = ADVANCED_FACE('',(#8217),#8227,.F.);
#8217 = FACE_BOUND('',#8218,.F.);
#8218 = EDGE_LOOP('',(#8219,#8220,#8221,#8226));
#8219 = ORIENTED_EDGE('',*,*,#8202,.F.);
#8220 = ORIENTED_EDGE('',*,*,#7606,.T.);
#8221 = ORIENTED_EDGE('',*,*,#8222,.T.);
#8222 = EDGE_CURVE('',#7607,#2261,#8223,.T.);
#8223 = B_SPLINE_CURVE_WITH_KNOTS('',1,(#8224,#8225),.UNSPECIFIED.,.F.,
  .F.,(2,2),(-0.,1.E-03),.PIECEWISE_BEZIER_KNOTS.);
#8224 = CARTESIAN_POINT('',(0.185448900185,0.8005,0.20822973123));
#8225 = CARTESIAN_POINT('',(0.185448900185,0.7995,0.20822973123));
#8226 = ORIENTED_EDGE('',*,*,#2269,.F.);
#8227 = B_SPLINE_SURFACE_WITH_KNOTS('',3,1,(
    (#8228,#8229)
    ,(#8230,#8231)
    ,(#8232,#8233)
    ,(#8234,#8235
    )),.UNSPECIFIED.,.F.,.F.,.F.,(4,4),(2,2),(27.,28.),(0.,1.),
  .PIECEWISE_BEZIER_KNOTS.);
#8228 = CARTESIAN_POINT('',(0.169649072825,0.8005,0.223807020878));
#8229 = CARTESIAN_POINT('',(0.169649072825,0.7995,0.223807020878));
#8230 = CARTESIAN_POINT('',(0.178252483971,0.8005,0.22386803934));
#8231 = CARTESIAN_POINT('',(0.178252483971,0.7995,0.22386803934));
#8232 = CARTESIAN_POINT('',(0.185387881859,0.8005,0.216833123071));
#8233 = CARTESIAN_POINT('',(0.185387881859,0.7995,0.216833123071));
#8234 = CARTESIAN_POINT('',(0.185448900185,0.8005,0.20822973123));
#8235 = CARTESIAN_POINT('',(0.185448900185,0.7995,0.20822973123));
#8236 = ADVANCED_FACE('',(#8237),#8247,.F.);
#8237 = FACE_BOUND('',#8238,.F.);
#8238 = EDGE_LOOP('',(#8239,#8240,#8241,#8246));
#8239 = ORIENTED_EDGE('',*,*,#8222,.F.);
#8240 = ORIENTED_EDGE('',*,*,#7615,.T.);
#8241 = ORIENTED_EDGE('',*,*,#8242,.T.);
#8242 = EDGE_CURVE('',#7616,#2254,#8243,.T.);
#8243 = B_SPLINE_CURVE_WITH_KNOTS('',1,(#8244,#8245),.UNSPECIFIED.,.F.,
  .F.,(2,2),(-0.,1.E-03),.PIECEWISE_BEZIER_KNOTS.);
#8244 = CARTESIAN_POINT('',(0.170883760655,0.8005,0.192437082399));
#8245 = CARTESIAN_POINT('',(0.170883760655,0.7995,0.192437082399));
#8246 = ORIENTED_EDGE('',*,*,#2260,.F.);
#8247 = B_SPLINE_SURFACE_WITH_KNOTS('',3,1,(
    (#8248,#8249)
    ,(#8250,#8251)
    ,(#8252,#8253)
    ,(#8254,#8255
    )),.UNSPECIFIED.,.F.,.F.,.F.,(4,4),(2,2),(28.,29.),(0.,1.),
  .PIECEWISE_BEZIER_KNOTS.);
#8248 = CARTESIAN_POINT('',(0.185448900185,0.8005,0.20822973123));
#8249 = CARTESIAN_POINT('',(0.185448900185,0.7995,0.20822973123));
#8250 = CARTESIAN_POINT('',(0.185506329245,0.8005,0.200132414448));
#8251 = CARTESIAN_POINT('',(0.185506329245,0.7995,0.200132414448));
#8252 = CARTESIAN_POINT('',(0.178977507478,0.8005,0.193000586656));
#8253 = CARTESIAN_POINT('',(0.178977507478,0.7995,0.193000586656));
#8254 = CARTESIAN_POINT('',(0.170883760655,0.8005,0.192437082399));
#8255 = CARTESIAN_POINT('',(0.170883760655,0.7995,0.192437082399));
#8256 = ADVANCED_FACE('',(#8257),#8267,.F.);
#8257 = FACE_BOUND('',#8258,.T.);
#8258 = EDGE_LOOP('',(#8259,#8260,#8265,#8266));
#8259 = ORIENTED_EDGE('',*,*,#2253,.T.);
#8260 = ORIENTED_EDGE('',*,*,#8261,.F.);
#8261 = EDGE_CURVE('',#7625,#2245,#8262,.T.);
#8262 = B_SPLINE_CURVE_WITH_KNOTS('',1,(#8263,#8264),.UNSPECIFIED.,.F.,
  .F.,(2,2),(-0.,1.E-03),.PIECEWISE_BEZIER_KNOTS.);
#8263 = CARTESIAN_POINT('',(0.14102488813,0.8005,0.192225312619));
#8264 = CARTESIAN_POINT('',(0.14102488813,0.7995,0.192225312619));
#8265 = ORIENTED_EDGE('',*,*,#7624,.F.);
#8266 = ORIENTED_EDGE('',*,*,#8242,.T.);
#8267 = B_SPLINE_SURFACE_WITH_KNOTS('',1,1,(
    (#8268,#8269)
    ,(#8270,#8271
    )),.UNSPECIFIED.,.F.,.F.,.F.,(2,2),(2,2),(-1.518282668045E-03,
    2.834134082082E-02),(-1.E-03,1.110223024625E-16),
  .PIECEWISE_BEZIER_KNOTS.);
#8268 = CARTESIAN_POINT('',(0.14102488813,0.7995,0.192225312619));
#8269 = CARTESIAN_POINT('',(0.14102488813,0.8005,0.192225312619));
#8270 = CARTESIAN_POINT('',(0.170883760655,0.7995,0.192437082399));
#8271 = CARTESIAN_POINT('',(0.170883760655,0.8005,0.192437082399));
#8272 = ADVANCED_FACE('',(#8273),#8283,.F.);
#8273 = FACE_BOUND('',#8274,.F.);
#8274 = EDGE_LOOP('',(#8275,#8276,#8277,#8282));
#8275 = ORIENTED_EDGE('',*,*,#8261,.F.);
#8276 = ORIENTED_EDGE('',*,*,#7631,.T.);
#8277 = ORIENTED_EDGE('',*,*,#8278,.T.);
#8278 = EDGE_CURVE('',#7632,#2236,#8279,.T.);
#8279 = B_SPLINE_CURVE_WITH_KNOTS('',1,(#8280,#8281),.UNSPECIFIED.,.F.,
  .F.,(2,2),(-0.,1.E-03),.PIECEWISE_BEZIER_KNOTS.);
#8280 = CARTESIAN_POINT('',(9.480984335066E-02,0.8005,0.214672409749));
#8281 = CARTESIAN_POINT('',(9.480984335066E-02,0.7995,0.214672409749));
#8282 = ORIENTED_EDGE('',*,*,#2244,.F.);
#8283 = B_SPLINE_SURFACE_WITH_KNOTS('',3,1,(
    (#8284,#8285)
    ,(#8286,#8287)
    ,(#8288,#8289)
    ,(#8290,#8291
    )),.UNSPECIFIED.,.F.,.F.,.F.,(4,4),(2,2),(33.,34.),(0.,1.),
  .PIECEWISE_BEZIER_KNOTS.);
#8284 = CARTESIAN_POINT('',(0.14102488813,0.8005,0.192225312619));
#8285 = CARTESIAN_POINT('',(0.14102488813,0.7995,0.192225312619));
#8286 = CARTESIAN_POINT('',(0.123301222847,0.8005,0.193617930913));
#8287 = CARTESIAN_POINT('',(0.123301222847,0.7995,0.193617930913));
#8288 = CARTESIAN_POINT('',(0.10704914078,0.8005,0.201600408743));
#8289 = CARTESIAN_POINT('',(0.10704914078,0.7995,0.201600408743));
#8290 = CARTESIAN_POINT('',(9.480984335066E-02,0.8005,0.214672409749));
#8291 = CARTESIAN_POINT('',(9.480984335066E-02,0.7995,0.214672409749));
#8292 = ADVANCED_FACE('',(#8293),#8299,.F.);
#8293 = FACE_BOUND('',#8294,.F.);
#8294 = EDGE_LOOP('',(#8295,#8296,#8297,#8298));
#8295 = ORIENTED_EDGE('',*,*,#8278,.F.);
#8296 = ORIENTED_EDGE('',*,*,#7640,.T.);
#8297 = ORIENTED_EDGE('',*,*,#7680,.T.);
#8298 = ORIENTED_EDGE('',*,*,#2235,.F.);
#8299 = B_SPLINE_SURFACE_WITH_KNOTS('',3,1,(
    (#8300,#8301)
    ,(#8302,#8303)
    ,(#8304,#8305)
    ,(#8306,#8307
    )),.UNSPECIFIED.,.F.,.F.,.F.,(4,4),(2,2),(34.,35.),(0.,1.),
  .PIECEWISE_BEZIER_KNOTS.);
#8300 = CARTESIAN_POINT('',(9.480984335066E-02,0.8005,0.214672409749));
#8301 = CARTESIAN_POINT('',(9.480984335066E-02,0.7995,0.214672409749));
#8302 = CARTESIAN_POINT('',(8.257052661505E-02,0.8005,0.227744410618));
#8303 = CARTESIAN_POINT('',(8.257052661505E-02,0.7995,0.227744410618));
#8304 = CARTESIAN_POINT('',(7.586941739227E-02,0.8005,0.244904571782));
#8305 = CARTESIAN_POINT('',(7.586941739227E-02,0.7995,0.244904571782));
#8306 = CARTESIAN_POINT('',(7.574379120284E-02,0.8005,0.262617469135));
#8307 = CARTESIAN_POINT('',(7.574379120284E-02,0.7995,0.262617469135));
#8308 = ADVANCED_FACE('',(#8309),#8336,.T.);
#8309 = FACE_BOUND('',#8310,.T.);
#8310 = EDGE_LOOP('',(#8311,#8325,#8330,#8331));
#8311 = ORIENTED_EDGE('',*,*,#8312,.F.);
#8312 = EDGE_CURVE('',#8313,#8315,#8317,.T.);
#8313 = VERTEX_POINT('',#8314);
#8314 = CARTESIAN_POINT('',(0.289834760096,0.7995,0.190244045019));
#8315 = VERTEX_POINT('',#8316);
#8316 = CARTESIAN_POINT('',(0.28955479305,0.7995,0.22971851742));
#8317 = B_SPLINE_CURVE_WITH_KNOTS('',3,(#8318,#8319,#8320,#8321,#8322,
    #8323,#8324),.UNSPECIFIED.,.F.,.F.,(4,3,4),(0.,1.,2.),
  .PIECEWISE_BEZIER_KNOTS.);
#8318 = CARTESIAN_POINT('',(0.289834760096,0.7995,0.190244045019));
#8319 = CARTESIAN_POINT('',(0.278700944695,0.7995,0.190165080027));
#8320 = CARTESIAN_POINT('',(0.270032925684,0.7995,0.199213567076));
#8321 = CARTESIAN_POINT('',(0.269957550026,0.7995,0.209841297765));
#8322 = CARTESIAN_POINT('',(0.269878584965,0.7995,0.220975122819));
#8323 = CARTESIAN_POINT('',(0.278927052708,0.7995,0.229643141693));
#8324 = CARTESIAN_POINT('',(0.28955479305,0.7995,0.22971851742));
#8325 = ORIENTED_EDGE('',*,*,#8326,.F.);
#8326 = EDGE_CURVE('',#7650,#8313,#8327,.T.);
#8327 = B_SPLINE_CURVE_WITH_KNOTS('',1,(#8328,#8329),.UNSPECIFIED.,.F.,
  .F.,(2,2),(-0.,1.E-03),.PIECEWISE_BEZIER_KNOTS.);
#8328 = CARTESIAN_POINT('',(0.289834760096,0.8005,0.190244045019));
#8329 = CARTESIAN_POINT('',(0.289834760096,0.7995,0.190244045019));
#8330 = ORIENTED_EDGE('',*,*,#7649,.T.);
#8331 = ORIENTED_EDGE('',*,*,#8332,.T.);
#8332 = EDGE_CURVE('',#7652,#8315,#8333,.T.);
#8333 = B_SPLINE_CURVE_WITH_KNOTS('',1,(#8334,#8335),.UNSPECIFIED.,.F.,
  .F.,(2,2),(-0.,1.E-03),.PIECEWISE_BEZIER_KNOTS.);
#8334 = CARTESIAN_POINT('',(0.28955479305,0.8005,0.22971851742));
#8335 = CARTESIAN_POINT('',(0.28955479305,0.7995,0.22971851742));
#8336 = B_SPLINE_SURFACE_WITH_KNOTS('',3,1,(
    (#8337,#8338)
    ,(#8339,#8340)
    ,(#8341,#8342)
    ,(#8343,#8344)
    ,(#8345,#8346)
    ,(#8347,#8348)
    ,(#8349,#8350
    )),.UNSPECIFIED.,.F.,.F.,.F.,(4,3,4),(2,2),(0.,1.,2.),(0.,1.),
  .PIECEWISE_BEZIER_KNOTS.);
#8337 = CARTESIAN_POINT('',(0.289834760096,0.8005,0.190244045019));
#8338 = CARTESIAN_POINT('',(0.289834760096,0.7995,0.190244045019));
#8339 = CARTESIAN_POINT('',(0.278700944695,0.8005,0.190165080027));
#8340 = CARTESIAN_POINT('',(0.278700944695,0.7995,0.190165080027));
#8341 = CARTESIAN_POINT('',(0.270032925684,0.8005,0.199213567076));
#8342 = CARTESIAN_POINT('',(0.270032925684,0.7995,0.199213567076));
#8343 = CARTESIAN_POINT('',(0.269957550026,0.8005,0.209841297765));
#8344 = CARTESIAN_POINT('',(0.269957550026,0.7995,0.209841297765));
#8345 = CARTESIAN_POINT('',(0.269878584965,0.8005,0.220975122819));
#8346 = CARTESIAN_POINT('',(0.269878584965,0.7995,0.220975122819));
#8347 = CARTESIAN_POINT('',(0.278927052708,0.8005,0.229643141693));
#8348 = CARTESIAN_POINT('',(0.278927052708,0.7995,0.229643141693));
#8349 = CARTESIAN_POINT('',(0.28955479305,0.8005,0.22971851742));
#8350 = CARTESIAN_POINT('',(0.28955479305,0.7995,0.22971851742));
#8351 = ADVANCED_FACE('',(#8352),#8366,.T.);
#8352 = FACE_BOUND('',#8353,.T.);
#8353 = EDGE_LOOP('',(#8354,#8363,#8364,#8365));
#8354 = ORIENTED_EDGE('',*,*,#8355,.F.);
#8355 = EDGE_CURVE('',#8315,#8313,#8356,.T.);
#8356 = B_SPLINE_CURVE_WITH_KNOTS('',3,(#8357,#8358,#8359,#8360,#8361,
    #8362),.UNSPECIFIED.,.F.,.F.,(4,2,4),(2.,3.,4.),.UNSPECIFIED.);
#8357 = CARTESIAN_POINT('',(0.28955479305,0.7995,0.22971851742));
#8358 = CARTESIAN_POINT('',(0.300182533392,0.7995,0.229793893147));
#8359 = CARTESIAN_POINT('',(0.30935303806,0.7995,0.221255089728));
#8360 = CARTESIAN_POINT('',(0.309510968182,0.7995,0.19898743962));
#8361 = CARTESIAN_POINT('',(0.300462500438,0.7995,0.190319420747));
#8362 = CARTESIAN_POINT('',(0.289834760096,0.7995,0.190244045019));
#8363 = ORIENTED_EDGE('',*,*,#8332,.F.);
#8364 = ORIENTED_EDGE('',*,*,#7663,.T.);
#8365 = ORIENTED_EDGE('',*,*,#8326,.T.);
#8366 = B_SPLINE_SURFACE_WITH_KNOTS('',3,1,(
    (#8367,#8368)
    ,(#8369,#8370)
    ,(#8371,#8372)
    ,(#8373,#8374)
    ,(#8375,#8376)
    ,(#8377,#8378
    )),.UNSPECIFIED.,.F.,.F.,.F.,(4,2,4),(2,2),(2.,3.,4.),(0.,1.),
  .UNSPECIFIED.);
#8367 = CARTESIAN_POINT('',(0.28955479305,0.8005,0.22971851742));
#8368 = CARTESIAN_POINT('',(0.28955479305,0.7995,0.22971851742));
#8369 = CARTESIAN_POINT('',(0.300182533392,0.8005,0.229793893147));
#8370 = CARTESIAN_POINT('',(0.300182533392,0.7995,0.229793893147));
#8371 = CARTESIAN_POINT('',(0.30935303806,0.8005,0.221255089728));
#8372 = CARTESIAN_POINT('',(0.30935303806,0.7995,0.221255089728));
#8373 = CARTESIAN_POINT('',(0.309510968182,0.8005,0.19898743962));
#8374 = CARTESIAN_POINT('',(0.309510968182,0.7995,0.19898743962));
#8375 = CARTESIAN_POINT('',(0.300462500438,0.8005,0.190319420747));
#8376 = CARTESIAN_POINT('',(0.300462500438,0.7995,0.190319420747));
#8377 = CARTESIAN_POINT('',(0.289834760096,0.8005,0.190244045019));
#8378 = CARTESIAN_POINT('',(0.289834760096,0.7995,0.190244045019));
#8379 = ADVANCED_FACE('',(#8380),#8384,.T.);
#8380 = FACE_BOUND('',#8381,.T.);
#8381 = EDGE_LOOP('',(#8382,#8383));
#8382 = ORIENTED_EDGE('',*,*,#8312,.T.);
#8383 = ORIENTED_EDGE('',*,*,#8355,.T.);
#8384 = B_SPLINE_SURFACE_WITH_KNOTS('',1,1,(
    (#8385,#8386)
    ,(#8387,#8388
    )),.UNSPECIFIED.,.F.,.F.,.F.,(2,2),(2,2),(0.190164980027,
    0.229793793147),(0.269878584965,0.309510968182),
  .PIECEWISE_BEZIER_KNOTS.);
#8385 = CARTESIAN_POINT('',(0.269878584965,0.7995,0.190165080027));
#8386 = CARTESIAN_POINT('',(0.309510968182,0.7995,0.190165080027));
#8387 = CARTESIAN_POINT('',(0.269878584965,0.7995,0.229793893147));
#8388 = CARTESIAN_POINT('',(0.309510968182,0.7995,0.229793893147));
#8389 = ( GEOMETRIC_REPRESENTATION_CONTEXT(3) 
GLOBAL_UNCERTAINTY_ASSIGNED_CONTEXT((#8393)) 
GLOBAL_UNIT_ASSIGNED_CONTEXT((#8390,#8391,#8392)) REPRESENTATION_CONTEXT
('Context #1','3D Context with UNIT and UNCERTAINTY') );
#8390 = ( LENGTH_UNIT() NAMED_UNIT(*) SI_UNIT(.MILLI.,.METRE.) );
#8391 = ( NAMED_UNIT(*) PLANE_ANGLE_UNIT() SI_UNIT($,.RADIAN.) );
#8392 = ( NAMED_UNIT(*) SI_UNIT($,.STERADIAN.) SOLID_ANGLE_UNIT() );
#8393 = UNCERTAINTY_MEASURE_WITH_UNIT(LENGTH_MEASURE(1.E-07),#8390,
  'distance_accuracy_value','confusion accuracy');
#8394 = PRODUCT_RELATED_PRODUCT_CATEGORY('part',$,(#7));
#8395 = MECHANICAL_DESIGN_GEOMETRIC_PRESENTATION_REPRESENTATION('',(
    #8396,#8404,#8412,#8419,#8426,#8433,#8440,#8447,#8454,#8461,#8468,
    #8475,#8482,#8489,#8496,#8503,#8510,#8517,#8524,#8531,#8538,#8545,
    #8552,#8559,#8566,#8573,#8580,#8587,#8594,#8601,#8608,#8615,#8622,
    #8630,#8637,#8644,#8651,#8658,#8665,#8672,#8679,#8686,#8693,#8700,
    #8707,#8714,#8721,#8728,#8735,#8742,#8750,#8757,#8764,#8771,#8778,
    #8785,#8792,#8799,#8806,#8813,#8820,#8827,#8834,#8841,#8848,#8855,
    #8862,#8869,#8876,#8883,#8890,#8897,#8904,#8911,#8918,#8925,#8932,
    #8939,#8946,#8953,#8960,#8967,#8974,#8981,#8988,#8995,#9002,#9009,
    #9016,#9023,#9030,#9037,#9044,#9051,#9058,#9065,#9072,#9079,#9086,
    #9093,#9100,#9107,#9114,#9121,#9128,#9135,#9142,#9149,#9156,#9163,
    #9170,#9177,#9184,#9191,#9198,#9205,#9212,#9219,#9226,#9233,#9240,
    #9247,#9254,#9261,#9268,#9275,#9282,#9289,#9296,#9303,#9310,#9317,
    #9324,#9331,#9338,#9345,#9352,#9359,#9366,#9373,#9380,#9387,#9394,
    #9401,#9408,#9415,#9422,#9429,#9436,#9443,#9450,#9457,#9464,#9471,
    #9478,#9485,#9492,#9499,#9506,#9513,#9520,#9527,#9534,#9541,#9548,
    #9555,#9562,#9569,#9576,#9583,#9590,#9597,#9604,#9611,#9618,#9625,
    #9632,#9639,#9646,#9653,#9660,#9667,#9674,#9681,#9688,#9695,#9702,
    #9709,#9716,#9723,#9730,#9737,#9744,#9751,#9758,#9765,#9772,#9779,
    #9786,#9793,#9800,#9807,#9814,#9821,#9828,#9835,#9842,#9849,#9856,
    #9863,#9870,#9877,#9884,#9891,#9898,#9905,#9912,#9919,#9926,#9933,
    #9940,#9947,#9954,#9961,#9968,#9975,#9982,#9989,#9996,#10003,#10010,
    #10017,#10024,#10031,#10038,#10045,#10052,#10059,#10066,#10073,
    #10080,#10087,#10094,#10101,#10108,#10115,#10122,#10129,#10136,
    #10143,#10150,#10157,#10164,#10171,#10178,#10185,#10192,#10199,
    #10206,#10213,#10220,#10227,#10234,#10241,#10248,#10255,#10262,
    #10269,#10276,#10283,#10290,#10297,#10304),#8389);
#8396 = STYLED_ITEM('color',(#8397),#15);
#8397 = PRESENTATION_STYLE_ASSIGNMENT((#8398));
#8398 = SURFACE_STYLE_USAGE(.BOTH.,#8399);
#8399 = SURFACE_SIDE_STYLE('',(#8400));
#8400 = SURFACE_STYLE_FILL_AREA(#8401);
#8401 = FILL_AREA_STYLE('',(#8402));
#8402 = FILL_AREA_STYLE_COLOUR('',#8403);
#8403 = DRAUGHTING_PRE_DEFINED_COLOUR('white');
#8404 = OVER_RIDING_STYLED_ITEM('overriding color',(#8405),#17,#8396);
#8405 = PRESENTATION_STYLE_ASSIGNMENT((#8406));
#8406 = SURFACE_STYLE_USAGE(.BOTH.,#8407);
#8407 = SURFACE_SIDE_STYLE('',(#8408));
#8408 = SURFACE_STYLE_FILL_AREA(#8409);
#8409 = FILL_AREA_STYLE('',(#8410));
#8410 = FILL_AREA_STYLE_COLOUR('',#8411);
#8411 = COLOUR_RGB('',0.854901964685,0.854901964685,0.854901964685);
#8412 = OVER_RIDING_STYLED_ITEM('overriding color',(#8413),#81,#8396);
#8413 = PRESENTATION_STYLE_ASSIGNMENT((#8414));
#8414 = SURFACE_STYLE_USAGE(.BOTH.,#8415);
#8415 = SURFACE_SIDE_STYLE('',(#8416));
#8416 = SURFACE_STYLE_FILL_AREA(#8417);
#8417 = FILL_AREA_STYLE('',(#8418));
#8418 = FILL_AREA_STYLE_COLOUR('',#8411);
#8419 = OVER_RIDING_STYLED_ITEM('overriding color',(#8420),#145,#8396);
#8420 = PRESENTATION_STYLE_ASSIGNMENT((#8421));
#8421 = SURFACE_STYLE_USAGE(.BOTH.,#8422);
#8422 = SURFACE_SIDE_STYLE('',(#8423));
#8423 = SURFACE_STYLE_FILL_AREA(#8424);
#8424 = FILL_AREA_STYLE('',(#8425));
#8425 = FILL_AREA_STYLE_COLOUR('',#8411);
#8426 = OVER_RIDING_STYLED_ITEM('overriding color',(#8427),#221,#8396);
#8427 = PRESENTATION_STYLE_ASSIGNMENT((#8428));
#8428 = SURFACE_STYLE_USAGE(.BOTH.,#8429);
#8429 = SURFACE_SIDE_STYLE('',(#8430));
#8430 = SURFACE_STYLE_FILL_AREA(#8431);
#8431 = FILL_AREA_STYLE('',(#8432));
#8432 = FILL_AREA_STYLE_COLOUR('',#8411);
#8433 = OVER_RIDING_STYLED_ITEM('overriding color',(#8434),#277,#8396);
#8434 = PRESENTATION_STYLE_ASSIGNMENT((#8435));
#8435 = SURFACE_STYLE_USAGE(.BOTH.,#8436);
#8436 = SURFACE_SIDE_STYLE('',(#8437));
#8437 = SURFACE_STYLE_FILL_AREA(#8438);
#8438 = FILL_AREA_STYLE('',(#8439));
#8439 = FILL_AREA_STYLE_COLOUR('',#8411);
#8440 = OVER_RIDING_STYLED_ITEM('overriding color',(#8441),#333,#8396);
#8441 = PRESENTATION_STYLE_ASSIGNMENT((#8442));
#8442 = SURFACE_STYLE_USAGE(.BOTH.,#8443);
#8443 = SURFACE_SIDE_STYLE('',(#8444));
#8444 = SURFACE_STYLE_FILL_AREA(#8445);
#8445 = FILL_AREA_STYLE('',(#8446));
#8446 = FILL_AREA_STYLE_COLOUR('',#8411);
#8447 = OVER_RIDING_STYLED_ITEM('overriding color',(#8448),#353,#8396);
#8448 = PRESENTATION_STYLE_ASSIGNMENT((#8449));
#8449 = SURFACE_STYLE_USAGE(.BOTH.,#8450);
#8450 = SURFACE_SIDE_STYLE('',(#8451));
#8451 = SURFACE_STYLE_FILL_AREA(#8452);
#8452 = FILL_AREA_STYLE('',(#8453));
#8453 = FILL_AREA_STYLE_COLOUR('',#8411);
#8454 = OVER_RIDING_STYLED_ITEM('overriding color',(#8455),#401,#8396);
#8455 = PRESENTATION_STYLE_ASSIGNMENT((#8456));
#8456 = SURFACE_STYLE_USAGE(.BOTH.,#8457);
#8457 = SURFACE_SIDE_STYLE('',(#8458));
#8458 = SURFACE_STYLE_FILL_AREA(#8459);
#8459 = FILL_AREA_STYLE('',(#8460));
#8460 = FILL_AREA_STYLE_COLOUR('',#8411);
#8461 = OVER_RIDING_STYLED_ITEM('overriding color',(#8462),#417,#8396);
#8462 = PRESENTATION_STYLE_ASSIGNMENT((#8463));
#8463 = SURFACE_STYLE_USAGE(.BOTH.,#8464);
#8464 = SURFACE_SIDE_STYLE('',(#8465));
#8465 = SURFACE_STYLE_FILL_AREA(#8466);
#8466 = FILL_AREA_STYLE('',(#8467));
#8467 = FILL_AREA_STYLE_COLOUR('',#8403);
#8468 = OVER_RIDING_STYLED_ITEM('overriding color',(#8469),#439,#8396);
#8469 = PRESENTATION_STYLE_ASSIGNMENT((#8470));
#8470 = SURFACE_STYLE_USAGE(.BOTH.,#8471);
#8471 = SURFACE_SIDE_STYLE('',(#8472));
#8472 = SURFACE_STYLE_FILL_AREA(#8473);
#8473 = FILL_AREA_STYLE('',(#8474));
#8474 = FILL_AREA_STYLE_COLOUR('',#8411);
#8475 = OVER_RIDING_STYLED_ITEM('overriding color',(#8476),#451,#8396);
#8476 = PRESENTATION_STYLE_ASSIGNMENT((#8477));
#8477 = SURFACE_STYLE_USAGE(.BOTH.,#8478);
#8478 = SURFACE_SIDE_STYLE('',(#8479));
#8479 = SURFACE_STYLE_FILL_AREA(#8480);
#8480 = FILL_AREA_STYLE('',(#8481));
#8481 = FILL_AREA_STYLE_COLOUR('',#8411);
#8482 = OVER_RIDING_STYLED_ITEM('overriding color',(#8483),#473,#8396);
#8483 = PRESENTATION_STYLE_ASSIGNMENT((#8484));
#8484 = SURFACE_STYLE_USAGE(.BOTH.,#8485);
#8485 = SURFACE_SIDE_STYLE('',(#8486));
#8486 = SURFACE_STYLE_FILL_AREA(#8487);
#8487 = FILL_AREA_STYLE('',(#8488));
#8488 = FILL_AREA_STYLE_COLOUR('',#8411);
#8489 = OVER_RIDING_STYLED_ITEM('overriding color',(#8490),#515,#8396);
#8490 = PRESENTATION_STYLE_ASSIGNMENT((#8491));
#8491 = SURFACE_STYLE_USAGE(.BOTH.,#8492);
#8492 = SURFACE_SIDE_STYLE('',(#8493));
#8493 = SURFACE_STYLE_FILL_AREA(#8494);
#8494 = FILL_AREA_STYLE('',(#8495));
#8495 = FILL_AREA_STYLE_COLOUR('',#8411);
#8496 = OVER_RIDING_STYLED_ITEM('overriding color',(#8497),#527,#8396);
#8497 = PRESENTATION_STYLE_ASSIGNMENT((#8498));
#8498 = SURFACE_STYLE_USAGE(.BOTH.,#8499);
#8499 = SURFACE_SIDE_STYLE('',(#8500));
#8500 = SURFACE_STYLE_FILL_AREA(#8501);
#8501 = FILL_AREA_STYLE('',(#8502));
#8502 = FILL_AREA_STYLE_COLOUR('',#8403);
#8503 = OVER_RIDING_STYLED_ITEM('overriding color',(#8504),#549,#8396);
#8504 = PRESENTATION_STYLE_ASSIGNMENT((#8505));
#8505 = SURFACE_STYLE_USAGE(.BOTH.,#8506);
#8506 = SURFACE_SIDE_STYLE('',(#8507));
#8507 = SURFACE_STYLE_FILL_AREA(#8508);
#8508 = FILL_AREA_STYLE('',(#8509));
#8509 = FILL_AREA_STYLE_COLOUR('',#8403);
#8510 = OVER_RIDING_STYLED_ITEM('overriding color',(#8511),#571,#8396);
#8511 = PRESENTATION_STYLE_ASSIGNMENT((#8512));
#8512 = SURFACE_STYLE_USAGE(.BOTH.,#8513);
#8513 = SURFACE_SIDE_STYLE('',(#8514));
#8514 = SURFACE_STYLE_FILL_AREA(#8515);
#8515 = FILL_AREA_STYLE('',(#8516));
#8516 = FILL_AREA_STYLE_COLOUR('',#8403);
#8517 = OVER_RIDING_STYLED_ITEM('overriding color',(#8518),#593,#8396);
#8518 = PRESENTATION_STYLE_ASSIGNMENT((#8519));
#8519 = SURFACE_STYLE_USAGE(.BOTH.,#8520);
#8520 = SURFACE_SIDE_STYLE('',(#8521));
#8521 = SURFACE_STYLE_FILL_AREA(#8522);
#8522 = FILL_AREA_STYLE('',(#8523));
#8523 = FILL_AREA_STYLE_COLOUR('',#8403);
#8524 = OVER_RIDING_STYLED_ITEM('overriding color',(#8525),#615,#8396);
#8525 = PRESENTATION_STYLE_ASSIGNMENT((#8526));
#8526 = SURFACE_STYLE_USAGE(.BOTH.,#8527);
#8527 = SURFACE_SIDE_STYLE('',(#8528));
#8528 = SURFACE_STYLE_FILL_AREA(#8529);
#8529 = FILL_AREA_STYLE('',(#8530));
#8530 = FILL_AREA_STYLE_COLOUR('',#8403);
#8531 = OVER_RIDING_STYLED_ITEM('overriding color',(#8532),#631,#8396);
#8532 = PRESENTATION_STYLE_ASSIGNMENT((#8533));
#8533 = SURFACE_STYLE_USAGE(.BOTH.,#8534);
#8534 = SURFACE_SIDE_STYLE('',(#8535));
#8535 = SURFACE_STYLE_FILL_AREA(#8536);
#8536 = FILL_AREA_STYLE('',(#8537));
#8537 = FILL_AREA_STYLE_COLOUR('',#8403);
#8538 = OVER_RIDING_STYLED_ITEM('overriding color',(#8539),#653,#8396);
#8539 = PRESENTATION_STYLE_ASSIGNMENT((#8540));
#8540 = SURFACE_STYLE_USAGE(.BOTH.,#8541);
#8541 = SURFACE_SIDE_STYLE('',(#8542));
#8542 = SURFACE_STYLE_FILL_AREA(#8543);
#8543 = FILL_AREA_STYLE('',(#8544));
#8544 = FILL_AREA_STYLE_COLOUR('',#8403);
#8545 = OVER_RIDING_STYLED_ITEM('overriding color',(#8546),#669,#8396);
#8546 = PRESENTATION_STYLE_ASSIGNMENT((#8547));
#8547 = SURFACE_STYLE_USAGE(.BOTH.,#8548);
#8548 = SURFACE_SIDE_STYLE('',(#8549));
#8549 = SURFACE_STYLE_FILL_AREA(#8550);
#8550 = FILL_AREA_STYLE('',(#8551));
#8551 = FILL_AREA_STYLE_COLOUR('',#8403);
#8552 = OVER_RIDING_STYLED_ITEM('overriding color',(#8553),#689,#8396);
#8553 = PRESENTATION_STYLE_ASSIGNMENT((#8554));
#8554 = SURFACE_STYLE_USAGE(.BOTH.,#8555);
#8555 = SURFACE_SIDE_STYLE('',(#8556));
#8556 = SURFACE_STYLE_FILL_AREA(#8557);
#8557 = FILL_AREA_STYLE('',(#8558));
#8558 = FILL_AREA_STYLE_COLOUR('',#8403);
#8559 = OVER_RIDING_STYLED_ITEM('overriding color',(#8560),#711,#8396);
#8560 = PRESENTATION_STYLE_ASSIGNMENT((#8561));
#8561 = SURFACE_STYLE_USAGE(.BOTH.,#8562);
#8562 = SURFACE_SIDE_STYLE('',(#8563));
#8563 = SURFACE_STYLE_FILL_AREA(#8564);
#8564 = FILL_AREA_STYLE('',(#8565));
#8565 = FILL_AREA_STYLE_COLOUR('',#8403);
#8566 = OVER_RIDING_STYLED_ITEM('overriding color',(#8567),#733,#8396);
#8567 = PRESENTATION_STYLE_ASSIGNMENT((#8568));
#8568 = SURFACE_STYLE_USAGE(.BOTH.,#8569);
#8569 = SURFACE_SIDE_STYLE('',(#8570));
#8570 = SURFACE_STYLE_FILL_AREA(#8571);
#8571 = FILL_AREA_STYLE('',(#8572));
#8572 = FILL_AREA_STYLE_COLOUR('',#8403);
#8573 = OVER_RIDING_STYLED_ITEM('overriding color',(#8574),#785,#8396);
#8574 = PRESENTATION_STYLE_ASSIGNMENT((#8575));
#8575 = SURFACE_STYLE_USAGE(.BOTH.,#8576);
#8576 = SURFACE_SIDE_STYLE('',(#8577));
#8577 = SURFACE_STYLE_FILL_AREA(#8578);
#8578 = FILL_AREA_STYLE('',(#8579));
#8579 = FILL_AREA_STYLE_COLOUR('',#8403);
#8580 = OVER_RIDING_STYLED_ITEM('overriding color',(#8581),#801,#8396);
#8581 = PRESENTATION_STYLE_ASSIGNMENT((#8582));
#8582 = SURFACE_STYLE_USAGE(.BOTH.,#8583);
#8583 = SURFACE_SIDE_STYLE('',(#8584));
#8584 = SURFACE_STYLE_FILL_AREA(#8585);
#8585 = FILL_AREA_STYLE('',(#8586));
#8586 = FILL_AREA_STYLE_COLOUR('',#8403);
#8587 = OVER_RIDING_STYLED_ITEM('overriding color',(#8588),#817,#8396);
#8588 = PRESENTATION_STYLE_ASSIGNMENT((#8589));
#8589 = SURFACE_STYLE_USAGE(.BOTH.,#8590);
#8590 = SURFACE_SIDE_STYLE('',(#8591));
#8591 = SURFACE_STYLE_FILL_AREA(#8592);
#8592 = FILL_AREA_STYLE('',(#8593));
#8593 = FILL_AREA_STYLE_COLOUR('',#8403);
#8594 = OVER_RIDING_STYLED_ITEM('overriding color',(#8595),#829,#8396);
#8595 = PRESENTATION_STYLE_ASSIGNMENT((#8596));
#8596 = SURFACE_STYLE_USAGE(.BOTH.,#8597);
#8597 = SURFACE_SIDE_STYLE('',(#8598));
#8598 = SURFACE_STYLE_FILL_AREA(#8599);
#8599 = FILL_AREA_STYLE('',(#8600));
#8600 = FILL_AREA_STYLE_COLOUR('',#8403);
#8601 = OVER_RIDING_STYLED_ITEM('overriding color',(#8602),#845,#8396);
#8602 = PRESENTATION_STYLE_ASSIGNMENT((#8603));
#8603 = SURFACE_STYLE_USAGE(.BOTH.,#8604);
#8604 = SURFACE_SIDE_STYLE('',(#8605));
#8605 = SURFACE_STYLE_FILL_AREA(#8606);
#8606 = FILL_AREA_STYLE('',(#8607));
#8607 = FILL_AREA_STYLE_COLOUR('',#8403);
#8608 = OVER_RIDING_STYLED_ITEM('overriding color',(#8609),#861,#8396);
#8609 = PRESENTATION_STYLE_ASSIGNMENT((#8610));
#8610 = SURFACE_STYLE_USAGE(.BOTH.,#8611);
#8611 = SURFACE_SIDE_STYLE('',(#8612));
#8612 = SURFACE_STYLE_FILL_AREA(#8613);
#8613 = FILL_AREA_STYLE('',(#8614));
#8614 = FILL_AREA_STYLE_COLOUR('',#8403);
#8615 = STYLED_ITEM('color',(#8616),#873);
#8616 = PRESENTATION_STYLE_ASSIGNMENT((#8617));
#8617 = SURFACE_STYLE_USAGE(.BOTH.,#8618);
#8618 = SURFACE_SIDE_STYLE('',(#8619));
#8619 = SURFACE_STYLE_FILL_AREA(#8620);
#8620 = FILL_AREA_STYLE('',(#8621));
#8621 = FILL_AREA_STYLE_COLOUR('',#8403);
#8622 = OVER_RIDING_STYLED_ITEM('overriding color',(#8623),#875,#8615);
#8623 = PRESENTATION_STYLE_ASSIGNMENT((#8624));
#8624 = SURFACE_STYLE_USAGE(.BOTH.,#8625);
#8625 = SURFACE_SIDE_STYLE('',(#8626));
#8626 = SURFACE_STYLE_FILL_AREA(#8627);
#8627 = FILL_AREA_STYLE('',(#8628));
#8628 = FILL_AREA_STYLE_COLOUR('',#8629);
#8629 = COLOUR_RGB('',0.250980388104,0.250980388104,0.250980388104);
#8630 = OVER_RIDING_STYLED_ITEM('overriding color',(#8631),#911,#8615);
#8631 = PRESENTATION_STYLE_ASSIGNMENT((#8632));
#8632 = SURFACE_STYLE_USAGE(.BOTH.,#8633);
#8633 = SURFACE_SIDE_STYLE('',(#8634));
#8634 = SURFACE_STYLE_FILL_AREA(#8635);
#8635 = FILL_AREA_STYLE('',(#8636));
#8636 = FILL_AREA_STYLE_COLOUR('',#8629);
#8637 = OVER_RIDING_STYLED_ITEM('overriding color',(#8638),#939,#8615);
#8638 = PRESENTATION_STYLE_ASSIGNMENT((#8639));
#8639 = SURFACE_STYLE_USAGE(.BOTH.,#8640);
#8640 = SURFACE_SIDE_STYLE('',(#8641));
#8641 = SURFACE_STYLE_FILL_AREA(#8642);
#8642 = FILL_AREA_STYLE('',(#8643));
#8643 = FILL_AREA_STYLE_COLOUR('',#8629);
#8644 = OVER_RIDING_STYLED_ITEM('overriding color',(#8645),#967,#8615);
#8645 = PRESENTATION_STYLE_ASSIGNMENT((#8646));
#8646 = SURFACE_STYLE_USAGE(.BOTH.,#8647);
#8647 = SURFACE_SIDE_STYLE('',(#8648));
#8648 = SURFACE_STYLE_FILL_AREA(#8649);
#8649 = FILL_AREA_STYLE('',(#8650));
#8650 = FILL_AREA_STYLE_COLOUR('',#8629);
#8651 = OVER_RIDING_STYLED_ITEM('overriding color',(#8652),#987,#8615);
#8652 = PRESENTATION_STYLE_ASSIGNMENT((#8653));
#8653 = SURFACE_STYLE_USAGE(.BOTH.,#8654);
#8654 = SURFACE_SIDE_STYLE('',(#8655));
#8655 = SURFACE_STYLE_FILL_AREA(#8656);
#8656 = FILL_AREA_STYLE('',(#8657));
#8657 = FILL_AREA_STYLE_COLOUR('',#8629);
#8658 = OVER_RIDING_STYLED_ITEM('overriding color',(#8659),#999,#8615);
#8659 = PRESENTATION_STYLE_ASSIGNMENT((#8660));
#8660 = SURFACE_STYLE_USAGE(.BOTH.,#8661);
#8661 = SURFACE_SIDE_STYLE('',(#8662));
#8662 = SURFACE_STYLE_FILL_AREA(#8663);
#8663 = FILL_AREA_STYLE('',(#8664));
#8664 = FILL_AREA_STYLE_COLOUR('',#8629);
#8665 = OVER_RIDING_STYLED_ITEM('overriding color',(#8666),#1035,#8615);
#8666 = PRESENTATION_STYLE_ASSIGNMENT((#8667));
#8667 = SURFACE_STYLE_USAGE(.BOTH.,#8668);
#8668 = SURFACE_SIDE_STYLE('',(#8669));
#8669 = SURFACE_STYLE_FILL_AREA(#8670);
#8670 = FILL_AREA_STYLE('',(#8671));
#8671 = FILL_AREA_STYLE_COLOUR('',#8629);
#8672 = OVER_RIDING_STYLED_ITEM('overriding color',(#8673),#1055,#8615);
#8673 = PRESENTATION_STYLE_ASSIGNMENT((#8674));
#8674 = SURFACE_STYLE_USAGE(.BOTH.,#8675);
#8675 = SURFACE_SIDE_STYLE('',(#8676));
#8676 = SURFACE_STYLE_FILL_AREA(#8677);
#8677 = FILL_AREA_STYLE('',(#8678));
#8678 = FILL_AREA_STYLE_COLOUR('',#8629);
#8679 = OVER_RIDING_STYLED_ITEM('overriding color',(#8680),#1071,#8615);
#8680 = PRESENTATION_STYLE_ASSIGNMENT((#8681));
#8681 = SURFACE_STYLE_USAGE(.BOTH.,#8682);
#8682 = SURFACE_SIDE_STYLE('',(#8683));
#8683 = SURFACE_STYLE_FILL_AREA(#8684);
#8684 = FILL_AREA_STYLE('',(#8685));
#8685 = FILL_AREA_STYLE_COLOUR('',#8629);
#8686 = OVER_RIDING_STYLED_ITEM('overriding color',(#8687),#1087,#8615);
#8687 = PRESENTATION_STYLE_ASSIGNMENT((#8688));
#8688 = SURFACE_STYLE_USAGE(.BOTH.,#8689);
#8689 = SURFACE_SIDE_STYLE('',(#8690));
#8690 = SURFACE_STYLE_FILL_AREA(#8691);
#8691 = FILL_AREA_STYLE('',(#8692));
#8692 = FILL_AREA_STYLE_COLOUR('',#8629);
#8693 = STYLED_ITEM('color',(#8694),#1099);
#8694 = PRESENTATION_STYLE_ASSIGNMENT((#8695));
#8695 = SURFACE_STYLE_USAGE(.BOTH.,#8696);
#8696 = SURFACE_SIDE_STYLE('',(#8697));
#8697 = SURFACE_STYLE_FILL_AREA(#8698);
#8698 = FILL_AREA_STYLE('',(#8699));
#8699 = FILL_AREA_STYLE_COLOUR('',#8403);
#8700 = OVER_RIDING_STYLED_ITEM('overriding color',(#8701),#1101,#8693);
#8701 = PRESENTATION_STYLE_ASSIGNMENT((#8702));
#8702 = SURFACE_STYLE_USAGE(.BOTH.,#8703);
#8703 = SURFACE_SIDE_STYLE('',(#8704));
#8704 = SURFACE_STYLE_FILL_AREA(#8705);
#8705 = FILL_AREA_STYLE('',(#8706));
#8706 = FILL_AREA_STYLE_COLOUR('',#8403);
#8707 = OVER_RIDING_STYLED_ITEM('overriding color',(#8708),#2506,#8693);
#8708 = PRESENTATION_STYLE_ASSIGNMENT((#8709));
#8709 = SURFACE_STYLE_USAGE(.BOTH.,#8710);
#8710 = SURFACE_SIDE_STYLE('',(#8711));
#8711 = SURFACE_STYLE_FILL_AREA(#8712);
#8712 = FILL_AREA_STYLE('',(#8713));
#8713 = FILL_AREA_STYLE_COLOUR('',#8403);
#8714 = OVER_RIDING_STYLED_ITEM('overriding color',(#8715),#2534,#8693);
#8715 = PRESENTATION_STYLE_ASSIGNMENT((#8716));
#8716 = SURFACE_STYLE_USAGE(.BOTH.,#8717);
#8717 = SURFACE_SIDE_STYLE('',(#8718));
#8718 = SURFACE_STYLE_FILL_AREA(#8719);
#8719 = FILL_AREA_STYLE('',(#8720));
#8720 = FILL_AREA_STYLE_COLOUR('',#8403);
#8721 = OVER_RIDING_STYLED_ITEM('overriding color',(#8722),#2556,#8693);
#8722 = PRESENTATION_STYLE_ASSIGNMENT((#8723));
#8723 = SURFACE_STYLE_USAGE(.BOTH.,#8724);
#8724 = SURFACE_SIDE_STYLE('',(#8725));
#8725 = SURFACE_STYLE_FILL_AREA(#8726);
#8726 = FILL_AREA_STYLE('',(#8727));
#8727 = FILL_AREA_STYLE_COLOUR('',#8403);
#8728 = OVER_RIDING_STYLED_ITEM('overriding color',(#8729),#2578,#8693);
#8729 = PRESENTATION_STYLE_ASSIGNMENT((#8730));
#8730 = SURFACE_STYLE_USAGE(.BOTH.,#8731);
#8731 = SURFACE_SIDE_STYLE('',(#8732));
#8732 = SURFACE_STYLE_FILL_AREA(#8733);
#8733 = FILL_AREA_STYLE('',(#8734));
#8734 = FILL_AREA_STYLE_COLOUR('',#8403);
#8735 = OVER_RIDING_STYLED_ITEM('overriding color',(#8736),#2594,#8693);
#8736 = PRESENTATION_STYLE_ASSIGNMENT((#8737));
#8737 = SURFACE_STYLE_USAGE(.BOTH.,#8738);
#8738 = SURFACE_SIDE_STYLE('',(#8739));
#8739 = SURFACE_STYLE_FILL_AREA(#8740);
#8740 = FILL_AREA_STYLE('',(#8741));
#8741 = FILL_AREA_STYLE_COLOUR('',#8403);
#8742 = OVER_RIDING_STYLED_ITEM('overriding color',(#8743),#2606,#8693);
#8743 = PRESENTATION_STYLE_ASSIGNMENT((#8744));
#8744 = SURFACE_STYLE_USAGE(.BOTH.,#8745);
#8745 = SURFACE_SIDE_STYLE('',(#8746));
#8746 = SURFACE_STYLE_FILL_AREA(#8747);
#8747 = FILL_AREA_STYLE('',(#8748));
#8748 = FILL_AREA_STYLE_COLOUR('',#8749);
#8749 = COLOUR_RGB('',0.223529416636,0.223529416636,0.223529416636);
#8750 = OVER_RIDING_STYLED_ITEM('overriding color',(#8751),#2634,#8693);
#8751 = PRESENTATION_STYLE_ASSIGNMENT((#8752));
#8752 = SURFACE_STYLE_USAGE(.BOTH.,#8753);
#8753 = SURFACE_SIDE_STYLE('',(#8754));
#8754 = SURFACE_STYLE_FILL_AREA(#8755);
#8755 = FILL_AREA_STYLE('',(#8756));
#8756 = FILL_AREA_STYLE_COLOUR('',#8749);
#8757 = OVER_RIDING_STYLED_ITEM('overriding color',(#8758),#2656,#8693);
#8758 = PRESENTATION_STYLE_ASSIGNMENT((#8759));
#8759 = SURFACE_STYLE_USAGE(.BOTH.,#8760);
#8760 = SURFACE_SIDE_STYLE('',(#8761));
#8761 = SURFACE_STYLE_FILL_AREA(#8762);
#8762 = FILL_AREA_STYLE('',(#8763));
#8763 = FILL_AREA_STYLE_COLOUR('',#8749);
#8764 = OVER_RIDING_STYLED_ITEM('overriding color',(#8765),#2678,#8693);
#8765 = PRESENTATION_STYLE_ASSIGNMENT((#8766));
#8766 = SURFACE_STYLE_USAGE(.BOTH.,#8767);
#8767 = SURFACE_SIDE_STYLE('',(#8768));
#8768 = SURFACE_STYLE_FILL_AREA(#8769);
#8769 = FILL_AREA_STYLE('',(#8770));
#8770 = FILL_AREA_STYLE_COLOUR('',#8749);
#8771 = OVER_RIDING_STYLED_ITEM('overriding color',(#8772),#2700,#8693);
#8772 = PRESENTATION_STYLE_ASSIGNMENT((#8773));
#8773 = SURFACE_STYLE_USAGE(.BOTH.,#8774);
#8774 = SURFACE_SIDE_STYLE('',(#8775));
#8775 = SURFACE_STYLE_FILL_AREA(#8776);
#8776 = FILL_AREA_STYLE('',(#8777));
#8777 = FILL_AREA_STYLE_COLOUR('',#8749);
#8778 = OVER_RIDING_STYLED_ITEM('overriding color',(#8779),#2722,#8693);
#8779 = PRESENTATION_STYLE_ASSIGNMENT((#8780));
#8780 = SURFACE_STYLE_USAGE(.BOTH.,#8781);
#8781 = SURFACE_SIDE_STYLE('',(#8782));
#8782 = SURFACE_STYLE_FILL_AREA(#8783);
#8783 = FILL_AREA_STYLE('',(#8784));
#8784 = FILL_AREA_STYLE_COLOUR('',#8749);
#8785 = OVER_RIDING_STYLED_ITEM('overriding color',(#8786),#2738,#8693);
#8786 = PRESENTATION_STYLE_ASSIGNMENT((#8787));
#8787 = SURFACE_STYLE_USAGE(.BOTH.,#8788);
#8788 = SURFACE_SIDE_STYLE('',(#8789));
#8789 = SURFACE_STYLE_FILL_AREA(#8790);
#8790 = FILL_AREA_STYLE('',(#8791));
#8791 = FILL_AREA_STYLE_COLOUR('',#8749);
#8792 = OVER_RIDING_STYLED_ITEM('overriding color',(#8793),#2752,#8693);
#8793 = PRESENTATION_STYLE_ASSIGNMENT((#8794));
#8794 = SURFACE_STYLE_USAGE(.BOTH.,#8795);
#8795 = SURFACE_SIDE_STYLE('',(#8796));
#8796 = SURFACE_STYLE_FILL_AREA(#8797);
#8797 = FILL_AREA_STYLE('',(#8798));
#8798 = FILL_AREA_STYLE_COLOUR('',#8749);
#8799 = OVER_RIDING_STYLED_ITEM('overriding color',(#8800),#2786,#8693);
#8800 = PRESENTATION_STYLE_ASSIGNMENT((#8801));
#8801 = SURFACE_STYLE_USAGE(.BOTH.,#8802);
#8802 = SURFACE_SIDE_STYLE('',(#8803));
#8803 = SURFACE_STYLE_FILL_AREA(#8804);
#8804 = FILL_AREA_STYLE('',(#8805));
#8805 = FILL_AREA_STYLE_COLOUR('',#8749);
#8806 = OVER_RIDING_STYLED_ITEM('overriding color',(#8807),#2808,#8693);
#8807 = PRESENTATION_STYLE_ASSIGNMENT((#8808));
#8808 = SURFACE_STYLE_USAGE(.BOTH.,#8809);
#8809 = SURFACE_SIDE_STYLE('',(#8810));
#8810 = SURFACE_STYLE_FILL_AREA(#8811);
#8811 = FILL_AREA_STYLE('',(#8812));
#8812 = FILL_AREA_STYLE_COLOUR('',#8749);
#8813 = OVER_RIDING_STYLED_ITEM('overriding color',(#8814),#2836,#8693);
#8814 = PRESENTATION_STYLE_ASSIGNMENT((#8815));
#8815 = SURFACE_STYLE_USAGE(.BOTH.,#8816);
#8816 = SURFACE_SIDE_STYLE('',(#8817));
#8817 = SURFACE_STYLE_FILL_AREA(#8818);
#8818 = FILL_AREA_STYLE('',(#8819));
#8819 = FILL_AREA_STYLE_COLOUR('',#8749);
#8820 = OVER_RIDING_STYLED_ITEM('overriding color',(#8821),#2864,#8693);
#8821 = PRESENTATION_STYLE_ASSIGNMENT((#8822));
#8822 = SURFACE_STYLE_USAGE(.BOTH.,#8823);
#8823 = SURFACE_SIDE_STYLE('',(#8824));
#8824 = SURFACE_STYLE_FILL_AREA(#8825);
#8825 = FILL_AREA_STYLE('',(#8826));
#8826 = FILL_AREA_STYLE_COLOUR('',#8749);
#8827 = OVER_RIDING_STYLED_ITEM('overriding color',(#8828),#2892,#8693);
#8828 = PRESENTATION_STYLE_ASSIGNMENT((#8829));
#8829 = SURFACE_STYLE_USAGE(.BOTH.,#8830);
#8830 = SURFACE_SIDE_STYLE('',(#8831));
#8831 = SURFACE_STYLE_FILL_AREA(#8832);
#8832 = FILL_AREA_STYLE('',(#8833));
#8833 = FILL_AREA_STYLE_COLOUR('',#8749);
#8834 = OVER_RIDING_STYLED_ITEM('overriding color',(#8835),#2920,#8693);
#8835 = PRESENTATION_STYLE_ASSIGNMENT((#8836));
#8836 = SURFACE_STYLE_USAGE(.BOTH.,#8837);
#8837 = SURFACE_SIDE_STYLE('',(#8838));
#8838 = SURFACE_STYLE_FILL_AREA(#8839);
#8839 = FILL_AREA_STYLE('',(#8840));
#8840 = FILL_AREA_STYLE_COLOUR('',#8749);
#8841 = OVER_RIDING_STYLED_ITEM('overriding color',(#8842),#2948,#8693);
#8842 = PRESENTATION_STYLE_ASSIGNMENT((#8843));
#8843 = SURFACE_STYLE_USAGE(.BOTH.,#8844);
#8844 = SURFACE_SIDE_STYLE('',(#8845));
#8845 = SURFACE_STYLE_FILL_AREA(#8846);
#8846 = FILL_AREA_STYLE('',(#8847));
#8847 = FILL_AREA_STYLE_COLOUR('',#8749);
#8848 = OVER_RIDING_STYLED_ITEM('overriding color',(#8849),#2976,#8693);
#8849 = PRESENTATION_STYLE_ASSIGNMENT((#8850));
#8850 = SURFACE_STYLE_USAGE(.BOTH.,#8851);
#8851 = SURFACE_SIDE_STYLE('',(#8852));
#8852 = SURFACE_STYLE_FILL_AREA(#8853);
#8853 = FILL_AREA_STYLE('',(#8854));
#8854 = FILL_AREA_STYLE_COLOUR('',#8749);
#8855 = OVER_RIDING_STYLED_ITEM('overriding color',(#8856),#2998,#8693);
#8856 = PRESENTATION_STYLE_ASSIGNMENT((#8857));
#8857 = SURFACE_STYLE_USAGE(.BOTH.,#8858);
#8858 = SURFACE_SIDE_STYLE('',(#8859));
#8859 = SURFACE_STYLE_FILL_AREA(#8860);
#8860 = FILL_AREA_STYLE('',(#8861));
#8861 = FILL_AREA_STYLE_COLOUR('',#8749);
#8862 = OVER_RIDING_STYLED_ITEM('overriding color',(#8863),#3026,#8693);
#8863 = PRESENTATION_STYLE_ASSIGNMENT((#8864));
#8864 = SURFACE_STYLE_USAGE(.BOTH.,#8865);
#8865 = SURFACE_SIDE_STYLE('',(#8866));
#8866 = SURFACE_STYLE_FILL_AREA(#8867);
#8867 = FILL_AREA_STYLE('',(#8868));
#8868 = FILL_AREA_STYLE_COLOUR('',#8749);
#8869 = OVER_RIDING_STYLED_ITEM('overriding color',(#8870),#3054,#8693);
#8870 = PRESENTATION_STYLE_ASSIGNMENT((#8871));
#8871 = SURFACE_STYLE_USAGE(.BOTH.,#8872);
#8872 = SURFACE_SIDE_STYLE('',(#8873));
#8873 = SURFACE_STYLE_FILL_AREA(#8874);
#8874 = FILL_AREA_STYLE('',(#8875));
#8875 = FILL_AREA_STYLE_COLOUR('',#8749);
#8876 = OVER_RIDING_STYLED_ITEM('overriding color',(#8877),#3082,#8693);
#8877 = PRESENTATION_STYLE_ASSIGNMENT((#8878));
#8878 = SURFACE_STYLE_USAGE(.BOTH.,#8879);
#8879 = SURFACE_SIDE_STYLE('',(#8880));
#8880 = SURFACE_STYLE_FILL_AREA(#8881);
#8881 = FILL_AREA_STYLE('',(#8882));
#8882 = FILL_AREA_STYLE_COLOUR('',#8749);
#8883 = OVER_RIDING_STYLED_ITEM('overriding color',(#8884),#3110,#8693);
#8884 = PRESENTATION_STYLE_ASSIGNMENT((#8885));
#8885 = SURFACE_STYLE_USAGE(.BOTH.,#8886);
#8886 = SURFACE_SIDE_STYLE('',(#8887));
#8887 = SURFACE_STYLE_FILL_AREA(#8888);
#8888 = FILL_AREA_STYLE('',(#8889));
#8889 = FILL_AREA_STYLE_COLOUR('',#8749);
#8890 = OVER_RIDING_STYLED_ITEM('overriding color',(#8891),#3132,#8693);
#8891 = PRESENTATION_STYLE_ASSIGNMENT((#8892));
#8892 = SURFACE_STYLE_USAGE(.BOTH.,#8893);
#8893 = SURFACE_SIDE_STYLE('',(#8894));
#8894 = SURFACE_STYLE_FILL_AREA(#8895);
#8895 = FILL_AREA_STYLE('',(#8896));
#8896 = FILL_AREA_STYLE_COLOUR('',#8749);
#8897 = OVER_RIDING_STYLED_ITEM('overriding color',(#8898),#3154,#8693);
#8898 = PRESENTATION_STYLE_ASSIGNMENT((#8899));
#8899 = SURFACE_STYLE_USAGE(.BOTH.,#8900);
#8900 = SURFACE_SIDE_STYLE('',(#8901));
#8901 = SURFACE_STYLE_FILL_AREA(#8902);
#8902 = FILL_AREA_STYLE('',(#8903));
#8903 = FILL_AREA_STYLE_COLOUR('',#8749);
#8904 = OVER_RIDING_STYLED_ITEM('overriding color',(#8905),#3182,#8693);
#8905 = PRESENTATION_STYLE_ASSIGNMENT((#8906));
#8906 = SURFACE_STYLE_USAGE(.BOTH.,#8907);
#8907 = SURFACE_SIDE_STYLE('',(#8908));
#8908 = SURFACE_STYLE_FILL_AREA(#8909);
#8909 = FILL_AREA_STYLE('',(#8910));
#8910 = FILL_AREA_STYLE_COLOUR('',#8749);
#8911 = OVER_RIDING_STYLED_ITEM('overriding color',(#8912),#3204,#8693);
#8912 = PRESENTATION_STYLE_ASSIGNMENT((#8913));
#8913 = SURFACE_STYLE_USAGE(.BOTH.,#8914);
#8914 = SURFACE_SIDE_STYLE('',(#8915));
#8915 = SURFACE_STYLE_FILL_AREA(#8916);
#8916 = FILL_AREA_STYLE('',(#8917));
#8917 = FILL_AREA_STYLE_COLOUR('',#8749);
#8918 = OVER_RIDING_STYLED_ITEM('overriding color',(#8919),#3226,#8693);
#8919 = PRESENTATION_STYLE_ASSIGNMENT((#8920));
#8920 = SURFACE_STYLE_USAGE(.BOTH.,#8921);
#8921 = SURFACE_SIDE_STYLE('',(#8922));
#8922 = SURFACE_STYLE_FILL_AREA(#8923);
#8923 = FILL_AREA_STYLE('',(#8924));
#8924 = FILL_AREA_STYLE_COLOUR('',#8749);
#8925 = OVER_RIDING_STYLED_ITEM('overriding color',(#8926),#3248,#8693);
#8926 = PRESENTATION_STYLE_ASSIGNMENT((#8927));
#8927 = SURFACE_STYLE_USAGE(.BOTH.,#8928);
#8928 = SURFACE_SIDE_STYLE('',(#8929));
#8929 = SURFACE_STYLE_FILL_AREA(#8930);
#8930 = FILL_AREA_STYLE('',(#8931));
#8931 = FILL_AREA_STYLE_COLOUR('',#8749);
#8932 = OVER_RIDING_STYLED_ITEM('overriding color',(#8933),#3270,#8693);
#8933 = PRESENTATION_STYLE_ASSIGNMENT((#8934));
#8934 = SURFACE_STYLE_USAGE(.BOTH.,#8935);
#8935 = SURFACE_SIDE_STYLE('',(#8936));
#8936 = SURFACE_STYLE_FILL_AREA(#8937);
#8937 = FILL_AREA_STYLE('',(#8938));
#8938 = FILL_AREA_STYLE_COLOUR('',#8749);
#8939 = OVER_RIDING_STYLED_ITEM('overriding color',(#8940),#3292,#8693);
#8940 = PRESENTATION_STYLE_ASSIGNMENT((#8941));
#8941 = SURFACE_STYLE_USAGE(.BOTH.,#8942);
#8942 = SURFACE_SIDE_STYLE('',(#8943));
#8943 = SURFACE_STYLE_FILL_AREA(#8944);
#8944 = FILL_AREA_STYLE('',(#8945));
#8945 = FILL_AREA_STYLE_COLOUR('',#8749);
#8946 = OVER_RIDING_STYLED_ITEM('overriding color',(#8947),#3314,#8693);
#8947 = PRESENTATION_STYLE_ASSIGNMENT((#8948));
#8948 = SURFACE_STYLE_USAGE(.BOTH.,#8949);
#8949 = SURFACE_SIDE_STYLE('',(#8950));
#8950 = SURFACE_STYLE_FILL_AREA(#8951);
#8951 = FILL_AREA_STYLE('',(#8952));
#8952 = FILL_AREA_STYLE_COLOUR('',#8749);
#8953 = OVER_RIDING_STYLED_ITEM('overriding color',(#8954),#3336,#8693);
#8954 = PRESENTATION_STYLE_ASSIGNMENT((#8955));
#8955 = SURFACE_STYLE_USAGE(.BOTH.,#8956);
#8956 = SURFACE_SIDE_STYLE('',(#8957));
#8957 = SURFACE_STYLE_FILL_AREA(#8958);
#8958 = FILL_AREA_STYLE('',(#8959));
#8959 = FILL_AREA_STYLE_COLOUR('',#8749);
#8960 = OVER_RIDING_STYLED_ITEM('overriding color',(#8961),#3358,#8693);
#8961 = PRESENTATION_STYLE_ASSIGNMENT((#8962));
#8962 = SURFACE_STYLE_USAGE(.BOTH.,#8963);
#8963 = SURFACE_SIDE_STYLE('',(#8964));
#8964 = SURFACE_STYLE_FILL_AREA(#8965);
#8965 = FILL_AREA_STYLE('',(#8966));
#8966 = FILL_AREA_STYLE_COLOUR('',#8749);
#8967 = OVER_RIDING_STYLED_ITEM('overriding color',(#8968),#3380,#8693);
#8968 = PRESENTATION_STYLE_ASSIGNMENT((#8969));
#8969 = SURFACE_STYLE_USAGE(.BOTH.,#8970);
#8970 = SURFACE_SIDE_STYLE('',(#8971));
#8971 = SURFACE_STYLE_FILL_AREA(#8972);
#8972 = FILL_AREA_STYLE('',(#8973));
#8973 = FILL_AREA_STYLE_COLOUR('',#8749);
#8974 = OVER_RIDING_STYLED_ITEM('overriding color',(#8975),#3402,#8693);
#8975 = PRESENTATION_STYLE_ASSIGNMENT((#8976));
#8976 = SURFACE_STYLE_USAGE(.BOTH.,#8977);
#8977 = SURFACE_SIDE_STYLE('',(#8978));
#8978 = SURFACE_STYLE_FILL_AREA(#8979);
#8979 = FILL_AREA_STYLE('',(#8980));
#8980 = FILL_AREA_STYLE_COLOUR('',#8749);
#8981 = OVER_RIDING_STYLED_ITEM('overriding color',(#8982),#3418,#8693);
#8982 = PRESENTATION_STYLE_ASSIGNMENT((#8983));
#8983 = SURFACE_STYLE_USAGE(.BOTH.,#8984);
#8984 = SURFACE_SIDE_STYLE('',(#8985));
#8985 = SURFACE_STYLE_FILL_AREA(#8986);
#8986 = FILL_AREA_STYLE('',(#8987));
#8987 = FILL_AREA_STYLE_COLOUR('',#8749);
#8988 = OVER_RIDING_STYLED_ITEM('overriding color',(#8989),#3438,#8693);
#8989 = PRESENTATION_STYLE_ASSIGNMENT((#8990));
#8990 = SURFACE_STYLE_USAGE(.BOTH.,#8991);
#8991 = SURFACE_SIDE_STYLE('',(#8992));
#8992 = SURFACE_STYLE_FILL_AREA(#8993);
#8993 = FILL_AREA_STYLE('',(#8994));
#8994 = FILL_AREA_STYLE_COLOUR('',#8749);
#8995 = OVER_RIDING_STYLED_ITEM('overriding color',(#8996),#3562,#8693);
#8996 = PRESENTATION_STYLE_ASSIGNMENT((#8997));
#8997 = SURFACE_STYLE_USAGE(.BOTH.,#8998);
#8998 = SURFACE_SIDE_STYLE('',(#8999));
#8999 = SURFACE_STYLE_FILL_AREA(#9000);
#9000 = FILL_AREA_STYLE('',(#9001));
#9001 = FILL_AREA_STYLE_COLOUR('',#8749);
#9002 = OVER_RIDING_STYLED_ITEM('overriding color',(#9003),#3582,#8693);
#9003 = PRESENTATION_STYLE_ASSIGNMENT((#9004));
#9004 = SURFACE_STYLE_USAGE(.BOTH.,#9005);
#9005 = SURFACE_SIDE_STYLE('',(#9006));
#9006 = SURFACE_STYLE_FILL_AREA(#9007);
#9007 = FILL_AREA_STYLE('',(#9008));
#9008 = FILL_AREA_STYLE_COLOUR('',#8749);
#9009 = OVER_RIDING_STYLED_ITEM('overriding color',(#9010),#3602,#8693);
#9010 = PRESENTATION_STYLE_ASSIGNMENT((#9011));
#9011 = SURFACE_STYLE_USAGE(.BOTH.,#9012);
#9012 = SURFACE_SIDE_STYLE('',(#9013));
#9013 = SURFACE_STYLE_FILL_AREA(#9014);
#9014 = FILL_AREA_STYLE('',(#9015));
#9015 = FILL_AREA_STYLE_COLOUR('',#8749);
#9016 = OVER_RIDING_STYLED_ITEM('overriding color',(#9017),#3622,#8693);
#9017 = PRESENTATION_STYLE_ASSIGNMENT((#9018));
#9018 = SURFACE_STYLE_USAGE(.BOTH.,#9019);
#9019 = SURFACE_SIDE_STYLE('',(#9020));
#9020 = SURFACE_STYLE_FILL_AREA(#9021);
#9021 = FILL_AREA_STYLE('',(#9022));
#9022 = FILL_AREA_STYLE_COLOUR('',#8749);
#9023 = OVER_RIDING_STYLED_ITEM('overriding color',(#9024),#3642,#8693);
#9024 = PRESENTATION_STYLE_ASSIGNMENT((#9025));
#9025 = SURFACE_STYLE_USAGE(.BOTH.,#9026);
#9026 = SURFACE_SIDE_STYLE('',(#9027));
#9027 = SURFACE_STYLE_FILL_AREA(#9028);
#9028 = FILL_AREA_STYLE('',(#9029));
#9029 = FILL_AREA_STYLE_COLOUR('',#8749);
#9030 = OVER_RIDING_STYLED_ITEM('overriding color',(#9031),#3662,#8693);
#9031 = PRESENTATION_STYLE_ASSIGNMENT((#9032));
#9032 = SURFACE_STYLE_USAGE(.BOTH.,#9033);
#9033 = SURFACE_SIDE_STYLE('',(#9034));
#9034 = SURFACE_STYLE_FILL_AREA(#9035);
#9035 = FILL_AREA_STYLE('',(#9036));
#9036 = FILL_AREA_STYLE_COLOUR('',#8749);
#9037 = OVER_RIDING_STYLED_ITEM('overriding color',(#9038),#3678,#8693);
#9038 = PRESENTATION_STYLE_ASSIGNMENT((#9039));
#9039 = SURFACE_STYLE_USAGE(.BOTH.,#9040);
#9040 = SURFACE_SIDE_STYLE('',(#9041));
#9041 = SURFACE_STYLE_FILL_AREA(#9042);
#9042 = FILL_AREA_STYLE('',(#9043));
#9043 = FILL_AREA_STYLE_COLOUR('',#8749);
#9044 = OVER_RIDING_STYLED_ITEM('overriding color',(#9045),#3690,#8693);
#9045 = PRESENTATION_STYLE_ASSIGNMENT((#9046));
#9046 = SURFACE_STYLE_USAGE(.BOTH.,#9047);
#9047 = SURFACE_SIDE_STYLE('',(#9048));
#9048 = SURFACE_STYLE_FILL_AREA(#9049);
#9049 = FILL_AREA_STYLE('',(#9050));
#9050 = FILL_AREA_STYLE_COLOUR('',#8749);
#9051 = OVER_RIDING_STYLED_ITEM('overriding color',(#9052),#3718,#8693);
#9052 = PRESENTATION_STYLE_ASSIGNMENT((#9053));
#9053 = SURFACE_STYLE_USAGE(.BOTH.,#9054);
#9054 = SURFACE_SIDE_STYLE('',(#9055));
#9055 = SURFACE_STYLE_FILL_AREA(#9056);
#9056 = FILL_AREA_STYLE('',(#9057));
#9057 = FILL_AREA_STYLE_COLOUR('',#8749);
#9058 = OVER_RIDING_STYLED_ITEM('overriding color',(#9059),#3740,#8693);
#9059 = PRESENTATION_STYLE_ASSIGNMENT((#9060));
#9060 = SURFACE_STYLE_USAGE(.BOTH.,#9061);
#9061 = SURFACE_SIDE_STYLE('',(#9062));
#9062 = SURFACE_STYLE_FILL_AREA(#9063);
#9063 = FILL_AREA_STYLE('',(#9064));
#9064 = FILL_AREA_STYLE_COLOUR('',#8749);
#9065 = OVER_RIDING_STYLED_ITEM('overriding color',(#9066),#3762,#8693);
#9066 = PRESENTATION_STYLE_ASSIGNMENT((#9067));
#9067 = SURFACE_STYLE_USAGE(.BOTH.,#9068);
#9068 = SURFACE_SIDE_STYLE('',(#9069));
#9069 = SURFACE_STYLE_FILL_AREA(#9070);
#9070 = FILL_AREA_STYLE('',(#9071));
#9071 = FILL_AREA_STYLE_COLOUR('',#8749);
#9072 = OVER_RIDING_STYLED_ITEM('overriding color',(#9073),#3790,#8693);
#9073 = PRESENTATION_STYLE_ASSIGNMENT((#9074));
#9074 = SURFACE_STYLE_USAGE(.BOTH.,#9075);
#9075 = SURFACE_SIDE_STYLE('',(#9076));
#9076 = SURFACE_STYLE_FILL_AREA(#9077);
#9077 = FILL_AREA_STYLE('',(#9078));
#9078 = FILL_AREA_STYLE_COLOUR('',#8749);
#9079 = OVER_RIDING_STYLED_ITEM('overriding color',(#9080),#3818,#8693);
#9080 = PRESENTATION_STYLE_ASSIGNMENT((#9081));
#9081 = SURFACE_STYLE_USAGE(.BOTH.,#9082);
#9082 = SURFACE_SIDE_STYLE('',(#9083));
#9083 = SURFACE_STYLE_FILL_AREA(#9084);
#9084 = FILL_AREA_STYLE('',(#9085));
#9085 = FILL_AREA_STYLE_COLOUR('',#8749);
#9086 = OVER_RIDING_STYLED_ITEM('overriding color',(#9087),#3846,#8693);
#9087 = PRESENTATION_STYLE_ASSIGNMENT((#9088));
#9088 = SURFACE_STYLE_USAGE(.BOTH.,#9089);
#9089 = SURFACE_SIDE_STYLE('',(#9090));
#9090 = SURFACE_STYLE_FILL_AREA(#9091);
#9091 = FILL_AREA_STYLE('',(#9092));
#9092 = FILL_AREA_STYLE_COLOUR('',#8749);
#9093 = OVER_RIDING_STYLED_ITEM('overriding color',(#9094),#3868,#8693);
#9094 = PRESENTATION_STYLE_ASSIGNMENT((#9095));
#9095 = SURFACE_STYLE_USAGE(.BOTH.,#9096);
#9096 = SURFACE_SIDE_STYLE('',(#9097));
#9097 = SURFACE_STYLE_FILL_AREA(#9098);
#9098 = FILL_AREA_STYLE('',(#9099));
#9099 = FILL_AREA_STYLE_COLOUR('',#8403);
#9100 = OVER_RIDING_STYLED_ITEM('overriding color',(#9101),#3883,#8693);
#9101 = PRESENTATION_STYLE_ASSIGNMENT((#9102));
#9102 = SURFACE_STYLE_USAGE(.BOTH.,#9103);
#9103 = SURFACE_SIDE_STYLE('',(#9104));
#9104 = SURFACE_STYLE_FILL_AREA(#9105);
#9105 = FILL_AREA_STYLE('',(#9106));
#9106 = FILL_AREA_STYLE_COLOUR('',#8749);
#9107 = OVER_RIDING_STYLED_ITEM('overriding color',(#9108),#3995,#8693);
#9108 = PRESENTATION_STYLE_ASSIGNMENT((#9109));
#9109 = SURFACE_STYLE_USAGE(.BOTH.,#9110);
#9110 = SURFACE_SIDE_STYLE('',(#9111));
#9111 = SURFACE_STYLE_FILL_AREA(#9112);
#9112 = FILL_AREA_STYLE('',(#9113));
#9113 = FILL_AREA_STYLE_COLOUR('',#8749);
#9114 = OVER_RIDING_STYLED_ITEM('overriding color',(#9115),#4015,#8693);
#9115 = PRESENTATION_STYLE_ASSIGNMENT((#9116));
#9116 = SURFACE_STYLE_USAGE(.BOTH.,#9117);
#9117 = SURFACE_SIDE_STYLE('',(#9118));
#9118 = SURFACE_STYLE_FILL_AREA(#9119);
#9119 = FILL_AREA_STYLE('',(#9120));
#9120 = FILL_AREA_STYLE_COLOUR('',#8749);
#9121 = OVER_RIDING_STYLED_ITEM('overriding color',(#9122),#4031,#8693);
#9122 = PRESENTATION_STYLE_ASSIGNMENT((#9123));
#9123 = SURFACE_STYLE_USAGE(.BOTH.,#9124);
#9124 = SURFACE_SIDE_STYLE('',(#9125));
#9125 = SURFACE_STYLE_FILL_AREA(#9126);
#9126 = FILL_AREA_STYLE('',(#9127));
#9127 = FILL_AREA_STYLE_COLOUR('',#8749);
#9128 = OVER_RIDING_STYLED_ITEM('overriding color',(#9129),#4047,#8693);
#9129 = PRESENTATION_STYLE_ASSIGNMENT((#9130));
#9130 = SURFACE_STYLE_USAGE(.BOTH.,#9131);
#9131 = SURFACE_SIDE_STYLE('',(#9132));
#9132 = SURFACE_STYLE_FILL_AREA(#9133);
#9133 = FILL_AREA_STYLE('',(#9134));
#9134 = FILL_AREA_STYLE_COLOUR('',#8749);
#9135 = OVER_RIDING_STYLED_ITEM('overriding color',(#9136),#4063,#8693);
#9136 = PRESENTATION_STYLE_ASSIGNMENT((#9137));
#9137 = SURFACE_STYLE_USAGE(.BOTH.,#9138);
#9138 = SURFACE_SIDE_STYLE('',(#9139));
#9139 = SURFACE_STYLE_FILL_AREA(#9140);
#9140 = FILL_AREA_STYLE('',(#9141));
#9141 = FILL_AREA_STYLE_COLOUR('',#8749);
#9142 = OVER_RIDING_STYLED_ITEM('overriding color',(#9143),#4079,#8693);
#9143 = PRESENTATION_STYLE_ASSIGNMENT((#9144));
#9144 = SURFACE_STYLE_USAGE(.BOTH.,#9145);
#9145 = SURFACE_SIDE_STYLE('',(#9146));
#9146 = SURFACE_STYLE_FILL_AREA(#9147);
#9147 = FILL_AREA_STYLE('',(#9148));
#9148 = FILL_AREA_STYLE_COLOUR('',#8749);
#9149 = OVER_RIDING_STYLED_ITEM('overriding color',(#9150),#4095,#8693);
#9150 = PRESENTATION_STYLE_ASSIGNMENT((#9151));
#9151 = SURFACE_STYLE_USAGE(.BOTH.,#9152);
#9152 = SURFACE_SIDE_STYLE('',(#9153));
#9153 = SURFACE_STYLE_FILL_AREA(#9154);
#9154 = FILL_AREA_STYLE('',(#9155));
#9155 = FILL_AREA_STYLE_COLOUR('',#8749);
#9156 = OVER_RIDING_STYLED_ITEM('overriding color',(#9157),#4111,#8693);
#9157 = PRESENTATION_STYLE_ASSIGNMENT((#9158));
#9158 = SURFACE_STYLE_USAGE(.BOTH.,#9159);
#9159 = SURFACE_SIDE_STYLE('',(#9160));
#9160 = SURFACE_STYLE_FILL_AREA(#9161);
#9161 = FILL_AREA_STYLE('',(#9162));
#9162 = FILL_AREA_STYLE_COLOUR('',#8749);
#9163 = OVER_RIDING_STYLED_ITEM('overriding color',(#9164),#4123,#8693);
#9164 = PRESENTATION_STYLE_ASSIGNMENT((#9165));
#9165 = SURFACE_STYLE_USAGE(.BOTH.,#9166);
#9166 = SURFACE_SIDE_STYLE('',(#9167));
#9167 = SURFACE_STYLE_FILL_AREA(#9168);
#9168 = FILL_AREA_STYLE('',(#9169));
#9169 = FILL_AREA_STYLE_COLOUR('',#8749);
#9170 = OVER_RIDING_STYLED_ITEM('overriding color',(#9171),#4151,#8693);
#9171 = PRESENTATION_STYLE_ASSIGNMENT((#9172));
#9172 = SURFACE_STYLE_USAGE(.BOTH.,#9173);
#9173 = SURFACE_SIDE_STYLE('',(#9174));
#9174 = SURFACE_STYLE_FILL_AREA(#9175);
#9175 = FILL_AREA_STYLE('',(#9176));
#9176 = FILL_AREA_STYLE_COLOUR('',#8749);
#9177 = OVER_RIDING_STYLED_ITEM('overriding color',(#9178),#4173,#8693);
#9178 = PRESENTATION_STYLE_ASSIGNMENT((#9179));
#9179 = SURFACE_STYLE_USAGE(.BOTH.,#9180);
#9180 = SURFACE_SIDE_STYLE('',(#9181));
#9181 = SURFACE_STYLE_FILL_AREA(#9182);
#9182 = FILL_AREA_STYLE('',(#9183));
#9183 = FILL_AREA_STYLE_COLOUR('',#8749);
#9184 = OVER_RIDING_STYLED_ITEM('overriding color',(#9185),#4201,#8693);
#9185 = PRESENTATION_STYLE_ASSIGNMENT((#9186));
#9186 = SURFACE_STYLE_USAGE(.BOTH.,#9187);
#9187 = SURFACE_SIDE_STYLE('',(#9188));
#9188 = SURFACE_STYLE_FILL_AREA(#9189);
#9189 = FILL_AREA_STYLE('',(#9190));
#9190 = FILL_AREA_STYLE_COLOUR('',#8749);
#9191 = OVER_RIDING_STYLED_ITEM('overriding color',(#9192),#4223,#8693);
#9192 = PRESENTATION_STYLE_ASSIGNMENT((#9193));
#9193 = SURFACE_STYLE_USAGE(.BOTH.,#9194);
#9194 = SURFACE_SIDE_STYLE('',(#9195));
#9195 = SURFACE_STYLE_FILL_AREA(#9196);
#9196 = FILL_AREA_STYLE('',(#9197));
#9197 = FILL_AREA_STYLE_COLOUR('',#8749);
#9198 = OVER_RIDING_STYLED_ITEM('overriding color',(#9199),#4251,#8693);
#9199 = PRESENTATION_STYLE_ASSIGNMENT((#9200));
#9200 = SURFACE_STYLE_USAGE(.BOTH.,#9201);
#9201 = SURFACE_SIDE_STYLE('',(#9202));
#9202 = SURFACE_STYLE_FILL_AREA(#9203);
#9203 = FILL_AREA_STYLE('',(#9204));
#9204 = FILL_AREA_STYLE_COLOUR('',#8749);
#9205 = OVER_RIDING_STYLED_ITEM('overriding color',(#9206),#4267,#8693);
#9206 = PRESENTATION_STYLE_ASSIGNMENT((#9207));
#9207 = SURFACE_STYLE_USAGE(.BOTH.,#9208);
#9208 = SURFACE_SIDE_STYLE('',(#9209));
#9209 = SURFACE_STYLE_FILL_AREA(#9210);
#9210 = FILL_AREA_STYLE('',(#9211));
#9211 = FILL_AREA_STYLE_COLOUR('',#8403);
#9212 = OVER_RIDING_STYLED_ITEM('overriding color',(#9213),#4281,#8693);
#9213 = PRESENTATION_STYLE_ASSIGNMENT((#9214));
#9214 = SURFACE_STYLE_USAGE(.BOTH.,#9215);
#9215 = SURFACE_SIDE_STYLE('',(#9216));
#9216 = SURFACE_STYLE_FILL_AREA(#9217);
#9217 = FILL_AREA_STYLE('',(#9218));
#9218 = FILL_AREA_STYLE_COLOUR('',#8749);
#9219 = OVER_RIDING_STYLED_ITEM('overriding color',(#9220),#4309,#8693);
#9220 = PRESENTATION_STYLE_ASSIGNMENT((#9221));
#9221 = SURFACE_STYLE_USAGE(.BOTH.,#9222);
#9222 = SURFACE_SIDE_STYLE('',(#9223));
#9223 = SURFACE_STYLE_FILL_AREA(#9224);
#9224 = FILL_AREA_STYLE('',(#9225));
#9225 = FILL_AREA_STYLE_COLOUR('',#8749);
#9226 = OVER_RIDING_STYLED_ITEM('overriding color',(#9227),#4331,#8693);
#9227 = PRESENTATION_STYLE_ASSIGNMENT((#9228));
#9228 = SURFACE_STYLE_USAGE(.BOTH.,#9229);
#9229 = SURFACE_SIDE_STYLE('',(#9230));
#9230 = SURFACE_STYLE_FILL_AREA(#9231);
#9231 = FILL_AREA_STYLE('',(#9232));
#9232 = FILL_AREA_STYLE_COLOUR('',#8749);
#9233 = OVER_RIDING_STYLED_ITEM('overriding color',(#9234),#4353,#8693);
#9234 = PRESENTATION_STYLE_ASSIGNMENT((#9235));
#9235 = SURFACE_STYLE_USAGE(.BOTH.,#9236);
#9236 = SURFACE_SIDE_STYLE('',(#9237));
#9237 = SURFACE_STYLE_FILL_AREA(#9238);
#9238 = FILL_AREA_STYLE('',(#9239));
#9239 = FILL_AREA_STYLE_COLOUR('',#8749);
#9240 = OVER_RIDING_STYLED_ITEM('overriding color',(#9241),#4375,#8693);
#9241 = PRESENTATION_STYLE_ASSIGNMENT((#9242));
#9242 = SURFACE_STYLE_USAGE(.BOTH.,#9243);
#9243 = SURFACE_SIDE_STYLE('',(#9244));
#9244 = SURFACE_STYLE_FILL_AREA(#9245);
#9245 = FILL_AREA_STYLE('',(#9246));
#9246 = FILL_AREA_STYLE_COLOUR('',#8749);
#9247 = OVER_RIDING_STYLED_ITEM('overriding color',(#9248),#4397,#8693);
#9248 = PRESENTATION_STYLE_ASSIGNMENT((#9249));
#9249 = SURFACE_STYLE_USAGE(.BOTH.,#9250);
#9250 = SURFACE_SIDE_STYLE('',(#9251));
#9251 = SURFACE_STYLE_FILL_AREA(#9252);
#9252 = FILL_AREA_STYLE('',(#9253));
#9253 = FILL_AREA_STYLE_COLOUR('',#8749);
#9254 = OVER_RIDING_STYLED_ITEM('overriding color',(#9255),#4419,#8693);
#9255 = PRESENTATION_STYLE_ASSIGNMENT((#9256));
#9256 = SURFACE_STYLE_USAGE(.BOTH.,#9257);
#9257 = SURFACE_SIDE_STYLE('',(#9258));
#9258 = SURFACE_STYLE_FILL_AREA(#9259);
#9259 = FILL_AREA_STYLE('',(#9260));
#9260 = FILL_AREA_STYLE_COLOUR('',#8749);
#9261 = OVER_RIDING_STYLED_ITEM('overriding color',(#9262),#4441,#8693);
#9262 = PRESENTATION_STYLE_ASSIGNMENT((#9263));
#9263 = SURFACE_STYLE_USAGE(.BOTH.,#9264);
#9264 = SURFACE_SIDE_STYLE('',(#9265));
#9265 = SURFACE_STYLE_FILL_AREA(#9266);
#9266 = FILL_AREA_STYLE('',(#9267));
#9267 = FILL_AREA_STYLE_COLOUR('',#8749);
#9268 = OVER_RIDING_STYLED_ITEM('overriding color',(#9269),#4463,#8693);
#9269 = PRESENTATION_STYLE_ASSIGNMENT((#9270));
#9270 = SURFACE_STYLE_USAGE(.BOTH.,#9271);
#9271 = SURFACE_SIDE_STYLE('',(#9272));
#9272 = SURFACE_STYLE_FILL_AREA(#9273);
#9273 = FILL_AREA_STYLE('',(#9274));
#9274 = FILL_AREA_STYLE_COLOUR('',#8749);
#9275 = OVER_RIDING_STYLED_ITEM('overriding color',(#9276),#4485,#8693);
#9276 = PRESENTATION_STYLE_ASSIGNMENT((#9277));
#9277 = SURFACE_STYLE_USAGE(.BOTH.,#9278);
#9278 = SURFACE_SIDE_STYLE('',(#9279));
#9279 = SURFACE_STYLE_FILL_AREA(#9280);
#9280 = FILL_AREA_STYLE('',(#9281));
#9281 = FILL_AREA_STYLE_COLOUR('',#8749);
#9282 = OVER_RIDING_STYLED_ITEM('overriding color',(#9283),#4507,#8693);
#9283 = PRESENTATION_STYLE_ASSIGNMENT((#9284));
#9284 = SURFACE_STYLE_USAGE(.BOTH.,#9285);
#9285 = SURFACE_SIDE_STYLE('',(#9286));
#9286 = SURFACE_STYLE_FILL_AREA(#9287);
#9287 = FILL_AREA_STYLE('',(#9288));
#9288 = FILL_AREA_STYLE_COLOUR('',#8749);
#9289 = OVER_RIDING_STYLED_ITEM('overriding color',(#9290),#4529,#8693);
#9290 = PRESENTATION_STYLE_ASSIGNMENT((#9291));
#9291 = SURFACE_STYLE_USAGE(.BOTH.,#9292);
#9292 = SURFACE_SIDE_STYLE('',(#9293));
#9293 = SURFACE_STYLE_FILL_AREA(#9294);
#9294 = FILL_AREA_STYLE('',(#9295));
#9295 = FILL_AREA_STYLE_COLOUR('',#8749);
#9296 = OVER_RIDING_STYLED_ITEM('overriding color',(#9297),#4545,#8693);
#9297 = PRESENTATION_STYLE_ASSIGNMENT((#9298));
#9298 = SURFACE_STYLE_USAGE(.BOTH.,#9299);
#9299 = SURFACE_SIDE_STYLE('',(#9300));
#9300 = SURFACE_STYLE_FILL_AREA(#9301);
#9301 = FILL_AREA_STYLE('',(#9302));
#9302 = FILL_AREA_STYLE_COLOUR('',#8749);
#9303 = OVER_RIDING_STYLED_ITEM('overriding color',(#9304),#4565,#8693);
#9304 = PRESENTATION_STYLE_ASSIGNMENT((#9305));
#9305 = SURFACE_STYLE_USAGE(.BOTH.,#9306);
#9306 = SURFACE_SIDE_STYLE('',(#9307));
#9307 = SURFACE_STYLE_FILL_AREA(#9308);
#9308 = FILL_AREA_STYLE('',(#9309));
#9309 = FILL_AREA_STYLE_COLOUR('',#8749);
#9310 = OVER_RIDING_STYLED_ITEM('overriding color',(#9311),#4757,#8693);
#9311 = PRESENTATION_STYLE_ASSIGNMENT((#9312));
#9312 = SURFACE_STYLE_USAGE(.BOTH.,#9313);
#9313 = SURFACE_SIDE_STYLE('',(#9314));
#9314 = SURFACE_STYLE_FILL_AREA(#9315);
#9315 = FILL_AREA_STYLE('',(#9316));
#9316 = FILL_AREA_STYLE_COLOUR('',#8749);
#9317 = OVER_RIDING_STYLED_ITEM('overriding color',(#9318),#4781,#8693);
#9318 = PRESENTATION_STYLE_ASSIGNMENT((#9319));
#9319 = SURFACE_STYLE_USAGE(.BOTH.,#9320);
#9320 = SURFACE_SIDE_STYLE('',(#9321));
#9321 = SURFACE_STYLE_FILL_AREA(#9322);
#9322 = FILL_AREA_STYLE('',(#9323));
#9323 = FILL_AREA_STYLE_COLOUR('',#8749);
#9324 = OVER_RIDING_STYLED_ITEM('overriding color',(#9325),#4797,#8693);
#9325 = PRESENTATION_STYLE_ASSIGNMENT((#9326));
#9326 = SURFACE_STYLE_USAGE(.BOTH.,#9327);
#9327 = SURFACE_SIDE_STYLE('',(#9328));
#9328 = SURFACE_STYLE_FILL_AREA(#9329);
#9329 = FILL_AREA_STYLE('',(#9330));
#9330 = FILL_AREA_STYLE_COLOUR('',#8749);
#9331 = OVER_RIDING_STYLED_ITEM('overriding color',(#9332),#4817,#8693);
#9332 = PRESENTATION_STYLE_ASSIGNMENT((#9333));
#9333 = SURFACE_STYLE_USAGE(.BOTH.,#9334);
#9334 = SURFACE_SIDE_STYLE('',(#9335));
#9335 = SURFACE_STYLE_FILL_AREA(#9336);
#9336 = FILL_AREA_STYLE('',(#9337));
#9337 = FILL_AREA_STYLE_COLOUR('',#8749);
#9338 = OVER_RIDING_STYLED_ITEM('overriding color',(#9339),#4837,#8693);
#9339 = PRESENTATION_STYLE_ASSIGNMENT((#9340));
#9340 = SURFACE_STYLE_USAGE(.BOTH.,#9341);
#9341 = SURFACE_SIDE_STYLE('',(#9342));
#9342 = SURFACE_STYLE_FILL_AREA(#9343);
#9343 = FILL_AREA_STYLE('',(#9344));
#9344 = FILL_AREA_STYLE_COLOUR('',#8749);
#9345 = OVER_RIDING_STYLED_ITEM('overriding color',(#9346),#4853,#8693);
#9346 = PRESENTATION_STYLE_ASSIGNMENT((#9347));
#9347 = SURFACE_STYLE_USAGE(.BOTH.,#9348);
#9348 = SURFACE_SIDE_STYLE('',(#9349));
#9349 = SURFACE_STYLE_FILL_AREA(#9350);
#9350 = FILL_AREA_STYLE('',(#9351));
#9351 = FILL_AREA_STYLE_COLOUR('',#8749);
#9352 = OVER_RIDING_STYLED_ITEM('overriding color',(#9353),#4873,#8693);
#9353 = PRESENTATION_STYLE_ASSIGNMENT((#9354));
#9354 = SURFACE_STYLE_USAGE(.BOTH.,#9355);
#9355 = SURFACE_SIDE_STYLE('',(#9356));
#9356 = SURFACE_STYLE_FILL_AREA(#9357);
#9357 = FILL_AREA_STYLE('',(#9358));
#9358 = FILL_AREA_STYLE_COLOUR('',#8749);
#9359 = OVER_RIDING_STYLED_ITEM('overriding color',(#9360),#4893,#8693);
#9360 = PRESENTATION_STYLE_ASSIGNMENT((#9361));
#9361 = SURFACE_STYLE_USAGE(.BOTH.,#9362);
#9362 = SURFACE_SIDE_STYLE('',(#9363));
#9363 = SURFACE_STYLE_FILL_AREA(#9364);
#9364 = FILL_AREA_STYLE('',(#9365));
#9365 = FILL_AREA_STYLE_COLOUR('',#8749);
#9366 = OVER_RIDING_STYLED_ITEM('overriding color',(#9367),#4913,#8693);
#9367 = PRESENTATION_STYLE_ASSIGNMENT((#9368));
#9368 = SURFACE_STYLE_USAGE(.BOTH.,#9369);
#9369 = SURFACE_SIDE_STYLE('',(#9370));
#9370 = SURFACE_STYLE_FILL_AREA(#9371);
#9371 = FILL_AREA_STYLE('',(#9372));
#9372 = FILL_AREA_STYLE_COLOUR('',#8749);
#9373 = OVER_RIDING_STYLED_ITEM('overriding color',(#9374),#4933,#8693);
#9374 = PRESENTATION_STYLE_ASSIGNMENT((#9375));
#9375 = SURFACE_STYLE_USAGE(.BOTH.,#9376);
#9376 = SURFACE_SIDE_STYLE('',(#9377));
#9377 = SURFACE_STYLE_FILL_AREA(#9378);
#9378 = FILL_AREA_STYLE('',(#9379));
#9379 = FILL_AREA_STYLE_COLOUR('',#8749);
#9380 = OVER_RIDING_STYLED_ITEM('overriding color',(#9381),#4949,#8693);
#9381 = PRESENTATION_STYLE_ASSIGNMENT((#9382));
#9382 = SURFACE_STYLE_USAGE(.BOTH.,#9383);
#9383 = SURFACE_SIDE_STYLE('',(#9384));
#9384 = SURFACE_STYLE_FILL_AREA(#9385);
#9385 = FILL_AREA_STYLE('',(#9386));
#9386 = FILL_AREA_STYLE_COLOUR('',#8749);
#9387 = OVER_RIDING_STYLED_ITEM('overriding color',(#9388),#4965,#8693);
#9388 = PRESENTATION_STYLE_ASSIGNMENT((#9389));
#9389 = SURFACE_STYLE_USAGE(.BOTH.,#9390);
#9390 = SURFACE_SIDE_STYLE('',(#9391));
#9391 = SURFACE_STYLE_FILL_AREA(#9392);
#9392 = FILL_AREA_STYLE('',(#9393));
#9393 = FILL_AREA_STYLE_COLOUR('',#8749);
#9394 = OVER_RIDING_STYLED_ITEM('overriding color',(#9395),#4981,#8693);
#9395 = PRESENTATION_STYLE_ASSIGNMENT((#9396));
#9396 = SURFACE_STYLE_USAGE(.BOTH.,#9397);
#9397 = SURFACE_SIDE_STYLE('',(#9398));
#9398 = SURFACE_STYLE_FILL_AREA(#9399);
#9399 = FILL_AREA_STYLE('',(#9400));
#9400 = FILL_AREA_STYLE_COLOUR('',#8749);
#9401 = OVER_RIDING_STYLED_ITEM('overriding color',(#9402),#4997,#8693);
#9402 = PRESENTATION_STYLE_ASSIGNMENT((#9403));
#9403 = SURFACE_STYLE_USAGE(.BOTH.,#9404);
#9404 = SURFACE_SIDE_STYLE('',(#9405));
#9405 = SURFACE_STYLE_FILL_AREA(#9406);
#9406 = FILL_AREA_STYLE('',(#9407));
#9407 = FILL_AREA_STYLE_COLOUR('',#8749);
#9408 = OVER_RIDING_STYLED_ITEM('overriding color',(#9409),#5013,#8693);
#9409 = PRESENTATION_STYLE_ASSIGNMENT((#9410));
#9410 = SURFACE_STYLE_USAGE(.BOTH.,#9411);
#9411 = SURFACE_SIDE_STYLE('',(#9412));
#9412 = SURFACE_STYLE_FILL_AREA(#9413);
#9413 = FILL_AREA_STYLE('',(#9414));
#9414 = FILL_AREA_STYLE_COLOUR('',#8749);
#9415 = OVER_RIDING_STYLED_ITEM('overriding color',(#9416),#5047,#8693);
#9416 = PRESENTATION_STYLE_ASSIGNMENT((#9417));
#9417 = SURFACE_STYLE_USAGE(.BOTH.,#9418);
#9418 = SURFACE_SIDE_STYLE('',(#9419));
#9419 = SURFACE_STYLE_FILL_AREA(#9420);
#9420 = FILL_AREA_STYLE('',(#9421));
#9421 = FILL_AREA_STYLE_COLOUR('',#8749);
#9422 = OVER_RIDING_STYLED_ITEM('overriding color',(#9423),#5075,#8693);
#9423 = PRESENTATION_STYLE_ASSIGNMENT((#9424));
#9424 = SURFACE_STYLE_USAGE(.BOTH.,#9425);
#9425 = SURFACE_SIDE_STYLE('',(#9426));
#9426 = SURFACE_STYLE_FILL_AREA(#9427);
#9427 = FILL_AREA_STYLE('',(#9428));
#9428 = FILL_AREA_STYLE_COLOUR('',#8749);
#9429 = OVER_RIDING_STYLED_ITEM('overriding color',(#9430),#5103,#8693);
#9430 = PRESENTATION_STYLE_ASSIGNMENT((#9431));
#9431 = SURFACE_STYLE_USAGE(.BOTH.,#9432);
#9432 = SURFACE_SIDE_STYLE('',(#9433));
#9433 = SURFACE_STYLE_FILL_AREA(#9434);
#9434 = FILL_AREA_STYLE('',(#9435));
#9435 = FILL_AREA_STYLE_COLOUR('',#8749);
#9436 = OVER_RIDING_STYLED_ITEM('overriding color',(#9437),#5131,#8693);
#9437 = PRESENTATION_STYLE_ASSIGNMENT((#9438));
#9438 = SURFACE_STYLE_USAGE(.BOTH.,#9439);
#9439 = SURFACE_SIDE_STYLE('',(#9440));
#9440 = SURFACE_STYLE_FILL_AREA(#9441);
#9441 = FILL_AREA_STYLE('',(#9442));
#9442 = FILL_AREA_STYLE_COLOUR('',#8749);
#9443 = OVER_RIDING_STYLED_ITEM('overriding color',(#9444),#5159,#8693);
#9444 = PRESENTATION_STYLE_ASSIGNMENT((#9445));
#9445 = SURFACE_STYLE_USAGE(.BOTH.,#9446);
#9446 = SURFACE_SIDE_STYLE('',(#9447));
#9447 = SURFACE_STYLE_FILL_AREA(#9448);
#9448 = FILL_AREA_STYLE('',(#9449));
#9449 = FILL_AREA_STYLE_COLOUR('',#8749);
#9450 = OVER_RIDING_STYLED_ITEM('overriding color',(#9451),#5187,#8693);
#9451 = PRESENTATION_STYLE_ASSIGNMENT((#9452));
#9452 = SURFACE_STYLE_USAGE(.BOTH.,#9453);
#9453 = SURFACE_SIDE_STYLE('',(#9454));
#9454 = SURFACE_STYLE_FILL_AREA(#9455);
#9455 = FILL_AREA_STYLE('',(#9456));
#9456 = FILL_AREA_STYLE_COLOUR('',#8749);
#9457 = OVER_RIDING_STYLED_ITEM('overriding color',(#9458),#5209,#8693);
#9458 = PRESENTATION_STYLE_ASSIGNMENT((#9459));
#9459 = SURFACE_STYLE_USAGE(.BOTH.,#9460);
#9460 = SURFACE_SIDE_STYLE('',(#9461));
#9461 = SURFACE_STYLE_FILL_AREA(#9462);
#9462 = FILL_AREA_STYLE('',(#9463));
#9463 = FILL_AREA_STYLE_COLOUR('',#8749);
#9464 = OVER_RIDING_STYLED_ITEM('overriding color',(#9465),#5225,#8693);
#9465 = PRESENTATION_STYLE_ASSIGNMENT((#9466));
#9466 = SURFACE_STYLE_USAGE(.BOTH.,#9467);
#9467 = SURFACE_SIDE_STYLE('',(#9468));
#9468 = SURFACE_STYLE_FILL_AREA(#9469);
#9469 = FILL_AREA_STYLE('',(#9470));
#9470 = FILL_AREA_STYLE_COLOUR('',#8403);
#9471 = OVER_RIDING_STYLED_ITEM('overriding color',(#9472),#5241,#8693);
#9472 = PRESENTATION_STYLE_ASSIGNMENT((#9473));
#9473 = SURFACE_STYLE_USAGE(.BOTH.,#9474);
#9474 = SURFACE_SIDE_STYLE('',(#9475));
#9475 = SURFACE_STYLE_FILL_AREA(#9476);
#9476 = FILL_AREA_STYLE('',(#9477));
#9477 = FILL_AREA_STYLE_COLOUR('',#8749);
#9478 = OVER_RIDING_STYLED_ITEM('overriding color',(#9479),#5275,#8693);
#9479 = PRESENTATION_STYLE_ASSIGNMENT((#9480));
#9480 = SURFACE_STYLE_USAGE(.BOTH.,#9481);
#9481 = SURFACE_SIDE_STYLE('',(#9482));
#9482 = SURFACE_STYLE_FILL_AREA(#9483);
#9483 = FILL_AREA_STYLE('',(#9484));
#9484 = FILL_AREA_STYLE_COLOUR('',#8749);
#9485 = OVER_RIDING_STYLED_ITEM('overriding color',(#9486),#5297,#8693);
#9486 = PRESENTATION_STYLE_ASSIGNMENT((#9487));
#9487 = SURFACE_STYLE_USAGE(.BOTH.,#9488);
#9488 = SURFACE_SIDE_STYLE('',(#9489));
#9489 = SURFACE_STYLE_FILL_AREA(#9490);
#9490 = FILL_AREA_STYLE('',(#9491));
#9491 = FILL_AREA_STYLE_COLOUR('',#8749);
#9492 = OVER_RIDING_STYLED_ITEM('overriding color',(#9493),#5325,#8693);
#9493 = PRESENTATION_STYLE_ASSIGNMENT((#9494));
#9494 = SURFACE_STYLE_USAGE(.BOTH.,#9495);
#9495 = SURFACE_SIDE_STYLE('',(#9496));
#9496 = SURFACE_STYLE_FILL_AREA(#9497);
#9497 = FILL_AREA_STYLE('',(#9498));
#9498 = FILL_AREA_STYLE_COLOUR('',#8749);
#9499 = OVER_RIDING_STYLED_ITEM('overriding color',(#9500),#5353,#8693);
#9500 = PRESENTATION_STYLE_ASSIGNMENT((#9501));
#9501 = SURFACE_STYLE_USAGE(.BOTH.,#9502);
#9502 = SURFACE_SIDE_STYLE('',(#9503));
#9503 = SURFACE_STYLE_FILL_AREA(#9504);
#9504 = FILL_AREA_STYLE('',(#9505));
#9505 = FILL_AREA_STYLE_COLOUR('',#8749);
#9506 = OVER_RIDING_STYLED_ITEM('overriding color',(#9507),#5381,#8693);
#9507 = PRESENTATION_STYLE_ASSIGNMENT((#9508));
#9508 = SURFACE_STYLE_USAGE(.BOTH.,#9509);
#9509 = SURFACE_SIDE_STYLE('',(#9510));
#9510 = SURFACE_STYLE_FILL_AREA(#9511);
#9511 = FILL_AREA_STYLE('',(#9512));
#9512 = FILL_AREA_STYLE_COLOUR('',#8749);
#9513 = OVER_RIDING_STYLED_ITEM('overriding color',(#9514),#5409,#8693);
#9514 = PRESENTATION_STYLE_ASSIGNMENT((#9515));
#9515 = SURFACE_STYLE_USAGE(.BOTH.,#9516);
#9516 = SURFACE_SIDE_STYLE('',(#9517));
#9517 = SURFACE_STYLE_FILL_AREA(#9518);
#9518 = FILL_AREA_STYLE('',(#9519));
#9519 = FILL_AREA_STYLE_COLOUR('',#8749);
#9520 = OVER_RIDING_STYLED_ITEM('overriding color',(#9521),#5437,#8693);
#9521 = PRESENTATION_STYLE_ASSIGNMENT((#9522));
#9522 = SURFACE_STYLE_USAGE(.BOTH.,#9523);
#9523 = SURFACE_SIDE_STYLE('',(#9524));
#9524 = SURFACE_STYLE_FILL_AREA(#9525);
#9525 = FILL_AREA_STYLE('',(#9526));
#9526 = FILL_AREA_STYLE_COLOUR('',#8749);
#9527 = OVER_RIDING_STYLED_ITEM('overriding color',(#9528),#5465,#8693);
#9528 = PRESENTATION_STYLE_ASSIGNMENT((#9529));
#9529 = SURFACE_STYLE_USAGE(.BOTH.,#9530);
#9530 = SURFACE_SIDE_STYLE('',(#9531));
#9531 = SURFACE_STYLE_FILL_AREA(#9532);
#9532 = FILL_AREA_STYLE('',(#9533));
#9533 = FILL_AREA_STYLE_COLOUR('',#8749);
#9534 = OVER_RIDING_STYLED_ITEM('overriding color',(#9535),#5493,#8693);
#9535 = PRESENTATION_STYLE_ASSIGNMENT((#9536));
#9536 = SURFACE_STYLE_USAGE(.BOTH.,#9537);
#9537 = SURFACE_SIDE_STYLE('',(#9538));
#9538 = SURFACE_STYLE_FILL_AREA(#9539);
#9539 = FILL_AREA_STYLE('',(#9540));
#9540 = FILL_AREA_STYLE_COLOUR('',#8749);
#9541 = OVER_RIDING_STYLED_ITEM('overriding color',(#9542),#5521,#8693);
#9542 = PRESENTATION_STYLE_ASSIGNMENT((#9543));
#9543 = SURFACE_STYLE_USAGE(.BOTH.,#9544);
#9544 = SURFACE_SIDE_STYLE('',(#9545));
#9545 = SURFACE_STYLE_FILL_AREA(#9546);
#9546 = FILL_AREA_STYLE('',(#9547));
#9547 = FILL_AREA_STYLE_COLOUR('',#8749);
#9548 = OVER_RIDING_STYLED_ITEM('overriding color',(#9549),#5549,#8693);
#9549 = PRESENTATION_STYLE_ASSIGNMENT((#9550));
#9550 = SURFACE_STYLE_USAGE(.BOTH.,#9551);
#9551 = SURFACE_SIDE_STYLE('',(#9552));
#9552 = SURFACE_STYLE_FILL_AREA(#9553);
#9553 = FILL_AREA_STYLE('',(#9554));
#9554 = FILL_AREA_STYLE_COLOUR('',#8749);
#9555 = OVER_RIDING_STYLED_ITEM('overriding color',(#9556),#5577,#8693);
#9556 = PRESENTATION_STYLE_ASSIGNMENT((#9557));
#9557 = SURFACE_STYLE_USAGE(.BOTH.,#9558);
#9558 = SURFACE_SIDE_STYLE('',(#9559));
#9559 = SURFACE_STYLE_FILL_AREA(#9560);
#9560 = FILL_AREA_STYLE('',(#9561));
#9561 = FILL_AREA_STYLE_COLOUR('',#8749);
#9562 = OVER_RIDING_STYLED_ITEM('overriding color',(#9563),#5599,#8693);
#9563 = PRESENTATION_STYLE_ASSIGNMENT((#9564));
#9564 = SURFACE_STYLE_USAGE(.BOTH.,#9565);
#9565 = SURFACE_SIDE_STYLE('',(#9566));
#9566 = SURFACE_STYLE_FILL_AREA(#9567);
#9567 = FILL_AREA_STYLE('',(#9568));
#9568 = FILL_AREA_STYLE_COLOUR('',#8749);
#9569 = OVER_RIDING_STYLED_ITEM('overriding color',(#9570),#5627,#8693);
#9570 = PRESENTATION_STYLE_ASSIGNMENT((#9571));
#9571 = SURFACE_STYLE_USAGE(.BOTH.,#9572);
#9572 = SURFACE_SIDE_STYLE('',(#9573));
#9573 = SURFACE_STYLE_FILL_AREA(#9574);
#9574 = FILL_AREA_STYLE('',(#9575));
#9575 = FILL_AREA_STYLE_COLOUR('',#8749);
#9576 = OVER_RIDING_STYLED_ITEM('overriding color',(#9577),#5655,#8693);
#9577 = PRESENTATION_STYLE_ASSIGNMENT((#9578));
#9578 = SURFACE_STYLE_USAGE(.BOTH.,#9579);
#9579 = SURFACE_SIDE_STYLE('',(#9580));
#9580 = SURFACE_STYLE_FILL_AREA(#9581);
#9581 = FILL_AREA_STYLE('',(#9582));
#9582 = FILL_AREA_STYLE_COLOUR('',#8749);
#9583 = OVER_RIDING_STYLED_ITEM('overriding color',(#9584),#5683,#8693);
#9584 = PRESENTATION_STYLE_ASSIGNMENT((#9585));
#9585 = SURFACE_STYLE_USAGE(.BOTH.,#9586);
#9586 = SURFACE_SIDE_STYLE('',(#9587));
#9587 = SURFACE_STYLE_FILL_AREA(#9588);
#9588 = FILL_AREA_STYLE('',(#9589));
#9589 = FILL_AREA_STYLE_COLOUR('',#8749);
#9590 = OVER_RIDING_STYLED_ITEM('overriding color',(#9591),#5711,#8693);
#9591 = PRESENTATION_STYLE_ASSIGNMENT((#9592));
#9592 = SURFACE_STYLE_USAGE(.BOTH.,#9593);
#9593 = SURFACE_SIDE_STYLE('',(#9594));
#9594 = SURFACE_STYLE_FILL_AREA(#9595);
#9595 = FILL_AREA_STYLE('',(#9596));
#9596 = FILL_AREA_STYLE_COLOUR('',#8749);
#9597 = OVER_RIDING_STYLED_ITEM('overriding color',(#9598),#5739,#8693);
#9598 = PRESENTATION_STYLE_ASSIGNMENT((#9599));
#9599 = SURFACE_STYLE_USAGE(.BOTH.,#9600);
#9600 = SURFACE_SIDE_STYLE('',(#9601));
#9601 = SURFACE_STYLE_FILL_AREA(#9602);
#9602 = FILL_AREA_STYLE('',(#9603));
#9603 = FILL_AREA_STYLE_COLOUR('',#8749);
#9604 = OVER_RIDING_STYLED_ITEM('overriding color',(#9605),#5767,#8693);
#9605 = PRESENTATION_STYLE_ASSIGNMENT((#9606));
#9606 = SURFACE_STYLE_USAGE(.BOTH.,#9607);
#9607 = SURFACE_SIDE_STYLE('',(#9608));
#9608 = SURFACE_STYLE_FILL_AREA(#9609);
#9609 = FILL_AREA_STYLE('',(#9610));
#9610 = FILL_AREA_STYLE_COLOUR('',#8749);
#9611 = OVER_RIDING_STYLED_ITEM('overriding color',(#9612),#5795,#8693);
#9612 = PRESENTATION_STYLE_ASSIGNMENT((#9613));
#9613 = SURFACE_STYLE_USAGE(.BOTH.,#9614);
#9614 = SURFACE_SIDE_STYLE('',(#9615));
#9615 = SURFACE_STYLE_FILL_AREA(#9616);
#9616 = FILL_AREA_STYLE('',(#9617));
#9617 = FILL_AREA_STYLE_COLOUR('',#8749);
#9618 = OVER_RIDING_STYLED_ITEM('overriding color',(#9619),#5817,#8693);
#9619 = PRESENTATION_STYLE_ASSIGNMENT((#9620));
#9620 = SURFACE_STYLE_USAGE(.BOTH.,#9621);
#9621 = SURFACE_SIDE_STYLE('',(#9622));
#9622 = SURFACE_STYLE_FILL_AREA(#9623);
#9623 = FILL_AREA_STYLE('',(#9624));
#9624 = FILL_AREA_STYLE_COLOUR('',#8749);
#9625 = OVER_RIDING_STYLED_ITEM('overriding color',(#9626),#5846,#8693);
#9626 = PRESENTATION_STYLE_ASSIGNMENT((#9627));
#9627 = SURFACE_STYLE_USAGE(.BOTH.,#9628);
#9628 = SURFACE_SIDE_STYLE('',(#9629));
#9629 = SURFACE_STYLE_FILL_AREA(#9630);
#9630 = FILL_AREA_STYLE('',(#9631));
#9631 = FILL_AREA_STYLE_COLOUR('',#8749);
#9632 = OVER_RIDING_STYLED_ITEM('overriding color',(#9633),#5874,#8693);
#9633 = PRESENTATION_STYLE_ASSIGNMENT((#9634));
#9634 = SURFACE_STYLE_USAGE(.BOTH.,#9635);
#9635 = SURFACE_SIDE_STYLE('',(#9636));
#9636 = SURFACE_STYLE_FILL_AREA(#9637);
#9637 = FILL_AREA_STYLE('',(#9638));
#9638 = FILL_AREA_STYLE_COLOUR('',#8749);
#9639 = OVER_RIDING_STYLED_ITEM('overriding color',(#9640),#5896,#8693);
#9640 = PRESENTATION_STYLE_ASSIGNMENT((#9641));
#9641 = SURFACE_STYLE_USAGE(.BOTH.,#9642);
#9642 = SURFACE_SIDE_STYLE('',(#9643));
#9643 = SURFACE_STYLE_FILL_AREA(#9644);
#9644 = FILL_AREA_STYLE('',(#9645));
#9645 = FILL_AREA_STYLE_COLOUR('',#8749);
#9646 = OVER_RIDING_STYLED_ITEM('overriding color',(#9647),#5924,#8693);
#9647 = PRESENTATION_STYLE_ASSIGNMENT((#9648));
#9648 = SURFACE_STYLE_USAGE(.BOTH.,#9649);
#9649 = SURFACE_SIDE_STYLE('',(#9650));
#9650 = SURFACE_STYLE_FILL_AREA(#9651);
#9651 = FILL_AREA_STYLE('',(#9652));
#9652 = FILL_AREA_STYLE_COLOUR('',#8749);
#9653 = OVER_RIDING_STYLED_ITEM('overriding color',(#9654),#5946,#8693);
#9654 = PRESENTATION_STYLE_ASSIGNMENT((#9655));
#9655 = SURFACE_STYLE_USAGE(.BOTH.,#9656);
#9656 = SURFACE_SIDE_STYLE('',(#9657));
#9657 = SURFACE_STYLE_FILL_AREA(#9658);
#9658 = FILL_AREA_STYLE('',(#9659));
#9659 = FILL_AREA_STYLE_COLOUR('',#8749);
#9660 = OVER_RIDING_STYLED_ITEM('overriding color',(#9661),#5968,#8693);
#9661 = PRESENTATION_STYLE_ASSIGNMENT((#9662));
#9662 = SURFACE_STYLE_USAGE(.BOTH.,#9663);
#9663 = SURFACE_SIDE_STYLE('',(#9664));
#9664 = SURFACE_STYLE_FILL_AREA(#9665);
#9665 = FILL_AREA_STYLE('',(#9666));
#9666 = FILL_AREA_STYLE_COLOUR('',#8749);
#9667 = OVER_RIDING_STYLED_ITEM('overriding color',(#9668),#5990,#8693);
#9668 = PRESENTATION_STYLE_ASSIGNMENT((#9669));
#9669 = SURFACE_STYLE_USAGE(.BOTH.,#9670);
#9670 = SURFACE_SIDE_STYLE('',(#9671));
#9671 = SURFACE_STYLE_FILL_AREA(#9672);
#9672 = FILL_AREA_STYLE('',(#9673));
#9673 = FILL_AREA_STYLE_COLOUR('',#8749);
#9674 = OVER_RIDING_STYLED_ITEM('overriding color',(#9675),#6012,#8693);
#9675 = PRESENTATION_STYLE_ASSIGNMENT((#9676));
#9676 = SURFACE_STYLE_USAGE(.BOTH.,#9677);
#9677 = SURFACE_SIDE_STYLE('',(#9678));
#9678 = SURFACE_STYLE_FILL_AREA(#9679);
#9679 = FILL_AREA_STYLE('',(#9680));
#9680 = FILL_AREA_STYLE_COLOUR('',#8749);
#9681 = OVER_RIDING_STYLED_ITEM('overriding color',(#9682),#6034,#8693);
#9682 = PRESENTATION_STYLE_ASSIGNMENT((#9683));
#9683 = SURFACE_STYLE_USAGE(.BOTH.,#9684);
#9684 = SURFACE_SIDE_STYLE('',(#9685));
#9685 = SURFACE_STYLE_FILL_AREA(#9686);
#9686 = FILL_AREA_STYLE('',(#9687));
#9687 = FILL_AREA_STYLE_COLOUR('',#8749);
#9688 = OVER_RIDING_STYLED_ITEM('overriding color',(#9689),#6056,#8693);
#9689 = PRESENTATION_STYLE_ASSIGNMENT((#9690));
#9690 = SURFACE_STYLE_USAGE(.BOTH.,#9691);
#9691 = SURFACE_SIDE_STYLE('',(#9692));
#9692 = SURFACE_STYLE_FILL_AREA(#9693);
#9693 = FILL_AREA_STYLE('',(#9694));
#9694 = FILL_AREA_STYLE_COLOUR('',#8749);
#9695 = OVER_RIDING_STYLED_ITEM('overriding color',(#9696),#6084,#8693);
#9696 = PRESENTATION_STYLE_ASSIGNMENT((#9697));
#9697 = SURFACE_STYLE_USAGE(.BOTH.,#9698);
#9698 = SURFACE_SIDE_STYLE('',(#9699));
#9699 = SURFACE_STYLE_FILL_AREA(#9700);
#9700 = FILL_AREA_STYLE('',(#9701));
#9701 = FILL_AREA_STYLE_COLOUR('',#8749);
#9702 = OVER_RIDING_STYLED_ITEM('overriding color',(#9703),#6112,#8693);
#9703 = PRESENTATION_STYLE_ASSIGNMENT((#9704));
#9704 = SURFACE_STYLE_USAGE(.BOTH.,#9705);
#9705 = SURFACE_SIDE_STYLE('',(#9706));
#9706 = SURFACE_STYLE_FILL_AREA(#9707);
#9707 = FILL_AREA_STYLE('',(#9708));
#9708 = FILL_AREA_STYLE_COLOUR('',#8749);
#9709 = OVER_RIDING_STYLED_ITEM('overriding color',(#9710),#6134,#8693);
#9710 = PRESENTATION_STYLE_ASSIGNMENT((#9711));
#9711 = SURFACE_STYLE_USAGE(.BOTH.,#9712);
#9712 = SURFACE_SIDE_STYLE('',(#9713));
#9713 = SURFACE_STYLE_FILL_AREA(#9714);
#9714 = FILL_AREA_STYLE('',(#9715));
#9715 = FILL_AREA_STYLE_COLOUR('',#8749);
#9716 = OVER_RIDING_STYLED_ITEM('overriding color',(#9717),#6162,#8693);
#9717 = PRESENTATION_STYLE_ASSIGNMENT((#9718));
#9718 = SURFACE_STYLE_USAGE(.BOTH.,#9719);
#9719 = SURFACE_SIDE_STYLE('',(#9720));
#9720 = SURFACE_STYLE_FILL_AREA(#9721);
#9721 = FILL_AREA_STYLE('',(#9722));
#9722 = FILL_AREA_STYLE_COLOUR('',#8749);
#9723 = OVER_RIDING_STYLED_ITEM('overriding color',(#9724),#6190,#8693);
#9724 = PRESENTATION_STYLE_ASSIGNMENT((#9725));
#9725 = SURFACE_STYLE_USAGE(.BOTH.,#9726);
#9726 = SURFACE_SIDE_STYLE('',(#9727));
#9727 = SURFACE_STYLE_FILL_AREA(#9728);
#9728 = FILL_AREA_STYLE('',(#9729));
#9729 = FILL_AREA_STYLE_COLOUR('',#8749);
#9730 = OVER_RIDING_STYLED_ITEM('overriding color',(#9731),#6206,#8693);
#9731 = PRESENTATION_STYLE_ASSIGNMENT((#9732));
#9732 = SURFACE_STYLE_USAGE(.BOTH.,#9733);
#9733 = SURFACE_SIDE_STYLE('',(#9734));
#9734 = SURFACE_STYLE_FILL_AREA(#9735);
#9735 = FILL_AREA_STYLE('',(#9736));
#9736 = FILL_AREA_STYLE_COLOUR('',#8749);
#9737 = OVER_RIDING_STYLED_ITEM('overriding color',(#9738),#6229,#8693);
#9738 = PRESENTATION_STYLE_ASSIGNMENT((#9739));
#9739 = SURFACE_STYLE_USAGE(.BOTH.,#9740);
#9740 = SURFACE_SIDE_STYLE('',(#9741));
#9741 = SURFACE_STYLE_FILL_AREA(#9742);
#9742 = FILL_AREA_STYLE('',(#9743));
#9743 = FILL_AREA_STYLE_COLOUR('',#8749);
#9744 = OVER_RIDING_STYLED_ITEM('overriding color',(#9745),#6257,#8693);
#9745 = PRESENTATION_STYLE_ASSIGNMENT((#9746));
#9746 = SURFACE_STYLE_USAGE(.BOTH.,#9747);
#9747 = SURFACE_SIDE_STYLE('',(#9748));
#9748 = SURFACE_STYLE_FILL_AREA(#9749);
#9749 = FILL_AREA_STYLE('',(#9750));
#9750 = FILL_AREA_STYLE_COLOUR('',#8749);
#9751 = OVER_RIDING_STYLED_ITEM('overriding color',(#9752),#6279,#8693);
#9752 = PRESENTATION_STYLE_ASSIGNMENT((#9753));
#9753 = SURFACE_STYLE_USAGE(.BOTH.,#9754);
#9754 = SURFACE_SIDE_STYLE('',(#9755));
#9755 = SURFACE_STYLE_FILL_AREA(#9756);
#9756 = FILL_AREA_STYLE('',(#9757));
#9757 = FILL_AREA_STYLE_COLOUR('',#8749);
#9758 = OVER_RIDING_STYLED_ITEM('overriding color',(#9759),#6301,#8693);
#9759 = PRESENTATION_STYLE_ASSIGNMENT((#9760));
#9760 = SURFACE_STYLE_USAGE(.BOTH.,#9761);
#9761 = SURFACE_SIDE_STYLE('',(#9762));
#9762 = SURFACE_STYLE_FILL_AREA(#9763);
#9763 = FILL_AREA_STYLE('',(#9764));
#9764 = FILL_AREA_STYLE_COLOUR('',#8749);
#9765 = OVER_RIDING_STYLED_ITEM('overriding color',(#9766),#6323,#8693);
#9766 = PRESENTATION_STYLE_ASSIGNMENT((#9767));
#9767 = SURFACE_STYLE_USAGE(.BOTH.,#9768);
#9768 = SURFACE_SIDE_STYLE('',(#9769));
#9769 = SURFACE_STYLE_FILL_AREA(#9770);
#9770 = FILL_AREA_STYLE('',(#9771));
#9771 = FILL_AREA_STYLE_COLOUR('',#8749);
#9772 = OVER_RIDING_STYLED_ITEM('overriding color',(#9773),#6345,#8693);
#9773 = PRESENTATION_STYLE_ASSIGNMENT((#9774));
#9774 = SURFACE_STYLE_USAGE(.BOTH.,#9775);
#9775 = SURFACE_SIDE_STYLE('',(#9776));
#9776 = SURFACE_STYLE_FILL_AREA(#9777);
#9777 = FILL_AREA_STYLE('',(#9778));
#9778 = FILL_AREA_STYLE_COLOUR('',#8749);
#9779 = OVER_RIDING_STYLED_ITEM('overriding color',(#9780),#6367,#8693);
#9780 = PRESENTATION_STYLE_ASSIGNMENT((#9781));
#9781 = SURFACE_STYLE_USAGE(.BOTH.,#9782);
#9782 = SURFACE_SIDE_STYLE('',(#9783));
#9783 = SURFACE_STYLE_FILL_AREA(#9784);
#9784 = FILL_AREA_STYLE('',(#9785));
#9785 = FILL_AREA_STYLE_COLOUR('',#8749);
#9786 = OVER_RIDING_STYLED_ITEM('overriding color',(#9787),#6389,#8693);
#9787 = PRESENTATION_STYLE_ASSIGNMENT((#9788));
#9788 = SURFACE_STYLE_USAGE(.BOTH.,#9789);
#9789 = SURFACE_SIDE_STYLE('',(#9790));
#9790 = SURFACE_STYLE_FILL_AREA(#9791);
#9791 = FILL_AREA_STYLE('',(#9792));
#9792 = FILL_AREA_STYLE_COLOUR('',#8749);
#9793 = OVER_RIDING_STYLED_ITEM('overriding color',(#9794),#6411,#8693);
#9794 = PRESENTATION_STYLE_ASSIGNMENT((#9795));
#9795 = SURFACE_STYLE_USAGE(.BOTH.,#9796);
#9796 = SURFACE_SIDE_STYLE('',(#9797));
#9797 = SURFACE_STYLE_FILL_AREA(#9798);
#9798 = FILL_AREA_STYLE('',(#9799));
#9799 = FILL_AREA_STYLE_COLOUR('',#8749);
#9800 = OVER_RIDING_STYLED_ITEM('overriding color',(#9801),#6433,#8693);
#9801 = PRESENTATION_STYLE_ASSIGNMENT((#9802));
#9802 = SURFACE_STYLE_USAGE(.BOTH.,#9803);
#9803 = SURFACE_SIDE_STYLE('',(#9804));
#9804 = SURFACE_STYLE_FILL_AREA(#9805);
#9805 = FILL_AREA_STYLE('',(#9806));
#9806 = FILL_AREA_STYLE_COLOUR('',#8749);
#9807 = OVER_RIDING_STYLED_ITEM('overriding color',(#9808),#6455,#8693);
#9808 = PRESENTATION_STYLE_ASSIGNMENT((#9809));
#9809 = SURFACE_STYLE_USAGE(.BOTH.,#9810);
#9810 = SURFACE_SIDE_STYLE('',(#9811));
#9811 = SURFACE_STYLE_FILL_AREA(#9812);
#9812 = FILL_AREA_STYLE('',(#9813));
#9813 = FILL_AREA_STYLE_COLOUR('',#8749);
#9814 = OVER_RIDING_STYLED_ITEM('overriding color',(#9815),#6477,#8693);
#9815 = PRESENTATION_STYLE_ASSIGNMENT((#9816));
#9816 = SURFACE_STYLE_USAGE(.BOTH.,#9817);
#9817 = SURFACE_SIDE_STYLE('',(#9818));
#9818 = SURFACE_STYLE_FILL_AREA(#9819);
#9819 = FILL_AREA_STYLE('',(#9820));
#9820 = FILL_AREA_STYLE_COLOUR('',#8749);
#9821 = OVER_RIDING_STYLED_ITEM('overriding color',(#9822),#6493,#8693);
#9822 = PRESENTATION_STYLE_ASSIGNMENT((#9823));
#9823 = SURFACE_STYLE_USAGE(.BOTH.,#9824);
#9824 = SURFACE_SIDE_STYLE('',(#9825));
#9825 = SURFACE_STYLE_FILL_AREA(#9826);
#9826 = FILL_AREA_STYLE('',(#9827));
#9827 = FILL_AREA_STYLE_COLOUR('',#8749);
#9828 = OVER_RIDING_STYLED_ITEM('overriding color',(#9829),#6513,#8693);
#9829 = PRESENTATION_STYLE_ASSIGNMENT((#9830));
#9830 = SURFACE_STYLE_USAGE(.BOTH.,#9831);
#9831 = SURFACE_SIDE_STYLE('',(#9832));
#9832 = SURFACE_STYLE_FILL_AREA(#9833);
#9833 = FILL_AREA_STYLE('',(#9834));
#9834 = FILL_AREA_STYLE_COLOUR('',#8749);
#9835 = OVER_RIDING_STYLED_ITEM('overriding color',(#9836),#6637,#8693);
#9836 = PRESENTATION_STYLE_ASSIGNMENT((#9837));
#9837 = SURFACE_STYLE_USAGE(.BOTH.,#9838);
#9838 = SURFACE_SIDE_STYLE('',(#9839));
#9839 = SURFACE_STYLE_FILL_AREA(#9840);
#9840 = FILL_AREA_STYLE('',(#9841));
#9841 = FILL_AREA_STYLE_COLOUR('',#8749);
#9842 = OVER_RIDING_STYLED_ITEM('overriding color',(#9843),#6657,#8693);
#9843 = PRESENTATION_STYLE_ASSIGNMENT((#9844));
#9844 = SURFACE_STYLE_USAGE(.BOTH.,#9845);
#9845 = SURFACE_SIDE_STYLE('',(#9846));
#9846 = SURFACE_STYLE_FILL_AREA(#9847);
#9847 = FILL_AREA_STYLE('',(#9848));
#9848 = FILL_AREA_STYLE_COLOUR('',#8749);
#9849 = OVER_RIDING_STYLED_ITEM('overriding color',(#9850),#6677,#8693);
#9850 = PRESENTATION_STYLE_ASSIGNMENT((#9851));
#9851 = SURFACE_STYLE_USAGE(.BOTH.,#9852);
#9852 = SURFACE_SIDE_STYLE('',(#9853));
#9853 = SURFACE_STYLE_FILL_AREA(#9854);
#9854 = FILL_AREA_STYLE('',(#9855));
#9855 = FILL_AREA_STYLE_COLOUR('',#8749);
#9856 = OVER_RIDING_STYLED_ITEM('overriding color',(#9857),#6697,#8693);
#9857 = PRESENTATION_STYLE_ASSIGNMENT((#9858));
#9858 = SURFACE_STYLE_USAGE(.BOTH.,#9859);
#9859 = SURFACE_SIDE_STYLE('',(#9860));
#9860 = SURFACE_STYLE_FILL_AREA(#9861);
#9861 = FILL_AREA_STYLE('',(#9862));
#9862 = FILL_AREA_STYLE_COLOUR('',#8749);
#9863 = OVER_RIDING_STYLED_ITEM('overriding color',(#9864),#6717,#8693);
#9864 = PRESENTATION_STYLE_ASSIGNMENT((#9865));
#9865 = SURFACE_STYLE_USAGE(.BOTH.,#9866);
#9866 = SURFACE_SIDE_STYLE('',(#9867));
#9867 = SURFACE_STYLE_FILL_AREA(#9868);
#9868 = FILL_AREA_STYLE('',(#9869));
#9869 = FILL_AREA_STYLE_COLOUR('',#8749);
#9870 = OVER_RIDING_STYLED_ITEM('overriding color',(#9871),#6737,#8693);
#9871 = PRESENTATION_STYLE_ASSIGNMENT((#9872));
#9872 = SURFACE_STYLE_USAGE(.BOTH.,#9873);
#9873 = SURFACE_SIDE_STYLE('',(#9874));
#9874 = SURFACE_STYLE_FILL_AREA(#9875);
#9875 = FILL_AREA_STYLE('',(#9876));
#9876 = FILL_AREA_STYLE_COLOUR('',#8749);
#9877 = OVER_RIDING_STYLED_ITEM('overriding color',(#9878),#6753,#8693);
#9878 = PRESENTATION_STYLE_ASSIGNMENT((#9879));
#9879 = SURFACE_STYLE_USAGE(.BOTH.,#9880);
#9880 = SURFACE_SIDE_STYLE('',(#9881));
#9881 = SURFACE_STYLE_FILL_AREA(#9882);
#9882 = FILL_AREA_STYLE('',(#9883));
#9883 = FILL_AREA_STYLE_COLOUR('',#8749);
#9884 = OVER_RIDING_STYLED_ITEM('overriding color',(#9885),#6765,#8693);
#9885 = PRESENTATION_STYLE_ASSIGNMENT((#9886));
#9886 = SURFACE_STYLE_USAGE(.BOTH.,#9887);
#9887 = SURFACE_SIDE_STYLE('',(#9888));
#9888 = SURFACE_STYLE_FILL_AREA(#9889);
#9889 = FILL_AREA_STYLE('',(#9890));
#9890 = FILL_AREA_STYLE_COLOUR('',#8749);
#9891 = OVER_RIDING_STYLED_ITEM('overriding color',(#9892),#6793,#8693);
#9892 = PRESENTATION_STYLE_ASSIGNMENT((#9893));
#9893 = SURFACE_STYLE_USAGE(.BOTH.,#9894);
#9894 = SURFACE_SIDE_STYLE('',(#9895));
#9895 = SURFACE_STYLE_FILL_AREA(#9896);
#9896 = FILL_AREA_STYLE('',(#9897));
#9897 = FILL_AREA_STYLE_COLOUR('',#8749);
#9898 = OVER_RIDING_STYLED_ITEM('overriding color',(#9899),#6815,#8693);
#9899 = PRESENTATION_STYLE_ASSIGNMENT((#9900));
#9900 = SURFACE_STYLE_USAGE(.BOTH.,#9901);
#9901 = SURFACE_SIDE_STYLE('',(#9902));
#9902 = SURFACE_STYLE_FILL_AREA(#9903);
#9903 = FILL_AREA_STYLE('',(#9904));
#9904 = FILL_AREA_STYLE_COLOUR('',#8749);
#9905 = OVER_RIDING_STYLED_ITEM('overriding color',(#9906),#6837,#8693);
#9906 = PRESENTATION_STYLE_ASSIGNMENT((#9907));
#9907 = SURFACE_STYLE_USAGE(.BOTH.,#9908);
#9908 = SURFACE_SIDE_STYLE('',(#9909));
#9909 = SURFACE_STYLE_FILL_AREA(#9910);
#9910 = FILL_AREA_STYLE('',(#9911));
#9911 = FILL_AREA_STYLE_COLOUR('',#8749);
#9912 = OVER_RIDING_STYLED_ITEM('overriding color',(#9913),#6865,#8693);
#9913 = PRESENTATION_STYLE_ASSIGNMENT((#9914));
#9914 = SURFACE_STYLE_USAGE(.BOTH.,#9915);
#9915 = SURFACE_SIDE_STYLE('',(#9916));
#9916 = SURFACE_STYLE_FILL_AREA(#9917);
#9917 = FILL_AREA_STYLE('',(#9918));
#9918 = FILL_AREA_STYLE_COLOUR('',#8749);
#9919 = OVER_RIDING_STYLED_ITEM('overriding color',(#9920),#6893,#8693);
#9920 = PRESENTATION_STYLE_ASSIGNMENT((#9921));
#9921 = SURFACE_STYLE_USAGE(.BOTH.,#9922);
#9922 = SURFACE_SIDE_STYLE('',(#9923));
#9923 = SURFACE_STYLE_FILL_AREA(#9924);
#9924 = FILL_AREA_STYLE('',(#9925));
#9925 = FILL_AREA_STYLE_COLOUR('',#8749);
#9926 = OVER_RIDING_STYLED_ITEM('overriding color',(#9927),#6921,#8693);
#9927 = PRESENTATION_STYLE_ASSIGNMENT((#9928));
#9928 = SURFACE_STYLE_USAGE(.BOTH.,#9929);
#9929 = SURFACE_SIDE_STYLE('',(#9930));
#9930 = SURFACE_STYLE_FILL_AREA(#9931);
#9931 = FILL_AREA_STYLE('',(#9932));
#9932 = FILL_AREA_STYLE_COLOUR('',#8749);
#9933 = OVER_RIDING_STYLED_ITEM('overriding color',(#9934),#6943,#8693);
#9934 = PRESENTATION_STYLE_ASSIGNMENT((#9935));
#9935 = SURFACE_STYLE_USAGE(.BOTH.,#9936);
#9936 = SURFACE_SIDE_STYLE('',(#9937));
#9937 = SURFACE_STYLE_FILL_AREA(#9938);
#9938 = FILL_AREA_STYLE('',(#9939));
#9939 = FILL_AREA_STYLE_COLOUR('',#8403);
#9940 = OVER_RIDING_STYLED_ITEM('overriding color',(#9941),#6958,#8693);
#9941 = PRESENTATION_STYLE_ASSIGNMENT((#9942));
#9942 = SURFACE_STYLE_USAGE(.BOTH.,#9943);
#9943 = SURFACE_SIDE_STYLE('',(#9944));
#9944 = SURFACE_STYLE_FILL_AREA(#9945);
#9945 = FILL_AREA_STYLE('',(#9946));
#9946 = FILL_AREA_STYLE_COLOUR('',#8749);
#9947 = OVER_RIDING_STYLED_ITEM('overriding color',(#9948),#7070,#8693);
#9948 = PRESENTATION_STYLE_ASSIGNMENT((#9949));
#9949 = SURFACE_STYLE_USAGE(.BOTH.,#9950);
#9950 = SURFACE_SIDE_STYLE('',(#9951));
#9951 = SURFACE_STYLE_FILL_AREA(#9952);
#9952 = FILL_AREA_STYLE('',(#9953));
#9953 = FILL_AREA_STYLE_COLOUR('',#8749);
#9954 = OVER_RIDING_STYLED_ITEM('overriding color',(#9955),#7090,#8693);
#9955 = PRESENTATION_STYLE_ASSIGNMENT((#9956));
#9956 = SURFACE_STYLE_USAGE(.BOTH.,#9957);
#9957 = SURFACE_SIDE_STYLE('',(#9958));
#9958 = SURFACE_STYLE_FILL_AREA(#9959);
#9959 = FILL_AREA_STYLE('',(#9960));
#9960 = FILL_AREA_STYLE_COLOUR('',#8749);
#9961 = OVER_RIDING_STYLED_ITEM('overriding color',(#9962),#7106,#8693);
#9962 = PRESENTATION_STYLE_ASSIGNMENT((#9963));
#9963 = SURFACE_STYLE_USAGE(.BOTH.,#9964);
#9964 = SURFACE_SIDE_STYLE('',(#9965));
#9965 = SURFACE_STYLE_FILL_AREA(#9966);
#9966 = FILL_AREA_STYLE('',(#9967));
#9967 = FILL_AREA_STYLE_COLOUR('',#8749);
#9968 = OVER_RIDING_STYLED_ITEM('overriding color',(#9969),#7122,#8693);
#9969 = PRESENTATION_STYLE_ASSIGNMENT((#9970));
#9970 = SURFACE_STYLE_USAGE(.BOTH.,#9971);
#9971 = SURFACE_SIDE_STYLE('',(#9972));
#9972 = SURFACE_STYLE_FILL_AREA(#9973);
#9973 = FILL_AREA_STYLE('',(#9974));
#9974 = FILL_AREA_STYLE_COLOUR('',#8749);
#9975 = OVER_RIDING_STYLED_ITEM('overriding color',(#9976),#7138,#8693);
#9976 = PRESENTATION_STYLE_ASSIGNMENT((#9977));
#9977 = SURFACE_STYLE_USAGE(.BOTH.,#9978);
#9978 = SURFACE_SIDE_STYLE('',(#9979));
#9979 = SURFACE_STYLE_FILL_AREA(#9980);
#9980 = FILL_AREA_STYLE('',(#9981));
#9981 = FILL_AREA_STYLE_COLOUR('',#8749);
#9982 = OVER_RIDING_STYLED_ITEM('overriding color',(#9983),#7154,#8693);
#9983 = PRESENTATION_STYLE_ASSIGNMENT((#9984));
#9984 = SURFACE_STYLE_USAGE(.BOTH.,#9985);
#9985 = SURFACE_SIDE_STYLE('',(#9986));
#9986 = SURFACE_STYLE_FILL_AREA(#9987);
#9987 = FILL_AREA_STYLE('',(#9988));
#9988 = FILL_AREA_STYLE_COLOUR('',#8749);
#9989 = OVER_RIDING_STYLED_ITEM('overriding color',(#9990),#7170,#8693);
#9990 = PRESENTATION_STYLE_ASSIGNMENT((#9991));
#9991 = SURFACE_STYLE_USAGE(.BOTH.,#9992);
#9992 = SURFACE_SIDE_STYLE('',(#9993));
#9993 = SURFACE_STYLE_FILL_AREA(#9994);
#9994 = FILL_AREA_STYLE('',(#9995));
#9995 = FILL_AREA_STYLE_COLOUR('',#8749);
#9996 = OVER_RIDING_STYLED_ITEM('overriding color',(#9997),#7186,#8693);
#9997 = PRESENTATION_STYLE_ASSIGNMENT((#9998));
#9998 = SURFACE_STYLE_USAGE(.BOTH.,#9999);
#9999 = SURFACE_SIDE_STYLE('',(#10000));
#10000 = SURFACE_STYLE_FILL_AREA(#10001);
#10001 = FILL_AREA_STYLE('',(#10002));
#10002 = FILL_AREA_STYLE_COLOUR('',#8749);
#10003 = OVER_RIDING_STYLED_ITEM('overriding color',(#10004),#7198,#8693
  );
#10004 = PRESENTATION_STYLE_ASSIGNMENT((#10005));
#10005 = SURFACE_STYLE_USAGE(.BOTH.,#10006);
#10006 = SURFACE_SIDE_STYLE('',(#10007));
#10007 = SURFACE_STYLE_FILL_AREA(#10008);
#10008 = FILL_AREA_STYLE('',(#10009));
#10009 = FILL_AREA_STYLE_COLOUR('',#8749);
#10010 = OVER_RIDING_STYLED_ITEM('overriding color',(#10011),#7226,#8693
  );
#10011 = PRESENTATION_STYLE_ASSIGNMENT((#10012));
#10012 = SURFACE_STYLE_USAGE(.BOTH.,#10013);
#10013 = SURFACE_SIDE_STYLE('',(#10014));
#10014 = SURFACE_STYLE_FILL_AREA(#10015);
#10015 = FILL_AREA_STYLE('',(#10016));
#10016 = FILL_AREA_STYLE_COLOUR('',#8749);
#10017 = OVER_RIDING_STYLED_ITEM('overriding color',(#10018),#7248,#8693
  );
#10018 = PRESENTATION_STYLE_ASSIGNMENT((#10019));
#10019 = SURFACE_STYLE_USAGE(.BOTH.,#10020);
#10020 = SURFACE_SIDE_STYLE('',(#10021));
#10021 = SURFACE_STYLE_FILL_AREA(#10022);
#10022 = FILL_AREA_STYLE('',(#10023));
#10023 = FILL_AREA_STYLE_COLOUR('',#8749);
#10024 = OVER_RIDING_STYLED_ITEM('overriding color',(#10025),#7276,#8693
  );
#10025 = PRESENTATION_STYLE_ASSIGNMENT((#10026));
#10026 = SURFACE_STYLE_USAGE(.BOTH.,#10027);
#10027 = SURFACE_SIDE_STYLE('',(#10028));
#10028 = SURFACE_STYLE_FILL_AREA(#10029);
#10029 = FILL_AREA_STYLE('',(#10030));
#10030 = FILL_AREA_STYLE_COLOUR('',#8749);
#10031 = OVER_RIDING_STYLED_ITEM('overriding color',(#10032),#7298,#8693
  );
#10032 = PRESENTATION_STYLE_ASSIGNMENT((#10033));
#10033 = SURFACE_STYLE_USAGE(.BOTH.,#10034);
#10034 = SURFACE_SIDE_STYLE('',(#10035));
#10035 = SURFACE_STYLE_FILL_AREA(#10036);
#10036 = FILL_AREA_STYLE('',(#10037));
#10037 = FILL_AREA_STYLE_COLOUR('',#8749);
#10038 = OVER_RIDING_STYLED_ITEM('overriding color',(#10039),#7326,#8693
  );
#10039 = PRESENTATION_STYLE_ASSIGNMENT((#10040));
#10040 = SURFACE_STYLE_USAGE(.BOTH.,#10041);
#10041 = SURFACE_SIDE_STYLE('',(#10042));
#10042 = SURFACE_STYLE_FILL_AREA(#10043);
#10043 = FILL_AREA_STYLE('',(#10044));
#10044 = FILL_AREA_STYLE_COLOUR('',#8749);
#10045 = OVER_RIDING_STYLED_ITEM('overriding color',(#10046),#7342,#8693
  );
#10046 = PRESENTATION_STYLE_ASSIGNMENT((#10047));
#10047 = SURFACE_STYLE_USAGE(.BOTH.,#10048);
#10048 = SURFACE_SIDE_STYLE('',(#10049));
#10049 = SURFACE_STYLE_FILL_AREA(#10050);
#10050 = FILL_AREA_STYLE('',(#10051));
#10051 = FILL_AREA_STYLE_COLOUR('',#8403);
#10052 = OVER_RIDING_STYLED_ITEM('overriding color',(#10053),#7356,#8693
  );
#10053 = PRESENTATION_STYLE_ASSIGNMENT((#10054));
#10054 = SURFACE_STYLE_USAGE(.BOTH.,#10055);
#10055 = SURFACE_SIDE_STYLE('',(#10056));
#10056 = SURFACE_STYLE_FILL_AREA(#10057);
#10057 = FILL_AREA_STYLE('',(#10058));
#10058 = FILL_AREA_STYLE_COLOUR('',#8749);
#10059 = OVER_RIDING_STYLED_ITEM('overriding color',(#10060),#7676,#8693
  );
#10060 = PRESENTATION_STYLE_ASSIGNMENT((#10061));
#10061 = SURFACE_STYLE_USAGE(.BOTH.,#10062);
#10062 = SURFACE_SIDE_STYLE('',(#10063));
#10063 = SURFACE_STYLE_FILL_AREA(#10064);
#10064 = FILL_AREA_STYLE('',(#10065));
#10065 = FILL_AREA_STYLE_COLOUR('',#8749);
#10066 = OVER_RIDING_STYLED_ITEM('overriding color',(#10067),#7700,#8693
  );
#10067 = PRESENTATION_STYLE_ASSIGNMENT((#10068));
#10068 = SURFACE_STYLE_USAGE(.BOTH.,#10069);
#10069 = SURFACE_SIDE_STYLE('',(#10070));
#10070 = SURFACE_STYLE_FILL_AREA(#10071);
#10071 = FILL_AREA_STYLE('',(#10072));
#10072 = FILL_AREA_STYLE_COLOUR('',#8749);
#10073 = OVER_RIDING_STYLED_ITEM('overriding color',(#10074),#7720,#8693
  );
#10074 = PRESENTATION_STYLE_ASSIGNMENT((#10075));
#10075 = SURFACE_STYLE_USAGE(.BOTH.,#10076);
#10076 = SURFACE_SIDE_STYLE('',(#10077));
#10077 = SURFACE_STYLE_FILL_AREA(#10078);
#10078 = FILL_AREA_STYLE('',(#10079));
#10079 = FILL_AREA_STYLE_COLOUR('',#8749);
#10080 = OVER_RIDING_STYLED_ITEM('overriding color',(#10081),#7740,#8693
  );
#10081 = PRESENTATION_STYLE_ASSIGNMENT((#10082));
#10082 = SURFACE_STYLE_USAGE(.BOTH.,#10083);
#10083 = SURFACE_SIDE_STYLE('',(#10084));
#10084 = SURFACE_STYLE_FILL_AREA(#10085);
#10085 = FILL_AREA_STYLE('',(#10086));
#10086 = FILL_AREA_STYLE_COLOUR('',#8749);
#10087 = OVER_RIDING_STYLED_ITEM('overriding color',(#10088),#7760,#8693
  );
#10088 = PRESENTATION_STYLE_ASSIGNMENT((#10089));
#10089 = SURFACE_STYLE_USAGE(.BOTH.,#10090);
#10090 = SURFACE_SIDE_STYLE('',(#10091));
#10091 = SURFACE_STYLE_FILL_AREA(#10092);
#10092 = FILL_AREA_STYLE('',(#10093));
#10093 = FILL_AREA_STYLE_COLOUR('',#8749);
#10094 = OVER_RIDING_STYLED_ITEM('overriding color',(#10095),#7780,#8693
  );
#10095 = PRESENTATION_STYLE_ASSIGNMENT((#10096));
#10096 = SURFACE_STYLE_USAGE(.BOTH.,#10097);
#10097 = SURFACE_SIDE_STYLE('',(#10098));
#10098 = SURFACE_STYLE_FILL_AREA(#10099);
#10099 = FILL_AREA_STYLE('',(#10100));
#10100 = FILL_AREA_STYLE_COLOUR('',#8749);
#10101 = OVER_RIDING_STYLED_ITEM('overriding color',(#10102),#7800,#8693
  );
#10102 = PRESENTATION_STYLE_ASSIGNMENT((#10103));
#10103 = SURFACE_STYLE_USAGE(.BOTH.,#10104);
#10104 = SURFACE_SIDE_STYLE('',(#10105));
#10105 = SURFACE_STYLE_FILL_AREA(#10106);
#10106 = FILL_AREA_STYLE('',(#10107));
#10107 = FILL_AREA_STYLE_COLOUR('',#8749);
#10108 = OVER_RIDING_STYLED_ITEM('overriding color',(#10109),#7820,#8693
  );
#10109 = PRESENTATION_STYLE_ASSIGNMENT((#10110));
#10110 = SURFACE_STYLE_USAGE(.BOTH.,#10111);
#10111 = SURFACE_SIDE_STYLE('',(#10112));
#10112 = SURFACE_STYLE_FILL_AREA(#10113);
#10113 = FILL_AREA_STYLE('',(#10114));
#10114 = FILL_AREA_STYLE_COLOUR('',#8749);
#10115 = OVER_RIDING_STYLED_ITEM('overriding color',(#10116),#7840,#8693
  );
#10116 = PRESENTATION_STYLE_ASSIGNMENT((#10117));
#10117 = SURFACE_STYLE_USAGE(.BOTH.,#10118);
#10118 = SURFACE_SIDE_STYLE('',(#10119));
#10119 = SURFACE_STYLE_FILL_AREA(#10120);
#10120 = FILL_AREA_STYLE('',(#10121));
#10121 = FILL_AREA_STYLE_COLOUR('',#8749);
#10122 = OVER_RIDING_STYLED_ITEM('overriding color',(#10123),#7860,#8693
  );
#10123 = PRESENTATION_STYLE_ASSIGNMENT((#10124));
#10124 = SURFACE_STYLE_USAGE(.BOTH.,#10125);
#10125 = SURFACE_SIDE_STYLE('',(#10126));
#10126 = SURFACE_STYLE_FILL_AREA(#10127);
#10127 = FILL_AREA_STYLE('',(#10128));
#10128 = FILL_AREA_STYLE_COLOUR('',#8749);
#10129 = OVER_RIDING_STYLED_ITEM('overriding color',(#10130),#7880,#8693
  );
#10130 = PRESENTATION_STYLE_ASSIGNMENT((#10131));
#10131 = SURFACE_STYLE_USAGE(.BOTH.,#10132);
#10132 = SURFACE_SIDE_STYLE('',(#10133));
#10133 = SURFACE_STYLE_FILL_AREA(#10134);
#10134 = FILL_AREA_STYLE('',(#10135));
#10135 = FILL_AREA_STYLE_COLOUR('',#8749);
#10136 = OVER_RIDING_STYLED_ITEM('overriding color',(#10137),#7900,#8693
  );
#10137 = PRESENTATION_STYLE_ASSIGNMENT((#10138));
#10138 = SURFACE_STYLE_USAGE(.BOTH.,#10139);
#10139 = SURFACE_SIDE_STYLE('',(#10140));
#10140 = SURFACE_STYLE_FILL_AREA(#10141);
#10141 = FILL_AREA_STYLE('',(#10142));
#10142 = FILL_AREA_STYLE_COLOUR('',#8749);
#10143 = OVER_RIDING_STYLED_ITEM('overriding color',(#10144),#7920,#8693
  );
#10144 = PRESENTATION_STYLE_ASSIGNMENT((#10145));
#10145 = SURFACE_STYLE_USAGE(.BOTH.,#10146);
#10146 = SURFACE_SIDE_STYLE('',(#10147));
#10147 = SURFACE_STYLE_FILL_AREA(#10148);
#10148 = FILL_AREA_STYLE('',(#10149));
#10149 = FILL_AREA_STYLE_COLOUR('',#8749);
#10150 = OVER_RIDING_STYLED_ITEM('overriding color',(#10151),#7936,#8693
  );
#10151 = PRESENTATION_STYLE_ASSIGNMENT((#10152));
#10152 = SURFACE_STYLE_USAGE(.BOTH.,#10153);
#10153 = SURFACE_SIDE_STYLE('',(#10154));
#10154 = SURFACE_STYLE_FILL_AREA(#10155);
#10155 = FILL_AREA_STYLE('',(#10156));
#10156 = FILL_AREA_STYLE_COLOUR('',#8749);
#10157 = OVER_RIDING_STYLED_ITEM('overriding color',(#10158),#7952,#8693
  );
#10158 = PRESENTATION_STYLE_ASSIGNMENT((#10159));
#10159 = SURFACE_STYLE_USAGE(.BOTH.,#10160);
#10160 = SURFACE_SIDE_STYLE('',(#10161));
#10161 = SURFACE_STYLE_FILL_AREA(#10162);
#10162 = FILL_AREA_STYLE('',(#10163));
#10163 = FILL_AREA_STYLE_COLOUR('',#8749);
#10164 = OVER_RIDING_STYLED_ITEM('overriding color',(#10165),#7968,#8693
  );
#10165 = PRESENTATION_STYLE_ASSIGNMENT((#10166));
#10166 = SURFACE_STYLE_USAGE(.BOTH.,#10167);
#10167 = SURFACE_SIDE_STYLE('',(#10168));
#10168 = SURFACE_STYLE_FILL_AREA(#10169);
#10169 = FILL_AREA_STYLE('',(#10170));
#10170 = FILL_AREA_STYLE_COLOUR('',#8749);
#10171 = OVER_RIDING_STYLED_ITEM('overriding color',(#10172),#7984,#8693
  );
#10172 = PRESENTATION_STYLE_ASSIGNMENT((#10173));
#10173 = SURFACE_STYLE_USAGE(.BOTH.,#10174);
#10174 = SURFACE_SIDE_STYLE('',(#10175));
#10175 = SURFACE_STYLE_FILL_AREA(#10176);
#10176 = FILL_AREA_STYLE('',(#10177));
#10177 = FILL_AREA_STYLE_COLOUR('',#8749);
#10178 = OVER_RIDING_STYLED_ITEM('overriding color',(#10179),#8004,#8693
  );
#10179 = PRESENTATION_STYLE_ASSIGNMENT((#10180));
#10180 = SURFACE_STYLE_USAGE(.BOTH.,#10181);
#10181 = SURFACE_SIDE_STYLE('',(#10182));
#10182 = SURFACE_STYLE_FILL_AREA(#10183);
#10183 = FILL_AREA_STYLE('',(#10184));
#10184 = FILL_AREA_STYLE_COLOUR('',#8749);
#10185 = OVER_RIDING_STYLED_ITEM('overriding color',(#10186),#8024,#8693
  );
#10186 = PRESENTATION_STYLE_ASSIGNMENT((#10187));
#10187 = SURFACE_STYLE_USAGE(.BOTH.,#10188);
#10188 = SURFACE_SIDE_STYLE('',(#10189));
#10189 = SURFACE_STYLE_FILL_AREA(#10190);
#10190 = FILL_AREA_STYLE('',(#10191));
#10191 = FILL_AREA_STYLE_COLOUR('',#8749);
#10192 = OVER_RIDING_STYLED_ITEM('overriding color',(#10193),#8044,#8693
  );
#10193 = PRESENTATION_STYLE_ASSIGNMENT((#10194));
#10194 = SURFACE_STYLE_USAGE(.BOTH.,#10195);
#10195 = SURFACE_SIDE_STYLE('',(#10196));
#10196 = SURFACE_STYLE_FILL_AREA(#10197);
#10197 = FILL_AREA_STYLE('',(#10198));
#10198 = FILL_AREA_STYLE_COLOUR('',#8749);
#10199 = OVER_RIDING_STYLED_ITEM('overriding color',(#10200),#8064,#8693
  );
#10200 = PRESENTATION_STYLE_ASSIGNMENT((#10201));
#10201 = SURFACE_STYLE_USAGE(.BOTH.,#10202);
#10202 = SURFACE_SIDE_STYLE('',(#10203));
#10203 = SURFACE_STYLE_FILL_AREA(#10204);
#10204 = FILL_AREA_STYLE('',(#10205));
#10205 = FILL_AREA_STYLE_COLOUR('',#8749);
#10206 = OVER_RIDING_STYLED_ITEM('overriding color',(#10207),#8084,#8693
  );
#10207 = PRESENTATION_STYLE_ASSIGNMENT((#10208));
#10208 = SURFACE_STYLE_USAGE(.BOTH.,#10209);
#10209 = SURFACE_SIDE_STYLE('',(#10210));
#10210 = SURFACE_STYLE_FILL_AREA(#10211);
#10211 = FILL_AREA_STYLE('',(#10212));
#10212 = FILL_AREA_STYLE_COLOUR('',#8749);
#10213 = OVER_RIDING_STYLED_ITEM('overriding color',(#10214),#8104,#8693
  );
#10214 = PRESENTATION_STYLE_ASSIGNMENT((#10215));
#10215 = SURFACE_STYLE_USAGE(.BOTH.,#10216);
#10216 = SURFACE_SIDE_STYLE('',(#10217));
#10217 = SURFACE_STYLE_FILL_AREA(#10218);
#10218 = FILL_AREA_STYLE('',(#10219));
#10219 = FILL_AREA_STYLE_COLOUR('',#8749);
#10220 = OVER_RIDING_STYLED_ITEM('overriding color',(#10221),#8124,#8693
  );
#10221 = PRESENTATION_STYLE_ASSIGNMENT((#10222));
#10222 = SURFACE_STYLE_USAGE(.BOTH.,#10223);
#10223 = SURFACE_SIDE_STYLE('',(#10224));
#10224 = SURFACE_STYLE_FILL_AREA(#10225);
#10225 = FILL_AREA_STYLE('',(#10226));
#10226 = FILL_AREA_STYLE_COLOUR('',#8749);
#10227 = OVER_RIDING_STYLED_ITEM('overriding color',(#10228),#8140,#8693
  );
#10228 = PRESENTATION_STYLE_ASSIGNMENT((#10229));
#10229 = SURFACE_STYLE_USAGE(.BOTH.,#10230);
#10230 = SURFACE_SIDE_STYLE('',(#10231));
#10231 = SURFACE_STYLE_FILL_AREA(#10232);
#10232 = FILL_AREA_STYLE('',(#10233));
#10233 = FILL_AREA_STYLE_COLOUR('',#8749);
#10234 = OVER_RIDING_STYLED_ITEM('overriding color',(#10235),#8160,#8693
  );
#10235 = PRESENTATION_STYLE_ASSIGNMENT((#10236));
#10236 = SURFACE_STYLE_USAGE(.BOTH.,#10237);
#10237 = SURFACE_SIDE_STYLE('',(#10238));
#10238 = SURFACE_STYLE_FILL_AREA(#10239);
#10239 = FILL_AREA_STYLE('',(#10240));
#10240 = FILL_AREA_STYLE_COLOUR('',#8749);
#10241 = OVER_RIDING_STYLED_ITEM('overriding color',(#10242),#8180,#8693
  );
#10242 = PRESENTATION_STYLE_ASSIGNMENT((#10243));
#10243 = SURFACE_STYLE_USAGE(.BOTH.,#10244);
#10244 = SURFACE_SIDE_STYLE('',(#10245));
#10245 = SURFACE_STYLE_FILL_AREA(#10246);
#10246 = FILL_AREA_STYLE('',(#10247));
#10247 = FILL_AREA_STYLE_COLOUR('',#8749);
#10248 = OVER_RIDING_STYLED_ITEM('overriding color',(#10249),#8196,#8693
  );
#10249 = PRESENTATION_STYLE_ASSIGNMENT((#10250));
#10250 = SURFACE_STYLE_USAGE(.BOTH.,#10251);
#10251 = SURFACE_SIDE_STYLE('',(#10252));
#10252 = SURFACE_STYLE_FILL_AREA(#10253);
#10253 = FILL_AREA_STYLE('',(#10254));
#10254 = FILL_AREA_STYLE_COLOUR('',#8749);
#10255 = OVER_RIDING_STYLED_ITEM('overriding color',(#10256),#8216,#8693
  );
#10256 = PRESENTATION_STYLE_ASSIGNMENT((#10257));
#10257 = SURFACE_STYLE_USAGE(.BOTH.,#10258);
#10258 = SURFACE_SIDE_STYLE('',(#10259));
#10259 = SURFACE_STYLE_FILL_AREA(#10260);
#10260 = FILL_AREA_STYLE('',(#10261));
#10261 = FILL_AREA_STYLE_COLOUR('',#8749);
#10262 = OVER_RIDING_STYLED_ITEM('overriding color',(#10263),#8236,#8693
  );
#10263 = PRESENTATION_STYLE_ASSIGNMENT((#10264));
#10264 = SURFACE_STYLE_USAGE(.BOTH.,#10265);
#10265 = SURFACE_SIDE_STYLE('',(#10266));
#10266 = SURFACE_STYLE_FILL_AREA(#10267);
#10267 = FILL_AREA_STYLE('',(#10268));
#10268 = FILL_AREA_STYLE_COLOUR('',#8749);
#10269 = OVER_RIDING_STYLED_ITEM('overriding color',(#10270),#8256,#8693
  );
#10270 = PRESENTATION_STYLE_ASSIGNMENT((#10271));
#10271 = SURFACE_STYLE_USAGE(.BOTH.,#10272);
#10272 = SURFACE_SIDE_STYLE('',(#10273));
#10273 = SURFACE_STYLE_FILL_AREA(#10274);
#10274 = FILL_AREA_STYLE('',(#10275));
#10275 = FILL_AREA_STYLE_COLOUR('',#8749);
#10276 = OVER_RIDING_STYLED_ITEM('overriding color',(#10277),#8272,#8693
  );
#10277 = PRESENTATION_STYLE_ASSIGNMENT((#10278));
#10278 = SURFACE_STYLE_USAGE(.BOTH.,#10279);
#10279 = SURFACE_SIDE_STYLE('',(#10280));
#10280 = SURFACE_STYLE_FILL_AREA(#10281);
#10281 = FILL_AREA_STYLE('',(#10282));
#10282 = FILL_AREA_STYLE_COLOUR('',#8749);
#10283 = OVER_RIDING_STYLED_ITEM('overriding color',(#10284),#8292,#8693
  );
#10284 = PRESENTATION_STYLE_ASSIGNMENT((#10285));
#10285 = SURFACE_STYLE_USAGE(.BOTH.,#10286);
#10286 = SURFACE_SIDE_STYLE('',(#10287));
#10287 = SURFACE_STYLE_FILL_AREA(#10288);
#10288 = FILL_AREA_STYLE('',(#10289));
#10289 = FILL_AREA_STYLE_COLOUR('',#8749);
#10290 = OVER_RIDING_STYLED_ITEM('overriding color',(#10291),#8308,#8693
  );
#10291 = PRESENTATION_STYLE_ASSIGNMENT((#10292));
#10292 = SURFACE_STYLE_USAGE(.BOTH.,#10293);
#10293 = SURFACE_SIDE_STYLE('',(#10294));
#10294 = SURFACE_STYLE_FILL_AREA(#10295);
#10295 = FILL_AREA_STYLE('',(#10296));
#10296 = FILL_AREA_STYLE_COLOUR('',#8749);
#10297 = OVER_RIDING_STYLED_ITEM('overriding color',(#10298),#8351,#8693
  );
#10298 = PRESENTATION_STYLE_ASSIGNMENT((#10299));
#10299 = SURFACE_STYLE_USAGE(.BOTH.,#10300);
#10300 = SURFACE_SIDE_STYLE('',(#10301));
#10301 = SURFACE_STYLE_FILL_AREA(#10302);
#10302 = FILL_AREA_STYLE('',(#10303));
#10303 = FILL_AREA_STYLE_COLOUR('',#8749);
#10304 = OVER_RIDING_STYLED_ITEM('overriding color',(#10305),#8379,#8693
  );
#10305 = PRESENTATION_STYLE_ASSIGNMENT((#10306));
#10306 = SURFACE_STYLE_USAGE(.BOTH.,#10307);
#10307 = SURFACE_SIDE_STYLE('',(#10308));
#10308 = SURFACE_STYLE_FILL_AREA(#10309);
#10309 = FILL_AREA_STYLE('',(#10310));
#10310 = FILL_AREA_STYLE_COLOUR('',#8403);
ENDSEC;
END-ISO-10303-21;
