ISO-10303-21;
HEADER;
FILE_DESCRIPTION(('Open CASCADE Model'),'2;1');
FILE_NAME('Open CASCADE Shape Model','2026-06-23T13:48:39',('Author'),(
    'Open CASCADE'),'Open CASCADE STEP processor 7.9','Open CASCADE 7.9'
  ,'Unknown');
FILE_SCHEMA(('AUTOMOTIVE_DESIGN { 1 0 10303 214 1 1 1 1 }'));
ENDSEC;
DATA;
#1 = APPLICATION_PROTOCOL_DEFINITION('international standard',
  'automotive_design',2000,#2);
#2 = APPLICATION_CONTEXT(
  'core data for automotive mechanical design processes');
#3 = SHAPE_DEFINITION_REPRESENTATION(#4,#10);
#4 = PRODUCT_DEFINITION_SHAPE('','',#5);
#5 = PRODUCT_DEFINITION('design','',#6,#9);
#6 = PRODUCT_DEFINITION_FORMATION('','',#7);
#7 = PRODUCT('SOLID','SOLID','',(#8));
#8 = PRODUCT_CONTEXT('',#2,'mechanical');
#9 = PRODUCT_DEFINITION_CONTEXT('part definition',#2,'design');
#10 = ADVANCED_BREP_SHAPE_REPRESENTATION('',(#11,#15),#8189);
#11 = AXIS2_PLACEMENT_3D('',#12,#13,#14);
#12 = CARTESIAN_POINT('',(0.,0.,0.));
#13 = DIRECTION('',(0.,0.,1.));
#14 = DIRECTION('',(1.,0.,-0.));
#15 = MANIFOLD_SOLID_BREP('',#16);
#16 = CLOSED_SHELL('',(#17,#1422,#1484,#1512,#1548,#1584,#1646,#1682,
    #1718,#1734,#1770,#1786,#1798,#1814,#1826,#1866,#1894,#1922,#1950,
    #1978,#2006,#2038,#2065,#2092,#2104,#2116,#2144,#2172,#2233,#2294,
    #2314,#2330,#2346,#2362,#2376,#2394,#2406,#2434,#2456,#2478,#2500,
    #2522,#2538,#2552,#2586,#2608,#2636,#2664,#2692,#2720,#2748,#2776,
    #2798,#2826,#2854,#2882,#2910,#2932,#2954,#2982,#3004,#3026,#3048,
    #3070,#3092,#3114,#3136,#3158,#3180,#3202,#3218,#3238,#3362,#3382,
    #3402,#3422,#3442,#3462,#3478,#3490,#3518,#3540,#3562,#3590,#3618,
    #3646,#3668,#3683,#3795,#3815,#3831,#3847,#3863,#3879,#3895,#3911,
    #3923,#3951,#3973,#4001,#4023,#4051,#4067,#4081,#4109,#4131,#4153,
    #4175,#4197,#4219,#4241,#4263,#4285,#4307,#4329,#4345,#4365,#4557,
    #4581,#4597,#4617,#4637,#4653,#4673,#4693,#4713,#4733,#4749,#4765,
    #4781,#4797,#4813,#4847,#4875,#4903,#4931,#4959,#4987,#5009,#5025,
    #5041,#5075,#5097,#5125,#5153,#5181,#5209,#5237,#5265,#5293,#5321,
    #5349,#5377,#5399,#5427,#5455,#5483,#5511,#5539,#5567,#5595,#5617,
    #5646,#5674,#5696,#5724,#5746,#5768,#5790,#5812,#5834,#5856,#5884,
    #5912,#5934,#5962,#5990,#6006,#6029,#6057,#6079,#6101,#6123,#6145,
    #6167,#6189,#6211,#6233,#6255,#6277,#6293,#6313,#6437,#6457,#6477,
    #6497,#6517,#6537,#6553,#6565,#6593,#6615,#6637,#6665,#6693,#6721,
    #6743,#6758,#6870,#6890,#6906,#6922,#6938,#6954,#6970,#6986,#6998,
    #7026,#7048,#7076,#7098,#7126,#7142,#7156,#7476,#7500,#7520,#7540,
    #7560,#7580,#7600,#7620,#7640,#7660,#7680,#7700,#7720,#7736,#7752,
    #7768,#7784,#7804,#7824,#7844,#7864,#7884,#7904,#7924,#7940,#7960,
    #7980,#7996,#8016,#8036,#8056,#8072,#8092,#8108,#8151,#8179));
#17 = ADVANCED_FACE('',(#18,#135,#251,#337,#461,#491,#535,#621,#680,#738
    ,#925,#1011,#1070,#1128),#1417,.F.);
#18 = FACE_BOUND('',#19,.T.);
#19 = EDGE_LOOP('',(#20,#29,#36,#45,#54,#61,#70,#79,#86,#93,#100,#107,
    #114,#121,#130));
#20 = ORIENTED_EDGE('',*,*,#21,.F.);
#21 = EDGE_CURVE('',#22,#24,#26,.T.);
#22 = VERTEX_POINT('',#23);
#23 = CARTESIAN_POINT('',(-0.57002419206,2.704031638986,3.703240764336)
  );
#24 = VERTEX_POINT('',#25);
#25 = CARTESIAN_POINT('',(-0.54361500519,2.704023841444,3.703427905336)
  );
#26 = B_SPLINE_CURVE_WITH_KNOTS('',1,(#27,#28),.UNSPECIFIED.,.F.,.F.,(2,
    2),(-2.640985107347E-02,4.367354388935E-16),
  .PIECEWISE_BEZIER_KNOTS.);
#27 = CARTESIAN_POINT('',(-0.57002419206,2.704031638986,3.703240764336)
  );
#28 = CARTESIAN_POINT('',(-0.54361500519,2.704023841444,3.703427905336)
  );
#29 = ORIENTED_EDGE('',*,*,#30,.F.);
#30 = EDGE_CURVE('',#31,#22,#33,.T.);
#31 = VERTEX_POINT('',#32);
#32 = CARTESIAN_POINT('',(-0.502919434939,2.710972339478,3.53666395252)
  );
#33 = B_SPLINE_CURVE_WITH_KNOTS('',1,(#34,#35),.UNSPECIFIED.,.F.,.F.,(2,
    2),(-0.179719381221,0.),.PIECEWISE_BEZIER_KNOTS.);
#34 = CARTESIAN_POINT('',(-0.502919434939,2.710972339478,3.53666395252)
  );
#35 = CARTESIAN_POINT('',(-0.57002419206,2.704031638986,3.703240764336)
  );
#36 = ORIENTED_EDGE('',*,*,#37,.F.);
#37 = EDGE_CURVE('',#38,#31,#40,.T.);
#38 = VERTEX_POINT('',#39);
#39 = CARTESIAN_POINT('',(-0.450759181925,2.712891857646,3.490595516487)
  );
#40 = B_SPLINE_CURVE_WITH_KNOTS('',3,(#41,#42,#43,#44),.UNSPECIFIED.,.F.
  ,.F.,(4,4),(1.,2.),.PIECEWISE_BEZIER_KNOTS.);
#41 = CARTESIAN_POINT('',(-0.450759181925,2.712891857646,3.490595516487)
  );
#42 = CARTESIAN_POINT('',(-0.473061428318,2.712898442578,3.490437478123)
  );
#43 = CARTESIAN_POINT('',(-0.490430850461,2.712258598072,3.505793746263)
  );
#44 = CARTESIAN_POINT('',(-0.502919434939,2.710972339478,3.53666395252)
  );
#45 = ORIENTED_EDGE('',*,*,#46,.F.);
#46 = EDGE_CURVE('',#47,#38,#49,.T.);
#47 = VERTEX_POINT('',#48);
#48 = CARTESIAN_POINT('',(-0.434346168311,2.712800438007,3.492789587821)
  );
#49 = B_SPLINE_CURVE_WITH_KNOTS('',3,(#50,#51,#52,#53),.UNSPECIFIED.,.F.
  ,.F.,(4,4),(2.,3.),.PIECEWISE_BEZIER_KNOTS.);
#50 = CARTESIAN_POINT('',(-0.434346168311,2.712800438007,3.492789587821)
  );
#51 = CARTESIAN_POINT('',(-0.438859415102,2.712858043393,3.491407058569)
  );
#52 = CARTESIAN_POINT('',(-0.44436483156,2.712889969659,3.490640828186)
  );
#53 = CARTESIAN_POINT('',(-0.450759181925,2.712891857646,3.490595516487)
  );
#54 = ORIENTED_EDGE('',*,*,#55,.F.);
#55 = EDGE_CURVE('',#56,#47,#58,.T.);
#56 = VERTEX_POINT('',#57);
#57 = CARTESIAN_POINT('',(-0.434506924753,2.711856833732,3.515436090436)
  );
#58 = B_SPLINE_CURVE_WITH_KNOTS('',1,(#59,#60),.UNSPECIFIED.,.F.,.F.,(2,
    2),(-2.266672257622E-02,1.809351575145E-17),
  .PIECEWISE_BEZIER_KNOTS.);
#59 = CARTESIAN_POINT('',(-0.434506924753,2.711856833732,3.515436090436)
  );
#60 = CARTESIAN_POINT('',(-0.434346168311,2.712800438007,3.492789587821)
  );
#61 = ORIENTED_EDGE('',*,*,#62,.F.);
#62 = EDGE_CURVE('',#63,#56,#65,.T.);
#63 = VERTEX_POINT('',#64);
#64 = CARTESIAN_POINT('',(-0.448938548692,2.71198229777,3.512424953522)
  );
#65 = B_SPLINE_CURVE_WITH_KNOTS('',3,(#66,#67,#68,#69),.UNSPECIFIED.,.F.
  ,.F.,(4,4),(4.,5.),.PIECEWISE_BEZIER_KNOTS.);
#66 = CARTESIAN_POINT('',(-0.448938548692,2.71198229777,3.512424953522)
  );
#67 = CARTESIAN_POINT('',(-0.444259755743,2.711980916316,3.512458108423)
  );
#68 = CARTESIAN_POINT('',(-0.43948362635,2.711940548023,3.513426947456)
  );
#69 = CARTESIAN_POINT('',(-0.434506924753,2.711856833732,3.515436090436)
  );
#70 = ORIENTED_EDGE('',*,*,#71,.F.);
#71 = EDGE_CURVE('',#72,#63,#74,.T.);
#72 = VERTEX_POINT('',#73);
#73 = CARTESIAN_POINT('',(-0.475181086764,2.711137296599,3.532704981633)
  );
#74 = B_SPLINE_CURVE_WITH_KNOTS('',3,(#75,#76,#77,#78),.UNSPECIFIED.,.F.
  ,.F.,(4,4),(5.,6.),.PIECEWISE_BEZIER_KNOTS.);
#75 = CARTESIAN_POINT('',(-0.475181086764,2.711137296599,3.532704981633)
  );
#76 = CARTESIAN_POINT('',(-0.469313236696,2.711706949522,3.519033311463)
  );
#77 = CARTESIAN_POINT('',(-0.460583544479,2.711985736056,3.512342434655)
  );
#78 = CARTESIAN_POINT('',(-0.448938548692,2.71198229777,3.512424953522)
  );
#79 = ORIENTED_EDGE('',*,*,#80,.F.);
#80 = EDGE_CURVE('',#81,#72,#83,.T.);
#81 = VERTEX_POINT('',#82);
#82 = CARTESIAN_POINT('',(-0.486545506634,2.710041167904,3.559012070295)
  );
#83 = B_SPLINE_CURVE_WITH_KNOTS('',1,(#84,#85),.UNSPECIFIED.,.F.,.F.,(2,
    2),(-2.867776928081E-02,5.092225838192E-17),
  .PIECEWISE_BEZIER_KNOTS.);
#84 = CARTESIAN_POINT('',(-0.486545506634,2.710041167904,3.559012070295)
  );
#85 = CARTESIAN_POINT('',(-0.475181086764,2.711137296599,3.532704981633)
  );
#86 = ORIENTED_EDGE('',*,*,#87,.F.);
#87 = EDGE_CURVE('',#88,#81,#90,.T.);
#88 = VERTEX_POINT('',#89);
#89 = CARTESIAN_POINT('',(-0.43059616216,2.70399047165,3.704228780402));
#90 = B_SPLINE_CURVE_WITH_KNOTS('',1,(#91,#92),.UNSPECIFIED.,.F.,.F.,(2,
    2),(-0.155739631972,7.829040964171E-16),.PIECEWISE_BEZIER_KNOTS.);
#91 = CARTESIAN_POINT('',(-0.43059616216,2.70399047165,3.704228780402));
#92 = CARTESIAN_POINT('',(-0.486545506634,2.710041167904,3.559012070295)
  );
#93 = ORIENTED_EDGE('',*,*,#94,.F.);
#94 = EDGE_CURVE('',#95,#88,#97,.T.);
#95 = VERTEX_POINT('',#96);
#96 = CARTESIAN_POINT('',(-0.459084812565,2.703998883171,3.70402690389)
  );
#97 = B_SPLINE_CURVE_WITH_KNOTS('',1,(#98,#99),.UNSPECIFIED.,.F.,.F.,(2,
    2),(-2.84893669072E-02,4.430290979182E-16),
  .PIECEWISE_BEZIER_KNOTS.);
#98 = CARTESIAN_POINT('',(-0.459084812565,2.703998883171,3.70402690389)
  );
#99 = CARTESIAN_POINT('',(-0.43059616216,2.70399047165,3.704228780402));
#100 = ORIENTED_EDGE('',*,*,#101,.F.);
#101 = EDGE_CURVE('',#102,#95,#104,.T.);
#102 = VERTEX_POINT('',#103);
#103 = CARTESIAN_POINT('',(-0.496260736426,2.708554971279,3.594680789309
    ));
#104 = B_SPLINE_CURVE_WITH_KNOTS('',1,(#105,#106),.UNSPECIFIED.,.F.,.F.,
  (2,2),(-0.115582784306,7.002113956144E-17),.PIECEWISE_BEZIER_KNOTS.);
#105 = CARTESIAN_POINT('',(-0.496260736426,2.708554971279,3.594680789309
    ));
#106 = CARTESIAN_POINT('',(-0.459084812565,2.703998883171,3.70402690389)
  );
#107 = ORIENTED_EDGE('',*,*,#108,.F.);
#108 = EDGE_CURVE('',#109,#102,#111,.T.);
#109 = VERTEX_POINT('',#110);
#110 = CARTESIAN_POINT('',(-0.499295129016,2.709053665146,3.582712136496
    ));
#111 = B_SPLINE_CURVE_WITH_KNOTS('',1,(#112,#113),.UNSPECIFIED.,.F.,.F.,
  (2,2),(-1.235738176562E-02,1.776988103935E-16),
  .PIECEWISE_BEZIER_KNOTS.);
#112 = CARTESIAN_POINT('',(-0.499295129016,2.709053665146,3.582712136496
    ));
#113 = CARTESIAN_POINT('',(-0.496260736426,2.708554971279,3.594680789309
    ));
#114 = ORIENTED_EDGE('',*,*,#115,.F.);
#115 = EDGE_CURVE('',#116,#109,#118,.T.);
#116 = VERTEX_POINT('',#117);
#117 = CARTESIAN_POINT('',(-0.499970954664,2.709053864689,3.582707347455
    ));
#118 = B_SPLINE_CURVE_WITH_KNOTS('',1,(#119,#120),.UNSPECIFIED.,.F.,.F.,
  (2,2),(-6.758426448351E-04,5.556220229465E-16),
  .PIECEWISE_BEZIER_KNOTS.);
#119 = CARTESIAN_POINT('',(-0.499970954664,2.709053864689,3.582707347455
    ));
#120 = CARTESIAN_POINT('',(-0.499295129016,2.709053665146,3.582712136496
    ));
#121 = ORIENTED_EDGE('',*,*,#122,.F.);
#122 = EDGE_CURVE('',#123,#116,#125,.T.);
#123 = VERTEX_POINT('',#124);
#124 = CARTESIAN_POINT('',(-0.503173477845,2.708565669681,3.594424027653
    ));
#125 = B_SPLINE_CURVE_WITH_KNOTS('',3,(#126,#127,#128,#129),
  .UNSPECIFIED.,.F.,.F.,(4,4),(12.,13.),.PIECEWISE_BEZIER_KNOTS.);
#126 = CARTESIAN_POINT('',(-0.503173477845,2.708565669681,3.594424027653
    ));
#127 = CARTESIAN_POINT('',(-0.501577746867,2.708777303735,3.589344810351
    ));
#128 = CARTESIAN_POINT('',(-0.500509993333,2.708941478225,3.585404622606
    ));
#129 = CARTESIAN_POINT('',(-0.499970954664,2.709053864689,3.582707347455
    ));
#130 = ORIENTED_EDGE('',*,*,#131,.F.);
#131 = EDGE_CURVE('',#24,#123,#132,.T.);
#132 = B_SPLINE_CURVE_WITH_KNOTS('',1,(#133,#134),.UNSPECIFIED.,.F.,.F.,
  (2,2),(-0.116352871419,1.174262445688E-16),.PIECEWISE_BEZIER_KNOTS.);
#133 = CARTESIAN_POINT('',(-0.54361500519,2.704023841444,3.703427905336)
  );
#134 = CARTESIAN_POINT('',(-0.503173477845,2.708565669681,3.594424027653
    ));
#135 = FACE_BOUND('',#136,.T.);
#136 = EDGE_LOOP('',(#137,#148,#157,#164,#171,#178,#185,#194,#203,#212,
    #221,#228,#237,#246));
#137 = ORIENTED_EDGE('',*,*,#138,.F.);
#138 = EDGE_CURVE('',#139,#141,#143,.T.);
#139 = VERTEX_POINT('',#140);
#140 = CARTESIAN_POINT('',(-0.232238938369,2.703793387271,3.708958805493
    ));
#141 = VERTEX_POINT('',#142);
#142 = CARTESIAN_POINT('',(-0.182131976461,2.704341320858,3.695808399415
    ));
#143 = B_SPLINE_CURVE_WITH_KNOTS('',3,(#144,#145,#146,#147),
  .UNSPECIFIED.,.F.,.F.,(4,4),(0.,1.),.PIECEWISE_BEZIER_KNOTS.);
#144 = CARTESIAN_POINT('',(-0.232238938369,2.703793387271,3.708958805493
    ));
#145 = CARTESIAN_POINT('',(-0.213315820217,2.703787800056,3.70909289865)
  );
#146 = CARTESIAN_POINT('',(-0.196596416523,2.703968996649,3.704744180433
    ));
#147 = CARTESIAN_POINT('',(-0.182131976461,2.704341320858,3.695808399415
    ));
#148 = ORIENTED_EDGE('',*,*,#149,.F.);
#149 = EDGE_CURVE('',#150,#139,#152,.T.);
#150 = VERTEX_POINT('',#151);
#151 = CARTESIAN_POINT('',(-0.284354562698,2.706102974047,3.653528722876
    ));
#152 = B_SPLINE_CURVE_WITH_KNOTS('',3,(#153,#154,#155,#156),
  .UNSPECIFIED.,.F.,.F.,(4,4),(1.,2.),.PIECEWISE_BEZIER_KNOTS.);
#153 = CARTESIAN_POINT('',(-0.284354562698,2.706102974047,3.653528722876
    ));
#154 = CARTESIAN_POINT('',(-0.284615607564,2.704570699214,3.690303318865
    ));
#155 = CARTESIAN_POINT('',(-0.267225912314,2.703803717479,3.708710880507
    ));
#156 = CARTESIAN_POINT('',(-0.232238938369,2.703793387271,3.708958805493
    ));
#157 = ORIENTED_EDGE('',*,*,#158,.F.);
#158 = EDGE_CURVE('',#159,#150,#161,.T.);
#159 = VERTEX_POINT('',#160);
#160 = CARTESIAN_POINT('',(-0.283691626725,2.709994259569,3.560137870353
    ));
#161 = B_SPLINE_CURVE_WITH_KNOTS('',1,(#162,#163),.UNSPECIFIED.,.F.,.F.,
  (2,2),(-9.347423667573E-02,9.204235873242E-17),
  .PIECEWISE_BEZIER_KNOTS.);
#162 = CARTESIAN_POINT('',(-0.283691626725,2.709994259569,3.560137870353
    ));
#163 = CARTESIAN_POINT('',(-0.284354562698,2.706102974047,3.653528722876
    ));
#164 = ORIENTED_EDGE('',*,*,#165,.F.);
#165 = EDGE_CURVE('',#166,#159,#168,.T.);
#166 = VERTEX_POINT('',#167);
#167 = CARTESIAN_POINT('',(-0.258218198444,2.709986738318,3.560318380372
    ));
#168 = B_SPLINE_CURVE_WITH_KNOTS('',1,(#169,#170),.UNSPECIFIED.,.F.,.F.,
  (2,2),(-2.547406894985E-02,-1.115439818576E-16),
  .PIECEWISE_BEZIER_KNOTS.);
#169 = CARTESIAN_POINT('',(-0.258218198444,2.709986738318,3.560318380372
    ));
#170 = CARTESIAN_POINT('',(-0.283691626725,2.709994259569,3.560137870353
    ));
#171 = ORIENTED_EDGE('',*,*,#172,.F.);
#172 = EDGE_CURVE('',#173,#166,#175,.T.);
#173 = VERTEX_POINT('',#174);
#174 = CARTESIAN_POINT('',(-0.258377480057,2.709051790962,3.582757116907
    ));
#175 = B_SPLINE_CURVE_WITH_KNOTS('',1,(#176,#177),.UNSPECIFIED.,.F.,.F.,
  (2,2),(-2.24587709918E-02,-1.817225475019E-16),
  .PIECEWISE_BEZIER_KNOTS.);
#176 = CARTESIAN_POINT('',(-0.258377480057,2.709051790962,3.582757116907
    ));
#177 = CARTESIAN_POINT('',(-0.258218198444,2.709986738318,3.560318380372
    ));
#178 = ORIENTED_EDGE('',*,*,#179,.F.);
#179 = EDGE_CURVE('',#180,#173,#182,.T.);
#180 = VERTEX_POINT('',#181);
#181 = CARTESIAN_POINT('',(-0.257701654408,2.709051591419,3.582761905948
    ));
#182 = B_SPLINE_CURVE_WITH_KNOTS('',1,(#183,#184),.UNSPECIFIED.,.F.,.F.,
  (2,2),(-6.758426455277E-04,1.136418681987E-16),
  .PIECEWISE_BEZIER_KNOTS.);
#183 = CARTESIAN_POINT('',(-0.257701654408,2.709051591419,3.582761905948
    ));
#184 = CARTESIAN_POINT('',(-0.258377480057,2.709051790962,3.582757116907
    ));
#185 = ORIENTED_EDGE('',*,*,#186,.F.);
#186 = EDGE_CURVE('',#187,#180,#189,.T.);
#187 = VERTEX_POINT('',#188);
#188 = CARTESIAN_POINT('',(-0.213017518494,2.710116238789,3.557210369062
    ));
#189 = B_SPLINE_CURVE_WITH_KNOTS('',3,(#190,#191,#192,#193),
  .UNSPECIFIED.,.F.,.F.,(4,4),(6.,7.),.PIECEWISE_BEZIER_KNOTS.);
#190 = CARTESIAN_POINT('',(-0.213017518494,2.710116238789,3.557210369062
    ));
#191 = CARTESIAN_POINT('',(-0.232616462295,2.710122025547,3.557071486863
    ));
#192 = CARTESIAN_POINT('',(-0.247545831992,2.709767153324,3.565588420234
    ));
#193 = CARTESIAN_POINT('',(-0.257701654408,2.709051591419,3.582761905948
    ));
#194 = ORIENTED_EDGE('',*,*,#195,.F.);
#195 = EDGE_CURVE('',#196,#187,#198,.T.);
#196 = VERTEX_POINT('',#197);
#197 = CARTESIAN_POINT('',(-0.17951529807,2.70963019242,3.568875481924)
  );
#198 = B_SPLINE_CURVE_WITH_KNOTS('',3,(#199,#200,#201,#202),
  .UNSPECIFIED.,.F.,.F.,(4,4),(7.,8.),.PIECEWISE_BEZIER_KNOTS.);
#199 = CARTESIAN_POINT('',(-0.17951529807,2.70963019242,3.568875481924)
  );
#200 = CARTESIAN_POINT('',(-0.187779320916,2.709948625917,3.561233077992
    ));
#201 = CARTESIAN_POINT('',(-0.198929153057,2.710112079077,3.557310202155
    ));
#202 = CARTESIAN_POINT('',(-0.213017518494,2.710116238789,3.557210369062
    ));
#203 = ORIENTED_EDGE('',*,*,#204,.F.);
#204 = EDGE_CURVE('',#205,#196,#207,.T.);
#205 = VERTEX_POINT('',#206);
#206 = CARTESIAN_POINT('',(-0.167257529088,2.708340955928,3.599817157732
    ));
#207 = B_SPLINE_CURVE_WITH_KNOTS('',3,(#208,#209,#210,#211),
  .UNSPECIFIED.,.F.,.F.,(4,4),(8.,9.),.PIECEWISE_BEZIER_KNOTS.);
#208 = CARTESIAN_POINT('',(-0.167257529088,2.708340955928,3.599817157732
    ));
#209 = CARTESIAN_POINT('',(-0.167165352229,2.708882013425,3.586831777792
    ));
#210 = CARTESIAN_POINT('',(-0.171251275222,2.709311758923,3.576517885855
    ));
#211 = CARTESIAN_POINT('',(-0.17951529807,2.70963019242,3.568875481924)
  );
#212 = ORIENTED_EDGE('',*,*,#213,.F.);
#213 = EDGE_CURVE('',#214,#205,#216,.T.);
#214 = VERTEX_POINT('',#215);
#215 = CARTESIAN_POINT('',(-0.215785357653,2.706381407156,3.646846328264
    ));
#216 = B_SPLINE_CURVE_WITH_KNOTS('',3,(#217,#218,#219,#220),
  .UNSPECIFIED.,.F.,.F.,(4,4),(9.,10.),.PIECEWISE_BEZIER_KNOTS.);
#217 = CARTESIAN_POINT('',(-0.215785357653,2.706381407156,3.646846328264
    ));
#218 = CARTESIAN_POINT('',(-0.183625937226,2.706558044949,3.642607021222
    ));
#219 = CARTESIAN_POINT('',(-0.16744999437,2.707211227873,3.626930631045)
  );
#220 = CARTESIAN_POINT('',(-0.167257529088,2.708340955928,3.599817157732
    ));
#221 = ORIENTED_EDGE('',*,*,#222,.F.);
#222 = EDGE_CURVE('',#223,#214,#225,.T.);
#223 = VERTEX_POINT('',#224);
#224 = CARTESIAN_POINT('',(-0.258873022853,2.706143065856,3.652566519462
    ));
#225 = B_SPLINE_CURVE_WITH_KNOTS('',1,(#226,#227),.UNSPECIFIED.,.F.,.F.,
  (2,2),(-4.346635809804E-02,-9.22816684533E-17),
  .PIECEWISE_BEZIER_KNOTS.);
#226 = CARTESIAN_POINT('',(-0.258873022853,2.706143065856,3.652566519462
    ));
#227 = CARTESIAN_POINT('',(-0.215785357653,2.706381407156,3.646846328264
    ));
#228 = ORIENTED_EDGE('',*,*,#229,.F.);
#229 = EDGE_CURVE('',#230,#223,#232,.T.);
#230 = VERTEX_POINT('',#231);
#231 = CARTESIAN_POINT('',(-0.229700809745,2.70465404473,3.688303026468)
  );
#232 = B_SPLINE_CURVE_WITH_KNOTS('',3,(#233,#234,#235,#236),
  .UNSPECIFIED.,.F.,.F.,(4,4),(11.,12.),.PIECEWISE_BEZIER_KNOTS.);
#233 = CARTESIAN_POINT('',(-0.229700809745,2.70465404473,3.688303026468)
  );
#234 = CARTESIAN_POINT('',(-0.249299753546,2.704659831489,3.688164144269
    ));
#235 = CARTESIAN_POINT('',(-0.259041153444,2.70515617698,3.676251852471)
  );
#236 = CARTESIAN_POINT('',(-0.258873022853,2.706143065856,3.652566519462
    ));
#237 = ORIENTED_EDGE('',*,*,#238,.F.);
#238 = EDGE_CURVE('',#239,#230,#241,.T.);
#239 = VERTEX_POINT('',#240);
#240 = CARTESIAN_POINT('',(-0.181956471721,2.705371494333,3.671084236009
    ));
#241 = B_SPLINE_CURVE_WITH_KNOTS('',3,(#242,#243,#244,#245),
  .UNSPECIFIED.,.F.,.F.,(4,4),(12.,13.),.PIECEWISE_BEZIER_KNOTS.);
#242 = CARTESIAN_POINT('',(-0.181956471721,2.705371494333,3.671084236009
    ));
#243 = CARTESIAN_POINT('',(-0.196387360566,2.704890943275,3.682617461404
    ));
#244 = CARTESIAN_POINT('',(-0.212285302655,2.704648902651,3.688426436379
    ));
#245 = CARTESIAN_POINT('',(-0.229700809745,2.70465404473,3.688303026468)
  );
#246 = ORIENTED_EDGE('',*,*,#247,.F.);
#247 = EDGE_CURVE('',#141,#239,#248,.T.);
#248 = B_SPLINE_CURVE_WITH_KNOTS('',1,(#249,#250),.UNSPECIFIED.,.F.,.F.,
  (2,2),(-2.474623840926E-02,-7.355514798719E-17),
  .PIECEWISE_BEZIER_KNOTS.);
#249 = CARTESIAN_POINT('',(-0.182131976461,2.704341320858,3.695808399415
    ));
#250 = CARTESIAN_POINT('',(-0.181956471721,2.705371494333,3.671084236009
    ));
#251 = FACE_BOUND('',#252,.T.);
#252 = EDGE_LOOP('',(#253,#262,#269,#276,#283,#290,#297,#304,#311,#318,
    #325,#332));
#253 = ORIENTED_EDGE('',*,*,#254,.F.);
#254 = EDGE_CURVE('',#255,#257,#259,.T.);
#255 = VERTEX_POINT('',#256);
#256 = CARTESIAN_POINT('',(-0.142600025998,2.709952601049,3.561137674829
    ));
#257 = VERTEX_POINT('',#258);
#258 = CARTESIAN_POINT('',(-0.142764469515,2.708987354473,3.58430359264)
  );
#259 = B_SPLINE_CURVE_WITH_KNOTS('',1,(#260,#261),.UNSPECIFIED.,.F.,.F.,
  (2,2),(-2.318660153379E-02,-1.632353367566E-16),
  .PIECEWISE_BEZIER_KNOTS.);
#260 = CARTESIAN_POINT('',(-0.142600025998,2.709952601049,3.561137674829
    ));
#261 = CARTESIAN_POINT('',(-0.142764469515,2.708987354473,3.58430359264)
  );
#262 = ORIENTED_EDGE('',*,*,#263,.F.);
#263 = EDGE_CURVE('',#264,#255,#266,.T.);
#264 = VERTEX_POINT('',#265);
#265 = CARTESIAN_POINT('',(-3.322024415173E-02,2.709920305719,
    3.561912762749));
#266 = B_SPLINE_CURVE_WITH_KNOTS('',1,(#267,#268),.UNSPECIFIED.,.F.,.F.,
  (2,2),(-0.109382532797,0.),.PIECEWISE_BEZIER_KNOTS.);
#267 = CARTESIAN_POINT('',(-3.322024415173E-02,2.709920305719,
    3.561912762749));
#268 = CARTESIAN_POINT('',(-0.142600025998,2.709952601049,3.561137674829
    ));
#269 = ORIENTED_EDGE('',*,*,#270,.F.);
#270 = EDGE_CURVE('',#271,#264,#273,.T.);
#271 = VERTEX_POINT('',#272);
#272 = CARTESIAN_POINT('',(-3.466262764717E-02,2.701453837998,
    3.765107988041));
#273 = B_SPLINE_CURVE_WITH_KNOTS('',1,(#274,#275),.UNSPECIFIED.,.F.,.F.,
  (2,2),(-0.203376648431,-3.112314464671E-16),.PIECEWISE_BEZIER_KNOTS.);
#274 = CARTESIAN_POINT('',(-3.466262764717E-02,2.701453837998,
    3.765107988041));
#275 = CARTESIAN_POINT('',(-3.322024415173E-02,2.709920305719,
    3.561912762749));
#276 = ORIENTED_EDGE('',*,*,#277,.F.);
#277 = EDGE_CURVE('',#278,#271,#280,.T.);
#278 = VERTEX_POINT('',#279);
#279 = CARTESIAN_POINT('',(-0.139415603132,2.701484767224,3.764365686634
    ));
#280 = B_SPLINE_CURVE_WITH_KNOTS('',1,(#281,#282),.UNSPECIFIED.,.F.,.F.,
  (2,2),(-0.104755610069,9.527024430475E-16),.PIECEWISE_BEZIER_KNOTS.);
#281 = CARTESIAN_POINT('',(-0.139415603132,2.701484767224,3.764365686634
    ));
#282 = CARTESIAN_POINT('',(-3.466262764717E-02,2.701453837998,
    3.765107988041));
#283 = ORIENTED_EDGE('',*,*,#284,.F.);
#284 = EDGE_CURVE('',#285,#278,#287,.T.);
#285 = VERTEX_POINT('',#286);
#286 = CARTESIAN_POINT('',(-0.139249684785,2.702458670719,3.740992002743
    ));
#287 = B_SPLINE_CURVE_WITH_KNOTS('',1,(#288,#289),.UNSPECIFIED.,.F.,.F.,
  (2,2),(-2.339455311681E-02,9.696354615522E-17),
  .PIECEWISE_BEZIER_KNOTS.);
#288 = CARTESIAN_POINT('',(-0.139249684785,2.702458670719,3.740992002743
    ));
#289 = CARTESIAN_POINT('',(-0.139415603132,2.701484767224,3.764365686634
    ));
#290 = ORIENTED_EDGE('',*,*,#291,.F.);
#291 = EDGE_CURVE('',#292,#285,#294,.T.);
#292 = VERTEX_POINT('',#293);
#293 = CARTESIAN_POINT('',(-6.07499364068E-02,2.702435492987,
    3.741548268314));
#294 = B_SPLINE_CURVE_WITH_KNOTS('',1,(#295,#296),.UNSPECIFIED.,.F.,.F.,
  (2,2),(-7.850172268188E-02,7.766121003202E-16),
  .PIECEWISE_BEZIER_KNOTS.);
#295 = CARTESIAN_POINT('',(-6.07499364068E-02,2.702435492987,
    3.741548268314));
#296 = CARTESIAN_POINT('',(-0.139249684785,2.702458670719,3.740992002743
    ));
#297 = ORIENTED_EDGE('',*,*,#298,.F.);
#298 = EDGE_CURVE('',#299,#292,#301,.T.);
#299 = VERTEX_POINT('',#300);
#300 = CARTESIAN_POINT('',(-6.028831469507E-02,2.705145108934,
    3.676517485577));
#301 = B_SPLINE_CURVE_WITH_KNOTS('',1,(#302,#303),.UNSPECIFIED.,.F.,.F.,
  (2,2),(-6.508884556213E-02,-1.263101271404E-16),
  .PIECEWISE_BEZIER_KNOTS.);
#302 = CARTESIAN_POINT('',(-6.028831469507E-02,2.705145108934,
    3.676517485577));
#303 = CARTESIAN_POINT('',(-6.07499364068E-02,2.702435492987,
    3.741548268314));
#304 = ORIENTED_EDGE('',*,*,#305,.F.);
#305 = EDGE_CURVE('',#306,#299,#308,.T.);
#306 = VERTEX_POINT('',#307);
#307 = CARTESIAN_POINT('',(-0.133017551769,2.705166582873,3.676002111051
    ));
#308 = B_SPLINE_CURVE_WITH_KNOTS('',1,(#309,#310),.UNSPECIFIED.,.F.,.F.,
  (2,2),(-7.273106624666E-02,3.890927575382E-16),
  .PIECEWISE_BEZIER_KNOTS.);
#309 = CARTESIAN_POINT('',(-0.133017551769,2.705166582873,3.676002111051
    ));
#310 = CARTESIAN_POINT('',(-6.028831469507E-02,2.705145108934,
    3.676517485577));
#311 = ORIENTED_EDGE('',*,*,#312,.F.);
#312 = EDGE_CURVE('',#313,#306,#315,.T.);
#313 = VERTEX_POINT('',#314);
#314 = CARTESIAN_POINT('',(-0.132852370837,2.706136157908,3.6527323102)
  );
#315 = B_SPLINE_CURVE_WITH_KNOTS('',1,(#316,#317),.UNSPECIFIED.,.F.,.F.,
  (2,2),(-2.32905773253E-02,6.942135055201E-17),
  .PIECEWISE_BEZIER_KNOTS.);
#316 = CARTESIAN_POINT('',(-0.132852370837,2.706136157908,3.6527323102)
  );
#317 = CARTESIAN_POINT('',(-0.133017551769,2.705166582873,3.676002111051
    ));
#318 = ORIENTED_EDGE('',*,*,#319,.F.);
#319 = EDGE_CURVE('',#320,#313,#322,.T.);
#320 = VERTEX_POINT('',#321);
#321 = CARTESIAN_POINT('',(-6.012313376308E-02,2.70611468397,
    3.653247684726));
#322 = B_SPLINE_CURVE_WITH_KNOTS('',1,(#323,#324),.UNSPECIFIED.,.F.,.F.,
  (2,2),(-7.273106624666E-02,-1.670537369937E-16),
  .PIECEWISE_BEZIER_KNOTS.);
#323 = CARTESIAN_POINT('',(-6.012313376308E-02,2.70611468397,
    3.653247684726));
#324 = CARTESIAN_POINT('',(-0.132852370837,2.706136157908,3.6527323102)
  );
#325 = ORIENTED_EDGE('',*,*,#326,.F.);
#326 = EDGE_CURVE('',#327,#320,#329,.T.);
#327 = VERTEX_POINT('',#328);
#328 = CARTESIAN_POINT('',(-5.963791477535E-02,2.708962810636,
    3.584892644725));
#329 = B_SPLINE_CURVE_WITH_KNOTS('',1,(#330,#331),.UNSPECIFIED.,.F.,.F.,
  (2,2),(-6.841607089331E-02,7.857475915845E-17),
  .PIECEWISE_BEZIER_KNOTS.);
#330 = CARTESIAN_POINT('',(-5.963791477535E-02,2.708962810636,
    3.584892644725));
#331 = CARTESIAN_POINT('',(-6.012313376308E-02,2.70611468397,
    3.653247684726));
#332 = ORIENTED_EDGE('',*,*,#333,.F.);
#333 = EDGE_CURVE('',#257,#327,#334,.T.);
#334 = B_SPLINE_CURVE_WITH_KNOTS('',1,(#335,#336),.UNSPECIFIED.,.F.,.F.,
  (2,2),(-8.312864540976E-02,4.909550732949E-17),
  .PIECEWISE_BEZIER_KNOTS.);
#335 = CARTESIAN_POINT('',(-0.142764469515,2.708987354473,3.58430359264)
  );
#336 = CARTESIAN_POINT('',(-5.963791477535E-02,2.708962810636,
    3.584892644725));
#337 = FACE_BOUND('',#338,.T.);
#338 = EDGE_LOOP('',(#339,#350,#359,#368,#377,#386,#395,#402,#411,#420,
    #429,#438,#447,#456));
#339 = ORIENTED_EDGE('',*,*,#340,.F.);
#340 = EDGE_CURVE('',#341,#343,#345,.T.);
#341 = VERTEX_POINT('',#342);
#342 = CARTESIAN_POINT('',(-0.247017535732,2.696694390662,3.879334724123
    ));
#343 = VERTEX_POINT('',#344);
#344 = CARTESIAN_POINT('',(-0.30340307619,2.696217569723,3.890778426646)
  );
#345 = B_SPLINE_CURVE_WITH_KNOTS('',3,(#346,#347,#348,#349),
  .UNSPECIFIED.,.F.,.F.,(4,4),(0.,1.),.PIECEWISE_BEZIER_KNOTS.);
#346 = CARTESIAN_POINT('',(-0.247017535732,2.696694390662,3.879334724123
    ));
#347 = CARTESIAN_POINT('',(-0.269579715068,2.696701052341,3.87917484382)
  );
#348 = CARTESIAN_POINT('',(-0.28837489522,2.696542112028,3.882989411327)
  );
#349 = CARTESIAN_POINT('',(-0.30340307619,2.696217569723,3.890778426646)
  );
#350 = ORIENTED_EDGE('',*,*,#351,.F.);
#351 = EDGE_CURVE('',#352,#341,#354,.T.);
#352 = VERTEX_POINT('',#353);
#353 = CARTESIAN_POINT('',(-0.177344450789,2.69551806213,3.90756660887)
  );
#354 = B_SPLINE_CURVE_WITH_KNOTS('',3,(#355,#356,#357,#358),
  .UNSPECIFIED.,.F.,.F.,(4,4),(1.,2.),.PIECEWISE_BEZIER_KNOTS.);
#355 = CARTESIAN_POINT('',(-0.177344450789,2.69551806213,3.90756660887)
  );
#356 = CARTESIAN_POINT('',(-0.194628698032,2.696293670086,3.888952017925
    ));
#357 = CARTESIAN_POINT('',(-0.217853059679,2.696685779597,3.879541389676
    ));
#358 = CARTESIAN_POINT('',(-0.247017535732,2.696694390662,3.879334724123
    ));
#359 = ORIENTED_EDGE('',*,*,#360,.F.);
#360 = EDGE_CURVE('',#361,#352,#363,.T.);
#361 = VERTEX_POINT('',#362);
#362 = CARTESIAN_POINT('',(-0.151768535764,2.69245013548,3.98119684848)
  );
#363 = B_SPLINE_CURVE_WITH_KNOTS('',3,(#364,#365,#366,#367),
  .UNSPECIFIED.,.F.,.F.,(4,4),(2.,3.),.PIECEWISE_BEZIER_KNOTS.);
#364 = CARTESIAN_POINT('',(-0.151768535764,2.69245013548,3.98119684848)
  );
#365 = CARTESIAN_POINT('',(-0.151552473205,2.693718374254,3.950759117902
    ));
#366 = CARTESIAN_POINT('',(-0.160060203546,2.694742454174,3.926181199815
    ));
#367 = CARTESIAN_POINT('',(-0.177344450789,2.69551806213,3.90756660887)
  );
#368 = ORIENTED_EDGE('',*,*,#369,.F.);
#369 = EDGE_CURVE('',#370,#361,#372,.T.);
#370 = VERTEX_POINT('',#371);
#371 = CARTESIAN_POINT('',(-0.181701393475,2.689169178358,4.059939819408
    ));
#372 = B_SPLINE_CURVE_WITH_KNOTS('',3,(#373,#374,#375,#376),
  .UNSPECIFIED.,.F.,.F.,(4,4),(3.,4.),.PIECEWISE_BEZIER_KNOTS.);
#373 = CARTESIAN_POINT('',(-0.181701393475,2.689169178358,4.059939819408
    ));
#374 = CARTESIAN_POINT('',(-0.161960866018,2.689994455916,4.04013315802)
  );
#375 = CARTESIAN_POINT('',(-0.152000821449,2.691086670586,4.013920005928
    ));
#376 = CARTESIAN_POINT('',(-0.151768535764,2.69245013548,3.98119684848)
  );
#377 = ORIENTED_EDGE('',*,*,#378,.F.);
#378 = EDGE_CURVE('',#379,#370,#381,.T.);
#379 = VERTEX_POINT('',#380);
#380 = CARTESIAN_POINT('',(-0.256618496389,2.687944639103,4.089328761527
    ));
#381 = B_SPLINE_CURVE_WITH_KNOTS('',3,(#382,#383,#384,#385),
  .UNSPECIFIED.,.F.,.F.,(4,4),(4.,5.),.PIECEWISE_BEZIER_KNOTS.);
#382 = CARTESIAN_POINT('',(-0.256618496389,2.687944639103,4.089328761527
    ));
#383 = CARTESIAN_POINT('',(-0.22641428857,2.687935721049,4.089542794836)
  );
#384 = CARTESIAN_POINT('',(-0.201441920932,2.6883439008,4.079746480797)
  );
#385 = CARTESIAN_POINT('',(-0.181701393475,2.689169178358,4.059939819408
    ));
#386 = ORIENTED_EDGE('',*,*,#387,.F.);
#387 = EDGE_CURVE('',#388,#379,#390,.T.);
#388 = VERTEX_POINT('',#389);
#389 = CARTESIAN_POINT('',(-0.304751070581,2.68830514488,4.080676622879)
  );
#390 = B_SPLINE_CURVE_WITH_KNOTS('',3,(#391,#392,#393,#394),
  .UNSPECIFIED.,.F.,.F.,(4,4),(5.,6.),.PIECEWISE_BEZIER_KNOTS.);
#391 = CARTESIAN_POINT('',(-0.304751070581,2.68830514488,4.080676622879)
  );
#392 = CARTESIAN_POINT('',(-0.292105426017,2.688071991225,4.086272310596
    ));
#393 = CARTESIAN_POINT('',(-0.276061480424,2.687950379813,4.089190984492
    ));
#394 = CARTESIAN_POINT('',(-0.256618496389,2.687944639103,4.089328761527
    ));
#395 = ORIENTED_EDGE('',*,*,#396,.F.);
#396 = EDGE_CURVE('',#397,#388,#399,.T.);
#397 = VERTEX_POINT('',#398);
#398 = CARTESIAN_POINT('',(-0.304556393054,2.689447858315,4.053251500448
    ));
#399 = B_SPLINE_CURVE_WITH_KNOTS('',1,(#400,#401),.UNSPECIFIED.,.F.,.F.,
  (2,2),(-2.744960898998E-02,9.282974872004E-17),
  .PIECEWISE_BEZIER_KNOTS.);
#400 = CARTESIAN_POINT('',(-0.304556393054,2.689447858315,4.053251500448
    ));
#401 = CARTESIAN_POINT('',(-0.304751070581,2.68830514488,4.080676622879)
  );
#402 = ORIENTED_EDGE('',*,*,#403,.F.);
#403 = EDGE_CURVE('',#404,#397,#406,.T.);
#404 = VERTEX_POINT('',#405);
#405 = CARTESIAN_POINT('',(-0.256710298739,2.688931604726,4.065641586578
    ));
#406 = B_SPLINE_CURVE_WITH_KNOTS('',3,(#407,#408,#409,#410),
  .UNSPECIFIED.,.F.,.F.,(4,4),(7.,8.),.PIECEWISE_BEZIER_KNOTS.);
#407 = CARTESIAN_POINT('',(-0.256710298739,2.688931604726,4.065641586578
    ));
#408 = CARTESIAN_POINT('',(-0.27412580583,2.688936746806,4.065518176666)
  );
#409 = CARTESIAN_POINT('',(-0.290057666682,2.689105940579,4.061457526112
    ));
#410 = CARTESIAN_POINT('',(-0.304556393054,2.689447858315,4.053251500448
    ));
#411 = ORIENTED_EDGE('',*,*,#412,.F.);
#412 = EDGE_CURVE('',#413,#404,#415,.T.);
#413 = VERTEX_POINT('',#414);
#414 = CARTESIAN_POINT('',(-0.201132576552,2.689854517984,4.043491668393
    ));
#415 = B_SPLINE_CURVE_WITH_KNOTS('',3,(#416,#417,#418,#419),
  .UNSPECIFIED.,.F.,.F.,(4,4),(8.,9.),.PIECEWISE_BEZIER_KNOTS.);
#416 = CARTESIAN_POINT('',(-0.201132576552,2.689854517984,4.043491668393
    ));
#417 = CARTESIAN_POINT('',(-0.215535813499,2.689231112397,4.058453402479
    ));
#418 = CARTESIAN_POINT('',(-0.234044146228,2.688924912348,4.065802203656
    ));
#419 = CARTESIAN_POINT('',(-0.256710298739,2.688931604726,4.065641586578
    ));
#420 = ORIENTED_EDGE('',*,*,#421,.F.);
#421 = EDGE_CURVE('',#422,#413,#424,.T.);
#422 = VERTEX_POINT('',#423);
#423 = CARTESIAN_POINT('',(-0.179332488802,2.692393343811,3.982559848542
    ));
#424 = B_SPLINE_CURVE_WITH_KNOTS('',3,(#425,#426,#427,#428),
  .UNSPECIFIED.,.F.,.F.,(4,4),(9.,10.),.PIECEWISE_BEZIER_KNOTS.);
#425 = CARTESIAN_POINT('',(-0.179332488802,2.692393343811,3.982559848542
    ));
#426 = CARTESIAN_POINT('',(-0.179513892861,2.691328542656,4.008115076263
    ));
#427 = CARTESIAN_POINT('',(-0.186780588777,2.69048226738,4.028425682879)
  );
#428 = CARTESIAN_POINT('',(-0.201132576552,2.689854517984,4.043491668393
    ));
#429 = ORIENTED_EDGE('',*,*,#430,.F.);
#430 = EDGE_CURVE('',#431,#422,#433,.T.);
#431 = VERTEX_POINT('',#432);
#432 = CARTESIAN_POINT('',(-0.19888386122,2.694814518684,3.924451651579)
  );
#433 = B_SPLINE_CURVE_WITH_KNOTS('',3,(#434,#435,#436,#437),
  .UNSPECIFIED.,.F.,.F.,(4,4),(10.,11.),.PIECEWISE_BEZIER_KNOTS.);
#434 = CARTESIAN_POINT('',(-0.19888386122,2.694814518684,3.924451651579)
  );
#435 = CARTESIAN_POINT('',(-0.18567705786,2.694213261737,3.938881818308)
  );
#436 = CARTESIAN_POINT('',(-0.179159933721,2.693406203446,3.958251217296
    ));
#437 = CARTESIAN_POINT('',(-0.179332488802,2.692393343811,3.982559848542
    ));
#438 = ORIENTED_EDGE('',*,*,#439,.F.);
#439 = EDGE_CURVE('',#440,#431,#442,.T.);
#440 = VERTEX_POINT('',#441);
#441 = CARTESIAN_POINT('',(-0.250978475027,2.695721607679,3.902681515704
    ));
#442 = B_SPLINE_CURVE_WITH_KNOTS('',3,(#443,#444,#445,#446),
  .UNSPECIFIED.,.F.,.F.,(4,4),(11.,12.),.PIECEWISE_BEZIER_KNOTS.);
#443 = CARTESIAN_POINT('',(-0.250978475027,2.695721607679,3.902681515704
    ));
#444 = CARTESIAN_POINT('',(-0.229456027459,2.69571525299,3.902834028252)
  );
#445 = CARTESIAN_POINT('',(-0.212091401995,2.695411447171,3.91012536789)
  );
#446 = CARTESIAN_POINT('',(-0.19888386122,2.694814518684,3.924451651579)
  );
#447 = ORIENTED_EDGE('',*,*,#448,.F.);
#448 = EDGE_CURVE('',#449,#440,#451,.T.);
#449 = VERTEX_POINT('',#450);
#450 = CARTESIAN_POINT('',(-0.30358153059,2.695170082408,3.915918122209)
  );
#451 = B_SPLINE_CURVE_WITH_KNOTS('',3,(#452,#453,#454,#455),
  .UNSPECIFIED.,.F.,.F.,(4,4),(12.,13.),.PIECEWISE_BEZIER_KNOTS.);
#452 = CARTESIAN_POINT('',(-0.30358153059,2.695170082408,3.915918122209)
  );
#453 = CARTESIAN_POINT('',(-0.288649211233,2.695542268472,3.90698565668)
  );
#454 = CARTESIAN_POINT('',(-0.271097284711,2.695727547932,3.902538949628
    ));
#455 = CARTESIAN_POINT('',(-0.250978475027,2.695721607679,3.902681515704
    ));
#456 = ORIENTED_EDGE('',*,*,#457,.F.);
#457 = EDGE_CURVE('',#343,#449,#458,.T.);
#458 = B_SPLINE_CURVE_WITH_KNOTS('',1,(#459,#460),.UNSPECIFIED.,.F.,.F.,
  (2,2),(-2.516214157531E-02,-1.475039909682E-16),
  .PIECEWISE_BEZIER_KNOTS.);
#459 = CARTESIAN_POINT('',(-0.30340307619,2.696217569723,3.890778426646)
  );
#460 = CARTESIAN_POINT('',(-0.30358153059,2.695170082408,3.915918122209)
  );
#461 = FACE_BOUND('',#462,.T.);
#462 = EDGE_LOOP('',(#463,#472,#479,#486));
#463 = ORIENTED_EDGE('',*,*,#464,.F.);
#464 = EDGE_CURVE('',#465,#467,#469,.T.);
#465 = VERTEX_POINT('',#466);
#466 = CARTESIAN_POINT('',(-5.25,2.75,2.6000001));
#467 = VERTEX_POINT('',#468);
#468 = CARTESIAN_POINT('',(5.25,2.75,2.6000001));
#469 = B_SPLINE_CURVE_WITH_KNOTS('',1,(#470,#471),.UNSPECIFIED.,.F.,.F.,
  (2,2),(0.,10.5),.PIECEWISE_BEZIER_KNOTS.);
#470 = CARTESIAN_POINT('',(-5.25,2.75,2.6000001));
#471 = CARTESIAN_POINT('',(5.25,2.75,2.6000001));
#472 = ORIENTED_EDGE('',*,*,#473,.F.);
#473 = EDGE_CURVE('',#474,#465,#476,.T.);
#474 = VERTEX_POINT('',#475);
#475 = CARTESIAN_POINT('',(-4.8,2.65,5.0000001));
#476 = B_SPLINE_CURVE_WITH_KNOTS('',1,(#477,#478),.UNSPECIFIED.,.F.,.F.,
  (2,2),(-4.091870878142E-03,2.439778011092),.PIECEWISE_BEZIER_KNOTS.);
#477 = CARTESIAN_POINT('',(-4.8,2.65,5.0000001));
#478 = CARTESIAN_POINT('',(-5.25,2.75,2.6000001));
#479 = ORIENTED_EDGE('',*,*,#480,.T.);
#480 = EDGE_CURVE('',#474,#481,#483,.T.);
#481 = VERTEX_POINT('',#482);
#482 = CARTESIAN_POINT('',(4.8,2.65,5.0000001));
#483 = B_SPLINE_CURVE_WITH_KNOTS('',1,(#484,#485),.UNSPECIFIED.,.F.,.F.,
  (2,2),(0.45,10.05),.PIECEWISE_BEZIER_KNOTS.);
#484 = CARTESIAN_POINT('',(-4.8,2.65,5.0000001));
#485 = CARTESIAN_POINT('',(4.8,2.65,5.0000001));
#486 = ORIENTED_EDGE('',*,*,#487,.F.);
#487 = EDGE_CURVE('',#467,#481,#488,.T.);
#488 = B_SPLINE_CURVE_WITH_KNOTS('',1,(#489,#490),.UNSPECIFIED.,.F.,.F.,
  (2,2),(5.352851519445E-19,2.44386988197),.PIECEWISE_BEZIER_KNOTS.);
#489 = CARTESIAN_POINT('',(5.25,2.75,2.6000001));
#490 = CARTESIAN_POINT('',(4.8,2.65,5.0000001));
#491 = FACE_BOUND('',#492,.T.);
#492 = EDGE_LOOP('',(#493,#502,#509,#516,#523,#530));
#493 = ORIENTED_EDGE('',*,*,#494,.F.);
#494 = EDGE_CURVE('',#495,#497,#499,.T.);
#495 = VERTEX_POINT('',#496);
#496 = CARTESIAN_POINT('',(-0.142756774234,2.696520760402,3.883501850344
    ));
#497 = VERTEX_POINT('',#498);
#498 = CARTESIAN_POINT('',(-0.142921217751,2.695555513827,3.906667768156
    ));
#499 = B_SPLINE_CURVE_WITH_KNOTS('',1,(#500,#501),.UNSPECIFIED.,.F.,.F.,
  (2,2),(-2.318660153378E-02,-1.339379676458E-16),
  .PIECEWISE_BEZIER_KNOTS.);
#500 = CARTESIAN_POINT('',(-0.142756774234,2.696520760402,3.883501850344
    ));
#501 = CARTESIAN_POINT('',(-0.142921217751,2.695555513827,3.906667768156
    ));
#502 = ORIENTED_EDGE('',*,*,#503,.F.);
#503 = EDGE_CURVE('',#504,#495,#506,.T.);
#504 = VERTEX_POINT('',#505);
#505 = CARTESIAN_POINT('',(-3.550844250875E-02,2.696489094401,
    3.884261834365));
#506 = B_SPLINE_CURVE_WITH_KNOTS('',1,(#507,#508),.UNSPECIFIED.,.F.,.F.,
  (2,2),(-0.107251029069,0.),.PIECEWISE_BEZIER_KNOTS.);
#507 = CARTESIAN_POINT('',(-3.550844250875E-02,2.696489094401,
    3.884261834365));
#508 = CARTESIAN_POINT('',(-0.142756774234,2.696520760402,3.883501850344
    ));
#509 = ORIENTED_EDGE('',*,*,#510,.F.);
#510 = EDGE_CURVE('',#511,#504,#513,.T.);
#511 = VERTEX_POINT('',#512);
#512 = CARTESIAN_POINT('',(-3.695082600419E-02,2.688022626681,
    4.087457059657));
#513 = B_SPLINE_CURVE_WITH_KNOTS('',1,(#514,#515),.UNSPECIFIED.,.F.,.F.,
  (2,2),(-0.203376648431,1.525236021395E-16),.PIECEWISE_BEZIER_KNOTS.);
#514 = CARTESIAN_POINT('',(-3.695082600419E-02,2.688022626681,
    4.087457059657));
#515 = CARTESIAN_POINT('',(-3.550844250875E-02,2.696489094401,
    3.884261834365));
#516 = ORIENTED_EDGE('',*,*,#517,.F.);
#517 = EDGE_CURVE('',#518,#511,#520,.T.);
#518 = VERTEX_POINT('',#519);
#519 = CARTESIAN_POINT('',(-6.320405311069E-02,2.688030378174,
    4.08727102382));
#520 = B_SPLINE_CURVE_WITH_KNOTS('',1,(#521,#522),.UNSPECIFIED.,.F.,.F.,
  (2,2),(-2.625388738689E-02,5.418757020589E-16),
  .PIECEWISE_BEZIER_KNOTS.);
#521 = CARTESIAN_POINT('',(-6.320405311069E-02,2.688030378174,
    4.08727102382));
#522 = CARTESIAN_POINT('',(-3.695082600419E-02,2.688022626681,
    4.087457059657));
#523 = ORIENTED_EDGE('',*,*,#524,.F.);
#524 = EDGE_CURVE('',#525,#518,#527,.T.);
#525 = VERTEX_POINT('',#526);
#526 = CARTESIAN_POINT('',(-6.192611313237E-02,2.695531599319,
    3.907241716341));
#527 = B_SPLINE_CURVE_WITH_KNOTS('',1,(#528,#529),.UNSPECIFIED.,.F.,.F.,
  (2,2),(-0.180190046898,9.696354615524E-17),.PIECEWISE_BEZIER_KNOTS.);
#528 = CARTESIAN_POINT('',(-6.192611313237E-02,2.695531599319,
    3.907241716341));
#529 = CARTESIAN_POINT('',(-6.320405311069E-02,2.688030378174,
    4.08727102382));
#530 = ORIENTED_EDGE('',*,*,#531,.F.);
#531 = EDGE_CURVE('',#497,#525,#532,.T.);
#532 = B_SPLINE_CURVE_WITH_KNOTS('',1,(#533,#534),.UNSPECIFIED.,.F.,.F.,
  (2,2),(-8.099714168166E-02,-6.886272233475E-17),
  .PIECEWISE_BEZIER_KNOTS.);
#533 = CARTESIAN_POINT('',(-0.142921217751,2.695555513827,3.906667768156
    ));
#534 = CARTESIAN_POINT('',(-6.192611313237E-02,2.695531599319,
    3.907241716341));
#535 = FACE_BOUND('',#536,.T.);
#536 = EDGE_LOOP('',(#537,#546,#553,#560,#567,#574,#581,#588,#595,#602,
    #609,#616));
#537 = ORIENTED_EDGE('',*,*,#538,.F.);
#538 = EDGE_CURVE('',#539,#541,#543,.T.);
#539 = VERTEX_POINT('',#540);
#540 = CARTESIAN_POINT('',(-0.453428626093,2.696612488963,3.881300364881
    ));
#541 = VERTEX_POINT('',#542);
#542 = CARTESIAN_POINT('',(-0.45359306961,2.695647242388,3.904466282692)
  );
#543 = B_SPLINE_CURVE_WITH_KNOTS('',1,(#544,#545),.UNSPECIFIED.,.F.,.F.,
  (2,2),(-2.318660153378E-02,6.764972307983E-17),
  .PIECEWISE_BEZIER_KNOTS.);
#544 = CARTESIAN_POINT('',(-0.453428626093,2.696612488963,3.881300364881
    ));
#545 = CARTESIAN_POINT('',(-0.45359306961,2.695647242388,3.904466282692)
  );
#546 = ORIENTED_EDGE('',*,*,#547,.F.);
#547 = EDGE_CURVE('',#548,#539,#550,.T.);
#548 = VERTEX_POINT('',#549);
#549 = CARTESIAN_POINT('',(-0.344048844247,2.696580193633,3.882075452801
    ));
#550 = B_SPLINE_CURVE_WITH_KNOTS('',1,(#551,#552),.UNSPECIFIED.,.F.,.F.,
  (2,2),(-0.109382532796,0.),.PIECEWISE_BEZIER_KNOTS.);
#551 = CARTESIAN_POINT('',(-0.344048844247,2.696580193633,3.882075452801
    ));
#552 = CARTESIAN_POINT('',(-0.453428626093,2.696612488963,3.881300364881
    ));
#553 = ORIENTED_EDGE('',*,*,#554,.F.);
#554 = EDGE_CURVE('',#555,#548,#557,.T.);
#555 = VERTEX_POINT('',#556);
#556 = CARTESIAN_POINT('',(-0.345491227743,2.688113725913,4.085270678093
    ));
#557 = B_SPLINE_CURVE_WITH_KNOTS('',1,(#558,#559),.UNSPECIFIED.,.F.,.F.,
  (2,2),(-0.203376648431,1.235050503094E-16),.PIECEWISE_BEZIER_KNOTS.);
#558 = CARTESIAN_POINT('',(-0.345491227743,2.688113725913,4.085270678093
    ));
#559 = CARTESIAN_POINT('',(-0.344048844247,2.696580193633,3.882075452801
    ));
#560 = ORIENTED_EDGE('',*,*,#561,.F.);
#561 = EDGE_CURVE('',#562,#555,#564,.T.);
#562 = VERTEX_POINT('',#563);
#563 = CARTESIAN_POINT('',(-0.450244203227,2.688144655138,4.084528376686
    ));
#564 = B_SPLINE_CURVE_WITH_KNOTS('',1,(#565,#566),.UNSPECIFIED.,.F.,.F.,
  (2,2),(-0.104755610069,-6.100828349119E-16),.PIECEWISE_BEZIER_KNOTS.);
#565 = CARTESIAN_POINT('',(-0.450244203227,2.688144655138,4.084528376686
    ));
#566 = CARTESIAN_POINT('',(-0.345491227743,2.688113725913,4.085270678093
    ));
#567 = ORIENTED_EDGE('',*,*,#568,.F.);
#568 = EDGE_CURVE('',#569,#562,#571,.T.);
#569 = VERTEX_POINT('',#570);
#570 = CARTESIAN_POINT('',(-0.450078284881,2.689118558634,4.061154692795
    ));
#571 = B_SPLINE_CURVE_WITH_KNOTS('',1,(#572,#573),.UNSPECIFIED.,.F.,.F.,
  (2,2),(-2.339455311681E-02,-1.494724659373E-16),
  .PIECEWISE_BEZIER_KNOTS.);
#572 = CARTESIAN_POINT('',(-0.450078284881,2.689118558634,4.061154692795
    ));
#573 = CARTESIAN_POINT('',(-0.450244203227,2.688144655138,4.084528376686
    ));
#574 = ORIENTED_EDGE('',*,*,#575,.F.);
#575 = EDGE_CURVE('',#576,#569,#578,.T.);
#576 = VERTEX_POINT('',#577);
#577 = CARTESIAN_POINT('',(-0.371578536502,2.689095380901,4.061710958366
    ));
#578 = B_SPLINE_CURVE_WITH_KNOTS('',1,(#579,#580),.UNSPECIFIED.,.F.,.F.,
  (2,2),(-7.850172268189E-02,3.325340592313E-16),
  .PIECEWISE_BEZIER_KNOTS.);
#579 = CARTESIAN_POINT('',(-0.371578536502,2.689095380901,4.061710958366
    ));
#580 = CARTESIAN_POINT('',(-0.450078284881,2.689118558634,4.061154692795
    ));
#581 = ORIENTED_EDGE('',*,*,#582,.F.);
#582 = EDGE_CURVE('',#583,#576,#585,.T.);
#583 = VERTEX_POINT('',#584);
#584 = CARTESIAN_POINT('',(-0.371116914791,2.691804996849,3.996680175629
    ));
#585 = B_SPLINE_CURVE_WITH_KNOTS('',1,(#586,#587),.UNSPECIFIED.,.F.,.F.,
  (2,2),(-6.508884556212E-02,-1.526220258879E-16),
  .PIECEWISE_BEZIER_KNOTS.);
#586 = CARTESIAN_POINT('',(-0.371116914791,2.691804996849,3.996680175629
    ));
#587 = CARTESIAN_POINT('',(-0.371578536502,2.689095380901,4.061710958366
    ));
#588 = ORIENTED_EDGE('',*,*,#589,.F.);
#589 = EDGE_CURVE('',#590,#583,#592,.T.);
#590 = VERTEX_POINT('',#591);
#591 = CARTESIAN_POINT('',(-0.443846151864,2.691826470787,3.996164801103
    ));
#592 = B_SPLINE_CURVE_WITH_KNOTS('',1,(#593,#594),.UNSPECIFIED.,.F.,.F.,
  (2,2),(-7.273106624597E-02,-3.325340592313E-16),
  .PIECEWISE_BEZIER_KNOTS.);
#593 = CARTESIAN_POINT('',(-0.443846151864,2.691826470787,3.996164801103
    ));
#594 = CARTESIAN_POINT('',(-0.371116914791,2.691804996849,3.996680175629
    ));
#595 = ORIENTED_EDGE('',*,*,#596,.F.);
#596 = EDGE_CURVE('',#597,#590,#599,.T.);
#597 = VERTEX_POINT('',#598);
#598 = CARTESIAN_POINT('',(-0.443680970932,2.692796045823,3.972895000252
    ));
#599 = B_SPLINE_CURVE_WITH_KNOTS('',1,(#600,#601),.UNSPECIFIED.,.F.,.F.,
  (2,2),(-2.32905773253E-02,9.401083370156E-17),
  .PIECEWISE_BEZIER_KNOTS.);
#600 = CARTESIAN_POINT('',(-0.443680970932,2.692796045823,3.972895000252
    ));
#601 = CARTESIAN_POINT('',(-0.443846151864,2.691826470787,3.996164801103
    ));
#602 = ORIENTED_EDGE('',*,*,#603,.F.);
#603 = EDGE_CURVE('',#604,#597,#606,.T.);
#604 = VERTEX_POINT('',#605);
#605 = CARTESIAN_POINT('',(-0.370951733859,2.692774571884,3.973410374777
    ));
#606 = B_SPLINE_CURVE_WITH_KNOTS('',1,(#607,#608),.UNSPECIFIED.,.F.,.F.,
  (2,2),(-7.273106624597E-02,-4.447336305707E-16),
  .PIECEWISE_BEZIER_KNOTS.);
#607 = CARTESIAN_POINT('',(-0.370951733859,2.692774571884,3.973410374777
    ));
#608 = CARTESIAN_POINT('',(-0.443680970932,2.692796045823,3.972895000252
    ));
#609 = ORIENTED_EDGE('',*,*,#610,.F.);
#610 = EDGE_CURVE('',#611,#604,#613,.T.);
#611 = VERTEX_POINT('',#612);
#612 = CARTESIAN_POINT('',(-0.370466514871,2.695622698551,3.905055334777
    ));
#613 = B_SPLINE_CURVE_WITH_KNOTS('',1,(#614,#615),.UNSPECIFIED.,.F.,.F.,
  (2,2),(-6.841607089332E-02,7.07992830304E-17),
  .PIECEWISE_BEZIER_KNOTS.);
#614 = CARTESIAN_POINT('',(-0.370466514871,2.695622698551,3.905055334777
    ));
#615 = CARTESIAN_POINT('',(-0.370951733859,2.692774571884,3.973410374777
    ));
#616 = ORIENTED_EDGE('',*,*,#617,.F.);
#617 = EDGE_CURVE('',#541,#611,#618,.T.);
#618 = B_SPLINE_CURVE_WITH_KNOTS('',1,(#619,#620),.UNSPECIFIED.,.F.,.F.,
  (2,2),(-8.312864540908E-02,-2.215145489591E-16),
  .PIECEWISE_BEZIER_KNOTS.);
#619 = CARTESIAN_POINT('',(-0.45359306961,2.695647242388,3.904466282692)
  );
#620 = CARTESIAN_POINT('',(-0.370466514871,2.695622698551,3.905055334777
    ));
#621 = FACE_BOUND('',#622,.T.);
#622 = EDGE_LOOP('',(#623,#632,#639,#646,#655,#664,#673));
#623 = ORIENTED_EDGE('',*,*,#624,.F.);
#624 = EDGE_CURVE('',#625,#627,#629,.T.);
#625 = VERTEX_POINT('',#626);
#626 = CARTESIAN_POINT('',(-0.491846714869,2.696623832238,3.8810281263)
  );
#627 = VERTEX_POINT('',#628);
#628 = CARTESIAN_POINT('',(-0.547784283912,2.69664034829,3.880631741032)
  );
#629 = B_SPLINE_CURVE_WITH_KNOTS('',1,(#630,#631),.UNSPECIFIED.,.F.,.F.,
  (2,2),(-5.593897589787E-02,-2.097886341564E-18),
  .PIECEWISE_BEZIER_KNOTS.);
#630 = CARTESIAN_POINT('',(-0.491846714869,2.696623832238,3.8810281263)
  );
#631 = CARTESIAN_POINT('',(-0.547784283912,2.69664034829,3.880631741032)
  );
#632 = ORIENTED_EDGE('',*,*,#633,.F.);
#633 = EDGE_CURVE('',#634,#625,#636,.T.);
#634 = VERTEX_POINT('',#635);
#635 = CARTESIAN_POINT('',(-0.493289098365,2.688157364517,4.084223351592
    ));
#636 = B_SPLINE_CURVE_WITH_KNOTS('',1,(#637,#638),.UNSPECIFIED.,.F.,.F.,
  (2,2),(-0.203376648431,0.),.PIECEWISE_BEZIER_KNOTS.);
#637 = CARTESIAN_POINT('',(-0.493289098365,2.688157364517,4.084223351592
    ));
#638 = CARTESIAN_POINT('',(-0.491846714869,2.696623832238,3.8810281263)
  );
#639 = ORIENTED_EDGE('',*,*,#640,.F.);
#640 = EDGE_CURVE('',#641,#634,#643,.T.);
#641 = VERTEX_POINT('',#642);
#642 = CARTESIAN_POINT('',(-0.551306130941,2.688174494549,4.083812230812
    ));
#643 = B_SPLINE_CURVE_WITH_KNOTS('',1,(#644,#645),.UNSPECIFIED.,.F.,.F.,
  (2,2),(-5.801849173091E-02,-9.430102478322E-16),
  .PIECEWISE_BEZIER_KNOTS.);
#644 = CARTESIAN_POINT('',(-0.551306130941,2.688174494549,4.083812230812
    ));
#645 = CARTESIAN_POINT('',(-0.493289098365,2.688157364517,4.084223351592
    ));
#646 = ORIENTED_EDGE('',*,*,#647,.F.);
#647 = EDGE_CURVE('',#648,#641,#650,.T.);
#648 = VERTEX_POINT('',#649);
#649 = CARTESIAN_POINT('',(-0.628003304628,2.689318267582,4.056361678029
    ));
#650 = B_SPLINE_CURVE_WITH_KNOTS('',3,(#651,#652,#653,#654),
  .UNSPECIFIED.,.F.,.F.,(4,4),(2.,3.),.PIECEWISE_BEZIER_KNOTS.);
#651 = CARTESIAN_POINT('',(-0.628003304628,2.689318267582,4.056361678029
    ));
#652 = CARTESIAN_POINT('',(-0.607700148188,2.688563411655,4.074478220269
    ));
#653 = CARTESIAN_POINT('',(-0.582134177821,2.688183596798,4.08359377685)
  );
#654 = CARTESIAN_POINT('',(-0.551306130941,2.688174494549,4.083812230812
    ));
#655 = ORIENTED_EDGE('',*,*,#656,.F.);
#656 = EDGE_CURVE('',#657,#648,#659,.T.);
#657 = VERTEX_POINT('',#658);
#658 = CARTESIAN_POINT('',(-0.65816362582,2.692331275008,3.984049499807)
  );
#659 = B_SPLINE_CURVE_WITH_KNOTS('',3,(#660,#661,#662,#663),
  .UNSPECIFIED.,.F.,.F.,(4,4),(3.,4.),.PIECEWISE_BEZIER_KNOTS.);
#660 = CARTESIAN_POINT('',(-0.65816362582,2.692331275008,3.984049499807)
  );
#661 = CARTESIAN_POINT('',(-0.658377476133,2.691076021614,4.014175581265
    ));
#662 = CARTESIAN_POINT('',(-0.648306461069,2.690073123509,4.038245135789
    ));
#663 = CARTESIAN_POINT('',(-0.628003304628,2.689318267582,4.056361678029
    ));
#664 = ORIENTED_EDGE('',*,*,#665,.F.);
#665 = EDGE_CURVE('',#666,#657,#668,.T.);
#666 = VERTEX_POINT('',#667);
#667 = CARTESIAN_POINT('',(-0.626953963261,2.695477666133,3.908536112798
    ));
#668 = B_SPLINE_CURVE_WITH_KNOTS('',3,(#669,#670,#671,#672),
  .UNSPECIFIED.,.F.,.F.,(4,4),(4.,5.),.PIECEWISE_BEZIER_KNOTS.);
#669 = CARTESIAN_POINT('',(-0.626953963261,2.695477666133,3.908536112798
    ));
#670 = CARTESIAN_POINT('',(-0.647519639397,2.694691590307,3.927401932627
    ));
#671 = CARTESIAN_POINT('',(-0.657940189112,2.693642798382,3.952572938834
    ));
#672 = CARTESIAN_POINT('',(-0.65816362582,2.692331275008,3.984049499807)
  );
#673 = ORIENTED_EDGE('',*,*,#674,.F.);
#674 = EDGE_CURVE('',#627,#666,#675,.T.);
#675 = B_SPLINE_CURVE_WITH_KNOTS('',3,(#676,#677,#678,#679),
  .UNSPECIFIED.,.F.,.F.,(4,4),(5.,6.),.PIECEWISE_BEZIER_KNOTS.);
#676 = CARTESIAN_POINT('',(-0.547784283912,2.69664034829,3.880631741032)
  );
#677 = CARTESIAN_POINT('',(-0.579963982088,2.696649849626,3.880403708987
    ));
#678 = CARTESIAN_POINT('',(-0.606388287125,2.69626374196,3.889670292971)
  );
#679 = CARTESIAN_POINT('',(-0.626953963261,2.695477666133,3.908536112798
    ));
#680 = FACE_BOUND('',#681,.T.);
#681 = EDGE_LOOP('',(#682,#691,#698,#705,#712,#719,#726,#733));
#682 = ORIENTED_EDGE('',*,*,#683,.F.);
#683 = EDGE_CURVE('',#684,#686,#688,.T.);
#684 = VERTEX_POINT('',#685);
#685 = CARTESIAN_POINT('',(-0.851697879289,2.696730081417,3.878478145982
    ));
#686 = VERTEX_POINT('',#687);
#687 = CARTESIAN_POINT('',(-0.775680246173,2.688240742955,4.082222269089
    ));
#688 = B_SPLINE_CURVE_WITH_KNOTS('',1,(#689,#690),.UNSPECIFIED.,.F.,.F.,
  (2,2),(-0.217629081496,3.547305467793E-16),.PIECEWISE_BEZIER_KNOTS.);
#689 = CARTESIAN_POINT('',(-0.851697879289,2.696730081417,3.878478145982
    ));
#690 = CARTESIAN_POINT('',(-0.775680246173,2.688240742955,4.082222269089
    ));
#691 = ORIENTED_EDGE('',*,*,#692,.F.);
#692 = EDGE_CURVE('',#693,#684,#695,.T.);
#693 = VERTEX_POINT('',#694);
#694 = CARTESIAN_POINT('',(-0.822689363001,2.696721516401,3.878683706372
    ));
#695 = B_SPLINE_CURVE_WITH_KNOTS('',1,(#696,#697),.UNSPECIFIED.,.F.,.F.,
  (2,2),(-2.900924586545E-02,0.),.PIECEWISE_BEZIER_KNOTS.);
#696 = CARTESIAN_POINT('',(-0.822689363001,2.696721516401,3.878683706372
    ));
#697 = CARTESIAN_POINT('',(-0.851697879289,2.696730081417,3.878478145982
    ));
#698 = ORIENTED_EDGE('',*,*,#699,.F.);
#699 = EDGE_CURVE('',#700,#693,#702,.T.);
#700 = VERTEX_POINT('',#701);
#701 = CARTESIAN_POINT('',(-0.802341231216,2.694399665865,3.934408119243
    ));
#702 = B_SPLINE_CURVE_WITH_KNOTS('',1,(#703,#704),.UNSPECIFIED.,.F.,.F.,
  (2,2),(-5.936874301283E-02,1.588402093594E-16),
  .PIECEWISE_BEZIER_KNOTS.);
#703 = CARTESIAN_POINT('',(-0.802341231216,2.694399665865,3.934408119243
    ));
#704 = CARTESIAN_POINT('',(-0.822689363001,2.696721516401,3.878683706372
    ));
#705 = ORIENTED_EDGE('',*,*,#706,.F.);
#706 = EDGE_CURVE('',#707,#700,#709,.T.);
#707 = VERTEX_POINT('',#708);
#708 = CARTESIAN_POINT('',(-0.717655078826,2.694374661543,3.935008222962
    ));
#709 = B_SPLINE_CURVE_WITH_KNOTS('',1,(#710,#711),.UNSPECIFIED.,.F.,.F.,
  (2,2),(-8.468828228454E-02,-6.555894817372E-19),
  .PIECEWISE_BEZIER_KNOTS.);
#710 = CARTESIAN_POINT('',(-0.717655078826,2.694374661543,3.935008222962
    ));
#711 = CARTESIAN_POINT('',(-0.802341231216,2.694399665865,3.934408119243
    ));
#712 = ORIENTED_EDGE('',*,*,#713,.F.);
#713 = EDGE_CURVE('',#714,#707,#716,.T.);
#714 = VERTEX_POINT('',#715);
#715 = CARTESIAN_POINT('',(-0.697713604655,2.696684616224,3.879569310631
    ));
#716 = B_SPLINE_CURVE_WITH_KNOTS('',1,(#717,#718),.UNSPECIFIED.,.F.,.F.,
  (2,2),(-5.896160855208E-02,-6.320492019904E-17),
  .PIECEWISE_BEZIER_KNOTS.);
#717 = CARTESIAN_POINT('',(-0.697713604655,2.696684616224,3.879569310631
    ));
#718 = CARTESIAN_POINT('',(-0.717655078826,2.694374661543,3.935008222962
    ));
#719 = ORIENTED_EDGE('',*,*,#720,.F.);
#720 = EDGE_CURVE('',#721,#714,#723,.T.);
#721 = VERTEX_POINT('',#722);
#722 = CARTESIAN_POINT('',(-0.668705088369,2.696676051207,3.879774871021
    ));
#723 = B_SPLINE_CURVE_WITH_KNOTS('',1,(#724,#725),.UNSPECIFIED.,.F.,.F.,
  (2,2),(-2.900924586407E-02,4.41849036851E-16),
  .PIECEWISE_BEZIER_KNOTS.);
#724 = CARTESIAN_POINT('',(-0.668705088369,2.696676051207,3.879774871021
    ));
#725 = CARTESIAN_POINT('',(-0.697713604655,2.696684616224,3.879569310631
    ));
#726 = ORIENTED_EDGE('',*,*,#727,.F.);
#727 = EDGE_CURVE('',#728,#721,#730,.T.);
#728 = VERTEX_POINT('',#729);
#729 = CARTESIAN_POINT('',(-0.747607488475,2.688232454229,4.082421198498
    ));
#730 = B_SPLINE_CURVE_WITH_KNOTS('',1,(#731,#732),.UNSPECIFIED.,.F.,.F.,
  (2,2),(-0.217629081495,2.988451109308E-16),.PIECEWISE_BEZIER_KNOTS.);
#731 = CARTESIAN_POINT('',(-0.747607488475,2.688232454229,4.082421198498
    ));
#732 = CARTESIAN_POINT('',(-0.668705088369,2.696676051207,3.879774871021
    ));
#733 = ORIENTED_EDGE('',*,*,#734,.F.);
#734 = EDGE_CURVE('',#686,#728,#735,.T.);
#735 = B_SPLINE_CURVE_WITH_KNOTS('',1,(#736,#737),.UNSPECIFIED.,.F.,.F.,
  (2,2),(-2.807346374045E-02,1.106130447936E-15),
  .PIECEWISE_BEZIER_KNOTS.);
#736 = CARTESIAN_POINT('',(-0.775680246173,2.688240742955,4.082222269089
    ));
#737 = CARTESIAN_POINT('',(-0.747607488475,2.688232454229,4.082421198498
    ));
#738 = FACE_BOUND('',#739,.T.);
#739 = EDGE_LOOP('',(#740,#751,#760,#769,#778,#787,#796,#805,#814,#823,
    #830,#839,#848,#857,#866,#875,#884,#893,#902,#911,#920));
#740 = ORIENTED_EDGE('',*,*,#741,.F.);
#741 = EDGE_CURVE('',#742,#744,#746,.T.);
#742 = VERTEX_POINT('',#743);
#743 = CARTESIAN_POINT('',(-0.360235059855,2.709293970504,3.576944807893
    ));
#744 = VERTEX_POINT('',#745);
#745 = CARTESIAN_POINT('',(-0.318433420669,2.708697256717,3.591265938789
    ));
#746 = B_SPLINE_CURVE_WITH_KNOTS('',3,(#747,#748,#749,#750),
  .UNSPECIFIED.,.F.,.F.,(4,4),(0.,1.),.PIECEWISE_BEZIER_KNOTS.);
#747 = CARTESIAN_POINT('',(-0.360235059855,2.709293970504,3.576944807893
    ));
#748 = CARTESIAN_POINT('',(-0.345262922415,2.709289549851,3.577050903578
    ));
#749 = CARTESIAN_POINT('',(-0.331363700412,2.709090655488,3.581824368285
    ));
#750 = CARTESIAN_POINT('',(-0.318433420669,2.708697256717,3.591265938789
    ));
#751 = ORIENTED_EDGE('',*,*,#752,.F.);
#752 = EDGE_CURVE('',#753,#742,#755,.T.);
#753 = VERTEX_POINT('',#754);
#754 = CARTESIAN_POINT('',(-0.390422679321,2.708484763574,3.596365774215
    ));
#755 = B_SPLINE_CURVE_WITH_KNOTS('',3,(#756,#757,#758,#759),
  .UNSPECIFIED.,.F.,.F.,(4,4),(1.,2.),.PIECEWISE_BEZIER_KNOTS.);
#756 = CARTESIAN_POINT('',(-0.390422679321,2.708484763574,3.596365774215
    ));
#757 = CARTESIAN_POINT('',(-0.390329765046,2.709030149532,3.583276511236
    ));
#758 = CARTESIAN_POINT('',(-0.380249896362,2.709299880059,3.576802978592
    ));
#759 = CARTESIAN_POINT('',(-0.360235059855,2.709293970504,3.576944807893
    ));
#760 = ORIENTED_EDGE('',*,*,#761,.F.);
#761 = EDGE_CURVE('',#762,#753,#764,.T.);
#762 = VERTEX_POINT('',#763);
#763 = CARTESIAN_POINT('',(-0.383970445369,2.707907144361,3.610228635333
    ));
#764 = B_SPLINE_CURVE_WITH_KNOTS('',3,(#765,#766,#767,#768),
  .UNSPECIFIED.,.F.,.F.,(4,4),(2.,3.),.PIECEWISE_BEZIER_KNOTS.);
#765 = CARTESIAN_POINT('',(-0.383970445369,2.707907144361,3.610228635333
    ));
#766 = CARTESIAN_POINT('',(-0.388311509269,2.708059929818,3.606561784375
    ));
#767 = CARTESIAN_POINT('',(-0.390462499724,2.708251026735,3.60197545835)
  );
#768 = CARTESIAN_POINT('',(-0.390422679321,2.708484763574,3.596365774215
    ));
#769 = ORIENTED_EDGE('',*,*,#770,.F.);
#770 = EDGE_CURVE('',#771,#762,#773,.T.);
#771 = VERTEX_POINT('',#772);
#772 = CARTESIAN_POINT('',(-0.357393502416,2.707358212575,3.623402998211
    ));
#773 = B_SPLINE_CURVE_WITH_KNOTS('',3,(#774,#775,#776,#777),
  .UNSPECIFIED.,.F.,.F.,(4,4),(3.,4.),.PIECEWISE_BEZIER_KNOTS.);
#774 = CARTESIAN_POINT('',(-0.357393502416,2.707358212575,3.623402998211
    ));
#775 = CARTESIAN_POINT('',(-0.370770646291,2.707569938822,3.618321568264
    ));
#776 = CARTESIAN_POINT('',(-0.37962938147,2.707754358905,3.61389548629)
  );
#777 = CARTESIAN_POINT('',(-0.383970445369,2.707907144361,3.610228635333
    ));
#778 = ORIENTED_EDGE('',*,*,#779,.F.);
#779 = EDGE_CURVE('',#780,#771,#782,.T.);
#780 = VERTEX_POINT('',#781);
#781 = CARTESIAN_POINT('',(-0.326182011405,2.706548191735,3.642843498362
    ));
#782 = B_SPLINE_CURVE_WITH_KNOTS('',3,(#783,#784,#785,#786),
  .UNSPECIFIED.,.F.,.F.,(4,4),(4.,5.),.PIECEWISE_BEZIER_KNOTS.);
#783 = CARTESIAN_POINT('',(-0.326182011405,2.706548191735,3.642843498362
    ));
#784 = CARTESIAN_POINT('',(-0.330919795224,2.706813639947,3.636472741275
    ));
#785 = CARTESIAN_POINT('',(-0.341375366344,2.707085105063,3.629957578489
    ));
#786 = CARTESIAN_POINT('',(-0.357393502416,2.707358212575,3.623402998211
    ));
#787 = ORIENTED_EDGE('',*,*,#788,.F.);
#788 = EDGE_CURVE('',#789,#780,#791,.T.);
#789 = VERTEX_POINT('',#790);
#790 = CARTESIAN_POINT('',(-0.319118844314,2.7055894685,3.665852855999)
  );
#791 = B_SPLINE_CURVE_WITH_KNOTS('',3,(#792,#793,#794,#795),
  .UNSPECIFIED.,.F.,.F.,(4,4),(5.,6.),.PIECEWISE_BEZIER_KNOTS.);
#792 = CARTESIAN_POINT('',(-0.319118844314,2.7055894685,3.665852855999)
  );
#793 = CARTESIAN_POINT('',(-0.319055426635,2.705961716058,3.6569189146)
  );
#794 = CARTESIAN_POINT('',(-0.321392240997,2.706282728173,3.649214623837
    ));
#795 = CARTESIAN_POINT('',(-0.326182011405,2.706548191735,3.642843498362
    ));
#796 = ORIENTED_EDGE('',*,*,#797,.F.);
#797 = EDGE_CURVE('',#798,#789,#800,.T.);
#798 = VERTEX_POINT('',#799);
#799 = CARTESIAN_POINT('',(-0.335662382682,2.704304407166,3.696694328006
    ));
#800 = B_SPLINE_CURVE_WITH_KNOTS('',3,(#801,#802,#803,#804),
  .UNSPECIFIED.,.F.,.F.,(4,4),(6.,7.),.PIECEWISE_BEZIER_KNOTS.);
#801 = CARTESIAN_POINT('',(-0.335662382682,2.704304407166,3.696694328006
    ));
#802 = CARTESIAN_POINT('',(-0.324741879606,2.704625833621,3.688980093092
    ));
#803 = CARTESIAN_POINT('',(-0.319210283758,2.705052739463,3.678734352898
    ));
#804 = CARTESIAN_POINT('',(-0.319118844314,2.7055894685,3.665852855999)
  );
#805 = ORIENTED_EDGE('',*,*,#806,.F.);
#806 = EDGE_CURVE('',#807,#798,#809,.T.);
#807 = VERTEX_POINT('',#808);
#808 = CARTESIAN_POINT('',(-0.375981855101,2.703835828615,3.70794021324)
  );
#809 = B_SPLINE_CURVE_WITH_KNOTS('',3,(#810,#811,#812,#813),
  .UNSPECIFIED.,.F.,.F.,(4,4),(7.,8.),.PIECEWISE_BEZIER_KNOTS.);
#810 = CARTESIAN_POINT('',(-0.375981855101,2.703835828615,3.70794021324)
  );
#811 = CARTESIAN_POINT('',(-0.360073959072,2.703831131671,3.708052939905
    ));
#812 = CARTESIAN_POINT('',(-0.346634134932,2.703987324521,3.704304311494
    ));
#813 = CARTESIAN_POINT('',(-0.335662382682,2.704304407166,3.696694328006
    ));
#814 = ORIENTED_EDGE('',*,*,#815,.F.);
#815 = EDGE_CURVE('',#816,#807,#818,.T.);
#816 = VERTEX_POINT('',#817);
#817 = CARTESIAN_POINT('',(-0.410351256853,2.704114354497,3.701255592068
    ));
#818 = B_SPLINE_CURVE_WITH_KNOTS('',3,(#819,#820,#821,#822),
  .UNSPECIFIED.,.F.,.F.,(4,4),(8.,9.),.PIECEWISE_BEZIER_KNOTS.);
#819 = CARTESIAN_POINT('',(-0.410351256853,2.704114354497,3.701255592068
    ));
#820 = CARTESIAN_POINT('',(-0.399776964258,2.703929427882,3.705693830839
    ));
#821 = CARTESIAN_POINT('',(-0.388354663123,2.703839481794,3.707852536944
    ));
#822 = CARTESIAN_POINT('',(-0.375981855101,2.703835828615,3.70794021324)
  );
#823 = ORIENTED_EDGE('',*,*,#824,.F.);
#824 = EDGE_CURVE('',#825,#816,#827,.T.);
#825 = VERTEX_POINT('',#826);
#826 = CARTESIAN_POINT('',(-0.410175752113,2.705144527972,3.676531428664
    ));
#827 = B_SPLINE_CURVE_WITH_KNOTS('',1,(#828,#829),.UNSPECIFIED.,.F.,.F.,
  (2,2),(-2.474623840786E-02,-1.663848967072E-16),
  .PIECEWISE_BEZIER_KNOTS.);
#828 = CARTESIAN_POINT('',(-0.410175752113,2.705144527972,3.676531428664
    ));
#829 = CARTESIAN_POINT('',(-0.410351256853,2.704114354497,3.701255592068
    ));
#830 = ORIENTED_EDGE('',*,*,#831,.F.);
#831 = EDGE_CURVE('',#832,#825,#834,.T.);
#832 = VERTEX_POINT('',#833);
#833 = CARTESIAN_POINT('',(-0.373339753301,2.704696455375,3.68728517099)
  );
#834 = B_SPLINE_CURVE_WITH_KNOTS('',3,(#835,#836,#837,#838),
  .UNSPECIFIED.,.F.,.F.,(4,4),(10.,11.),.PIECEWISE_BEZIER_KNOTS.);
#835 = CARTESIAN_POINT('',(-0.373339753301,2.704696455375,3.68728517099)
  );
#836 = CARTESIAN_POINT('',(-0.387116199209,2.704700522991,3.687187548225
    ));
#837 = CARTESIAN_POINT('',(-0.399359961949,2.70485131311,3.683568585361)
  );
#838 = CARTESIAN_POINT('',(-0.410175752113,2.705144527972,3.676531428664
    ));
#839 = ORIENTED_EDGE('',*,*,#840,.F.);
#840 = EDGE_CURVE('',#841,#832,#843,.T.);
#841 = VERTEX_POINT('',#842);
#842 = CARTESIAN_POINT('',(-0.353234584632,2.704915610391,3.682025450624
    ));
#843 = B_SPLINE_CURVE_WITH_KNOTS('',3,(#844,#845,#846,#847),
  .UNSPECIFIED.,.F.,.F.,(4,4),(11.,12.),.PIECEWISE_BEZIER_KNOTS.);
#844 = CARTESIAN_POINT('',(-0.353234584632,2.704915610391,3.682025450624
    ));
#845 = CARTESIAN_POINT('',(-0.358407066397,2.704765633891,3.685624886615
    ));
#846 = CARTESIAN_POINT('',(-0.365125872345,2.704694030156,3.687343376262
    ));
#847 = CARTESIAN_POINT('',(-0.373339753301,2.704696455375,3.68728517099)
  );
#848 = ORIENTED_EDGE('',*,*,#849,.F.);
#849 = EDGE_CURVE('',#850,#841,#852,.T.);
#850 = VERTEX_POINT('',#851);
#851 = CARTESIAN_POINT('',(-0.345388294548,2.705501993874,3.667952247032
    ));
#852 = B_SPLINE_CURVE_WITH_KNOTS('',3,(#853,#854,#855,#856),
  .UNSPECIFIED.,.F.,.F.,(4,4),(12.,13.),.PIECEWISE_BEZIER_KNOTS.);
#853 = CARTESIAN_POINT('',(-0.345388294548,2.705501993874,3.667952247032
    ));
#854 = CARTESIAN_POINT('',(-0.345429589781,2.705259600115,3.673769697244
    ));
#855 = CARTESIAN_POINT('',(-0.348062840282,2.70506125843,3.678529897672)
  );
#856 = CARTESIAN_POINT('',(-0.353234584632,2.704915610391,3.682025450624
    ));
#857 = ORIENTED_EDGE('',*,*,#858,.F.);
#858 = EDGE_CURVE('',#859,#850,#861,.T.);
#859 = VERTEX_POINT('',#860);
#860 = CARTESIAN_POINT('',(-0.350854995565,2.706066336067,3.654408034401
    ));
#861 = B_SPLINE_CURVE_WITH_KNOTS('',3,(#862,#863,#864,#865),
  .UNSPECIFIED.,.F.,.F.,(4,4),(13.,14.),.PIECEWISE_BEZIER_KNOTS.);
#862 = CARTESIAN_POINT('',(-0.350854995565,2.706066336067,3.654408034401
    ));
#863 = CARTESIAN_POINT('',(-0.347186807655,2.705931063993,3.657654564158
    ));
#864 = CARTESIAN_POINT('',(-0.345346999315,2.705744387633,3.662134796819
    ));
#865 = CARTESIAN_POINT('',(-0.345388294548,2.705501993874,3.667952247032
    ));
#866 = ORIENTED_EDGE('',*,*,#867,.F.);
#867 = EDGE_CURVE('',#868,#859,#870,.T.);
#868 = VERTEX_POINT('',#869);
#869 = CARTESIAN_POINT('',(-0.375512121825,2.706593057622,3.641766717068
    ));
#870 = B_SPLINE_CURVE_WITH_KNOTS('',3,(#871,#872,#873,#874),
  .UNSPECIFIED.,.F.,.F.,(4,4),(14.,15.),.PIECEWISE_BEZIER_KNOTS.);
#871 = CARTESIAN_POINT('',(-0.375512121825,2.706593057622,3.641766717068
    ));
#872 = CARTESIAN_POINT('',(-0.36275881701,2.706381515568,3.646843726362)
  );
#873 = CARTESIAN_POINT('',(-0.354574432649,2.706205951949,3.651057253215
    ));
#874 = CARTESIAN_POINT('',(-0.350854995565,2.706066336067,3.654408034401
    ));
#875 = ORIENTED_EDGE('',*,*,#876,.F.);
#876 = EDGE_CURVE('',#877,#868,#879,.T.);
#877 = VERTEX_POINT('',#878);
#878 = CARTESIAN_POINT('',(-0.408234173558,2.707386209757,3.622731065829
    ));
#879 = B_SPLINE_CURVE_WITH_KNOTS('',3,(#880,#881,#882,#883),
  .UNSPECIFIED.,.F.,.F.,(4,4),(15.,16.),.PIECEWISE_BEZIER_KNOTS.);
#880 = CARTESIAN_POINT('',(-0.408234173558,2.707386209757,3.622731065829
    ));
#881 = CARTESIAN_POINT('',(-0.402561368564,2.707116156794,3.629212336936
    ));
#882 = CARTESIAN_POINT('',(-0.391689167322,2.706848897342,3.635626563784
    ));
#883 = CARTESIAN_POINT('',(-0.375512121825,2.706593057622,3.641766717068
    ));
#884 = ORIENTED_EDGE('',*,*,#885,.F.);
#885 = EDGE_CURVE('',#886,#877,#888,.T.);
#886 = VERTEX_POINT('',#887);
#887 = CARTESIAN_POINT('',(-0.416589631208,2.708388601329,3.598673668103
    ));
#888 = B_SPLINE_CURVE_WITH_KNOTS('',3,(#889,#890,#891,#892),
  .UNSPECIFIED.,.F.,.F.,(4,4),(16.,17.),.PIECEWISE_BEZIER_KNOTS.);
#889 = CARTESIAN_POINT('',(-0.416589631208,2.708388601329,3.598673668103
    ));
#890 = CARTESIAN_POINT('',(-0.416657473376,2.707990383011,3.608230907738
    ));
#891 = CARTESIAN_POINT('',(-0.413854991963,2.70765624737,3.61625016311)
  );
#892 = CARTESIAN_POINT('',(-0.408234173558,2.707386209757,3.622731065829
    ));
#893 = ORIENTED_EDGE('',*,*,#894,.F.);
#894 = EDGE_CURVE('',#895,#886,#897,.T.);
#895 = VERTEX_POINT('',#896);
#896 = CARTESIAN_POINT('',(-0.399991156591,2.709690961153,3.567417032324
    ));
#897 = B_SPLINE_CURVE_WITH_KNOTS('',3,(#898,#899,#900,#901),
  .UNSPECIFIED.,.F.,.F.,(4,4),(17.,18.),.PIECEWISE_BEZIER_KNOTS.);
#898 = CARTESIAN_POINT('',(-0.399991156591,2.709690961153,3.567417032324
    ));
#899 = CARTESIAN_POINT('',(-0.410962171426,2.709378206968,3.574923132773
    ));
#900 = CARTESIAN_POINT('',(-0.416495242104,2.708942644206,3.585376639045
    ));
#901 = CARTESIAN_POINT('',(-0.416589631208,2.708388601329,3.598673668103
    ));
#902 = ORIENTED_EDGE('',*,*,#903,.F.);
#903 = EDGE_CURVE('',#904,#895,#906,.T.);
#904 = VERTEX_POINT('',#905);
#905 = CARTESIAN_POINT('',(-0.35759222064,2.710158925725,3.556185882604)
  );
#906 = B_SPLINE_CURVE_WITH_KNOTS('',3,(#907,#908,#909,#910),
  .UNSPECIFIED.,.F.,.F.,(4,4),(18.,19.),.PIECEWISE_BEZIER_KNOTS.);
#907 = CARTESIAN_POINT('',(-0.35759222064,2.710158925725,3.556185882604)
  );
#908 = CARTESIAN_POINT('',(-0.374903754554,2.710164037105,3.556063209468
    ));
#909 = CARTESIAN_POINT('',(-0.38907139093,2.710008059148,3.55980668045)
  );
#910 = CARTESIAN_POINT('',(-0.399991156591,2.709690961153,3.567417032324
    ));
#911 = ORIENTED_EDGE('',*,*,#912,.F.);
#912 = EDGE_CURVE('',#913,#904,#915,.T.);
#913 = VERTEX_POINT('',#914);
#914 = CARTESIAN_POINT('',(-0.318246854706,2.709792357092,3.564983529793
    ));
#915 = B_SPLINE_CURVE_WITH_KNOTS('',3,(#916,#917,#918,#919),
  .UNSPECIFIED.,.F.,.F.,(4,4),(19.,20.),.PIECEWISE_BEZIER_KNOTS.);
#916 = CARTESIAN_POINT('',(-0.318246854706,2.709792357092,3.564983529793
    ));
#917 = CARTESIAN_POINT('',(-0.329436137381,2.710029409421,3.559294273895
    ));
#918 = CARTESIAN_POINT('',(-0.342516110024,2.710154474372,3.556292715064
    ));
#919 = CARTESIAN_POINT('',(-0.35759222064,2.710158925725,3.556185882604)
  );
#920 = ORIENTED_EDGE('',*,*,#921,.F.);
#921 = EDGE_CURVE('',#744,#913,#922,.T.);
#922 = B_SPLINE_CURVE_WITH_KNOTS('',1,(#923,#924),.UNSPECIFIED.,.F.,.F.,
  (2,2),(-2.630587528195E-02,3.658072649669E-17),
  .PIECEWISE_BEZIER_KNOTS.);
#923 = CARTESIAN_POINT('',(-0.318433420669,2.708697256717,3.591265938789
    ));
#924 = CARTESIAN_POINT('',(-0.318246854706,2.709792357092,3.564983529793
    ));
#925 = FACE_BOUND('',#926,.T.);
#926 = EDGE_LOOP('',(#927,#936,#943,#950,#957,#964,#971,#978,#985,#992,
    #999,#1006));
#927 = ORIENTED_EDGE('',*,*,#928,.F.);
#928 = EDGE_CURVE('',#929,#931,#933,.T.);
#929 = VERTEX_POINT('',#930);
#930 = CARTESIAN_POINT('',(-0.705822723965,2.710118897439,3.557146561457
    ));
#931 = VERTEX_POINT('',#932);
#932 = CARTESIAN_POINT('',(-0.705987167482,2.709153650864,3.580312479269
    ));
#933 = B_SPLINE_CURVE_WITH_KNOTS('',1,(#934,#935),.UNSPECIFIED.,.F.,.F.,
  (2,2),(-2.318660153379E-02,-1.447481260114E-16),
  .PIECEWISE_BEZIER_KNOTS.);
#934 = CARTESIAN_POINT('',(-0.705822723965,2.710118897439,3.557146561457
    ));
#935 = CARTESIAN_POINT('',(-0.705987167482,2.709153650864,3.580312479269
    ));
#936 = ORIENTED_EDGE('',*,*,#937,.F.);
#937 = EDGE_CURVE('',#938,#929,#940,.T.);
#938 = VERTEX_POINT('',#939);
#939 = CARTESIAN_POINT('',(-0.596442942119,2.710086602109,3.557921649378
    ));
#940 = B_SPLINE_CURVE_WITH_KNOTS('',1,(#941,#942),.UNSPECIFIED.,.F.,.F.,
  (2,2),(-0.109382532797,0.),.PIECEWISE_BEZIER_KNOTS.);
#941 = CARTESIAN_POINT('',(-0.596442942119,2.710086602109,3.557921649378
    ));
#942 = CARTESIAN_POINT('',(-0.705822723965,2.710118897439,3.557146561457
    ));
#943 = ORIENTED_EDGE('',*,*,#944,.F.);
#944 = EDGE_CURVE('',#945,#938,#947,.T.);
#945 = VERTEX_POINT('',#946);
#946 = CARTESIAN_POINT('',(-0.597885325614,2.701620134389,3.761116874669
    ));
#947 = B_SPLINE_CURVE_WITH_KNOTS('',1,(#948,#949),.UNSPECIFIED.,.F.,.F.,
  (2,2),(-0.203376648431,-8.024796288221E-17),.PIECEWISE_BEZIER_KNOTS.);
#948 = CARTESIAN_POINT('',(-0.597885325614,2.701620134389,3.761116874669
    ));
#949 = CARTESIAN_POINT('',(-0.596442942119,2.710086602109,3.557921649378
    ));
#950 = ORIENTED_EDGE('',*,*,#951,.F.);
#951 = EDGE_CURVE('',#952,#945,#954,.T.);
#952 = VERTEX_POINT('',#953);
#953 = CARTESIAN_POINT('',(-0.702638301099,2.701651063614,3.760374573262
    ));
#954 = B_SPLINE_CURVE_WITH_KNOTS('',1,(#955,#956),.UNSPECIFIED.,.F.,.F.,
  (2,2),(-0.104755610069,-2.199411342029E-16),.PIECEWISE_BEZIER_KNOTS.);
#955 = CARTESIAN_POINT('',(-0.702638301099,2.701651063614,3.760374573262
    ));
#956 = CARTESIAN_POINT('',(-0.597885325614,2.701620134389,3.761116874669
    ));
#957 = ORIENTED_EDGE('',*,*,#958,.F.);
#958 = EDGE_CURVE('',#959,#952,#961,.T.);
#959 = VERTEX_POINT('',#960);
#960 = CARTESIAN_POINT('',(-0.702472382752,2.70262496711,3.737000889372)
  );
#961 = B_SPLINE_CURVE_WITH_KNOTS('',1,(#962,#963),.UNSPECIFIED.,.F.,.F.,
  (2,2),(-2.339455311681E-02,-1.502598559249E-16),
  .PIECEWISE_BEZIER_KNOTS.);
#962 = CARTESIAN_POINT('',(-0.702472382752,2.70262496711,3.737000889372)
  );
#963 = CARTESIAN_POINT('',(-0.702638301099,2.701651063614,3.760374573262
    ));
#964 = ORIENTED_EDGE('',*,*,#965,.F.);
#965 = EDGE_CURVE('',#966,#959,#968,.T.);
#966 = VERTEX_POINT('',#967);
#967 = CARTESIAN_POINT('',(-0.623972634375,2.702601789377,3.737557154942
    ));
#968 = B_SPLINE_CURVE_WITH_KNOTS('',1,(#969,#970),.UNSPECIFIED.,.F.,.F.,
  (2,2),(-7.850172268119E-02,-3.352875350546E-16),
  .PIECEWISE_BEZIER_KNOTS.);
#969 = CARTESIAN_POINT('',(-0.623972634375,2.702601789377,3.737557154942
    ));
#970 = CARTESIAN_POINT('',(-0.702472382752,2.70262496711,3.737000889372)
  );
#971 = ORIENTED_EDGE('',*,*,#972,.F.);
#972 = EDGE_CURVE('',#973,#966,#975,.T.);
#973 = VERTEX_POINT('',#974);
#974 = CARTESIAN_POINT('',(-0.623511012663,2.705311405325,3.672526372205
    ));
#975 = B_SPLINE_CURVE_WITH_KNOTS('',1,(#976,#977),.UNSPECIFIED.,.F.,.F.,
  (2,2),(-6.508884556213E-02,8.771171380033E-17),
  .PIECEWISE_BEZIER_KNOTS.);
#976 = CARTESIAN_POINT('',(-0.623511012663,2.705311405325,3.672526372205
    ));
#977 = CARTESIAN_POINT('',(-0.623972634375,2.702601789377,3.737557154942
    ));
#978 = ORIENTED_EDGE('',*,*,#979,.F.);
#979 = EDGE_CURVE('',#980,#973,#982,.T.);
#980 = VERTEX_POINT('',#981);
#981 = CARTESIAN_POINT('',(-0.696240249735,2.705332879263,3.67201099768)
  );
#982 = B_SPLINE_CURVE_WITH_KNOTS('',1,(#983,#984),.UNSPECIFIED.,.F.,.F.,
  (2,2),(-7.273106624528E-02,6.666415332188E-16),
  .PIECEWISE_BEZIER_KNOTS.);
#983 = CARTESIAN_POINT('',(-0.696240249735,2.705332879263,3.67201099768)
  );
#984 = CARTESIAN_POINT('',(-0.623511012663,2.705311405325,3.672526372205
    ));
#985 = ORIENTED_EDGE('',*,*,#986,.F.);
#986 = EDGE_CURVE('',#987,#980,#989,.T.);
#987 = VERTEX_POINT('',#988);
#988 = CARTESIAN_POINT('',(-0.696075068803,2.706302454299,3.648741196828
    ));
#989 = B_SPLINE_CURVE_WITH_KNOTS('',1,(#990,#991),.UNSPECIFIED.,.F.,.F.,
  (2,2),(-2.32905773253E-02,-1.463229059867E-16),
  .PIECEWISE_BEZIER_KNOTS.);
#990 = CARTESIAN_POINT('',(-0.696075068803,2.706302454299,3.648741196828
    ));
#991 = CARTESIAN_POINT('',(-0.696240249735,2.705332879263,3.67201099768)
  );
#992 = ORIENTED_EDGE('',*,*,#993,.F.);
#993 = EDGE_CURVE('',#994,#987,#996,.T.);
#994 = VERTEX_POINT('',#995);
#995 = CARTESIAN_POINT('',(-0.623345831731,2.70628098036,3.649256571354)
  );
#996 = B_SPLINE_CURVE_WITH_KNOTS('',1,(#997,#998),.UNSPECIFIED.,.F.,.F.,
  (2,2),(-7.273106624528E-02,-1.115439818576E-16),
  .PIECEWISE_BEZIER_KNOTS.);
#997 = CARTESIAN_POINT('',(-0.623345831731,2.70628098036,3.649256571354)
  );
#998 = CARTESIAN_POINT('',(-0.696075068803,2.706302454299,3.648741196828
    ));
#999 = ORIENTED_EDGE('',*,*,#1000,.F.);
#1000 = EDGE_CURVE('',#1001,#994,#1003,.T.);
#1001 = VERTEX_POINT('',#1002);
#1002 = CARTESIAN_POINT('',(-0.622860612743,2.709129107027,
    3.580901531353));
#1003 = B_SPLINE_CURVE_WITH_KNOTS('',1,(#1004,#1005),.UNSPECIFIED.,.F.,
  .F.,(2,2),(-6.841607089331E-02,-1.50259855925E-16),
  .PIECEWISE_BEZIER_KNOTS.);
#1004 = CARTESIAN_POINT('',(-0.622860612743,2.709129107027,
    3.580901531353));
#1005 = CARTESIAN_POINT('',(-0.623345831731,2.70628098036,3.649256571354
    ));
#1006 = ORIENTED_EDGE('',*,*,#1007,.F.);
#1007 = EDGE_CURVE('',#931,#1001,#1008,.T.);
#1008 = B_SPLINE_CURVE_WITH_KNOTS('',1,(#1009,#1010),.UNSPECIFIED.,.F.,
  .F.,(2,2),(-8.312864540908E-02,-3.309606444751E-16),
  .PIECEWISE_BEZIER_KNOTS.);
#1009 = CARTESIAN_POINT('',(-0.705987167482,2.709153650864,
    3.580312479269));
#1010 = CARTESIAN_POINT('',(-0.622860612743,2.709129107027,
    3.580901531353));
#1011 = FACE_BOUND('',#1012,.T.);
#1012 = EDGE_LOOP('',(#1013,#1022,#1029,#1036,#1045,#1054,#1063));
#1013 = ORIENTED_EDGE('',*,*,#1014,.F.);
#1014 = EDGE_CURVE('',#1015,#1017,#1019,.T.);
#1015 = VERTEX_POINT('',#1016);
#1016 = CARTESIAN_POINT('',(-0.744240812741,2.710130240713,
    3.556874322876));
#1017 = VERTEX_POINT('',#1018);
#1018 = CARTESIAN_POINT('',(-0.800178381784,2.710146756766,
    3.556477937609));
#1019 = B_SPLINE_CURVE_WITH_KNOTS('',1,(#1020,#1021),.UNSPECIFIED.,.F.,
  .F.,(2,2),(-5.593897589787E-02,2.622357926891E-19),
  .PIECEWISE_BEZIER_KNOTS.);
#1020 = CARTESIAN_POINT('',(-0.744240812741,2.710130240713,
    3.556874322876));
#1021 = CARTESIAN_POINT('',(-0.800178381784,2.710146756766,
    3.556477937609));
#1022 = ORIENTED_EDGE('',*,*,#1023,.F.);
#1023 = EDGE_CURVE('',#1024,#1015,#1026,.T.);
#1024 = VERTEX_POINT('',#1025);
#1025 = CARTESIAN_POINT('',(-0.745683196237,2.701663772993,
    3.760069548168));
#1026 = B_SPLINE_CURVE_WITH_KNOTS('',1,(#1027,#1028),.UNSPECIFIED.,.F.,
  .F.,(2,2),(-0.203376648431,0.),.PIECEWISE_BEZIER_KNOTS.);
#1027 = CARTESIAN_POINT('',(-0.745683196237,2.701663772993,
    3.760069548168));
#1028 = CARTESIAN_POINT('',(-0.744240812741,2.710130240713,
    3.556874322876));
#1029 = ORIENTED_EDGE('',*,*,#1030,.F.);
#1030 = EDGE_CURVE('',#1031,#1024,#1033,.T.);
#1031 = VERTEX_POINT('',#1032);
#1032 = CARTESIAN_POINT('',(-0.803700228812,2.701680903025,
    3.759658427389));
#1033 = B_SPLINE_CURVE_WITH_KNOTS('',1,(#1034,#1035),.UNSPECIFIED.,.F.,
  .F.,(2,2),(-5.801849172952E-02,2.24136906886E-16),
  .PIECEWISE_BEZIER_KNOTS.);
#1034 = CARTESIAN_POINT('',(-0.803700228812,2.701680903025,
    3.759658427389));
#1035 = CARTESIAN_POINT('',(-0.745683196237,2.701663772993,
    3.760069548168));
#1036 = ORIENTED_EDGE('',*,*,#1037,.F.);
#1037 = EDGE_CURVE('',#1038,#1031,#1040,.T.);
#1038 = VERTEX_POINT('',#1039);
#1039 = CARTESIAN_POINT('',(-0.880397402499,2.702824676058,
    3.732207874605));
#1040 = B_SPLINE_CURVE_WITH_KNOTS('',3,(#1041,#1042,#1043,#1044),
  .UNSPECIFIED.,.F.,.F.,(4,4),(2.,3.),.PIECEWISE_BEZIER_KNOTS.);
#1041 = CARTESIAN_POINT('',(-0.880397402499,2.702824676058,
    3.732207874605));
#1042 = CARTESIAN_POINT('',(-0.86009424606,2.702069820132,3.750324416844
    ));
#1043 = CARTESIAN_POINT('',(-0.834528275691,2.701690005274,
    3.759439973426));
#1044 = CARTESIAN_POINT('',(-0.803700228812,2.701680903025,
    3.759658427389));
#1045 = ORIENTED_EDGE('',*,*,#1046,.F.);
#1046 = EDGE_CURVE('',#1047,#1038,#1049,.T.);
#1047 = VERTEX_POINT('',#1048);
#1048 = CARTESIAN_POINT('',(-0.910557723692,2.705837683484,
    3.659895696382));
#1049 = B_SPLINE_CURVE_WITH_KNOTS('',3,(#1050,#1051,#1052,#1053),
  .UNSPECIFIED.,.F.,.F.,(4,4),(3.,4.),.PIECEWISE_BEZIER_KNOTS.);
#1050 = CARTESIAN_POINT('',(-0.910557723692,2.705837683484,
    3.659895696382));
#1051 = CARTESIAN_POINT('',(-0.910771574005,2.70458243009,3.690021777841
    ));
#1052 = CARTESIAN_POINT('',(-0.90070055894,2.703579531985,3.714091332365
    ));
#1053 = CARTESIAN_POINT('',(-0.880397402499,2.702824676058,
    3.732207874605));
#1054 = ORIENTED_EDGE('',*,*,#1055,.F.);
#1055 = EDGE_CURVE('',#1056,#1047,#1058,.T.);
#1056 = VERTEX_POINT('',#1057);
#1057 = CARTESIAN_POINT('',(-0.879348061132,2.708984074609,
    3.584382309374));
#1058 = B_SPLINE_CURVE_WITH_KNOTS('',3,(#1059,#1060,#1061,#1062),
  .UNSPECIFIED.,.F.,.F.,(4,4),(4.,5.),.PIECEWISE_BEZIER_KNOTS.);
#1059 = CARTESIAN_POINT('',(-0.879348061132,2.708984074609,
    3.584382309374));
#1060 = CARTESIAN_POINT('',(-0.899913737268,2.708197998783,
    3.603248129203));
#1061 = CARTESIAN_POINT('',(-0.910334286985,2.707149206858,
    3.628419135408));
#1062 = CARTESIAN_POINT('',(-0.910557723692,2.705837683484,
    3.659895696382));
#1063 = ORIENTED_EDGE('',*,*,#1064,.F.);
#1064 = EDGE_CURVE('',#1017,#1056,#1065,.T.);
#1065 = B_SPLINE_CURVE_WITH_KNOTS('',3,(#1066,#1067,#1068,#1069),
  .UNSPECIFIED.,.F.,.F.,(4,4),(5.,6.),.PIECEWISE_BEZIER_KNOTS.);
#1066 = CARTESIAN_POINT('',(-0.800178381784,2.710146756766,
    3.556477937609));
#1067 = CARTESIAN_POINT('',(-0.83235807996,2.710156258102,3.556249905563
    ));
#1068 = CARTESIAN_POINT('',(-0.858782384997,2.709770150436,
    3.565516489546));
#1069 = CARTESIAN_POINT('',(-0.879348061132,2.708984074609,
    3.584382309374));
#1070 = FACE_BOUND('',#1071,.T.);
#1071 = EDGE_LOOP('',(#1072,#1081,#1088,#1095,#1102,#1109,#1116,#1123));
#1072 = ORIENTED_EDGE('',*,*,#1073,.F.);
#1073 = EDGE_CURVE('',#1074,#1076,#1078,.T.);
#1074 = VERTEX_POINT('',#1075);
#1075 = CARTESIAN_POINT('',(-1.10409197716,2.710236489893,3.554324342559
    ));
#1076 = VERTEX_POINT('',#1077);
#1077 = CARTESIAN_POINT('',(-1.028074344045,2.701747151431,
    3.758068465665));
#1078 = B_SPLINE_CURVE_WITH_KNOTS('',1,(#1079,#1080),.UNSPECIFIED.,.F.,
  .F.,(2,2),(-0.217629081495,8.661580484054E-17),
  .PIECEWISE_BEZIER_KNOTS.);
#1079 = CARTESIAN_POINT('',(-1.10409197716,2.710236489893,3.554324342559
    ));
#1080 = CARTESIAN_POINT('',(-1.028074344045,2.701747151431,
    3.758068465665));
#1081 = ORIENTED_EDGE('',*,*,#1082,.F.);
#1082 = EDGE_CURVE('',#1083,#1074,#1085,.T.);
#1083 = VERTEX_POINT('',#1084);
#1084 = CARTESIAN_POINT('',(-1.075083460873,2.710227924877,
    3.554529902948));
#1085 = B_SPLINE_CURVE_WITH_KNOTS('',1,(#1086,#1087),.UNSPECIFIED.,.F.,
  .F.,(2,2),(-2.900924586407E-02,0.),.PIECEWISE_BEZIER_KNOTS.);
#1086 = CARTESIAN_POINT('',(-1.075083460873,2.710227924877,
    3.554529902948));
#1087 = CARTESIAN_POINT('',(-1.10409197716,2.710236489893,3.554324342559
    ));
#1088 = ORIENTED_EDGE('',*,*,#1089,.F.);
#1089 = EDGE_CURVE('',#1090,#1083,#1092,.T.);
#1090 = VERTEX_POINT('',#1091);
#1091 = CARTESIAN_POINT('',(-1.054735329086,2.707906074341,
    3.610254315818));
#1092 = B_SPLINE_CURVE_WITH_KNOTS('',1,(#1093,#1094),.UNSPECIFIED.,.F.,
  .F.,(2,2),(-5.936874301202E-02,2.652963721105E-17),
  .PIECEWISE_BEZIER_KNOTS.);
#1093 = CARTESIAN_POINT('',(-1.054735329086,2.707906074341,
    3.610254315818));
#1094 = CARTESIAN_POINT('',(-1.075083460873,2.710227924877,
    3.554529902948));
#1095 = ORIENTED_EDGE('',*,*,#1096,.F.);
#1096 = EDGE_CURVE('',#1097,#1090,#1099,.T.);
#1097 = VERTEX_POINT('',#1098);
#1098 = CARTESIAN_POINT('',(-0.970049176696,2.707881070019,
    3.610854419536));
#1099 = B_SPLINE_CURVE_WITH_KNOTS('',1,(#1100,#1101),.UNSPECIFIED.,.F.,
  .F.,(2,2),(-8.468828228455E-02,2.215145489591E-16),
  .PIECEWISE_BEZIER_KNOTS.);
#1100 = CARTESIAN_POINT('',(-0.970049176696,2.707881070019,
    3.610854419536));
#1101 = CARTESIAN_POINT('',(-1.054735329086,2.707906074341,
    3.610254315818));
#1102 = ORIENTED_EDGE('',*,*,#1103,.F.);
#1103 = EDGE_CURVE('',#1104,#1097,#1106,.T.);
#1104 = VERTEX_POINT('',#1105);
#1105 = CARTESIAN_POINT('',(-0.950107702526,2.7101910247,3.555415507208)
  );
#1106 = B_SPLINE_CURVE_WITH_KNOTS('',1,(#1107,#1108),.UNSPECIFIED.,.F.,
  .F.,(2,2),(-5.896160855076E-02,1.101031557722E-17),
  .PIECEWISE_BEZIER_KNOTS.);
#1107 = CARTESIAN_POINT('',(-0.950107702526,2.7101910247,3.555415507208)
  );
#1108 = CARTESIAN_POINT('',(-0.970049176696,2.707881070019,
    3.610854419536));
#1109 = ORIENTED_EDGE('',*,*,#1110,.F.);
#1110 = EDGE_CURVE('',#1111,#1104,#1113,.T.);
#1111 = VERTEX_POINT('',#1112);
#1112 = CARTESIAN_POINT('',(-0.921099186238,2.710182459683,
    3.555621067597));
#1113 = B_SPLINE_CURVE_WITH_KNOTS('',1,(#1114,#1115),.UNSPECIFIED.,.F.,
  .F.,(2,2),(-2.900924586545E-02,-7.738586244969E-16),
  .PIECEWISE_BEZIER_KNOTS.);
#1114 = CARTESIAN_POINT('',(-0.921099186238,2.710182459683,
    3.555621067597));
#1115 = CARTESIAN_POINT('',(-0.950107702526,2.7101910247,3.555415507208)
  );
#1116 = ORIENTED_EDGE('',*,*,#1117,.F.);
#1117 = EDGE_CURVE('',#1118,#1111,#1120,.T.);
#1118 = VERTEX_POINT('',#1119);
#1119 = CARTESIAN_POINT('',(-1.000001586345,2.701738862705,
    3.758267395074));
#1120 = B_SPLINE_CURVE_WITH_KNOTS('',1,(#1121,#1122),.UNSPECIFIED.,.F.,
  .F.,(2,2),(-0.217629081496,7.485742647682E-17),
  .PIECEWISE_BEZIER_KNOTS.);
#1121 = CARTESIAN_POINT('',(-1.000001586345,2.701738862705,
    3.758267395074));
#1122 = CARTESIAN_POINT('',(-0.921099186238,2.710182459683,
    3.555621067597));
#1123 = ORIENTED_EDGE('',*,*,#1124,.F.);
#1124 = EDGE_CURVE('',#1076,#1118,#1125,.T.);
#1125 = B_SPLINE_CURVE_WITH_KNOTS('',1,(#1126,#1127),.UNSPECIFIED.,.F.,
  .F.,(2,2),(-2.807346374184E-02,1.110850692204E-15),
  .PIECEWISE_BEZIER_KNOTS.);
#1126 = CARTESIAN_POINT('',(-1.028074344045,2.701747151431,
    3.758068465665));
#1127 = CARTESIAN_POINT('',(-1.000001586345,2.701738862705,
    3.758267395074));
#1128 = FACE_BOUND('',#1129,.T.);
#1129 = EDGE_LOOP('',(#1130,#1141,#1150,#1159,#1166,#1175,#1184,#1193,
    #1200,#1209,#1218,#1227,#1236,#1245,#1254,#1263,#1272,#1281,#1290,
    #1297,#1304,#1311,#1320,#1329,#1338,#1347,#1356,#1365,#1374,#1383,
    #1392,#1401,#1410));
#1130 = ORIENTED_EDGE('',*,*,#1131,.F.);
#1131 = EDGE_CURVE('',#1132,#1134,#1136,.T.);
#1132 = VERTEX_POINT('',#1133);
#1133 = CARTESIAN_POINT('',(0.131906371694,2.701473090566,3.764645926416
    ));
#1134 = VERTEX_POINT('',#1135);
#1135 = CARTESIAN_POINT('',(0.273712037486,2.693545187351,3.954915603586
    ));
#1136 = B_SPLINE_CURVE_WITH_KNOTS('',3,(#1137,#1138,#1139,#1140),
  .UNSPECIFIED.,.F.,.F.,(4,4),(35.,36.),.PIECEWISE_BEZIER_KNOTS.);
#1137 = CARTESIAN_POINT('',(0.131906371694,2.701473090566,3.764645926416
    ));
#1138 = CARTESIAN_POINT('',(0.132736988878,2.697860922763,3.851337953694
    ));
#1139 = CARTESIAN_POINT('',(0.191477479277,2.694653044814,3.928327024457
    ));
#1140 = CARTESIAN_POINT('',(0.273712037486,2.693545187351,3.954915603586
    ));
#1141 = ORIENTED_EDGE('',*,*,#1142,.F.);
#1142 = EDGE_CURVE('',#1143,#1132,#1145,.T.);
#1143 = VERTEX_POINT('',#1144);
#1144 = CARTESIAN_POINT('',(0.186380806402,2.707175887533,3.627778799206
    ));
#1145 = B_SPLINE_CURVE_WITH_KNOTS('',3,(#1146,#1147,#1148,#1149),
  .UNSPECIFIED.,.F.,.F.,(4,4),(34.,35.),.PIECEWISE_BEZIER_KNOTS.);
#1146 = CARTESIAN_POINT('',(0.186380806402,2.707175887533,3.627778799206
    ));
#1147 = CARTESIAN_POINT('',(0.151411330015,2.705621046057,3.665094994634
    ));
#1148 = CARTESIAN_POINT('',(0.132265303664,2.703579940752,3.714081521945
    ));
#1149 = CARTESIAN_POINT('',(0.131906371694,2.701473090566,3.764645926416
    ));
#1150 = ORIENTED_EDGE('',*,*,#1151,.F.);
#1151 = EDGE_CURVE('',#1152,#1143,#1154,.T.);
#1152 = VERTEX_POINT('',#1153);
#1153 = CARTESIAN_POINT('',(0.318423791487,2.709845844335,3.563699835957
    ));
#1154 = B_SPLINE_CURVE_WITH_KNOTS('',3,(#1155,#1156,#1157,#1158),
  .UNSPECIFIED.,.F.,.F.,(4,4),(33.,34.),.PIECEWISE_BEZIER_KNOTS.);
#1155 = CARTESIAN_POINT('',(0.318423791487,2.709845844335,3.563699835957
    ));
#1156 = CARTESIAN_POINT('',(0.267784747819,2.709680200169,3.567675295945
    ));
#1157 = CARTESIAN_POINT('',(0.221350227629,2.708730729026,3.590462603387
    ));
#1158 = CARTESIAN_POINT('',(0.186380806402,2.707175887533,3.627778799206
    ));
#1159 = ORIENTED_EDGE('',*,*,#1160,.F.);
#1160 = EDGE_CURVE('',#1161,#1152,#1163,.T.);
#1161 = VERTEX_POINT('',#1162);
#1162 = CARTESIAN_POINT('',(0.403734855844,2.709820655503,3.564304367932
    ));
#1163 = B_SPLINE_CURVE_WITH_KNOTS('',1,(#1164,#1165),.UNSPECIFIED.,.F.,
  .F.,(2,2),(-8.097525948804E-02,4.337950480129E-03),
  .PIECEWISE_BEZIER_KNOTS.);
#1164 = CARTESIAN_POINT('',(0.403734855844,2.709820655503,3.564304367932
    ));
#1165 = CARTESIAN_POINT('',(0.318423791487,2.709845844335,3.563699835957
    ));
#1166 = ORIENTED_EDGE('',*,*,#1167,.F.);
#1167 = EDGE_CURVE('',#1168,#1161,#1170,.T.);
#1168 = VERTEX_POINT('',#1169);
#1169 = CARTESIAN_POINT('',(0.445349540214,2.707942208151,3.609387104384
    ));
#1170 = B_SPLINE_CURVE_WITH_KNOTS('',3,(#1171,#1172,#1173,#1174),
  .UNSPECIFIED.,.F.,.F.,(4,4),(28.,29.),.PIECEWISE_BEZIER_KNOTS.);
#1171 = CARTESIAN_POINT('',(0.445349540214,2.707942208151,3.609387104384
    ));
#1172 = CARTESIAN_POINT('',(0.445513623243,2.708905338746,3.586271970098
    ));
#1173 = CARTESIAN_POINT('',(0.426859846765,2.70975362982,3.56591298433)
  );
#1174 = CARTESIAN_POINT('',(0.403734855844,2.709820655503,3.564304367932
    ));
#1175 = ORIENTED_EDGE('',*,*,#1176,.F.);
#1176 = EDGE_CURVE('',#1177,#1168,#1179,.T.);
#1177 = VERTEX_POINT('',#1178);
#1178 = CARTESIAN_POINT('',(0.400207176329,2.70608937657,3.653855062317)
  );
#1179 = B_SPLINE_CURVE_WITH_KNOTS('',3,(#1180,#1181,#1182,#1183),
  .UNSPECIFIED.,.F.,.F.,(4,4),(27.,28.),.PIECEWISE_BEZIER_KNOTS.);
#1180 = CARTESIAN_POINT('',(0.400207176329,2.70608937657,3.653855062317)
  );
#1181 = CARTESIAN_POINT('',(0.424788351033,2.706082118765,3.654029249642
    ));
#1182 = CARTESIAN_POINT('',(0.445175202141,2.706918882754,3.633946913896
    ));
#1183 = CARTESIAN_POINT('',(0.445349540214,2.707942208151,3.609387104384
    ));
#1184 = ORIENTED_EDGE('',*,*,#1185,.F.);
#1185 = EDGE_CURVE('',#1186,#1177,#1188,.T.);
#1186 = VERTEX_POINT('',#1187);
#1187 = CARTESIAN_POINT('',(0.391541748609,2.706152132942,3.652348909395
    ));
#1188 = B_SPLINE_CURVE_WITH_KNOTS('',3,(#1189,#1190,#1191,#1192),
  .UNSPECIFIED.,.F.,.F.,(4,4),(26.,27.),.PIECEWISE_BEZIER_KNOTS.);
#1189 = CARTESIAN_POINT('',(0.391541748609,2.706152132942,3.652348909395
    ));
#1190 = CARTESIAN_POINT('',(0.394433661249,2.70615127908,3.652369402091)
  );
#1191 = CARTESIAN_POINT('',(0.397315318847,2.706090230416,3.653834570012
    ));
#1192 = CARTESIAN_POINT('',(0.400207176329,2.70608937657,3.653855062317)
  );
#1193 = ORIENTED_EDGE('',*,*,#1194,.F.);
#1194 = EDGE_CURVE('',#1195,#1186,#1197,.T.);
#1195 = VERTEX_POINT('',#1196);
#1196 = CARTESIAN_POINT('',(0.326473962417,2.706171344771,3.651887825507
    ));
#1197 = B_SPLINE_CURVE_WITH_KNOTS('',1,(#1198,#1199),.UNSPECIFIED.,.F.,
  .F.,(2,2),(9.997000640354E-16,6.506942267584E-02),
  .PIECEWISE_BEZIER_KNOTS.);
#1198 = CARTESIAN_POINT('',(0.326473962417,2.706171344771,3.651887825507
    ));
#1199 = CARTESIAN_POINT('',(0.391541748609,2.706152132942,3.652348909395
    ));
#1200 = ORIENTED_EDGE('',*,*,#1201,.F.);
#1201 = EDGE_CURVE('',#1202,#1195,#1204,.T.);
#1202 = VERTEX_POINT('',#1203);
#1203 = CARTESIAN_POINT('',(0.221565588024,2.701506818029,3.763836467293
    ));
#1204 = B_SPLINE_CURVE_WITH_KNOTS('',3,(#1205,#1206,#1207,#1208),
  .UNSPECIFIED.,.F.,.F.,(4,4),(24.,25.),.PIECEWISE_BEZIER_KNOTS.);
#1205 = CARTESIAN_POINT('',(0.221565588024,2.701506818029,3.763836467293
    ));
#1206 = CARTESIAN_POINT('',(0.221986051228,2.703974842763,3.704603873686
    ));
#1207 = CARTESIAN_POINT('',(0.267159180828,2.706008262191,3.655801807409
    ));
#1208 = CARTESIAN_POINT('',(0.326473962417,2.706171344771,3.651887825507
    ));
#1209 = ORIENTED_EDGE('',*,*,#1210,.F.);
#1210 = EDGE_CURVE('',#1211,#1202,#1213,.T.);
#1211 = VERTEX_POINT('',#1212);
#1212 = CARTESIAN_POINT('',(0.33354983427,2.696778251859,3.877322055372)
  );
#1213 = B_SPLINE_CURVE_WITH_KNOTS('',3,(#1214,#1215,#1216,#1217),
  .UNSPECIFIED.,.F.,.F.,(4,4),(23.,24.),.PIECEWISE_BEZIER_KNOTS.);
#1214 = CARTESIAN_POINT('',(0.33354983427,2.696778251859,3.877322055372)
  );
#1215 = CARTESIAN_POINT('',(0.271373960719,2.696796609826,3.876881464179
    ));
#1216 = CARTESIAN_POINT('',(0.221124614539,2.698918402546,3.825958438906
    ));
#1217 = CARTESIAN_POINT('',(0.221565588024,2.701506818029,3.763836467293
    ));
#1218 = ORIENTED_EDGE('',*,*,#1219,.F.);
#1219 = EDGE_CURVE('',#1220,#1211,#1222,.T.);
#1220 = VERTEX_POINT('',#1221);
#1221 = CARTESIAN_POINT('',(0.345117429673,2.696774836427,3.877404025763
    ));
#1222 = B_SPLINE_CURVE_WITH_KNOTS('',3,(#1223,#1224,#1225,#1226),
  .UNSPECIFIED.,.F.,.F.,(4,4),(22.,23.),.PIECEWISE_BEZIER_KNOTS.);
#1223 = CARTESIAN_POINT('',(0.345117429673,2.696774836427,3.877404025763
    ));
#1224 = CARTESIAN_POINT('',(0.340779588292,2.696776117212,3.877373286915
    ));
#1225 = CARTESIAN_POINT('',(0.337887675652,2.696776971074,3.87735279422)
  );
#1226 = CARTESIAN_POINT('',(0.33354983427,2.696778251859,3.877322055372)
  );
#1227 = ORIENTED_EDGE('',*,*,#1228,.F.);
#1228 = EDGE_CURVE('',#1229,#1220,#1231,.T.);
#1229 = VERTEX_POINT('',#1230);
#1230 = CARTESIAN_POINT('',(0.546268642378,2.689190601342,4.059425667797
    ));
#1231 = B_SPLINE_CURVE_WITH_KNOTS('',3,(#1232,#1233,#1234,#1235),
  .UNSPECIFIED.,.F.,.F.,(4,4),(21.,22.),.PIECEWISE_BEZIER_KNOTS.);
#1232 = CARTESIAN_POINT('',(0.546268642378,2.689190601342,4.059425667797
    ));
#1233 = CARTESIAN_POINT('',(0.442160173439,2.689221340271,4.058687933497
    ));
#1234 = CARTESIAN_POINT('',(0.355967161136,2.692557720621,3.978614805096
    ));
#1235 = CARTESIAN_POINT('',(0.345117429673,2.696774836427,3.877404025763
    ));
#1236 = ORIENTED_EDGE('',*,*,#1237,.F.);
#1237 = EDGE_CURVE('',#1238,#1229,#1240,.T.);
#1238 = VERTEX_POINT('',#1239);
#1239 = CARTESIAN_POINT('',(0.741010515624,2.694912178663,3.922107812095
    ));
#1240 = B_SPLINE_CURVE_WITH_KNOTS('',3,(#1241,#1242,#1243,#1244),
  .UNSPECIFIED.,.F.,.F.,(4,4),(20.,21.),.PIECEWISE_BEZIER_KNOTS.);
#1241 = CARTESIAN_POINT('',(0.741010515624,2.694912178663,3.922107812095
    ));
#1242 = CARTESIAN_POINT('',(0.712963192834,2.691549333231,4.002816102465
    ));
#1243 = CARTESIAN_POINT('',(0.637363532015,2.689163704785,4.060071185162
    ));
#1244 = CARTESIAN_POINT('',(0.546268642378,2.689190601342,4.059425667797
    ));
#1245 = ORIENTED_EDGE('',*,*,#1246,.F.);
#1246 = EDGE_CURVE('',#1247,#1238,#1249,.T.);
#1247 = VERTEX_POINT('',#1248);
#1248 = CARTESIAN_POINT('',(0.817492069231,2.693986615607,3.944321325433
    ));
#1249 = B_SPLINE_CURVE_WITH_KNOTS('',3,(#1250,#1251,#1252,#1253),
  .UNSPECIFIED.,.F.,.F.,(4,4),(19.,20.),.PIECEWISE_BEZIER_KNOTS.);
#1250 = CARTESIAN_POINT('',(0.817492069231,2.693986615607,3.944321325433
    ));
#1251 = CARTESIAN_POINT('',(0.790019009465,2.693994727266,3.944126645609
    ));
#1252 = CARTESIAN_POINT('',(0.762607480934,2.694364013473,3.93526377665)
  );
#1253 = CARTESIAN_POINT('',(0.741010515624,2.694912178663,3.922107812095
    ));
#1254 = ORIENTED_EDGE('',*,*,#1255,.F.);
#1255 = EDGE_CURVE('',#1256,#1247,#1258,.T.);
#1256 = VERTEX_POINT('',#1257);
#1257 = CARTESIAN_POINT('',(0.963112669571,2.699963494615,3.800876229236
    ));
#1258 = B_SPLINE_CURVE_WITH_KNOTS('',3,(#1259,#1260,#1261,#1262),
  .UNSPECIFIED.,.F.,.F.,(4,4),(18.,19.),.PIECEWISE_BEZIER_KNOTS.);
#1259 = CARTESIAN_POINT('',(0.963112669571,2.699963494615,3.800876229236
    ));
#1260 = CARTESIAN_POINT('',(0.962548633619,2.696652730037,3.88033457912)
  );
#1261 = CARTESIAN_POINT('',(0.897019363466,2.693963134483,3.944884872408
    ));
#1262 = CARTESIAN_POINT('',(0.817492069231,2.693986615607,3.944321325433
    ));
#1263 = ORIENTED_EDGE('',*,*,#1264,.F.);
#1264 = EDGE_CURVE('',#1265,#1256,#1267,.T.);
#1265 = VERTEX_POINT('',#1266);
#1266 = CARTESIAN_POINT('',(0.877299099714,2.70552711705,3.667349290801)
  );
#1267 = B_SPLINE_CURVE_WITH_KNOTS('',3,(#1268,#1269,#1270,#1271),
  .UNSPECIFIED.,.F.,.F.,(4,4),(17.,18.),.PIECEWISE_BEZIER_KNOTS.);
#1268 = CARTESIAN_POINT('',(0.877299099714,2.70552711705,3.667349290801)
  );
#1269 = CARTESIAN_POINT('',(0.927743294638,2.704549042773,3.690823073443
    ));
#1270 = CARTESIAN_POINT('',(0.963533132775,2.702431519349,3.74164363563)
  );
#1271 = CARTESIAN_POINT('',(0.963112669571,2.699963494615,3.800876229236
    ));
#1272 = ORIENTED_EDGE('',*,*,#1273,.F.);
#1273 = EDGE_CURVE('',#1274,#1265,#1276,.T.);
#1274 = VERTEX_POINT('',#1275);
#1275 = CARTESIAN_POINT('',(0.740702886447,2.7015943307,3.7617361632));
#1276 = B_SPLINE_CURVE_WITH_KNOTS('',3,(#1277,#1278,#1279,#1280),
  .UNSPECIFIED.,.F.,.F.,(4,4),(16.,17.),.PIECEWISE_BEZIER_KNOTS.);
#1277 = CARTESIAN_POINT('',(0.740702886447,2.7015943307,3.7617361632));
#1278 = CARTESIAN_POINT('',(0.802878787578,2.701575972726,3.762176754588
    ));
#1279 = CARTESIAN_POINT('',(0.856666096285,2.703245656028,3.722104355336
    ));
#1280 = CARTESIAN_POINT('',(0.877299099714,2.70552711705,3.667349290801)
  );
#1281 = ORIENTED_EDGE('',*,*,#1282,.F.);
#1282 = EDGE_CURVE('',#1283,#1274,#1285,.T.);
#1283 = VERTEX_POINT('',#1284);
#1284 = CARTESIAN_POINT('',(0.632605252858,2.703673004652,3.711847988363
    ));
#1285 = B_SPLINE_CURVE_WITH_KNOTS('',3,(#1286,#1287,#1288,#1289),
  .UNSPECIFIED.,.F.,.F.,(4,4),(15.,16.),.PIECEWISE_BEZIER_KNOTS.);
#1286 = CARTESIAN_POINT('',(0.632605252858,2.703673004652,3.711847988363
    ));
#1287 = CARTESIAN_POINT('',(0.658416997083,2.702401209582,3.742371070034
    ));
#1288 = CARTESIAN_POINT('',(0.697324362319,2.701607138586,3.761428773941
    ));
#1289 = CARTESIAN_POINT('',(0.740702886447,2.7015943307,3.7617361632));
#1290 = ORIENTED_EDGE('',*,*,#1291,.F.);
#1291 = EDGE_CURVE('',#1292,#1283,#1294,.T.);
#1292 = VERTEX_POINT('',#1293);
#1293 = CARTESIAN_POINT('',(0.438129986663,2.699516512834,3.811603791988
    ));
#1294 = B_SPLINE_CURVE_WITH_KNOTS('',1,(#1295,#1296),.UNSPECIFIED.,.F.,
  .F.,(2,2),(5.09441460923E-16,0.218607241286),
  .PIECEWISE_BEZIER_KNOTS.);
#1295 = CARTESIAN_POINT('',(0.438129986663,2.699516512834,3.811603791988
    ));
#1296 = CARTESIAN_POINT('',(0.632605252858,2.703673004652,3.711847988363
    ));
#1297 = ORIENTED_EDGE('',*,*,#1298,.F.);
#1298 = EDGE_CURVE('',#1299,#1292,#1301,.T.);
#1299 = VERTEX_POINT('',#1300);
#1300 = CARTESIAN_POINT('',(0.393849059466,2.702720121471,3.734717184702
    ));
#1301 = B_SPLINE_CURVE_WITH_KNOTS('',1,(#1302,#1303),.UNSPECIFIED.,.F.,
  .F.,(2,2),(3.277824680706E-16,8.878408642163E-02),
  .PIECEWISE_BEZIER_KNOTS.);
#1302 = CARTESIAN_POINT('',(0.393849059466,2.702720121471,3.734717184702
    ));
#1303 = CARTESIAN_POINT('',(0.438129986663,2.699516512834,3.811603791988
    ));
#1304 = ORIENTED_EDGE('',*,*,#1305,.F.);
#1305 = EDGE_CURVE('',#1306,#1299,#1308,.T.);
#1306 = VERTEX_POINT('',#1307);
#1307 = CARTESIAN_POINT('',(0.59704105676,2.707114834358,3.629244075396)
  );
#1308 = B_SPLINE_CURVE_WITH_KNOTS('',1,(#1309,#1310),.UNSPECIFIED.,.F.,
  .F.,(2,2),(-5.64544725875E-16,0.228977898611),
  .PIECEWISE_BEZIER_KNOTS.);
#1309 = CARTESIAN_POINT('',(0.59704105676,2.707114834358,3.629244075396)
  );
#1310 = CARTESIAN_POINT('',(0.393849059466,2.702720121471,3.734717184702
    ));
#1311 = ORIENTED_EDGE('',*,*,#1312,.F.);
#1312 = EDGE_CURVE('',#1313,#1306,#1315,.T.);
#1313 = VERTEX_POINT('',#1314);
#1314 = CARTESIAN_POINT('',(0.597143608751,2.707716791555,3.614797102689
    ));
#1315 = B_SPLINE_CURVE_WITH_KNOTS('',3,(#1316,#1317,#1318,#1319),
  .UNSPECIFIED.,.F.,.F.,(4,4),(11.,12.),.PIECEWISE_BEZIER_KNOTS.);
#1316 = CARTESIAN_POINT('',(0.597143608751,2.707716791555,3.614797102689
    ));
#1317 = CARTESIAN_POINT('',(0.597112843232,2.707536204855,3.619131183479
    ));
#1318 = CARTESIAN_POINT('',(0.597082077713,2.707355618155,3.62346526427)
  );
#1319 = CARTESIAN_POINT('',(0.59704105676,2.707114834358,3.629244075396)
  );
#1320 = ORIENTED_EDGE('',*,*,#1321,.F.);
#1321 = EDGE_CURVE('',#1322,#1313,#1324,.T.);
#1322 = VERTEX_POINT('',#1323);
#1323 = CARTESIAN_POINT('',(0.742764209092,2.713693670563,3.471352006492
    ));
#1324 = B_SPLINE_CURVE_WITH_KNOTS('',3,(#1325,#1326,#1327,#1328),
  .UNSPECIFIED.,.F.,.F.,(4,4),(10.,11.),.PIECEWISE_BEZIER_KNOTS.);
#1325 = CARTESIAN_POINT('',(0.742764209092,2.713693670563,3.471352006492
    ));
#1326 = CARTESIAN_POINT('',(0.663236914858,2.713717151687,3.470788459518
    ));
#1327 = CARTESIAN_POINT('',(0.597707644704,2.711027556133,3.535338752806
    ));
#1328 = CARTESIAN_POINT('',(0.597143608751,2.707716791555,3.614797102689
    ));
#1329 = ORIENTED_EDGE('',*,*,#1330,.F.);
#1330 = EDGE_CURVE('',#1331,#1322,#1333,.T.);
#1331 = VERTEX_POINT('',#1332);
#1332 = CARTESIAN_POINT('',(0.879432195824,2.70955980378,3.570564809289)
  );
#1333 = B_SPLINE_CURVE_WITH_KNOTS('',3,(#1334,#1335,#1336,#1337),
  .UNSPECIFIED.,.F.,.F.,(4,4),(9.,10.),.PIECEWISE_BEZIER_KNOTS.);
#1334 = CARTESIAN_POINT('',(0.879432195824,2.70955980378,3.570564809289)
  );
#1335 = CARTESIAN_POINT('',(0.861045040576,2.711973182649,3.512643716432
    ));
#1336 = CARTESIAN_POINT('',(0.806386066543,2.713674885657,3.471802844228
    ));
#1337 = CARTESIAN_POINT('',(0.742764209092,2.713693670563,3.471352006492
    ));
#1338 = ORIENTED_EDGE('',*,*,#1339,.F.);
#1339 = EDGE_CURVE('',#1340,#1331,#1342,.T.);
#1340 = VERTEX_POINT('',#1341);
#1341 = CARTESIAN_POINT('',(0.994616010684,2.706636255336,3.640729971946
    ));
#1342 = B_SPLINE_CURVE_WITH_KNOTS('',3,(#1343,#1344,#1345,#1346),
  .UNSPECIFIED.,.F.,.F.,(4,4),(8.,9.),.PIECEWISE_BEZIER_KNOTS.);
#1343 = CARTESIAN_POINT('',(0.994616010684,2.706636255336,3.640729971946
    ));
#1344 = CARTESIAN_POINT('',(0.963051220685,2.708090345974,3.605831796636
    ));
#1345 = CARTESIAN_POINT('',(0.924174620967,2.709065003669,3.582440011941
    ));
#1346 = CARTESIAN_POINT('',(0.879432195824,2.70955980378,3.570564809289)
  );
#1347 = ORIENTED_EDGE('',*,*,#1348,.F.);
#1348 = EDGE_CURVE('',#1349,#1340,#1351,.T.);
#1349 = VERTEX_POINT('',#1350);
#1350 = CARTESIAN_POINT('',(1.054228125234,2.700056992237,3.798632286319
    ));
#1351 = B_SPLINE_CURVE_WITH_KNOTS('',3,(#1352,#1353,#1354,#1355),
  .UNSPECIFIED.,.F.,.F.,(4,4),(7.,8.),.PIECEWISE_BEZIER_KNOTS.);
#1352 = CARTESIAN_POINT('',(1.054228125234,2.700056992237,3.798632286319
    ));
#1353 = CARTESIAN_POINT('',(1.0546383332,2.702464821021,3.740844395494)
  );
#1354 = CARTESIAN_POINT('',(1.033349024059,2.704818858947,3.684347485267
    ));
#1355 = CARTESIAN_POINT('',(0.994616010684,2.706636255336,3.640729971946
    ));
#1356 = ORIENTED_EDGE('',*,*,#1357,.F.);
#1357 = EDGE_CURVE('',#1358,#1349,#1360,.T.);
#1358 = VERTEX_POINT('',#1359);
#1359 = CARTESIAN_POINT('',(0.985099306258,2.693214746704,3.962846179099
    ));
#1360 = B_SPLINE_CURVE_WITH_KNOTS('',3,(#1361,#1362,#1363,#1364),
  .UNSPECIFIED.,.F.,.F.,(4,4),(6.,7.),.PIECEWISE_BEZIER_KNOTS.);
#1361 = CARTESIAN_POINT('',(0.985099306258,2.693214746704,3.962846179099
    ));
#1362 = CARTESIAN_POINT('',(1.028785524184,2.695007809821,3.919812664286
    ));
#1363 = CARTESIAN_POINT('',(1.05378715175,2.697468576753,3.860754257931)
  );
#1364 = CARTESIAN_POINT('',(1.054228125234,2.700056992237,3.798632286319
    ));
#1365 = ORIENTED_EDGE('',*,*,#1366,.F.);
#1366 = EDGE_CURVE('',#1367,#1358,#1369,.T.);
#1367 = VERTEX_POINT('',#1368);
#1368 = CARTESIAN_POINT('',(0.81832271419,2.690374448944,4.031013325351)
  );
#1369 = B_SPLINE_CURVE_WITH_KNOTS('',3,(#1370,#1371,#1372,#1373),
  .UNSPECIFIED.,.F.,.F.,(4,4),(5.,6.),.PIECEWISE_BEZIER_KNOTS.);
#1370 = CARTESIAN_POINT('',(0.81832271419,2.690374448944,4.031013325351)
  );
#1371 = CARTESIAN_POINT('',(0.880498601531,2.690356090973,4.031453916642
    ));
#1372 = CARTESIAN_POINT('',(0.939956914598,2.691361913984,4.007314164394
    ));
#1373 = CARTESIAN_POINT('',(0.985099306258,2.693214746704,3.962846179099
    ));
#1374 = ORIENTED_EDGE('',*,*,#1375,.F.);
#1375 = EDGE_CURVE('',#1376,#1367,#1378,.T.);
#1376 = VERTEX_POINT('',#1377);
#1377 = CARTESIAN_POINT('',(0.785086367102,2.690504659644,4.027888268546
    ));
#1378 = B_SPLINE_CURVE_WITH_KNOTS('',3,(#1379,#1380,#1381,#1382),
  .UNSPECIFIED.,.F.,.F.,(4,4),(4.,5.),.PIECEWISE_BEZIER_KNOTS.);
#1379 = CARTESIAN_POINT('',(0.785086367102,2.690504659644,4.027888268546
    ));
#1380 = CARTESIAN_POINT('',(0.796643707266,2.690441048262,4.029414941718
    ));
#1381 = CARTESIAN_POINT('',(0.806755118787,2.690377864377,4.03093135496)
  );
#1382 = CARTESIAN_POINT('',(0.81832271419,2.690374448944,4.031013325351)
  );
#1383 = ORIENTED_EDGE('',*,*,#1384,.F.);
#1384 = EDGE_CURVE('',#1385,#1376,#1387,.T.);
#1385 = VERTEX_POINT('',#1386);
#1386 = CARTESIAN_POINT('',(0.721013308459,2.687874832821,4.091004112289
    ));
#1387 = B_SPLINE_CURVE_WITH_KNOTS('',3,(#1388,#1389,#1390,#1391),
  .UNSPECIFIED.,.F.,.F.,(4,4),(3.,4.),.PIECEWISE_BEZIER_KNOTS.);
#1388 = CARTESIAN_POINT('',(0.721013308459,2.687874832821,4.091004112289
    ));
#1389 = CARTESIAN_POINT('',(0.745717545582,2.688589923824,4.073841928233
    ));
#1390 = CARTESIAN_POINT('',(0.766114679312,2.689486882606,4.052314917457
    ));
#1391 = CARTESIAN_POINT('',(0.785086367102,2.690504659644,4.027888268546
    ));
#1392 = ORIENTED_EDGE('',*,*,#1393,.F.);
#1393 = EDGE_CURVE('',#1394,#1385,#1396,.T.);
#1394 = VERTEX_POINT('',#1395);
#1395 = CARTESIAN_POINT('',(0.547099259171,2.685578431242,4.146117750185
    ));
#1396 = B_SPLINE_CURVE_WITH_KNOTS('',3,(#1397,#1398,#1399,#1400),
  .UNSPECIFIED.,.F.,.F.,(4,4),(2.,3.),.PIECEWISE_BEZIER_KNOTS.);
#1397 = CARTESIAN_POINT('',(0.547099259171,2.685578431242,4.146117750185
    ));
#1398 = CARTESIAN_POINT('',(0.610721089042,2.685559646345,4.146568587726
    ));
#1399 = CARTESIAN_POINT('',(0.670148650318,2.686384882293,4.126762924975
    ));
#1400 = CARTESIAN_POINT('',(0.721013308459,2.687874832821,4.091004112289
    ));
#1401 = ORIENTED_EDGE('',*,*,#1402,.F.);
#1402 = EDGE_CURVE('',#1403,#1394,#1405,.T.);
#1403 = VERTEX_POINT('',#1404);
#1404 = CARTESIAN_POINT('',(0.350983242238,2.688766671243,4.069599990163
    ));
#1405 = B_SPLINE_CURVE_WITH_KNOTS('',3,(#1406,#1407,#1408,#1409),
  .UNSPECIFIED.,.F.,.F.,(4,4),(1.,2.),.PIECEWISE_BEZIER_KNOTS.);
#1406 = CARTESIAN_POINT('',(0.350983242238,2.688766671243,4.069599990163
    ));
#1407 = CARTESIAN_POINT('',(0.405590940165,2.686763988991,4.117664364221
    ));
#1408 = CARTESIAN_POINT('',(0.474801718958,2.685599777719,4.145605434754
    ));
#1409 = CARTESIAN_POINT('',(0.547099259171,2.685578431242,4.146117750185
    ));
#1410 = ORIENTED_EDGE('',*,*,#1411,.F.);
#1411 = EDGE_CURVE('',#1134,#1403,#1412,.T.);
#1412 = B_SPLINE_CURVE_WITH_KNOTS('',3,(#1413,#1414,#1415,#1416),
  .UNSPECIFIED.,.F.,.F.,(4,4),(0.,1.),.PIECEWISE_BEZIER_KNOTS.);
#1413 = CARTESIAN_POINT('',(0.273712037486,2.693545187351,3.954915603586
    ));
#1414 = CARTESIAN_POINT('',(0.289309818295,2.691734619544,3.998369230941
    ));
#1415 = CARTESIAN_POINT('',(0.316506015283,2.690101223562,4.037570734514
    ));
#1416 = CARTESIAN_POINT('',(0.350983242238,2.688766671243,4.069599990163
    ));
#1417 = B_SPLINE_SURFACE_WITH_KNOTS('',1,1,(
    (#1418,#1419)
    ,(#1420,#1421
    )),.UNSPECIFIED.,.F.,.F.,.F.,(2,2),(2,2),(-9.521041984912E-16,
    2.402082429893),(-2.060624618433E-16,10.5),
  .PIECEWISE_BEZIER_KNOTS.);
#1418 = CARTESIAN_POINT('',(-5.25,2.65,5.0000001));
#1419 = CARTESIAN_POINT('',(5.25,2.65,5.0000001));
#1420 = CARTESIAN_POINT('',(-5.25,2.75,2.6000001));
#1421 = CARTESIAN_POINT('',(5.25,2.75,2.6000001));
#1422 = ADVANCED_FACE('',(#1423),#1479,.F.);
#1423 = FACE_BOUND('',#1424,.T.);
#1424 = EDGE_LOOP('',(#1425,#1432,#1439,#1446,#1453,#1460,#1467,#1474));
#1425 = ORIENTED_EDGE('',*,*,#1426,.T.);
#1426 = EDGE_CURVE('',#467,#1427,#1429,.T.);
#1427 = VERTEX_POINT('',#1428);
#1428 = CARTESIAN_POINT('',(5.25,0.85,2.6000001));
#1429 = B_SPLINE_CURVE_WITH_KNOTS('',1,(#1430,#1431),.UNSPECIFIED.,.F.,
  .F.,(2,2),(-0.,1.9),.PIECEWISE_BEZIER_KNOTS.);
#1430 = CARTESIAN_POINT('',(5.25,2.75,2.6000001));
#1431 = CARTESIAN_POINT('',(5.25,0.85,2.6000001));
#1432 = ORIENTED_EDGE('',*,*,#1433,.T.);
#1433 = EDGE_CURVE('',#1427,#1434,#1436,.T.);
#1434 = VERTEX_POINT('',#1435);
#1435 = CARTESIAN_POINT('',(5.23125,0.85,2.5000001));
#1436 = B_SPLINE_CURVE_WITH_KNOTS('',1,(#1437,#1438),.UNSPECIFIED.,.F.,
  .F.,(2,2),(-2.441823089415,-2.340080460689),.PIECEWISE_BEZIER_KNOTS.);
#1437 = CARTESIAN_POINT('',(5.25,0.85,2.6000001));
#1438 = CARTESIAN_POINT('',(5.23125,0.85,2.5000001));
#1439 = ORIENTED_EDGE('',*,*,#1440,.F.);
#1440 = EDGE_CURVE('',#1441,#1434,#1443,.T.);
#1441 = VERTEX_POINT('',#1442);
#1442 = CARTESIAN_POINT('',(5.23125,-0.85,2.5000001));
#1443 = B_SPLINE_CURVE_WITH_KNOTS('',1,(#1444,#1445),.UNSPECIFIED.,.F.,
  .F.,(2,2),(-3.6,-1.9),.PIECEWISE_BEZIER_KNOTS.);
#1444 = CARTESIAN_POINT('',(5.23125,-0.85,2.5000001));
#1445 = CARTESIAN_POINT('',(5.23125,0.85,2.5000001));
#1446 = ORIENTED_EDGE('',*,*,#1447,.F.);
#1447 = EDGE_CURVE('',#1448,#1441,#1450,.T.);
#1448 = VERTEX_POINT('',#1449);
#1449 = CARTESIAN_POINT('',(5.25,-0.85,2.6000001));
#1450 = B_SPLINE_CURVE_WITH_KNOTS('',1,(#1451,#1452),.UNSPECIFIED.,.F.,
  .F.,(2,2),(-2.441823089415,-2.340080460689),.PIECEWISE_BEZIER_KNOTS.);
#1451 = CARTESIAN_POINT('',(5.25,-0.85,2.6000001));
#1452 = CARTESIAN_POINT('',(5.23125,-0.85,2.5000001));
#1453 = ORIENTED_EDGE('',*,*,#1454,.T.);
#1454 = EDGE_CURVE('',#1448,#1455,#1457,.T.);
#1455 = VERTEX_POINT('',#1456);
#1456 = CARTESIAN_POINT('',(5.25,-2.75,2.6000001));
#1457 = B_SPLINE_CURVE_WITH_KNOTS('',1,(#1458,#1459),.UNSPECIFIED.,.F.,
  .F.,(2,2),(3.6,5.5),.PIECEWISE_BEZIER_KNOTS.);
#1458 = CARTESIAN_POINT('',(5.25,-0.85,2.6000001));
#1459 = CARTESIAN_POINT('',(5.25,-2.75,2.6000001));
#1460 = ORIENTED_EDGE('',*,*,#1461,.T.);
#1461 = EDGE_CURVE('',#1455,#1462,#1464,.T.);
#1462 = VERTEX_POINT('',#1463);
#1463 = CARTESIAN_POINT('',(4.81875,-2.654166666667,0.3000001));
#1464 = B_SPLINE_CURVE_WITH_KNOTS('',1,(#1465,#1466),.UNSPECIFIED.,.F.,
  .F.,(2,2),(-2.66483090939,-0.322788939168),.PIECEWISE_BEZIER_KNOTS.);
#1465 = CARTESIAN_POINT('',(5.25,-2.75,2.6000001));
#1466 = CARTESIAN_POINT('',(4.81875,-2.654166666667,0.3000001));
#1467 = ORIENTED_EDGE('',*,*,#1468,.F.);
#1468 = EDGE_CURVE('',#1469,#1462,#1471,.T.);
#1469 = VERTEX_POINT('',#1470);
#1470 = CARTESIAN_POINT('',(4.81875,2.654166666667,0.3000001));
#1471 = B_SPLINE_CURVE_WITH_KNOTS('',1,(#1472,#1473),.UNSPECIFIED.,.F.,
  .F.,(2,2),(9.583333333333E-02,5.404166666667),
  .PIECEWISE_BEZIER_KNOTS.);
#1472 = CARTESIAN_POINT('',(4.81875,2.654166666667,0.3000001));
#1473 = CARTESIAN_POINT('',(4.81875,-2.654166666667,0.3000001));
#1474 = ORIENTED_EDGE('',*,*,#1475,.T.);
#1475 = EDGE_CURVE('',#1469,#467,#1476,.T.);
#1476 = B_SPLINE_CURVE_WITH_KNOTS('',1,(#1477,#1478),.UNSPECIFIED.,.F.,
  .F.,(2,2),(9.773604087061E-02,2.439778011092),
  .PIECEWISE_BEZIER_KNOTS.);
#1477 = CARTESIAN_POINT('',(4.81875,2.654166666667,0.3000001));
#1478 = CARTESIAN_POINT('',(5.25,2.75,2.6000001));
#1479 = B_SPLINE_SURFACE_WITH_KNOTS('',1,1,(
    (#1480,#1481)
    ,(#1482,#1483
    )),.UNSPECIFIED.,.F.,.F.,.F.,(2,2),(2,2),(0.101742628726,
    2.441823089415),(-5.5,0.),.PIECEWISE_BEZIER_KNOTS.);
#1480 = CARTESIAN_POINT('',(4.81875,-2.75,0.3000001));
#1481 = CARTESIAN_POINT('',(4.81875,2.75,0.3000001));
#1482 = CARTESIAN_POINT('',(5.25,-2.75,2.6000001));
#1483 = CARTESIAN_POINT('',(5.25,2.75,2.6000001));
#1484 = ADVANCED_FACE('',(#1485),#1507,.F.);
#1485 = FACE_BOUND('',#1486,.T.);
#1486 = EDGE_LOOP('',(#1487,#1494,#1501,#1506));
#1487 = ORIENTED_EDGE('',*,*,#1488,.T.);
#1488 = EDGE_CURVE('',#474,#1489,#1491,.T.);
#1489 = VERTEX_POINT('',#1490);
#1490 = CARTESIAN_POINT('',(-4.8,-2.65,5.0000001));
#1491 = B_SPLINE_CURVE_WITH_KNOTS('',1,(#1492,#1493),.UNSPECIFIED.,.F.,
  .F.,(2,2),(0.1,5.4),.PIECEWISE_BEZIER_KNOTS.);
#1492 = CARTESIAN_POINT('',(-4.8,2.65,5.0000001));
#1493 = CARTESIAN_POINT('',(-4.8,-2.65,5.0000001));
#1494 = ORIENTED_EDGE('',*,*,#1495,.T.);
#1495 = EDGE_CURVE('',#1489,#1496,#1498,.T.);
#1496 = VERTEX_POINT('',#1497);
#1497 = CARTESIAN_POINT('',(4.8,-2.65,5.0000001));
#1498 = B_SPLINE_CURVE_WITH_KNOTS('',1,(#1499,#1500),.UNSPECIFIED.,.F.,
  .F.,(2,2),(0.45,10.05),.PIECEWISE_BEZIER_KNOTS.);
#1499 = CARTESIAN_POINT('',(-4.8,-2.65,5.0000001));
#1500 = CARTESIAN_POINT('',(4.8,-2.65,5.0000001));
#1501 = ORIENTED_EDGE('',*,*,#1502,.F.);
#1502 = EDGE_CURVE('',#481,#1496,#1503,.T.);
#1503 = B_SPLINE_CURVE_WITH_KNOTS('',1,(#1504,#1505),.UNSPECIFIED.,.F.,
  .F.,(2,2),(0.1,5.4),.PIECEWISE_BEZIER_KNOTS.);
#1504 = CARTESIAN_POINT('',(4.8,2.65,5.0000001));
#1505 = CARTESIAN_POINT('',(4.8,-2.65,5.0000001));
#1506 = ORIENTED_EDGE('',*,*,#480,.F.);
#1507 = B_SPLINE_SURFACE_WITH_KNOTS('',1,1,(
    (#1508,#1509)
    ,(#1510,#1511
    )),.UNSPECIFIED.,.F.,.F.,.F.,(2,2),(2,2),(0.,9.6),(-5.4,-0.1),
  .PIECEWISE_BEZIER_KNOTS.);
#1508 = CARTESIAN_POINT('',(4.8,-2.65,5.0000001));
#1509 = CARTESIAN_POINT('',(4.8,2.65,5.0000001));
#1510 = CARTESIAN_POINT('',(-4.8,-2.65,5.0000001));
#1511 = CARTESIAN_POINT('',(-4.8,2.65,5.0000001));
#1512 = ADVANCED_FACE('',(#1513),#1543,.F.);
#1513 = FACE_BOUND('',#1514,.T.);
#1514 = EDGE_LOOP('',(#1515,#1524,#1529,#1530,#1531,#1532,#1537,#1538));
#1515 = ORIENTED_EDGE('',*,*,#1516,.F.);
#1516 = EDGE_CURVE('',#1517,#1519,#1521,.T.);
#1517 = VERTEX_POINT('',#1518);
#1518 = CARTESIAN_POINT('',(5.23125,0.85,2.7000001));
#1519 = VERTEX_POINT('',#1520);
#1520 = CARTESIAN_POINT('',(5.23125,-0.85,2.7000001));
#1521 = B_SPLINE_CURVE_WITH_KNOTS('',1,(#1522,#1523),.UNSPECIFIED.,.F.,
  .F.,(2,2),(1.9,3.6),.PIECEWISE_BEZIER_KNOTS.);
#1522 = CARTESIAN_POINT('',(5.23125,0.85,2.7000001));
#1523 = CARTESIAN_POINT('',(5.23125,-0.85,2.7000001));
#1524 = ORIENTED_EDGE('',*,*,#1525,.T.);
#1525 = EDGE_CURVE('',#1517,#1427,#1526,.T.);
#1526 = B_SPLINE_CURVE_WITH_KNOTS('',1,(#1527,#1528),.UNSPECIFIED.,.F.,
  .F.,(2,2),(-0.101742628726,0.),.PIECEWISE_BEZIER_KNOTS.);
#1527 = CARTESIAN_POINT('',(5.23125,0.85,2.7000001));
#1528 = CARTESIAN_POINT('',(5.25,0.85,2.6000001));
#1529 = ORIENTED_EDGE('',*,*,#1426,.F.);
#1530 = ORIENTED_EDGE('',*,*,#487,.T.);
#1531 = ORIENTED_EDGE('',*,*,#1502,.T.);
#1532 = ORIENTED_EDGE('',*,*,#1533,.T.);
#1533 = EDGE_CURVE('',#1496,#1455,#1534,.T.);
#1534 = B_SPLINE_CURVE_WITH_KNOTS('',1,(#1535,#1536),.UNSPECIFIED.,.F.,
  .F.,(2,2),(-2.218816983672,0.225052898298),.PIECEWISE_BEZIER_KNOTS.);
#1535 = CARTESIAN_POINT('',(4.8,-2.65,5.0000001));
#1536 = CARTESIAN_POINT('',(5.25,-2.75,2.6000001));
#1537 = ORIENTED_EDGE('',*,*,#1454,.F.);
#1538 = ORIENTED_EDGE('',*,*,#1539,.F.);
#1539 = EDGE_CURVE('',#1519,#1448,#1540,.T.);
#1540 = B_SPLINE_CURVE_WITH_KNOTS('',1,(#1541,#1542),.UNSPECIFIED.,.F.,
  .F.,(2,2),(-0.101742628726,0.),.PIECEWISE_BEZIER_KNOTS.);
#1541 = CARTESIAN_POINT('',(5.23125,-0.85,2.7000001));
#1542 = CARTESIAN_POINT('',(5.25,-0.85,2.6000001));
#1543 = B_SPLINE_SURFACE_WITH_KNOTS('',1,1,(
    (#1544,#1545)
    ,(#1546,#1547
    )),.UNSPECIFIED.,.F.,.F.,.F.,(2,2),(2,2),(0.,2.441823089415),(-5.5,
    0.),.PIECEWISE_BEZIER_KNOTS.);
#1544 = CARTESIAN_POINT('',(5.25,-2.75,2.6000001));
#1545 = CARTESIAN_POINT('',(5.25,2.75,2.6000001));
#1546 = CARTESIAN_POINT('',(4.8,-2.75,5.0000001));
#1547 = CARTESIAN_POINT('',(4.8,2.75,5.0000001));
#1548 = ADVANCED_FACE('',(#1549),#1579,.F.);
#1549 = FACE_BOUND('',#1550,.T.);
#1550 = EDGE_LOOP('',(#1551,#1560,#1567,#1574));
#1551 = ORIENTED_EDGE('',*,*,#1552,.F.);
#1552 = EDGE_CURVE('',#1553,#1555,#1557,.T.);
#1553 = VERTEX_POINT('',#1554);
#1554 = CARTESIAN_POINT('',(-2.25,-2.65,0.2000001));
#1555 = VERTEX_POINT('',#1556);
#1556 = CARTESIAN_POINT('',(2.25,-2.65,0.2000001));
#1557 = B_SPLINE_CURVE_WITH_KNOTS('',1,(#1558,#1559),.UNSPECIFIED.,.F.,
  .F.,(2,2),(3.,7.5),.PIECEWISE_BEZIER_KNOTS.);
#1558 = CARTESIAN_POINT('',(-2.25,-2.65,0.2000001));
#1559 = CARTESIAN_POINT('',(2.25,-2.65,0.2000001));
#1560 = ORIENTED_EDGE('',*,*,#1561,.F.);
#1561 = EDGE_CURVE('',#1562,#1553,#1564,.T.);
#1562 = VERTEX_POINT('',#1563);
#1563 = CARTESIAN_POINT('',(-2.25,2.65,0.2000001));
#1564 = B_SPLINE_CURVE_WITH_KNOTS('',1,(#1565,#1566),.UNSPECIFIED.,.F.,
  .F.,(2,2),(1.E-01,5.4),.PIECEWISE_BEZIER_KNOTS.);
#1565 = CARTESIAN_POINT('',(-2.25,2.65,0.2000001));
#1566 = CARTESIAN_POINT('',(-2.25,-2.65,0.2000001));
#1567 = ORIENTED_EDGE('',*,*,#1568,.T.);
#1568 = EDGE_CURVE('',#1562,#1569,#1571,.T.);
#1569 = VERTEX_POINT('',#1570);
#1570 = CARTESIAN_POINT('',(2.25,2.65,0.2000001));
#1571 = B_SPLINE_CURVE_WITH_KNOTS('',1,(#1572,#1573),.UNSPECIFIED.,.F.,
  .F.,(2,2),(3.,7.5),.PIECEWISE_BEZIER_KNOTS.);
#1572 = CARTESIAN_POINT('',(-2.25,2.65,0.2000001));
#1573 = CARTESIAN_POINT('',(2.25,2.65,0.2000001));
#1574 = ORIENTED_EDGE('',*,*,#1575,.F.);
#1575 = EDGE_CURVE('',#1555,#1569,#1576,.T.);
#1576 = B_SPLINE_CURVE_WITH_KNOTS('',1,(#1577,#1578),.UNSPECIFIED.,.F.,
  .F.,(2,2),(-5.4,-0.1),.PIECEWISE_BEZIER_KNOTS.);
#1577 = CARTESIAN_POINT('',(2.25,-2.65,0.2000001));
#1578 = CARTESIAN_POINT('',(2.25,2.65,0.2000001));
#1579 = B_SPLINE_SURFACE_WITH_KNOTS('',1,1,(
    (#1580,#1581)
    ,(#1582,#1583
    )),.UNSPECIFIED.,.F.,.F.,.F.,(2,2),(2,2),(2.55,7.05),(-5.4,-0.1),
  .PIECEWISE_BEZIER_KNOTS.);
#1580 = CARTESIAN_POINT('',(-2.25,-2.65,0.2000001));
#1581 = CARTESIAN_POINT('',(-2.25,2.65,0.2000001));
#1582 = CARTESIAN_POINT('',(2.25,-2.65,0.2000001));
#1583 = CARTESIAN_POINT('',(2.25,2.65,0.2000001));
#1584 = ADVANCED_FACE('',(#1585),#1641,.F.);
#1585 = FACE_BOUND('',#1586,.T.);
#1586 = EDGE_LOOP('',(#1587,#1596,#1603,#1608,#1615,#1622,#1629,#1636));
#1587 = ORIENTED_EDGE('',*,*,#1588,.F.);
#1588 = EDGE_CURVE('',#1589,#1591,#1593,.T.);
#1589 = VERTEX_POINT('',#1590);
#1590 = CARTESIAN_POINT('',(-5.23125,0.85,2.5000001));
#1591 = VERTEX_POINT('',#1592);
#1592 = CARTESIAN_POINT('',(-5.23125,-0.85,2.5000001));
#1593 = B_SPLINE_CURVE_WITH_KNOTS('',1,(#1594,#1595),.UNSPECIFIED.,.F.,
  .F.,(2,2),(1.9,3.6),.PIECEWISE_BEZIER_KNOTS.);
#1594 = CARTESIAN_POINT('',(-5.23125,0.85,2.5000001));
#1595 = CARTESIAN_POINT('',(-5.23125,-0.85,2.5000001));
#1596 = ORIENTED_EDGE('',*,*,#1597,.T.);
#1597 = EDGE_CURVE('',#1589,#1598,#1600,.T.);
#1598 = VERTEX_POINT('',#1599);
#1599 = CARTESIAN_POINT('',(-5.25,0.85,2.6000001));
#1600 = B_SPLINE_CURVE_WITH_KNOTS('',1,(#1601,#1602),.UNSPECIFIED.,.F.,
  .F.,(2,2),(-0.101742628726,0.),.PIECEWISE_BEZIER_KNOTS.);
#1601 = CARTESIAN_POINT('',(-5.23125,0.85,2.5000001));
#1602 = CARTESIAN_POINT('',(-5.25,0.85,2.6000001));
#1603 = ORIENTED_EDGE('',*,*,#1604,.F.);
#1604 = EDGE_CURVE('',#465,#1598,#1605,.T.);
#1605 = B_SPLINE_CURVE_WITH_KNOTS('',1,(#1606,#1607),.UNSPECIFIED.,.F.,
  .F.,(2,2),(-0.,1.9),.PIECEWISE_BEZIER_KNOTS.);
#1606 = CARTESIAN_POINT('',(-5.25,2.75,2.6000001));
#1607 = CARTESIAN_POINT('',(-5.25,0.85,2.6000001));
#1608 = ORIENTED_EDGE('',*,*,#1609,.T.);
#1609 = EDGE_CURVE('',#465,#1610,#1612,.T.);
#1610 = VERTEX_POINT('',#1611);
#1611 = CARTESIAN_POINT('',(-4.81875,2.654166666667,0.3000001));
#1612 = B_SPLINE_CURVE_WITH_KNOTS('',1,(#1613,#1614),.UNSPECIFIED.,.F.,
  .F.,(2,2),(1.583388527976E-34,2.342041970221),
  .PIECEWISE_BEZIER_KNOTS.);
#1613 = CARTESIAN_POINT('',(-5.25,2.75,2.6000001));
#1614 = CARTESIAN_POINT('',(-4.81875,2.654166666667,0.3000001));
#1615 = ORIENTED_EDGE('',*,*,#1616,.T.);
#1616 = EDGE_CURVE('',#1610,#1617,#1619,.T.);
#1617 = VERTEX_POINT('',#1618);
#1618 = CARTESIAN_POINT('',(-4.81875,-2.654166666667,0.3000001));
#1619 = B_SPLINE_CURVE_WITH_KNOTS('',1,(#1620,#1621),.UNSPECIFIED.,.F.,
  .F.,(2,2),(9.583333333333E-02,5.404166666667),
  .PIECEWISE_BEZIER_KNOTS.);
#1620 = CARTESIAN_POINT('',(-4.81875,2.654166666667,0.3000001));
#1621 = CARTESIAN_POINT('',(-4.81875,-2.654166666667,0.3000001));
#1622 = ORIENTED_EDGE('',*,*,#1623,.T.);
#1623 = EDGE_CURVE('',#1617,#1624,#1626,.T.);
#1624 = VERTEX_POINT('',#1625);
#1625 = CARTESIAN_POINT('',(-5.25,-2.75,2.6000001));
#1626 = B_SPLINE_CURVE_WITH_KNOTS('',1,(#1627,#1628),.UNSPECIFIED.,.F.,
  .F.,(2,2),(-2.116989071923,0.225052898298),.PIECEWISE_BEZIER_KNOTS.);
#1627 = CARTESIAN_POINT('',(-4.81875,-2.654166666667,0.3000001));
#1628 = CARTESIAN_POINT('',(-5.25,-2.75,2.6000001));
#1629 = ORIENTED_EDGE('',*,*,#1630,.F.);
#1630 = EDGE_CURVE('',#1631,#1624,#1633,.T.);
#1631 = VERTEX_POINT('',#1632);
#1632 = CARTESIAN_POINT('',(-5.25,-0.85,2.6000001));
#1633 = B_SPLINE_CURVE_WITH_KNOTS('',1,(#1634,#1635),.UNSPECIFIED.,.F.,
  .F.,(2,2),(3.6,5.5),.PIECEWISE_BEZIER_KNOTS.);
#1634 = CARTESIAN_POINT('',(-5.25,-0.85,2.6000001));
#1635 = CARTESIAN_POINT('',(-5.25,-2.75,2.6000001));
#1636 = ORIENTED_EDGE('',*,*,#1637,.F.);
#1637 = EDGE_CURVE('',#1591,#1631,#1638,.T.);
#1638 = B_SPLINE_CURVE_WITH_KNOTS('',1,(#1639,#1640),.UNSPECIFIED.,.F.,
  .F.,(2,2),(-0.101742628726,0.),.PIECEWISE_BEZIER_KNOTS.);
#1639 = CARTESIAN_POINT('',(-5.23125,-0.85,2.5000001));
#1640 = CARTESIAN_POINT('',(-5.25,-0.85,2.6000001));
#1641 = B_SPLINE_SURFACE_WITH_KNOTS('',1,1,(
    (#1642,#1643)
    ,(#1644,#1645
    )),.UNSPECIFIED.,.F.,.F.,.F.,(2,2),(2,2),(-7.976493315049E-17,
    2.340080460689),(-5.5,0.),.PIECEWISE_BEZIER_KNOTS.);
#1642 = CARTESIAN_POINT('',(-5.25,-2.75,2.6000001));
#1643 = CARTESIAN_POINT('',(-5.25,2.75,2.6000001));
#1644 = CARTESIAN_POINT('',(-4.81875,-2.75,0.3000001));
#1645 = CARTESIAN_POINT('',(-4.81875,2.75,0.3000001));
#1646 = ADVANCED_FACE('',(#1647),#1677,.F.);
#1647 = FACE_BOUND('',#1648,.T.);
#1648 = EDGE_LOOP('',(#1649,#1650,#1657,#1664,#1669,#1670,#1675,#1676));
#1649 = ORIENTED_EDGE('',*,*,#1604,.T.);
#1650 = ORIENTED_EDGE('',*,*,#1651,.T.);
#1651 = EDGE_CURVE('',#1598,#1652,#1654,.T.);
#1652 = VERTEX_POINT('',#1653);
#1653 = CARTESIAN_POINT('',(-5.23125,0.85,2.7000001));
#1654 = B_SPLINE_CURVE_WITH_KNOTS('',1,(#1655,#1656),.UNSPECIFIED.,.F.,
  .F.,(2,2),(-2.441823089415,-2.340080460689),.PIECEWISE_BEZIER_KNOTS.);
#1655 = CARTESIAN_POINT('',(-5.25,0.85,2.6000001));
#1656 = CARTESIAN_POINT('',(-5.23125,0.85,2.7000001));
#1657 = ORIENTED_EDGE('',*,*,#1658,.F.);
#1658 = EDGE_CURVE('',#1659,#1652,#1661,.T.);
#1659 = VERTEX_POINT('',#1660);
#1660 = CARTESIAN_POINT('',(-5.23125,-0.85,2.7000001));
#1661 = B_SPLINE_CURVE_WITH_KNOTS('',1,(#1662,#1663),.UNSPECIFIED.,.F.,
  .F.,(2,2),(-3.6,-1.9),.PIECEWISE_BEZIER_KNOTS.);
#1662 = CARTESIAN_POINT('',(-5.23125,-0.85,2.7000001));
#1663 = CARTESIAN_POINT('',(-5.23125,0.85,2.7000001));
#1664 = ORIENTED_EDGE('',*,*,#1665,.F.);
#1665 = EDGE_CURVE('',#1631,#1659,#1666,.T.);
#1666 = B_SPLINE_CURVE_WITH_KNOTS('',1,(#1667,#1668),.UNSPECIFIED.,.F.,
  .F.,(2,2),(-2.441823089415,-2.340080460689),.PIECEWISE_BEZIER_KNOTS.);
#1667 = CARTESIAN_POINT('',(-5.25,-0.85,2.6000001));
#1668 = CARTESIAN_POINT('',(-5.23125,-0.85,2.7000001));
#1669 = ORIENTED_EDGE('',*,*,#1630,.T.);
#1670 = ORIENTED_EDGE('',*,*,#1671,.T.);
#1671 = EDGE_CURVE('',#1624,#1489,#1672,.T.);
#1672 = B_SPLINE_CURVE_WITH_KNOTS('',1,(#1673,#1674),.UNSPECIFIED.,.F.,
  .F.,(2,2),(-2.66483090939,-0.22096102742),.PIECEWISE_BEZIER_KNOTS.);
#1673 = CARTESIAN_POINT('',(-5.25,-2.75,2.6000001));
#1674 = CARTESIAN_POINT('',(-4.8,-2.65,5.0000001));
#1675 = ORIENTED_EDGE('',*,*,#1488,.F.);
#1676 = ORIENTED_EDGE('',*,*,#473,.T.);
#1677 = B_SPLINE_SURFACE_WITH_KNOTS('',1,1,(
    (#1678,#1679)
    ,(#1680,#1681
    )),.UNSPECIFIED.,.F.,.F.,.F.,(2,2),(2,2),(-3.720297061715E-17,
    2.441823089415),(-5.5,0.),.PIECEWISE_BEZIER_KNOTS.);
#1678 = CARTESIAN_POINT('',(-4.8,-2.75,5.0000001));
#1679 = CARTESIAN_POINT('',(-4.8,2.75,5.0000001));
#1680 = CARTESIAN_POINT('',(-5.25,-2.75,2.6000001));
#1681 = CARTESIAN_POINT('',(-5.25,2.75,2.6000001));
#1682 = ADVANCED_FACE('',(#1683),#1713,.F.);
#1683 = FACE_BOUND('',#1684,.T.);
#1684 = EDGE_LOOP('',(#1685,#1686,#1693,#1698,#1699,#1700,#1701,#1708));
#1685 = ORIENTED_EDGE('',*,*,#1568,.F.);
#1686 = ORIENTED_EDGE('',*,*,#1687,.T.);
#1687 = EDGE_CURVE('',#1562,#1688,#1690,.T.);
#1688 = VERTEX_POINT('',#1689);
#1689 = CARTESIAN_POINT('',(-2.25,2.654166666667,0.3000001));
#1690 = B_SPLINE_CURVE_WITH_KNOTS('',1,(#1691,#1692),.UNSPECIFIED.,.F.,
  .F.,(2,2),(-2.402082429893,-2.301995661981),.PIECEWISE_BEZIER_KNOTS.);
#1691 = CARTESIAN_POINT('',(-2.25,2.65,0.2000001));
#1692 = CARTESIAN_POINT('',(-2.25,2.654166666667,0.3000001));
#1693 = ORIENTED_EDGE('',*,*,#1694,.T.);
#1694 = EDGE_CURVE('',#1688,#1610,#1695,.T.);
#1695 = B_SPLINE_CURVE_WITH_KNOTS('',1,(#1696,#1697),.UNSPECIFIED.,.F.,
  .F.,(2,2),(-3.,-0.43125),.PIECEWISE_BEZIER_KNOTS.);
#1696 = CARTESIAN_POINT('',(-2.25,2.654166666667,0.3000001));
#1697 = CARTESIAN_POINT('',(-4.81875,2.654166666667,0.3000001));
#1698 = ORIENTED_EDGE('',*,*,#1609,.F.);
#1699 = ORIENTED_EDGE('',*,*,#464,.T.);
#1700 = ORIENTED_EDGE('',*,*,#1475,.F.);
#1701 = ORIENTED_EDGE('',*,*,#1702,.F.);
#1702 = EDGE_CURVE('',#1703,#1469,#1705,.T.);
#1703 = VERTEX_POINT('',#1704);
#1704 = CARTESIAN_POINT('',(2.25,2.654166666667,0.3000001));
#1705 = B_SPLINE_CURVE_WITH_KNOTS('',1,(#1706,#1707),.UNSPECIFIED.,.F.,
  .F.,(2,2),(7.5,10.06875),.PIECEWISE_BEZIER_KNOTS.);
#1706 = CARTESIAN_POINT('',(2.25,2.654166666667,0.3000001));
#1707 = CARTESIAN_POINT('',(4.81875,2.654166666667,0.3000001));
#1708 = ORIENTED_EDGE('',*,*,#1709,.T.);
#1709 = EDGE_CURVE('',#1703,#1569,#1710,.T.);
#1710 = B_SPLINE_CURVE_WITH_KNOTS('',1,(#1711,#1712),.UNSPECIFIED.,.F.,
  .F.,(2,2),(2.301995661981,2.402082429893),.PIECEWISE_BEZIER_KNOTS.);
#1711 = CARTESIAN_POINT('',(2.25,2.654166666667,0.3000001));
#1712 = CARTESIAN_POINT('',(2.25,2.65,0.2000001));
#1713 = B_SPLINE_SURFACE_WITH_KNOTS('',1,1,(
    (#1714,#1715)
    ,(#1716,#1717
    )),.UNSPECIFIED.,.F.,.F.,.F.,(2,2),(2,2),(-3.162203064284E-16,
    2.402082429893),(0.,10.5),.PIECEWISE_BEZIER_KNOTS.);
#1714 = CARTESIAN_POINT('',(-5.25,2.75,2.6000001));
#1715 = CARTESIAN_POINT('',(5.25,2.75,2.6000001));
#1716 = CARTESIAN_POINT('',(-5.25,2.65,0.2000001));
#1717 = CARTESIAN_POINT('',(5.25,2.65,0.2000001));
#1718 = ADVANCED_FACE('',(#1719),#1729,.F.);
#1719 = FACE_BOUND('',#1720,.T.);
#1720 = EDGE_LOOP('',(#1721,#1722,#1723,#1728));
#1721 = ORIENTED_EDGE('',*,*,#1495,.F.);
#1722 = ORIENTED_EDGE('',*,*,#1671,.F.);
#1723 = ORIENTED_EDGE('',*,*,#1724,.T.);
#1724 = EDGE_CURVE('',#1624,#1455,#1725,.T.);
#1725 = B_SPLINE_CURVE_WITH_KNOTS('',1,(#1726,#1727),.UNSPECIFIED.,.F.,
  .F.,(2,2),(0.,10.5),.PIECEWISE_BEZIER_KNOTS.);
#1726 = CARTESIAN_POINT('',(-5.25,-2.75,2.6000001));
#1727 = CARTESIAN_POINT('',(5.25,-2.75,2.6000001));
#1728 = ORIENTED_EDGE('',*,*,#1533,.F.);
#1729 = B_SPLINE_SURFACE_WITH_KNOTS('',1,1,(
    (#1730,#1731)
    ,(#1732,#1733
    )),.UNSPECIFIED.,.F.,.F.,.F.,(2,2),(2,2),(-2.402082429893,
    2.943482415372E-16),(-5.210706158759E-16,10.5),
  .PIECEWISE_BEZIER_KNOTS.);
#1730 = CARTESIAN_POINT('',(-5.25,-2.75,2.6000001));
#1731 = CARTESIAN_POINT('',(5.25,-2.75,2.6000001));
#1732 = CARTESIAN_POINT('',(-5.25,-2.65,5.0000001));
#1733 = CARTESIAN_POINT('',(5.25,-2.65,5.0000001));
#1734 = ADVANCED_FACE('',(#1735),#1765,.F.);
#1735 = FACE_BOUND('',#1736,.T.);
#1736 = EDGE_LOOP('',(#1737,#1744,#1749,#1750,#1757,#1762,#1763,#1764));
#1737 = ORIENTED_EDGE('',*,*,#1738,.T.);
#1738 = EDGE_CURVE('',#1617,#1739,#1741,.T.);
#1739 = VERTEX_POINT('',#1740);
#1740 = CARTESIAN_POINT('',(-2.25,-2.654166666667,0.3000001));
#1741 = B_SPLINE_CURVE_WITH_KNOTS('',1,(#1742,#1743),.UNSPECIFIED.,.F.,
  .F.,(2,2),(0.43125,3.),.PIECEWISE_BEZIER_KNOTS.);
#1742 = CARTESIAN_POINT('',(-4.81875,-2.654166666667,0.3000001));
#1743 = CARTESIAN_POINT('',(-2.25,-2.654166666667,0.3000001));
#1744 = ORIENTED_EDGE('',*,*,#1745,.T.);
#1745 = EDGE_CURVE('',#1739,#1553,#1746,.T.);
#1746 = B_SPLINE_CURVE_WITH_KNOTS('',1,(#1747,#1748),.UNSPECIFIED.,.F.,
  .F.,(2,2),(2.301995661981,2.402082429893),.PIECEWISE_BEZIER_KNOTS.);
#1747 = CARTESIAN_POINT('',(-2.25,-2.654166666667,0.3000001));
#1748 = CARTESIAN_POINT('',(-2.25,-2.65,0.2000001));
#1749 = ORIENTED_EDGE('',*,*,#1552,.T.);
#1750 = ORIENTED_EDGE('',*,*,#1751,.T.);
#1751 = EDGE_CURVE('',#1555,#1752,#1754,.T.);
#1752 = VERTEX_POINT('',#1753);
#1753 = CARTESIAN_POINT('',(2.25,-2.654166666667,0.3000001));
#1754 = B_SPLINE_CURVE_WITH_KNOTS('',1,(#1755,#1756),.UNSPECIFIED.,.F.,
  .F.,(2,2),(-2.402082429893,-2.301995661981),.PIECEWISE_BEZIER_KNOTS.);
#1755 = CARTESIAN_POINT('',(2.25,-2.65,0.2000001));
#1756 = CARTESIAN_POINT('',(2.25,-2.654166666667,0.3000001));
#1757 = ORIENTED_EDGE('',*,*,#1758,.F.);
#1758 = EDGE_CURVE('',#1462,#1752,#1759,.T.);
#1759 = B_SPLINE_CURVE_WITH_KNOTS('',1,(#1760,#1761),.UNSPECIFIED.,.F.,
  .F.,(2,2),(-10.06875,-7.5),.PIECEWISE_BEZIER_KNOTS.);
#1760 = CARTESIAN_POINT('',(4.81875,-2.654166666667,0.3000001));
#1761 = CARTESIAN_POINT('',(2.25,-2.654166666667,0.3000001));
#1762 = ORIENTED_EDGE('',*,*,#1461,.F.);
#1763 = ORIENTED_EDGE('',*,*,#1724,.F.);
#1764 = ORIENTED_EDGE('',*,*,#1623,.F.);
#1765 = B_SPLINE_SURFACE_WITH_KNOTS('',1,1,(
    (#1766,#1767)
    ,(#1768,#1769
    )),.UNSPECIFIED.,.F.,.F.,.F.,(2,2),(2,2),(-2.402082429893,0.),(
    -2.64468510985E-16,10.5),.PIECEWISE_BEZIER_KNOTS.);
#1766 = CARTESIAN_POINT('',(-5.25,-2.65,0.2000001));
#1767 = CARTESIAN_POINT('',(5.25,-2.65,0.2000001));
#1768 = CARTESIAN_POINT('',(-5.25,-2.75,2.6000001));
#1769 = CARTESIAN_POINT('',(5.25,-2.75,2.6000001));
#1770 = ADVANCED_FACE('',(#1771),#1781,.F.);
#1771 = FACE_BOUND('',#1772,.T.);
#1772 = EDGE_LOOP('',(#1773,#1778,#1779,#1780));
#1773 = ORIENTED_EDGE('',*,*,#1774,.F.);
#1774 = EDGE_CURVE('',#1752,#1703,#1775,.T.);
#1775 = B_SPLINE_CURVE_WITH_KNOTS('',1,(#1776,#1777),.UNSPECIFIED.,.F.,
  .F.,(2,2),(-5.404166666667,-9.583333333333E-02),
  .PIECEWISE_BEZIER_KNOTS.);
#1776 = CARTESIAN_POINT('',(2.25,-2.654166666667,0.3000001));
#1777 = CARTESIAN_POINT('',(2.25,2.654166666667,0.3000001));
#1778 = ORIENTED_EDGE('',*,*,#1751,.F.);
#1779 = ORIENTED_EDGE('',*,*,#1575,.T.);
#1780 = ORIENTED_EDGE('',*,*,#1709,.F.);
#1781 = B_SPLINE_SURFACE_WITH_KNOTS('',1,1,(
    (#1782,#1783)
    ,(#1784,#1785
    )),.UNSPECIFIED.,.F.,.F.,.F.,(2,2),(2,2),(9.583333333333E-02,
    5.404166666667),(-0.1,-2.677826764467E-51),
  .PIECEWISE_BEZIER_KNOTS.);
#1782 = CARTESIAN_POINT('',(2.25,2.654166666667,0.2000001));
#1783 = CARTESIAN_POINT('',(2.25,2.654166666667,0.3000001));
#1784 = CARTESIAN_POINT('',(2.25,-2.654166666667,0.2000001));
#1785 = CARTESIAN_POINT('',(2.25,-2.654166666667,0.3000001));
#1786 = ADVANCED_FACE('',(#1787),#1793,.T.);
#1787 = FACE_BOUND('',#1788,.T.);
#1788 = EDGE_LOOP('',(#1789,#1790,#1791,#1792));
#1789 = ORIENTED_EDGE('',*,*,#1702,.T.);
#1790 = ORIENTED_EDGE('',*,*,#1468,.T.);
#1791 = ORIENTED_EDGE('',*,*,#1758,.T.);
#1792 = ORIENTED_EDGE('',*,*,#1774,.T.);
#1793 = B_SPLINE_SURFACE_WITH_KNOTS('',1,1,(
    (#1794,#1795)
    ,(#1796,#1797
    )),.UNSPECIFIED.,.F.,.F.,.F.,(2,2),(2,2),(-4.81875,-2.25),(
    -2.654166666667,2.654166666667),.PIECEWISE_BEZIER_KNOTS.);
#1794 = CARTESIAN_POINT('',(4.81875,-2.654166666667,0.3000001));
#1795 = CARTESIAN_POINT('',(4.81875,2.654166666667,0.3000001));
#1796 = CARTESIAN_POINT('',(2.25,-2.654166666667,0.3000001));
#1797 = CARTESIAN_POINT('',(2.25,2.654166666667,0.3000001));
#1798 = ADVANCED_FACE('',(#1799),#1809,.F.);
#1799 = FACE_BOUND('',#1800,.T.);
#1800 = EDGE_LOOP('',(#1801,#1802,#1803,#1808));
#1801 = ORIENTED_EDGE('',*,*,#1561,.T.);
#1802 = ORIENTED_EDGE('',*,*,#1745,.F.);
#1803 = ORIENTED_EDGE('',*,*,#1804,.F.);
#1804 = EDGE_CURVE('',#1688,#1739,#1805,.T.);
#1805 = B_SPLINE_CURVE_WITH_KNOTS('',1,(#1806,#1807),.UNSPECIFIED.,.F.,
  .F.,(2,2),(9.583333333333E-02,5.404166666667),
  .PIECEWISE_BEZIER_KNOTS.);
#1806 = CARTESIAN_POINT('',(-2.25,2.654166666667,0.3000001));
#1807 = CARTESIAN_POINT('',(-2.25,-2.654166666667,0.3000001));
#1808 = ORIENTED_EDGE('',*,*,#1687,.F.);
#1809 = B_SPLINE_SURFACE_WITH_KNOTS('',1,1,(
    (#1810,#1811)
    ,(#1812,#1813
    )),.UNSPECIFIED.,.F.,.F.,.F.,(2,2),(2,2),(-5.404166666667,
    -9.583333333333E-02),(-0.1,-2.677826764467E-51),
  .PIECEWISE_BEZIER_KNOTS.);
#1810 = CARTESIAN_POINT('',(-2.25,-2.654166666667,0.2000001));
#1811 = CARTESIAN_POINT('',(-2.25,-2.654166666667,0.3000001));
#1812 = CARTESIAN_POINT('',(-2.25,2.654166666667,0.2000001));
#1813 = CARTESIAN_POINT('',(-2.25,2.654166666667,0.3000001));
#1814 = ADVANCED_FACE('',(#1815),#1821,.F.);
#1815 = FACE_BOUND('',#1816,.T.);
#1816 = EDGE_LOOP('',(#1817,#1818,#1819,#1820));
#1817 = ORIENTED_EDGE('',*,*,#1804,.T.);
#1818 = ORIENTED_EDGE('',*,*,#1738,.F.);
#1819 = ORIENTED_EDGE('',*,*,#1616,.F.);
#1820 = ORIENTED_EDGE('',*,*,#1694,.F.);
#1821 = B_SPLINE_SURFACE_WITH_KNOTS('',1,1,(
    (#1822,#1823)
    ,(#1824,#1825
    )),.UNSPECIFIED.,.F.,.F.,.F.,(2,2),(2,2),(-4.81875,-2.25),(
    -2.654166666667,2.654166666667),.PIECEWISE_BEZIER_KNOTS.);
#1822 = CARTESIAN_POINT('',(-4.81875,-2.654166666667,0.3000001));
#1823 = CARTESIAN_POINT('',(-4.81875,2.654166666667,0.3000001));
#1824 = CARTESIAN_POINT('',(-2.25,-2.654166666667,0.3000001));
#1825 = CARTESIAN_POINT('',(-2.25,2.654166666667,0.3000001));
#1826 = ADVANCED_FACE('',(#1827),#1859,.F.);
#1827 = FACE_BOUND('',#1828,.F.);
#1828 = EDGE_LOOP('',(#1829,#1838,#1846,#1853));
#1829 = ORIENTED_EDGE('',*,*,#1830,.F.);
#1830 = EDGE_CURVE('',#1831,#1833,#1835,.T.);
#1831 = VERTEX_POINT('',#1832);
#1832 = CARTESIAN_POINT('',(-5.7,0.85,2.5000001));
#1833 = VERTEX_POINT('',#1834);
#1834 = CARTESIAN_POINT('',(-5.7,-0.85,2.5000001));
#1835 = B_SPLINE_CURVE_WITH_KNOTS('',1,(#1836,#1837),.UNSPECIFIED.,.F.,
  .F.,(2,2),(-0.,1.7),.PIECEWISE_BEZIER_KNOTS.);
#1836 = CARTESIAN_POINT('',(-5.7,0.85,2.5000001));
#1837 = CARTESIAN_POINT('',(-5.7,-0.85,2.5000001));
#1838 = ORIENTED_EDGE('',*,*,#1839,.T.);
#1839 = EDGE_CURVE('',#1831,#1840,#1842,.T.);
#1840 = VERTEX_POINT('',#1841);
#1841 = CARTESIAN_POINT('',(-5.8,0.85,2.4000001));
#1842 = ( BOUNDED_CURVE() B_SPLINE_CURVE(2,(#1843,#1844,#1845),
.UNSPECIFIED.,.F.,.F.) B_SPLINE_CURVE_WITH_KNOTS((3,3),(3.14159265359,
4.712388980385),.PIECEWISE_BEZIER_KNOTS.) CURVE() 
GEOMETRIC_REPRESENTATION_ITEM() RATIONAL_B_SPLINE_CURVE((1.,
0.707106781187,1.)) REPRESENTATION_ITEM('') );
#1843 = CARTESIAN_POINT('',(-5.7,0.85,2.5000001));
#1844 = CARTESIAN_POINT('',(-5.8,0.85,2.5000001));
#1845 = CARTESIAN_POINT('',(-5.8,0.85,2.4000001));
#1846 = ORIENTED_EDGE('',*,*,#1847,.T.);
#1847 = EDGE_CURVE('',#1840,#1848,#1850,.T.);
#1848 = VERTEX_POINT('',#1849);
#1849 = CARTESIAN_POINT('',(-5.8,-0.85,2.4000001));
#1850 = B_SPLINE_CURVE_WITH_KNOTS('',1,(#1851,#1852),.UNSPECIFIED.,.F.,
  .F.,(2,2),(-0.,1.7),.PIECEWISE_BEZIER_KNOTS.);
#1851 = CARTESIAN_POINT('',(-5.8,0.85,2.4000001));
#1852 = CARTESIAN_POINT('',(-5.8,-0.85,2.4000001));
#1853 = ORIENTED_EDGE('',*,*,#1854,.F.);
#1854 = EDGE_CURVE('',#1833,#1848,#1855,.T.);
#1855 = ( BOUNDED_CURVE() B_SPLINE_CURVE(2,(#1856,#1857,#1858),
.UNSPECIFIED.,.F.,.F.) B_SPLINE_CURVE_WITH_KNOTS((3,3),(3.14159265359,
4.712388980385),.PIECEWISE_BEZIER_KNOTS.) CURVE() 
GEOMETRIC_REPRESENTATION_ITEM() RATIONAL_B_SPLINE_CURVE((1.,
0.707106781187,1.)) REPRESENTATION_ITEM('') );
#1856 = CARTESIAN_POINT('',(-5.7,-0.85,2.5000001));
#1857 = CARTESIAN_POINT('',(-5.8,-0.85,2.5000001));
#1858 = CARTESIAN_POINT('',(-5.8,-0.85,2.4000001));
#1859 = ( BOUNDED_SURFACE() B_SPLINE_SURFACE(2,1,(
    (#1860,#1861)
    ,(#1862,#1863)
    ,(#1864,#1865
)),.UNSPECIFIED.,.F.,.F.,.F.) B_SPLINE_SURFACE_WITH_KNOTS((3,3),(2,2),(
    3.14159265359,4.712388980385),(0.,1.7),.PIECEWISE_BEZIER_KNOTS.) 
GEOMETRIC_REPRESENTATION_ITEM() RATIONAL_B_SPLINE_SURFACE((
    (1.,1.)
    ,(0.707106781187,0.707106781187)
,(1.,1.))) REPRESENTATION_ITEM('') SURFACE() );
#1860 = CARTESIAN_POINT('',(-5.7,0.85,2.5000001));
#1861 = CARTESIAN_POINT('',(-5.7,-0.85,2.5000001));
#1862 = CARTESIAN_POINT('',(-5.8,0.85,2.5000001));
#1863 = CARTESIAN_POINT('',(-5.8,-0.85,2.5000001));
#1864 = CARTESIAN_POINT('',(-5.8,0.85,2.4000001));
#1865 = CARTESIAN_POINT('',(-5.8,-0.85,2.4000001));
#1866 = ADVANCED_FACE('',(#1867),#1889,.F.);
#1867 = FACE_BOUND('',#1868,.T.);
#1868 = EDGE_LOOP('',(#1869,#1876,#1883,#1888));
#1869 = ORIENTED_EDGE('',*,*,#1870,.T.);
#1870 = EDGE_CURVE('',#1848,#1871,#1873,.T.);
#1871 = VERTEX_POINT('',#1872);
#1872 = CARTESIAN_POINT('',(-5.8,-0.85,0.2000001));
#1873 = B_SPLINE_CURVE_WITH_KNOTS('',1,(#1874,#1875),.UNSPECIFIED.,.F.,
  .F.,(2,2),(0.,2.2),.PIECEWISE_BEZIER_KNOTS.);
#1874 = CARTESIAN_POINT('',(-5.8,-0.85,2.4000001));
#1875 = CARTESIAN_POINT('',(-5.8,-0.85,0.2000001));
#1876 = ORIENTED_EDGE('',*,*,#1877,.F.);
#1877 = EDGE_CURVE('',#1878,#1871,#1880,.T.);
#1878 = VERTEX_POINT('',#1879);
#1879 = CARTESIAN_POINT('',(-5.8,0.85,0.2000001));
#1880 = B_SPLINE_CURVE_WITH_KNOTS('',1,(#1881,#1882),.UNSPECIFIED.,.F.,
  .F.,(2,2),(-0.,1.7),.PIECEWISE_BEZIER_KNOTS.);
#1881 = CARTESIAN_POINT('',(-5.8,0.85,0.2000001));
#1882 = CARTESIAN_POINT('',(-5.8,-0.85,0.2000001));
#1883 = ORIENTED_EDGE('',*,*,#1884,.F.);
#1884 = EDGE_CURVE('',#1840,#1878,#1885,.T.);
#1885 = B_SPLINE_CURVE_WITH_KNOTS('',1,(#1886,#1887),.UNSPECIFIED.,.F.,
  .F.,(2,2),(0.,2.2),.PIECEWISE_BEZIER_KNOTS.);
#1886 = CARTESIAN_POINT('',(-5.8,0.85,2.4000001));
#1887 = CARTESIAN_POINT('',(-5.8,0.85,0.2000001));
#1888 = ORIENTED_EDGE('',*,*,#1847,.T.);
#1889 = B_SPLINE_SURFACE_WITH_KNOTS('',1,1,(
    (#1890,#1891)
    ,(#1892,#1893
    )),.UNSPECIFIED.,.F.,.F.,.F.,(2,2),(2,2),(-2.2,0.),(-1.7,0.),
  .PIECEWISE_BEZIER_KNOTS.);
#1890 = CARTESIAN_POINT('',(-5.8,-0.85,0.2000001));
#1891 = CARTESIAN_POINT('',(-5.8,0.85,0.2000001));
#1892 = CARTESIAN_POINT('',(-5.8,-0.85,2.4000001));
#1893 = CARTESIAN_POINT('',(-5.8,0.85,2.4000001));
#1894 = ADVANCED_FACE('',(#1895),#1917,.F.);
#1895 = FACE_BOUND('',#1896,.T.);
#1896 = EDGE_LOOP('',(#1897,#1904,#1911,#1916));
#1897 = ORIENTED_EDGE('',*,*,#1898,.T.);
#1898 = EDGE_CURVE('',#1871,#1899,#1901,.T.);
#1899 = VERTEX_POINT('',#1900);
#1900 = CARTESIAN_POINT('',(-3.7,-0.85,0.2000001));
#1901 = B_SPLINE_CURVE_WITH_KNOTS('',1,(#1902,#1903),.UNSPECIFIED.,.F.,
  .F.,(2,2),(0.,2.1),.PIECEWISE_BEZIER_KNOTS.);
#1902 = CARTESIAN_POINT('',(-5.8,-0.85,0.2000001));
#1903 = CARTESIAN_POINT('',(-3.7,-0.85,0.2000001));
#1904 = ORIENTED_EDGE('',*,*,#1905,.F.);
#1905 = EDGE_CURVE('',#1906,#1899,#1908,.T.);
#1906 = VERTEX_POINT('',#1907);
#1907 = CARTESIAN_POINT('',(-3.7,0.85,0.2000001));
#1908 = B_SPLINE_CURVE_WITH_KNOTS('',1,(#1909,#1910),.UNSPECIFIED.,.F.,
  .F.,(2,2),(-0.,1.7),.PIECEWISE_BEZIER_KNOTS.);
#1909 = CARTESIAN_POINT('',(-3.7,0.85,0.2000001));
#1910 = CARTESIAN_POINT('',(-3.7,-0.85,0.2000001));
#1911 = ORIENTED_EDGE('',*,*,#1912,.F.);
#1912 = EDGE_CURVE('',#1878,#1906,#1913,.T.);
#1913 = B_SPLINE_CURVE_WITH_KNOTS('',1,(#1914,#1915),.UNSPECIFIED.,.F.,
  .F.,(2,2),(0.,2.1),.PIECEWISE_BEZIER_KNOTS.);
#1914 = CARTESIAN_POINT('',(-5.8,0.85,0.2000001));
#1915 = CARTESIAN_POINT('',(-3.7,0.85,0.2000001));
#1916 = ORIENTED_EDGE('',*,*,#1877,.T.);
#1917 = B_SPLINE_SURFACE_WITH_KNOTS('',1,1,(
    (#1918,#1919)
    ,(#1920,#1921
    )),.UNSPECIFIED.,.F.,.F.,.F.,(2,2),(2,2),(-2.1,0.),(-1.7,0.),
  .PIECEWISE_BEZIER_KNOTS.);
#1918 = CARTESIAN_POINT('',(-3.7,-0.85,0.2000001));
#1919 = CARTESIAN_POINT('',(-3.7,0.85,0.2000001));
#1920 = CARTESIAN_POINT('',(-5.8,-0.85,0.2000001));
#1921 = CARTESIAN_POINT('',(-5.8,0.85,0.2000001));
#1922 = ADVANCED_FACE('',(#1923),#1945,.F.);
#1923 = FACE_BOUND('',#1924,.T.);
#1924 = EDGE_LOOP('',(#1925,#1932,#1939,#1944));
#1925 = ORIENTED_EDGE('',*,*,#1926,.T.);
#1926 = EDGE_CURVE('',#1899,#1927,#1929,.T.);
#1927 = VERTEX_POINT('',#1928);
#1928 = CARTESIAN_POINT('',(-3.7,-0.85,9.999999983634E-08));
#1929 = B_SPLINE_CURVE_WITH_KNOTS('',1,(#1930,#1931),.UNSPECIFIED.,.F.,
  .F.,(2,2),(-0.2,-0.),.PIECEWISE_BEZIER_KNOTS.);
#1930 = CARTESIAN_POINT('',(-3.7,-0.85,0.2000001));
#1931 = CARTESIAN_POINT('',(-3.7,-0.85,9.999999983634E-08));
#1932 = ORIENTED_EDGE('',*,*,#1933,.F.);
#1933 = EDGE_CURVE('',#1934,#1927,#1936,.T.);
#1934 = VERTEX_POINT('',#1935);
#1935 = CARTESIAN_POINT('',(-3.7,0.85,9.999999983634E-08));
#1936 = B_SPLINE_CURVE_WITH_KNOTS('',1,(#1937,#1938),.UNSPECIFIED.,.F.,
  .F.,(2,2),(-0.,1.7),.PIECEWISE_BEZIER_KNOTS.);
#1937 = CARTESIAN_POINT('',(-3.7,0.85,9.999999983634E-08));
#1938 = CARTESIAN_POINT('',(-3.7,-0.85,9.999999983634E-08));
#1939 = ORIENTED_EDGE('',*,*,#1940,.F.);
#1940 = EDGE_CURVE('',#1906,#1934,#1941,.T.);
#1941 = B_SPLINE_CURVE_WITH_KNOTS('',1,(#1942,#1943),.UNSPECIFIED.,.F.,
  .F.,(2,2),(-0.2,-0.),.PIECEWISE_BEZIER_KNOTS.);
#1942 = CARTESIAN_POINT('',(-3.7,0.85,0.2000001));
#1943 = CARTESIAN_POINT('',(-3.7,0.85,9.999999983634E-08));
#1944 = ORIENTED_EDGE('',*,*,#1905,.T.);
#1945 = B_SPLINE_SURFACE_WITH_KNOTS('',1,1,(
    (#1946,#1947)
    ,(#1948,#1949
    )),.UNSPECIFIED.,.F.,.F.,.F.,(2,2),(2,2),(0.,0.2),(-1.7,0.),
  .PIECEWISE_BEZIER_KNOTS.);
#1946 = CARTESIAN_POINT('',(-3.7,-0.85,9.999999983634E-08));
#1947 = CARTESIAN_POINT('',(-3.7,0.85,9.999999983634E-08));
#1948 = CARTESIAN_POINT('',(-3.7,-0.85,0.2000001));
#1949 = CARTESIAN_POINT('',(-3.7,0.85,0.2000001));
#1950 = ADVANCED_FACE('',(#1951),#1973,.F.);
#1951 = FACE_BOUND('',#1952,.T.);
#1952 = EDGE_LOOP('',(#1953,#1960,#1967,#1972));
#1953 = ORIENTED_EDGE('',*,*,#1954,.T.);
#1954 = EDGE_CURVE('',#1927,#1955,#1957,.T.);
#1955 = VERTEX_POINT('',#1956);
#1956 = CARTESIAN_POINT('',(-6.,-0.85,9.999999983634E-08));
#1957 = B_SPLINE_CURVE_WITH_KNOTS('',1,(#1958,#1959),.UNSPECIFIED.,.F.,
  .F.,(2,2),(-2.3,-0.),.PIECEWISE_BEZIER_KNOTS.);
#1958 = CARTESIAN_POINT('',(-3.7,-0.85,9.999999983634E-08));
#1959 = CARTESIAN_POINT('',(-6.,-0.85,9.999999983634E-08));
#1960 = ORIENTED_EDGE('',*,*,#1961,.F.);
#1961 = EDGE_CURVE('',#1962,#1955,#1964,.T.);
#1962 = VERTEX_POINT('',#1963);
#1963 = CARTESIAN_POINT('',(-6.,0.85,9.999999983634E-08));
#1964 = B_SPLINE_CURVE_WITH_KNOTS('',1,(#1965,#1966),.UNSPECIFIED.,.F.,
  .F.,(2,2),(-0.,1.7),.PIECEWISE_BEZIER_KNOTS.);
#1965 = CARTESIAN_POINT('',(-6.,0.85,9.999999983634E-08));
#1966 = CARTESIAN_POINT('',(-6.,-0.85,9.999999983634E-08));
#1967 = ORIENTED_EDGE('',*,*,#1968,.F.);
#1968 = EDGE_CURVE('',#1934,#1962,#1969,.T.);
#1969 = B_SPLINE_CURVE_WITH_KNOTS('',1,(#1970,#1971),.UNSPECIFIED.,.F.,
  .F.,(2,2),(-2.3,-0.),.PIECEWISE_BEZIER_KNOTS.);
#1970 = CARTESIAN_POINT('',(-3.7,0.85,9.999999983634E-08));
#1971 = CARTESIAN_POINT('',(-6.,0.85,9.999999983634E-08));
#1972 = ORIENTED_EDGE('',*,*,#1933,.T.);
#1973 = B_SPLINE_SURFACE_WITH_KNOTS('',1,1,(
    (#1974,#1975)
    ,(#1976,#1977
    )),.UNSPECIFIED.,.F.,.F.,.F.,(2,2),(2,2),(0.,2.3),(-1.7,0.),
  .PIECEWISE_BEZIER_KNOTS.);
#1974 = CARTESIAN_POINT('',(-6.,-0.85,9.999999983634E-08));
#1975 = CARTESIAN_POINT('',(-6.,0.85,9.999999983634E-08));
#1976 = CARTESIAN_POINT('',(-3.7,-0.85,9.999999983634E-08));
#1977 = CARTESIAN_POINT('',(-3.7,0.85,9.999999983634E-08));
#1978 = ADVANCED_FACE('',(#1979),#2001,.F.);
#1979 = FACE_BOUND('',#1980,.T.);
#1980 = EDGE_LOOP('',(#1981,#1988,#1995,#2000));
#1981 = ORIENTED_EDGE('',*,*,#1982,.T.);
#1982 = EDGE_CURVE('',#1955,#1983,#1985,.T.);
#1983 = VERTEX_POINT('',#1984);
#1984 = CARTESIAN_POINT('',(-6.,-0.85,2.4000001));
#1985 = B_SPLINE_CURVE_WITH_KNOTS('',1,(#1986,#1987),.UNSPECIFIED.,.F.,
  .F.,(2,2),(-2.4,5.551115123126E-17),.PIECEWISE_BEZIER_KNOTS.);
#1986 = CARTESIAN_POINT('',(-6.,-0.85,9.999999983634E-08));
#1987 = CARTESIAN_POINT('',(-6.,-0.85,2.4000001));
#1988 = ORIENTED_EDGE('',*,*,#1989,.F.);
#1989 = EDGE_CURVE('',#1990,#1983,#1992,.T.);
#1990 = VERTEX_POINT('',#1991);
#1991 = CARTESIAN_POINT('',(-6.,0.85,2.4000001));
#1992 = B_SPLINE_CURVE_WITH_KNOTS('',1,(#1993,#1994),.UNSPECIFIED.,.F.,
  .F.,(2,2),(-0.,1.7),.PIECEWISE_BEZIER_KNOTS.);
#1993 = CARTESIAN_POINT('',(-6.,0.85,2.4000001));
#1994 = CARTESIAN_POINT('',(-6.,-0.85,2.4000001));
#1995 = ORIENTED_EDGE('',*,*,#1996,.F.);
#1996 = EDGE_CURVE('',#1962,#1990,#1997,.T.);
#1997 = B_SPLINE_CURVE_WITH_KNOTS('',1,(#1998,#1999),.UNSPECIFIED.,.F.,
  .F.,(2,2),(-2.4,5.551115123126E-17),.PIECEWISE_BEZIER_KNOTS.);
#1998 = CARTESIAN_POINT('',(-6.,0.85,9.999999983634E-08));
#1999 = CARTESIAN_POINT('',(-6.,0.85,2.4000001));
#2000 = ORIENTED_EDGE('',*,*,#1961,.T.);
#2001 = B_SPLINE_SURFACE_WITH_KNOTS('',1,1,(
    (#2002,#2003)
    ,(#2004,#2005
    )),.UNSPECIFIED.,.F.,.F.,.F.,(2,2),(2,2),(-5.551115123126E-17,2.4),(
    -1.7,0.),.PIECEWISE_BEZIER_KNOTS.);
#2002 = CARTESIAN_POINT('',(-6.,-0.85,2.4000001));
#2003 = CARTESIAN_POINT('',(-6.,0.85,2.4000001));
#2004 = CARTESIAN_POINT('',(-6.,-0.85,9.999999983634E-08));
#2005 = CARTESIAN_POINT('',(-6.,0.85,9.999999983634E-08));
#2006 = ADVANCED_FACE('',(#2007),#2031,.T.);
#2007 = FACE_BOUND('',#2008,.T.);
#2008 = EDGE_LOOP('',(#2009,#2017,#2024,#2030));
#2009 = ORIENTED_EDGE('',*,*,#2010,.T.);
#2010 = EDGE_CURVE('',#1983,#2011,#2013,.T.);
#2011 = VERTEX_POINT('',#2012);
#2012 = CARTESIAN_POINT('',(-5.7,-0.85,2.7000001));
#2013 = ( BOUNDED_CURVE() B_SPLINE_CURVE(2,(#2014,#2015,#2016),
.UNSPECIFIED.,.F.,.F.) B_SPLINE_CURVE_WITH_KNOTS((3,3),(1.570796326795,
3.14159265359),.PIECEWISE_BEZIER_KNOTS.) CURVE() 
GEOMETRIC_REPRESENTATION_ITEM() RATIONAL_B_SPLINE_CURVE((1.,
0.707106781187,1.)) REPRESENTATION_ITEM('') );
#2014 = CARTESIAN_POINT('',(-6.,-0.85,2.4000001));
#2015 = CARTESIAN_POINT('',(-6.,-0.85,2.7000001));
#2016 = CARTESIAN_POINT('',(-5.7,-0.85,2.7000001));
#2017 = ORIENTED_EDGE('',*,*,#2018,.F.);
#2018 = EDGE_CURVE('',#2019,#2011,#2021,.T.);
#2019 = VERTEX_POINT('',#2020);
#2020 = CARTESIAN_POINT('',(-5.7,0.85,2.7000001));
#2021 = B_SPLINE_CURVE_WITH_KNOTS('',1,(#2022,#2023),.UNSPECIFIED.,.F.,
  .F.,(2,2),(-0.,1.7),.PIECEWISE_BEZIER_KNOTS.);
#2022 = CARTESIAN_POINT('',(-5.7,0.85,2.7000001));
#2023 = CARTESIAN_POINT('',(-5.7,-0.85,2.7000001));
#2024 = ORIENTED_EDGE('',*,*,#2025,.F.);
#2025 = EDGE_CURVE('',#1990,#2019,#2026,.T.);
#2026 = ( BOUNDED_CURVE() B_SPLINE_CURVE(2,(#2027,#2028,#2029),
.UNSPECIFIED.,.F.,.F.) B_SPLINE_CURVE_WITH_KNOTS((3,3),(1.570796326795,
3.14159265359),.PIECEWISE_BEZIER_KNOTS.) CURVE() 
GEOMETRIC_REPRESENTATION_ITEM() RATIONAL_B_SPLINE_CURVE((1.,
0.707106781187,1.)) REPRESENTATION_ITEM('') );
#2027 = CARTESIAN_POINT('',(-6.,0.85,2.4000001));
#2028 = CARTESIAN_POINT('',(-6.,0.85,2.7000001));
#2029 = CARTESIAN_POINT('',(-5.7,0.85,2.7000001));
#2030 = ORIENTED_EDGE('',*,*,#1989,.T.);
#2031 = ( BOUNDED_SURFACE() B_SPLINE_SURFACE(2,1,(
    (#2032,#2033)
    ,(#2034,#2035)
    ,(#2036,#2037
)),.UNSPECIFIED.,.F.,.F.,.F.) B_SPLINE_SURFACE_WITH_KNOTS((3,3),(2,2),(
    3.14159265359,4.712388980385),(0.,1.7),.PIECEWISE_BEZIER_KNOTS.) 
GEOMETRIC_REPRESENTATION_ITEM() RATIONAL_B_SPLINE_SURFACE((
    (1.,1.)
    ,(0.707106781187,0.707106781187)
,(1.,1.))) REPRESENTATION_ITEM('') SURFACE() );
#2032 = CARTESIAN_POINT('',(-5.7,0.85,2.7000001));
#2033 = CARTESIAN_POINT('',(-5.7,-0.85,2.7000001));
#2034 = CARTESIAN_POINT('',(-6.,0.85,2.7000001));
#2035 = CARTESIAN_POINT('',(-6.,-0.85,2.7000001));
#2036 = CARTESIAN_POINT('',(-6.,0.85,2.4000001));
#2037 = CARTESIAN_POINT('',(-6.,-0.85,2.4000001));
#2038 = ADVANCED_FACE('',(#2039),#2060,.T.);
#2039 = FACE_BOUND('',#2040,.T.);
#2040 = EDGE_LOOP('',(#2041,#2042,#2047,#2048,#2049,#2050,#2051,#2052,
    #2053,#2054,#2059));
#2041 = ORIENTED_EDGE('',*,*,#1597,.F.);
#2042 = ORIENTED_EDGE('',*,*,#2043,.T.);
#2043 = EDGE_CURVE('',#1589,#1831,#2044,.T.);
#2044 = B_SPLINE_CURVE_WITH_KNOTS('',1,(#2045,#2046),.UNSPECIFIED.,.F.,
  .F.,(2,2),(-0.46875,0.),.PIECEWISE_BEZIER_KNOTS.);
#2045 = CARTESIAN_POINT('',(-5.23125,0.85,2.5000001));
#2046 = CARTESIAN_POINT('',(-5.7,0.85,2.5000001));
#2047 = ORIENTED_EDGE('',*,*,#1839,.T.);
#2048 = ORIENTED_EDGE('',*,*,#1884,.T.);
#2049 = ORIENTED_EDGE('',*,*,#1912,.T.);
#2050 = ORIENTED_EDGE('',*,*,#1940,.T.);
#2051 = ORIENTED_EDGE('',*,*,#1968,.T.);
#2052 = ORIENTED_EDGE('',*,*,#1996,.T.);
#2053 = ORIENTED_EDGE('',*,*,#2025,.T.);
#2054 = ORIENTED_EDGE('',*,*,#2055,.T.);
#2055 = EDGE_CURVE('',#2019,#1652,#2056,.T.);
#2056 = B_SPLINE_CURVE_WITH_KNOTS('',1,(#2057,#2058),.UNSPECIFIED.,.F.,
  .F.,(2,2),(0.,0.46875),.PIECEWISE_BEZIER_KNOTS.);
#2057 = CARTESIAN_POINT('',(-5.7,0.85,2.7000001));
#2058 = CARTESIAN_POINT('',(-5.23125,0.85,2.7000001));
#2059 = ORIENTED_EDGE('',*,*,#1651,.F.);
#2060 = B_SPLINE_SURFACE_WITH_KNOTS('',1,1,(
    (#2061,#2062)
    ,(#2063,#2064
    )),.UNSPECIFIED.,.F.,.F.,.F.,(2,2),(2,2),(-2.4,0.3),(-11.7,-9.4),
  .PIECEWISE_BEZIER_KNOTS.);
#2061 = CARTESIAN_POINT('',(-6.,0.85,9.999999983634E-08));
#2062 = CARTESIAN_POINT('',(-3.7,0.85,9.999999983634E-08));
#2063 = CARTESIAN_POINT('',(-6.,0.85,2.7000001));
#2064 = CARTESIAN_POINT('',(-3.7,0.85,2.7000001));
#2065 = ADVANCED_FACE('',(#2066),#2087,.F.);
#2066 = FACE_BOUND('',#2067,.T.);
#2067 = EDGE_LOOP('',(#2068,#2073,#2074,#2075,#2080,#2081,#2082,#2083,
    #2084,#2085,#2086));
#2068 = ORIENTED_EDGE('',*,*,#2069,.F.);
#2069 = EDGE_CURVE('',#1591,#1833,#2070,.T.);
#2070 = B_SPLINE_CURVE_WITH_KNOTS('',1,(#2071,#2072),.UNSPECIFIED.,.F.,
  .F.,(2,2),(-0.46875,0.),.PIECEWISE_BEZIER_KNOTS.);
#2071 = CARTESIAN_POINT('',(-5.23125,-0.85,2.5000001));
#2072 = CARTESIAN_POINT('',(-5.7,-0.85,2.5000001));
#2073 = ORIENTED_EDGE('',*,*,#1637,.T.);
#2074 = ORIENTED_EDGE('',*,*,#1665,.T.);
#2075 = ORIENTED_EDGE('',*,*,#2076,.F.);
#2076 = EDGE_CURVE('',#2011,#1659,#2077,.T.);
#2077 = B_SPLINE_CURVE_WITH_KNOTS('',1,(#2078,#2079),.UNSPECIFIED.,.F.,
  .F.,(2,2),(0.,0.46875),.PIECEWISE_BEZIER_KNOTS.);
#2078 = CARTESIAN_POINT('',(-5.7,-0.85,2.7000001));
#2079 = CARTESIAN_POINT('',(-5.23125,-0.85,2.7000001));
#2080 = ORIENTED_EDGE('',*,*,#2010,.F.);
#2081 = ORIENTED_EDGE('',*,*,#1982,.F.);
#2082 = ORIENTED_EDGE('',*,*,#1954,.F.);
#2083 = ORIENTED_EDGE('',*,*,#1926,.F.);
#2084 = ORIENTED_EDGE('',*,*,#1898,.F.);
#2085 = ORIENTED_EDGE('',*,*,#1870,.F.);
#2086 = ORIENTED_EDGE('',*,*,#1854,.F.);
#2087 = B_SPLINE_SURFACE_WITH_KNOTS('',1,1,(
    (#2088,#2089)
    ,(#2090,#2091
    )),.UNSPECIFIED.,.F.,.F.,.F.,(2,2),(2,2),(-2.4,0.3),(-11.7,-9.4),
  .PIECEWISE_BEZIER_KNOTS.);
#2088 = CARTESIAN_POINT('',(-6.,-0.85,9.999999983634E-08));
#2089 = CARTESIAN_POINT('',(-3.7,-0.85,9.999999983634E-08));
#2090 = CARTESIAN_POINT('',(-6.,-0.85,2.7000001));
#2091 = CARTESIAN_POINT('',(-3.7,-0.85,2.7000001));
#2092 = ADVANCED_FACE('',(#2093),#2099,.F.);
#2093 = FACE_BOUND('',#2094,.T.);
#2094 = EDGE_LOOP('',(#2095,#2096,#2097,#2098));
#2095 = ORIENTED_EDGE('',*,*,#2076,.T.);
#2096 = ORIENTED_EDGE('',*,*,#1658,.T.);
#2097 = ORIENTED_EDGE('',*,*,#2055,.F.);
#2098 = ORIENTED_EDGE('',*,*,#2018,.T.);
#2099 = B_SPLINE_SURFACE_WITH_KNOTS('',1,1,(
    (#2100,#2101)
    ,(#2102,#2103
  )),.UNSPECIFIED.,.F.,.F.,.F.,(2,2),(2,2),(-0.46875,0.),(-1.7,0.),
  .PIECEWISE_BEZIER_KNOTS.);
#2100 = CARTESIAN_POINT('',(-5.23125,-0.85,2.7000001));
#2101 = CARTESIAN_POINT('',(-5.23125,0.85,2.7000001));
#2102 = CARTESIAN_POINT('',(-5.7,-0.85,2.7000001));
#2103 = CARTESIAN_POINT('',(-5.7,0.85,2.7000001));
#2104 = ADVANCED_FACE('',(#2105),#2111,.F.);
#2105 = FACE_BOUND('',#2106,.T.);
#2106 = EDGE_LOOP('',(#2107,#2108,#2109,#2110));
#2107 = ORIENTED_EDGE('',*,*,#2043,.F.);
#2108 = ORIENTED_EDGE('',*,*,#1588,.T.);
#2109 = ORIENTED_EDGE('',*,*,#2069,.T.);
#2110 = ORIENTED_EDGE('',*,*,#1830,.F.);
#2111 = B_SPLINE_SURFACE_WITH_KNOTS('',1,1,(
    (#2112,#2113)
    ,(#2114,#2115
    )),.UNSPECIFIED.,.F.,.F.,.F.,(2,2),(2,2),(0.,0.46875),(-1.7,0.),
  .PIECEWISE_BEZIER_KNOTS.);
#2112 = CARTESIAN_POINT('',(-5.7,-0.85,2.5000001));
#2113 = CARTESIAN_POINT('',(-5.7,0.85,2.5000001));
#2114 = CARTESIAN_POINT('',(-5.23125,-0.85,2.5000001));
#2115 = CARTESIAN_POINT('',(-5.23125,0.85,2.5000001));
#2116 = ADVANCED_FACE('',(#2117),#2139,.F.);
#2117 = FACE_BOUND('',#2118,.T.);
#2118 = EDGE_LOOP('',(#2119,#2126,#2127,#2134));
#2119 = ORIENTED_EDGE('',*,*,#2120,.T.);
#2120 = EDGE_CURVE('',#2121,#1441,#2123,.T.);
#2121 = VERTEX_POINT('',#2122);
#2122 = CARTESIAN_POINT('',(5.7,-0.85,2.5000001));
#2123 = B_SPLINE_CURVE_WITH_KNOTS('',1,(#2124,#2125),.UNSPECIFIED.,.F.,
  .F.,(2,2),(-11.4,-10.93125),.PIECEWISE_BEZIER_KNOTS.);
#2124 = CARTESIAN_POINT('',(5.7,-0.85,2.5000001));
#2125 = CARTESIAN_POINT('',(5.23125,-0.85,2.5000001));
#2126 = ORIENTED_EDGE('',*,*,#1440,.T.);
#2127 = ORIENTED_EDGE('',*,*,#2128,.F.);
#2128 = EDGE_CURVE('',#2129,#1434,#2131,.T.);
#2129 = VERTEX_POINT('',#2130);
#2130 = CARTESIAN_POINT('',(5.7,0.85,2.5000001));
#2131 = B_SPLINE_CURVE_WITH_KNOTS('',1,(#2132,#2133),.UNSPECIFIED.,.F.,
  .F.,(2,2),(-11.4,-10.93125),.PIECEWISE_BEZIER_KNOTS.);
#2132 = CARTESIAN_POINT('',(5.7,0.85,2.5000001));
#2133 = CARTESIAN_POINT('',(5.23125,0.85,2.5000001));
#2134 = ORIENTED_EDGE('',*,*,#2135,.T.);
#2135 = EDGE_CURVE('',#2129,#2121,#2136,.T.);
#2136 = B_SPLINE_CURVE_WITH_KNOTS('',1,(#2137,#2138),.UNSPECIFIED.,.F.,
  .F.,(2,2),(-0.,1.7),.PIECEWISE_BEZIER_KNOTS.);
#2137 = CARTESIAN_POINT('',(5.7,0.85,2.5000001));
#2138 = CARTESIAN_POINT('',(5.7,-0.85,2.5000001));
#2139 = B_SPLINE_SURFACE_WITH_KNOTS('',1,1,(
    (#2140,#2141)
    ,(#2142,#2143
    )),.UNSPECIFIED.,.F.,.F.,.F.,(2,2),(2,2),(10.93125,11.4),(-1.7,0.),
  .PIECEWISE_BEZIER_KNOTS.);
#2140 = CARTESIAN_POINT('',(5.23125,-0.85,2.5000001));
#2141 = CARTESIAN_POINT('',(5.23125,0.85,2.5000001));
#2142 = CARTESIAN_POINT('',(5.7,-0.85,2.5000001));
#2143 = CARTESIAN_POINT('',(5.7,0.85,2.5000001));
#2144 = ADVANCED_FACE('',(#2145),#2167,.F.);
#2145 = FACE_BOUND('',#2146,.T.);
#2146 = EDGE_LOOP('',(#2147,#2154,#2155,#2162));
#2147 = ORIENTED_EDGE('',*,*,#2148,.F.);
#2148 = EDGE_CURVE('',#1517,#2149,#2151,.T.);
#2149 = VERTEX_POINT('',#2150);
#2150 = CARTESIAN_POINT('',(5.7,0.85,2.7000001));
#2151 = B_SPLINE_CURVE_WITH_KNOTS('',1,(#2152,#2153),.UNSPECIFIED.,.F.,
  .F.,(2,2),(10.93125,11.4),.PIECEWISE_BEZIER_KNOTS.);
#2152 = CARTESIAN_POINT('',(5.23125,0.85,2.7000001));
#2153 = CARTESIAN_POINT('',(5.7,0.85,2.7000001));
#2154 = ORIENTED_EDGE('',*,*,#1516,.T.);
#2155 = ORIENTED_EDGE('',*,*,#2156,.T.);
#2156 = EDGE_CURVE('',#1519,#2157,#2159,.T.);
#2157 = VERTEX_POINT('',#2158);
#2158 = CARTESIAN_POINT('',(5.7,-0.85,2.7000001));
#2159 = B_SPLINE_CURVE_WITH_KNOTS('',1,(#2160,#2161),.UNSPECIFIED.,.F.,
  .F.,(2,2),(10.93125,11.4),.PIECEWISE_BEZIER_KNOTS.);
#2160 = CARTESIAN_POINT('',(5.23125,-0.85,2.7000001));
#2161 = CARTESIAN_POINT('',(5.7,-0.85,2.7000001));
#2162 = ORIENTED_EDGE('',*,*,#2163,.F.);
#2163 = EDGE_CURVE('',#2149,#2157,#2164,.T.);
#2164 = B_SPLINE_CURVE_WITH_KNOTS('',1,(#2165,#2166),.UNSPECIFIED.,.F.,
  .F.,(2,2),(-0.,1.7),.PIECEWISE_BEZIER_KNOTS.);
#2165 = CARTESIAN_POINT('',(5.7,0.85,2.7000001));
#2166 = CARTESIAN_POINT('',(5.7,-0.85,2.7000001));
#2167 = B_SPLINE_SURFACE_WITH_KNOTS('',1,1,(
    (#2168,#2169)
    ,(#2170,#2171
    )),.UNSPECIFIED.,.F.,.F.,.F.,(2,2),(2,2),(-11.4,-10.93125),(-1.7,0.)
  ,.PIECEWISE_BEZIER_KNOTS.);
#2168 = CARTESIAN_POINT('',(5.7,-0.85,2.7000001));
#2169 = CARTESIAN_POINT('',(5.7,0.85,2.7000001));
#2170 = CARTESIAN_POINT('',(5.23125,-0.85,2.7000001));
#2171 = CARTESIAN_POINT('',(5.23125,0.85,2.7000001));
#2172 = ADVANCED_FACE('',(#2173),#2228,.T.);
#2173 = FACE_BOUND('',#2174,.T.);
#2174 = EDGE_LOOP('',(#2175,#2176,#2177,#2178,#2186,#2193,#2200,#2207,
    #2214,#2221,#2227));
#2175 = ORIENTED_EDGE('',*,*,#1433,.F.);
#2176 = ORIENTED_EDGE('',*,*,#1525,.F.);
#2177 = ORIENTED_EDGE('',*,*,#2148,.T.);
#2178 = ORIENTED_EDGE('',*,*,#2179,.T.);
#2179 = EDGE_CURVE('',#2149,#2180,#2182,.T.);
#2180 = VERTEX_POINT('',#2181);
#2181 = CARTESIAN_POINT('',(6.,0.85,2.4000001));
#2182 = ( BOUNDED_CURVE() B_SPLINE_CURVE(2,(#2183,#2184,#2185),
.UNSPECIFIED.,.F.,.F.) B_SPLINE_CURVE_WITH_KNOTS((3,3),(0.,
1.570796326795),.PIECEWISE_BEZIER_KNOTS.) CURVE() 
GEOMETRIC_REPRESENTATION_ITEM() RATIONAL_B_SPLINE_CURVE((1.,
0.707106781187,1.)) REPRESENTATION_ITEM('') );
#2183 = CARTESIAN_POINT('',(5.7,0.85,2.7000001));
#2184 = CARTESIAN_POINT('',(6.,0.85,2.7000001));
#2185 = CARTESIAN_POINT('',(6.,0.85,2.4000001));
#2186 = ORIENTED_EDGE('',*,*,#2187,.T.);
#2187 = EDGE_CURVE('',#2180,#2188,#2190,.T.);
#2188 = VERTEX_POINT('',#2189);
#2189 = CARTESIAN_POINT('',(6.,0.85,9.999999983634E-08));
#2190 = B_SPLINE_CURVE_WITH_KNOTS('',1,(#2191,#2192),.UNSPECIFIED.,.F.,
  .F.,(2,2),(0.,2.4),.PIECEWISE_BEZIER_KNOTS.);
#2191 = CARTESIAN_POINT('',(6.,0.85,2.4000001));
#2192 = CARTESIAN_POINT('',(6.,0.85,9.999999983634E-08));
#2193 = ORIENTED_EDGE('',*,*,#2194,.T.);
#2194 = EDGE_CURVE('',#2188,#2195,#2197,.T.);
#2195 = VERTEX_POINT('',#2196);
#2196 = CARTESIAN_POINT('',(3.7,0.85,1.000000002804E-07));
#2197 = B_SPLINE_CURVE_WITH_KNOTS('',1,(#2198,#2199),.UNSPECIFIED.,.F.,
  .F.,(2,2),(0.,2.3),.PIECEWISE_BEZIER_KNOTS.);
#2198 = CARTESIAN_POINT('',(6.,0.85,9.999999983634E-08));
#2199 = CARTESIAN_POINT('',(3.7,0.85,1.000000002804E-07));
#2200 = ORIENTED_EDGE('',*,*,#2201,.T.);
#2201 = EDGE_CURVE('',#2195,#2202,#2204,.T.);
#2202 = VERTEX_POINT('',#2203);
#2203 = CARTESIAN_POINT('',(3.7,0.85,0.2000001));
#2204 = B_SPLINE_CURVE_WITH_KNOTS('',1,(#2205,#2206),.UNSPECIFIED.,.F.,
  .F.,(2,2),(0.,0.2),.PIECEWISE_BEZIER_KNOTS.);
#2205 = CARTESIAN_POINT('',(3.7,0.85,1.000000002804E-07));
#2206 = CARTESIAN_POINT('',(3.7,0.85,0.2000001));
#2207 = ORIENTED_EDGE('',*,*,#2208,.T.);
#2208 = EDGE_CURVE('',#2202,#2209,#2211,.T.);
#2209 = VERTEX_POINT('',#2210);
#2210 = CARTESIAN_POINT('',(5.8,0.85,0.2000001));
#2211 = B_SPLINE_CURVE_WITH_KNOTS('',1,(#2212,#2213),.UNSPECIFIED.,.F.,
  .F.,(2,2),(-2.1,0.),.PIECEWISE_BEZIER_KNOTS.);
#2212 = CARTESIAN_POINT('',(3.7,0.85,0.2000001));
#2213 = CARTESIAN_POINT('',(5.8,0.85,0.2000001));
#2214 = ORIENTED_EDGE('',*,*,#2215,.T.);
#2215 = EDGE_CURVE('',#2209,#2216,#2218,.T.);
#2216 = VERTEX_POINT('',#2217);
#2217 = CARTESIAN_POINT('',(5.8,0.85,2.4000001));
#2218 = B_SPLINE_CURVE_WITH_KNOTS('',1,(#2219,#2220),.UNSPECIFIED.,.F.,
  .F.,(2,2),(-2.2,0.),.PIECEWISE_BEZIER_KNOTS.);
#2219 = CARTESIAN_POINT('',(5.8,0.85,0.2000001));
#2220 = CARTESIAN_POINT('',(5.8,0.85,2.4000001));
#2221 = ORIENTED_EDGE('',*,*,#2222,.T.);
#2222 = EDGE_CURVE('',#2216,#2129,#2223,.T.);
#2223 = ( BOUNDED_CURVE() B_SPLINE_CURVE(2,(#2224,#2225,#2226),
.UNSPECIFIED.,.F.,.F.) B_SPLINE_CURVE_WITH_KNOTS((3,3),(4.712388980385,
6.28318530718),.PIECEWISE_BEZIER_KNOTS.) CURVE() 
GEOMETRIC_REPRESENTATION_ITEM() RATIONAL_B_SPLINE_CURVE((1.,
0.707106781187,1.)) REPRESENTATION_ITEM('') );
#2224 = CARTESIAN_POINT('',(5.8,0.85,2.4000001));
#2225 = CARTESIAN_POINT('',(5.8,0.85,2.5000001));
#2226 = CARTESIAN_POINT('',(5.7,0.85,2.5000001));
#2227 = ORIENTED_EDGE('',*,*,#2128,.T.);
#2228 = B_SPLINE_SURFACE_WITH_KNOTS('',1,1,(
    (#2229,#2230)
    ,(#2231,#2232
    )),.UNSPECIFIED.,.F.,.F.,.F.,(2,2),(2,2),(-2.4,0.3),(-2.,0.3),
  .PIECEWISE_BEZIER_KNOTS.);
#2229 = CARTESIAN_POINT('',(3.7,0.85,9.999999983634E-08));
#2230 = CARTESIAN_POINT('',(6.,0.85,9.999999983634E-08));
#2231 = CARTESIAN_POINT('',(3.7,0.85,2.7000001));
#2232 = CARTESIAN_POINT('',(6.,0.85,2.7000001));
#2233 = ADVANCED_FACE('',(#2234),#2289,.F.);
#2234 = FACE_BOUND('',#2235,.T.);
#2235 = EDGE_LOOP('',(#2236,#2237,#2238,#2239,#2247,#2254,#2261,#2268,
    #2275,#2282,#2288));
#2236 = ORIENTED_EDGE('',*,*,#1539,.T.);
#2237 = ORIENTED_EDGE('',*,*,#1447,.T.);
#2238 = ORIENTED_EDGE('',*,*,#2120,.F.);
#2239 = ORIENTED_EDGE('',*,*,#2240,.F.);
#2240 = EDGE_CURVE('',#2241,#2121,#2243,.T.);
#2241 = VERTEX_POINT('',#2242);
#2242 = CARTESIAN_POINT('',(5.8,-0.85,2.4000001));
#2243 = ( BOUNDED_CURVE() B_SPLINE_CURVE(2,(#2244,#2245,#2246),
.UNSPECIFIED.,.F.,.F.) B_SPLINE_CURVE_WITH_KNOTS((3,3),(4.712388980385,
6.28318530718),.PIECEWISE_BEZIER_KNOTS.) CURVE() 
GEOMETRIC_REPRESENTATION_ITEM() RATIONAL_B_SPLINE_CURVE((1.,
0.707106781187,1.)) REPRESENTATION_ITEM('') );
#2244 = CARTESIAN_POINT('',(5.8,-0.85,2.4000001));
#2245 = CARTESIAN_POINT('',(5.8,-0.85,2.5000001));
#2246 = CARTESIAN_POINT('',(5.7,-0.85,2.5000001));
#2247 = ORIENTED_EDGE('',*,*,#2248,.F.);
#2248 = EDGE_CURVE('',#2249,#2241,#2251,.T.);
#2249 = VERTEX_POINT('',#2250);
#2250 = CARTESIAN_POINT('',(5.8,-0.85,0.2000001));
#2251 = B_SPLINE_CURVE_WITH_KNOTS('',1,(#2252,#2253),.UNSPECIFIED.,.F.,
  .F.,(2,2),(-2.2,0.),.PIECEWISE_BEZIER_KNOTS.);
#2252 = CARTESIAN_POINT('',(5.8,-0.85,0.2000001));
#2253 = CARTESIAN_POINT('',(5.8,-0.85,2.4000001));
#2254 = ORIENTED_EDGE('',*,*,#2255,.F.);
#2255 = EDGE_CURVE('',#2256,#2249,#2258,.T.);
#2256 = VERTEX_POINT('',#2257);
#2257 = CARTESIAN_POINT('',(3.7,-0.85,0.2000001));
#2258 = B_SPLINE_CURVE_WITH_KNOTS('',1,(#2259,#2260),.UNSPECIFIED.,.F.,
  .F.,(2,2),(-2.1,0.),.PIECEWISE_BEZIER_KNOTS.);
#2259 = CARTESIAN_POINT('',(3.7,-0.85,0.2000001));
#2260 = CARTESIAN_POINT('',(5.8,-0.85,0.2000001));
#2261 = ORIENTED_EDGE('',*,*,#2262,.F.);
#2262 = EDGE_CURVE('',#2263,#2256,#2265,.T.);
#2263 = VERTEX_POINT('',#2264);
#2264 = CARTESIAN_POINT('',(3.7,-0.85,1.000000002804E-07));
#2265 = B_SPLINE_CURVE_WITH_KNOTS('',1,(#2266,#2267),.UNSPECIFIED.,.F.,
  .F.,(2,2),(0.,0.2),.PIECEWISE_BEZIER_KNOTS.);
#2266 = CARTESIAN_POINT('',(3.7,-0.85,1.000000002804E-07));
#2267 = CARTESIAN_POINT('',(3.7,-0.85,0.2000001));
#2268 = ORIENTED_EDGE('',*,*,#2269,.F.);
#2269 = EDGE_CURVE('',#2270,#2263,#2272,.T.);
#2270 = VERTEX_POINT('',#2271);
#2271 = CARTESIAN_POINT('',(6.,-0.85,9.999999983634E-08));
#2272 = B_SPLINE_CURVE_WITH_KNOTS('',1,(#2273,#2274),.UNSPECIFIED.,.F.,
  .F.,(2,2),(0.,2.3),.PIECEWISE_BEZIER_KNOTS.);
#2273 = CARTESIAN_POINT('',(6.,-0.85,9.999999983634E-08));
#2274 = CARTESIAN_POINT('',(3.7,-0.85,1.000000002804E-07));
#2275 = ORIENTED_EDGE('',*,*,#2276,.F.);
#2276 = EDGE_CURVE('',#2277,#2270,#2279,.T.);
#2277 = VERTEX_POINT('',#2278);
#2278 = CARTESIAN_POINT('',(6.,-0.85,2.4000001));
#2279 = B_SPLINE_CURVE_WITH_KNOTS('',1,(#2280,#2281),.UNSPECIFIED.,.F.,
  .F.,(2,2),(0.,2.4),.PIECEWISE_BEZIER_KNOTS.);
#2280 = CARTESIAN_POINT('',(6.,-0.85,2.4000001));
#2281 = CARTESIAN_POINT('',(6.,-0.85,9.999999983634E-08));
#2282 = ORIENTED_EDGE('',*,*,#2283,.F.);
#2283 = EDGE_CURVE('',#2157,#2277,#2284,.T.);
#2284 = ( BOUNDED_CURVE() B_SPLINE_CURVE(2,(#2285,#2286,#2287),
.UNSPECIFIED.,.F.,.F.) B_SPLINE_CURVE_WITH_KNOTS((3,3),(0.,
1.570796326795),.PIECEWISE_BEZIER_KNOTS.) CURVE() 
GEOMETRIC_REPRESENTATION_ITEM() RATIONAL_B_SPLINE_CURVE((1.,
0.707106781187,1.)) REPRESENTATION_ITEM('') );
#2285 = CARTESIAN_POINT('',(5.7,-0.85,2.7000001));
#2286 = CARTESIAN_POINT('',(6.,-0.85,2.7000001));
#2287 = CARTESIAN_POINT('',(6.,-0.85,2.4000001));
#2288 = ORIENTED_EDGE('',*,*,#2156,.F.);
#2289 = B_SPLINE_SURFACE_WITH_KNOTS('',1,1,(
    (#2290,#2291)
    ,(#2292,#2293
    )),.UNSPECIFIED.,.F.,.F.,.F.,(2,2),(2,2),(-2.4,0.3),(-2.,0.3),
  .PIECEWISE_BEZIER_KNOTS.);
#2290 = CARTESIAN_POINT('',(3.7,-0.85,9.999999983634E-08));
#2291 = CARTESIAN_POINT('',(6.,-0.85,9.999999983634E-08));
#2292 = CARTESIAN_POINT('',(3.7,-0.85,2.7000001));
#2293 = CARTESIAN_POINT('',(6.,-0.85,2.7000001));
#2294 = ADVANCED_FACE('',(#2295),#2309,.F.);
#2295 = FACE_BOUND('',#2296,.T.);
#2296 = EDGE_LOOP('',(#2297,#2298,#2303,#2304));
#2297 = ORIENTED_EDGE('',*,*,#2269,.T.);
#2298 = ORIENTED_EDGE('',*,*,#2299,.F.);
#2299 = EDGE_CURVE('',#2195,#2263,#2300,.T.);
#2300 = B_SPLINE_CURVE_WITH_KNOTS('',1,(#2301,#2302),.UNSPECIFIED.,.F.,
  .F.,(2,2),(-0.,1.7),.PIECEWISE_BEZIER_KNOTS.);
#2301 = CARTESIAN_POINT('',(3.7,0.85,1.000000002804E-07));
#2302 = CARTESIAN_POINT('',(3.7,-0.85,1.000000002804E-07));
#2303 = ORIENTED_EDGE('',*,*,#2194,.F.);
#2304 = ORIENTED_EDGE('',*,*,#2305,.T.);
#2305 = EDGE_CURVE('',#2188,#2270,#2306,.T.);
#2306 = B_SPLINE_CURVE_WITH_KNOTS('',1,(#2307,#2308),.UNSPECIFIED.,.F.,
  .F.,(2,2),(-0.,1.7),.PIECEWISE_BEZIER_KNOTS.);
#2307 = CARTESIAN_POINT('',(6.,0.85,9.999999983634E-08));
#2308 = CARTESIAN_POINT('',(6.,-0.85,9.999999983634E-08));
#2309 = B_SPLINE_SURFACE_WITH_KNOTS('',1,1,(
    (#2310,#2311)
    ,(#2312,#2313
    )),.UNSPECIFIED.,.F.,.F.,.F.,(2,2),(2,2),(-2.3,0.),(-1.7,0.),
  .PIECEWISE_BEZIER_KNOTS.);
#2310 = CARTESIAN_POINT('',(3.7,-0.85,1.000000002804E-07));
#2311 = CARTESIAN_POINT('',(3.7,0.85,1.000000002804E-07));
#2312 = CARTESIAN_POINT('',(6.,-0.85,9.999999983634E-08));
#2313 = CARTESIAN_POINT('',(6.,0.85,9.999999983634E-08));
#2314 = ADVANCED_FACE('',(#2315),#2325,.F.);
#2315 = FACE_BOUND('',#2316,.T.);
#2316 = EDGE_LOOP('',(#2317,#2318,#2323,#2324));
#2317 = ORIENTED_EDGE('',*,*,#2262,.T.);
#2318 = ORIENTED_EDGE('',*,*,#2319,.F.);
#2319 = EDGE_CURVE('',#2202,#2256,#2320,.T.);
#2320 = B_SPLINE_CURVE_WITH_KNOTS('',1,(#2321,#2322),.UNSPECIFIED.,.F.,
  .F.,(2,2),(-0.,1.7),.PIECEWISE_BEZIER_KNOTS.);
#2321 = CARTESIAN_POINT('',(3.7,0.85,0.2000001));
#2322 = CARTESIAN_POINT('',(3.7,-0.85,0.2000001));
#2323 = ORIENTED_EDGE('',*,*,#2201,.F.);
#2324 = ORIENTED_EDGE('',*,*,#2299,.T.);
#2325 = B_SPLINE_SURFACE_WITH_KNOTS('',1,1,(
    (#2326,#2327)
    ,(#2328,#2329
    )),.UNSPECIFIED.,.F.,.F.,.F.,(2,2),(2,2),(-0.2,0.),(-1.7,0.),
  .PIECEWISE_BEZIER_KNOTS.);
#2326 = CARTESIAN_POINT('',(3.7,-0.85,0.2000001));
#2327 = CARTESIAN_POINT('',(3.7,0.85,0.2000001));
#2328 = CARTESIAN_POINT('',(3.7,-0.85,1.000000002804E-07));
#2329 = CARTESIAN_POINT('',(3.7,0.85,1.000000002804E-07));
#2330 = ADVANCED_FACE('',(#2331),#2341,.F.);
#2331 = FACE_BOUND('',#2332,.T.);
#2332 = EDGE_LOOP('',(#2333,#2334,#2339,#2340));
#2333 = ORIENTED_EDGE('',*,*,#2255,.T.);
#2334 = ORIENTED_EDGE('',*,*,#2335,.F.);
#2335 = EDGE_CURVE('',#2209,#2249,#2336,.T.);
#2336 = B_SPLINE_CURVE_WITH_KNOTS('',1,(#2337,#2338),.UNSPECIFIED.,.F.,
  .F.,(2,2),(-0.,1.7),.PIECEWISE_BEZIER_KNOTS.);
#2337 = CARTESIAN_POINT('',(5.8,0.85,0.2000001));
#2338 = CARTESIAN_POINT('',(5.8,-0.85,0.2000001));
#2339 = ORIENTED_EDGE('',*,*,#2208,.F.);
#2340 = ORIENTED_EDGE('',*,*,#2319,.T.);
#2341 = B_SPLINE_SURFACE_WITH_KNOTS('',1,1,(
    (#2342,#2343)
    ,(#2344,#2345
    )),.UNSPECIFIED.,.F.,.F.,.F.,(2,2),(2,2),(0.,2.1),(-1.7,0.),
  .PIECEWISE_BEZIER_KNOTS.);
#2342 = CARTESIAN_POINT('',(5.8,-0.85,0.2000001));
#2343 = CARTESIAN_POINT('',(5.8,0.85,0.2000001));
#2344 = CARTESIAN_POINT('',(3.7,-0.85,0.2000001));
#2345 = CARTESIAN_POINT('',(3.7,0.85,0.2000001));
#2346 = ADVANCED_FACE('',(#2347),#2357,.F.);
#2347 = FACE_BOUND('',#2348,.T.);
#2348 = EDGE_LOOP('',(#2349,#2350,#2355,#2356));
#2349 = ORIENTED_EDGE('',*,*,#2248,.T.);
#2350 = ORIENTED_EDGE('',*,*,#2351,.F.);
#2351 = EDGE_CURVE('',#2216,#2241,#2352,.T.);
#2352 = B_SPLINE_CURVE_WITH_KNOTS('',1,(#2353,#2354),.UNSPECIFIED.,.F.,
  .F.,(2,2),(-0.,1.7),.PIECEWISE_BEZIER_KNOTS.);
#2353 = CARTESIAN_POINT('',(5.8,0.85,2.4000001));
#2354 = CARTESIAN_POINT('',(5.8,-0.85,2.4000001));
#2355 = ORIENTED_EDGE('',*,*,#2215,.F.);
#2356 = ORIENTED_EDGE('',*,*,#2335,.T.);
#2357 = B_SPLINE_SURFACE_WITH_KNOTS('',1,1,(
    (#2358,#2359)
    ,(#2360,#2361
    )),.UNSPECIFIED.,.F.,.F.,.F.,(2,2),(2,2),(0.,2.2),(-1.7,0.),
  .PIECEWISE_BEZIER_KNOTS.);
#2358 = CARTESIAN_POINT('',(5.8,-0.85,2.4000001));
#2359 = CARTESIAN_POINT('',(5.8,0.85,2.4000001));
#2360 = CARTESIAN_POINT('',(5.8,-0.85,0.2000001));
#2361 = CARTESIAN_POINT('',(5.8,0.85,0.2000001));
#2362 = ADVANCED_FACE('',(#2363),#2369,.F.);
#2363 = FACE_BOUND('',#2364,.F.);
#2364 = EDGE_LOOP('',(#2365,#2366,#2367,#2368));
#2365 = ORIENTED_EDGE('',*,*,#2351,.F.);
#2366 = ORIENTED_EDGE('',*,*,#2222,.T.);
#2367 = ORIENTED_EDGE('',*,*,#2135,.T.);
#2368 = ORIENTED_EDGE('',*,*,#2240,.F.);
#2369 = ( BOUNDED_SURFACE() B_SPLINE_SURFACE(2,1,(
    (#2370,#2371)
    ,(#2372,#2373)
    ,(#2374,#2375
)),.UNSPECIFIED.,.F.,.F.,.F.) B_SPLINE_SURFACE_WITH_KNOTS((3,3),(2,2),(
    1.570796326795,3.14159265359),(0.,1.7),.PIECEWISE_BEZIER_KNOTS.) 
GEOMETRIC_REPRESENTATION_ITEM() RATIONAL_B_SPLINE_SURFACE((
    (1.,1.)
    ,(0.707106781187,0.707106781187)
,(1.,1.))) REPRESENTATION_ITEM('') SURFACE() );
#2370 = CARTESIAN_POINT('',(5.8,0.85,2.4000001));
#2371 = CARTESIAN_POINT('',(5.8,-0.85,2.4000001));
#2372 = CARTESIAN_POINT('',(5.8,0.85,2.5000001));
#2373 = CARTESIAN_POINT('',(5.8,-0.85,2.5000001));
#2374 = CARTESIAN_POINT('',(5.7,0.85,2.5000001));
#2375 = CARTESIAN_POINT('',(5.7,-0.85,2.5000001));
#2376 = ADVANCED_FACE('',(#2377),#2387,.T.);
#2377 = FACE_BOUND('',#2378,.T.);
#2378 = EDGE_LOOP('',(#2379,#2380,#2385,#2386));
#2379 = ORIENTED_EDGE('',*,*,#2283,.T.);
#2380 = ORIENTED_EDGE('',*,*,#2381,.F.);
#2381 = EDGE_CURVE('',#2180,#2277,#2382,.T.);
#2382 = B_SPLINE_CURVE_WITH_KNOTS('',1,(#2383,#2384),.UNSPECIFIED.,.F.,
  .F.,(2,2),(-0.,1.7),.PIECEWISE_BEZIER_KNOTS.);
#2383 = CARTESIAN_POINT('',(6.,0.85,2.4000001));
#2384 = CARTESIAN_POINT('',(6.,-0.85,2.4000001));
#2385 = ORIENTED_EDGE('',*,*,#2179,.F.);
#2386 = ORIENTED_EDGE('',*,*,#2163,.T.);
#2387 = ( BOUNDED_SURFACE() B_SPLINE_SURFACE(2,1,(
    (#2388,#2389)
    ,(#2390,#2391)
    ,(#2392,#2393
)),.UNSPECIFIED.,.F.,.F.,.F.) B_SPLINE_SURFACE_WITH_KNOTS((3,3),(2,2),(
    1.570796326795,3.14159265359),(0.,1.7),.PIECEWISE_BEZIER_KNOTS.) 
GEOMETRIC_REPRESENTATION_ITEM() RATIONAL_B_SPLINE_SURFACE((
    (1.,1.)
    ,(0.707106781187,0.707106781187)
,(1.,1.))) REPRESENTATION_ITEM('') SURFACE() );
#2388 = CARTESIAN_POINT('',(6.,0.85,2.4000001));
#2389 = CARTESIAN_POINT('',(6.,-0.85,2.4000001));
#2390 = CARTESIAN_POINT('',(6.,0.85,2.7000001));
#2391 = CARTESIAN_POINT('',(6.,-0.85,2.7000001));
#2392 = CARTESIAN_POINT('',(5.7,0.85,2.7000001));
#2393 = CARTESIAN_POINT('',(5.7,-0.85,2.7000001));
#2394 = ADVANCED_FACE('',(#2395),#2401,.F.);
#2395 = FACE_BOUND('',#2396,.T.);
#2396 = EDGE_LOOP('',(#2397,#2398,#2399,#2400));
#2397 = ORIENTED_EDGE('',*,*,#2276,.T.);
#2398 = ORIENTED_EDGE('',*,*,#2305,.F.);
#2399 = ORIENTED_EDGE('',*,*,#2187,.F.);
#2400 = ORIENTED_EDGE('',*,*,#2381,.T.);
#2401 = B_SPLINE_SURFACE_WITH_KNOTS('',1,1,(
    (#2402,#2403)
    ,(#2404,#2405
    )),.UNSPECIFIED.,.F.,.F.,.F.,(2,2),(2,2),(-2.4,0.),(-1.7,0.),
  .PIECEWISE_BEZIER_KNOTS.);
#2402 = CARTESIAN_POINT('',(6.,-0.85,9.999999983634E-08));
#2403 = CARTESIAN_POINT('',(6.,0.85,9.999999983634E-08));
#2404 = CARTESIAN_POINT('',(6.,-0.85,2.4000001));
#2405 = CARTESIAN_POINT('',(6.,0.85,2.4000001));
#2406 = ADVANCED_FACE('',(#2407),#2429,.F.);
#2407 = FACE_BOUND('',#2408,.T.);
#2408 = EDGE_LOOP('',(#2409,#2410,#2417,#2424));
#2409 = ORIENTED_EDGE('',*,*,#494,.T.);
#2410 = ORIENTED_EDGE('',*,*,#2411,.F.);
#2411 = EDGE_CURVE('',#2412,#497,#2414,.T.);
#2412 = VERTEX_POINT('',#2413);
#2413 = CARTESIAN_POINT('',(-0.142921217751,2.6965546469,3.906709398701)
  );
#2414 = B_SPLINE_CURVE_WITH_KNOTS('',1,(#2415,#2416),.UNSPECIFIED.,.F.,
  .F.,(2,2),(-0.,1.000000000002E-03),.PIECEWISE_BEZIER_KNOTS.);
#2415 = CARTESIAN_POINT('',(-0.142921217751,2.6965546469,3.906709398701)
  );
#2416 = CARTESIAN_POINT('',(-0.142921217751,2.695555513827,
    3.906667768156));
#2417 = ORIENTED_EDGE('',*,*,#2418,.F.);
#2418 = EDGE_CURVE('',#2419,#2412,#2421,.T.);
#2419 = VERTEX_POINT('',#2420);
#2420 = CARTESIAN_POINT('',(-0.142756774234,2.697519893475,
    3.883543480889));
#2421 = B_SPLINE_CURVE_WITH_KNOTS('',1,(#2422,#2423),.UNSPECIFIED.,.F.,
  .F.,(2,2),(-2.318660153378E-02,0.),.PIECEWISE_BEZIER_KNOTS.);
#2422 = CARTESIAN_POINT('',(-0.142756774234,2.697519893475,
    3.883543480889));
#2423 = CARTESIAN_POINT('',(-0.142921217751,2.6965546469,3.906709398701)
  );
#2424 = ORIENTED_EDGE('',*,*,#2425,.T.);
#2425 = EDGE_CURVE('',#2419,#495,#2426,.T.);
#2426 = B_SPLINE_CURVE_WITH_KNOTS('',1,(#2427,#2428),.UNSPECIFIED.,.F.,
  .F.,(2,2),(-0.,9.999999999999E-04),.PIECEWISE_BEZIER_KNOTS.);
#2427 = CARTESIAN_POINT('',(-0.142756774234,2.697519893475,
    3.883543480889));
#2428 = CARTESIAN_POINT('',(-0.142756774234,2.696520760402,
    3.883501850344));
#2429 = B_SPLINE_SURFACE_WITH_KNOTS('',1,1,(
    (#2430,#2431)
    ,(#2432,#2433
    )),.UNSPECIFIED.,.F.,.F.,.F.,(2,2),(2,2),(0.,2.320813095429E-02),(
    -9.991331166434E-04,9.652466175651E-04),.PIECEWISE_BEZIER_KNOTS.);
#2430 = CARTESIAN_POINT('',(-0.142921512739,2.695555513827,3.90670939661
    ));
#2431 = CARTESIAN_POINT('',(-0.142920932768,2.697519893475,3.90670940072
    ));
#2432 = CARTESIAN_POINT('',(-0.142757059217,2.695555513827,
    3.883501848325));
#2433 = CARTESIAN_POINT('',(-0.142756479246,2.697519893475,
    3.883501852434));
#2434 = ADVANCED_FACE('',(#2435),#2451,.F.);
#2435 = FACE_BOUND('',#2436,.T.);
#2436 = EDGE_LOOP('',(#2437,#2438,#2445,#2450));
#2437 = ORIENTED_EDGE('',*,*,#531,.T.);
#2438 = ORIENTED_EDGE('',*,*,#2439,.F.);
#2439 = EDGE_CURVE('',#2440,#525,#2442,.T.);
#2440 = VERTEX_POINT('',#2441);
#2441 = CARTESIAN_POINT('',(-6.192611313237E-02,2.696530732392,
    3.907283346885));
#2442 = B_SPLINE_CURVE_WITH_KNOTS('',1,(#2443,#2444),.UNSPECIFIED.,.F.,
  .F.,(2,2),(-0.,1.000000000002E-03),.PIECEWISE_BEZIER_KNOTS.);
#2443 = CARTESIAN_POINT('',(-6.192611313237E-02,2.696530732392,
    3.907283346885));
#2444 = CARTESIAN_POINT('',(-6.192611313237E-02,2.695531599319,
    3.907241716341));
#2445 = ORIENTED_EDGE('',*,*,#2446,.F.);
#2446 = EDGE_CURVE('',#2412,#2440,#2447,.T.);
#2447 = B_SPLINE_CURVE_WITH_KNOTS('',1,(#2448,#2449),.UNSPECIFIED.,.F.,
  .F.,(2,2),(-8.099714168166E-02,0.),.PIECEWISE_BEZIER_KNOTS.);
#2448 = CARTESIAN_POINT('',(-0.142921217751,2.6965546469,3.906709398701)
  );
#2449 = CARTESIAN_POINT('',(-6.192611313237E-02,2.696530732392,
    3.907283346885));
#2450 = ORIENTED_EDGE('',*,*,#2411,.T.);
#2451 = B_SPLINE_SURFACE_WITH_KNOTS('',1,1,(
    (#2452,#2453)
    ,(#2454,#2455
    )),.UNSPECIFIED.,.F.,.F.,.F.,(2,2),(2,2),(-1.000000000002E-03,
    1.444751809373E-16),(-8.099714168166E-02,0.),
  .PIECEWISE_BEZIER_KNOTS.);
#2452 = CARTESIAN_POINT('',(-0.142921217751,2.695555513827,
    3.906667768156));
#2453 = CARTESIAN_POINT('',(-6.192611313237E-02,2.695531599319,
    3.907241716341));
#2454 = CARTESIAN_POINT('',(-0.142921217751,2.6965546469,3.906709398701)
  );
#2455 = CARTESIAN_POINT('',(-6.192611313237E-02,2.696530732392,
    3.907283346885));
#2456 = ADVANCED_FACE('',(#2457),#2473,.F.);
#2457 = FACE_BOUND('',#2458,.T.);
#2458 = EDGE_LOOP('',(#2459,#2460,#2467,#2472));
#2459 = ORIENTED_EDGE('',*,*,#524,.T.);
#2460 = ORIENTED_EDGE('',*,*,#2461,.F.);
#2461 = EDGE_CURVE('',#2462,#518,#2464,.T.);
#2462 = VERTEX_POINT('',#2463);
#2463 = CARTESIAN_POINT('',(-6.320405311069E-02,2.689029511247,
    4.087312654365));
#2464 = B_SPLINE_CURVE_WITH_KNOTS('',1,(#2465,#2466),.UNSPECIFIED.,.F.,
  .F.,(2,2),(-0.,1.000000000002E-03),.PIECEWISE_BEZIER_KNOTS.);
#2465 = CARTESIAN_POINT('',(-6.320405311069E-02,2.689029511247,
    4.087312654365));
#2466 = CARTESIAN_POINT('',(-6.320405311069E-02,2.688030378174,
    4.08727102382));
#2467 = ORIENTED_EDGE('',*,*,#2468,.F.);
#2468 = EDGE_CURVE('',#2440,#2462,#2469,.T.);
#2469 = B_SPLINE_CURVE_WITH_KNOTS('',1,(#2470,#2471),.UNSPECIFIED.,.F.,
  .F.,(2,2),(-0.180190046898,0.),.PIECEWISE_BEZIER_KNOTS.);
#2470 = CARTESIAN_POINT('',(-6.192611313237E-02,2.696530732392,
    3.907283346885));
#2471 = CARTESIAN_POINT('',(-6.320405311069E-02,2.689029511247,
    4.087312654365));
#2472 = ORIENTED_EDGE('',*,*,#2439,.T.);
#2473 = B_SPLINE_SURFACE_WITH_KNOTS('',1,1,(
    (#2474,#2475)
    ,(#2476,#2477
    )),.UNSPECIFIED.,.F.,.F.,.F.,(2,2),(2,2),(0.,0.180075472644),(
    -9.991331166434E-04,7.501221471948E-03),.PIECEWISE_BEZIER_KNOTS.);
#2474 = CARTESIAN_POINT('',(-6.320434809859E-02,2.688030378174,
    4.087312652275));
#2475 = CARTESIAN_POINT('',(-6.320183842124E-02,2.696530732392,
    4.087312670059));
#2476 = CARTESIAN_POINT('',(-6.192832782182E-02,2.688030378174,
    3.907241700647));
#2477 = CARTESIAN_POINT('',(-6.192581814447E-02,2.696530732392,
    3.907241718431));
#2478 = ADVANCED_FACE('',(#2479),#2495,.F.);
#2479 = FACE_BOUND('',#2480,.T.);
#2480 = EDGE_LOOP('',(#2481,#2482,#2489,#2494));
#2481 = ORIENTED_EDGE('',*,*,#517,.T.);
#2482 = ORIENTED_EDGE('',*,*,#2483,.F.);
#2483 = EDGE_CURVE('',#2484,#511,#2486,.T.);
#2484 = VERTEX_POINT('',#2485);
#2485 = CARTESIAN_POINT('',(-3.695082600419E-02,2.689021759754,
    4.087498690202));
#2486 = B_SPLINE_CURVE_WITH_KNOTS('',1,(#2487,#2488),.UNSPECIFIED.,.F.,
  .F.,(2,2),(-0.,1.000000000002E-03),.PIECEWISE_BEZIER_KNOTS.);
#2487 = CARTESIAN_POINT('',(-3.695082600419E-02,2.689021759754,
    4.087498690202));
#2488 = CARTESIAN_POINT('',(-3.695082600419E-02,2.688022626681,
    4.087457059657));
#2489 = ORIENTED_EDGE('',*,*,#2490,.F.);
#2490 = EDGE_CURVE('',#2462,#2484,#2491,.T.);
#2491 = B_SPLINE_CURVE_WITH_KNOTS('',1,(#2492,#2493),.UNSPECIFIED.,.F.,
  .F.,(2,2),(-2.625388738689E-02,0.),.PIECEWISE_BEZIER_KNOTS.);
#2492 = CARTESIAN_POINT('',(-6.320405311069E-02,2.689029511247,
    4.087312654365));
#2493 = CARTESIAN_POINT('',(-3.695082600419E-02,2.689021759754,
    4.087498690202));
#2494 = ORIENTED_EDGE('',*,*,#2461,.T.);
#2495 = B_SPLINE_SURFACE_WITH_KNOTS('',1,1,(
    (#2496,#2497)
    ,(#2498,#2499
    )),.UNSPECIFIED.,.F.,.F.,.F.,(2,2),(2,2),(-1.000000000002E-03,
    1.484816445746E-20),(-2.625388738689E-02,5.418751822911E-16),
  .PIECEWISE_BEZIER_KNOTS.);
#2496 = CARTESIAN_POINT('',(-6.320405311069E-02,2.688030378174,
    4.08727102382));
#2497 = CARTESIAN_POINT('',(-3.695082600419E-02,2.688022626681,
    4.087457059657));
#2498 = CARTESIAN_POINT('',(-6.320405311069E-02,2.689029511247,
    4.087312654365));
#2499 = CARTESIAN_POINT('',(-3.695082600419E-02,2.689021759754,
    4.087498690202));
#2500 = ADVANCED_FACE('',(#2501),#2517,.F.);
#2501 = FACE_BOUND('',#2502,.T.);
#2502 = EDGE_LOOP('',(#2503,#2504,#2511,#2516));
#2503 = ORIENTED_EDGE('',*,*,#510,.T.);
#2504 = ORIENTED_EDGE('',*,*,#2505,.F.);
#2505 = EDGE_CURVE('',#2506,#504,#2508,.T.);
#2506 = VERTEX_POINT('',#2507);
#2507 = CARTESIAN_POINT('',(-3.550844250875E-02,2.697488227475,
    3.88430346491));
#2508 = B_SPLINE_CURVE_WITH_KNOTS('',1,(#2509,#2510),.UNSPECIFIED.,.F.,
  .F.,(2,2),(-0.,1.000000000002E-03),.PIECEWISE_BEZIER_KNOTS.);
#2509 = CARTESIAN_POINT('',(-3.550844250875E-02,2.697488227475,
    3.88430346491));
#2510 = CARTESIAN_POINT('',(-3.550844250875E-02,2.696489094401,
    3.884261834365));
#2511 = ORIENTED_EDGE('',*,*,#2512,.F.);
#2512 = EDGE_CURVE('',#2484,#2506,#2513,.T.);
#2513 = B_SPLINE_CURVE_WITH_KNOTS('',1,(#2514,#2515),.UNSPECIFIED.,.F.,
  .F.,(2,2),(-0.203376648431,0.),.PIECEWISE_BEZIER_KNOTS.);
#2514 = CARTESIAN_POINT('',(-3.695082600419E-02,2.689021759754,
    4.087498690202));
#2515 = CARTESIAN_POINT('',(-3.550844250875E-02,2.697488227475,
    3.88430346491));
#2516 = ORIENTED_EDGE('',*,*,#2483,.T.);
#2517 = B_SPLINE_SURFACE_WITH_KNOTS('',1,1,(
    (#2518,#2519)
    ,(#2520,#2521
    )),.UNSPECIFIED.,.F.,.F.,.F.,(2,2),(2,2),(-4.162949952635E-05,
    0.203200344599),(-9.465601206156E-03,0.),.PIECEWISE_BEZIER_KNOTS.);
#2518 = CARTESIAN_POINT('',(-3.551094218132E-02,2.688022626681,
    3.884261816652));
#2519 = CARTESIAN_POINT('',(-3.550814752085E-02,2.697488227475,
    3.884261836456));
#2520 = CARTESIAN_POINT('',(-3.695112099209E-02,2.688022626681,
    4.087498688111));
#2521 = CARTESIAN_POINT('',(-3.694832633162E-02,2.697488227475,
    4.087498707915));
#2522 = ADVANCED_FACE('',(#2523),#2533,.F.);
#2523 = FACE_BOUND('',#2524,.T.);
#2524 = EDGE_LOOP('',(#2525,#2526,#2527,#2532));
#2525 = ORIENTED_EDGE('',*,*,#503,.T.);
#2526 = ORIENTED_EDGE('',*,*,#2425,.F.);
#2527 = ORIENTED_EDGE('',*,*,#2528,.F.);
#2528 = EDGE_CURVE('',#2506,#2419,#2529,.T.);
#2529 = B_SPLINE_CURVE_WITH_KNOTS('',1,(#2530,#2531),.UNSPECIFIED.,.F.,
  .F.,(2,2),(-0.107251029069,0.),.PIECEWISE_BEZIER_KNOTS.);
#2530 = CARTESIAN_POINT('',(-3.550844250875E-02,2.697488227475,
    3.88430346491));
#2531 = CARTESIAN_POINT('',(-0.142756774234,2.697519893475,
    3.883543480889));
#2532 = ORIENTED_EDGE('',*,*,#2505,.T.);
#2533 = B_SPLINE_SURFACE_WITH_KNOTS('',1,1,(
    (#2534,#2535)
    ,(#2536,#2537
    )),.UNSPECIFIED.,.F.,.F.,.F.,(2,2),(2,2),(-0.,1.000000000002E-03),(
    -3.831253509241E-22,0.107251029069),.PIECEWISE_BEZIER_KNOTS.);
#2534 = CARTESIAN_POINT('',(-0.142756774234,2.697519893475,
    3.883543480889));
#2535 = CARTESIAN_POINT('',(-3.550844250875E-02,2.697488227475,
    3.88430346491));
#2536 = CARTESIAN_POINT('',(-0.142756774234,2.696520760402,
    3.883501850344));
#2537 = CARTESIAN_POINT('',(-3.550844250875E-02,2.696489094401,
    3.884261834365));
#2538 = ADVANCED_FACE('',(#2539),#2547,.F.);
#2539 = FACE_BOUND('',#2540,.T.);
#2540 = EDGE_LOOP('',(#2541,#2542,#2543,#2544,#2545,#2546));
#2541 = ORIENTED_EDGE('',*,*,#2418,.T.);
#2542 = ORIENTED_EDGE('',*,*,#2446,.T.);
#2543 = ORIENTED_EDGE('',*,*,#2468,.T.);
#2544 = ORIENTED_EDGE('',*,*,#2490,.T.);
#2545 = ORIENTED_EDGE('',*,*,#2512,.T.);
#2546 = ORIENTED_EDGE('',*,*,#2528,.T.);
#2547 = B_SPLINE_SURFACE_WITH_KNOTS('',1,1,(
    (#2548,#2549)
    ,(#2550,#2551
    )),.UNSPECIFIED.,.F.,.F.,.F.,(2,2),(2,2),(-1.374263597047,
    -1.170131420057),(-0.142921217751,-3.550844250876E-02),
  .PIECEWISE_BEZIER_KNOTS.);
#2548 = CARTESIAN_POINT('',(-0.142921217751,2.689021759754,
    4.087498690202));
#2549 = CARTESIAN_POINT('',(-3.550844250875E-02,2.689021759754,
    4.087498690202));
#2550 = CARTESIAN_POINT('',(-0.142921217751,2.697519893475,
    3.883543480889));
#2551 = CARTESIAN_POINT('',(-3.550844250875E-02,2.697519893475,
    3.883543480889));
#2552 = ADVANCED_FACE('',(#2553),#2577,.F.);
#2553 = FACE_BOUND('',#2554,.F.);
#2554 = EDGE_LOOP('',(#2555,#2562,#2571,#2576));
#2555 = ORIENTED_EDGE('',*,*,#2556,.F.);
#2556 = EDGE_CURVE('',#2557,#341,#2559,.T.);
#2557 = VERTEX_POINT('',#2558);
#2558 = CARTESIAN_POINT('',(-0.247017535732,2.697693523735,
    3.879376354667));
#2559 = B_SPLINE_CURVE_WITH_KNOTS('',1,(#2560,#2561),.UNSPECIFIED.,.F.,
  .F.,(2,2),(-0.,9.999999999999E-04),.PIECEWISE_BEZIER_KNOTS.);
#2560 = CARTESIAN_POINT('',(-0.247017535732,2.697693523735,
    3.879376354667));
#2561 = CARTESIAN_POINT('',(-0.247017535732,2.696694390662,
    3.879334724123));
#2562 = ORIENTED_EDGE('',*,*,#2563,.T.);
#2563 = EDGE_CURVE('',#2557,#2564,#2566,.T.);
#2564 = VERTEX_POINT('',#2565);
#2565 = CARTESIAN_POINT('',(-0.30340307619,2.697216702796,3.890820057191
    ));
#2566 = B_SPLINE_CURVE_WITH_KNOTS('',3,(#2567,#2568,#2569,#2570),
  .UNSPECIFIED.,.F.,.F.,(4,4),(0.,1.),.PIECEWISE_BEZIER_KNOTS.);
#2567 = CARTESIAN_POINT('',(-0.247017535732,2.697693523735,
    3.879376354667));
#2568 = CARTESIAN_POINT('',(-0.269579715068,2.697700185414,
    3.879216474364));
#2569 = CARTESIAN_POINT('',(-0.28837489522,2.697541245101,3.883031041872
    ));
#2570 = CARTESIAN_POINT('',(-0.30340307619,2.697216702796,3.890820057191
    ));
#2571 = ORIENTED_EDGE('',*,*,#2572,.T.);
#2572 = EDGE_CURVE('',#2564,#343,#2573,.T.);
#2573 = B_SPLINE_CURVE_WITH_KNOTS('',1,(#2574,#2575),.UNSPECIFIED.,.F.,
  .F.,(2,2),(-0.,1.000000000002E-03),.PIECEWISE_BEZIER_KNOTS.);
#2574 = CARTESIAN_POINT('',(-0.30340307619,2.697216702796,3.890820057191
    ));
#2575 = CARTESIAN_POINT('',(-0.30340307619,2.696217569723,3.890778426646
    ));
#2576 = ORIENTED_EDGE('',*,*,#340,.F.);
#2577 = B_SPLINE_SURFACE_WITH_KNOTS('',3,1,(
    (#2578,#2579)
    ,(#2580,#2581)
    ,(#2582,#2583)
    ,(#2584,#2585
    )),.UNSPECIFIED.,.F.,.F.,.F.,(4,4),(2,2),(0.,1.),(0.,1.),
  .PIECEWISE_BEZIER_KNOTS.);
#2578 = CARTESIAN_POINT('',(-0.247017535732,2.697693523735,
    3.879376354667));
#2579 = CARTESIAN_POINT('',(-0.247017535732,2.696694390662,
    3.879334724123));
#2580 = CARTESIAN_POINT('',(-0.269579715068,2.697700185414,
    3.879216474364));
#2581 = CARTESIAN_POINT('',(-0.269579715068,2.696701052341,3.87917484382
    ));
#2582 = CARTESIAN_POINT('',(-0.28837489522,2.697541245101,3.883031041872
    ));
#2583 = CARTESIAN_POINT('',(-0.28837489522,2.696542112028,3.882989411327
    ));
#2584 = CARTESIAN_POINT('',(-0.30340307619,2.697216702796,3.890820057191
    ));
#2585 = CARTESIAN_POINT('',(-0.30340307619,2.696217569723,3.890778426646
    ));
#2586 = ADVANCED_FACE('',(#2587),#2603,.F.);
#2587 = FACE_BOUND('',#2588,.T.);
#2588 = EDGE_LOOP('',(#2589,#2590,#2597,#2602));
#2589 = ORIENTED_EDGE('',*,*,#457,.T.);
#2590 = ORIENTED_EDGE('',*,*,#2591,.F.);
#2591 = EDGE_CURVE('',#2592,#449,#2594,.T.);
#2592 = VERTEX_POINT('',#2593);
#2593 = CARTESIAN_POINT('',(-0.30358153059,2.696169215481,3.915959752754
    ));
#2594 = B_SPLINE_CURVE_WITH_KNOTS('',1,(#2595,#2596),.UNSPECIFIED.,.F.,
  .F.,(2,2),(-0.,1.000000000002E-03),.PIECEWISE_BEZIER_KNOTS.);
#2595 = CARTESIAN_POINT('',(-0.30358153059,2.696169215481,3.915959752754
    ));
#2596 = CARTESIAN_POINT('',(-0.30358153059,2.695170082408,3.915918122209
    ));
#2597 = ORIENTED_EDGE('',*,*,#2598,.F.);
#2598 = EDGE_CURVE('',#2564,#2592,#2599,.T.);
#2599 = B_SPLINE_CURVE_WITH_KNOTS('',1,(#2600,#2601),.UNSPECIFIED.,.F.,
  .F.,(2,2),(-2.516214157531E-02,0.),.PIECEWISE_BEZIER_KNOTS.);
#2600 = CARTESIAN_POINT('',(-0.30340307619,2.697216702796,3.890820057191
    ));
#2601 = CARTESIAN_POINT('',(-0.30358153059,2.696169215481,3.915959752754
    ));
#2602 = ORIENTED_EDGE('',*,*,#2572,.T.);
#2603 = B_SPLINE_SURFACE_WITH_KNOTS('',1,1,(
    (#2604,#2605)
    ,(#2606,#2607
    )),.UNSPECIFIED.,.F.,.F.,.F.,(2,2),(2,2),(0.,2.518195843303E-02),(
    -9.99133116643E-04,1.047487360788E-03),.PIECEWISE_BEZIER_KNOTS.);
#2604 = CARTESIAN_POINT('',(-0.303581825577,2.695170082408,
    3.915959750663));
#2605 = CARTESIAN_POINT('',(-0.303581221325,2.697216702796,
    3.915959754945));
#2606 = CARTESIAN_POINT('',(-0.303403385454,2.695170082408,
    3.890778424454));
#2607 = CARTESIAN_POINT('',(-0.303402781202,2.697216702796,
    3.890778428736));
#2608 = ADVANCED_FACE('',(#2609),#2627,.F.);
#2609 = FACE_BOUND('',#2610,.F.);
#2610 = EDGE_LOOP('',(#2611,#2612,#2621,#2626));
#2611 = ORIENTED_EDGE('',*,*,#2591,.F.);
#2612 = ORIENTED_EDGE('',*,*,#2613,.T.);
#2613 = EDGE_CURVE('',#2592,#2614,#2616,.T.);
#2614 = VERTEX_POINT('',#2615);
#2615 = CARTESIAN_POINT('',(-0.250978475027,2.696720740752,
    3.902723146249));
#2616 = B_SPLINE_CURVE_WITH_KNOTS('',3,(#2617,#2618,#2619,#2620),
  .UNSPECIFIED.,.F.,.F.,(4,4),(12.,13.),.PIECEWISE_BEZIER_KNOTS.);
#2617 = CARTESIAN_POINT('',(-0.30358153059,2.696169215481,3.915959752754
    ));
#2618 = CARTESIAN_POINT('',(-0.288649211233,2.696541401545,
    3.907027287224));
#2619 = CARTESIAN_POINT('',(-0.271097284711,2.696726681005,
    3.902580580172));
#2620 = CARTESIAN_POINT('',(-0.250978475027,2.696720740752,
    3.902723146249));
#2621 = ORIENTED_EDGE('',*,*,#2622,.T.);
#2622 = EDGE_CURVE('',#2614,#440,#2623,.T.);
#2623 = B_SPLINE_CURVE_WITH_KNOTS('',1,(#2624,#2625),.UNSPECIFIED.,.F.,
  .F.,(2,2),(-0.,1.000000000002E-03),.PIECEWISE_BEZIER_KNOTS.);
#2624 = CARTESIAN_POINT('',(-0.250978475027,2.696720740752,
    3.902723146249));
#2625 = CARTESIAN_POINT('',(-0.250978475027,2.695721607679,
    3.902681515704));
#2626 = ORIENTED_EDGE('',*,*,#448,.F.);
#2627 = B_SPLINE_SURFACE_WITH_KNOTS('',3,1,(
    (#2628,#2629)
    ,(#2630,#2631)
    ,(#2632,#2633)
    ,(#2634,#2635
    )),.UNSPECIFIED.,.F.,.F.,.F.,(4,4),(2,2),(12.,13.),(0.,1.),
  .PIECEWISE_BEZIER_KNOTS.);
#2628 = CARTESIAN_POINT('',(-0.30358153059,2.696169215481,3.915959752754
    ));
#2629 = CARTESIAN_POINT('',(-0.30358153059,2.695170082408,3.915918122209
    ));
#2630 = CARTESIAN_POINT('',(-0.288649211233,2.696541401545,
    3.907027287224));
#2631 = CARTESIAN_POINT('',(-0.288649211233,2.695542268472,3.90698565668
    ));
#2632 = CARTESIAN_POINT('',(-0.271097284711,2.696726681005,
    3.902580580172));
#2633 = CARTESIAN_POINT('',(-0.271097284711,2.695727547932,
    3.902538949628));
#2634 = CARTESIAN_POINT('',(-0.250978475027,2.696720740752,
    3.902723146249));
#2635 = CARTESIAN_POINT('',(-0.250978475027,2.695721607679,
    3.902681515704));
#2636 = ADVANCED_FACE('',(#2637),#2655,.F.);
#2637 = FACE_BOUND('',#2638,.F.);
#2638 = EDGE_LOOP('',(#2639,#2640,#2649,#2654));
#2639 = ORIENTED_EDGE('',*,*,#2622,.F.);
#2640 = ORIENTED_EDGE('',*,*,#2641,.T.);
#2641 = EDGE_CURVE('',#2614,#2642,#2644,.T.);
#2642 = VERTEX_POINT('',#2643);
#2643 = CARTESIAN_POINT('',(-0.19888386122,2.695813651757,3.924493282124
    ));
#2644 = B_SPLINE_CURVE_WITH_KNOTS('',3,(#2645,#2646,#2647,#2648),
  .UNSPECIFIED.,.F.,.F.,(4,4),(11.,12.),.PIECEWISE_BEZIER_KNOTS.);
#2645 = CARTESIAN_POINT('',(-0.250978475027,2.696720740752,
    3.902723146249));
#2646 = CARTESIAN_POINT('',(-0.229456027459,2.696714386063,
    3.902875658796));
#2647 = CARTESIAN_POINT('',(-0.212091401995,2.696410580244,
    3.910166998434));
#2648 = CARTESIAN_POINT('',(-0.19888386122,2.695813651757,3.924493282124
    ));
#2649 = ORIENTED_EDGE('',*,*,#2650,.T.);
#2650 = EDGE_CURVE('',#2642,#431,#2651,.T.);
#2651 = B_SPLINE_CURVE_WITH_KNOTS('',1,(#2652,#2653),.UNSPECIFIED.,.F.,
  .F.,(2,2),(-0.,1.000000000002E-03),.PIECEWISE_BEZIER_KNOTS.);
#2652 = CARTESIAN_POINT('',(-0.19888386122,2.695813651757,3.924493282124
    ));
#2653 = CARTESIAN_POINT('',(-0.19888386122,2.694814518684,3.924451651579
    ));
#2654 = ORIENTED_EDGE('',*,*,#439,.F.);
#2655 = B_SPLINE_SURFACE_WITH_KNOTS('',3,1,(
    (#2656,#2657)
    ,(#2658,#2659)
    ,(#2660,#2661)
    ,(#2662,#2663
    )),.UNSPECIFIED.,.F.,.F.,.F.,(4,4),(2,2),(11.,12.),(0.,1.),
  .PIECEWISE_BEZIER_KNOTS.);
#2656 = CARTESIAN_POINT('',(-0.250978475027,2.696720740752,
    3.902723146249));
#2657 = CARTESIAN_POINT('',(-0.250978475027,2.695721607679,
    3.902681515704));
#2658 = CARTESIAN_POINT('',(-0.229456027459,2.696714386063,
    3.902875658796));
#2659 = CARTESIAN_POINT('',(-0.229456027459,2.69571525299,3.902834028252
    ));
#2660 = CARTESIAN_POINT('',(-0.212091401995,2.696410580244,
    3.910166998434));
#2661 = CARTESIAN_POINT('',(-0.212091401995,2.695411447171,3.91012536789
    ));
#2662 = CARTESIAN_POINT('',(-0.19888386122,2.695813651757,3.924493282124
    ));
#2663 = CARTESIAN_POINT('',(-0.19888386122,2.694814518684,3.924451651579
    ));
#2664 = ADVANCED_FACE('',(#2665),#2683,.F.);
#2665 = FACE_BOUND('',#2666,.F.);
#2666 = EDGE_LOOP('',(#2667,#2668,#2677,#2682));
#2667 = ORIENTED_EDGE('',*,*,#2650,.F.);
#2668 = ORIENTED_EDGE('',*,*,#2669,.T.);
#2669 = EDGE_CURVE('',#2642,#2670,#2672,.T.);
#2670 = VERTEX_POINT('',#2671);
#2671 = CARTESIAN_POINT('',(-0.179332488802,2.693392476884,
    3.982601479087));
#2672 = B_SPLINE_CURVE_WITH_KNOTS('',3,(#2673,#2674,#2675,#2676),
  .UNSPECIFIED.,.F.,.F.,(4,4),(10.,11.),.PIECEWISE_BEZIER_KNOTS.);
#2673 = CARTESIAN_POINT('',(-0.19888386122,2.695813651757,3.924493282124
    ));
#2674 = CARTESIAN_POINT('',(-0.18567705786,2.69521239481,3.938923448853)
  );
#2675 = CARTESIAN_POINT('',(-0.179159933721,2.694405336519,
    3.958292847841));
#2676 = CARTESIAN_POINT('',(-0.179332488802,2.693392476884,
    3.982601479087));
#2677 = ORIENTED_EDGE('',*,*,#2678,.T.);
#2678 = EDGE_CURVE('',#2670,#422,#2679,.T.);
#2679 = B_SPLINE_CURVE_WITH_KNOTS('',1,(#2680,#2681),.UNSPECIFIED.,.F.,
  .F.,(2,2),(-0.,1.000000000002E-03),.PIECEWISE_BEZIER_KNOTS.);
#2680 = CARTESIAN_POINT('',(-0.179332488802,2.693392476884,
    3.982601479087));
#2681 = CARTESIAN_POINT('',(-0.179332488802,2.692393343811,
    3.982559848542));
#2682 = ORIENTED_EDGE('',*,*,#430,.F.);
#2683 = B_SPLINE_SURFACE_WITH_KNOTS('',3,1,(
    (#2684,#2685)
    ,(#2686,#2687)
    ,(#2688,#2689)
    ,(#2690,#2691
    )),.UNSPECIFIED.,.F.,.F.,.F.,(4,4),(2,2),(10.,11.),(0.,1.),
  .PIECEWISE_BEZIER_KNOTS.);
#2684 = CARTESIAN_POINT('',(-0.19888386122,2.695813651757,3.924493282124
    ));
#2685 = CARTESIAN_POINT('',(-0.19888386122,2.694814518684,3.924451651579
    ));
#2686 = CARTESIAN_POINT('',(-0.18567705786,2.69521239481,3.938923448853)
  );
#2687 = CARTESIAN_POINT('',(-0.18567705786,2.694213261737,3.938881818308
    ));
#2688 = CARTESIAN_POINT('',(-0.179159933721,2.694405336519,
    3.958292847841));
#2689 = CARTESIAN_POINT('',(-0.179159933721,2.693406203446,
    3.958251217296));
#2690 = CARTESIAN_POINT('',(-0.179332488802,2.693392476884,
    3.982601479087));
#2691 = CARTESIAN_POINT('',(-0.179332488802,2.692393343811,
    3.982559848542));
#2692 = ADVANCED_FACE('',(#2693),#2711,.F.);
#2693 = FACE_BOUND('',#2694,.F.);
#2694 = EDGE_LOOP('',(#2695,#2696,#2705,#2710));
#2695 = ORIENTED_EDGE('',*,*,#2678,.F.);
#2696 = ORIENTED_EDGE('',*,*,#2697,.T.);
#2697 = EDGE_CURVE('',#2670,#2698,#2700,.T.);
#2698 = VERTEX_POINT('',#2699);
#2699 = CARTESIAN_POINT('',(-0.201132576552,2.690853651057,
    4.043533298938));
#2700 = B_SPLINE_CURVE_WITH_KNOTS('',3,(#2701,#2702,#2703,#2704),
  .UNSPECIFIED.,.F.,.F.,(4,4),(9.,10.),.PIECEWISE_BEZIER_KNOTS.);
#2701 = CARTESIAN_POINT('',(-0.179332488802,2.693392476884,
    3.982601479087));
#2702 = CARTESIAN_POINT('',(-0.179513892861,2.692327675729,
    4.008156706808));
#2703 = CARTESIAN_POINT('',(-0.186780588777,2.691481400453,
    4.028467313424));
#2704 = CARTESIAN_POINT('',(-0.201132576552,2.690853651057,
    4.043533298938));
#2705 = ORIENTED_EDGE('',*,*,#2706,.T.);
#2706 = EDGE_CURVE('',#2698,#413,#2707,.T.);
#2707 = B_SPLINE_CURVE_WITH_KNOTS('',1,(#2708,#2709),.UNSPECIFIED.,.F.,
  .F.,(2,2),(-0.,1.000000000002E-03),.PIECEWISE_BEZIER_KNOTS.);
#2708 = CARTESIAN_POINT('',(-0.201132576552,2.690853651057,
    4.043533298938));
#2709 = CARTESIAN_POINT('',(-0.201132576552,2.689854517984,
    4.043491668393));
#2710 = ORIENTED_EDGE('',*,*,#421,.F.);
#2711 = B_SPLINE_SURFACE_WITH_KNOTS('',3,1,(
    (#2712,#2713)
    ,(#2714,#2715)
    ,(#2716,#2717)
    ,(#2718,#2719
    )),.UNSPECIFIED.,.F.,.F.,.F.,(4,4),(2,2),(9.,10.),(0.,1.),
  .PIECEWISE_BEZIER_KNOTS.);
#2712 = CARTESIAN_POINT('',(-0.179332488802,2.693392476884,
    3.982601479087));
#2713 = CARTESIAN_POINT('',(-0.179332488802,2.692393343811,
    3.982559848542));
#2714 = CARTESIAN_POINT('',(-0.179513892861,2.692327675729,
    4.008156706808));
#2715 = CARTESIAN_POINT('',(-0.179513892861,2.691328542656,
    4.008115076263));
#2716 = CARTESIAN_POINT('',(-0.186780588777,2.691481400453,
    4.028467313424));
#2717 = CARTESIAN_POINT('',(-0.186780588777,2.69048226738,4.028425682879
    ));
#2718 = CARTESIAN_POINT('',(-0.201132576552,2.690853651057,
    4.043533298938));
#2719 = CARTESIAN_POINT('',(-0.201132576552,2.689854517984,
    4.043491668393));
#2720 = ADVANCED_FACE('',(#2721),#2739,.F.);
#2721 = FACE_BOUND('',#2722,.F.);
#2722 = EDGE_LOOP('',(#2723,#2724,#2733,#2738));
#2723 = ORIENTED_EDGE('',*,*,#2706,.F.);
#2724 = ORIENTED_EDGE('',*,*,#2725,.T.);
#2725 = EDGE_CURVE('',#2698,#2726,#2728,.T.);
#2726 = VERTEX_POINT('',#2727);
#2727 = CARTESIAN_POINT('',(-0.256710298739,2.689930737799,
    4.065683217123));
#2728 = B_SPLINE_CURVE_WITH_KNOTS('',3,(#2729,#2730,#2731,#2732),
  .UNSPECIFIED.,.F.,.F.,(4,4),(8.,9.),.PIECEWISE_BEZIER_KNOTS.);
#2729 = CARTESIAN_POINT('',(-0.201132576552,2.690853651057,
    4.043533298938));
#2730 = CARTESIAN_POINT('',(-0.215535813499,2.69023024547,4.058495033024
    ));
#2731 = CARTESIAN_POINT('',(-0.234044146228,2.689924045421,
    4.065843834201));
#2732 = CARTESIAN_POINT('',(-0.256710298739,2.689930737799,
    4.065683217123));
#2733 = ORIENTED_EDGE('',*,*,#2734,.T.);
#2734 = EDGE_CURVE('',#2726,#404,#2735,.T.);
#2735 = B_SPLINE_CURVE_WITH_KNOTS('',1,(#2736,#2737),.UNSPECIFIED.,.F.,
  .F.,(2,2),(-0.,1.000000000002E-03),.PIECEWISE_BEZIER_KNOTS.);
#2736 = CARTESIAN_POINT('',(-0.256710298739,2.689930737799,
    4.065683217123));
#2737 = CARTESIAN_POINT('',(-0.256710298739,2.688931604726,
    4.065641586578));
#2738 = ORIENTED_EDGE('',*,*,#412,.F.);
#2739 = B_SPLINE_SURFACE_WITH_KNOTS('',3,1,(
    (#2740,#2741)
    ,(#2742,#2743)
    ,(#2744,#2745)
    ,(#2746,#2747
    )),.UNSPECIFIED.,.F.,.F.,.F.,(4,4),(2,2),(8.,9.),(0.,1.),
  .PIECEWISE_BEZIER_KNOTS.);
#2740 = CARTESIAN_POINT('',(-0.201132576552,2.690853651057,
    4.043533298938));
#2741 = CARTESIAN_POINT('',(-0.201132576552,2.689854517984,
    4.043491668393));
#2742 = CARTESIAN_POINT('',(-0.215535813499,2.69023024547,4.058495033024
    ));
#2743 = CARTESIAN_POINT('',(-0.215535813499,2.689231112397,
    4.058453402479));
#2744 = CARTESIAN_POINT('',(-0.234044146228,2.689924045421,
    4.065843834201));
#2745 = CARTESIAN_POINT('',(-0.234044146228,2.688924912348,
    4.065802203656));
#2746 = CARTESIAN_POINT('',(-0.256710298739,2.689930737799,
    4.065683217123));
#2747 = CARTESIAN_POINT('',(-0.256710298739,2.688931604726,
    4.065641586578));
#2748 = ADVANCED_FACE('',(#2749),#2767,.F.);
#2749 = FACE_BOUND('',#2750,.F.);
#2750 = EDGE_LOOP('',(#2751,#2752,#2761,#2766));
#2751 = ORIENTED_EDGE('',*,*,#2734,.F.);
#2752 = ORIENTED_EDGE('',*,*,#2753,.T.);
#2753 = EDGE_CURVE('',#2726,#2754,#2756,.T.);
#2754 = VERTEX_POINT('',#2755);
#2755 = CARTESIAN_POINT('',(-0.304556393054,2.690446991388,
    4.053293130993));
#2756 = B_SPLINE_CURVE_WITH_KNOTS('',3,(#2757,#2758,#2759,#2760),
  .UNSPECIFIED.,.F.,.F.,(4,4),(7.,8.),.PIECEWISE_BEZIER_KNOTS.);
#2757 = CARTESIAN_POINT('',(-0.256710298739,2.689930737799,
    4.065683217123));
#2758 = CARTESIAN_POINT('',(-0.27412580583,2.689935879879,4.065559807211
    ));
#2759 = CARTESIAN_POINT('',(-0.290057666682,2.690105073652,
    4.061499156657));
#2760 = CARTESIAN_POINT('',(-0.304556393054,2.690446991388,
    4.053293130993));
#2761 = ORIENTED_EDGE('',*,*,#2762,.T.);
#2762 = EDGE_CURVE('',#2754,#397,#2763,.T.);
#2763 = B_SPLINE_CURVE_WITH_KNOTS('',1,(#2764,#2765),.UNSPECIFIED.,.F.,
  .F.,(2,2),(-0.,1.000000000002E-03),.PIECEWISE_BEZIER_KNOTS.);
#2764 = CARTESIAN_POINT('',(-0.304556393054,2.690446991388,
    4.053293130993));
#2765 = CARTESIAN_POINT('',(-0.304556393054,2.689447858315,
    4.053251500448));
#2766 = ORIENTED_EDGE('',*,*,#403,.F.);
#2767 = B_SPLINE_SURFACE_WITH_KNOTS('',3,1,(
    (#2768,#2769)
    ,(#2770,#2771)
    ,(#2772,#2773)
    ,(#2774,#2775
    )),.UNSPECIFIED.,.F.,.F.,.F.,(4,4),(2,2),(7.,8.),(0.,1.),
  .PIECEWISE_BEZIER_KNOTS.);
#2768 = CARTESIAN_POINT('',(-0.256710298739,2.689930737799,
    4.065683217123));
#2769 = CARTESIAN_POINT('',(-0.256710298739,2.688931604726,
    4.065641586578));
#2770 = CARTESIAN_POINT('',(-0.27412580583,2.689935879879,4.065559807211
    ));
#2771 = CARTESIAN_POINT('',(-0.27412580583,2.688936746806,4.065518176666
    ));
#2772 = CARTESIAN_POINT('',(-0.290057666682,2.690105073652,
    4.061499156657));
#2773 = CARTESIAN_POINT('',(-0.290057666682,2.689105940579,
    4.061457526112));
#2774 = CARTESIAN_POINT('',(-0.304556393054,2.690446991388,
    4.053293130993));
#2775 = CARTESIAN_POINT('',(-0.304556393054,2.689447858315,
    4.053251500448));
#2776 = ADVANCED_FACE('',(#2777),#2793,.F.);
#2777 = FACE_BOUND('',#2778,.T.);
#2778 = EDGE_LOOP('',(#2779,#2780,#2787,#2792));
#2779 = ORIENTED_EDGE('',*,*,#396,.T.);
#2780 = ORIENTED_EDGE('',*,*,#2781,.F.);
#2781 = EDGE_CURVE('',#2782,#388,#2784,.T.);
#2782 = VERTEX_POINT('',#2783);
#2783 = CARTESIAN_POINT('',(-0.304751070581,2.689304277953,
    4.080718253424));
#2784 = B_SPLINE_CURVE_WITH_KNOTS('',1,(#2785,#2786),.UNSPECIFIED.,.F.,
  .F.,(2,2),(-0.,1.000000000002E-03),.PIECEWISE_BEZIER_KNOTS.);
#2785 = CARTESIAN_POINT('',(-0.304751070581,2.689304277953,
    4.080718253424));
#2786 = CARTESIAN_POINT('',(-0.304751070581,2.68830514488,4.080676622879
    ));
#2787 = ORIENTED_EDGE('',*,*,#2788,.F.);
#2788 = EDGE_CURVE('',#2754,#2782,#2789,.T.);
#2789 = B_SPLINE_CURVE_WITH_KNOTS('',1,(#2790,#2791),.UNSPECIFIED.,.F.,
  .F.,(2,2),(-2.744960898998E-02,0.),.PIECEWISE_BEZIER_KNOTS.);
#2790 = CARTESIAN_POINT('',(-0.304556393054,2.690446991388,
    4.053293130993));
#2791 = CARTESIAN_POINT('',(-0.304751070581,2.689304277953,
    4.080718253424));
#2792 = ORIENTED_EDGE('',*,*,#2762,.T.);
#2793 = B_SPLINE_SURFACE_WITH_KNOTS('',1,1,(
    (#2794,#2795)
    ,(#2796,#2797
    )),.UNSPECIFIED.,.F.,.F.,.F.,(2,2),(2,2),(0.,2.746744288027E-02),(
    -9.991331166434E-04,1.142713484443E-03),.PIECEWISE_BEZIER_KNOTS.);
#2794 = CARTESIAN_POINT('',(-0.304751365569,2.68830514488,4.080718251334
    ));
#2795 = CARTESIAN_POINT('',(-0.304750733202,2.690446991388,
    4.080718255815));
#2796 = CARTESIAN_POINT('',(-0.304556730433,2.68830514488,4.053251498057
    ));
#2797 = CARTESIAN_POINT('',(-0.304556098066,2.690446991388,
    4.053251502539));
#2798 = ADVANCED_FACE('',(#2799),#2817,.F.);
#2799 = FACE_BOUND('',#2800,.F.);
#2800 = EDGE_LOOP('',(#2801,#2802,#2811,#2816));
#2801 = ORIENTED_EDGE('',*,*,#2781,.F.);
#2802 = ORIENTED_EDGE('',*,*,#2803,.T.);
#2803 = EDGE_CURVE('',#2782,#2804,#2806,.T.);
#2804 = VERTEX_POINT('',#2805);
#2805 = CARTESIAN_POINT('',(-0.256618496389,2.688943772176,
    4.089370392072));
#2806 = B_SPLINE_CURVE_WITH_KNOTS('',3,(#2807,#2808,#2809,#2810),
  .UNSPECIFIED.,.F.,.F.,(4,4),(5.,6.),.PIECEWISE_BEZIER_KNOTS.);
#2807 = CARTESIAN_POINT('',(-0.304751070581,2.689304277953,
    4.080718253424));
#2808 = CARTESIAN_POINT('',(-0.292105426017,2.689071124298,
    4.086313941141));
#2809 = CARTESIAN_POINT('',(-0.276061480424,2.688949512886,
    4.089232615036));
#2810 = CARTESIAN_POINT('',(-0.256618496389,2.688943772176,
    4.089370392072));
#2811 = ORIENTED_EDGE('',*,*,#2812,.T.);
#2812 = EDGE_CURVE('',#2804,#379,#2813,.T.);
#2813 = B_SPLINE_CURVE_WITH_KNOTS('',1,(#2814,#2815),.UNSPECIFIED.,.F.,
  .F.,(2,2),(-0.,1.000000000002E-03),.PIECEWISE_BEZIER_KNOTS.);
#2814 = CARTESIAN_POINT('',(-0.256618496389,2.688943772176,
    4.089370392072));
#2815 = CARTESIAN_POINT('',(-0.256618496389,2.687944639103,
    4.089328761527));
#2816 = ORIENTED_EDGE('',*,*,#387,.F.);
#2817 = B_SPLINE_SURFACE_WITH_KNOTS('',3,1,(
    (#2818,#2819)
    ,(#2820,#2821)
    ,(#2822,#2823)
    ,(#2824,#2825
    )),.UNSPECIFIED.,.F.,.F.,.F.,(4,4),(2,2),(5.,6.),(0.,1.),
  .PIECEWISE_BEZIER_KNOTS.);
#2818 = CARTESIAN_POINT('',(-0.304751070581,2.689304277953,
    4.080718253424));
#2819 = CARTESIAN_POINT('',(-0.304751070581,2.68830514488,4.080676622879
    ));
#2820 = CARTESIAN_POINT('',(-0.292105426017,2.689071124298,
    4.086313941141));
#2821 = CARTESIAN_POINT('',(-0.292105426017,2.688071991225,
    4.086272310596));
#2822 = CARTESIAN_POINT('',(-0.276061480424,2.688949512886,
    4.089232615036));
#2823 = CARTESIAN_POINT('',(-0.276061480424,2.687950379813,
    4.089190984492));
#2824 = CARTESIAN_POINT('',(-0.256618496389,2.688943772176,
    4.089370392072));
#2825 = CARTESIAN_POINT('',(-0.256618496389,2.687944639103,
    4.089328761527));
#2826 = ADVANCED_FACE('',(#2827),#2845,.F.);
#2827 = FACE_BOUND('',#2828,.F.);
#2828 = EDGE_LOOP('',(#2829,#2830,#2839,#2844));
#2829 = ORIENTED_EDGE('',*,*,#2812,.F.);
#2830 = ORIENTED_EDGE('',*,*,#2831,.T.);
#2831 = EDGE_CURVE('',#2804,#2832,#2834,.T.);
#2832 = VERTEX_POINT('',#2833);
#2833 = CARTESIAN_POINT('',(-0.181701393475,2.690168311431,
    4.059981449952));
#2834 = B_SPLINE_CURVE_WITH_KNOTS('',3,(#2835,#2836,#2837,#2838),
  .UNSPECIFIED.,.F.,.F.,(4,4),(4.,5.),.PIECEWISE_BEZIER_KNOTS.);
#2835 = CARTESIAN_POINT('',(-0.256618496389,2.688943772176,
    4.089370392072));
#2836 = CARTESIAN_POINT('',(-0.22641428857,2.688934854122,4.089584425381
    ));
#2837 = CARTESIAN_POINT('',(-0.201441920932,2.689343033873,
    4.079788111341));
#2838 = CARTESIAN_POINT('',(-0.181701393475,2.690168311431,
    4.059981449952));
#2839 = ORIENTED_EDGE('',*,*,#2840,.T.);
#2840 = EDGE_CURVE('',#2832,#370,#2841,.T.);
#2841 = B_SPLINE_CURVE_WITH_KNOTS('',1,(#2842,#2843),.UNSPECIFIED.,.F.,
  .F.,(2,2),(-0.,1.000000000002E-03),.PIECEWISE_BEZIER_KNOTS.);
#2842 = CARTESIAN_POINT('',(-0.181701393475,2.690168311431,
    4.059981449952));
#2843 = CARTESIAN_POINT('',(-0.181701393475,2.689169178358,
    4.059939819408));
#2844 = ORIENTED_EDGE('',*,*,#378,.F.);
#2845 = B_SPLINE_SURFACE_WITH_KNOTS('',3,1,(
    (#2846,#2847)
    ,(#2848,#2849)
    ,(#2850,#2851)
    ,(#2852,#2853
    )),.UNSPECIFIED.,.F.,.F.,.F.,(4,4),(2,2),(4.,5.),(0.,1.),
  .PIECEWISE_BEZIER_KNOTS.);
#2846 = CARTESIAN_POINT('',(-0.256618496389,2.688943772176,
    4.089370392072));
#2847 = CARTESIAN_POINT('',(-0.256618496389,2.687944639103,
    4.089328761527));
#2848 = CARTESIAN_POINT('',(-0.22641428857,2.688934854122,4.089584425381
    ));
#2849 = CARTESIAN_POINT('',(-0.22641428857,2.687935721049,4.089542794836
    ));
#2850 = CARTESIAN_POINT('',(-0.201441920932,2.689343033873,
    4.079788111341));
#2851 = CARTESIAN_POINT('',(-0.201441920932,2.6883439008,4.079746480797)
  );
#2852 = CARTESIAN_POINT('',(-0.181701393475,2.690168311431,
    4.059981449952));
#2853 = CARTESIAN_POINT('',(-0.181701393475,2.689169178358,
    4.059939819408));
#2854 = ADVANCED_FACE('',(#2855),#2873,.F.);
#2855 = FACE_BOUND('',#2856,.F.);
#2856 = EDGE_LOOP('',(#2857,#2858,#2867,#2872));
#2857 = ORIENTED_EDGE('',*,*,#2840,.F.);
#2858 = ORIENTED_EDGE('',*,*,#2859,.T.);
#2859 = EDGE_CURVE('',#2832,#2860,#2862,.T.);
#2860 = VERTEX_POINT('',#2861);
#2861 = CARTESIAN_POINT('',(-0.151768535764,2.693449268553,
    3.981238479025));
#2862 = B_SPLINE_CURVE_WITH_KNOTS('',3,(#2863,#2864,#2865,#2866),
  .UNSPECIFIED.,.F.,.F.,(4,4),(3.,4.),.PIECEWISE_BEZIER_KNOTS.);
#2863 = CARTESIAN_POINT('',(-0.181701393475,2.690168311431,
    4.059981449952));
#2864 = CARTESIAN_POINT('',(-0.161960866018,2.690993588989,
    4.040174788565));
#2865 = CARTESIAN_POINT('',(-0.152000821449,2.692085803659,
    4.013961636472));
#2866 = CARTESIAN_POINT('',(-0.151768535764,2.693449268553,
    3.981238479025));
#2867 = ORIENTED_EDGE('',*,*,#2868,.T.);
#2868 = EDGE_CURVE('',#2860,#361,#2869,.T.);
#2869 = B_SPLINE_CURVE_WITH_KNOTS('',1,(#2870,#2871),.UNSPECIFIED.,.F.,
  .F.,(2,2),(-0.,1.000000000002E-03),.PIECEWISE_BEZIER_KNOTS.);
#2870 = CARTESIAN_POINT('',(-0.151768535764,2.693449268553,
    3.981238479025));
#2871 = CARTESIAN_POINT('',(-0.151768535764,2.69245013548,3.98119684848)
  );
#2872 = ORIENTED_EDGE('',*,*,#369,.F.);
#2873 = B_SPLINE_SURFACE_WITH_KNOTS('',3,1,(
    (#2874,#2875)
    ,(#2876,#2877)
    ,(#2878,#2879)
    ,(#2880,#2881
    )),.UNSPECIFIED.,.F.,.F.,.F.,(4,4),(2,2),(3.,4.),(0.,1.),
  .PIECEWISE_BEZIER_KNOTS.);
#2874 = CARTESIAN_POINT('',(-0.181701393475,2.690168311431,
    4.059981449952));
#2875 = CARTESIAN_POINT('',(-0.181701393475,2.689169178358,
    4.059939819408));
#2876 = CARTESIAN_POINT('',(-0.161960866018,2.690993588989,
    4.040174788565));
#2877 = CARTESIAN_POINT('',(-0.161960866018,2.689994455916,4.04013315802
    ));
#2878 = CARTESIAN_POINT('',(-0.152000821449,2.692085803659,
    4.013961636472));
#2879 = CARTESIAN_POINT('',(-0.152000821449,2.691086670586,
    4.013920005928));
#2880 = CARTESIAN_POINT('',(-0.151768535764,2.693449268553,
    3.981238479025));
#2881 = CARTESIAN_POINT('',(-0.151768535764,2.69245013548,3.98119684848)
  );
#2882 = ADVANCED_FACE('',(#2883),#2901,.F.);
#2883 = FACE_BOUND('',#2884,.F.);
#2884 = EDGE_LOOP('',(#2885,#2886,#2895,#2900));
#2885 = ORIENTED_EDGE('',*,*,#2868,.F.);
#2886 = ORIENTED_EDGE('',*,*,#2887,.T.);
#2887 = EDGE_CURVE('',#2860,#2888,#2890,.T.);
#2888 = VERTEX_POINT('',#2889);
#2889 = CARTESIAN_POINT('',(-0.177344450789,2.696517195204,
    3.907608239415));
#2890 = B_SPLINE_CURVE_WITH_KNOTS('',3,(#2891,#2892,#2893,#2894),
  .UNSPECIFIED.,.F.,.F.,(4,4),(2.,3.),.PIECEWISE_BEZIER_KNOTS.);
#2891 = CARTESIAN_POINT('',(-0.151768535764,2.693449268553,
    3.981238479025));
#2892 = CARTESIAN_POINT('',(-0.151552473205,2.694717507327,
    3.950800748447));
#2893 = CARTESIAN_POINT('',(-0.160060203546,2.695741587247,3.92622283036
    ));
#2894 = CARTESIAN_POINT('',(-0.177344450789,2.696517195204,
    3.907608239415));
#2895 = ORIENTED_EDGE('',*,*,#2896,.T.);
#2896 = EDGE_CURVE('',#2888,#352,#2897,.T.);
#2897 = B_SPLINE_CURVE_WITH_KNOTS('',1,(#2898,#2899),.UNSPECIFIED.,.F.,
  .F.,(2,2),(-0.,1.000000000001E-03),.PIECEWISE_BEZIER_KNOTS.);
#2898 = CARTESIAN_POINT('',(-0.177344450789,2.696517195204,
    3.907608239415));
#2899 = CARTESIAN_POINT('',(-0.177344450789,2.69551806213,3.90756660887)
  );
#2900 = ORIENTED_EDGE('',*,*,#360,.F.);
#2901 = B_SPLINE_SURFACE_WITH_KNOTS('',3,1,(
    (#2902,#2903)
    ,(#2904,#2905)
    ,(#2906,#2907)
    ,(#2908,#2909
    )),.UNSPECIFIED.,.F.,.F.,.F.,(4,4),(2,2),(2.,3.),(0.,1.),
  .PIECEWISE_BEZIER_KNOTS.);
#2902 = CARTESIAN_POINT('',(-0.151768535764,2.693449268553,
    3.981238479025));
#2903 = CARTESIAN_POINT('',(-0.151768535764,2.69245013548,3.98119684848)
  );
#2904 = CARTESIAN_POINT('',(-0.151552473205,2.694717507327,
    3.950800748447));
#2905 = CARTESIAN_POINT('',(-0.151552473205,2.693718374254,
    3.950759117902));
#2906 = CARTESIAN_POINT('',(-0.160060203546,2.695741587247,3.92622283036
    ));
#2907 = CARTESIAN_POINT('',(-0.160060203546,2.694742454174,
    3.926181199815));
#2908 = CARTESIAN_POINT('',(-0.177344450789,2.696517195204,
    3.907608239415));
#2909 = CARTESIAN_POINT('',(-0.177344450789,2.69551806213,3.90756660887)
  );
#2910 = ADVANCED_FACE('',(#2911),#2923,.F.);
#2911 = FACE_BOUND('',#2912,.F.);
#2912 = EDGE_LOOP('',(#2913,#2914,#2921,#2922));
#2913 = ORIENTED_EDGE('',*,*,#2896,.F.);
#2914 = ORIENTED_EDGE('',*,*,#2915,.T.);
#2915 = EDGE_CURVE('',#2888,#2557,#2916,.T.);
#2916 = B_SPLINE_CURVE_WITH_KNOTS('',3,(#2917,#2918,#2919,#2920),
  .UNSPECIFIED.,.F.,.F.,(4,4),(1.,2.),.PIECEWISE_BEZIER_KNOTS.);
#2917 = CARTESIAN_POINT('',(-0.177344450789,2.696517195204,
    3.907608239415));
#2918 = CARTESIAN_POINT('',(-0.194628698032,2.69729280316,3.88899364847)
  );
#2919 = CARTESIAN_POINT('',(-0.217853059679,2.69768491267,3.879583020221
    ));
#2920 = CARTESIAN_POINT('',(-0.247017535732,2.697693523735,
    3.879376354667));
#2921 = ORIENTED_EDGE('',*,*,#2556,.T.);
#2922 = ORIENTED_EDGE('',*,*,#351,.F.);
#2923 = B_SPLINE_SURFACE_WITH_KNOTS('',3,1,(
    (#2924,#2925)
    ,(#2926,#2927)
    ,(#2928,#2929)
    ,(#2930,#2931
    )),.UNSPECIFIED.,.F.,.F.,.F.,(4,4),(2,2),(1.,2.),(0.,1.),
  .PIECEWISE_BEZIER_KNOTS.);
#2924 = CARTESIAN_POINT('',(-0.177344450789,2.696517195204,
    3.907608239415));
#2925 = CARTESIAN_POINT('',(-0.177344450789,2.69551806213,3.90756660887)
  );
#2926 = CARTESIAN_POINT('',(-0.194628698032,2.69729280316,3.88899364847)
  );
#2927 = CARTESIAN_POINT('',(-0.194628698032,2.696293670086,
    3.888952017925));
#2928 = CARTESIAN_POINT('',(-0.217853059679,2.69768491267,3.879583020221
    ));
#2929 = CARTESIAN_POINT('',(-0.217853059679,2.696685779597,
    3.879541389676));
#2930 = CARTESIAN_POINT('',(-0.247017535732,2.697693523735,
    3.879376354667));
#2931 = CARTESIAN_POINT('',(-0.247017535732,2.696694390662,
    3.879334724123));
#2932 = ADVANCED_FACE('',(#2933),#2949,.T.);
#2933 = FACE_BOUND('',#2934,.T.);
#2934 = EDGE_LOOP('',(#2935,#2936,#2937,#2938,#2939,#2940,#2941,#2942,
    #2943,#2944,#2945,#2946,#2947,#2948));
#2935 = ORIENTED_EDGE('',*,*,#2563,.T.);
#2936 = ORIENTED_EDGE('',*,*,#2598,.T.);
#2937 = ORIENTED_EDGE('',*,*,#2613,.T.);
#2938 = ORIENTED_EDGE('',*,*,#2641,.T.);
#2939 = ORIENTED_EDGE('',*,*,#2669,.T.);
#2940 = ORIENTED_EDGE('',*,*,#2697,.T.);
#2941 = ORIENTED_EDGE('',*,*,#2725,.T.);
#2942 = ORIENTED_EDGE('',*,*,#2753,.T.);
#2943 = ORIENTED_EDGE('',*,*,#2788,.T.);
#2944 = ORIENTED_EDGE('',*,*,#2803,.T.);
#2945 = ORIENTED_EDGE('',*,*,#2831,.T.);
#2946 = ORIENTED_EDGE('',*,*,#2859,.T.);
#2947 = ORIENTED_EDGE('',*,*,#2887,.T.);
#2948 = ORIENTED_EDGE('',*,*,#2915,.T.);
#2949 = B_SPLINE_SURFACE_WITH_KNOTS('',1,1,(
    (#2950,#2951)
    ,(#2952,#2953
    )),.UNSPECIFIED.,.F.,.F.,.F.,(2,2),(2,2),(-2.903412752989E-03,
    0.207647070142),(-2.671551523311E-02,0.126483082143),
  .PIECEWISE_BEZIER_KNOTS.);
#2950 = CARTESIAN_POINT('',(-0.304751070581,2.697700185414,
    3.879216474364));
#2951 = CARTESIAN_POINT('',(-0.151552473205,2.697700185414,
    3.879216474364));
#2952 = CARTESIAN_POINT('',(-0.304751070581,2.688934854122,
    4.089584425381));
#2953 = CARTESIAN_POINT('',(-0.151552473205,2.688934854122,
    4.089584425381));
#2954 = ADVANCED_FACE('',(#2955),#2977,.F.);
#2955 = FACE_BOUND('',#2956,.T.);
#2956 = EDGE_LOOP('',(#2957,#2958,#2965,#2972));
#2957 = ORIENTED_EDGE('',*,*,#538,.T.);
#2958 = ORIENTED_EDGE('',*,*,#2959,.F.);
#2959 = EDGE_CURVE('',#2960,#541,#2962,.T.);
#2960 = VERTEX_POINT('',#2961);
#2961 = CARTESIAN_POINT('',(-0.45359306961,2.696646375461,3.904507913237
    ));
#2962 = B_SPLINE_CURVE_WITH_KNOTS('',1,(#2963,#2964),.UNSPECIFIED.,.F.,
  .F.,(2,2),(-0.,1.000000000002E-03),.PIECEWISE_BEZIER_KNOTS.);
#2963 = CARTESIAN_POINT('',(-0.45359306961,2.696646375461,3.904507913237
    ));
#2964 = CARTESIAN_POINT('',(-0.45359306961,2.695647242388,3.904466282692
    ));
#2965 = ORIENTED_EDGE('',*,*,#2966,.F.);
#2966 = EDGE_CURVE('',#2967,#2960,#2969,.T.);
#2967 = VERTEX_POINT('',#2968);
#2968 = CARTESIAN_POINT('',(-0.453428626093,2.697611622036,
    3.881341995425));
#2969 = B_SPLINE_CURVE_WITH_KNOTS('',1,(#2970,#2971),.UNSPECIFIED.,.F.,
  .F.,(2,2),(-2.318660153378E-02,0.),.PIECEWISE_BEZIER_KNOTS.);
#2970 = CARTESIAN_POINT('',(-0.453428626093,2.697611622036,
    3.881341995425));
#2971 = CARTESIAN_POINT('',(-0.45359306961,2.696646375461,3.904507913237
    ));
#2972 = ORIENTED_EDGE('',*,*,#2973,.T.);
#2973 = EDGE_CURVE('',#2967,#539,#2974,.T.);
#2974 = B_SPLINE_CURVE_WITH_KNOTS('',1,(#2975,#2976),.UNSPECIFIED.,.F.,
  .F.,(2,2),(-0.,1.E-03),.PIECEWISE_BEZIER_KNOTS.);
#2975 = CARTESIAN_POINT('',(-0.453428626093,2.697611622036,
    3.881341995425));
#2976 = CARTESIAN_POINT('',(-0.453428626093,2.696612488963,
    3.881300364881));
#2977 = B_SPLINE_SURFACE_WITH_KNOTS('',1,1,(
    (#2978,#2979)
    ,(#2980,#2981
    )),.UNSPECIFIED.,.F.,.F.,.F.,(2,2),(2,2),(0.,2.320813095429E-02),(
    -9.991331166429E-04,9.652466175653E-04),.PIECEWISE_BEZIER_KNOTS.);
#2978 = CARTESIAN_POINT('',(-0.453593364598,2.695647242388,
    3.904507911147));
#2979 = CARTESIAN_POINT('',(-0.453592784627,2.697611622036,
    3.904507915257));
#2980 = CARTESIAN_POINT('',(-0.453428911076,2.695647242388,
    3.881300362861));
#2981 = CARTESIAN_POINT('',(-0.453428331105,2.697611622036,
    3.881300366971));
#2982 = ADVANCED_FACE('',(#2983),#2999,.F.);
#2983 = FACE_BOUND('',#2984,.T.);
#2984 = EDGE_LOOP('',(#2985,#2986,#2993,#2998));
#2985 = ORIENTED_EDGE('',*,*,#617,.T.);
#2986 = ORIENTED_EDGE('',*,*,#2987,.F.);
#2987 = EDGE_CURVE('',#2988,#611,#2990,.T.);
#2988 = VERTEX_POINT('',#2989);
#2989 = CARTESIAN_POINT('',(-0.370466514871,2.696621831624,
    3.905096965321));
#2990 = B_SPLINE_CURVE_WITH_KNOTS('',1,(#2991,#2992),.UNSPECIFIED.,.F.,
  .F.,(2,2),(-0.,1.000000000002E-03),.PIECEWISE_BEZIER_KNOTS.);
#2991 = CARTESIAN_POINT('',(-0.370466514871,2.696621831624,
    3.905096965321));
#2992 = CARTESIAN_POINT('',(-0.370466514871,2.695622698551,
    3.905055334777));
#2993 = ORIENTED_EDGE('',*,*,#2994,.F.);
#2994 = EDGE_CURVE('',#2960,#2988,#2995,.T.);
#2995 = B_SPLINE_CURVE_WITH_KNOTS('',1,(#2996,#2997),.UNSPECIFIED.,.F.,
  .F.,(2,2),(-8.312864540908E-02,0.),.PIECEWISE_BEZIER_KNOTS.);
#2996 = CARTESIAN_POINT('',(-0.45359306961,2.696646375461,3.904507913237
    ));
#2997 = CARTESIAN_POINT('',(-0.370466514871,2.696621831624,
    3.905096965321));
#2998 = ORIENTED_EDGE('',*,*,#2959,.T.);
#2999 = B_SPLINE_SURFACE_WITH_KNOTS('',1,1,(
    (#3000,#3001)
    ,(#3002,#3003
    )),.UNSPECIFIED.,.F.,.F.,.F.,(2,2),(2,2),(-1.000000000002E-03,0.),(
    -8.312864540908E-02,5.088102262507E-23),.PIECEWISE_BEZIER_KNOTS.);
#3000 = CARTESIAN_POINT('',(-0.45359306961,2.695647242388,3.904466282692
    ));
#3001 = CARTESIAN_POINT('',(-0.370466514871,2.695622698551,
    3.905055334777));
#3002 = CARTESIAN_POINT('',(-0.45359306961,2.696646375461,3.904507913237
    ));
#3003 = CARTESIAN_POINT('',(-0.370466514871,2.696621831624,
    3.905096965321));
#3004 = ADVANCED_FACE('',(#3005),#3021,.F.);
#3005 = FACE_BOUND('',#3006,.T.);
#3006 = EDGE_LOOP('',(#3007,#3008,#3015,#3020));
#3007 = ORIENTED_EDGE('',*,*,#610,.T.);
#3008 = ORIENTED_EDGE('',*,*,#3009,.F.);
#3009 = EDGE_CURVE('',#3010,#604,#3012,.T.);
#3010 = VERTEX_POINT('',#3011);
#3011 = CARTESIAN_POINT('',(-0.370951733859,2.693773704957,
    3.973452005322));
#3012 = B_SPLINE_CURVE_WITH_KNOTS('',1,(#3013,#3014),.UNSPECIFIED.,.F.,
  .F.,(2,2),(-0.,1.000000000002E-03),.PIECEWISE_BEZIER_KNOTS.);
#3013 = CARTESIAN_POINT('',(-0.370951733859,2.693773704957,
    3.973452005322));
#3014 = CARTESIAN_POINT('',(-0.370951733859,2.692774571884,
    3.973410374777));
#3015 = ORIENTED_EDGE('',*,*,#3016,.F.);
#3016 = EDGE_CURVE('',#2988,#3010,#3017,.T.);
#3017 = B_SPLINE_CURVE_WITH_KNOTS('',1,(#3018,#3019),.UNSPECIFIED.,.F.,
  .F.,(2,2),(-6.841607089332E-02,0.),.PIECEWISE_BEZIER_KNOTS.);
#3018 = CARTESIAN_POINT('',(-0.370466514871,2.696621831624,
    3.905096965321));
#3019 = CARTESIAN_POINT('',(-0.370951733859,2.693773704957,
    3.973452005322));
#3020 = ORIENTED_EDGE('',*,*,#2987,.T.);
#3021 = B_SPLINE_SURFACE_WITH_KNOTS('',1,1,(
    (#3022,#3023)
    ,(#3024,#3025
    )),.UNSPECIFIED.,.F.,.F.,.F.,(2,2),(2,2),(0.,6.839839163952E-02),(
    -9.991331166429E-04,2.848126790839E-03),.PIECEWISE_BEZIER_KNOTS.);
#3022 = CARTESIAN_POINT('',(-0.370952028847,2.692774571884,
    3.973452003232));
#3023 = CARTESIAN_POINT('',(-0.370950892967,2.696621831624,
    3.973452011281));
#3024 = CARTESIAN_POINT('',(-0.370467355763,2.692774571884,
    3.905055328818));
#3025 = CARTESIAN_POINT('',(-0.370466219883,2.696621831624,
    3.905055336867));
#3026 = ADVANCED_FACE('',(#3027),#3043,.F.);
#3027 = FACE_BOUND('',#3028,.T.);
#3028 = EDGE_LOOP('',(#3029,#3030,#3037,#3042));
#3029 = ORIENTED_EDGE('',*,*,#603,.T.);
#3030 = ORIENTED_EDGE('',*,*,#3031,.F.);
#3031 = EDGE_CURVE('',#3032,#597,#3034,.T.);
#3032 = VERTEX_POINT('',#3033);
#3033 = CARTESIAN_POINT('',(-0.443680970932,2.693795178896,
    3.972936630797));
#3034 = B_SPLINE_CURVE_WITH_KNOTS('',1,(#3035,#3036),.UNSPECIFIED.,.F.,
  .F.,(2,2),(-0.,1.000000000002E-03),.PIECEWISE_BEZIER_KNOTS.);
#3035 = CARTESIAN_POINT('',(-0.443680970932,2.693795178896,
    3.972936630797));
#3036 = CARTESIAN_POINT('',(-0.443680970932,2.692796045823,
    3.972895000252));
#3037 = ORIENTED_EDGE('',*,*,#3038,.F.);
#3038 = EDGE_CURVE('',#3010,#3032,#3039,.T.);
#3039 = B_SPLINE_CURVE_WITH_KNOTS('',1,(#3040,#3041),.UNSPECIFIED.,.F.,
  .F.,(2,2),(-7.273106624597E-02,0.),.PIECEWISE_BEZIER_KNOTS.);
#3040 = CARTESIAN_POINT('',(-0.370951733859,2.693773704957,
    3.973452005322));
#3041 = CARTESIAN_POINT('',(-0.443680970932,2.693795178896,
    3.972936630797));
#3042 = ORIENTED_EDGE('',*,*,#3009,.T.);
#3043 = B_SPLINE_SURFACE_WITH_KNOTS('',1,1,(
    (#3044,#3045)
    ,(#3046,#3047
    )),.UNSPECIFIED.,.F.,.F.,.F.,(2,2),(2,2),(-0.,1.000000000002E-03),(
    0.,7.273106624597E-02),.PIECEWISE_BEZIER_KNOTS.);
#3044 = CARTESIAN_POINT('',(-0.443680970932,2.693795178896,
    3.972936630797));
#3045 = CARTESIAN_POINT('',(-0.370951733859,2.693773704957,
    3.973452005322));
#3046 = CARTESIAN_POINT('',(-0.443680970932,2.692796045823,
    3.972895000252));
#3047 = CARTESIAN_POINT('',(-0.370951733859,2.692774571884,
    3.973410374777));
#3048 = ADVANCED_FACE('',(#3049),#3065,.F.);
#3049 = FACE_BOUND('',#3050,.T.);
#3050 = EDGE_LOOP('',(#3051,#3052,#3059,#3064));
#3051 = ORIENTED_EDGE('',*,*,#596,.T.);
#3052 = ORIENTED_EDGE('',*,*,#3053,.F.);
#3053 = EDGE_CURVE('',#3054,#590,#3056,.T.);
#3054 = VERTEX_POINT('',#3055);
#3055 = CARTESIAN_POINT('',(-0.443846151864,2.69282560386,3.996206431648
    ));
#3056 = B_SPLINE_CURVE_WITH_KNOTS('',1,(#3057,#3058),.UNSPECIFIED.,.F.,
  .F.,(2,2),(-0.,1.000000000002E-03),.PIECEWISE_BEZIER_KNOTS.);
#3057 = CARTESIAN_POINT('',(-0.443846151864,2.69282560386,3.996206431648
    ));
#3058 = CARTESIAN_POINT('',(-0.443846151864,2.691826470787,
    3.996164801103));
#3059 = ORIENTED_EDGE('',*,*,#3060,.F.);
#3060 = EDGE_CURVE('',#3032,#3054,#3061,.T.);
#3061 = B_SPLINE_CURVE_WITH_KNOTS('',1,(#3062,#3063),.UNSPECIFIED.,.F.,
  .F.,(2,2),(-2.32905773253E-02,0.),.PIECEWISE_BEZIER_KNOTS.);
#3062 = CARTESIAN_POINT('',(-0.443680970932,2.693795178896,
    3.972936630797));
#3063 = CARTESIAN_POINT('',(-0.443846151864,2.69282560386,3.996206431648
    ));
#3064 = ORIENTED_EDGE('',*,*,#3031,.T.);
#3065 = B_SPLINE_SURFACE_WITH_KNOTS('',1,1,(
    (#3066,#3067)
    ,(#3068,#3069
    )),.UNSPECIFIED.,.F.,.F.,.F.,(2,2),(2,2),(0.,2.331201661092E-02),(
    -9.991331166434E-04,9.695750777287E-04),.PIECEWISE_BEZIER_KNOTS.);
#3066 = CARTESIAN_POINT('',(-0.443846446852,2.691826470787,
    3.996206429558));
#3067 = CARTESIAN_POINT('',(-0.443845865603,2.693795178896,
    3.996206433677));
#3068 = CARTESIAN_POINT('',(-0.443681257193,2.691826470787,
    3.972894998224));
#3069 = CARTESIAN_POINT('',(-0.443680675944,2.693795178896,
    3.972895002342));
#3070 = ADVANCED_FACE('',(#3071),#3087,.F.);
#3071 = FACE_BOUND('',#3072,.T.);
#3072 = EDGE_LOOP('',(#3073,#3074,#3081,#3086));
#3073 = ORIENTED_EDGE('',*,*,#589,.T.);
#3074 = ORIENTED_EDGE('',*,*,#3075,.F.);
#3075 = EDGE_CURVE('',#3076,#583,#3078,.T.);
#3076 = VERTEX_POINT('',#3077);
#3077 = CARTESIAN_POINT('',(-0.371116914791,2.692804129922,
    3.996721806173));
#3078 = B_SPLINE_CURVE_WITH_KNOTS('',1,(#3079,#3080),.UNSPECIFIED.,.F.,
  .F.,(2,2),(-0.,1.000000000002E-03),.PIECEWISE_BEZIER_KNOTS.);
#3079 = CARTESIAN_POINT('',(-0.371116914791,2.692804129922,
    3.996721806173));
#3080 = CARTESIAN_POINT('',(-0.371116914791,2.691804996849,
    3.996680175629));
#3081 = ORIENTED_EDGE('',*,*,#3082,.F.);
#3082 = EDGE_CURVE('',#3054,#3076,#3083,.T.);
#3083 = B_SPLINE_CURVE_WITH_KNOTS('',1,(#3084,#3085),.UNSPECIFIED.,.F.,
  .F.,(2,2),(-7.273106624597E-02,0.),.PIECEWISE_BEZIER_KNOTS.);
#3084 = CARTESIAN_POINT('',(-0.443846151864,2.69282560386,3.996206431648
    ));
#3085 = CARTESIAN_POINT('',(-0.371116914791,2.692804129922,
    3.996721806173));
#3086 = ORIENTED_EDGE('',*,*,#3053,.T.);
#3087 = B_SPLINE_SURFACE_WITH_KNOTS('',1,1,(
    (#3088,#3089)
    ,(#3090,#3091
    )),.UNSPECIFIED.,.F.,.F.,.F.,(2,2),(2,2),(-1.000000000002E-03,
    3.050742460279E-16),(-7.273106624597E-02,6.139251322845E-23),
  .PIECEWISE_BEZIER_KNOTS.);
#3088 = CARTESIAN_POINT('',(-0.443846151864,2.691826470787,
    3.996164801103));
#3089 = CARTESIAN_POINT('',(-0.371116914791,2.691804996849,
    3.996680175629));
#3090 = CARTESIAN_POINT('',(-0.443846151864,2.69282560386,3.996206431648
    ));
#3091 = CARTESIAN_POINT('',(-0.371116914791,2.692804129922,
    3.996721806173));
#3092 = ADVANCED_FACE('',(#3093),#3109,.F.);
#3093 = FACE_BOUND('',#3094,.T.);
#3094 = EDGE_LOOP('',(#3095,#3096,#3103,#3108));
#3095 = ORIENTED_EDGE('',*,*,#582,.T.);
#3096 = ORIENTED_EDGE('',*,*,#3097,.F.);
#3097 = EDGE_CURVE('',#3098,#576,#3100,.T.);
#3098 = VERTEX_POINT('',#3099);
#3099 = CARTESIAN_POINT('',(-0.371578536502,2.690094513975,
    4.061752588911));
#3100 = B_SPLINE_CURVE_WITH_KNOTS('',1,(#3101,#3102),.UNSPECIFIED.,.F.,
  .F.,(2,2),(-0.,1.000000000002E-03),.PIECEWISE_BEZIER_KNOTS.);
#3101 = CARTESIAN_POINT('',(-0.371578536502,2.690094513975,
    4.061752588911));
#3102 = CARTESIAN_POINT('',(-0.371578536502,2.689095380901,
    4.061710958366));
#3103 = ORIENTED_EDGE('',*,*,#3104,.F.);
#3104 = EDGE_CURVE('',#3076,#3098,#3105,.T.);
#3105 = B_SPLINE_CURVE_WITH_KNOTS('',1,(#3106,#3107),.UNSPECIFIED.,.F.,
  .F.,(2,2),(-6.508884556212E-02,0.),.PIECEWISE_BEZIER_KNOTS.);
#3106 = CARTESIAN_POINT('',(-0.371116914791,2.692804129922,
    3.996721806173));
#3107 = CARTESIAN_POINT('',(-0.371578536502,2.690094513975,
    4.061752588911));
#3108 = ORIENTED_EDGE('',*,*,#3075,.T.);
#3109 = B_SPLINE_SURFACE_WITH_KNOTS('',1,1,(
    (#3110,#3111)
    ,(#3112,#3113
    )),.UNSPECIFIED.,.F.,.F.,.F.,(2,2),(2,2),(0.,6.507405062459E-02),(
    -9.99133116643E-04,2.70961606549E-03),.PIECEWISE_BEZIER_KNOTS.);
#3110 = CARTESIAN_POINT('',(-0.37157883149,2.689095380901,4.06175258682)
  );
#3111 = CARTESIAN_POINT('',(-0.371577736505,2.692804129922,4.06175259458
    ));
#3112 = CARTESIAN_POINT('',(-0.371117714788,2.689095380901,3.99668016996
    ));
#3113 = CARTESIAN_POINT('',(-0.371116619803,2.692804129922,
    3.996680177719));
#3114 = ADVANCED_FACE('',(#3115),#3131,.F.);
#3115 = FACE_BOUND('',#3116,.T.);
#3116 = EDGE_LOOP('',(#3117,#3118,#3125,#3130));
#3117 = ORIENTED_EDGE('',*,*,#575,.T.);
#3118 = ORIENTED_EDGE('',*,*,#3119,.F.);
#3119 = EDGE_CURVE('',#3120,#569,#3122,.T.);
#3120 = VERTEX_POINT('',#3121);
#3121 = CARTESIAN_POINT('',(-0.450078284881,2.690117691707,4.06119632334
    ));
#3122 = B_SPLINE_CURVE_WITH_KNOTS('',1,(#3123,#3124),.UNSPECIFIED.,.F.,
  .F.,(2,2),(-0.,1.000000000002E-03),.PIECEWISE_BEZIER_KNOTS.);
#3123 = CARTESIAN_POINT('',(-0.450078284881,2.690117691707,4.06119632334
    ));
#3124 = CARTESIAN_POINT('',(-0.450078284881,2.689118558634,
    4.061154692795));
#3125 = ORIENTED_EDGE('',*,*,#3126,.F.);
#3126 = EDGE_CURVE('',#3098,#3120,#3127,.T.);
#3127 = B_SPLINE_CURVE_WITH_KNOTS('',1,(#3128,#3129),.UNSPECIFIED.,.F.,
  .F.,(2,2),(-7.850172268189E-02,0.),.PIECEWISE_BEZIER_KNOTS.);
#3128 = CARTESIAN_POINT('',(-0.371578536502,2.690094513975,
    4.061752588911));
#3129 = CARTESIAN_POINT('',(-0.450078284881,2.690117691707,4.06119632334
    ));
#3130 = ORIENTED_EDGE('',*,*,#3097,.T.);
#3131 = B_SPLINE_SURFACE_WITH_KNOTS('',1,1,(
    (#3132,#3133)
    ,(#3134,#3135
    )),.UNSPECIFIED.,.F.,.F.,.F.,(2,2),(2,2),(-1.26351582086E-16,
    1.000000000002E-03),(-3.325344244972E-16,7.850172268189E-02),
  .PIECEWISE_BEZIER_KNOTS.);
#3132 = CARTESIAN_POINT('',(-0.450078284881,2.690117691707,4.06119632334
    ));
#3133 = CARTESIAN_POINT('',(-0.371578536502,2.690094513975,
    4.061752588911));
#3134 = CARTESIAN_POINT('',(-0.450078284881,2.689118558634,
    4.061154692795));
#3135 = CARTESIAN_POINT('',(-0.371578536502,2.689095380901,
    4.061710958366));
#3136 = ADVANCED_FACE('',(#3137),#3153,.F.);
#3137 = FACE_BOUND('',#3138,.T.);
#3138 = EDGE_LOOP('',(#3139,#3140,#3147,#3152));
#3139 = ORIENTED_EDGE('',*,*,#568,.T.);
#3140 = ORIENTED_EDGE('',*,*,#3141,.F.);
#3141 = EDGE_CURVE('',#3142,#562,#3144,.T.);
#3142 = VERTEX_POINT('',#3143);
#3143 = CARTESIAN_POINT('',(-0.450244203227,2.689143788211,
    4.084570007231));
#3144 = B_SPLINE_CURVE_WITH_KNOTS('',1,(#3145,#3146),.UNSPECIFIED.,.F.,
  .F.,(2,2),(-0.,1.000000000002E-03),.PIECEWISE_BEZIER_KNOTS.);
#3145 = CARTESIAN_POINT('',(-0.450244203227,2.689143788211,
    4.084570007231));
#3146 = CARTESIAN_POINT('',(-0.450244203227,2.688144655138,
    4.084528376686));
#3147 = ORIENTED_EDGE('',*,*,#3148,.F.);
#3148 = EDGE_CURVE('',#3120,#3142,#3149,.T.);
#3149 = B_SPLINE_CURVE_WITH_KNOTS('',1,(#3150,#3151),.UNSPECIFIED.,.F.,
  .F.,(2,2),(-2.339455311681E-02,0.),.PIECEWISE_BEZIER_KNOTS.);
#3150 = CARTESIAN_POINT('',(-0.450078284881,2.690117691707,4.06119632334
    ));
#3151 = CARTESIAN_POINT('',(-0.450244203227,2.689143788211,
    4.084570007231));
#3152 = ORIENTED_EDGE('',*,*,#3119,.T.);
#3153 = B_SPLINE_SURFACE_WITH_KNOTS('',1,1,(
    (#3154,#3155)
    ,(#3156,#3157
    )),.UNSPECIFIED.,.F.,.F.,.F.,(2,2),(2,2),(0.,2.341590226755E-02),(
    -9.991331166429E-04,9.739035378918E-04),.PIECEWISE_BEZIER_KNOTS.);
#3154 = CARTESIAN_POINT('',(-0.450244498215,2.688144655138,4.08457000514
    ));
#3155 = CARTESIAN_POINT('',(-0.450243915688,2.690117691707,
    4.084570009268));
#3156 = CARTESIAN_POINT('',(-0.45007857242,2.688144655138,4.061154690758
    ));
#3157 = CARTESIAN_POINT('',(-0.450077989893,2.690117691707,
    4.061154694886));
#3158 = ADVANCED_FACE('',(#3159),#3175,.F.);
#3159 = FACE_BOUND('',#3160,.T.);
#3160 = EDGE_LOOP('',(#3161,#3162,#3169,#3174));
#3161 = ORIENTED_EDGE('',*,*,#561,.T.);
#3162 = ORIENTED_EDGE('',*,*,#3163,.F.);
#3163 = EDGE_CURVE('',#3164,#555,#3166,.T.);
#3164 = VERTEX_POINT('',#3165);
#3165 = CARTESIAN_POINT('',(-0.345491227743,2.689112858986,
    4.085312308638));
#3166 = B_SPLINE_CURVE_WITH_KNOTS('',1,(#3167,#3168),.UNSPECIFIED.,.F.,
  .F.,(2,2),(-0.,1.000000000002E-03),.PIECEWISE_BEZIER_KNOTS.);
#3167 = CARTESIAN_POINT('',(-0.345491227743,2.689112858986,
    4.085312308638));
#3168 = CARTESIAN_POINT('',(-0.345491227743,2.688113725913,
    4.085270678093));
#3169 = ORIENTED_EDGE('',*,*,#3170,.F.);
#3170 = EDGE_CURVE('',#3142,#3164,#3171,.T.);
#3171 = B_SPLINE_CURVE_WITH_KNOTS('',1,(#3172,#3173),.UNSPECIFIED.,.F.,
  .F.,(2,2),(-0.104755610069,0.),.PIECEWISE_BEZIER_KNOTS.);
#3172 = CARTESIAN_POINT('',(-0.450244203227,2.689143788211,
    4.084570007231));
#3173 = CARTESIAN_POINT('',(-0.345491227743,2.689112858986,
    4.085312308638));
#3174 = ORIENTED_EDGE('',*,*,#3141,.T.);
#3175 = B_SPLINE_SURFACE_WITH_KNOTS('',1,1,(
    (#3176,#3177)
    ,(#3178,#3179
    )),.UNSPECIFIED.,.F.,.F.,.F.,(2,2),(2,2),(-1.000000000002E-03,
    4.067833149147E-16),(-0.104755610069,0.),.PIECEWISE_BEZIER_KNOTS.);
#3176 = CARTESIAN_POINT('',(-0.450244203227,2.688144655138,
    4.084528376686));
#3177 = CARTESIAN_POINT('',(-0.345491227743,2.688113725913,
    4.085270678093));
#3178 = CARTESIAN_POINT('',(-0.450244203227,2.689143788211,
    4.084570007231));
#3179 = CARTESIAN_POINT('',(-0.345491227743,2.689112858986,
    4.085312308638));
#3180 = ADVANCED_FACE('',(#3181),#3197,.F.);
#3181 = FACE_BOUND('',#3182,.T.);
#3182 = EDGE_LOOP('',(#3183,#3184,#3191,#3196));
#3183 = ORIENTED_EDGE('',*,*,#554,.T.);
#3184 = ORIENTED_EDGE('',*,*,#3185,.F.);
#3185 = EDGE_CURVE('',#3186,#548,#3188,.T.);
#3186 = VERTEX_POINT('',#3187);
#3187 = CARTESIAN_POINT('',(-0.344048844247,2.697579326706,
    3.882117083346));
#3188 = B_SPLINE_CURVE_WITH_KNOTS('',1,(#3189,#3190),.UNSPECIFIED.,.F.,
  .F.,(2,2),(-0.,1.000000000002E-03),.PIECEWISE_BEZIER_KNOTS.);
#3189 = CARTESIAN_POINT('',(-0.344048844247,2.697579326706,
    3.882117083346));
#3190 = CARTESIAN_POINT('',(-0.344048844247,2.696580193633,
    3.882075452801));
#3191 = ORIENTED_EDGE('',*,*,#3192,.F.);
#3192 = EDGE_CURVE('',#3164,#3186,#3193,.T.);
#3193 = B_SPLINE_CURVE_WITH_KNOTS('',1,(#3194,#3195),.UNSPECIFIED.,.F.,
  .F.,(2,2),(-0.203376648431,0.),.PIECEWISE_BEZIER_KNOTS.);
#3194 = CARTESIAN_POINT('',(-0.345491227743,2.689112858986,
    4.085312308638));
#3195 = CARTESIAN_POINT('',(-0.344048844247,2.697579326706,
    3.882117083346));
#3196 = ORIENTED_EDGE('',*,*,#3163,.T.);
#3197 = B_SPLINE_SURFACE_WITH_KNOTS('',1,1,(
    (#3198,#3199)
    ,(#3200,#3201
    )),.UNSPECIFIED.,.F.,.F.,.F.,(2,2),(2,2),(-4.162949952655E-05,
    0.203200344599),(-9.465601206156E-03,0.),.PIECEWISE_BEZIER_KNOTS.);
#3198 = CARTESIAN_POINT('',(-0.34405134392,2.688113725913,3.882075435088
    ));
#3199 = CARTESIAN_POINT('',(-0.344048549259,2.697579326706,
    3.882075454892));
#3200 = CARTESIAN_POINT('',(-0.345491522731,2.688113725913,
    4.085312306547));
#3201 = CARTESIAN_POINT('',(-0.34548872807,2.697579326706,4.085312326351
    ));
#3202 = ADVANCED_FACE('',(#3203),#3213,.F.);
#3203 = FACE_BOUND('',#3204,.T.);
#3204 = EDGE_LOOP('',(#3205,#3206,#3207,#3212));
#3205 = ORIENTED_EDGE('',*,*,#547,.T.);
#3206 = ORIENTED_EDGE('',*,*,#2973,.F.);
#3207 = ORIENTED_EDGE('',*,*,#3208,.F.);
#3208 = EDGE_CURVE('',#3186,#2967,#3209,.T.);
#3209 = B_SPLINE_CURVE_WITH_KNOTS('',1,(#3210,#3211),.UNSPECIFIED.,.F.,
  .F.,(2,2),(-0.109382532796,0.),.PIECEWISE_BEZIER_KNOTS.);
#3210 = CARTESIAN_POINT('',(-0.344048844247,2.697579326706,
    3.882117083346));
#3211 = CARTESIAN_POINT('',(-0.453428626093,2.697611622036,
    3.881341995425));
#3212 = ORIENTED_EDGE('',*,*,#3185,.T.);
#3213 = B_SPLINE_SURFACE_WITH_KNOTS('',1,1,(
    (#3214,#3215)
    ,(#3216,#3217
    )),.UNSPECIFIED.,.F.,.F.,.F.,(2,2),(2,2),(-2.76723836003E-17,
    1.000000000002E-03),(-5.330523852165E-22,0.109382532796),
  .PIECEWISE_BEZIER_KNOTS.);
#3214 = CARTESIAN_POINT('',(-0.453428626093,2.697611622036,
    3.881341995425));
#3215 = CARTESIAN_POINT('',(-0.344048844247,2.697579326706,
    3.882117083346));
#3216 = CARTESIAN_POINT('',(-0.453428626093,2.696612488963,
    3.881300364881));
#3217 = CARTESIAN_POINT('',(-0.344048844247,2.696580193633,
    3.882075452801));
#3218 = ADVANCED_FACE('',(#3219),#3233,.F.);
#3219 = FACE_BOUND('',#3220,.T.);
#3220 = EDGE_LOOP('',(#3221,#3222,#3223,#3224,#3225,#3226,#3227,#3228,
    #3229,#3230,#3231,#3232));
#3221 = ORIENTED_EDGE('',*,*,#2966,.T.);
#3222 = ORIENTED_EDGE('',*,*,#2994,.T.);
#3223 = ORIENTED_EDGE('',*,*,#3016,.T.);
#3224 = ORIENTED_EDGE('',*,*,#3038,.T.);
#3225 = ORIENTED_EDGE('',*,*,#3060,.T.);
#3226 = ORIENTED_EDGE('',*,*,#3082,.T.);
#3227 = ORIENTED_EDGE('',*,*,#3104,.T.);
#3228 = ORIENTED_EDGE('',*,*,#3126,.T.);
#3229 = ORIENTED_EDGE('',*,*,#3148,.T.);
#3230 = ORIENTED_EDGE('',*,*,#3170,.T.);
#3231 = ORIENTED_EDGE('',*,*,#3192,.T.);
#3232 = ORIENTED_EDGE('',*,*,#3208,.T.);
#3233 = B_SPLINE_SURFACE_WITH_KNOTS('',1,1,(
    (#3234,#3235)
    ,(#3236,#3237
    )),.UNSPECIFIED.,.F.,.F.,.F.,(2,2),(2,2),(-1.372075318406,
    -1.167928024411),(-0.45359306961,-0.344048844247),
  .PIECEWISE_BEZIER_KNOTS.);
#3234 = CARTESIAN_POINT('',(-0.45359306961,2.689112858986,4.085312308638
    ));
#3235 = CARTESIAN_POINT('',(-0.344048844247,2.689112858986,
    4.085312308638));
#3236 = CARTESIAN_POINT('',(-0.45359306961,2.697611622036,3.881341995425
    ));
#3237 = CARTESIAN_POINT('',(-0.344048844247,2.697611622036,
    3.881341995425));
#3238 = ADVANCED_FACE('',(#3239,#3298),#3357,.T.);
#3239 = FACE_BOUND('',#3240,.T.);
#3240 = EDGE_LOOP('',(#3241,#3250,#3259,#3268,#3277,#3286,#3293));
#3241 = ORIENTED_EDGE('',*,*,#3242,.T.);
#3242 = EDGE_CURVE('',#3243,#3245,#3247,.T.);
#3243 = VERTEX_POINT('',#3244);
#3244 = CARTESIAN_POINT('',(-0.491846714869,2.697622965311,
    3.881069756845));
#3245 = VERTEX_POINT('',#3246);
#3246 = CARTESIAN_POINT('',(-0.547784283912,2.697639481363,
    3.880673371577));
#3247 = B_SPLINE_CURVE_WITH_KNOTS('',1,(#3248,#3249),.UNSPECIFIED.,.F.,
  .F.,(2,2),(-5.593897589787E-02,-1.44229685982E-18),
  .PIECEWISE_BEZIER_KNOTS.);
#3248 = CARTESIAN_POINT('',(-0.491846714869,2.697622965311,
    3.881069756845));
#3249 = CARTESIAN_POINT('',(-0.547784283912,2.697639481363,
    3.880673371577));
#3250 = ORIENTED_EDGE('',*,*,#3251,.T.);
#3251 = EDGE_CURVE('',#3245,#3252,#3254,.T.);
#3252 = VERTEX_POINT('',#3253);
#3253 = CARTESIAN_POINT('',(-0.626953963261,2.696476799206,
    3.908577743343));
#3254 = B_SPLINE_CURVE_WITH_KNOTS('',3,(#3255,#3256,#3257,#3258),
  .UNSPECIFIED.,.F.,.F.,(4,4),(5.,6.),.PIECEWISE_BEZIER_KNOTS.);
#3255 = CARTESIAN_POINT('',(-0.547784283912,2.697639481363,
    3.880673371577));
#3256 = CARTESIAN_POINT('',(-0.579963982088,2.697648982699,
    3.880445339532));
#3257 = CARTESIAN_POINT('',(-0.606388287125,2.697262875033,
    3.889711923516));
#3258 = CARTESIAN_POINT('',(-0.626953963261,2.696476799206,
    3.908577743343));
#3259 = ORIENTED_EDGE('',*,*,#3260,.T.);
#3260 = EDGE_CURVE('',#3252,#3261,#3263,.T.);
#3261 = VERTEX_POINT('',#3262);
#3262 = CARTESIAN_POINT('',(-0.65816362582,2.693330408081,3.984091130352
    ));
#3263 = B_SPLINE_CURVE_WITH_KNOTS('',3,(#3264,#3265,#3266,#3267),
  .UNSPECIFIED.,.F.,.F.,(4,4),(4.,5.),.PIECEWISE_BEZIER_KNOTS.);
#3264 = CARTESIAN_POINT('',(-0.626953963261,2.696476799206,
    3.908577743343));
#3265 = CARTESIAN_POINT('',(-0.647519639397,2.69569072338,3.927443563171
    ));
#3266 = CARTESIAN_POINT('',(-0.657940189112,2.694641931455,
    3.952614569378));
#3267 = CARTESIAN_POINT('',(-0.65816362582,2.693330408081,3.984091130352
    ));
#3268 = ORIENTED_EDGE('',*,*,#3269,.T.);
#3269 = EDGE_CURVE('',#3261,#3270,#3272,.T.);
#3270 = VERTEX_POINT('',#3271);
#3271 = CARTESIAN_POINT('',(-0.628003304628,2.690317400655,
    4.056403308574));
#3272 = B_SPLINE_CURVE_WITH_KNOTS('',3,(#3273,#3274,#3275,#3276),
  .UNSPECIFIED.,.F.,.F.,(4,4),(3.,4.),.PIECEWISE_BEZIER_KNOTS.);
#3273 = CARTESIAN_POINT('',(-0.65816362582,2.693330408081,3.984091130352
    ));
#3274 = CARTESIAN_POINT('',(-0.658377476133,2.692075154687,4.01421721181
    ));
#3275 = CARTESIAN_POINT('',(-0.648306461069,2.691072256582,
    4.038286766334));
#3276 = CARTESIAN_POINT('',(-0.628003304628,2.690317400655,
    4.056403308574));
#3277 = ORIENTED_EDGE('',*,*,#3278,.T.);
#3278 = EDGE_CURVE('',#3270,#3279,#3281,.T.);
#3279 = VERTEX_POINT('',#3280);
#3280 = CARTESIAN_POINT('',(-0.551306130941,2.689173627623,
    4.083853861357));
#3281 = B_SPLINE_CURVE_WITH_KNOTS('',3,(#3282,#3283,#3284,#3285),
  .UNSPECIFIED.,.F.,.F.,(4,4),(2.,3.),.PIECEWISE_BEZIER_KNOTS.);
#3282 = CARTESIAN_POINT('',(-0.628003304628,2.690317400655,
    4.056403308574));
#3283 = CARTESIAN_POINT('',(-0.607700148188,2.689562544729,
    4.074519850814));
#3284 = CARTESIAN_POINT('',(-0.582134177821,2.689182729871,
    4.083635407395));
#3285 = CARTESIAN_POINT('',(-0.551306130941,2.689173627623,
    4.083853861357));
#3286 = ORIENTED_EDGE('',*,*,#3287,.T.);
#3287 = EDGE_CURVE('',#3279,#3288,#3290,.T.);
#3288 = VERTEX_POINT('',#3289);
#3289 = CARTESIAN_POINT('',(-0.493289098365,2.68915649759,4.084264982136
    ));
#3290 = B_SPLINE_CURVE_WITH_KNOTS('',1,(#3291,#3292),.UNSPECIFIED.,.F.,
  .F.,(2,2),(-5.801849173091E-02,0.),.PIECEWISE_BEZIER_KNOTS.);
#3291 = CARTESIAN_POINT('',(-0.551306130941,2.689173627623,
    4.083853861357));
#3292 = CARTESIAN_POINT('',(-0.493289098365,2.68915649759,4.084264982136
    ));
#3293 = ORIENTED_EDGE('',*,*,#3294,.T.);
#3294 = EDGE_CURVE('',#3288,#3243,#3295,.T.);
#3295 = B_SPLINE_CURVE_WITH_KNOTS('',1,(#3296,#3297),.UNSPECIFIED.,.F.,
  .F.,(2,2),(-0.203376648431,0.),.PIECEWISE_BEZIER_KNOTS.);
#3296 = CARTESIAN_POINT('',(-0.493289098365,2.68915649759,4.084264982136
    ));
#3297 = CARTESIAN_POINT('',(-0.491846714869,2.697622965311,
    3.881069756845));
#3298 = FACE_BOUND('',#3299,.T.);
#3299 = EDGE_LOOP('',(#3300,#3309,#3316,#3325,#3334,#3343,#3352));
#3300 = ORIENTED_EDGE('',*,*,#3301,.F.);
#3301 = EDGE_CURVE('',#3302,#3304,#3306,.T.);
#3302 = VERTEX_POINT('',#3303);
#3303 = CARTESIAN_POINT('',(-0.519376407125,2.690138152579,
    4.060705262409));
#3304 = VERTEX_POINT('',#3305);
#3305 = CARTESIAN_POINT('',(-0.518264385494,2.696665470228,3.90404963882
    ));
#3306 = B_SPLINE_CURVE_WITH_KNOTS('',1,(#3307,#3308),.UNSPECIFIED.,.F.,
  .F.,(2,2),(0.,0.156795493781),.PIECEWISE_BEZIER_KNOTS.);
#3307 = CARTESIAN_POINT('',(-0.519376407125,2.690138152579,
    4.060705262409));
#3308 = CARTESIAN_POINT('',(-0.518264385494,2.696665470228,3.90404963882
    ));
#3309 = ORIENTED_EDGE('',*,*,#3310,.F.);
#3310 = EDGE_CURVE('',#3311,#3302,#3313,.T.);
#3311 = VERTEX_POINT('',#3312);
#3312 = CARTESIAN_POINT('',(-0.550100480826,2.690147224128,
    4.060487545222));
#3313 = B_SPLINE_CURVE_WITH_KNOTS('',1,(#3314,#3315),.UNSPECIFIED.,.F.,
  .F.,(2,2),(-1.110195102722E-16,3.072484642542E-02),
  .PIECEWISE_BEZIER_KNOTS.);
#3314 = CARTESIAN_POINT('',(-0.550100480826,2.690147224128,
    4.060487545222));
#3315 = CARTESIAN_POINT('',(-0.519376407125,2.690138152579,
    4.060705262409));
#3316 = ORIENTED_EDGE('',*,*,#3317,.F.);
#3317 = EDGE_CURVE('',#3318,#3311,#3320,.T.);
#3318 = VERTEX_POINT('',#3319);
#3319 = CARTESIAN_POINT('',(-0.608657654715,2.69096099034,4.040957156131
    ));
#3320 = B_SPLINE_CURVE_WITH_KNOTS('',3,(#3321,#3322,#3323,#3324),
  .UNSPECIFIED.,.F.,.F.,(4,4),(5.,6.),.PIECEWISE_BEZIER_KNOTS.);
#3321 = CARTESIAN_POINT('',(-0.608657654715,2.69096099034,4.040957156131
    ));
#3322 = CARTESIAN_POINT('',(-0.593880192481,2.690424199808,
    4.053840128901));
#3323 = CARTESIAN_POINT('',(-0.574326230988,2.690154376991,4.06031587651
    ));
#3324 = CARTESIAN_POINT('',(-0.550100480826,2.690147224128,
    4.060487545222));
#3325 = ORIENTED_EDGE('',*,*,#3326,.F.);
#3326 = EDGE_CURVE('',#3327,#3318,#3329,.T.);
#3327 = VERTEX_POINT('',#3328);
#3328 = CARTESIAN_POINT('',(-0.630553585513,2.693352556721,
    3.983559562994));
#3329 = B_SPLINE_CURVE_WITH_KNOTS('',3,(#3330,#3331,#3332,#3333),
  .UNSPECIFIED.,.F.,.F.,(4,4),(4.,5.),.PIECEWISE_BEZIER_KNOTS.);
#3330 = CARTESIAN_POINT('',(-0.630553585513,2.693352556721,
    3.983559562994));
#3331 = CARTESIAN_POINT('',(-0.630733514743,2.692296412486,
    4.008907024636));
#3332 = CARTESIAN_POINT('',(-0.623435116947,2.691497780872,
    4.028074183361));
#3333 = CARTESIAN_POINT('',(-0.608657654715,2.69096099034,4.040957156131
    ));
#3334 = ORIENTED_EDGE('',*,*,#3335,.F.);
#3335 = EDGE_CURVE('',#3336,#3327,#3338,.T.);
#3336 = VERTEX_POINT('',#3337);
#3337 = CARTESIAN_POINT('',(-0.608403602527,2.695809034362,
    3.924604099607));
#3338 = B_SPLINE_CURVE_WITH_KNOTS('',3,(#3339,#3340,#3341,#3342),
  .UNSPECIFIED.,.F.,.F.,(4,4),(3.,4.),.PIECEWISE_BEZIER_KNOTS.);
#3339 = CARTESIAN_POINT('',(-0.608403602527,2.695809034362,
    3.924604099607));
#3340 = CARTESIAN_POINT('',(-0.62300741168,2.695228974773,3.938525529748
    ));
#3341 = CARTESIAN_POINT('',(-0.630373656284,2.694408700956,
    3.958212101352));
#3342 = CARTESIAN_POINT('',(-0.630553585513,2.693352556721,
    3.983559562994));
#3343 = ORIENTED_EDGE('',*,*,#3344,.F.);
#3344 = EDGE_CURVE('',#3345,#3336,#3347,.T.);
#3345 = VERTEX_POINT('',#3346);
#3346 = CARTESIAN_POINT('',(-0.547792767665,2.696674188739,
    3.903840394552));
#3347 = B_SPLINE_CURVE_WITH_KNOTS('',3,(#3348,#3349,#3350,#3351),
  .UNSPECIFIED.,.F.,.F.,(4,4),(2.,3.),.PIECEWISE_BEZIER_KNOTS.);
#3348 = CARTESIAN_POINT('',(-0.547792767665,2.696674188739,
    3.903840394552));
#3349 = CARTESIAN_POINT('',(-0.573630102064,2.696681817437,
    3.903657305818));
#3350 = CARTESIAN_POINT('',(-0.593851042548,2.696393437761,
    3.910578418041));
#3351 = CARTESIAN_POINT('',(-0.608403602527,2.695809034362,
    3.924604099607));
#3352 = ORIENTED_EDGE('',*,*,#3353,.F.);
#3353 = EDGE_CURVE('',#3304,#3345,#3354,.T.);
#3354 = B_SPLINE_CURVE_WITH_KNOTS('',1,(#3355,#3356),.UNSPECIFIED.,.F.,
  .F.,(2,2),(0.,2.952912482302E-02),.PIECEWISE_BEZIER_KNOTS.);
#3355 = CARTESIAN_POINT('',(-0.518264385494,2.696665470228,3.90404963882
    ));
#3356 = CARTESIAN_POINT('',(-0.547792767665,2.696674188739,
    3.903840394552));
#3357 = B_SPLINE_SURFACE_WITH_KNOTS('',1,1,(
    (#3358,#3359)
    ,(#3360,#3361
    )),.UNSPECIFIED.,.F.,.F.,.F.,(2,2),(2,2),(-0.196565436403,
    7.431056249498E-03),(-6.477592443392E-02,0.10175483683),
  .PIECEWISE_BEZIER_KNOTS.);
#3358 = CARTESIAN_POINT('',(-0.658377476133,2.697648982699,
    3.880445339532));
#3359 = CARTESIAN_POINT('',(-0.491846714869,2.697648982699,
    3.880445339532));
#3360 = CARTESIAN_POINT('',(-0.658377476133,2.68915649759,4.084264982136
    ));
#3361 = CARTESIAN_POINT('',(-0.491846714869,2.68915649759,4.084264982136
    ));
#3362 = ADVANCED_FACE('',(#3363),#3377,.F.);
#3363 = FACE_BOUND('',#3364,.T.);
#3364 = EDGE_LOOP('',(#3365,#3366,#3371,#3372));
#3365 = ORIENTED_EDGE('',*,*,#624,.T.);
#3366 = ORIENTED_EDGE('',*,*,#3367,.F.);
#3367 = EDGE_CURVE('',#3245,#627,#3368,.T.);
#3368 = B_SPLINE_CURVE_WITH_KNOTS('',1,(#3369,#3370),.UNSPECIFIED.,.F.,
  .F.,(2,2),(-0.,1.000000000002E-03),.PIECEWISE_BEZIER_KNOTS.);
#3369 = CARTESIAN_POINT('',(-0.547784283912,2.697639481363,
    3.880673371577));
#3370 = CARTESIAN_POINT('',(-0.547784283912,2.69664034829,3.880631741032
    ));
#3371 = ORIENTED_EDGE('',*,*,#3242,.F.);
#3372 = ORIENTED_EDGE('',*,*,#3373,.T.);
#3373 = EDGE_CURVE('',#3243,#625,#3374,.T.);
#3374 = B_SPLINE_CURVE_WITH_KNOTS('',1,(#3375,#3376),.UNSPECIFIED.,.F.,
  .F.,(2,2),(-0.,9.999999999999E-04),.PIECEWISE_BEZIER_KNOTS.);
#3375 = CARTESIAN_POINT('',(-0.491846714869,2.697622965311,
    3.881069756845));
#3376 = CARTESIAN_POINT('',(-0.491846714869,2.696623832238,3.8810281263)
  );
#3377 = B_SPLINE_SURFACE_WITH_KNOTS('',1,1,(
    (#3378,#3379)
    ,(#3380,#3381
    )),.UNSPECIFIED.,.F.,.F.,.F.,(2,2),(2,2),(-4.437042169646E-16,
    1.000000000002E-03),(-1.311235998513E-19,5.593897589787E-02),
  .PIECEWISE_BEZIER_KNOTS.);
#3378 = CARTESIAN_POINT('',(-0.547784283912,2.697639481363,
    3.880673371577));
#3379 = CARTESIAN_POINT('',(-0.491846714869,2.697622965311,
    3.881069756845));
#3380 = CARTESIAN_POINT('',(-0.547784283912,2.69664034829,3.880631741032
    ));
#3381 = CARTESIAN_POINT('',(-0.491846714869,2.696623832238,3.8810281263)
  );
#3382 = ADVANCED_FACE('',(#3383),#3393,.F.);
#3383 = FACE_BOUND('',#3384,.F.);
#3384 = EDGE_LOOP('',(#3385,#3386,#3387,#3392));
#3385 = ORIENTED_EDGE('',*,*,#3367,.F.);
#3386 = ORIENTED_EDGE('',*,*,#3251,.T.);
#3387 = ORIENTED_EDGE('',*,*,#3388,.T.);
#3388 = EDGE_CURVE('',#3252,#666,#3389,.T.);
#3389 = B_SPLINE_CURVE_WITH_KNOTS('',1,(#3390,#3391),.UNSPECIFIED.,.F.,
  .F.,(2,2),(-0.,1.000000000002E-03),.PIECEWISE_BEZIER_KNOTS.);
#3390 = CARTESIAN_POINT('',(-0.626953963261,2.696476799206,
    3.908577743343));
#3391 = CARTESIAN_POINT('',(-0.626953963261,2.695477666133,
    3.908536112798));
#3392 = ORIENTED_EDGE('',*,*,#674,.F.);
#3393 = B_SPLINE_SURFACE_WITH_KNOTS('',3,1,(
    (#3394,#3395)
    ,(#3396,#3397)
    ,(#3398,#3399)
    ,(#3400,#3401
    )),.UNSPECIFIED.,.F.,.F.,.F.,(4,4),(2,2),(5.,6.),(0.,1.),
  .PIECEWISE_BEZIER_KNOTS.);
#3394 = CARTESIAN_POINT('',(-0.547784283912,2.697639481363,
    3.880673371577));
#3395 = CARTESIAN_POINT('',(-0.547784283912,2.69664034829,3.880631741032
    ));
#3396 = CARTESIAN_POINT('',(-0.579963982088,2.697648982699,
    3.880445339532));
#3397 = CARTESIAN_POINT('',(-0.579963982088,2.696649849626,
    3.880403708987));
#3398 = CARTESIAN_POINT('',(-0.606388287125,2.697262875033,
    3.889711923516));
#3399 = CARTESIAN_POINT('',(-0.606388287125,2.69626374196,3.889670292971
    ));
#3400 = CARTESIAN_POINT('',(-0.626953963261,2.696476799206,
    3.908577743343));
#3401 = CARTESIAN_POINT('',(-0.626953963261,2.695477666133,
    3.908536112798));
#3402 = ADVANCED_FACE('',(#3403),#3413,.F.);
#3403 = FACE_BOUND('',#3404,.F.);
#3404 = EDGE_LOOP('',(#3405,#3406,#3407,#3412));
#3405 = ORIENTED_EDGE('',*,*,#3388,.F.);
#3406 = ORIENTED_EDGE('',*,*,#3260,.T.);
#3407 = ORIENTED_EDGE('',*,*,#3408,.T.);
#3408 = EDGE_CURVE('',#3261,#657,#3409,.T.);
#3409 = B_SPLINE_CURVE_WITH_KNOTS('',1,(#3410,#3411),.UNSPECIFIED.,.F.,
  .F.,(2,2),(-0.,1.000000000002E-03),.PIECEWISE_BEZIER_KNOTS.);
#3410 = CARTESIAN_POINT('',(-0.65816362582,2.693330408081,3.984091130352
    ));
#3411 = CARTESIAN_POINT('',(-0.65816362582,2.692331275008,3.984049499807
    ));
#3412 = ORIENTED_EDGE('',*,*,#665,.F.);
#3413 = B_SPLINE_SURFACE_WITH_KNOTS('',3,1,(
    (#3414,#3415)
    ,(#3416,#3417)
    ,(#3418,#3419)
    ,(#3420,#3421
    )),.UNSPECIFIED.,.F.,.F.,.F.,(4,4),(2,2),(4.,5.),(0.,1.),
  .PIECEWISE_BEZIER_KNOTS.);
#3414 = CARTESIAN_POINT('',(-0.626953963261,2.696476799206,
    3.908577743343));
#3415 = CARTESIAN_POINT('',(-0.626953963261,2.695477666133,
    3.908536112798));
#3416 = CARTESIAN_POINT('',(-0.647519639397,2.69569072338,3.927443563171
    ));
#3417 = CARTESIAN_POINT('',(-0.647519639397,2.694691590307,
    3.927401932627));
#3418 = CARTESIAN_POINT('',(-0.657940189112,2.694641931455,
    3.952614569378));
#3419 = CARTESIAN_POINT('',(-0.657940189112,2.693642798382,
    3.952572938834));
#3420 = CARTESIAN_POINT('',(-0.65816362582,2.693330408081,3.984091130352
    ));
#3421 = CARTESIAN_POINT('',(-0.65816362582,2.692331275008,3.984049499807
    ));
#3422 = ADVANCED_FACE('',(#3423),#3433,.F.);
#3423 = FACE_BOUND('',#3424,.F.);
#3424 = EDGE_LOOP('',(#3425,#3426,#3427,#3432));
#3425 = ORIENTED_EDGE('',*,*,#3408,.F.);
#3426 = ORIENTED_EDGE('',*,*,#3269,.T.);
#3427 = ORIENTED_EDGE('',*,*,#3428,.T.);
#3428 = EDGE_CURVE('',#3270,#648,#3429,.T.);
#3429 = B_SPLINE_CURVE_WITH_KNOTS('',1,(#3430,#3431),.UNSPECIFIED.,.F.,
  .F.,(2,2),(-0.,1.000000000002E-03),.PIECEWISE_BEZIER_KNOTS.);
#3430 = CARTESIAN_POINT('',(-0.628003304628,2.690317400655,
    4.056403308574));
#3431 = CARTESIAN_POINT('',(-0.628003304628,2.689318267582,
    4.056361678029));
#3432 = ORIENTED_EDGE('',*,*,#656,.F.);
#3433 = B_SPLINE_SURFACE_WITH_KNOTS('',3,1,(
    (#3434,#3435)
    ,(#3436,#3437)
    ,(#3438,#3439)
    ,(#3440,#3441
    )),.UNSPECIFIED.,.F.,.F.,.F.,(4,4),(2,2),(3.,4.),(0.,1.),
  .PIECEWISE_BEZIER_KNOTS.);
#3434 = CARTESIAN_POINT('',(-0.65816362582,2.693330408081,3.984091130352
    ));
#3435 = CARTESIAN_POINT('',(-0.65816362582,2.692331275008,3.984049499807
    ));
#3436 = CARTESIAN_POINT('',(-0.658377476133,2.692075154687,4.01421721181
    ));
#3437 = CARTESIAN_POINT('',(-0.658377476133,2.691076021614,
    4.014175581265));
#3438 = CARTESIAN_POINT('',(-0.648306461069,2.691072256582,
    4.038286766334));
#3439 = CARTESIAN_POINT('',(-0.648306461069,2.690073123509,
    4.038245135789));
#3440 = CARTESIAN_POINT('',(-0.628003304628,2.690317400655,
    4.056403308574));
#3441 = CARTESIAN_POINT('',(-0.628003304628,2.689318267582,
    4.056361678029));
#3442 = ADVANCED_FACE('',(#3443),#3453,.F.);
#3443 = FACE_BOUND('',#3444,.F.);
#3444 = EDGE_LOOP('',(#3445,#3446,#3447,#3452));
#3445 = ORIENTED_EDGE('',*,*,#3428,.F.);
#3446 = ORIENTED_EDGE('',*,*,#3278,.T.);
#3447 = ORIENTED_EDGE('',*,*,#3448,.T.);
#3448 = EDGE_CURVE('',#3279,#641,#3449,.T.);
#3449 = B_SPLINE_CURVE_WITH_KNOTS('',1,(#3450,#3451),.UNSPECIFIED.,.F.,
  .F.,(2,2),(-0.,1.000000000002E-03),.PIECEWISE_BEZIER_KNOTS.);
#3450 = CARTESIAN_POINT('',(-0.551306130941,2.689173627623,
    4.083853861357));
#3451 = CARTESIAN_POINT('',(-0.551306130941,2.688174494549,
    4.083812230812));
#3452 = ORIENTED_EDGE('',*,*,#647,.F.);
#3453 = B_SPLINE_SURFACE_WITH_KNOTS('',3,1,(
    (#3454,#3455)
    ,(#3456,#3457)
    ,(#3458,#3459)
    ,(#3460,#3461
    )),.UNSPECIFIED.,.F.,.F.,.F.,(4,4),(2,2),(2.,3.),(0.,1.),
  .PIECEWISE_BEZIER_KNOTS.);
#3454 = CARTESIAN_POINT('',(-0.628003304628,2.690317400655,
    4.056403308574));
#3455 = CARTESIAN_POINT('',(-0.628003304628,2.689318267582,
    4.056361678029));
#3456 = CARTESIAN_POINT('',(-0.607700148188,2.689562544729,
    4.074519850814));
#3457 = CARTESIAN_POINT('',(-0.607700148188,2.688563411655,
    4.074478220269));
#3458 = CARTESIAN_POINT('',(-0.582134177821,2.689182729871,
    4.083635407395));
#3459 = CARTESIAN_POINT('',(-0.582134177821,2.688183596798,4.08359377685
    ));
#3460 = CARTESIAN_POINT('',(-0.551306130941,2.689173627623,
    4.083853861357));
#3461 = CARTESIAN_POINT('',(-0.551306130941,2.688174494549,
    4.083812230812));
#3462 = ADVANCED_FACE('',(#3463),#3473,.F.);
#3463 = FACE_BOUND('',#3464,.T.);
#3464 = EDGE_LOOP('',(#3465,#3466,#3471,#3472));
#3465 = ORIENTED_EDGE('',*,*,#640,.T.);
#3466 = ORIENTED_EDGE('',*,*,#3467,.F.);
#3467 = EDGE_CURVE('',#3288,#634,#3468,.T.);
#3468 = B_SPLINE_CURVE_WITH_KNOTS('',1,(#3469,#3470),.UNSPECIFIED.,.F.,
  .F.,(2,2),(-0.,1.000000000002E-03),.PIECEWISE_BEZIER_KNOTS.);
#3469 = CARTESIAN_POINT('',(-0.493289098365,2.68915649759,4.084264982136
    ));
#3470 = CARTESIAN_POINT('',(-0.493289098365,2.688157364517,
    4.084223351592));
#3471 = ORIENTED_EDGE('',*,*,#3287,.F.);
#3472 = ORIENTED_EDGE('',*,*,#3448,.T.);
#3473 = B_SPLINE_SURFACE_WITH_KNOTS('',1,1,(
    (#3474,#3475)
    ,(#3476,#3477
    )),.UNSPECIFIED.,.F.,.F.,.F.,(2,2),(2,2),(-1.000000000002E-03,
    4.62438076616E-17),(-5.801849173091E-02,0.),
  .PIECEWISE_BEZIER_KNOTS.);
#3474 = CARTESIAN_POINT('',(-0.551306130941,2.688174494549,
    4.083812230812));
#3475 = CARTESIAN_POINT('',(-0.493289098365,2.688157364517,
    4.084223351592));
#3476 = CARTESIAN_POINT('',(-0.551306130941,2.689173627623,
    4.083853861357));
#3477 = CARTESIAN_POINT('',(-0.493289098365,2.68915649759,4.084264982136
    ));
#3478 = ADVANCED_FACE('',(#3479),#3485,.F.);
#3479 = FACE_BOUND('',#3480,.T.);
#3480 = EDGE_LOOP('',(#3481,#3482,#3483,#3484));
#3481 = ORIENTED_EDGE('',*,*,#633,.T.);
#3482 = ORIENTED_EDGE('',*,*,#3373,.F.);
#3483 = ORIENTED_EDGE('',*,*,#3294,.F.);
#3484 = ORIENTED_EDGE('',*,*,#3467,.T.);
#3485 = B_SPLINE_SURFACE_WITH_KNOTS('',1,1,(
    (#3486,#3487)
    ,(#3488,#3489
    )),.UNSPECIFIED.,.F.,.F.,.F.,(2,2),(2,2),(-4.16294995262E-05,
    0.203200344599),(-9.465601206156E-03,0.),.PIECEWISE_BEZIER_KNOTS.);
#3486 = CARTESIAN_POINT('',(-0.491849214542,2.688157364517,
    3.881028108587));
#3487 = CARTESIAN_POINT('',(-0.491846419881,2.697622965311,3.88102812839
    ));
#3488 = CARTESIAN_POINT('',(-0.493289393353,2.688157364517,
    4.084264980046));
#3489 = CARTESIAN_POINT('',(-0.493286598692,2.697622965311,4.08426499985
    ));
#3490 = ADVANCED_FACE('',(#3491),#3513,.T.);
#3491 = FACE_BOUND('',#3492,.T.);
#3492 = EDGE_LOOP('',(#3493,#3502,#3507,#3508));
#3493 = ORIENTED_EDGE('',*,*,#3494,.F.);
#3494 = EDGE_CURVE('',#3495,#3497,#3499,.T.);
#3495 = VERTEX_POINT('',#3496);
#3496 = CARTESIAN_POINT('',(-0.550100480826,2.689148091055,
    4.060445914678));
#3497 = VERTEX_POINT('',#3498);
#3498 = CARTESIAN_POINT('',(-0.519376407125,2.689139019506,
    4.060663631865));
#3499 = B_SPLINE_CURVE_WITH_KNOTS('',1,(#3500,#3501),.UNSPECIFIED.,.F.,
  .F.,(2,2),(-1.102328028941E-16,3.072484642542E-02),
  .PIECEWISE_BEZIER_KNOTS.);
#3500 = CARTESIAN_POINT('',(-0.550100480826,2.689148091055,
    4.060445914678));
#3501 = CARTESIAN_POINT('',(-0.519376407125,2.689139019506,
    4.060663631865));
#3502 = ORIENTED_EDGE('',*,*,#3503,.F.);
#3503 = EDGE_CURVE('',#3311,#3495,#3504,.T.);
#3504 = B_SPLINE_CURVE_WITH_KNOTS('',1,(#3505,#3506),.UNSPECIFIED.,.F.,
  .F.,(2,2),(-0.,1.000000000003E-03),.PIECEWISE_BEZIER_KNOTS.);
#3505 = CARTESIAN_POINT('',(-0.550100480826,2.690147224128,
    4.060487545222));
#3506 = CARTESIAN_POINT('',(-0.550100480826,2.689148091055,
    4.060445914678));
#3507 = ORIENTED_EDGE('',*,*,#3310,.T.);
#3508 = ORIENTED_EDGE('',*,*,#3509,.T.);
#3509 = EDGE_CURVE('',#3302,#3497,#3510,.T.);
#3510 = B_SPLINE_CURVE_WITH_KNOTS('',1,(#3511,#3512),.UNSPECIFIED.,.F.,
  .F.,(2,2),(-0.,1.E-03),.PIECEWISE_BEZIER_KNOTS.);
#3511 = CARTESIAN_POINT('',(-0.519376407125,2.690138152579,
    4.060705262409));
#3512 = CARTESIAN_POINT('',(-0.519376407125,2.689139019506,
    4.060663631865));
#3513 = B_SPLINE_SURFACE_WITH_KNOTS('',1,1,(
    (#3514,#3515)
    ,(#3516,#3517
    )),.UNSPECIFIED.,.F.,.F.,.F.,(2,2),(2,2),(-1.000000000003E-03,
    5.544722256968E-17),(-1.11019560433E-16,3.072484642542E-02),
  .PIECEWISE_BEZIER_KNOTS.);
#3514 = CARTESIAN_POINT('',(-0.550100480826,2.689148091055,
    4.060445914678));
#3515 = CARTESIAN_POINT('',(-0.519376407125,2.689139019506,
    4.060663631865));
#3516 = CARTESIAN_POINT('',(-0.550100480826,2.690147224128,
    4.060487545222));
#3517 = CARTESIAN_POINT('',(-0.519376407125,2.690138152579,
    4.060705262409));
#3518 = ADVANCED_FACE('',(#3519),#3535,.T.);
#3519 = FACE_BOUND('',#3520,.T.);
#3520 = EDGE_LOOP('',(#3521,#3528,#3529,#3530));
#3521 = ORIENTED_EDGE('',*,*,#3522,.F.);
#3522 = EDGE_CURVE('',#3497,#3523,#3525,.T.);
#3523 = VERTEX_POINT('',#3524);
#3524 = CARTESIAN_POINT('',(-0.518264385494,2.695666337155,
    3.904008008275));
#3525 = B_SPLINE_CURVE_WITH_KNOTS('',1,(#3526,#3527),.UNSPECIFIED.,.F.,
  .F.,(2,2),(0.,0.156795493781),.PIECEWISE_BEZIER_KNOTS.);
#3526 = CARTESIAN_POINT('',(-0.519376407125,2.689139019506,
    4.060663631865));
#3527 = CARTESIAN_POINT('',(-0.518264385494,2.695666337155,
    3.904008008275));
#3528 = ORIENTED_EDGE('',*,*,#3509,.F.);
#3529 = ORIENTED_EDGE('',*,*,#3301,.T.);
#3530 = ORIENTED_EDGE('',*,*,#3531,.T.);
#3531 = EDGE_CURVE('',#3304,#3523,#3532,.T.);
#3532 = B_SPLINE_CURVE_WITH_KNOTS('',1,(#3533,#3534),.UNSPECIFIED.,.F.,
  .F.,(2,2),(-0.,9.999999999999E-04),.PIECEWISE_BEZIER_KNOTS.);
#3533 = CARTESIAN_POINT('',(-0.518264385494,2.696665470228,3.90404963882
    ));
#3534 = CARTESIAN_POINT('',(-0.518264385494,2.695666337155,
    3.904008008275));
#3535 = B_SPLINE_SURFACE_WITH_KNOTS('',1,1,(
    (#3536,#3537)
    ,(#3538,#3539
    )),.UNSPECIFIED.,.F.,.F.,.F.,(2,2),(2,2),(-0.156701199876,0.),(
    -9.991331166412E-04,6.527317934057E-03),.PIECEWISE_BEZIER_KNOTS.);
#3536 = CARTESIAN_POINT('',(-0.518266312644,2.689139019506,
    3.904007994619));
#3537 = CARTESIAN_POINT('',(-0.518264090506,2.696665470228,
    3.904008010366));
#3538 = CARTESIAN_POINT('',(-0.519376702113,2.689139019506,
    4.060705260319));
#3539 = CARTESIAN_POINT('',(-0.519374479975,2.696665470228,
    4.060705276065));
#3540 = ADVANCED_FACE('',(#3541),#3557,.T.);
#3541 = FACE_BOUND('',#3542,.T.);
#3542 = EDGE_LOOP('',(#3543,#3550,#3551,#3552));
#3543 = ORIENTED_EDGE('',*,*,#3544,.F.);
#3544 = EDGE_CURVE('',#3523,#3545,#3547,.T.);
#3545 = VERTEX_POINT('',#3546);
#3546 = CARTESIAN_POINT('',(-0.547792767665,2.695675055666,
    3.903798764008));
#3547 = B_SPLINE_CURVE_WITH_KNOTS('',1,(#3548,#3549),.UNSPECIFIED.,.F.,
  .F.,(2,2),(0.,2.952912482302E-02),.PIECEWISE_BEZIER_KNOTS.);
#3548 = CARTESIAN_POINT('',(-0.518264385494,2.695666337155,
    3.904008008275));
#3549 = CARTESIAN_POINT('',(-0.547792767665,2.695675055666,
    3.903798764008));
#3550 = ORIENTED_EDGE('',*,*,#3531,.F.);
#3551 = ORIENTED_EDGE('',*,*,#3353,.T.);
#3552 = ORIENTED_EDGE('',*,*,#3553,.T.);
#3553 = EDGE_CURVE('',#3345,#3545,#3554,.T.);
#3554 = B_SPLINE_CURVE_WITH_KNOTS('',1,(#3555,#3556),.UNSPECIFIED.,.F.,
  .F.,(2,2),(-0.,9.999999999999E-04),.PIECEWISE_BEZIER_KNOTS.);
#3555 = CARTESIAN_POINT('',(-0.547792767665,2.696674188739,
    3.903840394552));
#3556 = CARTESIAN_POINT('',(-0.547792767665,2.695675055666,
    3.903798764008));
#3557 = B_SPLINE_SURFACE_WITH_KNOTS('',1,1,(
    (#3558,#3559)
    ,(#3560,#3561)),.UNSPECIFIED.,.F.,.F.,.F.,(2,2),(2,2),(-0.,1.E-03),(
    -2.952912482302E-02,3.63670255622E-23),.PIECEWISE_BEZIER_KNOTS.);
#3558 = CARTESIAN_POINT('',(-0.547792767665,2.696674188739,
    3.903840394552));
#3559 = CARTESIAN_POINT('',(-0.518264385494,2.696665470228,3.90404963882
    ));
#3560 = CARTESIAN_POINT('',(-0.547792767665,2.695675055666,
    3.903798764008));
#3561 = CARTESIAN_POINT('',(-0.518264385494,2.695666337155,
    3.904008008275));
#3562 = ADVANCED_FACE('',(#3563),#3581,.T.);
#3563 = FACE_BOUND('',#3564,.T.);
#3564 = EDGE_LOOP('',(#3565,#3574,#3575,#3576));
#3565 = ORIENTED_EDGE('',*,*,#3566,.F.);
#3566 = EDGE_CURVE('',#3545,#3567,#3569,.T.);
#3567 = VERTEX_POINT('',#3568);
#3568 = CARTESIAN_POINT('',(-0.608403602527,2.694809901289,
    3.924562469063));
#3569 = B_SPLINE_CURVE_WITH_KNOTS('',3,(#3570,#3571,#3572,#3573),
  .UNSPECIFIED.,.F.,.F.,(4,4),(2.,3.),.PIECEWISE_BEZIER_KNOTS.);
#3570 = CARTESIAN_POINT('',(-0.547792767665,2.695675055666,
    3.903798764008));
#3571 = CARTESIAN_POINT('',(-0.573630102064,2.695682684364,
    3.903615675274));
#3572 = CARTESIAN_POINT('',(-0.593851042548,2.695394304688,
    3.910536787496));
#3573 = CARTESIAN_POINT('',(-0.608403602527,2.694809901289,
    3.924562469063));
#3574 = ORIENTED_EDGE('',*,*,#3553,.F.);
#3575 = ORIENTED_EDGE('',*,*,#3344,.T.);
#3576 = ORIENTED_EDGE('',*,*,#3577,.T.);
#3577 = EDGE_CURVE('',#3336,#3567,#3578,.T.);
#3578 = B_SPLINE_CURVE_WITH_KNOTS('',1,(#3579,#3580),.UNSPECIFIED.,.F.,
  .F.,(2,2),(-0.,9.999999999999E-04),.PIECEWISE_BEZIER_KNOTS.);
#3579 = CARTESIAN_POINT('',(-0.608403602527,2.695809034362,
    3.924604099607));
#3580 = CARTESIAN_POINT('',(-0.608403602527,2.694809901289,
    3.924562469063));
#3581 = B_SPLINE_SURFACE_WITH_KNOTS('',3,1,(
    (#3582,#3583)
    ,(#3584,#3585)
    ,(#3586,#3587)
    ,(#3588,#3589
    )),.UNSPECIFIED.,.F.,.F.,.F.,(4,4),(2,2),(2.,3.),(0.,1.),
  .PIECEWISE_BEZIER_KNOTS.);
#3582 = CARTESIAN_POINT('',(-0.547792767665,2.696674188739,
    3.903840394552));
#3583 = CARTESIAN_POINT('',(-0.547792767665,2.695675055666,
    3.903798764008));
#3584 = CARTESIAN_POINT('',(-0.573630102064,2.696681817437,
    3.903657305818));
#3585 = CARTESIAN_POINT('',(-0.573630102064,2.695682684364,
    3.903615675274));
#3586 = CARTESIAN_POINT('',(-0.593851042548,2.696393437761,
    3.910578418041));
#3587 = CARTESIAN_POINT('',(-0.593851042548,2.695394304688,
    3.910536787496));
#3588 = CARTESIAN_POINT('',(-0.608403602527,2.695809034362,
    3.924604099607));
#3589 = CARTESIAN_POINT('',(-0.608403602527,2.694809901289,
    3.924562469063));
#3590 = ADVANCED_FACE('',(#3591),#3609,.T.);
#3591 = FACE_BOUND('',#3592,.T.);
#3592 = EDGE_LOOP('',(#3593,#3602,#3603,#3604));
#3593 = ORIENTED_EDGE('',*,*,#3594,.F.);
#3594 = EDGE_CURVE('',#3567,#3595,#3597,.T.);
#3595 = VERTEX_POINT('',#3596);
#3596 = CARTESIAN_POINT('',(-0.630553585513,2.692353423648,
    3.983517932449));
#3597 = B_SPLINE_CURVE_WITH_KNOTS('',3,(#3598,#3599,#3600,#3601),
  .UNSPECIFIED.,.F.,.F.,(4,4),(3.,4.),.PIECEWISE_BEZIER_KNOTS.);
#3598 = CARTESIAN_POINT('',(-0.608403602527,2.694809901289,
    3.924562469063));
#3599 = CARTESIAN_POINT('',(-0.62300741168,2.6942298417,3.938483899203)
  );
#3600 = CARTESIAN_POINT('',(-0.630373656284,2.693409567883,
    3.958170470807));
#3601 = CARTESIAN_POINT('',(-0.630553585513,2.692353423648,
    3.983517932449));
#3602 = ORIENTED_EDGE('',*,*,#3577,.F.);
#3603 = ORIENTED_EDGE('',*,*,#3335,.T.);
#3604 = ORIENTED_EDGE('',*,*,#3605,.T.);
#3605 = EDGE_CURVE('',#3327,#3595,#3606,.T.);
#3606 = B_SPLINE_CURVE_WITH_KNOTS('',1,(#3607,#3608),.UNSPECIFIED.,.F.,
  .F.,(2,2),(-0.,1.E-03),.PIECEWISE_BEZIER_KNOTS.);
#3607 = CARTESIAN_POINT('',(-0.630553585513,2.693352556721,
    3.983559562994));
#3608 = CARTESIAN_POINT('',(-0.630553585513,2.692353423648,
    3.983517932449));
#3609 = B_SPLINE_SURFACE_WITH_KNOTS('',3,1,(
    (#3610,#3611)
    ,(#3612,#3613)
    ,(#3614,#3615)
    ,(#3616,#3617
    )),.UNSPECIFIED.,.F.,.F.,.F.,(4,4),(2,2),(3.,4.),(0.,1.),
  .PIECEWISE_BEZIER_KNOTS.);
#3610 = CARTESIAN_POINT('',(-0.608403602527,2.695809034362,
    3.924604099607));
#3611 = CARTESIAN_POINT('',(-0.608403602527,2.694809901289,
    3.924562469063));
#3612 = CARTESIAN_POINT('',(-0.62300741168,2.695228974773,3.938525529748
    ));
#3613 = CARTESIAN_POINT('',(-0.62300741168,2.6942298417,3.938483899203)
  );
#3614 = CARTESIAN_POINT('',(-0.630373656284,2.694408700956,
    3.958212101352));
#3615 = CARTESIAN_POINT('',(-0.630373656284,2.693409567883,
    3.958170470807));
#3616 = CARTESIAN_POINT('',(-0.630553585513,2.693352556721,
    3.983559562994));
#3617 = CARTESIAN_POINT('',(-0.630553585513,2.692353423648,
    3.983517932449));
#3618 = ADVANCED_FACE('',(#3619),#3637,.T.);
#3619 = FACE_BOUND('',#3620,.T.);
#3620 = EDGE_LOOP('',(#3621,#3630,#3631,#3632));
#3621 = ORIENTED_EDGE('',*,*,#3622,.F.);
#3622 = EDGE_CURVE('',#3595,#3623,#3625,.T.);
#3623 = VERTEX_POINT('',#3624);
#3624 = CARTESIAN_POINT('',(-0.608657654715,2.689961857267,
    4.040915525586));
#3625 = B_SPLINE_CURVE_WITH_KNOTS('',3,(#3626,#3627,#3628,#3629),
  .UNSPECIFIED.,.F.,.F.,(4,4),(4.,5.),.PIECEWISE_BEZIER_KNOTS.);
#3626 = CARTESIAN_POINT('',(-0.630553585513,2.692353423648,
    3.983517932449));
#3627 = CARTESIAN_POINT('',(-0.630733514743,2.691297279413,
    4.008865394091));
#3628 = CARTESIAN_POINT('',(-0.623435116947,2.690498647799,
    4.028032552817));
#3629 = CARTESIAN_POINT('',(-0.608657654715,2.689961857267,
    4.040915525586));
#3630 = ORIENTED_EDGE('',*,*,#3605,.F.);
#3631 = ORIENTED_EDGE('',*,*,#3326,.T.);
#3632 = ORIENTED_EDGE('',*,*,#3633,.T.);
#3633 = EDGE_CURVE('',#3318,#3623,#3634,.T.);
#3634 = B_SPLINE_CURVE_WITH_KNOTS('',1,(#3635,#3636),.UNSPECIFIED.,.F.,
  .F.,(2,2),(4.437042169646E-16,9.999999999999E-04),
  .PIECEWISE_BEZIER_KNOTS.);
#3635 = CARTESIAN_POINT('',(-0.608657654715,2.69096099034,4.040957156131
    ));
#3636 = CARTESIAN_POINT('',(-0.608657654715,2.689961857267,
    4.040915525586));
#3637 = B_SPLINE_SURFACE_WITH_KNOTS('',3,1,(
    (#3638,#3639)
    ,(#3640,#3641)
    ,(#3642,#3643)
    ,(#3644,#3645
    )),.UNSPECIFIED.,.F.,.F.,.F.,(4,4),(2,2),(4.,5.),(0.,1.),
  .PIECEWISE_BEZIER_KNOTS.);
#3638 = CARTESIAN_POINT('',(-0.630553585513,2.693352556721,
    3.983559562994));
#3639 = CARTESIAN_POINT('',(-0.630553585513,2.692353423648,
    3.983517932449));
#3640 = CARTESIAN_POINT('',(-0.630733514743,2.692296412486,
    4.008907024636));
#3641 = CARTESIAN_POINT('',(-0.630733514743,2.691297279413,
    4.008865394091));
#3642 = CARTESIAN_POINT('',(-0.623435116947,2.691497780872,
    4.028074183361));
#3643 = CARTESIAN_POINT('',(-0.623435116947,2.690498647799,
    4.028032552817));
#3644 = CARTESIAN_POINT('',(-0.608657654715,2.69096099034,4.040957156131
    ));
#3645 = CARTESIAN_POINT('',(-0.608657654715,2.689961857267,
    4.040915525586));
#3646 = ADVANCED_FACE('',(#3647),#3659,.T.);
#3647 = FACE_BOUND('',#3648,.T.);
#3648 = EDGE_LOOP('',(#3649,#3656,#3657,#3658));
#3649 = ORIENTED_EDGE('',*,*,#3650,.F.);
#3650 = EDGE_CURVE('',#3623,#3495,#3651,.T.);
#3651 = B_SPLINE_CURVE_WITH_KNOTS('',3,(#3652,#3653,#3654,#3655),
  .UNSPECIFIED.,.F.,.F.,(4,4),(5.,6.),.PIECEWISE_BEZIER_KNOTS.);
#3652 = CARTESIAN_POINT('',(-0.608657654715,2.689961857267,
    4.040915525586));
#3653 = CARTESIAN_POINT('',(-0.593880192481,2.689425066735,
    4.053798498356));
#3654 = CARTESIAN_POINT('',(-0.574326230988,2.689155243918,
    4.060274245965));
#3655 = CARTESIAN_POINT('',(-0.550100480826,2.689148091055,
    4.060445914678));
#3656 = ORIENTED_EDGE('',*,*,#3633,.F.);
#3657 = ORIENTED_EDGE('',*,*,#3317,.T.);
#3658 = ORIENTED_EDGE('',*,*,#3503,.T.);
#3659 = B_SPLINE_SURFACE_WITH_KNOTS('',3,1,(
    (#3660,#3661)
    ,(#3662,#3663)
    ,(#3664,#3665)
    ,(#3666,#3667
    )),.UNSPECIFIED.,.F.,.F.,.F.,(4,4),(2,2),(5.,6.),(0.,1.),
  .PIECEWISE_BEZIER_KNOTS.);
#3660 = CARTESIAN_POINT('',(-0.608657654715,2.69096099034,4.040957156131
    ));
#3661 = CARTESIAN_POINT('',(-0.608657654715,2.689961857267,
    4.040915525586));
#3662 = CARTESIAN_POINT('',(-0.593880192481,2.690424199808,
    4.053840128901));
#3663 = CARTESIAN_POINT('',(-0.593880192481,2.689425066735,
    4.053798498356));
#3664 = CARTESIAN_POINT('',(-0.574326230988,2.690154376991,4.06031587651
    ));
#3665 = CARTESIAN_POINT('',(-0.574326230988,2.689155243918,
    4.060274245965));
#3666 = CARTESIAN_POINT('',(-0.550100480826,2.690147224128,
    4.060487545222));
#3667 = CARTESIAN_POINT('',(-0.550100480826,2.689148091055,
    4.060445914678));
#3668 = ADVANCED_FACE('',(#3669),#3678,.F.);
#3669 = FACE_BOUND('',#3670,.T.);
#3670 = EDGE_LOOP('',(#3671,#3672,#3673,#3674,#3675,#3676,#3677));
#3671 = ORIENTED_EDGE('',*,*,#3650,.T.);
#3672 = ORIENTED_EDGE('',*,*,#3494,.T.);
#3673 = ORIENTED_EDGE('',*,*,#3522,.T.);
#3674 = ORIENTED_EDGE('',*,*,#3544,.T.);
#3675 = ORIENTED_EDGE('',*,*,#3566,.T.);
#3676 = ORIENTED_EDGE('',*,*,#3594,.T.);
#3677 = ORIENTED_EDGE('',*,*,#3622,.T.);
#3678 = B_SPLINE_SURFACE_WITH_KNOTS('',1,1,(
    (#3679,#3680)
    ,(#3681,#3682
    )),.UNSPECIFIED.,.F.,.F.,.F.,(2,2),(2,2),(0.940151510777,
    1.097335734602),(4.619266485257,4.731735614506),
  .PIECEWISE_BEZIER_KNOTS.);
#3679 = CARTESIAN_POINT('',(-0.630733514743,2.689139019506,
    4.060663631865));
#3680 = CARTESIAN_POINT('',(-0.518264385494,2.689139019506,
    4.060663631865));
#3681 = CARTESIAN_POINT('',(-0.630733514743,2.695682684364,
    3.903615675274));
#3682 = CARTESIAN_POINT('',(-0.518264385494,2.695682684364,
    3.903615675274));
#3683 = ADVANCED_FACE('',(#3684,#3742),#3790,.F.);
#3684 = FACE_BOUND('',#3685,.T.);
#3685 = EDGE_LOOP('',(#3686,#3695,#3702,#3709,#3716,#3723,#3730,#3737));
#3686 = ORIENTED_EDGE('',*,*,#3687,.T.);
#3687 = EDGE_CURVE('',#3688,#3690,#3692,.T.);
#3688 = VERTEX_POINT('',#3689);
#3689 = CARTESIAN_POINT('',(-0.851697879289,2.69772921449,3.878519776527
    ));
#3690 = VERTEX_POINT('',#3691);
#3691 = CARTESIAN_POINT('',(-0.775680246173,2.689239876028,
    4.082263899634));
#3692 = B_SPLINE_CURVE_WITH_KNOTS('',1,(#3693,#3694),.UNSPECIFIED.,.F.,
  .F.,(2,2),(-0.217629081496,0.),.PIECEWISE_BEZIER_KNOTS.);
#3693 = CARTESIAN_POINT('',(-0.851697879289,2.69772921449,3.878519776527
    ));
#3694 = CARTESIAN_POINT('',(-0.775680246173,2.689239876028,
    4.082263899634));
#3695 = ORIENTED_EDGE('',*,*,#3696,.T.);
#3696 = EDGE_CURVE('',#3690,#3697,#3699,.T.);
#3697 = VERTEX_POINT('',#3698);
#3698 = CARTESIAN_POINT('',(-0.747607488475,2.689231587302,
    4.082462829043));
#3699 = B_SPLINE_CURVE_WITH_KNOTS('',1,(#3700,#3701),.UNSPECIFIED.,.F.,
  .F.,(2,2),(-2.807346374045E-02,0.),.PIECEWISE_BEZIER_KNOTS.);
#3700 = CARTESIAN_POINT('',(-0.775680246173,2.689239876028,
    4.082263899634));
#3701 = CARTESIAN_POINT('',(-0.747607488475,2.689231587302,
    4.082462829043));
#3702 = ORIENTED_EDGE('',*,*,#3703,.T.);
#3703 = EDGE_CURVE('',#3697,#3704,#3706,.T.);
#3704 = VERTEX_POINT('',#3705);
#3705 = CARTESIAN_POINT('',(-0.668705088369,2.697675184281,
    3.879816501566));
#3706 = B_SPLINE_CURVE_WITH_KNOTS('',1,(#3707,#3708),.UNSPECIFIED.,.F.,
  .F.,(2,2),(-0.217629081495,0.),.PIECEWISE_BEZIER_KNOTS.);
#3707 = CARTESIAN_POINT('',(-0.747607488475,2.689231587302,
    4.082462829043));
#3708 = CARTESIAN_POINT('',(-0.668705088369,2.697675184281,
    3.879816501566));
#3709 = ORIENTED_EDGE('',*,*,#3710,.T.);
#3710 = EDGE_CURVE('',#3704,#3711,#3713,.T.);
#3711 = VERTEX_POINT('',#3712);
#3712 = CARTESIAN_POINT('',(-0.697713604655,2.697683749297,
    3.879610941176));
#3713 = B_SPLINE_CURVE_WITH_KNOTS('',1,(#3714,#3715),.UNSPECIFIED.,.F.,
  .F.,(2,2),(-2.900924586407E-02,0.),.PIECEWISE_BEZIER_KNOTS.);
#3714 = CARTESIAN_POINT('',(-0.668705088369,2.697675184281,
    3.879816501566));
#3715 = CARTESIAN_POINT('',(-0.697713604655,2.697683749297,
    3.879610941176));
#3716 = ORIENTED_EDGE('',*,*,#3717,.T.);
#3717 = EDGE_CURVE('',#3711,#3718,#3720,.T.);
#3718 = VERTEX_POINT('',#3719);
#3719 = CARTESIAN_POINT('',(-0.717655078826,2.695373794616,
    3.935049853506));
#3720 = B_SPLINE_CURVE_WITH_KNOTS('',1,(#3721,#3722),.UNSPECIFIED.,.F.,
  .F.,(2,2),(-5.896160855208E-02,0.),.PIECEWISE_BEZIER_KNOTS.);
#3721 = CARTESIAN_POINT('',(-0.697713604655,2.697683749297,
    3.879610941176));
#3722 = CARTESIAN_POINT('',(-0.717655078826,2.695373794616,
    3.935049853506));
#3723 = ORIENTED_EDGE('',*,*,#3724,.T.);
#3724 = EDGE_CURVE('',#3718,#3725,#3727,.T.);
#3725 = VERTEX_POINT('',#3726);
#3726 = CARTESIAN_POINT('',(-0.802341231216,2.695398798938,
    3.934449749788));
#3727 = B_SPLINE_CURVE_WITH_KNOTS('',1,(#3728,#3729),.UNSPECIFIED.,.F.,
  .F.,(2,2),(-8.468828228454E-02,0.),.PIECEWISE_BEZIER_KNOTS.);
#3728 = CARTESIAN_POINT('',(-0.717655078826,2.695373794616,
    3.935049853506));
#3729 = CARTESIAN_POINT('',(-0.802341231216,2.695398798938,
    3.934449749788));
#3730 = ORIENTED_EDGE('',*,*,#3731,.T.);
#3731 = EDGE_CURVE('',#3725,#3732,#3734,.T.);
#3732 = VERTEX_POINT('',#3733);
#3733 = CARTESIAN_POINT('',(-0.822689363001,2.697720649474,
    3.878725336917));
#3734 = B_SPLINE_CURVE_WITH_KNOTS('',1,(#3735,#3736),.UNSPECIFIED.,.F.,
  .F.,(2,2),(-5.936874301283E-02,0.),.PIECEWISE_BEZIER_KNOTS.);
#3735 = CARTESIAN_POINT('',(-0.802341231216,2.695398798938,
    3.934449749788));
#3736 = CARTESIAN_POINT('',(-0.822689363001,2.697720649474,
    3.878725336917));
#3737 = ORIENTED_EDGE('',*,*,#3738,.T.);
#3738 = EDGE_CURVE('',#3732,#3688,#3739,.T.);
#3739 = B_SPLINE_CURVE_WITH_KNOTS('',1,(#3740,#3741),.UNSPECIFIED.,.F.,
  .F.,(2,2),(-2.900924586545E-02,0.),.PIECEWISE_BEZIER_KNOTS.);
#3740 = CARTESIAN_POINT('',(-0.822689363001,2.697720649474,
    3.878725336917));
#3741 = CARTESIAN_POINT('',(-0.851697879289,2.69772921449,3.878519776527
    ));
#3742 = FACE_BOUND('',#3743,.T.);
#3743 = EDGE_LOOP('',(#3744,#3753,#3760,#3769,#3776,#3785));
#3744 = ORIENTED_EDGE('',*,*,#3745,.F.);
#3745 = EDGE_CURVE('',#3746,#3748,#3750,.T.);
#3746 = VERTEX_POINT('',#3747);
#3747 = CARTESIAN_POINT('',(-0.726135901646,2.694419660879,
    3.957949063192));
#3748 = VERTEX_POINT('',#3749);
#3749 = CARTESIAN_POINT('',(-0.794394292123,2.694439814762,
    3.957465370017));
#3750 = B_SPLINE_CURVE_WITH_KNOTS('',1,(#3751,#3752),.UNSPECIFIED.,.F.,
  .F.,(2,2),(0.,6.826010720605E-02),.PIECEWISE_BEZIER_KNOTS.);
#3751 = CARTESIAN_POINT('',(-0.726135901646,2.694419660879,
    3.957949063192));
#3752 = CARTESIAN_POINT('',(-0.794394292123,2.694439814762,
    3.957465370017));
#3753 = ORIENTED_EDGE('',*,*,#3754,.F.);
#3754 = EDGE_CURVE('',#3755,#3746,#3757,.T.);
#3755 = VERTEX_POINT('',#3756);
#3756 = CARTESIAN_POINT('',(-0.757147574112,2.690909602368,
    4.042190467457));
#3757 = B_SPLINE_CURVE_WITH_KNOTS('',1,(#3758,#3759),.UNSPECIFIED.,.F.,
  .F.,(2,2),(-3.622445365268E-18,8.983684395879E-02),
  .PIECEWISE_BEZIER_KNOTS.);
#3758 = CARTESIAN_POINT('',(-0.757147574112,2.690909602368,
    4.042190467457));
#3759 = CARTESIAN_POINT('',(-0.726135901646,2.694419660879,
    3.957949063192));
#3760 = ORIENTED_EDGE('',*,*,#3761,.F.);
#3761 = EDGE_CURVE('',#3762,#3755,#3764,.T.);
#3762 = VERTEX_POINT('',#3763);
#3763 = CARTESIAN_POINT('',(-0.760575741604,2.690317585719,
    4.056398867052));
#3764 = B_SPLINE_CURVE_WITH_KNOTS('',3,(#3765,#3766,#3767,#3768),
  .UNSPECIFIED.,.F.,.F.,(4,4),(3.,4.),.PIECEWISE_BEZIER_KNOTS.);
#3765 = CARTESIAN_POINT('',(-0.760575741604,2.690317585719,
    4.056398867052));
#3766 = CARTESIAN_POINT('',(-0.759544488947,2.690572673217,
    4.050276767089));
#3767 = CARTESIAN_POINT('',(-0.758418849508,2.690771460037,
    4.045505883415));
#3768 = CARTESIAN_POINT('',(-0.757147574112,2.690909602368,
    4.042190467457));
#3769 = ORIENTED_EDGE('',*,*,#3770,.F.);
#3770 = EDGE_CURVE('',#3771,#3762,#3773,.T.);
#3771 = VERTEX_POINT('',#3772);
#3772 = CARTESIAN_POINT('',(-0.761199580663,2.690317769913,
    4.056394446399));
#3773 = B_SPLINE_CURVE_WITH_KNOTS('',1,(#3774,#3775),.UNSPECIFIED.,.F.,
  .F.,(2,2),(1.442296859962E-18,6.238547490793E-04),
  .PIECEWISE_BEZIER_KNOTS.);
#3774 = CARTESIAN_POINT('',(-0.761199580663,2.690317769913,
    4.056394446399));
#3775 = CARTESIAN_POINT('',(-0.760575741604,2.690317585719,
    4.056398867052));
#3776 = ORIENTED_EDGE('',*,*,#3777,.F.);
#3777 = EDGE_CURVE('',#3778,#3771,#3780,.T.);
#3778 = VERTEX_POINT('',#3779);
#3779 = CARTESIAN_POINT('',(-0.764269736714,2.690911705249,
    4.042139998329));
#3780 = B_SPLINE_CURVE_WITH_KNOTS('',3,(#3781,#3782,#3783,#3784),
  .UNSPECIFIED.,.F.,.F.,(4,4),(1.,2.),.PIECEWISE_BEZIER_KNOTS.);
#3781 = CARTESIAN_POINT('',(-0.764269736714,2.690911705249,
    4.042139998329));
#3782 = CARTESIAN_POINT('',(-0.763301901737,2.690794545189,
    4.044951839764));
#3783 = CARTESIAN_POINT('',(-0.762295353639,2.6905994575,4.049633944298)
  );
#3784 = CARTESIAN_POINT('',(-0.761199580663,2.690317769913,
    4.056394446399));
#3785 = ORIENTED_EDGE('',*,*,#3786,.F.);
#3786 = EDGE_CURVE('',#3748,#3778,#3787,.T.);
#3787 = B_SPLINE_CURVE_WITH_KNOTS('',1,(#3788,#3789),.UNSPECIFIED.,.F.,
  .F.,(2,2),(0.,8.994292120644E-02),.PIECEWISE_BEZIER_KNOTS.);
#3788 = CARTESIAN_POINT('',(-0.794394292123,2.694439814762,
    3.957465370017));
#3789 = CARTESIAN_POINT('',(-0.764269736714,2.690911705249,
    4.042139998329));
#3790 = B_SPLINE_SURFACE_WITH_KNOTS('',1,1,(
    (#3791,#3792)
    ,(#3793,#3794
    )),.UNSPECIFIED.,.F.,.F.,.F.,(2,2),(2,2),(-1.369223366377,
    -1.165103356732),(-0.851697879289,-0.668705088369),
  .PIECEWISE_BEZIER_KNOTS.);
#3791 = CARTESIAN_POINT('',(-0.851697879289,2.689231587302,
    4.082462829043));
#3792 = CARTESIAN_POINT('',(-0.668705088369,2.689231587302,
    4.082462829043));
#3793 = CARTESIAN_POINT('',(-0.851697879289,2.69772921449,3.878519776527
    ));
#3794 = CARTESIAN_POINT('',(-0.668705088369,2.69772921449,3.878519776527
    ));
#3795 = ADVANCED_FACE('',(#3796),#3810,.F.);
#3796 = FACE_BOUND('',#3797,.T.);
#3797 = EDGE_LOOP('',(#3798,#3799,#3804,#3805));
#3798 = ORIENTED_EDGE('',*,*,#683,.T.);
#3799 = ORIENTED_EDGE('',*,*,#3800,.F.);
#3800 = EDGE_CURVE('',#3690,#686,#3801,.T.);
#3801 = B_SPLINE_CURVE_WITH_KNOTS('',1,(#3802,#3803),.UNSPECIFIED.,.F.,
  .F.,(2,2),(-0.,1.000000000002E-03),.PIECEWISE_BEZIER_KNOTS.);
#3802 = CARTESIAN_POINT('',(-0.775680246173,2.689239876028,
    4.082263899634));
#3803 = CARTESIAN_POINT('',(-0.775680246173,2.688240742955,
    4.082222269089));
#3804 = ORIENTED_EDGE('',*,*,#3687,.F.);
#3805 = ORIENTED_EDGE('',*,*,#3806,.T.);
#3806 = EDGE_CURVE('',#3688,#684,#3807,.T.);
#3807 = B_SPLINE_CURVE_WITH_KNOTS('',1,(#3808,#3809),.UNSPECIFIED.,.F.,
  .F.,(2,2),(-0.,9.999999999999E-04),.PIECEWISE_BEZIER_KNOTS.);
#3808 = CARTESIAN_POINT('',(-0.851697879289,2.69772921449,3.878519776527
    ));
#3809 = CARTESIAN_POINT('',(-0.851697879289,2.696730081417,
    3.878478145982));
#3810 = B_SPLINE_SURFACE_WITH_KNOTS('',1,1,(
    (#3811,#3812)
    ,(#3813,#3814
    )),.UNSPECIFIED.,.F.,.F.,.F.,(2,2),(2,2),(-0.,0.217502418538),(
    -9.99238725949E-04,8.490236163852E-03),.PIECEWISE_BEZIER_KNOTS.);
#3811 = CARTESIAN_POINT('',(-0.775666629547,2.688240742955,
    4.082258828028));
#3812 = CARTESIAN_POINT('',(-0.775795942621,2.69772921449,4.082306991564
    ));
#3813 = CARTESIAN_POINT('',(-0.851582182841,2.688240742955,
    3.878435054052));
#3814 = CARTESIAN_POINT('',(-0.851711495915,2.69772921449,3.878483217588
    ));
#3815 = ADVANCED_FACE('',(#3816),#3826,.F.);
#3816 = FACE_BOUND('',#3817,.T.);
#3817 = EDGE_LOOP('',(#3818,#3819,#3824,#3825));
#3818 = ORIENTED_EDGE('',*,*,#734,.T.);
#3819 = ORIENTED_EDGE('',*,*,#3820,.F.);
#3820 = EDGE_CURVE('',#3697,#728,#3821,.T.);
#3821 = B_SPLINE_CURVE_WITH_KNOTS('',1,(#3822,#3823),.UNSPECIFIED.,.F.,
  .F.,(2,2),(-0.,1.000000000002E-03),.PIECEWISE_BEZIER_KNOTS.);
#3822 = CARTESIAN_POINT('',(-0.747607488475,2.689231587302,
    4.082462829043));
#3823 = CARTESIAN_POINT('',(-0.747607488475,2.688232454229,
    4.082421198498));
#3824 = ORIENTED_EDGE('',*,*,#3696,.F.);
#3825 = ORIENTED_EDGE('',*,*,#3800,.T.);
#3826 = B_SPLINE_SURFACE_WITH_KNOTS('',1,1,(
    (#3827,#3828)
    ,(#3829,#3830
    )),.UNSPECIFIED.,.F.,.F.,.F.,(2,2),(2,2),(-1.000000000002E-03,0.),(
    -2.807346374045E-02,1.106129921788E-15),.PIECEWISE_BEZIER_KNOTS.);
#3827 = CARTESIAN_POINT('',(-0.775680246173,2.688240742955,
    4.082222269089));
#3828 = CARTESIAN_POINT('',(-0.747607488475,2.688232454229,
    4.082421198498));
#3829 = CARTESIAN_POINT('',(-0.775680246173,2.689239876028,
    4.082263899634));
#3830 = CARTESIAN_POINT('',(-0.747607488475,2.689231587302,
    4.082462829043));
#3831 = ADVANCED_FACE('',(#3832),#3842,.F.);
#3832 = FACE_BOUND('',#3833,.T.);
#3833 = EDGE_LOOP('',(#3834,#3835,#3840,#3841));
#3834 = ORIENTED_EDGE('',*,*,#727,.T.);
#3835 = ORIENTED_EDGE('',*,*,#3836,.F.);
#3836 = EDGE_CURVE('',#3704,#721,#3837,.T.);
#3837 = B_SPLINE_CURVE_WITH_KNOTS('',1,(#3838,#3839),.UNSPECIFIED.,.F.,
  .F.,(2,2),(-0.,1.000000000002E-03),.PIECEWISE_BEZIER_KNOTS.);
#3838 = CARTESIAN_POINT('',(-0.668705088369,2.697675184281,
    3.879816501566));
#3839 = CARTESIAN_POINT('',(-0.668705088369,2.696676051207,
    3.879774871021));
#3840 = ORIENTED_EDGE('',*,*,#3703,.F.);
#3841 = ORIENTED_EDGE('',*,*,#3820,.T.);
#3842 = B_SPLINE_SURFACE_WITH_KNOTS('',1,1,(
    (#3843,#3844)
    ,(#3845,#3846
    )),.UNSPECIFIED.,.F.,.F.,.F.,(2,2),(2,2),(-3.88025297359E-05,
    0.217465184655),(-9.443805804253E-03,0.),.PIECEWISE_BEZIER_KNOTS.);
#3843 = CARTESIAN_POINT('',(-0.668823886687,2.688232454229,
    3.879728695858));
#3844 = CARTESIAN_POINT('',(-0.668691030932,2.697675184281,3.87978033494
    ));
#3845 = CARTESIAN_POINT('',(-0.747621545911,2.688232454229,
    4.082457365124));
#3846 = CARTESIAN_POINT('',(-0.747488690156,2.697675184281,
    4.082509004206));
#3847 = ADVANCED_FACE('',(#3848),#3858,.F.);
#3848 = FACE_BOUND('',#3849,.T.);
#3849 = EDGE_LOOP('',(#3850,#3851,#3856,#3857));
#3850 = ORIENTED_EDGE('',*,*,#720,.T.);
#3851 = ORIENTED_EDGE('',*,*,#3852,.F.);
#3852 = EDGE_CURVE('',#3711,#714,#3853,.T.);
#3853 = B_SPLINE_CURVE_WITH_KNOTS('',1,(#3854,#3855),.UNSPECIFIED.,.F.,
  .F.,(2,2),(-0.,1.000000000002E-03),.PIECEWISE_BEZIER_KNOTS.);
#3854 = CARTESIAN_POINT('',(-0.697713604655,2.697683749297,
    3.879610941176));
#3855 = CARTESIAN_POINT('',(-0.697713604655,2.696684616224,
    3.879569310631));
#3856 = ORIENTED_EDGE('',*,*,#3710,.F.);
#3857 = ORIENTED_EDGE('',*,*,#3836,.T.);
#3858 = B_SPLINE_SURFACE_WITH_KNOTS('',1,1,(
    (#3859,#3860)
    ,(#3861,#3862
    )),.UNSPECIFIED.,.F.,.F.,.F.,(2,2),(2,2),(-6.31694779519E-17,
    1.000000000002E-03),(-4.418497067391E-16,2.900924586407E-02),
  .PIECEWISE_BEZIER_KNOTS.);
#3859 = CARTESIAN_POINT('',(-0.697713604655,2.697683749297,
    3.879610941176));
#3860 = CARTESIAN_POINT('',(-0.668705088369,2.697675184281,
    3.879816501566));
#3861 = CARTESIAN_POINT('',(-0.697713604655,2.696684616224,
    3.879569310631));
#3862 = CARTESIAN_POINT('',(-0.668705088369,2.696676051207,
    3.879774871021));
#3863 = ADVANCED_FACE('',(#3864),#3874,.F.);
#3864 = FACE_BOUND('',#3865,.T.);
#3865 = EDGE_LOOP('',(#3866,#3867,#3872,#3873));
#3866 = ORIENTED_EDGE('',*,*,#713,.T.);
#3867 = ORIENTED_EDGE('',*,*,#3868,.F.);
#3868 = EDGE_CURVE('',#3718,#707,#3869,.T.);
#3869 = B_SPLINE_CURVE_WITH_KNOTS('',1,(#3870,#3871),.UNSPECIFIED.,.F.,
  .F.,(2,2),(-0.,1.000000000002E-03),.PIECEWISE_BEZIER_KNOTS.);
#3870 = CARTESIAN_POINT('',(-0.717655078826,2.695373794616,
    3.935049853506));
#3871 = CARTESIAN_POINT('',(-0.717655078826,2.694374661543,
    3.935008222962));
#3872 = ORIENTED_EDGE('',*,*,#3717,.F.);
#3873 = ORIENTED_EDGE('',*,*,#3852,.T.);
#3874 = B_SPLINE_SURFACE_WITH_KNOTS('',1,1,(
    (#3875,#3876)
    ,(#3877,#3878
    )),.UNSPECIFIED.,.F.,.F.,.F.,(2,2),(2,2),(0.,5.895551449238E-02),(
    -9.992321238925E-04,2.310183681804E-03),.PIECEWISE_BEZIER_KNOTS.);
#3875 = CARTESIAN_POINT('',(-0.717668320153,2.694374661543,
    3.935045098832));
#3876 = CARTESIAN_POINT('',(-0.71762446542,2.697683749297,3.935060846117
    ));
#3877 = CARTESIAN_POINT('',(-0.697744218061,2.694374661543,3.87955831802
    ));
#3878 = CARTESIAN_POINT('',(-0.697700363328,2.697683749297,
    3.879574065305));
#3879 = ADVANCED_FACE('',(#3880),#3890,.F.);
#3880 = FACE_BOUND('',#3881,.T.);
#3881 = EDGE_LOOP('',(#3882,#3883,#3888,#3889));
#3882 = ORIENTED_EDGE('',*,*,#706,.T.);
#3883 = ORIENTED_EDGE('',*,*,#3884,.F.);
#3884 = EDGE_CURVE('',#3725,#700,#3885,.T.);
#3885 = B_SPLINE_CURVE_WITH_KNOTS('',1,(#3886,#3887),.UNSPECIFIED.,.F.,
  .F.,(2,2),(-0.,1.000000000002E-03),.PIECEWISE_BEZIER_KNOTS.);
#3886 = CARTESIAN_POINT('',(-0.802341231216,2.695398798938,
    3.934449749788));
#3887 = CARTESIAN_POINT('',(-0.802341231216,2.694399665865,
    3.934408119243));
#3888 = ORIENTED_EDGE('',*,*,#3724,.F.);
#3889 = ORIENTED_EDGE('',*,*,#3868,.T.);
#3890 = B_SPLINE_SURFACE_WITH_KNOTS('',1,1,(
    (#3891,#3892)
    ,(#3893,#3894
    )),.UNSPECIFIED.,.F.,.F.,.F.,(2,2),(2,2),(-6.466958336239E-17,
    1.000000000002E-03),(-3.908199120116E-23,8.468828228454E-02),
  .PIECEWISE_BEZIER_KNOTS.);
#3891 = CARTESIAN_POINT('',(-0.802341231216,2.695398798938,
    3.934449749788));
#3892 = CARTESIAN_POINT('',(-0.717655078826,2.695373794616,
    3.935049853506));
#3893 = CARTESIAN_POINT('',(-0.802341231216,2.694399665865,
    3.934408119243));
#3894 = CARTESIAN_POINT('',(-0.717655078826,2.694374661543,
    3.935008222962));
#3895 = ADVANCED_FACE('',(#3896),#3906,.F.);
#3896 = FACE_BOUND('',#3897,.T.);
#3897 = EDGE_LOOP('',(#3898,#3899,#3904,#3905));
#3898 = ORIENTED_EDGE('',*,*,#699,.T.);
#3899 = ORIENTED_EDGE('',*,*,#3900,.F.);
#3900 = EDGE_CURVE('',#3732,#693,#3901,.T.);
#3901 = B_SPLINE_CURVE_WITH_KNOTS('',1,(#3902,#3903),.UNSPECIFIED.,.F.,
  .F.,(2,2),(-0.,1.000000000001E-03),.PIECEWISE_BEZIER_KNOTS.);
#3902 = CARTESIAN_POINT('',(-0.822689363001,2.697720649474,
    3.878725336917));
#3903 = CARTESIAN_POINT('',(-0.822689363001,2.696721516401,
    3.878683706372));
#3904 = ORIENTED_EDGE('',*,*,#3731,.F.);
#3905 = ORIENTED_EDGE('',*,*,#3884,.T.);
#3906 = B_SPLINE_SURFACE_WITH_KNOTS('',1,1,(
    (#3907,#3908)
    ,(#3909,#3910
    )),.UNSPECIFIED.,.F.,.F.,.F.,(2,2),(2,2),(-3.911295419051E-05,
    5.932331379174E-02),(-3.321321721425E-03,0.),
  .PIECEWISE_BEZIER_KNOTS.);
#3907 = CARTESIAN_POINT('',(-0.822658233957,2.694399665865,
    3.878672359099));
#3908 = CARTESIAN_POINT('',(-0.822702758375,2.697720649474,
    3.878688589303));
#3909 = CARTESIAN_POINT('',(-0.802327835841,2.694399665865,
    3.934444866857));
#3910 = CARTESIAN_POINT('',(-0.802372360259,2.697720649474,
    3.934461097061));
#3911 = ADVANCED_FACE('',(#3912),#3918,.F.);
#3912 = FACE_BOUND('',#3913,.T.);
#3913 = EDGE_LOOP('',(#3914,#3915,#3916,#3917));
#3914 = ORIENTED_EDGE('',*,*,#692,.T.);
#3915 = ORIENTED_EDGE('',*,*,#3806,.F.);
#3916 = ORIENTED_EDGE('',*,*,#3738,.F.);
#3917 = ORIENTED_EDGE('',*,*,#3900,.T.);
#3918 = B_SPLINE_SURFACE_WITH_KNOTS('',1,1,(
    (#3919,#3920)
    ,(#3921,#3922
    )),.UNSPECIFIED.,.F.,.F.,.F.,(2,2),(2,2),(-3.609966176501E-17,
    1.000000000001E-03),(-3.977318085243E-22,2.900924586545E-02),
  .PIECEWISE_BEZIER_KNOTS.);
#3919 = CARTESIAN_POINT('',(-0.851697879289,2.69772921449,3.878519776527
    ));
#3920 = CARTESIAN_POINT('',(-0.822689363001,2.697720649474,
    3.878725336917));
#3921 = CARTESIAN_POINT('',(-0.851697879289,2.696730081417,
    3.878478145982));
#3922 = CARTESIAN_POINT('',(-0.822689363001,2.696721516401,
    3.878683706372));
#3923 = ADVANCED_FACE('',(#3924),#3946,.T.);
#3924 = FACE_BOUND('',#3925,.T.);
#3925 = EDGE_LOOP('',(#3926,#3935,#3940,#3941));
#3926 = ORIENTED_EDGE('',*,*,#3927,.F.);
#3927 = EDGE_CURVE('',#3928,#3930,#3932,.T.);
#3928 = VERTEX_POINT('',#3929);
#3929 = CARTESIAN_POINT('',(-0.726135901646,2.693420527806,
    3.957907432647));
#3930 = VERTEX_POINT('',#3931);
#3931 = CARTESIAN_POINT('',(-0.794394292123,2.693440681689,
    3.957423739472));
#3932 = B_SPLINE_CURVE_WITH_KNOTS('',1,(#3933,#3934),.UNSPECIFIED.,.F.,
  .F.,(2,2),(-1.221870202476E-15,6.826010720605E-02),
  .PIECEWISE_BEZIER_KNOTS.);
#3933 = CARTESIAN_POINT('',(-0.726135901646,2.693420527806,
    3.957907432647));
#3934 = CARTESIAN_POINT('',(-0.794394292123,2.693440681689,
    3.957423739472));
#3935 = ORIENTED_EDGE('',*,*,#3936,.F.);
#3936 = EDGE_CURVE('',#3746,#3928,#3937,.T.);
#3937 = B_SPLINE_CURVE_WITH_KNOTS('',1,(#3938,#3939),.UNSPECIFIED.,.F.,
  .F.,(2,2),(-0.,1.000000000002E-03),.PIECEWISE_BEZIER_KNOTS.);
#3938 = CARTESIAN_POINT('',(-0.726135901646,2.694419660879,
    3.957949063192));
#3939 = CARTESIAN_POINT('',(-0.726135901646,2.693420527806,
    3.957907432647));
#3940 = ORIENTED_EDGE('',*,*,#3745,.T.);
#3941 = ORIENTED_EDGE('',*,*,#3942,.T.);
#3942 = EDGE_CURVE('',#3748,#3930,#3943,.T.);
#3943 = B_SPLINE_CURVE_WITH_KNOTS('',1,(#3944,#3945),.UNSPECIFIED.,.F.,
  .F.,(2,2),(-0.,9.999999999995E-04),.PIECEWISE_BEZIER_KNOTS.);
#3944 = CARTESIAN_POINT('',(-0.794394292123,2.694439814762,
    3.957465370017));
#3945 = CARTESIAN_POINT('',(-0.794394292123,2.693440681689,
    3.957423739472));
#3946 = B_SPLINE_SURFACE_WITH_KNOTS('',1,1,(
    (#3947,#3948)
    ,(#3949,#3950
    )),.UNSPECIFIED.,.F.,.F.,.F.,(2,2),(2,2),(0.,1.000000000002E-03),(
    -6.826010720605E-02,1.221869768184E-15),.PIECEWISE_BEZIER_KNOTS.);
#3947 = CARTESIAN_POINT('',(-0.794394292123,2.694439814762,
    3.957465370017));
#3948 = CARTESIAN_POINT('',(-0.726135901646,2.694419660879,
    3.957949063192));
#3949 = CARTESIAN_POINT('',(-0.794394292123,2.693440681689,
    3.957423739472));
#3950 = CARTESIAN_POINT('',(-0.726135901646,2.693420527806,
    3.957907432647));
#3951 = ADVANCED_FACE('',(#3952),#3968,.T.);
#3952 = FACE_BOUND('',#3953,.T.);
#3953 = EDGE_LOOP('',(#3954,#3961,#3962,#3963));
#3954 = ORIENTED_EDGE('',*,*,#3955,.F.);
#3955 = EDGE_CURVE('',#3930,#3956,#3958,.T.);
#3956 = VERTEX_POINT('',#3957);
#3957 = CARTESIAN_POINT('',(-0.764269736714,2.689912572176,
    4.042098367785));
#3958 = B_SPLINE_CURVE_WITH_KNOTS('',1,(#3959,#3960),.UNSPECIFIED.,.F.,
  .F.,(2,2),(0.,8.994292120644E-02),.PIECEWISE_BEZIER_KNOTS.);
#3959 = CARTESIAN_POINT('',(-0.794394292123,2.693440681689,
    3.957423739472));
#3960 = CARTESIAN_POINT('',(-0.764269736714,2.689912572176,
    4.042098367785));
#3961 = ORIENTED_EDGE('',*,*,#3942,.F.);
#3962 = ORIENTED_EDGE('',*,*,#3786,.T.);
#3963 = ORIENTED_EDGE('',*,*,#3964,.T.);
#3964 = EDGE_CURVE('',#3778,#3956,#3965,.T.);
#3965 = B_SPLINE_CURVE_WITH_KNOTS('',1,(#3966,#3967),.UNSPECIFIED.,.F.,
  .F.,(2,2),(-0.,1.E-03),.PIECEWISE_BEZIER_KNOTS.);
#3966 = CARTESIAN_POINT('',(-0.764269736714,2.690911705249,
    4.042139998329));
#3967 = CARTESIAN_POINT('',(-0.764269736714,2.689912572176,
    4.042098367785));
#3968 = B_SPLINE_SURFACE_WITH_KNOTS('',1,1,(
    (#3969,#3970)
    ,(#3971,#3972
    )),.UNSPECIFIED.,.F.,.F.,.F.,(2,2),(2,2),(-8.987368412355E-02,
    3.922990798795E-05),(-4.527682733968E-03,0.),
  .PIECEWISE_BEZIER_KNOTS.);
#3969 = CARTESIAN_POINT('',(-0.764256607567,2.689912572176,
    4.042135335489));
#3970 = CARTESIAN_POINT('',(-0.764316097973,2.694439814762,
    4.042156463614));
#3971 = CARTESIAN_POINT('',(-0.794347930864,2.689912572176,
    3.957407274188));
#3972 = CARTESIAN_POINT('',(-0.79440742127,2.694439814762,3.957428402313
    ));
#3973 = ADVANCED_FACE('',(#3974),#3992,.T.);
#3974 = FACE_BOUND('',#3975,.T.);
#3975 = EDGE_LOOP('',(#3976,#3985,#3986,#3987));
#3976 = ORIENTED_EDGE('',*,*,#3977,.F.);
#3977 = EDGE_CURVE('',#3956,#3978,#3980,.T.);
#3978 = VERTEX_POINT('',#3979);
#3979 = CARTESIAN_POINT('',(-0.761199580663,2.689318636839,
    4.056352815854));
#3980 = B_SPLINE_CURVE_WITH_KNOTS('',3,(#3981,#3982,#3983,#3984),
  .UNSPECIFIED.,.F.,.F.,(4,4),(1.,2.),.PIECEWISE_BEZIER_KNOTS.);
#3981 = CARTESIAN_POINT('',(-0.764269736714,2.689912572176,
    4.042098367785));
#3982 = CARTESIAN_POINT('',(-0.763301901737,2.689795412116,
    4.044910209219));
#3983 = CARTESIAN_POINT('',(-0.762295353639,2.689600324427,
    4.049592313754));
#3984 = CARTESIAN_POINT('',(-0.761199580663,2.689318636839,
    4.056352815854));
#3985 = ORIENTED_EDGE('',*,*,#3964,.F.);
#3986 = ORIENTED_EDGE('',*,*,#3777,.T.);
#3987 = ORIENTED_EDGE('',*,*,#3988,.T.);
#3988 = EDGE_CURVE('',#3771,#3978,#3989,.T.);
#3989 = B_SPLINE_CURVE_WITH_KNOTS('',1,(#3990,#3991),.UNSPECIFIED.,.F.,
  .F.,(2,2),(-0.,9.999999999999E-04),.PIECEWISE_BEZIER_KNOTS.);
#3990 = CARTESIAN_POINT('',(-0.761199580663,2.690317769913,
    4.056394446399));
#3991 = CARTESIAN_POINT('',(-0.761199580663,2.689318636839,
    4.056352815854));
#3992 = B_SPLINE_SURFACE_WITH_KNOTS('',3,1,(
    (#3993,#3994)
    ,(#3995,#3996)
    ,(#3997,#3998)
    ,(#3999,#4000
    )),.UNSPECIFIED.,.F.,.F.,.F.,(4,4),(2,2),(1.,2.),(0.,1.),
  .PIECEWISE_BEZIER_KNOTS.);
#3993 = CARTESIAN_POINT('',(-0.764269736714,2.690911705249,
    4.042139998329));
#3994 = CARTESIAN_POINT('',(-0.764269736714,2.689912572176,
    4.042098367785));
#3995 = CARTESIAN_POINT('',(-0.763301901737,2.690794545189,
    4.044951839764));
#3996 = CARTESIAN_POINT('',(-0.763301901737,2.689795412116,
    4.044910209219));
#3997 = CARTESIAN_POINT('',(-0.762295353639,2.6905994575,4.049633944298)
  );
#3998 = CARTESIAN_POINT('',(-0.762295353639,2.689600324427,
    4.049592313754));
#3999 = CARTESIAN_POINT('',(-0.761199580663,2.690317769913,
    4.056394446399));
#4000 = CARTESIAN_POINT('',(-0.761199580663,2.689318636839,
    4.056352815854));
#4001 = ADVANCED_FACE('',(#4002),#4018,.T.);
#4002 = FACE_BOUND('',#4003,.T.);
#4003 = EDGE_LOOP('',(#4004,#4011,#4012,#4013));
#4004 = ORIENTED_EDGE('',*,*,#4005,.F.);
#4005 = EDGE_CURVE('',#3978,#4006,#4008,.T.);
#4006 = VERTEX_POINT('',#4007);
#4007 = CARTESIAN_POINT('',(-0.760575741604,2.689318452646,
    4.056357236508));
#4008 = B_SPLINE_CURVE_WITH_KNOTS('',1,(#4009,#4010),.UNSPECIFIED.,.F.,
  .F.,(2,2),(1.442296859962E-18,6.238547490793E-04),
  .PIECEWISE_BEZIER_KNOTS.);
#4009 = CARTESIAN_POINT('',(-0.761199580663,2.689318636839,
    4.056352815854));
#4010 = CARTESIAN_POINT('',(-0.760575741604,2.689318452646,
    4.056357236508));
#4011 = ORIENTED_EDGE('',*,*,#3988,.F.);
#4012 = ORIENTED_EDGE('',*,*,#3770,.T.);
#4013 = ORIENTED_EDGE('',*,*,#4014,.T.);
#4014 = EDGE_CURVE('',#3762,#4006,#4015,.T.);
#4015 = B_SPLINE_CURVE_WITH_KNOTS('',1,(#4016,#4017),.UNSPECIFIED.,.F.,
  .F.,(2,2),(-0.,9.999999999999E-04),.PIECEWISE_BEZIER_KNOTS.);
#4016 = CARTESIAN_POINT('',(-0.760575741604,2.690317585719,
    4.056398867052));
#4017 = CARTESIAN_POINT('',(-0.760575741604,2.689318452646,
    4.056357236508));
#4018 = B_SPLINE_SURFACE_WITH_KNOTS('',1,1,(
    (#4019,#4020)
    ,(#4021,#4022
    )),.UNSPECIFIED.,.F.,.F.,.F.,(2,2),(2,2),(-9.999999999999E-04,
    4.437042169646E-16),(-1.311216534225E-19,6.238547490793E-04),
  .PIECEWISE_BEZIER_KNOTS.);
#4019 = CARTESIAN_POINT('',(-0.761199580663,2.689318636839,
    4.056352815854));
#4020 = CARTESIAN_POINT('',(-0.760575741604,2.689318452646,
    4.056357236508));
#4021 = CARTESIAN_POINT('',(-0.761199580663,2.690317769913,
    4.056394446399));
#4022 = CARTESIAN_POINT('',(-0.760575741604,2.690317585719,
    4.056398867052));
#4023 = ADVANCED_FACE('',(#4024),#4042,.T.);
#4024 = FACE_BOUND('',#4025,.T.);
#4025 = EDGE_LOOP('',(#4026,#4035,#4036,#4037));
#4026 = ORIENTED_EDGE('',*,*,#4027,.F.);
#4027 = EDGE_CURVE('',#4006,#4028,#4030,.T.);
#4028 = VERTEX_POINT('',#4029);
#4029 = CARTESIAN_POINT('',(-0.757147574112,2.689910469295,
    4.042148836913));
#4030 = B_SPLINE_CURVE_WITH_KNOTS('',3,(#4031,#4032,#4033,#4034),
  .UNSPECIFIED.,.F.,.F.,(4,4),(3.,4.),.PIECEWISE_BEZIER_KNOTS.);
#4031 = CARTESIAN_POINT('',(-0.760575741604,2.689318452646,
    4.056357236508));
#4032 = CARTESIAN_POINT('',(-0.759544488947,2.689573540144,
    4.050235136544));
#4033 = CARTESIAN_POINT('',(-0.758418849508,2.689772326964,4.04546425287
    ));
#4034 = CARTESIAN_POINT('',(-0.757147574112,2.689910469295,
    4.042148836913));
#4035 = ORIENTED_EDGE('',*,*,#4014,.F.);
#4036 = ORIENTED_EDGE('',*,*,#3761,.T.);
#4037 = ORIENTED_EDGE('',*,*,#4038,.T.);
#4038 = EDGE_CURVE('',#3755,#4028,#4039,.T.);
#4039 = B_SPLINE_CURVE_WITH_KNOTS('',1,(#4040,#4041),.UNSPECIFIED.,.F.,
  .F.,(2,2),(-8.874084339293E-16,9.999999999999E-04),
  .PIECEWISE_BEZIER_KNOTS.);
#4040 = CARTESIAN_POINT('',(-0.757147574112,2.690909602368,
    4.042190467457));
#4041 = CARTESIAN_POINT('',(-0.757147574112,2.689910469295,
    4.042148836913));
#4042 = B_SPLINE_SURFACE_WITH_KNOTS('',3,1,(
    (#4043,#4044)
    ,(#4045,#4046)
    ,(#4047,#4048)
    ,(#4049,#4050
    )),.UNSPECIFIED.,.F.,.F.,.F.,(4,4),(2,2),(3.,4.),(0.,1.),
  .PIECEWISE_BEZIER_KNOTS.);
#4043 = CARTESIAN_POINT('',(-0.760575741604,2.690317585719,
    4.056398867052));
#4044 = CARTESIAN_POINT('',(-0.760575741604,2.689318452646,
    4.056357236508));
#4045 = CARTESIAN_POINT('',(-0.759544488947,2.690572673217,
    4.050276767089));
#4046 = CARTESIAN_POINT('',(-0.759544488947,2.689573540144,
    4.050235136544));
#4047 = CARTESIAN_POINT('',(-0.758418849508,2.690771460037,
    4.045505883415));
#4048 = CARTESIAN_POINT('',(-0.758418849508,2.689772326964,4.04546425287
    ));
#4049 = CARTESIAN_POINT('',(-0.757147574112,2.690909602368,
    4.042190467457));
#4050 = CARTESIAN_POINT('',(-0.757147574112,2.689910469295,
    4.042148836913));
#4051 = ADVANCED_FACE('',(#4052),#4062,.T.);
#4052 = FACE_BOUND('',#4053,.T.);
#4053 = EDGE_LOOP('',(#4054,#4059,#4060,#4061));
#4054 = ORIENTED_EDGE('',*,*,#4055,.F.);
#4055 = EDGE_CURVE('',#4028,#3928,#4056,.T.);
#4056 = B_SPLINE_CURVE_WITH_KNOTS('',1,(#4057,#4058),.UNSPECIFIED.,.F.,
  .F.,(2,2),(0.,8.983684395879E-02),.PIECEWISE_BEZIER_KNOTS.);
#4057 = CARTESIAN_POINT('',(-0.757147574112,2.689910469295,
    4.042148836913));
#4058 = CARTESIAN_POINT('',(-0.726135901646,2.693420527806,
    3.957907432647));
#4059 = ORIENTED_EDGE('',*,*,#4038,.F.);
#4060 = ORIENTED_EDGE('',*,*,#3754,.T.);
#4061 = ORIENTED_EDGE('',*,*,#3936,.T.);
#4062 = B_SPLINE_SURFACE_WITH_KNOTS('',1,1,(
    (#4063,#4064)
    ,(#4065,#4066
    )),.UNSPECIFIED.,.F.,.F.,.F.,(2,2),(2,2),(-8.980730751774E-02,
    3.467594231273E-17),(-9.992362603819E-04,3.51042101874E-03),
  .PIECEWISE_BEZIER_KNOTS.);
#4063 = CARTESIAN_POINT('',(-0.726183253243,2.689910469295,3.95789003138
    ));
#4064 = CARTESIAN_POINT('',(-0.726122423082,2.694419660879,
    3.957912385893));
#4065 = CARTESIAN_POINT('',(-0.757161052676,2.689910469295,
    4.042185514212));
#4066 = CARTESIAN_POINT('',(-0.757100222516,2.694419660879,
    4.042207868725));
#4067 = ADVANCED_FACE('',(#4068),#4076,.F.);
#4068 = FACE_BOUND('',#4069,.T.);
#4069 = EDGE_LOOP('',(#4070,#4071,#4072,#4073,#4074,#4075));
#4070 = ORIENTED_EDGE('',*,*,#4055,.T.);
#4071 = ORIENTED_EDGE('',*,*,#3927,.T.);
#4072 = ORIENTED_EDGE('',*,*,#3955,.T.);
#4073 = ORIENTED_EDGE('',*,*,#3977,.T.);
#4074 = ORIENTED_EDGE('',*,*,#4005,.T.);
#4075 = ORIENTED_EDGE('',*,*,#4027,.T.);
#4076 = B_SPLINE_SURFACE_WITH_KNOTS('',1,1,(
    (#4077,#4078)
    ,(#4079,#4080
    )),.UNSPECIFIED.,.F.,.F.,.F.,(2,2),(2,2),(0.944461642704,
    1.043480982269),(4.455605707877,4.523864098354),
  .PIECEWISE_BEZIER_KNOTS.);
#4077 = CARTESIAN_POINT('',(-0.794394292123,2.689318452646,
    4.056357236508));
#4078 = CARTESIAN_POINT('',(-0.726135901646,2.689318452646,
    4.056357236508));
#4079 = CARTESIAN_POINT('',(-0.794394292123,2.693440681689,
    3.957423739472));
#4080 = CARTESIAN_POINT('',(-0.726135901646,2.693440681689,
    3.957423739472));
#4081 = ADVANCED_FACE('',(#4082),#4104,.F.);
#4082 = FACE_BOUND('',#4083,.T.);
#4083 = EDGE_LOOP('',(#4084,#4085,#4092,#4099));
#4084 = ORIENTED_EDGE('',*,*,#254,.T.);
#4085 = ORIENTED_EDGE('',*,*,#4086,.F.);
#4086 = EDGE_CURVE('',#4087,#257,#4089,.T.);
#4087 = VERTEX_POINT('',#4088);
#4088 = CARTESIAN_POINT('',(-0.142764469515,2.709986487546,
    3.584345223185));
#4089 = B_SPLINE_CURVE_WITH_KNOTS('',1,(#4090,#4091),.UNSPECIFIED.,.F.,
  .F.,(2,2),(-0.,1.000000000001E-03),.PIECEWISE_BEZIER_KNOTS.);
#4090 = CARTESIAN_POINT('',(-0.142764469515,2.709986487546,
    3.584345223185));
#4091 = CARTESIAN_POINT('',(-0.142764469515,2.708987354473,3.58430359264
    ));
#4092 = ORIENTED_EDGE('',*,*,#4093,.F.);
#4093 = EDGE_CURVE('',#4094,#4087,#4096,.T.);
#4094 = VERTEX_POINT('',#4095);
#4095 = CARTESIAN_POINT('',(-0.142600025998,2.710951734122,
    3.561179305373));
#4096 = B_SPLINE_CURVE_WITH_KNOTS('',1,(#4097,#4098),.UNSPECIFIED.,.F.,
  .F.,(2,2),(-2.318660153379E-02,0.),.PIECEWISE_BEZIER_KNOTS.);
#4097 = CARTESIAN_POINT('',(-0.142600025998,2.710951734122,
    3.561179305373));
#4098 = CARTESIAN_POINT('',(-0.142764469515,2.709986487546,
    3.584345223185));
#4099 = ORIENTED_EDGE('',*,*,#4100,.T.);
#4100 = EDGE_CURVE('',#4094,#255,#4101,.T.);
#4101 = B_SPLINE_CURVE_WITH_KNOTS('',1,(#4102,#4103),.UNSPECIFIED.,.F.,
  .F.,(2,2),(-0.,9.999999999995E-04),.PIECEWISE_BEZIER_KNOTS.);
#4102 = CARTESIAN_POINT('',(-0.142600025998,2.710951734122,
    3.561179305373));
#4103 = CARTESIAN_POINT('',(-0.142600025998,2.709952601049,
    3.561137674829));
#4104 = B_SPLINE_SURFACE_WITH_KNOTS('',1,1,(
    (#4105,#4106)
    ,(#4107,#4108
    )),.UNSPECIFIED.,.F.,.F.,.F.,(2,2),(2,2),(0.,2.32081309543E-02),(
    -9.991331166425E-04,9.652466175653E-04),.PIECEWISE_BEZIER_KNOTS.);
#4105 = CARTESIAN_POINT('',(-0.142764764503,2.708987354473,
    3.584345221095));
#4106 = CARTESIAN_POINT('',(-0.142764184532,2.710951734122,
    3.584345225205));
#4107 = CARTESIAN_POINT('',(-0.142600310981,2.708987354473,
    3.561137672809));
#4108 = CARTESIAN_POINT('',(-0.14259973101,2.710951734122,3.561137676919
    ));
#4109 = ADVANCED_FACE('',(#4110),#4126,.F.);
#4110 = FACE_BOUND('',#4111,.T.);
#4111 = EDGE_LOOP('',(#4112,#4113,#4120,#4125));
#4112 = ORIENTED_EDGE('',*,*,#333,.T.);
#4113 = ORIENTED_EDGE('',*,*,#4114,.F.);
#4114 = EDGE_CURVE('',#4115,#327,#4117,.T.);
#4115 = VERTEX_POINT('',#4116);
#4116 = CARTESIAN_POINT('',(-5.963791477535E-02,2.70996194371,
    3.58493427527));
#4117 = B_SPLINE_CURVE_WITH_KNOTS('',1,(#4118,#4119),.UNSPECIFIED.,.F.,
  .F.,(2,2),(-0.,1.000000000002E-03),.PIECEWISE_BEZIER_KNOTS.);
#4118 = CARTESIAN_POINT('',(-5.963791477535E-02,2.70996194371,
    3.58493427527));
#4119 = CARTESIAN_POINT('',(-5.963791477535E-02,2.708962810636,
    3.584892644725));
#4120 = ORIENTED_EDGE('',*,*,#4121,.F.);
#4121 = EDGE_CURVE('',#4087,#4115,#4122,.T.);
#4122 = B_SPLINE_CURVE_WITH_KNOTS('',1,(#4123,#4124),.UNSPECIFIED.,.F.,
  .F.,(2,2),(-8.312864540976E-02,0.),.PIECEWISE_BEZIER_KNOTS.);
#4123 = CARTESIAN_POINT('',(-0.142764469515,2.709986487546,
    3.584345223185));
#4124 = CARTESIAN_POINT('',(-5.963791477535E-02,2.70996194371,
    3.58493427527));
#4125 = ORIENTED_EDGE('',*,*,#4086,.T.);
#4126 = B_SPLINE_SURFACE_WITH_KNOTS('',1,1,(
    (#4127,#4128)
    ,(#4129,#4130
    )),.UNSPECIFIED.,.F.,.F.,.F.,(2,2),(2,2),(-1.000000000002E-03,0.),(
    -8.312864540976E-02,4.909512250145E-17),.PIECEWISE_BEZIER_KNOTS.);
#4127 = CARTESIAN_POINT('',(-0.142764469515,2.708987354473,3.58430359264
    ));
#4128 = CARTESIAN_POINT('',(-5.963791477535E-02,2.708962810636,
    3.584892644725));
#4129 = CARTESIAN_POINT('',(-0.142764469515,2.709986487546,
    3.584345223185));
#4130 = CARTESIAN_POINT('',(-5.963791477535E-02,2.70996194371,
    3.58493427527));
#4131 = ADVANCED_FACE('',(#4132),#4148,.F.);
#4132 = FACE_BOUND('',#4133,.T.);
#4133 = EDGE_LOOP('',(#4134,#4135,#4142,#4147));
#4134 = ORIENTED_EDGE('',*,*,#326,.T.);
#4135 = ORIENTED_EDGE('',*,*,#4136,.F.);
#4136 = EDGE_CURVE('',#4137,#320,#4139,.T.);
#4137 = VERTEX_POINT('',#4138);
#4138 = CARTESIAN_POINT('',(-6.012313376308E-02,2.707113817043,
    3.65328931527));
#4139 = B_SPLINE_CURVE_WITH_KNOTS('',1,(#4140,#4141),.UNSPECIFIED.,.F.,
  .F.,(2,2),(-0.,1.000000000002E-03),.PIECEWISE_BEZIER_KNOTS.);
#4140 = CARTESIAN_POINT('',(-6.012313376308E-02,2.707113817043,
    3.65328931527));
#4141 = CARTESIAN_POINT('',(-6.012313376308E-02,2.70611468397,
    3.653247684726));
#4142 = ORIENTED_EDGE('',*,*,#4143,.F.);
#4143 = EDGE_CURVE('',#4115,#4137,#4144,.T.);
#4144 = B_SPLINE_CURVE_WITH_KNOTS('',1,(#4145,#4146),.UNSPECIFIED.,.F.,
  .F.,(2,2),(-6.841607089331E-02,0.),.PIECEWISE_BEZIER_KNOTS.);
#4145 = CARTESIAN_POINT('',(-5.963791477535E-02,2.70996194371,
    3.58493427527));
#4146 = CARTESIAN_POINT('',(-6.012313376308E-02,2.707113817043,
    3.65328931527));
#4147 = ORIENTED_EDGE('',*,*,#4114,.T.);
#4148 = B_SPLINE_SURFACE_WITH_KNOTS('',1,1,(
    (#4149,#4150)
    ,(#4151,#4152
    )),.UNSPECIFIED.,.F.,.F.,.F.,(2,2),(2,2),(0.,6.839839163951E-02),(
    -9.991331166429E-04,2.848126790838E-03),.PIECEWISE_BEZIER_KNOTS.);
#4149 = CARTESIAN_POINT('',(-6.012342875098E-02,2.70611468397,
    3.65328931318));
#4150 = CARTESIAN_POINT('',(-6.012229287118E-02,2.70996194371,
    3.653289321229));
#4151 = CARTESIAN_POINT('',(-5.963875566725E-02,2.70611468397,
    3.584892638766));
#4152 = CARTESIAN_POINT('',(-5.963761978745E-02,2.70996194371,
    3.584892646815));
#4153 = ADVANCED_FACE('',(#4154),#4170,.F.);
#4154 = FACE_BOUND('',#4155,.T.);
#4155 = EDGE_LOOP('',(#4156,#4157,#4164,#4169));
#4156 = ORIENTED_EDGE('',*,*,#319,.T.);
#4157 = ORIENTED_EDGE('',*,*,#4158,.F.);
#4158 = EDGE_CURVE('',#4159,#313,#4161,.T.);
#4159 = VERTEX_POINT('',#4160);
#4160 = CARTESIAN_POINT('',(-0.132852370837,2.707135290981,
    3.652773940745));
#4161 = B_SPLINE_CURVE_WITH_KNOTS('',1,(#4162,#4163),.UNSPECIFIED.,.F.,
  .F.,(2,2),(-0.,1.000000000002E-03),.PIECEWISE_BEZIER_KNOTS.);
#4162 = CARTESIAN_POINT('',(-0.132852370837,2.707135290981,
    3.652773940745));
#4163 = CARTESIAN_POINT('',(-0.132852370837,2.706136157908,3.6527323102)
  );
#4164 = ORIENTED_EDGE('',*,*,#4165,.F.);
#4165 = EDGE_CURVE('',#4137,#4159,#4166,.T.);
#4166 = B_SPLINE_CURVE_WITH_KNOTS('',1,(#4167,#4168),.UNSPECIFIED.,.F.,
  .F.,(2,2),(-7.273106624666E-02,0.),.PIECEWISE_BEZIER_KNOTS.);
#4167 = CARTESIAN_POINT('',(-6.012313376308E-02,2.707113817043,
    3.65328931527));
#4168 = CARTESIAN_POINT('',(-0.132852370837,2.707135290981,
    3.652773940745));
#4169 = ORIENTED_EDGE('',*,*,#4136,.T.);
#4170 = B_SPLINE_SURFACE_WITH_KNOTS('',1,1,(
    (#4171,#4172)
    ,(#4173,#4174
    )),.UNSPECIFIED.,.F.,.F.,.F.,(2,2),(2,2),(-0.,1.000000000002E-03),(
    -4.376147818296E-23,7.273106624666E-02),.PIECEWISE_BEZIER_KNOTS.);
#4171 = CARTESIAN_POINT('',(-0.132852370837,2.707135290981,
    3.652773940745));
#4172 = CARTESIAN_POINT('',(-6.012313376308E-02,2.707113817043,
    3.65328931527));
#4173 = CARTESIAN_POINT('',(-0.132852370837,2.706136157908,3.6527323102)
  );
#4174 = CARTESIAN_POINT('',(-6.012313376308E-02,2.70611468397,
    3.653247684726));
#4175 = ADVANCED_FACE('',(#4176),#4192,.F.);
#4176 = FACE_BOUND('',#4177,.T.);
#4177 = EDGE_LOOP('',(#4178,#4179,#4186,#4191));
#4178 = ORIENTED_EDGE('',*,*,#312,.T.);
#4179 = ORIENTED_EDGE('',*,*,#4180,.F.);
#4180 = EDGE_CURVE('',#4181,#306,#4183,.T.);
#4181 = VERTEX_POINT('',#4182);
#4182 = CARTESIAN_POINT('',(-0.133017551769,2.706165715946,
    3.676043741596));
#4183 = B_SPLINE_CURVE_WITH_KNOTS('',1,(#4184,#4185),.UNSPECIFIED.,.F.,
  .F.,(2,2),(-0.,1.000000000002E-03),.PIECEWISE_BEZIER_KNOTS.);
#4184 = CARTESIAN_POINT('',(-0.133017551769,2.706165715946,
    3.676043741596));
#4185 = CARTESIAN_POINT('',(-0.133017551769,2.705166582873,
    3.676002111051));
#4186 = ORIENTED_EDGE('',*,*,#4187,.F.);
#4187 = EDGE_CURVE('',#4159,#4181,#4188,.T.);
#4188 = B_SPLINE_CURVE_WITH_KNOTS('',1,(#4189,#4190),.UNSPECIFIED.,.F.,
  .F.,(2,2),(-2.32905773253E-02,0.),.PIECEWISE_BEZIER_KNOTS.);
#4189 = CARTESIAN_POINT('',(-0.132852370837,2.707135290981,
    3.652773940745));
#4190 = CARTESIAN_POINT('',(-0.133017551769,2.706165715946,
    3.676043741596));
#4191 = ORIENTED_EDGE('',*,*,#4158,.T.);
#4192 = B_SPLINE_SURFACE_WITH_KNOTS('',1,1,(
    (#4193,#4194)
    ,(#4195,#4196
    )),.UNSPECIFIED.,.F.,.F.,.F.,(2,2),(2,2),(0.,2.331201661092E-02),(
    -9.991331166429E-04,9.695750777287E-04),.PIECEWISE_BEZIER_KNOTS.);
#4193 = CARTESIAN_POINT('',(-0.133017846757,2.705166582873,
    3.676043739506));
#4194 = CARTESIAN_POINT('',(-0.133017265508,2.707135290981,
    3.676043743625));
#4195 = CARTESIAN_POINT('',(-0.132852657098,2.705166582873,
    3.652732308172));
#4196 = CARTESIAN_POINT('',(-0.132852075849,2.707135290981,
    3.652732312291));
#4197 = ADVANCED_FACE('',(#4198),#4214,.F.);
#4198 = FACE_BOUND('',#4199,.T.);
#4199 = EDGE_LOOP('',(#4200,#4201,#4208,#4213));
#4200 = ORIENTED_EDGE('',*,*,#305,.T.);
#4201 = ORIENTED_EDGE('',*,*,#4202,.F.);
#4202 = EDGE_CURVE('',#4203,#299,#4205,.T.);
#4203 = VERTEX_POINT('',#4204);
#4204 = CARTESIAN_POINT('',(-6.028831469507E-02,2.706144242007,
    3.676559116122));
#4205 = B_SPLINE_CURVE_WITH_KNOTS('',1,(#4206,#4207),.UNSPECIFIED.,.F.,
  .F.,(2,2),(-0.,1.000000000002E-03),.PIECEWISE_BEZIER_KNOTS.);
#4206 = CARTESIAN_POINT('',(-6.028831469507E-02,2.706144242007,
    3.676559116122));
#4207 = CARTESIAN_POINT('',(-6.028831469507E-02,2.705145108934,
    3.676517485577));
#4208 = ORIENTED_EDGE('',*,*,#4209,.F.);
#4209 = EDGE_CURVE('',#4181,#4203,#4210,.T.);
#4210 = B_SPLINE_CURVE_WITH_KNOTS('',1,(#4211,#4212),.UNSPECIFIED.,.F.,
  .F.,(2,2),(-7.273106624666E-02,0.),.PIECEWISE_BEZIER_KNOTS.);
#4211 = CARTESIAN_POINT('',(-0.133017551769,2.706165715946,
    3.676043741596));
#4212 = CARTESIAN_POINT('',(-6.028831469507E-02,2.706144242007,
    3.676559116122));
#4213 = ORIENTED_EDGE('',*,*,#4180,.T.);
#4214 = B_SPLINE_SURFACE_WITH_KNOTS('',1,1,(
    (#4215,#4216)
    ,(#4217,#4218
    )),.UNSPECIFIED.,.F.,.F.,.F.,(2,2),(2,2),(-1.000000000002E-03,
    1.017098132524E-16),(-7.273106624666E-02,3.890923681002E-16),
  .PIECEWISE_BEZIER_KNOTS.);
#4215 = CARTESIAN_POINT('',(-0.133017551769,2.705166582873,
    3.676002111051));
#4216 = CARTESIAN_POINT('',(-6.028831469507E-02,2.705145108934,
    3.676517485577));
#4217 = CARTESIAN_POINT('',(-0.133017551769,2.706165715946,
    3.676043741596));
#4218 = CARTESIAN_POINT('',(-6.028831469507E-02,2.706144242007,
    3.676559116122));
#4219 = ADVANCED_FACE('',(#4220),#4236,.F.);
#4220 = FACE_BOUND('',#4221,.T.);
#4221 = EDGE_LOOP('',(#4222,#4223,#4230,#4235));
#4222 = ORIENTED_EDGE('',*,*,#298,.T.);
#4223 = ORIENTED_EDGE('',*,*,#4224,.F.);
#4224 = EDGE_CURVE('',#4225,#292,#4227,.T.);
#4225 = VERTEX_POINT('',#4226);
#4226 = CARTESIAN_POINT('',(-6.07499364068E-02,2.70343462606,
    3.741589898859));
#4227 = B_SPLINE_CURVE_WITH_KNOTS('',1,(#4228,#4229),.UNSPECIFIED.,.F.,
  .F.,(2,2),(-0.,1.000000000002E-03),.PIECEWISE_BEZIER_KNOTS.);
#4228 = CARTESIAN_POINT('',(-6.07499364068E-02,2.70343462606,
    3.741589898859));
#4229 = CARTESIAN_POINT('',(-6.07499364068E-02,2.702435492987,
    3.741548268314));
#4230 = ORIENTED_EDGE('',*,*,#4231,.F.);
#4231 = EDGE_CURVE('',#4203,#4225,#4232,.T.);
#4232 = B_SPLINE_CURVE_WITH_KNOTS('',1,(#4233,#4234),.UNSPECIFIED.,.F.,
  .F.,(2,2),(-6.508884556213E-02,0.),.PIECEWISE_BEZIER_KNOTS.);
#4233 = CARTESIAN_POINT('',(-6.028831469507E-02,2.706144242007,
    3.676559116122));
#4234 = CARTESIAN_POINT('',(-6.07499364068E-02,2.70343462606,
    3.741589898859));
#4235 = ORIENTED_EDGE('',*,*,#4202,.T.);
#4236 = B_SPLINE_SURFACE_WITH_KNOTS('',1,1,(
    (#4237,#4238)
    ,(#4239,#4240
    )),.UNSPECIFIED.,.F.,.F.,.F.,(2,2),(2,2),(0.,6.507405062459E-02),(
    -9.991331166434E-04,2.70961606549E-03),.PIECEWISE_BEZIER_KNOTS.);
#4237 = CARTESIAN_POINT('',(-6.07502313947E-02,2.702435492987,
    3.741589896768));
#4238 = CARTESIAN_POINT('',(-6.074913640934E-02,2.706144242007,
    3.741589904528));
#4239 = CARTESIAN_POINT('',(-6.028911469253E-02,2.702435492987,
    3.676517479908));
#4240 = CARTESIAN_POINT('',(-6.028801970717E-02,2.706144242007,
    3.676517487667));
#4241 = ADVANCED_FACE('',(#4242),#4258,.F.);
#4242 = FACE_BOUND('',#4243,.T.);
#4243 = EDGE_LOOP('',(#4244,#4245,#4252,#4257));
#4244 = ORIENTED_EDGE('',*,*,#291,.T.);
#4245 = ORIENTED_EDGE('',*,*,#4246,.F.);
#4246 = EDGE_CURVE('',#4247,#285,#4249,.T.);
#4247 = VERTEX_POINT('',#4248);
#4248 = CARTESIAN_POINT('',(-0.139249684785,2.703457803792,
    3.741033633288));
#4249 = B_SPLINE_CURVE_WITH_KNOTS('',1,(#4250,#4251),.UNSPECIFIED.,.F.,
  .F.,(2,2),(-0.,1.000000000002E-03),.PIECEWISE_BEZIER_KNOTS.);
#4250 = CARTESIAN_POINT('',(-0.139249684785,2.703457803792,
    3.741033633288));
#4251 = CARTESIAN_POINT('',(-0.139249684785,2.702458670719,
    3.740992002743));
#4252 = ORIENTED_EDGE('',*,*,#4253,.F.);
#4253 = EDGE_CURVE('',#4225,#4247,#4254,.T.);
#4254 = B_SPLINE_CURVE_WITH_KNOTS('',1,(#4255,#4256),.UNSPECIFIED.,.F.,
  .F.,(2,2),(-7.850172268188E-02,0.),.PIECEWISE_BEZIER_KNOTS.);
#4255 = CARTESIAN_POINT('',(-6.07499364068E-02,2.70343462606,
    3.741589898859));
#4256 = CARTESIAN_POINT('',(-0.139249684785,2.703457803792,
    3.741033633288));
#4257 = ORIENTED_EDGE('',*,*,#4224,.T.);
#4258 = B_SPLINE_SURFACE_WITH_KNOTS('',1,1,(
    (#4259,#4260)
    ,(#4261,#4262
    )),.UNSPECIFIED.,.F.,.F.,.F.,(2,2),(2,2),(-1.173139988248E-16,
    1.000000000002E-03),(-7.766126649916E-16,7.850172268188E-02),
  .PIECEWISE_BEZIER_KNOTS.);
#4259 = CARTESIAN_POINT('',(-0.139249684785,2.703457803792,
    3.741033633288));
#4260 = CARTESIAN_POINT('',(-6.07499364068E-02,2.70343462606,
    3.741589898859));
#4261 = CARTESIAN_POINT('',(-0.139249684785,2.702458670719,
    3.740992002743));
#4262 = CARTESIAN_POINT('',(-6.07499364068E-02,2.702435492987,
    3.741548268314));
#4263 = ADVANCED_FACE('',(#4264),#4280,.F.);
#4264 = FACE_BOUND('',#4265,.T.);
#4265 = EDGE_LOOP('',(#4266,#4267,#4274,#4279));
#4266 = ORIENTED_EDGE('',*,*,#284,.T.);
#4267 = ORIENTED_EDGE('',*,*,#4268,.F.);
#4268 = EDGE_CURVE('',#4269,#278,#4271,.T.);
#4269 = VERTEX_POINT('',#4270);
#4270 = CARTESIAN_POINT('',(-0.139415603132,2.702483900297,
    3.764407317179));
#4271 = B_SPLINE_CURVE_WITH_KNOTS('',1,(#4272,#4273),.UNSPECIFIED.,.F.,
  .F.,(2,2),(-0.,1.000000000002E-03),.PIECEWISE_BEZIER_KNOTS.);
#4272 = CARTESIAN_POINT('',(-0.139415603132,2.702483900297,
    3.764407317179));
#4273 = CARTESIAN_POINT('',(-0.139415603132,2.701484767224,
    3.764365686634));
#4274 = ORIENTED_EDGE('',*,*,#4275,.F.);
#4275 = EDGE_CURVE('',#4247,#4269,#4276,.T.);
#4276 = B_SPLINE_CURVE_WITH_KNOTS('',1,(#4277,#4278),.UNSPECIFIED.,.F.,
  .F.,(2,2),(-2.339455311681E-02,0.),.PIECEWISE_BEZIER_KNOTS.);
#4277 = CARTESIAN_POINT('',(-0.139249684785,2.703457803792,
    3.741033633288));
#4278 = CARTESIAN_POINT('',(-0.139415603132,2.702483900297,
    3.764407317179));
#4279 = ORIENTED_EDGE('',*,*,#4246,.T.);
#4280 = B_SPLINE_SURFACE_WITH_KNOTS('',1,1,(
    (#4281,#4282)
    ,(#4283,#4284
    )),.UNSPECIFIED.,.F.,.F.,.F.,(2,2),(2,2),(0.,2.341590226755E-02),(
    -9.991331166434E-04,9.739035378918E-04),.PIECEWISE_BEZIER_KNOTS.);
#4281 = CARTESIAN_POINT('',(-0.13941589812,2.701484767224,3.764407315088
    ));
#4282 = CARTESIAN_POINT('',(-0.139415315593,2.703457803792,
    3.764407319216));
#4283 = CARTESIAN_POINT('',(-0.139249972324,2.701484767224,
    3.740992000706));
#4284 = CARTESIAN_POINT('',(-0.139249389797,2.703457803792,
    3.740992004834));
#4285 = ADVANCED_FACE('',(#4286),#4302,.F.);
#4286 = FACE_BOUND('',#4287,.T.);
#4287 = EDGE_LOOP('',(#4288,#4289,#4296,#4301));
#4288 = ORIENTED_EDGE('',*,*,#277,.T.);
#4289 = ORIENTED_EDGE('',*,*,#4290,.F.);
#4290 = EDGE_CURVE('',#4291,#271,#4293,.T.);
#4291 = VERTEX_POINT('',#4292);
#4292 = CARTESIAN_POINT('',(-3.466262764717E-02,2.702452971071,
    3.765149618586));
#4293 = B_SPLINE_CURVE_WITH_KNOTS('',1,(#4294,#4295),.UNSPECIFIED.,.F.,
  .F.,(2,2),(-0.,1.000000000002E-03),.PIECEWISE_BEZIER_KNOTS.);
#4294 = CARTESIAN_POINT('',(-3.466262764717E-02,2.702452971071,
    3.765149618586));
#4295 = CARTESIAN_POINT('',(-3.466262764717E-02,2.701453837998,
    3.765107988041));
#4296 = ORIENTED_EDGE('',*,*,#4297,.F.);
#4297 = EDGE_CURVE('',#4269,#4291,#4298,.T.);
#4298 = B_SPLINE_CURVE_WITH_KNOTS('',1,(#4299,#4300),.UNSPECIFIED.,.F.,
  .F.,(2,2),(-0.104755610069,0.),.PIECEWISE_BEZIER_KNOTS.);
#4299 = CARTESIAN_POINT('',(-0.139415603132,2.702483900297,
    3.764407317179));
#4300 = CARTESIAN_POINT('',(-3.466262764717E-02,2.702452971071,
    3.765149618586));
#4301 = ORIENTED_EDGE('',*,*,#4268,.T.);
#4302 = B_SPLINE_SURFACE_WITH_KNOTS('',1,1,(
    (#4303,#4304)
    ,(#4305,#4306
    )),.UNSPECIFIED.,.F.,.F.,.F.,(2,2),(2,2),(-1.000000000002E-03,
    3.975259245341E-16),(-0.104755610069,9.527020516284E-16),
  .PIECEWISE_BEZIER_KNOTS.);
#4303 = CARTESIAN_POINT('',(-0.139415603132,2.701484767224,
    3.764365686634));
#4304 = CARTESIAN_POINT('',(-3.466262764717E-02,2.701453837998,
    3.765107988041));
#4305 = CARTESIAN_POINT('',(-0.139415603132,2.702483900297,
    3.764407317179));
#4306 = CARTESIAN_POINT('',(-3.466262764717E-02,2.702452971071,
    3.765149618586));
#4307 = ADVANCED_FACE('',(#4308),#4324,.F.);
#4308 = FACE_BOUND('',#4309,.T.);
#4309 = EDGE_LOOP('',(#4310,#4311,#4318,#4323));
#4310 = ORIENTED_EDGE('',*,*,#270,.T.);
#4311 = ORIENTED_EDGE('',*,*,#4312,.F.);
#4312 = EDGE_CURVE('',#4313,#264,#4315,.T.);
#4313 = VERTEX_POINT('',#4314);
#4314 = CARTESIAN_POINT('',(-3.322024415173E-02,2.710919438792,
    3.561954393294));
#4315 = B_SPLINE_CURVE_WITH_KNOTS('',1,(#4316,#4317),.UNSPECIFIED.,.F.,
  .F.,(2,2),(-0.,1.000000000002E-03),.PIECEWISE_BEZIER_KNOTS.);
#4316 = CARTESIAN_POINT('',(-3.322024415173E-02,2.710919438792,
    3.561954393294));
#4317 = CARTESIAN_POINT('',(-3.322024415173E-02,2.709920305719,
    3.561912762749));
#4318 = ORIENTED_EDGE('',*,*,#4319,.F.);
#4319 = EDGE_CURVE('',#4291,#4313,#4320,.T.);
#4320 = B_SPLINE_CURVE_WITH_KNOTS('',1,(#4321,#4322),.UNSPECIFIED.,.F.,
  .F.,(2,2),(-0.203376648431,0.),.PIECEWISE_BEZIER_KNOTS.);
#4321 = CARTESIAN_POINT('',(-3.466262764717E-02,2.702452971071,
    3.765149618586));
#4322 = CARTESIAN_POINT('',(-3.322024415173E-02,2.710919438792,
    3.561954393294));
#4323 = ORIENTED_EDGE('',*,*,#4290,.T.);
#4324 = B_SPLINE_SURFACE_WITH_KNOTS('',1,1,(
    (#4325,#4326)
    ,(#4327,#4328
    )),.UNSPECIFIED.,.F.,.F.,.F.,(2,2),(2,2),(-4.162949952629E-05,
    0.203200344599),(-9.465601206156E-03,0.),.PIECEWISE_BEZIER_KNOTS.);
#4325 = CARTESIAN_POINT('',(-3.32227438243E-02,2.701453837998,
    3.561912745036));
#4326 = CARTESIAN_POINT('',(-3.321994916383E-02,2.710919438792,
    3.56191276484));
#4327 = CARTESIAN_POINT('',(-3.466292263507E-02,2.701453837998,
    3.765149616496));
#4328 = CARTESIAN_POINT('',(-3.46601279746E-02,2.710919438792,
    3.765149636299));
#4329 = ADVANCED_FACE('',(#4330),#4340,.F.);
#4330 = FACE_BOUND('',#4331,.T.);
#4331 = EDGE_LOOP('',(#4332,#4333,#4334,#4339));
#4332 = ORIENTED_EDGE('',*,*,#263,.T.);
#4333 = ORIENTED_EDGE('',*,*,#4100,.F.);
#4334 = ORIENTED_EDGE('',*,*,#4335,.F.);
#4335 = EDGE_CURVE('',#4313,#4094,#4336,.T.);
#4336 = B_SPLINE_CURVE_WITH_KNOTS('',1,(#4337,#4338),.UNSPECIFIED.,.F.,
  .F.,(2,2),(-0.109382532797,0.),.PIECEWISE_BEZIER_KNOTS.);
#4337 = CARTESIAN_POINT('',(-3.322024415173E-02,2.710919438792,
    3.561954393294));
#4338 = CARTESIAN_POINT('',(-0.142600025998,2.710951734122,
    3.561179305373));
#4339 = ORIENTED_EDGE('',*,*,#4312,.T.);
#4340 = B_SPLINE_SURFACE_WITH_KNOTS('',1,1,(
    (#4341,#4342)
    ,(#4343,#4344
    )),.UNSPECIFIED.,.F.,.F.,.F.,(2,2),(2,2),(-2.264081211855E-16,
    1.000000000002E-03),(-1.31771673299E-19,0.109382532797),
  .PIECEWISE_BEZIER_KNOTS.);
#4341 = CARTESIAN_POINT('',(-0.142600025998,2.710951734122,
    3.561179305373));
#4342 = CARTESIAN_POINT('',(-3.322024415173E-02,2.710919438792,
    3.561954393294));
#4343 = CARTESIAN_POINT('',(-0.142600025998,2.709952601049,
    3.561137674829));
#4344 = CARTESIAN_POINT('',(-3.322024415173E-02,2.709920305719,
    3.561912762749));
#4345 = ADVANCED_FACE('',(#4346),#4360,.F.);
#4346 = FACE_BOUND('',#4347,.T.);
#4347 = EDGE_LOOP('',(#4348,#4349,#4350,#4351,#4352,#4353,#4354,#4355,
    #4356,#4357,#4358,#4359));
#4348 = ORIENTED_EDGE('',*,*,#4093,.T.);
#4349 = ORIENTED_EDGE('',*,*,#4121,.T.);
#4350 = ORIENTED_EDGE('',*,*,#4143,.T.);
#4351 = ORIENTED_EDGE('',*,*,#4165,.T.);
#4352 = ORIENTED_EDGE('',*,*,#4187,.T.);
#4353 = ORIENTED_EDGE('',*,*,#4209,.T.);
#4354 = ORIENTED_EDGE('',*,*,#4231,.T.);
#4355 = ORIENTED_EDGE('',*,*,#4253,.T.);
#4356 = ORIENTED_EDGE('',*,*,#4275,.T.);
#4357 = ORIENTED_EDGE('',*,*,#4297,.T.);
#4358 = ORIENTED_EDGE('',*,*,#4319,.T.);
#4359 = ORIENTED_EDGE('',*,*,#4335,.T.);
#4360 = B_SPLINE_SURFACE_WITH_KNOTS('',1,1,(
    (#4361,#4362)
    ,(#4363,#4364
    )),.UNSPECIFIED.,.F.,.F.,.F.,(2,2),(2,2),(-1.051634829872,
    -0.847487535877),(-0.142764469515,-3.322024415173E-02),
  .PIECEWISE_BEZIER_KNOTS.);
#4361 = CARTESIAN_POINT('',(-0.142764469515,2.702452971071,
    3.765149618586));
#4362 = CARTESIAN_POINT('',(-3.322024415173E-02,2.702452971071,
    3.765149618586));
#4363 = CARTESIAN_POINT('',(-0.142764469515,2.710951734122,
    3.561179305373));
#4364 = CARTESIAN_POINT('',(-3.322024415173E-02,2.710951734122,
    3.561179305373));
#4365 = ADVANCED_FACE('',(#4366,#4482),#4552,.T.);
#4366 = FACE_BOUND('',#4367,.T.);
#4367 = EDGE_LOOP('',(#4368,#4379,#4386,#4395,#4404,#4411,#4420,#4429,
    #4438,#4447,#4454,#4461,#4468,#4475));
#4368 = ORIENTED_EDGE('',*,*,#4369,.T.);
#4369 = EDGE_CURVE('',#4370,#4372,#4374,.T.);
#4370 = VERTEX_POINT('',#4371);
#4371 = CARTESIAN_POINT('',(-0.232238938369,2.704792520344,
    3.709000436038));
#4372 = VERTEX_POINT('',#4373);
#4373 = CARTESIAN_POINT('',(-0.182131976461,2.705340453931,3.69585002996
    ));
#4374 = B_SPLINE_CURVE_WITH_KNOTS('',3,(#4375,#4376,#4377,#4378),
  .UNSPECIFIED.,.F.,.F.,(4,4),(0.,1.),.PIECEWISE_BEZIER_KNOTS.);
#4375 = CARTESIAN_POINT('',(-0.232238938369,2.704792520344,
    3.709000436038));
#4376 = CARTESIAN_POINT('',(-0.213315820217,2.704786933129,
    3.709134529195));
#4377 = CARTESIAN_POINT('',(-0.196596416523,2.704968129722,
    3.704785810978));
#4378 = CARTESIAN_POINT('',(-0.182131976461,2.705340453931,3.69585002996
    ));
#4379 = ORIENTED_EDGE('',*,*,#4380,.T.);
#4380 = EDGE_CURVE('',#4372,#4381,#4383,.T.);
#4381 = VERTEX_POINT('',#4382);
#4382 = CARTESIAN_POINT('',(-0.181956471721,2.706370627406,
    3.671125866554));
#4383 = B_SPLINE_CURVE_WITH_KNOTS('',1,(#4384,#4385),.UNSPECIFIED.,.F.,
  .F.,(2,2),(-2.474623840926E-02,0.),.PIECEWISE_BEZIER_KNOTS.);
#4384 = CARTESIAN_POINT('',(-0.182131976461,2.705340453931,3.69585002996
    ));
#4385 = CARTESIAN_POINT('',(-0.181956471721,2.706370627406,
    3.671125866554));
#4386 = ORIENTED_EDGE('',*,*,#4387,.T.);
#4387 = EDGE_CURVE('',#4381,#4388,#4390,.T.);
#4388 = VERTEX_POINT('',#4389);
#4389 = CARTESIAN_POINT('',(-0.229700809745,2.705653177804,
    3.688344657013));
#4390 = B_SPLINE_CURVE_WITH_KNOTS('',3,(#4391,#4392,#4393,#4394),
  .UNSPECIFIED.,.F.,.F.,(4,4),(12.,13.),.PIECEWISE_BEZIER_KNOTS.);
#4391 = CARTESIAN_POINT('',(-0.181956471721,2.706370627406,
    3.671125866554));
#4392 = CARTESIAN_POINT('',(-0.196387360566,2.705890076348,
    3.682659091949));
#4393 = CARTESIAN_POINT('',(-0.212285302655,2.705648035724,
    3.688468066924));
#4394 = CARTESIAN_POINT('',(-0.229700809745,2.705653177804,
    3.688344657013));
#4395 = ORIENTED_EDGE('',*,*,#4396,.T.);
#4396 = EDGE_CURVE('',#4388,#4397,#4399,.T.);
#4397 = VERTEX_POINT('',#4398);
#4398 = CARTESIAN_POINT('',(-0.258873022853,2.707142198929,
    3.652608150007));
#4399 = B_SPLINE_CURVE_WITH_KNOTS('',3,(#4400,#4401,#4402,#4403),
  .UNSPECIFIED.,.F.,.F.,(4,4),(11.,12.),.PIECEWISE_BEZIER_KNOTS.);
#4400 = CARTESIAN_POINT('',(-0.229700809745,2.705653177804,
    3.688344657013));
#4401 = CARTESIAN_POINT('',(-0.249299753546,2.705658964562,
    3.688205774814));
#4402 = CARTESIAN_POINT('',(-0.259041153444,2.706155310053,
    3.676293483016));
#4403 = CARTESIAN_POINT('',(-0.258873022853,2.707142198929,
    3.652608150007));
#4404 = ORIENTED_EDGE('',*,*,#4405,.T.);
#4405 = EDGE_CURVE('',#4397,#4406,#4408,.T.);
#4406 = VERTEX_POINT('',#4407);
#4407 = CARTESIAN_POINT('',(-0.215785357653,2.707380540229,
    3.646887958809));
#4408 = B_SPLINE_CURVE_WITH_KNOTS('',1,(#4409,#4410),.UNSPECIFIED.,.F.,
  .F.,(2,2),(-4.346635809804E-02,0.),.PIECEWISE_BEZIER_KNOTS.);
#4409 = CARTESIAN_POINT('',(-0.258873022853,2.707142198929,
    3.652608150007));
#4410 = CARTESIAN_POINT('',(-0.215785357653,2.707380540229,
    3.646887958809));
#4411 = ORIENTED_EDGE('',*,*,#4412,.T.);
#4412 = EDGE_CURVE('',#4406,#4413,#4415,.T.);
#4413 = VERTEX_POINT('',#4414);
#4414 = CARTESIAN_POINT('',(-0.167257529088,2.709340089001,
    3.599858788276));
#4415 = B_SPLINE_CURVE_WITH_KNOTS('',3,(#4416,#4417,#4418,#4419),
  .UNSPECIFIED.,.F.,.F.,(4,4),(9.,10.),.PIECEWISE_BEZIER_KNOTS.);
#4416 = CARTESIAN_POINT('',(-0.215785357653,2.707380540229,
    3.646887958809));
#4417 = CARTESIAN_POINT('',(-0.183625937226,2.707557178022,
    3.642648651767));
#4418 = CARTESIAN_POINT('',(-0.16744999437,2.708210360946,3.626972261589
    ));
#4419 = CARTESIAN_POINT('',(-0.167257529088,2.709340089001,
    3.599858788276));
#4420 = ORIENTED_EDGE('',*,*,#4421,.T.);
#4421 = EDGE_CURVE('',#4413,#4422,#4424,.T.);
#4422 = VERTEX_POINT('',#4423);
#4423 = CARTESIAN_POINT('',(-0.17951529807,2.710629325493,3.568917112469
    ));
#4424 = B_SPLINE_CURVE_WITH_KNOTS('',3,(#4425,#4426,#4427,#4428),
  .UNSPECIFIED.,.F.,.F.,(4,4),(8.,9.),.PIECEWISE_BEZIER_KNOTS.);
#4425 = CARTESIAN_POINT('',(-0.167257529088,2.709340089001,
    3.599858788276));
#4426 = CARTESIAN_POINT('',(-0.167165352229,2.709881146498,
    3.586873408336));
#4427 = CARTESIAN_POINT('',(-0.171251275222,2.710310891996,3.5765595164)
  );
#4428 = CARTESIAN_POINT('',(-0.17951529807,2.710629325493,3.568917112469
    ));
#4429 = ORIENTED_EDGE('',*,*,#4430,.T.);
#4430 = EDGE_CURVE('',#4422,#4431,#4433,.T.);
#4431 = VERTEX_POINT('',#4432);
#4432 = CARTESIAN_POINT('',(-0.213017518494,2.711115371862,
    3.557251999607));
#4433 = B_SPLINE_CURVE_WITH_KNOTS('',3,(#4434,#4435,#4436,#4437),
  .UNSPECIFIED.,.F.,.F.,(4,4),(7.,8.),.PIECEWISE_BEZIER_KNOTS.);
#4434 = CARTESIAN_POINT('',(-0.17951529807,2.710629325493,3.568917112469
    ));
#4435 = CARTESIAN_POINT('',(-0.187779320916,2.71094775899,3.561274708537
    ));
#4436 = CARTESIAN_POINT('',(-0.198929153057,2.71111121215,3.557351832699
    ));
#4437 = CARTESIAN_POINT('',(-0.213017518494,2.711115371862,
    3.557251999607));
#4438 = ORIENTED_EDGE('',*,*,#4439,.T.);
#4439 = EDGE_CURVE('',#4431,#4440,#4442,.T.);
#4440 = VERTEX_POINT('',#4441);
#4441 = CARTESIAN_POINT('',(-0.257701654408,2.710050724492,
    3.582803536493));
#4442 = B_SPLINE_CURVE_WITH_KNOTS('',3,(#4443,#4444,#4445,#4446),
  .UNSPECIFIED.,.F.,.F.,(4,4),(6.,7.),.PIECEWISE_BEZIER_KNOTS.);
#4443 = CARTESIAN_POINT('',(-0.213017518494,2.711115371862,
    3.557251999607));
#4444 = CARTESIAN_POINT('',(-0.232616462295,2.71112115862,3.557113117408
    ));
#4445 = CARTESIAN_POINT('',(-0.247545831992,2.710766286397,
    3.565630050778));
#4446 = CARTESIAN_POINT('',(-0.257701654408,2.710050724492,
    3.582803536493));
#4447 = ORIENTED_EDGE('',*,*,#4448,.T.);
#4448 = EDGE_CURVE('',#4440,#4449,#4451,.T.);
#4449 = VERTEX_POINT('',#4450);
#4450 = CARTESIAN_POINT('',(-0.258377480057,2.710050924035,
    3.582798747452));
#4451 = B_SPLINE_CURVE_WITH_KNOTS('',1,(#4452,#4453),.UNSPECIFIED.,.F.,
  .F.,(2,2),(-6.758426455276E-04,0.),.PIECEWISE_BEZIER_KNOTS.);
#4452 = CARTESIAN_POINT('',(-0.257701654408,2.710050724492,
    3.582803536493));
#4453 = CARTESIAN_POINT('',(-0.258377480057,2.710050924035,
    3.582798747452));
#4454 = ORIENTED_EDGE('',*,*,#4455,.T.);
#4455 = EDGE_CURVE('',#4449,#4456,#4458,.T.);
#4456 = VERTEX_POINT('',#4457);
#4457 = CARTESIAN_POINT('',(-0.258218198444,2.710985871391,
    3.560360010917));
#4458 = B_SPLINE_CURVE_WITH_KNOTS('',1,(#4459,#4460),.UNSPECIFIED.,.F.,
  .F.,(2,2),(-2.24587709918E-02,0.),.PIECEWISE_BEZIER_KNOTS.);
#4459 = CARTESIAN_POINT('',(-0.258377480057,2.710050924035,
    3.582798747452));
#4460 = CARTESIAN_POINT('',(-0.258218198444,2.710985871391,
    3.560360010917));
#4461 = ORIENTED_EDGE('',*,*,#4462,.T.);
#4462 = EDGE_CURVE('',#4456,#4463,#4465,.T.);
#4463 = VERTEX_POINT('',#4464);
#4464 = CARTESIAN_POINT('',(-0.283691626725,2.710993392642,
    3.560179500897));
#4465 = B_SPLINE_CURVE_WITH_KNOTS('',1,(#4466,#4467),.UNSPECIFIED.,.F.,
  .F.,(2,2),(-2.547406894985E-02,0.),.PIECEWISE_BEZIER_KNOTS.);
#4466 = CARTESIAN_POINT('',(-0.258218198444,2.710985871391,
    3.560360010917));
#4467 = CARTESIAN_POINT('',(-0.283691626725,2.710993392642,
    3.560179500897));
#4468 = ORIENTED_EDGE('',*,*,#4469,.T.);
#4469 = EDGE_CURVE('',#4463,#4470,#4472,.T.);
#4470 = VERTEX_POINT('',#4471);
#4471 = CARTESIAN_POINT('',(-0.284354562698,2.70710210712,3.653570353421
    ));
#4472 = B_SPLINE_CURVE_WITH_KNOTS('',1,(#4473,#4474),.UNSPECIFIED.,.F.,
  .F.,(2,2),(-9.347423667573E-02,0.),.PIECEWISE_BEZIER_KNOTS.);
#4473 = CARTESIAN_POINT('',(-0.283691626725,2.710993392642,
    3.560179500897));
#4474 = CARTESIAN_POINT('',(-0.284354562698,2.70710210712,3.653570353421
    ));
#4475 = ORIENTED_EDGE('',*,*,#4476,.T.);
#4476 = EDGE_CURVE('',#4470,#4370,#4477,.T.);
#4477 = B_SPLINE_CURVE_WITH_KNOTS('',3,(#4478,#4479,#4480,#4481),
  .UNSPECIFIED.,.F.,.F.,(4,4),(1.,2.),.PIECEWISE_BEZIER_KNOTS.);
#4478 = CARTESIAN_POINT('',(-0.284354562698,2.70710210712,3.653570353421
    ));
#4479 = CARTESIAN_POINT('',(-0.284615607564,2.705569832287,3.69034494941
    ));
#4480 = CARTESIAN_POINT('',(-0.267225912314,2.704802850552,
    3.708752511052));
#4481 = CARTESIAN_POINT('',(-0.232238938369,2.704792520344,
    3.709000436038));
#4482 = FACE_BOUND('',#4483,.T.);
#4483 = EDGE_LOOP('',(#4484,#4495,#4504,#4511,#4518,#4527,#4536,#4545));
#4484 = ORIENTED_EDGE('',*,*,#4485,.F.);
#4485 = EDGE_CURVE('',#4486,#4488,#4490,.T.);
#4486 = VERTEX_POINT('',#4487);
#4487 = CARTESIAN_POINT('',(-0.199998390701,2.708497006516,
    3.620092767912));
#4488 = VERTEX_POINT('',#4489);
#4489 = CARTESIAN_POINT('',(-0.193109611786,2.709261148499,
    3.601753360331));
#4490 = B_SPLINE_CURVE_WITH_KNOTS('',3,(#4491,#4492,#4493,#4494),
  .UNSPECIFIED.,.F.,.F.,(4,4),(1.,2.),.PIECEWISE_BEZIER_KNOTS.);
#4491 = CARTESIAN_POINT('',(-0.199998390701,2.708497006516,
    3.620092767912));
#4492 = CARTESIAN_POINT('',(-0.19549657268,2.708677481779,3.615761361604
    ));
#4493 = CARTESIAN_POINT('',(-0.193165655316,2.70893218554,3.609648471335
    ));
#4494 = CARTESIAN_POINT('',(-0.193109611786,2.709261148499,
    3.601753360331));
#4495 = ORIENTED_EDGE('',*,*,#4496,.F.);
#4496 = EDGE_CURVE('',#4497,#4486,#4499,.T.);
#4497 = VERTEX_POINT('',#4498);
#4498 = CARTESIAN_POINT('',(-0.224703451249,2.708132034617,
    3.628852093496));
#4499 = B_SPLINE_CURVE_WITH_KNOTS('',3,(#4500,#4501,#4502,#4503),
  .UNSPECIFIED.,.F.,.F.,(4,4),(0.,1.),.PIECEWISE_BEZIER_KNOTS.);
#4500 = CARTESIAN_POINT('',(-0.224703451249,2.708132034617,
    3.628852093496));
#4501 = CARTESIAN_POINT('',(-0.212786723884,2.708197774943,
    3.627274325668));
#4502 = CARTESIAN_POINT('',(-0.204552195311,2.708316546603,
    3.624423805834));
#4503 = CARTESIAN_POINT('',(-0.199998390701,2.708497006516,
    3.620092767912));
#4504 = ORIENTED_EDGE('',*,*,#4505,.F.);
#4505 = EDGE_CURVE('',#4506,#4497,#4508,.T.);
#4506 = VERTEX_POINT('',#4507);
#4507 = CARTESIAN_POINT('',(-0.258735126271,2.707951620945,
    3.633182021617));
#4508 = B_SPLINE_CURVE_WITH_KNOTS('',1,(#4509,#4510),.UNSPECIFIED.,.F.,
  .F.,(2,2),(2.937694416516E-17,3.430649692773E-02),
  .PIECEWISE_BEZIER_KNOTS.);
#4509 = CARTESIAN_POINT('',(-0.258735126271,2.707951620945,
    3.633182021617));
#4510 = CARTESIAN_POINT('',(-0.224703451249,2.708132034617,
    3.628852093496));
#4511 = ORIENTED_EDGE('',*,*,#4512,.F.);
#4512 = EDGE_CURVE('',#4513,#4506,#4515,.T.);
#4513 = VERTEX_POINT('',#4514);
#4514 = CARTESIAN_POINT('',(-0.258636312678,2.708531634582,
    3.619261694322));
#4515 = B_SPLINE_CURVE_WITH_KNOTS('',1,(#4516,#4517),.UNSPECIFIED.,.F.,
  .F.,(2,2),(0.,1.39327560794E-02),.PIECEWISE_BEZIER_KNOTS.);
#4516 = CARTESIAN_POINT('',(-0.258636312678,2.708531634582,
    3.619261694322));
#4517 = CARTESIAN_POINT('',(-0.258735126271,2.707951620945,
    3.633182021617));
#4518 = ORIENTED_EDGE('',*,*,#4519,.F.);
#4519 = EDGE_CURVE('',#4520,#4513,#4522,.T.);
#4520 = VERTEX_POINT('',#4521);
#4521 = CARTESIAN_POINT('',(-0.247508965889,2.709762022283,
    3.589732389497));
#4522 = B_SPLINE_CURVE_WITH_KNOTS('',3,(#4523,#4524,#4525,#4526),
  .UNSPECIFIED.,.F.,.F.,(4,4),(5.,6.),.PIECEWISE_BEZIER_KNOTS.);
#4523 = CARTESIAN_POINT('',(-0.247508965889,2.709762022283,
    3.589732389497));
#4524 = CARTESIAN_POINT('',(-0.254842394371,2.709439536714,
    3.597472043169));
#4525 = CARTESIAN_POINT('',(-0.258551509967,2.70902940748,3.607315144777
    ));
#4526 = CARTESIAN_POINT('',(-0.258636312678,2.708531634582,
    3.619261694322));
#4527 = ORIENTED_EDGE('',*,*,#4528,.F.);
#4528 = EDGE_CURVE('',#4529,#4520,#4531,.T.);
#4529 = VERTEX_POINT('',#4530);
#4530 = CARTESIAN_POINT('',(-0.219768035602,2.710247300792,
    3.578085705299));
#4531 = B_SPLINE_CURVE_WITH_KNOTS('',3,(#4532,#4533,#4534,#4535),
  .UNSPECIFIED.,.F.,.F.,(4,4),(4.,5.),.PIECEWISE_BEZIER_KNOTS.);
#4532 = CARTESIAN_POINT('',(-0.219768035602,2.710247300792,
    3.578085705299));
#4533 = CARTESIAN_POINT('',(-0.230945152093,2.710250600932,
    3.578006501923));
#4534 = CARTESIAN_POINT('',(-0.240226786581,2.710088851663,
    3.581888484397));
#4535 = CARTESIAN_POINT('',(-0.247508965889,2.709762022283,
    3.589732389497));
#4536 = ORIENTED_EDGE('',*,*,#4537,.F.);
#4537 = EDGE_CURVE('',#4538,#4529,#4540,.T.);
#4538 = VERTEX_POINT('',#4539);
#4539 = CARTESIAN_POINT('',(-0.200371508704,2.709968867103,
    3.584768113823));
#4540 = B_SPLINE_CURVE_WITH_KNOTS('',3,(#4541,#4542,#4543,#4544),
  .UNSPECIFIED.,.F.,.F.,(4,4),(3.,4.),.PIECEWISE_BEZIER_KNOTS.);
#4541 = CARTESIAN_POINT('',(-0.200371508704,2.709968867103,
    3.584768113823));
#4542 = CARTESIAN_POINT('',(-0.205227276582,2.710152105274,
    3.580370397712));
#4543 = CARTESIAN_POINT('',(-0.211710114411,2.71024492162,3.578142805407
    ));
#4544 = CARTESIAN_POINT('',(-0.219768035602,2.710247300792,
    3.578085705299));
#4545 = ORIENTED_EDGE('',*,*,#4546,.F.);
#4546 = EDGE_CURVE('',#4488,#4538,#4547,.T.);
#4547 = B_SPLINE_CURVE_WITH_KNOTS('',3,(#4548,#4549,#4550,#4551),
  .UNSPECIFIED.,.F.,.F.,(4,4),(2.,3.),.PIECEWISE_BEZIER_KNOTS.);
#4548 = CARTESIAN_POINT('',(-0.193109611786,2.709261148499,
    3.601753360331));
#4549 = CARTESIAN_POINT('',(-0.193060204989,2.709551155317,
    3.594793196685));
#4550 = CARTESIAN_POINT('',(-0.195463754237,2.709785613582,
    3.589166198324));
#4551 = CARTESIAN_POINT('',(-0.200371508704,2.709968867103,
    3.584768113823));
#4552 = B_SPLINE_SURFACE_WITH_KNOTS('',1,1,(
    (#4553,#4554)
    ,(#4555,#4556
    )),.UNSPECIFIED.,.F.,.F.,.F.,(2,2),(2,2),(-0.148842353848,
    3.310963744178E-03),(-7.910215443269E-02,3.834810090253E-02),
  .PIECEWISE_BEZIER_KNOTS.);
#4553 = CARTESIAN_POINT('',(-0.284615607564,2.71112115862,3.557113117408
    ));
#4554 = CARTESIAN_POINT('',(-0.167165352229,2.71112115862,3.557113117408
    ));
#4555 = CARTESIAN_POINT('',(-0.284615607564,2.704786933129,
    3.709134529195));
#4556 = CARTESIAN_POINT('',(-0.167165352229,2.704786933129,
    3.709134529195));
#4557 = ADVANCED_FACE('',(#4558),#4572,.F.);
#4558 = FACE_BOUND('',#4559,.F.);
#4559 = EDGE_LOOP('',(#4560,#4565,#4566,#4571));
#4560 = ORIENTED_EDGE('',*,*,#4561,.F.);
#4561 = EDGE_CURVE('',#4370,#139,#4562,.T.);
#4562 = B_SPLINE_CURVE_WITH_KNOTS('',1,(#4563,#4564),.UNSPECIFIED.,.F.,
  .F.,(2,2),(-0.,1.E-03),.PIECEWISE_BEZIER_KNOTS.);
#4563 = CARTESIAN_POINT('',(-0.232238938369,2.704792520344,
    3.709000436038));
#4564 = CARTESIAN_POINT('',(-0.232238938369,2.703793387271,
    3.708958805493));
#4565 = ORIENTED_EDGE('',*,*,#4369,.T.);
#4566 = ORIENTED_EDGE('',*,*,#4567,.T.);
#4567 = EDGE_CURVE('',#4372,#141,#4568,.T.);
#4568 = B_SPLINE_CURVE_WITH_KNOTS('',1,(#4569,#4570),.UNSPECIFIED.,.F.,
  .F.,(2,2),(-0.,1.000000000002E-03),.PIECEWISE_BEZIER_KNOTS.);
#4569 = CARTESIAN_POINT('',(-0.182131976461,2.705340453931,3.69585002996
    ));
#4570 = CARTESIAN_POINT('',(-0.182131976461,2.704341320858,
    3.695808399415));
#4571 = ORIENTED_EDGE('',*,*,#138,.F.);
#4572 = B_SPLINE_SURFACE_WITH_KNOTS('',3,1,(
    (#4573,#4574)
    ,(#4575,#4576)
    ,(#4577,#4578)
    ,(#4579,#4580
    )),.UNSPECIFIED.,.F.,.F.,.F.,(4,4),(2,2),(0.,1.),(0.,1.),
  .PIECEWISE_BEZIER_KNOTS.);
#4573 = CARTESIAN_POINT('',(-0.232238938369,2.704792520344,
    3.709000436038));
#4574 = CARTESIAN_POINT('',(-0.232238938369,2.703793387271,
    3.708958805493));
#4575 = CARTESIAN_POINT('',(-0.213315820217,2.704786933129,
    3.709134529195));
#4576 = CARTESIAN_POINT('',(-0.213315820217,2.703787800056,3.70909289865
    ));
#4577 = CARTESIAN_POINT('',(-0.196596416523,2.704968129722,
    3.704785810978));
#4578 = CARTESIAN_POINT('',(-0.196596416523,2.703968996649,
    3.704744180433));
#4579 = CARTESIAN_POINT('',(-0.182131976461,2.705340453931,3.69585002996
    ));
#4580 = CARTESIAN_POINT('',(-0.182131976461,2.704341320858,
    3.695808399415));
#4581 = ADVANCED_FACE('',(#4582),#4592,.F.);
#4582 = FACE_BOUND('',#4583,.T.);
#4583 = EDGE_LOOP('',(#4584,#4585,#4590,#4591));
#4584 = ORIENTED_EDGE('',*,*,#247,.T.);
#4585 = ORIENTED_EDGE('',*,*,#4586,.F.);
#4586 = EDGE_CURVE('',#4381,#239,#4587,.T.);
#4587 = B_SPLINE_CURVE_WITH_KNOTS('',1,(#4588,#4589),.UNSPECIFIED.,.F.,
  .F.,(2,2),(-0.,1.000000000002E-03),.PIECEWISE_BEZIER_KNOTS.);
#4588 = CARTESIAN_POINT('',(-0.181956471721,2.706370627406,
    3.671125866554));
#4589 = CARTESIAN_POINT('',(-0.181956471721,2.705371494333,
    3.671084236009));
#4590 = ORIENTED_EDGE('',*,*,#4380,.F.);
#4591 = ORIENTED_EDGE('',*,*,#4567,.T.);
#4592 = B_SPLINE_SURFACE_WITH_KNOTS('',1,1,(
    (#4593,#4594)
    ,(#4595,#4596
    )),.UNSPECIFIED.,.F.,.F.,.F.,(2,2),(2,2),(-4.162949952628E-05,
    2.472478630699E-02),(-2.029306636777E-03,0.),
  .PIECEWISE_BEZIER_KNOTS.);
#4593 = CARTESIAN_POINT('',(-0.181956775873,2.704341320858,
    3.671084233854));
#4594 = CARTESIAN_POINT('',(-0.181956176733,2.706370627406,3.6710842381)
  );
#4595 = CARTESIAN_POINT('',(-0.182132271449,2.704341320858,
    3.695850027869));
#4596 = CARTESIAN_POINT('',(-0.182131672309,2.706370627406,
    3.695850032115));
#4597 = ADVANCED_FACE('',(#4598),#4608,.F.);
#4598 = FACE_BOUND('',#4599,.F.);
#4599 = EDGE_LOOP('',(#4600,#4601,#4602,#4607));
#4600 = ORIENTED_EDGE('',*,*,#4586,.F.);
#4601 = ORIENTED_EDGE('',*,*,#4387,.T.);
#4602 = ORIENTED_EDGE('',*,*,#4603,.T.);
#4603 = EDGE_CURVE('',#4388,#230,#4604,.T.);
#4604 = B_SPLINE_CURVE_WITH_KNOTS('',1,(#4605,#4606),.UNSPECIFIED.,.F.,
  .F.,(2,2),(-0.,1.000000000002E-03),.PIECEWISE_BEZIER_KNOTS.);
#4605 = CARTESIAN_POINT('',(-0.229700809745,2.705653177804,
    3.688344657013));
#4606 = CARTESIAN_POINT('',(-0.229700809745,2.70465404473,3.688303026468
    ));
#4607 = ORIENTED_EDGE('',*,*,#238,.F.);
#4608 = B_SPLINE_SURFACE_WITH_KNOTS('',3,1,(
    (#4609,#4610)
    ,(#4611,#4612)
    ,(#4613,#4614)
    ,(#4615,#4616
    )),.UNSPECIFIED.,.F.,.F.,.F.,(4,4),(2,2),(12.,13.),(0.,1.),
  .PIECEWISE_BEZIER_KNOTS.);
#4609 = CARTESIAN_POINT('',(-0.181956471721,2.706370627406,
    3.671125866554));
#4610 = CARTESIAN_POINT('',(-0.181956471721,2.705371494333,
    3.671084236009));
#4611 = CARTESIAN_POINT('',(-0.196387360566,2.705890076348,
    3.682659091949));
#4612 = CARTESIAN_POINT('',(-0.196387360566,2.704890943275,
    3.682617461404));
#4613 = CARTESIAN_POINT('',(-0.212285302655,2.705648035724,
    3.688468066924));
#4614 = CARTESIAN_POINT('',(-0.212285302655,2.704648902651,
    3.688426436379));
#4615 = CARTESIAN_POINT('',(-0.229700809745,2.705653177804,
    3.688344657013));
#4616 = CARTESIAN_POINT('',(-0.229700809745,2.70465404473,3.688303026468
    ));
#4617 = ADVANCED_FACE('',(#4618),#4628,.F.);
#4618 = FACE_BOUND('',#4619,.F.);
#4619 = EDGE_LOOP('',(#4620,#4621,#4622,#4627));
#4620 = ORIENTED_EDGE('',*,*,#4603,.F.);
#4621 = ORIENTED_EDGE('',*,*,#4396,.T.);
#4622 = ORIENTED_EDGE('',*,*,#4623,.T.);
#4623 = EDGE_CURVE('',#4397,#223,#4624,.T.);
#4624 = B_SPLINE_CURVE_WITH_KNOTS('',1,(#4625,#4626),.UNSPECIFIED.,.F.,
  .F.,(2,2),(-0.,1.000000000002E-03),.PIECEWISE_BEZIER_KNOTS.);
#4625 = CARTESIAN_POINT('',(-0.258873022853,2.707142198929,
    3.652608150007));
#4626 = CARTESIAN_POINT('',(-0.258873022853,2.706143065856,
    3.652566519462));
#4627 = ORIENTED_EDGE('',*,*,#229,.F.);
#4628 = B_SPLINE_SURFACE_WITH_KNOTS('',3,1,(
    (#4629,#4630)
    ,(#4631,#4632)
    ,(#4633,#4634)
    ,(#4635,#4636
    )),.UNSPECIFIED.,.F.,.F.,.F.,(4,4),(2,2),(11.,12.),(0.,1.),
  .PIECEWISE_BEZIER_KNOTS.);
#4629 = CARTESIAN_POINT('',(-0.229700809745,2.705653177804,
    3.688344657013));
#4630 = CARTESIAN_POINT('',(-0.229700809745,2.70465404473,3.688303026468
    ));
#4631 = CARTESIAN_POINT('',(-0.249299753546,2.705658964562,
    3.688205774814));
#4632 = CARTESIAN_POINT('',(-0.249299753546,2.704659831489,
    3.688164144269));
#4633 = CARTESIAN_POINT('',(-0.259041153444,2.706155310053,
    3.676293483016));
#4634 = CARTESIAN_POINT('',(-0.259041153444,2.70515617698,3.676251852471
    ));
#4635 = CARTESIAN_POINT('',(-0.258873022853,2.707142198929,
    3.652608150007));
#4636 = CARTESIAN_POINT('',(-0.258873022853,2.706143065856,
    3.652566519462));
#4637 = ADVANCED_FACE('',(#4638),#4648,.F.);
#4638 = FACE_BOUND('',#4639,.T.);
#4639 = EDGE_LOOP('',(#4640,#4641,#4646,#4647));
#4640 = ORIENTED_EDGE('',*,*,#222,.T.);
#4641 = ORIENTED_EDGE('',*,*,#4642,.F.);
#4642 = EDGE_CURVE('',#4406,#214,#4643,.T.);
#4643 = B_SPLINE_CURVE_WITH_KNOTS('',1,(#4644,#4645),.UNSPECIFIED.,.F.,
  .F.,(2,2),(-0.,1.000000000002E-03),.PIECEWISE_BEZIER_KNOTS.);
#4644 = CARTESIAN_POINT('',(-0.215785357653,2.707380540229,
    3.646887958809));
#4645 = CARTESIAN_POINT('',(-0.215785357653,2.706381407156,
    3.646846328264));
#4646 = ORIENTED_EDGE('',*,*,#4405,.F.);
#4647 = ORIENTED_EDGE('',*,*,#4623,.T.);
#4648 = B_SPLINE_SURFACE_WITH_KNOTS('',1,1,(
    (#4649,#4650)
    ,(#4651,#4652
    )),.UNSPECIFIED.,.F.,.F.,.F.,(2,2),(2,2),(-5.488026182424E-06,
    4.346570352385E-02),(-1.238529451969E-03,0.),
  .PIECEWISE_BEZIER_KNOTS.);
#4649 = CARTESIAN_POINT('',(-0.215786655385,2.706143065856,
    3.646836569959));
#4650 = CARTESIAN_POINT('',(-0.215779917522,2.707380540229,3.64688723534
    ));
#4651 = CARTESIAN_POINT('',(-0.258878462983,2.706143065856,
    3.652567242932));
#4652 = CARTESIAN_POINT('',(-0.25887172512,2.707380540229,3.652617908312
    ));
#4653 = ADVANCED_FACE('',(#4654),#4664,.F.);
#4654 = FACE_BOUND('',#4655,.F.);
#4655 = EDGE_LOOP('',(#4656,#4657,#4658,#4663));
#4656 = ORIENTED_EDGE('',*,*,#4642,.F.);
#4657 = ORIENTED_EDGE('',*,*,#4412,.T.);
#4658 = ORIENTED_EDGE('',*,*,#4659,.T.);
#4659 = EDGE_CURVE('',#4413,#205,#4660,.T.);
#4660 = B_SPLINE_CURVE_WITH_KNOTS('',1,(#4661,#4662),.UNSPECIFIED.,.F.,
  .F.,(2,2),(-0.,1.000000000002E-03),.PIECEWISE_BEZIER_KNOTS.);
#4661 = CARTESIAN_POINT('',(-0.167257529088,2.709340089001,
    3.599858788276));
#4662 = CARTESIAN_POINT('',(-0.167257529088,2.708340955928,
    3.599817157732));
#4663 = ORIENTED_EDGE('',*,*,#213,.F.);
#4664 = B_SPLINE_SURFACE_WITH_KNOTS('',3,1,(
    (#4665,#4666)
    ,(#4667,#4668)
    ,(#4669,#4670)
    ,(#4671,#4672
    )),.UNSPECIFIED.,.F.,.F.,.F.,(4,4),(2,2),(9.,10.),(0.,1.),
  .PIECEWISE_BEZIER_KNOTS.);
#4665 = CARTESIAN_POINT('',(-0.215785357653,2.707380540229,
    3.646887958809));
#4666 = CARTESIAN_POINT('',(-0.215785357653,2.706381407156,
    3.646846328264));
#4667 = CARTESIAN_POINT('',(-0.183625937226,2.707557178022,
    3.642648651767));
#4668 = CARTESIAN_POINT('',(-0.183625937226,2.706558044949,
    3.642607021222));
#4669 = CARTESIAN_POINT('',(-0.16744999437,2.708210360946,3.626972261589
    ));
#4670 = CARTESIAN_POINT('',(-0.16744999437,2.707211227873,3.626930631045
    ));
#4671 = CARTESIAN_POINT('',(-0.167257529088,2.709340089001,
    3.599858788276));
#4672 = CARTESIAN_POINT('',(-0.167257529088,2.708340955928,
    3.599817157732));
#4673 = ADVANCED_FACE('',(#4674),#4684,.F.);
#4674 = FACE_BOUND('',#4675,.F.);
#4675 = EDGE_LOOP('',(#4676,#4677,#4678,#4683));
#4676 = ORIENTED_EDGE('',*,*,#4659,.F.);
#4677 = ORIENTED_EDGE('',*,*,#4421,.T.);
#4678 = ORIENTED_EDGE('',*,*,#4679,.T.);
#4679 = EDGE_CURVE('',#4422,#196,#4680,.T.);
#4680 = B_SPLINE_CURVE_WITH_KNOTS('',1,(#4681,#4682),.UNSPECIFIED.,.F.,
  .F.,(2,2),(-0.,1.000000000002E-03),.PIECEWISE_BEZIER_KNOTS.);
#4681 = CARTESIAN_POINT('',(-0.17951529807,2.710629325493,3.568917112469
    ));
#4682 = CARTESIAN_POINT('',(-0.17951529807,2.70963019242,3.568875481924)
  );
#4683 = ORIENTED_EDGE('',*,*,#204,.F.);
#4684 = B_SPLINE_SURFACE_WITH_KNOTS('',3,1,(
    (#4685,#4686)
    ,(#4687,#4688)
    ,(#4689,#4690)
    ,(#4691,#4692
    )),.UNSPECIFIED.,.F.,.F.,.F.,(4,4),(2,2),(8.,9.),(0.,1.),
  .PIECEWISE_BEZIER_KNOTS.);
#4685 = CARTESIAN_POINT('',(-0.167257529088,2.709340089001,
    3.599858788276));
#4686 = CARTESIAN_POINT('',(-0.167257529088,2.708340955928,
    3.599817157732));
#4687 = CARTESIAN_POINT('',(-0.167165352229,2.709881146498,
    3.586873408336));
#4688 = CARTESIAN_POINT('',(-0.167165352229,2.708882013425,
    3.586831777792));
#4689 = CARTESIAN_POINT('',(-0.171251275222,2.710310891996,3.5765595164)
  );
#4690 = CARTESIAN_POINT('',(-0.171251275222,2.709311758923,
    3.576517885855));
#4691 = CARTESIAN_POINT('',(-0.17951529807,2.710629325493,3.568917112469
    ));
#4692 = CARTESIAN_POINT('',(-0.17951529807,2.70963019242,3.568875481924)
  );
#4693 = ADVANCED_FACE('',(#4694),#4704,.F.);
#4694 = FACE_BOUND('',#4695,.F.);
#4695 = EDGE_LOOP('',(#4696,#4697,#4698,#4703));
#4696 = ORIENTED_EDGE('',*,*,#4679,.F.);
#4697 = ORIENTED_EDGE('',*,*,#4430,.T.);
#4698 = ORIENTED_EDGE('',*,*,#4699,.T.);
#4699 = EDGE_CURVE('',#4431,#187,#4700,.T.);
#4700 = B_SPLINE_CURVE_WITH_KNOTS('',1,(#4701,#4702),.UNSPECIFIED.,.F.,
  .F.,(2,2),(-0.,1.000000000002E-03),.PIECEWISE_BEZIER_KNOTS.);
#4701 = CARTESIAN_POINT('',(-0.213017518494,2.711115371862,
    3.557251999607));
#4702 = CARTESIAN_POINT('',(-0.213017518494,2.710116238789,
    3.557210369062));
#4703 = ORIENTED_EDGE('',*,*,#195,.F.);
#4704 = B_SPLINE_SURFACE_WITH_KNOTS('',3,1,(
    (#4705,#4706)
    ,(#4707,#4708)
    ,(#4709,#4710)
    ,(#4711,#4712
    )),.UNSPECIFIED.,.F.,.F.,.F.,(4,4),(2,2),(7.,8.),(0.,1.),
  .PIECEWISE_BEZIER_KNOTS.);
#4705 = CARTESIAN_POINT('',(-0.17951529807,2.710629325493,3.568917112469
    ));
#4706 = CARTESIAN_POINT('',(-0.17951529807,2.70963019242,3.568875481924)
  );
#4707 = CARTESIAN_POINT('',(-0.187779320916,2.71094775899,3.561274708537
    ));
#4708 = CARTESIAN_POINT('',(-0.187779320916,2.709948625917,
    3.561233077992));
#4709 = CARTESIAN_POINT('',(-0.198929153057,2.71111121215,3.557351832699
    ));
#4710 = CARTESIAN_POINT('',(-0.198929153057,2.710112079077,
    3.557310202155));
#4711 = CARTESIAN_POINT('',(-0.213017518494,2.711115371862,
    3.557251999607));
#4712 = CARTESIAN_POINT('',(-0.213017518494,2.710116238789,
    3.557210369062));
#4713 = ADVANCED_FACE('',(#4714),#4724,.F.);
#4714 = FACE_BOUND('',#4715,.F.);
#4715 = EDGE_LOOP('',(#4716,#4717,#4718,#4723));
#4716 = ORIENTED_EDGE('',*,*,#4699,.F.);
#4717 = ORIENTED_EDGE('',*,*,#4439,.T.);
#4718 = ORIENTED_EDGE('',*,*,#4719,.T.);
#4719 = EDGE_CURVE('',#4440,#180,#4720,.T.);
#4720 = B_SPLINE_CURVE_WITH_KNOTS('',1,(#4721,#4722),.UNSPECIFIED.,.F.,
  .F.,(2,2),(-0.,1.000000000002E-03),.PIECEWISE_BEZIER_KNOTS.);
#4721 = CARTESIAN_POINT('',(-0.257701654408,2.710050724492,
    3.582803536493));
#4722 = CARTESIAN_POINT('',(-0.257701654408,2.709051591419,
    3.582761905948));
#4723 = ORIENTED_EDGE('',*,*,#186,.F.);
#4724 = B_SPLINE_SURFACE_WITH_KNOTS('',3,1,(
    (#4725,#4726)
    ,(#4727,#4728)
    ,(#4729,#4730)
    ,(#4731,#4732
    )),.UNSPECIFIED.,.F.,.F.,.F.,(4,4),(2,2),(6.,7.),(0.,1.),
  .PIECEWISE_BEZIER_KNOTS.);
#4725 = CARTESIAN_POINT('',(-0.213017518494,2.711115371862,
    3.557251999607));
#4726 = CARTESIAN_POINT('',(-0.213017518494,2.710116238789,
    3.557210369062));
#4727 = CARTESIAN_POINT('',(-0.232616462295,2.71112115862,3.557113117408
    ));
#4728 = CARTESIAN_POINT('',(-0.232616462295,2.710122025547,
    3.557071486863));
#4729 = CARTESIAN_POINT('',(-0.247545831992,2.710766286397,
    3.565630050778));
#4730 = CARTESIAN_POINT('',(-0.247545831992,2.709767153324,
    3.565588420234));
#4731 = CARTESIAN_POINT('',(-0.257701654408,2.710050724492,
    3.582803536493));
#4732 = CARTESIAN_POINT('',(-0.257701654408,2.709051591419,
    3.582761905948));
#4733 = ADVANCED_FACE('',(#4734),#4744,.F.);
#4734 = FACE_BOUND('',#4735,.T.);
#4735 = EDGE_LOOP('',(#4736,#4737,#4742,#4743));
#4736 = ORIENTED_EDGE('',*,*,#179,.T.);
#4737 = ORIENTED_EDGE('',*,*,#4738,.F.);
#4738 = EDGE_CURVE('',#4449,#173,#4739,.T.);
#4739 = B_SPLINE_CURVE_WITH_KNOTS('',1,(#4740,#4741),.UNSPECIFIED.,.F.,
  .F.,(2,2),(-0.,1.000000000002E-03),.PIECEWISE_BEZIER_KNOTS.);
#4740 = CARTESIAN_POINT('',(-0.258377480057,2.710050924035,
    3.582798747452));
#4741 = CARTESIAN_POINT('',(-0.258377480057,2.709051790962,
    3.582757116907));
#4742 = ORIENTED_EDGE('',*,*,#4448,.F.);
#4743 = ORIENTED_EDGE('',*,*,#4719,.T.);
#4744 = B_SPLINE_SURFACE_WITH_KNOTS('',1,1,(
    (#4745,#4746)
    ,(#4747,#4748
    )),.UNSPECIFIED.,.F.,.F.,.F.,(2,2),(2,2),(-6.008453249557E-17,
    1.000000000002E-03),(-1.136424834865E-16,6.758426455277E-04),
  .PIECEWISE_BEZIER_KNOTS.);
#4745 = CARTESIAN_POINT('',(-0.258377480057,2.710050924035,
    3.582798747452));
#4746 = CARTESIAN_POINT('',(-0.257701654408,2.710050724492,
    3.582803536493));
#4747 = CARTESIAN_POINT('',(-0.258377480057,2.709051790962,
    3.582757116907));
#4748 = CARTESIAN_POINT('',(-0.257701654408,2.709051591419,
    3.582761905948));
#4749 = ADVANCED_FACE('',(#4750),#4760,.F.);
#4750 = FACE_BOUND('',#4751,.T.);
#4751 = EDGE_LOOP('',(#4752,#4753,#4758,#4759));
#4752 = ORIENTED_EDGE('',*,*,#172,.T.);
#4753 = ORIENTED_EDGE('',*,*,#4754,.F.);
#4754 = EDGE_CURVE('',#4456,#166,#4755,.T.);
#4755 = B_SPLINE_CURVE_WITH_KNOTS('',1,(#4756,#4757),.UNSPECIFIED.,.F.,
  .F.,(2,2),(-0.,1.000000000002E-03),.PIECEWISE_BEZIER_KNOTS.);
#4756 = CARTESIAN_POINT('',(-0.258218198444,2.710985871391,
    3.560360010917));
#4757 = CARTESIAN_POINT('',(-0.258218198444,2.709986738318,
    3.560318380372));
#4758 = ORIENTED_EDGE('',*,*,#4455,.F.);
#4759 = ORIENTED_EDGE('',*,*,#4738,.T.);
#4760 = B_SPLINE_SURFACE_WITH_KNOTS('',1,1,(
    (#4761,#4762)
    ,(#4763,#4764
    )),.UNSPECIFIED.,.F.,.F.,.F.,(2,2),(2,2),(-4.162949952628E-05,
    2.243930185697E-02),(-1.934080513005E-03,0.),
  .PIECEWISE_BEZIER_KNOTS.);
#4761 = CARTESIAN_POINT('',(-0.258218474481,2.709051790962,
    3.560318378416));
#4762 = CARTESIAN_POINT('',(-0.258217903456,2.710985871391,
    3.560318382463));
#4763 = CARTESIAN_POINT('',(-0.258377775045,2.709051790962,
    3.582798745361));
#4764 = CARTESIAN_POINT('',(-0.258377204019,2.710985871391,
    3.582798749408));
#4765 = ADVANCED_FACE('',(#4766),#4776,.F.);
#4766 = FACE_BOUND('',#4767,.T.);
#4767 = EDGE_LOOP('',(#4768,#4769,#4774,#4775));
#4768 = ORIENTED_EDGE('',*,*,#165,.T.);
#4769 = ORIENTED_EDGE('',*,*,#4770,.F.);
#4770 = EDGE_CURVE('',#4463,#159,#4771,.T.);
#4771 = B_SPLINE_CURVE_WITH_KNOTS('',1,(#4772,#4773),.UNSPECIFIED.,.F.,
  .F.,(2,2),(-0.,1.000000000002E-03),.PIECEWISE_BEZIER_KNOTS.);
#4772 = CARTESIAN_POINT('',(-0.283691626725,2.710993392642,
    3.560179500897));
#4773 = CARTESIAN_POINT('',(-0.283691626725,2.709994259569,
    3.560137870353));
#4774 = ORIENTED_EDGE('',*,*,#4462,.F.);
#4775 = ORIENTED_EDGE('',*,*,#4754,.T.);
#4776 = B_SPLINE_SURFACE_WITH_KNOTS('',1,1,(
    (#4777,#4778)
    ,(#4779,#4780
    )),.UNSPECIFIED.,.F.,.F.,.F.,(2,2),(2,2),(-4.020955410312E-16,
    1.000000000002E-03),(-2.179523861035E-23,2.547406894985E-02),
  .PIECEWISE_BEZIER_KNOTS.);
#4777 = CARTESIAN_POINT('',(-0.283691626725,2.710993392642,
    3.560179500897));
#4778 = CARTESIAN_POINT('',(-0.258218198444,2.710985871391,
    3.560360010917));
#4779 = CARTESIAN_POINT('',(-0.283691626725,2.709994259569,
    3.560137870353));
#4780 = CARTESIAN_POINT('',(-0.258218198444,2.709986738318,
    3.560318380372));
#4781 = ADVANCED_FACE('',(#4782),#4792,.F.);
#4782 = FACE_BOUND('',#4783,.T.);
#4783 = EDGE_LOOP('',(#4784,#4785,#4790,#4791));
#4784 = ORIENTED_EDGE('',*,*,#158,.T.);
#4785 = ORIENTED_EDGE('',*,*,#4786,.F.);
#4786 = EDGE_CURVE('',#4470,#150,#4787,.T.);
#4787 = B_SPLINE_CURVE_WITH_KNOTS('',1,(#4788,#4789),.UNSPECIFIED.,.F.,
  .F.,(2,2),(-0.,1.000000000002E-03),.PIECEWISE_BEZIER_KNOTS.);
#4788 = CARTESIAN_POINT('',(-0.284354562698,2.70710210712,3.653570353421
    ));
#4789 = CARTESIAN_POINT('',(-0.284354562698,2.706102974047,
    3.653528722876));
#4790 = ORIENTED_EDGE('',*,*,#4469,.F.);
#4791 = ORIENTED_EDGE('',*,*,#4770,.T.);
#4792 = B_SPLINE_SURFACE_WITH_KNOTS('',1,1,(
    (#4793,#4794)
    ,(#4795,#4796
    )),.UNSPECIFIED.,.F.,.F.,.F.,(2,2),(2,2),(0.,9.3434834915E-02),(
    -9.991331166429E-04,3.891285691404E-03),.PIECEWISE_BEZIER_KNOTS.);
#4793 = CARTESIAN_POINT('',(-0.284354857686,2.706102974047,3.65357035133
    ));
#4794 = CARTESIAN_POINT('',(-0.28435341382,2.710993392642,3.653570361562
    ));
#4795 = CARTESIAN_POINT('',(-0.283692775604,2.706102974047,
    3.560137862212));
#4796 = CARTESIAN_POINT('',(-0.283691331738,2.710993392642,
    3.560137872443));
#4797 = ADVANCED_FACE('',(#4798),#4804,.F.);
#4798 = FACE_BOUND('',#4799,.F.);
#4799 = EDGE_LOOP('',(#4800,#4801,#4802,#4803));
#4800 = ORIENTED_EDGE('',*,*,#4786,.F.);
#4801 = ORIENTED_EDGE('',*,*,#4476,.T.);
#4802 = ORIENTED_EDGE('',*,*,#4561,.T.);
#4803 = ORIENTED_EDGE('',*,*,#149,.F.);
#4804 = B_SPLINE_SURFACE_WITH_KNOTS('',3,1,(
    (#4805,#4806)
    ,(#4807,#4808)
    ,(#4809,#4810)
    ,(#4811,#4812
    )),.UNSPECIFIED.,.F.,.F.,.F.,(4,4),(2,2),(1.,2.),(0.,1.),
  .PIECEWISE_BEZIER_KNOTS.);
#4805 = CARTESIAN_POINT('',(-0.284354562698,2.70710210712,3.653570353421
    ));
#4806 = CARTESIAN_POINT('',(-0.284354562698,2.706102974047,
    3.653528722876));
#4807 = CARTESIAN_POINT('',(-0.284615607564,2.705569832287,3.69034494941
    ));
#4808 = CARTESIAN_POINT('',(-0.284615607564,2.704570699214,
    3.690303318865));
#4809 = CARTESIAN_POINT('',(-0.267225912314,2.704802850552,
    3.708752511052));
#4810 = CARTESIAN_POINT('',(-0.267225912314,2.703803717479,
    3.708710880507));
#4811 = CARTESIAN_POINT('',(-0.232238938369,2.704792520344,
    3.709000436038));
#4812 = CARTESIAN_POINT('',(-0.232238938369,2.703793387271,
    3.708958805493));
#4813 = ADVANCED_FACE('',(#4814),#4838,.T.);
#4814 = FACE_BOUND('',#4815,.T.);
#4815 = EDGE_LOOP('',(#4816,#4827,#4832,#4833));
#4816 = ORIENTED_EDGE('',*,*,#4817,.F.);
#4817 = EDGE_CURVE('',#4818,#4820,#4822,.T.);
#4818 = VERTEX_POINT('',#4819);
#4819 = CARTESIAN_POINT('',(-0.224703451249,2.707132901544,
    3.628810462952));
#4820 = VERTEX_POINT('',#4821);
#4821 = CARTESIAN_POINT('',(-0.199998390701,2.707497873443,
    3.620051137367));
#4822 = B_SPLINE_CURVE_WITH_KNOTS('',3,(#4823,#4824,#4825,#4826),
  .UNSPECIFIED.,.F.,.F.,(4,4),(0.,1.),.PIECEWISE_BEZIER_KNOTS.);
#4823 = CARTESIAN_POINT('',(-0.224703451249,2.707132901544,
    3.628810462952));
#4824 = CARTESIAN_POINT('',(-0.212786723884,2.70719864187,3.627232695124
    ));
#4825 = CARTESIAN_POINT('',(-0.204552195311,2.70731741353,3.624382175289
    ));
#4826 = CARTESIAN_POINT('',(-0.199998390701,2.707497873443,
    3.620051137367));
#4827 = ORIENTED_EDGE('',*,*,#4828,.F.);
#4828 = EDGE_CURVE('',#4497,#4818,#4829,.T.);
#4829 = B_SPLINE_CURVE_WITH_KNOTS('',1,(#4830,#4831),.UNSPECIFIED.,.F.,
  .F.,(2,2),(-0.,1.000000000002E-03),.PIECEWISE_BEZIER_KNOTS.);
#4830 = CARTESIAN_POINT('',(-0.224703451249,2.708132034617,
    3.628852093496));
#4831 = CARTESIAN_POINT('',(-0.224703451249,2.707132901544,
    3.628810462952));
#4832 = ORIENTED_EDGE('',*,*,#4496,.T.);
#4833 = ORIENTED_EDGE('',*,*,#4834,.T.);
#4834 = EDGE_CURVE('',#4486,#4820,#4835,.T.);
#4835 = B_SPLINE_CURVE_WITH_KNOTS('',1,(#4836,#4837),.UNSPECIFIED.,.F.,
  .F.,(2,2),(-0.,9.999999999999E-04),.PIECEWISE_BEZIER_KNOTS.);
#4836 = CARTESIAN_POINT('',(-0.199998390701,2.708497006516,
    3.620092767912));
#4837 = CARTESIAN_POINT('',(-0.199998390701,2.707497873443,
    3.620051137367));
#4838 = B_SPLINE_SURFACE_WITH_KNOTS('',3,1,(
    (#4839,#4840)
    ,(#4841,#4842)
    ,(#4843,#4844)
    ,(#4845,#4846
    )),.UNSPECIFIED.,.F.,.F.,.F.,(4,4),(2,2),(0.,1.),(0.,1.),
  .PIECEWISE_BEZIER_KNOTS.);
#4839 = CARTESIAN_POINT('',(-0.224703451249,2.708132034617,
    3.628852093496));
#4840 = CARTESIAN_POINT('',(-0.224703451249,2.707132901544,
    3.628810462952));
#4841 = CARTESIAN_POINT('',(-0.212786723884,2.708197774943,
    3.627274325668));
#4842 = CARTESIAN_POINT('',(-0.212786723884,2.70719864187,3.627232695124
    ));
#4843 = CARTESIAN_POINT('',(-0.204552195311,2.708316546603,
    3.624423805834));
#4844 = CARTESIAN_POINT('',(-0.204552195311,2.70731741353,3.624382175289
    ));
#4845 = CARTESIAN_POINT('',(-0.199998390701,2.708497006516,
    3.620092767912));
#4846 = CARTESIAN_POINT('',(-0.199998390701,2.707497873443,
    3.620051137367));
#4847 = ADVANCED_FACE('',(#4848),#4866,.T.);
#4848 = FACE_BOUND('',#4849,.T.);
#4849 = EDGE_LOOP('',(#4850,#4859,#4860,#4861));
#4850 = ORIENTED_EDGE('',*,*,#4851,.F.);
#4851 = EDGE_CURVE('',#4820,#4852,#4854,.T.);
#4852 = VERTEX_POINT('',#4853);
#4853 = CARTESIAN_POINT('',(-0.193109611786,2.708262015426,
    3.601711729787));
#4854 = B_SPLINE_CURVE_WITH_KNOTS('',3,(#4855,#4856,#4857,#4858),
  .UNSPECIFIED.,.F.,.F.,(4,4),(1.,2.),.PIECEWISE_BEZIER_KNOTS.);
#4855 = CARTESIAN_POINT('',(-0.199998390701,2.707497873443,
    3.620051137367));
#4856 = CARTESIAN_POINT('',(-0.19549657268,2.707678348706,3.615719731059
    ));
#4857 = CARTESIAN_POINT('',(-0.193165655316,2.707933052467,
    3.609606840791));
#4858 = CARTESIAN_POINT('',(-0.193109611786,2.708262015426,
    3.601711729787));
#4859 = ORIENTED_EDGE('',*,*,#4834,.F.);
#4860 = ORIENTED_EDGE('',*,*,#4485,.T.);
#4861 = ORIENTED_EDGE('',*,*,#4862,.T.);
#4862 = EDGE_CURVE('',#4488,#4852,#4863,.T.);
#4863 = B_SPLINE_CURVE_WITH_KNOTS('',1,(#4864,#4865),.UNSPECIFIED.,.F.,
  .F.,(2,2),(-0.,9.999999999995E-04),.PIECEWISE_BEZIER_KNOTS.);
#4864 = CARTESIAN_POINT('',(-0.193109611786,2.709261148499,
    3.601753360331));
#4865 = CARTESIAN_POINT('',(-0.193109611786,2.708262015426,
    3.601711729787));
#4866 = B_SPLINE_SURFACE_WITH_KNOTS('',3,1,(
    (#4867,#4868)
    ,(#4869,#4870)
    ,(#4871,#4872)
    ,(#4873,#4874
    )),.UNSPECIFIED.,.F.,.F.,.F.,(4,4),(2,2),(1.,2.),(0.,1.),
  .PIECEWISE_BEZIER_KNOTS.);
#4867 = CARTESIAN_POINT('',(-0.199998390701,2.708497006516,
    3.620092767912));
#4868 = CARTESIAN_POINT('',(-0.199998390701,2.707497873443,
    3.620051137367));
#4869 = CARTESIAN_POINT('',(-0.19549657268,2.708677481779,3.615761361604
    ));
#4870 = CARTESIAN_POINT('',(-0.19549657268,2.707678348706,3.615719731059
    ));
#4871 = CARTESIAN_POINT('',(-0.193165655316,2.70893218554,3.609648471335
    ));
#4872 = CARTESIAN_POINT('',(-0.193165655316,2.707933052467,
    3.609606840791));
#4873 = CARTESIAN_POINT('',(-0.193109611786,2.709261148499,
    3.601753360331));
#4874 = CARTESIAN_POINT('',(-0.193109611786,2.708262015426,
    3.601711729787));
#4875 = ADVANCED_FACE('',(#4876),#4894,.T.);
#4876 = FACE_BOUND('',#4877,.T.);
#4877 = EDGE_LOOP('',(#4878,#4887,#4888,#4889));
#4878 = ORIENTED_EDGE('',*,*,#4879,.F.);
#4879 = EDGE_CURVE('',#4852,#4880,#4882,.T.);
#4880 = VERTEX_POINT('',#4881);
#4881 = CARTESIAN_POINT('',(-0.200371508704,2.70896973403,3.584726483279
    ));
#4882 = B_SPLINE_CURVE_WITH_KNOTS('',3,(#4883,#4884,#4885,#4886),
  .UNSPECIFIED.,.F.,.F.,(4,4),(2.,3.),.PIECEWISE_BEZIER_KNOTS.);
#4883 = CARTESIAN_POINT('',(-0.193109611786,2.708262015426,
    3.601711729787));
#4884 = CARTESIAN_POINT('',(-0.193060204989,2.708552022244,3.59475156614
    ));
#4885 = CARTESIAN_POINT('',(-0.195463754237,2.708786480509,
    3.589124567779));
#4886 = CARTESIAN_POINT('',(-0.200371508704,2.70896973403,3.584726483279
    ));
#4887 = ORIENTED_EDGE('',*,*,#4862,.F.);
#4888 = ORIENTED_EDGE('',*,*,#4546,.T.);
#4889 = ORIENTED_EDGE('',*,*,#4890,.T.);
#4890 = EDGE_CURVE('',#4538,#4880,#4891,.T.);
#4891 = B_SPLINE_CURVE_WITH_KNOTS('',1,(#4892,#4893),.UNSPECIFIED.,.F.,
  .F.,(2,2),(-0.,9.999999999999E-04),.PIECEWISE_BEZIER_KNOTS.);
#4892 = CARTESIAN_POINT('',(-0.200371508704,2.709968867103,
    3.584768113823));
#4893 = CARTESIAN_POINT('',(-0.200371508704,2.70896973403,3.584726483279
    ));
#4894 = B_SPLINE_SURFACE_WITH_KNOTS('',3,1,(
    (#4895,#4896)
    ,(#4897,#4898)
    ,(#4899,#4900)
    ,(#4901,#4902
    )),.UNSPECIFIED.,.F.,.F.,.F.,(4,4),(2,2),(2.,3.),(0.,1.),
  .PIECEWISE_BEZIER_KNOTS.);
#4895 = CARTESIAN_POINT('',(-0.193109611786,2.709261148499,
    3.601753360331));
#4896 = CARTESIAN_POINT('',(-0.193109611786,2.708262015426,
    3.601711729787));
#4897 = CARTESIAN_POINT('',(-0.193060204989,2.709551155317,
    3.594793196685));
#4898 = CARTESIAN_POINT('',(-0.193060204989,2.708552022244,3.59475156614
    ));
#4899 = CARTESIAN_POINT('',(-0.195463754237,2.709785613582,
    3.589166198324));
#4900 = CARTESIAN_POINT('',(-0.195463754237,2.708786480509,
    3.589124567779));
#4901 = CARTESIAN_POINT('',(-0.200371508704,2.709968867103,
    3.584768113823));
#4902 = CARTESIAN_POINT('',(-0.200371508704,2.70896973403,3.584726483279
    ));
#4903 = ADVANCED_FACE('',(#4904),#4922,.T.);
#4904 = FACE_BOUND('',#4905,.T.);
#4905 = EDGE_LOOP('',(#4906,#4915,#4916,#4917));
#4906 = ORIENTED_EDGE('',*,*,#4907,.F.);
#4907 = EDGE_CURVE('',#4880,#4908,#4910,.T.);
#4908 = VERTEX_POINT('',#4909);
#4909 = CARTESIAN_POINT('',(-0.219768035602,2.709248167719,
    3.578044074754));
#4910 = B_SPLINE_CURVE_WITH_KNOTS('',3,(#4911,#4912,#4913,#4914),
  .UNSPECIFIED.,.F.,.F.,(4,4),(3.,4.),.PIECEWISE_BEZIER_KNOTS.);
#4911 = CARTESIAN_POINT('',(-0.200371508704,2.70896973403,3.584726483279
    ));
#4912 = CARTESIAN_POINT('',(-0.205227276582,2.709152972201,
    3.580328767167));
#4913 = CARTESIAN_POINT('',(-0.211710114411,2.709245788547,
    3.578101174863));
#4914 = CARTESIAN_POINT('',(-0.219768035602,2.709248167719,
    3.578044074754));
#4915 = ORIENTED_EDGE('',*,*,#4890,.F.);
#4916 = ORIENTED_EDGE('',*,*,#4537,.T.);
#4917 = ORIENTED_EDGE('',*,*,#4918,.T.);
#4918 = EDGE_CURVE('',#4529,#4908,#4919,.T.);
#4919 = B_SPLINE_CURVE_WITH_KNOTS('',1,(#4920,#4921),.UNSPECIFIED.,.F.,
  .F.,(2,2),(-0.,9.999999999999E-04),.PIECEWISE_BEZIER_KNOTS.);
#4920 = CARTESIAN_POINT('',(-0.219768035602,2.710247300792,
    3.578085705299));
#4921 = CARTESIAN_POINT('',(-0.219768035602,2.709248167719,
    3.578044074754));
#4922 = B_SPLINE_SURFACE_WITH_KNOTS('',3,1,(
    (#4923,#4924)
    ,(#4925,#4926)
    ,(#4927,#4928)
    ,(#4929,#4930
    )),.UNSPECIFIED.,.F.,.F.,.F.,(4,4),(2,2),(3.,4.),(0.,1.),
  .PIECEWISE_BEZIER_KNOTS.);
#4923 = CARTESIAN_POINT('',(-0.200371508704,2.709968867103,
    3.584768113823));
#4924 = CARTESIAN_POINT('',(-0.200371508704,2.70896973403,3.584726483279
    ));
#4925 = CARTESIAN_POINT('',(-0.205227276582,2.710152105274,
    3.580370397712));
#4926 = CARTESIAN_POINT('',(-0.205227276582,2.709152972201,
    3.580328767167));
#4927 = CARTESIAN_POINT('',(-0.211710114411,2.71024492162,3.578142805407
    ));
#4928 = CARTESIAN_POINT('',(-0.211710114411,2.709245788547,
    3.578101174863));
#4929 = CARTESIAN_POINT('',(-0.219768035602,2.710247300792,
    3.578085705299));
#4930 = CARTESIAN_POINT('',(-0.219768035602,2.709248167719,
    3.578044074754));
#4931 = ADVANCED_FACE('',(#4932),#4950,.T.);
#4932 = FACE_BOUND('',#4933,.T.);
#4933 = EDGE_LOOP('',(#4934,#4943,#4944,#4945));
#4934 = ORIENTED_EDGE('',*,*,#4935,.F.);
#4935 = EDGE_CURVE('',#4908,#4936,#4938,.T.);
#4936 = VERTEX_POINT('',#4937);
#4937 = CARTESIAN_POINT('',(-0.247508965889,2.70876288921,3.589690758953
    ));
#4938 = B_SPLINE_CURVE_WITH_KNOTS('',3,(#4939,#4940,#4941,#4942),
  .UNSPECIFIED.,.F.,.F.,(4,4),(4.,5.),.PIECEWISE_BEZIER_KNOTS.);
#4939 = CARTESIAN_POINT('',(-0.219768035602,2.709248167719,
    3.578044074754));
#4940 = CARTESIAN_POINT('',(-0.230945152093,2.709251467859,
    3.577964871378));
#4941 = CARTESIAN_POINT('',(-0.240226786581,2.709089718589,
    3.581846853852));
#4942 = CARTESIAN_POINT('',(-0.247508965889,2.70876288921,3.589690758953
    ));
#4943 = ORIENTED_EDGE('',*,*,#4918,.F.);
#4944 = ORIENTED_EDGE('',*,*,#4528,.T.);
#4945 = ORIENTED_EDGE('',*,*,#4946,.T.);
#4946 = EDGE_CURVE('',#4520,#4936,#4947,.T.);
#4947 = B_SPLINE_CURVE_WITH_KNOTS('',1,(#4948,#4949),.UNSPECIFIED.,.F.,
  .F.,(2,2),(-0.,9.999999999999E-04),.PIECEWISE_BEZIER_KNOTS.);
#4948 = CARTESIAN_POINT('',(-0.247508965889,2.709762022283,
    3.589732389497));
#4949 = CARTESIAN_POINT('',(-0.247508965889,2.70876288921,3.589690758953
    ));
#4950 = B_SPLINE_SURFACE_WITH_KNOTS('',3,1,(
    (#4951,#4952)
    ,(#4953,#4954)
    ,(#4955,#4956)
    ,(#4957,#4958
    )),.UNSPECIFIED.,.F.,.F.,.F.,(4,4),(2,2),(4.,5.),(0.,1.),
  .PIECEWISE_BEZIER_KNOTS.);
#4951 = CARTESIAN_POINT('',(-0.219768035602,2.710247300792,
    3.578085705299));
#4952 = CARTESIAN_POINT('',(-0.219768035602,2.709248167719,
    3.578044074754));
#4953 = CARTESIAN_POINT('',(-0.230945152093,2.710250600932,
    3.578006501923));
#4954 = CARTESIAN_POINT('',(-0.230945152093,2.709251467859,
    3.577964871378));
#4955 = CARTESIAN_POINT('',(-0.240226786581,2.710088851663,
    3.581888484397));
#4956 = CARTESIAN_POINT('',(-0.240226786581,2.709089718589,
    3.581846853852));
#4957 = CARTESIAN_POINT('',(-0.247508965889,2.709762022283,
    3.589732389497));
#4958 = CARTESIAN_POINT('',(-0.247508965889,2.70876288921,3.589690758953
    ));
#4959 = ADVANCED_FACE('',(#4960),#4978,.T.);
#4960 = FACE_BOUND('',#4961,.T.);
#4961 = EDGE_LOOP('',(#4962,#4971,#4972,#4973));
#4962 = ORIENTED_EDGE('',*,*,#4963,.F.);
#4963 = EDGE_CURVE('',#4936,#4964,#4966,.T.);
#4964 = VERTEX_POINT('',#4965);
#4965 = CARTESIAN_POINT('',(-0.258636312678,2.707532501509,
    3.619220063777));
#4966 = B_SPLINE_CURVE_WITH_KNOTS('',3,(#4967,#4968,#4969,#4970),
  .UNSPECIFIED.,.F.,.F.,(4,4),(5.,6.),.PIECEWISE_BEZIER_KNOTS.);
#4967 = CARTESIAN_POINT('',(-0.247508965889,2.70876288921,3.589690758953
    ));
#4968 = CARTESIAN_POINT('',(-0.254842394371,2.708440403641,
    3.597430412624));
#4969 = CARTESIAN_POINT('',(-0.258551509967,2.708030274407,
    3.607273514232));
#4970 = CARTESIAN_POINT('',(-0.258636312678,2.707532501509,
    3.619220063777));
#4971 = ORIENTED_EDGE('',*,*,#4946,.F.);
#4972 = ORIENTED_EDGE('',*,*,#4519,.T.);
#4973 = ORIENTED_EDGE('',*,*,#4974,.T.);
#4974 = EDGE_CURVE('',#4513,#4964,#4975,.T.);
#4975 = B_SPLINE_CURVE_WITH_KNOTS('',1,(#4976,#4977),.UNSPECIFIED.,.F.,
  .F.,(2,2),(-0.,9.999999999999E-04),.PIECEWISE_BEZIER_KNOTS.);
#4976 = CARTESIAN_POINT('',(-0.258636312678,2.708531634582,
    3.619261694322));
#4977 = CARTESIAN_POINT('',(-0.258636312678,2.707532501509,
    3.619220063777));
#4978 = B_SPLINE_SURFACE_WITH_KNOTS('',3,1,(
    (#4979,#4980)
    ,(#4981,#4982)
    ,(#4983,#4984)
    ,(#4985,#4986
    )),.UNSPECIFIED.,.F.,.F.,.F.,(4,4),(2,2),(5.,6.),(0.,1.),
  .PIECEWISE_BEZIER_KNOTS.);
#4979 = CARTESIAN_POINT('',(-0.247508965889,2.709762022283,
    3.589732389497));
#4980 = CARTESIAN_POINT('',(-0.247508965889,2.70876288921,3.589690758953
    ));
#4981 = CARTESIAN_POINT('',(-0.254842394371,2.709439536714,
    3.597472043169));
#4982 = CARTESIAN_POINT('',(-0.254842394371,2.708440403641,
    3.597430412624));
#4983 = CARTESIAN_POINT('',(-0.258551509967,2.70902940748,3.607315144777
    ));
#4984 = CARTESIAN_POINT('',(-0.258551509967,2.708030274407,
    3.607273514232));
#4985 = CARTESIAN_POINT('',(-0.258636312678,2.708531634582,
    3.619261694322));
#4986 = CARTESIAN_POINT('',(-0.258636312678,2.707532501509,
    3.619220063777));
#4987 = ADVANCED_FACE('',(#4988),#5004,.T.);
#4988 = FACE_BOUND('',#4989,.T.);
#4989 = EDGE_LOOP('',(#4990,#4997,#4998,#4999));
#4990 = ORIENTED_EDGE('',*,*,#4991,.F.);
#4991 = EDGE_CURVE('',#4964,#4992,#4994,.T.);
#4992 = VERTEX_POINT('',#4993);
#4993 = CARTESIAN_POINT('',(-0.258735126271,2.706952487872,
    3.633140391073));
#4994 = B_SPLINE_CURVE_WITH_KNOTS('',1,(#4995,#4996),.UNSPECIFIED.,.F.,
  .F.,(2,2),(0.,1.39327560794E-02),.PIECEWISE_BEZIER_KNOTS.);
#4995 = CARTESIAN_POINT('',(-0.258636312678,2.707532501509,
    3.619220063777));
#4996 = CARTESIAN_POINT('',(-0.258735126271,2.706952487872,
    3.633140391073));
#4997 = ORIENTED_EDGE('',*,*,#4974,.F.);
#4998 = ORIENTED_EDGE('',*,*,#4512,.T.);
#4999 = ORIENTED_EDGE('',*,*,#5000,.T.);
#5000 = EDGE_CURVE('',#4506,#4992,#5001,.T.);
#5001 = B_SPLINE_CURVE_WITH_KNOTS('',1,(#5002,#5003),.UNSPECIFIED.,.F.,
  .F.,(2,2),(-4.529480548181E-16,9.999999999999E-04),
  .PIECEWISE_BEZIER_KNOTS.);
#5002 = CARTESIAN_POINT('',(-0.258735126271,2.707951620945,
    3.633182021617));
#5003 = CARTESIAN_POINT('',(-0.258735126271,2.706952487872,
    3.633140391073));
#5004 = B_SPLINE_SURFACE_WITH_KNOTS('',1,1,(
    (#5005,#5006)
    ,(#5007,#5008
    )),.UNSPECIFIED.,.F.,.F.,.F.,(2,2),(2,2),(-1.392067800501E-02,
    4.16294995262E-05),(-1.579146779247E-03,0.),
  .PIECEWISE_BEZIER_KNOTS.);
#5005 = CARTESIAN_POINT('',(-0.258735421259,2.706952487872,
    3.633182019527));
#5006 = CARTESIAN_POINT('',(-0.258734955026,2.708531634582,
    3.633182022831));
#5007 = CARTESIAN_POINT('',(-0.258636483923,2.706952487872,
    3.619220062563));
#5008 = CARTESIAN_POINT('',(-0.25863601769,2.708531634582,3.619220065867
    ));
#5009 = ADVANCED_FACE('',(#5010),#5020,.T.);
#5010 = FACE_BOUND('',#5011,.T.);
#5011 = EDGE_LOOP('',(#5012,#5017,#5018,#5019));
#5012 = ORIENTED_EDGE('',*,*,#5013,.F.);
#5013 = EDGE_CURVE('',#4992,#4818,#5014,.T.);
#5014 = B_SPLINE_CURVE_WITH_KNOTS('',1,(#5015,#5016),.UNSPECIFIED.,.F.,
  .F.,(2,2),(0.,3.430649692773E-02),.PIECEWISE_BEZIER_KNOTS.);
#5015 = CARTESIAN_POINT('',(-0.258735126271,2.706952487872,
    3.633140391073));
#5016 = CARTESIAN_POINT('',(-0.224703451249,2.707132901544,
    3.628810462952));
#5017 = ORIENTED_EDGE('',*,*,#5000,.F.);
#5018 = ORIENTED_EDGE('',*,*,#4505,.T.);
#5019 = ORIENTED_EDGE('',*,*,#4828,.T.);
#5020 = B_SPLINE_SURFACE_WITH_KNOTS('',1,1,(
    (#5021,#5022)
    ,(#5023,#5024
    )),.UNSPECIFIED.,.F.,.F.,.F.,(2,2),(2,2),(-3.431128509511E-02,
    2.384032212557E-18),(-9.999861483836E-04,1.805677116961E-04),
  .PIECEWISE_BEZIER_KNOTS.);
#5021 = CARTESIAN_POINT('',(-0.22470439403,2.706952487872,3.628803065876
    ));
#5022 = CARTESIAN_POINT('',(-0.224698230117,2.708132034617,
    3.628851428047));
#5023 = CARTESIAN_POINT('',(-0.258740347403,2.706952487872,
    3.633141056523));
#5024 = CARTESIAN_POINT('',(-0.25873418349,2.708132034617,3.633189418693
    ));
#5025 = ADVANCED_FACE('',(#5026),#5036,.F.);
#5026 = FACE_BOUND('',#5027,.T.);
#5027 = EDGE_LOOP('',(#5028,#5029,#5030,#5031,#5032,#5033,#5034,#5035));
#5028 = ORIENTED_EDGE('',*,*,#5013,.T.);
#5029 = ORIENTED_EDGE('',*,*,#4817,.T.);
#5030 = ORIENTED_EDGE('',*,*,#4851,.T.);
#5031 = ORIENTED_EDGE('',*,*,#4879,.T.);
#5032 = ORIENTED_EDGE('',*,*,#4907,.T.);
#5033 = ORIENTED_EDGE('',*,*,#4935,.T.);
#5034 = ORIENTED_EDGE('',*,*,#4963,.T.);
#5035 = ORIENTED_EDGE('',*,*,#4991,.T.);
#5036 = B_SPLINE_SURFACE_WITH_KNOTS('',1,1,(
    (#5037,#5038)
    ,(#5039,#5040
    )),.UNSPECIFIED.,.F.,.F.,.F.,(2,2),(2,2),(1.368045704559,
    1.4232690989),(4.991264873729,5.056939795011),
  .PIECEWISE_BEZIER_KNOTS.);
#5037 = CARTESIAN_POINT('',(-0.258735126271,2.706952487872,
    3.633140391073));
#5038 = CARTESIAN_POINT('',(-0.193060204989,2.706952487872,
    3.633140391073));
#5039 = CARTESIAN_POINT('',(-0.258735126271,2.709251467859,
    3.577964871378));
#5040 = CARTESIAN_POINT('',(-0.193060204989,2.709251467859,
    3.577964871378));
#5041 = ADVANCED_FACE('',(#5042),#5066,.F.);
#5042 = FACE_BOUND('',#5043,.F.);
#5043 = EDGE_LOOP('',(#5044,#5051,#5060,#5065));
#5044 = ORIENTED_EDGE('',*,*,#5045,.F.);
#5045 = EDGE_CURVE('',#5046,#742,#5048,.T.);
#5046 = VERTEX_POINT('',#5047);
#5047 = CARTESIAN_POINT('',(-0.360235059855,2.710293103578,
    3.576986438437));
#5048 = B_SPLINE_CURVE_WITH_KNOTS('',1,(#5049,#5050),.UNSPECIFIED.,.F.,
  .F.,(2,2),(-0.,9.999999999999E-04),.PIECEWISE_BEZIER_KNOTS.);
#5049 = CARTESIAN_POINT('',(-0.360235059855,2.710293103578,
    3.576986438437));
#5050 = CARTESIAN_POINT('',(-0.360235059855,2.709293970504,
    3.576944807893));
#5051 = ORIENTED_EDGE('',*,*,#5052,.T.);
#5052 = EDGE_CURVE('',#5046,#5053,#5055,.T.);
#5053 = VERTEX_POINT('',#5054);
#5054 = CARTESIAN_POINT('',(-0.318433420669,2.70969638979,3.591307569334
    ));
#5055 = B_SPLINE_CURVE_WITH_KNOTS('',3,(#5056,#5057,#5058,#5059),
  .UNSPECIFIED.,.F.,.F.,(4,4),(0.,1.),.PIECEWISE_BEZIER_KNOTS.);
#5056 = CARTESIAN_POINT('',(-0.360235059855,2.710293103578,
    3.576986438437));
#5057 = CARTESIAN_POINT('',(-0.345262922415,2.710288682924,
    3.577092534122));
#5058 = CARTESIAN_POINT('',(-0.331363700412,2.710089788561,3.58186599883
    ));
#5059 = CARTESIAN_POINT('',(-0.318433420669,2.70969638979,3.591307569334
    ));
#5060 = ORIENTED_EDGE('',*,*,#5061,.T.);
#5061 = EDGE_CURVE('',#5053,#744,#5062,.T.);
#5062 = B_SPLINE_CURVE_WITH_KNOTS('',1,(#5063,#5064),.UNSPECIFIED.,.F.,
  .F.,(2,2),(-0.,1.000000000002E-03),.PIECEWISE_BEZIER_KNOTS.);
#5063 = CARTESIAN_POINT('',(-0.318433420669,2.70969638979,3.591307569334
    ));
#5064 = CARTESIAN_POINT('',(-0.318433420669,2.708697256717,
    3.591265938789));
#5065 = ORIENTED_EDGE('',*,*,#741,.F.);
#5066 = B_SPLINE_SURFACE_WITH_KNOTS('',3,1,(
    (#5067,#5068)
    ,(#5069,#5070)
    ,(#5071,#5072)
    ,(#5073,#5074
    )),.UNSPECIFIED.,.F.,.F.,.F.,(4,4),(2,2),(0.,1.),(0.,1.),
  .PIECEWISE_BEZIER_KNOTS.);
#5067 = CARTESIAN_POINT('',(-0.360235059855,2.710293103578,
    3.576986438437));
#5068 = CARTESIAN_POINT('',(-0.360235059855,2.709293970504,
    3.576944807893));
#5069 = CARTESIAN_POINT('',(-0.345262922415,2.710288682924,
    3.577092534122));
#5070 = CARTESIAN_POINT('',(-0.345262922415,2.709289549851,
    3.577050903578));
#5071 = CARTESIAN_POINT('',(-0.331363700412,2.710089788561,3.58186599883
    ));
#5072 = CARTESIAN_POINT('',(-0.331363700412,2.709090655488,
    3.581824368285));
#5073 = CARTESIAN_POINT('',(-0.318433420669,2.70969638979,3.591307569334
    ));
#5074 = CARTESIAN_POINT('',(-0.318433420669,2.708697256717,
    3.591265938789));
#5075 = ADVANCED_FACE('',(#5076),#5092,.F.);
#5076 = FACE_BOUND('',#5077,.T.);
#5077 = EDGE_LOOP('',(#5078,#5079,#5086,#5091));
#5078 = ORIENTED_EDGE('',*,*,#921,.T.);
#5079 = ORIENTED_EDGE('',*,*,#5080,.F.);
#5080 = EDGE_CURVE('',#5081,#913,#5083,.T.);
#5081 = VERTEX_POINT('',#5082);
#5082 = CARTESIAN_POINT('',(-0.318246854706,2.710791490165,
    3.565025160338));
#5083 = B_SPLINE_CURVE_WITH_KNOTS('',1,(#5084,#5085),.UNSPECIFIED.,.F.,
  .F.,(2,2),(-0.,1.000000000002E-03),.PIECEWISE_BEZIER_KNOTS.);
#5084 = CARTESIAN_POINT('',(-0.318246854706,2.710791490165,
    3.565025160338));
#5085 = CARTESIAN_POINT('',(-0.318246854706,2.709792357092,
    3.564983529793));
#5086 = ORIENTED_EDGE('',*,*,#5087,.F.);
#5087 = EDGE_CURVE('',#5053,#5081,#5088,.T.);
#5088 = B_SPLINE_CURVE_WITH_KNOTS('',1,(#5089,#5090),.UNSPECIFIED.,.F.,
  .F.,(2,2),(-2.630587528195E-02,0.),.PIECEWISE_BEZIER_KNOTS.);
#5089 = CARTESIAN_POINT('',(-0.318433420669,2.70969638979,3.591307569334
    ));
#5090 = CARTESIAN_POINT('',(-0.318246854706,2.710791490165,
    3.565025160338));
#5091 = ORIENTED_EDGE('',*,*,#5061,.T.);
#5092 = B_SPLINE_SURFACE_WITH_KNOTS('',1,1,(
    (#5093,#5094)
    ,(#5095,#5096
    )),.UNSPECIFIED.,.F.,.F.,.F.,(2,2),(2,2),(-4.162949952628E-05,
    2.628307115643E-02),(-2.094233539229E-03,0.),
  .PIECEWISE_BEZIER_KNOTS.);
#5093 = CARTESIAN_POINT('',(-0.318247178027,2.708697256717,
    3.564983527502));
#5094 = CARTESIAN_POINT('',(-0.318246559718,2.710791490165,
    3.564983531883));
#5095 = CARTESIAN_POINT('',(-0.318433715657,2.708697256717,
    3.591307567244));
#5096 = CARTESIAN_POINT('',(-0.318433097347,2.710791490165,
    3.591307571625));
#5097 = ADVANCED_FACE('',(#5098),#5116,.F.);
#5098 = FACE_BOUND('',#5099,.F.);
#5099 = EDGE_LOOP('',(#5100,#5101,#5110,#5115));
#5100 = ORIENTED_EDGE('',*,*,#5080,.F.);
#5101 = ORIENTED_EDGE('',*,*,#5102,.T.);
#5102 = EDGE_CURVE('',#5081,#5103,#5105,.T.);
#5103 = VERTEX_POINT('',#5104);
#5104 = CARTESIAN_POINT('',(-0.35759222064,2.711158058798,3.556227513149
    ));
#5105 = B_SPLINE_CURVE_WITH_KNOTS('',3,(#5106,#5107,#5108,#5109),
  .UNSPECIFIED.,.F.,.F.,(4,4),(19.,20.),.PIECEWISE_BEZIER_KNOTS.);
#5106 = CARTESIAN_POINT('',(-0.318246854706,2.710791490165,
    3.565025160338));
#5107 = CARTESIAN_POINT('',(-0.329436137381,2.711028542494,
    3.559335904439));
#5108 = CARTESIAN_POINT('',(-0.342516110024,2.711153607445,
    3.556334345609));
#5109 = CARTESIAN_POINT('',(-0.35759222064,2.711158058798,3.556227513149
    ));
#5110 = ORIENTED_EDGE('',*,*,#5111,.T.);
#5111 = EDGE_CURVE('',#5103,#904,#5112,.T.);
#5112 = B_SPLINE_CURVE_WITH_KNOTS('',1,(#5113,#5114),.UNSPECIFIED.,.F.,
  .F.,(2,2),(-0.,1.000000000001E-03),.PIECEWISE_BEZIER_KNOTS.);
#5113 = CARTESIAN_POINT('',(-0.35759222064,2.711158058798,3.556227513149
    ));
#5114 = CARTESIAN_POINT('',(-0.35759222064,2.710158925725,3.556185882604
    ));
#5115 = ORIENTED_EDGE('',*,*,#912,.F.);
#5116 = B_SPLINE_SURFACE_WITH_KNOTS('',3,1,(
    (#5117,#5118)
    ,(#5119,#5120)
    ,(#5121,#5122)
    ,(#5123,#5124
    )),.UNSPECIFIED.,.F.,.F.,.F.,(4,4),(2,2),(19.,20.),(0.,1.),
  .PIECEWISE_BEZIER_KNOTS.);
#5117 = CARTESIAN_POINT('',(-0.318246854706,2.710791490165,
    3.565025160338));
#5118 = CARTESIAN_POINT('',(-0.318246854706,2.709792357092,
    3.564983529793));
#5119 = CARTESIAN_POINT('',(-0.329436137381,2.711028542494,
    3.559335904439));
#5120 = CARTESIAN_POINT('',(-0.329436137381,2.710029409421,
    3.559294273895));
#5121 = CARTESIAN_POINT('',(-0.342516110024,2.711153607445,
    3.556334345609));
#5122 = CARTESIAN_POINT('',(-0.342516110024,2.710154474372,
    3.556292715064));
#5123 = CARTESIAN_POINT('',(-0.35759222064,2.711158058798,3.556227513149
    ));
#5124 = CARTESIAN_POINT('',(-0.35759222064,2.710158925725,3.556185882604
    ));
#5125 = ADVANCED_FACE('',(#5126),#5144,.F.);
#5126 = FACE_BOUND('',#5127,.F.);
#5127 = EDGE_LOOP('',(#5128,#5129,#5138,#5143));
#5128 = ORIENTED_EDGE('',*,*,#5111,.F.);
#5129 = ORIENTED_EDGE('',*,*,#5130,.T.);
#5130 = EDGE_CURVE('',#5103,#5131,#5133,.T.);
#5131 = VERTEX_POINT('',#5132);
#5132 = CARTESIAN_POINT('',(-0.399991156591,2.710690094226,
    3.567458662869));
#5133 = B_SPLINE_CURVE_WITH_KNOTS('',3,(#5134,#5135,#5136,#5137),
  .UNSPECIFIED.,.F.,.F.,(4,4),(18.,19.),.PIECEWISE_BEZIER_KNOTS.);
#5134 = CARTESIAN_POINT('',(-0.35759222064,2.711158058798,3.556227513149
    ));
#5135 = CARTESIAN_POINT('',(-0.374903754554,2.711163170179,
    3.556104840013));
#5136 = CARTESIAN_POINT('',(-0.38907139093,2.711007192221,3.559848310994
    ));
#5137 = CARTESIAN_POINT('',(-0.399991156591,2.710690094226,
    3.567458662869));
#5138 = ORIENTED_EDGE('',*,*,#5139,.T.);
#5139 = EDGE_CURVE('',#5131,#895,#5140,.T.);
#5140 = B_SPLINE_CURVE_WITH_KNOTS('',1,(#5141,#5142),.UNSPECIFIED.,.F.,
  .F.,(2,2),(-0.,1.000000000002E-03),.PIECEWISE_BEZIER_KNOTS.);
#5141 = CARTESIAN_POINT('',(-0.399991156591,2.710690094226,
    3.567458662869));
#5142 = CARTESIAN_POINT('',(-0.399991156591,2.709690961153,
    3.567417032324));
#5143 = ORIENTED_EDGE('',*,*,#903,.F.);
#5144 = B_SPLINE_SURFACE_WITH_KNOTS('',3,1,(
    (#5145,#5146)
    ,(#5147,#5148)
    ,(#5149,#5150)
    ,(#5151,#5152
    )),.UNSPECIFIED.,.F.,.F.,.F.,(4,4),(2,2),(18.,19.),(0.,1.),
  .PIECEWISE_BEZIER_KNOTS.);
#5145 = CARTESIAN_POINT('',(-0.35759222064,2.711158058798,3.556227513149
    ));
#5146 = CARTESIAN_POINT('',(-0.35759222064,2.710158925725,3.556185882604
    ));
#5147 = CARTESIAN_POINT('',(-0.374903754554,2.711163170179,
    3.556104840013));
#5148 = CARTESIAN_POINT('',(-0.374903754554,2.710164037105,
    3.556063209468));
#5149 = CARTESIAN_POINT('',(-0.38907139093,2.711007192221,3.559848310994
    ));
#5150 = CARTESIAN_POINT('',(-0.38907139093,2.710008059148,3.55980668045)
  );
#5151 = CARTESIAN_POINT('',(-0.399991156591,2.710690094226,
    3.567458662869));
#5152 = CARTESIAN_POINT('',(-0.399991156591,2.709690961153,
    3.567417032324));
#5153 = ADVANCED_FACE('',(#5154),#5172,.F.);
#5154 = FACE_BOUND('',#5155,.F.);
#5155 = EDGE_LOOP('',(#5156,#5157,#5166,#5171));
#5156 = ORIENTED_EDGE('',*,*,#5139,.F.);
#5157 = ORIENTED_EDGE('',*,*,#5158,.T.);
#5158 = EDGE_CURVE('',#5131,#5159,#5161,.T.);
#5159 = VERTEX_POINT('',#5160);
#5160 = CARTESIAN_POINT('',(-0.416589631208,2.709387734402,
    3.598715298647));
#5161 = B_SPLINE_CURVE_WITH_KNOTS('',3,(#5162,#5163,#5164,#5165),
  .UNSPECIFIED.,.F.,.F.,(4,4),(17.,18.),.PIECEWISE_BEZIER_KNOTS.);
#5162 = CARTESIAN_POINT('',(-0.399991156591,2.710690094226,
    3.567458662869));
#5163 = CARTESIAN_POINT('',(-0.410962171426,2.710377340041,
    3.574964763318));
#5164 = CARTESIAN_POINT('',(-0.416495242104,2.70994177728,3.585418269589
    ));
#5165 = CARTESIAN_POINT('',(-0.416589631208,2.709387734402,
    3.598715298647));
#5166 = ORIENTED_EDGE('',*,*,#5167,.T.);
#5167 = EDGE_CURVE('',#5159,#886,#5168,.T.);
#5168 = B_SPLINE_CURVE_WITH_KNOTS('',1,(#5169,#5170),.UNSPECIFIED.,.F.,
  .F.,(2,2),(-0.,1.000000000002E-03),.PIECEWISE_BEZIER_KNOTS.);
#5169 = CARTESIAN_POINT('',(-0.416589631208,2.709387734402,
    3.598715298647));
#5170 = CARTESIAN_POINT('',(-0.416589631208,2.708388601329,
    3.598673668103));
#5171 = ORIENTED_EDGE('',*,*,#894,.F.);
#5172 = B_SPLINE_SURFACE_WITH_KNOTS('',3,1,(
    (#5173,#5174)
    ,(#5175,#5176)
    ,(#5177,#5178)
    ,(#5179,#5180
    )),.UNSPECIFIED.,.F.,.F.,.F.,(4,4),(2,2),(17.,18.),(0.,1.),
  .PIECEWISE_BEZIER_KNOTS.);
#5173 = CARTESIAN_POINT('',(-0.399991156591,2.710690094226,
    3.567458662869));
#5174 = CARTESIAN_POINT('',(-0.399991156591,2.709690961153,
    3.567417032324));
#5175 = CARTESIAN_POINT('',(-0.410962171426,2.710377340041,
    3.574964763318));
#5176 = CARTESIAN_POINT('',(-0.410962171426,2.709378206968,
    3.574923132773));
#5177 = CARTESIAN_POINT('',(-0.416495242104,2.70994177728,3.585418269589
    ));
#5178 = CARTESIAN_POINT('',(-0.416495242104,2.708942644206,
    3.585376639045));
#5179 = CARTESIAN_POINT('',(-0.416589631208,2.709387734402,
    3.598715298647));
#5180 = CARTESIAN_POINT('',(-0.416589631208,2.708388601329,
    3.598673668103));
#5181 = ADVANCED_FACE('',(#5182),#5200,.F.);
#5182 = FACE_BOUND('',#5183,.F.);
#5183 = EDGE_LOOP('',(#5184,#5185,#5194,#5199));
#5184 = ORIENTED_EDGE('',*,*,#5167,.F.);
#5185 = ORIENTED_EDGE('',*,*,#5186,.T.);
#5186 = EDGE_CURVE('',#5159,#5187,#5189,.T.);
#5187 = VERTEX_POINT('',#5188);
#5188 = CARTESIAN_POINT('',(-0.408234173558,2.70838534283,3.622772696374
    ));
#5189 = B_SPLINE_CURVE_WITH_KNOTS('',3,(#5190,#5191,#5192,#5193),
  .UNSPECIFIED.,.F.,.F.,(4,4),(16.,17.),.PIECEWISE_BEZIER_KNOTS.);
#5190 = CARTESIAN_POINT('',(-0.416589631208,2.709387734402,
    3.598715298647));
#5191 = CARTESIAN_POINT('',(-0.416657473376,2.708989516084,
    3.608272538283));
#5192 = CARTESIAN_POINT('',(-0.413854991963,2.708655380444,
    3.616291793655));
#5193 = CARTESIAN_POINT('',(-0.408234173558,2.70838534283,3.622772696374
    ));
#5194 = ORIENTED_EDGE('',*,*,#5195,.T.);
#5195 = EDGE_CURVE('',#5187,#877,#5196,.T.);
#5196 = B_SPLINE_CURVE_WITH_KNOTS('',1,(#5197,#5198),.UNSPECIFIED.,.F.,
  .F.,(2,2),(-0.,1.000000000001E-03),.PIECEWISE_BEZIER_KNOTS.);
#5197 = CARTESIAN_POINT('',(-0.408234173558,2.70838534283,3.622772696374
    ));
#5198 = CARTESIAN_POINT('',(-0.408234173558,2.707386209757,
    3.622731065829));
#5199 = ORIENTED_EDGE('',*,*,#885,.F.);
#5200 = B_SPLINE_SURFACE_WITH_KNOTS('',3,1,(
    (#5201,#5202)
    ,(#5203,#5204)
    ,(#5205,#5206)
    ,(#5207,#5208
    )),.UNSPECIFIED.,.F.,.F.,.F.,(4,4),(2,2),(16.,17.),(0.,1.),
  .PIECEWISE_BEZIER_KNOTS.);
#5201 = CARTESIAN_POINT('',(-0.416589631208,2.709387734402,
    3.598715298647));
#5202 = CARTESIAN_POINT('',(-0.416589631208,2.708388601329,
    3.598673668103));
#5203 = CARTESIAN_POINT('',(-0.416657473376,2.708989516084,
    3.608272538283));
#5204 = CARTESIAN_POINT('',(-0.416657473376,2.707990383011,
    3.608230907738));
#5205 = CARTESIAN_POINT('',(-0.413854991963,2.708655380444,
    3.616291793655));
#5206 = CARTESIAN_POINT('',(-0.413854991963,2.70765624737,3.61625016311)
  );
#5207 = CARTESIAN_POINT('',(-0.408234173558,2.70838534283,3.622772696374
    ));
#5208 = CARTESIAN_POINT('',(-0.408234173558,2.707386209757,
    3.622731065829));
#5209 = ADVANCED_FACE('',(#5210),#5228,.F.);
#5210 = FACE_BOUND('',#5211,.F.);
#5211 = EDGE_LOOP('',(#5212,#5213,#5222,#5227));
#5212 = ORIENTED_EDGE('',*,*,#5195,.F.);
#5213 = ORIENTED_EDGE('',*,*,#5214,.T.);
#5214 = EDGE_CURVE('',#5187,#5215,#5217,.T.);
#5215 = VERTEX_POINT('',#5216);
#5216 = CARTESIAN_POINT('',(-0.375512121825,2.707592190695,
    3.641808347612));
#5217 = B_SPLINE_CURVE_WITH_KNOTS('',3,(#5218,#5219,#5220,#5221),
  .UNSPECIFIED.,.F.,.F.,(4,4),(15.,16.),.PIECEWISE_BEZIER_KNOTS.);
#5218 = CARTESIAN_POINT('',(-0.408234173558,2.70838534283,3.622772696374
    ));
#5219 = CARTESIAN_POINT('',(-0.402561368564,2.708115289867,
    3.629253967481));
#5220 = CARTESIAN_POINT('',(-0.391689167322,2.707848030415,
    3.635668194328));
#5221 = CARTESIAN_POINT('',(-0.375512121825,2.707592190695,
    3.641808347612));
#5222 = ORIENTED_EDGE('',*,*,#5223,.T.);
#5223 = EDGE_CURVE('',#5215,#868,#5224,.T.);
#5224 = B_SPLINE_CURVE_WITH_KNOTS('',1,(#5225,#5226),.UNSPECIFIED.,.F.,
  .F.,(2,2),(-0.,1.000000000003E-03),.PIECEWISE_BEZIER_KNOTS.);
#5225 = CARTESIAN_POINT('',(-0.375512121825,2.707592190695,
    3.641808347612));
#5226 = CARTESIAN_POINT('',(-0.375512121825,2.706593057622,
    3.641766717068));
#5227 = ORIENTED_EDGE('',*,*,#876,.F.);
#5228 = B_SPLINE_SURFACE_WITH_KNOTS('',3,1,(
    (#5229,#5230)
    ,(#5231,#5232)
    ,(#5233,#5234)
    ,(#5235,#5236
    )),.UNSPECIFIED.,.F.,.F.,.F.,(4,4),(2,2),(15.,16.),(0.,1.),
  .PIECEWISE_BEZIER_KNOTS.);
#5229 = CARTESIAN_POINT('',(-0.408234173558,2.70838534283,3.622772696374
    ));
#5230 = CARTESIAN_POINT('',(-0.408234173558,2.707386209757,
    3.622731065829));
#5231 = CARTESIAN_POINT('',(-0.402561368564,2.708115289867,
    3.629253967481));
#5232 = CARTESIAN_POINT('',(-0.402561368564,2.707116156794,
    3.629212336936));
#5233 = CARTESIAN_POINT('',(-0.391689167322,2.707848030415,
    3.635668194328));
#5234 = CARTESIAN_POINT('',(-0.391689167322,2.706848897342,
    3.635626563784));
#5235 = CARTESIAN_POINT('',(-0.375512121825,2.707592190695,
    3.641808347612));
#5236 = CARTESIAN_POINT('',(-0.375512121825,2.706593057622,
    3.641766717068));
#5237 = ADVANCED_FACE('',(#5238),#5256,.F.);
#5238 = FACE_BOUND('',#5239,.F.);
#5239 = EDGE_LOOP('',(#5240,#5241,#5250,#5255));
#5240 = ORIENTED_EDGE('',*,*,#5223,.F.);
#5241 = ORIENTED_EDGE('',*,*,#5242,.T.);
#5242 = EDGE_CURVE('',#5215,#5243,#5245,.T.);
#5243 = VERTEX_POINT('',#5244);
#5244 = CARTESIAN_POINT('',(-0.350854995565,2.70706546914,3.654449664946
    ));
#5245 = B_SPLINE_CURVE_WITH_KNOTS('',3,(#5246,#5247,#5248,#5249),
  .UNSPECIFIED.,.F.,.F.,(4,4),(14.,15.),.PIECEWISE_BEZIER_KNOTS.);
#5246 = CARTESIAN_POINT('',(-0.375512121825,2.707592190695,
    3.641808347612));
#5247 = CARTESIAN_POINT('',(-0.36275881701,2.707380648641,3.646885356906
    ));
#5248 = CARTESIAN_POINT('',(-0.354574432649,2.707205085022,3.65109888376
    ));
#5249 = CARTESIAN_POINT('',(-0.350854995565,2.70706546914,3.654449664946
    ));
#5250 = ORIENTED_EDGE('',*,*,#5251,.T.);
#5251 = EDGE_CURVE('',#5243,#859,#5252,.T.);
#5252 = B_SPLINE_CURVE_WITH_KNOTS('',1,(#5253,#5254),.UNSPECIFIED.,.F.,
  .F.,(2,2),(-0.,1.000000000002E-03),.PIECEWISE_BEZIER_KNOTS.);
#5253 = CARTESIAN_POINT('',(-0.350854995565,2.70706546914,3.654449664946
    ));
#5254 = CARTESIAN_POINT('',(-0.350854995565,2.706066336067,
    3.654408034401));
#5255 = ORIENTED_EDGE('',*,*,#867,.F.);
#5256 = B_SPLINE_SURFACE_WITH_KNOTS('',3,1,(
    (#5257,#5258)
    ,(#5259,#5260)
    ,(#5261,#5262)
    ,(#5263,#5264
    )),.UNSPECIFIED.,.F.,.F.,.F.,(4,4),(2,2),(14.,15.),(0.,1.),
  .PIECEWISE_BEZIER_KNOTS.);
#5257 = CARTESIAN_POINT('',(-0.375512121825,2.707592190695,
    3.641808347612));
#5258 = CARTESIAN_POINT('',(-0.375512121825,2.706593057622,
    3.641766717068));
#5259 = CARTESIAN_POINT('',(-0.36275881701,2.707380648641,3.646885356906
    ));
#5260 = CARTESIAN_POINT('',(-0.36275881701,2.706381515568,3.646843726362
    ));
#5261 = CARTESIAN_POINT('',(-0.354574432649,2.707205085022,3.65109888376
    ));
#5262 = CARTESIAN_POINT('',(-0.354574432649,2.706205951949,
    3.651057253215));
#5263 = CARTESIAN_POINT('',(-0.350854995565,2.70706546914,3.654449664946
    ));
#5264 = CARTESIAN_POINT('',(-0.350854995565,2.706066336067,
    3.654408034401));
#5265 = ADVANCED_FACE('',(#5266),#5284,.F.);
#5266 = FACE_BOUND('',#5267,.F.);
#5267 = EDGE_LOOP('',(#5268,#5269,#5278,#5283));
#5268 = ORIENTED_EDGE('',*,*,#5251,.F.);
#5269 = ORIENTED_EDGE('',*,*,#5270,.T.);
#5270 = EDGE_CURVE('',#5243,#5271,#5273,.T.);
#5271 = VERTEX_POINT('',#5272);
#5272 = CARTESIAN_POINT('',(-0.345388294548,2.706501126947,
    3.667993877577));
#5273 = B_SPLINE_CURVE_WITH_KNOTS('',3,(#5274,#5275,#5276,#5277),
  .UNSPECIFIED.,.F.,.F.,(4,4),(13.,14.),.PIECEWISE_BEZIER_KNOTS.);
#5274 = CARTESIAN_POINT('',(-0.350854995565,2.70706546914,3.654449664946
    ));
#5275 = CARTESIAN_POINT('',(-0.347186807655,2.706930197066,
    3.657696194703));
#5276 = CARTESIAN_POINT('',(-0.345346999315,2.706743520706,
    3.662176427363));
#5277 = CARTESIAN_POINT('',(-0.345388294548,2.706501126947,
    3.667993877577));
#5278 = ORIENTED_EDGE('',*,*,#5279,.T.);
#5279 = EDGE_CURVE('',#5271,#850,#5280,.T.);
#5280 = B_SPLINE_CURVE_WITH_KNOTS('',1,(#5281,#5282),.UNSPECIFIED.,.F.,
  .F.,(2,2),(-0.,1.000000000002E-03),.PIECEWISE_BEZIER_KNOTS.);
#5281 = CARTESIAN_POINT('',(-0.345388294548,2.706501126947,
    3.667993877577));
#5282 = CARTESIAN_POINT('',(-0.345388294548,2.705501993874,
    3.667952247032));
#5283 = ORIENTED_EDGE('',*,*,#858,.F.);
#5284 = B_SPLINE_SURFACE_WITH_KNOTS('',3,1,(
    (#5285,#5286)
    ,(#5287,#5288)
    ,(#5289,#5290)
    ,(#5291,#5292
    )),.UNSPECIFIED.,.F.,.F.,.F.,(4,4),(2,2),(13.,14.),(0.,1.),
  .PIECEWISE_BEZIER_KNOTS.);
#5285 = CARTESIAN_POINT('',(-0.350854995565,2.70706546914,3.654449664946
    ));
#5286 = CARTESIAN_POINT('',(-0.350854995565,2.706066336067,
    3.654408034401));
#5287 = CARTESIAN_POINT('',(-0.347186807655,2.706930197066,
    3.657696194703));
#5288 = CARTESIAN_POINT('',(-0.347186807655,2.705931063993,
    3.657654564158));
#5289 = CARTESIAN_POINT('',(-0.345346999315,2.706743520706,
    3.662176427363));
#5290 = CARTESIAN_POINT('',(-0.345346999315,2.705744387633,
    3.662134796819));
#5291 = CARTESIAN_POINT('',(-0.345388294548,2.706501126947,
    3.667993877577));
#5292 = CARTESIAN_POINT('',(-0.345388294548,2.705501993874,
    3.667952247032));
#5293 = ADVANCED_FACE('',(#5294),#5312,.F.);
#5294 = FACE_BOUND('',#5295,.F.);
#5295 = EDGE_LOOP('',(#5296,#5297,#5306,#5311));
#5296 = ORIENTED_EDGE('',*,*,#5279,.F.);
#5297 = ORIENTED_EDGE('',*,*,#5298,.T.);
#5298 = EDGE_CURVE('',#5271,#5299,#5301,.T.);
#5299 = VERTEX_POINT('',#5300);
#5300 = CARTESIAN_POINT('',(-0.353234584632,2.705914743464,
    3.682067081168));
#5301 = B_SPLINE_CURVE_WITH_KNOTS('',3,(#5302,#5303,#5304,#5305),
  .UNSPECIFIED.,.F.,.F.,(4,4),(12.,13.),.PIECEWISE_BEZIER_KNOTS.);
#5302 = CARTESIAN_POINT('',(-0.345388294548,2.706501126947,
    3.667993877577));
#5303 = CARTESIAN_POINT('',(-0.345429589781,2.706258733188,
    3.673811327788));
#5304 = CARTESIAN_POINT('',(-0.348062840282,2.706060391503,
    3.678571528216));
#5305 = CARTESIAN_POINT('',(-0.353234584632,2.705914743464,
    3.682067081168));
#5306 = ORIENTED_EDGE('',*,*,#5307,.T.);
#5307 = EDGE_CURVE('',#5299,#841,#5308,.T.);
#5308 = B_SPLINE_CURVE_WITH_KNOTS('',1,(#5309,#5310),.UNSPECIFIED.,.F.,
  .F.,(2,2),(-0.,1.000000000002E-03),.PIECEWISE_BEZIER_KNOTS.);
#5309 = CARTESIAN_POINT('',(-0.353234584632,2.705914743464,
    3.682067081168));
#5310 = CARTESIAN_POINT('',(-0.353234584632,2.704915610391,
    3.682025450624));
#5311 = ORIENTED_EDGE('',*,*,#849,.F.);
#5312 = B_SPLINE_SURFACE_WITH_KNOTS('',3,1,(
    (#5313,#5314)
    ,(#5315,#5316)
    ,(#5317,#5318)
    ,(#5319,#5320
    )),.UNSPECIFIED.,.F.,.F.,.F.,(4,4),(2,2),(12.,13.),(0.,1.),
  .PIECEWISE_BEZIER_KNOTS.);
#5313 = CARTESIAN_POINT('',(-0.345388294548,2.706501126947,
    3.667993877577));
#5314 = CARTESIAN_POINT('',(-0.345388294548,2.705501993874,
    3.667952247032));
#5315 = CARTESIAN_POINT('',(-0.345429589781,2.706258733188,
    3.673811327788));
#5316 = CARTESIAN_POINT('',(-0.345429589781,2.705259600115,
    3.673769697244));
#5317 = CARTESIAN_POINT('',(-0.348062840282,2.706060391503,
    3.678571528216));
#5318 = CARTESIAN_POINT('',(-0.348062840282,2.70506125843,3.678529897672
    ));
#5319 = CARTESIAN_POINT('',(-0.353234584632,2.705914743464,
    3.682067081168));
#5320 = CARTESIAN_POINT('',(-0.353234584632,2.704915610391,
    3.682025450624));
#5321 = ADVANCED_FACE('',(#5322),#5340,.F.);
#5322 = FACE_BOUND('',#5323,.F.);
#5323 = EDGE_LOOP('',(#5324,#5325,#5334,#5339));
#5324 = ORIENTED_EDGE('',*,*,#5307,.F.);
#5325 = ORIENTED_EDGE('',*,*,#5326,.T.);
#5326 = EDGE_CURVE('',#5299,#5327,#5329,.T.);
#5327 = VERTEX_POINT('',#5328);
#5328 = CARTESIAN_POINT('',(-0.373339753301,2.705695588449,
    3.687326801535));
#5329 = B_SPLINE_CURVE_WITH_KNOTS('',3,(#5330,#5331,#5332,#5333),
  .UNSPECIFIED.,.F.,.F.,(4,4),(11.,12.),.PIECEWISE_BEZIER_KNOTS.);
#5330 = CARTESIAN_POINT('',(-0.353234584632,2.705914743464,
    3.682067081168));
#5331 = CARTESIAN_POINT('',(-0.358407066397,2.705764766964,3.68566651716
    ));
#5332 = CARTESIAN_POINT('',(-0.365125872345,2.705693163229,
    3.687385006807));
#5333 = CARTESIAN_POINT('',(-0.373339753301,2.705695588449,
    3.687326801535));
#5334 = ORIENTED_EDGE('',*,*,#5335,.T.);
#5335 = EDGE_CURVE('',#5327,#832,#5336,.T.);
#5336 = B_SPLINE_CURVE_WITH_KNOTS('',1,(#5337,#5338),.UNSPECIFIED.,.F.,
  .F.,(2,2),(-0.,1.000000000002E-03),.PIECEWISE_BEZIER_KNOTS.);
#5337 = CARTESIAN_POINT('',(-0.373339753301,2.705695588449,
    3.687326801535));
#5338 = CARTESIAN_POINT('',(-0.373339753301,2.704696455375,3.68728517099
    ));
#5339 = ORIENTED_EDGE('',*,*,#840,.F.);
#5340 = B_SPLINE_SURFACE_WITH_KNOTS('',3,1,(
    (#5341,#5342)
    ,(#5343,#5344)
    ,(#5345,#5346)
    ,(#5347,#5348
    )),.UNSPECIFIED.,.F.,.F.,.F.,(4,4),(2,2),(11.,12.),(0.,1.),
  .PIECEWISE_BEZIER_KNOTS.);
#5341 = CARTESIAN_POINT('',(-0.353234584632,2.705914743464,
    3.682067081168));
#5342 = CARTESIAN_POINT('',(-0.353234584632,2.704915610391,
    3.682025450624));
#5343 = CARTESIAN_POINT('',(-0.358407066397,2.705764766964,3.68566651716
    ));
#5344 = CARTESIAN_POINT('',(-0.358407066397,2.704765633891,
    3.685624886615));
#5345 = CARTESIAN_POINT('',(-0.365125872345,2.705693163229,
    3.687385006807));
#5346 = CARTESIAN_POINT('',(-0.365125872345,2.704694030156,
    3.687343376262));
#5347 = CARTESIAN_POINT('',(-0.373339753301,2.705695588449,
    3.687326801535));
#5348 = CARTESIAN_POINT('',(-0.373339753301,2.704696455375,3.68728517099
    ));
#5349 = ADVANCED_FACE('',(#5350),#5368,.F.);
#5350 = FACE_BOUND('',#5351,.F.);
#5351 = EDGE_LOOP('',(#5352,#5353,#5362,#5367));
#5352 = ORIENTED_EDGE('',*,*,#5335,.F.);
#5353 = ORIENTED_EDGE('',*,*,#5354,.T.);
#5354 = EDGE_CURVE('',#5327,#5355,#5357,.T.);
#5355 = VERTEX_POINT('',#5356);
#5356 = CARTESIAN_POINT('',(-0.410175752113,2.706143661045,
    3.676573059209));
#5357 = B_SPLINE_CURVE_WITH_KNOTS('',3,(#5358,#5359,#5360,#5361),
  .UNSPECIFIED.,.F.,.F.,(4,4),(10.,11.),.PIECEWISE_BEZIER_KNOTS.);
#5358 = CARTESIAN_POINT('',(-0.373339753301,2.705695588449,
    3.687326801535));
#5359 = CARTESIAN_POINT('',(-0.387116199209,2.705699656064,
    3.687229178769));
#5360 = CARTESIAN_POINT('',(-0.399359961949,2.705850446183,
    3.683610215906));
#5361 = CARTESIAN_POINT('',(-0.410175752113,2.706143661045,
    3.676573059209));
#5362 = ORIENTED_EDGE('',*,*,#5363,.T.);
#5363 = EDGE_CURVE('',#5355,#825,#5364,.T.);
#5364 = B_SPLINE_CURVE_WITH_KNOTS('',1,(#5365,#5366),.UNSPECIFIED.,.F.,
  .F.,(2,2),(-0.,1.000000000002E-03),.PIECEWISE_BEZIER_KNOTS.);
#5365 = CARTESIAN_POINT('',(-0.410175752113,2.706143661045,
    3.676573059209));
#5366 = CARTESIAN_POINT('',(-0.410175752113,2.705144527972,
    3.676531428664));
#5367 = ORIENTED_EDGE('',*,*,#831,.F.);
#5368 = B_SPLINE_SURFACE_WITH_KNOTS('',3,1,(
    (#5369,#5370)
    ,(#5371,#5372)
    ,(#5373,#5374)
    ,(#5375,#5376
    )),.UNSPECIFIED.,.F.,.F.,.F.,(4,4),(2,2),(10.,11.),(0.,1.),
  .PIECEWISE_BEZIER_KNOTS.);
#5369 = CARTESIAN_POINT('',(-0.373339753301,2.705695588449,
    3.687326801535));
#5370 = CARTESIAN_POINT('',(-0.373339753301,2.704696455375,3.68728517099
    ));
#5371 = CARTESIAN_POINT('',(-0.387116199209,2.705699656064,
    3.687229178769));
#5372 = CARTESIAN_POINT('',(-0.387116199209,2.704700522991,
    3.687187548225));
#5373 = CARTESIAN_POINT('',(-0.399359961949,2.705850446183,
    3.683610215906));
#5374 = CARTESIAN_POINT('',(-0.399359961949,2.70485131311,3.683568585361
    ));
#5375 = CARTESIAN_POINT('',(-0.410175752113,2.706143661045,
    3.676573059209));
#5376 = CARTESIAN_POINT('',(-0.410175752113,2.705144527972,
    3.676531428664));
#5377 = ADVANCED_FACE('',(#5378),#5394,.F.);
#5378 = FACE_BOUND('',#5379,.T.);
#5379 = EDGE_LOOP('',(#5380,#5381,#5388,#5393));
#5380 = ORIENTED_EDGE('',*,*,#824,.T.);
#5381 = ORIENTED_EDGE('',*,*,#5382,.F.);
#5382 = EDGE_CURVE('',#5383,#816,#5385,.T.);
#5383 = VERTEX_POINT('',#5384);
#5384 = CARTESIAN_POINT('',(-0.410351256853,2.70511348757,3.701297222613
    ));
#5385 = B_SPLINE_CURVE_WITH_KNOTS('',1,(#5386,#5387),.UNSPECIFIED.,.F.,
  .F.,(2,2),(-0.,1.000000000001E-03),.PIECEWISE_BEZIER_KNOTS.);
#5386 = CARTESIAN_POINT('',(-0.410351256853,2.70511348757,3.701297222613
    ));
#5387 = CARTESIAN_POINT('',(-0.410351256853,2.704114354497,
    3.701255592068));
#5388 = ORIENTED_EDGE('',*,*,#5389,.F.);
#5389 = EDGE_CURVE('',#5355,#5383,#5390,.T.);
#5390 = B_SPLINE_CURVE_WITH_KNOTS('',1,(#5391,#5392),.UNSPECIFIED.,.F.,
  .F.,(2,2),(-2.474623840786E-02,0.),.PIECEWISE_BEZIER_KNOTS.);
#5391 = CARTESIAN_POINT('',(-0.410175752113,2.706143661045,
    3.676573059209));
#5392 = CARTESIAN_POINT('',(-0.410351256853,2.70511348757,3.701297222613
    ));
#5393 = ORIENTED_EDGE('',*,*,#5363,.T.);
#5394 = B_SPLINE_SURFACE_WITH_KNOTS('',1,1,(
    (#5395,#5396)
    ,(#5397,#5398
    )),.UNSPECIFIED.,.F.,.F.,.F.,(2,2),(2,2),(0.,2.476641580512E-02),(
    -9.991331166425E-04,1.030173520076E-03),.PIECEWISE_BEZIER_KNOTS.);
#5395 = CARTESIAN_POINT('',(-0.410351551841,2.704114354497,
    3.701297220523));
#5396 = CARTESIAN_POINT('',(-0.410350952701,2.706143661045,
    3.701297224768));
#5397 = CARTESIAN_POINT('',(-0.410176056265,2.704114354497,
    3.676531426509));
#5398 = CARTESIAN_POINT('',(-0.410175457125,2.706143661045,
    3.676531430755));
#5399 = ADVANCED_FACE('',(#5400),#5418,.F.);
#5400 = FACE_BOUND('',#5401,.F.);
#5401 = EDGE_LOOP('',(#5402,#5403,#5412,#5417));
#5402 = ORIENTED_EDGE('',*,*,#5382,.F.);
#5403 = ORIENTED_EDGE('',*,*,#5404,.T.);
#5404 = EDGE_CURVE('',#5383,#5405,#5407,.T.);
#5405 = VERTEX_POINT('',#5406);
#5406 = CARTESIAN_POINT('',(-0.375981855101,2.704834961688,
    3.707981843784));
#5407 = B_SPLINE_CURVE_WITH_KNOTS('',3,(#5408,#5409,#5410,#5411),
  .UNSPECIFIED.,.F.,.F.,(4,4),(8.,9.),.PIECEWISE_BEZIER_KNOTS.);
#5408 = CARTESIAN_POINT('',(-0.410351256853,2.70511348757,3.701297222613
    ));
#5409 = CARTESIAN_POINT('',(-0.399776964258,2.704928560955,
    3.705735461383));
#5410 = CARTESIAN_POINT('',(-0.388354663123,2.704838614867,
    3.707894167489));
#5411 = CARTESIAN_POINT('',(-0.375981855101,2.704834961688,
    3.707981843784));
#5412 = ORIENTED_EDGE('',*,*,#5413,.T.);
#5413 = EDGE_CURVE('',#5405,#807,#5414,.T.);
#5414 = B_SPLINE_CURVE_WITH_KNOTS('',1,(#5415,#5416),.UNSPECIFIED.,.F.,
  .F.,(2,2),(-0.,1.000000000003E-03),.PIECEWISE_BEZIER_KNOTS.);
#5415 = CARTESIAN_POINT('',(-0.375981855101,2.704834961688,
    3.707981843784));
#5416 = CARTESIAN_POINT('',(-0.375981855101,2.703835828615,3.70794021324
    ));
#5417 = ORIENTED_EDGE('',*,*,#815,.F.);
#5418 = B_SPLINE_SURFACE_WITH_KNOTS('',3,1,(
    (#5419,#5420)
    ,(#5421,#5422)
    ,(#5423,#5424)
    ,(#5425,#5426
    )),.UNSPECIFIED.,.F.,.F.,.F.,(4,4),(2,2),(8.,9.),(0.,1.),
  .PIECEWISE_BEZIER_KNOTS.);
#5419 = CARTESIAN_POINT('',(-0.410351256853,2.70511348757,3.701297222613
    ));
#5420 = CARTESIAN_POINT('',(-0.410351256853,2.704114354497,
    3.701255592068));
#5421 = CARTESIAN_POINT('',(-0.399776964258,2.704928560955,
    3.705735461383));
#5422 = CARTESIAN_POINT('',(-0.399776964258,2.703929427882,
    3.705693830839));
#5423 = CARTESIAN_POINT('',(-0.388354663123,2.704838614867,
    3.707894167489));
#5424 = CARTESIAN_POINT('',(-0.388354663123,2.703839481794,
    3.707852536944));
#5425 = CARTESIAN_POINT('',(-0.375981855101,2.704834961688,
    3.707981843784));
#5426 = CARTESIAN_POINT('',(-0.375981855101,2.703835828615,3.70794021324
    ));
#5427 = ADVANCED_FACE('',(#5428),#5446,.F.);
#5428 = FACE_BOUND('',#5429,.F.);
#5429 = EDGE_LOOP('',(#5430,#5431,#5440,#5445));
#5430 = ORIENTED_EDGE('',*,*,#5413,.F.);
#5431 = ORIENTED_EDGE('',*,*,#5432,.T.);
#5432 = EDGE_CURVE('',#5405,#5433,#5435,.T.);
#5433 = VERTEX_POINT('',#5434);
#5434 = CARTESIAN_POINT('',(-0.335662382682,2.70530354024,3.696735958551
    ));
#5435 = B_SPLINE_CURVE_WITH_KNOTS('',3,(#5436,#5437,#5438,#5439),
  .UNSPECIFIED.,.F.,.F.,(4,4),(7.,8.),.PIECEWISE_BEZIER_KNOTS.);
#5436 = CARTESIAN_POINT('',(-0.375981855101,2.704834961688,
    3.707981843784));
#5437 = CARTESIAN_POINT('',(-0.360073959072,2.704830264744,3.70809457045
    ));
#5438 = CARTESIAN_POINT('',(-0.346634134932,2.704986457594,
    3.704345942039));
#5439 = CARTESIAN_POINT('',(-0.335662382682,2.70530354024,3.696735958551
    ));
#5440 = ORIENTED_EDGE('',*,*,#5441,.T.);
#5441 = EDGE_CURVE('',#5433,#798,#5442,.T.);
#5442 = B_SPLINE_CURVE_WITH_KNOTS('',1,(#5443,#5444),.UNSPECIFIED.,.F.,
  .F.,(2,2),(-0.,1.000000000002E-03),.PIECEWISE_BEZIER_KNOTS.);
#5443 = CARTESIAN_POINT('',(-0.335662382682,2.70530354024,3.696735958551
    ));
#5444 = CARTESIAN_POINT('',(-0.335662382682,2.704304407166,
    3.696694328006));
#5445 = ORIENTED_EDGE('',*,*,#806,.F.);
#5446 = B_SPLINE_SURFACE_WITH_KNOTS('',3,1,(
    (#5447,#5448)
    ,(#5449,#5450)
    ,(#5451,#5452)
    ,(#5453,#5454
    )),.UNSPECIFIED.,.F.,.F.,.F.,(4,4),(2,2),(7.,8.),(0.,1.),
  .PIECEWISE_BEZIER_KNOTS.);
#5447 = CARTESIAN_POINT('',(-0.375981855101,2.704834961688,
    3.707981843784));
#5448 = CARTESIAN_POINT('',(-0.375981855101,2.703835828615,3.70794021324
    ));
#5449 = CARTESIAN_POINT('',(-0.360073959072,2.704830264744,3.70809457045
    ));
#5450 = CARTESIAN_POINT('',(-0.360073959072,2.703831131671,
    3.708052939905));
#5451 = CARTESIAN_POINT('',(-0.346634134932,2.704986457594,
    3.704345942039));
#5452 = CARTESIAN_POINT('',(-0.346634134932,2.703987324521,
    3.704304311494));
#5453 = CARTESIAN_POINT('',(-0.335662382682,2.70530354024,3.696735958551
    ));
#5454 = CARTESIAN_POINT('',(-0.335662382682,2.704304407166,
    3.696694328006));
#5455 = ADVANCED_FACE('',(#5456),#5474,.F.);
#5456 = FACE_BOUND('',#5457,.F.);
#5457 = EDGE_LOOP('',(#5458,#5459,#5468,#5473));
#5458 = ORIENTED_EDGE('',*,*,#5441,.F.);
#5459 = ORIENTED_EDGE('',*,*,#5460,.T.);
#5460 = EDGE_CURVE('',#5433,#5461,#5463,.T.);
#5461 = VERTEX_POINT('',#5462);
#5462 = CARTESIAN_POINT('',(-0.319118844314,2.706588601573,
    3.665894486544));
#5463 = B_SPLINE_CURVE_WITH_KNOTS('',3,(#5464,#5465,#5466,#5467),
  .UNSPECIFIED.,.F.,.F.,(4,4),(6.,7.),.PIECEWISE_BEZIER_KNOTS.);
#5464 = CARTESIAN_POINT('',(-0.335662382682,2.70530354024,3.696735958551
    ));
#5465 = CARTESIAN_POINT('',(-0.324741879606,2.705624966694,
    3.689021723637));
#5466 = CARTESIAN_POINT('',(-0.319210283758,2.706051872536,
    3.678775983443));
#5467 = CARTESIAN_POINT('',(-0.319118844314,2.706588601573,
    3.665894486544));
#5468 = ORIENTED_EDGE('',*,*,#5469,.T.);
#5469 = EDGE_CURVE('',#5461,#789,#5470,.T.);
#5470 = B_SPLINE_CURVE_WITH_KNOTS('',1,(#5471,#5472),.UNSPECIFIED.,.F.,
  .F.,(2,2),(-0.,1.000000000002E-03),.PIECEWISE_BEZIER_KNOTS.);
#5471 = CARTESIAN_POINT('',(-0.319118844314,2.706588601573,
    3.665894486544));
#5472 = CARTESIAN_POINT('',(-0.319118844314,2.7055894685,3.665852855999)
  );
#5473 = ORIENTED_EDGE('',*,*,#797,.F.);
#5474 = B_SPLINE_SURFACE_WITH_KNOTS('',3,1,(
    (#5475,#5476)
    ,(#5477,#5478)
    ,(#5479,#5480)
    ,(#5481,#5482
    )),.UNSPECIFIED.,.F.,.F.,.F.,(4,4),(2,2),(6.,7.),(0.,1.),
  .PIECEWISE_BEZIER_KNOTS.);
#5475 = CARTESIAN_POINT('',(-0.335662382682,2.70530354024,3.696735958551
    ));
#5476 = CARTESIAN_POINT('',(-0.335662382682,2.704304407166,
    3.696694328006));
#5477 = CARTESIAN_POINT('',(-0.324741879606,2.705624966694,
    3.689021723637));
#5478 = CARTESIAN_POINT('',(-0.324741879606,2.704625833621,
    3.688980093092));
#5479 = CARTESIAN_POINT('',(-0.319210283758,2.706051872536,
    3.678775983443));
#5480 = CARTESIAN_POINT('',(-0.319210283758,2.705052739463,
    3.678734352898));
#5481 = CARTESIAN_POINT('',(-0.319118844314,2.706588601573,
    3.665894486544));
#5482 = CARTESIAN_POINT('',(-0.319118844314,2.7055894685,3.665852855999)
  );
#5483 = ADVANCED_FACE('',(#5484),#5502,.F.);
#5484 = FACE_BOUND('',#5485,.F.);
#5485 = EDGE_LOOP('',(#5486,#5487,#5496,#5501));
#5486 = ORIENTED_EDGE('',*,*,#5469,.F.);
#5487 = ORIENTED_EDGE('',*,*,#5488,.T.);
#5488 = EDGE_CURVE('',#5461,#5489,#5491,.T.);
#5489 = VERTEX_POINT('',#5490);
#5490 = CARTESIAN_POINT('',(-0.326182011405,2.707547324808,
    3.642885128907));
#5491 = B_SPLINE_CURVE_WITH_KNOTS('',3,(#5492,#5493,#5494,#5495),
  .UNSPECIFIED.,.F.,.F.,(4,4),(5.,6.),.PIECEWISE_BEZIER_KNOTS.);
#5492 = CARTESIAN_POINT('',(-0.319118844314,2.706588601573,
    3.665894486544));
#5493 = CARTESIAN_POINT('',(-0.319055426635,2.706960849131,
    3.656960545144));
#5494 = CARTESIAN_POINT('',(-0.321392240997,2.707281861247,
    3.649256254382));
#5495 = CARTESIAN_POINT('',(-0.326182011405,2.707547324808,
    3.642885128907));
#5496 = ORIENTED_EDGE('',*,*,#5497,.T.);
#5497 = EDGE_CURVE('',#5489,#780,#5498,.T.);
#5498 = B_SPLINE_CURVE_WITH_KNOTS('',1,(#5499,#5500),.UNSPECIFIED.,.F.,
  .F.,(2,2),(-0.,1.000000000002E-03),.PIECEWISE_BEZIER_KNOTS.);
#5499 = CARTESIAN_POINT('',(-0.326182011405,2.707547324808,
    3.642885128907));
#5500 = CARTESIAN_POINT('',(-0.326182011405,2.706548191735,
    3.642843498362));
#5501 = ORIENTED_EDGE('',*,*,#788,.F.);
#5502 = B_SPLINE_SURFACE_WITH_KNOTS('',3,1,(
    (#5503,#5504)
    ,(#5505,#5506)
    ,(#5507,#5508)
    ,(#5509,#5510
    )),.UNSPECIFIED.,.F.,.F.,.F.,(4,4),(2,2),(5.,6.),(0.,1.),
  .PIECEWISE_BEZIER_KNOTS.);
#5503 = CARTESIAN_POINT('',(-0.319118844314,2.706588601573,
    3.665894486544));
#5504 = CARTESIAN_POINT('',(-0.319118844314,2.7055894685,3.665852855999)
  );
#5505 = CARTESIAN_POINT('',(-0.319055426635,2.706960849131,
    3.656960545144));
#5506 = CARTESIAN_POINT('',(-0.319055426635,2.705961716058,3.6569189146)
  );
#5507 = CARTESIAN_POINT('',(-0.321392240997,2.707281861247,
    3.649256254382));
#5508 = CARTESIAN_POINT('',(-0.321392240997,2.706282728173,
    3.649214623837));
#5509 = CARTESIAN_POINT('',(-0.326182011405,2.707547324808,
    3.642885128907));
#5510 = CARTESIAN_POINT('',(-0.326182011405,2.706548191735,
    3.642843498362));
#5511 = ADVANCED_FACE('',(#5512),#5530,.F.);
#5512 = FACE_BOUND('',#5513,.F.);
#5513 = EDGE_LOOP('',(#5514,#5515,#5524,#5529));
#5514 = ORIENTED_EDGE('',*,*,#5497,.F.);
#5515 = ORIENTED_EDGE('',*,*,#5516,.T.);
#5516 = EDGE_CURVE('',#5489,#5517,#5519,.T.);
#5517 = VERTEX_POINT('',#5518);
#5518 = CARTESIAN_POINT('',(-0.357393502416,2.708357345648,
    3.623444628756));
#5519 = B_SPLINE_CURVE_WITH_KNOTS('',3,(#5520,#5521,#5522,#5523),
  .UNSPECIFIED.,.F.,.F.,(4,4),(4.,5.),.PIECEWISE_BEZIER_KNOTS.);
#5520 = CARTESIAN_POINT('',(-0.326182011405,2.707547324808,
    3.642885128907));
#5521 = CARTESIAN_POINT('',(-0.330919795224,2.70781277302,3.63651437182)
  );
#5522 = CARTESIAN_POINT('',(-0.341375366344,2.708084238136,
    3.629999209034));
#5523 = CARTESIAN_POINT('',(-0.357393502416,2.708357345648,
    3.623444628756));
#5524 = ORIENTED_EDGE('',*,*,#5525,.T.);
#5525 = EDGE_CURVE('',#5517,#771,#5526,.T.);
#5526 = B_SPLINE_CURVE_WITH_KNOTS('',1,(#5527,#5528),.UNSPECIFIED.,.F.,
  .F.,(2,2),(-0.,1.000000000001E-03),.PIECEWISE_BEZIER_KNOTS.);
#5527 = CARTESIAN_POINT('',(-0.357393502416,2.708357345648,
    3.623444628756));
#5528 = CARTESIAN_POINT('',(-0.357393502416,2.707358212575,
    3.623402998211));
#5529 = ORIENTED_EDGE('',*,*,#779,.F.);
#5530 = B_SPLINE_SURFACE_WITH_KNOTS('',3,1,(
    (#5531,#5532)
    ,(#5533,#5534)
    ,(#5535,#5536)
    ,(#5537,#5538
    )),.UNSPECIFIED.,.F.,.F.,.F.,(4,4),(2,2),(4.,5.),(0.,1.),
  .PIECEWISE_BEZIER_KNOTS.);
#5531 = CARTESIAN_POINT('',(-0.326182011405,2.707547324808,
    3.642885128907));
#5532 = CARTESIAN_POINT('',(-0.326182011405,2.706548191735,
    3.642843498362));
#5533 = CARTESIAN_POINT('',(-0.330919795224,2.70781277302,3.63651437182)
  );
#5534 = CARTESIAN_POINT('',(-0.330919795224,2.706813639947,
    3.636472741275));
#5535 = CARTESIAN_POINT('',(-0.341375366344,2.708084238136,
    3.629999209034));
#5536 = CARTESIAN_POINT('',(-0.341375366344,2.707085105063,
    3.629957578489));
#5537 = CARTESIAN_POINT('',(-0.357393502416,2.708357345648,
    3.623444628756));
#5538 = CARTESIAN_POINT('',(-0.357393502416,2.707358212575,
    3.623402998211));
#5539 = ADVANCED_FACE('',(#5540),#5558,.F.);
#5540 = FACE_BOUND('',#5541,.F.);
#5541 = EDGE_LOOP('',(#5542,#5543,#5552,#5557));
#5542 = ORIENTED_EDGE('',*,*,#5525,.F.);
#5543 = ORIENTED_EDGE('',*,*,#5544,.T.);
#5544 = EDGE_CURVE('',#5517,#5545,#5547,.T.);
#5545 = VERTEX_POINT('',#5546);
#5546 = CARTESIAN_POINT('',(-0.383970445369,2.708906277434,
    3.610270265877));
#5547 = B_SPLINE_CURVE_WITH_KNOTS('',3,(#5548,#5549,#5550,#5551),
  .UNSPECIFIED.,.F.,.F.,(4,4),(3.,4.),.PIECEWISE_BEZIER_KNOTS.);
#5548 = CARTESIAN_POINT('',(-0.357393502416,2.708357345648,
    3.623444628756));
#5549 = CARTESIAN_POINT('',(-0.370770646291,2.708569071895,
    3.618363198808));
#5550 = CARTESIAN_POINT('',(-0.37962938147,2.708753491978,3.613937116835
    ));
#5551 = CARTESIAN_POINT('',(-0.383970445369,2.708906277434,
    3.610270265877));
#5552 = ORIENTED_EDGE('',*,*,#5553,.T.);
#5553 = EDGE_CURVE('',#5545,#762,#5554,.T.);
#5554 = B_SPLINE_CURVE_WITH_KNOTS('',1,(#5555,#5556),.UNSPECIFIED.,.F.,
  .F.,(2,2),(-0.,1.000000000002E-03),.PIECEWISE_BEZIER_KNOTS.);
#5555 = CARTESIAN_POINT('',(-0.383970445369,2.708906277434,
    3.610270265877));
#5556 = CARTESIAN_POINT('',(-0.383970445369,2.707907144361,
    3.610228635333));
#5557 = ORIENTED_EDGE('',*,*,#770,.F.);
#5558 = B_SPLINE_SURFACE_WITH_KNOTS('',3,1,(
    (#5559,#5560)
    ,(#5561,#5562)
    ,(#5563,#5564)
    ,(#5565,#5566
    )),.UNSPECIFIED.,.F.,.F.,.F.,(4,4),(2,2),(3.,4.),(0.,1.),
  .PIECEWISE_BEZIER_KNOTS.);
#5559 = CARTESIAN_POINT('',(-0.357393502416,2.708357345648,
    3.623444628756));
#5560 = CARTESIAN_POINT('',(-0.357393502416,2.707358212575,
    3.623402998211));
#5561 = CARTESIAN_POINT('',(-0.370770646291,2.708569071895,
    3.618363198808));
#5562 = CARTESIAN_POINT('',(-0.370770646291,2.707569938822,
    3.618321568264));
#5563 = CARTESIAN_POINT('',(-0.37962938147,2.708753491978,3.613937116835
    ));
#5564 = CARTESIAN_POINT('',(-0.37962938147,2.707754358905,3.61389548629)
  );
#5565 = CARTESIAN_POINT('',(-0.383970445369,2.708906277434,
    3.610270265877));
#5566 = CARTESIAN_POINT('',(-0.383970445369,2.707907144361,
    3.610228635333));
#5567 = ADVANCED_FACE('',(#5568),#5586,.F.);
#5568 = FACE_BOUND('',#5569,.F.);
#5569 = EDGE_LOOP('',(#5570,#5571,#5580,#5585));
#5570 = ORIENTED_EDGE('',*,*,#5553,.F.);
#5571 = ORIENTED_EDGE('',*,*,#5572,.T.);
#5572 = EDGE_CURVE('',#5545,#5573,#5575,.T.);
#5573 = VERTEX_POINT('',#5574);
#5574 = CARTESIAN_POINT('',(-0.390422679321,2.709483896647,3.59640740476
    ));
#5575 = B_SPLINE_CURVE_WITH_KNOTS('',3,(#5576,#5577,#5578,#5579),
  .UNSPECIFIED.,.F.,.F.,(4,4),(2.,3.),.PIECEWISE_BEZIER_KNOTS.);
#5576 = CARTESIAN_POINT('',(-0.383970445369,2.708906277434,
    3.610270265877));
#5577 = CARTESIAN_POINT('',(-0.388311509269,2.709059062891,
    3.606603414919));
#5578 = CARTESIAN_POINT('',(-0.390462499724,2.709250159809,
    3.602017088894));
#5579 = CARTESIAN_POINT('',(-0.390422679321,2.709483896647,3.59640740476
    ));
#5580 = ORIENTED_EDGE('',*,*,#5581,.T.);
#5581 = EDGE_CURVE('',#5573,#753,#5582,.T.);
#5582 = B_SPLINE_CURVE_WITH_KNOTS('',1,(#5583,#5584),.UNSPECIFIED.,.F.,
  .F.,(2,2),(-0.,1.000000000002E-03),.PIECEWISE_BEZIER_KNOTS.);
#5583 = CARTESIAN_POINT('',(-0.390422679321,2.709483896647,3.59640740476
    ));
#5584 = CARTESIAN_POINT('',(-0.390422679321,2.708484763574,
    3.596365774215));
#5585 = ORIENTED_EDGE('',*,*,#761,.F.);
#5586 = B_SPLINE_SURFACE_WITH_KNOTS('',3,1,(
    (#5587,#5588)
    ,(#5589,#5590)
    ,(#5591,#5592)
    ,(#5593,#5594
    )),.UNSPECIFIED.,.F.,.F.,.F.,(4,4),(2,2),(2.,3.),(0.,1.),
  .PIECEWISE_BEZIER_KNOTS.);
#5587 = CARTESIAN_POINT('',(-0.383970445369,2.708906277434,
    3.610270265877));
#5588 = CARTESIAN_POINT('',(-0.383970445369,2.707907144361,
    3.610228635333));
#5589 = CARTESIAN_POINT('',(-0.388311509269,2.709059062891,
    3.606603414919));
#5590 = CARTESIAN_POINT('',(-0.388311509269,2.708059929818,
    3.606561784375));
#5591 = CARTESIAN_POINT('',(-0.390462499724,2.709250159809,
    3.602017088894));
#5592 = CARTESIAN_POINT('',(-0.390462499724,2.708251026735,3.60197545835
    ));
#5593 = CARTESIAN_POINT('',(-0.390422679321,2.709483896647,3.59640740476
    ));
#5594 = CARTESIAN_POINT('',(-0.390422679321,2.708484763574,
    3.596365774215));
#5595 = ADVANCED_FACE('',(#5596),#5608,.F.);
#5596 = FACE_BOUND('',#5597,.F.);
#5597 = EDGE_LOOP('',(#5598,#5599,#5606,#5607));
#5598 = ORIENTED_EDGE('',*,*,#5581,.F.);
#5599 = ORIENTED_EDGE('',*,*,#5600,.T.);
#5600 = EDGE_CURVE('',#5573,#5046,#5601,.T.);
#5601 = B_SPLINE_CURVE_WITH_KNOTS('',3,(#5602,#5603,#5604,#5605),
  .UNSPECIFIED.,.F.,.F.,(4,4),(1.,2.),.PIECEWISE_BEZIER_KNOTS.);
#5602 = CARTESIAN_POINT('',(-0.390422679321,2.709483896647,3.59640740476
    ));
#5603 = CARTESIAN_POINT('',(-0.390329765046,2.710029282605,
    3.583318141781));
#5604 = CARTESIAN_POINT('',(-0.380249896362,2.710299013132,
    3.576844609136));
#5605 = CARTESIAN_POINT('',(-0.360235059855,2.710293103578,
    3.576986438437));
#5606 = ORIENTED_EDGE('',*,*,#5045,.T.);
#5607 = ORIENTED_EDGE('',*,*,#752,.F.);
#5608 = B_SPLINE_SURFACE_WITH_KNOTS('',3,1,(
    (#5609,#5610)
    ,(#5611,#5612)
    ,(#5613,#5614)
    ,(#5615,#5616
    )),.UNSPECIFIED.,.F.,.F.,.F.,(4,4),(2,2),(1.,2.),(0.,1.),
  .PIECEWISE_BEZIER_KNOTS.);
#5609 = CARTESIAN_POINT('',(-0.390422679321,2.709483896647,3.59640740476
    ));
#5610 = CARTESIAN_POINT('',(-0.390422679321,2.708484763574,
    3.596365774215));
#5611 = CARTESIAN_POINT('',(-0.390329765046,2.710029282605,
    3.583318141781));
#5612 = CARTESIAN_POINT('',(-0.390329765046,2.709030149532,
    3.583276511236));
#5613 = CARTESIAN_POINT('',(-0.380249896362,2.710299013132,
    3.576844609136));
#5614 = CARTESIAN_POINT('',(-0.380249896362,2.709299880059,
    3.576802978592));
#5615 = CARTESIAN_POINT('',(-0.360235059855,2.710293103578,
    3.576986438437));
#5616 = CARTESIAN_POINT('',(-0.360235059855,2.709293970504,
    3.576944807893));
#5617 = ADVANCED_FACE('',(#5618),#5641,.F.);
#5618 = FACE_BOUND('',#5619,.T.);
#5619 = EDGE_LOOP('',(#5620,#5621,#5622,#5623,#5624,#5625,#5626,#5627,
    #5628,#5629,#5630,#5631,#5632,#5633,#5634,#5635,#5636,#5637,#5638,
    #5639,#5640));
#5620 = ORIENTED_EDGE('',*,*,#5052,.T.);
#5621 = ORIENTED_EDGE('',*,*,#5087,.T.);
#5622 = ORIENTED_EDGE('',*,*,#5102,.T.);
#5623 = ORIENTED_EDGE('',*,*,#5130,.T.);
#5624 = ORIENTED_EDGE('',*,*,#5158,.T.);
#5625 = ORIENTED_EDGE('',*,*,#5186,.T.);
#5626 = ORIENTED_EDGE('',*,*,#5214,.T.);
#5627 = ORIENTED_EDGE('',*,*,#5242,.T.);
#5628 = ORIENTED_EDGE('',*,*,#5270,.T.);
#5629 = ORIENTED_EDGE('',*,*,#5298,.T.);
#5630 = ORIENTED_EDGE('',*,*,#5326,.T.);
#5631 = ORIENTED_EDGE('',*,*,#5354,.T.);
#5632 = ORIENTED_EDGE('',*,*,#5389,.T.);
#5633 = ORIENTED_EDGE('',*,*,#5404,.T.);
#5634 = ORIENTED_EDGE('',*,*,#5432,.T.);
#5635 = ORIENTED_EDGE('',*,*,#5460,.T.);
#5636 = ORIENTED_EDGE('',*,*,#5488,.T.);
#5637 = ORIENTED_EDGE('',*,*,#5516,.T.);
#5638 = ORIENTED_EDGE('',*,*,#5544,.T.);
#5639 = ORIENTED_EDGE('',*,*,#5572,.T.);
#5640 = ORIENTED_EDGE('',*,*,#5600,.T.);
#5641 = B_SPLINE_SURFACE_WITH_KNOTS('',1,1,(
    (#5642,#5643)
    ,(#5644,#5645
    )),.UNSPECIFIED.,.F.,.F.,.F.,(2,2),(2,2),(-0.127558953911,
    2.456265484207E-02),(-7.80889297501E-02,2.032168892037E-02),
  .PIECEWISE_BEZIER_KNOTS.);
#5642 = CARTESIAN_POINT('',(-0.416657473376,2.704830264744,3.70809457045
    ));
#5643 = CARTESIAN_POINT('',(-0.318246854706,2.704830264744,3.70809457045
    ));
#5644 = CARTESIAN_POINT('',(-0.416657473376,2.711163170179,
    3.556104840013));
#5645 = CARTESIAN_POINT('',(-0.318246854706,2.711163170179,
    3.556104840013));
#5646 = ADVANCED_FACE('',(#5647),#5669,.F.);
#5647 = FACE_BOUND('',#5648,.T.);
#5648 = EDGE_LOOP('',(#5649,#5650,#5657,#5664));
#5649 = ORIENTED_EDGE('',*,*,#21,.T.);
#5650 = ORIENTED_EDGE('',*,*,#5651,.F.);
#5651 = EDGE_CURVE('',#5652,#24,#5654,.T.);
#5652 = VERTEX_POINT('',#5653);
#5653 = CARTESIAN_POINT('',(-0.54361500519,2.705022974517,3.70346953588)
  );
#5654 = B_SPLINE_CURVE_WITH_KNOTS('',1,(#5655,#5656),.UNSPECIFIED.,.F.,
  .F.,(2,2),(-0.,1.000000000002E-03),.PIECEWISE_BEZIER_KNOTS.);
#5655 = CARTESIAN_POINT('',(-0.54361500519,2.705022974517,3.70346953588)
  );
#5656 = CARTESIAN_POINT('',(-0.54361500519,2.704023841444,3.703427905336
    ));
#5657 = ORIENTED_EDGE('',*,*,#5658,.F.);
#5658 = EDGE_CURVE('',#5659,#5652,#5661,.T.);
#5659 = VERTEX_POINT('',#5660);
#5660 = CARTESIAN_POINT('',(-0.57002419206,2.705030772059,3.70328239488)
  );
#5661 = B_SPLINE_CURVE_WITH_KNOTS('',1,(#5662,#5663),.UNSPECIFIED.,.F.,
  .F.,(2,2),(-2.640985107347E-02,0.),.PIECEWISE_BEZIER_KNOTS.);
#5662 = CARTESIAN_POINT('',(-0.57002419206,2.705030772059,3.70328239488)
  );
#5663 = CARTESIAN_POINT('',(-0.54361500519,2.705022974517,3.70346953588)
  );
#5664 = ORIENTED_EDGE('',*,*,#5665,.T.);
#5665 = EDGE_CURVE('',#5659,#22,#5666,.T.);
#5666 = B_SPLINE_CURVE_WITH_KNOTS('',1,(#5667,#5668),.UNSPECIFIED.,.F.,
  .F.,(2,2),(-0.,1.E-03),.PIECEWISE_BEZIER_KNOTS.);
#5667 = CARTESIAN_POINT('',(-0.57002419206,2.705030772059,3.70328239488)
  );
#5668 = CARTESIAN_POINT('',(-0.57002419206,2.704031638986,3.703240764336
    ));
#5669 = B_SPLINE_SURFACE_WITH_KNOTS('',1,1,(
    (#5670,#5671)
    ,(#5672,#5673
    )),.UNSPECIFIED.,.F.,.F.,.F.,(2,2),(2,2),(-1.000000000002E-03,
    2.495956015027E-16),(-2.640985107347E-02,4.367349376094E-16),
  .PIECEWISE_BEZIER_KNOTS.);
#5670 = CARTESIAN_POINT('',(-0.57002419206,2.704031638986,3.703240764336
    ));
#5671 = CARTESIAN_POINT('',(-0.54361500519,2.704023841444,3.703427905336
    ));
#5672 = CARTESIAN_POINT('',(-0.57002419206,2.705030772059,3.70328239488)
  );
#5673 = CARTESIAN_POINT('',(-0.54361500519,2.705022974517,3.70346953588)
  );
#5674 = ADVANCED_FACE('',(#5675),#5691,.F.);
#5675 = FACE_BOUND('',#5676,.T.);
#5676 = EDGE_LOOP('',(#5677,#5678,#5685,#5690));
#5677 = ORIENTED_EDGE('',*,*,#131,.T.);
#5678 = ORIENTED_EDGE('',*,*,#5679,.F.);
#5679 = EDGE_CURVE('',#5680,#123,#5682,.T.);
#5680 = VERTEX_POINT('',#5681);
#5681 = CARTESIAN_POINT('',(-0.503173477845,2.709564802754,
    3.594465658198));
#5682 = B_SPLINE_CURVE_WITH_KNOTS('',1,(#5683,#5684),.UNSPECIFIED.,.F.,
  .F.,(2,2),(-0.,1.000000000002E-03),.PIECEWISE_BEZIER_KNOTS.);
#5683 = CARTESIAN_POINT('',(-0.503173477845,2.709564802754,
    3.594465658198));
#5684 = CARTESIAN_POINT('',(-0.503173477845,2.708565669681,
    3.594424027653));
#5685 = ORIENTED_EDGE('',*,*,#5686,.F.);
#5686 = EDGE_CURVE('',#5652,#5680,#5687,.T.);
#5687 = B_SPLINE_CURVE_WITH_KNOTS('',1,(#5688,#5689),.UNSPECIFIED.,.F.,
  .F.,(2,2),(-0.116352871419,8.275624651309E-17),
  .PIECEWISE_BEZIER_KNOTS.);
#5688 = CARTESIAN_POINT('',(-0.54361500519,2.705022974517,3.70346953588)
  );
#5689 = CARTESIAN_POINT('',(-0.503173477845,2.709564802754,
    3.594465658198));
#5690 = ORIENTED_EDGE('',*,*,#5651,.T.);
#5691 = B_SPLINE_SURFACE_WITH_KNOTS('',1,1,(
    (#5692,#5693)
    ,(#5694,#5695
    )),.UNSPECIFIED.,.F.,.F.,.F.,(2,2),(2,2),(-3.903903469657E-05,
    0.116264174034),(-5.541541470694E-03,4.434847709968E-16),
  .PIECEWISE_BEZIER_KNOTS.);
#5692 = CARTESIAN_POINT('',(-0.503235112602,2.704023841444,
    3.594401200173));
#5693 = CARTESIAN_POINT('',(-0.503159919137,2.709564802754,
    3.594429049351));
#5694 = CARTESIAN_POINT('',(-0.543628563898,2.704023841444,
    3.703464514182));
#5695 = CARTESIAN_POINT('',(-0.543553370432,2.709564802754,3.70349236336
    ));
#5696 = ADVANCED_FACE('',(#5697),#5715,.F.);
#5697 = FACE_BOUND('',#5698,.F.);
#5698 = EDGE_LOOP('',(#5699,#5700,#5709,#5714));
#5699 = ORIENTED_EDGE('',*,*,#5679,.F.);
#5700 = ORIENTED_EDGE('',*,*,#5701,.T.);
#5701 = EDGE_CURVE('',#5680,#5702,#5704,.T.);
#5702 = VERTEX_POINT('',#5703);
#5703 = CARTESIAN_POINT('',(-0.499970954664,2.710052997762,3.582748978)
  );
#5704 = B_SPLINE_CURVE_WITH_KNOTS('',3,(#5705,#5706,#5707,#5708),
  .UNSPECIFIED.,.F.,.F.,(4,4),(12.,13.),.PIECEWISE_BEZIER_KNOTS.);
#5705 = CARTESIAN_POINT('',(-0.503173477845,2.709564802754,
    3.594465658198));
#5706 = CARTESIAN_POINT('',(-0.501577746867,2.709776436808,
    3.589386440896));
#5707 = CARTESIAN_POINT('',(-0.500509993333,2.709940611298,3.58544625315
    ));
#5708 = CARTESIAN_POINT('',(-0.499970954664,2.710052997762,3.582748978)
  );
#5709 = ORIENTED_EDGE('',*,*,#5710,.T.);
#5710 = EDGE_CURVE('',#5702,#116,#5711,.T.);
#5711 = B_SPLINE_CURVE_WITH_KNOTS('',1,(#5712,#5713),.UNSPECIFIED.,.F.,
  .F.,(2,2),(-0.,1.000000000002E-03),.PIECEWISE_BEZIER_KNOTS.);
#5712 = CARTESIAN_POINT('',(-0.499970954664,2.710052997762,3.582748978)
  );
#5713 = CARTESIAN_POINT('',(-0.499970954664,2.709053864689,
    3.582707347455));
#5714 = ORIENTED_EDGE('',*,*,#122,.F.);
#5715 = B_SPLINE_SURFACE_WITH_KNOTS('',3,1,(
    (#5716,#5717)
    ,(#5718,#5719)
    ,(#5720,#5721)
    ,(#5722,#5723
    )),.UNSPECIFIED.,.F.,.F.,.F.,(4,4),(2,2),(12.,13.),(0.,1.),
  .PIECEWISE_BEZIER_KNOTS.);
#5716 = CARTESIAN_POINT('',(-0.503173477845,2.709564802754,
    3.594465658198));
#5717 = CARTESIAN_POINT('',(-0.503173477845,2.708565669681,
    3.594424027653));
#5718 = CARTESIAN_POINT('',(-0.501577746867,2.709776436808,
    3.589386440896));
#5719 = CARTESIAN_POINT('',(-0.501577746867,2.708777303735,
    3.589344810351));
#5720 = CARTESIAN_POINT('',(-0.500509993333,2.709940611298,3.58544625315
    ));
#5721 = CARTESIAN_POINT('',(-0.500509993333,2.708941478225,
    3.585404622606));
#5722 = CARTESIAN_POINT('',(-0.499970954664,2.710052997762,3.582748978)
  );
#5723 = CARTESIAN_POINT('',(-0.499970954664,2.709053864689,
    3.582707347455));
#5724 = ADVANCED_FACE('',(#5725),#5741,.F.);
#5725 = FACE_BOUND('',#5726,.T.);
#5726 = EDGE_LOOP('',(#5727,#5728,#5735,#5740));
#5727 = ORIENTED_EDGE('',*,*,#115,.T.);
#5728 = ORIENTED_EDGE('',*,*,#5729,.F.);
#5729 = EDGE_CURVE('',#5730,#109,#5732,.T.);
#5730 = VERTEX_POINT('',#5731);
#5731 = CARTESIAN_POINT('',(-0.499295129016,2.710052798219,
    3.582753767041));
#5732 = B_SPLINE_CURVE_WITH_KNOTS('',1,(#5733,#5734),.UNSPECIFIED.,.F.,
  .F.,(2,2),(-0.,1.000000000002E-03),.PIECEWISE_BEZIER_KNOTS.);
#5733 = CARTESIAN_POINT('',(-0.499295129016,2.710052798219,
    3.582753767041));
#5734 = CARTESIAN_POINT('',(-0.499295129016,2.709053665146,
    3.582712136496));
#5735 = ORIENTED_EDGE('',*,*,#5736,.F.);
#5736 = EDGE_CURVE('',#5702,#5730,#5737,.T.);
#5737 = B_SPLINE_CURVE_WITH_KNOTS('',1,(#5738,#5739),.UNSPECIFIED.,.F.,
  .F.,(2,2),(-6.758426448347E-04,0.),.PIECEWISE_BEZIER_KNOTS.);
#5738 = CARTESIAN_POINT('',(-0.499970954664,2.710052997762,3.582748978)
  );
#5739 = CARTESIAN_POINT('',(-0.499295129016,2.710052798219,
    3.582753767041));
#5740 = ORIENTED_EDGE('',*,*,#5710,.T.);
#5741 = B_SPLINE_SURFACE_WITH_KNOTS('',1,1,(
    (#5742,#5743)
    ,(#5744,#5745
    )),.UNSPECIFIED.,.F.,.F.,.F.,(2,2),(2,2),(-1.000000000002E-03,
    1.479018056849E-16),(-6.758426448351E-04,5.556213823342E-16),
  .PIECEWISE_BEZIER_KNOTS.);
#5742 = CARTESIAN_POINT('',(-0.499970954664,2.709053864689,
    3.582707347455));
#5743 = CARTESIAN_POINT('',(-0.499295129016,2.709053665146,
    3.582712136496));
#5744 = CARTESIAN_POINT('',(-0.499970954664,2.710052997762,3.582748978)
  );
#5745 = CARTESIAN_POINT('',(-0.499295129016,2.710052798219,
    3.582753767041));
#5746 = ADVANCED_FACE('',(#5747),#5763,.F.);
#5747 = FACE_BOUND('',#5748,.T.);
#5748 = EDGE_LOOP('',(#5749,#5750,#5757,#5762));
#5749 = ORIENTED_EDGE('',*,*,#108,.T.);
#5750 = ORIENTED_EDGE('',*,*,#5751,.F.);
#5751 = EDGE_CURVE('',#5752,#102,#5754,.T.);
#5752 = VERTEX_POINT('',#5753);
#5753 = CARTESIAN_POINT('',(-0.496260736426,2.709554104352,
    3.594722419853));
#5754 = B_SPLINE_CURVE_WITH_KNOTS('',1,(#5755,#5756),.UNSPECIFIED.,.F.,
  .F.,(2,2),(-0.,1.000000000002E-03),.PIECEWISE_BEZIER_KNOTS.);
#5755 = CARTESIAN_POINT('',(-0.496260736426,2.709554104352,
    3.594722419853));
#5756 = CARTESIAN_POINT('',(-0.496260736426,2.708554971279,
    3.594680789309));
#5757 = ORIENTED_EDGE('',*,*,#5758,.F.);
#5758 = EDGE_CURVE('',#5730,#5752,#5759,.T.);
#5759 = B_SPLINE_CURVE_WITH_KNOTS('',1,(#5760,#5761),.UNSPECIFIED.,.F.,
  .F.,(2,2),(-1.235738176562E-02,0.),.PIECEWISE_BEZIER_KNOTS.);
#5760 = CARTESIAN_POINT('',(-0.499295129016,2.710052798219,
    3.582753767041));
#5761 = CARTESIAN_POINT('',(-0.496260736426,2.709554104352,
    3.594722419853));
#5762 = ORIENTED_EDGE('',*,*,#5729,.T.);
#5763 = B_SPLINE_SURFACE_WITH_KNOTS('',1,1,(
    (#5764,#5765)
    ,(#5766,#5767
    )),.UNSPECIFIED.,.F.,.F.,.F.,(2,2),(2,2),(-0.,1.238767203832E-02),(
    -9.991852817095E-04,4.987199258827E-04),.PIECEWISE_BEZIER_KNOTS.);
#5764 = CARTESIAN_POINT('',(-0.496250834457,2.708554971279,
    3.594719913774));
#5765 = CARTESIAN_POINT('',(-0.496265678763,2.710052798219,
    3.594723670704));
#5766 = CARTESIAN_POINT('',(-0.49929018668,2.708554971279,3.582710885646
    ));
#5767 = CARTESIAN_POINT('',(-0.499305030986,2.710052798219,
    3.582714642575));
#5768 = ADVANCED_FACE('',(#5769),#5785,.F.);
#5769 = FACE_BOUND('',#5770,.T.);
#5770 = EDGE_LOOP('',(#5771,#5772,#5779,#5784));
#5771 = ORIENTED_EDGE('',*,*,#101,.T.);
#5772 = ORIENTED_EDGE('',*,*,#5773,.F.);
#5773 = EDGE_CURVE('',#5774,#95,#5776,.T.);
#5774 = VERTEX_POINT('',#5775);
#5775 = CARTESIAN_POINT('',(-0.459084812565,2.704998016244,
    3.704068534435));
#5776 = B_SPLINE_CURVE_WITH_KNOTS('',1,(#5777,#5778),.UNSPECIFIED.,.F.,
  .F.,(2,2),(-0.,1.000000000002E-03),.PIECEWISE_BEZIER_KNOTS.);
#5777 = CARTESIAN_POINT('',(-0.459084812565,2.704998016244,
    3.704068534435));
#5778 = CARTESIAN_POINT('',(-0.459084812565,2.703998883171,3.70402690389
    ));
#5779 = ORIENTED_EDGE('',*,*,#5780,.F.);
#5780 = EDGE_CURVE('',#5752,#5774,#5781,.T.);
#5781 = B_SPLINE_CURVE_WITH_KNOTS('',1,(#5782,#5783),.UNSPECIFIED.,.F.,
  .F.,(2,2),(-0.115582784306,0.),.PIECEWISE_BEZIER_KNOTS.);
#5782 = CARTESIAN_POINT('',(-0.496260736426,2.709554104352,
    3.594722419853));
#5783 = CARTESIAN_POINT('',(-0.459084812565,2.704998016244,
    3.704068534435));
#5784 = ORIENTED_EDGE('',*,*,#5751,.T.);
#5785 = B_SPLINE_SURFACE_WITH_KNOTS('',1,1,(
    (#5786,#5787)
    ,(#5788,#5789
    )),.UNSPECIFIED.,.F.,.F.,.F.,(2,2),(2,2),(0.,0.115532358368),(
    -9.992226535289E-04,4.556496598062E-03),.PIECEWISE_BEZIER_KNOTS.);
#5786 = CARTESIAN_POINT('',(-0.459072142793,2.703998883171,
    3.704064234381));
#5787 = CARTESIAN_POINT('',(-0.459142587247,2.709554104352,
    3.704088142857));
#5788 = CARTESIAN_POINT('',(-0.496202961744,2.703998883171,
    3.594661180886));
#5789 = CARTESIAN_POINT('',(-0.496273406198,2.709554104352,
    3.594685089362));
#5790 = ADVANCED_FACE('',(#5791),#5807,.F.);
#5791 = FACE_BOUND('',#5792,.T.);
#5792 = EDGE_LOOP('',(#5793,#5794,#5801,#5806));
#5793 = ORIENTED_EDGE('',*,*,#94,.T.);
#5794 = ORIENTED_EDGE('',*,*,#5795,.F.);
#5795 = EDGE_CURVE('',#5796,#88,#5798,.T.);
#5796 = VERTEX_POINT('',#5797);
#5797 = CARTESIAN_POINT('',(-0.43059616216,2.704989604723,3.704270410947
    ));
#5798 = B_SPLINE_CURVE_WITH_KNOTS('',1,(#5799,#5800),.UNSPECIFIED.,.F.,
  .F.,(2,2),(-0.,1.000000000002E-03),.PIECEWISE_BEZIER_KNOTS.);
#5799 = CARTESIAN_POINT('',(-0.43059616216,2.704989604723,3.704270410947
    ));
#5800 = CARTESIAN_POINT('',(-0.43059616216,2.70399047165,3.704228780402)
  );
#5801 = ORIENTED_EDGE('',*,*,#5802,.F.);
#5802 = EDGE_CURVE('',#5774,#5796,#5803,.T.);
#5803 = B_SPLINE_CURVE_WITH_KNOTS('',1,(#5804,#5805),.UNSPECIFIED.,.F.,
  .F.,(2,2),(-2.84893669072E-02,0.),.PIECEWISE_BEZIER_KNOTS.);
#5804 = CARTESIAN_POINT('',(-0.459084812565,2.704998016244,
    3.704068534435));
#5805 = CARTESIAN_POINT('',(-0.43059616216,2.704989604723,3.704270410947
    ));
#5806 = ORIENTED_EDGE('',*,*,#5773,.T.);
#5807 = B_SPLINE_SURFACE_WITH_KNOTS('',1,1,(
    (#5808,#5809)
    ,(#5810,#5811
    )),.UNSPECIFIED.,.F.,.F.,.F.,(2,2),(2,2),(-1.000000000002E-03,
    3.520754944648E-16),(-2.84893669072E-02,4.430285005933E-16),
  .PIECEWISE_BEZIER_KNOTS.);
#5808 = CARTESIAN_POINT('',(-0.459084812565,2.703998883171,3.70402690389
    ));
#5809 = CARTESIAN_POINT('',(-0.43059616216,2.70399047165,3.704228780402)
  );
#5810 = CARTESIAN_POINT('',(-0.459084812565,2.704998016244,
    3.704068534435));
#5811 = CARTESIAN_POINT('',(-0.43059616216,2.704989604723,3.704270410947
    ));
#5812 = ADVANCED_FACE('',(#5813),#5829,.F.);
#5813 = FACE_BOUND('',#5814,.T.);
#5814 = EDGE_LOOP('',(#5815,#5816,#5823,#5828));
#5815 = ORIENTED_EDGE('',*,*,#87,.T.);
#5816 = ORIENTED_EDGE('',*,*,#5817,.F.);
#5817 = EDGE_CURVE('',#5818,#81,#5820,.T.);
#5818 = VERTEX_POINT('',#5819);
#5819 = CARTESIAN_POINT('',(-0.486545506634,2.711040300977,
    3.559053700839));
#5820 = B_SPLINE_CURVE_WITH_KNOTS('',1,(#5821,#5822),.UNSPECIFIED.,.F.,
  .F.,(2,2),(-0.,1.000000000002E-03),.PIECEWISE_BEZIER_KNOTS.);
#5821 = CARTESIAN_POINT('',(-0.486545506634,2.711040300977,
    3.559053700839));
#5822 = CARTESIAN_POINT('',(-0.486545506634,2.710041167904,
    3.559012070295));
#5823 = ORIENTED_EDGE('',*,*,#5824,.F.);
#5824 = EDGE_CURVE('',#5796,#5818,#5825,.T.);
#5825 = B_SPLINE_CURVE_WITH_KNOTS('',1,(#5826,#5827),.UNSPECIFIED.,.F.,
  .F.,(2,2),(-0.155739631972,0.),.PIECEWISE_BEZIER_KNOTS.);
#5826 = CARTESIAN_POINT('',(-0.43059616216,2.704989604723,3.704270410947
    ));
#5827 = CARTESIAN_POINT('',(-0.486545506634,2.711040300977,
    3.559053700839));
#5828 = ORIENTED_EDGE('',*,*,#5795,.T.);
#5829 = B_SPLINE_SURFACE_WITH_KNOTS('',1,1,(
    (#5830,#5831)
    ,(#5832,#5833
    )),.UNSPECIFIED.,.F.,.F.,.F.,(2,2),(2,2),(-3.885570412532E-05,
    0.155622022384),(-7.050617892352E-03,0.),.PIECEWISE_BEZIER_KNOTS.);
#5830 = CARTESIAN_POINT('',(-0.48646103623,2.70399047165,3.558979581795)
  );
#5831 = CARTESIAN_POINT('',(-0.486559454975,2.711040300977,
    3.559017435022));
#5832 = CARTESIAN_POINT('',(-0.430582213819,2.70399047165,3.70426504622)
  );
#5833 = CARTESIAN_POINT('',(-0.430680632563,2.711040300977,
    3.704302899446));
#5834 = ADVANCED_FACE('',(#5835),#5851,.F.);
#5835 = FACE_BOUND('',#5836,.T.);
#5836 = EDGE_LOOP('',(#5837,#5838,#5845,#5850));
#5837 = ORIENTED_EDGE('',*,*,#80,.T.);
#5838 = ORIENTED_EDGE('',*,*,#5839,.F.);
#5839 = EDGE_CURVE('',#5840,#72,#5842,.T.);
#5840 = VERTEX_POINT('',#5841);
#5841 = CARTESIAN_POINT('',(-0.475181086764,2.712136429672,
    3.532746612178));
#5842 = B_SPLINE_CURVE_WITH_KNOTS('',1,(#5843,#5844),.UNSPECIFIED.,.F.,
  .F.,(2,2),(-0.,1.000000000002E-03),.PIECEWISE_BEZIER_KNOTS.);
#5843 = CARTESIAN_POINT('',(-0.475181086764,2.712136429672,
    3.532746612178));
#5844 = CARTESIAN_POINT('',(-0.475181086764,2.711137296599,
    3.532704981633));
#5845 = ORIENTED_EDGE('',*,*,#5846,.F.);
#5846 = EDGE_CURVE('',#5818,#5840,#5847,.T.);
#5847 = B_SPLINE_CURVE_WITH_KNOTS('',1,(#5848,#5849),.UNSPECIFIED.,.F.,
  .F.,(2,2),(-2.867776928081E-02,1.697408612731E-17),
  .PIECEWISE_BEZIER_KNOTS.);
#5848 = CARTESIAN_POINT('',(-0.486545506634,2.711040300977,
    3.559053700839));
#5849 = CARTESIAN_POINT('',(-0.475181086764,2.712136429672,
    3.532746612178));
#5850 = ORIENTED_EDGE('',*,*,#5817,.T.);
#5851 = B_SPLINE_SURFACE_WITH_KNOTS('',1,1,(
    (#5852,#5853)
    ,(#5854,#5855
    )),.UNSPECIFIED.,.F.,.F.,.F.,(2,2),(2,2),(-3.822744636822E-05,
    2.865680766794E-02),(-2.09554695118E-03,4.440287735632E-16),
  .PIECEWISE_BEZIER_KNOTS.);
#5852 = CARTESIAN_POINT('',(-0.475197694019,2.710041167904,
    3.532697819886));
#5853 = CARTESIAN_POINT('',(-0.475165949073,2.712136429672,
    3.532711509643));
#5854 = CARTESIAN_POINT('',(-0.486560644325,2.710041167904,3.55904717283
    ));
#5855 = CARTESIAN_POINT('',(-0.486528899379,2.712136429672,
    3.559060862587));
#5856 = ADVANCED_FACE('',(#5857),#5875,.F.);
#5857 = FACE_BOUND('',#5858,.F.);
#5858 = EDGE_LOOP('',(#5859,#5860,#5869,#5874));
#5859 = ORIENTED_EDGE('',*,*,#5839,.F.);
#5860 = ORIENTED_EDGE('',*,*,#5861,.T.);
#5861 = EDGE_CURVE('',#5840,#5862,#5864,.T.);
#5862 = VERTEX_POINT('',#5863);
#5863 = CARTESIAN_POINT('',(-0.448938548692,2.712981430843,
    3.512466584066));
#5864 = B_SPLINE_CURVE_WITH_KNOTS('',3,(#5865,#5866,#5867,#5868),
  .UNSPECIFIED.,.F.,.F.,(4,4),(5.,6.),.PIECEWISE_BEZIER_KNOTS.);
#5865 = CARTESIAN_POINT('',(-0.475181086764,2.712136429672,
    3.532746612178));
#5866 = CARTESIAN_POINT('',(-0.469313236696,2.712706082595,
    3.519074942008));
#5867 = CARTESIAN_POINT('',(-0.460583544479,2.712984869129,3.5123840652)
  );
#5868 = CARTESIAN_POINT('',(-0.448938548692,2.712981430843,
    3.512466584066));
#5869 = ORIENTED_EDGE('',*,*,#5870,.T.);
#5870 = EDGE_CURVE('',#5862,#63,#5871,.T.);
#5871 = B_SPLINE_CURVE_WITH_KNOTS('',1,(#5872,#5873),.UNSPECIFIED.,.F.,
  .F.,(2,2),(-0.,1.000000000002E-03),.PIECEWISE_BEZIER_KNOTS.);
#5872 = CARTESIAN_POINT('',(-0.448938548692,2.712981430843,
    3.512466584066));
#5873 = CARTESIAN_POINT('',(-0.448938548692,2.71198229777,3.512424953522
    ));
#5874 = ORIENTED_EDGE('',*,*,#71,.F.);
#5875 = B_SPLINE_SURFACE_WITH_KNOTS('',3,1,(
    (#5876,#5877)
    ,(#5878,#5879)
    ,(#5880,#5881)
    ,(#5882,#5883
    )),.UNSPECIFIED.,.F.,.F.,.F.,(4,4),(2,2),(5.,6.),(0.,1.),
  .PIECEWISE_BEZIER_KNOTS.);
#5876 = CARTESIAN_POINT('',(-0.475181086764,2.712136429672,
    3.532746612178));
#5877 = CARTESIAN_POINT('',(-0.475181086764,2.711137296599,
    3.532704981633));
#5878 = CARTESIAN_POINT('',(-0.469313236696,2.712706082595,
    3.519074942008));
#5879 = CARTESIAN_POINT('',(-0.469313236696,2.711706949522,
    3.519033311463));
#5880 = CARTESIAN_POINT('',(-0.460583544479,2.712984869129,3.5123840652)
  );
#5881 = CARTESIAN_POINT('',(-0.460583544479,2.711985736056,
    3.512342434655));
#5882 = CARTESIAN_POINT('',(-0.448938548692,2.712981430843,
    3.512466584066));
#5883 = CARTESIAN_POINT('',(-0.448938548692,2.71198229777,3.512424953522
    ));
#5884 = ADVANCED_FACE('',(#5885),#5903,.F.);
#5885 = FACE_BOUND('',#5886,.F.);
#5886 = EDGE_LOOP('',(#5887,#5888,#5897,#5902));
#5887 = ORIENTED_EDGE('',*,*,#5870,.F.);
#5888 = ORIENTED_EDGE('',*,*,#5889,.T.);
#5889 = EDGE_CURVE('',#5862,#5890,#5892,.T.);
#5890 = VERTEX_POINT('',#5891);
#5891 = CARTESIAN_POINT('',(-0.434506924753,2.712855966805,
    3.515477720981));
#5892 = B_SPLINE_CURVE_WITH_KNOTS('',3,(#5893,#5894,#5895,#5896),
  .UNSPECIFIED.,.F.,.F.,(4,4),(4.,5.),.PIECEWISE_BEZIER_KNOTS.);
#5893 = CARTESIAN_POINT('',(-0.448938548692,2.712981430843,
    3.512466584066));
#5894 = CARTESIAN_POINT('',(-0.444259755743,2.712980049389,
    3.512499738968));
#5895 = CARTESIAN_POINT('',(-0.43948362635,2.712939681096,3.513468578001
    ));
#5896 = CARTESIAN_POINT('',(-0.434506924753,2.712855966805,
    3.515477720981));
#5897 = ORIENTED_EDGE('',*,*,#5898,.T.);
#5898 = EDGE_CURVE('',#5890,#56,#5899,.T.);
#5899 = B_SPLINE_CURVE_WITH_KNOTS('',1,(#5900,#5901),.UNSPECIFIED.,.F.,
  .F.,(2,2),(-0.,1.000000000002E-03),.PIECEWISE_BEZIER_KNOTS.);
#5900 = CARTESIAN_POINT('',(-0.434506924753,2.712855966805,
    3.515477720981));
#5901 = CARTESIAN_POINT('',(-0.434506924753,2.711856833732,
    3.515436090436));
#5902 = ORIENTED_EDGE('',*,*,#62,.F.);
#5903 = B_SPLINE_SURFACE_WITH_KNOTS('',3,1,(
    (#5904,#5905)
    ,(#5906,#5907)
    ,(#5908,#5909)
    ,(#5910,#5911
    )),.UNSPECIFIED.,.F.,.F.,.F.,(4,4),(2,2),(4.,5.),(0.,1.),
  .PIECEWISE_BEZIER_KNOTS.);
#5904 = CARTESIAN_POINT('',(-0.448938548692,2.712981430843,
    3.512466584066));
#5905 = CARTESIAN_POINT('',(-0.448938548692,2.71198229777,3.512424953522
    ));
#5906 = CARTESIAN_POINT('',(-0.444259755743,2.712980049389,
    3.512499738968));
#5907 = CARTESIAN_POINT('',(-0.444259755743,2.711980916316,
    3.512458108423));
#5908 = CARTESIAN_POINT('',(-0.43948362635,2.712939681096,3.513468578001
    ));
#5909 = CARTESIAN_POINT('',(-0.43948362635,2.711940548023,3.513426947456
    ));
#5910 = CARTESIAN_POINT('',(-0.434506924753,2.712855966805,
    3.515477720981));
#5911 = CARTESIAN_POINT('',(-0.434506924753,2.711856833732,
    3.515436090436));
#5912 = ADVANCED_FACE('',(#5913),#5929,.F.);
#5913 = FACE_BOUND('',#5914,.T.);
#5914 = EDGE_LOOP('',(#5915,#5916,#5923,#5928));
#5915 = ORIENTED_EDGE('',*,*,#55,.T.);
#5916 = ORIENTED_EDGE('',*,*,#5917,.F.);
#5917 = EDGE_CURVE('',#5918,#47,#5920,.T.);
#5918 = VERTEX_POINT('',#5919);
#5919 = CARTESIAN_POINT('',(-0.434346168311,2.713799571081,
    3.492831218366));
#5920 = B_SPLINE_CURVE_WITH_KNOTS('',1,(#5921,#5922),.UNSPECIFIED.,.F.,
  .F.,(2,2),(-0.,1.000000000002E-03),.PIECEWISE_BEZIER_KNOTS.);
#5921 = CARTESIAN_POINT('',(-0.434346168311,2.713799571081,
    3.492831218366));
#5922 = CARTESIAN_POINT('',(-0.434346168311,2.712800438007,
    3.492789587821));
#5923 = ORIENTED_EDGE('',*,*,#5924,.F.);
#5924 = EDGE_CURVE('',#5890,#5918,#5925,.T.);
#5925 = B_SPLINE_CURVE_WITH_KNOTS('',1,(#5926,#5927),.UNSPECIFIED.,.F.,
  .F.,(2,2),(-2.266672257622E-02,-3.936949938254E-19),
  .PIECEWISE_BEZIER_KNOTS.);
#5926 = CARTESIAN_POINT('',(-0.434506924753,2.712855966805,
    3.515477720981));
#5927 = CARTESIAN_POINT('',(-0.434346168311,2.713799571081,
    3.492831218366));
#5928 = ORIENTED_EDGE('',*,*,#5898,.T.);
#5929 = B_SPLINE_SURFACE_WITH_KNOTS('',1,1,(
    (#5930,#5931)
    ,(#5932,#5933
    )),.UNSPECIFIED.,.F.,.F.,.F.,(2,2),(2,2),(-4.162949952629E-05,
    2.264707317162E-02),(-1.94273743339E-03,0.),
  .PIECEWISE_BEZIER_KNOTS.);
#5930 = CARTESIAN_POINT('',(-0.434346446904,2.711856833732,
    3.492789585847));
#5931 = CARTESIAN_POINT('',(-0.434345873323,2.713799571081,
    3.492789589911));
#5932 = CARTESIAN_POINT('',(-0.434507219741,2.711856833732,3.51547771889
    ));
#5933 = CARTESIAN_POINT('',(-0.43450664616,2.713799571081,3.515477722955
    ));
#5934 = ADVANCED_FACE('',(#5935),#5953,.F.);
#5935 = FACE_BOUND('',#5936,.F.);
#5936 = EDGE_LOOP('',(#5937,#5938,#5947,#5952));
#5937 = ORIENTED_EDGE('',*,*,#5917,.F.);
#5938 = ORIENTED_EDGE('',*,*,#5939,.T.);
#5939 = EDGE_CURVE('',#5918,#5940,#5942,.T.);
#5940 = VERTEX_POINT('',#5941);
#5941 = CARTESIAN_POINT('',(-0.450759181925,2.713890990719,
    3.490637147032));
#5942 = B_SPLINE_CURVE_WITH_KNOTS('',3,(#5943,#5944,#5945,#5946),
  .UNSPECIFIED.,.F.,.F.,(4,4),(2.,3.),.PIECEWISE_BEZIER_KNOTS.);
#5943 = CARTESIAN_POINT('',(-0.434346168311,2.713799571081,
    3.492831218366));
#5944 = CARTESIAN_POINT('',(-0.438859415102,2.713857176466,
    3.491448689114));
#5945 = CARTESIAN_POINT('',(-0.44436483156,2.713889102732,3.490682458731
    ));
#5946 = CARTESIAN_POINT('',(-0.450759181925,2.713890990719,
    3.490637147032));
#5947 = ORIENTED_EDGE('',*,*,#5948,.T.);
#5948 = EDGE_CURVE('',#5940,#38,#5949,.T.);
#5949 = B_SPLINE_CURVE_WITH_KNOTS('',1,(#5950,#5951),.UNSPECIFIED.,.F.,
  .F.,(2,2),(-0.,1.000000000002E-03),.PIECEWISE_BEZIER_KNOTS.);
#5950 = CARTESIAN_POINT('',(-0.450759181925,2.713890990719,
    3.490637147032));
#5951 = CARTESIAN_POINT('',(-0.450759181925,2.712891857646,
    3.490595516487));
#5952 = ORIENTED_EDGE('',*,*,#46,.F.);
#5953 = B_SPLINE_SURFACE_WITH_KNOTS('',3,1,(
    (#5954,#5955)
    ,(#5956,#5957)
    ,(#5958,#5959)
    ,(#5960,#5961
    )),.UNSPECIFIED.,.F.,.F.,.F.,(4,4),(2,2),(2.,3.),(0.,1.),
  .PIECEWISE_BEZIER_KNOTS.);
#5954 = CARTESIAN_POINT('',(-0.434346168311,2.713799571081,
    3.492831218366));
#5955 = CARTESIAN_POINT('',(-0.434346168311,2.712800438007,
    3.492789587821));
#5956 = CARTESIAN_POINT('',(-0.438859415102,2.713857176466,
    3.491448689114));
#5957 = CARTESIAN_POINT('',(-0.438859415102,2.712858043393,
    3.491407058569));
#5958 = CARTESIAN_POINT('',(-0.44436483156,2.713889102732,3.490682458731
    ));
#5959 = CARTESIAN_POINT('',(-0.44436483156,2.712889969659,3.490640828186
    ));
#5960 = CARTESIAN_POINT('',(-0.450759181925,2.713890990719,
    3.490637147032));
#5961 = CARTESIAN_POINT('',(-0.450759181925,2.712891857646,
    3.490595516487));
#5962 = ADVANCED_FACE('',(#5963),#5981,.F.);
#5963 = FACE_BOUND('',#5964,.F.);
#5964 = EDGE_LOOP('',(#5965,#5966,#5975,#5980));
#5965 = ORIENTED_EDGE('',*,*,#5948,.F.);
#5966 = ORIENTED_EDGE('',*,*,#5967,.T.);
#5967 = EDGE_CURVE('',#5940,#5968,#5970,.T.);
#5968 = VERTEX_POINT('',#5969);
#5969 = CARTESIAN_POINT('',(-0.502919434939,2.711971472551,
    3.536705583065));
#5970 = B_SPLINE_CURVE_WITH_KNOTS('',3,(#5971,#5972,#5973,#5974),
  .UNSPECIFIED.,.F.,.F.,(4,4),(1.,2.),.PIECEWISE_BEZIER_KNOTS.);
#5971 = CARTESIAN_POINT('',(-0.450759181925,2.713890990719,
    3.490637147032));
#5972 = CARTESIAN_POINT('',(-0.473061428318,2.713897575651,
    3.490479108668));
#5973 = CARTESIAN_POINT('',(-0.490430850461,2.713257731145,
    3.505835376808));
#5974 = CARTESIAN_POINT('',(-0.502919434939,2.711971472551,
    3.536705583065));
#5975 = ORIENTED_EDGE('',*,*,#5976,.T.);
#5976 = EDGE_CURVE('',#5968,#31,#5977,.T.);
#5977 = B_SPLINE_CURVE_WITH_KNOTS('',1,(#5978,#5979),.UNSPECIFIED.,.F.,
  .F.,(2,2),(-0.,1.000000000002E-03),.PIECEWISE_BEZIER_KNOTS.);
#5978 = CARTESIAN_POINT('',(-0.502919434939,2.711971472551,
    3.536705583065));
#5979 = CARTESIAN_POINT('',(-0.502919434939,2.710972339478,3.53666395252
    ));
#5980 = ORIENTED_EDGE('',*,*,#37,.F.);
#5981 = B_SPLINE_SURFACE_WITH_KNOTS('',3,1,(
    (#5982,#5983)
    ,(#5984,#5985)
    ,(#5986,#5987)
    ,(#5988,#5989
    )),.UNSPECIFIED.,.F.,.F.,.F.,(4,4),(2,2),(1.,2.),(0.,1.),
  .PIECEWISE_BEZIER_KNOTS.);
#5982 = CARTESIAN_POINT('',(-0.450759181925,2.713890990719,
    3.490637147032));
#5983 = CARTESIAN_POINT('',(-0.450759181925,2.712891857646,
    3.490595516487));
#5984 = CARTESIAN_POINT('',(-0.473061428318,2.713897575651,
    3.490479108668));
#5985 = CARTESIAN_POINT('',(-0.473061428318,2.712898442578,
    3.490437478123));
#5986 = CARTESIAN_POINT('',(-0.490430850461,2.713257731145,
    3.505835376808));
#5987 = CARTESIAN_POINT('',(-0.490430850461,2.712258598072,
    3.505793746263));
#5988 = CARTESIAN_POINT('',(-0.502919434939,2.711971472551,
    3.536705583065));
#5989 = CARTESIAN_POINT('',(-0.502919434939,2.710972339478,3.53666395252
    ));
#5990 = ADVANCED_FACE('',(#5991),#6001,.F.);
#5991 = FACE_BOUND('',#5992,.T.);
#5992 = EDGE_LOOP('',(#5993,#5994,#5995,#6000));
#5993 = ORIENTED_EDGE('',*,*,#30,.T.);
#5994 = ORIENTED_EDGE('',*,*,#5665,.F.);
#5995 = ORIENTED_EDGE('',*,*,#5996,.F.);
#5996 = EDGE_CURVE('',#5968,#5659,#5997,.T.);
#5997 = B_SPLINE_CURVE_WITH_KNOTS('',1,(#5998,#5999),.UNSPECIFIED.,.F.,
  .F.,(2,2),(-0.179719381221,0.),.PIECEWISE_BEZIER_KNOTS.);
#5998 = CARTESIAN_POINT('',(-0.502919434939,2.711971472551,
    3.536705583065));
#5999 = CARTESIAN_POINT('',(-0.57002419206,2.705030772059,3.70328239488)
  );
#6000 = ORIENTED_EDGE('',*,*,#5976,.T.);
#6001 = B_SPLINE_SURFACE_WITH_KNOTS('',1,1,(
    (#6002,#6003)
    ,(#6004,#6005
    )),.UNSPECIFIED.,.F.,.F.,.F.,(2,2),(2,2),(0.,0.179623899387),(
    -9.992538024876E-04,6.941539165971E-03),.PIECEWISE_BEZIER_KNOTS.);
#6002 = CARTESIAN_POINT('',(-0.570038603092,2.704031638986,
    3.703276599519));
#6003 = CARTESIAN_POINT('',(-0.569924082619,2.711971472551,
    3.703322653647));
#6004 = CARTESIAN_POINT('',(-0.50301954438,2.704031638986,3.536623693753
    ));
#6005 = CARTESIAN_POINT('',(-0.502905023908,2.711971472551,
    3.536669747881));
#6006 = ADVANCED_FACE('',(#6007),#6024,.T.);
#6007 = FACE_BOUND('',#6008,.T.);
#6008 = EDGE_LOOP('',(#6009,#6010,#6011,#6012,#6013,#6014,#6015,#6016,
    #6017,#6018,#6019,#6020,#6021,#6022,#6023));
#6009 = ORIENTED_EDGE('',*,*,#5658,.T.);
#6010 = ORIENTED_EDGE('',*,*,#5686,.T.);
#6011 = ORIENTED_EDGE('',*,*,#5701,.T.);
#6012 = ORIENTED_EDGE('',*,*,#5736,.T.);
#6013 = ORIENTED_EDGE('',*,*,#5758,.T.);
#6014 = ORIENTED_EDGE('',*,*,#5780,.T.);
#6015 = ORIENTED_EDGE('',*,*,#5802,.T.);
#6016 = ORIENTED_EDGE('',*,*,#5824,.T.);
#6017 = ORIENTED_EDGE('',*,*,#5846,.T.);
#6018 = ORIENTED_EDGE('',*,*,#5861,.T.);
#6019 = ORIENTED_EDGE('',*,*,#5889,.T.);
#6020 = ORIENTED_EDGE('',*,*,#5924,.T.);
#6021 = ORIENTED_EDGE('',*,*,#5939,.T.);
#6022 = ORIENTED_EDGE('',*,*,#5967,.T.);
#6023 = ORIENTED_EDGE('',*,*,#5996,.T.);
#6024 = B_SPLINE_SURFACE_WITH_KNOTS('',1,1,(
    (#6025,#6026)
    ,(#6027,#6028
    )),.UNSPECIFIED.,.F.,.F.,.F.,(2,2),(2,2),(-1.156669212432E-02,
    0.202410112404),(-8.950476041E-02,4.992326949069E-02),
  .PIECEWISE_BEZIER_KNOTS.);
#6025 = CARTESIAN_POINT('',(-0.57002419206,2.713897575651,3.490479108668
    ));
#6026 = CARTESIAN_POINT('',(-0.43059616216,2.713897575651,3.490479108668
    ));
#6027 = CARTESIAN_POINT('',(-0.57002419206,2.704989604723,3.704270410947
    ));
#6028 = CARTESIAN_POINT('',(-0.43059616216,2.704989604723,3.704270410947
    ));
#6029 = ADVANCED_FACE('',(#6030),#6052,.F.);
#6030 = FACE_BOUND('',#6031,.T.);
#6031 = EDGE_LOOP('',(#6032,#6033,#6040,#6047));
#6032 = ORIENTED_EDGE('',*,*,#928,.T.);
#6033 = ORIENTED_EDGE('',*,*,#6034,.F.);
#6034 = EDGE_CURVE('',#6035,#931,#6037,.T.);
#6035 = VERTEX_POINT('',#6036);
#6036 = CARTESIAN_POINT('',(-0.705987167482,2.710152783937,
    3.580354109813));
#6037 = B_SPLINE_CURVE_WITH_KNOTS('',1,(#6038,#6039),.UNSPECIFIED.,.F.,
  .F.,(2,2),(-0.,1.000000000002E-03),.PIECEWISE_BEZIER_KNOTS.);
#6038 = CARTESIAN_POINT('',(-0.705987167482,2.710152783937,
    3.580354109813));
#6039 = CARTESIAN_POINT('',(-0.705987167482,2.709153650864,
    3.580312479269));
#6040 = ORIENTED_EDGE('',*,*,#6041,.F.);
#6041 = EDGE_CURVE('',#6042,#6035,#6044,.T.);
#6042 = VERTEX_POINT('',#6043);
#6043 = CARTESIAN_POINT('',(-0.705822723965,2.711118030512,
    3.557188192001));
#6044 = B_SPLINE_CURVE_WITH_KNOTS('',1,(#6045,#6046),.UNSPECIFIED.,.F.,
  .F.,(2,2),(-2.318660153379E-02,0.),.PIECEWISE_BEZIER_KNOTS.);
#6045 = CARTESIAN_POINT('',(-0.705822723965,2.711118030512,
    3.557188192001));
#6046 = CARTESIAN_POINT('',(-0.705987167482,2.710152783937,
    3.580354109813));
#6047 = ORIENTED_EDGE('',*,*,#6048,.T.);
#6048 = EDGE_CURVE('',#6042,#929,#6049,.T.);
#6049 = B_SPLINE_CURVE_WITH_KNOTS('',1,(#6050,#6051),.UNSPECIFIED.,.F.,
  .F.,(2,2),(-0.,9.999999999999E-04),.PIECEWISE_BEZIER_KNOTS.);
#6050 = CARTESIAN_POINT('',(-0.705822723965,2.711118030512,
    3.557188192001));
#6051 = CARTESIAN_POINT('',(-0.705822723965,2.710118897439,
    3.557146561457));
#6052 = B_SPLINE_SURFACE_WITH_KNOTS('',1,1,(
    (#6053,#6054)
    ,(#6055,#6056
    )),.UNSPECIFIED.,.F.,.F.,.F.,(2,2),(2,2),(0.,2.32081309543E-02),(
    -9.99133116643E-04,9.652466175649E-04),.PIECEWISE_BEZIER_KNOTS.);
#6053 = CARTESIAN_POINT('',(-0.70598746247,2.709153650864,3.580354107723
    ));
#6054 = CARTESIAN_POINT('',(-0.705986882499,2.711118030512,
    3.580354111833));
#6055 = CARTESIAN_POINT('',(-0.705823008948,2.709153650864,
    3.557146559437));
#6056 = CARTESIAN_POINT('',(-0.705822428977,2.711118030512,
    3.557146563547));
#6057 = ADVANCED_FACE('',(#6058),#6074,.F.);
#6058 = FACE_BOUND('',#6059,.T.);
#6059 = EDGE_LOOP('',(#6060,#6061,#6068,#6073));
#6060 = ORIENTED_EDGE('',*,*,#1007,.T.);
#6061 = ORIENTED_EDGE('',*,*,#6062,.F.);
#6062 = EDGE_CURVE('',#6063,#1001,#6065,.T.);
#6063 = VERTEX_POINT('',#6064);
#6064 = CARTESIAN_POINT('',(-0.622860612743,2.7101282401,3.580943161898)
  );
#6065 = B_SPLINE_CURVE_WITH_KNOTS('',1,(#6066,#6067),.UNSPECIFIED.,.F.,
  .F.,(2,2),(-0.,1.000000000002E-03),.PIECEWISE_BEZIER_KNOTS.);
#6066 = CARTESIAN_POINT('',(-0.622860612743,2.7101282401,3.580943161898)
  );
#6067 = CARTESIAN_POINT('',(-0.622860612743,2.709129107027,
    3.580901531353));
#6068 = ORIENTED_EDGE('',*,*,#6069,.F.);
#6069 = EDGE_CURVE('',#6035,#6063,#6070,.T.);
#6070 = B_SPLINE_CURVE_WITH_KNOTS('',1,(#6071,#6072),.UNSPECIFIED.,.F.,
  .F.,(2,2),(-8.312864540908E-02,0.),.PIECEWISE_BEZIER_KNOTS.);
#6071 = CARTESIAN_POINT('',(-0.705987167482,2.710152783937,
    3.580354109813));
#6072 = CARTESIAN_POINT('',(-0.622860612743,2.7101282401,3.580943161898)
  );
#6073 = ORIENTED_EDGE('',*,*,#6034,.T.);
#6074 = B_SPLINE_SURFACE_WITH_KNOTS('',1,1,(
    (#6075,#6076)
    ,(#6077,#6078
    )),.UNSPECIFIED.,.F.,.F.,.F.,(2,2),(2,2),(-1.000000000002E-03,
    4.206335626182E-16),(-8.312864540908E-02,3.120862737358E-23),
  .PIECEWISE_BEZIER_KNOTS.);
#6075 = CARTESIAN_POINT('',(-0.705987167482,2.709153650864,
    3.580312479269));
#6076 = CARTESIAN_POINT('',(-0.622860612743,2.709129107027,
    3.580901531353));
#6077 = CARTESIAN_POINT('',(-0.705987167482,2.710152783937,
    3.580354109813));
#6078 = CARTESIAN_POINT('',(-0.622860612743,2.7101282401,3.580943161898)
  );
#6079 = ADVANCED_FACE('',(#6080),#6096,.F.);
#6080 = FACE_BOUND('',#6081,.T.);
#6081 = EDGE_LOOP('',(#6082,#6083,#6090,#6095));
#6082 = ORIENTED_EDGE('',*,*,#1000,.T.);
#6083 = ORIENTED_EDGE('',*,*,#6084,.F.);
#6084 = EDGE_CURVE('',#6085,#994,#6087,.T.);
#6085 = VERTEX_POINT('',#6086);
#6086 = CARTESIAN_POINT('',(-0.623345831731,2.707280113433,
    3.649298201898));
#6087 = B_SPLINE_CURVE_WITH_KNOTS('',1,(#6088,#6089),.UNSPECIFIED.,.F.,
  .F.,(2,2),(-0.,1.000000000002E-03),.PIECEWISE_BEZIER_KNOTS.);
#6088 = CARTESIAN_POINT('',(-0.623345831731,2.707280113433,
    3.649298201898));
#6089 = CARTESIAN_POINT('',(-0.623345831731,2.70628098036,3.649256571354
    ));
#6090 = ORIENTED_EDGE('',*,*,#6091,.F.);
#6091 = EDGE_CURVE('',#6063,#6085,#6092,.T.);
#6092 = B_SPLINE_CURVE_WITH_KNOTS('',1,(#6093,#6094),.UNSPECIFIED.,.F.,
  .F.,(2,2),(-6.841607089331E-02,0.),.PIECEWISE_BEZIER_KNOTS.);
#6093 = CARTESIAN_POINT('',(-0.622860612743,2.7101282401,3.580943161898)
  );
#6094 = CARTESIAN_POINT('',(-0.623345831731,2.707280113433,
    3.649298201898));
#6095 = ORIENTED_EDGE('',*,*,#6062,.T.);
#6096 = B_SPLINE_SURFACE_WITH_KNOTS('',1,1,(
    (#6097,#6098)
    ,(#6099,#6100
    )),.UNSPECIFIED.,.F.,.F.,.F.,(2,2),(2,2),(0.,6.839839163951E-02),(
    -9.99133116643E-04,2.848126790838E-03),.PIECEWISE_BEZIER_KNOTS.);
#6097 = CARTESIAN_POINT('',(-0.623346126719,2.70628098036,3.649298199808
    ));
#6098 = CARTESIAN_POINT('',(-0.623344990839,2.7101282401,3.649298207857)
  );
#6099 = CARTESIAN_POINT('',(-0.622861453635,2.70628098036,3.580901525394
    ));
#6100 = CARTESIAN_POINT('',(-0.622860317755,2.7101282401,3.580901533443)
  );
#6101 = ADVANCED_FACE('',(#6102),#6118,.F.);
#6102 = FACE_BOUND('',#6103,.T.);
#6103 = EDGE_LOOP('',(#6104,#6105,#6112,#6117));
#6104 = ORIENTED_EDGE('',*,*,#993,.T.);
#6105 = ORIENTED_EDGE('',*,*,#6106,.F.);
#6106 = EDGE_CURVE('',#6107,#987,#6109,.T.);
#6107 = VERTEX_POINT('',#6108);
#6108 = CARTESIAN_POINT('',(-0.696075068803,2.707301587372,
    3.648782827373));
#6109 = B_SPLINE_CURVE_WITH_KNOTS('',1,(#6110,#6111),.UNSPECIFIED.,.F.,
  .F.,(2,2),(-0.,1.000000000001E-03),.PIECEWISE_BEZIER_KNOTS.);
#6110 = CARTESIAN_POINT('',(-0.696075068803,2.707301587372,
    3.648782827373));
#6111 = CARTESIAN_POINT('',(-0.696075068803,2.706302454299,
    3.648741196828));
#6112 = ORIENTED_EDGE('',*,*,#6113,.F.);
#6113 = EDGE_CURVE('',#6085,#6107,#6114,.T.);
#6114 = B_SPLINE_CURVE_WITH_KNOTS('',1,(#6115,#6116),.UNSPECIFIED.,.F.,
  .F.,(2,2),(-7.273106624528E-02,0.),.PIECEWISE_BEZIER_KNOTS.);
#6115 = CARTESIAN_POINT('',(-0.623345831731,2.707280113433,
    3.649298201898));
#6116 = CARTESIAN_POINT('',(-0.696075068803,2.707301587372,
    3.648782827373));
#6117 = ORIENTED_EDGE('',*,*,#6084,.T.);
#6118 = B_SPLINE_SURFACE_WITH_KNOTS('',1,1,(
    (#6119,#6120)
    ,(#6121,#6122
    )),.UNSPECIFIED.,.F.,.F.,.F.,(2,2),(2,2),(-3.789670588515E-16,
    1.000000000001E-03),(0.,7.273106624528E-02),
  .PIECEWISE_BEZIER_KNOTS.);
#6119 = CARTESIAN_POINT('',(-0.696075068803,2.707301587372,
    3.648782827373));
#6120 = CARTESIAN_POINT('',(-0.623345831731,2.707280113433,
    3.649298201898));
#6121 = CARTESIAN_POINT('',(-0.696075068803,2.706302454299,
    3.648741196828));
#6122 = CARTESIAN_POINT('',(-0.623345831731,2.70628098036,3.649256571354
    ));
#6123 = ADVANCED_FACE('',(#6124),#6140,.F.);
#6124 = FACE_BOUND('',#6125,.T.);
#6125 = EDGE_LOOP('',(#6126,#6127,#6134,#6139));
#6126 = ORIENTED_EDGE('',*,*,#986,.T.);
#6127 = ORIENTED_EDGE('',*,*,#6128,.F.);
#6128 = EDGE_CURVE('',#6129,#980,#6131,.T.);
#6129 = VERTEX_POINT('',#6130);
#6130 = CARTESIAN_POINT('',(-0.696240249735,2.706332012336,
    3.672052628224));
#6131 = B_SPLINE_CURVE_WITH_KNOTS('',1,(#6132,#6133),.UNSPECIFIED.,.F.,
  .F.,(2,2),(-0.,1.000000000002E-03),.PIECEWISE_BEZIER_KNOTS.);
#6132 = CARTESIAN_POINT('',(-0.696240249735,2.706332012336,
    3.672052628224));
#6133 = CARTESIAN_POINT('',(-0.696240249735,2.705332879263,3.67201099768
    ));
#6134 = ORIENTED_EDGE('',*,*,#6135,.F.);
#6135 = EDGE_CURVE('',#6107,#6129,#6136,.T.);
#6136 = B_SPLINE_CURVE_WITH_KNOTS('',1,(#6137,#6138),.UNSPECIFIED.,.F.,
  .F.,(2,2),(-2.32905773253E-02,0.),.PIECEWISE_BEZIER_KNOTS.);
#6137 = CARTESIAN_POINT('',(-0.696075068803,2.707301587372,
    3.648782827373));
#6138 = CARTESIAN_POINT('',(-0.696240249735,2.706332012336,
    3.672052628224));
#6139 = ORIENTED_EDGE('',*,*,#6106,.T.);
#6140 = B_SPLINE_SURFACE_WITH_KNOTS('',1,1,(
    (#6141,#6142)
    ,(#6143,#6144
    )),.UNSPECIFIED.,.F.,.F.,.F.,(2,2),(2,2),(0.,2.331201661092E-02),(
    -9.991331166429E-04,9.695750777285E-04),.PIECEWISE_BEZIER_KNOTS.);
#6141 = CARTESIAN_POINT('',(-0.696240544723,2.705332879263,
    3.672052626134));
#6142 = CARTESIAN_POINT('',(-0.696239963474,2.707301587372,
    3.672052630253));
#6143 = CARTESIAN_POINT('',(-0.696075355064,2.705332879263,3.6487411948)
  );
#6144 = CARTESIAN_POINT('',(-0.696074773815,2.707301587372,
    3.648741198919));
#6145 = ADVANCED_FACE('',(#6146),#6162,.F.);
#6146 = FACE_BOUND('',#6147,.T.);
#6147 = EDGE_LOOP('',(#6148,#6149,#6156,#6161));
#6148 = ORIENTED_EDGE('',*,*,#979,.T.);
#6149 = ORIENTED_EDGE('',*,*,#6150,.F.);
#6150 = EDGE_CURVE('',#6151,#973,#6153,.T.);
#6151 = VERTEX_POINT('',#6152);
#6152 = CARTESIAN_POINT('',(-0.623511012663,2.706310538398,3.67256800275
    ));
#6153 = B_SPLINE_CURVE_WITH_KNOTS('',1,(#6154,#6155),.UNSPECIFIED.,.F.,
  .F.,(2,2),(-0.,1.000000000002E-03),.PIECEWISE_BEZIER_KNOTS.);
#6154 = CARTESIAN_POINT('',(-0.623511012663,2.706310538398,3.67256800275
    ));
#6155 = CARTESIAN_POINT('',(-0.623511012663,2.705311405325,
    3.672526372205));
#6156 = ORIENTED_EDGE('',*,*,#6157,.F.);
#6157 = EDGE_CURVE('',#6129,#6151,#6158,.T.);
#6158 = B_SPLINE_CURVE_WITH_KNOTS('',1,(#6159,#6160),.UNSPECIFIED.,.F.,
  .F.,(2,2),(-7.273106624528E-02,0.),.PIECEWISE_BEZIER_KNOTS.);
#6159 = CARTESIAN_POINT('',(-0.696240249735,2.706332012336,
    3.672052628224));
#6160 = CARTESIAN_POINT('',(-0.623511012663,2.706310538398,3.67256800275
    ));
#6161 = ORIENTED_EDGE('',*,*,#6128,.T.);
#6162 = B_SPLINE_SURFACE_WITH_KNOTS('',1,1,(
    (#6163,#6164)
    ,(#6165,#6166
    )),.UNSPECIFIED.,.F.,.F.,.F.,(2,2),(2,2),(-1.000000000002E-03,
    6.474286823553E-17),(-7.273106624528E-02,6.666410398066E-16),
  .PIECEWISE_BEZIER_KNOTS.);
#6163 = CARTESIAN_POINT('',(-0.696240249735,2.705332879263,3.67201099768
    ));
#6164 = CARTESIAN_POINT('',(-0.623511012663,2.705311405325,
    3.672526372205));
#6165 = CARTESIAN_POINT('',(-0.696240249735,2.706332012336,
    3.672052628224));
#6166 = CARTESIAN_POINT('',(-0.623511012663,2.706310538398,3.67256800275
    ));
#6167 = ADVANCED_FACE('',(#6168),#6184,.F.);
#6168 = FACE_BOUND('',#6169,.T.);
#6169 = EDGE_LOOP('',(#6170,#6171,#6178,#6183));
#6170 = ORIENTED_EDGE('',*,*,#972,.T.);
#6171 = ORIENTED_EDGE('',*,*,#6172,.F.);
#6172 = EDGE_CURVE('',#6173,#966,#6175,.T.);
#6173 = VERTEX_POINT('',#6174);
#6174 = CARTESIAN_POINT('',(-0.623972634375,2.703600922451,
    3.737598785487));
#6175 = B_SPLINE_CURVE_WITH_KNOTS('',1,(#6176,#6177),.UNSPECIFIED.,.F.,
  .F.,(2,2),(-0.,1.000000000002E-03),.PIECEWISE_BEZIER_KNOTS.);
#6176 = CARTESIAN_POINT('',(-0.623972634375,2.703600922451,
    3.737598785487));
#6177 = CARTESIAN_POINT('',(-0.623972634375,2.702601789377,
    3.737557154942));
#6178 = ORIENTED_EDGE('',*,*,#6179,.F.);
#6179 = EDGE_CURVE('',#6151,#6173,#6180,.T.);
#6180 = B_SPLINE_CURVE_WITH_KNOTS('',1,(#6181,#6182),.UNSPECIFIED.,.F.,
  .F.,(2,2),(-6.508884556213E-02,0.),.PIECEWISE_BEZIER_KNOTS.);
#6181 = CARTESIAN_POINT('',(-0.623511012663,2.706310538398,3.67256800275
    ));
#6182 = CARTESIAN_POINT('',(-0.623972634375,2.703600922451,
    3.737598785487));
#6183 = ORIENTED_EDGE('',*,*,#6150,.T.);
#6184 = B_SPLINE_SURFACE_WITH_KNOTS('',1,1,(
    (#6185,#6186)
    ,(#6187,#6188
    )),.UNSPECIFIED.,.F.,.F.,.F.,(2,2),(2,2),(0.,6.507405062459E-02),(
    -9.991331166429E-04,2.70961606549E-03),.PIECEWISE_BEZIER_KNOTS.);
#6185 = CARTESIAN_POINT('',(-0.623972929362,2.702601789377,
    3.737598783396));
#6186 = CARTESIAN_POINT('',(-0.623971834377,2.706310538398,
    3.737598791156));
#6187 = CARTESIAN_POINT('',(-0.62351181266,2.702601789377,3.672526366536
    ));
#6188 = CARTESIAN_POINT('',(-0.623510717675,2.706310538398,
    3.672526374295));
#6189 = ADVANCED_FACE('',(#6190),#6206,.F.);
#6190 = FACE_BOUND('',#6191,.T.);
#6191 = EDGE_LOOP('',(#6192,#6193,#6200,#6205));
#6192 = ORIENTED_EDGE('',*,*,#965,.T.);
#6193 = ORIENTED_EDGE('',*,*,#6194,.F.);
#6194 = EDGE_CURVE('',#6195,#959,#6197,.T.);
#6195 = VERTEX_POINT('',#6196);
#6196 = CARTESIAN_POINT('',(-0.702472382752,2.703624100183,
    3.737042519916));
#6197 = B_SPLINE_CURVE_WITH_KNOTS('',1,(#6198,#6199),.UNSPECIFIED.,.F.,
  .F.,(2,2),(-0.,1.000000000002E-03),.PIECEWISE_BEZIER_KNOTS.);
#6198 = CARTESIAN_POINT('',(-0.702472382752,2.703624100183,
    3.737042519916));
#6199 = CARTESIAN_POINT('',(-0.702472382752,2.70262496711,3.737000889372
    ));
#6200 = ORIENTED_EDGE('',*,*,#6201,.F.);
#6201 = EDGE_CURVE('',#6173,#6195,#6202,.T.);
#6202 = B_SPLINE_CURVE_WITH_KNOTS('',1,(#6203,#6204),.UNSPECIFIED.,.F.,
  .F.,(2,2),(-7.850172268119E-02,0.),.PIECEWISE_BEZIER_KNOTS.);
#6203 = CARTESIAN_POINT('',(-0.623972634375,2.703600922451,
    3.737598785487));
#6204 = CARTESIAN_POINT('',(-0.702472382752,2.703624100183,
    3.737042519916));
#6205 = ORIENTED_EDGE('',*,*,#6172,.T.);
#6206 = B_SPLINE_SURFACE_WITH_KNOTS('',1,1,(
    (#6207,#6208)
    ,(#6209,#6210
    )),.UNSPECIFIED.,.F.,.F.,.F.,(2,2),(2,2),(-0.,1.000000000002E-03),(
    -1.530914017587E-22,7.850172268119E-02),.PIECEWISE_BEZIER_KNOTS.);
#6207 = CARTESIAN_POINT('',(-0.702472382752,2.703624100183,
    3.737042519916));
#6208 = CARTESIAN_POINT('',(-0.623972634375,2.703600922451,
    3.737598785487));
#6209 = CARTESIAN_POINT('',(-0.702472382752,2.70262496711,3.737000889372
    ));
#6210 = CARTESIAN_POINT('',(-0.623972634375,2.702601789377,
    3.737557154942));
#6211 = ADVANCED_FACE('',(#6212),#6228,.F.);
#6212 = FACE_BOUND('',#6213,.T.);
#6213 = EDGE_LOOP('',(#6214,#6215,#6222,#6227));
#6214 = ORIENTED_EDGE('',*,*,#958,.T.);
#6215 = ORIENTED_EDGE('',*,*,#6216,.F.);
#6216 = EDGE_CURVE('',#6217,#952,#6219,.T.);
#6217 = VERTEX_POINT('',#6218);
#6218 = CARTESIAN_POINT('',(-0.702638301099,2.702650196687,
    3.760416203807));
#6219 = B_SPLINE_CURVE_WITH_KNOTS('',1,(#6220,#6221),.UNSPECIFIED.,.F.,
  .F.,(2,2),(-0.,1.000000000002E-03),.PIECEWISE_BEZIER_KNOTS.);
#6220 = CARTESIAN_POINT('',(-0.702638301099,2.702650196687,
    3.760416203807));
#6221 = CARTESIAN_POINT('',(-0.702638301099,2.701651063614,
    3.760374573262));
#6222 = ORIENTED_EDGE('',*,*,#6223,.F.);
#6223 = EDGE_CURVE('',#6195,#6217,#6224,.T.);
#6224 = B_SPLINE_CURVE_WITH_KNOTS('',1,(#6225,#6226),.UNSPECIFIED.,.F.,
  .F.,(2,2),(-2.339455311681E-02,0.),.PIECEWISE_BEZIER_KNOTS.);
#6225 = CARTESIAN_POINT('',(-0.702472382752,2.703624100183,
    3.737042519916));
#6226 = CARTESIAN_POINT('',(-0.702638301099,2.702650196687,
    3.760416203807));
#6227 = ORIENTED_EDGE('',*,*,#6194,.T.);
#6228 = B_SPLINE_SURFACE_WITH_KNOTS('',1,1,(
    (#6229,#6230)
    ,(#6231,#6232
    )),.UNSPECIFIED.,.F.,.F.,.F.,(2,2),(2,2),(0.,2.341590226755E-02),(
    -9.991331166429E-04,9.739035378922E-04),.PIECEWISE_BEZIER_KNOTS.);
#6229 = CARTESIAN_POINT('',(-0.702638596087,2.701651063614,
    3.760416201717));
#6230 = CARTESIAN_POINT('',(-0.70263801356,2.703624100183,3.760416205844
    ));
#6231 = CARTESIAN_POINT('',(-0.702472670291,2.701651063614,
    3.737000887334));
#6232 = CARTESIAN_POINT('',(-0.702472087764,2.703624100183,
    3.737000891462));
#6233 = ADVANCED_FACE('',(#6234),#6250,.F.);
#6234 = FACE_BOUND('',#6235,.T.);
#6235 = EDGE_LOOP('',(#6236,#6237,#6244,#6249));
#6236 = ORIENTED_EDGE('',*,*,#951,.T.);
#6237 = ORIENTED_EDGE('',*,*,#6238,.F.);
#6238 = EDGE_CURVE('',#6239,#945,#6241,.T.);
#6239 = VERTEX_POINT('',#6240);
#6240 = CARTESIAN_POINT('',(-0.597885325614,2.702619267462,
    3.761158505214));
#6241 = B_SPLINE_CURVE_WITH_KNOTS('',1,(#6242,#6243),.UNSPECIFIED.,.F.,
  .F.,(2,2),(-0.,1.000000000002E-03),.PIECEWISE_BEZIER_KNOTS.);
#6242 = CARTESIAN_POINT('',(-0.597885325614,2.702619267462,
    3.761158505214));
#6243 = CARTESIAN_POINT('',(-0.597885325614,2.701620134389,
    3.761116874669));
#6244 = ORIENTED_EDGE('',*,*,#6245,.F.);
#6245 = EDGE_CURVE('',#6217,#6239,#6246,.T.);
#6246 = B_SPLINE_CURVE_WITH_KNOTS('',1,(#6247,#6248),.UNSPECIFIED.,.F.,
  .F.,(2,2),(-0.104755610069,0.),.PIECEWISE_BEZIER_KNOTS.);
#6247 = CARTESIAN_POINT('',(-0.702638301099,2.702650196687,
    3.760416203807));
#6248 = CARTESIAN_POINT('',(-0.597885325614,2.702619267462,
    3.761158505214));
#6249 = ORIENTED_EDGE('',*,*,#6216,.T.);
#6250 = B_SPLINE_SURFACE_WITH_KNOTS('',1,1,(
    (#6251,#6252)
    ,(#6253,#6254
    )),.UNSPECIFIED.,.F.,.F.,.F.,(2,2),(2,2),(-1.000000000002E-03,0.),(
    -0.104755610069,0.),.PIECEWISE_BEZIER_KNOTS.);
#6251 = CARTESIAN_POINT('',(-0.702638301099,2.701651063614,
    3.760374573262));
#6252 = CARTESIAN_POINT('',(-0.597885325614,2.701620134389,
    3.761116874669));
#6253 = CARTESIAN_POINT('',(-0.702638301099,2.702650196687,
    3.760416203807));
#6254 = CARTESIAN_POINT('',(-0.597885325614,2.702619267462,
    3.761158505214));
#6255 = ADVANCED_FACE('',(#6256),#6272,.F.);
#6256 = FACE_BOUND('',#6257,.T.);
#6257 = EDGE_LOOP('',(#6258,#6259,#6266,#6271));
#6258 = ORIENTED_EDGE('',*,*,#944,.T.);
#6259 = ORIENTED_EDGE('',*,*,#6260,.F.);
#6260 = EDGE_CURVE('',#6261,#938,#6263,.T.);
#6261 = VERTEX_POINT('',#6262);
#6262 = CARTESIAN_POINT('',(-0.596442942119,2.711085735182,
    3.557963279922));
#6263 = B_SPLINE_CURVE_WITH_KNOTS('',1,(#6264,#6265),.UNSPECIFIED.,.F.,
  .F.,(2,2),(-0.,1.000000000002E-03),.PIECEWISE_BEZIER_KNOTS.);
#6264 = CARTESIAN_POINT('',(-0.596442942119,2.711085735182,
    3.557963279922));
#6265 = CARTESIAN_POINT('',(-0.596442942119,2.710086602109,
    3.557921649378));
#6266 = ORIENTED_EDGE('',*,*,#6267,.F.);
#6267 = EDGE_CURVE('',#6239,#6261,#6268,.T.);
#6268 = B_SPLINE_CURVE_WITH_KNOTS('',1,(#6269,#6270),.UNSPECIFIED.,.F.,
  .F.,(2,2),(-0.203376648431,0.),.PIECEWISE_BEZIER_KNOTS.);
#6269 = CARTESIAN_POINT('',(-0.597885325614,2.702619267462,
    3.761158505214));
#6270 = CARTESIAN_POINT('',(-0.596442942119,2.711085735182,
    3.557963279922));
#6271 = ORIENTED_EDGE('',*,*,#6238,.T.);
#6272 = B_SPLINE_SURFACE_WITH_KNOTS('',1,1,(
    (#6273,#6274)
    ,(#6275,#6276
    )),.UNSPECIFIED.,.F.,.F.,.F.,(2,2),(2,2),(-4.162949952628E-05,
    0.203200344599),(-9.465601206156E-03,0.),.PIECEWISE_BEZIER_KNOTS.);
#6273 = CARTESIAN_POINT('',(-0.596445441791,2.701620134389,
    3.557921631664));
#6274 = CARTESIAN_POINT('',(-0.596442647131,2.711085735182,
    3.557921651468));
#6275 = CARTESIAN_POINT('',(-0.597885620602,2.701620134389,
    3.761158503124));
#6276 = CARTESIAN_POINT('',(-0.597882825942,2.711085735182,
    3.761158522927));
#6277 = ADVANCED_FACE('',(#6278),#6288,.F.);
#6278 = FACE_BOUND('',#6279,.T.);
#6279 = EDGE_LOOP('',(#6280,#6281,#6282,#6287));
#6280 = ORIENTED_EDGE('',*,*,#937,.T.);
#6281 = ORIENTED_EDGE('',*,*,#6048,.F.);
#6282 = ORIENTED_EDGE('',*,*,#6283,.F.);
#6283 = EDGE_CURVE('',#6261,#6042,#6284,.T.);
#6284 = B_SPLINE_CURVE_WITH_KNOTS('',1,(#6285,#6286),.UNSPECIFIED.,.F.,
  .F.,(2,2),(-0.109382532797,0.),.PIECEWISE_BEZIER_KNOTS.);
#6285 = CARTESIAN_POINT('',(-0.596442942119,2.711085735182,
    3.557963279922));
#6286 = CARTESIAN_POINT('',(-0.705822723965,2.711118030512,
    3.557188192001));
#6287 = ORIENTED_EDGE('',*,*,#6260,.T.);
#6288 = B_SPLINE_SURFACE_WITH_KNOTS('',1,1,(
    (#6289,#6290)
    ,(#6291,#6292
    )),.UNSPECIFIED.,.F.,.F.,.F.,(2,2),(2,2),(-2.264148974491E-16,
    1.000000000001E-03),(-5.069343213879E-22,0.109382532797),
  .PIECEWISE_BEZIER_KNOTS.);
#6289 = CARTESIAN_POINT('',(-0.705822723965,2.711118030512,
    3.557188192001));
#6290 = CARTESIAN_POINT('',(-0.596442942119,2.711085735182,
    3.557963279922));
#6291 = CARTESIAN_POINT('',(-0.705822723965,2.710118897439,
    3.557146561457));
#6292 = CARTESIAN_POINT('',(-0.596442942119,2.710086602109,
    3.557921649378));
#6293 = ADVANCED_FACE('',(#6294),#6308,.F.);
#6294 = FACE_BOUND('',#6295,.T.);
#6295 = EDGE_LOOP('',(#6296,#6297,#6298,#6299,#6300,#6301,#6302,#6303,
    #6304,#6305,#6306,#6307));
#6296 = ORIENTED_EDGE('',*,*,#6041,.T.);
#6297 = ORIENTED_EDGE('',*,*,#6069,.T.);
#6298 = ORIENTED_EDGE('',*,*,#6091,.T.);
#6299 = ORIENTED_EDGE('',*,*,#6113,.T.);
#6300 = ORIENTED_EDGE('',*,*,#6135,.T.);
#6301 = ORIENTED_EDGE('',*,*,#6157,.T.);
#6302 = ORIENTED_EDGE('',*,*,#6179,.T.);
#6303 = ORIENTED_EDGE('',*,*,#6201,.T.);
#6304 = ORIENTED_EDGE('',*,*,#6223,.T.);
#6305 = ORIENTED_EDGE('',*,*,#6245,.T.);
#6306 = ORIENTED_EDGE('',*,*,#6267,.T.);
#6307 = ORIENTED_EDGE('',*,*,#6283,.T.);
#6308 = B_SPLINE_SURFACE_WITH_KNOTS('',1,1,(
    (#6309,#6310)
    ,(#6311,#6312
    )),.UNSPECIFIED.,.F.,.F.,.F.,(2,2),(2,2),(-1.047640253494,
    -0.8434929595),(-0.705987167482,-0.596442942119),
  .PIECEWISE_BEZIER_KNOTS.);
#6309 = CARTESIAN_POINT('',(-0.705987167482,2.702619267462,
    3.761158505214));
#6310 = CARTESIAN_POINT('',(-0.596442942119,2.702619267462,
    3.761158505214));
#6311 = CARTESIAN_POINT('',(-0.705987167482,2.711118030512,
    3.557188192001));
#6312 = CARTESIAN_POINT('',(-0.596442942119,2.711118030512,
    3.557188192001));
#6313 = ADVANCED_FACE('',(#6314,#6373),#6432,.T.);
#6314 = FACE_BOUND('',#6315,.T.);
#6315 = EDGE_LOOP('',(#6316,#6325,#6334,#6343,#6352,#6361,#6368));
#6316 = ORIENTED_EDGE('',*,*,#6317,.T.);
#6317 = EDGE_CURVE('',#6318,#6320,#6322,.T.);
#6318 = VERTEX_POINT('',#6319);
#6319 = CARTESIAN_POINT('',(-0.744240812741,2.711129373787,
    3.556915953421));
#6320 = VERTEX_POINT('',#6321);
#6321 = CARTESIAN_POINT('',(-0.800178381784,2.711145889839,
    3.556519568153));
#6322 = B_SPLINE_CURVE_WITH_KNOTS('',1,(#6323,#6324),.UNSPECIFIED.,.F.,
  .F.,(2,2),(-5.593897589787E-02,1.311178963487E-19),
  .PIECEWISE_BEZIER_KNOTS.);
#6323 = CARTESIAN_POINT('',(-0.744240812741,2.711129373787,
    3.556915953421));
#6324 = CARTESIAN_POINT('',(-0.800178381784,2.711145889839,
    3.556519568153));
#6325 = ORIENTED_EDGE('',*,*,#6326,.T.);
#6326 = EDGE_CURVE('',#6320,#6327,#6329,.T.);
#6327 = VERTEX_POINT('',#6328);
#6328 = CARTESIAN_POINT('',(-0.879348061132,2.709983207682,
    3.584423939919));
#6329 = B_SPLINE_CURVE_WITH_KNOTS('',3,(#6330,#6331,#6332,#6333),
  .UNSPECIFIED.,.F.,.F.,(4,4),(5.,6.),.PIECEWISE_BEZIER_KNOTS.);
#6330 = CARTESIAN_POINT('',(-0.800178381784,2.711145889839,
    3.556519568153));
#6331 = CARTESIAN_POINT('',(-0.83235807996,2.711155391175,3.556291536108
    ));
#6332 = CARTESIAN_POINT('',(-0.858782384997,2.710769283509,
    3.565558120091));
#6333 = CARTESIAN_POINT('',(-0.879348061132,2.709983207682,
    3.584423939919));
#6334 = ORIENTED_EDGE('',*,*,#6335,.T.);
#6335 = EDGE_CURVE('',#6327,#6336,#6338,.T.);
#6336 = VERTEX_POINT('',#6337);
#6337 = CARTESIAN_POINT('',(-0.910557723692,2.706836816557,
    3.659937326926));
#6338 = B_SPLINE_CURVE_WITH_KNOTS('',3,(#6339,#6340,#6341,#6342),
  .UNSPECIFIED.,.F.,.F.,(4,4),(4.,5.),.PIECEWISE_BEZIER_KNOTS.);
#6339 = CARTESIAN_POINT('',(-0.879348061132,2.709983207682,
    3.584423939919));
#6340 = CARTESIAN_POINT('',(-0.899913737268,2.709197131856,
    3.603289759748));
#6341 = CARTESIAN_POINT('',(-0.910334286985,2.708148339931,
    3.628460765953));
#6342 = CARTESIAN_POINT('',(-0.910557723692,2.706836816557,
    3.659937326926));
#6343 = ORIENTED_EDGE('',*,*,#6344,.T.);
#6344 = EDGE_CURVE('',#6336,#6345,#6347,.T.);
#6345 = VERTEX_POINT('',#6346);
#6346 = CARTESIAN_POINT('',(-0.880397402499,2.703823809131,3.73224950515
    ));
#6347 = B_SPLINE_CURVE_WITH_KNOTS('',3,(#6348,#6349,#6350,#6351),
  .UNSPECIFIED.,.F.,.F.,(4,4),(3.,4.),.PIECEWISE_BEZIER_KNOTS.);
#6348 = CARTESIAN_POINT('',(-0.910557723692,2.706836816557,
    3.659937326926));
#6349 = CARTESIAN_POINT('',(-0.910771574005,2.705581563163,
    3.690063408386));
#6350 = CARTESIAN_POINT('',(-0.90070055894,2.704578665058,3.71413296291)
  );
#6351 = CARTESIAN_POINT('',(-0.880397402499,2.703823809131,3.73224950515
    ));
#6352 = ORIENTED_EDGE('',*,*,#6353,.T.);
#6353 = EDGE_CURVE('',#6345,#6354,#6356,.T.);
#6354 = VERTEX_POINT('',#6355);
#6355 = CARTESIAN_POINT('',(-0.803700228812,2.702680036099,
    3.759700057933));
#6356 = B_SPLINE_CURVE_WITH_KNOTS('',3,(#6357,#6358,#6359,#6360),
  .UNSPECIFIED.,.F.,.F.,(4,4),(2.,3.),.PIECEWISE_BEZIER_KNOTS.);
#6357 = CARTESIAN_POINT('',(-0.880397402499,2.703823809131,3.73224950515
    ));
#6358 = CARTESIAN_POINT('',(-0.86009424606,2.703068953205,3.750366047389
    ));
#6359 = CARTESIAN_POINT('',(-0.834528275691,2.702689138347,
    3.759481603971));
#6360 = CARTESIAN_POINT('',(-0.803700228812,2.702680036099,
    3.759700057933));
#6361 = ORIENTED_EDGE('',*,*,#6362,.T.);
#6362 = EDGE_CURVE('',#6354,#6363,#6365,.T.);
#6363 = VERTEX_POINT('',#6364);
#6364 = CARTESIAN_POINT('',(-0.745683196237,2.702662906066,
    3.760111178713));
#6365 = B_SPLINE_CURVE_WITH_KNOTS('',1,(#6366,#6367),.UNSPECIFIED.,.F.,
  .F.,(2,2),(-5.801849172952E-02,0.),.PIECEWISE_BEZIER_KNOTS.);
#6366 = CARTESIAN_POINT('',(-0.803700228812,2.702680036099,
    3.759700057933));
#6367 = CARTESIAN_POINT('',(-0.745683196237,2.702662906066,
    3.760111178713));
#6368 = ORIENTED_EDGE('',*,*,#6369,.T.);
#6369 = EDGE_CURVE('',#6363,#6318,#6370,.T.);
#6370 = B_SPLINE_CURVE_WITH_KNOTS('',1,(#6371,#6372),.UNSPECIFIED.,.F.,
  .F.,(2,2),(-0.203376648431,0.),.PIECEWISE_BEZIER_KNOTS.);
#6371 = CARTESIAN_POINT('',(-0.745683196237,2.702662906066,
    3.760111178713));
#6372 = CARTESIAN_POINT('',(-0.744240812741,2.711129373787,
    3.556915953421));
#6373 = FACE_BOUND('',#6374,.T.);
#6374 = EDGE_LOOP('',(#6375,#6384,#6391,#6400,#6409,#6418,#6427));
#6375 = ORIENTED_EDGE('',*,*,#6376,.F.);
#6376 = EDGE_CURVE('',#6377,#6379,#6381,.T.);
#6377 = VERTEX_POINT('',#6378);
#6378 = CARTESIAN_POINT('',(-0.771770504996,2.703644561055,
    3.736551458985));
#6379 = VERTEX_POINT('',#6380);
#6380 = CARTESIAN_POINT('',(-0.770658483364,2.710171878704,
    3.579895835396));
#6381 = B_SPLINE_CURVE_WITH_KNOTS('',1,(#6382,#6383),.UNSPECIFIED.,.F.,
  .F.,(2,2),(0.,0.156795493781),.PIECEWISE_BEZIER_KNOTS.);
#6382 = CARTESIAN_POINT('',(-0.771770504996,2.703644561055,
    3.736551458985));
#6383 = CARTESIAN_POINT('',(-0.770658483364,2.710171878704,
    3.579895835396));
#6384 = ORIENTED_EDGE('',*,*,#6385,.F.);
#6385 = EDGE_CURVE('',#6386,#6377,#6388,.T.);
#6386 = VERTEX_POINT('',#6387);
#6387 = CARTESIAN_POINT('',(-0.802494578698,2.703653632604,
    3.736333741799));
#6388 = B_SPLINE_CURVE_WITH_KNOTS('',1,(#6389,#6390),.UNSPECIFIED.,.F.,
  .F.,(2,2),(-1.110195102722E-16,3.072484642681E-02),
  .PIECEWISE_BEZIER_KNOTS.);
#6389 = CARTESIAN_POINT('',(-0.802494578698,2.703653632604,
    3.736333741799));
#6390 = CARTESIAN_POINT('',(-0.771770504996,2.703644561055,
    3.736551458985));
#6391 = ORIENTED_EDGE('',*,*,#6392,.F.);
#6392 = EDGE_CURVE('',#6393,#6386,#6395,.T.);
#6393 = VERTEX_POINT('',#6394);
#6394 = CARTESIAN_POINT('',(-0.861051752586,2.704467398816,
    3.716803352707));
#6395 = B_SPLINE_CURVE_WITH_KNOTS('',3,(#6396,#6397,#6398,#6399),
  .UNSPECIFIED.,.F.,.F.,(4,4),(5.,6.),.PIECEWISE_BEZIER_KNOTS.);
#6396 = CARTESIAN_POINT('',(-0.861051752586,2.704467398816,
    3.716803352707));
#6397 = CARTESIAN_POINT('',(-0.846274290353,2.703930608284,
    3.729686325476));
#6398 = CARTESIAN_POINT('',(-0.82672032886,2.703660785467,3.736162073086
    ));
#6399 = CARTESIAN_POINT('',(-0.802494578698,2.703653632604,
    3.736333741799));
#6400 = ORIENTED_EDGE('',*,*,#6401,.F.);
#6401 = EDGE_CURVE('',#6402,#6393,#6404,.T.);
#6402 = VERTEX_POINT('',#6403);
#6403 = CARTESIAN_POINT('',(-0.882947683383,2.706858965197,3.65940575957
    ));
#6404 = B_SPLINE_CURVE_WITH_KNOTS('',3,(#6405,#6406,#6407,#6408),
  .UNSPECIFIED.,.F.,.F.,(4,4),(4.,5.),.PIECEWISE_BEZIER_KNOTS.);
#6405 = CARTESIAN_POINT('',(-0.882947683383,2.706858965197,3.65940575957
    ));
#6406 = CARTESIAN_POINT('',(-0.883127612612,2.705802820962,
    3.684753221212));
#6407 = CARTESIAN_POINT('',(-0.875829214818,2.705004189348,
    3.703920379936));
#6408 = CARTESIAN_POINT('',(-0.861051752586,2.704467398816,
    3.716803352707));
#6409 = ORIENTED_EDGE('',*,*,#6410,.F.);
#6410 = EDGE_CURVE('',#6411,#6402,#6413,.T.);
#6411 = VERTEX_POINT('',#6412);
#6412 = CARTESIAN_POINT('',(-0.860797700398,2.709315442838,
    3.600450296183));
#6413 = B_SPLINE_CURVE_WITH_KNOTS('',3,(#6414,#6415,#6416,#6417),
  .UNSPECIFIED.,.F.,.F.,(4,4),(3.,4.),.PIECEWISE_BEZIER_KNOTS.);
#6414 = CARTESIAN_POINT('',(-0.860797700398,2.709315442838,
    3.600450296183));
#6415 = CARTESIAN_POINT('',(-0.87540150955,2.708735383249,3.614371726324
    ));
#6416 = CARTESIAN_POINT('',(-0.882767754153,2.707915109432,
    3.634058297928));
#6417 = CARTESIAN_POINT('',(-0.882947683383,2.706858965197,3.65940575957
    ));
#6418 = ORIENTED_EDGE('',*,*,#6419,.F.);
#6419 = EDGE_CURVE('',#6420,#6411,#6422,.T.);
#6420 = VERTEX_POINT('',#6421);
#6421 = CARTESIAN_POINT('',(-0.800186865535,2.710180597215,
    3.579686591129));
#6422 = B_SPLINE_CURVE_WITH_KNOTS('',3,(#6423,#6424,#6425,#6426),
  .UNSPECIFIED.,.F.,.F.,(4,4),(2.,3.),.PIECEWISE_BEZIER_KNOTS.);
#6423 = CARTESIAN_POINT('',(-0.800186865535,2.710180597215,
    3.579686591129));
#6424 = CARTESIAN_POINT('',(-0.826024199935,2.710188225913,
    3.579503502394));
#6425 = CARTESIAN_POINT('',(-0.846245140419,2.709899846237,
    3.586424614616));
#6426 = CARTESIAN_POINT('',(-0.860797700398,2.709315442838,
    3.600450296183));
#6427 = ORIENTED_EDGE('',*,*,#6428,.F.);
#6428 = EDGE_CURVE('',#6379,#6420,#6429,.T.);
#6429 = B_SPLINE_CURVE_WITH_KNOTS('',1,(#6430,#6431),.UNSPECIFIED.,.F.,
  .F.,(2,2),(0.,2.952912482302E-02),.PIECEWISE_BEZIER_KNOTS.);
#6430 = CARTESIAN_POINT('',(-0.770658483364,2.710171878704,
    3.579895835396));
#6431 = CARTESIAN_POINT('',(-0.800186865535,2.710180597215,
    3.579686591129));
#6432 = B_SPLINE_SURFACE_WITH_KNOTS('',1,1,(
    (#6433,#6434)
    ,(#6435,#6436
    )),.UNSPECIFIED.,.F.,.F.,.F.,(2,2),(2,2),(-0.196565436403,
    7.431056250012E-03),(-6.477592443479E-02,0.101754836829),
  .PIECEWISE_BEZIER_KNOTS.);
#6433 = CARTESIAN_POINT('',(-0.910771574005,2.711155391175,
    3.556291536108));
#6434 = CARTESIAN_POINT('',(-0.744240812741,2.711155391175,
    3.556291536108));
#6435 = CARTESIAN_POINT('',(-0.910771574005,2.702662906066,
    3.760111178713));
#6436 = CARTESIAN_POINT('',(-0.744240812741,2.702662906066,
    3.760111178713));
#6437 = ADVANCED_FACE('',(#6438),#6452,.F.);
#6438 = FACE_BOUND('',#6439,.T.);
#6439 = EDGE_LOOP('',(#6440,#6441,#6446,#6447));
#6440 = ORIENTED_EDGE('',*,*,#1014,.T.);
#6441 = ORIENTED_EDGE('',*,*,#6442,.F.);
#6442 = EDGE_CURVE('',#6320,#1017,#6443,.T.);
#6443 = B_SPLINE_CURVE_WITH_KNOTS('',1,(#6444,#6445),.UNSPECIFIED.,.F.,
  .F.,(2,2),(-0.,1.000000000002E-03),.PIECEWISE_BEZIER_KNOTS.);
#6444 = CARTESIAN_POINT('',(-0.800178381784,2.711145889839,
    3.556519568153));
#6445 = CARTESIAN_POINT('',(-0.800178381784,2.710146756766,
    3.556477937609));
#6446 = ORIENTED_EDGE('',*,*,#6317,.F.);
#6447 = ORIENTED_EDGE('',*,*,#6448,.T.);
#6448 = EDGE_CURVE('',#6318,#1015,#6449,.T.);
#6449 = B_SPLINE_CURVE_WITH_KNOTS('',1,(#6450,#6451),.UNSPECIFIED.,.F.,
  .F.,(2,2),(-0.,9.999999999999E-04),.PIECEWISE_BEZIER_KNOTS.);
#6450 = CARTESIAN_POINT('',(-0.744240812741,2.711129373787,
    3.556915953421));
#6451 = CARTESIAN_POINT('',(-0.744240812741,2.710130240713,
    3.556874322876));
#6452 = B_SPLINE_SURFACE_WITH_KNOTS('',1,1,(
    (#6453,#6454)
    ,(#6455,#6456
    )),.UNSPECIFIED.,.F.,.F.,.F.,(2,2),(2,2),(-4.437042169646E-16,
    1.000000000002E-03),(-2.626986029136E-19,5.593897589787E-02),
  .PIECEWISE_BEZIER_KNOTS.);
#6453 = CARTESIAN_POINT('',(-0.800178381784,2.711145889839,
    3.556519568153));
#6454 = CARTESIAN_POINT('',(-0.744240812741,2.711129373787,
    3.556915953421));
#6455 = CARTESIAN_POINT('',(-0.800178381784,2.710146756766,
    3.556477937609));
#6456 = CARTESIAN_POINT('',(-0.744240812741,2.710130240713,
    3.556874322876));
#6457 = ADVANCED_FACE('',(#6458),#6468,.F.);
#6458 = FACE_BOUND('',#6459,.F.);
#6459 = EDGE_LOOP('',(#6460,#6461,#6462,#6467));
#6460 = ORIENTED_EDGE('',*,*,#6442,.F.);
#6461 = ORIENTED_EDGE('',*,*,#6326,.T.);
#6462 = ORIENTED_EDGE('',*,*,#6463,.T.);
#6463 = EDGE_CURVE('',#6327,#1056,#6464,.T.);
#6464 = B_SPLINE_CURVE_WITH_KNOTS('',1,(#6465,#6466),.UNSPECIFIED.,.F.,
  .F.,(2,2),(-0.,1.000000000002E-03),.PIECEWISE_BEZIER_KNOTS.);
#6465 = CARTESIAN_POINT('',(-0.879348061132,2.709983207682,
    3.584423939919));
#6466 = CARTESIAN_POINT('',(-0.879348061132,2.708984074609,
    3.584382309374));
#6467 = ORIENTED_EDGE('',*,*,#1064,.F.);
#6468 = B_SPLINE_SURFACE_WITH_KNOTS('',3,1,(
    (#6469,#6470)
    ,(#6471,#6472)
    ,(#6473,#6474)
    ,(#6475,#6476
    )),.UNSPECIFIED.,.F.,.F.,.F.,(4,4),(2,2),(5.,6.),(0.,1.),
  .PIECEWISE_BEZIER_KNOTS.);
#6469 = CARTESIAN_POINT('',(-0.800178381784,2.711145889839,
    3.556519568153));
#6470 = CARTESIAN_POINT('',(-0.800178381784,2.710146756766,
    3.556477937609));
#6471 = CARTESIAN_POINT('',(-0.83235807996,2.711155391175,3.556291536108
    ));
#6472 = CARTESIAN_POINT('',(-0.83235807996,2.710156258102,3.556249905563
    ));
#6473 = CARTESIAN_POINT('',(-0.858782384997,2.710769283509,
    3.565558120091));
#6474 = CARTESIAN_POINT('',(-0.858782384997,2.709770150436,
    3.565516489546));
#6475 = CARTESIAN_POINT('',(-0.879348061132,2.709983207682,
    3.584423939919));
#6476 = CARTESIAN_POINT('',(-0.879348061132,2.708984074609,
    3.584382309374));
#6477 = ADVANCED_FACE('',(#6478),#6488,.F.);
#6478 = FACE_BOUND('',#6479,.F.);
#6479 = EDGE_LOOP('',(#6480,#6481,#6482,#6487));
#6480 = ORIENTED_EDGE('',*,*,#6463,.F.);
#6481 = ORIENTED_EDGE('',*,*,#6335,.T.);
#6482 = ORIENTED_EDGE('',*,*,#6483,.T.);
#6483 = EDGE_CURVE('',#6336,#1047,#6484,.T.);
#6484 = B_SPLINE_CURVE_WITH_KNOTS('',1,(#6485,#6486),.UNSPECIFIED.,.F.,
  .F.,(2,2),(-0.,1.000000000002E-03),.PIECEWISE_BEZIER_KNOTS.);
#6485 = CARTESIAN_POINT('',(-0.910557723692,2.706836816557,
    3.659937326926));
#6486 = CARTESIAN_POINT('',(-0.910557723692,2.705837683484,
    3.659895696382));
#6487 = ORIENTED_EDGE('',*,*,#1055,.F.);
#6488 = B_SPLINE_SURFACE_WITH_KNOTS('',3,1,(
    (#6489,#6490)
    ,(#6491,#6492)
    ,(#6493,#6494)
    ,(#6495,#6496
    )),.UNSPECIFIED.,.F.,.F.,.F.,(4,4),(2,2),(4.,5.),(0.,1.),
  .PIECEWISE_BEZIER_KNOTS.);
#6489 = CARTESIAN_POINT('',(-0.879348061132,2.709983207682,
    3.584423939919));
#6490 = CARTESIAN_POINT('',(-0.879348061132,2.708984074609,
    3.584382309374));
#6491 = CARTESIAN_POINT('',(-0.899913737268,2.709197131856,
    3.603289759748));
#6492 = CARTESIAN_POINT('',(-0.899913737268,2.708197998783,
    3.603248129203));
#6493 = CARTESIAN_POINT('',(-0.910334286985,2.708148339931,
    3.628460765953));
#6494 = CARTESIAN_POINT('',(-0.910334286985,2.707149206858,
    3.628419135408));
#6495 = CARTESIAN_POINT('',(-0.910557723692,2.706836816557,
    3.659937326926));
#6496 = CARTESIAN_POINT('',(-0.910557723692,2.705837683484,
    3.659895696382));
#6497 = ADVANCED_FACE('',(#6498),#6508,.F.);
#6498 = FACE_BOUND('',#6499,.F.);
#6499 = EDGE_LOOP('',(#6500,#6501,#6502,#6507));
#6500 = ORIENTED_EDGE('',*,*,#6483,.F.);
#6501 = ORIENTED_EDGE('',*,*,#6344,.T.);
#6502 = ORIENTED_EDGE('',*,*,#6503,.T.);
#6503 = EDGE_CURVE('',#6345,#1038,#6504,.T.);
#6504 = B_SPLINE_CURVE_WITH_KNOTS('',1,(#6505,#6506),.UNSPECIFIED.,.F.,
  .F.,(2,2),(-0.,1.000000000002E-03),.PIECEWISE_BEZIER_KNOTS.);
#6505 = CARTESIAN_POINT('',(-0.880397402499,2.703823809131,3.73224950515
    ));
#6506 = CARTESIAN_POINT('',(-0.880397402499,2.702824676058,
    3.732207874605));
#6507 = ORIENTED_EDGE('',*,*,#1046,.F.);
#6508 = B_SPLINE_SURFACE_WITH_KNOTS('',3,1,(
    (#6509,#6510)
    ,(#6511,#6512)
    ,(#6513,#6514)
    ,(#6515,#6516
    )),.UNSPECIFIED.,.F.,.F.,.F.,(4,4),(2,2),(3.,4.),(0.,1.),
  .PIECEWISE_BEZIER_KNOTS.);
#6509 = CARTESIAN_POINT('',(-0.910557723692,2.706836816557,
    3.659937326926));
#6510 = CARTESIAN_POINT('',(-0.910557723692,2.705837683484,
    3.659895696382));
#6511 = CARTESIAN_POINT('',(-0.910771574005,2.705581563163,
    3.690063408386));
#6512 = CARTESIAN_POINT('',(-0.910771574005,2.70458243009,3.690021777841
    ));
#6513 = CARTESIAN_POINT('',(-0.90070055894,2.704578665058,3.71413296291)
  );
#6514 = CARTESIAN_POINT('',(-0.90070055894,2.703579531985,3.714091332365
    ));
#6515 = CARTESIAN_POINT('',(-0.880397402499,2.703823809131,3.73224950515
    ));
#6516 = CARTESIAN_POINT('',(-0.880397402499,2.702824676058,
    3.732207874605));
#6517 = ADVANCED_FACE('',(#6518),#6528,.F.);
#6518 = FACE_BOUND('',#6519,.F.);
#6519 = EDGE_LOOP('',(#6520,#6521,#6522,#6527));
#6520 = ORIENTED_EDGE('',*,*,#6503,.F.);
#6521 = ORIENTED_EDGE('',*,*,#6353,.T.);
#6522 = ORIENTED_EDGE('',*,*,#6523,.T.);
#6523 = EDGE_CURVE('',#6354,#1031,#6524,.T.);
#6524 = B_SPLINE_CURVE_WITH_KNOTS('',1,(#6525,#6526),.UNSPECIFIED.,.F.,
  .F.,(2,2),(-0.,1.000000000001E-03),.PIECEWISE_BEZIER_KNOTS.);
#6525 = CARTESIAN_POINT('',(-0.803700228812,2.702680036099,
    3.759700057933));
#6526 = CARTESIAN_POINT('',(-0.803700228812,2.701680903025,
    3.759658427389));
#6527 = ORIENTED_EDGE('',*,*,#1037,.F.);
#6528 = B_SPLINE_SURFACE_WITH_KNOTS('',3,1,(
    (#6529,#6530)
    ,(#6531,#6532)
    ,(#6533,#6534)
    ,(#6535,#6536
    )),.UNSPECIFIED.,.F.,.F.,.F.,(4,4),(2,2),(2.,3.),(0.,1.),
  .PIECEWISE_BEZIER_KNOTS.);
#6529 = CARTESIAN_POINT('',(-0.880397402499,2.703823809131,3.73224950515
    ));
#6530 = CARTESIAN_POINT('',(-0.880397402499,2.702824676058,
    3.732207874605));
#6531 = CARTESIAN_POINT('',(-0.86009424606,2.703068953205,3.750366047389
    ));
#6532 = CARTESIAN_POINT('',(-0.86009424606,2.702069820132,3.750324416844
    ));
#6533 = CARTESIAN_POINT('',(-0.834528275691,2.702689138347,
    3.759481603971));
#6534 = CARTESIAN_POINT('',(-0.834528275691,2.701690005274,
    3.759439973426));
#6535 = CARTESIAN_POINT('',(-0.803700228812,2.702680036099,
    3.759700057933));
#6536 = CARTESIAN_POINT('',(-0.803700228812,2.701680903025,
    3.759658427389));
#6537 = ADVANCED_FACE('',(#6538),#6548,.F.);
#6538 = FACE_BOUND('',#6539,.T.);
#6539 = EDGE_LOOP('',(#6540,#6541,#6546,#6547));
#6540 = ORIENTED_EDGE('',*,*,#1030,.T.);
#6541 = ORIENTED_EDGE('',*,*,#6542,.F.);
#6542 = EDGE_CURVE('',#6363,#1024,#6543,.T.);
#6543 = B_SPLINE_CURVE_WITH_KNOTS('',1,(#6544,#6545),.UNSPECIFIED.,.F.,
  .F.,(2,2),(-0.,1.000000000002E-03),.PIECEWISE_BEZIER_KNOTS.);
#6544 = CARTESIAN_POINT('',(-0.745683196237,2.702662906066,
    3.760111178713));
#6545 = CARTESIAN_POINT('',(-0.745683196237,2.701663772993,
    3.760069548168));
#6546 = ORIENTED_EDGE('',*,*,#6362,.F.);
#6547 = ORIENTED_EDGE('',*,*,#6523,.T.);
#6548 = B_SPLINE_SURFACE_WITH_KNOTS('',1,1,(
    (#6549,#6550)
    ,(#6551,#6552
    )),.UNSPECIFIED.,.F.,.F.,.F.,(2,2),(2,2),(-1.000000000002E-03,0.),(
    -5.801849172952E-02,2.241365558983E-16),.PIECEWISE_BEZIER_KNOTS.);
#6549 = CARTESIAN_POINT('',(-0.803700228812,2.701680903025,
    3.759658427389));
#6550 = CARTESIAN_POINT('',(-0.745683196237,2.701663772993,
    3.760069548168));
#6551 = CARTESIAN_POINT('',(-0.803700228812,2.702680036099,
    3.759700057933));
#6552 = CARTESIAN_POINT('',(-0.745683196237,2.702662906066,
    3.760111178713));
#6553 = ADVANCED_FACE('',(#6554),#6560,.F.);
#6554 = FACE_BOUND('',#6555,.T.);
#6555 = EDGE_LOOP('',(#6556,#6557,#6558,#6559));
#6556 = ORIENTED_EDGE('',*,*,#1023,.T.);
#6557 = ORIENTED_EDGE('',*,*,#6448,.F.);
#6558 = ORIENTED_EDGE('',*,*,#6369,.F.);
#6559 = ORIENTED_EDGE('',*,*,#6542,.T.);
#6560 = B_SPLINE_SURFACE_WITH_KNOTS('',1,1,(
    (#6561,#6562)
    ,(#6563,#6564
    )),.UNSPECIFIED.,.F.,.F.,.F.,(2,2),(2,2),(-4.16294995262E-05,
    0.203200344599),(-9.465601206156E-03,0.),.PIECEWISE_BEZIER_KNOTS.);
#6561 = CARTESIAN_POINT('',(-0.744243312414,2.701663772993,
    3.556874305163));
#6562 = CARTESIAN_POINT('',(-0.744240517754,2.711129373787,
    3.556874324966));
#6563 = CARTESIAN_POINT('',(-0.745683491225,2.701663772993,
    3.760111176622));
#6564 = CARTESIAN_POINT('',(-0.745680696564,2.711129373787,
    3.760111196426));
#6565 = ADVANCED_FACE('',(#6566),#6588,.T.);
#6566 = FACE_BOUND('',#6567,.T.);
#6567 = EDGE_LOOP('',(#6568,#6577,#6582,#6583));
#6568 = ORIENTED_EDGE('',*,*,#6569,.F.);
#6569 = EDGE_CURVE('',#6570,#6572,#6574,.T.);
#6570 = VERTEX_POINT('',#6571);
#6571 = CARTESIAN_POINT('',(-0.802494578698,2.702654499531,
    3.736292111254));
#6572 = VERTEX_POINT('',#6573);
#6573 = CARTESIAN_POINT('',(-0.771770504996,2.702645427982,
    3.736509828441));
#6574 = B_SPLINE_CURVE_WITH_KNOTS('',1,(#6575,#6576),.UNSPECIFIED.,.F.,
  .F.,(2,2),(-1.104950386868E-16,3.072484642681E-02),
  .PIECEWISE_BEZIER_KNOTS.);
#6575 = CARTESIAN_POINT('',(-0.802494578698,2.702654499531,
    3.736292111254));
#6576 = CARTESIAN_POINT('',(-0.771770504996,2.702645427982,
    3.736509828441));
#6577 = ORIENTED_EDGE('',*,*,#6578,.F.);
#6578 = EDGE_CURVE('',#6386,#6570,#6579,.T.);
#6579 = B_SPLINE_CURVE_WITH_KNOTS('',1,(#6580,#6581),.UNSPECIFIED.,.F.,
  .F.,(2,2),(-0.,1.000000000002E-03),.PIECEWISE_BEZIER_KNOTS.);
#6580 = CARTESIAN_POINT('',(-0.802494578698,2.703653632604,
    3.736333741799));
#6581 = CARTESIAN_POINT('',(-0.802494578698,2.702654499531,
    3.736292111254));
#6582 = ORIENTED_EDGE('',*,*,#6385,.T.);
#6583 = ORIENTED_EDGE('',*,*,#6584,.T.);
#6584 = EDGE_CURVE('',#6377,#6572,#6585,.T.);
#6585 = B_SPLINE_CURVE_WITH_KNOTS('',1,(#6586,#6587),.UNSPECIFIED.,.F.,
  .F.,(2,2),(-0.,9.999999999999E-04),.PIECEWISE_BEZIER_KNOTS.);
#6586 = CARTESIAN_POINT('',(-0.771770504996,2.703644561055,
    3.736551458985));
#6587 = CARTESIAN_POINT('',(-0.771770504996,2.702645427982,
    3.736509828441));
#6588 = B_SPLINE_SURFACE_WITH_KNOTS('',1,1,(
    (#6589,#6590)
    ,(#6591,#6592
    )),.UNSPECIFIED.,.F.,.F.,.F.,(2,2),(2,2),(-1.000000000002E-03,
    1.847161457803E-17),(-1.110196208791E-16,3.072484642681E-02),
  .PIECEWISE_BEZIER_KNOTS.);
#6589 = CARTESIAN_POINT('',(-0.802494578698,2.702654499531,
    3.736292111254));
#6590 = CARTESIAN_POINT('',(-0.771770504996,2.702645427982,
    3.736509828441));
#6591 = CARTESIAN_POINT('',(-0.802494578698,2.703653632604,
    3.736333741799));
#6592 = CARTESIAN_POINT('',(-0.771770504996,2.703644561055,
    3.736551458985));
#6593 = ADVANCED_FACE('',(#6594),#6610,.T.);
#6594 = FACE_BOUND('',#6595,.T.);
#6595 = EDGE_LOOP('',(#6596,#6603,#6604,#6605));
#6596 = ORIENTED_EDGE('',*,*,#6597,.F.);
#6597 = EDGE_CURVE('',#6572,#6598,#6600,.T.);
#6598 = VERTEX_POINT('',#6599);
#6599 = CARTESIAN_POINT('',(-0.770658483364,2.709172745631,
    3.579854204851));
#6600 = B_SPLINE_CURVE_WITH_KNOTS('',1,(#6601,#6602),.UNSPECIFIED.,.F.,
  .F.,(2,2),(0.,0.156795493781),.PIECEWISE_BEZIER_KNOTS.);
#6601 = CARTESIAN_POINT('',(-0.771770504996,2.702645427982,
    3.736509828441));
#6602 = CARTESIAN_POINT('',(-0.770658483364,2.709172745631,
    3.579854204851));
#6603 = ORIENTED_EDGE('',*,*,#6584,.F.);
#6604 = ORIENTED_EDGE('',*,*,#6376,.T.);
#6605 = ORIENTED_EDGE('',*,*,#6606,.T.);
#6606 = EDGE_CURVE('',#6379,#6598,#6607,.T.);
#6607 = B_SPLINE_CURVE_WITH_KNOTS('',1,(#6608,#6609),.UNSPECIFIED.,.F.,
  .F.,(2,2),(-0.,9.999999999999E-04),.PIECEWISE_BEZIER_KNOTS.);
#6608 = CARTESIAN_POINT('',(-0.770658483364,2.710171878704,
    3.579895835396));
#6609 = CARTESIAN_POINT('',(-0.770658483364,2.709172745631,
    3.579854204851));
#6610 = B_SPLINE_SURFACE_WITH_KNOTS('',1,1,(
    (#6611,#6612)
    ,(#6613,#6614
    )),.UNSPECIFIED.,.F.,.F.,.F.,(2,2),(2,2),(-0.156701199876,0.),(
    -9.991331166412E-04,6.527317934056E-03),.PIECEWISE_BEZIER_KNOTS.);
#6611 = CARTESIAN_POINT('',(-0.770660410515,2.702645427982,
    3.579854191195));
#6612 = CARTESIAN_POINT('',(-0.770658188376,2.710171878704,
    3.579854206942));
#6613 = CARTESIAN_POINT('',(-0.771770799984,2.702645427982,
    3.736551456895));
#6614 = CARTESIAN_POINT('',(-0.771768577845,2.710171878704,
    3.736551472642));
#6615 = ADVANCED_FACE('',(#6616),#6632,.T.);
#6616 = FACE_BOUND('',#6617,.T.);
#6617 = EDGE_LOOP('',(#6618,#6625,#6626,#6627));
#6618 = ORIENTED_EDGE('',*,*,#6619,.F.);
#6619 = EDGE_CURVE('',#6598,#6620,#6622,.T.);
#6620 = VERTEX_POINT('',#6621);
#6621 = CARTESIAN_POINT('',(-0.800186865535,2.709181464142,
    3.579644960584));
#6622 = B_SPLINE_CURVE_WITH_KNOTS('',1,(#6623,#6624),.UNSPECIFIED.,.F.,
  .F.,(2,2),(0.,2.952912482302E-02),.PIECEWISE_BEZIER_KNOTS.);
#6623 = CARTESIAN_POINT('',(-0.770658483364,2.709172745631,
    3.579854204851));
#6624 = CARTESIAN_POINT('',(-0.800186865535,2.709181464142,
    3.579644960584));
#6625 = ORIENTED_EDGE('',*,*,#6606,.F.);
#6626 = ORIENTED_EDGE('',*,*,#6428,.T.);
#6627 = ORIENTED_EDGE('',*,*,#6628,.T.);
#6628 = EDGE_CURVE('',#6420,#6620,#6629,.T.);
#6629 = B_SPLINE_CURVE_WITH_KNOTS('',1,(#6630,#6631),.UNSPECIFIED.,.F.,
  .F.,(2,2),(-0.,9.999999999999E-04),.PIECEWISE_BEZIER_KNOTS.);
#6630 = CARTESIAN_POINT('',(-0.800186865535,2.710180597215,
    3.579686591129));
#6631 = CARTESIAN_POINT('',(-0.800186865535,2.709181464142,
    3.579644960584));
#6632 = B_SPLINE_SURFACE_WITH_KNOTS('',1,1,(
    (#6633,#6634)
    ,(#6635,#6636
    )),.UNSPECIFIED.,.F.,.F.,.F.,(2,2),(2,2),(-2.166686570238E-16,
    9.999999999999E-04),(-2.952912482302E-02,0.),
  .PIECEWISE_BEZIER_KNOTS.);
#6633 = CARTESIAN_POINT('',(-0.800186865535,2.710180597215,
    3.579686591129));
#6634 = CARTESIAN_POINT('',(-0.770658483364,2.710171878704,
    3.579895835396));
#6635 = CARTESIAN_POINT('',(-0.800186865535,2.709181464142,
    3.579644960584));
#6636 = CARTESIAN_POINT('',(-0.770658483364,2.709172745631,
    3.579854204851));
#6637 = ADVANCED_FACE('',(#6638),#6656,.T.);
#6638 = FACE_BOUND('',#6639,.T.);
#6639 = EDGE_LOOP('',(#6640,#6649,#6650,#6651));
#6640 = ORIENTED_EDGE('',*,*,#6641,.F.);
#6641 = EDGE_CURVE('',#6620,#6642,#6644,.T.);
#6642 = VERTEX_POINT('',#6643);
#6643 = CARTESIAN_POINT('',(-0.860797700398,2.708316309765,
    3.600408665639));
#6644 = B_SPLINE_CURVE_WITH_KNOTS('',3,(#6645,#6646,#6647,#6648),
  .UNSPECIFIED.,.F.,.F.,(4,4),(2.,3.),.PIECEWISE_BEZIER_KNOTS.);
#6645 = CARTESIAN_POINT('',(-0.800186865535,2.709181464142,
    3.579644960584));
#6646 = CARTESIAN_POINT('',(-0.826024199935,2.70918909284,3.57946187185)
  );
#6647 = CARTESIAN_POINT('',(-0.846245140419,2.708900713164,
    3.586382984071));
#6648 = CARTESIAN_POINT('',(-0.860797700398,2.708316309765,
    3.600408665639));
#6649 = ORIENTED_EDGE('',*,*,#6628,.F.);
#6650 = ORIENTED_EDGE('',*,*,#6419,.T.);
#6651 = ORIENTED_EDGE('',*,*,#6652,.T.);
#6652 = EDGE_CURVE('',#6411,#6642,#6653,.T.);
#6653 = B_SPLINE_CURVE_WITH_KNOTS('',1,(#6654,#6655),.UNSPECIFIED.,.F.,
  .F.,(2,2),(-0.,9.999999999999E-04),.PIECEWISE_BEZIER_KNOTS.);
#6654 = CARTESIAN_POINT('',(-0.860797700398,2.709315442838,
    3.600450296183));
#6655 = CARTESIAN_POINT('',(-0.860797700398,2.708316309765,
    3.600408665639));
#6656 = B_SPLINE_SURFACE_WITH_KNOTS('',3,1,(
    (#6657,#6658)
    ,(#6659,#6660)
    ,(#6661,#6662)
    ,(#6663,#6664
    )),.UNSPECIFIED.,.F.,.F.,.F.,(4,4),(2,2),(2.,3.),(0.,1.),
  .PIECEWISE_BEZIER_KNOTS.);
#6657 = CARTESIAN_POINT('',(-0.800186865535,2.710180597215,
    3.579686591129));
#6658 = CARTESIAN_POINT('',(-0.800186865535,2.709181464142,
    3.579644960584));
#6659 = CARTESIAN_POINT('',(-0.826024199935,2.710188225913,
    3.579503502394));
#6660 = CARTESIAN_POINT('',(-0.826024199935,2.70918909284,3.57946187185)
  );
#6661 = CARTESIAN_POINT('',(-0.846245140419,2.709899846237,
    3.586424614616));
#6662 = CARTESIAN_POINT('',(-0.846245140419,2.708900713164,
    3.586382984071));
#6663 = CARTESIAN_POINT('',(-0.860797700398,2.709315442838,
    3.600450296183));
#6664 = CARTESIAN_POINT('',(-0.860797700398,2.708316309765,
    3.600408665639));
#6665 = ADVANCED_FACE('',(#6666),#6684,.T.);
#6666 = FACE_BOUND('',#6667,.T.);
#6667 = EDGE_LOOP('',(#6668,#6677,#6678,#6679));
#6668 = ORIENTED_EDGE('',*,*,#6669,.F.);
#6669 = EDGE_CURVE('',#6642,#6670,#6672,.T.);
#6670 = VERTEX_POINT('',#6671);
#6671 = CARTESIAN_POINT('',(-0.882947683383,2.705859832124,
    3.659364129025));
#6672 = B_SPLINE_CURVE_WITH_KNOTS('',3,(#6673,#6674,#6675,#6676),
  .UNSPECIFIED.,.F.,.F.,(4,4),(3.,4.),.PIECEWISE_BEZIER_KNOTS.);
#6673 = CARTESIAN_POINT('',(-0.860797700398,2.708316309765,
    3.600408665639));
#6674 = CARTESIAN_POINT('',(-0.87540150955,2.707736250176,3.614330095779
    ));
#6675 = CARTESIAN_POINT('',(-0.882767754153,2.706915976359,
    3.634016667383));
#6676 = CARTESIAN_POINT('',(-0.882947683383,2.705859832124,
    3.659364129025));
#6677 = ORIENTED_EDGE('',*,*,#6652,.F.);
#6678 = ORIENTED_EDGE('',*,*,#6410,.T.);
#6679 = ORIENTED_EDGE('',*,*,#6680,.T.);
#6680 = EDGE_CURVE('',#6402,#6670,#6681,.T.);
#6681 = B_SPLINE_CURVE_WITH_KNOTS('',1,(#6682,#6683),.UNSPECIFIED.,.F.,
  .F.,(2,2),(-0.,9.999999999999E-04),.PIECEWISE_BEZIER_KNOTS.);
#6682 = CARTESIAN_POINT('',(-0.882947683383,2.706858965197,3.65940575957
    ));
#6683 = CARTESIAN_POINT('',(-0.882947683383,2.705859832124,
    3.659364129025));
#6684 = B_SPLINE_SURFACE_WITH_KNOTS('',3,1,(
    (#6685,#6686)
    ,(#6687,#6688)
    ,(#6689,#6690)
    ,(#6691,#6692
    )),.UNSPECIFIED.,.F.,.F.,.F.,(4,4),(2,2),(3.,4.),(0.,1.),
  .PIECEWISE_BEZIER_KNOTS.);
#6685 = CARTESIAN_POINT('',(-0.860797700398,2.709315442838,
    3.600450296183));
#6686 = CARTESIAN_POINT('',(-0.860797700398,2.708316309765,
    3.600408665639));
#6687 = CARTESIAN_POINT('',(-0.87540150955,2.708735383249,3.614371726324
    ));
#6688 = CARTESIAN_POINT('',(-0.87540150955,2.707736250176,3.614330095779
    ));
#6689 = CARTESIAN_POINT('',(-0.882767754153,2.707915109432,
    3.634058297928));
#6690 = CARTESIAN_POINT('',(-0.882767754153,2.706915976359,
    3.634016667383));
#6691 = CARTESIAN_POINT('',(-0.882947683383,2.706858965197,3.65940575957
    ));
#6692 = CARTESIAN_POINT('',(-0.882947683383,2.705859832124,
    3.659364129025));
#6693 = ADVANCED_FACE('',(#6694),#6712,.T.);
#6694 = FACE_BOUND('',#6695,.T.);
#6695 = EDGE_LOOP('',(#6696,#6705,#6706,#6707));
#6696 = ORIENTED_EDGE('',*,*,#6697,.F.);
#6697 = EDGE_CURVE('',#6670,#6698,#6700,.T.);
#6698 = VERTEX_POINT('',#6699);
#6699 = CARTESIAN_POINT('',(-0.861051752586,2.703468265743,
    3.716761722162));
#6700 = B_SPLINE_CURVE_WITH_KNOTS('',3,(#6701,#6702,#6703,#6704),
  .UNSPECIFIED.,.F.,.F.,(4,4),(4.,5.),.PIECEWISE_BEZIER_KNOTS.);
#6701 = CARTESIAN_POINT('',(-0.882947683383,2.705859832124,
    3.659364129025));
#6702 = CARTESIAN_POINT('',(-0.883127612612,2.704803687889,
    3.684711590667));
#6703 = CARTESIAN_POINT('',(-0.875829214818,2.704005056275,
    3.703878749392));
#6704 = CARTESIAN_POINT('',(-0.861051752586,2.703468265743,
    3.716761722162));
#6705 = ORIENTED_EDGE('',*,*,#6680,.F.);
#6706 = ORIENTED_EDGE('',*,*,#6401,.T.);
#6707 = ORIENTED_EDGE('',*,*,#6708,.T.);
#6708 = EDGE_CURVE('',#6393,#6698,#6709,.T.);
#6709 = B_SPLINE_CURVE_WITH_KNOTS('',1,(#6710,#6711),.UNSPECIFIED.,.F.,
  .F.,(2,2),(-4.437042169646E-16,1.E-03),.PIECEWISE_BEZIER_KNOTS.);
#6710 = CARTESIAN_POINT('',(-0.861051752586,2.704467398816,
    3.716803352707));
#6711 = CARTESIAN_POINT('',(-0.861051752586,2.703468265743,
    3.716761722162));
#6712 = B_SPLINE_SURFACE_WITH_KNOTS('',3,1,(
    (#6713,#6714)
    ,(#6715,#6716)
    ,(#6717,#6718)
    ,(#6719,#6720
    )),.UNSPECIFIED.,.F.,.F.,.F.,(4,4),(2,2),(4.,5.),(0.,1.),
  .PIECEWISE_BEZIER_KNOTS.);
#6713 = CARTESIAN_POINT('',(-0.882947683383,2.706858965197,3.65940575957
    ));
#6714 = CARTESIAN_POINT('',(-0.882947683383,2.705859832124,
    3.659364129025));
#6715 = CARTESIAN_POINT('',(-0.883127612612,2.705802820962,
    3.684753221212));
#6716 = CARTESIAN_POINT('',(-0.883127612612,2.704803687889,
    3.684711590667));
#6717 = CARTESIAN_POINT('',(-0.875829214818,2.705004189348,
    3.703920379936));
#6718 = CARTESIAN_POINT('',(-0.875829214818,2.704005056275,
    3.703878749392));
#6719 = CARTESIAN_POINT('',(-0.861051752586,2.704467398816,
    3.716803352707));
#6720 = CARTESIAN_POINT('',(-0.861051752586,2.703468265743,
    3.716761722162));
#6721 = ADVANCED_FACE('',(#6722),#6734,.T.);
#6722 = FACE_BOUND('',#6723,.T.);
#6723 = EDGE_LOOP('',(#6724,#6731,#6732,#6733));
#6724 = ORIENTED_EDGE('',*,*,#6725,.F.);
#6725 = EDGE_CURVE('',#6698,#6570,#6726,.T.);
#6726 = B_SPLINE_CURVE_WITH_KNOTS('',3,(#6727,#6728,#6729,#6730),
  .UNSPECIFIED.,.F.,.F.,(4,4),(5.,6.),.PIECEWISE_BEZIER_KNOTS.);
#6727 = CARTESIAN_POINT('',(-0.861051752586,2.703468265743,
    3.716761722162));
#6728 = CARTESIAN_POINT('',(-0.846274290353,2.702931475211,
    3.729644694931));
#6729 = CARTESIAN_POINT('',(-0.82672032886,2.702661652394,3.736120442541
    ));
#6730 = CARTESIAN_POINT('',(-0.802494578698,2.702654499531,
    3.736292111254));
#6731 = ORIENTED_EDGE('',*,*,#6708,.F.);
#6732 = ORIENTED_EDGE('',*,*,#6392,.T.);
#6733 = ORIENTED_EDGE('',*,*,#6578,.T.);
#6734 = B_SPLINE_SURFACE_WITH_KNOTS('',3,1,(
    (#6735,#6736)
    ,(#6737,#6738)
    ,(#6739,#6740)
    ,(#6741,#6742
    )),.UNSPECIFIED.,.F.,.F.,.F.,(4,4),(2,2),(5.,6.),(0.,1.),
  .PIECEWISE_BEZIER_KNOTS.);
#6735 = CARTESIAN_POINT('',(-0.861051752586,2.704467398816,
    3.716803352707));
#6736 = CARTESIAN_POINT('',(-0.861051752586,2.703468265743,
    3.716761722162));
#6737 = CARTESIAN_POINT('',(-0.846274290353,2.703930608284,
    3.729686325476));
#6738 = CARTESIAN_POINT('',(-0.846274290353,2.702931475211,
    3.729644694931));
#6739 = CARTESIAN_POINT('',(-0.82672032886,2.703660785467,3.736162073086
    ));
#6740 = CARTESIAN_POINT('',(-0.82672032886,2.702661652394,3.736120442541
    ));
#6741 = CARTESIAN_POINT('',(-0.802494578698,2.703653632604,
    3.736333741799));
#6742 = CARTESIAN_POINT('',(-0.802494578698,2.702654499531,
    3.736292111254));
#6743 = ADVANCED_FACE('',(#6744),#6753,.F.);
#6744 = FACE_BOUND('',#6745,.T.);
#6745 = EDGE_LOOP('',(#6746,#6747,#6748,#6749,#6750,#6751,#6752));
#6746 = ORIENTED_EDGE('',*,*,#6725,.T.);
#6747 = ORIENTED_EDGE('',*,*,#6569,.T.);
#6748 = ORIENTED_EDGE('',*,*,#6597,.T.);
#6749 = ORIENTED_EDGE('',*,*,#6619,.T.);
#6750 = ORIENTED_EDGE('',*,*,#6641,.T.);
#6751 = ORIENTED_EDGE('',*,*,#6669,.T.);
#6752 = ORIENTED_EDGE('',*,*,#6697,.T.);
#6753 = B_SPLINE_SURFACE_WITH_KNOTS('',1,1,(
    (#6754,#6755)
    ,(#6756,#6757
    )),.UNSPECIFIED.,.F.,.F.,.F.,(2,2),(2,2),(1.264586575689,
    1.421770799513),(4.366872387388,4.479341516636),
  .PIECEWISE_BEZIER_KNOTS.);
#6754 = CARTESIAN_POINT('',(-0.883127612612,2.702645427982,
    3.736509828441));
#6755 = CARTESIAN_POINT('',(-0.770658483364,2.702645427982,
    3.736509828441));
#6756 = CARTESIAN_POINT('',(-0.883127612612,2.70918909284,3.57946187185)
  );
#6757 = CARTESIAN_POINT('',(-0.770658483364,2.70918909284,3.57946187185)
  );
#6758 = ADVANCED_FACE('',(#6759,#6817),#6865,.F.);
#6759 = FACE_BOUND('',#6760,.T.);
#6760 = EDGE_LOOP('',(#6761,#6770,#6777,#6784,#6791,#6798,#6805,#6812));
#6761 = ORIENTED_EDGE('',*,*,#6762,.T.);
#6762 = EDGE_CURVE('',#6763,#6765,#6767,.T.);
#6763 = VERTEX_POINT('',#6764);
#6764 = CARTESIAN_POINT('',(-1.10409197716,2.711235622966,3.554365973103
    ));
#6765 = VERTEX_POINT('',#6766);
#6766 = CARTESIAN_POINT('',(-1.028074344045,2.702746284504,3.75811009621
    ));
#6767 = B_SPLINE_CURVE_WITH_KNOTS('',1,(#6768,#6769),.UNSPECIFIED.,.F.,
  .F.,(2,2),(-0.217629081495,0.),.PIECEWISE_BEZIER_KNOTS.);
#6768 = CARTESIAN_POINT('',(-1.10409197716,2.711235622966,3.554365973103
    ));
#6769 = CARTESIAN_POINT('',(-1.028074344045,2.702746284504,3.75811009621
    ));
#6770 = ORIENTED_EDGE('',*,*,#6771,.T.);
#6771 = EDGE_CURVE('',#6765,#6772,#6774,.T.);
#6772 = VERTEX_POINT('',#6773);
#6773 = CARTESIAN_POINT('',(-1.000001586345,2.702737995778,
    3.758309025619));
#6774 = B_SPLINE_CURVE_WITH_KNOTS('',1,(#6775,#6776),.UNSPECIFIED.,.F.,
  .F.,(2,2),(-2.807346374184E-02,0.),.PIECEWISE_BEZIER_KNOTS.);
#6775 = CARTESIAN_POINT('',(-1.028074344045,2.702746284504,3.75811009621
    ));
#6776 = CARTESIAN_POINT('',(-1.000001586345,2.702737995778,
    3.758309025619));
#6777 = ORIENTED_EDGE('',*,*,#6778,.T.);
#6778 = EDGE_CURVE('',#6772,#6779,#6781,.T.);
#6779 = VERTEX_POINT('',#6780);
#6780 = CARTESIAN_POINT('',(-0.921099186238,2.711181592757,
    3.555662698142));
#6781 = B_SPLINE_CURVE_WITH_KNOTS('',1,(#6782,#6783),.UNSPECIFIED.,.F.,
  .F.,(2,2),(-0.217629081496,0.),.PIECEWISE_BEZIER_KNOTS.);
#6782 = CARTESIAN_POINT('',(-1.000001586345,2.702737995778,
    3.758309025619));
#6783 = CARTESIAN_POINT('',(-0.921099186238,2.711181592757,
    3.555662698142));
#6784 = ORIENTED_EDGE('',*,*,#6785,.T.);
#6785 = EDGE_CURVE('',#6779,#6786,#6788,.T.);
#6786 = VERTEX_POINT('',#6787);
#6787 = CARTESIAN_POINT('',(-0.950107702526,2.711190157773,
    3.555457137752));
#6788 = B_SPLINE_CURVE_WITH_KNOTS('',1,(#6789,#6790),.UNSPECIFIED.,.F.,
  .F.,(2,2),(-2.900924586545E-02,0.),.PIECEWISE_BEZIER_KNOTS.);
#6789 = CARTESIAN_POINT('',(-0.921099186238,2.711181592757,
    3.555662698142));
#6790 = CARTESIAN_POINT('',(-0.950107702526,2.711190157773,
    3.555457137752));
#6791 = ORIENTED_EDGE('',*,*,#6792,.T.);
#6792 = EDGE_CURVE('',#6786,#6793,#6795,.T.);
#6793 = VERTEX_POINT('',#6794);
#6794 = CARTESIAN_POINT('',(-0.970049176696,2.708880203092,
    3.610896050081));
#6795 = B_SPLINE_CURVE_WITH_KNOTS('',1,(#6796,#6797),.UNSPECIFIED.,.F.,
  .F.,(2,2),(-5.896160855076E-02,0.),.PIECEWISE_BEZIER_KNOTS.);
#6796 = CARTESIAN_POINT('',(-0.950107702526,2.711190157773,
    3.555457137752));
#6797 = CARTESIAN_POINT('',(-0.970049176696,2.708880203092,
    3.610896050081));
#6798 = ORIENTED_EDGE('',*,*,#6799,.T.);
#6799 = EDGE_CURVE('',#6793,#6800,#6802,.T.);
#6800 = VERTEX_POINT('',#6801);
#6801 = CARTESIAN_POINT('',(-1.054735329086,2.708905207414,
    3.610295946363));
#6802 = B_SPLINE_CURVE_WITH_KNOTS('',1,(#6803,#6804),.UNSPECIFIED.,.F.,
  .F.,(2,2),(-8.468828228455E-02,0.),.PIECEWISE_BEZIER_KNOTS.);
#6803 = CARTESIAN_POINT('',(-0.970049176696,2.708880203092,
    3.610896050081));
#6804 = CARTESIAN_POINT('',(-1.054735329086,2.708905207414,
    3.610295946363));
#6805 = ORIENTED_EDGE('',*,*,#6806,.T.);
#6806 = EDGE_CURVE('',#6800,#6807,#6809,.T.);
#6807 = VERTEX_POINT('',#6808);
#6808 = CARTESIAN_POINT('',(-1.075083460873,2.71122705795,3.554571533493
    ));
#6809 = B_SPLINE_CURVE_WITH_KNOTS('',1,(#6810,#6811),.UNSPECIFIED.,.F.,
  .F.,(2,2),(-5.936874301202E-02,0.),.PIECEWISE_BEZIER_KNOTS.);
#6810 = CARTESIAN_POINT('',(-1.054735329086,2.708905207414,
    3.610295946363));
#6811 = CARTESIAN_POINT('',(-1.075083460873,2.71122705795,3.554571533493
    ));
#6812 = ORIENTED_EDGE('',*,*,#6813,.T.);
#6813 = EDGE_CURVE('',#6807,#6763,#6814,.T.);
#6814 = B_SPLINE_CURVE_WITH_KNOTS('',1,(#6815,#6816),.UNSPECIFIED.,.F.,
  .F.,(2,2),(-2.900924586407E-02,0.),.PIECEWISE_BEZIER_KNOTS.);
#6815 = CARTESIAN_POINT('',(-1.075083460873,2.71122705795,3.554571533493
    ));
#6816 = CARTESIAN_POINT('',(-1.10409197716,2.711235622966,3.554365973103
    ));
#6817 = FACE_BOUND('',#6818,.T.);
#6818 = EDGE_LOOP('',(#6819,#6828,#6835,#6844,#6851,#6860));
#6819 = ORIENTED_EDGE('',*,*,#6820,.F.);
#6820 = EDGE_CURVE('',#6821,#6823,#6825,.T.);
#6821 = VERTEX_POINT('',#6822);
#6822 = CARTESIAN_POINT('',(-0.978529999518,2.707926069356,
    3.633795259767));
#6823 = VERTEX_POINT('',#6824);
#6824 = CARTESIAN_POINT('',(-1.046788389995,2.707946223238,
    3.633311566592));
#6825 = B_SPLINE_CURVE_WITH_KNOTS('',1,(#6826,#6827),.UNSPECIFIED.,.F.,
  .F.,(2,2),(0.,6.826010720606E-02),.PIECEWISE_BEZIER_KNOTS.);
#6826 = CARTESIAN_POINT('',(-0.978529999518,2.707926069356,
    3.633795259767));
#6827 = CARTESIAN_POINT('',(-1.046788389995,2.707946223238,
    3.633311566592));
#6828 = ORIENTED_EDGE('',*,*,#6829,.F.);
#6829 = EDGE_CURVE('',#6830,#6821,#6832,.T.);
#6830 = VERTEX_POINT('',#6831);
#6831 = CARTESIAN_POINT('',(-1.009541671983,2.704416010844,
    3.718036664033));
#6832 = B_SPLINE_CURVE_WITH_KNOTS('',1,(#6833,#6834),.UNSPECIFIED.,.F.,
  .F.,(2,2),(1.735122297289E-17,8.983684395963E-02),
  .PIECEWISE_BEZIER_KNOTS.);
#6833 = CARTESIAN_POINT('',(-1.009541671983,2.704416010844,
    3.718036664033));
#6834 = CARTESIAN_POINT('',(-0.978529999518,2.707926069356,
    3.633795259767));
#6835 = ORIENTED_EDGE('',*,*,#6836,.F.);
#6836 = EDGE_CURVE('',#6837,#6830,#6839,.T.);
#6837 = VERTEX_POINT('',#6838);
#6838 = CARTESIAN_POINT('',(-1.012969839474,2.703823994195,
    3.732245063627));
#6839 = B_SPLINE_CURVE_WITH_KNOTS('',3,(#6840,#6841,#6842,#6843),
  .UNSPECIFIED.,.F.,.F.,(4,4),(3.,4.),.PIECEWISE_BEZIER_KNOTS.);
#6840 = CARTESIAN_POINT('',(-1.012969839474,2.703823994195,
    3.732245063627));
#6841 = CARTESIAN_POINT('',(-1.011938586818,2.704079081693,
    3.726122963664));
#6842 = CARTESIAN_POINT('',(-1.01081294738,2.704277868513,3.72135207999)
  );
#6843 = CARTESIAN_POINT('',(-1.009541671983,2.704416010844,
    3.718036664033));
#6844 = ORIENTED_EDGE('',*,*,#6845,.F.);
#6845 = EDGE_CURVE('',#6846,#6837,#6848,.T.);
#6846 = VERTEX_POINT('',#6847);
#6847 = CARTESIAN_POINT('',(-1.013593678535,2.703824178389,
    3.732240642974));
#6848 = B_SPLINE_CURVE_WITH_KNOTS('',1,(#6849,#6850),.UNSPECIFIED.,.F.,
  .F.,(2,2),(-1.311178962089E-19,6.238547504668E-04),
  .PIECEWISE_BEZIER_KNOTS.);
#6849 = CARTESIAN_POINT('',(-1.013593678535,2.703824178389,
    3.732240642974));
#6850 = CARTESIAN_POINT('',(-1.012969839474,2.703823994195,
    3.732245063627));
#6851 = ORIENTED_EDGE('',*,*,#6852,.F.);
#6852 = EDGE_CURVE('',#6853,#6846,#6855,.T.);
#6853 = VERTEX_POINT('',#6854);
#6854 = CARTESIAN_POINT('',(-1.016663834584,2.704418113725,
    3.717986194905));
#6855 = B_SPLINE_CURVE_WITH_KNOTS('',3,(#6856,#6857,#6858,#6859),
  .UNSPECIFIED.,.F.,.F.,(4,4),(1.,2.),.PIECEWISE_BEZIER_KNOTS.);
#6856 = CARTESIAN_POINT('',(-1.016663834584,2.704418113725,
    3.717986194905));
#6857 = CARTESIAN_POINT('',(-1.015695999609,2.704300953665,3.72079803634
    ));
#6858 = CARTESIAN_POINT('',(-1.01468945151,2.704105865976,3.725480140874
    ));
#6859 = CARTESIAN_POINT('',(-1.013593678535,2.703824178389,
    3.732240642974));
#6860 = ORIENTED_EDGE('',*,*,#6861,.F.);
#6861 = EDGE_CURVE('',#6823,#6853,#6862,.T.);
#6862 = B_SPLINE_CURVE_WITH_KNOTS('',1,(#6863,#6864),.UNSPECIFIED.,.F.,
  .F.,(2,2),(0.,8.994292120821E-02),.PIECEWISE_BEZIER_KNOTS.);
#6863 = CARTESIAN_POINT('',(-1.046788389995,2.707946223238,
    3.633311566592));
#6864 = CARTESIAN_POINT('',(-1.016663834584,2.704418113725,
    3.717986194905));
#6865 = B_SPLINE_SURFACE_WITH_KNOTS('',1,1,(
    (#6866,#6867)
    ,(#6868,#6869
    )),.UNSPECIFIED.,.F.,.F.,.F.,(2,2),(2,2),(-1.044788301465,
    -0.840668291821),(-1.10409197716,-0.921099186238),
  .PIECEWISE_BEZIER_KNOTS.);
#6866 = CARTESIAN_POINT('',(-1.10409197716,2.702737995778,3.758309025619
    ));
#6867 = CARTESIAN_POINT('',(-0.921099186238,2.702737995778,
    3.758309025619));
#6868 = CARTESIAN_POINT('',(-1.10409197716,2.711235622966,3.554365973103
    ));
#6869 = CARTESIAN_POINT('',(-0.921099186238,2.711235622966,
    3.554365973103));
#6870 = ADVANCED_FACE('',(#6871),#6885,.F.);
#6871 = FACE_BOUND('',#6872,.T.);
#6872 = EDGE_LOOP('',(#6873,#6874,#6879,#6880));
#6873 = ORIENTED_EDGE('',*,*,#1073,.T.);
#6874 = ORIENTED_EDGE('',*,*,#6875,.F.);
#6875 = EDGE_CURVE('',#6765,#1076,#6876,.T.);
#6876 = B_SPLINE_CURVE_WITH_KNOTS('',1,(#6877,#6878),.UNSPECIFIED.,.F.,
  .F.,(2,2),(-0.,1.000000000002E-03),.PIECEWISE_BEZIER_KNOTS.);
#6877 = CARTESIAN_POINT('',(-1.028074344045,2.702746284504,3.75811009621
    ));
#6878 = CARTESIAN_POINT('',(-1.028074344045,2.701747151431,
    3.758068465665));
#6879 = ORIENTED_EDGE('',*,*,#6762,.F.);
#6880 = ORIENTED_EDGE('',*,*,#6881,.T.);
#6881 = EDGE_CURVE('',#6763,#1074,#6882,.T.);
#6882 = B_SPLINE_CURVE_WITH_KNOTS('',1,(#6883,#6884),.UNSPECIFIED.,.F.,
  .F.,(2,2),(-0.,9.999999999999E-04),.PIECEWISE_BEZIER_KNOTS.);
#6883 = CARTESIAN_POINT('',(-1.10409197716,2.711235622966,3.554365973103
    ));
#6884 = CARTESIAN_POINT('',(-1.10409197716,2.710236489893,3.554324342559
    ));
#6885 = B_SPLINE_SURFACE_WITH_KNOTS('',1,1,(
    (#6886,#6887)
    ,(#6888,#6889
    )),.UNSPECIFIED.,.F.,.F.,.F.,(2,2),(2,2),(-0.,0.217502418538),(
    -9.992387259494E-04,8.490236163852E-03),.PIECEWISE_BEZIER_KNOTS.);
#6886 = CARTESIAN_POINT('',(-1.028060727419,2.701747151431,
    3.758105024604));
#6887 = CARTESIAN_POINT('',(-1.028190040493,2.711235622966,3.75815318814
    ));
#6888 = CARTESIAN_POINT('',(-1.103976280712,2.701747151431,
    3.554281250628));
#6889 = CARTESIAN_POINT('',(-1.104105593786,2.711235622966,
    3.554329414164));
#6890 = ADVANCED_FACE('',(#6891),#6901,.F.);
#6891 = FACE_BOUND('',#6892,.T.);
#6892 = EDGE_LOOP('',(#6893,#6894,#6899,#6900));
#6893 = ORIENTED_EDGE('',*,*,#1124,.T.);
#6894 = ORIENTED_EDGE('',*,*,#6895,.F.);
#6895 = EDGE_CURVE('',#6772,#1118,#6896,.T.);
#6896 = B_SPLINE_CURVE_WITH_KNOTS('',1,(#6897,#6898),.UNSPECIFIED.,.F.,
  .F.,(2,2),(-0.,1.000000000002E-03),.PIECEWISE_BEZIER_KNOTS.);
#6897 = CARTESIAN_POINT('',(-1.000001586345,2.702737995778,
    3.758309025619));
#6898 = CARTESIAN_POINT('',(-1.000001586345,2.701738862705,
    3.758267395074));
#6899 = ORIENTED_EDGE('',*,*,#6771,.F.);
#6900 = ORIENTED_EDGE('',*,*,#6875,.T.);
#6901 = B_SPLINE_SURFACE_WITH_KNOTS('',1,1,(
    (#6902,#6903)
    ,(#6904,#6905
    )),.UNSPECIFIED.,.F.,.F.,.F.,(2,2),(2,2),(-1.000000000002E-03,
    2.588391462495E-16),(-2.807346374184E-02,1.110719201775E-15),
  .PIECEWISE_BEZIER_KNOTS.);
#6902 = CARTESIAN_POINT('',(-1.028074344045,2.701747151431,
    3.758068465665));
#6903 = CARTESIAN_POINT('',(-1.000001586345,2.701738862705,
    3.758267395074));
#6904 = CARTESIAN_POINT('',(-1.028074344045,2.702746284504,3.75811009621
    ));
#6905 = CARTESIAN_POINT('',(-1.000001586345,2.702737995778,
    3.758309025619));
#6906 = ADVANCED_FACE('',(#6907),#6917,.F.);
#6907 = FACE_BOUND('',#6908,.T.);
#6908 = EDGE_LOOP('',(#6909,#6910,#6915,#6916));
#6909 = ORIENTED_EDGE('',*,*,#1117,.T.);
#6910 = ORIENTED_EDGE('',*,*,#6911,.F.);
#6911 = EDGE_CURVE('',#6779,#1111,#6912,.T.);
#6912 = B_SPLINE_CURVE_WITH_KNOTS('',1,(#6913,#6914),.UNSPECIFIED.,.F.,
  .F.,(2,2),(-0.,1.000000000002E-03),.PIECEWISE_BEZIER_KNOTS.);
#6913 = CARTESIAN_POINT('',(-0.921099186238,2.711181592757,
    3.555662698142));
#6914 = CARTESIAN_POINT('',(-0.921099186238,2.710182459683,
    3.555621067597));
#6915 = ORIENTED_EDGE('',*,*,#6778,.F.);
#6916 = ORIENTED_EDGE('',*,*,#6895,.T.);
#6917 = B_SPLINE_SURFACE_WITH_KNOTS('',1,1,(
    (#6918,#6919)
    ,(#6920,#6921
    )),.UNSPECIFIED.,.F.,.F.,.F.,(2,2),(2,2),(-3.880252973535E-05,
    0.217465184656),(-9.443805804253E-03,0.),.PIECEWISE_BEZIER_KNOTS.);
#6918 = CARTESIAN_POINT('',(-0.921217984557,2.701738862705,
    3.555574892434));
#6919 = CARTESIAN_POINT('',(-0.921085128801,2.711181592757,
    3.555626531517));
#6920 = CARTESIAN_POINT('',(-1.000015643782,2.701738862705,3.7583035617)
  );
#6921 = CARTESIAN_POINT('',(-0.999882788027,2.711181592757,
    3.758355200782));
#6922 = ADVANCED_FACE('',(#6923),#6933,.F.);
#6923 = FACE_BOUND('',#6924,.T.);
#6924 = EDGE_LOOP('',(#6925,#6926,#6931,#6932));
#6925 = ORIENTED_EDGE('',*,*,#1110,.T.);
#6926 = ORIENTED_EDGE('',*,*,#6927,.F.);
#6927 = EDGE_CURVE('',#6786,#1104,#6928,.T.);
#6928 = B_SPLINE_CURVE_WITH_KNOTS('',1,(#6929,#6930),.UNSPECIFIED.,.F.,
  .F.,(2,2),(-0.,1.000000000002E-03),.PIECEWISE_BEZIER_KNOTS.);
#6929 = CARTESIAN_POINT('',(-0.950107702526,2.711190157773,
    3.555457137752));
#6930 = CARTESIAN_POINT('',(-0.950107702526,2.7101910247,3.555415507208)
  );
#6931 = ORIENTED_EDGE('',*,*,#6785,.F.);
#6932 = ORIENTED_EDGE('',*,*,#6911,.T.);
#6933 = B_SPLINE_SURFACE_WITH_KNOTS('',1,1,(
    (#6934,#6935)
    ,(#6936,#6937
    )),.UNSPECIFIED.,.F.,.F.,.F.,(2,2),(2,2),(-3.60924811692E-17,
    1.000000000002E-03),(-1.05742738602E-22,2.900924586545E-02),
  .PIECEWISE_BEZIER_KNOTS.);
#6934 = CARTESIAN_POINT('',(-0.950107702526,2.711190157773,
    3.555457137752));
#6935 = CARTESIAN_POINT('',(-0.921099186238,2.711181592757,
    3.555662698142));
#6936 = CARTESIAN_POINT('',(-0.950107702526,2.7101910247,3.555415507208)
  );
#6937 = CARTESIAN_POINT('',(-0.921099186238,2.710182459683,
    3.555621067597));
#6938 = ADVANCED_FACE('',(#6939),#6949,.F.);
#6939 = FACE_BOUND('',#6940,.T.);
#6940 = EDGE_LOOP('',(#6941,#6942,#6947,#6948));
#6941 = ORIENTED_EDGE('',*,*,#1103,.T.);
#6942 = ORIENTED_EDGE('',*,*,#6943,.F.);
#6943 = EDGE_CURVE('',#6793,#1097,#6944,.T.);
#6944 = B_SPLINE_CURVE_WITH_KNOTS('',1,(#6945,#6946),.UNSPECIFIED.,.F.,
  .F.,(2,2),(-0.,1.000000000002E-03),.PIECEWISE_BEZIER_KNOTS.);
#6945 = CARTESIAN_POINT('',(-0.970049176696,2.708880203092,
    3.610896050081));
#6946 = CARTESIAN_POINT('',(-0.970049176696,2.707881070019,
    3.610854419536));
#6947 = ORIENTED_EDGE('',*,*,#6792,.F.);
#6948 = ORIENTED_EDGE('',*,*,#6927,.T.);
#6949 = B_SPLINE_SURFACE_WITH_KNOTS('',1,1,(
    (#6950,#6951)
    ,(#6952,#6953
    )),.UNSPECIFIED.,.F.,.F.,.F.,(2,2),(2,2),(0.,5.895551449107E-02),(
    -9.992321238921E-04,2.310183681746E-03),.PIECEWISE_BEZIER_KNOTS.);
#6950 = CARTESIAN_POINT('',(-0.970062418023,2.707881070019,
    3.610891295407));
#6951 = CARTESIAN_POINT('',(-0.970018563291,2.711190157773,
    3.610907042692));
#6952 = CARTESIAN_POINT('',(-0.950138315931,2.707881070019,
    3.555404514596));
#6953 = CARTESIAN_POINT('',(-0.950094461199,2.711190157773,
    3.555420261882));
#6954 = ADVANCED_FACE('',(#6955),#6965,.F.);
#6955 = FACE_BOUND('',#6956,.T.);
#6956 = EDGE_LOOP('',(#6957,#6958,#6963,#6964));
#6957 = ORIENTED_EDGE('',*,*,#1096,.T.);
#6958 = ORIENTED_EDGE('',*,*,#6959,.F.);
#6959 = EDGE_CURVE('',#6800,#1090,#6960,.T.);
#6960 = B_SPLINE_CURVE_WITH_KNOTS('',1,(#6961,#6962),.UNSPECIFIED.,.F.,
  .F.,(2,2),(-0.,1.000000000001E-03),.PIECEWISE_BEZIER_KNOTS.);
#6961 = CARTESIAN_POINT('',(-1.054735329086,2.708905207414,
    3.610295946363));
#6962 = CARTESIAN_POINT('',(-1.054735329086,2.707906074341,
    3.610254315818));
#6963 = ORIENTED_EDGE('',*,*,#6799,.F.);
#6964 = ORIENTED_EDGE('',*,*,#6943,.T.);
#6965 = B_SPLINE_SURFACE_WITH_KNOTS('',1,1,(
    (#6966,#6967)
    ,(#6968,#6969
    )),.UNSPECIFIED.,.F.,.F.,.F.,(2,2),(2,2),(-6.466880743815E-17,
    1.000000000002E-03),(-2.216461712123E-16,8.468828228455E-02),
  .PIECEWISE_BEZIER_KNOTS.);
#6966 = CARTESIAN_POINT('',(-1.054735329086,2.708905207414,
    3.610295946363));
#6967 = CARTESIAN_POINT('',(-0.970049176696,2.708880203092,
    3.610896050081));
#6968 = CARTESIAN_POINT('',(-1.054735329086,2.707906074341,
    3.610254315818));
#6969 = CARTESIAN_POINT('',(-0.970049176696,2.707881070019,
    3.610854419536));
#6970 = ADVANCED_FACE('',(#6971),#6981,.F.);
#6971 = FACE_BOUND('',#6972,.T.);
#6972 = EDGE_LOOP('',(#6973,#6974,#6979,#6980));
#6973 = ORIENTED_EDGE('',*,*,#1089,.T.);
#6974 = ORIENTED_EDGE('',*,*,#6975,.F.);
#6975 = EDGE_CURVE('',#6807,#1083,#6976,.T.);
#6976 = B_SPLINE_CURVE_WITH_KNOTS('',1,(#6977,#6978),.UNSPECIFIED.,.F.,
  .F.,(2,2),(-0.,1.000000000002E-03),.PIECEWISE_BEZIER_KNOTS.);
#6977 = CARTESIAN_POINT('',(-1.075083460873,2.71122705795,3.554571533493
    ));
#6978 = CARTESIAN_POINT('',(-1.075083460873,2.710227924877,
    3.554529902948));
#6979 = ORIENTED_EDGE('',*,*,#6806,.F.);
#6980 = ORIENTED_EDGE('',*,*,#6959,.T.);
#6981 = B_SPLINE_SURFACE_WITH_KNOTS('',1,1,(
    (#6982,#6983)
    ,(#6984,#6985
    )),.UNSPECIFIED.,.F.,.F.,.F.,(2,2),(2,2),(-3.911295418975E-05,
    5.932331379092E-02),(-3.321321721368E-03,0.),
  .PIECEWISE_BEZIER_KNOTS.);
#6982 = CARTESIAN_POINT('',(-1.075052331829,2.707906074341,
    3.554518555676));
#6983 = CARTESIAN_POINT('',(-1.075096856248,2.71122705795,3.554534785879
    ));
#6984 = CARTESIAN_POINT('',(-1.054721933712,2.707906074341,
    3.610291063432));
#6985 = CARTESIAN_POINT('',(-1.05476645813,2.71122705795,3.610307293636)
  );
#6986 = ADVANCED_FACE('',(#6987),#6993,.F.);
#6987 = FACE_BOUND('',#6988,.T.);
#6988 = EDGE_LOOP('',(#6989,#6990,#6991,#6992));
#6989 = ORIENTED_EDGE('',*,*,#1082,.T.);
#6990 = ORIENTED_EDGE('',*,*,#6881,.F.);
#6991 = ORIENTED_EDGE('',*,*,#6813,.F.);
#6992 = ORIENTED_EDGE('',*,*,#6975,.T.);
#6993 = B_SPLINE_SURFACE_WITH_KNOTS('',1,1,(
    (#6994,#6995)
    ,(#6996,#6997
    )),.UNSPECIFIED.,.F.,.F.,.F.,(2,2),(2,2),(-5.866348266942E-17,
    1.000000000002E-03),(-3.747700793152E-22,2.900924586407E-02),
  .PIECEWISE_BEZIER_KNOTS.);
#6994 = CARTESIAN_POINT('',(-1.10409197716,2.711235622966,3.554365973103
    ));
#6995 = CARTESIAN_POINT('',(-1.075083460873,2.71122705795,3.554571533493
    ));
#6996 = CARTESIAN_POINT('',(-1.10409197716,2.710236489893,3.554324342559
    ));
#6997 = CARTESIAN_POINT('',(-1.075083460873,2.710227924877,
    3.554529902948));
#6998 = ADVANCED_FACE('',(#6999),#7021,.T.);
#6999 = FACE_BOUND('',#7000,.T.);
#7000 = EDGE_LOOP('',(#7001,#7010,#7015,#7016));
#7001 = ORIENTED_EDGE('',*,*,#7002,.F.);
#7002 = EDGE_CURVE('',#7003,#7005,#7007,.T.);
#7003 = VERTEX_POINT('',#7004);
#7004 = CARTESIAN_POINT('',(-0.978529999518,2.706926936282,
    3.633753629222));
#7005 = VERTEX_POINT('',#7006);
#7006 = CARTESIAN_POINT('',(-1.046788389995,2.706947090165,
    3.633269936047));
#7007 = B_SPLINE_CURVE_WITH_KNOTS('',1,(#7008,#7009),.UNSPECIFIED.,.F.,
  .F.,(2,2),(-8.916962653792E-16,6.826010720606E-02),
  .PIECEWISE_BEZIER_KNOTS.);
#7008 = CARTESIAN_POINT('',(-0.978529999518,2.706926936282,
    3.633753629222));
#7009 = CARTESIAN_POINT('',(-1.046788389995,2.706947090165,
    3.633269936047));
#7010 = ORIENTED_EDGE('',*,*,#7011,.F.);
#7011 = EDGE_CURVE('',#6821,#7003,#7012,.T.);
#7012 = B_SPLINE_CURVE_WITH_KNOTS('',1,(#7013,#7014),.UNSPECIFIED.,.F.,
  .F.,(2,2),(-0.,1.000000000001E-03),.PIECEWISE_BEZIER_KNOTS.);
#7013 = CARTESIAN_POINT('',(-0.978529999518,2.707926069356,
    3.633795259767));
#7014 = CARTESIAN_POINT('',(-0.978529999518,2.706926936282,
    3.633753629222));
#7015 = ORIENTED_EDGE('',*,*,#6820,.T.);
#7016 = ORIENTED_EDGE('',*,*,#7017,.T.);
#7017 = EDGE_CURVE('',#6823,#7005,#7018,.T.);
#7018 = B_SPLINE_CURVE_WITH_KNOTS('',1,(#7019,#7020),.UNSPECIFIED.,.F.,
  .F.,(2,2),(-0.,9.999999999999E-04),.PIECEWISE_BEZIER_KNOTS.);
#7019 = CARTESIAN_POINT('',(-1.046788389995,2.707946223238,
    3.633311566592));
#7020 = CARTESIAN_POINT('',(-1.046788389995,2.706947090165,
    3.633269936047));
#7021 = B_SPLINE_SURFACE_WITH_KNOTS('',1,1,(
    (#7022,#7023)
    ,(#7024,#7025
    )),.UNSPECIFIED.,.F.,.F.,.F.,(2,2),(2,2),(-3.328049226185E-16,
    1.000000000001E-03),(-6.826010720606E-02,8.916958683067E-16),
  .PIECEWISE_BEZIER_KNOTS.);
#7022 = CARTESIAN_POINT('',(-1.046788389995,2.707946223238,
    3.633311566592));
#7023 = CARTESIAN_POINT('',(-0.978529999518,2.707926069356,
    3.633795259767));
#7024 = CARTESIAN_POINT('',(-1.046788389995,2.706947090165,
    3.633269936047));
#7025 = CARTESIAN_POINT('',(-0.978529999518,2.706926936282,
    3.633753629222));
#7026 = ADVANCED_FACE('',(#7027),#7043,.T.);
#7027 = FACE_BOUND('',#7028,.T.);
#7028 = EDGE_LOOP('',(#7029,#7036,#7037,#7038));
#7029 = ORIENTED_EDGE('',*,*,#7030,.F.);
#7030 = EDGE_CURVE('',#7005,#7031,#7033,.T.);
#7031 = VERTEX_POINT('',#7032);
#7032 = CARTESIAN_POINT('',(-1.016663834584,2.703418980652,
    3.717944564361));
#7033 = B_SPLINE_CURVE_WITH_KNOTS('',1,(#7034,#7035),.UNSPECIFIED.,.F.,
  .F.,(2,2),(0.,8.994292120821E-02),.PIECEWISE_BEZIER_KNOTS.);
#7034 = CARTESIAN_POINT('',(-1.046788389995,2.706947090165,
    3.633269936047));
#7035 = CARTESIAN_POINT('',(-1.016663834584,2.703418980652,
    3.717944564361));
#7036 = ORIENTED_EDGE('',*,*,#7017,.F.);
#7037 = ORIENTED_EDGE('',*,*,#6861,.T.);
#7038 = ORIENTED_EDGE('',*,*,#7039,.T.);
#7039 = EDGE_CURVE('',#6853,#7031,#7040,.T.);
#7040 = B_SPLINE_CURVE_WITH_KNOTS('',1,(#7041,#7042),.UNSPECIFIED.,.F.,
  .F.,(2,2),(-0.,9.999999999995E-04),.PIECEWISE_BEZIER_KNOTS.);
#7041 = CARTESIAN_POINT('',(-1.016663834584,2.704418113725,
    3.717986194905));
#7042 = CARTESIAN_POINT('',(-1.016663834584,2.703418980652,
    3.717944564361));
#7043 = B_SPLINE_SURFACE_WITH_KNOTS('',1,1,(
    (#7044,#7045)
    ,(#7046,#7047
    )),.UNSPECIFIED.,.F.,.F.,.F.,(2,2),(2,2),(-8.987368412532E-02,
    3.922990798782E-05),(-4.527682734026E-03,0.),
  .PIECEWISE_BEZIER_KNOTS.);
#7044 = CARTESIAN_POINT('',(-1.016650705438,2.703418980652,
    3.717981532065));
#7045 = CARTESIAN_POINT('',(-1.016710195844,2.707946223238,3.71800266019
    ));
#7046 = CARTESIAN_POINT('',(-1.046742028736,2.703418980652,
    3.633253470763));
#7047 = CARTESIAN_POINT('',(-1.046801519142,2.707946223238,
    3.633274598887));
#7048 = ADVANCED_FACE('',(#7049),#7067,.T.);
#7049 = FACE_BOUND('',#7050,.T.);
#7050 = EDGE_LOOP('',(#7051,#7060,#7061,#7062));
#7051 = ORIENTED_EDGE('',*,*,#7052,.F.);
#7052 = EDGE_CURVE('',#7031,#7053,#7055,.T.);
#7053 = VERTEX_POINT('',#7054);
#7054 = CARTESIAN_POINT('',(-1.013593678535,2.702825045315,
    3.732199012429));
#7055 = B_SPLINE_CURVE_WITH_KNOTS('',3,(#7056,#7057,#7058,#7059),
  .UNSPECIFIED.,.F.,.F.,(4,4),(1.,2.),.PIECEWISE_BEZIER_KNOTS.);
#7056 = CARTESIAN_POINT('',(-1.016663834584,2.703418980652,
    3.717944564361));
#7057 = CARTESIAN_POINT('',(-1.015695999609,2.703301820592,
    3.720756405795));
#7058 = CARTESIAN_POINT('',(-1.01468945151,2.703106732903,3.72543851033)
  );
#7059 = CARTESIAN_POINT('',(-1.013593678535,2.702825045315,
    3.732199012429));
#7060 = ORIENTED_EDGE('',*,*,#7039,.F.);
#7061 = ORIENTED_EDGE('',*,*,#6852,.T.);
#7062 = ORIENTED_EDGE('',*,*,#7063,.T.);
#7063 = EDGE_CURVE('',#6846,#7053,#7064,.T.);
#7064 = B_SPLINE_CURVE_WITH_KNOTS('',1,(#7065,#7066),.UNSPECIFIED.,.F.,
  .F.,(2,2),(-0.,9.999999999995E-04),.PIECEWISE_BEZIER_KNOTS.);
#7065 = CARTESIAN_POINT('',(-1.013593678535,2.703824178389,
    3.732240642974));
#7066 = CARTESIAN_POINT('',(-1.013593678535,2.702825045315,
    3.732199012429));
#7067 = B_SPLINE_SURFACE_WITH_KNOTS('',3,1,(
    (#7068,#7069)
    ,(#7070,#7071)
    ,(#7072,#7073)
    ,(#7074,#7075
    )),.UNSPECIFIED.,.F.,.F.,.F.,(4,4),(2,2),(1.,2.),(0.,1.),
  .PIECEWISE_BEZIER_KNOTS.);
#7068 = CARTESIAN_POINT('',(-1.016663834584,2.704418113725,
    3.717986194905));
#7069 = CARTESIAN_POINT('',(-1.016663834584,2.703418980652,
    3.717944564361));
#7070 = CARTESIAN_POINT('',(-1.015695999609,2.704300953665,3.72079803634
    ));
#7071 = CARTESIAN_POINT('',(-1.015695999609,2.703301820592,
    3.720756405795));
#7072 = CARTESIAN_POINT('',(-1.01468945151,2.704105865976,3.725480140874
    ));
#7073 = CARTESIAN_POINT('',(-1.01468945151,2.703106732903,3.72543851033)
  );
#7074 = CARTESIAN_POINT('',(-1.013593678535,2.703824178389,
    3.732240642974));
#7075 = CARTESIAN_POINT('',(-1.013593678535,2.702825045315,
    3.732199012429));
#7076 = ADVANCED_FACE('',(#7077),#7093,.T.);
#7077 = FACE_BOUND('',#7078,.T.);
#7078 = EDGE_LOOP('',(#7079,#7086,#7087,#7088));
#7079 = ORIENTED_EDGE('',*,*,#7080,.F.);
#7080 = EDGE_CURVE('',#7053,#7081,#7083,.T.);
#7081 = VERTEX_POINT('',#7082);
#7082 = CARTESIAN_POINT('',(-1.012969839474,2.702824861122,
    3.732203433082));
#7083 = B_SPLINE_CURVE_WITH_KNOTS('',1,(#7084,#7085),.UNSPECIFIED.,.F.,
  .F.,(2,2),(-1.311178962089E-19,6.238547504668E-04),
  .PIECEWISE_BEZIER_KNOTS.);
#7084 = CARTESIAN_POINT('',(-1.013593678535,2.702825045315,
    3.732199012429));
#7085 = CARTESIAN_POINT('',(-1.012969839474,2.702824861122,
    3.732203433082));
#7086 = ORIENTED_EDGE('',*,*,#7063,.F.);
#7087 = ORIENTED_EDGE('',*,*,#6845,.T.);
#7088 = ORIENTED_EDGE('',*,*,#7089,.T.);
#7089 = EDGE_CURVE('',#6837,#7081,#7090,.T.);
#7090 = B_SPLINE_CURVE_WITH_KNOTS('',1,(#7091,#7092),.UNSPECIFIED.,.F.,
  .F.,(2,2),(-0.,9.999999999999E-04),.PIECEWISE_BEZIER_KNOTS.);
#7091 = CARTESIAN_POINT('',(-1.012969839474,2.703823994195,
    3.732245063627));
#7092 = CARTESIAN_POINT('',(-1.012969839474,2.702824861122,
    3.732203433082));
#7093 = B_SPLINE_SURFACE_WITH_KNOTS('',1,1,(
    (#7094,#7095)
    ,(#7096,#7097
    )),.UNSPECIFIED.,.F.,.F.,.F.,(2,2),(2,2),(-9.999999999997E-04,
    4.437042169646E-16),(-2.627652206256E-19,6.238547504668E-04),
  .PIECEWISE_BEZIER_KNOTS.);
#7094 = CARTESIAN_POINT('',(-1.013593678535,2.702825045315,
    3.732199012429));
#7095 = CARTESIAN_POINT('',(-1.012969839474,2.702824861122,
    3.732203433082));
#7096 = CARTESIAN_POINT('',(-1.013593678535,2.703824178389,
    3.732240642974));
#7097 = CARTESIAN_POINT('',(-1.012969839474,2.703823994195,
    3.732245063627));
#7098 = ADVANCED_FACE('',(#7099),#7117,.T.);
#7099 = FACE_BOUND('',#7100,.T.);
#7100 = EDGE_LOOP('',(#7101,#7110,#7111,#7112));
#7101 = ORIENTED_EDGE('',*,*,#7102,.F.);
#7102 = EDGE_CURVE('',#7081,#7103,#7105,.T.);
#7103 = VERTEX_POINT('',#7104);
#7104 = CARTESIAN_POINT('',(-1.009541671983,2.703416877771,
    3.717995033489));
#7105 = B_SPLINE_CURVE_WITH_KNOTS('',3,(#7106,#7107,#7108,#7109),
  .UNSPECIFIED.,.F.,.F.,(4,4),(3.,4.),.PIECEWISE_BEZIER_KNOTS.);
#7106 = CARTESIAN_POINT('',(-1.012969839474,2.702824861122,
    3.732203433082));
#7107 = CARTESIAN_POINT('',(-1.011938586818,2.70307994862,3.726081333119
    ));
#7108 = CARTESIAN_POINT('',(-1.01081294738,2.70327873544,3.721310449445)
  );
#7109 = CARTESIAN_POINT('',(-1.009541671983,2.703416877771,
    3.717995033489));
#7110 = ORIENTED_EDGE('',*,*,#7089,.F.);
#7111 = ORIENTED_EDGE('',*,*,#6836,.T.);
#7112 = ORIENTED_EDGE('',*,*,#7113,.T.);
#7113 = EDGE_CURVE('',#6830,#7103,#7114,.T.);
#7114 = B_SPLINE_CURVE_WITH_KNOTS('',1,(#7115,#7116),.UNSPECIFIED.,.F.,
  .F.,(2,2),(-4.437042169646E-16,1.E-03),.PIECEWISE_BEZIER_KNOTS.);
#7115 = CARTESIAN_POINT('',(-1.009541671983,2.704416010844,
    3.718036664033));
#7116 = CARTESIAN_POINT('',(-1.009541671983,2.703416877771,
    3.717995033489));
#7117 = B_SPLINE_SURFACE_WITH_KNOTS('',3,1,(
    (#7118,#7119)
    ,(#7120,#7121)
    ,(#7122,#7123)
    ,(#7124,#7125
    )),.UNSPECIFIED.,.F.,.F.,.F.,(4,4),(2,2),(3.,4.),(0.,1.),
  .PIECEWISE_BEZIER_KNOTS.);
#7118 = CARTESIAN_POINT('',(-1.012969839474,2.703823994195,
    3.732245063627));
#7119 = CARTESIAN_POINT('',(-1.012969839474,2.702824861122,
    3.732203433082));
#7120 = CARTESIAN_POINT('',(-1.011938586818,2.704079081693,
    3.726122963664));
#7121 = CARTESIAN_POINT('',(-1.011938586818,2.70307994862,3.726081333119
    ));
#7122 = CARTESIAN_POINT('',(-1.01081294738,2.704277868513,3.72135207999)
  );
#7123 = CARTESIAN_POINT('',(-1.01081294738,2.70327873544,3.721310449445)
  );
#7124 = CARTESIAN_POINT('',(-1.009541671983,2.704416010844,
    3.718036664033));
#7125 = CARTESIAN_POINT('',(-1.009541671983,2.703416877771,
    3.717995033489));
#7126 = ADVANCED_FACE('',(#7127),#7137,.T.);
#7127 = FACE_BOUND('',#7128,.T.);
#7128 = EDGE_LOOP('',(#7129,#7134,#7135,#7136));
#7129 = ORIENTED_EDGE('',*,*,#7130,.F.);
#7130 = EDGE_CURVE('',#7103,#7003,#7131,.T.);
#7131 = B_SPLINE_CURVE_WITH_KNOTS('',1,(#7132,#7133),.UNSPECIFIED.,.F.,
  .F.,(2,2),(0.,8.983684395963E-02),.PIECEWISE_BEZIER_KNOTS.);
#7132 = CARTESIAN_POINT('',(-1.009541671983,2.703416877771,
    3.717995033489));
#7133 = CARTESIAN_POINT('',(-0.978529999518,2.706926936282,
    3.633753629222));
#7134 = ORIENTED_EDGE('',*,*,#7113,.F.);
#7135 = ORIENTED_EDGE('',*,*,#6829,.T.);
#7136 = ORIENTED_EDGE('',*,*,#7011,.T.);
#7137 = B_SPLINE_SURFACE_WITH_KNOTS('',1,1,(
    (#7138,#7139)
    ,(#7140,#7141
    )),.UNSPECIFIED.,.F.,.F.,.F.,(2,2),(2,2),(-8.980730751857E-02,
    1.733797115649E-17),(-9.992362603819E-04,3.510421018798E-03),
  .PIECEWISE_BEZIER_KNOTS.);
#7138 = CARTESIAN_POINT('',(-0.978577351115,2.703416877771,
    3.633736227954));
#7139 = CARTESIAN_POINT('',(-0.978516520955,2.707926069356,
    3.633758582468));
#7140 = CARTESIAN_POINT('',(-1.009555150546,2.703416877771,
    3.718031710788));
#7141 = CARTESIAN_POINT('',(-1.009494320386,2.707926069356,
    3.718054065301));
#7142 = ADVANCED_FACE('',(#7143),#7151,.F.);
#7143 = FACE_BOUND('',#7144,.T.);
#7144 = EDGE_LOOP('',(#7145,#7146,#7147,#7148,#7149,#7150));
#7145 = ORIENTED_EDGE('',*,*,#7130,.T.);
#7146 = ORIENTED_EDGE('',*,*,#7002,.T.);
#7147 = ORIENTED_EDGE('',*,*,#7030,.T.);
#7148 = ORIENTED_EDGE('',*,*,#7052,.T.);
#7149 = ORIENTED_EDGE('',*,*,#7080,.T.);
#7150 = ORIENTED_EDGE('',*,*,#7102,.T.);
#7151 = B_SPLINE_SURFACE_WITH_KNOTS('',1,1,(
    (#7152,#7153)
    ,(#7154,#7155
    )),.UNSPECIFIED.,.F.,.F.,.F.,(2,2),(2,2),(1.268896707616,
    1.367916047182),(4.203211610005,4.271470000482),
  .PIECEWISE_BEZIER_KNOTS.);
#7152 = CARTESIAN_POINT('',(-1.046788389995,2.702824861122,
    3.732203433082));
#7153 = CARTESIAN_POINT('',(-0.978529999518,2.702824861122,
    3.732203433082));
#7154 = CARTESIAN_POINT('',(-1.046788389995,2.706947090165,
    3.633269936047));
#7155 = CARTESIAN_POINT('',(-0.978529999518,2.706947090165,
    3.633269936047));
#7156 = ADVANCED_FACE('',(#7157,#7446),#7471,.F.);
#7157 = FACE_BOUND('',#7158,.T.);
#7158 = EDGE_LOOP('',(#7159,#7170,#7179,#7188,#7197,#7206,#7215,#7224,
    #7233,#7242,#7251,#7260,#7269,#7278,#7285,#7292,#7299,#7308,#7317,
    #7326,#7335,#7344,#7353,#7362,#7371,#7380,#7389,#7396,#7405,#7414,
    #7423,#7430,#7439));
#7159 = ORIENTED_EDGE('',*,*,#7160,.T.);
#7160 = EDGE_CURVE('',#7161,#7163,#7165,.T.);
#7161 = VERTEX_POINT('',#7162);
#7162 = CARTESIAN_POINT('',(0.131906371694,2.702472223639,3.764687556961
    ));
#7163 = VERTEX_POINT('',#7164);
#7164 = CARTESIAN_POINT('',(0.273712037486,2.694544320424,3.954957234131
    ));
#7165 = B_SPLINE_CURVE_WITH_KNOTS('',3,(#7166,#7167,#7168,#7169),
  .UNSPECIFIED.,.F.,.F.,(4,4),(35.,36.),.PIECEWISE_BEZIER_KNOTS.);
#7166 = CARTESIAN_POINT('',(0.131906371694,2.702472223639,3.764687556961
    ));
#7167 = CARTESIAN_POINT('',(0.132736988878,2.698860055836,3.851379584239
    ));
#7168 = CARTESIAN_POINT('',(0.191477479277,2.695652177887,3.928368655002
    ));
#7169 = CARTESIAN_POINT('',(0.273712037486,2.694544320424,3.954957234131
    ));
#7170 = ORIENTED_EDGE('',*,*,#7171,.T.);
#7171 = EDGE_CURVE('',#7163,#7172,#7174,.T.);
#7172 = VERTEX_POINT('',#7173);
#7173 = CARTESIAN_POINT('',(0.350983242238,2.689765804316,4.069641620707
    ));
#7174 = B_SPLINE_CURVE_WITH_KNOTS('',3,(#7175,#7176,#7177,#7178),
  .UNSPECIFIED.,.F.,.F.,(4,4),(0.,1.),.PIECEWISE_BEZIER_KNOTS.);
#7175 = CARTESIAN_POINT('',(0.273712037486,2.694544320424,3.954957234131
    ));
#7176 = CARTESIAN_POINT('',(0.289309818295,2.692733752617,3.998410861486
    ));
#7177 = CARTESIAN_POINT('',(0.316506015283,2.691100356635,4.037612365058
    ));
#7178 = CARTESIAN_POINT('',(0.350983242238,2.689765804316,4.069641620707
    ));
#7179 = ORIENTED_EDGE('',*,*,#7180,.T.);
#7180 = EDGE_CURVE('',#7172,#7181,#7183,.T.);
#7181 = VERTEX_POINT('',#7182);
#7182 = CARTESIAN_POINT('',(0.547099259171,2.686577564315,4.14615938073)
  );
#7183 = B_SPLINE_CURVE_WITH_KNOTS('',3,(#7184,#7185,#7186,#7187),
  .UNSPECIFIED.,.F.,.F.,(4,4),(1.,2.),.PIECEWISE_BEZIER_KNOTS.);
#7184 = CARTESIAN_POINT('',(0.350983242238,2.689765804316,4.069641620707
    ));
#7185 = CARTESIAN_POINT('',(0.405590940165,2.687763122064,4.117705994766
    ));
#7186 = CARTESIAN_POINT('',(0.474801718958,2.686598910792,4.145647065299
    ));
#7187 = CARTESIAN_POINT('',(0.547099259171,2.686577564315,4.14615938073)
  );
#7188 = ORIENTED_EDGE('',*,*,#7189,.T.);
#7189 = EDGE_CURVE('',#7181,#7190,#7192,.T.);
#7190 = VERTEX_POINT('',#7191);
#7191 = CARTESIAN_POINT('',(0.721013308459,2.688873965894,4.091045742833
    ));
#7192 = B_SPLINE_CURVE_WITH_KNOTS('',3,(#7193,#7194,#7195,#7196),
  .UNSPECIFIED.,.F.,.F.,(4,4),(2.,3.),.PIECEWISE_BEZIER_KNOTS.);
#7193 = CARTESIAN_POINT('',(0.547099259171,2.686577564315,4.14615938073)
  );
#7194 = CARTESIAN_POINT('',(0.610721089042,2.686558779418,4.146610218271
    ));
#7195 = CARTESIAN_POINT('',(0.670148650318,2.687384015366,4.12680455552)
  );
#7196 = CARTESIAN_POINT('',(0.721013308459,2.688873965894,4.091045742833
    ));
#7197 = ORIENTED_EDGE('',*,*,#7198,.T.);
#7198 = EDGE_CURVE('',#7190,#7199,#7201,.T.);
#7199 = VERTEX_POINT('',#7200);
#7200 = CARTESIAN_POINT('',(0.785086367102,2.691503792717,4.027929899091
    ));
#7201 = B_SPLINE_CURVE_WITH_KNOTS('',3,(#7202,#7203,#7204,#7205),
  .UNSPECIFIED.,.F.,.F.,(4,4),(3.,4.),.PIECEWISE_BEZIER_KNOTS.);
#7202 = CARTESIAN_POINT('',(0.721013308459,2.688873965894,4.091045742833
    ));
#7203 = CARTESIAN_POINT('',(0.745717545582,2.689589056897,4.073883558778
    ));
#7204 = CARTESIAN_POINT('',(0.766114679312,2.690486015679,4.052356548001
    ));
#7205 = CARTESIAN_POINT('',(0.785086367102,2.691503792717,4.027929899091
    ));
#7206 = ORIENTED_EDGE('',*,*,#7207,.T.);
#7207 = EDGE_CURVE('',#7199,#7208,#7210,.T.);
#7208 = VERTEX_POINT('',#7209);
#7209 = CARTESIAN_POINT('',(0.81832271419,2.691373582017,4.031054955896)
  );
#7210 = B_SPLINE_CURVE_WITH_KNOTS('',3,(#7211,#7212,#7213,#7214),
  .UNSPECIFIED.,.F.,.F.,(4,4),(4.,5.),.PIECEWISE_BEZIER_KNOTS.);
#7211 = CARTESIAN_POINT('',(0.785086367102,2.691503792717,4.027929899091
    ));
#7212 = CARTESIAN_POINT('',(0.796643707266,2.691440181335,4.029456572263
    ));
#7213 = CARTESIAN_POINT('',(0.806755118787,2.69137699745,4.030972985505)
  );
#7214 = CARTESIAN_POINT('',(0.81832271419,2.691373582017,4.031054955896)
  );
#7215 = ORIENTED_EDGE('',*,*,#7216,.T.);
#7216 = EDGE_CURVE('',#7208,#7217,#7219,.T.);
#7217 = VERTEX_POINT('',#7218);
#7218 = CARTESIAN_POINT('',(0.985099306258,2.694213879777,3.962887809644
    ));
#7219 = B_SPLINE_CURVE_WITH_KNOTS('',3,(#7220,#7221,#7222,#7223),
  .UNSPECIFIED.,.F.,.F.,(4,4),(5.,6.),.PIECEWISE_BEZIER_KNOTS.);
#7220 = CARTESIAN_POINT('',(0.81832271419,2.691373582017,4.031054955896)
  );
#7221 = CARTESIAN_POINT('',(0.880498601531,2.691355224046,4.031495547187
    ));
#7222 = CARTESIAN_POINT('',(0.939956914598,2.692361047057,4.007355794938
    ));
#7223 = CARTESIAN_POINT('',(0.985099306258,2.694213879777,3.962887809644
    ));
#7224 = ORIENTED_EDGE('',*,*,#7225,.T.);
#7225 = EDGE_CURVE('',#7217,#7226,#7228,.T.);
#7226 = VERTEX_POINT('',#7227);
#7227 = CARTESIAN_POINT('',(1.054228125234,2.70105612531,3.798673916864)
  );
#7228 = B_SPLINE_CURVE_WITH_KNOTS('',3,(#7229,#7230,#7231,#7232),
  .UNSPECIFIED.,.F.,.F.,(4,4),(6.,7.),.PIECEWISE_BEZIER_KNOTS.);
#7229 = CARTESIAN_POINT('',(0.985099306258,2.694213879777,3.962887809644
    ));
#7230 = CARTESIAN_POINT('',(1.028785524184,2.696006942894,3.919854294831
    ));
#7231 = CARTESIAN_POINT('',(1.05378715175,2.698467709826,3.860795888476)
  );
#7232 = CARTESIAN_POINT('',(1.054228125234,2.70105612531,3.798673916864)
  );
#7233 = ORIENTED_EDGE('',*,*,#7234,.T.);
#7234 = EDGE_CURVE('',#7226,#7235,#7237,.T.);
#7235 = VERTEX_POINT('',#7236);
#7236 = CARTESIAN_POINT('',(0.994616010684,2.707635388409,3.64077160249)
  );
#7237 = B_SPLINE_CURVE_WITH_KNOTS('',3,(#7238,#7239,#7240,#7241),
  .UNSPECIFIED.,.F.,.F.,(4,4),(7.,8.),.PIECEWISE_BEZIER_KNOTS.);
#7238 = CARTESIAN_POINT('',(1.054228125234,2.70105612531,3.798673916864)
  );
#7239 = CARTESIAN_POINT('',(1.0546383332,2.703463954094,3.740886026038)
  );
#7240 = CARTESIAN_POINT('',(1.033349024059,2.70581799202,3.684389115811)
  );
#7241 = CARTESIAN_POINT('',(0.994616010684,2.707635388409,3.64077160249)
  );
#7242 = ORIENTED_EDGE('',*,*,#7243,.T.);
#7243 = EDGE_CURVE('',#7235,#7244,#7246,.T.);
#7244 = VERTEX_POINT('',#7245);
#7245 = CARTESIAN_POINT('',(0.879432195824,2.710558936853,3.570606439833
    ));
#7246 = B_SPLINE_CURVE_WITH_KNOTS('',3,(#7247,#7248,#7249,#7250),
  .UNSPECIFIED.,.F.,.F.,(4,4),(8.,9.),.PIECEWISE_BEZIER_KNOTS.);
#7247 = CARTESIAN_POINT('',(0.994616010684,2.707635388409,3.64077160249)
  );
#7248 = CARTESIAN_POINT('',(0.963051220685,2.709089479047,3.605873427181
    ));
#7249 = CARTESIAN_POINT('',(0.924174620967,2.710064136742,3.582481642485
    ));
#7250 = CARTESIAN_POINT('',(0.879432195824,2.710558936853,3.570606439833
    ));
#7251 = ORIENTED_EDGE('',*,*,#7252,.T.);
#7252 = EDGE_CURVE('',#7244,#7253,#7255,.T.);
#7253 = VERTEX_POINT('',#7254);
#7254 = CARTESIAN_POINT('',(0.742764209092,2.714692803636,3.471393637037
    ));
#7255 = B_SPLINE_CURVE_WITH_KNOTS('',3,(#7256,#7257,#7258,#7259),
  .UNSPECIFIED.,.F.,.F.,(4,4),(9.,10.),.PIECEWISE_BEZIER_KNOTS.);
#7256 = CARTESIAN_POINT('',(0.879432195824,2.710558936853,3.570606439833
    ));
#7257 = CARTESIAN_POINT('',(0.861045040576,2.712972315722,3.512685346977
    ));
#7258 = CARTESIAN_POINT('',(0.806386066543,2.71467401873,3.471844474773)
  );
#7259 = CARTESIAN_POINT('',(0.742764209092,2.714692803636,3.471393637037
    ));
#7260 = ORIENTED_EDGE('',*,*,#7261,.T.);
#7261 = EDGE_CURVE('',#7253,#7262,#7264,.T.);
#7262 = VERTEX_POINT('',#7263);
#7263 = CARTESIAN_POINT('',(0.597143608751,2.708715924628,3.614838733234
    ));
#7264 = B_SPLINE_CURVE_WITH_KNOTS('',3,(#7265,#7266,#7267,#7268),
  .UNSPECIFIED.,.F.,.F.,(4,4),(10.,11.),.PIECEWISE_BEZIER_KNOTS.);
#7265 = CARTESIAN_POINT('',(0.742764209092,2.714692803636,3.471393637037
    ));
#7266 = CARTESIAN_POINT('',(0.663236914858,2.71471628476,3.470830090062)
  );
#7267 = CARTESIAN_POINT('',(0.597707644704,2.712026689206,3.535380383351
    ));
#7268 = CARTESIAN_POINT('',(0.597143608751,2.708715924628,3.614838733234
    ));
#7269 = ORIENTED_EDGE('',*,*,#7270,.T.);
#7270 = EDGE_CURVE('',#7262,#7271,#7273,.T.);
#7271 = VERTEX_POINT('',#7272);
#7272 = CARTESIAN_POINT('',(0.59704105676,2.708113967432,3.629285705941)
  );
#7273 = B_SPLINE_CURVE_WITH_KNOTS('',3,(#7274,#7275,#7276,#7277),
  .UNSPECIFIED.,.F.,.F.,(4,4),(11.,12.),.PIECEWISE_BEZIER_KNOTS.);
#7274 = CARTESIAN_POINT('',(0.597143608751,2.708715924628,3.614838733234
    ));
#7275 = CARTESIAN_POINT('',(0.597112843232,2.708535337928,3.619172814024
    ));
#7276 = CARTESIAN_POINT('',(0.597082077713,2.708354751229,3.623506894814
    ));
#7277 = CARTESIAN_POINT('',(0.59704105676,2.708113967432,3.629285705941)
  );
#7278 = ORIENTED_EDGE('',*,*,#7279,.T.);
#7279 = EDGE_CURVE('',#7271,#7280,#7282,.T.);
#7280 = VERTEX_POINT('',#7281);
#7281 = CARTESIAN_POINT('',(0.393849059466,2.703719254544,3.734758815246
    ));
#7282 = B_SPLINE_CURVE_WITH_KNOTS('',1,(#7283,#7284),.UNSPECIFIED.,.F.,
  .F.,(2,2),(-8.523287992719E-18,0.228977898611),
  .PIECEWISE_BEZIER_KNOTS.);
#7283 = CARTESIAN_POINT('',(0.59704105676,2.708113967432,3.629285705941)
  );
#7284 = CARTESIAN_POINT('',(0.393849059466,2.703719254544,3.734758815246
    ));
#7285 = ORIENTED_EDGE('',*,*,#7286,.T.);
#7286 = EDGE_CURVE('',#7280,#7287,#7289,.T.);
#7287 = VERTEX_POINT('',#7288);
#7288 = CARTESIAN_POINT('',(0.438129986663,2.700515645907,3.811645422532
    ));
#7289 = B_SPLINE_CURVE_WITH_KNOTS('',1,(#7290,#7291),.UNSPECIFIED.,.F.,
  .F.,(2,2),(0.,8.878408642163E-02),.PIECEWISE_BEZIER_KNOTS.);
#7290 = CARTESIAN_POINT('',(0.393849059466,2.703719254544,3.734758815246
    ));
#7291 = CARTESIAN_POINT('',(0.438129986663,2.700515645907,3.811645422532
    ));
#7292 = ORIENTED_EDGE('',*,*,#7293,.T.);
#7293 = EDGE_CURVE('',#7287,#7294,#7296,.T.);
#7294 = VERTEX_POINT('',#7295);
#7295 = CARTESIAN_POINT('',(0.632605252858,2.704672137725,3.711889618908
    ));
#7296 = B_SPLINE_CURVE_WITH_KNOTS('',1,(#7297,#7298),.UNSPECIFIED.,.F.,
  .F.,(2,2),(0.,0.218607241286),.PIECEWISE_BEZIER_KNOTS.);
#7297 = CARTESIAN_POINT('',(0.438129986663,2.700515645907,3.811645422532
    ));
#7298 = CARTESIAN_POINT('',(0.632605252858,2.704672137725,3.711889618908
    ));
#7299 = ORIENTED_EDGE('',*,*,#7300,.T.);
#7300 = EDGE_CURVE('',#7294,#7301,#7303,.T.);
#7301 = VERTEX_POINT('',#7302);
#7302 = CARTESIAN_POINT('',(0.740702886447,2.702593463773,3.761777793744
    ));
#7303 = B_SPLINE_CURVE_WITH_KNOTS('',3,(#7304,#7305,#7306,#7307),
  .UNSPECIFIED.,.F.,.F.,(4,4),(15.,16.),.PIECEWISE_BEZIER_KNOTS.);
#7304 = CARTESIAN_POINT('',(0.632605252858,2.704672137725,3.711889618908
    ));
#7305 = CARTESIAN_POINT('',(0.658416997083,2.703400342655,3.742412700579
    ));
#7306 = CARTESIAN_POINT('',(0.697324362319,2.702606271659,3.761470404486
    ));
#7307 = CARTESIAN_POINT('',(0.740702886447,2.702593463773,3.761777793744
    ));
#7308 = ORIENTED_EDGE('',*,*,#7309,.T.);
#7309 = EDGE_CURVE('',#7301,#7310,#7312,.T.);
#7310 = VERTEX_POINT('',#7311);
#7311 = CARTESIAN_POINT('',(0.877299099714,2.706526250123,3.667390921346
    ));
#7312 = B_SPLINE_CURVE_WITH_KNOTS('',3,(#7313,#7314,#7315,#7316),
  .UNSPECIFIED.,.F.,.F.,(4,4),(16.,17.),.PIECEWISE_BEZIER_KNOTS.);
#7313 = CARTESIAN_POINT('',(0.740702886447,2.702593463773,3.761777793744
    ));
#7314 = CARTESIAN_POINT('',(0.802878787578,2.702575105799,3.762218385133
    ));
#7315 = CARTESIAN_POINT('',(0.856666096285,2.704244789101,3.722145985881
    ));
#7316 = CARTESIAN_POINT('',(0.877299099714,2.706526250123,3.667390921346
    ));
#7317 = ORIENTED_EDGE('',*,*,#7318,.T.);
#7318 = EDGE_CURVE('',#7310,#7319,#7321,.T.);
#7319 = VERTEX_POINT('',#7320);
#7320 = CARTESIAN_POINT('',(0.963112669571,2.700962627688,3.800917859781
    ));
#7321 = B_SPLINE_CURVE_WITH_KNOTS('',3,(#7322,#7323,#7324,#7325),
  .UNSPECIFIED.,.F.,.F.,(4,4),(17.,18.),.PIECEWISE_BEZIER_KNOTS.);
#7322 = CARTESIAN_POINT('',(0.877299099714,2.706526250123,3.667390921346
    ));
#7323 = CARTESIAN_POINT('',(0.927743294638,2.705548175846,3.690864703988
    ));
#7324 = CARTESIAN_POINT('',(0.963533132775,2.703430652422,3.741685266174
    ));
#7325 = CARTESIAN_POINT('',(0.963112669571,2.700962627688,3.800917859781
    ));
#7326 = ORIENTED_EDGE('',*,*,#7327,.T.);
#7327 = EDGE_CURVE('',#7319,#7328,#7330,.T.);
#7328 = VERTEX_POINT('',#7329);
#7329 = CARTESIAN_POINT('',(0.817492069231,2.69498574868,3.944362955978)
  );
#7330 = B_SPLINE_CURVE_WITH_KNOTS('',3,(#7331,#7332,#7333,#7334),
  .UNSPECIFIED.,.F.,.F.,(4,4),(18.,19.),.PIECEWISE_BEZIER_KNOTS.);
#7331 = CARTESIAN_POINT('',(0.963112669571,2.700962627688,3.800917859781
    ));
#7332 = CARTESIAN_POINT('',(0.962548633619,2.69765186311,3.880376209664)
  );
#7333 = CARTESIAN_POINT('',(0.897019363466,2.694962267556,3.944926502953
    ));
#7334 = CARTESIAN_POINT('',(0.817492069231,2.69498574868,3.944362955978)
  );
#7335 = ORIENTED_EDGE('',*,*,#7336,.T.);
#7336 = EDGE_CURVE('',#7328,#7337,#7339,.T.);
#7337 = VERTEX_POINT('',#7338);
#7338 = CARTESIAN_POINT('',(0.741010515624,2.695911311736,3.922149442639
    ));
#7339 = B_SPLINE_CURVE_WITH_KNOTS('',3,(#7340,#7341,#7342,#7343),
  .UNSPECIFIED.,.F.,.F.,(4,4),(19.,20.),.PIECEWISE_BEZIER_KNOTS.);
#7340 = CARTESIAN_POINT('',(0.817492069231,2.69498574868,3.944362955978)
  );
#7341 = CARTESIAN_POINT('',(0.790019009465,2.694993860339,3.944168276153
    ));
#7342 = CARTESIAN_POINT('',(0.762607480934,2.695363146546,3.935305407194
    ));
#7343 = CARTESIAN_POINT('',(0.741010515624,2.695911311736,3.922149442639
    ));
#7344 = ORIENTED_EDGE('',*,*,#7345,.T.);
#7345 = EDGE_CURVE('',#7337,#7346,#7348,.T.);
#7346 = VERTEX_POINT('',#7347);
#7347 = CARTESIAN_POINT('',(0.546268642378,2.690189734415,4.059467298341
    ));
#7348 = B_SPLINE_CURVE_WITH_KNOTS('',3,(#7349,#7350,#7351,#7352),
  .UNSPECIFIED.,.F.,.F.,(4,4),(20.,21.),.PIECEWISE_BEZIER_KNOTS.);
#7349 = CARTESIAN_POINT('',(0.741010515624,2.695911311736,3.922149442639
    ));
#7350 = CARTESIAN_POINT('',(0.712963192834,2.692548466304,4.00285773301)
  );
#7351 = CARTESIAN_POINT('',(0.637363532015,2.690162837858,4.060112815707
    ));
#7352 = CARTESIAN_POINT('',(0.546268642378,2.690189734415,4.059467298341
    ));
#7353 = ORIENTED_EDGE('',*,*,#7354,.T.);
#7354 = EDGE_CURVE('',#7346,#7355,#7357,.T.);
#7355 = VERTEX_POINT('',#7356);
#7356 = CARTESIAN_POINT('',(0.345117429673,2.6977739695,3.877445656308)
  );
#7357 = B_SPLINE_CURVE_WITH_KNOTS('',3,(#7358,#7359,#7360,#7361),
  .UNSPECIFIED.,.F.,.F.,(4,4),(21.,22.),.PIECEWISE_BEZIER_KNOTS.);
#7358 = CARTESIAN_POINT('',(0.546268642378,2.690189734415,4.059467298341
    ));
#7359 = CARTESIAN_POINT('',(0.442160173439,2.690220473344,4.058729564042
    ));
#7360 = CARTESIAN_POINT('',(0.355967161136,2.693556853694,3.978656435641
    ));
#7361 = CARTESIAN_POINT('',(0.345117429673,2.6977739695,3.877445656308)
  );
#7362 = ORIENTED_EDGE('',*,*,#7363,.T.);
#7363 = EDGE_CURVE('',#7355,#7364,#7366,.T.);
#7364 = VERTEX_POINT('',#7365);
#7365 = CARTESIAN_POINT('',(0.33354983427,2.697777384933,3.877363685917)
  );
#7366 = B_SPLINE_CURVE_WITH_KNOTS('',3,(#7367,#7368,#7369,#7370),
  .UNSPECIFIED.,.F.,.F.,(4,4),(22.,23.),.PIECEWISE_BEZIER_KNOTS.);
#7367 = CARTESIAN_POINT('',(0.345117429673,2.6977739695,3.877445656308)
  );
#7368 = CARTESIAN_POINT('',(0.340779588292,2.697775250285,3.87741491746)
  );
#7369 = CARTESIAN_POINT('',(0.337887675652,2.697776104147,3.877394424765
    ));
#7370 = CARTESIAN_POINT('',(0.33354983427,2.697777384933,3.877363685917)
  );
#7371 = ORIENTED_EDGE('',*,*,#7372,.T.);
#7372 = EDGE_CURVE('',#7364,#7373,#7375,.T.);
#7373 = VERTEX_POINT('',#7374);
#7374 = CARTESIAN_POINT('',(0.221565588024,2.702505951103,3.763878097837
    ));
#7375 = B_SPLINE_CURVE_WITH_KNOTS('',3,(#7376,#7377,#7378,#7379),
  .UNSPECIFIED.,.F.,.F.,(4,4),(23.,24.),.PIECEWISE_BEZIER_KNOTS.);
#7376 = CARTESIAN_POINT('',(0.33354983427,2.697777384933,3.877363685917)
  );
#7377 = CARTESIAN_POINT('',(0.271373960719,2.697795742899,3.876923094724
    ));
#7378 = CARTESIAN_POINT('',(0.221124614539,2.699917535619,3.826000069451
    ));
#7379 = CARTESIAN_POINT('',(0.221565588024,2.702505951103,3.763878097837
    ));
#7380 = ORIENTED_EDGE('',*,*,#7381,.T.);
#7381 = EDGE_CURVE('',#7373,#7382,#7384,.T.);
#7382 = VERTEX_POINT('',#7383);
#7383 = CARTESIAN_POINT('',(0.326473962417,2.707170477844,3.651929456052
    ));
#7384 = B_SPLINE_CURVE_WITH_KNOTS('',3,(#7385,#7386,#7387,#7388),
  .UNSPECIFIED.,.F.,.F.,(4,4),(24.,25.),.PIECEWISE_BEZIER_KNOTS.);
#7385 = CARTESIAN_POINT('',(0.221565588024,2.702505951103,3.763878097837
    ));
#7386 = CARTESIAN_POINT('',(0.221986051228,2.704973975836,3.704645504231
    ));
#7387 = CARTESIAN_POINT('',(0.267159180828,2.707007395264,3.655843437954
    ));
#7388 = CARTESIAN_POINT('',(0.326473962417,2.707170477844,3.651929456052
    ));
#7389 = ORIENTED_EDGE('',*,*,#7390,.T.);
#7390 = EDGE_CURVE('',#7382,#7391,#7393,.T.);
#7391 = VERTEX_POINT('',#7392);
#7392 = CARTESIAN_POINT('',(0.391541748609,2.707151266015,3.65239053994)
  );
#7393 = B_SPLINE_CURVE_WITH_KNOTS('',1,(#7394,#7395),.UNSPECIFIED.,.F.,
  .F.,(2,2),(-5.564087303246E-17,6.506942267584E-02),
  .PIECEWISE_BEZIER_KNOTS.);
#7394 = CARTESIAN_POINT('',(0.326473962417,2.707170477844,3.651929456052
    ));
#7395 = CARTESIAN_POINT('',(0.391541748609,2.707151266015,3.65239053994)
  );
#7396 = ORIENTED_EDGE('',*,*,#7397,.T.);
#7397 = EDGE_CURVE('',#7391,#7398,#7400,.T.);
#7398 = VERTEX_POINT('',#7399);
#7399 = CARTESIAN_POINT('',(0.400207176329,2.707088509643,3.653896692862
    ));
#7400 = B_SPLINE_CURVE_WITH_KNOTS('',3,(#7401,#7402,#7403,#7404),
  .UNSPECIFIED.,.F.,.F.,(4,4),(26.,27.),.PIECEWISE_BEZIER_KNOTS.);
#7401 = CARTESIAN_POINT('',(0.391541748609,2.707151266015,3.65239053994)
  );
#7402 = CARTESIAN_POINT('',(0.394433661249,2.707150412153,3.652411032636
    ));
#7403 = CARTESIAN_POINT('',(0.397315318847,2.707089363489,3.653876200557
    ));
#7404 = CARTESIAN_POINT('',(0.400207176329,2.707088509643,3.653896692862
    ));
#7405 = ORIENTED_EDGE('',*,*,#7406,.T.);
#7406 = EDGE_CURVE('',#7398,#7407,#7409,.T.);
#7407 = VERTEX_POINT('',#7408);
#7408 = CARTESIAN_POINT('',(0.445349540214,2.708941341224,3.609428734929
    ));
#7409 = B_SPLINE_CURVE_WITH_KNOTS('',3,(#7410,#7411,#7412,#7413),
  .UNSPECIFIED.,.F.,.F.,(4,4),(27.,28.),.PIECEWISE_BEZIER_KNOTS.);
#7410 = CARTESIAN_POINT('',(0.400207176329,2.707088509643,3.653896692862
    ));
#7411 = CARTESIAN_POINT('',(0.424788351033,2.707081251838,3.654070880186
    ));
#7412 = CARTESIAN_POINT('',(0.445175202141,2.707918015827,3.63398854444)
  );
#7413 = CARTESIAN_POINT('',(0.445349540214,2.708941341224,3.609428734929
    ));
#7414 = ORIENTED_EDGE('',*,*,#7415,.T.);
#7415 = EDGE_CURVE('',#7407,#7416,#7418,.T.);
#7416 = VERTEX_POINT('',#7417);
#7417 = CARTESIAN_POINT('',(0.403734855844,2.710819788576,3.564345998476
    ));
#7418 = B_SPLINE_CURVE_WITH_KNOTS('',3,(#7419,#7420,#7421,#7422),
  .UNSPECIFIED.,.F.,.F.,(4,4),(28.,29.),.PIECEWISE_BEZIER_KNOTS.);
#7419 = CARTESIAN_POINT('',(0.445349540214,2.708941341224,3.609428734929
    ));
#7420 = CARTESIAN_POINT('',(0.445513623243,2.709904471819,3.586313600643
    ));
#7421 = CARTESIAN_POINT('',(0.426859846765,2.710752762893,3.565954614875
    ));
#7422 = CARTESIAN_POINT('',(0.403734855844,2.710819788576,3.564345998476
    ));
#7423 = ORIENTED_EDGE('',*,*,#7424,.T.);
#7424 = EDGE_CURVE('',#7416,#7425,#7427,.T.);
#7425 = VERTEX_POINT('',#7426);
#7426 = CARTESIAN_POINT('',(0.318423791487,2.710844977408,3.563741466502
    ));
#7427 = B_SPLINE_CURVE_WITH_KNOTS('',1,(#7428,#7429),.UNSPECIFIED.,.F.,
  .F.,(2,2),(5.550975513611E-17,8.531320996817E-02),
  .PIECEWISE_BEZIER_KNOTS.);
#7428 = CARTESIAN_POINT('',(0.403734855844,2.710819788576,3.564345998476
    ));
#7429 = CARTESIAN_POINT('',(0.318423791487,2.710844977408,3.563741466502
    ));
#7430 = ORIENTED_EDGE('',*,*,#7431,.T.);
#7431 = EDGE_CURVE('',#7425,#7432,#7434,.T.);
#7432 = VERTEX_POINT('',#7433);
#7433 = CARTESIAN_POINT('',(0.186380806402,2.708175020606,3.627820429751
    ));
#7434 = B_SPLINE_CURVE_WITH_KNOTS('',3,(#7435,#7436,#7437,#7438),
  .UNSPECIFIED.,.F.,.F.,(4,4),(33.,34.),.PIECEWISE_BEZIER_KNOTS.);
#7435 = CARTESIAN_POINT('',(0.318423791487,2.710844977408,3.563741466502
    ));
#7436 = CARTESIAN_POINT('',(0.267784747819,2.710679333242,3.56771692649)
  );
#7437 = CARTESIAN_POINT('',(0.221350227629,2.709729862099,3.590504233932
    ));
#7438 = CARTESIAN_POINT('',(0.186380806402,2.708175020606,3.627820429751
    ));
#7439 = ORIENTED_EDGE('',*,*,#7440,.T.);
#7440 = EDGE_CURVE('',#7432,#7161,#7441,.T.);
#7441 = B_SPLINE_CURVE_WITH_KNOTS('',3,(#7442,#7443,#7444,#7445),
  .UNSPECIFIED.,.F.,.F.,(4,4),(34.,35.),.PIECEWISE_BEZIER_KNOTS.);
#7442 = CARTESIAN_POINT('',(0.186380806402,2.708175020606,3.627820429751
    ));
#7443 = CARTESIAN_POINT('',(0.151411330015,2.70662017913,3.665136625179)
  );
#7444 = CARTESIAN_POINT('',(0.132265303664,2.704579073825,3.71412315249)
  );
#7445 = CARTESIAN_POINT('',(0.131906371694,2.702472223639,3.764687556961
    ));
#7446 = FACE_BOUND('',#7447,.T.);
#7447 = EDGE_LOOP('',(#7448,#7462));
#7448 = ORIENTED_EDGE('',*,*,#7449,.F.);
#7449 = EDGE_CURVE('',#7450,#7452,#7454,.T.);
#7450 = VERTEX_POINT('',#7451);
#7451 = CARTESIAN_POINT('',(0.743594854246,2.711080638121,3.558085609399
    ));
#7452 = VERTEX_POINT('',#7453);
#7453 = CARTESIAN_POINT('',(0.742794948401,2.706385370154,3.670772040595
    ));
#7454 = B_SPLINE_CURVE_WITH_KNOTS('',3,(#7455,#7456,#7457,#7458,#7459,
    #7460,#7461),.UNSPECIFIED.,.F.,.F.,(4,3,4),(0.,1.,2.),
  .PIECEWISE_BEZIER_KNOTS.);
#7455 = CARTESIAN_POINT('',(0.743594854246,2.711080638121,3.558085609399
    ));
#7456 = CARTESIAN_POINT('',(0.7117839531,2.711090030566,3.557860190727)
  );
#7457 = CARTESIAN_POINT('',(0.687018184499,2.710013763581,3.583690598361
    ));
#7458 = CARTESIAN_POINT('',(0.686802825473,2.708749654387,3.614029219));
#7459 = CARTESIAN_POINT('',(0.686577211014,2.707425348097,3.645812569975
    ));
#7460 = CARTESIAN_POINT('',(0.712429975995,2.706394335676,3.670556868075
    ));
#7461 = CARTESIAN_POINT('',(0.742794948401,2.706385370154,3.670772040595
    ));
#7462 = ORIENTED_EDGE('',*,*,#7463,.F.);
#7463 = EDGE_CURVE('',#7452,#7450,#7464,.T.);
#7464 = B_SPLINE_CURVE_WITH_KNOTS('',3,(#7465,#7466,#7467,#7468,#7469,
    #7470),.UNSPECIFIED.,.F.,.F.,(4,2,4),(2.,3.,4.),.UNSPECIFIED.);
#7465 = CARTESIAN_POINT('',(0.742794948401,2.706385370154,3.670772040595
    ));
#7466 = CARTESIAN_POINT('',(0.773159920806,2.706376404633,3.670987213115
    ));
#7467 = CARTESIAN_POINT('',(0.799361362715,2.707392047597,3.64661178197)
  );
#7468 = CARTESIAN_POINT('',(0.799812591633,2.710040660178,3.583045080019
    ));
#7469 = CARTESIAN_POINT('',(0.773959826651,2.711071672599,3.55830078192)
  );
#7470 = CARTESIAN_POINT('',(0.743594854246,2.711080638121,3.558085609399
    ));
#7471 = B_SPLINE_SURFACE_WITH_KNOTS('',1,1,(
    (#7472,#7473)
    ,(#7474,#7475
    )),.UNSPECIFIED.,.F.,.F.,.F.,(2,2),(2,2),(-0.264478313035,
    0.411888175482),(-4.037635501153E-02,0.882355606494),
  .PIECEWISE_BEZIER_KNOTS.);
#7472 = CARTESIAN_POINT('',(0.131906371694,2.686558779418,4.146610218271
    ));
#7473 = CARTESIAN_POINT('',(1.0546383332,2.686558779418,4.146610218271)
  );
#7474 = CARTESIAN_POINT('',(0.131906371694,2.71471628476,3.470830090062)
  );
#7475 = CARTESIAN_POINT('',(1.0546383332,2.71471628476,3.470830090062));
#7476 = ADVANCED_FACE('',(#7477),#7491,.F.);
#7477 = FACE_BOUND('',#7478,.F.);
#7478 = EDGE_LOOP('',(#7479,#7484,#7485,#7490));
#7479 = ORIENTED_EDGE('',*,*,#7480,.F.);
#7480 = EDGE_CURVE('',#7161,#1132,#7481,.T.);
#7481 = B_SPLINE_CURVE_WITH_KNOTS('',1,(#7482,#7483),.UNSPECIFIED.,.F.,
  .F.,(2,2),(-0.,9.999999999999E-04),.PIECEWISE_BEZIER_KNOTS.);
#7482 = CARTESIAN_POINT('',(0.131906371694,2.702472223639,3.764687556961
    ));
#7483 = CARTESIAN_POINT('',(0.131906371694,2.701473090566,3.764645926416
    ));
#7484 = ORIENTED_EDGE('',*,*,#7160,.T.);
#7485 = ORIENTED_EDGE('',*,*,#7486,.T.);
#7486 = EDGE_CURVE('',#7163,#1134,#7487,.T.);
#7487 = B_SPLINE_CURVE_WITH_KNOTS('',1,(#7488,#7489),.UNSPECIFIED.,.F.,
  .F.,(2,2),(-0.,1.000000000002E-03),.PIECEWISE_BEZIER_KNOTS.);
#7488 = CARTESIAN_POINT('',(0.273712037486,2.694544320424,3.954957234131
    ));
#7489 = CARTESIAN_POINT('',(0.273712037486,2.693545187351,3.954915603586
    ));
#7490 = ORIENTED_EDGE('',*,*,#1131,.F.);
#7491 = B_SPLINE_SURFACE_WITH_KNOTS('',3,1,(
    (#7492,#7493)
    ,(#7494,#7495)
    ,(#7496,#7497)
    ,(#7498,#7499
    )),.UNSPECIFIED.,.F.,.F.,.F.,(4,4),(2,2),(35.,36.),(0.,1.),
  .PIECEWISE_BEZIER_KNOTS.);
#7492 = CARTESIAN_POINT('',(0.131906371694,2.702472223639,3.764687556961
    ));
#7493 = CARTESIAN_POINT('',(0.131906371694,2.701473090566,3.764645926416
    ));
#7494 = CARTESIAN_POINT('',(0.132736988878,2.698860055836,3.851379584239
    ));
#7495 = CARTESIAN_POINT('',(0.132736988878,2.697860922763,3.851337953694
    ));
#7496 = CARTESIAN_POINT('',(0.191477479277,2.695652177887,3.928368655002
    ));
#7497 = CARTESIAN_POINT('',(0.191477479277,2.694653044814,3.928327024457
    ));
#7498 = CARTESIAN_POINT('',(0.273712037486,2.694544320424,3.954957234131
    ));
#7499 = CARTESIAN_POINT('',(0.273712037486,2.693545187351,3.954915603586
    ));
#7500 = ADVANCED_FACE('',(#7501),#7511,.F.);
#7501 = FACE_BOUND('',#7502,.F.);
#7502 = EDGE_LOOP('',(#7503,#7504,#7505,#7510));
#7503 = ORIENTED_EDGE('',*,*,#7486,.F.);
#7504 = ORIENTED_EDGE('',*,*,#7171,.T.);
#7505 = ORIENTED_EDGE('',*,*,#7506,.T.);
#7506 = EDGE_CURVE('',#7172,#1403,#7507,.T.);
#7507 = B_SPLINE_CURVE_WITH_KNOTS('',1,(#7508,#7509),.UNSPECIFIED.,.F.,
  .F.,(2,2),(-0.,1.000000000002E-03),.PIECEWISE_BEZIER_KNOTS.);
#7508 = CARTESIAN_POINT('',(0.350983242238,2.689765804316,4.069641620707
    ));
#7509 = CARTESIAN_POINT('',(0.350983242238,2.688766671243,4.069599990163
    ));
#7510 = ORIENTED_EDGE('',*,*,#1411,.F.);
#7511 = B_SPLINE_SURFACE_WITH_KNOTS('',3,1,(
    (#7512,#7513)
    ,(#7514,#7515)
    ,(#7516,#7517)
    ,(#7518,#7519
    )),.UNSPECIFIED.,.F.,.F.,.F.,(4,4),(2,2),(0.,1.),(0.,1.),
  .PIECEWISE_BEZIER_KNOTS.);
#7512 = CARTESIAN_POINT('',(0.273712037486,2.694544320424,3.954957234131
    ));
#7513 = CARTESIAN_POINT('',(0.273712037486,2.693545187351,3.954915603586
    ));
#7514 = CARTESIAN_POINT('',(0.289309818295,2.692733752617,3.998410861486
    ));
#7515 = CARTESIAN_POINT('',(0.289309818295,2.691734619544,3.998369230941
    ));
#7516 = CARTESIAN_POINT('',(0.316506015283,2.691100356635,4.037612365058
    ));
#7517 = CARTESIAN_POINT('',(0.316506015283,2.690101223562,4.037570734514
    ));
#7518 = CARTESIAN_POINT('',(0.350983242238,2.689765804316,4.069641620707
    ));
#7519 = CARTESIAN_POINT('',(0.350983242238,2.688766671243,4.069599990163
    ));
#7520 = ADVANCED_FACE('',(#7521),#7531,.F.);
#7521 = FACE_BOUND('',#7522,.F.);
#7522 = EDGE_LOOP('',(#7523,#7524,#7525,#7530));
#7523 = ORIENTED_EDGE('',*,*,#7506,.F.);
#7524 = ORIENTED_EDGE('',*,*,#7180,.T.);
#7525 = ORIENTED_EDGE('',*,*,#7526,.T.);
#7526 = EDGE_CURVE('',#7181,#1394,#7527,.T.);
#7527 = B_SPLINE_CURVE_WITH_KNOTS('',1,(#7528,#7529),.UNSPECIFIED.,.F.,
  .F.,(2,2),(-0.,1.000000000003E-03),.PIECEWISE_BEZIER_KNOTS.);
#7528 = CARTESIAN_POINT('',(0.547099259171,2.686577564315,4.14615938073)
  );
#7529 = CARTESIAN_POINT('',(0.547099259171,2.685578431242,4.146117750185
    ));
#7530 = ORIENTED_EDGE('',*,*,#1402,.F.);
#7531 = B_SPLINE_SURFACE_WITH_KNOTS('',3,1,(
    (#7532,#7533)
    ,(#7534,#7535)
    ,(#7536,#7537)
    ,(#7538,#7539
    )),.UNSPECIFIED.,.F.,.F.,.F.,(4,4),(2,2),(1.,2.),(0.,1.),
  .PIECEWISE_BEZIER_KNOTS.);
#7532 = CARTESIAN_POINT('',(0.350983242238,2.689765804316,4.069641620707
    ));
#7533 = CARTESIAN_POINT('',(0.350983242238,2.688766671243,4.069599990163
    ));
#7534 = CARTESIAN_POINT('',(0.405590940165,2.687763122064,4.117705994766
    ));
#7535 = CARTESIAN_POINT('',(0.405590940165,2.686763988991,4.117664364221
    ));
#7536 = CARTESIAN_POINT('',(0.474801718958,2.686598910792,4.145647065299
    ));
#7537 = CARTESIAN_POINT('',(0.474801718958,2.685599777719,4.145605434754
    ));
#7538 = CARTESIAN_POINT('',(0.547099259171,2.686577564315,4.14615938073)
  );
#7539 = CARTESIAN_POINT('',(0.547099259171,2.685578431242,4.146117750185
    ));
#7540 = ADVANCED_FACE('',(#7541),#7551,.F.);
#7541 = FACE_BOUND('',#7542,.F.);
#7542 = EDGE_LOOP('',(#7543,#7544,#7545,#7550));
#7543 = ORIENTED_EDGE('',*,*,#7526,.F.);
#7544 = ORIENTED_EDGE('',*,*,#7189,.T.);
#7545 = ORIENTED_EDGE('',*,*,#7546,.T.);
#7546 = EDGE_CURVE('',#7190,#1385,#7547,.T.);
#7547 = B_SPLINE_CURVE_WITH_KNOTS('',1,(#7548,#7549),.UNSPECIFIED.,.F.,
  .F.,(2,2),(-0.,1.000000000002E-03),.PIECEWISE_BEZIER_KNOTS.);
#7548 = CARTESIAN_POINT('',(0.721013308459,2.688873965894,4.091045742833
    ));
#7549 = CARTESIAN_POINT('',(0.721013308459,2.687874832821,4.091004112289
    ));
#7550 = ORIENTED_EDGE('',*,*,#1393,.F.);
#7551 = B_SPLINE_SURFACE_WITH_KNOTS('',3,1,(
    (#7552,#7553)
    ,(#7554,#7555)
    ,(#7556,#7557)
    ,(#7558,#7559
    )),.UNSPECIFIED.,.F.,.F.,.F.,(4,4),(2,2),(2.,3.),(0.,1.),
  .PIECEWISE_BEZIER_KNOTS.);
#7552 = CARTESIAN_POINT('',(0.547099259171,2.686577564315,4.14615938073)
  );
#7553 = CARTESIAN_POINT('',(0.547099259171,2.685578431242,4.146117750185
    ));
#7554 = CARTESIAN_POINT('',(0.610721089042,2.686558779418,4.146610218271
    ));
#7555 = CARTESIAN_POINT('',(0.610721089042,2.685559646345,4.146568587726
    ));
#7556 = CARTESIAN_POINT('',(0.670148650318,2.687384015366,4.12680455552)
  );
#7557 = CARTESIAN_POINT('',(0.670148650318,2.686384882293,4.126762924975
    ));
#7558 = CARTESIAN_POINT('',(0.721013308459,2.688873965894,4.091045742833
    ));
#7559 = CARTESIAN_POINT('',(0.721013308459,2.687874832821,4.091004112289
    ));
#7560 = ADVANCED_FACE('',(#7561),#7571,.F.);
#7561 = FACE_BOUND('',#7562,.F.);
#7562 = EDGE_LOOP('',(#7563,#7564,#7565,#7570));
#7563 = ORIENTED_EDGE('',*,*,#7546,.F.);
#7564 = ORIENTED_EDGE('',*,*,#7198,.T.);
#7565 = ORIENTED_EDGE('',*,*,#7566,.T.);
#7566 = EDGE_CURVE('',#7199,#1376,#7567,.T.);
#7567 = B_SPLINE_CURVE_WITH_KNOTS('',1,(#7568,#7569),.UNSPECIFIED.,.F.,
  .F.,(2,2),(-0.,1.000000000002E-03),.PIECEWISE_BEZIER_KNOTS.);
#7568 = CARTESIAN_POINT('',(0.785086367102,2.691503792717,4.027929899091
    ));
#7569 = CARTESIAN_POINT('',(0.785086367102,2.690504659644,4.027888268546
    ));
#7570 = ORIENTED_EDGE('',*,*,#1384,.F.);
#7571 = B_SPLINE_SURFACE_WITH_KNOTS('',3,1,(
    (#7572,#7573)
    ,(#7574,#7575)
    ,(#7576,#7577)
    ,(#7578,#7579
    )),.UNSPECIFIED.,.F.,.F.,.F.,(4,4),(2,2),(3.,4.),(0.,1.),
  .PIECEWISE_BEZIER_KNOTS.);
#7572 = CARTESIAN_POINT('',(0.721013308459,2.688873965894,4.091045742833
    ));
#7573 = CARTESIAN_POINT('',(0.721013308459,2.687874832821,4.091004112289
    ));
#7574 = CARTESIAN_POINT('',(0.745717545582,2.689589056897,4.073883558778
    ));
#7575 = CARTESIAN_POINT('',(0.745717545582,2.688589923824,4.073841928233
    ));
#7576 = CARTESIAN_POINT('',(0.766114679312,2.690486015679,4.052356548001
    ));
#7577 = CARTESIAN_POINT('',(0.766114679312,2.689486882606,4.052314917457
    ));
#7578 = CARTESIAN_POINT('',(0.785086367102,2.691503792717,4.027929899091
    ));
#7579 = CARTESIAN_POINT('',(0.785086367102,2.690504659644,4.027888268546
    ));
#7580 = ADVANCED_FACE('',(#7581),#7591,.F.);
#7581 = FACE_BOUND('',#7582,.F.);
#7582 = EDGE_LOOP('',(#7583,#7584,#7585,#7590));
#7583 = ORIENTED_EDGE('',*,*,#7566,.F.);
#7584 = ORIENTED_EDGE('',*,*,#7207,.T.);
#7585 = ORIENTED_EDGE('',*,*,#7586,.T.);
#7586 = EDGE_CURVE('',#7208,#1367,#7587,.T.);
#7587 = B_SPLINE_CURVE_WITH_KNOTS('',1,(#7588,#7589),.UNSPECIFIED.,.F.,
  .F.,(2,2),(-0.,1.000000000002E-03),.PIECEWISE_BEZIER_KNOTS.);
#7588 = CARTESIAN_POINT('',(0.81832271419,2.691373582017,4.031054955896)
  );
#7589 = CARTESIAN_POINT('',(0.81832271419,2.690374448944,4.031013325351)
  );
#7590 = ORIENTED_EDGE('',*,*,#1375,.F.);
#7591 = B_SPLINE_SURFACE_WITH_KNOTS('',3,1,(
    (#7592,#7593)
    ,(#7594,#7595)
    ,(#7596,#7597)
    ,(#7598,#7599
    )),.UNSPECIFIED.,.F.,.F.,.F.,(4,4),(2,2),(4.,5.),(0.,1.),
  .PIECEWISE_BEZIER_KNOTS.);
#7592 = CARTESIAN_POINT('',(0.785086367102,2.691503792717,4.027929899091
    ));
#7593 = CARTESIAN_POINT('',(0.785086367102,2.690504659644,4.027888268546
    ));
#7594 = CARTESIAN_POINT('',(0.796643707266,2.691440181335,4.029456572263
    ));
#7595 = CARTESIAN_POINT('',(0.796643707266,2.690441048262,4.029414941718
    ));
#7596 = CARTESIAN_POINT('',(0.806755118787,2.69137699745,4.030972985505)
  );
#7597 = CARTESIAN_POINT('',(0.806755118787,2.690377864377,4.03093135496)
  );
#7598 = CARTESIAN_POINT('',(0.81832271419,2.691373582017,4.031054955896)
  );
#7599 = CARTESIAN_POINT('',(0.81832271419,2.690374448944,4.031013325351)
  );
#7600 = ADVANCED_FACE('',(#7601),#7611,.F.);
#7601 = FACE_BOUND('',#7602,.F.);
#7602 = EDGE_LOOP('',(#7603,#7604,#7605,#7610));
#7603 = ORIENTED_EDGE('',*,*,#7586,.F.);
#7604 = ORIENTED_EDGE('',*,*,#7216,.T.);
#7605 = ORIENTED_EDGE('',*,*,#7606,.T.);
#7606 = EDGE_CURVE('',#7217,#1358,#7607,.T.);
#7607 = B_SPLINE_CURVE_WITH_KNOTS('',1,(#7608,#7609),.UNSPECIFIED.,.F.,
  .F.,(2,2),(-0.,1.000000000003E-03),.PIECEWISE_BEZIER_KNOTS.);
#7608 = CARTESIAN_POINT('',(0.985099306258,2.694213879777,3.962887809644
    ));
#7609 = CARTESIAN_POINT('',(0.985099306258,2.693214746704,3.962846179099
    ));
#7610 = ORIENTED_EDGE('',*,*,#1366,.F.);
#7611 = B_SPLINE_SURFACE_WITH_KNOTS('',3,1,(
    (#7612,#7613)
    ,(#7614,#7615)
    ,(#7616,#7617)
    ,(#7618,#7619
    )),.UNSPECIFIED.,.F.,.F.,.F.,(4,4),(2,2),(5.,6.),(0.,1.),
  .PIECEWISE_BEZIER_KNOTS.);
#7612 = CARTESIAN_POINT('',(0.81832271419,2.691373582017,4.031054955896)
  );
#7613 = CARTESIAN_POINT('',(0.81832271419,2.690374448944,4.031013325351)
  );
#7614 = CARTESIAN_POINT('',(0.880498601531,2.691355224046,4.031495547187
    ));
#7615 = CARTESIAN_POINT('',(0.880498601531,2.690356090973,4.031453916642
    ));
#7616 = CARTESIAN_POINT('',(0.939956914598,2.692361047057,4.007355794938
    ));
#7617 = CARTESIAN_POINT('',(0.939956914598,2.691361913984,4.007314164394
    ));
#7618 = CARTESIAN_POINT('',(0.985099306258,2.694213879777,3.962887809644
    ));
#7619 = CARTESIAN_POINT('',(0.985099306258,2.693214746704,3.962846179099
    ));
#7620 = ADVANCED_FACE('',(#7621),#7631,.F.);
#7621 = FACE_BOUND('',#7622,.F.);
#7622 = EDGE_LOOP('',(#7623,#7624,#7625,#7630));
#7623 = ORIENTED_EDGE('',*,*,#7606,.F.);
#7624 = ORIENTED_EDGE('',*,*,#7225,.T.);
#7625 = ORIENTED_EDGE('',*,*,#7626,.T.);
#7626 = EDGE_CURVE('',#7226,#1349,#7627,.T.);
#7627 = B_SPLINE_CURVE_WITH_KNOTS('',1,(#7628,#7629),.UNSPECIFIED.,.F.,
  .F.,(2,2),(-0.,1.000000000002E-03),.PIECEWISE_BEZIER_KNOTS.);
#7628 = CARTESIAN_POINT('',(1.054228125234,2.70105612531,3.798673916864)
  );
#7629 = CARTESIAN_POINT('',(1.054228125234,2.700056992237,3.798632286319
    ));
#7630 = ORIENTED_EDGE('',*,*,#1357,.F.);
#7631 = B_SPLINE_SURFACE_WITH_KNOTS('',3,1,(
    (#7632,#7633)
    ,(#7634,#7635)
    ,(#7636,#7637)
    ,(#7638,#7639
    )),.UNSPECIFIED.,.F.,.F.,.F.,(4,4),(2,2),(6.,7.),(0.,1.),
  .PIECEWISE_BEZIER_KNOTS.);
#7632 = CARTESIAN_POINT('',(0.985099306258,2.694213879777,3.962887809644
    ));
#7633 = CARTESIAN_POINT('',(0.985099306258,2.693214746704,3.962846179099
    ));
#7634 = CARTESIAN_POINT('',(1.028785524184,2.696006942894,3.919854294831
    ));
#7635 = CARTESIAN_POINT('',(1.028785524184,2.695007809821,3.919812664286
    ));
#7636 = CARTESIAN_POINT('',(1.05378715175,2.698467709826,3.860795888476)
  );
#7637 = CARTESIAN_POINT('',(1.05378715175,2.697468576753,3.860754257931)
  );
#7638 = CARTESIAN_POINT('',(1.054228125234,2.70105612531,3.798673916864)
  );
#7639 = CARTESIAN_POINT('',(1.054228125234,2.700056992237,3.798632286319
    ));
#7640 = ADVANCED_FACE('',(#7641),#7651,.F.);
#7641 = FACE_BOUND('',#7642,.F.);
#7642 = EDGE_LOOP('',(#7643,#7644,#7645,#7650));
#7643 = ORIENTED_EDGE('',*,*,#7626,.F.);
#7644 = ORIENTED_EDGE('',*,*,#7234,.T.);
#7645 = ORIENTED_EDGE('',*,*,#7646,.T.);
#7646 = EDGE_CURVE('',#7235,#1340,#7647,.T.);
#7647 = B_SPLINE_CURVE_WITH_KNOTS('',1,(#7648,#7649),.UNSPECIFIED.,.F.,
  .F.,(2,2),(-0.,1.000000000002E-03),.PIECEWISE_BEZIER_KNOTS.);
#7648 = CARTESIAN_POINT('',(0.994616010684,2.707635388409,3.64077160249)
  );
#7649 = CARTESIAN_POINT('',(0.994616010684,2.706636255336,3.640729971946
    ));
#7650 = ORIENTED_EDGE('',*,*,#1348,.F.);
#7651 = B_SPLINE_SURFACE_WITH_KNOTS('',3,1,(
    (#7652,#7653)
    ,(#7654,#7655)
    ,(#7656,#7657)
    ,(#7658,#7659
    )),.UNSPECIFIED.,.F.,.F.,.F.,(4,4),(2,2),(7.,8.),(0.,1.),
  .PIECEWISE_BEZIER_KNOTS.);
#7652 = CARTESIAN_POINT('',(1.054228125234,2.70105612531,3.798673916864)
  );
#7653 = CARTESIAN_POINT('',(1.054228125234,2.700056992237,3.798632286319
    ));
#7654 = CARTESIAN_POINT('',(1.0546383332,2.703463954094,3.740886026038)
  );
#7655 = CARTESIAN_POINT('',(1.0546383332,2.702464821021,3.740844395494)
  );
#7656 = CARTESIAN_POINT('',(1.033349024059,2.70581799202,3.684389115811)
  );
#7657 = CARTESIAN_POINT('',(1.033349024059,2.704818858947,3.684347485267
    ));
#7658 = CARTESIAN_POINT('',(0.994616010684,2.707635388409,3.64077160249)
  );
#7659 = CARTESIAN_POINT('',(0.994616010684,2.706636255336,3.640729971946
    ));
#7660 = ADVANCED_FACE('',(#7661),#7671,.F.);
#7661 = FACE_BOUND('',#7662,.F.);
#7662 = EDGE_LOOP('',(#7663,#7664,#7665,#7670));
#7663 = ORIENTED_EDGE('',*,*,#7646,.F.);
#7664 = ORIENTED_EDGE('',*,*,#7243,.T.);
#7665 = ORIENTED_EDGE('',*,*,#7666,.T.);
#7666 = EDGE_CURVE('',#7244,#1331,#7667,.T.);
#7667 = B_SPLINE_CURVE_WITH_KNOTS('',1,(#7668,#7669),.UNSPECIFIED.,.F.,
  .F.,(2,2),(-0.,1.000000000002E-03),.PIECEWISE_BEZIER_KNOTS.);
#7668 = CARTESIAN_POINT('',(0.879432195824,2.710558936853,3.570606439833
    ));
#7669 = CARTESIAN_POINT('',(0.879432195824,2.70955980378,3.570564809289)
  );
#7670 = ORIENTED_EDGE('',*,*,#1339,.F.);
#7671 = B_SPLINE_SURFACE_WITH_KNOTS('',3,1,(
    (#7672,#7673)
    ,(#7674,#7675)
    ,(#7676,#7677)
    ,(#7678,#7679
    )),.UNSPECIFIED.,.F.,.F.,.F.,(4,4),(2,2),(8.,9.),(0.,1.),
  .PIECEWISE_BEZIER_KNOTS.);
#7672 = CARTESIAN_POINT('',(0.994616010684,2.707635388409,3.64077160249)
  );
#7673 = CARTESIAN_POINT('',(0.994616010684,2.706636255336,3.640729971946
    ));
#7674 = CARTESIAN_POINT('',(0.963051220685,2.709089479047,3.605873427181
    ));
#7675 = CARTESIAN_POINT('',(0.963051220685,2.708090345973,3.605831796636
    ));
#7676 = CARTESIAN_POINT('',(0.924174620967,2.710064136742,3.582481642485
    ));
#7677 = CARTESIAN_POINT('',(0.924174620967,2.709065003669,3.582440011941
    ));
#7678 = CARTESIAN_POINT('',(0.879432195824,2.710558936853,3.570606439833
    ));
#7679 = CARTESIAN_POINT('',(0.879432195824,2.70955980378,3.570564809289)
  );
#7680 = ADVANCED_FACE('',(#7681),#7691,.F.);
#7681 = FACE_BOUND('',#7682,.F.);
#7682 = EDGE_LOOP('',(#7683,#7684,#7685,#7690));
#7683 = ORIENTED_EDGE('',*,*,#7666,.F.);
#7684 = ORIENTED_EDGE('',*,*,#7252,.T.);
#7685 = ORIENTED_EDGE('',*,*,#7686,.T.);
#7686 = EDGE_CURVE('',#7253,#1322,#7687,.T.);
#7687 = B_SPLINE_CURVE_WITH_KNOTS('',1,(#7688,#7689),.UNSPECIFIED.,.F.,
  .F.,(2,2),(-0.,1.000000000002E-03),.PIECEWISE_BEZIER_KNOTS.);
#7688 = CARTESIAN_POINT('',(0.742764209092,2.714692803636,3.471393637037
    ));
#7689 = CARTESIAN_POINT('',(0.742764209092,2.713693670563,3.471352006492
    ));
#7690 = ORIENTED_EDGE('',*,*,#1330,.F.);
#7691 = B_SPLINE_SURFACE_WITH_KNOTS('',3,1,(
    (#7692,#7693)
    ,(#7694,#7695)
    ,(#7696,#7697)
    ,(#7698,#7699
    )),.UNSPECIFIED.,.F.,.F.,.F.,(4,4),(2,2),(9.,10.),(0.,1.),
  .PIECEWISE_BEZIER_KNOTS.);
#7692 = CARTESIAN_POINT('',(0.879432195824,2.710558936853,3.570606439833
    ));
#7693 = CARTESIAN_POINT('',(0.879432195824,2.70955980378,3.570564809289)
  );
#7694 = CARTESIAN_POINT('',(0.861045040576,2.712972315722,3.512685346977
    ));
#7695 = CARTESIAN_POINT('',(0.861045040576,2.711973182649,3.512643716432
    ));
#7696 = CARTESIAN_POINT('',(0.806386066543,2.71467401873,3.471844474773)
  );
#7697 = CARTESIAN_POINT('',(0.806386066543,2.713674885657,3.471802844228
    ));
#7698 = CARTESIAN_POINT('',(0.742764209092,2.714692803636,3.471393637037
    ));
#7699 = CARTESIAN_POINT('',(0.742764209092,2.713693670563,3.471352006492
    ));
#7700 = ADVANCED_FACE('',(#7701),#7711,.F.);
#7701 = FACE_BOUND('',#7702,.F.);
#7702 = EDGE_LOOP('',(#7703,#7704,#7705,#7710));
#7703 = ORIENTED_EDGE('',*,*,#7686,.F.);
#7704 = ORIENTED_EDGE('',*,*,#7261,.T.);
#7705 = ORIENTED_EDGE('',*,*,#7706,.T.);
#7706 = EDGE_CURVE('',#7262,#1313,#7707,.T.);
#7707 = B_SPLINE_CURVE_WITH_KNOTS('',1,(#7708,#7709),.UNSPECIFIED.,.F.,
  .F.,(2,2),(-0.,1.000000000003E-03),.PIECEWISE_BEZIER_KNOTS.);
#7708 = CARTESIAN_POINT('',(0.597143608751,2.708715924628,3.614838733234
    ));
#7709 = CARTESIAN_POINT('',(0.597143608751,2.707716791555,3.614797102689
    ));
#7710 = ORIENTED_EDGE('',*,*,#1321,.F.);
#7711 = B_SPLINE_SURFACE_WITH_KNOTS('',3,1,(
    (#7712,#7713)
    ,(#7714,#7715)
    ,(#7716,#7717)
    ,(#7718,#7719
    )),.UNSPECIFIED.,.F.,.F.,.F.,(4,4),(2,2),(10.,11.),(0.,1.),
  .PIECEWISE_BEZIER_KNOTS.);
#7712 = CARTESIAN_POINT('',(0.742764209092,2.714692803636,3.471393637037
    ));
#7713 = CARTESIAN_POINT('',(0.742764209092,2.713693670563,3.471352006492
    ));
#7714 = CARTESIAN_POINT('',(0.663236914858,2.71471628476,3.470830090062)
  );
#7715 = CARTESIAN_POINT('',(0.663236914858,2.713717151687,3.470788459518
    ));
#7716 = CARTESIAN_POINT('',(0.597707644704,2.712026689206,3.535380383351
    ));
#7717 = CARTESIAN_POINT('',(0.597707644704,2.711027556133,3.535338752806
    ));
#7718 = CARTESIAN_POINT('',(0.597143608751,2.708715924628,3.614838733234
    ));
#7719 = CARTESIAN_POINT('',(0.597143608751,2.707716791555,3.614797102689
    ));
#7720 = ADVANCED_FACE('',(#7721),#7731,.F.);
#7721 = FACE_BOUND('',#7722,.T.);
#7722 = EDGE_LOOP('',(#7723,#7724,#7729,#7730));
#7723 = ORIENTED_EDGE('',*,*,#1312,.T.);
#7724 = ORIENTED_EDGE('',*,*,#7725,.F.);
#7725 = EDGE_CURVE('',#7271,#1306,#7726,.T.);
#7726 = B_SPLINE_CURVE_WITH_KNOTS('',1,(#7727,#7728),.UNSPECIFIED.,.F.,
  .F.,(2,2),(-0.,1.000000000002E-03),.PIECEWISE_BEZIER_KNOTS.);
#7727 = CARTESIAN_POINT('',(0.59704105676,2.708113967432,3.629285705941)
  );
#7728 = CARTESIAN_POINT('',(0.59704105676,2.707114834358,3.629244075396)
  );
#7729 = ORIENTED_EDGE('',*,*,#7270,.F.);
#7730 = ORIENTED_EDGE('',*,*,#7706,.T.);
#7731 = B_SPLINE_SURFACE_WITH_KNOTS('',1,1,(
    (#7732,#7733)
    ,(#7734,#7735
    )),.UNSPECIFIED.,.F.,.F.,.F.,(2,2),(2,2),(-1.444733668451E-02,
    4.162949952631E-05),(-1.601090339005E-03,0.),
  .PIECEWISE_BEZIER_KNOTS.);
#7732 = CARTESIAN_POINT('',(0.597040761772,2.707114834358,3.629285703851
    ));
#7733 = CARTESIAN_POINT('',(0.597041234484,2.708715924628,3.6292857072)
  );
#7734 = CARTESIAN_POINT('',(0.597143431027,2.707114834358,3.61479710143)
  );
#7735 = CARTESIAN_POINT('',(0.597143903739,2.708715924628,3.61479710478)
  );
#7736 = ADVANCED_FACE('',(#7737),#7747,.F.);
#7737 = FACE_BOUND('',#7738,.T.);
#7738 = EDGE_LOOP('',(#7739,#7740,#7745,#7746));
#7739 = ORIENTED_EDGE('',*,*,#1305,.T.);
#7740 = ORIENTED_EDGE('',*,*,#7741,.F.);
#7741 = EDGE_CURVE('',#7280,#1299,#7742,.T.);
#7742 = B_SPLINE_CURVE_WITH_KNOTS('',1,(#7743,#7744),.UNSPECIFIED.,.F.,
  .F.,(2,2),(-0.,1.000000000002E-03),.PIECEWISE_BEZIER_KNOTS.);
#7743 = CARTESIAN_POINT('',(0.393849059466,2.703719254544,3.734758815246
    ));
#7744 = CARTESIAN_POINT('',(0.393849059466,2.702720121471,3.734717184702
    ));
#7745 = ORIENTED_EDGE('',*,*,#7279,.F.);
#7746 = ORIENTED_EDGE('',*,*,#7725,.T.);
#7747 = B_SPLINE_SURFACE_WITH_KNOTS('',1,1,(
    (#7748,#7749)
    ,(#7750,#7751
    )),.UNSPECIFIED.,.F.,.F.,.F.,(2,2),(2,2),(-0.228935663794,
    1.920584829388E-05),(-5.397530333907E-03,4.437860730019E-16),
  .PIECEWISE_BEZIER_KNOTS.);
#7748 = CARTESIAN_POINT('',(0.39383201959,2.702720121471,3.734726045134)
  );
#7749 = CARTESIAN_POINT('',(0.393924009802,2.708113967432,3.734902955442
    ));
#7750 = CARTESIAN_POINT('',(0.596966106423,2.702720121471,3.6290999352)
  );
#7751 = CARTESIAN_POINT('',(0.597058096635,2.708113967432,3.629276845509
    ));
#7752 = ADVANCED_FACE('',(#7753),#7763,.F.);
#7753 = FACE_BOUND('',#7754,.T.);
#7754 = EDGE_LOOP('',(#7755,#7756,#7761,#7762));
#7755 = ORIENTED_EDGE('',*,*,#1298,.T.);
#7756 = ORIENTED_EDGE('',*,*,#7757,.F.);
#7757 = EDGE_CURVE('',#7287,#1292,#7758,.T.);
#7758 = B_SPLINE_CURVE_WITH_KNOTS('',1,(#7759,#7760),.UNSPECIFIED.,.F.,
  .F.,(2,2),(-0.,1.000000000002E-03),.PIECEWISE_BEZIER_KNOTS.);
#7759 = CARTESIAN_POINT('',(0.438129986663,2.700515645907,3.811645422532
    ));
#7760 = CARTESIAN_POINT('',(0.438129986663,2.699516512834,3.811603791988
    ));
#7761 = ORIENTED_EDGE('',*,*,#7286,.F.);
#7762 = ORIENTED_EDGE('',*,*,#7741,.T.);
#7763 = B_SPLINE_SURFACE_WITH_KNOTS('',1,1,(
    (#7764,#7765)
    ,(#7766,#7767
    )),.UNSPECIFIED.,.F.,.F.,.F.,(2,2),(2,2),(-8.872624452211E-02,
    3.609092059267E-05),(-4.203647923437E-03,0.),
  .PIECEWISE_BEZIER_KNOTS.);
#7764 = CARTESIAN_POINT('',(0.438147975228,2.699516512834,3.811635080422
    ));
#7765 = CARTESIAN_POINT('',(0.43807230834,2.703719254544,3.811678583356)
  );
#7766 = CARTESIAN_POINT('',(0.393906737789,2.699516512834,3.734684023878
    ));
#7767 = CARTESIAN_POINT('',(0.393831070902,2.703719254544,3.734727526812
    ));
#7768 = ADVANCED_FACE('',(#7769),#7779,.F.);
#7769 = FACE_BOUND('',#7770,.T.);
#7770 = EDGE_LOOP('',(#7771,#7772,#7777,#7778));
#7771 = ORIENTED_EDGE('',*,*,#1291,.T.);
#7772 = ORIENTED_EDGE('',*,*,#7773,.F.);
#7773 = EDGE_CURVE('',#7294,#1283,#7774,.T.);
#7774 = B_SPLINE_CURVE_WITH_KNOTS('',1,(#7775,#7776),.UNSPECIFIED.,.F.,
  .F.,(2,2),(-0.,1.000000000002E-03),.PIECEWISE_BEZIER_KNOTS.);
#7775 = CARTESIAN_POINT('',(0.632605252858,2.704672137725,3.711889618908
    ));
#7776 = CARTESIAN_POINT('',(0.632605252858,2.703673004652,3.711847988363
    ));
#7777 = ORIENTED_EDGE('',*,*,#7293,.F.);
#7778 = ORIENTED_EDGE('',*,*,#7757,.T.);
#7779 = B_SPLINE_SURFACE_WITH_KNOTS('',1,1,(
    (#7780,#7781)
    ,(#7782,#7783
    )),.UNSPECIFIED.,.F.,.F.,.F.,(2,2),(2,2),(-0.218586695241,0.),(
    -9.998189784976E-04,4.159345251616E-03),.PIECEWISE_BEZIER_KNOTS.);
#7780 = CARTESIAN_POINT('',(0.632534850821,2.699516512834,3.711710976522
    ));
#7781 = CARTESIAN_POINT('',(0.632622176025,2.704672137725,3.711880923123
    ));
#7782 = CARTESIAN_POINT('',(0.438113063497,2.699516512834,3.811612487772
    ));
#7783 = CARTESIAN_POINT('',(0.438200388701,2.704672137725,3.811782434374
    ));
#7784 = ADVANCED_FACE('',(#7785),#7795,.F.);
#7785 = FACE_BOUND('',#7786,.F.);
#7786 = EDGE_LOOP('',(#7787,#7788,#7789,#7794));
#7787 = ORIENTED_EDGE('',*,*,#7773,.F.);
#7788 = ORIENTED_EDGE('',*,*,#7300,.T.);
#7789 = ORIENTED_EDGE('',*,*,#7790,.T.);
#7790 = EDGE_CURVE('',#7301,#1274,#7791,.T.);
#7791 = B_SPLINE_CURVE_WITH_KNOTS('',1,(#7792,#7793),.UNSPECIFIED.,.F.,
  .F.,(2,2),(-0.,1.000000000002E-03),.PIECEWISE_BEZIER_KNOTS.);
#7792 = CARTESIAN_POINT('',(0.740702886447,2.702593463773,3.761777793744
    ));
#7793 = CARTESIAN_POINT('',(0.740702886447,2.7015943307,3.7617361632));
#7794 = ORIENTED_EDGE('',*,*,#1282,.F.);
#7795 = B_SPLINE_SURFACE_WITH_KNOTS('',3,1,(
    (#7796,#7797)
    ,(#7798,#7799)
    ,(#7800,#7801)
    ,(#7802,#7803
    )),.UNSPECIFIED.,.F.,.F.,.F.,(4,4),(2,2),(15.,16.),(0.,1.),
  .PIECEWISE_BEZIER_KNOTS.);
#7796 = CARTESIAN_POINT('',(0.632605252858,2.704672137725,3.711889618908
    ));
#7797 = CARTESIAN_POINT('',(0.632605252858,2.703673004652,3.711847988363
    ));
#7798 = CARTESIAN_POINT('',(0.658416997083,2.703400342655,3.742412700579
    ));
#7799 = CARTESIAN_POINT('',(0.658416997083,2.702401209582,3.742371070034
    ));
#7800 = CARTESIAN_POINT('',(0.697324362319,2.702606271659,3.761470404486
    ));
#7801 = CARTESIAN_POINT('',(0.697324362319,2.701607138586,3.761428773941
    ));
#7802 = CARTESIAN_POINT('',(0.740702886447,2.702593463773,3.761777793744
    ));
#7803 = CARTESIAN_POINT('',(0.740702886447,2.7015943307,3.7617361632));
#7804 = ADVANCED_FACE('',(#7805),#7815,.F.);
#7805 = FACE_BOUND('',#7806,.F.);
#7806 = EDGE_LOOP('',(#7807,#7808,#7809,#7814));
#7807 = ORIENTED_EDGE('',*,*,#7790,.F.);
#7808 = ORIENTED_EDGE('',*,*,#7309,.T.);
#7809 = ORIENTED_EDGE('',*,*,#7810,.T.);
#7810 = EDGE_CURVE('',#7310,#1265,#7811,.T.);
#7811 = B_SPLINE_CURVE_WITH_KNOTS('',1,(#7812,#7813),.UNSPECIFIED.,.F.,
  .F.,(2,2),(-0.,1.000000000002E-03),.PIECEWISE_BEZIER_KNOTS.);
#7812 = CARTESIAN_POINT('',(0.877299099714,2.706526250123,3.667390921346
    ));
#7813 = CARTESIAN_POINT('',(0.877299099714,2.70552711705,3.667349290801)
  );
#7814 = ORIENTED_EDGE('',*,*,#1273,.F.);
#7815 = B_SPLINE_SURFACE_WITH_KNOTS('',3,1,(
    (#7816,#7817)
    ,(#7818,#7819)
    ,(#7820,#7821)
    ,(#7822,#7823
    )),.UNSPECIFIED.,.F.,.F.,.F.,(4,4),(2,2),(16.,17.),(0.,1.),
  .PIECEWISE_BEZIER_KNOTS.);
#7816 = CARTESIAN_POINT('',(0.740702886447,2.702593463773,3.761777793744
    ));
#7817 = CARTESIAN_POINT('',(0.740702886447,2.7015943307,3.7617361632));
#7818 = CARTESIAN_POINT('',(0.802878787578,2.702575105799,3.762218385133
    ));
#7819 = CARTESIAN_POINT('',(0.802878787578,2.701575972726,3.762176754588
    ));
#7820 = CARTESIAN_POINT('',(0.856666096285,2.704244789101,3.722145985881
    ));
#7821 = CARTESIAN_POINT('',(0.856666096285,2.703245656028,3.722104355336
    ));
#7822 = CARTESIAN_POINT('',(0.877299099714,2.706526250123,3.667390921346
    ));
#7823 = CARTESIAN_POINT('',(0.877299099714,2.70552711705,3.667349290801)
  );
#7824 = ADVANCED_FACE('',(#7825),#7835,.F.);
#7825 = FACE_BOUND('',#7826,.F.);
#7826 = EDGE_LOOP('',(#7827,#7828,#7829,#7834));
#7827 = ORIENTED_EDGE('',*,*,#7810,.F.);
#7828 = ORIENTED_EDGE('',*,*,#7318,.T.);
#7829 = ORIENTED_EDGE('',*,*,#7830,.T.);
#7830 = EDGE_CURVE('',#7319,#1256,#7831,.T.);
#7831 = B_SPLINE_CURVE_WITH_KNOTS('',1,(#7832,#7833),.UNSPECIFIED.,.F.,
  .F.,(2,2),(-0.,1.000000000002E-03),.PIECEWISE_BEZIER_KNOTS.);
#7832 = CARTESIAN_POINT('',(0.963112669571,2.700962627688,3.800917859781
    ));
#7833 = CARTESIAN_POINT('',(0.963112669571,2.699963494615,3.800876229236
    ));
#7834 = ORIENTED_EDGE('',*,*,#1264,.F.);
#7835 = B_SPLINE_SURFACE_WITH_KNOTS('',3,1,(
    (#7836,#7837)
    ,(#7838,#7839)
    ,(#7840,#7841)
    ,(#7842,#7843
    )),.UNSPECIFIED.,.F.,.F.,.F.,(4,4),(2,2),(17.,18.),(0.,1.),
  .PIECEWISE_BEZIER_KNOTS.);
#7836 = CARTESIAN_POINT('',(0.877299099714,2.706526250123,3.667390921346
    ));
#7837 = CARTESIAN_POINT('',(0.877299099714,2.70552711705,3.667349290801)
  );
#7838 = CARTESIAN_POINT('',(0.927743294638,2.705548175846,3.690864703988
    ));
#7839 = CARTESIAN_POINT('',(0.927743294638,2.704549042773,3.690823073443
    ));
#7840 = CARTESIAN_POINT('',(0.963533132775,2.703430652422,3.741685266174
    ));
#7841 = CARTESIAN_POINT('',(0.963533132775,2.702431519349,3.74164363563)
  );
#7842 = CARTESIAN_POINT('',(0.963112669571,2.700962627688,3.800917859781
    ));
#7843 = CARTESIAN_POINT('',(0.963112669571,2.699963494615,3.800876229236
    ));
#7844 = ADVANCED_FACE('',(#7845),#7855,.F.);
#7845 = FACE_BOUND('',#7846,.F.);
#7846 = EDGE_LOOP('',(#7847,#7848,#7849,#7854));
#7847 = ORIENTED_EDGE('',*,*,#7830,.F.);
#7848 = ORIENTED_EDGE('',*,*,#7327,.T.);
#7849 = ORIENTED_EDGE('',*,*,#7850,.T.);
#7850 = EDGE_CURVE('',#7328,#1247,#7851,.T.);
#7851 = B_SPLINE_CURVE_WITH_KNOTS('',1,(#7852,#7853),.UNSPECIFIED.,.F.,
  .F.,(2,2),(-0.,1.000000000002E-03),.PIECEWISE_BEZIER_KNOTS.);
#7852 = CARTESIAN_POINT('',(0.817492069231,2.69498574868,3.944362955978)
  );
#7853 = CARTESIAN_POINT('',(0.817492069231,2.693986615607,3.944321325433
    ));
#7854 = ORIENTED_EDGE('',*,*,#1255,.F.);
#7855 = B_SPLINE_SURFACE_WITH_KNOTS('',3,1,(
    (#7856,#7857)
    ,(#7858,#7859)
    ,(#7860,#7861)
    ,(#7862,#7863
    )),.UNSPECIFIED.,.F.,.F.,.F.,(4,4),(2,2),(18.,19.),(0.,1.),
  .PIECEWISE_BEZIER_KNOTS.);
#7856 = CARTESIAN_POINT('',(0.963112669571,2.700962627688,3.800917859781
    ));
#7857 = CARTESIAN_POINT('',(0.963112669571,2.699963494615,3.800876229236
    ));
#7858 = CARTESIAN_POINT('',(0.962548633619,2.69765186311,3.880376209664)
  );
#7859 = CARTESIAN_POINT('',(0.962548633619,2.696652730037,3.88033457912)
  );
#7860 = CARTESIAN_POINT('',(0.897019363466,2.694962267556,3.944926502953
    ));
#7861 = CARTESIAN_POINT('',(0.897019363466,2.693963134483,3.944884872408
    ));
#7862 = CARTESIAN_POINT('',(0.817492069231,2.69498574868,3.944362955978)
  );
#7863 = CARTESIAN_POINT('',(0.817492069231,2.693986615607,3.944321325433
    ));
#7864 = ADVANCED_FACE('',(#7865),#7875,.F.);
#7865 = FACE_BOUND('',#7866,.F.);
#7866 = EDGE_LOOP('',(#7867,#7868,#7869,#7874));
#7867 = ORIENTED_EDGE('',*,*,#7850,.F.);
#7868 = ORIENTED_EDGE('',*,*,#7336,.T.);
#7869 = ORIENTED_EDGE('',*,*,#7870,.T.);
#7870 = EDGE_CURVE('',#7337,#1238,#7871,.T.);
#7871 = B_SPLINE_CURVE_WITH_KNOTS('',1,(#7872,#7873),.UNSPECIFIED.,.F.,
  .F.,(2,2),(-0.,1.000000000002E-03),.PIECEWISE_BEZIER_KNOTS.);
#7872 = CARTESIAN_POINT('',(0.741010515624,2.695911311736,3.922149442639
    ));
#7873 = CARTESIAN_POINT('',(0.741010515624,2.694912178663,3.922107812095
    ));
#7874 = ORIENTED_EDGE('',*,*,#1246,.F.);
#7875 = B_SPLINE_SURFACE_WITH_KNOTS('',3,1,(
    (#7876,#7877)
    ,(#7878,#7879)
    ,(#7880,#7881)
    ,(#7882,#7883
    )),.UNSPECIFIED.,.F.,.F.,.F.,(4,4),(2,2),(19.,20.),(0.,1.),
  .PIECEWISE_BEZIER_KNOTS.);
#7876 = CARTESIAN_POINT('',(0.817492069231,2.69498574868,3.944362955978)
  );
#7877 = CARTESIAN_POINT('',(0.817492069231,2.693986615607,3.944321325433
    ));
#7878 = CARTESIAN_POINT('',(0.790019009465,2.694993860339,3.944168276153
    ));
#7879 = CARTESIAN_POINT('',(0.790019009465,2.693994727266,3.944126645609
    ));
#7880 = CARTESIAN_POINT('',(0.762607480934,2.695363146546,3.935305407194
    ));
#7881 = CARTESIAN_POINT('',(0.762607480934,2.694364013473,3.93526377665)
  );
#7882 = CARTESIAN_POINT('',(0.741010515624,2.695911311736,3.922149442639
    ));
#7883 = CARTESIAN_POINT('',(0.741010515624,2.694912178663,3.922107812095
    ));
#7884 = ADVANCED_FACE('',(#7885),#7895,.F.);
#7885 = FACE_BOUND('',#7886,.F.);
#7886 = EDGE_LOOP('',(#7887,#7888,#7889,#7894));
#7887 = ORIENTED_EDGE('',*,*,#7870,.F.);
#7888 = ORIENTED_EDGE('',*,*,#7345,.T.);
#7889 = ORIENTED_EDGE('',*,*,#7890,.T.);
#7890 = EDGE_CURVE('',#7346,#1229,#7891,.T.);
#7891 = B_SPLINE_CURVE_WITH_KNOTS('',1,(#7892,#7893),.UNSPECIFIED.,.F.,
  .F.,(2,2),(-0.,1.000000000002E-03),.PIECEWISE_BEZIER_KNOTS.);
#7892 = CARTESIAN_POINT('',(0.546268642378,2.690189734415,4.059467298341
    ));
#7893 = CARTESIAN_POINT('',(0.546268642378,2.689190601342,4.059425667797
    ));
#7894 = ORIENTED_EDGE('',*,*,#1237,.F.);
#7895 = B_SPLINE_SURFACE_WITH_KNOTS('',3,1,(
    (#7896,#7897)
    ,(#7898,#7899)
    ,(#7900,#7901)
    ,(#7902,#7903
    )),.UNSPECIFIED.,.F.,.F.,.F.,(4,4),(2,2),(20.,21.),(0.,1.),
  .PIECEWISE_BEZIER_KNOTS.);
#7896 = CARTESIAN_POINT('',(0.741010515624,2.695911311736,3.922149442639
    ));
#7897 = CARTESIAN_POINT('',(0.741010515624,2.694912178663,3.922107812095
    ));
#7898 = CARTESIAN_POINT('',(0.712963192834,2.692548466304,4.00285773301)
  );
#7899 = CARTESIAN_POINT('',(0.712963192834,2.691549333231,4.002816102465
    ));
#7900 = CARTESIAN_POINT('',(0.637363532015,2.690162837858,4.060112815707
    ));
#7901 = CARTESIAN_POINT('',(0.637363532015,2.689163704785,4.060071185162
    ));
#7902 = CARTESIAN_POINT('',(0.546268642378,2.690189734415,4.059467298341
    ));
#7903 = CARTESIAN_POINT('',(0.546268642378,2.689190601342,4.059425667797
    ));
#7904 = ADVANCED_FACE('',(#7905),#7915,.F.);
#7905 = FACE_BOUND('',#7906,.F.);
#7906 = EDGE_LOOP('',(#7907,#7908,#7909,#7914));
#7907 = ORIENTED_EDGE('',*,*,#7890,.F.);
#7908 = ORIENTED_EDGE('',*,*,#7354,.T.);
#7909 = ORIENTED_EDGE('',*,*,#7910,.T.);
#7910 = EDGE_CURVE('',#7355,#1220,#7911,.T.);
#7911 = B_SPLINE_CURVE_WITH_KNOTS('',1,(#7912,#7913),.UNSPECIFIED.,.F.,
  .F.,(2,2),(-0.,1.000000000002E-03),.PIECEWISE_BEZIER_KNOTS.);
#7912 = CARTESIAN_POINT('',(0.345117429673,2.6977739695,3.877445656308)
  );
#7913 = CARTESIAN_POINT('',(0.345117429673,2.696774836427,3.877404025763
    ));
#7914 = ORIENTED_EDGE('',*,*,#1228,.F.);
#7915 = B_SPLINE_SURFACE_WITH_KNOTS('',3,1,(
    (#7916,#7917)
    ,(#7918,#7919)
    ,(#7920,#7921)
    ,(#7922,#7923
    )),.UNSPECIFIED.,.F.,.F.,.F.,(4,4),(2,2),(21.,22.),(0.,1.),
  .PIECEWISE_BEZIER_KNOTS.);
#7916 = CARTESIAN_POINT('',(0.546268642378,2.690189734415,4.059467298341
    ));
#7917 = CARTESIAN_POINT('',(0.546268642378,2.689190601342,4.059425667797
    ));
#7918 = CARTESIAN_POINT('',(0.442160173439,2.690220473344,4.058729564042
    ));
#7919 = CARTESIAN_POINT('',(0.442160173439,2.689221340271,4.058687933497
    ));
#7920 = CARTESIAN_POINT('',(0.355967161136,2.693556853694,3.978656435641
    ));
#7921 = CARTESIAN_POINT('',(0.355967161136,2.692557720621,3.978614805096
    ));
#7922 = CARTESIAN_POINT('',(0.345117429673,2.6977739695,3.877445656308)
  );
#7923 = CARTESIAN_POINT('',(0.345117429673,2.696774836427,3.877404025763
    ));
#7924 = ADVANCED_FACE('',(#7925),#7935,.F.);
#7925 = FACE_BOUND('',#7926,.T.);
#7926 = EDGE_LOOP('',(#7927,#7928,#7933,#7934));
#7927 = ORIENTED_EDGE('',*,*,#1219,.T.);
#7928 = ORIENTED_EDGE('',*,*,#7929,.F.);
#7929 = EDGE_CURVE('',#7364,#1211,#7930,.T.);
#7930 = B_SPLINE_CURVE_WITH_KNOTS('',1,(#7931,#7932),.UNSPECIFIED.,.F.,
  .F.,(2,2),(-0.,1.000000000002E-03),.PIECEWISE_BEZIER_KNOTS.);
#7931 = CARTESIAN_POINT('',(0.33354983427,2.697777384933,3.877363685917)
  );
#7932 = CARTESIAN_POINT('',(0.33354983427,2.696778251859,3.877322055372)
  );
#7933 = ORIENTED_EDGE('',*,*,#7363,.F.);
#7934 = ORIENTED_EDGE('',*,*,#7910,.T.);
#7935 = B_SPLINE_SURFACE_WITH_KNOTS('',1,1,(
    (#7936,#7937)
    ,(#7938,#7939
    )),.UNSPECIFIED.,.F.,.F.,.F.,(2,2),(2,2),(0.,1.000000000003E-03),(
    -1.156788633277E-02,3.848906702268E-24),.PIECEWISE_BEZIER_KNOTS.);
#7936 = CARTESIAN_POINT('',(0.33354983427,2.697777384933,3.877363685917)
  );
#7937 = CARTESIAN_POINT('',(0.345117429673,2.6977739695,3.877445656308)
  );
#7938 = CARTESIAN_POINT('',(0.33354983427,2.696778251859,3.877322055372)
  );
#7939 = CARTESIAN_POINT('',(0.345117429673,2.696774836427,3.877404025763
    ));
#7940 = ADVANCED_FACE('',(#7941),#7951,.F.);
#7941 = FACE_BOUND('',#7942,.F.);
#7942 = EDGE_LOOP('',(#7943,#7944,#7945,#7950));
#7943 = ORIENTED_EDGE('',*,*,#7929,.F.);
#7944 = ORIENTED_EDGE('',*,*,#7372,.T.);
#7945 = ORIENTED_EDGE('',*,*,#7946,.T.);
#7946 = EDGE_CURVE('',#7373,#1202,#7947,.T.);
#7947 = B_SPLINE_CURVE_WITH_KNOTS('',1,(#7948,#7949),.UNSPECIFIED.,.F.,
  .F.,(2,2),(-0.,1.000000000002E-03),.PIECEWISE_BEZIER_KNOTS.);
#7948 = CARTESIAN_POINT('',(0.221565588024,2.702505951103,3.763878097837
    ));
#7949 = CARTESIAN_POINT('',(0.221565588024,2.701506818029,3.763836467293
    ));
#7950 = ORIENTED_EDGE('',*,*,#1210,.F.);
#7951 = B_SPLINE_SURFACE_WITH_KNOTS('',3,1,(
    (#7952,#7953)
    ,(#7954,#7955)
    ,(#7956,#7957)
    ,(#7958,#7959
    )),.UNSPECIFIED.,.F.,.F.,.F.,(4,4),(2,2),(23.,24.),(0.,1.),
  .PIECEWISE_BEZIER_KNOTS.);
#7952 = CARTESIAN_POINT('',(0.33354983427,2.697777384933,3.877363685917)
  );
#7953 = CARTESIAN_POINT('',(0.33354983427,2.696778251859,3.877322055372)
  );
#7954 = CARTESIAN_POINT('',(0.271373960719,2.697795742899,3.876923094724
    ));
#7955 = CARTESIAN_POINT('',(0.271373960719,2.696796609826,3.876881464179
    ));
#7956 = CARTESIAN_POINT('',(0.221124614539,2.699917535619,3.826000069451
    ));
#7957 = CARTESIAN_POINT('',(0.221124614539,2.698918402546,3.825958438906
    ));
#7958 = CARTESIAN_POINT('',(0.221565588024,2.702505951103,3.763878097837
    ));
#7959 = CARTESIAN_POINT('',(0.221565588024,2.701506818029,3.763836467293
    ));
#7960 = ADVANCED_FACE('',(#7961),#7971,.F.);
#7961 = FACE_BOUND('',#7962,.F.);
#7962 = EDGE_LOOP('',(#7963,#7964,#7965,#7970));
#7963 = ORIENTED_EDGE('',*,*,#7946,.F.);
#7964 = ORIENTED_EDGE('',*,*,#7381,.T.);
#7965 = ORIENTED_EDGE('',*,*,#7966,.T.);
#7966 = EDGE_CURVE('',#7382,#1195,#7967,.T.);
#7967 = B_SPLINE_CURVE_WITH_KNOTS('',1,(#7968,#7969),.UNSPECIFIED.,.F.,
  .F.,(2,2),(-0.,1.000000000002E-03),.PIECEWISE_BEZIER_KNOTS.);
#7968 = CARTESIAN_POINT('',(0.326473962417,2.707170477844,3.651929456052
    ));
#7969 = CARTESIAN_POINT('',(0.326473962417,2.706171344771,3.651887825507
    ));
#7970 = ORIENTED_EDGE('',*,*,#1201,.F.);
#7971 = B_SPLINE_SURFACE_WITH_KNOTS('',3,1,(
    (#7972,#7973)
    ,(#7974,#7975)
    ,(#7976,#7977)
    ,(#7978,#7979
    )),.UNSPECIFIED.,.F.,.F.,.F.,(4,4),(2,2),(24.,25.),(0.,1.),
  .PIECEWISE_BEZIER_KNOTS.);
#7972 = CARTESIAN_POINT('',(0.221565588024,2.702505951103,3.763878097837
    ));
#7973 = CARTESIAN_POINT('',(0.221565588024,2.701506818029,3.763836467293
    ));
#7974 = CARTESIAN_POINT('',(0.221986051228,2.704973975836,3.704645504231
    ));
#7975 = CARTESIAN_POINT('',(0.221986051228,2.703974842763,3.704603873686
    ));
#7976 = CARTESIAN_POINT('',(0.267159180828,2.707007395264,3.655843437954
    ));
#7977 = CARTESIAN_POINT('',(0.267159180828,2.706008262191,3.655801807409
    ));
#7978 = CARTESIAN_POINT('',(0.326473962417,2.707170477844,3.651929456052
    ));
#7979 = CARTESIAN_POINT('',(0.326473962417,2.706171344771,3.651887825507
    ));
#7980 = ADVANCED_FACE('',(#7981),#7991,.F.);
#7981 = FACE_BOUND('',#7982,.T.);
#7982 = EDGE_LOOP('',(#7983,#7984,#7989,#7990));
#7983 = ORIENTED_EDGE('',*,*,#1194,.T.);
#7984 = ORIENTED_EDGE('',*,*,#7985,.F.);
#7985 = EDGE_CURVE('',#7391,#1186,#7986,.T.);
#7986 = B_SPLINE_CURVE_WITH_KNOTS('',1,(#7987,#7988),.UNSPECIFIED.,.F.,
  .F.,(2,2),(-0.,1.000000000002E-03),.PIECEWISE_BEZIER_KNOTS.);
#7987 = CARTESIAN_POINT('',(0.391541748609,2.707151266015,3.65239053994)
  );
#7988 = CARTESIAN_POINT('',(0.391541748609,2.706152132942,3.652348909395
    ));
#7989 = ORIENTED_EDGE('',*,*,#7390,.F.);
#7990 = ORIENTED_EDGE('',*,*,#7966,.T.);
#7991 = B_SPLINE_SURFACE_WITH_KNOTS('',1,1,(
    (#7992,#7993)
    ,(#7994,#7995
    )),.UNSPECIFIED.,.F.,.F.,.F.,(2,2),(2,2),(-1.000000000002E-03,
    4.437042169646E-16),(-5.564087303246E-17,6.506942267584E-02),
  .PIECEWISE_BEZIER_KNOTS.);
#7992 = CARTESIAN_POINT('',(0.326473962417,2.706171344771,3.651887825507
    ));
#7993 = CARTESIAN_POINT('',(0.391541748609,2.706152132942,3.652348909395
    ));
#7994 = CARTESIAN_POINT('',(0.326473962417,2.707170477844,3.651929456052
    ));
#7995 = CARTESIAN_POINT('',(0.391541748609,2.707151266015,3.65239053994)
  );
#7996 = ADVANCED_FACE('',(#7997),#8007,.F.);
#7997 = FACE_BOUND('',#7998,.F.);
#7998 = EDGE_LOOP('',(#7999,#8000,#8001,#8006));
#7999 = ORIENTED_EDGE('',*,*,#7985,.F.);
#8000 = ORIENTED_EDGE('',*,*,#7397,.T.);
#8001 = ORIENTED_EDGE('',*,*,#8002,.T.);
#8002 = EDGE_CURVE('',#7398,#1177,#8003,.T.);
#8003 = B_SPLINE_CURVE_WITH_KNOTS('',1,(#8004,#8005),.UNSPECIFIED.,.F.,
  .F.,(2,2),(-0.,1.000000000002E-03),.PIECEWISE_BEZIER_KNOTS.);
#8004 = CARTESIAN_POINT('',(0.400207176329,2.707088509643,3.653896692862
    ));
#8005 = CARTESIAN_POINT('',(0.400207176329,2.70608937657,3.653855062317)
  );
#8006 = ORIENTED_EDGE('',*,*,#1185,.F.);
#8007 = B_SPLINE_SURFACE_WITH_KNOTS('',3,1,(
    (#8008,#8009)
    ,(#8010,#8011)
    ,(#8012,#8013)
    ,(#8014,#8015
    )),.UNSPECIFIED.,.F.,.F.,.F.,(4,4),(2,2),(26.,27.),(0.,1.),
  .PIECEWISE_BEZIER_KNOTS.);
#8008 = CARTESIAN_POINT('',(0.391541748609,2.707151266015,3.65239053994)
  );
#8009 = CARTESIAN_POINT('',(0.391541748609,2.706152132942,3.652348909395
    ));
#8010 = CARTESIAN_POINT('',(0.394433661249,2.707150412153,3.652411032636
    ));
#8011 = CARTESIAN_POINT('',(0.394433661249,2.70615127908,3.652369402091)
  );
#8012 = CARTESIAN_POINT('',(0.397315318847,2.707089363489,3.653876200557
    ));
#8013 = CARTESIAN_POINT('',(0.397315318847,2.706090230416,3.653834570012
    ));
#8014 = CARTESIAN_POINT('',(0.400207176329,2.707088509643,3.653896692862
    ));
#8015 = CARTESIAN_POINT('',(0.400207176329,2.70608937657,3.653855062317)
  );
#8016 = ADVANCED_FACE('',(#8017),#8027,.F.);
#8017 = FACE_BOUND('',#8018,.F.);
#8018 = EDGE_LOOP('',(#8019,#8020,#8021,#8026));
#8019 = ORIENTED_EDGE('',*,*,#8002,.F.);
#8020 = ORIENTED_EDGE('',*,*,#7406,.T.);
#8021 = ORIENTED_EDGE('',*,*,#8022,.T.);
#8022 = EDGE_CURVE('',#7407,#1168,#8023,.T.);
#8023 = B_SPLINE_CURVE_WITH_KNOTS('',1,(#8024,#8025),.UNSPECIFIED.,.F.,
  .F.,(2,2),(-0.,1.000000000002E-03),.PIECEWISE_BEZIER_KNOTS.);
#8024 = CARTESIAN_POINT('',(0.445349540214,2.708941341224,3.609428734929
    ));
#8025 = CARTESIAN_POINT('',(0.445349540214,2.707942208151,3.609387104384
    ));
#8026 = ORIENTED_EDGE('',*,*,#1176,.F.);
#8027 = B_SPLINE_SURFACE_WITH_KNOTS('',3,1,(
    (#8028,#8029)
    ,(#8030,#8031)
    ,(#8032,#8033)
    ,(#8034,#8035
    )),.UNSPECIFIED.,.F.,.F.,.F.,(4,4),(2,2),(27.,28.),(0.,1.),
  .PIECEWISE_BEZIER_KNOTS.);
#8028 = CARTESIAN_POINT('',(0.400207176329,2.707088509643,3.653896692862
    ));
#8029 = CARTESIAN_POINT('',(0.400207176329,2.70608937657,3.653855062317)
  );
#8030 = CARTESIAN_POINT('',(0.424788351033,2.707081251838,3.654070880186
    ));
#8031 = CARTESIAN_POINT('',(0.424788351033,2.706082118765,3.654029249642
    ));
#8032 = CARTESIAN_POINT('',(0.445175202141,2.707918015827,3.63398854444)
  );
#8033 = CARTESIAN_POINT('',(0.445175202141,2.706918882754,3.633946913896
    ));
#8034 = CARTESIAN_POINT('',(0.445349540214,2.708941341224,3.609428734929
    ));
#8035 = CARTESIAN_POINT('',(0.445349540214,2.707942208151,3.609387104384
    ));
#8036 = ADVANCED_FACE('',(#8037),#8047,.F.);
#8037 = FACE_BOUND('',#8038,.F.);
#8038 = EDGE_LOOP('',(#8039,#8040,#8041,#8046));
#8039 = ORIENTED_EDGE('',*,*,#8022,.F.);
#8040 = ORIENTED_EDGE('',*,*,#7415,.T.);
#8041 = ORIENTED_EDGE('',*,*,#8042,.T.);
#8042 = EDGE_CURVE('',#7416,#1161,#8043,.T.);
#8043 = B_SPLINE_CURVE_WITH_KNOTS('',1,(#8044,#8045),.UNSPECIFIED.,.F.,
  .F.,(2,2),(-0.,1.000000000002E-03),.PIECEWISE_BEZIER_KNOTS.);
#8044 = CARTESIAN_POINT('',(0.403734855844,2.710819788576,3.564345998476
    ));
#8045 = CARTESIAN_POINT('',(0.403734855844,2.709820655503,3.564304367932
    ));
#8046 = ORIENTED_EDGE('',*,*,#1167,.F.);
#8047 = B_SPLINE_SURFACE_WITH_KNOTS('',3,1,(
    (#8048,#8049)
    ,(#8050,#8051)
    ,(#8052,#8053)
    ,(#8054,#8055
    )),.UNSPECIFIED.,.F.,.F.,.F.,(4,4),(2,2),(28.,29.),(0.,1.),
  .PIECEWISE_BEZIER_KNOTS.);
#8048 = CARTESIAN_POINT('',(0.445349540214,2.708941341224,3.609428734929
    ));
#8049 = CARTESIAN_POINT('',(0.445349540214,2.707942208151,3.609387104384
    ));
#8050 = CARTESIAN_POINT('',(0.445513623243,2.709904471819,3.586313600643
    ));
#8051 = CARTESIAN_POINT('',(0.445513623243,2.708905338746,3.586271970098
    ));
#8052 = CARTESIAN_POINT('',(0.426859846765,2.710752762893,3.565954614875
    ));
#8053 = CARTESIAN_POINT('',(0.426859846765,2.70975362982,3.56591298433)
  );
#8054 = CARTESIAN_POINT('',(0.403734855844,2.710819788576,3.564345998476
    ));
#8055 = CARTESIAN_POINT('',(0.403734855844,2.709820655503,3.564304367932
    ));
#8056 = ADVANCED_FACE('',(#8057),#8067,.F.);
#8057 = FACE_BOUND('',#8058,.T.);
#8058 = EDGE_LOOP('',(#8059,#8060,#8065,#8066));
#8059 = ORIENTED_EDGE('',*,*,#1160,.T.);
#8060 = ORIENTED_EDGE('',*,*,#8061,.F.);
#8061 = EDGE_CURVE('',#7425,#1152,#8062,.T.);
#8062 = B_SPLINE_CURVE_WITH_KNOTS('',1,(#8063,#8064),.UNSPECIFIED.,.F.,
  .F.,(2,2),(-0.,1.000000000002E-03),.PIECEWISE_BEZIER_KNOTS.);
#8063 = CARTESIAN_POINT('',(0.318423791487,2.710844977408,3.563741466502
    ));
#8064 = CARTESIAN_POINT('',(0.318423791487,2.709845844335,3.563699835957
    ));
#8065 = ORIENTED_EDGE('',*,*,#7424,.F.);
#8066 = ORIENTED_EDGE('',*,*,#8042,.T.);
#8067 = B_SPLINE_SURFACE_WITH_KNOTS('',1,1,(
    (#8068,#8069)
    ,(#8070,#8071
    )),.UNSPECIFIED.,.F.,.F.,.F.,(2,2),(2,2),(-2.819011519956E-16,
    1.000000000002E-03),(-4.337950480129E-03,8.097525948804E-02),
  .PIECEWISE_BEZIER_KNOTS.);
#8068 = CARTESIAN_POINT('',(0.318423791487,2.710844977408,3.563741466502
    ));
#8069 = CARTESIAN_POINT('',(0.403734855844,2.710819788576,3.564345998476
    ));
#8070 = CARTESIAN_POINT('',(0.318423791487,2.709845844335,3.563699835957
    ));
#8071 = CARTESIAN_POINT('',(0.403734855844,2.709820655503,3.564304367932
    ));
#8072 = ADVANCED_FACE('',(#8073),#8083,.F.);
#8073 = FACE_BOUND('',#8074,.F.);
#8074 = EDGE_LOOP('',(#8075,#8076,#8077,#8082));
#8075 = ORIENTED_EDGE('',*,*,#8061,.F.);
#8076 = ORIENTED_EDGE('',*,*,#7431,.T.);
#8077 = ORIENTED_EDGE('',*,*,#8078,.T.);
#8078 = EDGE_CURVE('',#7432,#1143,#8079,.T.);
#8079 = B_SPLINE_CURVE_WITH_KNOTS('',1,(#8080,#8081),.UNSPECIFIED.,.F.,
  .F.,(2,2),(-0.,1.000000000002E-03),.PIECEWISE_BEZIER_KNOTS.);
#8080 = CARTESIAN_POINT('',(0.186380806402,2.708175020606,3.627820429751
    ));
#8081 = CARTESIAN_POINT('',(0.186380806402,2.707175887533,3.627778799206
    ));
#8082 = ORIENTED_EDGE('',*,*,#1151,.F.);
#8083 = B_SPLINE_SURFACE_WITH_KNOTS('',3,1,(
    (#8084,#8085)
    ,(#8086,#8087)
    ,(#8088,#8089)
    ,(#8090,#8091
    )),.UNSPECIFIED.,.F.,.F.,.F.,(4,4),(2,2),(33.,34.),(0.,1.),
  .PIECEWISE_BEZIER_KNOTS.);
#8084 = CARTESIAN_POINT('',(0.318423791487,2.710844977408,3.563741466502
    ));
#8085 = CARTESIAN_POINT('',(0.318423791487,2.709845844335,3.563699835957
    ));
#8086 = CARTESIAN_POINT('',(0.267784747819,2.710679333242,3.56771692649)
  );
#8087 = CARTESIAN_POINT('',(0.267784747819,2.709680200169,3.567675295945
    ));
#8088 = CARTESIAN_POINT('',(0.221350227629,2.709729862099,3.590504233932
    ));
#8089 = CARTESIAN_POINT('',(0.221350227629,2.708730729026,3.590462603387
    ));
#8090 = CARTESIAN_POINT('',(0.186380806402,2.708175020606,3.627820429751
    ));
#8091 = CARTESIAN_POINT('',(0.186380806402,2.707175887533,3.627778799206
    ));
#8092 = ADVANCED_FACE('',(#8093),#8099,.F.);
#8093 = FACE_BOUND('',#8094,.F.);
#8094 = EDGE_LOOP('',(#8095,#8096,#8097,#8098));
#8095 = ORIENTED_EDGE('',*,*,#8078,.F.);
#8096 = ORIENTED_EDGE('',*,*,#7440,.T.);
#8097 = ORIENTED_EDGE('',*,*,#7480,.T.);
#8098 = ORIENTED_EDGE('',*,*,#1142,.F.);
#8099 = B_SPLINE_SURFACE_WITH_KNOTS('',3,1,(
    (#8100,#8101)
    ,(#8102,#8103)
    ,(#8104,#8105)
    ,(#8106,#8107
    )),.UNSPECIFIED.,.F.,.F.,.F.,(4,4),(2,2),(34.,35.),(0.,1.),
  .PIECEWISE_BEZIER_KNOTS.);
#8100 = CARTESIAN_POINT('',(0.186380806402,2.708175020606,3.627820429751
    ));
#8101 = CARTESIAN_POINT('',(0.186380806402,2.707175887533,3.627778799206
    ));
#8102 = CARTESIAN_POINT('',(0.151411330015,2.70662017913,3.665136625179)
  );
#8103 = CARTESIAN_POINT('',(0.151411330015,2.705621046057,3.665094994634
    ));
#8104 = CARTESIAN_POINT('',(0.132265303664,2.704579073825,3.71412315249)
  );
#8105 = CARTESIAN_POINT('',(0.132265303664,2.703579940752,3.714081521945
    ));
#8106 = CARTESIAN_POINT('',(0.131906371694,2.702472223639,3.764687556961
    ));
#8107 = CARTESIAN_POINT('',(0.131906371694,2.701473090566,3.764645926416
    ));
#8108 = ADVANCED_FACE('',(#8109),#8136,.T.);
#8109 = FACE_BOUND('',#8110,.T.);
#8110 = EDGE_LOOP('',(#8111,#8125,#8130,#8131));
#8111 = ORIENTED_EDGE('',*,*,#8112,.F.);
#8112 = EDGE_CURVE('',#8113,#8115,#8117,.T.);
#8113 = VERTEX_POINT('',#8114);
#8114 = CARTESIAN_POINT('',(0.743594854246,2.710081505048,3.558043978855
    ));
#8115 = VERTEX_POINT('',#8116);
#8116 = CARTESIAN_POINT('',(0.742794948401,2.705386237081,3.67073041005)
  );
#8117 = B_SPLINE_CURVE_WITH_KNOTS('',3,(#8118,#8119,#8120,#8121,#8122,
    #8123,#8124),.UNSPECIFIED.,.F.,.F.,(4,3,4),(0.,1.,2.),
  .PIECEWISE_BEZIER_KNOTS.);
#8118 = CARTESIAN_POINT('',(0.743594854246,2.710081505048,3.558043978855
    ));
#8119 = CARTESIAN_POINT('',(0.7117839531,2.710090897492,3.557818560182)
  );
#8120 = CARTESIAN_POINT('',(0.687018184499,2.709014630508,3.583648967816
    ));
#8121 = CARTESIAN_POINT('',(0.686802825473,2.707750521314,3.613987588455
    ));
#8122 = CARTESIAN_POINT('',(0.686577211014,2.706426215024,3.64577093943)
  );
#8123 = CARTESIAN_POINT('',(0.712429975995,2.705395202603,3.67051523753)
  );
#8124 = CARTESIAN_POINT('',(0.742794948401,2.705386237081,3.67073041005)
  );
#8125 = ORIENTED_EDGE('',*,*,#8126,.F.);
#8126 = EDGE_CURVE('',#7450,#8113,#8127,.T.);
#8127 = B_SPLINE_CURVE_WITH_KNOTS('',1,(#8128,#8129),.UNSPECIFIED.,.F.,
  .F.,(2,2),(-0.,1.000000000002E-03),.PIECEWISE_BEZIER_KNOTS.);
#8128 = CARTESIAN_POINT('',(0.743594854246,2.711080638121,3.558085609399
    ));
#8129 = CARTESIAN_POINT('',(0.743594854246,2.710081505048,3.558043978855
    ));
#8130 = ORIENTED_EDGE('',*,*,#7449,.T.);
#8131 = ORIENTED_EDGE('',*,*,#8132,.T.);
#8132 = EDGE_CURVE('',#7452,#8115,#8133,.T.);
#8133 = B_SPLINE_CURVE_WITH_KNOTS('',1,(#8134,#8135),.UNSPECIFIED.,.F.,
  .F.,(2,2),(-0.,9.999999999999E-04),.PIECEWISE_BEZIER_KNOTS.);
#8134 = CARTESIAN_POINT('',(0.742794948401,2.706385370154,3.670772040595
    ));
#8135 = CARTESIAN_POINT('',(0.742794948401,2.705386237081,3.67073041005)
  );
#8136 = B_SPLINE_SURFACE_WITH_KNOTS('',3,1,(
    (#8137,#8138)
    ,(#8139,#8140)
    ,(#8141,#8142)
    ,(#8143,#8144)
    ,(#8145,#8146)
    ,(#8147,#8148)
    ,(#8149,#8150
    )),.UNSPECIFIED.,.F.,.F.,.F.,(4,3,4),(2,2),(0.,1.,2.),(0.,1.),
  .PIECEWISE_BEZIER_KNOTS.);
#8137 = CARTESIAN_POINT('',(0.743594854246,2.711080638121,3.558085609399
    ));
#8138 = CARTESIAN_POINT('',(0.743594854246,2.710081505048,3.558043978855
    ));
#8139 = CARTESIAN_POINT('',(0.7117839531,2.711090030566,3.557860190727)
  );
#8140 = CARTESIAN_POINT('',(0.7117839531,2.710090897492,3.557818560182)
  );
#8141 = CARTESIAN_POINT('',(0.687018184499,2.710013763581,3.583690598361
    ));
#8142 = CARTESIAN_POINT('',(0.687018184499,2.709014630508,3.583648967816
    ));
#8143 = CARTESIAN_POINT('',(0.686802825473,2.708749654387,3.614029219));
#8144 = CARTESIAN_POINT('',(0.686802825473,2.707750521314,3.613987588455
    ));
#8145 = CARTESIAN_POINT('',(0.686577211014,2.707425348097,3.645812569975
    ));
#8146 = CARTESIAN_POINT('',(0.686577211014,2.706426215024,3.64577093943)
  );
#8147 = CARTESIAN_POINT('',(0.712429975995,2.706394335676,3.670556868075
    ));
#8148 = CARTESIAN_POINT('',(0.712429975995,2.705395202603,3.67051523753)
  );
#8149 = CARTESIAN_POINT('',(0.742794948401,2.706385370154,3.670772040595
    ));
#8150 = CARTESIAN_POINT('',(0.742794948401,2.705386237081,3.67073041005)
  );
#8151 = ADVANCED_FACE('',(#8152),#8166,.T.);
#8152 = FACE_BOUND('',#8153,.T.);
#8153 = EDGE_LOOP('',(#8154,#8163,#8164,#8165));
#8154 = ORIENTED_EDGE('',*,*,#8155,.F.);
#8155 = EDGE_CURVE('',#8115,#8113,#8156,.T.);
#8156 = B_SPLINE_CURVE_WITH_KNOTS('',3,(#8157,#8158,#8159,#8160,#8161,
    #8162),.UNSPECIFIED.,.F.,.F.,(4,2,4),(2.,3.,4.),.UNSPECIFIED.);
#8157 = CARTESIAN_POINT('',(0.742794948401,2.705386237081,3.67073041005)
  );
#8158 = CARTESIAN_POINT('',(0.773159920806,2.70537727156,3.67094558257)
  );
#8159 = CARTESIAN_POINT('',(0.799361362715,2.706392914524,3.646570151425
    ));
#8160 = CARTESIAN_POINT('',(0.799812591633,2.709041527105,3.583003449474
    ));
#8161 = CARTESIAN_POINT('',(0.773959826651,2.710072539526,3.558259151375
    ));
#8162 = CARTESIAN_POINT('',(0.743594854246,2.710081505048,3.558043978855
    ));
#8163 = ORIENTED_EDGE('',*,*,#8132,.F.);
#8164 = ORIENTED_EDGE('',*,*,#7463,.T.);
#8165 = ORIENTED_EDGE('',*,*,#8126,.T.);
#8166 = B_SPLINE_SURFACE_WITH_KNOTS('',3,1,(
    (#8167,#8168)
    ,(#8169,#8170)
    ,(#8171,#8172)
    ,(#8173,#8174)
    ,(#8175,#8176)
    ,(#8177,#8178
    )),.UNSPECIFIED.,.F.,.F.,.F.,(4,2,4),(2,2),(2.,3.,4.),(0.,1.),
  .UNSPECIFIED.);
#8167 = CARTESIAN_POINT('',(0.742794948401,2.706385370154,3.670772040595
    ));
#8168 = CARTESIAN_POINT('',(0.742794948401,2.705386237081,3.67073041005)
  );
#8169 = CARTESIAN_POINT('',(0.773159920806,2.706376404633,3.670987213115
    ));
#8170 = CARTESIAN_POINT('',(0.773159920806,2.70537727156,3.67094558257)
  );
#8171 = CARTESIAN_POINT('',(0.799361362715,2.707392047597,3.64661178197)
  );
#8172 = CARTESIAN_POINT('',(0.799361362715,2.706392914524,3.646570151425
    ));
#8173 = CARTESIAN_POINT('',(0.799812591633,2.710040660178,3.583045080019
    ));
#8174 = CARTESIAN_POINT('',(0.799812591633,2.709041527105,3.583003449474
    ));
#8175 = CARTESIAN_POINT('',(0.773959826651,2.711071672599,3.55830078192)
  );
#8176 = CARTESIAN_POINT('',(0.773959826651,2.710072539526,3.558259151375
    ));
#8177 = CARTESIAN_POINT('',(0.743594854246,2.711080638121,3.558085609399
    ));
#8178 = CARTESIAN_POINT('',(0.743594854246,2.710081505048,3.558043978855
    ));
#8179 = ADVANCED_FACE('',(#8180),#8184,.F.);
#8180 = FACE_BOUND('',#8181,.T.);
#8181 = EDGE_LOOP('',(#8182,#8183));
#8182 = ORIENTED_EDGE('',*,*,#8155,.T.);
#8183 = ORIENTED_EDGE('',*,*,#8112,.T.);
#8184 = B_SPLINE_SURFACE_WITH_KNOTS('',1,1,(
    (#8185,#8186)
    ,(#8187,#8188
    )),.UNSPECIFIED.,.F.,.F.,.F.,(2,2),(2,2),(1.330207710286,
    1.44343289063),(5.936577211014,6.049812591633),
  .PIECEWISE_BEZIER_KNOTS.);
#8185 = CARTESIAN_POINT('',(0.686577211014,2.70537727156,3.67094558257)
  );
#8186 = CARTESIAN_POINT('',(0.799812591633,2.70537727156,3.67094558257)
  );
#8187 = CARTESIAN_POINT('',(0.686577211014,2.710090897492,3.557818560182
    ));
#8188 = CARTESIAN_POINT('',(0.799812591633,2.710090897492,3.557818560182
    ));
#8189 = ( GEOMETRIC_REPRESENTATION_CONTEXT(3) 
GLOBAL_UNCERTAINTY_ASSIGNED_CONTEXT((#8193)) 
GLOBAL_UNIT_ASSIGNED_CONTEXT((#8190,#8191,#8192)) REPRESENTATION_CONTEXT
('Context #1','3D Context with UNIT and UNCERTAINTY') );
#8190 = ( LENGTH_UNIT() NAMED_UNIT(*) SI_UNIT(.MILLI.,.METRE.) );
#8191 = ( NAMED_UNIT(*) PLANE_ANGLE_UNIT() SI_UNIT($,.RADIAN.) );
#8192 = ( NAMED_UNIT(*) SI_UNIT($,.STERADIAN.) SOLID_ANGLE_UNIT() );
#8193 = UNCERTAINTY_MEASURE_WITH_UNIT(LENGTH_MEASURE(1.E-07),#8190,
  'distance_accuracy_value','confusion accuracy');
#8194 = PRODUCT_RELATED_PRODUCT_CATEGORY('part',$,(#7));
#8195 = MECHANICAL_DESIGN_GEOMETRIC_PRESENTATION_REPRESENTATION('',(
    #8196,#8206,#8214,#8221,#8228,#8235,#8242,#8249,#8256,#8263,#8270,
    #8277,#8284,#8291,#8298,#8305,#8313,#8320,#8327,#8334,#8341,#8348,
    #8355,#8362,#8369,#8376,#8383,#8390,#8397,#8404,#8411,#8418,#8425,
    #8432,#8439,#8446,#8453,#8460,#8467,#8474,#8481,#8488,#8495,#8502,
    #8509,#8516,#8523,#8530,#8537,#8544,#8551,#8558,#8565,#8572,#8579,
    #8586,#8593,#8600,#8607,#8614,#8621,#8628,#8635,#8642,#8649,#8656,
    #8663,#8670,#8677,#8684,#8691,#8698,#8705,#8712,#8719,#8726,#8733,
    #8740,#8747,#8754,#8761,#8768,#8775,#8782,#8789,#8796,#8803,#8810,
    #8817,#8824,#8831,#8838,#8845,#8852,#8859,#8866,#8873,#8880,#8887,
    #8894,#8901,#8908,#8915,#8922,#8929,#8936,#8943,#8950,#8957,#8964,
    #8971,#8978,#8985,#8992,#8999,#9006,#9013,#9020,#9027,#9034,#9041,
    #9048,#9055,#9062,#9069,#9076,#9083,#9090,#9097,#9104,#9111,#9118,
    #9125,#9132,#9139,#9146,#9153,#9160,#9167,#9174,#9181,#9188,#9195,
    #9202,#9209,#9216,#9223,#9230,#9237,#9244,#9251,#9258,#9265,#9272,
    #9279,#9286,#9293,#9300,#9307,#9314,#9321,#9328,#9335,#9342,#9349,
    #9356,#9363,#9370,#9377,#9384,#9391,#9398,#9405,#9412,#9419,#9426,
    #9433,#9440,#9447,#9454,#9461,#9468,#9475,#9482,#9489,#9496,#9503,
    #9510,#9517,#9524,#9531,#9538,#9545,#9552,#9559,#9566,#9573,#9580,
    #9587,#9594,#9601,#9608,#9615,#9622,#9629,#9636,#9643,#9650,#9657,
    #9664,#9671,#9678,#9685,#9692,#9699,#9706,#9713,#9720,#9727,#9734,
    #9741,#9748,#9755,#9762,#9769,#9776,#9783,#9790,#9797,#9804,#9811,
    #9818,#9825,#9832,#9839,#9846,#9853,#9860,#9867,#9874,#9881,#9888,
    #9895,#9902,#9909,#9916,#9923,#9930,#9937,#9944,#9951,#9958,#9965,
    #9972,#9979,#9986,#9993,#10000,#10007,#10014,#10021),#8189);
#8196 = STYLED_ITEM('color',(#8197),#15);
#8197 = PRESENTATION_STYLE_ASSIGNMENT((#8198,#8204));
#8198 = SURFACE_STYLE_USAGE(.BOTH.,#8199);
#8199 = SURFACE_SIDE_STYLE('',(#8200));
#8200 = SURFACE_STYLE_FILL_AREA(#8201);
#8201 = FILL_AREA_STYLE('',(#8202));
#8202 = FILL_AREA_STYLE_COLOUR('',#8203);
#8203 = COLOUR_RGB('',0.792156867455,0.819607826924,0.933333342953);
#8204 = CURVE_STYLE('',#8205,POSITIVE_LENGTH_MEASURE(0.1),#8203);
#8205 = DRAUGHTING_PRE_DEFINED_CURVE_FONT('continuous');
#8206 = OVER_RIDING_STYLED_ITEM('overriding color',(#8207),#17,#8196);
#8207 = PRESENTATION_STYLE_ASSIGNMENT((#8208));
#8208 = SURFACE_STYLE_USAGE(.BOTH.,#8209);
#8209 = SURFACE_SIDE_STYLE('',(#8210));
#8210 = SURFACE_STYLE_FILL_AREA(#8211);
#8211 = FILL_AREA_STYLE('',(#8212));
#8212 = FILL_AREA_STYLE_COLOUR('',#8213);
#8213 = COLOUR_RGB('',0.203921572143,0.203921572143,0.203921572143);
#8214 = OVER_RIDING_STYLED_ITEM('overriding color',(#8215),#1422,#8196);
#8215 = PRESENTATION_STYLE_ASSIGNMENT((#8216));
#8216 = SURFACE_STYLE_USAGE(.BOTH.,#8217);
#8217 = SURFACE_SIDE_STYLE('',(#8218));
#8218 = SURFACE_STYLE_FILL_AREA(#8219);
#8219 = FILL_AREA_STYLE('',(#8220));
#8220 = FILL_AREA_STYLE_COLOUR('',#8213);
#8221 = OVER_RIDING_STYLED_ITEM('overriding color',(#8222),#1484,#8196);
#8222 = PRESENTATION_STYLE_ASSIGNMENT((#8223));
#8223 = SURFACE_STYLE_USAGE(.BOTH.,#8224);
#8224 = SURFACE_SIDE_STYLE('',(#8225));
#8225 = SURFACE_STYLE_FILL_AREA(#8226);
#8226 = FILL_AREA_STYLE('',(#8227));
#8227 = FILL_AREA_STYLE_COLOUR('',#8213);
#8228 = OVER_RIDING_STYLED_ITEM('overriding color',(#8229),#1512,#8196);
#8229 = PRESENTATION_STYLE_ASSIGNMENT((#8230));
#8230 = SURFACE_STYLE_USAGE(.BOTH.,#8231);
#8231 = SURFACE_SIDE_STYLE('',(#8232));
#8232 = SURFACE_STYLE_FILL_AREA(#8233);
#8233 = FILL_AREA_STYLE('',(#8234));
#8234 = FILL_AREA_STYLE_COLOUR('',#8213);
#8235 = OVER_RIDING_STYLED_ITEM('overriding color',(#8236),#1548,#8196);
#8236 = PRESENTATION_STYLE_ASSIGNMENT((#8237));
#8237 = SURFACE_STYLE_USAGE(.BOTH.,#8238);
#8238 = SURFACE_SIDE_STYLE('',(#8239));
#8239 = SURFACE_STYLE_FILL_AREA(#8240);
#8240 = FILL_AREA_STYLE('',(#8241));
#8241 = FILL_AREA_STYLE_COLOUR('',#8213);
#8242 = OVER_RIDING_STYLED_ITEM('overriding color',(#8243),#1584,#8196);
#8243 = PRESENTATION_STYLE_ASSIGNMENT((#8244));
#8244 = SURFACE_STYLE_USAGE(.BOTH.,#8245);
#8245 = SURFACE_SIDE_STYLE('',(#8246));
#8246 = SURFACE_STYLE_FILL_AREA(#8247);
#8247 = FILL_AREA_STYLE('',(#8248));
#8248 = FILL_AREA_STYLE_COLOUR('',#8213);
#8249 = OVER_RIDING_STYLED_ITEM('overriding color',(#8250),#1646,#8196);
#8250 = PRESENTATION_STYLE_ASSIGNMENT((#8251));
#8251 = SURFACE_STYLE_USAGE(.BOTH.,#8252);
#8252 = SURFACE_SIDE_STYLE('',(#8253));
#8253 = SURFACE_STYLE_FILL_AREA(#8254);
#8254 = FILL_AREA_STYLE('',(#8255));
#8255 = FILL_AREA_STYLE_COLOUR('',#8213);
#8256 = OVER_RIDING_STYLED_ITEM('overriding color',(#8257),#1682,#8196);
#8257 = PRESENTATION_STYLE_ASSIGNMENT((#8258));
#8258 = SURFACE_STYLE_USAGE(.BOTH.,#8259);
#8259 = SURFACE_SIDE_STYLE('',(#8260));
#8260 = SURFACE_STYLE_FILL_AREA(#8261);
#8261 = FILL_AREA_STYLE('',(#8262));
#8262 = FILL_AREA_STYLE_COLOUR('',#8213);
#8263 = OVER_RIDING_STYLED_ITEM('overriding color',(#8264),#1718,#8196);
#8264 = PRESENTATION_STYLE_ASSIGNMENT((#8265));
#8265 = SURFACE_STYLE_USAGE(.BOTH.,#8266);
#8266 = SURFACE_SIDE_STYLE('',(#8267));
#8267 = SURFACE_STYLE_FILL_AREA(#8268);
#8268 = FILL_AREA_STYLE('',(#8269));
#8269 = FILL_AREA_STYLE_COLOUR('',#8213);
#8270 = OVER_RIDING_STYLED_ITEM('overriding color',(#8271),#1734,#8196);
#8271 = PRESENTATION_STYLE_ASSIGNMENT((#8272));
#8272 = SURFACE_STYLE_USAGE(.BOTH.,#8273);
#8273 = SURFACE_SIDE_STYLE('',(#8274));
#8274 = SURFACE_STYLE_FILL_AREA(#8275);
#8275 = FILL_AREA_STYLE('',(#8276));
#8276 = FILL_AREA_STYLE_COLOUR('',#8213);
#8277 = OVER_RIDING_STYLED_ITEM('overriding color',(#8278),#1770,#8196);
#8278 = PRESENTATION_STYLE_ASSIGNMENT((#8279));
#8279 = SURFACE_STYLE_USAGE(.BOTH.,#8280);
#8280 = SURFACE_SIDE_STYLE('',(#8281));
#8281 = SURFACE_STYLE_FILL_AREA(#8282);
#8282 = FILL_AREA_STYLE('',(#8283));
#8283 = FILL_AREA_STYLE_COLOUR('',#8213);
#8284 = OVER_RIDING_STYLED_ITEM('overriding color',(#8285),#1786,#8196);
#8285 = PRESENTATION_STYLE_ASSIGNMENT((#8286));
#8286 = SURFACE_STYLE_USAGE(.BOTH.,#8287);
#8287 = SURFACE_SIDE_STYLE('',(#8288));
#8288 = SURFACE_STYLE_FILL_AREA(#8289);
#8289 = FILL_AREA_STYLE('',(#8290));
#8290 = FILL_AREA_STYLE_COLOUR('',#8213);
#8291 = OVER_RIDING_STYLED_ITEM('overriding color',(#8292),#1798,#8196);
#8292 = PRESENTATION_STYLE_ASSIGNMENT((#8293));
#8293 = SURFACE_STYLE_USAGE(.BOTH.,#8294);
#8294 = SURFACE_SIDE_STYLE('',(#8295));
#8295 = SURFACE_STYLE_FILL_AREA(#8296);
#8296 = FILL_AREA_STYLE('',(#8297));
#8297 = FILL_AREA_STYLE_COLOUR('',#8213);
#8298 = OVER_RIDING_STYLED_ITEM('overriding color',(#8299),#1814,#8196);
#8299 = PRESENTATION_STYLE_ASSIGNMENT((#8300));
#8300 = SURFACE_STYLE_USAGE(.BOTH.,#8301);
#8301 = SURFACE_SIDE_STYLE('',(#8302));
#8302 = SURFACE_STYLE_FILL_AREA(#8303);
#8303 = FILL_AREA_STYLE('',(#8304));
#8304 = FILL_AREA_STYLE_COLOUR('',#8213);
#8305 = OVER_RIDING_STYLED_ITEM('overriding color',(#8306),#1826,#8196);
#8306 = PRESENTATION_STYLE_ASSIGNMENT((#8307));
#8307 = SURFACE_STYLE_USAGE(.BOTH.,#8308);
#8308 = SURFACE_SIDE_STYLE('',(#8309));
#8309 = SURFACE_STYLE_FILL_AREA(#8310);
#8310 = FILL_AREA_STYLE('',(#8311));
#8311 = FILL_AREA_STYLE_COLOUR('',#8312);
#8312 = DRAUGHTING_PRE_DEFINED_COLOUR('white');
#8313 = OVER_RIDING_STYLED_ITEM('overriding color',(#8314),#1866,#8196);
#8314 = PRESENTATION_STYLE_ASSIGNMENT((#8315));
#8315 = SURFACE_STYLE_USAGE(.BOTH.,#8316);
#8316 = SURFACE_SIDE_STYLE('',(#8317));
#8317 = SURFACE_STYLE_FILL_AREA(#8318);
#8318 = FILL_AREA_STYLE('',(#8319));
#8319 = FILL_AREA_STYLE_COLOUR('',#8312);
#8320 = OVER_RIDING_STYLED_ITEM('overriding color',(#8321),#1894,#8196);
#8321 = PRESENTATION_STYLE_ASSIGNMENT((#8322));
#8322 = SURFACE_STYLE_USAGE(.BOTH.,#8323);
#8323 = SURFACE_SIDE_STYLE('',(#8324));
#8324 = SURFACE_STYLE_FILL_AREA(#8325);
#8325 = FILL_AREA_STYLE('',(#8326));
#8326 = FILL_AREA_STYLE_COLOUR('',#8312);
#8327 = OVER_RIDING_STYLED_ITEM('overriding color',(#8328),#1922,#8196);
#8328 = PRESENTATION_STYLE_ASSIGNMENT((#8329));
#8329 = SURFACE_STYLE_USAGE(.BOTH.,#8330);
#8330 = SURFACE_SIDE_STYLE('',(#8331));
#8331 = SURFACE_STYLE_FILL_AREA(#8332);
#8332 = FILL_AREA_STYLE('',(#8333));
#8333 = FILL_AREA_STYLE_COLOUR('',#8312);
#8334 = OVER_RIDING_STYLED_ITEM('overriding color',(#8335),#1950,#8196);
#8335 = PRESENTATION_STYLE_ASSIGNMENT((#8336));
#8336 = SURFACE_STYLE_USAGE(.BOTH.,#8337);
#8337 = SURFACE_SIDE_STYLE('',(#8338));
#8338 = SURFACE_STYLE_FILL_AREA(#8339);
#8339 = FILL_AREA_STYLE('',(#8340));
#8340 = FILL_AREA_STYLE_COLOUR('',#8312);
#8341 = OVER_RIDING_STYLED_ITEM('overriding color',(#8342),#1978,#8196);
#8342 = PRESENTATION_STYLE_ASSIGNMENT((#8343));
#8343 = SURFACE_STYLE_USAGE(.BOTH.,#8344);
#8344 = SURFACE_SIDE_STYLE('',(#8345));
#8345 = SURFACE_STYLE_FILL_AREA(#8346);
#8346 = FILL_AREA_STYLE('',(#8347));
#8347 = FILL_AREA_STYLE_COLOUR('',#8312);
#8348 = OVER_RIDING_STYLED_ITEM('overriding color',(#8349),#2006,#8196);
#8349 = PRESENTATION_STYLE_ASSIGNMENT((#8350));
#8350 = SURFACE_STYLE_USAGE(.BOTH.,#8351);
#8351 = SURFACE_SIDE_STYLE('',(#8352));
#8352 = SURFACE_STYLE_FILL_AREA(#8353);
#8353 = FILL_AREA_STYLE('',(#8354));
#8354 = FILL_AREA_STYLE_COLOUR('',#8312);
#8355 = OVER_RIDING_STYLED_ITEM('overriding color',(#8356),#2038,#8196);
#8356 = PRESENTATION_STYLE_ASSIGNMENT((#8357));
#8357 = SURFACE_STYLE_USAGE(.BOTH.,#8358);
#8358 = SURFACE_SIDE_STYLE('',(#8359));
#8359 = SURFACE_STYLE_FILL_AREA(#8360);
#8360 = FILL_AREA_STYLE('',(#8361));
#8361 = FILL_AREA_STYLE_COLOUR('',#8312);
#8362 = OVER_RIDING_STYLED_ITEM('overriding color',(#8363),#2065,#8196);
#8363 = PRESENTATION_STYLE_ASSIGNMENT((#8364));
#8364 = SURFACE_STYLE_USAGE(.BOTH.,#8365);
#8365 = SURFACE_SIDE_STYLE('',(#8366));
#8366 = SURFACE_STYLE_FILL_AREA(#8367);
#8367 = FILL_AREA_STYLE('',(#8368));
#8368 = FILL_AREA_STYLE_COLOUR('',#8312);
#8369 = OVER_RIDING_STYLED_ITEM('overriding color',(#8370),#2092,#8196);
#8370 = PRESENTATION_STYLE_ASSIGNMENT((#8371));
#8371 = SURFACE_STYLE_USAGE(.BOTH.,#8372);
#8372 = SURFACE_SIDE_STYLE('',(#8373));
#8373 = SURFACE_STYLE_FILL_AREA(#8374);
#8374 = FILL_AREA_STYLE('',(#8375));
#8375 = FILL_AREA_STYLE_COLOUR('',#8312);
#8376 = OVER_RIDING_STYLED_ITEM('overriding color',(#8377),#2104,#8196);
#8377 = PRESENTATION_STYLE_ASSIGNMENT((#8378));
#8378 = SURFACE_STYLE_USAGE(.BOTH.,#8379);
#8379 = SURFACE_SIDE_STYLE('',(#8380));
#8380 = SURFACE_STYLE_FILL_AREA(#8381);
#8381 = FILL_AREA_STYLE('',(#8382));
#8382 = FILL_AREA_STYLE_COLOUR('',#8312);
#8383 = OVER_RIDING_STYLED_ITEM('overriding color',(#8384),#2116,#8196);
#8384 = PRESENTATION_STYLE_ASSIGNMENT((#8385));
#8385 = SURFACE_STYLE_USAGE(.BOTH.,#8386);
#8386 = SURFACE_SIDE_STYLE('',(#8387));
#8387 = SURFACE_STYLE_FILL_AREA(#8388);
#8388 = FILL_AREA_STYLE('',(#8389));
#8389 = FILL_AREA_STYLE_COLOUR('',#8312);
#8390 = OVER_RIDING_STYLED_ITEM('overriding color',(#8391),#2144,#8196);
#8391 = PRESENTATION_STYLE_ASSIGNMENT((#8392));
#8392 = SURFACE_STYLE_USAGE(.BOTH.,#8393);
#8393 = SURFACE_SIDE_STYLE('',(#8394));
#8394 = SURFACE_STYLE_FILL_AREA(#8395);
#8395 = FILL_AREA_STYLE('',(#8396));
#8396 = FILL_AREA_STYLE_COLOUR('',#8312);
#8397 = OVER_RIDING_STYLED_ITEM('overriding color',(#8398),#2172,#8196);
#8398 = PRESENTATION_STYLE_ASSIGNMENT((#8399));
#8399 = SURFACE_STYLE_USAGE(.BOTH.,#8400);
#8400 = SURFACE_SIDE_STYLE('',(#8401));
#8401 = SURFACE_STYLE_FILL_AREA(#8402);
#8402 = FILL_AREA_STYLE('',(#8403));
#8403 = FILL_AREA_STYLE_COLOUR('',#8312);
#8404 = OVER_RIDING_STYLED_ITEM('overriding color',(#8405),#2233,#8196);
#8405 = PRESENTATION_STYLE_ASSIGNMENT((#8406));
#8406 = SURFACE_STYLE_USAGE(.BOTH.,#8407);
#8407 = SURFACE_SIDE_STYLE('',(#8408));
#8408 = SURFACE_STYLE_FILL_AREA(#8409);
#8409 = FILL_AREA_STYLE('',(#8410));
#8410 = FILL_AREA_STYLE_COLOUR('',#8312);
#8411 = OVER_RIDING_STYLED_ITEM('overriding color',(#8412),#2294,#8196);
#8412 = PRESENTATION_STYLE_ASSIGNMENT((#8413));
#8413 = SURFACE_STYLE_USAGE(.BOTH.,#8414);
#8414 = SURFACE_SIDE_STYLE('',(#8415));
#8415 = SURFACE_STYLE_FILL_AREA(#8416);
#8416 = FILL_AREA_STYLE('',(#8417));
#8417 = FILL_AREA_STYLE_COLOUR('',#8312);
#8418 = OVER_RIDING_STYLED_ITEM('overriding color',(#8419),#2314,#8196);
#8419 = PRESENTATION_STYLE_ASSIGNMENT((#8420));
#8420 = SURFACE_STYLE_USAGE(.BOTH.,#8421);
#8421 = SURFACE_SIDE_STYLE('',(#8422));
#8422 = SURFACE_STYLE_FILL_AREA(#8423);
#8423 = FILL_AREA_STYLE('',(#8424));
#8424 = FILL_AREA_STYLE_COLOUR('',#8312);
#8425 = OVER_RIDING_STYLED_ITEM('overriding color',(#8426),#2330,#8196);
#8426 = PRESENTATION_STYLE_ASSIGNMENT((#8427));
#8427 = SURFACE_STYLE_USAGE(.BOTH.,#8428);
#8428 = SURFACE_SIDE_STYLE('',(#8429));
#8429 = SURFACE_STYLE_FILL_AREA(#8430);
#8430 = FILL_AREA_STYLE('',(#8431));
#8431 = FILL_AREA_STYLE_COLOUR('',#8312);
#8432 = OVER_RIDING_STYLED_ITEM('overriding color',(#8433),#2346,#8196);
#8433 = PRESENTATION_STYLE_ASSIGNMENT((#8434));
#8434 = SURFACE_STYLE_USAGE(.BOTH.,#8435);
#8435 = SURFACE_SIDE_STYLE('',(#8436));
#8436 = SURFACE_STYLE_FILL_AREA(#8437);
#8437 = FILL_AREA_STYLE('',(#8438));
#8438 = FILL_AREA_STYLE_COLOUR('',#8312);
#8439 = OVER_RIDING_STYLED_ITEM('overriding color',(#8440),#2362,#8196);
#8440 = PRESENTATION_STYLE_ASSIGNMENT((#8441));
#8441 = SURFACE_STYLE_USAGE(.BOTH.,#8442);
#8442 = SURFACE_SIDE_STYLE('',(#8443));
#8443 = SURFACE_STYLE_FILL_AREA(#8444);
#8444 = FILL_AREA_STYLE('',(#8445));
#8445 = FILL_AREA_STYLE_COLOUR('',#8312);
#8446 = OVER_RIDING_STYLED_ITEM('overriding color',(#8447),#2376,#8196);
#8447 = PRESENTATION_STYLE_ASSIGNMENT((#8448));
#8448 = SURFACE_STYLE_USAGE(.BOTH.,#8449);
#8449 = SURFACE_SIDE_STYLE('',(#8450));
#8450 = SURFACE_STYLE_FILL_AREA(#8451);
#8451 = FILL_AREA_STYLE('',(#8452));
#8452 = FILL_AREA_STYLE_COLOUR('',#8312);
#8453 = OVER_RIDING_STYLED_ITEM('overriding color',(#8454),#2394,#8196);
#8454 = PRESENTATION_STYLE_ASSIGNMENT((#8455));
#8455 = SURFACE_STYLE_USAGE(.BOTH.,#8456);
#8456 = SURFACE_SIDE_STYLE('',(#8457));
#8457 = SURFACE_STYLE_FILL_AREA(#8458);
#8458 = FILL_AREA_STYLE('',(#8459));
#8459 = FILL_AREA_STYLE_COLOUR('',#8312);
#8460 = OVER_RIDING_STYLED_ITEM('overriding color',(#8461),#2406,#8196);
#8461 = PRESENTATION_STYLE_ASSIGNMENT((#8462));
#8462 = SURFACE_STYLE_USAGE(.BOTH.,#8463);
#8463 = SURFACE_SIDE_STYLE('',(#8464));
#8464 = SURFACE_STYLE_FILL_AREA(#8465);
#8465 = FILL_AREA_STYLE('',(#8466));
#8466 = FILL_AREA_STYLE_COLOUR('',#8312);
#8467 = OVER_RIDING_STYLED_ITEM('overriding color',(#8468),#2434,#8196);
#8468 = PRESENTATION_STYLE_ASSIGNMENT((#8469));
#8469 = SURFACE_STYLE_USAGE(.BOTH.,#8470);
#8470 = SURFACE_SIDE_STYLE('',(#8471));
#8471 = SURFACE_STYLE_FILL_AREA(#8472);
#8472 = FILL_AREA_STYLE('',(#8473));
#8473 = FILL_AREA_STYLE_COLOUR('',#8312);
#8474 = OVER_RIDING_STYLED_ITEM('overriding color',(#8475),#2456,#8196);
#8475 = PRESENTATION_STYLE_ASSIGNMENT((#8476));
#8476 = SURFACE_STYLE_USAGE(.BOTH.,#8477);
#8477 = SURFACE_SIDE_STYLE('',(#8478));
#8478 = SURFACE_STYLE_FILL_AREA(#8479);
#8479 = FILL_AREA_STYLE('',(#8480));
#8480 = FILL_AREA_STYLE_COLOUR('',#8312);
#8481 = OVER_RIDING_STYLED_ITEM('overriding color',(#8482),#2478,#8196);
#8482 = PRESENTATION_STYLE_ASSIGNMENT((#8483));
#8483 = SURFACE_STYLE_USAGE(.BOTH.,#8484);
#8484 = SURFACE_SIDE_STYLE('',(#8485));
#8485 = SURFACE_STYLE_FILL_AREA(#8486);
#8486 = FILL_AREA_STYLE('',(#8487));
#8487 = FILL_AREA_STYLE_COLOUR('',#8312);
#8488 = OVER_RIDING_STYLED_ITEM('overriding color',(#8489),#2500,#8196);
#8489 = PRESENTATION_STYLE_ASSIGNMENT((#8490));
#8490 = SURFACE_STYLE_USAGE(.BOTH.,#8491);
#8491 = SURFACE_SIDE_STYLE('',(#8492));
#8492 = SURFACE_STYLE_FILL_AREA(#8493);
#8493 = FILL_AREA_STYLE('',(#8494));
#8494 = FILL_AREA_STYLE_COLOUR('',#8312);
#8495 = OVER_RIDING_STYLED_ITEM('overriding color',(#8496),#2522,#8196);
#8496 = PRESENTATION_STYLE_ASSIGNMENT((#8497));
#8497 = SURFACE_STYLE_USAGE(.BOTH.,#8498);
#8498 = SURFACE_SIDE_STYLE('',(#8499));
#8499 = SURFACE_STYLE_FILL_AREA(#8500);
#8500 = FILL_AREA_STYLE('',(#8501));
#8501 = FILL_AREA_STYLE_COLOUR('',#8312);
#8502 = OVER_RIDING_STYLED_ITEM('overriding color',(#8503),#2538,#8196);
#8503 = PRESENTATION_STYLE_ASSIGNMENT((#8504));
#8504 = SURFACE_STYLE_USAGE(.BOTH.,#8505);
#8505 = SURFACE_SIDE_STYLE('',(#8506));
#8506 = SURFACE_STYLE_FILL_AREA(#8507);
#8507 = FILL_AREA_STYLE('',(#8508));
#8508 = FILL_AREA_STYLE_COLOUR('',#8312);
#8509 = OVER_RIDING_STYLED_ITEM('overriding color',(#8510),#2552,#8196);
#8510 = PRESENTATION_STYLE_ASSIGNMENT((#8511));
#8511 = SURFACE_STYLE_USAGE(.BOTH.,#8512);
#8512 = SURFACE_SIDE_STYLE('',(#8513));
#8513 = SURFACE_STYLE_FILL_AREA(#8514);
#8514 = FILL_AREA_STYLE('',(#8515));
#8515 = FILL_AREA_STYLE_COLOUR('',#8312);
#8516 = OVER_RIDING_STYLED_ITEM('overriding color',(#8517),#2586,#8196);
#8517 = PRESENTATION_STYLE_ASSIGNMENT((#8518));
#8518 = SURFACE_STYLE_USAGE(.BOTH.,#8519);
#8519 = SURFACE_SIDE_STYLE('',(#8520));
#8520 = SURFACE_STYLE_FILL_AREA(#8521);
#8521 = FILL_AREA_STYLE('',(#8522));
#8522 = FILL_AREA_STYLE_COLOUR('',#8312);
#8523 = OVER_RIDING_STYLED_ITEM('overriding color',(#8524),#2608,#8196);
#8524 = PRESENTATION_STYLE_ASSIGNMENT((#8525));
#8525 = SURFACE_STYLE_USAGE(.BOTH.,#8526);
#8526 = SURFACE_SIDE_STYLE('',(#8527));
#8527 = SURFACE_STYLE_FILL_AREA(#8528);
#8528 = FILL_AREA_STYLE('',(#8529));
#8529 = FILL_AREA_STYLE_COLOUR('',#8312);
#8530 = OVER_RIDING_STYLED_ITEM('overriding color',(#8531),#2636,#8196);
#8531 = PRESENTATION_STYLE_ASSIGNMENT((#8532));
#8532 = SURFACE_STYLE_USAGE(.BOTH.,#8533);
#8533 = SURFACE_SIDE_STYLE('',(#8534));
#8534 = SURFACE_STYLE_FILL_AREA(#8535);
#8535 = FILL_AREA_STYLE('',(#8536));
#8536 = FILL_AREA_STYLE_COLOUR('',#8312);
#8537 = OVER_RIDING_STYLED_ITEM('overriding color',(#8538),#2664,#8196);
#8538 = PRESENTATION_STYLE_ASSIGNMENT((#8539));
#8539 = SURFACE_STYLE_USAGE(.BOTH.,#8540);
#8540 = SURFACE_SIDE_STYLE('',(#8541));
#8541 = SURFACE_STYLE_FILL_AREA(#8542);
#8542 = FILL_AREA_STYLE('',(#8543));
#8543 = FILL_AREA_STYLE_COLOUR('',#8312);
#8544 = OVER_RIDING_STYLED_ITEM('overriding color',(#8545),#2692,#8196);
#8545 = PRESENTATION_STYLE_ASSIGNMENT((#8546));
#8546 = SURFACE_STYLE_USAGE(.BOTH.,#8547);
#8547 = SURFACE_SIDE_STYLE('',(#8548));
#8548 = SURFACE_STYLE_FILL_AREA(#8549);
#8549 = FILL_AREA_STYLE('',(#8550));
#8550 = FILL_AREA_STYLE_COLOUR('',#8312);
#8551 = OVER_RIDING_STYLED_ITEM('overriding color',(#8552),#2720,#8196);
#8552 = PRESENTATION_STYLE_ASSIGNMENT((#8553));
#8553 = SURFACE_STYLE_USAGE(.BOTH.,#8554);
#8554 = SURFACE_SIDE_STYLE('',(#8555));
#8555 = SURFACE_STYLE_FILL_AREA(#8556);
#8556 = FILL_AREA_STYLE('',(#8557));
#8557 = FILL_AREA_STYLE_COLOUR('',#8312);
#8558 = OVER_RIDING_STYLED_ITEM('overriding color',(#8559),#2748,#8196);
#8559 = PRESENTATION_STYLE_ASSIGNMENT((#8560));
#8560 = SURFACE_STYLE_USAGE(.BOTH.,#8561);
#8561 = SURFACE_SIDE_STYLE('',(#8562));
#8562 = SURFACE_STYLE_FILL_AREA(#8563);
#8563 = FILL_AREA_STYLE('',(#8564));
#8564 = FILL_AREA_STYLE_COLOUR('',#8312);
#8565 = OVER_RIDING_STYLED_ITEM('overriding color',(#8566),#2776,#8196);
#8566 = PRESENTATION_STYLE_ASSIGNMENT((#8567));
#8567 = SURFACE_STYLE_USAGE(.BOTH.,#8568);
#8568 = SURFACE_SIDE_STYLE('',(#8569));
#8569 = SURFACE_STYLE_FILL_AREA(#8570);
#8570 = FILL_AREA_STYLE('',(#8571));
#8571 = FILL_AREA_STYLE_COLOUR('',#8312);
#8572 = OVER_RIDING_STYLED_ITEM('overriding color',(#8573),#2798,#8196);
#8573 = PRESENTATION_STYLE_ASSIGNMENT((#8574));
#8574 = SURFACE_STYLE_USAGE(.BOTH.,#8575);
#8575 = SURFACE_SIDE_STYLE('',(#8576));
#8576 = SURFACE_STYLE_FILL_AREA(#8577);
#8577 = FILL_AREA_STYLE('',(#8578));
#8578 = FILL_AREA_STYLE_COLOUR('',#8312);
#8579 = OVER_RIDING_STYLED_ITEM('overriding color',(#8580),#2826,#8196);
#8580 = PRESENTATION_STYLE_ASSIGNMENT((#8581));
#8581 = SURFACE_STYLE_USAGE(.BOTH.,#8582);
#8582 = SURFACE_SIDE_STYLE('',(#8583));
#8583 = SURFACE_STYLE_FILL_AREA(#8584);
#8584 = FILL_AREA_STYLE('',(#8585));
#8585 = FILL_AREA_STYLE_COLOUR('',#8312);
#8586 = OVER_RIDING_STYLED_ITEM('overriding color',(#8587),#2854,#8196);
#8587 = PRESENTATION_STYLE_ASSIGNMENT((#8588));
#8588 = SURFACE_STYLE_USAGE(.BOTH.,#8589);
#8589 = SURFACE_SIDE_STYLE('',(#8590));
#8590 = SURFACE_STYLE_FILL_AREA(#8591);
#8591 = FILL_AREA_STYLE('',(#8592));
#8592 = FILL_AREA_STYLE_COLOUR('',#8312);
#8593 = OVER_RIDING_STYLED_ITEM('overriding color',(#8594),#2882,#8196);
#8594 = PRESENTATION_STYLE_ASSIGNMENT((#8595));
#8595 = SURFACE_STYLE_USAGE(.BOTH.,#8596);
#8596 = SURFACE_SIDE_STYLE('',(#8597));
#8597 = SURFACE_STYLE_FILL_AREA(#8598);
#8598 = FILL_AREA_STYLE('',(#8599));
#8599 = FILL_AREA_STYLE_COLOUR('',#8312);
#8600 = OVER_RIDING_STYLED_ITEM('overriding color',(#8601),#2910,#8196);
#8601 = PRESENTATION_STYLE_ASSIGNMENT((#8602));
#8602 = SURFACE_STYLE_USAGE(.BOTH.,#8603);
#8603 = SURFACE_SIDE_STYLE('',(#8604));
#8604 = SURFACE_STYLE_FILL_AREA(#8605);
#8605 = FILL_AREA_STYLE('',(#8606));
#8606 = FILL_AREA_STYLE_COLOUR('',#8312);
#8607 = OVER_RIDING_STYLED_ITEM('overriding color',(#8608),#2932,#8196);
#8608 = PRESENTATION_STYLE_ASSIGNMENT((#8609));
#8609 = SURFACE_STYLE_USAGE(.BOTH.,#8610);
#8610 = SURFACE_SIDE_STYLE('',(#8611));
#8611 = SURFACE_STYLE_FILL_AREA(#8612);
#8612 = FILL_AREA_STYLE('',(#8613));
#8613 = FILL_AREA_STYLE_COLOUR('',#8312);
#8614 = OVER_RIDING_STYLED_ITEM('overriding color',(#8615),#2954,#8196);
#8615 = PRESENTATION_STYLE_ASSIGNMENT((#8616));
#8616 = SURFACE_STYLE_USAGE(.BOTH.,#8617);
#8617 = SURFACE_SIDE_STYLE('',(#8618));
#8618 = SURFACE_STYLE_FILL_AREA(#8619);
#8619 = FILL_AREA_STYLE('',(#8620));
#8620 = FILL_AREA_STYLE_COLOUR('',#8312);
#8621 = OVER_RIDING_STYLED_ITEM('overriding color',(#8622),#2982,#8196);
#8622 = PRESENTATION_STYLE_ASSIGNMENT((#8623));
#8623 = SURFACE_STYLE_USAGE(.BOTH.,#8624);
#8624 = SURFACE_SIDE_STYLE('',(#8625));
#8625 = SURFACE_STYLE_FILL_AREA(#8626);
#8626 = FILL_AREA_STYLE('',(#8627));
#8627 = FILL_AREA_STYLE_COLOUR('',#8312);
#8628 = OVER_RIDING_STYLED_ITEM('overriding color',(#8629),#3004,#8196);
#8629 = PRESENTATION_STYLE_ASSIGNMENT((#8630));
#8630 = SURFACE_STYLE_USAGE(.BOTH.,#8631);
#8631 = SURFACE_SIDE_STYLE('',(#8632));
#8632 = SURFACE_STYLE_FILL_AREA(#8633);
#8633 = FILL_AREA_STYLE('',(#8634));
#8634 = FILL_AREA_STYLE_COLOUR('',#8312);
#8635 = OVER_RIDING_STYLED_ITEM('overriding color',(#8636),#3026,#8196);
#8636 = PRESENTATION_STYLE_ASSIGNMENT((#8637));
#8637 = SURFACE_STYLE_USAGE(.BOTH.,#8638);
#8638 = SURFACE_SIDE_STYLE('',(#8639));
#8639 = SURFACE_STYLE_FILL_AREA(#8640);
#8640 = FILL_AREA_STYLE('',(#8641));
#8641 = FILL_AREA_STYLE_COLOUR('',#8312);
#8642 = OVER_RIDING_STYLED_ITEM('overriding color',(#8643),#3048,#8196);
#8643 = PRESENTATION_STYLE_ASSIGNMENT((#8644));
#8644 = SURFACE_STYLE_USAGE(.BOTH.,#8645);
#8645 = SURFACE_SIDE_STYLE('',(#8646));
#8646 = SURFACE_STYLE_FILL_AREA(#8647);
#8647 = FILL_AREA_STYLE('',(#8648));
#8648 = FILL_AREA_STYLE_COLOUR('',#8312);
#8649 = OVER_RIDING_STYLED_ITEM('overriding color',(#8650),#3070,#8196);
#8650 = PRESENTATION_STYLE_ASSIGNMENT((#8651));
#8651 = SURFACE_STYLE_USAGE(.BOTH.,#8652);
#8652 = SURFACE_SIDE_STYLE('',(#8653));
#8653 = SURFACE_STYLE_FILL_AREA(#8654);
#8654 = FILL_AREA_STYLE('',(#8655));
#8655 = FILL_AREA_STYLE_COLOUR('',#8312);
#8656 = OVER_RIDING_STYLED_ITEM('overriding color',(#8657),#3092,#8196);
#8657 = PRESENTATION_STYLE_ASSIGNMENT((#8658));
#8658 = SURFACE_STYLE_USAGE(.BOTH.,#8659);
#8659 = SURFACE_SIDE_STYLE('',(#8660));
#8660 = SURFACE_STYLE_FILL_AREA(#8661);
#8661 = FILL_AREA_STYLE('',(#8662));
#8662 = FILL_AREA_STYLE_COLOUR('',#8312);
#8663 = OVER_RIDING_STYLED_ITEM('overriding color',(#8664),#3114,#8196);
#8664 = PRESENTATION_STYLE_ASSIGNMENT((#8665));
#8665 = SURFACE_STYLE_USAGE(.BOTH.,#8666);
#8666 = SURFACE_SIDE_STYLE('',(#8667));
#8667 = SURFACE_STYLE_FILL_AREA(#8668);
#8668 = FILL_AREA_STYLE('',(#8669));
#8669 = FILL_AREA_STYLE_COLOUR('',#8312);
#8670 = OVER_RIDING_STYLED_ITEM('overriding color',(#8671),#3136,#8196);
#8671 = PRESENTATION_STYLE_ASSIGNMENT((#8672));
#8672 = SURFACE_STYLE_USAGE(.BOTH.,#8673);
#8673 = SURFACE_SIDE_STYLE('',(#8674));
#8674 = SURFACE_STYLE_FILL_AREA(#8675);
#8675 = FILL_AREA_STYLE('',(#8676));
#8676 = FILL_AREA_STYLE_COLOUR('',#8312);
#8677 = OVER_RIDING_STYLED_ITEM('overriding color',(#8678),#3158,#8196);
#8678 = PRESENTATION_STYLE_ASSIGNMENT((#8679));
#8679 = SURFACE_STYLE_USAGE(.BOTH.,#8680);
#8680 = SURFACE_SIDE_STYLE('',(#8681));
#8681 = SURFACE_STYLE_FILL_AREA(#8682);
#8682 = FILL_AREA_STYLE('',(#8683));
#8683 = FILL_AREA_STYLE_COLOUR('',#8312);
#8684 = OVER_RIDING_STYLED_ITEM('overriding color',(#8685),#3180,#8196);
#8685 = PRESENTATION_STYLE_ASSIGNMENT((#8686));
#8686 = SURFACE_STYLE_USAGE(.BOTH.,#8687);
#8687 = SURFACE_SIDE_STYLE('',(#8688));
#8688 = SURFACE_STYLE_FILL_AREA(#8689);
#8689 = FILL_AREA_STYLE('',(#8690));
#8690 = FILL_AREA_STYLE_COLOUR('',#8312);
#8691 = OVER_RIDING_STYLED_ITEM('overriding color',(#8692),#3202,#8196);
#8692 = PRESENTATION_STYLE_ASSIGNMENT((#8693));
#8693 = SURFACE_STYLE_USAGE(.BOTH.,#8694);
#8694 = SURFACE_SIDE_STYLE('',(#8695));
#8695 = SURFACE_STYLE_FILL_AREA(#8696);
#8696 = FILL_AREA_STYLE('',(#8697));
#8697 = FILL_AREA_STYLE_COLOUR('',#8312);
#8698 = OVER_RIDING_STYLED_ITEM('overriding color',(#8699),#3218,#8196);
#8699 = PRESENTATION_STYLE_ASSIGNMENT((#8700));
#8700 = SURFACE_STYLE_USAGE(.BOTH.,#8701);
#8701 = SURFACE_SIDE_STYLE('',(#8702));
#8702 = SURFACE_STYLE_FILL_AREA(#8703);
#8703 = FILL_AREA_STYLE('',(#8704));
#8704 = FILL_AREA_STYLE_COLOUR('',#8312);
#8705 = OVER_RIDING_STYLED_ITEM('overriding color',(#8706),#3238,#8196);
#8706 = PRESENTATION_STYLE_ASSIGNMENT((#8707));
#8707 = SURFACE_STYLE_USAGE(.BOTH.,#8708);
#8708 = SURFACE_SIDE_STYLE('',(#8709));
#8709 = SURFACE_STYLE_FILL_AREA(#8710);
#8710 = FILL_AREA_STYLE('',(#8711));
#8711 = FILL_AREA_STYLE_COLOUR('',#8312);
#8712 = OVER_RIDING_STYLED_ITEM('overriding color',(#8713),#3362,#8196);
#8713 = PRESENTATION_STYLE_ASSIGNMENT((#8714));
#8714 = SURFACE_STYLE_USAGE(.BOTH.,#8715);
#8715 = SURFACE_SIDE_STYLE('',(#8716));
#8716 = SURFACE_STYLE_FILL_AREA(#8717);
#8717 = FILL_AREA_STYLE('',(#8718));
#8718 = FILL_AREA_STYLE_COLOUR('',#8312);
#8719 = OVER_RIDING_STYLED_ITEM('overriding color',(#8720),#3382,#8196);
#8720 = PRESENTATION_STYLE_ASSIGNMENT((#8721));
#8721 = SURFACE_STYLE_USAGE(.BOTH.,#8722);
#8722 = SURFACE_SIDE_STYLE('',(#8723));
#8723 = SURFACE_STYLE_FILL_AREA(#8724);
#8724 = FILL_AREA_STYLE('',(#8725));
#8725 = FILL_AREA_STYLE_COLOUR('',#8312);
#8726 = OVER_RIDING_STYLED_ITEM('overriding color',(#8727),#3402,#8196);
#8727 = PRESENTATION_STYLE_ASSIGNMENT((#8728));
#8728 = SURFACE_STYLE_USAGE(.BOTH.,#8729);
#8729 = SURFACE_SIDE_STYLE('',(#8730));
#8730 = SURFACE_STYLE_FILL_AREA(#8731);
#8731 = FILL_AREA_STYLE('',(#8732));
#8732 = FILL_AREA_STYLE_COLOUR('',#8312);
#8733 = OVER_RIDING_STYLED_ITEM('overriding color',(#8734),#3422,#8196);
#8734 = PRESENTATION_STYLE_ASSIGNMENT((#8735));
#8735 = SURFACE_STYLE_USAGE(.BOTH.,#8736);
#8736 = SURFACE_SIDE_STYLE('',(#8737));
#8737 = SURFACE_STYLE_FILL_AREA(#8738);
#8738 = FILL_AREA_STYLE('',(#8739));
#8739 = FILL_AREA_STYLE_COLOUR('',#8312);
#8740 = OVER_RIDING_STYLED_ITEM('overriding color',(#8741),#3442,#8196);
#8741 = PRESENTATION_STYLE_ASSIGNMENT((#8742));
#8742 = SURFACE_STYLE_USAGE(.BOTH.,#8743);
#8743 = SURFACE_SIDE_STYLE('',(#8744));
#8744 = SURFACE_STYLE_FILL_AREA(#8745);
#8745 = FILL_AREA_STYLE('',(#8746));
#8746 = FILL_AREA_STYLE_COLOUR('',#8312);
#8747 = OVER_RIDING_STYLED_ITEM('overriding color',(#8748),#3462,#8196);
#8748 = PRESENTATION_STYLE_ASSIGNMENT((#8749));
#8749 = SURFACE_STYLE_USAGE(.BOTH.,#8750);
#8750 = SURFACE_SIDE_STYLE('',(#8751));
#8751 = SURFACE_STYLE_FILL_AREA(#8752);
#8752 = FILL_AREA_STYLE('',(#8753));
#8753 = FILL_AREA_STYLE_COLOUR('',#8312);
#8754 = OVER_RIDING_STYLED_ITEM('overriding color',(#8755),#3478,#8196);
#8755 = PRESENTATION_STYLE_ASSIGNMENT((#8756));
#8756 = SURFACE_STYLE_USAGE(.BOTH.,#8757);
#8757 = SURFACE_SIDE_STYLE('',(#8758));
#8758 = SURFACE_STYLE_FILL_AREA(#8759);
#8759 = FILL_AREA_STYLE('',(#8760));
#8760 = FILL_AREA_STYLE_COLOUR('',#8312);
#8761 = OVER_RIDING_STYLED_ITEM('overriding color',(#8762),#3490,#8196);
#8762 = PRESENTATION_STYLE_ASSIGNMENT((#8763));
#8763 = SURFACE_STYLE_USAGE(.BOTH.,#8764);
#8764 = SURFACE_SIDE_STYLE('',(#8765));
#8765 = SURFACE_STYLE_FILL_AREA(#8766);
#8766 = FILL_AREA_STYLE('',(#8767));
#8767 = FILL_AREA_STYLE_COLOUR('',#8312);
#8768 = OVER_RIDING_STYLED_ITEM('overriding color',(#8769),#3518,#8196);
#8769 = PRESENTATION_STYLE_ASSIGNMENT((#8770));
#8770 = SURFACE_STYLE_USAGE(.BOTH.,#8771);
#8771 = SURFACE_SIDE_STYLE('',(#8772));
#8772 = SURFACE_STYLE_FILL_AREA(#8773);
#8773 = FILL_AREA_STYLE('',(#8774));
#8774 = FILL_AREA_STYLE_COLOUR('',#8312);
#8775 = OVER_RIDING_STYLED_ITEM('overriding color',(#8776),#3540,#8196);
#8776 = PRESENTATION_STYLE_ASSIGNMENT((#8777));
#8777 = SURFACE_STYLE_USAGE(.BOTH.,#8778);
#8778 = SURFACE_SIDE_STYLE('',(#8779));
#8779 = SURFACE_STYLE_FILL_AREA(#8780);
#8780 = FILL_AREA_STYLE('',(#8781));
#8781 = FILL_AREA_STYLE_COLOUR('',#8312);
#8782 = OVER_RIDING_STYLED_ITEM('overriding color',(#8783),#3562,#8196);
#8783 = PRESENTATION_STYLE_ASSIGNMENT((#8784));
#8784 = SURFACE_STYLE_USAGE(.BOTH.,#8785);
#8785 = SURFACE_SIDE_STYLE('',(#8786));
#8786 = SURFACE_STYLE_FILL_AREA(#8787);
#8787 = FILL_AREA_STYLE('',(#8788));
#8788 = FILL_AREA_STYLE_COLOUR('',#8312);
#8789 = OVER_RIDING_STYLED_ITEM('overriding color',(#8790),#3590,#8196);
#8790 = PRESENTATION_STYLE_ASSIGNMENT((#8791));
#8791 = SURFACE_STYLE_USAGE(.BOTH.,#8792);
#8792 = SURFACE_SIDE_STYLE('',(#8793));
#8793 = SURFACE_STYLE_FILL_AREA(#8794);
#8794 = FILL_AREA_STYLE('',(#8795));
#8795 = FILL_AREA_STYLE_COLOUR('',#8312);
#8796 = OVER_RIDING_STYLED_ITEM('overriding color',(#8797),#3618,#8196);
#8797 = PRESENTATION_STYLE_ASSIGNMENT((#8798));
#8798 = SURFACE_STYLE_USAGE(.BOTH.,#8799);
#8799 = SURFACE_SIDE_STYLE('',(#8800));
#8800 = SURFACE_STYLE_FILL_AREA(#8801);
#8801 = FILL_AREA_STYLE('',(#8802));
#8802 = FILL_AREA_STYLE_COLOUR('',#8312);
#8803 = OVER_RIDING_STYLED_ITEM('overriding color',(#8804),#3646,#8196);
#8804 = PRESENTATION_STYLE_ASSIGNMENT((#8805));
#8805 = SURFACE_STYLE_USAGE(.BOTH.,#8806);
#8806 = SURFACE_SIDE_STYLE('',(#8807));
#8807 = SURFACE_STYLE_FILL_AREA(#8808);
#8808 = FILL_AREA_STYLE('',(#8809));
#8809 = FILL_AREA_STYLE_COLOUR('',#8312);
#8810 = OVER_RIDING_STYLED_ITEM('overriding color',(#8811),#3668,#8196);
#8811 = PRESENTATION_STYLE_ASSIGNMENT((#8812));
#8812 = SURFACE_STYLE_USAGE(.BOTH.,#8813);
#8813 = SURFACE_SIDE_STYLE('',(#8814));
#8814 = SURFACE_STYLE_FILL_AREA(#8815);
#8815 = FILL_AREA_STYLE('',(#8816));
#8816 = FILL_AREA_STYLE_COLOUR('',#8213);
#8817 = OVER_RIDING_STYLED_ITEM('overriding color',(#8818),#3683,#8196);
#8818 = PRESENTATION_STYLE_ASSIGNMENT((#8819));
#8819 = SURFACE_STYLE_USAGE(.BOTH.,#8820);
#8820 = SURFACE_SIDE_STYLE('',(#8821));
#8821 = SURFACE_STYLE_FILL_AREA(#8822);
#8822 = FILL_AREA_STYLE('',(#8823));
#8823 = FILL_AREA_STYLE_COLOUR('',#8312);
#8824 = OVER_RIDING_STYLED_ITEM('overriding color',(#8825),#3795,#8196);
#8825 = PRESENTATION_STYLE_ASSIGNMENT((#8826));
#8826 = SURFACE_STYLE_USAGE(.BOTH.,#8827);
#8827 = SURFACE_SIDE_STYLE('',(#8828));
#8828 = SURFACE_STYLE_FILL_AREA(#8829);
#8829 = FILL_AREA_STYLE('',(#8830));
#8830 = FILL_AREA_STYLE_COLOUR('',#8312);
#8831 = OVER_RIDING_STYLED_ITEM('overriding color',(#8832),#3815,#8196);
#8832 = PRESENTATION_STYLE_ASSIGNMENT((#8833));
#8833 = SURFACE_STYLE_USAGE(.BOTH.,#8834);
#8834 = SURFACE_SIDE_STYLE('',(#8835));
#8835 = SURFACE_STYLE_FILL_AREA(#8836);
#8836 = FILL_AREA_STYLE('',(#8837));
#8837 = FILL_AREA_STYLE_COLOUR('',#8312);
#8838 = OVER_RIDING_STYLED_ITEM('overriding color',(#8839),#3831,#8196);
#8839 = PRESENTATION_STYLE_ASSIGNMENT((#8840));
#8840 = SURFACE_STYLE_USAGE(.BOTH.,#8841);
#8841 = SURFACE_SIDE_STYLE('',(#8842));
#8842 = SURFACE_STYLE_FILL_AREA(#8843);
#8843 = FILL_AREA_STYLE('',(#8844));
#8844 = FILL_AREA_STYLE_COLOUR('',#8312);
#8845 = OVER_RIDING_STYLED_ITEM('overriding color',(#8846),#3847,#8196);
#8846 = PRESENTATION_STYLE_ASSIGNMENT((#8847));
#8847 = SURFACE_STYLE_USAGE(.BOTH.,#8848);
#8848 = SURFACE_SIDE_STYLE('',(#8849));
#8849 = SURFACE_STYLE_FILL_AREA(#8850);
#8850 = FILL_AREA_STYLE('',(#8851));
#8851 = FILL_AREA_STYLE_COLOUR('',#8312);
#8852 = OVER_RIDING_STYLED_ITEM('overriding color',(#8853),#3863,#8196);
#8853 = PRESENTATION_STYLE_ASSIGNMENT((#8854));
#8854 = SURFACE_STYLE_USAGE(.BOTH.,#8855);
#8855 = SURFACE_SIDE_STYLE('',(#8856));
#8856 = SURFACE_STYLE_FILL_AREA(#8857);
#8857 = FILL_AREA_STYLE('',(#8858));
#8858 = FILL_AREA_STYLE_COLOUR('',#8312);
#8859 = OVER_RIDING_STYLED_ITEM('overriding color',(#8860),#3879,#8196);
#8860 = PRESENTATION_STYLE_ASSIGNMENT((#8861));
#8861 = SURFACE_STYLE_USAGE(.BOTH.,#8862);
#8862 = SURFACE_SIDE_STYLE('',(#8863));
#8863 = SURFACE_STYLE_FILL_AREA(#8864);
#8864 = FILL_AREA_STYLE('',(#8865));
#8865 = FILL_AREA_STYLE_COLOUR('',#8312);
#8866 = OVER_RIDING_STYLED_ITEM('overriding color',(#8867),#3895,#8196);
#8867 = PRESENTATION_STYLE_ASSIGNMENT((#8868));
#8868 = SURFACE_STYLE_USAGE(.BOTH.,#8869);
#8869 = SURFACE_SIDE_STYLE('',(#8870));
#8870 = SURFACE_STYLE_FILL_AREA(#8871);
#8871 = FILL_AREA_STYLE('',(#8872));
#8872 = FILL_AREA_STYLE_COLOUR('',#8312);
#8873 = OVER_RIDING_STYLED_ITEM('overriding color',(#8874),#3911,#8196);
#8874 = PRESENTATION_STYLE_ASSIGNMENT((#8875));
#8875 = SURFACE_STYLE_USAGE(.BOTH.,#8876);
#8876 = SURFACE_SIDE_STYLE('',(#8877));
#8877 = SURFACE_STYLE_FILL_AREA(#8878);
#8878 = FILL_AREA_STYLE('',(#8879));
#8879 = FILL_AREA_STYLE_COLOUR('',#8312);
#8880 = OVER_RIDING_STYLED_ITEM('overriding color',(#8881),#3923,#8196);
#8881 = PRESENTATION_STYLE_ASSIGNMENT((#8882));
#8882 = SURFACE_STYLE_USAGE(.BOTH.,#8883);
#8883 = SURFACE_SIDE_STYLE('',(#8884));
#8884 = SURFACE_STYLE_FILL_AREA(#8885);
#8885 = FILL_AREA_STYLE('',(#8886));
#8886 = FILL_AREA_STYLE_COLOUR('',#8312);
#8887 = OVER_RIDING_STYLED_ITEM('overriding color',(#8888),#3951,#8196);
#8888 = PRESENTATION_STYLE_ASSIGNMENT((#8889));
#8889 = SURFACE_STYLE_USAGE(.BOTH.,#8890);
#8890 = SURFACE_SIDE_STYLE('',(#8891));
#8891 = SURFACE_STYLE_FILL_AREA(#8892);
#8892 = FILL_AREA_STYLE('',(#8893));
#8893 = FILL_AREA_STYLE_COLOUR('',#8312);
#8894 = OVER_RIDING_STYLED_ITEM('overriding color',(#8895),#3973,#8196);
#8895 = PRESENTATION_STYLE_ASSIGNMENT((#8896));
#8896 = SURFACE_STYLE_USAGE(.BOTH.,#8897);
#8897 = SURFACE_SIDE_STYLE('',(#8898));
#8898 = SURFACE_STYLE_FILL_AREA(#8899);
#8899 = FILL_AREA_STYLE('',(#8900));
#8900 = FILL_AREA_STYLE_COLOUR('',#8312);
#8901 = OVER_RIDING_STYLED_ITEM('overriding color',(#8902),#4001,#8196);
#8902 = PRESENTATION_STYLE_ASSIGNMENT((#8903));
#8903 = SURFACE_STYLE_USAGE(.BOTH.,#8904);
#8904 = SURFACE_SIDE_STYLE('',(#8905));
#8905 = SURFACE_STYLE_FILL_AREA(#8906);
#8906 = FILL_AREA_STYLE('',(#8907));
#8907 = FILL_AREA_STYLE_COLOUR('',#8312);
#8908 = OVER_RIDING_STYLED_ITEM('overriding color',(#8909),#4023,#8196);
#8909 = PRESENTATION_STYLE_ASSIGNMENT((#8910));
#8910 = SURFACE_STYLE_USAGE(.BOTH.,#8911);
#8911 = SURFACE_SIDE_STYLE('',(#8912));
#8912 = SURFACE_STYLE_FILL_AREA(#8913);
#8913 = FILL_AREA_STYLE('',(#8914));
#8914 = FILL_AREA_STYLE_COLOUR('',#8312);
#8915 = OVER_RIDING_STYLED_ITEM('overriding color',(#8916),#4051,#8196);
#8916 = PRESENTATION_STYLE_ASSIGNMENT((#8917));
#8917 = SURFACE_STYLE_USAGE(.BOTH.,#8918);
#8918 = SURFACE_SIDE_STYLE('',(#8919));
#8919 = SURFACE_STYLE_FILL_AREA(#8920);
#8920 = FILL_AREA_STYLE('',(#8921));
#8921 = FILL_AREA_STYLE_COLOUR('',#8312);
#8922 = OVER_RIDING_STYLED_ITEM('overriding color',(#8923),#4067,#8196);
#8923 = PRESENTATION_STYLE_ASSIGNMENT((#8924));
#8924 = SURFACE_STYLE_USAGE(.BOTH.,#8925);
#8925 = SURFACE_SIDE_STYLE('',(#8926));
#8926 = SURFACE_STYLE_FILL_AREA(#8927);
#8927 = FILL_AREA_STYLE('',(#8928));
#8928 = FILL_AREA_STYLE_COLOUR('',#8213);
#8929 = OVER_RIDING_STYLED_ITEM('overriding color',(#8930),#4081,#8196);
#8930 = PRESENTATION_STYLE_ASSIGNMENT((#8931));
#8931 = SURFACE_STYLE_USAGE(.BOTH.,#8932);
#8932 = SURFACE_SIDE_STYLE('',(#8933));
#8933 = SURFACE_STYLE_FILL_AREA(#8934);
#8934 = FILL_AREA_STYLE('',(#8935));
#8935 = FILL_AREA_STYLE_COLOUR('',#8312);
#8936 = OVER_RIDING_STYLED_ITEM('overriding color',(#8937),#4109,#8196);
#8937 = PRESENTATION_STYLE_ASSIGNMENT((#8938));
#8938 = SURFACE_STYLE_USAGE(.BOTH.,#8939);
#8939 = SURFACE_SIDE_STYLE('',(#8940));
#8940 = SURFACE_STYLE_FILL_AREA(#8941);
#8941 = FILL_AREA_STYLE('',(#8942));
#8942 = FILL_AREA_STYLE_COLOUR('',#8312);
#8943 = OVER_RIDING_STYLED_ITEM('overriding color',(#8944),#4131,#8196);
#8944 = PRESENTATION_STYLE_ASSIGNMENT((#8945));
#8945 = SURFACE_STYLE_USAGE(.BOTH.,#8946);
#8946 = SURFACE_SIDE_STYLE('',(#8947));
#8947 = SURFACE_STYLE_FILL_AREA(#8948);
#8948 = FILL_AREA_STYLE('',(#8949));
#8949 = FILL_AREA_STYLE_COLOUR('',#8312);
#8950 = OVER_RIDING_STYLED_ITEM('overriding color',(#8951),#4153,#8196);
#8951 = PRESENTATION_STYLE_ASSIGNMENT((#8952));
#8952 = SURFACE_STYLE_USAGE(.BOTH.,#8953);
#8953 = SURFACE_SIDE_STYLE('',(#8954));
#8954 = SURFACE_STYLE_FILL_AREA(#8955);
#8955 = FILL_AREA_STYLE('',(#8956));
#8956 = FILL_AREA_STYLE_COLOUR('',#8312);
#8957 = OVER_RIDING_STYLED_ITEM('overriding color',(#8958),#4175,#8196);
#8958 = PRESENTATION_STYLE_ASSIGNMENT((#8959));
#8959 = SURFACE_STYLE_USAGE(.BOTH.,#8960);
#8960 = SURFACE_SIDE_STYLE('',(#8961));
#8961 = SURFACE_STYLE_FILL_AREA(#8962);
#8962 = FILL_AREA_STYLE('',(#8963));
#8963 = FILL_AREA_STYLE_COLOUR('',#8312);
#8964 = OVER_RIDING_STYLED_ITEM('overriding color',(#8965),#4197,#8196);
#8965 = PRESENTATION_STYLE_ASSIGNMENT((#8966));
#8966 = SURFACE_STYLE_USAGE(.BOTH.,#8967);
#8967 = SURFACE_SIDE_STYLE('',(#8968));
#8968 = SURFACE_STYLE_FILL_AREA(#8969);
#8969 = FILL_AREA_STYLE('',(#8970));
#8970 = FILL_AREA_STYLE_COLOUR('',#8312);
#8971 = OVER_RIDING_STYLED_ITEM('overriding color',(#8972),#4219,#8196);
#8972 = PRESENTATION_STYLE_ASSIGNMENT((#8973));
#8973 = SURFACE_STYLE_USAGE(.BOTH.,#8974);
#8974 = SURFACE_SIDE_STYLE('',(#8975));
#8975 = SURFACE_STYLE_FILL_AREA(#8976);
#8976 = FILL_AREA_STYLE('',(#8977));
#8977 = FILL_AREA_STYLE_COLOUR('',#8312);
#8978 = OVER_RIDING_STYLED_ITEM('overriding color',(#8979),#4241,#8196);
#8979 = PRESENTATION_STYLE_ASSIGNMENT((#8980));
#8980 = SURFACE_STYLE_USAGE(.BOTH.,#8981);
#8981 = SURFACE_SIDE_STYLE('',(#8982));
#8982 = SURFACE_STYLE_FILL_AREA(#8983);
#8983 = FILL_AREA_STYLE('',(#8984));
#8984 = FILL_AREA_STYLE_COLOUR('',#8312);
#8985 = OVER_RIDING_STYLED_ITEM('overriding color',(#8986),#4263,#8196);
#8986 = PRESENTATION_STYLE_ASSIGNMENT((#8987));
#8987 = SURFACE_STYLE_USAGE(.BOTH.,#8988);
#8988 = SURFACE_SIDE_STYLE('',(#8989));
#8989 = SURFACE_STYLE_FILL_AREA(#8990);
#8990 = FILL_AREA_STYLE('',(#8991));
#8991 = FILL_AREA_STYLE_COLOUR('',#8312);
#8992 = OVER_RIDING_STYLED_ITEM('overriding color',(#8993),#4285,#8196);
#8993 = PRESENTATION_STYLE_ASSIGNMENT((#8994));
#8994 = SURFACE_STYLE_USAGE(.BOTH.,#8995);
#8995 = SURFACE_SIDE_STYLE('',(#8996));
#8996 = SURFACE_STYLE_FILL_AREA(#8997);
#8997 = FILL_AREA_STYLE('',(#8998));
#8998 = FILL_AREA_STYLE_COLOUR('',#8312);
#8999 = OVER_RIDING_STYLED_ITEM('overriding color',(#9000),#4307,#8196);
#9000 = PRESENTATION_STYLE_ASSIGNMENT((#9001));
#9001 = SURFACE_STYLE_USAGE(.BOTH.,#9002);
#9002 = SURFACE_SIDE_STYLE('',(#9003));
#9003 = SURFACE_STYLE_FILL_AREA(#9004);
#9004 = FILL_AREA_STYLE('',(#9005));
#9005 = FILL_AREA_STYLE_COLOUR('',#8312);
#9006 = OVER_RIDING_STYLED_ITEM('overriding color',(#9007),#4329,#8196);
#9007 = PRESENTATION_STYLE_ASSIGNMENT((#9008));
#9008 = SURFACE_STYLE_USAGE(.BOTH.,#9009);
#9009 = SURFACE_SIDE_STYLE('',(#9010));
#9010 = SURFACE_STYLE_FILL_AREA(#9011);
#9011 = FILL_AREA_STYLE('',(#9012));
#9012 = FILL_AREA_STYLE_COLOUR('',#8312);
#9013 = OVER_RIDING_STYLED_ITEM('overriding color',(#9014),#4345,#8196);
#9014 = PRESENTATION_STYLE_ASSIGNMENT((#9015));
#9015 = SURFACE_STYLE_USAGE(.BOTH.,#9016);
#9016 = SURFACE_SIDE_STYLE('',(#9017));
#9017 = SURFACE_STYLE_FILL_AREA(#9018);
#9018 = FILL_AREA_STYLE('',(#9019));
#9019 = FILL_AREA_STYLE_COLOUR('',#8312);
#9020 = OVER_RIDING_STYLED_ITEM('overriding color',(#9021),#4365,#8196);
#9021 = PRESENTATION_STYLE_ASSIGNMENT((#9022));
#9022 = SURFACE_STYLE_USAGE(.BOTH.,#9023);
#9023 = SURFACE_SIDE_STYLE('',(#9024));
#9024 = SURFACE_STYLE_FILL_AREA(#9025);
#9025 = FILL_AREA_STYLE('',(#9026));
#9026 = FILL_AREA_STYLE_COLOUR('',#8312);
#9027 = OVER_RIDING_STYLED_ITEM('overriding color',(#9028),#4557,#8196);
#9028 = PRESENTATION_STYLE_ASSIGNMENT((#9029));
#9029 = SURFACE_STYLE_USAGE(.BOTH.,#9030);
#9030 = SURFACE_SIDE_STYLE('',(#9031));
#9031 = SURFACE_STYLE_FILL_AREA(#9032);
#9032 = FILL_AREA_STYLE('',(#9033));
#9033 = FILL_AREA_STYLE_COLOUR('',#8312);
#9034 = OVER_RIDING_STYLED_ITEM('overriding color',(#9035),#4581,#8196);
#9035 = PRESENTATION_STYLE_ASSIGNMENT((#9036));
#9036 = SURFACE_STYLE_USAGE(.BOTH.,#9037);
#9037 = SURFACE_SIDE_STYLE('',(#9038));
#9038 = SURFACE_STYLE_FILL_AREA(#9039);
#9039 = FILL_AREA_STYLE('',(#9040));
#9040 = FILL_AREA_STYLE_COLOUR('',#8312);
#9041 = OVER_RIDING_STYLED_ITEM('overriding color',(#9042),#4597,#8196);
#9042 = PRESENTATION_STYLE_ASSIGNMENT((#9043));
#9043 = SURFACE_STYLE_USAGE(.BOTH.,#9044);
#9044 = SURFACE_SIDE_STYLE('',(#9045));
#9045 = SURFACE_STYLE_FILL_AREA(#9046);
#9046 = FILL_AREA_STYLE('',(#9047));
#9047 = FILL_AREA_STYLE_COLOUR('',#8312);
#9048 = OVER_RIDING_STYLED_ITEM('overriding color',(#9049),#4617,#8196);
#9049 = PRESENTATION_STYLE_ASSIGNMENT((#9050));
#9050 = SURFACE_STYLE_USAGE(.BOTH.,#9051);
#9051 = SURFACE_SIDE_STYLE('',(#9052));
#9052 = SURFACE_STYLE_FILL_AREA(#9053);
#9053 = FILL_AREA_STYLE('',(#9054));
#9054 = FILL_AREA_STYLE_COLOUR('',#8312);
#9055 = OVER_RIDING_STYLED_ITEM('overriding color',(#9056),#4637,#8196);
#9056 = PRESENTATION_STYLE_ASSIGNMENT((#9057));
#9057 = SURFACE_STYLE_USAGE(.BOTH.,#9058);
#9058 = SURFACE_SIDE_STYLE('',(#9059));
#9059 = SURFACE_STYLE_FILL_AREA(#9060);
#9060 = FILL_AREA_STYLE('',(#9061));
#9061 = FILL_AREA_STYLE_COLOUR('',#8312);
#9062 = OVER_RIDING_STYLED_ITEM('overriding color',(#9063),#4653,#8196);
#9063 = PRESENTATION_STYLE_ASSIGNMENT((#9064));
#9064 = SURFACE_STYLE_USAGE(.BOTH.,#9065);
#9065 = SURFACE_SIDE_STYLE('',(#9066));
#9066 = SURFACE_STYLE_FILL_AREA(#9067);
#9067 = FILL_AREA_STYLE('',(#9068));
#9068 = FILL_AREA_STYLE_COLOUR('',#8312);
#9069 = OVER_RIDING_STYLED_ITEM('overriding color',(#9070),#4673,#8196);
#9070 = PRESENTATION_STYLE_ASSIGNMENT((#9071));
#9071 = SURFACE_STYLE_USAGE(.BOTH.,#9072);
#9072 = SURFACE_SIDE_STYLE('',(#9073));
#9073 = SURFACE_STYLE_FILL_AREA(#9074);
#9074 = FILL_AREA_STYLE('',(#9075));
#9075 = FILL_AREA_STYLE_COLOUR('',#8312);
#9076 = OVER_RIDING_STYLED_ITEM('overriding color',(#9077),#4693,#8196);
#9077 = PRESENTATION_STYLE_ASSIGNMENT((#9078));
#9078 = SURFACE_STYLE_USAGE(.BOTH.,#9079);
#9079 = SURFACE_SIDE_STYLE('',(#9080));
#9080 = SURFACE_STYLE_FILL_AREA(#9081);
#9081 = FILL_AREA_STYLE('',(#9082));
#9082 = FILL_AREA_STYLE_COLOUR('',#8312);
#9083 = OVER_RIDING_STYLED_ITEM('overriding color',(#9084),#4713,#8196);
#9084 = PRESENTATION_STYLE_ASSIGNMENT((#9085));
#9085 = SURFACE_STYLE_USAGE(.BOTH.,#9086);
#9086 = SURFACE_SIDE_STYLE('',(#9087));
#9087 = SURFACE_STYLE_FILL_AREA(#9088);
#9088 = FILL_AREA_STYLE('',(#9089));
#9089 = FILL_AREA_STYLE_COLOUR('',#8312);
#9090 = OVER_RIDING_STYLED_ITEM('overriding color',(#9091),#4733,#8196);
#9091 = PRESENTATION_STYLE_ASSIGNMENT((#9092));
#9092 = SURFACE_STYLE_USAGE(.BOTH.,#9093);
#9093 = SURFACE_SIDE_STYLE('',(#9094));
#9094 = SURFACE_STYLE_FILL_AREA(#9095);
#9095 = FILL_AREA_STYLE('',(#9096));
#9096 = FILL_AREA_STYLE_COLOUR('',#8312);
#9097 = OVER_RIDING_STYLED_ITEM('overriding color',(#9098),#4749,#8196);
#9098 = PRESENTATION_STYLE_ASSIGNMENT((#9099));
#9099 = SURFACE_STYLE_USAGE(.BOTH.,#9100);
#9100 = SURFACE_SIDE_STYLE('',(#9101));
#9101 = SURFACE_STYLE_FILL_AREA(#9102);
#9102 = FILL_AREA_STYLE('',(#9103));
#9103 = FILL_AREA_STYLE_COLOUR('',#8312);
#9104 = OVER_RIDING_STYLED_ITEM('overriding color',(#9105),#4765,#8196);
#9105 = PRESENTATION_STYLE_ASSIGNMENT((#9106));
#9106 = SURFACE_STYLE_USAGE(.BOTH.,#9107);
#9107 = SURFACE_SIDE_STYLE('',(#9108));
#9108 = SURFACE_STYLE_FILL_AREA(#9109);
#9109 = FILL_AREA_STYLE('',(#9110));
#9110 = FILL_AREA_STYLE_COLOUR('',#8312);
#9111 = OVER_RIDING_STYLED_ITEM('overriding color',(#9112),#4781,#8196);
#9112 = PRESENTATION_STYLE_ASSIGNMENT((#9113));
#9113 = SURFACE_STYLE_USAGE(.BOTH.,#9114);
#9114 = SURFACE_SIDE_STYLE('',(#9115));
#9115 = SURFACE_STYLE_FILL_AREA(#9116);
#9116 = FILL_AREA_STYLE('',(#9117));
#9117 = FILL_AREA_STYLE_COLOUR('',#8312);
#9118 = OVER_RIDING_STYLED_ITEM('overriding color',(#9119),#4797,#8196);
#9119 = PRESENTATION_STYLE_ASSIGNMENT((#9120));
#9120 = SURFACE_STYLE_USAGE(.BOTH.,#9121);
#9121 = SURFACE_SIDE_STYLE('',(#9122));
#9122 = SURFACE_STYLE_FILL_AREA(#9123);
#9123 = FILL_AREA_STYLE('',(#9124));
#9124 = FILL_AREA_STYLE_COLOUR('',#8312);
#9125 = OVER_RIDING_STYLED_ITEM('overriding color',(#9126),#4813,#8196);
#9126 = PRESENTATION_STYLE_ASSIGNMENT((#9127));
#9127 = SURFACE_STYLE_USAGE(.BOTH.,#9128);
#9128 = SURFACE_SIDE_STYLE('',(#9129));
#9129 = SURFACE_STYLE_FILL_AREA(#9130);
#9130 = FILL_AREA_STYLE('',(#9131));
#9131 = FILL_AREA_STYLE_COLOUR('',#8312);
#9132 = OVER_RIDING_STYLED_ITEM('overriding color',(#9133),#4847,#8196);
#9133 = PRESENTATION_STYLE_ASSIGNMENT((#9134));
#9134 = SURFACE_STYLE_USAGE(.BOTH.,#9135);
#9135 = SURFACE_SIDE_STYLE('',(#9136));
#9136 = SURFACE_STYLE_FILL_AREA(#9137);
#9137 = FILL_AREA_STYLE('',(#9138));
#9138 = FILL_AREA_STYLE_COLOUR('',#8312);
#9139 = OVER_RIDING_STYLED_ITEM('overriding color',(#9140),#4875,#8196);
#9140 = PRESENTATION_STYLE_ASSIGNMENT((#9141));
#9141 = SURFACE_STYLE_USAGE(.BOTH.,#9142);
#9142 = SURFACE_SIDE_STYLE('',(#9143));
#9143 = SURFACE_STYLE_FILL_AREA(#9144);
#9144 = FILL_AREA_STYLE('',(#9145));
#9145 = FILL_AREA_STYLE_COLOUR('',#8312);
#9146 = OVER_RIDING_STYLED_ITEM('overriding color',(#9147),#4903,#8196);
#9147 = PRESENTATION_STYLE_ASSIGNMENT((#9148));
#9148 = SURFACE_STYLE_USAGE(.BOTH.,#9149);
#9149 = SURFACE_SIDE_STYLE('',(#9150));
#9150 = SURFACE_STYLE_FILL_AREA(#9151);
#9151 = FILL_AREA_STYLE('',(#9152));
#9152 = FILL_AREA_STYLE_COLOUR('',#8312);
#9153 = OVER_RIDING_STYLED_ITEM('overriding color',(#9154),#4931,#8196);
#9154 = PRESENTATION_STYLE_ASSIGNMENT((#9155));
#9155 = SURFACE_STYLE_USAGE(.BOTH.,#9156);
#9156 = SURFACE_SIDE_STYLE('',(#9157));
#9157 = SURFACE_STYLE_FILL_AREA(#9158);
#9158 = FILL_AREA_STYLE('',(#9159));
#9159 = FILL_AREA_STYLE_COLOUR('',#8312);
#9160 = OVER_RIDING_STYLED_ITEM('overriding color',(#9161),#4959,#8196);
#9161 = PRESENTATION_STYLE_ASSIGNMENT((#9162));
#9162 = SURFACE_STYLE_USAGE(.BOTH.,#9163);
#9163 = SURFACE_SIDE_STYLE('',(#9164));
#9164 = SURFACE_STYLE_FILL_AREA(#9165);
#9165 = FILL_AREA_STYLE('',(#9166));
#9166 = FILL_AREA_STYLE_COLOUR('',#8312);
#9167 = OVER_RIDING_STYLED_ITEM('overriding color',(#9168),#4987,#8196);
#9168 = PRESENTATION_STYLE_ASSIGNMENT((#9169));
#9169 = SURFACE_STYLE_USAGE(.BOTH.,#9170);
#9170 = SURFACE_SIDE_STYLE('',(#9171));
#9171 = SURFACE_STYLE_FILL_AREA(#9172);
#9172 = FILL_AREA_STYLE('',(#9173));
#9173 = FILL_AREA_STYLE_COLOUR('',#8312);
#9174 = OVER_RIDING_STYLED_ITEM('overriding color',(#9175),#5009,#8196);
#9175 = PRESENTATION_STYLE_ASSIGNMENT((#9176));
#9176 = SURFACE_STYLE_USAGE(.BOTH.,#9177);
#9177 = SURFACE_SIDE_STYLE('',(#9178));
#9178 = SURFACE_STYLE_FILL_AREA(#9179);
#9179 = FILL_AREA_STYLE('',(#9180));
#9180 = FILL_AREA_STYLE_COLOUR('',#8312);
#9181 = OVER_RIDING_STYLED_ITEM('overriding color',(#9182),#5025,#8196);
#9182 = PRESENTATION_STYLE_ASSIGNMENT((#9183));
#9183 = SURFACE_STYLE_USAGE(.BOTH.,#9184);
#9184 = SURFACE_SIDE_STYLE('',(#9185));
#9185 = SURFACE_STYLE_FILL_AREA(#9186);
#9186 = FILL_AREA_STYLE('',(#9187));
#9187 = FILL_AREA_STYLE_COLOUR('',#8213);
#9188 = OVER_RIDING_STYLED_ITEM('overriding color',(#9189),#5041,#8196);
#9189 = PRESENTATION_STYLE_ASSIGNMENT((#9190));
#9190 = SURFACE_STYLE_USAGE(.BOTH.,#9191);
#9191 = SURFACE_SIDE_STYLE('',(#9192));
#9192 = SURFACE_STYLE_FILL_AREA(#9193);
#9193 = FILL_AREA_STYLE('',(#9194));
#9194 = FILL_AREA_STYLE_COLOUR('',#8312);
#9195 = OVER_RIDING_STYLED_ITEM('overriding color',(#9196),#5075,#8196);
#9196 = PRESENTATION_STYLE_ASSIGNMENT((#9197));
#9197 = SURFACE_STYLE_USAGE(.BOTH.,#9198);
#9198 = SURFACE_SIDE_STYLE('',(#9199));
#9199 = SURFACE_STYLE_FILL_AREA(#9200);
#9200 = FILL_AREA_STYLE('',(#9201));
#9201 = FILL_AREA_STYLE_COLOUR('',#8312);
#9202 = OVER_RIDING_STYLED_ITEM('overriding color',(#9203),#5097,#8196);
#9203 = PRESENTATION_STYLE_ASSIGNMENT((#9204));
#9204 = SURFACE_STYLE_USAGE(.BOTH.,#9205);
#9205 = SURFACE_SIDE_STYLE('',(#9206));
#9206 = SURFACE_STYLE_FILL_AREA(#9207);
#9207 = FILL_AREA_STYLE('',(#9208));
#9208 = FILL_AREA_STYLE_COLOUR('',#8312);
#9209 = OVER_RIDING_STYLED_ITEM('overriding color',(#9210),#5125,#8196);
#9210 = PRESENTATION_STYLE_ASSIGNMENT((#9211));
#9211 = SURFACE_STYLE_USAGE(.BOTH.,#9212);
#9212 = SURFACE_SIDE_STYLE('',(#9213));
#9213 = SURFACE_STYLE_FILL_AREA(#9214);
#9214 = FILL_AREA_STYLE('',(#9215));
#9215 = FILL_AREA_STYLE_COLOUR('',#8312);
#9216 = OVER_RIDING_STYLED_ITEM('overriding color',(#9217),#5153,#8196);
#9217 = PRESENTATION_STYLE_ASSIGNMENT((#9218));
#9218 = SURFACE_STYLE_USAGE(.BOTH.,#9219);
#9219 = SURFACE_SIDE_STYLE('',(#9220));
#9220 = SURFACE_STYLE_FILL_AREA(#9221);
#9221 = FILL_AREA_STYLE('',(#9222));
#9222 = FILL_AREA_STYLE_COLOUR('',#8312);
#9223 = OVER_RIDING_STYLED_ITEM('overriding color',(#9224),#5181,#8196);
#9224 = PRESENTATION_STYLE_ASSIGNMENT((#9225));
#9225 = SURFACE_STYLE_USAGE(.BOTH.,#9226);
#9226 = SURFACE_SIDE_STYLE('',(#9227));
#9227 = SURFACE_STYLE_FILL_AREA(#9228);
#9228 = FILL_AREA_STYLE('',(#9229));
#9229 = FILL_AREA_STYLE_COLOUR('',#8312);
#9230 = OVER_RIDING_STYLED_ITEM('overriding color',(#9231),#5209,#8196);
#9231 = PRESENTATION_STYLE_ASSIGNMENT((#9232));
#9232 = SURFACE_STYLE_USAGE(.BOTH.,#9233);
#9233 = SURFACE_SIDE_STYLE('',(#9234));
#9234 = SURFACE_STYLE_FILL_AREA(#9235);
#9235 = FILL_AREA_STYLE('',(#9236));
#9236 = FILL_AREA_STYLE_COLOUR('',#8312);
#9237 = OVER_RIDING_STYLED_ITEM('overriding color',(#9238),#5237,#8196);
#9238 = PRESENTATION_STYLE_ASSIGNMENT((#9239));
#9239 = SURFACE_STYLE_USAGE(.BOTH.,#9240);
#9240 = SURFACE_SIDE_STYLE('',(#9241));
#9241 = SURFACE_STYLE_FILL_AREA(#9242);
#9242 = FILL_AREA_STYLE('',(#9243));
#9243 = FILL_AREA_STYLE_COLOUR('',#8312);
#9244 = OVER_RIDING_STYLED_ITEM('overriding color',(#9245),#5265,#8196);
#9245 = PRESENTATION_STYLE_ASSIGNMENT((#9246));
#9246 = SURFACE_STYLE_USAGE(.BOTH.,#9247);
#9247 = SURFACE_SIDE_STYLE('',(#9248));
#9248 = SURFACE_STYLE_FILL_AREA(#9249);
#9249 = FILL_AREA_STYLE('',(#9250));
#9250 = FILL_AREA_STYLE_COLOUR('',#8312);
#9251 = OVER_RIDING_STYLED_ITEM('overriding color',(#9252),#5293,#8196);
#9252 = PRESENTATION_STYLE_ASSIGNMENT((#9253));
#9253 = SURFACE_STYLE_USAGE(.BOTH.,#9254);
#9254 = SURFACE_SIDE_STYLE('',(#9255));
#9255 = SURFACE_STYLE_FILL_AREA(#9256);
#9256 = FILL_AREA_STYLE('',(#9257));
#9257 = FILL_AREA_STYLE_COLOUR('',#8312);
#9258 = OVER_RIDING_STYLED_ITEM('overriding color',(#9259),#5321,#8196);
#9259 = PRESENTATION_STYLE_ASSIGNMENT((#9260));
#9260 = SURFACE_STYLE_USAGE(.BOTH.,#9261);
#9261 = SURFACE_SIDE_STYLE('',(#9262));
#9262 = SURFACE_STYLE_FILL_AREA(#9263);
#9263 = FILL_AREA_STYLE('',(#9264));
#9264 = FILL_AREA_STYLE_COLOUR('',#8312);
#9265 = OVER_RIDING_STYLED_ITEM('overriding color',(#9266),#5349,#8196);
#9266 = PRESENTATION_STYLE_ASSIGNMENT((#9267));
#9267 = SURFACE_STYLE_USAGE(.BOTH.,#9268);
#9268 = SURFACE_SIDE_STYLE('',(#9269));
#9269 = SURFACE_STYLE_FILL_AREA(#9270);
#9270 = FILL_AREA_STYLE('',(#9271));
#9271 = FILL_AREA_STYLE_COLOUR('',#8312);
#9272 = OVER_RIDING_STYLED_ITEM('overriding color',(#9273),#5377,#8196);
#9273 = PRESENTATION_STYLE_ASSIGNMENT((#9274));
#9274 = SURFACE_STYLE_USAGE(.BOTH.,#9275);
#9275 = SURFACE_SIDE_STYLE('',(#9276));
#9276 = SURFACE_STYLE_FILL_AREA(#9277);
#9277 = FILL_AREA_STYLE('',(#9278));
#9278 = FILL_AREA_STYLE_COLOUR('',#8312);
#9279 = OVER_RIDING_STYLED_ITEM('overriding color',(#9280),#5399,#8196);
#9280 = PRESENTATION_STYLE_ASSIGNMENT((#9281));
#9281 = SURFACE_STYLE_USAGE(.BOTH.,#9282);
#9282 = SURFACE_SIDE_STYLE('',(#9283));
#9283 = SURFACE_STYLE_FILL_AREA(#9284);
#9284 = FILL_AREA_STYLE('',(#9285));
#9285 = FILL_AREA_STYLE_COLOUR('',#8312);
#9286 = OVER_RIDING_STYLED_ITEM('overriding color',(#9287),#5427,#8196);
#9287 = PRESENTATION_STYLE_ASSIGNMENT((#9288));
#9288 = SURFACE_STYLE_USAGE(.BOTH.,#9289);
#9289 = SURFACE_SIDE_STYLE('',(#9290));
#9290 = SURFACE_STYLE_FILL_AREA(#9291);
#9291 = FILL_AREA_STYLE('',(#9292));
#9292 = FILL_AREA_STYLE_COLOUR('',#8312);
#9293 = OVER_RIDING_STYLED_ITEM('overriding color',(#9294),#5455,#8196);
#9294 = PRESENTATION_STYLE_ASSIGNMENT((#9295));
#9295 = SURFACE_STYLE_USAGE(.BOTH.,#9296);
#9296 = SURFACE_SIDE_STYLE('',(#9297));
#9297 = SURFACE_STYLE_FILL_AREA(#9298);
#9298 = FILL_AREA_STYLE('',(#9299));
#9299 = FILL_AREA_STYLE_COLOUR('',#8312);
#9300 = OVER_RIDING_STYLED_ITEM('overriding color',(#9301),#5483,#8196);
#9301 = PRESENTATION_STYLE_ASSIGNMENT((#9302));
#9302 = SURFACE_STYLE_USAGE(.BOTH.,#9303);
#9303 = SURFACE_SIDE_STYLE('',(#9304));
#9304 = SURFACE_STYLE_FILL_AREA(#9305);
#9305 = FILL_AREA_STYLE('',(#9306));
#9306 = FILL_AREA_STYLE_COLOUR('',#8312);
#9307 = OVER_RIDING_STYLED_ITEM('overriding color',(#9308),#5511,#8196);
#9308 = PRESENTATION_STYLE_ASSIGNMENT((#9309));
#9309 = SURFACE_STYLE_USAGE(.BOTH.,#9310);
#9310 = SURFACE_SIDE_STYLE('',(#9311));
#9311 = SURFACE_STYLE_FILL_AREA(#9312);
#9312 = FILL_AREA_STYLE('',(#9313));
#9313 = FILL_AREA_STYLE_COLOUR('',#8312);
#9314 = OVER_RIDING_STYLED_ITEM('overriding color',(#9315),#5539,#8196);
#9315 = PRESENTATION_STYLE_ASSIGNMENT((#9316));
#9316 = SURFACE_STYLE_USAGE(.BOTH.,#9317);
#9317 = SURFACE_SIDE_STYLE('',(#9318));
#9318 = SURFACE_STYLE_FILL_AREA(#9319);
#9319 = FILL_AREA_STYLE('',(#9320));
#9320 = FILL_AREA_STYLE_COLOUR('',#8312);
#9321 = OVER_RIDING_STYLED_ITEM('overriding color',(#9322),#5567,#8196);
#9322 = PRESENTATION_STYLE_ASSIGNMENT((#9323));
#9323 = SURFACE_STYLE_USAGE(.BOTH.,#9324);
#9324 = SURFACE_SIDE_STYLE('',(#9325));
#9325 = SURFACE_STYLE_FILL_AREA(#9326);
#9326 = FILL_AREA_STYLE('',(#9327));
#9327 = FILL_AREA_STYLE_COLOUR('',#8312);
#9328 = OVER_RIDING_STYLED_ITEM('overriding color',(#9329),#5595,#8196);
#9329 = PRESENTATION_STYLE_ASSIGNMENT((#9330));
#9330 = SURFACE_STYLE_USAGE(.BOTH.,#9331);
#9331 = SURFACE_SIDE_STYLE('',(#9332));
#9332 = SURFACE_STYLE_FILL_AREA(#9333);
#9333 = FILL_AREA_STYLE('',(#9334));
#9334 = FILL_AREA_STYLE_COLOUR('',#8312);
#9335 = OVER_RIDING_STYLED_ITEM('overriding color',(#9336),#5617,#8196);
#9336 = PRESENTATION_STYLE_ASSIGNMENT((#9337));
#9337 = SURFACE_STYLE_USAGE(.BOTH.,#9338);
#9338 = SURFACE_SIDE_STYLE('',(#9339));
#9339 = SURFACE_STYLE_FILL_AREA(#9340);
#9340 = FILL_AREA_STYLE('',(#9341));
#9341 = FILL_AREA_STYLE_COLOUR('',#8312);
#9342 = OVER_RIDING_STYLED_ITEM('overriding color',(#9343),#5646,#8196);
#9343 = PRESENTATION_STYLE_ASSIGNMENT((#9344));
#9344 = SURFACE_STYLE_USAGE(.BOTH.,#9345);
#9345 = SURFACE_SIDE_STYLE('',(#9346));
#9346 = SURFACE_STYLE_FILL_AREA(#9347);
#9347 = FILL_AREA_STYLE('',(#9348));
#9348 = FILL_AREA_STYLE_COLOUR('',#8312);
#9349 = OVER_RIDING_STYLED_ITEM('overriding color',(#9350),#5674,#8196);
#9350 = PRESENTATION_STYLE_ASSIGNMENT((#9351));
#9351 = SURFACE_STYLE_USAGE(.BOTH.,#9352);
#9352 = SURFACE_SIDE_STYLE('',(#9353));
#9353 = SURFACE_STYLE_FILL_AREA(#9354);
#9354 = FILL_AREA_STYLE('',(#9355));
#9355 = FILL_AREA_STYLE_COLOUR('',#8312);
#9356 = OVER_RIDING_STYLED_ITEM('overriding color',(#9357),#5696,#8196);
#9357 = PRESENTATION_STYLE_ASSIGNMENT((#9358));
#9358 = SURFACE_STYLE_USAGE(.BOTH.,#9359);
#9359 = SURFACE_SIDE_STYLE('',(#9360));
#9360 = SURFACE_STYLE_FILL_AREA(#9361);
#9361 = FILL_AREA_STYLE('',(#9362));
#9362 = FILL_AREA_STYLE_COLOUR('',#8312);
#9363 = OVER_RIDING_STYLED_ITEM('overriding color',(#9364),#5724,#8196);
#9364 = PRESENTATION_STYLE_ASSIGNMENT((#9365));
#9365 = SURFACE_STYLE_USAGE(.BOTH.,#9366);
#9366 = SURFACE_SIDE_STYLE('',(#9367));
#9367 = SURFACE_STYLE_FILL_AREA(#9368);
#9368 = FILL_AREA_STYLE('',(#9369));
#9369 = FILL_AREA_STYLE_COLOUR('',#8312);
#9370 = OVER_RIDING_STYLED_ITEM('overriding color',(#9371),#5746,#8196);
#9371 = PRESENTATION_STYLE_ASSIGNMENT((#9372));
#9372 = SURFACE_STYLE_USAGE(.BOTH.,#9373);
#9373 = SURFACE_SIDE_STYLE('',(#9374));
#9374 = SURFACE_STYLE_FILL_AREA(#9375);
#9375 = FILL_AREA_STYLE('',(#9376));
#9376 = FILL_AREA_STYLE_COLOUR('',#8312);
#9377 = OVER_RIDING_STYLED_ITEM('overriding color',(#9378),#5768,#8196);
#9378 = PRESENTATION_STYLE_ASSIGNMENT((#9379));
#9379 = SURFACE_STYLE_USAGE(.BOTH.,#9380);
#9380 = SURFACE_SIDE_STYLE('',(#9381));
#9381 = SURFACE_STYLE_FILL_AREA(#9382);
#9382 = FILL_AREA_STYLE('',(#9383));
#9383 = FILL_AREA_STYLE_COLOUR('',#8312);
#9384 = OVER_RIDING_STYLED_ITEM('overriding color',(#9385),#5790,#8196);
#9385 = PRESENTATION_STYLE_ASSIGNMENT((#9386));
#9386 = SURFACE_STYLE_USAGE(.BOTH.,#9387);
#9387 = SURFACE_SIDE_STYLE('',(#9388));
#9388 = SURFACE_STYLE_FILL_AREA(#9389);
#9389 = FILL_AREA_STYLE('',(#9390));
#9390 = FILL_AREA_STYLE_COLOUR('',#8312);
#9391 = OVER_RIDING_STYLED_ITEM('overriding color',(#9392),#5812,#8196);
#9392 = PRESENTATION_STYLE_ASSIGNMENT((#9393));
#9393 = SURFACE_STYLE_USAGE(.BOTH.,#9394);
#9394 = SURFACE_SIDE_STYLE('',(#9395));
#9395 = SURFACE_STYLE_FILL_AREA(#9396);
#9396 = FILL_AREA_STYLE('',(#9397));
#9397 = FILL_AREA_STYLE_COLOUR('',#8312);
#9398 = OVER_RIDING_STYLED_ITEM('overriding color',(#9399),#5834,#8196);
#9399 = PRESENTATION_STYLE_ASSIGNMENT((#9400));
#9400 = SURFACE_STYLE_USAGE(.BOTH.,#9401);
#9401 = SURFACE_SIDE_STYLE('',(#9402));
#9402 = SURFACE_STYLE_FILL_AREA(#9403);
#9403 = FILL_AREA_STYLE('',(#9404));
#9404 = FILL_AREA_STYLE_COLOUR('',#8312);
#9405 = OVER_RIDING_STYLED_ITEM('overriding color',(#9406),#5856,#8196);
#9406 = PRESENTATION_STYLE_ASSIGNMENT((#9407));
#9407 = SURFACE_STYLE_USAGE(.BOTH.,#9408);
#9408 = SURFACE_SIDE_STYLE('',(#9409));
#9409 = SURFACE_STYLE_FILL_AREA(#9410);
#9410 = FILL_AREA_STYLE('',(#9411));
#9411 = FILL_AREA_STYLE_COLOUR('',#8312);
#9412 = OVER_RIDING_STYLED_ITEM('overriding color',(#9413),#5884,#8196);
#9413 = PRESENTATION_STYLE_ASSIGNMENT((#9414));
#9414 = SURFACE_STYLE_USAGE(.BOTH.,#9415);
#9415 = SURFACE_SIDE_STYLE('',(#9416));
#9416 = SURFACE_STYLE_FILL_AREA(#9417);
#9417 = FILL_AREA_STYLE('',(#9418));
#9418 = FILL_AREA_STYLE_COLOUR('',#8312);
#9419 = OVER_RIDING_STYLED_ITEM('overriding color',(#9420),#5912,#8196);
#9420 = PRESENTATION_STYLE_ASSIGNMENT((#9421));
#9421 = SURFACE_STYLE_USAGE(.BOTH.,#9422);
#9422 = SURFACE_SIDE_STYLE('',(#9423));
#9423 = SURFACE_STYLE_FILL_AREA(#9424);
#9424 = FILL_AREA_STYLE('',(#9425));
#9425 = FILL_AREA_STYLE_COLOUR('',#8312);
#9426 = OVER_RIDING_STYLED_ITEM('overriding color',(#9427),#5934,#8196);
#9427 = PRESENTATION_STYLE_ASSIGNMENT((#9428));
#9428 = SURFACE_STYLE_USAGE(.BOTH.,#9429);
#9429 = SURFACE_SIDE_STYLE('',(#9430));
#9430 = SURFACE_STYLE_FILL_AREA(#9431);
#9431 = FILL_AREA_STYLE('',(#9432));
#9432 = FILL_AREA_STYLE_COLOUR('',#8312);
#9433 = OVER_RIDING_STYLED_ITEM('overriding color',(#9434),#5962,#8196);
#9434 = PRESENTATION_STYLE_ASSIGNMENT((#9435));
#9435 = SURFACE_STYLE_USAGE(.BOTH.,#9436);
#9436 = SURFACE_SIDE_STYLE('',(#9437));
#9437 = SURFACE_STYLE_FILL_AREA(#9438);
#9438 = FILL_AREA_STYLE('',(#9439));
#9439 = FILL_AREA_STYLE_COLOUR('',#8312);
#9440 = OVER_RIDING_STYLED_ITEM('overriding color',(#9441),#5990,#8196);
#9441 = PRESENTATION_STYLE_ASSIGNMENT((#9442));
#9442 = SURFACE_STYLE_USAGE(.BOTH.,#9443);
#9443 = SURFACE_SIDE_STYLE('',(#9444));
#9444 = SURFACE_STYLE_FILL_AREA(#9445);
#9445 = FILL_AREA_STYLE('',(#9446));
#9446 = FILL_AREA_STYLE_COLOUR('',#8312);
#9447 = OVER_RIDING_STYLED_ITEM('overriding color',(#9448),#6006,#8196);
#9448 = PRESENTATION_STYLE_ASSIGNMENT((#9449));
#9449 = SURFACE_STYLE_USAGE(.BOTH.,#9450);
#9450 = SURFACE_SIDE_STYLE('',(#9451));
#9451 = SURFACE_STYLE_FILL_AREA(#9452);
#9452 = FILL_AREA_STYLE('',(#9453));
#9453 = FILL_AREA_STYLE_COLOUR('',#8312);
#9454 = OVER_RIDING_STYLED_ITEM('overriding color',(#9455),#6029,#8196);
#9455 = PRESENTATION_STYLE_ASSIGNMENT((#9456));
#9456 = SURFACE_STYLE_USAGE(.BOTH.,#9457);
#9457 = SURFACE_SIDE_STYLE('',(#9458));
#9458 = SURFACE_STYLE_FILL_AREA(#9459);
#9459 = FILL_AREA_STYLE('',(#9460));
#9460 = FILL_AREA_STYLE_COLOUR('',#8312);
#9461 = OVER_RIDING_STYLED_ITEM('overriding color',(#9462),#6057,#8196);
#9462 = PRESENTATION_STYLE_ASSIGNMENT((#9463));
#9463 = SURFACE_STYLE_USAGE(.BOTH.,#9464);
#9464 = SURFACE_SIDE_STYLE('',(#9465));
#9465 = SURFACE_STYLE_FILL_AREA(#9466);
#9466 = FILL_AREA_STYLE('',(#9467));
#9467 = FILL_AREA_STYLE_COLOUR('',#8312);
#9468 = OVER_RIDING_STYLED_ITEM('overriding color',(#9469),#6079,#8196);
#9469 = PRESENTATION_STYLE_ASSIGNMENT((#9470));
#9470 = SURFACE_STYLE_USAGE(.BOTH.,#9471);
#9471 = SURFACE_SIDE_STYLE('',(#9472));
#9472 = SURFACE_STYLE_FILL_AREA(#9473);
#9473 = FILL_AREA_STYLE('',(#9474));
#9474 = FILL_AREA_STYLE_COLOUR('',#8312);
#9475 = OVER_RIDING_STYLED_ITEM('overriding color',(#9476),#6101,#8196);
#9476 = PRESENTATION_STYLE_ASSIGNMENT((#9477));
#9477 = SURFACE_STYLE_USAGE(.BOTH.,#9478);
#9478 = SURFACE_SIDE_STYLE('',(#9479));
#9479 = SURFACE_STYLE_FILL_AREA(#9480);
#9480 = FILL_AREA_STYLE('',(#9481));
#9481 = FILL_AREA_STYLE_COLOUR('',#8312);
#9482 = OVER_RIDING_STYLED_ITEM('overriding color',(#9483),#6123,#8196);
#9483 = PRESENTATION_STYLE_ASSIGNMENT((#9484));
#9484 = SURFACE_STYLE_USAGE(.BOTH.,#9485);
#9485 = SURFACE_SIDE_STYLE('',(#9486));
#9486 = SURFACE_STYLE_FILL_AREA(#9487);
#9487 = FILL_AREA_STYLE('',(#9488));
#9488 = FILL_AREA_STYLE_COLOUR('',#8312);
#9489 = OVER_RIDING_STYLED_ITEM('overriding color',(#9490),#6145,#8196);
#9490 = PRESENTATION_STYLE_ASSIGNMENT((#9491));
#9491 = SURFACE_STYLE_USAGE(.BOTH.,#9492);
#9492 = SURFACE_SIDE_STYLE('',(#9493));
#9493 = SURFACE_STYLE_FILL_AREA(#9494);
#9494 = FILL_AREA_STYLE('',(#9495));
#9495 = FILL_AREA_STYLE_COLOUR('',#8312);
#9496 = OVER_RIDING_STYLED_ITEM('overriding color',(#9497),#6167,#8196);
#9497 = PRESENTATION_STYLE_ASSIGNMENT((#9498));
#9498 = SURFACE_STYLE_USAGE(.BOTH.,#9499);
#9499 = SURFACE_SIDE_STYLE('',(#9500));
#9500 = SURFACE_STYLE_FILL_AREA(#9501);
#9501 = FILL_AREA_STYLE('',(#9502));
#9502 = FILL_AREA_STYLE_COLOUR('',#8312);
#9503 = OVER_RIDING_STYLED_ITEM('overriding color',(#9504),#6189,#8196);
#9504 = PRESENTATION_STYLE_ASSIGNMENT((#9505));
#9505 = SURFACE_STYLE_USAGE(.BOTH.,#9506);
#9506 = SURFACE_SIDE_STYLE('',(#9507));
#9507 = SURFACE_STYLE_FILL_AREA(#9508);
#9508 = FILL_AREA_STYLE('',(#9509));
#9509 = FILL_AREA_STYLE_COLOUR('',#8312);
#9510 = OVER_RIDING_STYLED_ITEM('overriding color',(#9511),#6211,#8196);
#9511 = PRESENTATION_STYLE_ASSIGNMENT((#9512));
#9512 = SURFACE_STYLE_USAGE(.BOTH.,#9513);
#9513 = SURFACE_SIDE_STYLE('',(#9514));
#9514 = SURFACE_STYLE_FILL_AREA(#9515);
#9515 = FILL_AREA_STYLE('',(#9516));
#9516 = FILL_AREA_STYLE_COLOUR('',#8312);
#9517 = OVER_RIDING_STYLED_ITEM('overriding color',(#9518),#6233,#8196);
#9518 = PRESENTATION_STYLE_ASSIGNMENT((#9519));
#9519 = SURFACE_STYLE_USAGE(.BOTH.,#9520);
#9520 = SURFACE_SIDE_STYLE('',(#9521));
#9521 = SURFACE_STYLE_FILL_AREA(#9522);
#9522 = FILL_AREA_STYLE('',(#9523));
#9523 = FILL_AREA_STYLE_COLOUR('',#8312);
#9524 = OVER_RIDING_STYLED_ITEM('overriding color',(#9525),#6255,#8196);
#9525 = PRESENTATION_STYLE_ASSIGNMENT((#9526));
#9526 = SURFACE_STYLE_USAGE(.BOTH.,#9527);
#9527 = SURFACE_SIDE_STYLE('',(#9528));
#9528 = SURFACE_STYLE_FILL_AREA(#9529);
#9529 = FILL_AREA_STYLE('',(#9530));
#9530 = FILL_AREA_STYLE_COLOUR('',#8312);
#9531 = OVER_RIDING_STYLED_ITEM('overriding color',(#9532),#6277,#8196);
#9532 = PRESENTATION_STYLE_ASSIGNMENT((#9533));
#9533 = SURFACE_STYLE_USAGE(.BOTH.,#9534);
#9534 = SURFACE_SIDE_STYLE('',(#9535));
#9535 = SURFACE_STYLE_FILL_AREA(#9536);
#9536 = FILL_AREA_STYLE('',(#9537));
#9537 = FILL_AREA_STYLE_COLOUR('',#8312);
#9538 = OVER_RIDING_STYLED_ITEM('overriding color',(#9539),#6293,#8196);
#9539 = PRESENTATION_STYLE_ASSIGNMENT((#9540));
#9540 = SURFACE_STYLE_USAGE(.BOTH.,#9541);
#9541 = SURFACE_SIDE_STYLE('',(#9542));
#9542 = SURFACE_STYLE_FILL_AREA(#9543);
#9543 = FILL_AREA_STYLE('',(#9544));
#9544 = FILL_AREA_STYLE_COLOUR('',#8312);
#9545 = OVER_RIDING_STYLED_ITEM('overriding color',(#9546),#6313,#8196);
#9546 = PRESENTATION_STYLE_ASSIGNMENT((#9547));
#9547 = SURFACE_STYLE_USAGE(.BOTH.,#9548);
#9548 = SURFACE_SIDE_STYLE('',(#9549));
#9549 = SURFACE_STYLE_FILL_AREA(#9550);
#9550 = FILL_AREA_STYLE('',(#9551));
#9551 = FILL_AREA_STYLE_COLOUR('',#8312);
#9552 = OVER_RIDING_STYLED_ITEM('overriding color',(#9553),#6437,#8196);
#9553 = PRESENTATION_STYLE_ASSIGNMENT((#9554));
#9554 = SURFACE_STYLE_USAGE(.BOTH.,#9555);
#9555 = SURFACE_SIDE_STYLE('',(#9556));
#9556 = SURFACE_STYLE_FILL_AREA(#9557);
#9557 = FILL_AREA_STYLE('',(#9558));
#9558 = FILL_AREA_STYLE_COLOUR('',#8312);
#9559 = OVER_RIDING_STYLED_ITEM('overriding color',(#9560),#6457,#8196);
#9560 = PRESENTATION_STYLE_ASSIGNMENT((#9561));
#9561 = SURFACE_STYLE_USAGE(.BOTH.,#9562);
#9562 = SURFACE_SIDE_STYLE('',(#9563));
#9563 = SURFACE_STYLE_FILL_AREA(#9564);
#9564 = FILL_AREA_STYLE('',(#9565));
#9565 = FILL_AREA_STYLE_COLOUR('',#8312);
#9566 = OVER_RIDING_STYLED_ITEM('overriding color',(#9567),#6477,#8196);
#9567 = PRESENTATION_STYLE_ASSIGNMENT((#9568));
#9568 = SURFACE_STYLE_USAGE(.BOTH.,#9569);
#9569 = SURFACE_SIDE_STYLE('',(#9570));
#9570 = SURFACE_STYLE_FILL_AREA(#9571);
#9571 = FILL_AREA_STYLE('',(#9572));
#9572 = FILL_AREA_STYLE_COLOUR('',#8312);
#9573 = OVER_RIDING_STYLED_ITEM('overriding color',(#9574),#6497,#8196);
#9574 = PRESENTATION_STYLE_ASSIGNMENT((#9575));
#9575 = SURFACE_STYLE_USAGE(.BOTH.,#9576);
#9576 = SURFACE_SIDE_STYLE('',(#9577));
#9577 = SURFACE_STYLE_FILL_AREA(#9578);
#9578 = FILL_AREA_STYLE('',(#9579));
#9579 = FILL_AREA_STYLE_COLOUR('',#8312);
#9580 = OVER_RIDING_STYLED_ITEM('overriding color',(#9581),#6517,#8196);
#9581 = PRESENTATION_STYLE_ASSIGNMENT((#9582));
#9582 = SURFACE_STYLE_USAGE(.BOTH.,#9583);
#9583 = SURFACE_SIDE_STYLE('',(#9584));
#9584 = SURFACE_STYLE_FILL_AREA(#9585);
#9585 = FILL_AREA_STYLE('',(#9586));
#9586 = FILL_AREA_STYLE_COLOUR('',#8312);
#9587 = OVER_RIDING_STYLED_ITEM('overriding color',(#9588),#6537,#8196);
#9588 = PRESENTATION_STYLE_ASSIGNMENT((#9589));
#9589 = SURFACE_STYLE_USAGE(.BOTH.,#9590);
#9590 = SURFACE_SIDE_STYLE('',(#9591));
#9591 = SURFACE_STYLE_FILL_AREA(#9592);
#9592 = FILL_AREA_STYLE('',(#9593));
#9593 = FILL_AREA_STYLE_COLOUR('',#8312);
#9594 = OVER_RIDING_STYLED_ITEM('overriding color',(#9595),#6553,#8196);
#9595 = PRESENTATION_STYLE_ASSIGNMENT((#9596));
#9596 = SURFACE_STYLE_USAGE(.BOTH.,#9597);
#9597 = SURFACE_SIDE_STYLE('',(#9598));
#9598 = SURFACE_STYLE_FILL_AREA(#9599);
#9599 = FILL_AREA_STYLE('',(#9600));
#9600 = FILL_AREA_STYLE_COLOUR('',#8312);
#9601 = OVER_RIDING_STYLED_ITEM('overriding color',(#9602),#6565,#8196);
#9602 = PRESENTATION_STYLE_ASSIGNMENT((#9603));
#9603 = SURFACE_STYLE_USAGE(.BOTH.,#9604);
#9604 = SURFACE_SIDE_STYLE('',(#9605));
#9605 = SURFACE_STYLE_FILL_AREA(#9606);
#9606 = FILL_AREA_STYLE('',(#9607));
#9607 = FILL_AREA_STYLE_COLOUR('',#8312);
#9608 = OVER_RIDING_STYLED_ITEM('overriding color',(#9609),#6593,#8196);
#9609 = PRESENTATION_STYLE_ASSIGNMENT((#9610));
#9610 = SURFACE_STYLE_USAGE(.BOTH.,#9611);
#9611 = SURFACE_SIDE_STYLE('',(#9612));
#9612 = SURFACE_STYLE_FILL_AREA(#9613);
#9613 = FILL_AREA_STYLE('',(#9614));
#9614 = FILL_AREA_STYLE_COLOUR('',#8312);
#9615 = OVER_RIDING_STYLED_ITEM('overriding color',(#9616),#6615,#8196);
#9616 = PRESENTATION_STYLE_ASSIGNMENT((#9617));
#9617 = SURFACE_STYLE_USAGE(.BOTH.,#9618);
#9618 = SURFACE_SIDE_STYLE('',(#9619));
#9619 = SURFACE_STYLE_FILL_AREA(#9620);
#9620 = FILL_AREA_STYLE('',(#9621));
#9621 = FILL_AREA_STYLE_COLOUR('',#8312);
#9622 = OVER_RIDING_STYLED_ITEM('overriding color',(#9623),#6637,#8196);
#9623 = PRESENTATION_STYLE_ASSIGNMENT((#9624));
#9624 = SURFACE_STYLE_USAGE(.BOTH.,#9625);
#9625 = SURFACE_SIDE_STYLE('',(#9626));
#9626 = SURFACE_STYLE_FILL_AREA(#9627);
#9627 = FILL_AREA_STYLE('',(#9628));
#9628 = FILL_AREA_STYLE_COLOUR('',#8312);
#9629 = OVER_RIDING_STYLED_ITEM('overriding color',(#9630),#6665,#8196);
#9630 = PRESENTATION_STYLE_ASSIGNMENT((#9631));
#9631 = SURFACE_STYLE_USAGE(.BOTH.,#9632);
#9632 = SURFACE_SIDE_STYLE('',(#9633));
#9633 = SURFACE_STYLE_FILL_AREA(#9634);
#9634 = FILL_AREA_STYLE('',(#9635));
#9635 = FILL_AREA_STYLE_COLOUR('',#8312);
#9636 = OVER_RIDING_STYLED_ITEM('overriding color',(#9637),#6693,#8196);
#9637 = PRESENTATION_STYLE_ASSIGNMENT((#9638));
#9638 = SURFACE_STYLE_USAGE(.BOTH.,#9639);
#9639 = SURFACE_SIDE_STYLE('',(#9640));
#9640 = SURFACE_STYLE_FILL_AREA(#9641);
#9641 = FILL_AREA_STYLE('',(#9642));
#9642 = FILL_AREA_STYLE_COLOUR('',#8312);
#9643 = OVER_RIDING_STYLED_ITEM('overriding color',(#9644),#6721,#8196);
#9644 = PRESENTATION_STYLE_ASSIGNMENT((#9645));
#9645 = SURFACE_STYLE_USAGE(.BOTH.,#9646);
#9646 = SURFACE_SIDE_STYLE('',(#9647));
#9647 = SURFACE_STYLE_FILL_AREA(#9648);
#9648 = FILL_AREA_STYLE('',(#9649));
#9649 = FILL_AREA_STYLE_COLOUR('',#8312);
#9650 = OVER_RIDING_STYLED_ITEM('overriding color',(#9651),#6743,#8196);
#9651 = PRESENTATION_STYLE_ASSIGNMENT((#9652));
#9652 = SURFACE_STYLE_USAGE(.BOTH.,#9653);
#9653 = SURFACE_SIDE_STYLE('',(#9654));
#9654 = SURFACE_STYLE_FILL_AREA(#9655);
#9655 = FILL_AREA_STYLE('',(#9656));
#9656 = FILL_AREA_STYLE_COLOUR('',#8213);
#9657 = OVER_RIDING_STYLED_ITEM('overriding color',(#9658),#6758,#8196);
#9658 = PRESENTATION_STYLE_ASSIGNMENT((#9659));
#9659 = SURFACE_STYLE_USAGE(.BOTH.,#9660);
#9660 = SURFACE_SIDE_STYLE('',(#9661));
#9661 = SURFACE_STYLE_FILL_AREA(#9662);
#9662 = FILL_AREA_STYLE('',(#9663));
#9663 = FILL_AREA_STYLE_COLOUR('',#8312);
#9664 = OVER_RIDING_STYLED_ITEM('overriding color',(#9665),#6870,#8196);
#9665 = PRESENTATION_STYLE_ASSIGNMENT((#9666));
#9666 = SURFACE_STYLE_USAGE(.BOTH.,#9667);
#9667 = SURFACE_SIDE_STYLE('',(#9668));
#9668 = SURFACE_STYLE_FILL_AREA(#9669);
#9669 = FILL_AREA_STYLE('',(#9670));
#9670 = FILL_AREA_STYLE_COLOUR('',#8312);
#9671 = OVER_RIDING_STYLED_ITEM('overriding color',(#9672),#6890,#8196);
#9672 = PRESENTATION_STYLE_ASSIGNMENT((#9673));
#9673 = SURFACE_STYLE_USAGE(.BOTH.,#9674);
#9674 = SURFACE_SIDE_STYLE('',(#9675));
#9675 = SURFACE_STYLE_FILL_AREA(#9676);
#9676 = FILL_AREA_STYLE('',(#9677));
#9677 = FILL_AREA_STYLE_COLOUR('',#8312);
#9678 = OVER_RIDING_STYLED_ITEM('overriding color',(#9679),#6906,#8196);
#9679 = PRESENTATION_STYLE_ASSIGNMENT((#9680));
#9680 = SURFACE_STYLE_USAGE(.BOTH.,#9681);
#9681 = SURFACE_SIDE_STYLE('',(#9682));
#9682 = SURFACE_STYLE_FILL_AREA(#9683);
#9683 = FILL_AREA_STYLE('',(#9684));
#9684 = FILL_AREA_STYLE_COLOUR('',#8312);
#9685 = OVER_RIDING_STYLED_ITEM('overriding color',(#9686),#6922,#8196);
#9686 = PRESENTATION_STYLE_ASSIGNMENT((#9687));
#9687 = SURFACE_STYLE_USAGE(.BOTH.,#9688);
#9688 = SURFACE_SIDE_STYLE('',(#9689));
#9689 = SURFACE_STYLE_FILL_AREA(#9690);
#9690 = FILL_AREA_STYLE('',(#9691));
#9691 = FILL_AREA_STYLE_COLOUR('',#8312);
#9692 = OVER_RIDING_STYLED_ITEM('overriding color',(#9693),#6938,#8196);
#9693 = PRESENTATION_STYLE_ASSIGNMENT((#9694));
#9694 = SURFACE_STYLE_USAGE(.BOTH.,#9695);
#9695 = SURFACE_SIDE_STYLE('',(#9696));
#9696 = SURFACE_STYLE_FILL_AREA(#9697);
#9697 = FILL_AREA_STYLE('',(#9698));
#9698 = FILL_AREA_STYLE_COLOUR('',#8312);
#9699 = OVER_RIDING_STYLED_ITEM('overriding color',(#9700),#6954,#8196);
#9700 = PRESENTATION_STYLE_ASSIGNMENT((#9701));
#9701 = SURFACE_STYLE_USAGE(.BOTH.,#9702);
#9702 = SURFACE_SIDE_STYLE('',(#9703));
#9703 = SURFACE_STYLE_FILL_AREA(#9704);
#9704 = FILL_AREA_STYLE('',(#9705));
#9705 = FILL_AREA_STYLE_COLOUR('',#8312);
#9706 = OVER_RIDING_STYLED_ITEM('overriding color',(#9707),#6970,#8196);
#9707 = PRESENTATION_STYLE_ASSIGNMENT((#9708));
#9708 = SURFACE_STYLE_USAGE(.BOTH.,#9709);
#9709 = SURFACE_SIDE_STYLE('',(#9710));
#9710 = SURFACE_STYLE_FILL_AREA(#9711);
#9711 = FILL_AREA_STYLE('',(#9712));
#9712 = FILL_AREA_STYLE_COLOUR('',#8312);
#9713 = OVER_RIDING_STYLED_ITEM('overriding color',(#9714),#6986,#8196);
#9714 = PRESENTATION_STYLE_ASSIGNMENT((#9715));
#9715 = SURFACE_STYLE_USAGE(.BOTH.,#9716);
#9716 = SURFACE_SIDE_STYLE('',(#9717));
#9717 = SURFACE_STYLE_FILL_AREA(#9718);
#9718 = FILL_AREA_STYLE('',(#9719));
#9719 = FILL_AREA_STYLE_COLOUR('',#8312);
#9720 = OVER_RIDING_STYLED_ITEM('overriding color',(#9721),#6998,#8196);
#9721 = PRESENTATION_STYLE_ASSIGNMENT((#9722));
#9722 = SURFACE_STYLE_USAGE(.BOTH.,#9723);
#9723 = SURFACE_SIDE_STYLE('',(#9724));
#9724 = SURFACE_STYLE_FILL_AREA(#9725);
#9725 = FILL_AREA_STYLE('',(#9726));
#9726 = FILL_AREA_STYLE_COLOUR('',#8312);
#9727 = OVER_RIDING_STYLED_ITEM('overriding color',(#9728),#7026,#8196);
#9728 = PRESENTATION_STYLE_ASSIGNMENT((#9729));
#9729 = SURFACE_STYLE_USAGE(.BOTH.,#9730);
#9730 = SURFACE_SIDE_STYLE('',(#9731));
#9731 = SURFACE_STYLE_FILL_AREA(#9732);
#9732 = FILL_AREA_STYLE('',(#9733));
#9733 = FILL_AREA_STYLE_COLOUR('',#8312);
#9734 = OVER_RIDING_STYLED_ITEM('overriding color',(#9735),#7048,#8196);
#9735 = PRESENTATION_STYLE_ASSIGNMENT((#9736));
#9736 = SURFACE_STYLE_USAGE(.BOTH.,#9737);
#9737 = SURFACE_SIDE_STYLE('',(#9738));
#9738 = SURFACE_STYLE_FILL_AREA(#9739);
#9739 = FILL_AREA_STYLE('',(#9740));
#9740 = FILL_AREA_STYLE_COLOUR('',#8312);
#9741 = OVER_RIDING_STYLED_ITEM('overriding color',(#9742),#7076,#8196);
#9742 = PRESENTATION_STYLE_ASSIGNMENT((#9743));
#9743 = SURFACE_STYLE_USAGE(.BOTH.,#9744);
#9744 = SURFACE_SIDE_STYLE('',(#9745));
#9745 = SURFACE_STYLE_FILL_AREA(#9746);
#9746 = FILL_AREA_STYLE('',(#9747));
#9747 = FILL_AREA_STYLE_COLOUR('',#8312);
#9748 = OVER_RIDING_STYLED_ITEM('overriding color',(#9749),#7098,#8196);
#9749 = PRESENTATION_STYLE_ASSIGNMENT((#9750));
#9750 = SURFACE_STYLE_USAGE(.BOTH.,#9751);
#9751 = SURFACE_SIDE_STYLE('',(#9752));
#9752 = SURFACE_STYLE_FILL_AREA(#9753);
#9753 = FILL_AREA_STYLE('',(#9754));
#9754 = FILL_AREA_STYLE_COLOUR('',#8312);
#9755 = OVER_RIDING_STYLED_ITEM('overriding color',(#9756),#7126,#8196);
#9756 = PRESENTATION_STYLE_ASSIGNMENT((#9757));
#9757 = SURFACE_STYLE_USAGE(.BOTH.,#9758);
#9758 = SURFACE_SIDE_STYLE('',(#9759));
#9759 = SURFACE_STYLE_FILL_AREA(#9760);
#9760 = FILL_AREA_STYLE('',(#9761));
#9761 = FILL_AREA_STYLE_COLOUR('',#8312);
#9762 = OVER_RIDING_STYLED_ITEM('overriding color',(#9763),#7142,#8196);
#9763 = PRESENTATION_STYLE_ASSIGNMENT((#9764));
#9764 = SURFACE_STYLE_USAGE(.BOTH.,#9765);
#9765 = SURFACE_SIDE_STYLE('',(#9766));
#9766 = SURFACE_STYLE_FILL_AREA(#9767);
#9767 = FILL_AREA_STYLE('',(#9768));
#9768 = FILL_AREA_STYLE_COLOUR('',#8213);
#9769 = OVER_RIDING_STYLED_ITEM('overriding color',(#9770),#7156,#8196);
#9770 = PRESENTATION_STYLE_ASSIGNMENT((#9771));
#9771 = SURFACE_STYLE_USAGE(.BOTH.,#9772);
#9772 = SURFACE_SIDE_STYLE('',(#9773));
#9773 = SURFACE_STYLE_FILL_AREA(#9774);
#9774 = FILL_AREA_STYLE('',(#9775));
#9775 = FILL_AREA_STYLE_COLOUR('',#8312);
#9776 = OVER_RIDING_STYLED_ITEM('overriding color',(#9777),#7476,#8196);
#9777 = PRESENTATION_STYLE_ASSIGNMENT((#9778));
#9778 = SURFACE_STYLE_USAGE(.BOTH.,#9779);
#9779 = SURFACE_SIDE_STYLE('',(#9780));
#9780 = SURFACE_STYLE_FILL_AREA(#9781);
#9781 = FILL_AREA_STYLE('',(#9782));
#9782 = FILL_AREA_STYLE_COLOUR('',#8312);
#9783 = OVER_RIDING_STYLED_ITEM('overriding color',(#9784),#7500,#8196);
#9784 = PRESENTATION_STYLE_ASSIGNMENT((#9785));
#9785 = SURFACE_STYLE_USAGE(.BOTH.,#9786);
#9786 = SURFACE_SIDE_STYLE('',(#9787));
#9787 = SURFACE_STYLE_FILL_AREA(#9788);
#9788 = FILL_AREA_STYLE('',(#9789));
#9789 = FILL_AREA_STYLE_COLOUR('',#8312);
#9790 = OVER_RIDING_STYLED_ITEM('overriding color',(#9791),#7520,#8196);
#9791 = PRESENTATION_STYLE_ASSIGNMENT((#9792));
#9792 = SURFACE_STYLE_USAGE(.BOTH.,#9793);
#9793 = SURFACE_SIDE_STYLE('',(#9794));
#9794 = SURFACE_STYLE_FILL_AREA(#9795);
#9795 = FILL_AREA_STYLE('',(#9796));
#9796 = FILL_AREA_STYLE_COLOUR('',#8312);
#9797 = OVER_RIDING_STYLED_ITEM('overriding color',(#9798),#7540,#8196);
#9798 = PRESENTATION_STYLE_ASSIGNMENT((#9799));
#9799 = SURFACE_STYLE_USAGE(.BOTH.,#9800);
#9800 = SURFACE_SIDE_STYLE('',(#9801));
#9801 = SURFACE_STYLE_FILL_AREA(#9802);
#9802 = FILL_AREA_STYLE('',(#9803));
#9803 = FILL_AREA_STYLE_COLOUR('',#8312);
#9804 = OVER_RIDING_STYLED_ITEM('overriding color',(#9805),#7560,#8196);
#9805 = PRESENTATION_STYLE_ASSIGNMENT((#9806));
#9806 = SURFACE_STYLE_USAGE(.BOTH.,#9807);
#9807 = SURFACE_SIDE_STYLE('',(#9808));
#9808 = SURFACE_STYLE_FILL_AREA(#9809);
#9809 = FILL_AREA_STYLE('',(#9810));
#9810 = FILL_AREA_STYLE_COLOUR('',#8312);
#9811 = OVER_RIDING_STYLED_ITEM('overriding color',(#9812),#7580,#8196);
#9812 = PRESENTATION_STYLE_ASSIGNMENT((#9813));
#9813 = SURFACE_STYLE_USAGE(.BOTH.,#9814);
#9814 = SURFACE_SIDE_STYLE('',(#9815));
#9815 = SURFACE_STYLE_FILL_AREA(#9816);
#9816 = FILL_AREA_STYLE('',(#9817));
#9817 = FILL_AREA_STYLE_COLOUR('',#8312);
#9818 = OVER_RIDING_STYLED_ITEM('overriding color',(#9819),#7600,#8196);
#9819 = PRESENTATION_STYLE_ASSIGNMENT((#9820));
#9820 = SURFACE_STYLE_USAGE(.BOTH.,#9821);
#9821 = SURFACE_SIDE_STYLE('',(#9822));
#9822 = SURFACE_STYLE_FILL_AREA(#9823);
#9823 = FILL_AREA_STYLE('',(#9824));
#9824 = FILL_AREA_STYLE_COLOUR('',#8312);
#9825 = OVER_RIDING_STYLED_ITEM('overriding color',(#9826),#7620,#8196);
#9826 = PRESENTATION_STYLE_ASSIGNMENT((#9827));
#9827 = SURFACE_STYLE_USAGE(.BOTH.,#9828);
#9828 = SURFACE_SIDE_STYLE('',(#9829));
#9829 = SURFACE_STYLE_FILL_AREA(#9830);
#9830 = FILL_AREA_STYLE('',(#9831));
#9831 = FILL_AREA_STYLE_COLOUR('',#8312);
#9832 = OVER_RIDING_STYLED_ITEM('overriding color',(#9833),#7640,#8196);
#9833 = PRESENTATION_STYLE_ASSIGNMENT((#9834));
#9834 = SURFACE_STYLE_USAGE(.BOTH.,#9835);
#9835 = SURFACE_SIDE_STYLE('',(#9836));
#9836 = SURFACE_STYLE_FILL_AREA(#9837);
#9837 = FILL_AREA_STYLE('',(#9838));
#9838 = FILL_AREA_STYLE_COLOUR('',#8312);
#9839 = OVER_RIDING_STYLED_ITEM('overriding color',(#9840),#7660,#8196);
#9840 = PRESENTATION_STYLE_ASSIGNMENT((#9841));
#9841 = SURFACE_STYLE_USAGE(.BOTH.,#9842);
#9842 = SURFACE_SIDE_STYLE('',(#9843));
#9843 = SURFACE_STYLE_FILL_AREA(#9844);
#9844 = FILL_AREA_STYLE('',(#9845));
#9845 = FILL_AREA_STYLE_COLOUR('',#8312);
#9846 = OVER_RIDING_STYLED_ITEM('overriding color',(#9847),#7680,#8196);
#9847 = PRESENTATION_STYLE_ASSIGNMENT((#9848));
#9848 = SURFACE_STYLE_USAGE(.BOTH.,#9849);
#9849 = SURFACE_SIDE_STYLE('',(#9850));
#9850 = SURFACE_STYLE_FILL_AREA(#9851);
#9851 = FILL_AREA_STYLE('',(#9852));
#9852 = FILL_AREA_STYLE_COLOUR('',#8312);
#9853 = OVER_RIDING_STYLED_ITEM('overriding color',(#9854),#7700,#8196);
#9854 = PRESENTATION_STYLE_ASSIGNMENT((#9855));
#9855 = SURFACE_STYLE_USAGE(.BOTH.,#9856);
#9856 = SURFACE_SIDE_STYLE('',(#9857));
#9857 = SURFACE_STYLE_FILL_AREA(#9858);
#9858 = FILL_AREA_STYLE('',(#9859));
#9859 = FILL_AREA_STYLE_COLOUR('',#8312);
#9860 = OVER_RIDING_STYLED_ITEM('overriding color',(#9861),#7720,#8196);
#9861 = PRESENTATION_STYLE_ASSIGNMENT((#9862));
#9862 = SURFACE_STYLE_USAGE(.BOTH.,#9863);
#9863 = SURFACE_SIDE_STYLE('',(#9864));
#9864 = SURFACE_STYLE_FILL_AREA(#9865);
#9865 = FILL_AREA_STYLE('',(#9866));
#9866 = FILL_AREA_STYLE_COLOUR('',#8312);
#9867 = OVER_RIDING_STYLED_ITEM('overriding color',(#9868),#7736,#8196);
#9868 = PRESENTATION_STYLE_ASSIGNMENT((#9869));
#9869 = SURFACE_STYLE_USAGE(.BOTH.,#9870);
#9870 = SURFACE_SIDE_STYLE('',(#9871));
#9871 = SURFACE_STYLE_FILL_AREA(#9872);
#9872 = FILL_AREA_STYLE('',(#9873));
#9873 = FILL_AREA_STYLE_COLOUR('',#8312);
#9874 = OVER_RIDING_STYLED_ITEM('overriding color',(#9875),#7752,#8196);
#9875 = PRESENTATION_STYLE_ASSIGNMENT((#9876));
#9876 = SURFACE_STYLE_USAGE(.BOTH.,#9877);
#9877 = SURFACE_SIDE_STYLE('',(#9878));
#9878 = SURFACE_STYLE_FILL_AREA(#9879);
#9879 = FILL_AREA_STYLE('',(#9880));
#9880 = FILL_AREA_STYLE_COLOUR('',#8312);
#9881 = OVER_RIDING_STYLED_ITEM('overriding color',(#9882),#7768,#8196);
#9882 = PRESENTATION_STYLE_ASSIGNMENT((#9883));
#9883 = SURFACE_STYLE_USAGE(.BOTH.,#9884);
#9884 = SURFACE_SIDE_STYLE('',(#9885));
#9885 = SURFACE_STYLE_FILL_AREA(#9886);
#9886 = FILL_AREA_STYLE('',(#9887));
#9887 = FILL_AREA_STYLE_COLOUR('',#8312);
#9888 = OVER_RIDING_STYLED_ITEM('overriding color',(#9889),#7784,#8196);
#9889 = PRESENTATION_STYLE_ASSIGNMENT((#9890));
#9890 = SURFACE_STYLE_USAGE(.BOTH.,#9891);
#9891 = SURFACE_SIDE_STYLE('',(#9892));
#9892 = SURFACE_STYLE_FILL_AREA(#9893);
#9893 = FILL_AREA_STYLE('',(#9894));
#9894 = FILL_AREA_STYLE_COLOUR('',#8312);
#9895 = OVER_RIDING_STYLED_ITEM('overriding color',(#9896),#7804,#8196);
#9896 = PRESENTATION_STYLE_ASSIGNMENT((#9897));
#9897 = SURFACE_STYLE_USAGE(.BOTH.,#9898);
#9898 = SURFACE_SIDE_STYLE('',(#9899));
#9899 = SURFACE_STYLE_FILL_AREA(#9900);
#9900 = FILL_AREA_STYLE('',(#9901));
#9901 = FILL_AREA_STYLE_COLOUR('',#8312);
#9902 = OVER_RIDING_STYLED_ITEM('overriding color',(#9903),#7824,#8196);
#9903 = PRESENTATION_STYLE_ASSIGNMENT((#9904));
#9904 = SURFACE_STYLE_USAGE(.BOTH.,#9905);
#9905 = SURFACE_SIDE_STYLE('',(#9906));
#9906 = SURFACE_STYLE_FILL_AREA(#9907);
#9907 = FILL_AREA_STYLE('',(#9908));
#9908 = FILL_AREA_STYLE_COLOUR('',#8312);
#9909 = OVER_RIDING_STYLED_ITEM('overriding color',(#9910),#7844,#8196);
#9910 = PRESENTATION_STYLE_ASSIGNMENT((#9911));
#9911 = SURFACE_STYLE_USAGE(.BOTH.,#9912);
#9912 = SURFACE_SIDE_STYLE('',(#9913));
#9913 = SURFACE_STYLE_FILL_AREA(#9914);
#9914 = FILL_AREA_STYLE('',(#9915));
#9915 = FILL_AREA_STYLE_COLOUR('',#8312);
#9916 = OVER_RIDING_STYLED_ITEM('overriding color',(#9917),#7864,#8196);
#9917 = PRESENTATION_STYLE_ASSIGNMENT((#9918));
#9918 = SURFACE_STYLE_USAGE(.BOTH.,#9919);
#9919 = SURFACE_SIDE_STYLE('',(#9920));
#9920 = SURFACE_STYLE_FILL_AREA(#9921);
#9921 = FILL_AREA_STYLE('',(#9922));
#9922 = FILL_AREA_STYLE_COLOUR('',#8312);
#9923 = OVER_RIDING_STYLED_ITEM('overriding color',(#9924),#7884,#8196);
#9924 = PRESENTATION_STYLE_ASSIGNMENT((#9925));
#9925 = SURFACE_STYLE_USAGE(.BOTH.,#9926);
#9926 = SURFACE_SIDE_STYLE('',(#9927));
#9927 = SURFACE_STYLE_FILL_AREA(#9928);
#9928 = FILL_AREA_STYLE('',(#9929));
#9929 = FILL_AREA_STYLE_COLOUR('',#8312);
#9930 = OVER_RIDING_STYLED_ITEM('overriding color',(#9931),#7904,#8196);
#9931 = PRESENTATION_STYLE_ASSIGNMENT((#9932));
#9932 = SURFACE_STYLE_USAGE(.BOTH.,#9933);
#9933 = SURFACE_SIDE_STYLE('',(#9934));
#9934 = SURFACE_STYLE_FILL_AREA(#9935);
#9935 = FILL_AREA_STYLE('',(#9936));
#9936 = FILL_AREA_STYLE_COLOUR('',#8312);
#9937 = OVER_RIDING_STYLED_ITEM('overriding color',(#9938),#7924,#8196);
#9938 = PRESENTATION_STYLE_ASSIGNMENT((#9939));
#9939 = SURFACE_STYLE_USAGE(.BOTH.,#9940);
#9940 = SURFACE_SIDE_STYLE('',(#9941));
#9941 = SURFACE_STYLE_FILL_AREA(#9942);
#9942 = FILL_AREA_STYLE('',(#9943));
#9943 = FILL_AREA_STYLE_COLOUR('',#8312);
#9944 = OVER_RIDING_STYLED_ITEM('overriding color',(#9945),#7940,#8196);
#9945 = PRESENTATION_STYLE_ASSIGNMENT((#9946));
#9946 = SURFACE_STYLE_USAGE(.BOTH.,#9947);
#9947 = SURFACE_SIDE_STYLE('',(#9948));
#9948 = SURFACE_STYLE_FILL_AREA(#9949);
#9949 = FILL_AREA_STYLE('',(#9950));
#9950 = FILL_AREA_STYLE_COLOUR('',#8312);
#9951 = OVER_RIDING_STYLED_ITEM('overriding color',(#9952),#7960,#8196);
#9952 = PRESENTATION_STYLE_ASSIGNMENT((#9953));
#9953 = SURFACE_STYLE_USAGE(.BOTH.,#9954);
#9954 = SURFACE_SIDE_STYLE('',(#9955));
#9955 = SURFACE_STYLE_FILL_AREA(#9956);
#9956 = FILL_AREA_STYLE('',(#9957));
#9957 = FILL_AREA_STYLE_COLOUR('',#8312);
#9958 = OVER_RIDING_STYLED_ITEM('overriding color',(#9959),#7980,#8196);
#9959 = PRESENTATION_STYLE_ASSIGNMENT((#9960));
#9960 = SURFACE_STYLE_USAGE(.BOTH.,#9961);
#9961 = SURFACE_SIDE_STYLE('',(#9962));
#9962 = SURFACE_STYLE_FILL_AREA(#9963);
#9963 = FILL_AREA_STYLE('',(#9964));
#9964 = FILL_AREA_STYLE_COLOUR('',#8312);
#9965 = OVER_RIDING_STYLED_ITEM('overriding color',(#9966),#7996,#8196);
#9966 = PRESENTATION_STYLE_ASSIGNMENT((#9967));
#9967 = SURFACE_STYLE_USAGE(.BOTH.,#9968);
#9968 = SURFACE_SIDE_STYLE('',(#9969));
#9969 = SURFACE_STYLE_FILL_AREA(#9970);
#9970 = FILL_AREA_STYLE('',(#9971));
#9971 = FILL_AREA_STYLE_COLOUR('',#8312);
#9972 = OVER_RIDING_STYLED_ITEM('overriding color',(#9973),#8016,#8196);
#9973 = PRESENTATION_STYLE_ASSIGNMENT((#9974));
#9974 = SURFACE_STYLE_USAGE(.BOTH.,#9975);
#9975 = SURFACE_SIDE_STYLE('',(#9976));
#9976 = SURFACE_STYLE_FILL_AREA(#9977);
#9977 = FILL_AREA_STYLE('',(#9978));
#9978 = FILL_AREA_STYLE_COLOUR('',#8312);
#9979 = OVER_RIDING_STYLED_ITEM('overriding color',(#9980),#8036,#8196);
#9980 = PRESENTATION_STYLE_ASSIGNMENT((#9981));
#9981 = SURFACE_STYLE_USAGE(.BOTH.,#9982);
#9982 = SURFACE_SIDE_STYLE('',(#9983));
#9983 = SURFACE_STYLE_FILL_AREA(#9984);
#9984 = FILL_AREA_STYLE('',(#9985));
#9985 = FILL_AREA_STYLE_COLOUR('',#8312);
#9986 = OVER_RIDING_STYLED_ITEM('overriding color',(#9987),#8056,#8196);
#9987 = PRESENTATION_STYLE_ASSIGNMENT((#9988));
#9988 = SURFACE_STYLE_USAGE(.BOTH.,#9989);
#9989 = SURFACE_SIDE_STYLE('',(#9990));
#9990 = SURFACE_STYLE_FILL_AREA(#9991);
#9991 = FILL_AREA_STYLE('',(#9992));
#9992 = FILL_AREA_STYLE_COLOUR('',#8312);
#9993 = OVER_RIDING_STYLED_ITEM('overriding color',(#9994),#8072,#8196);
#9994 = PRESENTATION_STYLE_ASSIGNMENT((#9995));
#9995 = SURFACE_STYLE_USAGE(.BOTH.,#9996);
#9996 = SURFACE_SIDE_STYLE('',(#9997));
#9997 = SURFACE_STYLE_FILL_AREA(#9998);
#9998 = FILL_AREA_STYLE('',(#9999));
#9999 = FILL_AREA_STYLE_COLOUR('',#8312);
#10000 = OVER_RIDING_STYLED_ITEM('overriding color',(#10001),#8092,#8196
  );
#10001 = PRESENTATION_STYLE_ASSIGNMENT((#10002));
#10002 = SURFACE_STYLE_USAGE(.BOTH.,#10003);
#10003 = SURFACE_SIDE_STYLE('',(#10004));
#10004 = SURFACE_STYLE_FILL_AREA(#10005);
#10005 = FILL_AREA_STYLE('',(#10006));
#10006 = FILL_AREA_STYLE_COLOUR('',#8312);
#10007 = OVER_RIDING_STYLED_ITEM('overriding color',(#10008),#8108,#8196
  );
#10008 = PRESENTATION_STYLE_ASSIGNMENT((#10009));
#10009 = SURFACE_STYLE_USAGE(.BOTH.,#10010);
#10010 = SURFACE_SIDE_STYLE('',(#10011));
#10011 = SURFACE_STYLE_FILL_AREA(#10012);
#10012 = FILL_AREA_STYLE('',(#10013));
#10013 = FILL_AREA_STYLE_COLOUR('',#8312);
#10014 = OVER_RIDING_STYLED_ITEM('overriding color',(#10015),#8151,#8196
  );
#10015 = PRESENTATION_STYLE_ASSIGNMENT((#10016));
#10016 = SURFACE_STYLE_USAGE(.BOTH.,#10017);
#10017 = SURFACE_SIDE_STYLE('',(#10018));
#10018 = SURFACE_STYLE_FILL_AREA(#10019);
#10019 = FILL_AREA_STYLE('',(#10020));
#10020 = FILL_AREA_STYLE_COLOUR('',#8312);
#10021 = OVER_RIDING_STYLED_ITEM('overriding color',(#10022),#8179,#8196
  );
#10022 = PRESENTATION_STYLE_ASSIGNMENT((#10023));
#10023 = SURFACE_STYLE_USAGE(.BOTH.,#10024);
#10024 = SURFACE_SIDE_STYLE('',(#10025));
#10025 = SURFACE_STYLE_FILL_AREA(#10026);
#10026 = FILL_AREA_STYLE('',(#10027));
#10027 = FILL_AREA_STYLE_COLOUR('',#8213);
ENDSEC;
END-ISO-10303-21;
