ISO-10303-21;
HEADER;
FILE_DESCRIPTION(('Open CASCADE Model'),'2;1');
FILE_NAME('Open CASCADE Shape Model','2026-06-23T21:59:19',('Author'),(
    'Open CASCADE'),'Open CASCADE STEP processor 7.9','Open CASCADE 7.9'
  ,'Unknown');
FILE_SCHEMA(('AUTOMOTIVE_DESIGN { 1 0 10303 214 1 1 1 1 }'));
ENDSEC;
DATA;
#1 = APPLICATION_PROTOCOL_DEFINITION('international standard',
  'automotive_design',2000,#2);
#2 = APPLICATION_CONTEXT(
  'core data for automotive mechanical design processes');
#3 = SHAPE_DEFINITION_REPRESENTATION(#4,#10);
#4 = PRODUCT_DEFINITION_SHAPE('','',#5);
#5 = PRODUCT_DEFINITION('design','',#6,#9);
#6 = PRODUCT_DEFINITION_FORMATION('','',#7);
#7 = PRODUCT('SOLID','SOLID','',(#8));
#8 = PRODUCT_CONTEXT('',#2,'mechanical');
#9 = PRODUCT_DEFINITION_CONTEXT('part definition',#2,'design');
#10 = ADVANCED_BREP_SHAPE_REPRESENTATION('',(#11,#15),#7785);
#11 = AXIS2_PLACEMENT_3D('',#12,#13,#14);
#12 = CARTESIAN_POINT('',(0.,0.,0.));
#13 = DIRECTION('',(0.,0.,1.));
#14 = DIRECTION('',(1.,0.,-0.));
#15 = MANIFOLD_SOLID_BREP('',#16);
#16 = CLOSED_SHELL('',(#17,#1422,#1514,#1534,#1554,#1614,#1642,#1670,
    #1690,#1722,#1734,#1750,#1766,#1778,#1838,#1866,#1894,#1914,#1946,
    #1958,#1974,#1990,#2002,#2030,#2052,#2074,#2096,#2118,#2134,#2148,
    #2182,#2204,#2232,#2260,#2288,#2316,#2344,#2372,#2394,#2422,#2450,
    #2478,#2506,#2528,#2550,#2578,#2600,#2622,#2644,#2666,#2688,#2710,
    #2732,#2754,#2776,#2798,#2814,#2834,#2958,#2978,#2998,#3018,#3038,
    #3058,#3074,#3086,#3114,#3136,#3158,#3186,#3214,#3242,#3264,#3279,
    #3391,#3411,#3427,#3443,#3459,#3475,#3491,#3507,#3519,#3547,#3569,
    #3597,#3619,#3647,#3663,#3677,#3705,#3727,#3749,#3771,#3793,#3815,
    #3837,#3859,#3881,#3903,#3925,#3941,#3961,#4153,#4177,#4193,#4213,
    #4233,#4249,#4269,#4289,#4309,#4329,#4345,#4361,#4377,#4393,#4409,
    #4443,#4471,#4499,#4527,#4555,#4583,#4605,#4621,#4637,#4671,#4693,
    #4721,#4749,#4777,#4805,#4833,#4861,#4889,#4917,#4945,#4973,#4995,
    #5023,#5051,#5079,#5107,#5135,#5163,#5191,#5213,#5242,#5270,#5292,
    #5320,#5342,#5364,#5386,#5408,#5430,#5452,#5480,#5508,#5530,#5558,
    #5586,#5602,#5625,#5653,#5675,#5697,#5719,#5741,#5763,#5785,#5807,
    #5829,#5851,#5873,#5889,#5909,#6033,#6053,#6073,#6093,#6113,#6133,
    #6149,#6161,#6189,#6211,#6233,#6261,#6289,#6317,#6339,#6354,#6466,
    #6486,#6502,#6518,#6534,#6550,#6566,#6582,#6594,#6622,#6644,#6672,
    #6694,#6722,#6738,#6752,#7072,#7096,#7116,#7136,#7156,#7176,#7196,
    #7216,#7236,#7256,#7276,#7296,#7316,#7332,#7348,#7364,#7380,#7400,
    #7420,#7440,#7460,#7480,#7500,#7520,#7536,#7556,#7576,#7592,#7612,
    #7632,#7652,#7668,#7688,#7704,#7747,#7775));
#17 = ADVANCED_FACE('',(#18,#76,#162,#279,#466,#582,#641,#671,#715,#839,
    #925,#983,#1069,#1128),#1417,.T.);
#18 = FACE_BOUND('',#19,.T.);
#19 = EDGE_LOOP('',(#20,#29,#36,#43,#50,#57,#64,#71));
#20 = ORIENTED_EDGE('',*,*,#21,.F.);
#21 = EDGE_CURVE('',#22,#24,#26,.T.);
#22 = VERTEX_POINT('',#23);
#23 = CARTESIAN_POINT('',(-2.132577639235,-2.143034593787,0.7600001));
#24 = VERTEX_POINT('',#25);
#25 = CARTESIAN_POINT('',(-2.160651102976,-2.143034593787,0.7600001));
#26 = B_SPLINE_CURVE_WITH_KNOTS('',1,(#27,#28),.UNSPECIFIED.,.F.,.F.,(2,
    2),(-2.807346374184E-02,-0.),.PIECEWISE_BEZIER_KNOTS.);
#27 = CARTESIAN_POINT('',(-2.132577639235,-2.143034593787,0.7600001));
#28 = CARTESIAN_POINT('',(-2.160651102976,-2.143034593787,0.7600001));
#29 = ORIENTED_EDGE('',*,*,#30,.F.);
#30 = EDGE_CURVE('',#31,#22,#33,.T.);
#31 = VERTEX_POINT('',#32);
#32 = CARTESIAN_POINT('',(-2.05511567447,-2.346411242218,0.7600001));
#33 = B_SPLINE_CURVE_WITH_KNOTS('',1,(#34,#35),.UNSPECIFIED.,.F.,.F.,(2,
    2),(-0.217629081495,0.),.PIECEWISE_BEZIER_KNOTS.);
#34 = CARTESIAN_POINT('',(-2.05511567447,-2.346411242218,0.7600001));
#35 = CARTESIAN_POINT('',(-2.132577639235,-2.143034593787,0.7600001));
#36 = ORIENTED_EDGE('',*,*,#37,.F.);
#37 = EDGE_CURVE('',#38,#31,#40,.T.);
#38 = VERTEX_POINT('',#39);
#39 = CARTESIAN_POINT('',(-2.084124920334,-2.346411242218,0.7600001));
#40 = B_SPLINE_CURVE_WITH_KNOTS('',1,(#41,#42),.UNSPECIFIED.,.F.,.F.,(2,
    2),(-2.900924586407E-02,0.),.PIECEWISE_BEZIER_KNOTS.);
#41 = CARTESIAN_POINT('',(-2.084124920334,-2.346411242218,0.7600001));
#42 = CARTESIAN_POINT('',(-2.05511567447,-2.346411242218,0.7600001));
#43 = ORIENTED_EDGE('',*,*,#44,.F.);
#44 = EDGE_CURVE('',#45,#38,#47,.T.);
#45 = VERTEX_POINT('',#46);
#46 = CARTESIAN_POINT('',(-2.104868090766,-2.290784193696,0.7600001));
#47 = B_SPLINE_CURVE_WITH_KNOTS('',1,(#48,#49),.UNSPECIFIED.,.F.,.F.,(2,
    2),(-5.936874301202E-02,0.),.PIECEWISE_BEZIER_KNOTS.);
#48 = CARTESIAN_POINT('',(-2.104868090766,-2.290784193696,0.7600001));
#49 = CARTESIAN_POINT('',(-2.084124920334,-2.346411242218,0.7600001));
#50 = ORIENTED_EDGE('',*,*,#51,.F.);
#51 = EDGE_CURVE('',#52,#45,#54,.T.);
#52 = VERTEX_POINT('',#53);
#53 = CARTESIAN_POINT('',(-2.18955637305,-2.290784193696,0.7600001));
#54 = B_SPLINE_CURVE_WITH_KNOTS('',1,(#55,#56),.UNSPECIFIED.,.F.,.F.,(2,
    2),(-8.468828228455E-02,0.),.PIECEWISE_BEZIER_KNOTS.);
#55 = CARTESIAN_POINT('',(-2.18955637305,-2.290784193696,0.7600001));
#56 = CARTESIAN_POINT('',(-2.104868090766,-2.290784193696,0.7600001));
#57 = ORIENTED_EDGE('',*,*,#58,.F.);
#58 = EDGE_CURVE('',#59,#52,#61,.T.);
#59 = VERTEX_POINT('',#60);
#60 = CARTESIAN_POINT('',(-2.209103821877,-2.346411242218,0.7600001));
#61 = B_SPLINE_CURVE_WITH_KNOTS('',1,(#62,#63),.UNSPECIFIED.,.F.,.F.,(2,
    2),(-5.896160855076E-02,0.),.PIECEWISE_BEZIER_KNOTS.);
#62 = CARTESIAN_POINT('',(-2.209103821877,-2.346411242218,0.7600001));
#63 = CARTESIAN_POINT('',(-2.18955637305,-2.290784193696,0.7600001));
#64 = ORIENTED_EDGE('',*,*,#65,.F.);
#65 = EDGE_CURVE('',#66,#59,#68,.T.);
#66 = VERTEX_POINT('',#67);
#67 = CARTESIAN_POINT('',(-2.238113067742,-2.346411242218,0.7600001));
#68 = B_SPLINE_CURVE_WITH_KNOTS('',1,(#69,#70),.UNSPECIFIED.,.F.,.F.,(2,
    2),(-2.900924586545E-02,0.),.PIECEWISE_BEZIER_KNOTS.);
#69 = CARTESIAN_POINT('',(-2.238113067742,-2.346411242218,0.7600001));
#70 = CARTESIAN_POINT('',(-2.209103821877,-2.346411242218,0.7600001));
#71 = ORIENTED_EDGE('',*,*,#72,.F.);
#72 = EDGE_CURVE('',#24,#66,#73,.T.);
#73 = B_SPLINE_CURVE_WITH_KNOTS('',1,(#74,#75),.UNSPECIFIED.,.F.,.F.,(2,
    2),(-0.217629081496,-0.),.PIECEWISE_BEZIER_KNOTS.);
#74 = CARTESIAN_POINT('',(-2.160651102976,-2.143034593787,0.7600001));
#75 = CARTESIAN_POINT('',(-2.238113067742,-2.346411242218,0.7600001));
#76 = FACE_BOUND('',#77,.T.);
#77 = EDGE_LOOP('',(#78,#87,#94,#101,#108,#115,#122,#129,#136,#143,#150,
    #157));
#78 = ORIENTED_EDGE('',*,*,#79,.F.);
#79 = EDGE_CURVE('',#80,#82,#84,.T.);
#80 = VERTEX_POINT('',#81);
#81 = CARTESIAN_POINT('',(-2.453394944315,-2.323224640684,0.7600001));
#82 = VERTEX_POINT('',#83);
#83 = CARTESIAN_POINT('',(-2.536523589724,-2.323224640684,0.7600001));
#84 = B_SPLINE_CURVE_WITH_KNOTS('',1,(#85,#86),.UNSPECIFIED.,.F.,.F.,(2,
    2),(-8.312864540908E-02,-0.),.PIECEWISE_BEZIER_KNOTS.);
#85 = CARTESIAN_POINT('',(-2.453394944315,-2.323224640684,0.7600001));
#86 = CARTESIAN_POINT('',(-2.536523589724,-2.323224640684,0.7600001));
#87 = ORIENTED_EDGE('',*,*,#88,.F.);
#88 = EDGE_CURVE('',#89,#80,#91,.T.);
#89 = VERTEX_POINT('',#90);
#90 = CARTESIAN_POINT('',(-2.453394944315,-2.346411242218,0.7600001));
#91 = B_SPLINE_CURVE_WITH_KNOTS('',1,(#92,#93),.UNSPECIFIED.,.F.,.F.,(2,
    2),(-2.318660153379E-02,0.),.PIECEWISE_BEZIER_KNOTS.);
#92 = CARTESIAN_POINT('',(-2.453394944315,-2.346411242218,0.7600001));
#93 = CARTESIAN_POINT('',(-2.453394944315,-2.323224640684,0.7600001));
#94 = ORIENTED_EDGE('',*,*,#95,.F.);
#95 = EDGE_CURVE('',#96,#89,#98,.T.);
#96 = VERTEX_POINT('',#97);
#97 = CARTESIAN_POINT('',(-2.562777477111,-2.346411242218,0.7600001));
#98 = B_SPLINE_CURVE_WITH_KNOTS('',1,(#99,#100),.UNSPECIFIED.,.F.,.F.,(2
    ,2),(-0.109382532797,0.),.PIECEWISE_BEZIER_KNOTS.);
#99 = CARTESIAN_POINT('',(-2.562777477111,-2.346411242218,0.7600001));
#100 = CARTESIAN_POINT('',(-2.453394944315,-2.346411242218,0.7600001));
#101 = ORIENTED_EDGE('',*,*,#102,.F.);
#102 = EDGE_CURVE('',#103,#96,#105,.T.);
#103 = VERTEX_POINT('',#104);
#104 = CARTESIAN_POINT('',(-2.562777477111,-2.143034593787,0.7600001));
#105 = B_SPLINE_CURVE_WITH_KNOTS('',1,(#106,#107),.UNSPECIFIED.,.F.,.F.,
  (2,2),(-0.203376648431,-0.),.PIECEWISE_BEZIER_KNOTS.);
#106 = CARTESIAN_POINT('',(-2.562777477111,-2.143034593787,0.7600001));
#107 = CARTESIAN_POINT('',(-2.562777477111,-2.346411242218,0.7600001));
#108 = ORIENTED_EDGE('',*,*,#109,.F.);
#109 = EDGE_CURVE('',#110,#103,#112,.T.);
#110 = VERTEX_POINT('',#111);
#111 = CARTESIAN_POINT('',(-2.458021867042,-2.143034593787,0.7600001));
#112 = B_SPLINE_CURVE_WITH_KNOTS('',1,(#113,#114),.UNSPECIFIED.,.F.,.F.,
  (2,2),(-0.104755610069,-0.),.PIECEWISE_BEZIER_KNOTS.);
#113 = CARTESIAN_POINT('',(-2.458021867042,-2.143034593787,0.7600001));
#114 = CARTESIAN_POINT('',(-2.562777477111,-2.143034593787,0.7600001));
#115 = ORIENTED_EDGE('',*,*,#116,.F.);
#116 = EDGE_CURVE('',#117,#110,#119,.T.);
#117 = VERTEX_POINT('',#118);
#118 = CARTESIAN_POINT('',(-2.458021867042,-2.166429146903,0.7600001));
#119 = B_SPLINE_CURVE_WITH_KNOTS('',1,(#120,#121),.UNSPECIFIED.,.F.,.F.,
  (2,2),(-2.339455311681E-02,0.),.PIECEWISE_BEZIER_KNOTS.);
#120 = CARTESIAN_POINT('',(-2.458021867042,-2.166429146903,0.7600001));
#121 = CARTESIAN_POINT('',(-2.458021867042,-2.143034593787,0.7600001));
#122 = ORIENTED_EDGE('',*,*,#123,.F.);
#123 = EDGE_CURVE('',#124,#117,#126,.T.);
#124 = VERTEX_POINT('',#125);
#125 = CARTESIAN_POINT('',(-2.536523589724,-2.166429146903,0.7600001));
#126 = B_SPLINE_CURVE_WITH_KNOTS('',1,(#127,#128),.UNSPECIFIED.,.F.,.F.,
  (2,2),(-7.850172268119E-02,0.),.PIECEWISE_BEZIER_KNOTS.);
#127 = CARTESIAN_POINT('',(-2.536523589724,-2.166429146903,0.7600001));
#128 = CARTESIAN_POINT('',(-2.458021867042,-2.166429146903,0.7600001));
#129 = ORIENTED_EDGE('',*,*,#130,.F.);
#130 = EDGE_CURVE('',#131,#124,#133,.T.);
#131 = VERTEX_POINT('',#132);
#132 = CARTESIAN_POINT('',(-2.536523589724,-2.231517992466,0.7600001));
#133 = B_SPLINE_CURVE_WITH_KNOTS('',1,(#134,#135),.UNSPECIFIED.,.F.,.F.,
  (2,2),(-6.508884556213E-02,0.),.PIECEWISE_BEZIER_KNOTS.);
#134 = CARTESIAN_POINT('',(-2.536523589724,-2.231517992466,0.7600001));
#135 = CARTESIAN_POINT('',(-2.536523589724,-2.166429146903,0.7600001));
#136 = ORIENTED_EDGE('',*,*,#137,.F.);
#137 = EDGE_CURVE('',#138,#131,#140,.T.);
#138 = VERTEX_POINT('',#139);
#139 = CARTESIAN_POINT('',(-2.463792523478,-2.231517992466,0.7600001));
#140 = B_SPLINE_CURVE_WITH_KNOTS('',1,(#141,#142),.UNSPECIFIED.,.F.,.F.,
  (2,2),(-7.273106624528E-02,-0.),.PIECEWISE_BEZIER_KNOTS.);
#141 = CARTESIAN_POINT('',(-2.463792523478,-2.231517992466,0.7600001));
#142 = CARTESIAN_POINT('',(-2.536523589724,-2.231517992466,0.7600001));
#143 = ORIENTED_EDGE('',*,*,#144,.F.);
#144 = EDGE_CURVE('',#145,#138,#147,.T.);
#145 = VERTEX_POINT('',#146);
#146 = CARTESIAN_POINT('',(-2.463792523478,-2.254808569791,0.7600001));
#147 = B_SPLINE_CURVE_WITH_KNOTS('',1,(#148,#149),.UNSPECIFIED.,.F.,.F.,
  (2,2),(-2.32905773253E-02,0.),.PIECEWISE_BEZIER_KNOTS.);
#148 = CARTESIAN_POINT('',(-2.463792523478,-2.254808569791,0.7600001));
#149 = CARTESIAN_POINT('',(-2.463792523478,-2.231517992466,0.7600001));
#150 = ORIENTED_EDGE('',*,*,#151,.F.);
#151 = EDGE_CURVE('',#152,#145,#154,.T.);
#152 = VERTEX_POINT('',#153);
#153 = CARTESIAN_POINT('',(-2.536523589724,-2.254808569791,0.7600001));
#154 = B_SPLINE_CURVE_WITH_KNOTS('',1,(#155,#156),.UNSPECIFIED.,.F.,.F.,
  (2,2),(-7.273106624528E-02,0.),.PIECEWISE_BEZIER_KNOTS.);
#155 = CARTESIAN_POINT('',(-2.536523589724,-2.254808569791,0.7600001));
#156 = CARTESIAN_POINT('',(-2.463792523478,-2.254808569791,0.7600001));
#157 = ORIENTED_EDGE('',*,*,#158,.F.);
#158 = EDGE_CURVE('',#82,#152,#159,.T.);
#159 = B_SPLINE_CURVE_WITH_KNOTS('',1,(#160,#161),.UNSPECIFIED.,.F.,.F.,
  (2,2),(-6.841607089331E-02,0.),.PIECEWISE_BEZIER_KNOTS.);
#160 = CARTESIAN_POINT('',(-2.536523589724,-2.323224640684,0.7600001));
#161 = CARTESIAN_POINT('',(-2.536523589724,-2.254808569791,0.7600001));
#162 = FACE_BOUND('',#163,.T.);
#163 = EDGE_LOOP('',(#164,#173,#180,#187,#196,#205,#212,#221,#230,#237,
    #244,#251,#258,#265,#272));
#164 = ORIENTED_EDGE('',*,*,#165,.F.);
#165 = EDGE_CURVE('',#166,#168,#170,.T.);
#166 = VERTEX_POINT('',#167);
#167 = CARTESIAN_POINT('',(-2.616636937176,-2.201157061309,0.7600001));
#168 = VERTEX_POINT('',#169);
#169 = CARTESIAN_POINT('',(-2.656303701684,-2.310539594106,0.7600001));
#170 = B_SPLINE_CURVE_WITH_KNOTS('',1,(#171,#172),.UNSPECIFIED.,.F.,.F.,
  (2,2),(-0.116352871419,4.17485206583E-16),.PIECEWISE_BEZIER_KNOTS.);
#171 = CARTESIAN_POINT('',(-2.616636937176,-2.201157061309,0.7600001));
#172 = CARTESIAN_POINT('',(-2.656303701684,-2.310539594106,0.7600001));
#173 = ORIENTED_EDGE('',*,*,#174,.F.);
#174 = EDGE_CURVE('',#175,#166,#177,.T.);
#175 = VERTEX_POINT('',#176);
#176 = CARTESIAN_POINT('',(-2.590227086103,-2.201157061309,0.7600001));
#177 = B_SPLINE_CURVE_WITH_KNOTS('',1,(#178,#179),.UNSPECIFIED.,.F.,.F.,
  (2,2),(-2.640985107347E-02,-0.),.PIECEWISE_BEZIER_KNOTS.);
#178 = CARTESIAN_POINT('',(-2.590227086103,-2.201157061309,0.7600001));
#179 = CARTESIAN_POINT('',(-2.616636937176,-2.201157061309,0.7600001));
#180 = ORIENTED_EDGE('',*,*,#181,.F.);
#181 = EDGE_CURVE('',#182,#175,#184,.T.);
#182 = VERTEX_POINT('',#183);
#183 = CARTESIAN_POINT('',(-2.656147737997,-2.368350134252,0.7600001));
#184 = B_SPLINE_CURVE_WITH_KNOTS('',1,(#185,#186),.UNSPECIFIED.,.F.,.F.,
  (2,2),(-0.179719381221,0.),.PIECEWISE_BEZIER_KNOTS.);
#185 = CARTESIAN_POINT('',(-2.656147737997,-2.368350134252,0.7600001));
#186 = CARTESIAN_POINT('',(-2.590227086103,-2.201157061309,0.7600001));
#187 = ORIENTED_EDGE('',*,*,#188,.F.);
#188 = EDGE_CURVE('',#189,#182,#191,.T.);
#189 = VERTEX_POINT('',#190);
#190 = CARTESIAN_POINT('',(-2.707979670125,-2.414827313113,0.7600001));
#191 = B_SPLINE_CURVE_WITH_KNOTS('',3,(#192,#193,#194,#195),
  .UNSPECIFIED.,.F.,.F.,(4,4),(1.,2.),.PIECEWISE_BEZIER_KNOTS.);
#192 = CARTESIAN_POINT('',(-2.707979670125,-2.414827313113,0.7600001));
#193 = CARTESIAN_POINT('',(-2.685676862821,-2.414827313113,0.7600001));
#194 = CARTESIAN_POINT('',(-2.668416881409,-2.399334920159,0.7600001));
#195 = CARTESIAN_POINT('',(-2.656147737997,-2.368350134252,0.7600001));
#196 = ORIENTED_EDGE('',*,*,#197,.F.);
#197 = EDGE_CURVE('',#198,#189,#200,.T.);
#198 = VERTEX_POINT('',#199);
#199 = CARTESIAN_POINT('',(-2.724407845203,-2.41274779728,0.7600001));
#200 = B_SPLINE_CURVE_WITH_KNOTS('',3,(#201,#202,#203,#204),
  .UNSPECIFIED.,.F.,.F.,(4,4),(2.,3.),.PIECEWISE_BEZIER_KNOTS.);
#201 = CARTESIAN_POINT('',(-2.724407845203,-2.41274779728,0.7600001));
#202 = CARTESIAN_POINT('',(-2.719884898267,-2.414099482571,0.7600001));
#203 = CARTESIAN_POINT('',(-2.714374181311,-2.414827313113,0.7600001));
#204 = CARTESIAN_POINT('',(-2.707979670125,-2.414827313113,0.7600001));
#205 = ORIENTED_EDGE('',*,*,#206,.F.);
#206 = EDGE_CURVE('',#207,#198,#209,.T.);
#207 = VERTEX_POINT('',#208);
#208 = CARTESIAN_POINT('',(-2.724407845203,-2.390081074703,0.7600001));
#209 = B_SPLINE_CURVE_WITH_KNOTS('',1,(#210,#211),.UNSPECIFIED.,.F.,.F.,
  (2,2),(-2.266672257622E-02,-0.),.PIECEWISE_BEZIER_KNOTS.);
#210 = CARTESIAN_POINT('',(-2.724407845203,-2.390081074703,0.7600001));
#211 = CARTESIAN_POINT('',(-2.724407845203,-2.41274779728,0.7600001));
#212 = ORIENTED_EDGE('',*,*,#213,.F.);
#213 = EDGE_CURVE('',#214,#207,#216,.T.);
#214 = VERTEX_POINT('',#215);
#215 = CARTESIAN_POINT('',(-2.709955210167,-2.39299239687,0.7600001));
#216 = B_SPLINE_CURVE_WITH_KNOTS('',3,(#217,#218,#219,#220),
  .UNSPECIFIED.,.F.,.F.,(4,4),(4.,5.),.PIECEWISE_BEZIER_KNOTS.);
#217 = CARTESIAN_POINT('',(-2.709955210167,-2.39299239687,0.7600001));
#218 = CARTESIAN_POINT('',(-2.71463412079,-2.39299239687,0.7600001));
#219 = CARTESIAN_POINT('',(-2.719417007205,-2.392056614745,0.7600001));
#220 = CARTESIAN_POINT('',(-2.724407845203,-2.390081074703,0.7600001));
#221 = ORIENTED_EDGE('',*,*,#222,.F.);
#222 = EDGE_CURVE('',#223,#214,#225,.T.);
#223 = VERTEX_POINT('',#224);
#224 = CARTESIAN_POINT('',(-2.683857286467,-2.372509165918,0.7600001));
#225 = B_SPLINE_CURVE_WITH_KNOTS('',3,(#226,#227,#228,#229),
  .UNSPECIFIED.,.F.,.F.,(4,4),(5.,6.),.PIECEWISE_BEZIER_KNOTS.);
#226 = CARTESIAN_POINT('',(-2.683857286467,-2.372509165918,0.7600001));
#227 = CARTESIAN_POINT('',(-2.689627942902,-2.386233970413,0.7600001));
#228 = CARTESIAN_POINT('',(-2.698309921503,-2.39299239687,0.7600001));
#229 = CARTESIAN_POINT('',(-2.709955210167,-2.39299239687,0.7600001));
#230 = ORIENTED_EDGE('',*,*,#231,.F.);
#231 = EDGE_CURVE('',#232,#223,#234,.T.);
#232 = VERTEX_POINT('',#233);
#233 = CARTESIAN_POINT('',(-2.672679888866,-2.346099314843,0.7600001));
#234 = B_SPLINE_CURVE_WITH_KNOTS('',1,(#235,#236),.UNSPECIFIED.,.F.,.F.,
  (2,2),(-2.867776928081E-02,-1.730874399655E-16),
  .PIECEWISE_BEZIER_KNOTS.);
#235 = CARTESIAN_POINT('',(-2.672679888866,-2.346099314843,0.7600001));
#236 = CARTESIAN_POINT('',(-2.683857286467,-2.372509165918,0.7600001));
#237 = ORIENTED_EDGE('',*,*,#238,.F.);
#238 = EDGE_CURVE('',#239,#232,#241,.T.);
#239 = VERTEX_POINT('',#240);
#240 = CARTESIAN_POINT('',(-2.729658622681,-2.201157061309,0.7600001));
#241 = B_SPLINE_CURVE_WITH_KNOTS('',1,(#242,#243),.UNSPECIFIED.,.F.,.F.,
  (2,2),(-0.155739631972,0.),.PIECEWISE_BEZIER_KNOTS.);
#242 = CARTESIAN_POINT('',(-2.729658622681,-2.201157061309,0.7600001));
#243 = CARTESIAN_POINT('',(-2.672679888866,-2.346099314843,0.7600001));
#244 = ORIENTED_EDGE('',*,*,#245,.F.);
#245 = EDGE_CURVE('',#246,#239,#248,.T.);
#246 = VERTEX_POINT('',#247);
#247 = CARTESIAN_POINT('',(-2.701169255773,-2.201157061309,0.7600001));
#248 = B_SPLINE_CURVE_WITH_KNOTS('',1,(#249,#250),.UNSPECIFIED.,.F.,.F.,
  (2,2),(-2.84893669072E-02,-0.),.PIECEWISE_BEZIER_KNOTS.);
#249 = CARTESIAN_POINT('',(-2.701169255773,-2.201157061309,0.7600001));
#250 = CARTESIAN_POINT('',(-2.729658622681,-2.201157061309,0.7600001));
#251 = ORIENTED_EDGE('',*,*,#252,.F.);
#252 = EDGE_CURVE('',#253,#246,#255,.T.);
#253 = VERTEX_POINT('',#254);
#254 = CARTESIAN_POINT('',(-2.663218091828,-2.310331642523,0.7600001));
#255 = B_SPLINE_CURVE_WITH_KNOTS('',1,(#256,#257),.UNSPECIFIED.,.F.,.F.,
  (2,2),(-0.115582784306,0.),.PIECEWISE_BEZIER_KNOTS.);
#256 = CARTESIAN_POINT('',(-2.663218091828,-2.310331642523,0.7600001));
#257 = CARTESIAN_POINT('',(-2.701169255773,-2.201157061309,0.7600001));
#258 = ORIENTED_EDGE('',*,*,#259,.F.);
#259 = EDGE_CURVE('',#260,#253,#262,.T.);
#260 = VERTEX_POINT('',#261);
#261 = CARTESIAN_POINT('',(-2.660098818078,-2.322288858561,0.7600001));
#262 = B_SPLINE_CURVE_WITH_KNOTS('',1,(#263,#264),.UNSPECIFIED.,.F.,.F.,
  (2,2),(-1.235738176562E-02,0.),.PIECEWISE_BEZIER_KNOTS.);
#263 = CARTESIAN_POINT('',(-2.660098818078,-2.322288858561,0.7600001));
#264 = CARTESIAN_POINT('',(-2.663218091828,-2.310331642523,0.7600001));
#265 = ORIENTED_EDGE('',*,*,#266,.F.);
#266 = EDGE_CURVE('',#267,#260,#269,.T.);
#267 = VERTEX_POINT('',#268);
#268 = CARTESIAN_POINT('',(-2.659422975434,-2.322288858561,0.7600001));
#269 = B_SPLINE_CURVE_WITH_KNOTS('',1,(#270,#271),.UNSPECIFIED.,.F.,.F.,
  (2,2),(-6.758426448346E-04,-0.),.PIECEWISE_BEZIER_KNOTS.);
#270 = CARTESIAN_POINT('',(-2.659422975434,-2.322288858561,0.7600001));
#271 = CARTESIAN_POINT('',(-2.660098818078,-2.322288858561,0.7600001));
#272 = ORIENTED_EDGE('',*,*,#273,.F.);
#273 = EDGE_CURVE('',#168,#267,#274,.T.);
#274 = B_SPLINE_CURVE_WITH_KNOTS('',3,(#275,#276,#277,#278),
  .UNSPECIFIED.,.F.,.F.,(4,4),(12.,13.),.PIECEWISE_BEZIER_KNOTS.);
#275 = CARTESIAN_POINT('',(-2.656303701684,-2.310539594106,0.7600001));
#276 = CARTESIAN_POINT('',(-2.657863338558,-2.315634407895,0.7600001));
#277 = CARTESIAN_POINT('',(-2.658903096476,-2.319585487977,0.7600001));
#278 = CARTESIAN_POINT('',(-2.659422975434,-2.322288858561,0.7600001));
#279 = FACE_BOUND('',#280,.T.);
#280 = EDGE_LOOP('',(#281,#290,#299,#308,#317,#326,#335,#344,#353,#362,
    #371,#378,#387,#396,#405,#414,#423,#432,#441,#450,#459));
#281 = ORIENTED_EDGE('',*,*,#282,.F.);
#282 = EDGE_CURVE('',#283,#285,#287,.T.);
#283 = VERTEX_POINT('',#284);
#284 = CARTESIAN_POINT('',(-2.841016695518,-2.315010553146,0.7600001));
#285 = VERTEX_POINT('',#286);
#286 = CARTESIAN_POINT('',(-2.841016695518,-2.341316428428,0.7600001));
#287 = B_SPLINE_CURVE_WITH_KNOTS('',1,(#288,#289),.UNSPECIFIED.,.F.,.F.,
  (2,2),(-2.630587528195E-02,-0.),.PIECEWISE_BEZIER_KNOTS.);
#288 = CARTESIAN_POINT('',(-2.841016695518,-2.315010553146,0.7600001));
#289 = CARTESIAN_POINT('',(-2.841016695518,-2.341316428428,0.7600001));
#290 = ORIENTED_EDGE('',*,*,#291,.F.);
#291 = EDGE_CURVE('',#292,#283,#294,.T.);
#292 = VERTEX_POINT('',#293);
#293 = CARTESIAN_POINT('',(-2.79911445149,-2.329047285016,0.7600001));
#294 = B_SPLINE_CURVE_WITH_KNOTS('',3,(#295,#296,#297,#298),
  .UNSPECIFIED.,.F.,.F.,(4,4),(0.,1.),.PIECEWISE_BEZIER_KNOTS.);
#295 = CARTESIAN_POINT('',(-2.79911445149,-2.329047285016,0.7600001));
#296 = CARTESIAN_POINT('',(-2.814086965486,-2.329047285016,0.7600001));
#297 = CARTESIAN_POINT('',(-2.828019721564,-2.324368374392,0.7600001));
#298 = CARTESIAN_POINT('',(-2.841016695518,-2.315010553146,0.7600001));
#299 = ORIENTED_EDGE('',*,*,#300,.F.);
#300 = EDGE_CURVE('',#301,#292,#303,.T.);
#301 = VERTEX_POINT('',#302);
#302 = CARTESIAN_POINT('',(-2.769065447709,-2.309395860398,0.7600001));
#303 = B_SPLINE_CURVE_WITH_KNOTS('',3,(#304,#305,#306,#307),
  .UNSPECIFIED.,.F.,.F.,(4,4),(1.,2.),.PIECEWISE_BEZIER_KNOTS.);
#304 = CARTESIAN_POINT('',(-2.769065447709,-2.309395860398,0.7600001));
#305 = CARTESIAN_POINT('',(-2.769065447709,-2.322496810144,0.7600001));
#306 = CARTESIAN_POINT('',(-2.779099111601,-2.329047285016,0.7600001));
#307 = CARTESIAN_POINT('',(-2.79911445149,-2.329047285016,0.7600001));
#308 = ORIENTED_EDGE('',*,*,#309,.F.);
#309 = EDGE_CURVE('',#310,#301,#312,.T.);
#310 = VERTEX_POINT('',#311);
#311 = CARTESIAN_POINT('',(-2.775615922582,-2.295567080111,0.7600001));
#312 = B_SPLINE_CURVE_WITH_KNOTS('',3,(#313,#314,#315,#316),
  .UNSPECIFIED.,.F.,.F.,(4,4),(2.,3.),.PIECEWISE_BEZIER_KNOTS.);
#313 = CARTESIAN_POINT('',(-2.775615922582,-2.295567080111,0.7600001));
#314 = CARTESIAN_POINT('',(-2.771248939333,-2.299206232818,0.7600001));
#315 = CARTESIAN_POINT('',(-2.769065447709,-2.303781167649,0.7600001));
#316 = CARTESIAN_POINT('',(-2.769065447709,-2.309395860398,0.7600001));
#317 = ORIENTED_EDGE('',*,*,#318,.F.);
#318 = EDGE_CURVE('',#319,#310,#321,.T.);
#319 = VERTEX_POINT('',#320);
#320 = CARTESIAN_POINT('',(-2.802285713135,-2.282570106157,0.7600001));
#321 = B_SPLINE_CURVE_WITH_KNOTS('',3,(#322,#323,#324,#325),
  .UNSPECIFIED.,.F.,.F.,(4,4),(3.,4.),.PIECEWISE_BEZIER_KNOTS.);
#322 = CARTESIAN_POINT('',(-2.802285713135,-2.282570106157,0.7600001));
#323 = CARTESIAN_POINT('',(-2.788872836015,-2.287560944155,0.7600001));
#324 = CARTESIAN_POINT('',(-2.77998290583,-2.291927927404,0.7600001));
#325 = CARTESIAN_POINT('',(-2.775615922582,-2.295567080111,0.7600001));
#326 = ORIENTED_EDGE('',*,*,#327,.F.);
#327 = EDGE_CURVE('',#328,#319,#330,.T.);
#328 = VERTEX_POINT('',#329);
#329 = CARTESIAN_POINT('',(-2.833634414312,-2.263334584705,0.7600001));
#330 = B_SPLINE_CURVE_WITH_KNOTS('',3,(#331,#332,#333,#334),
  .UNSPECIFIED.,.F.,.F.,(4,4),(4.,5.),.PIECEWISE_BEZIER_KNOTS.);
#331 = CARTESIAN_POINT('',(-2.833634414312,-2.263334584705,0.7600001));
#332 = CARTESIAN_POINT('',(-2.828851527897,-2.269677107994,0.7600001));
#333 = CARTESIAN_POINT('',(-2.818349972942,-2.276123607076,0.7600001));
#334 = CARTESIAN_POINT('',(-2.802285713135,-2.282570106157,0.7600001));
#335 = ORIENTED_EDGE('',*,*,#336,.F.);
#336 = EDGE_CURVE('',#337,#328,#339,.T.);
#337 = VERTEX_POINT('',#338);
#338 = CARTESIAN_POINT('',(-2.840860731831,-2.240355934754,0.7600001));
#339 = B_SPLINE_CURVE_WITH_KNOTS('',3,(#340,#341,#342,#343),
  .UNSPECIFIED.,.F.,.F.,(4,4),(5.,6.),.PIECEWISE_BEZIER_KNOTS.);
#340 = CARTESIAN_POINT('',(-2.840860731831,-2.240355934754,0.7600001));
#341 = CARTESIAN_POINT('',(-2.840860731831,-2.249297852835,0.7600001));
#342 = CARTESIAN_POINT('',(-2.838469288623,-2.256992061415,0.7600001));
#343 = CARTESIAN_POINT('',(-2.833634414312,-2.263334584705,0.7600001));
#344 = ORIENTED_EDGE('',*,*,#345,.F.);
#345 = EDGE_CURVE('',#346,#337,#348,.T.);
#346 = VERTEX_POINT('',#347);
#347 = CARTESIAN_POINT('',(-2.824536532544,-2.209371148848,0.7600001));
#348 = B_SPLINE_CURVE_WITH_KNOTS('',3,(#349,#350,#351,#352),
  .UNSPECIFIED.,.F.,.F.,(4,4),(6.,7.),.PIECEWISE_BEZIER_KNOTS.);
#349 = CARTESIAN_POINT('',(-2.824536532544,-2.209371148848,0.7600001));
#350 = CARTESIAN_POINT('',(-2.83540200277,-2.21716933322,0.7600001));
#351 = CARTESIAN_POINT('',(-2.840860731831,-2.227462936592,0.7600001));
#352 = CARTESIAN_POINT('',(-2.840860731831,-2.240355934754,0.7600001));
#353 = ORIENTED_EDGE('',*,*,#354,.F.);
#354 = EDGE_CURVE('',#355,#346,#357,.T.);
#355 = VERTEX_POINT('',#356);
#356 = CARTESIAN_POINT('',(-2.784297901183,-2.197829835977,0.7600001));
#357 = B_SPLINE_CURVE_WITH_KNOTS('',3,(#358,#359,#360,#361),
  .UNSPECIFIED.,.F.,.F.,(4,4),(7.,8.),.PIECEWISE_BEZIER_KNOTS.);
#358 = CARTESIAN_POINT('',(-2.784297901183,-2.197829835977,0.7600001));
#359 = CARTESIAN_POINT('',(-2.800206197303,-2.197829835977,0.7600001));
#360 = CARTESIAN_POINT('',(-2.813619074423,-2.201676940267,0.7600001));
#361 = CARTESIAN_POINT('',(-2.824536532544,-2.209371148848,0.7600001));
#362 = ORIENTED_EDGE('',*,*,#363,.F.);
#363 = EDGE_CURVE('',#364,#355,#366,.T.);
#364 = VERTEX_POINT('',#365);
#365 = CARTESIAN_POINT('',(-2.749881914153,-2.204276335059,0.7600001));
#366 = B_SPLINE_CURVE_WITH_KNOTS('',3,(#367,#368,#369,#370),
  .UNSPECIFIED.,.F.,.F.,(4,4),(8.,9.),.PIECEWISE_BEZIER_KNOTS.);
#367 = CARTESIAN_POINT('',(-2.749881914153,-2.204276335059,0.7600001));
#368 = CARTESIAN_POINT('',(-2.7604874449,-2.19990935181,0.7600001));
#369 = CARTESIAN_POINT('',(-2.771924781979,-2.197829835977,0.7600001));
#370 = CARTESIAN_POINT('',(-2.784297901183,-2.197829835977,0.7600001));
#371 = ORIENTED_EDGE('',*,*,#372,.F.);
#372 = EDGE_CURVE('',#373,#364,#375,.T.);
#373 = VERTEX_POINT('',#374);
#374 = CARTESIAN_POINT('',(-2.749881914153,-2.229022573467,0.7600001));
#375 = B_SPLINE_CURVE_WITH_KNOTS('',1,(#376,#377),.UNSPECIFIED.,.F.,.F.,
  (2,2),(-2.474623840786E-02,0.),.PIECEWISE_BEZIER_KNOTS.);
#376 = CARTESIAN_POINT('',(-2.749881914153,-2.229022573467,0.7600001));
#377 = CARTESIAN_POINT('',(-2.749881914153,-2.204276335059,0.7600001));
#378 = ORIENTED_EDGE('',*,*,#379,.F.);
#379 = EDGE_CURVE('',#380,#373,#382,.T.);
#380 = VERTEX_POINT('',#381);
#381 = CARTESIAN_POINT('',(-2.786793320182,-2.218521018511,0.7600001));
#382 = B_SPLINE_CURVE_WITH_KNOTS('',3,(#383,#384,#385,#386),
  .UNSPECIFIED.,.F.,.F.,(4,4),(10.,11.),.PIECEWISE_BEZIER_KNOTS.);
#383 = CARTESIAN_POINT('',(-2.786793320182,-2.218521018511,0.7600001));
#384 = CARTESIAN_POINT('',(-2.773016527791,-2.218521018511,0.7600001));
#385 = CARTESIAN_POINT('',(-2.760747384378,-2.222056195427,0.7600001));
#386 = CARTESIAN_POINT('',(-2.749881914153,-2.229022573467,0.7600001));
#387 = ORIENTED_EDGE('',*,*,#388,.F.);
#388 = EDGE_CURVE('',#389,#380,#391,.T.);
#389 = VERTEX_POINT('',#390);
#390 = CARTESIAN_POINT('',(-2.806860647967,-2.223927759677,0.7600001));
#391 = B_SPLINE_CURVE_WITH_KNOTS('',3,(#392,#393,#394,#395),
  .UNSPECIFIED.,.F.,.F.,(4,4),(11.,12.),.PIECEWISE_BEZIER_KNOTS.);
#392 = CARTESIAN_POINT('',(-2.806860647967,-2.223927759677,0.7600001));
#393 = CARTESIAN_POINT('',(-2.801713846282,-2.22028860697,0.7600001));
#394 = CARTESIAN_POINT('',(-2.795007407721,-2.218521018511,0.7600001));
#395 = CARTESIAN_POINT('',(-2.786793320182,-2.218521018511,0.7600001));
#396 = ORIENTED_EDGE('',*,*,#397,.F.);
#397 = EDGE_CURVE('',#398,#389,#400,.T.);
#398 = VERTEX_POINT('',#399);
#399 = CARTESIAN_POINT('',(-2.814606844444,-2.238068467338,0.7600001));
#400 = B_SPLINE_CURVE_WITH_KNOTS('',3,(#401,#402,#403,#404),
  .UNSPECIFIED.,.F.,.F.,(4,4),(12.,13.),.PIECEWISE_BEZIER_KNOTS.);
#401 = CARTESIAN_POINT('',(-2.814606844444,-2.238068467338,0.7600001));
#402 = CARTESIAN_POINT('',(-2.814606844444,-2.232245823008,0.7600001));
#403 = CARTESIAN_POINT('',(-2.812007449653,-2.227462936592,0.7600001));
#404 = CARTESIAN_POINT('',(-2.806860647967,-2.223927759677,0.7600001));
#405 = ORIENTED_EDGE('',*,*,#406,.F.);
#406 = EDGE_CURVE('',#407,#398,#409,.T.);
#407 = VERTEX_POINT('',#408);
#408 = CARTESIAN_POINT('',(-2.809044139592,-2.25158532025,0.7600001));
#409 = B_SPLINE_CURVE_WITH_KNOTS('',3,(#410,#411,#412,#413),
  .UNSPECIFIED.,.F.,.F.,(4,4),(13.,14.),.PIECEWISE_BEZIER_KNOTS.);
#410 = CARTESIAN_POINT('',(-2.809044139592,-2.25158532025,0.7600001));
#411 = CARTESIAN_POINT('',(-2.812735280195,-2.24836207071,0.7600001));
#412 = CARTESIAN_POINT('',(-2.814606844444,-2.24389111167,0.7600001));
#413 = CARTESIAN_POINT('',(-2.814606844444,-2.238068467338,0.7600001));
#414 = ORIENTED_EDGE('',*,*,#415,.F.);
#415 = EDGE_CURVE('',#416,#407,#418,.T.);
#416 = VERTEX_POINT('',#417);
#417 = CARTESIAN_POINT('',(-2.784297901183,-2.264062415247,0.7600001));
#418 = B_SPLINE_CURVE_WITH_KNOTS('',3,(#419,#420,#421,#422),
  .UNSPECIFIED.,.F.,.F.,(4,4),(14.,15.),.PIECEWISE_BEZIER_KNOTS.);
#419 = CARTESIAN_POINT('',(-2.784297901183,-2.264062415247,0.7600001));
#420 = CARTESIAN_POINT('',(-2.797086923554,-2.259071577248,0.7600001));
#421 = CARTESIAN_POINT('',(-2.805301011092,-2.254912545582,0.7600001));
#422 = CARTESIAN_POINT('',(-2.809044139592,-2.25158532025,0.7600001));
#423 = ORIENTED_EDGE('',*,*,#424,.F.);
#424 = EDGE_CURVE('',#425,#416,#427,.T.);
#425 = VERTEX_POINT('',#426);
#426 = CARTESIAN_POINT('',(-2.751441551027,-2.282882033531,0.7600001));
#427 = B_SPLINE_CURVE_WITH_KNOTS('',3,(#428,#429,#430,#431),
  .UNSPECIFIED.,.F.,.F.,(4,4),(15.,16.),.PIECEWISE_BEZIER_KNOTS.);
#428 = CARTESIAN_POINT('',(-2.751441551027,-2.282882033531,0.7600001));
#429 = CARTESIAN_POINT('',(-2.757160219567,-2.276435534451,0.7600001));
#430 = CARTESIAN_POINT('',(-2.768077677688,-2.270093011161,0.7600001));
#431 = CARTESIAN_POINT('',(-2.784297901183,-2.264062415247,0.7600001));
#432 = ORIENTED_EDGE('',*,*,#433,.F.);
#433 = EDGE_CURVE('',#434,#425,#436,.T.);
#434 = VERTEX_POINT('',#435);
#435 = CARTESIAN_POINT('',(-2.742915536114,-2.306900441399,0.7600001));
#436 = B_SPLINE_CURVE_WITH_KNOTS('',3,(#437,#438,#439,#440),
  .UNSPECIFIED.,.F.,.F.,(4,4),(16.,17.),.PIECEWISE_BEZIER_KNOTS.);
#437 = CARTESIAN_POINT('',(-2.742915536114,-2.306900441399,0.7600001));
#438 = CARTESIAN_POINT('',(-2.742915536114,-2.297334668568,0.7600001));
#439 = CARTESIAN_POINT('',(-2.745774870384,-2.289328532612,0.7600001));
#440 = CARTESIAN_POINT('',(-2.751441551027,-2.282882033531,0.7600001));
#441 = ORIENTED_EDGE('',*,*,#442,.F.);
#442 = EDGE_CURVE('',#443,#434,#445,.T.);
#443 = VERTEX_POINT('',#444);
#444 = CARTESIAN_POINT('',(-2.759291723296,-2.338301130472,0.7600001));
#445 = B_SPLINE_CURVE_WITH_KNOTS('',3,(#446,#447,#448,#449),
  .UNSPECIFIED.,.F.,.F.,(4,4),(17.,18.),.PIECEWISE_BEZIER_KNOTS.);
#446 = CARTESIAN_POINT('',(-2.759291723296,-2.338301130472,0.7600001));
#447 = CARTESIAN_POINT('',(-2.748374265174,-2.330710897681,0.7600001));
#448 = CARTESIAN_POINT('',(-2.742915536114,-2.320209342728,0.7600001));
#449 = CARTESIAN_POINT('',(-2.742915536114,-2.306900441399,0.7600001));
#450 = ORIENTED_EDGE('',*,*,#451,.F.);
#451 = EDGE_CURVE('',#452,#443,#454,.T.);
#452 = VERTEX_POINT('',#453);
#453 = CARTESIAN_POINT('',(-2.801609870489,-2.349842443342,0.7600001));
#454 = B_SPLINE_CURVE_WITH_KNOTS('',3,(#455,#456,#457,#458),
  .UNSPECIFIED.,.F.,.F.,(4,4),(18.,19.),.PIECEWISE_BEZIER_KNOTS.);
#455 = CARTESIAN_POINT('',(-2.801609870489,-2.349842443342,0.7600001));
#456 = CARTESIAN_POINT('',(-2.784297901183,-2.349842443342,0.7600001));
#457 = CARTESIAN_POINT('',(-2.770157193521,-2.345995339052,0.7600001));
#458 = CARTESIAN_POINT('',(-2.759291723296,-2.338301130472,0.7600001));
#459 = ORIENTED_EDGE('',*,*,#460,.F.);
#460 = EDGE_CURVE('',#285,#452,#461,.T.);
#461 = B_SPLINE_CURVE_WITH_KNOTS('',3,(#462,#463,#464,#465),
  .UNSPECIFIED.,.F.,.F.,(4,4),(19.,20.),.PIECEWISE_BEZIER_KNOTS.);
#462 = CARTESIAN_POINT('',(-2.841016695518,-2.341316428428,0.7600001));
#463 = CARTESIAN_POINT('',(-2.829787310022,-2.346931121177,0.7600001));
#464 = CARTESIAN_POINT('',(-2.816686360276,-2.349842443342,0.7600001));
#465 = CARTESIAN_POINT('',(-2.801609870489,-2.349842443342,0.7600001));
#466 = FACE_BOUND('',#467,.T.);
#467 = EDGE_LOOP('',(#468,#477,#486,#495,#502,#509,#516,#523,#532,#541,
    #550,#559,#566,#575));
#468 = ORIENTED_EDGE('',*,*,#469,.F.);
#469 = EDGE_CURVE('',#470,#472,#474,.T.);
#470 = VERTEX_POINT('',#471);
#471 = CARTESIAN_POINT('',(-2.978056788889,-2.211346688888,0.7600001));
#472 = VERTEX_POINT('',#473);
#473 = CARTESIAN_POINT('',(-2.978056788889,-2.236092927298,0.7600001));
#474 = B_SPLINE_CURVE_WITH_KNOTS('',1,(#475,#476),.UNSPECIFIED.,.F.,.F.,
  (2,2),(-2.474623840926E-02,-0.),.PIECEWISE_BEZIER_KNOTS.);
#475 = CARTESIAN_POINT('',(-2.978056788889,-2.211346688888,0.7600001));
#476 = CARTESIAN_POINT('',(-2.978056788889,-2.236092927298,0.7600001));
#477 = ORIENTED_EDGE('',*,*,#478,.F.);
#478 = EDGE_CURVE('',#479,#470,#481,.T.);
#479 = VERTEX_POINT('',#480);
#480 = CARTESIAN_POINT('',(-2.928044433114,-2.197829835977,0.7600001));
#481 = B_SPLINE_CURVE_WITH_KNOTS('',3,(#482,#483,#484,#485),
  .UNSPECIFIED.,.F.,.F.,(4,4),(0.,1.),.PIECEWISE_BEZIER_KNOTS.);
#482 = CARTESIAN_POINT('',(-2.928044433114,-2.197829835977,0.7600001));
#483 = CARTESIAN_POINT('',(-2.946968027191,-2.197829835977,0.7600001));
#484 = CARTESIAN_POINT('',(-2.963656141748,-2.202300795017,0.7600001));
#485 = CARTESIAN_POINT('',(-2.978056788889,-2.211346688888,0.7600001));
#486 = ORIENTED_EDGE('',*,*,#487,.F.);
#487 = EDGE_CURVE('',#488,#479,#490,.T.);
#488 = VERTEX_POINT('',#489);
#489 = CARTESIAN_POINT('',(-2.87553665834,-2.252937005542,0.7600001));
#490 = B_SPLINE_CURVE_WITH_KNOTS('',3,(#491,#492,#493,#494),
  .UNSPECIFIED.,.F.,.F.,(4,4),(1.,2.),.PIECEWISE_BEZIER_KNOTS.);
#491 = CARTESIAN_POINT('',(-2.87553665834,-2.252937005542,0.7600001));
#492 = CARTESIAN_POINT('',(-2.87553665834,-2.216129575304,0.7600001));
#493 = CARTESIAN_POINT('',(-2.89305657923,-2.197829835977,0.7600001));
#494 = CARTESIAN_POINT('',(-2.928044433114,-2.197829835977,0.7600001));
#495 = ORIENTED_EDGE('',*,*,#496,.F.);
#496 = EDGE_CURVE('',#497,#488,#499,.T.);
#497 = VERTEX_POINT('',#498);
#498 = CARTESIAN_POINT('',(-2.87553665834,-2.346411242218,0.7600001));
#499 = B_SPLINE_CURVE_WITH_KNOTS('',1,(#500,#501),.UNSPECIFIED.,.F.,.F.,
  (2,2),(-9.347423667573E-02,0.),.PIECEWISE_BEZIER_KNOTS.);
#500 = CARTESIAN_POINT('',(-2.87553665834,-2.346411242218,0.7600001));
#501 = CARTESIAN_POINT('',(-2.87553665834,-2.252937005542,0.7600001));
#502 = ORIENTED_EDGE('',*,*,#503,.F.);
#503 = EDGE_CURVE('',#504,#497,#506,.T.);
#504 = VERTEX_POINT('',#505);
#505 = CARTESIAN_POINT('',(-2.90101072729,-2.346411242218,0.7600001));
#506 = B_SPLINE_CURVE_WITH_KNOTS('',1,(#507,#508),.UNSPECIFIED.,.F.,.F.,
  (2,2),(-2.547406894985E-02,0.),.PIECEWISE_BEZIER_KNOTS.);
#507 = CARTESIAN_POINT('',(-2.90101072729,-2.346411242218,0.7600001));
#508 = CARTESIAN_POINT('',(-2.87553665834,-2.346411242218,0.7600001));
#509 = ORIENTED_EDGE('',*,*,#510,.F.);
#510 = EDGE_CURVE('',#511,#504,#513,.T.);
#511 = VERTEX_POINT('',#512);
#512 = CARTESIAN_POINT('',(-2.90101072729,-2.323952471226,0.7600001));
#513 = B_SPLINE_CURVE_WITH_KNOTS('',1,(#514,#515),.UNSPECIFIED.,.F.,.F.,
  (2,2),(-2.24587709918E-02,-0.),.PIECEWISE_BEZIER_KNOTS.);
#514 = CARTESIAN_POINT('',(-2.90101072729,-2.323952471226,0.7600001));
#515 = CARTESIAN_POINT('',(-2.90101072729,-2.346411242218,0.7600001));
#516 = ORIENTED_EDGE('',*,*,#517,.F.);
#517 = EDGE_CURVE('',#518,#511,#520,.T.);
#518 = VERTEX_POINT('',#519);
#519 = CARTESIAN_POINT('',(-2.901686569935,-2.323952471226,0.7600001));
#520 = B_SPLINE_CURVE_WITH_KNOTS('',1,(#521,#522),.UNSPECIFIED.,.F.,.F.,
  (2,2),(-6.758426455273E-04,0.),.PIECEWISE_BEZIER_KNOTS.);
#521 = CARTESIAN_POINT('',(-2.901686569935,-2.323952471226,0.7600001));
#522 = CARTESIAN_POINT('',(-2.90101072729,-2.323952471226,0.7600001));
#523 = ORIENTED_EDGE('',*,*,#524,.F.);
#524 = EDGE_CURVE('',#525,#518,#527,.T.);
#525 = VERTEX_POINT('',#526);
#526 = CARTESIAN_POINT('',(-2.946188208754,-2.349842443342,0.7600001));
#527 = B_SPLINE_CURVE_WITH_KNOTS('',3,(#528,#529,#530,#531),
  .UNSPECIFIED.,.F.,.F.,(4,4),(6.,7.),.PIECEWISE_BEZIER_KNOTS.);
#528 = CARTESIAN_POINT('',(-2.946188208754,-2.349842443342,0.7600001));
#529 = CARTESIAN_POINT('',(-2.926588772031,-2.349842443342,0.7600001));
#530 = CARTESIAN_POINT('',(-2.911720233827,-2.341212452637,0.7600001));
#531 = CARTESIAN_POINT('',(-2.901686569935,-2.323952471226,0.7600001));
#532 = ORIENTED_EDGE('',*,*,#533,.F.);
#533 = EDGE_CURVE('',#534,#525,#536,.T.);
#534 = VERTEX_POINT('',#535);
#535 = CARTESIAN_POINT('',(-2.97977238945,-2.338405106263,0.7600001));
#536 = B_SPLINE_CURVE_WITH_KNOTS('',3,(#537,#538,#539,#540),
  .UNSPECIFIED.,.F.,.F.,(4,4),(7.,8.),.PIECEWISE_BEZIER_KNOTS.);
#537 = CARTESIAN_POINT('',(-2.97977238945,-2.338405106263,0.7600001));
#538 = CARTESIAN_POINT('',(-2.97145432612,-2.345995339052,0.7600001));
#539 = CARTESIAN_POINT('',(-2.960276928519,-2.349842443342,0.7600001));
#540 = CARTESIAN_POINT('',(-2.946188208754,-2.349842443342,0.7600001));
#541 = ORIENTED_EDGE('',*,*,#542,.F.);
#542 = EDGE_CURVE('',#543,#534,#545,.T.);
#543 = VERTEX_POINT('',#544);
#544 = CARTESIAN_POINT('',(-2.992249484447,-2.307524296148,0.7600001));
#545 = B_SPLINE_CURVE_WITH_KNOTS('',3,(#546,#547,#548,#549),
  .UNSPECIFIED.,.F.,.F.,(4,4),(8.,9.),.PIECEWISE_BEZIER_KNOTS.);
#546 = CARTESIAN_POINT('',(-2.992249484447,-2.307524296148,0.7600001));
#547 = CARTESIAN_POINT('',(-2.992249484447,-2.320521270102,0.7600001));
#548 = CARTESIAN_POINT('',(-2.988090452781,-2.330814873474,0.7600001));
#549 = CARTESIAN_POINT('',(-2.97977238945,-2.338405106263,0.7600001));
#550 = ORIENTED_EDGE('',*,*,#551,.F.);
#551 = EDGE_CURVE('',#552,#543,#554,.T.);
#552 = VERTEX_POINT('',#553);
#553 = CARTESIAN_POINT('',(-2.944056705025,-2.260111335164,0.7600001));
#554 = B_SPLINE_CURVE_WITH_KNOTS('',3,(#555,#556,#557,#558),
  .UNSPECIFIED.,.F.,.F.,(4,4),(9.,10.),.PIECEWISE_BEZIER_KNOTS.);
#555 = CARTESIAN_POINT('',(-2.944056705025,-2.260111335164,0.7600001));
#556 = CARTESIAN_POINT('',(-2.976185224639,-2.264582294204,0.7600001));
#557 = CARTESIAN_POINT('',(-2.992249484447,-2.280386614532,0.7600001));
#558 = CARTESIAN_POINT('',(-2.992249484447,-2.307524296148,0.7600001));
#559 = ORIENTED_EDGE('',*,*,#560,.F.);
#560 = EDGE_CURVE('',#561,#552,#563,.T.);
#561 = VERTEX_POINT('',#562);
#562 = CARTESIAN_POINT('',(-2.90101072729,-2.254080739249,0.7600001));
#563 = B_SPLINE_CURVE_WITH_KNOTS('',1,(#564,#565),.UNSPECIFIED.,.F.,.F.,
  (2,2),(-4.346635809804E-02,-0.),.PIECEWISE_BEZIER_KNOTS.);
#564 = CARTESIAN_POINT('',(-2.90101072729,-2.254080739249,0.7600001));
#565 = CARTESIAN_POINT('',(-2.944056705025,-2.260111335164,0.7600001));
#566 = ORIENTED_EDGE('',*,*,#567,.F.);
#567 = EDGE_CURVE('',#568,#561,#570,.T.);
#568 = VERTEX_POINT('',#569);
#569 = CARTESIAN_POINT('',(-2.930435876321,-2.218521018511,0.7600001));
#570 = B_SPLINE_CURVE_WITH_KNOTS('',3,(#571,#572,#573,#574),
  .UNSPECIFIED.,.F.,.F.,(4,4),(11.,12.),.PIECEWISE_BEZIER_KNOTS.);
#571 = CARTESIAN_POINT('',(-2.930435876321,-2.218521018511,0.7600001));
#572 = CARTESIAN_POINT('',(-2.910836439599,-2.218521018511,0.7600001));
#573 = CARTESIAN_POINT('',(-2.90101072729,-2.230374258758,0.7600001));
#574 = CARTESIAN_POINT('',(-2.90101072729,-2.254080739249,0.7600001));
#575 = ORIENTED_EDGE('',*,*,#576,.F.);
#576 = EDGE_CURVE('',#472,#568,#577,.T.);
#577 = B_SPLINE_CURVE_WITH_KNOTS('',3,(#578,#579,#580,#581),
  .UNSPECIFIED.,.F.,.F.,(4,4),(12.,13.),.PIECEWISE_BEZIER_KNOTS.);
#578 = CARTESIAN_POINT('',(-2.978056788889,-2.236092927298,0.7600001));
#579 = CARTESIAN_POINT('',(-2.963708129644,-2.224447638634,0.7600001));
#580 = CARTESIAN_POINT('',(-2.94785182142,-2.218521018511,0.7600001));
#581 = CARTESIAN_POINT('',(-2.930435876321,-2.218521018511,0.7600001));
#582 = FACE_BOUND('',#583,.T.);
#583 = EDGE_LOOP('',(#584,#595,#602,#609,#616,#625,#634));
#584 = ORIENTED_EDGE('',*,*,#585,.F.);
#585 = EDGE_CURVE('',#586,#588,#590,.T.);
#586 = VERTEX_POINT('',#587);
#587 = CARTESIAN_POINT('',(-2.613725615011,-2.023774360785,0.7600001));
#588 = VERTEX_POINT('',#589);
#589 = CARTESIAN_POINT('',(-2.534756001267,-1.995284993879,0.7600001));
#590 = B_SPLINE_CURVE_WITH_KNOTS('',3,(#591,#592,#593,#594),
  .UNSPECIFIED.,.F.,.F.,(4,4),(5.,6.),.PIECEWISE_BEZIER_KNOTS.);
#591 = CARTESIAN_POINT('',(-2.613725615011,-2.023774360785,0.7600001));
#592 = CARTESIAN_POINT('',(-2.581545107502,-2.023774360785,0.7600001));
#593 = CARTESIAN_POINT('',(-2.555187244322,-2.014312563746,0.7600001));
#594 = CARTESIAN_POINT('',(-2.534756001267,-1.995284993879,0.7600001));
#595 = ORIENTED_EDGE('',*,*,#596,.F.);
#596 = EDGE_CURVE('',#597,#586,#599,.T.);
#597 = VERTEX_POINT('',#598);
#598 = CARTESIAN_POINT('',(-2.669664590909,-2.023774360785,0.7600001));
#599 = B_SPLINE_CURVE_WITH_KNOTS('',1,(#600,#601),.UNSPECIFIED.,.F.,.F.,
  (2,2),(-5.593897589788E-02,0.),.PIECEWISE_BEZIER_KNOTS.);
#600 = CARTESIAN_POINT('',(-2.669664590909,-2.023774360785,0.7600001));
#601 = CARTESIAN_POINT('',(-2.613725615011,-2.023774360785,0.7600001));
#602 = ORIENTED_EDGE('',*,*,#603,.F.);
#603 = EDGE_CURVE('',#604,#597,#606,.T.);
#604 = VERTEX_POINT('',#605);
#605 = CARTESIAN_POINT('',(-2.669664590909,-1.820397712354,0.7600001));
#606 = B_SPLINE_CURVE_WITH_KNOTS('',1,(#607,#608),.UNSPECIFIED.,.F.,.F.,
  (2,2),(-0.203376648431,-0.),.PIECEWISE_BEZIER_KNOTS.);
#607 = CARTESIAN_POINT('',(-2.669664590909,-1.820397712354,0.7600001));
#608 = CARTESIAN_POINT('',(-2.669664590909,-2.023774360785,0.7600001));
#609 = ORIENTED_EDGE('',*,*,#610,.F.);
#610 = EDGE_CURVE('',#611,#604,#613,.T.);
#611 = VERTEX_POINT('',#612);
#612 = CARTESIAN_POINT('',(-2.611646099178,-1.820397712354,0.7600001));
#613 = B_SPLINE_CURVE_WITH_KNOTS('',1,(#614,#615),.UNSPECIFIED.,.F.,.F.,
  (2,2),(-5.801849173091E-02,-0.),.PIECEWISE_BEZIER_KNOTS.);
#614 = CARTESIAN_POINT('',(-2.611646099178,-1.820397712354,0.7600001));
#615 = CARTESIAN_POINT('',(-2.669664590909,-1.820397712354,0.7600001));
#616 = ORIENTED_EDGE('',*,*,#617,.F.);
#617 = EDGE_CURVE('',#618,#611,#620,.T.);
#618 = VERTEX_POINT('',#619);
#619 = CARTESIAN_POINT('',(-2.534756001267,-1.847327442386,0.7600001));
#620 = B_SPLINE_CURVE_WITH_KNOTS('',3,(#621,#622,#623,#624),
  .UNSPECIFIED.,.F.,.F.,(4,4),(2.,3.),.PIECEWISE_BEZIER_KNOTS.);
#621 = CARTESIAN_POINT('',(-2.534756001267,-1.847327442386,0.7600001));
#622 = CARTESIAN_POINT('',(-2.555187244322,-1.829339630434,0.7600001));
#623 = CARTESIAN_POINT('',(-2.58081727696,-1.820397712354,0.7600001));
#624 = CARTESIAN_POINT('',(-2.611646099178,-1.820397712354,0.7600001));
#625 = ORIENTED_EDGE('',*,*,#626,.F.);
#626 = EDGE_CURVE('',#627,#618,#629,.T.);
#627 = VERTEX_POINT('',#628);
#628 = CARTESIAN_POINT('',(-2.504083142735,-1.919486641778,0.7600001));
#629 = B_SPLINE_CURVE_WITH_KNOTS('',3,(#630,#631,#632,#633),
  .UNSPECIFIED.,.F.,.F.,(4,4),(3.,4.),.PIECEWISE_BEZIER_KNOTS.);
#630 = CARTESIAN_POINT('',(-2.504083142735,-1.919486641778,0.7600001));
#631 = CARTESIAN_POINT('',(-2.504083142735,-1.889333662206,0.7600001));
#632 = CARTESIAN_POINT('',(-2.514324758211,-1.865315254339,0.7600001));
#633 = CARTESIAN_POINT('',(-2.534756001267,-1.847327442386,0.7600001));
#634 = ORIENTED_EDGE('',*,*,#635,.F.);
#635 = EDGE_CURVE('',#588,#627,#636,.T.);
#636 = B_SPLINE_CURVE_WITH_KNOTS('',3,(#637,#638,#639,#640),
  .UNSPECIFIED.,.F.,.F.,(4,4),(4.,5.),.PIECEWISE_BEZIER_KNOTS.);
#637 = CARTESIAN_POINT('',(-2.534756001267,-1.995284993879,0.7600001));
#638 = CARTESIAN_POINT('',(-2.514324758211,-1.97625742401,0.7600001));
#639 = CARTESIAN_POINT('',(-2.504083142735,-1.950991306643,0.7600001));
#640 = CARTESIAN_POINT('',(-2.504083142735,-1.919486641778,0.7600001));
#641 = FACE_BOUND('',#642,.T.);
#642 = EDGE_LOOP('',(#643,#652,#659,#666));
#643 = ORIENTED_EDGE('',*,*,#644,.T.);
#644 = EDGE_CURVE('',#645,#647,#649,.T.);
#645 = VERTEX_POINT('',#646);
#646 = CARTESIAN_POINT('',(-5.05,-3.3,0.7600001));
#647 = VERTEX_POINT('',#648);
#648 = CARTESIAN_POINT('',(5.05,-3.3,0.7600001));
#649 = B_SPLINE_CURVE_WITH_KNOTS('',1,(#650,#651),.UNSPECIFIED.,.F.,.F.,
  (2,2),(0.6,10.7),.PIECEWISE_BEZIER_KNOTS.);
#650 = CARTESIAN_POINT('',(-5.05,-3.3,0.7600001));
#651 = CARTESIAN_POINT('',(5.05,-3.3,0.7600001));
#652 = ORIENTED_EDGE('',*,*,#653,.T.);
#653 = EDGE_CURVE('',#647,#654,#656,.T.);
#654 = VERTEX_POINT('',#655);
#655 = CARTESIAN_POINT('',(5.05,3.3,0.7600001));
#656 = B_SPLINE_CURVE_WITH_KNOTS('',1,(#657,#658),.UNSPECIFIED.,.F.,.F.,
  (2,2),(-3.3,3.3),.PIECEWISE_BEZIER_KNOTS.);
#657 = CARTESIAN_POINT('',(5.05,-3.3,0.7600001));
#658 = CARTESIAN_POINT('',(5.05,3.3,0.7600001));
#659 = ORIENTED_EDGE('',*,*,#660,.T.);
#660 = EDGE_CURVE('',#654,#661,#663,.T.);
#661 = VERTEX_POINT('',#662);
#662 = CARTESIAN_POINT('',(-5.05,3.3,0.7600001));
#663 = B_SPLINE_CURVE_WITH_KNOTS('',1,(#664,#665),.UNSPECIFIED.,.F.,.F.,
  (2,2),(-10.7,-0.6),.PIECEWISE_BEZIER_KNOTS.);
#664 = CARTESIAN_POINT('',(5.05,3.3,0.7600001));
#665 = CARTESIAN_POINT('',(-5.05,3.3,0.7600001));
#666 = ORIENTED_EDGE('',*,*,#667,.F.);
#667 = EDGE_CURVE('',#645,#661,#668,.T.);
#668 = B_SPLINE_CURVE_WITH_KNOTS('',1,(#669,#670),.UNSPECIFIED.,.F.,.F.,
  (2,2),(-3.3,3.3),.PIECEWISE_BEZIER_KNOTS.);
#669 = CARTESIAN_POINT('',(-5.05,-3.3,0.7600001));
#670 = CARTESIAN_POINT('',(-5.05,3.3,0.7600001));
#671 = FACE_BOUND('',#672,.T.);
#672 = EDGE_LOOP('',(#673,#682,#689,#696,#703,#710));
#673 = ORIENTED_EDGE('',*,*,#674,.F.);
#674 = EDGE_CURVE('',#675,#677,#679,.T.);
#675 = VERTEX_POINT('',#676);
#676 = CARTESIAN_POINT('',(-3.018763311312,-2.000587759251,0.7600001));
#677 = VERTEX_POINT('',#678);
#678 = CARTESIAN_POINT('',(-3.099760452994,-2.000587759251,0.7600001));
#679 = B_SPLINE_CURVE_WITH_KNOTS('',1,(#680,#681),.UNSPECIFIED.,.F.,.F.,
  (2,2),(-8.099714168166E-02,-0.),.PIECEWISE_BEZIER_KNOTS.);
#680 = CARTESIAN_POINT('',(-3.018763311312,-2.000587759251,0.7600001));
#681 = CARTESIAN_POINT('',(-3.099760452994,-2.000587759251,0.7600001));
#682 = ORIENTED_EDGE('',*,*,#683,.F.);
#683 = EDGE_CURVE('',#684,#675,#686,.T.);
#684 = VERTEX_POINT('',#685);
#685 = CARTESIAN_POINT('',(-3.018763311312,-2.023774360785,0.7600001));
#686 = B_SPLINE_CURVE_WITH_KNOTS('',1,(#687,#688),.UNSPECIFIED.,.F.,.F.,
  (2,2),(-2.318660153378E-02,0.),.PIECEWISE_BEZIER_KNOTS.);
#687 = CARTESIAN_POINT('',(-3.018763311312,-2.023774360785,0.7600001));
#688 = CARTESIAN_POINT('',(-3.018763311312,-2.000587759251,0.7600001));
#689 = ORIENTED_EDGE('',*,*,#690,.F.);
#690 = EDGE_CURVE('',#691,#684,#693,.T.);
#691 = VERTEX_POINT('',#692);
#692 = CARTESIAN_POINT('',(-3.126014340381,-2.023774360785,0.7600001));
#693 = B_SPLINE_CURVE_WITH_KNOTS('',1,(#694,#695),.UNSPECIFIED.,.F.,.F.,
  (2,2),(-0.107251029069,0.),.PIECEWISE_BEZIER_KNOTS.);
#694 = CARTESIAN_POINT('',(-3.126014340381,-2.023774360785,0.7600001));
#695 = CARTESIAN_POINT('',(-3.018763311312,-2.023774360785,0.7600001));
#696 = ORIENTED_EDGE('',*,*,#697,.F.);
#697 = EDGE_CURVE('',#698,#691,#700,.T.);
#698 = VERTEX_POINT('',#699);
#699 = CARTESIAN_POINT('',(-3.126014340381,-1.820397712354,0.7600001));
#700 = B_SPLINE_CURVE_WITH_KNOTS('',1,(#701,#702),.UNSPECIFIED.,.F.,.F.,
  (2,2),(-0.203376648431,-0.),.PIECEWISE_BEZIER_KNOTS.);
#701 = CARTESIAN_POINT('',(-3.126014340381,-1.820397712354,0.7600001));
#702 = CARTESIAN_POINT('',(-3.126014340381,-2.023774360785,0.7600001));
#703 = ORIENTED_EDGE('',*,*,#704,.F.);
#704 = EDGE_CURVE('',#705,#698,#707,.T.);
#705 = VERTEX_POINT('',#706);
#706 = CARTESIAN_POINT('',(-3.099760452994,-1.820397712354,0.7600001));
#707 = B_SPLINE_CURVE_WITH_KNOTS('',1,(#708,#709),.UNSPECIFIED.,.F.,.F.,
  (2,2),(-2.625388738689E-02,-0.),.PIECEWISE_BEZIER_KNOTS.);
#708 = CARTESIAN_POINT('',(-3.099760452994,-1.820397712354,0.7600001));
#709 = CARTESIAN_POINT('',(-3.126014340381,-1.820397712354,0.7600001));
#710 = ORIENTED_EDGE('',*,*,#711,.F.);
#711 = EDGE_CURVE('',#677,#705,#712,.T.);
#712 = B_SPLINE_CURVE_WITH_KNOTS('',1,(#713,#714),.UNSPECIFIED.,.F.,.F.,
  (2,2),(-0.180190046898,0.),.PIECEWISE_BEZIER_KNOTS.);
#713 = CARTESIAN_POINT('',(-3.099760452994,-2.000587759251,0.7600001));
#714 = CARTESIAN_POINT('',(-3.099760452994,-1.820397712354,0.7600001));
#715 = FACE_BOUND('',#716,.T.);
#716 = EDGE_LOOP('',(#717,#726,#735,#744,#753,#762,#771,#780,#787,#796,
    #805,#814,#823,#832));
#717 = ORIENTED_EDGE('',*,*,#718,.F.);
#718 = EDGE_CURVE('',#719,#721,#723,.T.);
#719 = VERTEX_POINT('',#720);
#720 = CARTESIAN_POINT('',(-2.858172701137,-2.015352321663,0.7600001));
#721 = VERTEX_POINT('',#722);
#722 = CARTESIAN_POINT('',(-2.858172701137,-1.990190180088,0.7600001));
#723 = B_SPLINE_CURVE_WITH_KNOTS('',1,(#724,#725),.UNSPECIFIED.,.F.,.F.,
  (2,2),(-2.516214157531E-02,0.),.PIECEWISE_BEZIER_KNOTS.);
#724 = CARTESIAN_POINT('',(-2.858172701137,-2.015352321663,0.7600001));
#725 = CARTESIAN_POINT('',(-2.858172701137,-1.990190180088,0.7600001));
#726 = ORIENTED_EDGE('',*,*,#727,.F.);
#727 = EDGE_CURVE('',#728,#719,#730,.T.);
#728 = VERTEX_POINT('',#729);
#729 = CARTESIAN_POINT('',(-2.914475592306,-2.027205561909,0.7600001));
#730 = B_SPLINE_CURVE_WITH_KNOTS('',3,(#731,#732,#733,#734),
  .UNSPECIFIED.,.F.,.F.,(4,4),(0.,1.),.PIECEWISE_BEZIER_KNOTS.);
#731 = CARTESIAN_POINT('',(-2.914475592306,-2.027205561909,0.7600001));
#732 = CARTESIAN_POINT('',(-2.891912845522,-2.027205561909,0.7600001));
#733 = CARTESIAN_POINT('',(-2.873145215132,-2.023254481828,0.7600001));
#734 = CARTESIAN_POINT('',(-2.858172701137,-2.015352321663,0.7600001));
#735 = ORIENTED_EDGE('',*,*,#736,.F.);
#736 = EDGE_CURVE('',#737,#728,#739,.T.);
#737 = VERTEX_POINT('',#738);
#738 = CARTESIAN_POINT('',(-2.984347324283,-1.999444025543,0.7600001));
#739 = B_SPLINE_CURVE_WITH_KNOTS('',3,(#740,#741,#742,#743),
  .UNSPECIFIED.,.F.,.F.,(4,4),(1.,2.),.PIECEWISE_BEZIER_KNOTS.);
#740 = CARTESIAN_POINT('',(-2.984347324283,-1.999444025543,0.7600001));
#741 = CARTESIAN_POINT('',(-2.966931379184,-2.017951716453,0.7600001));
#742 = CARTESIAN_POINT('',(-2.943640801859,-2.027205561909,0.7600001));
#743 = CARTESIAN_POINT('',(-2.914475592306,-2.027205561909,0.7600001));
#744 = ORIENTED_EDGE('',*,*,#745,.F.);
#745 = EDGE_CURVE('',#746,#737,#748,.T.);
#746 = VERTEX_POINT('',#747);
#747 = CARTESIAN_POINT('',(-3.010445247982,-1.92593314086,0.7600001));
#748 = B_SPLINE_CURVE_WITH_KNOTS('',3,(#749,#750,#751,#752),
  .UNSPECIFIED.,.F.,.F.,(4,4),(2.,3.),.PIECEWISE_BEZIER_KNOTS.);
#749 = CARTESIAN_POINT('',(-3.010445247982,-1.92593314086,0.7600001));
#750 = CARTESIAN_POINT('',(-3.010445247982,-1.956398047808,0.7600001));
#751 = CARTESIAN_POINT('',(-3.001763269381,-1.980936334633,0.7600001));
#752 = CARTESIAN_POINT('',(-2.984347324283,-1.999444025543,0.7600001));
#753 = ORIENTED_EDGE('',*,*,#754,.F.);
#754 = EDGE_CURVE('',#755,#746,#757,.T.);
#755 = VERTEX_POINT('',#756);
#756 = CARTESIAN_POINT('',(-2.981072086846,-1.84691153922,0.7600001));
#757 = B_SPLINE_CURVE_WITH_KNOTS('',3,(#758,#759,#760,#761),
  .UNSPECIFIED.,.F.,.F.,(4,4),(3.,4.),.PIECEWISE_BEZIER_KNOTS.);
#758 = CARTESIAN_POINT('',(-2.981072086846,-1.84691153922,0.7600001));
#759 = CARTESIAN_POINT('',(-3.000671523569,-1.866874891213,0.7600001));
#760 = CARTESIAN_POINT('',(-3.010445247982,-1.893180766496,0.7600001));
#761 = CARTESIAN_POINT('',(-3.010445247982,-1.92593314086,0.7600001));
#762 = ORIENTED_EDGE('',*,*,#763,.F.);
#763 = EDGE_CURVE('',#764,#755,#766,.T.);
#764 = VERTEX_POINT('',#765);
#765 = CARTESIAN_POINT('',(-2.906365480559,-1.81696651123,0.7600001));
#766 = B_SPLINE_CURVE_WITH_KNOTS('',3,(#767,#768,#769,#770),
  .UNSPECIFIED.,.F.,.F.,(4,4),(4.,5.),.PIECEWISE_BEZIER_KNOTS.);
#767 = CARTESIAN_POINT('',(-2.906365480559,-1.81696651123,0.7600001));
#768 = CARTESIAN_POINT('',(-2.936570448027,-1.81696651123,0.7600001));
#769 = CARTESIAN_POINT('',(-2.961472650123,-1.826948187226,0.7600001));
#770 = CARTESIAN_POINT('',(-2.981072086846,-1.84691153922,0.7600001));
#771 = ORIENTED_EDGE('',*,*,#772,.F.);
#772 = EDGE_CURVE('',#773,#764,#775,.T.);
#773 = VERTEX_POINT('',#774);
#774 = CARTESIAN_POINT('',(-2.858172701137,-1.82528457456,0.7600001));
#775 = B_SPLINE_CURVE_WITH_KNOTS('',3,(#776,#777,#778,#779),
  .UNSPECIFIED.,.F.,.F.,(4,4),(5.,6.),.PIECEWISE_BEZIER_KNOTS.);
#776 = CARTESIAN_POINT('',(-2.858172701137,-1.82528457456,0.7600001));
#777 = CARTESIAN_POINT('',(-2.870857747716,-1.819773857603,0.7600001));
#778 = CARTESIAN_POINT('',(-2.886922007524,-1.81696651123,0.7600001));
#779 = CARTESIAN_POINT('',(-2.906365480559,-1.81696651123,0.7600001));
#780 = ORIENTED_EDGE('',*,*,#781,.F.);
#781 = EDGE_CURVE('',#782,#773,#784,.T.);
#782 = VERTEX_POINT('',#783);
#783 = CARTESIAN_POINT('',(-2.858172701137,-1.85273418355,0.7600001));
#784 = B_SPLINE_CURVE_WITH_KNOTS('',1,(#785,#786),.UNSPECIFIED.,.F.,.F.,
  (2,2),(-2.744960898998E-02,0.),.PIECEWISE_BEZIER_KNOTS.);
#785 = CARTESIAN_POINT('',(-2.858172701137,-1.85273418355,0.7600001));
#786 = CARTESIAN_POINT('',(-2.858172701137,-1.82528457456,0.7600001));
#787 = ORIENTED_EDGE('',*,*,#788,.F.);
#788 = EDGE_CURVE('',#789,#782,#791,.T.);
#789 = VERTEX_POINT('',#790);
#790 = CARTESIAN_POINT('',(-2.906105541079,-1.840672991722,0.7600001));
#791 = B_SPLINE_CURVE_WITH_KNOTS('',3,(#792,#793,#794,#795),
  .UNSPECIFIED.,.F.,.F.,(4,4),(7.,8.),.PIECEWISE_BEZIER_KNOTS.);
#792 = CARTESIAN_POINT('',(-2.906105541079,-1.840672991722,0.7600001));
#793 = CARTESIAN_POINT('',(-2.888689595982,-1.840672991722,0.7600001));
#794 = CARTESIAN_POINT('',(-2.872729311966,-1.844624071804,0.7600001));
#795 = CARTESIAN_POINT('',(-2.858172701137,-1.85273418355,0.7600001));
#796 = ORIENTED_EDGE('',*,*,#797,.F.);
#797 = EDGE_CURVE('',#798,#789,#800,.T.);
#798 = VERTEX_POINT('',#799);
#799 = CARTESIAN_POINT('',(-2.961524638019,-1.863235738506,0.7600001));
#800 = B_SPLINE_CURVE_WITH_KNOTS('',3,(#801,#802,#803,#804),
  .UNSPECIFIED.,.F.,.F.,(4,4),(8.,9.),.PIECEWISE_BEZIER_KNOTS.);
#801 = CARTESIAN_POINT('',(-2.961524638019,-1.863235738506,0.7600001));
#802 = CARTESIAN_POINT('',(-2.94722796667,-1.84815924872,0.7600001));
#803 = CARTESIAN_POINT('',(-2.928772263655,-1.840672991722,0.7600001));
#804 = CARTESIAN_POINT('',(-2.906105541079,-1.840672991722,0.7600001));
#805 = ORIENTED_EDGE('',*,*,#806,.F.);
#806 = EDGE_CURVE('',#807,#798,#809,.T.);
#807 = VERTEX_POINT('',#808);
#808 = CARTESIAN_POINT('',(-2.982891663199,-1.924373503985,0.7600001));
#809 = B_SPLINE_CURVE_WITH_KNOTS('',3,(#810,#811,#812,#813),
  .UNSPECIFIED.,.F.,.F.,(4,4),(9.,10.),.PIECEWISE_BEZIER_KNOTS.);
#810 = CARTESIAN_POINT('',(-2.982891663199,-1.924373503985,0.7600001));
#811 = CARTESIAN_POINT('',(-2.982891663199,-1.898795459244,0.7600001));
#812 = CARTESIAN_POINT('',(-2.975769321473,-1.878416204085,0.7600001));
#813 = CARTESIAN_POINT('',(-2.961524638019,-1.863235738506,0.7600001));
#814 = ORIENTED_EDGE('',*,*,#815,.F.);
#815 = EDGE_CURVE('',#816,#807,#818,.T.);
#816 = VERTEX_POINT('',#817);
#817 = CARTESIAN_POINT('',(-2.962928311207,-1.982391995716,0.7600001));
#818 = B_SPLINE_CURVE_WITH_KNOTS('',3,(#819,#820,#821,#822),
  .UNSPECIFIED.,.F.,.F.,(4,4),(10.,11.),.PIECEWISE_BEZIER_KNOTS.);
#819 = CARTESIAN_POINT('',(-2.962928311207,-1.982391995716,0.7600001));
#820 = CARTESIAN_POINT('',(-2.976237212535,-1.96804333647,0.7600001));
#821 = CARTESIAN_POINT('',(-2.982891663199,-1.948703839227,0.7600001));
#822 = CARTESIAN_POINT('',(-2.982891663199,-1.924373503985,0.7600001));
#823 = ORIENTED_EDGE('',*,*,#824,.F.);
#824 = EDGE_CURVE('',#825,#816,#827,.T.);
#825 = VERTEX_POINT('',#826);
#826 = CARTESIAN_POINT('',(-2.910680475912,-2.003811008792,0.7600001));
#827 = B_SPLINE_CURVE_WITH_KNOTS('',3,(#828,#829,#830,#831),
  .UNSPECIFIED.,.F.,.F.,(4,4),(11.,12.),.PIECEWISE_BEZIER_KNOTS.);
#828 = CARTESIAN_POINT('',(-2.910680475912,-2.003811008792,0.7600001));
#829 = CARTESIAN_POINT('',(-2.932203464779,-2.003811008792,0.7600001));
#830 = CARTESIAN_POINT('',(-2.949619409878,-1.99663667917,0.7600001));
#831 = CARTESIAN_POINT('',(-2.962928311207,-1.982391995716,0.7600001));
#832 = ORIENTED_EDGE('',*,*,#833,.F.);
#833 = EDGE_CURVE('',#721,#825,#834,.T.);
#834 = B_SPLINE_CURVE_WITH_KNOTS('',3,(#835,#836,#837,#838),
  .UNSPECIFIED.,.F.,.F.,(4,4),(12.,13.),.PIECEWISE_BEZIER_KNOTS.);
#835 = CARTESIAN_POINT('',(-2.858172701137,-1.990190180088,0.7600001));
#836 = CARTESIAN_POINT('',(-2.873041239341,-1.99923607396,0.7600001));
#837 = CARTESIAN_POINT('',(-2.890561160231,-2.003811008792,0.7600001));
#838 = CARTESIAN_POINT('',(-2.910680475912,-2.003811008792,0.7600001));
#839 = FACE_BOUND('',#840,.T.);
#840 = EDGE_LOOP('',(#841,#850,#857,#864,#871,#878,#885,#892,#899,#906,
    #913,#920));
#841 = ORIENTED_EDGE('',*,*,#842,.F.);
#842 = EDGE_CURVE('',#843,#845,#847,.T.);
#843 = VERTEX_POINT('',#844);
#844 = CARTESIAN_POINT('',(-2.708083645917,-2.000587759251,0.7600001));
#845 = VERTEX_POINT('',#846);
#846 = CARTESIAN_POINT('',(-2.791212291326,-2.000587759251,0.7600001));
#847 = B_SPLINE_CURVE_WITH_KNOTS('',1,(#848,#849),.UNSPECIFIED.,.F.,.F.,
  (2,2),(-8.312864540908E-02,-0.),.PIECEWISE_BEZIER_KNOTS.);
#848 = CARTESIAN_POINT('',(-2.708083645917,-2.000587759251,0.7600001));
#849 = CARTESIAN_POINT('',(-2.791212291326,-2.000587759251,0.7600001));
#850 = ORIENTED_EDGE('',*,*,#851,.F.);
#851 = EDGE_CURVE('',#852,#843,#854,.T.);
#852 = VERTEX_POINT('',#853);
#853 = CARTESIAN_POINT('',(-2.708083645917,-2.023774360785,0.7600001));
#854 = B_SPLINE_CURVE_WITH_KNOTS('',1,(#855,#856),.UNSPECIFIED.,.F.,.F.,
  (2,2),(-2.318660153378E-02,0.),.PIECEWISE_BEZIER_KNOTS.);
#855 = CARTESIAN_POINT('',(-2.708083645917,-2.023774360785,0.7600001));
#856 = CARTESIAN_POINT('',(-2.708083645917,-2.000587759251,0.7600001));
#857 = ORIENTED_EDGE('',*,*,#858,.F.);
#858 = EDGE_CURVE('',#859,#852,#861,.T.);
#859 = VERTEX_POINT('',#860);
#860 = CARTESIAN_POINT('',(-2.817466178713,-2.023774360785,0.7600001));
#861 = B_SPLINE_CURVE_WITH_KNOTS('',1,(#862,#863),.UNSPECIFIED.,.F.,.F.,
  (2,2),(-0.109382532796,0.),.PIECEWISE_BEZIER_KNOTS.);
#862 = CARTESIAN_POINT('',(-2.817466178713,-2.023774360785,0.7600001));
#863 = CARTESIAN_POINT('',(-2.708083645917,-2.023774360785,0.7600001));
#864 = ORIENTED_EDGE('',*,*,#865,.F.);
#865 = EDGE_CURVE('',#866,#859,#868,.T.);
#866 = VERTEX_POINT('',#867);
#867 = CARTESIAN_POINT('',(-2.817466178713,-1.820397712354,0.7600001));
#868 = B_SPLINE_CURVE_WITH_KNOTS('',1,(#869,#870),.UNSPECIFIED.,.F.,.F.,
  (2,2),(-0.203376648431,-0.),.PIECEWISE_BEZIER_KNOTS.);
#869 = CARTESIAN_POINT('',(-2.817466178713,-1.820397712354,0.7600001));
#870 = CARTESIAN_POINT('',(-2.817466178713,-2.023774360785,0.7600001));
#871 = ORIENTED_EDGE('',*,*,#872,.F.);
#872 = EDGE_CURVE('',#873,#866,#875,.T.);
#873 = VERTEX_POINT('',#874);
#874 = CARTESIAN_POINT('',(-2.712710568644,-1.820397712354,0.7600001));
#875 = B_SPLINE_CURVE_WITH_KNOTS('',1,(#876,#877),.UNSPECIFIED.,.F.,.F.,
  (2,2),(-0.104755610069,-0.),.PIECEWISE_BEZIER_KNOTS.);
#876 = CARTESIAN_POINT('',(-2.712710568644,-1.820397712354,0.7600001));
#877 = CARTESIAN_POINT('',(-2.817466178713,-1.820397712354,0.7600001));
#878 = ORIENTED_EDGE('',*,*,#879,.F.);
#879 = EDGE_CURVE('',#880,#873,#882,.T.);
#880 = VERTEX_POINT('',#881);
#881 = CARTESIAN_POINT('',(-2.712710568644,-1.843792265471,0.7600001));
#882 = B_SPLINE_CURVE_WITH_KNOTS('',1,(#883,#884),.UNSPECIFIED.,.F.,.F.,
  (2,2),(-2.339455311681E-02,0.),.PIECEWISE_BEZIER_KNOTS.);
#883 = CARTESIAN_POINT('',(-2.712710568644,-1.843792265471,0.7600001));
#884 = CARTESIAN_POINT('',(-2.712710568644,-1.820397712354,0.7600001));
#885 = ORIENTED_EDGE('',*,*,#886,.F.);
#886 = EDGE_CURVE('',#887,#880,#889,.T.);
#887 = VERTEX_POINT('',#888);
#888 = CARTESIAN_POINT('',(-2.791212291326,-1.843792265471,0.7600001));
#889 = B_SPLINE_CURVE_WITH_KNOTS('',1,(#890,#891),.UNSPECIFIED.,.F.,.F.,
  (2,2),(-7.850172268189E-02,0.),.PIECEWISE_BEZIER_KNOTS.);
#890 = CARTESIAN_POINT('',(-2.791212291326,-1.843792265471,0.7600001));
#891 = CARTESIAN_POINT('',(-2.712710568644,-1.843792265471,0.7600001));
#892 = ORIENTED_EDGE('',*,*,#893,.F.);
#893 = EDGE_CURVE('',#894,#887,#896,.T.);
#894 = VERTEX_POINT('',#895);
#895 = CARTESIAN_POINT('',(-2.791212291326,-1.908881111033,0.7600001));
#896 = B_SPLINE_CURVE_WITH_KNOTS('',1,(#897,#898),.UNSPECIFIED.,.F.,.F.,
  (2,2),(-6.508884556212E-02,0.),.PIECEWISE_BEZIER_KNOTS.);
#897 = CARTESIAN_POINT('',(-2.791212291326,-1.908881111033,0.7600001));
#898 = CARTESIAN_POINT('',(-2.791212291326,-1.843792265471,0.7600001));
#899 = ORIENTED_EDGE('',*,*,#900,.F.);
#900 = EDGE_CURVE('',#901,#894,#903,.T.);
#901 = VERTEX_POINT('',#902);
#902 = CARTESIAN_POINT('',(-2.71848122508,-1.908881111033,0.7600001));
#903 = B_SPLINE_CURVE_WITH_KNOTS('',1,(#904,#905),.UNSPECIFIED.,.F.,.F.,
  (2,2),(-7.273106624597E-02,-0.),.PIECEWISE_BEZIER_KNOTS.);
#904 = CARTESIAN_POINT('',(-2.71848122508,-1.908881111033,0.7600001));
#905 = CARTESIAN_POINT('',(-2.791212291326,-1.908881111033,0.7600001));
#906 = ORIENTED_EDGE('',*,*,#907,.F.);
#907 = EDGE_CURVE('',#908,#901,#910,.T.);
#908 = VERTEX_POINT('',#909);
#909 = CARTESIAN_POINT('',(-2.71848122508,-1.932171688358,0.7600001));
#910 = B_SPLINE_CURVE_WITH_KNOTS('',1,(#911,#912),.UNSPECIFIED.,.F.,.F.,
  (2,2),(-2.32905773253E-02,0.),.PIECEWISE_BEZIER_KNOTS.);
#911 = CARTESIAN_POINT('',(-2.71848122508,-1.932171688358,0.7600001));
#912 = CARTESIAN_POINT('',(-2.71848122508,-1.908881111033,0.7600001));
#913 = ORIENTED_EDGE('',*,*,#914,.F.);
#914 = EDGE_CURVE('',#915,#908,#917,.T.);
#915 = VERTEX_POINT('',#916);
#916 = CARTESIAN_POINT('',(-2.791212291326,-1.932171688358,0.7600001));
#917 = B_SPLINE_CURVE_WITH_KNOTS('',1,(#918,#919),.UNSPECIFIED.,.F.,.F.,
  (2,2),(-7.273106624597E-02,0.),.PIECEWISE_BEZIER_KNOTS.);
#918 = CARTESIAN_POINT('',(-2.791212291326,-1.932171688358,0.7600001));
#919 = CARTESIAN_POINT('',(-2.71848122508,-1.932171688358,0.7600001));
#920 = ORIENTED_EDGE('',*,*,#921,.F.);
#921 = EDGE_CURVE('',#845,#915,#922,.T.);
#922 = B_SPLINE_CURVE_WITH_KNOTS('',1,(#923,#924),.UNSPECIFIED.,.F.,.F.,
  (2,2),(-6.841607089332E-02,0.),.PIECEWISE_BEZIER_KNOTS.);
#923 = CARTESIAN_POINT('',(-2.791212291326,-2.000587759251,0.7600001));
#924 = CARTESIAN_POINT('',(-2.791212291326,-1.932171688358,0.7600001));
#925 = FACE_BOUND('',#926,.T.);
#926 = EDGE_LOOP('',(#927,#936,#943,#950,#957,#964,#971,#978));
#927 = ORIENTED_EDGE('',*,*,#928,.F.);
#928 = EDGE_CURVE('',#929,#931,#933,.T.);
#929 = VERTEX_POINT('',#930);
#930 = CARTESIAN_POINT('',(-2.387266340837,-1.820397712354,0.7600001));
#931 = VERTEX_POINT('',#932);
#932 = CARTESIAN_POINT('',(-2.415339804578,-1.820397712354,0.7600001));
#933 = B_SPLINE_CURVE_WITH_KNOTS('',1,(#934,#935),.UNSPECIFIED.,.F.,.F.,
  (2,2),(-2.807346374045E-02,-0.),.PIECEWISE_BEZIER_KNOTS.);
#934 = CARTESIAN_POINT('',(-2.387266340837,-1.820397712354,0.7600001));
#935 = CARTESIAN_POINT('',(-2.415339804578,-1.820397712354,0.7600001));
#936 = ORIENTED_EDGE('',*,*,#937,.F.);
#937 = EDGE_CURVE('',#938,#929,#940,.T.);
#938 = VERTEX_POINT('',#939);
#939 = CARTESIAN_POINT('',(-2.309804376071,-2.023774360785,0.7600001));
#940 = B_SPLINE_CURVE_WITH_KNOTS('',1,(#941,#942),.UNSPECIFIED.,.F.,.F.,
  (2,2),(-0.217629081496,0.),.PIECEWISE_BEZIER_KNOTS.);
#941 = CARTESIAN_POINT('',(-2.309804376071,-2.023774360785,0.7600001));
#942 = CARTESIAN_POINT('',(-2.387266340837,-1.820397712354,0.7600001));
#943 = ORIENTED_EDGE('',*,*,#944,.F.);
#944 = EDGE_CURVE('',#945,#938,#947,.T.);
#945 = VERTEX_POINT('',#946);
#946 = CARTESIAN_POINT('',(-2.338813621937,-2.023774360785,0.7600001));
#947 = B_SPLINE_CURVE_WITH_KNOTS('',1,(#948,#949),.UNSPECIFIED.,.F.,.F.,
  (2,2),(-2.900924586545E-02,0.),.PIECEWISE_BEZIER_KNOTS.);
#948 = CARTESIAN_POINT('',(-2.338813621937,-2.023774360785,0.7600001));
#949 = CARTESIAN_POINT('',(-2.309804376071,-2.023774360785,0.7600001));
#950 = ORIENTED_EDGE('',*,*,#951,.F.);
#951 = EDGE_CURVE('',#952,#945,#954,.T.);
#952 = VERTEX_POINT('',#953);
#953 = CARTESIAN_POINT('',(-2.359556792367,-1.968147312262,0.7600001));
#954 = B_SPLINE_CURVE_WITH_KNOTS('',1,(#955,#956),.UNSPECIFIED.,.F.,.F.,
  (2,2),(-5.936874301283E-02,0.),.PIECEWISE_BEZIER_KNOTS.);
#955 = CARTESIAN_POINT('',(-2.359556792367,-1.968147312262,0.7600001));
#956 = CARTESIAN_POINT('',(-2.338813621937,-2.023774360785,0.7600001));
#957 = ORIENTED_EDGE('',*,*,#958,.F.);
#958 = EDGE_CURVE('',#959,#952,#961,.T.);
#959 = VERTEX_POINT('',#960);
#960 = CARTESIAN_POINT('',(-2.444245074652,-1.968147312262,0.7600001));
#961 = B_SPLINE_CURVE_WITH_KNOTS('',1,(#962,#963),.UNSPECIFIED.,.F.,.F.,
  (2,2),(-8.468828228454E-02,0.),.PIECEWISE_BEZIER_KNOTS.);
#962 = CARTESIAN_POINT('',(-2.444245074652,-1.968147312262,0.7600001));
#963 = CARTESIAN_POINT('',(-2.359556792367,-1.968147312262,0.7600001));
#964 = ORIENTED_EDGE('',*,*,#965,.F.);
#965 = EDGE_CURVE('',#966,#959,#968,.T.);
#966 = VERTEX_POINT('',#967);
#967 = CARTESIAN_POINT('',(-2.463792523478,-2.023774360785,0.7600001));
#968 = B_SPLINE_CURVE_WITH_KNOTS('',1,(#969,#970),.UNSPECIFIED.,.F.,.F.,
  (2,2),(-5.896160855208E-02,0.),.PIECEWISE_BEZIER_KNOTS.);
#969 = CARTESIAN_POINT('',(-2.463792523478,-2.023774360785,0.7600001));
#970 = CARTESIAN_POINT('',(-2.444245074652,-1.968147312262,0.7600001));
#971 = ORIENTED_EDGE('',*,*,#972,.F.);
#972 = EDGE_CURVE('',#973,#966,#975,.T.);
#973 = VERTEX_POINT('',#974);
#974 = CARTESIAN_POINT('',(-2.492801769342,-2.023774360785,0.7600001));
#975 = B_SPLINE_CURVE_WITH_KNOTS('',1,(#976,#977),.UNSPECIFIED.,.F.,.F.,
  (2,2),(-2.900924586407E-02,0.),.PIECEWISE_BEZIER_KNOTS.);
#976 = CARTESIAN_POINT('',(-2.492801769342,-2.023774360785,0.7600001));
#977 = CARTESIAN_POINT('',(-2.463792523478,-2.023774360785,0.7600001));
#978 = ORIENTED_EDGE('',*,*,#979,.F.);
#979 = EDGE_CURVE('',#931,#973,#980,.T.);
#980 = B_SPLINE_CURVE_WITH_KNOTS('',1,(#981,#982),.UNSPECIFIED.,.F.,.F.,
  (2,2),(-0.217629081495,-0.),.PIECEWISE_BEZIER_KNOTS.);
#981 = CARTESIAN_POINT('',(-2.415339804578,-1.820397712354,0.7600001));
#982 = CARTESIAN_POINT('',(-2.492801769342,-2.023774360785,0.7600001));
#983 = FACE_BOUND('',#984,.T.);
#984 = EDGE_LOOP('',(#985,#994,#1001,#1008,#1015,#1022,#1029,#1036,#1043
    ,#1050,#1057,#1064));
#985 = ORIENTED_EDGE('',*,*,#986,.F.);
#986 = EDGE_CURVE('',#987,#989,#991,.T.);
#987 = VERTEX_POINT('',#988);
#988 = CARTESIAN_POINT('',(-3.016631807584,-2.323224640684,0.7600001));
#989 = VERTEX_POINT('',#990);
#990 = CARTESIAN_POINT('',(-3.099760452994,-2.323224640684,0.7600001));
#991 = B_SPLINE_CURVE_WITH_KNOTS('',1,(#992,#993),.UNSPECIFIED.,.F.,.F.,
  (2,2),(-8.312864540976E-02,-0.),.PIECEWISE_BEZIER_KNOTS.);
#992 = CARTESIAN_POINT('',(-3.016631807584,-2.323224640684,0.7600001));
#993 = CARTESIAN_POINT('',(-3.099760452994,-2.323224640684,0.7600001));
#994 = ORIENTED_EDGE('',*,*,#995,.F.);
#995 = EDGE_CURVE('',#996,#987,#998,.T.);
#996 = VERTEX_POINT('',#997);
#997 = CARTESIAN_POINT('',(-3.016631807584,-2.346411242218,0.7600001));
#998 = B_SPLINE_CURVE_WITH_KNOTS('',1,(#999,#1000),.UNSPECIFIED.,.F.,.F.
  ,(2,2),(-2.318660153379E-02,0.),.PIECEWISE_BEZIER_KNOTS.);
#999 = CARTESIAN_POINT('',(-3.016631807584,-2.346411242218,0.7600001));
#1000 = CARTESIAN_POINT('',(-3.016631807584,-2.323224640684,0.7600001));
#1001 = ORIENTED_EDGE('',*,*,#1002,.F.);
#1002 = EDGE_CURVE('',#1003,#996,#1005,.T.);
#1003 = VERTEX_POINT('',#1004);
#1004 = CARTESIAN_POINT('',(-3.126014340381,-2.346411242218,0.7600001));
#1005 = B_SPLINE_CURVE_WITH_KNOTS('',1,(#1006,#1007),.UNSPECIFIED.,.F.,
  .F.,(2,2),(-0.109382532797,0.),.PIECEWISE_BEZIER_KNOTS.);
#1006 = CARTESIAN_POINT('',(-3.126014340381,-2.346411242218,0.7600001));
#1007 = CARTESIAN_POINT('',(-3.016631807584,-2.346411242218,0.7600001));
#1008 = ORIENTED_EDGE('',*,*,#1009,.F.);
#1009 = EDGE_CURVE('',#1010,#1003,#1012,.T.);
#1010 = VERTEX_POINT('',#1011);
#1011 = CARTESIAN_POINT('',(-3.126014340381,-2.143034593787,0.7600001));
#1012 = B_SPLINE_CURVE_WITH_KNOTS('',1,(#1013,#1014),.UNSPECIFIED.,.F.,
  .F.,(2,2),(-0.203376648431,-0.),.PIECEWISE_BEZIER_KNOTS.);
#1013 = CARTESIAN_POINT('',(-3.126014340381,-2.143034593787,0.7600001));
#1014 = CARTESIAN_POINT('',(-3.126014340381,-2.346411242218,0.7600001));
#1015 = ORIENTED_EDGE('',*,*,#1016,.F.);
#1016 = EDGE_CURVE('',#1017,#1010,#1019,.T.);
#1017 = VERTEX_POINT('',#1018);
#1018 = CARTESIAN_POINT('',(-3.021258730312,-2.143034593787,0.7600001));
#1019 = B_SPLINE_CURVE_WITH_KNOTS('',1,(#1020,#1021),.UNSPECIFIED.,.F.,
  .F.,(2,2),(-0.104755610069,-0.),.PIECEWISE_BEZIER_KNOTS.);
#1020 = CARTESIAN_POINT('',(-3.021258730312,-2.143034593787,0.7600001));
#1021 = CARTESIAN_POINT('',(-3.126014340381,-2.143034593787,0.7600001));
#1022 = ORIENTED_EDGE('',*,*,#1023,.F.);
#1023 = EDGE_CURVE('',#1024,#1017,#1026,.T.);
#1024 = VERTEX_POINT('',#1025);
#1025 = CARTESIAN_POINT('',(-3.021258730312,-2.166429146903,0.7600001));
#1026 = B_SPLINE_CURVE_WITH_KNOTS('',1,(#1027,#1028),.UNSPECIFIED.,.F.,
  .F.,(2,2),(-2.339455311681E-02,0.),.PIECEWISE_BEZIER_KNOTS.);
#1027 = CARTESIAN_POINT('',(-3.021258730312,-2.166429146903,0.7600001));
#1028 = CARTESIAN_POINT('',(-3.021258730312,-2.143034593787,0.7600001));
#1029 = ORIENTED_EDGE('',*,*,#1030,.F.);
#1030 = EDGE_CURVE('',#1031,#1024,#1033,.T.);
#1031 = VERTEX_POINT('',#1032);
#1032 = CARTESIAN_POINT('',(-3.099760452994,-2.166429146903,0.7600001));
#1033 = B_SPLINE_CURVE_WITH_KNOTS('',1,(#1034,#1035),.UNSPECIFIED.,.F.,
  .F.,(2,2),(-7.850172268188E-02,0.),.PIECEWISE_BEZIER_KNOTS.);
#1034 = CARTESIAN_POINT('',(-3.099760452994,-2.166429146903,0.7600001));
#1035 = CARTESIAN_POINT('',(-3.021258730312,-2.166429146903,0.7600001));
#1036 = ORIENTED_EDGE('',*,*,#1037,.F.);
#1037 = EDGE_CURVE('',#1038,#1031,#1040,.T.);
#1038 = VERTEX_POINT('',#1039);
#1039 = CARTESIAN_POINT('',(-3.099760452994,-2.231517992466,0.7600001));
#1040 = B_SPLINE_CURVE_WITH_KNOTS('',1,(#1041,#1042),.UNSPECIFIED.,.F.,
  .F.,(2,2),(-6.508884556213E-02,0.),.PIECEWISE_BEZIER_KNOTS.);
#1041 = CARTESIAN_POINT('',(-3.099760452994,-2.231517992466,0.7600001));
#1042 = CARTESIAN_POINT('',(-3.099760452994,-2.166429146903,0.7600001));
#1043 = ORIENTED_EDGE('',*,*,#1044,.F.);
#1044 = EDGE_CURVE('',#1045,#1038,#1047,.T.);
#1045 = VERTEX_POINT('',#1046);
#1046 = CARTESIAN_POINT('',(-3.027029386747,-2.231517992466,0.7600001));
#1047 = B_SPLINE_CURVE_WITH_KNOTS('',1,(#1048,#1049),.UNSPECIFIED.,.F.,
  .F.,(2,2),(-7.273106624666E-02,-0.),.PIECEWISE_BEZIER_KNOTS.);
#1048 = CARTESIAN_POINT('',(-3.027029386747,-2.231517992466,0.7600001));
#1049 = CARTESIAN_POINT('',(-3.099760452994,-2.231517992466,0.7600001));
#1050 = ORIENTED_EDGE('',*,*,#1051,.F.);
#1051 = EDGE_CURVE('',#1052,#1045,#1054,.T.);
#1052 = VERTEX_POINT('',#1053);
#1053 = CARTESIAN_POINT('',(-3.027029386747,-2.254808569791,0.7600001));
#1054 = B_SPLINE_CURVE_WITH_KNOTS('',1,(#1055,#1056),.UNSPECIFIED.,.F.,
  .F.,(2,2),(-2.32905773253E-02,0.),.PIECEWISE_BEZIER_KNOTS.);
#1055 = CARTESIAN_POINT('',(-3.027029386747,-2.254808569791,0.7600001));
#1056 = CARTESIAN_POINT('',(-3.027029386747,-2.231517992466,0.7600001));
#1057 = ORIENTED_EDGE('',*,*,#1058,.F.);
#1058 = EDGE_CURVE('',#1059,#1052,#1061,.T.);
#1059 = VERTEX_POINT('',#1060);
#1060 = CARTESIAN_POINT('',(-3.099760452994,-2.254808569791,0.7600001));
#1061 = B_SPLINE_CURVE_WITH_KNOTS('',1,(#1062,#1063),.UNSPECIFIED.,.F.,
  .F.,(2,2),(-7.273106624666E-02,0.),.PIECEWISE_BEZIER_KNOTS.);
#1062 = CARTESIAN_POINT('',(-3.099760452994,-2.254808569791,0.7600001));
#1063 = CARTESIAN_POINT('',(-3.027029386747,-2.254808569791,0.7600001));
#1064 = ORIENTED_EDGE('',*,*,#1065,.F.);
#1065 = EDGE_CURVE('',#989,#1059,#1066,.T.);
#1066 = B_SPLINE_CURVE_WITH_KNOTS('',1,(#1067,#1068),.UNSPECIFIED.,.F.,
  .F.,(2,2),(-6.841607089331E-02,0.),.PIECEWISE_BEZIER_KNOTS.);
#1067 = CARTESIAN_POINT('',(-3.099760452994,-2.323224640684,0.7600001));
#1068 = CARTESIAN_POINT('',(-3.099760452994,-2.254808569791,0.7600001));
#1069 = FACE_BOUND('',#1070,.T.);
#1070 = EDGE_LOOP('',(#1071,#1082,#1089,#1096,#1103,#1112,#1121));
#1071 = ORIENTED_EDGE('',*,*,#1072,.F.);
#1072 = EDGE_CURVE('',#1073,#1075,#1077,.T.);
#1073 = VERTEX_POINT('',#1074);
#1074 = CARTESIAN_POINT('',(-2.359036913408,-2.346411242218,0.7600001));
#1075 = VERTEX_POINT('',#1076);
#1076 = CARTESIAN_POINT('',(-2.280067299665,-2.317921875311,0.7600001));
#1077 = B_SPLINE_CURVE_WITH_KNOTS('',3,(#1078,#1079,#1080,#1081),
  .UNSPECIFIED.,.F.,.F.,(4,4),(5.,6.),.PIECEWISE_BEZIER_KNOTS.);
#1078 = CARTESIAN_POINT('',(-2.359036913408,-2.346411242218,0.7600001));
#1079 = CARTESIAN_POINT('',(-2.326856405899,-2.346411242218,0.7600001));
#1080 = CARTESIAN_POINT('',(-2.30049854272,-2.336949445181,0.7600001));
#1081 = CARTESIAN_POINT('',(-2.280067299665,-2.317921875311,0.7600001));
#1082 = ORIENTED_EDGE('',*,*,#1083,.F.);
#1083 = EDGE_CURVE('',#1084,#1073,#1086,.T.);
#1084 = VERTEX_POINT('',#1085);
#1085 = CARTESIAN_POINT('',(-2.414975889306,-2.346411242218,0.7600001));
#1086 = B_SPLINE_CURVE_WITH_KNOTS('',1,(#1087,#1088),.UNSPECIFIED.,.F.,
  .F.,(2,2),(-5.593897589787E-02,-4.440892098501E-16),
  .PIECEWISE_BEZIER_KNOTS.);
#1087 = CARTESIAN_POINT('',(-2.414975889306,-2.346411242218,0.7600001));
#1088 = CARTESIAN_POINT('',(-2.359036913408,-2.346411242218,0.7600001));
#1089 = ORIENTED_EDGE('',*,*,#1090,.F.);
#1090 = EDGE_CURVE('',#1091,#1084,#1093,.T.);
#1091 = VERTEX_POINT('',#1092);
#1092 = CARTESIAN_POINT('',(-2.414975889306,-2.143034593787,0.7600001));
#1093 = B_SPLINE_CURVE_WITH_KNOTS('',1,(#1094,#1095),.UNSPECIFIED.,.F.,
  .F.,(2,2),(-0.203376648431,-0.),.PIECEWISE_BEZIER_KNOTS.);
#1094 = CARTESIAN_POINT('',(-2.414975889306,-2.143034593787,0.7600001));
#1095 = CARTESIAN_POINT('',(-2.414975889306,-2.346411242218,0.7600001));
#1096 = ORIENTED_EDGE('',*,*,#1097,.F.);
#1097 = EDGE_CURVE('',#1098,#1091,#1100,.T.);
#1098 = VERTEX_POINT('',#1099);
#1099 = CARTESIAN_POINT('',(-2.356957397577,-2.143034593787,0.7600001));
#1100 = B_SPLINE_CURVE_WITH_KNOTS('',1,(#1101,#1102),.UNSPECIFIED.,.F.,
  .F.,(2,2),(-5.801849172952E-02,-0.),.PIECEWISE_BEZIER_KNOTS.);
#1101 = CARTESIAN_POINT('',(-2.356957397577,-2.143034593787,0.7600001));
#1102 = CARTESIAN_POINT('',(-2.414975889306,-2.143034593787,0.7600001));
#1103 = ORIENTED_EDGE('',*,*,#1104,.F.);
#1104 = EDGE_CURVE('',#1105,#1098,#1107,.T.);
#1105 = VERTEX_POINT('',#1106);
#1106 = CARTESIAN_POINT('',(-2.280067299665,-2.169964323819,0.7600001));
#1107 = B_SPLINE_CURVE_WITH_KNOTS('',3,(#1108,#1109,#1110,#1111),
  .UNSPECIFIED.,.F.,.F.,(4,4),(2.,3.),.PIECEWISE_BEZIER_KNOTS.);
#1108 = CARTESIAN_POINT('',(-2.280067299665,-2.169964323819,0.7600001));
#1109 = CARTESIAN_POINT('',(-2.30049854272,-2.151976511868,0.7600001));
#1110 = CARTESIAN_POINT('',(-2.326128575358,-2.143034593787,0.7600001));
#1111 = CARTESIAN_POINT('',(-2.356957397577,-2.143034593787,0.7600001));
#1112 = ORIENTED_EDGE('',*,*,#1113,.F.);
#1113 = EDGE_CURVE('',#1114,#1105,#1116,.T.);
#1114 = VERTEX_POINT('',#1115);
#1115 = CARTESIAN_POINT('',(-2.249394441133,-2.242123523212,0.7600001));
#1116 = B_SPLINE_CURVE_WITH_KNOTS('',3,(#1117,#1118,#1119,#1120),
  .UNSPECIFIED.,.F.,.F.,(4,4),(3.,4.),.PIECEWISE_BEZIER_KNOTS.);
#1117 = CARTESIAN_POINT('',(-2.249394441133,-2.242123523212,0.7600001));
#1118 = CARTESIAN_POINT('',(-2.249394441133,-2.211970543639,0.7600001));
#1119 = CARTESIAN_POINT('',(-2.259636056609,-2.187952135772,0.7600001));
#1120 = CARTESIAN_POINT('',(-2.280067299665,-2.169964323819,0.7600001));
#1121 = ORIENTED_EDGE('',*,*,#1122,.F.);
#1122 = EDGE_CURVE('',#1075,#1114,#1123,.T.);
#1123 = B_SPLINE_CURVE_WITH_KNOTS('',3,(#1124,#1125,#1126,#1127),
  .UNSPECIFIED.,.F.,.F.,(4,4),(4.,5.),.PIECEWISE_BEZIER_KNOTS.);
#1124 = CARTESIAN_POINT('',(-2.280067299665,-2.317921875311,0.7600001));
#1125 = CARTESIAN_POINT('',(-2.259636056609,-2.298894305442,0.7600001));
#1126 = CARTESIAN_POINT('',(-2.249394441133,-2.273628188077,0.7600001));
#1127 = CARTESIAN_POINT('',(-2.249394441133,-2.242123523212,0.7600001));
#1128 = FACE_BOUND('',#1129,.T.);
#1129 = EDGE_LOOP('',(#1130,#1141,#1150,#1159,#1168,#1175,#1184,#1193,
    #1202,#1209,#1218,#1227,#1236,#1245,#1254,#1263,#1272,#1281,#1290,
    #1299,#1306,#1313,#1320,#1329,#1338,#1347,#1356,#1365,#1374,#1383,
    #1392,#1401,#1410));
#1130 = ORIENTED_EDGE('',*,*,#1131,.F.);
#1131 = EDGE_CURVE('',#1132,#1134,#1136,.T.);
#1132 = VERTEX_POINT('',#1133);
#1133 = CARTESIAN_POINT('',(-3.435728567466,-1.955254112078,0.7600001));
#1134 = VERTEX_POINT('',#1135);
#1135 = CARTESIAN_POINT('',(-3.513811896741,-1.841021124225,0.7600001));
#1136 = B_SPLINE_CURVE_WITH_KNOTS('',3,(#1137,#1138,#1139,#1140),
  .UNSPECIFIED.,.F.,.F.,(4,4),(0.,1.),.PIECEWISE_BEZIER_KNOTS.);
#1137 = CARTESIAN_POINT('',(-3.435728567466,-1.955254112078,0.7600001));
#1138 = CARTESIAN_POINT('',(-3.451634404279,-1.911874496962,0.7600001));
#1139 = CARTESIAN_POINT('',(-3.479108182584,-1.872832846114,0.7600001));
#1140 = CARTESIAN_POINT('',(-3.513811896741,-1.841021124225,0.7600001));
#1141 = ORIENTED_EDGE('',*,*,#1142,.F.);
#1142 = EDGE_CURVE('',#1143,#1132,#1145,.T.);
#1143 = VERTEX_POINT('',#1144);
#1144 = CARTESIAN_POINT('',(-3.292575870676,-2.14467838178,0.7600001));
#1145 = B_SPLINE_CURVE_WITH_KNOTS('',3,(#1146,#1147,#1148,#1149),
  .UNSPECIFIED.,.F.,.F.,(4,4),(35.,36.),.PIECEWISE_BEZIER_KNOTS.);
#1146 = CARTESIAN_POINT('',(-3.292575870676,-2.14467838178,0.7600001));
#1147 = CARTESIAN_POINT('',(-3.294021835783,-2.057919206705,0.7600001));
#1148 = CARTESIAN_POINT('',(-3.353307342872,-1.981281870117,0.7600001));
#1149 = CARTESIAN_POINT('',(-3.435728567466,-1.955254112078,0.7600001));
#1150 = ORIENTED_EDGE('',*,*,#1151,.F.);
#1151 = EDGE_CURVE('',#1152,#1143,#1154,.T.);
#1152 = VERTEX_POINT('',#1153);
#1153 = CARTESIAN_POINT('',(-3.346077407019,-2.282047162984,0.7600001));
#1154 = B_SPLINE_CURVE_WITH_KNOTS('',3,(#1155,#1156,#1157,#1158),
  .UNSPECIFIED.,.F.,.F.,(4,4),(34.,35.),.PIECEWISE_BEZIER_KNOTS.);
#1155 = CARTESIAN_POINT('',(-3.346077407019,-2.282047162984,0.7600001));
#1156 = CARTESIAN_POINT('',(-3.311373692861,-2.244451518613,0.7600001));
#1157 = CARTESIAN_POINT('',(-3.292575870676,-2.19528793275,0.7600001));
#1158 = CARTESIAN_POINT('',(-3.292575870676,-2.14467838178,0.7600001));
#1159 = ORIENTED_EDGE('',*,*,#1160,.F.);
#1160 = EDGE_CURVE('',#1161,#1152,#1163,.T.);
#1161 = VERTEX_POINT('',#1162);
#1162 = CARTESIAN_POINT('',(-3.477662217477,-2.34711658566,0.7600001));
#1163 = B_SPLINE_CURVE_WITH_KNOTS('',3,(#1164,#1165,#1166,#1167),
  .UNSPECIFIED.,.F.,.F.,(4,4),(33.,34.),.PIECEWISE_BEZIER_KNOTS.);
#1164 = CARTESIAN_POINT('',(-3.477662217477,-2.34711658566,0.7600001));
#1165 = CARTESIAN_POINT('',(-3.427052666507,-2.34277863518,0.7600001));
#1166 = CARTESIAN_POINT('',(-3.380781066016,-2.319642807355,0.7600001));
#1167 = CARTESIAN_POINT('',(-3.346077407019,-2.282047162984,0.7600001));
#1168 = ORIENTED_EDGE('',*,*,#1169,.F.);
#1169 = EDGE_CURVE('',#1170,#1161,#1172,.T.);
#1170 = VERTEX_POINT('',#1171);
#1171 = CARTESIAN_POINT('',(-3.562975427445,-2.34711658566,0.7600001));
#1172 = B_SPLINE_CURVE_WITH_KNOTS('',1,(#1173,#1174),.UNSPECIFIED.,.F.,
  .F.,(2,2),(-8.097525948804E-02,4.337950480129E-03),
  .PIECEWISE_BEZIER_KNOTS.);
#1173 = CARTESIAN_POINT('',(-3.562975427445,-2.34711658566,0.7600001));
#1174 = CARTESIAN_POINT('',(-3.477662217477,-2.34711658566,0.7600001));
#1175 = ORIENTED_EDGE('',*,*,#1176,.F.);
#1176 = EDGE_CURVE('',#1177,#1170,#1179,.T.);
#1177 = VERTEX_POINT('',#1178);
#1178 = CARTESIAN_POINT('',(-3.604909077455,-2.302291005436,0.7600001));
#1179 = B_SPLINE_CURVE_WITH_KNOTS('',3,(#1180,#1181,#1182,#1183),
  .UNSPECIFIED.,.F.,.F.,(4,4),(28.,29.),.PIECEWISE_BEZIER_KNOTS.);
#1180 = CARTESIAN_POINT('',(-3.604909077455,-2.302291005436,0.7600001));
#1181 = CARTESIAN_POINT('',(-3.604909077455,-2.325426778101,0.7600001));
#1182 = CARTESIAN_POINT('',(-3.58611125527,-2.345670620554,0.7600001));
#1183 = CARTESIAN_POINT('',(-3.562975427445,-2.34711658566,0.7600001));
#1184 = ORIENTED_EDGE('',*,*,#1185,.F.);
#1185 = EDGE_CURVE('',#1186,#1177,#1188,.T.);
#1186 = VERTEX_POINT('',#1187);
#1187 = CARTESIAN_POINT('',(-3.560083497232,-2.257465425212,0.7600001));
#1188 = B_SPLINE_CURVE_WITH_KNOTS('',3,(#1189,#1190,#1191,#1192),
  .UNSPECIFIED.,.F.,.F.,(4,4),(27.,28.),.PIECEWISE_BEZIER_KNOTS.);
#1189 = CARTESIAN_POINT('',(-3.560083497232,-2.257465425212,0.7600001));
#1190 = CARTESIAN_POINT('',(-3.584665290163,-2.257465425212,0.7600001));
#1191 = CARTESIAN_POINT('',(-3.604909077455,-2.277709267664,0.7600001));
#1192 = CARTESIAN_POINT('',(-3.604909077455,-2.302291005436,0.7600001));
#1193 = ORIENTED_EDGE('',*,*,#1194,.F.);
#1194 = EDGE_CURVE('',#1195,#1186,#1197,.T.);
#1195 = VERTEX_POINT('',#1196);
#1196 = CARTESIAN_POINT('',(-3.551407596272,-2.258911390318,0.7600001));
#1197 = B_SPLINE_CURVE_WITH_KNOTS('',3,(#1198,#1199,#1200,#1201),
  .UNSPECIFIED.,.F.,.F.,(4,4),(26.,27.),.PIECEWISE_BEZIER_KNOTS.);
#1198 = CARTESIAN_POINT('',(-3.551407596272,-2.258911390318,0.7600001));
#1199 = CARTESIAN_POINT('',(-3.554299581645,-2.258911390318,0.7600001));
#1200 = CARTESIAN_POINT('',(-3.557191567018,-2.257465425212,0.7600001));
#1201 = CARTESIAN_POINT('',(-3.560083497232,-2.257465425212,0.7600001));
#1202 = ORIENTED_EDGE('',*,*,#1203,.F.);
#1203 = EDGE_CURVE('',#1204,#1195,#1206,.T.);
#1204 = VERTEX_POINT('',#1205);
#1205 = CARTESIAN_POINT('',(-3.486338173596,-2.258911390318,0.7600001));
#1206 = B_SPLINE_CURVE_WITH_KNOTS('',1,(#1207,#1208),.UNSPECIFIED.,.F.,
  .F.,(2,2),(0.,6.506942267584E-02),.PIECEWISE_BEZIER_KNOTS.);
#1207 = CARTESIAN_POINT('',(-3.486338173596,-2.258911390318,0.7600001));
#1208 = CARTESIAN_POINT('',(-3.551407596272,-2.258911390318,0.7600001));
#1209 = ORIENTED_EDGE('',*,*,#1210,.F.);
#1210 = EDGE_CURVE('',#1211,#1204,#1213,.T.);
#1211 = VERTEX_POINT('',#1212);
#1212 = CARTESIAN_POINT('',(-3.382227086283,-2.146124402046,0.7600001));
#1213 = B_SPLINE_CURVE_WITH_KNOTS('',3,(#1214,#1215,#1216,#1217),
  .UNSPECIFIED.,.F.,.F.,(4,4),(24.,25.),.PIECEWISE_BEZIER_KNOTS.);
#1214 = CARTESIAN_POINT('',(-3.382227086283,-2.146124402046,0.7600001));
#1215 = CARTESIAN_POINT('',(-3.382227086283,-2.205409881556,0.7600001));
#1216 = CARTESIAN_POINT('',(-3.427052666507,-2.254573439838,0.7600001));
#1217 = CARTESIAN_POINT('',(-3.486338173596,-2.258911390318,0.7600001));
#1218 = ORIENTED_EDGE('',*,*,#1219,.F.);
#1219 = EDGE_CURVE('',#1220,#1211,#1222,.T.);
#1220 = VERTEX_POINT('',#1221);
#1221 = CARTESIAN_POINT('',(-3.495014074556,-2.033337413773,0.7600001));
#1222 = B_SPLINE_CURVE_WITH_KNOTS('',3,(#1223,#1224,#1225,#1226),
  .UNSPECIFIED.,.F.,.F.,(4,4),(23.,24.),.PIECEWISE_BEZIER_KNOTS.);
#1223 = CARTESIAN_POINT('',(-3.495014074556,-2.033337413773,0.7600001));
#1224 = CARTESIAN_POINT('',(-3.432836637253,-2.033337413773,0.7600001));
#1225 = CARTESIAN_POINT('',(-3.382227086283,-2.083946964743,0.7600001));
#1226 = CARTESIAN_POINT('',(-3.382227086283,-2.146124402046,0.7600001));
#1227 = ORIENTED_EDGE('',*,*,#1228,.F.);
#1228 = EDGE_CURVE('',#1229,#1220,#1231,.T.);
#1229 = VERTEX_POINT('',#1230);
#1230 = CARTESIAN_POINT('',(-3.506581960889,-2.033337413773,0.7600001));
#1231 = B_SPLINE_CURVE_WITH_KNOTS('',3,(#1232,#1233,#1234,#1235),
  .UNSPECIFIED.,.F.,.F.,(4,4),(22.,23.),.PIECEWISE_BEZIER_KNOTS.);
#1232 = CARTESIAN_POINT('',(-3.506581960889,-2.033337413773,0.7600001));
#1233 = CARTESIAN_POINT('',(-3.502244010409,-2.033337413773,0.7600001));
#1234 = CARTESIAN_POINT('',(-3.499352025036,-2.033337413773,0.7600001));
#1235 = CARTESIAN_POINT('',(-3.495014074556,-2.033337413773,0.7600001));
#1236 = ORIENTED_EDGE('',*,*,#1237,.F.);
#1237 = EDGE_CURVE('',#1238,#1229,#1240,.T.);
#1238 = VERTEX_POINT('',#1239);
#1239 = CARTESIAN_POINT('',(-3.709020164769,-1.852589017452,0.7600001));
#1240 = B_SPLINE_CURVE_WITH_KNOTS('',3,(#1241,#1242,#1243,#1244),
  .UNSPECIFIED.,.F.,.F.,(4,4),(21.,22.),.PIECEWISE_BEZIER_KNOTS.);
#1241 = CARTESIAN_POINT('',(-3.709020164769,-1.852589017452,0.7600001));
#1242 = CARTESIAN_POINT('',(-3.604909077455,-1.852589017452,0.7600001));
#1243 = CARTESIAN_POINT('',(-3.518149847221,-1.932118311834,0.7600001));
#1244 = CARTESIAN_POINT('',(-3.506581960889,-2.033337413773,0.7600001));
#1245 = ORIENTED_EDGE('',*,*,#1246,.F.);
#1246 = EDGE_CURVE('',#1247,#1238,#1249,.T.);
#1247 = VERTEX_POINT('',#1248);
#1248 = CARTESIAN_POINT('',(-3.90278241253,-1.991403708604,0.7600001));
#1249 = B_SPLINE_CURVE_WITH_KNOTS('',3,(#1250,#1251,#1252,#1253),
  .UNSPECIFIED.,.F.,.F.,(4,4),(20.,21.),.PIECEWISE_BEZIER_KNOTS.);
#1250 = CARTESIAN_POINT('',(-3.90278241253,-1.991403708604,0.7600001));
#1251 = CARTESIAN_POINT('',(-3.875308689385,-1.910428504274,0.7600001));
#1252 = CARTESIAN_POINT('',(-3.800117345483,-1.852589017452,0.7600001));
#1253 = CARTESIAN_POINT('',(-3.709020164769,-1.852589017452,0.7600001));
#1254 = ORIENTED_EDGE('',*,*,#1255,.F.);
#1255 = EDGE_CURVE('',#1256,#1247,#1258,.T.);
#1256 = VERTEX_POINT('',#1257);
#1257 = CARTESIAN_POINT('',(-3.979419721539,-1.969713901044,0.7600001));
#1258 = B_SPLINE_CURVE_WITH_KNOTS('',3,(#1259,#1260,#1261,#1262),
  .UNSPECIFIED.,.F.,.F.,(4,4),(19.,20.),.PIECEWISE_BEZIER_KNOTS.);
#1259 = CARTESIAN_POINT('',(-3.979419721539,-1.969713901044,0.7600001));
#1260 = CARTESIAN_POINT('',(-3.951945970813,-1.969713901044,0.7600001));
#1261 = CARTESIAN_POINT('',(-3.924472220088,-1.978389829583,0.7600001));
#1262 = CARTESIAN_POINT('',(-3.90278241253,-1.991403708604,0.7600001));
#1263 = ORIENTED_EDGE('',*,*,#1264,.F.);
#1264 = EDGE_CURVE('',#1265,#1256,#1267,.T.);
#1265 = VERTEX_POINT('',#1266);
#1266 = CARTESIAN_POINT('',(-4.124018438595,-2.114312618101,0.7600001));
#1267 = B_SPLINE_CURVE_WITH_KNOTS('',3,(#1268,#1269,#1270,#1271),
  .UNSPECIFIED.,.F.,.F.,(4,4),(18.,19.),.PIECEWISE_BEZIER_KNOTS.);
#1268 = CARTESIAN_POINT('',(-4.124018438595,-2.114312618101,0.7600001));
#1269 = CARTESIAN_POINT('',(-4.124018438595,-2.03478332372,0.7600001));
#1270 = CARTESIAN_POINT('',(-4.05894901592,-1.969713901044,0.7600001));
#1271 = CARTESIAN_POINT('',(-3.979419721539,-1.969713901044,0.7600001));
#1272 = ORIENTED_EDGE('',*,*,#1273,.F.);
#1273 = EDGE_CURVE('',#1274,#1265,#1276,.T.);
#1274 = VERTEX_POINT('',#1275);
#1275 = CARTESIAN_POINT('',(-4.037259208361,-2.247343448826,0.7600001));
#1276 = B_SPLINE_CURVE_WITH_KNOTS('',3,(#1277,#1278,#1279,#1280),
  .UNSPECIFIED.,.F.,.F.,(4,4),(17.,18.),.PIECEWISE_BEZIER_KNOTS.);
#1277 = CARTESIAN_POINT('',(-4.037259208361,-2.247343448826,0.7600001));
#1278 = CARTESIAN_POINT('',(-4.087868759331,-2.224207648581,0.7600001));
#1279 = CARTESIAN_POINT('',(-4.124018438595,-2.173598097612,0.7600001));
#1280 = CARTESIAN_POINT('',(-4.124018438595,-2.114312618101,0.7600001));
#1281 = ORIENTED_EDGE('',*,*,#1282,.F.);
#1282 = EDGE_CURVE('',#1283,#1274,#1285,.T.);
#1283 = VERTEX_POINT('',#1284);
#1284 = CARTESIAN_POINT('',(-3.901336419843,-2.151908290052,0.7600001));
#1285 = B_SPLINE_CURVE_WITH_KNOTS('',3,(#1286,#1287,#1288,#1289),
  .UNSPECIFIED.,.F.,.F.,(4,4),(16.,17.),.PIECEWISE_BEZIER_KNOTS.);
#1286 = CARTESIAN_POINT('',(-3.901336419843,-2.151908290052,0.7600001));
#1287 = CARTESIAN_POINT('',(-3.963513884726,-2.151908290052,0.7600001));
#1288 = CARTESIAN_POINT('',(-4.017015393489,-2.192395919796,0.7600001));
#1289 = CARTESIAN_POINT('',(-4.037259208361,-2.247343448826,0.7600001));
#1290 = ORIENTED_EDGE('',*,*,#1291,.F.);
#1291 = EDGE_CURVE('',#1292,#1283,#1294,.T.);
#1292 = VERTEX_POINT('',#1293);
#1293 = CARTESIAN_POINT('',(-3.79288738205,-2.201071848336,0.7600001));
#1294 = B_SPLINE_CURVE_WITH_KNOTS('',3,(#1295,#1296,#1297,#1298),
  .UNSPECIFIED.,.F.,.F.,(4,4),(15.,16.),.PIECEWISE_BEZIER_KNOTS.);
#1295 = CARTESIAN_POINT('',(-3.79288738205,-2.201071848336,0.7600001));
#1296 = CARTESIAN_POINT('',(-3.818915140089,-2.170706112238,0.7600001));
#1297 = CARTESIAN_POINT('',(-3.857956804726,-2.151908290052,0.7600001));
#1298 = CARTESIAN_POINT('',(-3.901336419843,-2.151908290052,0.7600001));
#1299 = ORIENTED_EDGE('',*,*,#1300,.F.);
#1300 = EDGE_CURVE('',#1301,#1292,#1303,.T.);
#1301 = VERTEX_POINT('',#1302);
#1302 = CARTESIAN_POINT('',(-3.599125106709,-2.099852746396,0.7600001));
#1303 = B_SPLINE_CURVE_WITH_KNOTS('',1,(#1304,#1305),.UNSPECIFIED.,.F.,
  .F.,(2,2),(0.,0.218607241286),.PIECEWISE_BEZIER_KNOTS.);
#1304 = CARTESIAN_POINT('',(-3.599125106709,-2.099852746396,0.7600001));
#1305 = CARTESIAN_POINT('',(-3.79288738205,-2.201071848336,0.7600001));
#1306 = ORIENTED_EDGE('',*,*,#1307,.F.);
#1307 = EDGE_CURVE('',#1308,#1301,#1310,.T.);
#1308 = VERTEX_POINT('',#1309);
#1309 = CARTESIAN_POINT('',(-3.554299526485,-2.176490082984,0.7600001));
#1310 = B_SPLINE_CURVE_WITH_KNOTS('',1,(#1311,#1312),.UNSPECIFIED.,.F.,
  .F.,(2,2),(0.,8.878408642163E-02),.PIECEWISE_BEZIER_KNOTS.);
#1311 = CARTESIAN_POINT('',(-3.554299526485,-2.176490082984,0.7600001));
#1312 = CARTESIAN_POINT('',(-3.599125106709,-2.099852746396,0.7600001));
#1313 = ORIENTED_EDGE('',*,*,#1314,.F.);
#1314 = EDGE_CURVE('',#1315,#1308,#1317,.T.);
#1315 = VERTEX_POINT('',#1316);
#1316 = CARTESIAN_POINT('',(-3.756737730365,-2.28349312809,0.7600001));
#1317 = B_SPLINE_CURVE_WITH_KNOTS('',1,(#1318,#1319),.UNSPECIFIED.,.F.,
  .F.,(2,2),(0.,0.228977898611),.PIECEWISE_BEZIER_KNOTS.);
#1318 = CARTESIAN_POINT('',(-3.756737730365,-2.28349312809,0.7600001));
#1319 = CARTESIAN_POINT('',(-3.554299526485,-2.176490082984,0.7600001));
#1320 = ORIENTED_EDGE('',*,*,#1321,.F.);
#1321 = EDGE_CURVE('',#1322,#1315,#1324,.T.);
#1322 = VERTEX_POINT('',#1323);
#1323 = CARTESIAN_POINT('',(-3.756737730365,-2.297952999797,0.7600001));
#1324 = B_SPLINE_CURVE_WITH_KNOTS('',3,(#1325,#1326,#1327,#1328),
  .UNSPECIFIED.,.F.,.F.,(4,4),(11.,12.),.PIECEWISE_BEZIER_KNOTS.);
#1325 = CARTESIAN_POINT('',(-3.756737730365,-2.297952999797,0.7600001));
#1326 = CARTESIAN_POINT('',(-3.756737730365,-2.293615049317,0.7600001));
#1327 = CARTESIAN_POINT('',(-3.756737730365,-2.289277098837,0.7600001));
#1328 = CARTESIAN_POINT('',(-3.756737730365,-2.28349312809,0.7600001));
#1329 = ORIENTED_EDGE('',*,*,#1330,.F.);
#1330 = EDGE_CURVE('',#1331,#1322,#1333,.T.);
#1331 = VERTEX_POINT('',#1332);
#1332 = CARTESIAN_POINT('',(-3.901336447423,-2.442551716854,0.7600001));
#1333 = B_SPLINE_CURVE_WITH_KNOTS('',3,(#1334,#1335,#1336,#1337),
  .UNSPECIFIED.,.F.,.F.,(4,4),(10.,11.),.PIECEWISE_BEZIER_KNOTS.);
#1334 = CARTESIAN_POINT('',(-3.901336447423,-2.442551716854,0.7600001));
#1335 = CARTESIAN_POINT('',(-3.821807153042,-2.442551716854,0.7600001));
#1336 = CARTESIAN_POINT('',(-3.756737730365,-2.377482294179,0.7600001));
#1337 = CARTESIAN_POINT('',(-3.756737730365,-2.297952999797,0.7600001));
#1338 = ORIENTED_EDGE('',*,*,#1339,.F.);
#1339 = EDGE_CURVE('',#1340,#1331,#1342,.T.);
#1340 = VERTEX_POINT('',#1341);
#1341 = CARTESIAN_POINT('',(-4.038705242418,-2.344224600287,0.7600001));
#1342 = B_SPLINE_CURVE_WITH_KNOTS('',3,(#1343,#1344,#1345,#1346),
  .UNSPECIFIED.,.F.,.F.,(4,4),(9.,10.),.PIECEWISE_BEZIER_KNOTS.);
#1343 = CARTESIAN_POINT('',(-4.038705242418,-2.344224600287,0.7600001));
#1344 = CARTESIAN_POINT('',(-4.019907406443,-2.40206408711,0.7600001));
#1345 = CARTESIAN_POINT('',(-3.964959904993,-2.442551716854,0.7600001));
#1346 = CARTESIAN_POINT('',(-3.901336447423,-2.442551716854,0.7600001));
#1347 = ORIENTED_EDGE('',*,*,#1348,.F.);
#1348 = EDGE_CURVE('',#1349,#1340,#1351,.T.);
#1349 = VERTEX_POINT('',#1350);
#1350 = CARTESIAN_POINT('',(-4.154384216063,-2.274817227131,0.7600001));
#1351 = B_SPLINE_CURVE_WITH_KNOTS('',3,(#1352,#1353,#1354,#1355),
  .UNSPECIFIED.,.F.,.F.,(4,4),(8.,9.),.PIECEWISE_BEZIER_KNOTS.);
#1352 = CARTESIAN_POINT('',(-4.154384216063,-2.274817227131,0.7600001));
#1353 = CARTESIAN_POINT('',(-4.122572501069,-2.30952094129,0.7600001));
#1354 = CARTESIAN_POINT('',(-4.083530836431,-2.332656713954,0.7600001));
#1355 = CARTESIAN_POINT('',(-4.038705242418,-2.344224600287,0.7600001));
#1356 = ORIENTED_EDGE('',*,*,#1357,.F.);
#1357 = EDGE_CURVE('',#1358,#1349,#1360,.T.);
#1358 = VERTEX_POINT('',#1359);
#1359 = CARTESIAN_POINT('',(-4.215115674469,-2.117204658634,0.7600001));
#1360 = B_SPLINE_CURVE_WITH_KNOTS('',3,(#1361,#1362,#1363,#1364),
  .UNSPECIFIED.,.F.,.F.,(4,4),(7.,8.),.PIECEWISE_BEZIER_KNOTS.);
#1361 = CARTESIAN_POINT('',(-4.215115674469,-2.117204658634,0.7600001));
#1362 = CARTESIAN_POINT('',(-4.215115674469,-2.175044145458,0.7600001));
#1363 = CARTESIAN_POINT('',(-4.193425866911,-2.231437667174,0.7600001));
#1364 = CARTESIAN_POINT('',(-4.154384216063,-2.274817227131,0.7600001));
#1365 = ORIENTED_EDGE('',*,*,#1366,.F.);
#1366 = EDGE_CURVE('',#1367,#1358,#1369,.T.);
#1367 = VERTEX_POINT('',#1368);
#1368 = CARTESIAN_POINT('',(-4.14715423884,-1.952362140495,0.7600001));
#1369 = B_SPLINE_CURVE_WITH_KNOTS('',3,(#1370,#1371,#1372,#1373),
  .UNSPECIFIED.,.F.,.F.,(4,4),(6.,7.),.PIECEWISE_BEZIER_KNOTS.);
#1370 = CARTESIAN_POINT('',(-4.14715423884,-1.952362140495,0.7600001));
#1371 = CARTESIAN_POINT('',(-4.19053389188,-1.995741741823,0.7600001));
#1372 = CARTESIAN_POINT('',(-4.215115674469,-2.055027221333,0.7600001));
#1373 = CARTESIAN_POINT('',(-4.215115674469,-2.117204658634,0.7600001));
#1374 = ORIENTED_EDGE('',*,*,#1375,.F.);
#1375 = EDGE_CURVE('',#1376,#1367,#1378,.T.);
#1376 = VERTEX_POINT('',#1377);
#1377 = CARTESIAN_POINT('',(-3.980865714225,-1.88295475355,0.7600001));
#1378 = B_SPLINE_CURVE_WITH_KNOTS('',3,(#1379,#1380,#1381,#1382),
  .UNSPECIFIED.,.F.,.F.,(4,4),(5.,6.),.PIECEWISE_BEZIER_KNOTS.);
#1379 = CARTESIAN_POINT('',(-3.980865714225,-1.88295475355,0.7600001));
#1380 = CARTESIAN_POINT('',(-4.043043165317,-1.88295475355,0.7600001));
#1381 = CARTESIAN_POINT('',(-4.102328631037,-1.907536532691,0.7600001));
#1382 = CARTESIAN_POINT('',(-4.14715423884,-1.952362140495,0.7600001));
#1383 = ORIENTED_EDGE('',*,*,#1384,.F.);
#1384 = EDGE_CURVE('',#1385,#1376,#1387,.T.);
#1385 = VERTEX_POINT('',#1386);
#1386 = CARTESIAN_POINT('',(-3.947608020333,-1.885846725133,0.7600001));
#1387 = B_SPLINE_CURVE_WITH_KNOTS('',3,(#1388,#1389,#1390,#1391),
  .UNSPECIFIED.,.F.,.F.,(4,4),(4.,5.),.PIECEWISE_BEZIER_KNOTS.);
#1388 = CARTESIAN_POINT('',(-3.947608020333,-1.885846725133,0.7600001));
#1389 = CARTESIAN_POINT('',(-3.959175906666,-1.884400732446,0.7600001));
#1390 = CARTESIAN_POINT('',(-3.969297827892,-1.88295475355,0.7600001));
#1391 = CARTESIAN_POINT('',(-3.980865714225,-1.88295475355,0.7600001));
#1392 = ORIENTED_EDGE('',*,*,#1393,.F.);
#1393 = EDGE_CURVE('',#1394,#1385,#1396,.T.);
#1394 = VERTEX_POINT('',#1395);
#1395 = CARTESIAN_POINT('',(-3.883984590345,-1.822223288249,0.7600001));
#1396 = B_SPLINE_CURVE_WITH_KNOTS('',3,(#1397,#1398,#1399,#1400),
  .UNSPECIFIED.,.F.,.F.,(4,4),(3.,4.),.PIECEWISE_BEZIER_KNOTS.);
#1397 = CARTESIAN_POINT('',(-3.883984590345,-1.822223288249,0.7600001));
#1398 = CARTESIAN_POINT('',(-3.908566383276,-1.839575138433,0.7600001));
#1399 = CARTESIAN_POINT('',(-3.928810198148,-1.861264945991,0.7600001));
#1400 = CARTESIAN_POINT('',(-3.947608020333,-1.885846725133,0.7600001));
#1401 = ORIENTED_EDGE('',*,*,#1402,.F.);
#1402 = EDGE_CURVE('',#1403,#1394,#1405,.T.);
#1403 = VERTEX_POINT('',#1404);
#1404 = CARTESIAN_POINT('',(-3.710466129876,-1.765829787217,0.7600001));
#1405 = B_SPLINE_CURVE_WITH_KNOTS('',3,(#1406,#1407,#1408,#1409),
  .UNSPECIFIED.,.F.,.F.,(4,4),(2.,3.),.PIECEWISE_BEZIER_KNOTS.);
#1406 = CARTESIAN_POINT('',(-3.710466129876,-1.765829787217,0.7600001));
#1407 = CARTESIAN_POINT('',(-3.774089559865,-1.765829787217,0.7600001));
#1408 = CARTESIAN_POINT('',(-3.833375039374,-1.786073607261,0.7600001));
#1409 = CARTESIAN_POINT('',(-3.883984590345,-1.822223288249,0.7600001));
#1410 = ORIENTED_EDGE('',*,*,#1411,.F.);
#1411 = EDGE_CURVE('',#1134,#1403,#1412,.T.);
#1412 = B_SPLINE_CURVE_WITH_KNOTS('',3,(#1413,#1414,#1415,#1416),
  .UNSPECIFIED.,.F.,.F.,(4,4),(1.,2.),.PIECEWISE_BEZIER_KNOTS.);
#1413 = CARTESIAN_POINT('',(-3.513811896741,-1.841021124225,0.7600001));
#1414 = CARTESIAN_POINT('',(-3.568759398191,-1.793303543113,0.7600001));
#1415 = CARTESIAN_POINT('',(-3.638166771347,-1.765829787217,0.7600001));
#1416 = CARTESIAN_POINT('',(-3.710466129876,-1.765829787217,0.7600001));
#1417 = B_SPLINE_SURFACE_WITH_KNOTS('',1,1,(
    (#1418,#1419)
    ,(#1420,#1421
    )),.UNSPECIFIED.,.F.,.F.,.F.,(2,2),(2,2),(-5.05,5.05),(-3.3,3.3),
  .PIECEWISE_BEZIER_KNOTS.);
#1418 = CARTESIAN_POINT('',(-5.05,-3.3,0.7600001));
#1419 = CARTESIAN_POINT('',(-5.05,3.3,0.7600001));
#1420 = CARTESIAN_POINT('',(5.05,-3.3,0.7600001));
#1421 = CARTESIAN_POINT('',(5.05,3.3,0.7600001));
#1422 = ADVANCED_FACE('',(#1423),#1509,.F.);
#1423 = FACE_BOUND('',#1424,.T.);
#1424 = EDGE_LOOP('',(#1425,#1434,#1441,#1448,#1455,#1462,#1469,#1476,
    #1483,#1490,#1497,#1504));
#1425 = ORIENTED_EDGE('',*,*,#1426,.T.);
#1426 = EDGE_CURVE('',#1427,#1429,#1431,.T.);
#1427 = VERTEX_POINT('',#1428);
#1428 = CARTESIAN_POINT('',(2.66,3.,1.00001E-02));
#1429 = VERTEX_POINT('',#1430);
#1430 = CARTESIAN_POINT('',(2.66,-3.,1.00001E-02));
#1431 = B_SPLINE_CURVE_WITH_KNOTS('',1,(#1432,#1433),.UNSPECIFIED.,.F.,
  .F.,(2,2),(0.,6.),.PIECEWISE_BEZIER_KNOTS.);
#1432 = CARTESIAN_POINT('',(2.66,3.,1.00001E-02));
#1433 = CARTESIAN_POINT('',(2.66,-3.,1.00001E-02));
#1434 = ORIENTED_EDGE('',*,*,#1435,.T.);
#1435 = EDGE_CURVE('',#1429,#1436,#1438,.T.);
#1436 = VERTEX_POINT('',#1437);
#1437 = CARTESIAN_POINT('',(5.05,-3.,1.00001E-02));
#1438 = B_SPLINE_CURVE_WITH_KNOTS('',1,(#1439,#1440),.UNSPECIFIED.,.F.,
  .F.,(2,2),(0.,2.39),.PIECEWISE_BEZIER_KNOTS.);
#1439 = CARTESIAN_POINT('',(2.66,-3.,1.00001E-02));
#1440 = CARTESIAN_POINT('',(5.05,-3.,1.00001E-02));
#1441 = ORIENTED_EDGE('',*,*,#1442,.F.);
#1442 = EDGE_CURVE('',#1443,#1436,#1445,.T.);
#1443 = VERTEX_POINT('',#1444);
#1444 = CARTESIAN_POINT('',(5.05,-3.3,1.00001E-02));
#1445 = B_SPLINE_CURVE_WITH_KNOTS('',1,(#1446,#1447),.UNSPECIFIED.,.F.,
  .F.,(2,2),(-3.3,-3.),.PIECEWISE_BEZIER_KNOTS.);
#1446 = CARTESIAN_POINT('',(5.05,-3.3,1.00001E-02));
#1447 = CARTESIAN_POINT('',(5.05,-3.,1.00001E-02));
#1448 = ORIENTED_EDGE('',*,*,#1449,.F.);
#1449 = EDGE_CURVE('',#1450,#1443,#1452,.T.);
#1450 = VERTEX_POINT('',#1451);
#1451 = CARTESIAN_POINT('',(-5.05,-3.3,1.00001E-02));
#1452 = B_SPLINE_CURVE_WITH_KNOTS('',1,(#1453,#1454),.UNSPECIFIED.,.F.,
  .F.,(2,2),(0.6,10.7),.PIECEWISE_BEZIER_KNOTS.);
#1453 = CARTESIAN_POINT('',(-5.05,-3.3,1.00001E-02));
#1454 = CARTESIAN_POINT('',(5.05,-3.3,1.00001E-02));
#1455 = ORIENTED_EDGE('',*,*,#1456,.T.);
#1456 = EDGE_CURVE('',#1450,#1457,#1459,.T.);
#1457 = VERTEX_POINT('',#1458);
#1458 = CARTESIAN_POINT('',(-5.05,-3.,1.00001E-02));
#1459 = B_SPLINE_CURVE_WITH_KNOTS('',1,(#1460,#1461),.UNSPECIFIED.,.F.,
  .F.,(2,2),(-3.3,-3.),.PIECEWISE_BEZIER_KNOTS.);
#1460 = CARTESIAN_POINT('',(-5.05,-3.3,1.00001E-02));
#1461 = CARTESIAN_POINT('',(-5.05,-3.,1.00001E-02));
#1462 = ORIENTED_EDGE('',*,*,#1463,.F.);
#1463 = EDGE_CURVE('',#1464,#1457,#1466,.T.);
#1464 = VERTEX_POINT('',#1465);
#1465 = CARTESIAN_POINT('',(-2.66,-3.,1.00001E-02));
#1466 = B_SPLINE_CURVE_WITH_KNOTS('',1,(#1467,#1468),.UNSPECIFIED.,.F.,
  .F.,(2,2),(0.,2.39),.PIECEWISE_BEZIER_KNOTS.);
#1467 = CARTESIAN_POINT('',(-2.66,-3.,1.00001E-02));
#1468 = CARTESIAN_POINT('',(-5.05,-3.,1.00001E-02));
#1469 = ORIENTED_EDGE('',*,*,#1470,.F.);
#1470 = EDGE_CURVE('',#1471,#1464,#1473,.T.);
#1471 = VERTEX_POINT('',#1472);
#1472 = CARTESIAN_POINT('',(-2.66,3.,1.00001E-02));
#1473 = B_SPLINE_CURVE_WITH_KNOTS('',1,(#1474,#1475),.UNSPECIFIED.,.F.,
  .F.,(2,2),(0.,6.),.PIECEWISE_BEZIER_KNOTS.);
#1474 = CARTESIAN_POINT('',(-2.66,3.,1.00001E-02));
#1475 = CARTESIAN_POINT('',(-2.66,-3.,1.00001E-02));
#1476 = ORIENTED_EDGE('',*,*,#1477,.F.);
#1477 = EDGE_CURVE('',#1478,#1471,#1480,.T.);
#1478 = VERTEX_POINT('',#1479);
#1479 = CARTESIAN_POINT('',(-5.05,3.,1.00001E-02));
#1480 = B_SPLINE_CURVE_WITH_KNOTS('',1,(#1481,#1482),.UNSPECIFIED.,.F.,
  .F.,(2,2),(-2.39,0.),.PIECEWISE_BEZIER_KNOTS.);
#1481 = CARTESIAN_POINT('',(-5.05,3.,1.00001E-02));
#1482 = CARTESIAN_POINT('',(-2.66,3.,1.00001E-02));
#1483 = ORIENTED_EDGE('',*,*,#1484,.T.);
#1484 = EDGE_CURVE('',#1478,#1485,#1487,.T.);
#1485 = VERTEX_POINT('',#1486);
#1486 = CARTESIAN_POINT('',(-5.05,3.3,1.00001E-02));
#1487 = B_SPLINE_CURVE_WITH_KNOTS('',1,(#1488,#1489),.UNSPECIFIED.,.F.,
  .F.,(2,2),(3.,3.3),.PIECEWISE_BEZIER_KNOTS.);
#1488 = CARTESIAN_POINT('',(-5.05,3.,1.00001E-02));
#1489 = CARTESIAN_POINT('',(-5.05,3.3,1.00001E-02));
#1490 = ORIENTED_EDGE('',*,*,#1491,.F.);
#1491 = EDGE_CURVE('',#1492,#1485,#1494,.T.);
#1492 = VERTEX_POINT('',#1493);
#1493 = CARTESIAN_POINT('',(5.05,3.3,1.00001E-02));
#1494 = B_SPLINE_CURVE_WITH_KNOTS('',1,(#1495,#1496),.UNSPECIFIED.,.F.,
  .F.,(2,2),(-10.7,-0.6),.PIECEWISE_BEZIER_KNOTS.);
#1495 = CARTESIAN_POINT('',(5.05,3.3,1.00001E-02));
#1496 = CARTESIAN_POINT('',(-5.05,3.3,1.00001E-02));
#1497 = ORIENTED_EDGE('',*,*,#1498,.F.);
#1498 = EDGE_CURVE('',#1499,#1492,#1501,.T.);
#1499 = VERTEX_POINT('',#1500);
#1500 = CARTESIAN_POINT('',(5.05,3.,1.00001E-02));
#1501 = B_SPLINE_CURVE_WITH_KNOTS('',1,(#1502,#1503),.UNSPECIFIED.,.F.,
  .F.,(2,2),(3.,3.3),.PIECEWISE_BEZIER_KNOTS.);
#1502 = CARTESIAN_POINT('',(5.05,3.,1.00001E-02));
#1503 = CARTESIAN_POINT('',(5.05,3.3,1.00001E-02));
#1504 = ORIENTED_EDGE('',*,*,#1505,.T.);
#1505 = EDGE_CURVE('',#1499,#1427,#1506,.T.);
#1506 = B_SPLINE_CURVE_WITH_KNOTS('',1,(#1507,#1508),.UNSPECIFIED.,.F.,
  .F.,(2,2),(-2.39,0.),.PIECEWISE_BEZIER_KNOTS.);
#1507 = CARTESIAN_POINT('',(5.05,3.,1.00001E-02));
#1508 = CARTESIAN_POINT('',(2.66,3.,1.00001E-02));
#1509 = B_SPLINE_SURFACE_WITH_KNOTS('',1,1,(
    (#1510,#1511)
    ,(#1512,#1513
    )),.UNSPECIFIED.,.F.,.F.,.F.,(2,2),(2,2),(-5.05,5.05),(-3.3,3.3),
  .PIECEWISE_BEZIER_KNOTS.);
#1510 = CARTESIAN_POINT('',(-5.05,-3.3,1.00001E-02));
#1511 = CARTESIAN_POINT('',(-5.05,3.3,1.00001E-02));
#1512 = CARTESIAN_POINT('',(5.05,-3.3,1.00001E-02));
#1513 = CARTESIAN_POINT('',(5.05,3.3,1.00001E-02));
#1514 = ADVANCED_FACE('',(#1515),#1529,.F.);
#1515 = FACE_BOUND('',#1516,.T.);
#1516 = EDGE_LOOP('',(#1517,#1522,#1523,#1528));
#1517 = ORIENTED_EDGE('',*,*,#1518,.F.);
#1518 = EDGE_CURVE('',#1492,#654,#1519,.T.);
#1519 = B_SPLINE_CURVE_WITH_KNOTS('',1,(#1520,#1521),.UNSPECIFIED.,.F.,
  .F.,(2,2),(-0.75,0.),.PIECEWISE_BEZIER_KNOTS.);
#1520 = CARTESIAN_POINT('',(5.05,3.3,1.00001E-02));
#1521 = CARTESIAN_POINT('',(5.05,3.3,0.7600001));
#1522 = ORIENTED_EDGE('',*,*,#1491,.T.);
#1523 = ORIENTED_EDGE('',*,*,#1524,.T.);
#1524 = EDGE_CURVE('',#1485,#661,#1525,.T.);
#1525 = B_SPLINE_CURVE_WITH_KNOTS('',1,(#1526,#1527),.UNSPECIFIED.,.F.,
  .F.,(2,2),(-0.75,0.),.PIECEWISE_BEZIER_KNOTS.);
#1526 = CARTESIAN_POINT('',(-5.05,3.3,1.00001E-02));
#1527 = CARTESIAN_POINT('',(-5.05,3.3,0.7600001));
#1528 = ORIENTED_EDGE('',*,*,#660,.F.);
#1529 = B_SPLINE_SURFACE_WITH_KNOTS('',1,1,(
    (#1530,#1531)
    ,(#1532,#1533
    )),.UNSPECIFIED.,.F.,.F.,.F.,(2,2),(2,2),(0.6,10.7),(-0.75,0.),
  .PIECEWISE_BEZIER_KNOTS.);
#1530 = CARTESIAN_POINT('',(-5.05,3.3,1.00001E-02));
#1531 = CARTESIAN_POINT('',(-5.05,3.3,0.7600001));
#1532 = CARTESIAN_POINT('',(5.05,3.3,1.00001E-02));
#1533 = CARTESIAN_POINT('',(5.05,3.3,0.7600001));
#1534 = ADVANCED_FACE('',(#1535),#1549,.F.);
#1535 = FACE_BOUND('',#1536,.T.);
#1536 = EDGE_LOOP('',(#1537,#1542,#1543,#1548));
#1537 = ORIENTED_EDGE('',*,*,#1538,.F.);
#1538 = EDGE_CURVE('',#647,#1443,#1539,.T.);
#1539 = B_SPLINE_CURVE_WITH_KNOTS('',1,(#1540,#1541),.UNSPECIFIED.,.F.,
  .F.,(2,2),(0.,0.75),.PIECEWISE_BEZIER_KNOTS.);
#1540 = CARTESIAN_POINT('',(5.05,-3.3,0.7600001));
#1541 = CARTESIAN_POINT('',(5.05,-3.3,1.00001E-02));
#1542 = ORIENTED_EDGE('',*,*,#644,.F.);
#1543 = ORIENTED_EDGE('',*,*,#1544,.T.);
#1544 = EDGE_CURVE('',#645,#1450,#1545,.T.);
#1545 = B_SPLINE_CURVE_WITH_KNOTS('',1,(#1546,#1547),.UNSPECIFIED.,.F.,
  .F.,(2,2),(0.,0.75),.PIECEWISE_BEZIER_KNOTS.);
#1546 = CARTESIAN_POINT('',(-5.05,-3.3,0.7600001));
#1547 = CARTESIAN_POINT('',(-5.05,-3.3,1.00001E-02));
#1548 = ORIENTED_EDGE('',*,*,#1449,.T.);
#1549 = B_SPLINE_SURFACE_WITH_KNOTS('',1,1,(
    (#1550,#1551)
    ,(#1552,#1553
    )),.UNSPECIFIED.,.F.,.F.,.F.,(2,2),(2,2),(-0.75,0.),(0.6,10.7),
  .PIECEWISE_BEZIER_KNOTS.);
#1550 = CARTESIAN_POINT('',(-5.05,-3.3,1.00001E-02));
#1551 = CARTESIAN_POINT('',(5.05,-3.3,1.00001E-02));
#1552 = CARTESIAN_POINT('',(-5.05,-3.3,0.7600001));
#1553 = CARTESIAN_POINT('',(5.05,-3.3,0.7600001));
#1554 = ADVANCED_FACE('',(#1555),#1609,.T.);
#1555 = FACE_BOUND('',#1556,.T.);
#1556 = EDGE_LOOP('',(#1557,#1558,#1565,#1572,#1579,#1586,#1593,#1600,
    #1605,#1606,#1607,#1608));
#1557 = ORIENTED_EDGE('',*,*,#1484,.F.);
#1558 = ORIENTED_EDGE('',*,*,#1559,.F.);
#1559 = EDGE_CURVE('',#1560,#1478,#1562,.T.);
#1560 = VERTEX_POINT('',#1561);
#1561 = CARTESIAN_POINT('',(-5.05,3.,1.000000000029E-07));
#1562 = B_SPLINE_CURVE_WITH_KNOTS('',1,(#1563,#1564),.UNSPECIFIED.,.F.,
  .F.,(2,2),(0.,1.E-02),.PIECEWISE_BEZIER_KNOTS.);
#1563 = CARTESIAN_POINT('',(-5.05,3.,1.000000000029E-07));
#1564 = CARTESIAN_POINT('',(-5.05,3.,1.00001E-02));
#1565 = ORIENTED_EDGE('',*,*,#1566,.T.);
#1566 = EDGE_CURVE('',#1560,#1567,#1569,.T.);
#1567 = VERTEX_POINT('',#1568);
#1568 = CARTESIAN_POINT('',(-5.05,3.31,1.000000000029E-07));
#1569 = B_SPLINE_CURVE_WITH_KNOTS('',1,(#1570,#1571),.UNSPECIFIED.,.F.,
  .F.,(2,2),(-0.31,0.),.PIECEWISE_BEZIER_KNOTS.);
#1570 = CARTESIAN_POINT('',(-5.05,3.,1.000000000029E-07));
#1571 = CARTESIAN_POINT('',(-5.05,3.31,1.000000000029E-07));
#1572 = ORIENTED_EDGE('',*,*,#1573,.T.);
#1573 = EDGE_CURVE('',#1567,#1574,#1576,.T.);
#1574 = VERTEX_POINT('',#1575);
#1575 = CARTESIAN_POINT('',(-5.05,3.31,0.7700001));
#1576 = B_SPLINE_CURVE_WITH_KNOTS('',1,(#1577,#1578),.UNSPECIFIED.,.F.,
  .F.,(2,2),(0.,0.77),.PIECEWISE_BEZIER_KNOTS.);
#1577 = CARTESIAN_POINT('',(-5.05,3.31,1.000000000029E-07));
#1578 = CARTESIAN_POINT('',(-5.05,3.31,0.7700001));
#1579 = ORIENTED_EDGE('',*,*,#1580,.F.);
#1580 = EDGE_CURVE('',#1581,#1574,#1583,.T.);
#1581 = VERTEX_POINT('',#1582);
#1582 = CARTESIAN_POINT('',(-5.05,-3.31,0.7700001));
#1583 = B_SPLINE_CURVE_WITH_KNOTS('',1,(#1584,#1585),.UNSPECIFIED.,.F.,
  .F.,(2,2),(-6.62,0.),.PIECEWISE_BEZIER_KNOTS.);
#1584 = CARTESIAN_POINT('',(-5.05,-3.31,0.7700001));
#1585 = CARTESIAN_POINT('',(-5.05,3.31,0.7700001));
#1586 = ORIENTED_EDGE('',*,*,#1587,.F.);
#1587 = EDGE_CURVE('',#1588,#1581,#1590,.T.);
#1588 = VERTEX_POINT('',#1589);
#1589 = CARTESIAN_POINT('',(-5.05,-3.31,1.000000000029E-07));
#1590 = B_SPLINE_CURVE_WITH_KNOTS('',1,(#1591,#1592),.UNSPECIFIED.,.F.,
  .F.,(2,2),(0.,0.77),.PIECEWISE_BEZIER_KNOTS.);
#1591 = CARTESIAN_POINT('',(-5.05,-3.31,1.000000000029E-07));
#1592 = CARTESIAN_POINT('',(-5.05,-3.31,0.7700001));
#1593 = ORIENTED_EDGE('',*,*,#1594,.T.);
#1594 = EDGE_CURVE('',#1588,#1595,#1597,.T.);
#1595 = VERTEX_POINT('',#1596);
#1596 = CARTESIAN_POINT('',(-5.05,-3.,1.000000000029E-07));
#1597 = B_SPLINE_CURVE_WITH_KNOTS('',1,(#1598,#1599),.UNSPECIFIED.,.F.,
  .F.,(2,2),(-6.62,-6.31),.PIECEWISE_BEZIER_KNOTS.);
#1598 = CARTESIAN_POINT('',(-5.05,-3.31,1.000000000029E-07));
#1599 = CARTESIAN_POINT('',(-5.05,-3.,1.000000000029E-07));
#1600 = ORIENTED_EDGE('',*,*,#1601,.T.);
#1601 = EDGE_CURVE('',#1595,#1457,#1602,.T.);
#1602 = B_SPLINE_CURVE_WITH_KNOTS('',1,(#1603,#1604),.UNSPECIFIED.,.F.,
  .F.,(2,2),(0.,1.E-02),.PIECEWISE_BEZIER_KNOTS.);
#1603 = CARTESIAN_POINT('',(-5.05,-3.,1.000000000029E-07));
#1604 = CARTESIAN_POINT('',(-5.05,-3.,1.00001E-02));
#1605 = ORIENTED_EDGE('',*,*,#1456,.F.);
#1606 = ORIENTED_EDGE('',*,*,#1544,.F.);
#1607 = ORIENTED_EDGE('',*,*,#667,.T.);
#1608 = ORIENTED_EDGE('',*,*,#1524,.F.);
#1609 = B_SPLINE_SURFACE_WITH_KNOTS('',1,1,(
    (#1610,#1611)
    ,(#1612,#1613
    )),.UNSPECIFIED.,.F.,.F.,.F.,(2,2),(2,2),(-6.62,0.),(0.,0.77),
  .PIECEWISE_BEZIER_KNOTS.);
#1610 = CARTESIAN_POINT('',(-5.05,-3.31,1.000000000029E-07));
#1611 = CARTESIAN_POINT('',(-5.05,-3.31,0.7700001));
#1612 = CARTESIAN_POINT('',(-5.05,3.31,1.000000000029E-07));
#1613 = CARTESIAN_POINT('',(-5.05,3.31,0.7700001));
#1614 = ADVANCED_FACE('',(#1615),#1637,.T.);
#1615 = FACE_BOUND('',#1616,.T.);
#1616 = EDGE_LOOP('',(#1617,#1618,#1625,#1632));
#1617 = ORIENTED_EDGE('',*,*,#1587,.T.);
#1618 = ORIENTED_EDGE('',*,*,#1619,.F.);
#1619 = EDGE_CURVE('',#1620,#1581,#1622,.T.);
#1620 = VERTEX_POINT('',#1621);
#1621 = CARTESIAN_POINT('',(-5.66,-3.31,0.7700001));
#1622 = B_SPLINE_CURVE_WITH_KNOTS('',1,(#1623,#1624),.UNSPECIFIED.,.F.,
  .F.,(2,2),(0.,0.61),.PIECEWISE_BEZIER_KNOTS.);
#1623 = CARTESIAN_POINT('',(-5.66,-3.31,0.7700001));
#1624 = CARTESIAN_POINT('',(-5.05,-3.31,0.7700001));
#1625 = ORIENTED_EDGE('',*,*,#1626,.F.);
#1626 = EDGE_CURVE('',#1627,#1620,#1629,.T.);
#1627 = VERTEX_POINT('',#1628);
#1628 = CARTESIAN_POINT('',(-5.66,-3.31,1.000000000029E-07));
#1629 = B_SPLINE_CURVE_WITH_KNOTS('',1,(#1630,#1631),.UNSPECIFIED.,.F.,
  .F.,(2,2),(0.,0.77),.PIECEWISE_BEZIER_KNOTS.);
#1630 = CARTESIAN_POINT('',(-5.66,-3.31,1.000000000029E-07));
#1631 = CARTESIAN_POINT('',(-5.66,-3.31,0.7700001));
#1632 = ORIENTED_EDGE('',*,*,#1633,.T.);
#1633 = EDGE_CURVE('',#1627,#1588,#1634,.T.);
#1634 = B_SPLINE_CURVE_WITH_KNOTS('',1,(#1635,#1636),.UNSPECIFIED.,.F.,
  .F.,(2,2),(0.,0.61),.PIECEWISE_BEZIER_KNOTS.);
#1635 = CARTESIAN_POINT('',(-5.66,-3.31,1.000000000029E-07));
#1636 = CARTESIAN_POINT('',(-5.05,-3.31,1.000000000029E-07));
#1637 = B_SPLINE_SURFACE_WITH_KNOTS('',1,1,(
    (#1638,#1639)
    ,(#1640,#1641
    )),.UNSPECIFIED.,.F.,.F.,.F.,(2,2),(2,2),(-0.77,0.),(0.,0.61),
  .PIECEWISE_BEZIER_KNOTS.);
#1638 = CARTESIAN_POINT('',(-5.66,-3.31,0.7700001));
#1639 = CARTESIAN_POINT('',(-5.05,-3.31,0.7700001));
#1640 = CARTESIAN_POINT('',(-5.66,-3.31,1.000000000029E-07));
#1641 = CARTESIAN_POINT('',(-5.05,-3.31,1.000000000029E-07));
#1642 = ADVANCED_FACE('',(#1643),#1665,.T.);
#1643 = FACE_BOUND('',#1644,.T.);
#1644 = EDGE_LOOP('',(#1645,#1646,#1653,#1660));
#1645 = ORIENTED_EDGE('',*,*,#1626,.T.);
#1646 = ORIENTED_EDGE('',*,*,#1647,.F.);
#1647 = EDGE_CURVE('',#1648,#1620,#1650,.T.);
#1648 = VERTEX_POINT('',#1649);
#1649 = CARTESIAN_POINT('',(-5.66,3.31,0.7700001));
#1650 = B_SPLINE_CURVE_WITH_KNOTS('',1,(#1651,#1652),.UNSPECIFIED.,.F.,
  .F.,(2,2),(0.,6.62),.PIECEWISE_BEZIER_KNOTS.);
#1651 = CARTESIAN_POINT('',(-5.66,3.31,0.7700001));
#1652 = CARTESIAN_POINT('',(-5.66,-3.31,0.7700001));
#1653 = ORIENTED_EDGE('',*,*,#1654,.F.);
#1654 = EDGE_CURVE('',#1655,#1648,#1657,.T.);
#1655 = VERTEX_POINT('',#1656);
#1656 = CARTESIAN_POINT('',(-5.66,3.31,1.000000000029E-07));
#1657 = B_SPLINE_CURVE_WITH_KNOTS('',1,(#1658,#1659),.UNSPECIFIED.,.F.,
  .F.,(2,2),(0.,0.77),.PIECEWISE_BEZIER_KNOTS.);
#1658 = CARTESIAN_POINT('',(-5.66,3.31,1.000000000029E-07));
#1659 = CARTESIAN_POINT('',(-5.66,3.31,0.7700001));
#1660 = ORIENTED_EDGE('',*,*,#1661,.T.);
#1661 = EDGE_CURVE('',#1655,#1627,#1662,.T.);
#1662 = B_SPLINE_CURVE_WITH_KNOTS('',1,(#1663,#1664),.UNSPECIFIED.,.F.,
  .F.,(2,2),(0.,6.62),.PIECEWISE_BEZIER_KNOTS.);
#1663 = CARTESIAN_POINT('',(-5.66,3.31,1.000000000029E-07));
#1664 = CARTESIAN_POINT('',(-5.66,-3.31,1.000000000029E-07));
#1665 = B_SPLINE_SURFACE_WITH_KNOTS('',1,1,(
    (#1666,#1667)
    ,(#1668,#1669
    )),.UNSPECIFIED.,.F.,.F.,.F.,(2,2),(2,2),(0.,6.62),(0.,0.77),
  .PIECEWISE_BEZIER_KNOTS.);
#1666 = CARTESIAN_POINT('',(-5.66,3.31,1.000000000029E-07));
#1667 = CARTESIAN_POINT('',(-5.66,3.31,0.7700001));
#1668 = CARTESIAN_POINT('',(-5.66,-3.31,1.000000000029E-07));
#1669 = CARTESIAN_POINT('',(-5.66,-3.31,0.7700001));
#1670 = ADVANCED_FACE('',(#1671),#1685,.T.);
#1671 = FACE_BOUND('',#1672,.T.);
#1672 = EDGE_LOOP('',(#1673,#1674,#1679,#1680));
#1673 = ORIENTED_EDGE('',*,*,#1654,.T.);
#1674 = ORIENTED_EDGE('',*,*,#1675,.F.);
#1675 = EDGE_CURVE('',#1574,#1648,#1676,.T.);
#1676 = B_SPLINE_CURVE_WITH_KNOTS('',1,(#1677,#1678),.UNSPECIFIED.,.F.,
  .F.,(2,2),(0.,0.61),.PIECEWISE_BEZIER_KNOTS.);
#1677 = CARTESIAN_POINT('',(-5.05,3.31,0.7700001));
#1678 = CARTESIAN_POINT('',(-5.66,3.31,0.7700001));
#1679 = ORIENTED_EDGE('',*,*,#1573,.F.);
#1680 = ORIENTED_EDGE('',*,*,#1681,.T.);
#1681 = EDGE_CURVE('',#1567,#1655,#1682,.T.);
#1682 = B_SPLINE_CURVE_WITH_KNOTS('',1,(#1683,#1684),.UNSPECIFIED.,.F.,
  .F.,(2,2),(0.,0.61),.PIECEWISE_BEZIER_KNOTS.);
#1683 = CARTESIAN_POINT('',(-5.05,3.31,1.000000000029E-07));
#1684 = CARTESIAN_POINT('',(-5.66,3.31,1.000000000029E-07));
#1685 = B_SPLINE_SURFACE_WITH_KNOTS('',1,1,(
    (#1686,#1687)
    ,(#1688,#1689
    )),.UNSPECIFIED.,.F.,.F.,.F.,(2,2),(2,2),(0.,0.77),(-0.61,0.),
  .PIECEWISE_BEZIER_KNOTS.);
#1686 = CARTESIAN_POINT('',(-5.66,3.31,1.000000000029E-07));
#1687 = CARTESIAN_POINT('',(-5.05,3.31,1.000000000029E-07));
#1688 = CARTESIAN_POINT('',(-5.66,3.31,0.7700001));
#1689 = CARTESIAN_POINT('',(-5.05,3.31,0.7700001));
#1690 = ADVANCED_FACE('',(#1691),#1717,.T.);
#1691 = FACE_BOUND('',#1692,.T.);
#1692 = EDGE_LOOP('',(#1693,#1694,#1695,#1696,#1697,#1704,#1711,#1716));
#1693 = ORIENTED_EDGE('',*,*,#1633,.F.);
#1694 = ORIENTED_EDGE('',*,*,#1661,.F.);
#1695 = ORIENTED_EDGE('',*,*,#1681,.F.);
#1696 = ORIENTED_EDGE('',*,*,#1566,.F.);
#1697 = ORIENTED_EDGE('',*,*,#1698,.T.);
#1698 = EDGE_CURVE('',#1560,#1699,#1701,.T.);
#1699 = VERTEX_POINT('',#1700);
#1700 = CARTESIAN_POINT('',(-2.66,3.,1.000000000029E-07));
#1701 = B_SPLINE_CURVE_WITH_KNOTS('',1,(#1702,#1703),.UNSPECIFIED.,.F.,
  .F.,(2,2),(-2.39,0.),.PIECEWISE_BEZIER_KNOTS.);
#1702 = CARTESIAN_POINT('',(-5.05,3.,1.000000000029E-07));
#1703 = CARTESIAN_POINT('',(-2.66,3.,1.000000000029E-07));
#1704 = ORIENTED_EDGE('',*,*,#1705,.T.);
#1705 = EDGE_CURVE('',#1699,#1706,#1708,.T.);
#1706 = VERTEX_POINT('',#1707);
#1707 = CARTESIAN_POINT('',(-2.66,-3.,1.000000000029E-07));
#1708 = B_SPLINE_CURVE_WITH_KNOTS('',1,(#1709,#1710),.UNSPECIFIED.,.F.,
  .F.,(2,2),(0.,6.),.PIECEWISE_BEZIER_KNOTS.);
#1709 = CARTESIAN_POINT('',(-2.66,3.,1.000000000029E-07));
#1710 = CARTESIAN_POINT('',(-2.66,-3.,1.000000000029E-07));
#1711 = ORIENTED_EDGE('',*,*,#1712,.T.);
#1712 = EDGE_CURVE('',#1706,#1595,#1713,.T.);
#1713 = B_SPLINE_CURVE_WITH_KNOTS('',1,(#1714,#1715),.UNSPECIFIED.,.F.,
  .F.,(2,2),(0.,2.39),.PIECEWISE_BEZIER_KNOTS.);
#1714 = CARTESIAN_POINT('',(-2.66,-3.,1.000000000029E-07));
#1715 = CARTESIAN_POINT('',(-5.05,-3.,1.000000000029E-07));
#1716 = ORIENTED_EDGE('',*,*,#1594,.F.);
#1717 = B_SPLINE_SURFACE_WITH_KNOTS('',1,1,(
    (#1718,#1719)
    ,(#1720,#1721
    )),.UNSPECIFIED.,.F.,.F.,.F.,(2,2),(2,2),(2.66,5.66),(-3.31,3.31),
  .PIECEWISE_BEZIER_KNOTS.);
#1718 = CARTESIAN_POINT('',(-2.66,-3.31,1.000000000029E-07));
#1719 = CARTESIAN_POINT('',(-2.66,3.31,1.000000000029E-07));
#1720 = CARTESIAN_POINT('',(-5.66,-3.31,1.000000000029E-07));
#1721 = CARTESIAN_POINT('',(-5.66,3.31,1.000000000029E-07));
#1722 = ADVANCED_FACE('',(#1723),#1729,.F.);
#1723 = FACE_BOUND('',#1724,.T.);
#1724 = EDGE_LOOP('',(#1725,#1726,#1727,#1728));
#1725 = ORIENTED_EDGE('',*,*,#1619,.T.);
#1726 = ORIENTED_EDGE('',*,*,#1580,.T.);
#1727 = ORIENTED_EDGE('',*,*,#1675,.T.);
#1728 = ORIENTED_EDGE('',*,*,#1647,.T.);
#1729 = B_SPLINE_SURFACE_WITH_KNOTS('',1,1,(
    (#1730,#1731)
    ,(#1732,#1733
    )),.UNSPECIFIED.,.F.,.F.,.F.,(2,2),(2,2),(5.05,5.66),(-3.31,3.31),
  .PIECEWISE_BEZIER_KNOTS.);
#1730 = CARTESIAN_POINT('',(-5.05,-3.31,0.7700001));
#1731 = CARTESIAN_POINT('',(-5.05,3.31,0.7700001));
#1732 = CARTESIAN_POINT('',(-5.66,-3.31,0.7700001));
#1733 = CARTESIAN_POINT('',(-5.66,3.31,0.7700001));
#1734 = ADVANCED_FACE('',(#1735),#1745,.F.);
#1735 = FACE_BOUND('',#1736,.T.);
#1736 = EDGE_LOOP('',(#1737,#1738,#1743,#1744));
#1737 = ORIENTED_EDGE('',*,*,#1477,.T.);
#1738 = ORIENTED_EDGE('',*,*,#1739,.F.);
#1739 = EDGE_CURVE('',#1699,#1471,#1740,.T.);
#1740 = B_SPLINE_CURVE_WITH_KNOTS('',1,(#1741,#1742),.UNSPECIFIED.,.F.,
  .F.,(2,2),(0.,1.E-02),.PIECEWISE_BEZIER_KNOTS.);
#1741 = CARTESIAN_POINT('',(-2.66,3.,1.000000000029E-07));
#1742 = CARTESIAN_POINT('',(-2.66,3.,1.00001E-02));
#1743 = ORIENTED_EDGE('',*,*,#1698,.F.);
#1744 = ORIENTED_EDGE('',*,*,#1559,.T.);
#1745 = B_SPLINE_SURFACE_WITH_KNOTS('',1,1,(
    (#1746,#1747)
    ,(#1748,#1749
    )),.UNSPECIFIED.,.F.,.F.,.F.,(2,2),(2,2),(-1.E-02,0.),(-2.39,0.),
  .PIECEWISE_BEZIER_KNOTS.);
#1746 = CARTESIAN_POINT('',(-5.05,3.,1.00001E-02));
#1747 = CARTESIAN_POINT('',(-2.66,3.,1.00001E-02));
#1748 = CARTESIAN_POINT('',(-5.05,3.,1.000000000029E-07));
#1749 = CARTESIAN_POINT('',(-2.66,3.,1.000000000029E-07));
#1750 = ADVANCED_FACE('',(#1751),#1761,.F.);
#1751 = FACE_BOUND('',#1752,.T.);
#1752 = EDGE_LOOP('',(#1753,#1754,#1759,#1760));
#1753 = ORIENTED_EDGE('',*,*,#1470,.T.);
#1754 = ORIENTED_EDGE('',*,*,#1755,.F.);
#1755 = EDGE_CURVE('',#1706,#1464,#1756,.T.);
#1756 = B_SPLINE_CURVE_WITH_KNOTS('',1,(#1757,#1758),.UNSPECIFIED.,.F.,
  .F.,(2,2),(0.,1.E-02),.PIECEWISE_BEZIER_KNOTS.);
#1757 = CARTESIAN_POINT('',(-2.66,-3.,1.000000000029E-07));
#1758 = CARTESIAN_POINT('',(-2.66,-3.,1.00001E-02));
#1759 = ORIENTED_EDGE('',*,*,#1705,.F.);
#1760 = ORIENTED_EDGE('',*,*,#1739,.T.);
#1761 = B_SPLINE_SURFACE_WITH_KNOTS('',1,1,(
    (#1762,#1763)
    ,(#1764,#1765
    )),.UNSPECIFIED.,.F.,.F.,.F.,(2,2),(2,2),(0.,6.),(0.,1.E-02),
  .PIECEWISE_BEZIER_KNOTS.);
#1762 = CARTESIAN_POINT('',(-2.66,3.,1.000000000029E-07));
#1763 = CARTESIAN_POINT('',(-2.66,3.,1.00001E-02));
#1764 = CARTESIAN_POINT('',(-2.66,-3.,1.000000000029E-07));
#1765 = CARTESIAN_POINT('',(-2.66,-3.,1.00001E-02));
#1766 = ADVANCED_FACE('',(#1767),#1773,.F.);
#1767 = FACE_BOUND('',#1768,.T.);
#1768 = EDGE_LOOP('',(#1769,#1770,#1771,#1772));
#1769 = ORIENTED_EDGE('',*,*,#1463,.T.);
#1770 = ORIENTED_EDGE('',*,*,#1601,.F.);
#1771 = ORIENTED_EDGE('',*,*,#1712,.F.);
#1772 = ORIENTED_EDGE('',*,*,#1755,.T.);
#1773 = B_SPLINE_SURFACE_WITH_KNOTS('',1,1,(
    (#1774,#1775)
    ,(#1776,#1777
    )),.UNSPECIFIED.,.F.,.F.,.F.,(2,2),(2,2),(0.,1.E-02),(-2.39,0.),
  .PIECEWISE_BEZIER_KNOTS.);
#1774 = CARTESIAN_POINT('',(-5.05,-3.,1.000000000029E-07));
#1775 = CARTESIAN_POINT('',(-2.66,-3.,1.000000000029E-07));
#1776 = CARTESIAN_POINT('',(-5.05,-3.,1.00001E-02));
#1777 = CARTESIAN_POINT('',(-2.66,-3.,1.00001E-02));
#1778 = ADVANCED_FACE('',(#1779),#1833,.F.);
#1779 = FACE_BOUND('',#1780,.T.);
#1780 = EDGE_LOOP('',(#1781,#1782,#1789,#1796,#1803,#1810,#1817,#1824,
    #1829,#1830,#1831,#1832));
#1781 = ORIENTED_EDGE('',*,*,#1442,.T.);
#1782 = ORIENTED_EDGE('',*,*,#1783,.F.);
#1783 = EDGE_CURVE('',#1784,#1436,#1786,.T.);
#1784 = VERTEX_POINT('',#1785);
#1785 = CARTESIAN_POINT('',(5.05,-3.,1.000000000029E-07));
#1786 = B_SPLINE_CURVE_WITH_KNOTS('',1,(#1787,#1788),.UNSPECIFIED.,.F.,
  .F.,(2,2),(0.,1.E-02),.PIECEWISE_BEZIER_KNOTS.);
#1787 = CARTESIAN_POINT('',(5.05,-3.,1.000000000029E-07));
#1788 = CARTESIAN_POINT('',(5.05,-3.,1.00001E-02));
#1789 = ORIENTED_EDGE('',*,*,#1790,.F.);
#1790 = EDGE_CURVE('',#1791,#1784,#1793,.T.);
#1791 = VERTEX_POINT('',#1792);
#1792 = CARTESIAN_POINT('',(5.05,-3.31,1.000000000029E-07));
#1793 = B_SPLINE_CURVE_WITH_KNOTS('',1,(#1794,#1795),.UNSPECIFIED.,.F.,
  .F.,(2,2),(-6.62,-6.31),.PIECEWISE_BEZIER_KNOTS.);
#1794 = CARTESIAN_POINT('',(5.05,-3.31,1.000000000029E-07));
#1795 = CARTESIAN_POINT('',(5.05,-3.,1.000000000029E-07));
#1796 = ORIENTED_EDGE('',*,*,#1797,.T.);
#1797 = EDGE_CURVE('',#1791,#1798,#1800,.T.);
#1798 = VERTEX_POINT('',#1799);
#1799 = CARTESIAN_POINT('',(5.05,-3.31,0.7700001));
#1800 = B_SPLINE_CURVE_WITH_KNOTS('',1,(#1801,#1802),.UNSPECIFIED.,.F.,
  .F.,(2,2),(0.,0.77),.PIECEWISE_BEZIER_KNOTS.);
#1801 = CARTESIAN_POINT('',(5.05,-3.31,1.000000000029E-07));
#1802 = CARTESIAN_POINT('',(5.05,-3.31,0.7700001));
#1803 = ORIENTED_EDGE('',*,*,#1804,.T.);
#1804 = EDGE_CURVE('',#1798,#1805,#1807,.T.);
#1805 = VERTEX_POINT('',#1806);
#1806 = CARTESIAN_POINT('',(5.05,3.31,0.7700001));
#1807 = B_SPLINE_CURVE_WITH_KNOTS('',1,(#1808,#1809),.UNSPECIFIED.,.F.,
  .F.,(2,2),(-6.62,0.),.PIECEWISE_BEZIER_KNOTS.);
#1808 = CARTESIAN_POINT('',(5.05,-3.31,0.7700001));
#1809 = CARTESIAN_POINT('',(5.05,3.31,0.7700001));
#1810 = ORIENTED_EDGE('',*,*,#1811,.F.);
#1811 = EDGE_CURVE('',#1812,#1805,#1814,.T.);
#1812 = VERTEX_POINT('',#1813);
#1813 = CARTESIAN_POINT('',(5.05,3.31,1.000000000029E-07));
#1814 = B_SPLINE_CURVE_WITH_KNOTS('',1,(#1815,#1816),.UNSPECIFIED.,.F.,
  .F.,(2,2),(0.,0.77),.PIECEWISE_BEZIER_KNOTS.);
#1815 = CARTESIAN_POINT('',(5.05,3.31,1.000000000029E-07));
#1816 = CARTESIAN_POINT('',(5.05,3.31,0.7700001));
#1817 = ORIENTED_EDGE('',*,*,#1818,.F.);
#1818 = EDGE_CURVE('',#1819,#1812,#1821,.T.);
#1819 = VERTEX_POINT('',#1820);
#1820 = CARTESIAN_POINT('',(5.05,3.,1.000000000029E-07));
#1821 = B_SPLINE_CURVE_WITH_KNOTS('',1,(#1822,#1823),.UNSPECIFIED.,.F.,
  .F.,(2,2),(-0.31,0.),.PIECEWISE_BEZIER_KNOTS.);
#1822 = CARTESIAN_POINT('',(5.05,3.,1.000000000029E-07));
#1823 = CARTESIAN_POINT('',(5.05,3.31,1.000000000029E-07));
#1824 = ORIENTED_EDGE('',*,*,#1825,.T.);
#1825 = EDGE_CURVE('',#1819,#1499,#1826,.T.);
#1826 = B_SPLINE_CURVE_WITH_KNOTS('',1,(#1827,#1828),.UNSPECIFIED.,.F.,
  .F.,(2,2),(0.,1.E-02),.PIECEWISE_BEZIER_KNOTS.);
#1827 = CARTESIAN_POINT('',(5.05,3.,1.000000000029E-07));
#1828 = CARTESIAN_POINT('',(5.05,3.,1.00001E-02));
#1829 = ORIENTED_EDGE('',*,*,#1498,.T.);
#1830 = ORIENTED_EDGE('',*,*,#1518,.T.);
#1831 = ORIENTED_EDGE('',*,*,#653,.F.);
#1832 = ORIENTED_EDGE('',*,*,#1538,.T.);
#1833 = B_SPLINE_SURFACE_WITH_KNOTS('',1,1,(
    (#1834,#1835)
    ,(#1836,#1837
    )),.UNSPECIFIED.,.F.,.F.,.F.,(2,2),(2,2),(-6.62,0.),(0.,0.77),
  .PIECEWISE_BEZIER_KNOTS.);
#1834 = CARTESIAN_POINT('',(5.05,-3.31,1.000000000029E-07));
#1835 = CARTESIAN_POINT('',(5.05,-3.31,0.7700001));
#1836 = CARTESIAN_POINT('',(5.05,3.31,1.000000000029E-07));
#1837 = CARTESIAN_POINT('',(5.05,3.31,0.7700001));
#1838 = ADVANCED_FACE('',(#1839),#1861,.F.);
#1839 = FACE_BOUND('',#1840,.T.);
#1840 = EDGE_LOOP('',(#1841,#1850,#1855,#1856));
#1841 = ORIENTED_EDGE('',*,*,#1842,.T.);
#1842 = EDGE_CURVE('',#1843,#1845,#1847,.T.);
#1843 = VERTEX_POINT('',#1844);
#1844 = CARTESIAN_POINT('',(5.66,-3.31,1.000000000029E-07));
#1845 = VERTEX_POINT('',#1846);
#1846 = CARTESIAN_POINT('',(5.66,-3.31,0.7700001));
#1847 = B_SPLINE_CURVE_WITH_KNOTS('',1,(#1848,#1849),.UNSPECIFIED.,.F.,
  .F.,(2,2),(0.,0.77),.PIECEWISE_BEZIER_KNOTS.);
#1848 = CARTESIAN_POINT('',(5.66,-3.31,1.000000000029E-07));
#1849 = CARTESIAN_POINT('',(5.66,-3.31,0.7700001));
#1850 = ORIENTED_EDGE('',*,*,#1851,.T.);
#1851 = EDGE_CURVE('',#1845,#1798,#1852,.T.);
#1852 = B_SPLINE_CURVE_WITH_KNOTS('',1,(#1853,#1854),.UNSPECIFIED.,.F.,
  .F.,(2,2),(0.,0.61),.PIECEWISE_BEZIER_KNOTS.);
#1853 = CARTESIAN_POINT('',(5.66,-3.31,0.7700001));
#1854 = CARTESIAN_POINT('',(5.05,-3.31,0.7700001));
#1855 = ORIENTED_EDGE('',*,*,#1797,.F.);
#1856 = ORIENTED_EDGE('',*,*,#1857,.F.);
#1857 = EDGE_CURVE('',#1843,#1791,#1858,.T.);
#1858 = B_SPLINE_CURVE_WITH_KNOTS('',1,(#1859,#1860),.UNSPECIFIED.,.F.,
  .F.,(2,2),(0.,0.61),.PIECEWISE_BEZIER_KNOTS.);
#1859 = CARTESIAN_POINT('',(5.66,-3.31,1.000000000029E-07));
#1860 = CARTESIAN_POINT('',(5.05,-3.31,1.000000000029E-07));
#1861 = B_SPLINE_SURFACE_WITH_KNOTS('',1,1,(
    (#1862,#1863)
    ,(#1864,#1865
    )),.UNSPECIFIED.,.F.,.F.,.F.,(2,2),(2,2),(0.,0.77),(-0.61,0.),
  .PIECEWISE_BEZIER_KNOTS.);
#1862 = CARTESIAN_POINT('',(5.05,-3.31,1.000000000029E-07));
#1863 = CARTESIAN_POINT('',(5.66,-3.31,1.000000000029E-07));
#1864 = CARTESIAN_POINT('',(5.05,-3.31,0.7700001));
#1865 = CARTESIAN_POINT('',(5.66,-3.31,0.7700001));
#1866 = ADVANCED_FACE('',(#1867),#1889,.F.);
#1867 = FACE_BOUND('',#1868,.T.);
#1868 = EDGE_LOOP('',(#1869,#1870,#1877,#1884));
#1869 = ORIENTED_EDGE('',*,*,#1811,.T.);
#1870 = ORIENTED_EDGE('',*,*,#1871,.T.);
#1871 = EDGE_CURVE('',#1805,#1872,#1874,.T.);
#1872 = VERTEX_POINT('',#1873);
#1873 = CARTESIAN_POINT('',(5.66,3.31,0.7700001));
#1874 = B_SPLINE_CURVE_WITH_KNOTS('',1,(#1875,#1876),.UNSPECIFIED.,.F.,
  .F.,(2,2),(0.,0.61),.PIECEWISE_BEZIER_KNOTS.);
#1875 = CARTESIAN_POINT('',(5.05,3.31,0.7700001));
#1876 = CARTESIAN_POINT('',(5.66,3.31,0.7700001));
#1877 = ORIENTED_EDGE('',*,*,#1878,.F.);
#1878 = EDGE_CURVE('',#1879,#1872,#1881,.T.);
#1879 = VERTEX_POINT('',#1880);
#1880 = CARTESIAN_POINT('',(5.66,3.31,1.000000000029E-07));
#1881 = B_SPLINE_CURVE_WITH_KNOTS('',1,(#1882,#1883),.UNSPECIFIED.,.F.,
  .F.,(2,2),(0.,0.77),.PIECEWISE_BEZIER_KNOTS.);
#1882 = CARTESIAN_POINT('',(5.66,3.31,1.000000000029E-07));
#1883 = CARTESIAN_POINT('',(5.66,3.31,0.7700001));
#1884 = ORIENTED_EDGE('',*,*,#1885,.F.);
#1885 = EDGE_CURVE('',#1812,#1879,#1886,.T.);
#1886 = B_SPLINE_CURVE_WITH_KNOTS('',1,(#1887,#1888),.UNSPECIFIED.,.F.,
  .F.,(2,2),(0.,0.61),.PIECEWISE_BEZIER_KNOTS.);
#1887 = CARTESIAN_POINT('',(5.05,3.31,1.000000000029E-07));
#1888 = CARTESIAN_POINT('',(5.66,3.31,1.000000000029E-07));
#1889 = B_SPLINE_SURFACE_WITH_KNOTS('',1,1,(
    (#1890,#1891)
    ,(#1892,#1893
    )),.UNSPECIFIED.,.F.,.F.,.F.,(2,2),(2,2),(-0.77,0.),(0.,0.61),
  .PIECEWISE_BEZIER_KNOTS.);
#1890 = CARTESIAN_POINT('',(5.05,3.31,0.7700001));
#1891 = CARTESIAN_POINT('',(5.66,3.31,0.7700001));
#1892 = CARTESIAN_POINT('',(5.05,3.31,1.000000000029E-07));
#1893 = CARTESIAN_POINT('',(5.66,3.31,1.000000000029E-07));
#1894 = ADVANCED_FACE('',(#1895),#1909,.F.);
#1895 = FACE_BOUND('',#1896,.T.);
#1896 = EDGE_LOOP('',(#1897,#1898,#1903,#1904));
#1897 = ORIENTED_EDGE('',*,*,#1878,.T.);
#1898 = ORIENTED_EDGE('',*,*,#1899,.T.);
#1899 = EDGE_CURVE('',#1872,#1845,#1900,.T.);
#1900 = B_SPLINE_CURVE_WITH_KNOTS('',1,(#1901,#1902),.UNSPECIFIED.,.F.,
  .F.,(2,2),(0.,6.62),.PIECEWISE_BEZIER_KNOTS.);
#1901 = CARTESIAN_POINT('',(5.66,3.31,0.7700001));
#1902 = CARTESIAN_POINT('',(5.66,-3.31,0.7700001));
#1903 = ORIENTED_EDGE('',*,*,#1842,.F.);
#1904 = ORIENTED_EDGE('',*,*,#1905,.F.);
#1905 = EDGE_CURVE('',#1879,#1843,#1906,.T.);
#1906 = B_SPLINE_CURVE_WITH_KNOTS('',1,(#1907,#1908),.UNSPECIFIED.,.F.,
  .F.,(2,2),(0.,6.62),.PIECEWISE_BEZIER_KNOTS.);
#1907 = CARTESIAN_POINT('',(5.66,3.31,1.000000000029E-07));
#1908 = CARTESIAN_POINT('',(5.66,-3.31,1.000000000029E-07));
#1909 = B_SPLINE_SURFACE_WITH_KNOTS('',1,1,(
    (#1910,#1911)
    ,(#1912,#1913
    )),.UNSPECIFIED.,.F.,.F.,.F.,(2,2),(2,2),(0.,6.62),(0.,0.77),
  .PIECEWISE_BEZIER_KNOTS.);
#1910 = CARTESIAN_POINT('',(5.66,3.31,1.000000000029E-07));
#1911 = CARTESIAN_POINT('',(5.66,3.31,0.7700001));
#1912 = CARTESIAN_POINT('',(5.66,-3.31,1.000000000029E-07));
#1913 = CARTESIAN_POINT('',(5.66,-3.31,0.7700001));
#1914 = ADVANCED_FACE('',(#1915),#1941,.T.);
#1915 = FACE_BOUND('',#1916,.T.);
#1916 = EDGE_LOOP('',(#1917,#1918,#1919,#1926,#1933,#1938,#1939,#1940));
#1917 = ORIENTED_EDGE('',*,*,#1857,.T.);
#1918 = ORIENTED_EDGE('',*,*,#1790,.T.);
#1919 = ORIENTED_EDGE('',*,*,#1920,.F.);
#1920 = EDGE_CURVE('',#1921,#1784,#1923,.T.);
#1921 = VERTEX_POINT('',#1922);
#1922 = CARTESIAN_POINT('',(2.66,-3.,1.000000000029E-07));
#1923 = B_SPLINE_CURVE_WITH_KNOTS('',1,(#1924,#1925),.UNSPECIFIED.,.F.,
  .F.,(2,2),(0.,2.39),.PIECEWISE_BEZIER_KNOTS.);
#1924 = CARTESIAN_POINT('',(2.66,-3.,1.000000000029E-07));
#1925 = CARTESIAN_POINT('',(5.05,-3.,1.000000000029E-07));
#1926 = ORIENTED_EDGE('',*,*,#1927,.F.);
#1927 = EDGE_CURVE('',#1928,#1921,#1930,.T.);
#1928 = VERTEX_POINT('',#1929);
#1929 = CARTESIAN_POINT('',(2.66,3.,1.000000000029E-07));
#1930 = B_SPLINE_CURVE_WITH_KNOTS('',1,(#1931,#1932),.UNSPECIFIED.,.F.,
  .F.,(2,2),(0.,6.),.PIECEWISE_BEZIER_KNOTS.);
#1931 = CARTESIAN_POINT('',(2.66,3.,1.000000000029E-07));
#1932 = CARTESIAN_POINT('',(2.66,-3.,1.000000000029E-07));
#1933 = ORIENTED_EDGE('',*,*,#1934,.F.);
#1934 = EDGE_CURVE('',#1819,#1928,#1935,.T.);
#1935 = B_SPLINE_CURVE_WITH_KNOTS('',1,(#1936,#1937),.UNSPECIFIED.,.F.,
  .F.,(2,2),(-2.39,0.),.PIECEWISE_BEZIER_KNOTS.);
#1936 = CARTESIAN_POINT('',(5.05,3.,1.000000000029E-07));
#1937 = CARTESIAN_POINT('',(2.66,3.,1.000000000029E-07));
#1938 = ORIENTED_EDGE('',*,*,#1818,.T.);
#1939 = ORIENTED_EDGE('',*,*,#1885,.T.);
#1940 = ORIENTED_EDGE('',*,*,#1905,.T.);
#1941 = B_SPLINE_SURFACE_WITH_KNOTS('',1,1,(
    (#1942,#1943)
    ,(#1944,#1945
    )),.UNSPECIFIED.,.F.,.F.,.F.,(2,2),(2,2),(2.66,5.66),(-3.31,3.31),
  .PIECEWISE_BEZIER_KNOTS.);
#1942 = CARTESIAN_POINT('',(2.66,3.31,1.000000000029E-07));
#1943 = CARTESIAN_POINT('',(2.66,-3.31,1.000000000029E-07));
#1944 = CARTESIAN_POINT('',(5.66,3.31,1.000000000029E-07));
#1945 = CARTESIAN_POINT('',(5.66,-3.31,1.000000000029E-07));
#1946 = ADVANCED_FACE('',(#1947),#1953,.F.);
#1947 = FACE_BOUND('',#1948,.T.);
#1948 = EDGE_LOOP('',(#1949,#1950,#1951,#1952));
#1949 = ORIENTED_EDGE('',*,*,#1851,.F.);
#1950 = ORIENTED_EDGE('',*,*,#1899,.F.);
#1951 = ORIENTED_EDGE('',*,*,#1871,.F.);
#1952 = ORIENTED_EDGE('',*,*,#1804,.F.);
#1953 = B_SPLINE_SURFACE_WITH_KNOTS('',1,1,(
    (#1954,#1955)
    ,(#1956,#1957
    )),.UNSPECIFIED.,.F.,.F.,.F.,(2,2),(2,2),(5.05,5.66),(-3.31,3.31),
  .PIECEWISE_BEZIER_KNOTS.);
#1954 = CARTESIAN_POINT('',(5.05,3.31,0.7700001));
#1955 = CARTESIAN_POINT('',(5.05,-3.31,0.7700001));
#1956 = CARTESIAN_POINT('',(5.66,3.31,0.7700001));
#1957 = CARTESIAN_POINT('',(5.66,-3.31,0.7700001));
#1958 = ADVANCED_FACE('',(#1959),#1969,.T.);
#1959 = FACE_BOUND('',#1960,.T.);
#1960 = EDGE_LOOP('',(#1961,#1962,#1967,#1968));
#1961 = ORIENTED_EDGE('',*,*,#1435,.F.);
#1962 = ORIENTED_EDGE('',*,*,#1963,.F.);
#1963 = EDGE_CURVE('',#1921,#1429,#1964,.T.);
#1964 = B_SPLINE_CURVE_WITH_KNOTS('',1,(#1965,#1966),.UNSPECIFIED.,.F.,
  .F.,(2,2),(0.,1.E-02),.PIECEWISE_BEZIER_KNOTS.);
#1965 = CARTESIAN_POINT('',(2.66,-3.,1.000000000029E-07));
#1966 = CARTESIAN_POINT('',(2.66,-3.,1.00001E-02));
#1967 = ORIENTED_EDGE('',*,*,#1920,.T.);
#1968 = ORIENTED_EDGE('',*,*,#1783,.T.);
#1969 = B_SPLINE_SURFACE_WITH_KNOTS('',1,1,(
    (#1970,#1971)
    ,(#1972,#1973
    )),.UNSPECIFIED.,.F.,.F.,.F.,(2,2),(2,2),(-1.E-02,0.),(0.,2.39),
  .PIECEWISE_BEZIER_KNOTS.);
#1970 = CARTESIAN_POINT('',(2.66,-3.,1.00001E-02));
#1971 = CARTESIAN_POINT('',(5.05,-3.,1.00001E-02));
#1972 = CARTESIAN_POINT('',(2.66,-3.,1.000000000029E-07));
#1973 = CARTESIAN_POINT('',(5.05,-3.,1.000000000029E-07));
#1974 = ADVANCED_FACE('',(#1975),#1985,.T.);
#1975 = FACE_BOUND('',#1976,.T.);
#1976 = EDGE_LOOP('',(#1977,#1978,#1983,#1984));
#1977 = ORIENTED_EDGE('',*,*,#1426,.F.);
#1978 = ORIENTED_EDGE('',*,*,#1979,.F.);
#1979 = EDGE_CURVE('',#1928,#1427,#1980,.T.);
#1980 = B_SPLINE_CURVE_WITH_KNOTS('',1,(#1981,#1982),.UNSPECIFIED.,.F.,
  .F.,(2,2),(0.,1.E-02),.PIECEWISE_BEZIER_KNOTS.);
#1981 = CARTESIAN_POINT('',(2.66,3.,1.000000000029E-07));
#1982 = CARTESIAN_POINT('',(2.66,3.,1.00001E-02));
#1983 = ORIENTED_EDGE('',*,*,#1927,.T.);
#1984 = ORIENTED_EDGE('',*,*,#1963,.T.);
#1985 = B_SPLINE_SURFACE_WITH_KNOTS('',1,1,(
    (#1986,#1987)
    ,(#1988,#1989
    )),.UNSPECIFIED.,.F.,.F.,.F.,(2,2),(2,2),(0.,6.),(0.,1.E-02),
  .PIECEWISE_BEZIER_KNOTS.);
#1986 = CARTESIAN_POINT('',(2.66,3.,1.000000000029E-07));
#1987 = CARTESIAN_POINT('',(2.66,3.,1.00001E-02));
#1988 = CARTESIAN_POINT('',(2.66,-3.,1.000000000029E-07));
#1989 = CARTESIAN_POINT('',(2.66,-3.,1.00001E-02));
#1990 = ADVANCED_FACE('',(#1991),#1997,.T.);
#1991 = FACE_BOUND('',#1992,.T.);
#1992 = EDGE_LOOP('',(#1993,#1994,#1995,#1996));
#1993 = ORIENTED_EDGE('',*,*,#1505,.F.);
#1994 = ORIENTED_EDGE('',*,*,#1825,.F.);
#1995 = ORIENTED_EDGE('',*,*,#1934,.T.);
#1996 = ORIENTED_EDGE('',*,*,#1979,.T.);
#1997 = B_SPLINE_SURFACE_WITH_KNOTS('',1,1,(
    (#1998,#1999)
    ,(#2000,#2001
    )),.UNSPECIFIED.,.F.,.F.,.F.,(2,2),(2,2),(0.,1.E-02),(0.,2.39),
  .PIECEWISE_BEZIER_KNOTS.);
#1998 = CARTESIAN_POINT('',(2.66,3.,1.000000000029E-07));
#1999 = CARTESIAN_POINT('',(5.05,3.,1.000000000029E-07));
#2000 = CARTESIAN_POINT('',(2.66,3.,1.00001E-02));
#2001 = CARTESIAN_POINT('',(5.05,3.,1.00001E-02));
#2002 = ADVANCED_FACE('',(#2003),#2025,.F.);
#2003 = FACE_BOUND('',#2004,.T.);
#2004 = EDGE_LOOP('',(#2005,#2006,#2013,#2020));
#2005 = ORIENTED_EDGE('',*,*,#683,.T.);
#2006 = ORIENTED_EDGE('',*,*,#2007,.F.);
#2007 = EDGE_CURVE('',#2008,#675,#2010,.T.);
#2008 = VERTEX_POINT('',#2009);
#2009 = CARTESIAN_POINT('',(-3.018763311312,-2.000587759251,0.7610001));
#2010 = B_SPLINE_CURVE_WITH_KNOTS('',1,(#2011,#2012),.UNSPECIFIED.,.F.,
  .F.,(2,2),(-0.,1.E-03),.PIECEWISE_BEZIER_KNOTS.);
#2011 = CARTESIAN_POINT('',(-3.018763311312,-2.000587759251,0.7610001));
#2012 = CARTESIAN_POINT('',(-3.018763311312,-2.000587759251,0.7600001));
#2013 = ORIENTED_EDGE('',*,*,#2014,.F.);
#2014 = EDGE_CURVE('',#2015,#2008,#2017,.T.);
#2015 = VERTEX_POINT('',#2016);
#2016 = CARTESIAN_POINT('',(-3.018763311312,-2.023774360785,0.7610001));
#2017 = B_SPLINE_CURVE_WITH_KNOTS('',1,(#2018,#2019),.UNSPECIFIED.,.F.,
  .F.,(2,2),(-2.318660153378E-02,0.),.PIECEWISE_BEZIER_KNOTS.);
#2018 = CARTESIAN_POINT('',(-3.018763311312,-2.023774360785,0.7610001));
#2019 = CARTESIAN_POINT('',(-3.018763311312,-2.000587759251,0.7610001));
#2020 = ORIENTED_EDGE('',*,*,#2021,.T.);
#2021 = EDGE_CURVE('',#2015,#684,#2022,.T.);
#2022 = B_SPLINE_CURVE_WITH_KNOTS('',1,(#2023,#2024),.UNSPECIFIED.,.F.,
  .F.,(2,2),(-0.,1.E-03),.PIECEWISE_BEZIER_KNOTS.);
#2023 = CARTESIAN_POINT('',(-3.018763311312,-2.023774360785,0.7610001));
#2024 = CARTESIAN_POINT('',(-3.018763311312,-2.023774360785,0.7600001));
#2025 = B_SPLINE_SURFACE_WITH_KNOTS('',1,1,(
    (#2026,#2027)
    ,(#2028,#2029)),.UNSPECIFIED.,.F.,.F.,.F.,(2,2),(2,2),(-1.E-03,0.),(
    -2.318660153378E-02,0.),.PIECEWISE_BEZIER_KNOTS.);
#2026 = CARTESIAN_POINT('',(-3.018763311312,-2.023774360785,0.7600001));
#2027 = CARTESIAN_POINT('',(-3.018763311312,-2.000587759251,0.7600001));
#2028 = CARTESIAN_POINT('',(-3.018763311312,-2.023774360785,0.7610001));
#2029 = CARTESIAN_POINT('',(-3.018763311312,-2.000587759251,0.7610001));
#2030 = ADVANCED_FACE('',(#2031),#2047,.F.);
#2031 = FACE_BOUND('',#2032,.T.);
#2032 = EDGE_LOOP('',(#2033,#2034,#2041,#2046));
#2033 = ORIENTED_EDGE('',*,*,#674,.T.);
#2034 = ORIENTED_EDGE('',*,*,#2035,.F.);
#2035 = EDGE_CURVE('',#2036,#677,#2038,.T.);
#2036 = VERTEX_POINT('',#2037);
#2037 = CARTESIAN_POINT('',(-3.099760452994,-2.000587759251,0.7610001));
#2038 = B_SPLINE_CURVE_WITH_KNOTS('',1,(#2039,#2040),.UNSPECIFIED.,.F.,
  .F.,(2,2),(-0.,1.E-03),.PIECEWISE_BEZIER_KNOTS.);
#2039 = CARTESIAN_POINT('',(-3.099760452994,-2.000587759251,0.7610001));
#2040 = CARTESIAN_POINT('',(-3.099760452994,-2.000587759251,0.7600001));
#2041 = ORIENTED_EDGE('',*,*,#2042,.F.);
#2042 = EDGE_CURVE('',#2008,#2036,#2043,.T.);
#2043 = B_SPLINE_CURVE_WITH_KNOTS('',1,(#2044,#2045),.UNSPECIFIED.,.F.,
  .F.,(2,2),(-8.099714168166E-02,-0.),.PIECEWISE_BEZIER_KNOTS.);
#2044 = CARTESIAN_POINT('',(-3.018763311312,-2.000587759251,0.7610001));
#2045 = CARTESIAN_POINT('',(-3.099760452994,-2.000587759251,0.7610001));
#2046 = ORIENTED_EDGE('',*,*,#2007,.T.);
#2047 = B_SPLINE_SURFACE_WITH_KNOTS('',1,1,(
    (#2048,#2049)
    ,(#2050,#2051
    )),.UNSPECIFIED.,.F.,.F.,.F.,(2,2),(2,2),(0.,1.E-03),(0.,
    8.099714168166E-02),.PIECEWISE_BEZIER_KNOTS.);
#2048 = CARTESIAN_POINT('',(-3.099760452994,-2.000587759251,0.7610001));
#2049 = CARTESIAN_POINT('',(-3.018763311312,-2.000587759251,0.7610001));
#2050 = CARTESIAN_POINT('',(-3.099760452994,-2.000587759251,0.7600001));
#2051 = CARTESIAN_POINT('',(-3.018763311312,-2.000587759251,0.7600001));
#2052 = ADVANCED_FACE('',(#2053),#2069,.F.);
#2053 = FACE_BOUND('',#2054,.T.);
#2054 = EDGE_LOOP('',(#2055,#2056,#2063,#2068));
#2055 = ORIENTED_EDGE('',*,*,#711,.T.);
#2056 = ORIENTED_EDGE('',*,*,#2057,.F.);
#2057 = EDGE_CURVE('',#2058,#705,#2060,.T.);
#2058 = VERTEX_POINT('',#2059);
#2059 = CARTESIAN_POINT('',(-3.099760452994,-1.820397712354,0.7610001));
#2060 = B_SPLINE_CURVE_WITH_KNOTS('',1,(#2061,#2062),.UNSPECIFIED.,.F.,
  .F.,(2,2),(-0.,1.E-03),.PIECEWISE_BEZIER_KNOTS.);
#2061 = CARTESIAN_POINT('',(-3.099760452994,-1.820397712354,0.7610001));
#2062 = CARTESIAN_POINT('',(-3.099760452994,-1.820397712354,0.7600001));
#2063 = ORIENTED_EDGE('',*,*,#2064,.F.);
#2064 = EDGE_CURVE('',#2036,#2058,#2065,.T.);
#2065 = B_SPLINE_CURVE_WITH_KNOTS('',1,(#2066,#2067),.UNSPECIFIED.,.F.,
  .F.,(2,2),(-0.180190046898,0.),.PIECEWISE_BEZIER_KNOTS.);
#2066 = CARTESIAN_POINT('',(-3.099760452994,-2.000587759251,0.7610001));
#2067 = CARTESIAN_POINT('',(-3.099760452994,-1.820397712354,0.7610001));
#2068 = ORIENTED_EDGE('',*,*,#2035,.T.);
#2069 = B_SPLINE_SURFACE_WITH_KNOTS('',1,1,(
    (#2070,#2071)
    ,(#2072,#2073
    )),.UNSPECIFIED.,.F.,.F.,.F.,(2,2),(2,2),(-1.E-03,0.),(
    -0.180190046898,0.),.PIECEWISE_BEZIER_KNOTS.);
#2070 = CARTESIAN_POINT('',(-3.099760452994,-2.000587759251,0.7600001));
#2071 = CARTESIAN_POINT('',(-3.099760452994,-1.820397712354,0.7600001));
#2072 = CARTESIAN_POINT('',(-3.099760452994,-2.000587759251,0.7610001));
#2073 = CARTESIAN_POINT('',(-3.099760452994,-1.820397712354,0.7610001));
#2074 = ADVANCED_FACE('',(#2075),#2091,.F.);
#2075 = FACE_BOUND('',#2076,.T.);
#2076 = EDGE_LOOP('',(#2077,#2078,#2085,#2090));
#2077 = ORIENTED_EDGE('',*,*,#704,.T.);
#2078 = ORIENTED_EDGE('',*,*,#2079,.F.);
#2079 = EDGE_CURVE('',#2080,#698,#2082,.T.);
#2080 = VERTEX_POINT('',#2081);
#2081 = CARTESIAN_POINT('',(-3.126014340381,-1.820397712354,0.7610001));
#2082 = B_SPLINE_CURVE_WITH_KNOTS('',1,(#2083,#2084),.UNSPECIFIED.,.F.,
  .F.,(2,2),(-0.,1.E-03),.PIECEWISE_BEZIER_KNOTS.);
#2083 = CARTESIAN_POINT('',(-3.126014340381,-1.820397712354,0.7610001));
#2084 = CARTESIAN_POINT('',(-3.126014340381,-1.820397712354,0.7600001));
#2085 = ORIENTED_EDGE('',*,*,#2086,.F.);
#2086 = EDGE_CURVE('',#2058,#2080,#2087,.T.);
#2087 = B_SPLINE_CURVE_WITH_KNOTS('',1,(#2088,#2089),.UNSPECIFIED.,.F.,
  .F.,(2,2),(-2.625388738689E-02,-0.),.PIECEWISE_BEZIER_KNOTS.);
#2088 = CARTESIAN_POINT('',(-3.099760452994,-1.820397712354,0.7610001));
#2089 = CARTESIAN_POINT('',(-3.126014340381,-1.820397712354,0.7610001));
#2090 = ORIENTED_EDGE('',*,*,#2057,.T.);
#2091 = B_SPLINE_SURFACE_WITH_KNOTS('',1,1,(
    (#2092,#2093)
    ,(#2094,#2095
    )),.UNSPECIFIED.,.F.,.F.,.F.,(2,2),(2,2),(0.,1.E-03),(0.,
    2.625388738689E-02),.PIECEWISE_BEZIER_KNOTS.);
#2092 = CARTESIAN_POINT('',(-3.126014340381,-1.820397712354,0.7610001));
#2093 = CARTESIAN_POINT('',(-3.099760452994,-1.820397712354,0.7610001));
#2094 = CARTESIAN_POINT('',(-3.126014340381,-1.820397712354,0.7600001));
#2095 = CARTESIAN_POINT('',(-3.099760452994,-1.820397712354,0.7600001));
#2096 = ADVANCED_FACE('',(#2097),#2113,.F.);
#2097 = FACE_BOUND('',#2098,.T.);
#2098 = EDGE_LOOP('',(#2099,#2100,#2107,#2112));
#2099 = ORIENTED_EDGE('',*,*,#697,.T.);
#2100 = ORIENTED_EDGE('',*,*,#2101,.F.);
#2101 = EDGE_CURVE('',#2102,#691,#2104,.T.);
#2102 = VERTEX_POINT('',#2103);
#2103 = CARTESIAN_POINT('',(-3.126014340381,-2.023774360785,0.7610001));
#2104 = B_SPLINE_CURVE_WITH_KNOTS('',1,(#2105,#2106),.UNSPECIFIED.,.F.,
  .F.,(2,2),(-0.,1.E-03),.PIECEWISE_BEZIER_KNOTS.);
#2105 = CARTESIAN_POINT('',(-3.126014340381,-2.023774360785,0.7610001));
#2106 = CARTESIAN_POINT('',(-3.126014340381,-2.023774360785,0.7600001));
#2107 = ORIENTED_EDGE('',*,*,#2108,.F.);
#2108 = EDGE_CURVE('',#2080,#2102,#2109,.T.);
#2109 = B_SPLINE_CURVE_WITH_KNOTS('',1,(#2110,#2111),.UNSPECIFIED.,.F.,
  .F.,(2,2),(-0.203376648431,-0.),.PIECEWISE_BEZIER_KNOTS.);
#2110 = CARTESIAN_POINT('',(-3.126014340381,-1.820397712354,0.7610001));
#2111 = CARTESIAN_POINT('',(-3.126014340381,-2.023774360785,0.7610001));
#2112 = ORIENTED_EDGE('',*,*,#2079,.T.);
#2113 = B_SPLINE_SURFACE_WITH_KNOTS('',1,1,(
    (#2114,#2115)
    ,(#2116,#2117
    )),.UNSPECIFIED.,.F.,.F.,.F.,(2,2),(2,2),(0.,1.E-03),(0.,
    0.203376648431),.PIECEWISE_BEZIER_KNOTS.);
#2114 = CARTESIAN_POINT('',(-3.126014340381,-2.023774360785,0.7610001));
#2115 = CARTESIAN_POINT('',(-3.126014340381,-1.820397712354,0.7610001));
#2116 = CARTESIAN_POINT('',(-3.126014340381,-2.023774360785,0.7600001));
#2117 = CARTESIAN_POINT('',(-3.126014340381,-1.820397712354,0.7600001));
#2118 = ADVANCED_FACE('',(#2119),#2129,.F.);
#2119 = FACE_BOUND('',#2120,.T.);
#2120 = EDGE_LOOP('',(#2121,#2122,#2123,#2128));
#2121 = ORIENTED_EDGE('',*,*,#690,.T.);
#2122 = ORIENTED_EDGE('',*,*,#2021,.F.);
#2123 = ORIENTED_EDGE('',*,*,#2124,.F.);
#2124 = EDGE_CURVE('',#2102,#2015,#2125,.T.);
#2125 = B_SPLINE_CURVE_WITH_KNOTS('',1,(#2126,#2127),.UNSPECIFIED.,.F.,
  .F.,(2,2),(-0.107251029069,0.),.PIECEWISE_BEZIER_KNOTS.);
#2126 = CARTESIAN_POINT('',(-3.126014340381,-2.023774360785,0.7610001));
#2127 = CARTESIAN_POINT('',(-3.018763311312,-2.023774360785,0.7610001));
#2128 = ORIENTED_EDGE('',*,*,#2101,.T.);
#2129 = B_SPLINE_SURFACE_WITH_KNOTS('',1,1,(
    (#2130,#2131)
    ,(#2132,#2133
    )),.UNSPECIFIED.,.F.,.F.,.F.,(2,2),(2,2),(-1.E-03,0.),(
    -0.107251029069,0.),.PIECEWISE_BEZIER_KNOTS.);
#2130 = CARTESIAN_POINT('',(-3.126014340381,-2.023774360785,0.7600001));
#2131 = CARTESIAN_POINT('',(-3.018763311312,-2.023774360785,0.7600001));
#2132 = CARTESIAN_POINT('',(-3.126014340381,-2.023774360785,0.7610001));
#2133 = CARTESIAN_POINT('',(-3.018763311312,-2.023774360785,0.7610001));
#2134 = ADVANCED_FACE('',(#2135),#2143,.F.);
#2135 = FACE_BOUND('',#2136,.T.);
#2136 = EDGE_LOOP('',(#2137,#2138,#2139,#2140,#2141,#2142));
#2137 = ORIENTED_EDGE('',*,*,#2014,.T.);
#2138 = ORIENTED_EDGE('',*,*,#2042,.T.);
#2139 = ORIENTED_EDGE('',*,*,#2064,.T.);
#2140 = ORIENTED_EDGE('',*,*,#2086,.T.);
#2141 = ORIENTED_EDGE('',*,*,#2108,.T.);
#2142 = ORIENTED_EDGE('',*,*,#2124,.T.);
#2143 = B_SPLINE_SURFACE_WITH_KNOTS('',1,1,(
    (#2144,#2145)
    ,(#2146,#2147
    )),.UNSPECIFIED.,.F.,.F.,.F.,(2,2),(2,2),(3.018763311312,
    3.126014340381),(-2.023774360785,-1.820397712354),
  .PIECEWISE_BEZIER_KNOTS.);
#2144 = CARTESIAN_POINT('',(-3.018763311312,-2.023774360785,0.7610001));
#2145 = CARTESIAN_POINT('',(-3.018763311312,-1.820397712354,0.7610001));
#2146 = CARTESIAN_POINT('',(-3.126014340381,-2.023774360785,0.7610001));
#2147 = CARTESIAN_POINT('',(-3.126014340381,-1.820397712354,0.7610001));
#2148 = ADVANCED_FACE('',(#2149),#2173,.F.);
#2149 = FACE_BOUND('',#2150,.F.);
#2150 = EDGE_LOOP('',(#2151,#2158,#2167,#2172));
#2151 = ORIENTED_EDGE('',*,*,#2152,.F.);
#2152 = EDGE_CURVE('',#2153,#728,#2155,.T.);
#2153 = VERTEX_POINT('',#2154);
#2154 = CARTESIAN_POINT('',(-2.914475592306,-2.027205561909,0.7610001));
#2155 = B_SPLINE_CURVE_WITH_KNOTS('',1,(#2156,#2157),.UNSPECIFIED.,.F.,
  .F.,(2,2),(-0.,1.E-03),.PIECEWISE_BEZIER_KNOTS.);
#2156 = CARTESIAN_POINT('',(-2.914475592306,-2.027205561909,0.7610001));
#2157 = CARTESIAN_POINT('',(-2.914475592306,-2.027205561909,0.7600001));
#2158 = ORIENTED_EDGE('',*,*,#2159,.T.);
#2159 = EDGE_CURVE('',#2153,#2160,#2162,.T.);
#2160 = VERTEX_POINT('',#2161);
#2161 = CARTESIAN_POINT('',(-2.858172701137,-2.015352321663,0.7610001));
#2162 = B_SPLINE_CURVE_WITH_KNOTS('',3,(#2163,#2164,#2165,#2166),
  .UNSPECIFIED.,.F.,.F.,(4,4),(0.,1.),.PIECEWISE_BEZIER_KNOTS.);
#2163 = CARTESIAN_POINT('',(-2.914475592306,-2.027205561909,0.7610001));
#2164 = CARTESIAN_POINT('',(-2.891912845522,-2.027205561909,0.7610001));
#2165 = CARTESIAN_POINT('',(-2.873145215132,-2.023254481828,0.7610001));
#2166 = CARTESIAN_POINT('',(-2.858172701137,-2.015352321663,0.7610001));
#2167 = ORIENTED_EDGE('',*,*,#2168,.T.);
#2168 = EDGE_CURVE('',#2160,#719,#2169,.T.);
#2169 = B_SPLINE_CURVE_WITH_KNOTS('',1,(#2170,#2171),.UNSPECIFIED.,.F.,
  .F.,(2,2),(-0.,1.E-03),.PIECEWISE_BEZIER_KNOTS.);
#2170 = CARTESIAN_POINT('',(-2.858172701137,-2.015352321663,0.7610001));
#2171 = CARTESIAN_POINT('',(-2.858172701137,-2.015352321663,0.7600001));
#2172 = ORIENTED_EDGE('',*,*,#727,.F.);
#2173 = B_SPLINE_SURFACE_WITH_KNOTS('',3,1,(
    (#2174,#2175)
    ,(#2176,#2177)
    ,(#2178,#2179)
    ,(#2180,#2181
    )),.UNSPECIFIED.,.F.,.F.,.F.,(4,4),(2,2),(0.,1.),(0.,1.),
  .PIECEWISE_BEZIER_KNOTS.);
#2174 = CARTESIAN_POINT('',(-2.914475592306,-2.027205561909,0.7610001));
#2175 = CARTESIAN_POINT('',(-2.914475592306,-2.027205561909,0.7600001));
#2176 = CARTESIAN_POINT('',(-2.891912845522,-2.027205561909,0.7610001));
#2177 = CARTESIAN_POINT('',(-2.891912845522,-2.027205561909,0.7600001));
#2178 = CARTESIAN_POINT('',(-2.873145215132,-2.023254481828,0.7610001));
#2179 = CARTESIAN_POINT('',(-2.873145215132,-2.023254481828,0.7600001));
#2180 = CARTESIAN_POINT('',(-2.858172701137,-2.015352321663,0.7610001));
#2181 = CARTESIAN_POINT('',(-2.858172701137,-2.015352321663,0.7600001));
#2182 = ADVANCED_FACE('',(#2183),#2199,.F.);
#2183 = FACE_BOUND('',#2184,.T.);
#2184 = EDGE_LOOP('',(#2185,#2186,#2193,#2198));
#2185 = ORIENTED_EDGE('',*,*,#718,.T.);
#2186 = ORIENTED_EDGE('',*,*,#2187,.F.);
#2187 = EDGE_CURVE('',#2188,#721,#2190,.T.);
#2188 = VERTEX_POINT('',#2189);
#2189 = CARTESIAN_POINT('',(-2.858172701137,-1.990190180088,0.7610001));
#2190 = B_SPLINE_CURVE_WITH_KNOTS('',1,(#2191,#2192),.UNSPECIFIED.,.F.,
  .F.,(2,2),(-0.,1.E-03),.PIECEWISE_BEZIER_KNOTS.);
#2191 = CARTESIAN_POINT('',(-2.858172701137,-1.990190180088,0.7610001));
#2192 = CARTESIAN_POINT('',(-2.858172701137,-1.990190180088,0.7600001));
#2193 = ORIENTED_EDGE('',*,*,#2194,.F.);
#2194 = EDGE_CURVE('',#2160,#2188,#2195,.T.);
#2195 = B_SPLINE_CURVE_WITH_KNOTS('',1,(#2196,#2197),.UNSPECIFIED.,.F.,
  .F.,(2,2),(-2.516214157531E-02,0.),.PIECEWISE_BEZIER_KNOTS.);
#2196 = CARTESIAN_POINT('',(-2.858172701137,-2.015352321663,0.7610001));
#2197 = CARTESIAN_POINT('',(-2.858172701137,-1.990190180088,0.7610001));
#2198 = ORIENTED_EDGE('',*,*,#2168,.T.);
#2199 = B_SPLINE_SURFACE_WITH_KNOTS('',1,1,(
    (#2200,#2201)
    ,(#2202,#2203)),.UNSPECIFIED.,.F.,.F.,.F.,(2,2),(2,2),(-1.E-03,0.),(
    -2.516214157531E-02,0.),.PIECEWISE_BEZIER_KNOTS.);
#2200 = CARTESIAN_POINT('',(-2.858172701137,-2.015352321663,0.7600001));
#2201 = CARTESIAN_POINT('',(-2.858172701137,-1.990190180088,0.7600001));
#2202 = CARTESIAN_POINT('',(-2.858172701137,-2.015352321663,0.7610001));
#2203 = CARTESIAN_POINT('',(-2.858172701137,-1.990190180088,0.7610001));
#2204 = ADVANCED_FACE('',(#2205),#2223,.F.);
#2205 = FACE_BOUND('',#2206,.F.);
#2206 = EDGE_LOOP('',(#2207,#2208,#2217,#2222));
#2207 = ORIENTED_EDGE('',*,*,#2187,.F.);
#2208 = ORIENTED_EDGE('',*,*,#2209,.T.);
#2209 = EDGE_CURVE('',#2188,#2210,#2212,.T.);
#2210 = VERTEX_POINT('',#2211);
#2211 = CARTESIAN_POINT('',(-2.910680475912,-2.003811008792,0.7610001));
#2212 = B_SPLINE_CURVE_WITH_KNOTS('',3,(#2213,#2214,#2215,#2216),
  .UNSPECIFIED.,.F.,.F.,(4,4),(12.,13.),.PIECEWISE_BEZIER_KNOTS.);
#2213 = CARTESIAN_POINT('',(-2.858172701137,-1.990190180088,0.7610001));
#2214 = CARTESIAN_POINT('',(-2.873041239341,-1.99923607396,0.7610001));
#2215 = CARTESIAN_POINT('',(-2.890561160231,-2.003811008792,0.7610001));
#2216 = CARTESIAN_POINT('',(-2.910680475912,-2.003811008792,0.7610001));
#2217 = ORIENTED_EDGE('',*,*,#2218,.T.);
#2218 = EDGE_CURVE('',#2210,#825,#2219,.T.);
#2219 = B_SPLINE_CURVE_WITH_KNOTS('',1,(#2220,#2221),.UNSPECIFIED.,.F.,
  .F.,(2,2),(-0.,1.E-03),.PIECEWISE_BEZIER_KNOTS.);
#2220 = CARTESIAN_POINT('',(-2.910680475912,-2.003811008792,0.7610001));
#2221 = CARTESIAN_POINT('',(-2.910680475912,-2.003811008792,0.7600001));
#2222 = ORIENTED_EDGE('',*,*,#833,.F.);
#2223 = B_SPLINE_SURFACE_WITH_KNOTS('',3,1,(
    (#2224,#2225)
    ,(#2226,#2227)
    ,(#2228,#2229)
    ,(#2230,#2231
    )),.UNSPECIFIED.,.F.,.F.,.F.,(4,4),(2,2),(12.,13.),(0.,1.),
  .PIECEWISE_BEZIER_KNOTS.);
#2224 = CARTESIAN_POINT('',(-2.858172701137,-1.990190180088,0.7610001));
#2225 = CARTESIAN_POINT('',(-2.858172701137,-1.990190180088,0.7600001));
#2226 = CARTESIAN_POINT('',(-2.873041239341,-1.99923607396,0.7610001));
#2227 = CARTESIAN_POINT('',(-2.873041239341,-1.99923607396,0.7600001));
#2228 = CARTESIAN_POINT('',(-2.890561160231,-2.003811008792,0.7610001));
#2229 = CARTESIAN_POINT('',(-2.890561160231,-2.003811008792,0.7600001));
#2230 = CARTESIAN_POINT('',(-2.910680475912,-2.003811008792,0.7610001));
#2231 = CARTESIAN_POINT('',(-2.910680475912,-2.003811008792,0.7600001));
#2232 = ADVANCED_FACE('',(#2233),#2251,.F.);
#2233 = FACE_BOUND('',#2234,.F.);
#2234 = EDGE_LOOP('',(#2235,#2236,#2245,#2250));
#2235 = ORIENTED_EDGE('',*,*,#2218,.F.);
#2236 = ORIENTED_EDGE('',*,*,#2237,.T.);
#2237 = EDGE_CURVE('',#2210,#2238,#2240,.T.);
#2238 = VERTEX_POINT('',#2239);
#2239 = CARTESIAN_POINT('',(-2.962928311207,-1.982391995716,0.7610001));
#2240 = B_SPLINE_CURVE_WITH_KNOTS('',3,(#2241,#2242,#2243,#2244),
  .UNSPECIFIED.,.F.,.F.,(4,4),(11.,12.),.PIECEWISE_BEZIER_KNOTS.);
#2241 = CARTESIAN_POINT('',(-2.910680475912,-2.003811008792,0.7610001));
#2242 = CARTESIAN_POINT('',(-2.932203464779,-2.003811008792,0.7610001));
#2243 = CARTESIAN_POINT('',(-2.949619409878,-1.99663667917,0.7610001));
#2244 = CARTESIAN_POINT('',(-2.962928311207,-1.982391995716,0.7610001));
#2245 = ORIENTED_EDGE('',*,*,#2246,.T.);
#2246 = EDGE_CURVE('',#2238,#816,#2247,.T.);
#2247 = B_SPLINE_CURVE_WITH_KNOTS('',1,(#2248,#2249),.UNSPECIFIED.,.F.,
  .F.,(2,2),(-0.,1.E-03),.PIECEWISE_BEZIER_KNOTS.);
#2248 = CARTESIAN_POINT('',(-2.962928311207,-1.982391995716,0.7610001));
#2249 = CARTESIAN_POINT('',(-2.962928311207,-1.982391995716,0.7600001));
#2250 = ORIENTED_EDGE('',*,*,#824,.F.);
#2251 = B_SPLINE_SURFACE_WITH_KNOTS('',3,1,(
    (#2252,#2253)
    ,(#2254,#2255)
    ,(#2256,#2257)
    ,(#2258,#2259
    )),.UNSPECIFIED.,.F.,.F.,.F.,(4,4),(2,2),(11.,12.),(0.,1.),
  .PIECEWISE_BEZIER_KNOTS.);
#2252 = CARTESIAN_POINT('',(-2.910680475912,-2.003811008792,0.7610001));
#2253 = CARTESIAN_POINT('',(-2.910680475912,-2.003811008792,0.7600001));
#2254 = CARTESIAN_POINT('',(-2.932203464779,-2.003811008792,0.7610001));
#2255 = CARTESIAN_POINT('',(-2.932203464779,-2.003811008792,0.7600001));
#2256 = CARTESIAN_POINT('',(-2.949619409878,-1.99663667917,0.7610001));
#2257 = CARTESIAN_POINT('',(-2.949619409878,-1.99663667917,0.7600001));
#2258 = CARTESIAN_POINT('',(-2.962928311207,-1.982391995716,0.7610001));
#2259 = CARTESIAN_POINT('',(-2.962928311207,-1.982391995716,0.7600001));
#2260 = ADVANCED_FACE('',(#2261),#2279,.F.);
#2261 = FACE_BOUND('',#2262,.F.);
#2262 = EDGE_LOOP('',(#2263,#2264,#2273,#2278));
#2263 = ORIENTED_EDGE('',*,*,#2246,.F.);
#2264 = ORIENTED_EDGE('',*,*,#2265,.T.);
#2265 = EDGE_CURVE('',#2238,#2266,#2268,.T.);
#2266 = VERTEX_POINT('',#2267);
#2267 = CARTESIAN_POINT('',(-2.982891663199,-1.924373503985,0.7610001));
#2268 = B_SPLINE_CURVE_WITH_KNOTS('',3,(#2269,#2270,#2271,#2272),
  .UNSPECIFIED.,.F.,.F.,(4,4),(10.,11.),.PIECEWISE_BEZIER_KNOTS.);
#2269 = CARTESIAN_POINT('',(-2.962928311207,-1.982391995716,0.7610001));
#2270 = CARTESIAN_POINT('',(-2.976237212535,-1.96804333647,0.7610001));
#2271 = CARTESIAN_POINT('',(-2.982891663199,-1.948703839227,0.7610001));
#2272 = CARTESIAN_POINT('',(-2.982891663199,-1.924373503985,0.7610001));
#2273 = ORIENTED_EDGE('',*,*,#2274,.T.);
#2274 = EDGE_CURVE('',#2266,#807,#2275,.T.);
#2275 = B_SPLINE_CURVE_WITH_KNOTS('',1,(#2276,#2277),.UNSPECIFIED.,.F.,
  .F.,(2,2),(-0.,1.E-03),.PIECEWISE_BEZIER_KNOTS.);
#2276 = CARTESIAN_POINT('',(-2.982891663199,-1.924373503985,0.7610001));
#2277 = CARTESIAN_POINT('',(-2.982891663199,-1.924373503985,0.7600001));
#2278 = ORIENTED_EDGE('',*,*,#815,.F.);
#2279 = B_SPLINE_SURFACE_WITH_KNOTS('',3,1,(
    (#2280,#2281)
    ,(#2282,#2283)
    ,(#2284,#2285)
    ,(#2286,#2287
    )),.UNSPECIFIED.,.F.,.F.,.F.,(4,4),(2,2),(10.,11.),(0.,1.),
  .PIECEWISE_BEZIER_KNOTS.);
#2280 = CARTESIAN_POINT('',(-2.962928311207,-1.982391995716,0.7610001));
#2281 = CARTESIAN_POINT('',(-2.962928311207,-1.982391995716,0.7600001));
#2282 = CARTESIAN_POINT('',(-2.976237212535,-1.96804333647,0.7610001));
#2283 = CARTESIAN_POINT('',(-2.976237212535,-1.96804333647,0.7600001));
#2284 = CARTESIAN_POINT('',(-2.982891663199,-1.948703839227,0.7610001));
#2285 = CARTESIAN_POINT('',(-2.982891663199,-1.948703839227,0.7600001));
#2286 = CARTESIAN_POINT('',(-2.982891663199,-1.924373503985,0.7610001));
#2287 = CARTESIAN_POINT('',(-2.982891663199,-1.924373503985,0.7600001));
#2288 = ADVANCED_FACE('',(#2289),#2307,.F.);
#2289 = FACE_BOUND('',#2290,.F.);
#2290 = EDGE_LOOP('',(#2291,#2292,#2301,#2306));
#2291 = ORIENTED_EDGE('',*,*,#2274,.F.);
#2292 = ORIENTED_EDGE('',*,*,#2293,.T.);
#2293 = EDGE_CURVE('',#2266,#2294,#2296,.T.);
#2294 = VERTEX_POINT('',#2295);
#2295 = CARTESIAN_POINT('',(-2.961524638019,-1.863235738506,0.7610001));
#2296 = B_SPLINE_CURVE_WITH_KNOTS('',3,(#2297,#2298,#2299,#2300),
  .UNSPECIFIED.,.F.,.F.,(4,4),(9.,10.),.PIECEWISE_BEZIER_KNOTS.);
#2297 = CARTESIAN_POINT('',(-2.982891663199,-1.924373503985,0.7610001));
#2298 = CARTESIAN_POINT('',(-2.982891663199,-1.898795459244,0.7610001));
#2299 = CARTESIAN_POINT('',(-2.975769321473,-1.878416204085,0.7610001));
#2300 = CARTESIAN_POINT('',(-2.961524638019,-1.863235738506,0.7610001));
#2301 = ORIENTED_EDGE('',*,*,#2302,.T.);
#2302 = EDGE_CURVE('',#2294,#798,#2303,.T.);
#2303 = B_SPLINE_CURVE_WITH_KNOTS('',1,(#2304,#2305),.UNSPECIFIED.,.F.,
  .F.,(2,2),(-0.,1.E-03),.PIECEWISE_BEZIER_KNOTS.);
#2304 = CARTESIAN_POINT('',(-2.961524638019,-1.863235738506,0.7610001));
#2305 = CARTESIAN_POINT('',(-2.961524638019,-1.863235738506,0.7600001));
#2306 = ORIENTED_EDGE('',*,*,#806,.F.);
#2307 = B_SPLINE_SURFACE_WITH_KNOTS('',3,1,(
    (#2308,#2309)
    ,(#2310,#2311)
    ,(#2312,#2313)
    ,(#2314,#2315
    )),.UNSPECIFIED.,.F.,.F.,.F.,(4,4),(2,2),(9.,10.),(0.,1.),
  .PIECEWISE_BEZIER_KNOTS.);
#2308 = CARTESIAN_POINT('',(-2.982891663199,-1.924373503985,0.7610001));
#2309 = CARTESIAN_POINT('',(-2.982891663199,-1.924373503985,0.7600001));
#2310 = CARTESIAN_POINT('',(-2.982891663199,-1.898795459244,0.7610001));
#2311 = CARTESIAN_POINT('',(-2.982891663199,-1.898795459244,0.7600001));
#2312 = CARTESIAN_POINT('',(-2.975769321473,-1.878416204085,0.7610001));
#2313 = CARTESIAN_POINT('',(-2.975769321473,-1.878416204085,0.7600001));
#2314 = CARTESIAN_POINT('',(-2.961524638019,-1.863235738506,0.7610001));
#2315 = CARTESIAN_POINT('',(-2.961524638019,-1.863235738506,0.7600001));
#2316 = ADVANCED_FACE('',(#2317),#2335,.F.);
#2317 = FACE_BOUND('',#2318,.F.);
#2318 = EDGE_LOOP('',(#2319,#2320,#2329,#2334));
#2319 = ORIENTED_EDGE('',*,*,#2302,.F.);
#2320 = ORIENTED_EDGE('',*,*,#2321,.T.);
#2321 = EDGE_CURVE('',#2294,#2322,#2324,.T.);
#2322 = VERTEX_POINT('',#2323);
#2323 = CARTESIAN_POINT('',(-2.906105541079,-1.840672991722,0.7610001));
#2324 = B_SPLINE_CURVE_WITH_KNOTS('',3,(#2325,#2326,#2327,#2328),
  .UNSPECIFIED.,.F.,.F.,(4,4),(8.,9.),.PIECEWISE_BEZIER_KNOTS.);
#2325 = CARTESIAN_POINT('',(-2.961524638019,-1.863235738506,0.7610001));
#2326 = CARTESIAN_POINT('',(-2.94722796667,-1.84815924872,0.7610001));
#2327 = CARTESIAN_POINT('',(-2.928772263655,-1.840672991722,0.7610001));
#2328 = CARTESIAN_POINT('',(-2.906105541079,-1.840672991722,0.7610001));
#2329 = ORIENTED_EDGE('',*,*,#2330,.T.);
#2330 = EDGE_CURVE('',#2322,#789,#2331,.T.);
#2331 = B_SPLINE_CURVE_WITH_KNOTS('',1,(#2332,#2333),.UNSPECIFIED.,.F.,
  .F.,(2,2),(-0.,1.E-03),.PIECEWISE_BEZIER_KNOTS.);
#2332 = CARTESIAN_POINT('',(-2.906105541079,-1.840672991722,0.7610001));
#2333 = CARTESIAN_POINT('',(-2.906105541079,-1.840672991722,0.7600001));
#2334 = ORIENTED_EDGE('',*,*,#797,.F.);
#2335 = B_SPLINE_SURFACE_WITH_KNOTS('',3,1,(
    (#2336,#2337)
    ,(#2338,#2339)
    ,(#2340,#2341)
    ,(#2342,#2343
    )),.UNSPECIFIED.,.F.,.F.,.F.,(4,4),(2,2),(8.,9.),(0.,1.),
  .PIECEWISE_BEZIER_KNOTS.);
#2336 = CARTESIAN_POINT('',(-2.961524638019,-1.863235738506,0.7610001));
#2337 = CARTESIAN_POINT('',(-2.961524638019,-1.863235738506,0.7600001));
#2338 = CARTESIAN_POINT('',(-2.94722796667,-1.84815924872,0.7610001));
#2339 = CARTESIAN_POINT('',(-2.94722796667,-1.84815924872,0.7600001));
#2340 = CARTESIAN_POINT('',(-2.928772263655,-1.840672991722,0.7610001));
#2341 = CARTESIAN_POINT('',(-2.928772263655,-1.840672991722,0.7600001));
#2342 = CARTESIAN_POINT('',(-2.906105541079,-1.840672991722,0.7610001));
#2343 = CARTESIAN_POINT('',(-2.906105541079,-1.840672991722,0.7600001));
#2344 = ADVANCED_FACE('',(#2345),#2363,.F.);
#2345 = FACE_BOUND('',#2346,.F.);
#2346 = EDGE_LOOP('',(#2347,#2348,#2357,#2362));
#2347 = ORIENTED_EDGE('',*,*,#2330,.F.);
#2348 = ORIENTED_EDGE('',*,*,#2349,.T.);
#2349 = EDGE_CURVE('',#2322,#2350,#2352,.T.);
#2350 = VERTEX_POINT('',#2351);
#2351 = CARTESIAN_POINT('',(-2.858172701137,-1.85273418355,0.7610001));
#2352 = B_SPLINE_CURVE_WITH_KNOTS('',3,(#2353,#2354,#2355,#2356),
  .UNSPECIFIED.,.F.,.F.,(4,4),(7.,8.),.PIECEWISE_BEZIER_KNOTS.);
#2353 = CARTESIAN_POINT('',(-2.906105541079,-1.840672991722,0.7610001));
#2354 = CARTESIAN_POINT('',(-2.888689595982,-1.840672991722,0.7610001));
#2355 = CARTESIAN_POINT('',(-2.872729311966,-1.844624071804,0.7610001));
#2356 = CARTESIAN_POINT('',(-2.858172701137,-1.85273418355,0.7610001));
#2357 = ORIENTED_EDGE('',*,*,#2358,.T.);
#2358 = EDGE_CURVE('',#2350,#782,#2359,.T.);
#2359 = B_SPLINE_CURVE_WITH_KNOTS('',1,(#2360,#2361),.UNSPECIFIED.,.F.,
  .F.,(2,2),(-0.,1.E-03),.PIECEWISE_BEZIER_KNOTS.);
#2360 = CARTESIAN_POINT('',(-2.858172701137,-1.85273418355,0.7610001));
#2361 = CARTESIAN_POINT('',(-2.858172701137,-1.85273418355,0.7600001));
#2362 = ORIENTED_EDGE('',*,*,#788,.F.);
#2363 = B_SPLINE_SURFACE_WITH_KNOTS('',3,1,(
    (#2364,#2365)
    ,(#2366,#2367)
    ,(#2368,#2369)
    ,(#2370,#2371
    )),.UNSPECIFIED.,.F.,.F.,.F.,(4,4),(2,2),(7.,8.),(0.,1.),
  .PIECEWISE_BEZIER_KNOTS.);
#2364 = CARTESIAN_POINT('',(-2.906105541079,-1.840672991722,0.7610001));
#2365 = CARTESIAN_POINT('',(-2.906105541079,-1.840672991722,0.7600001));
#2366 = CARTESIAN_POINT('',(-2.888689595982,-1.840672991722,0.7610001));
#2367 = CARTESIAN_POINT('',(-2.888689595982,-1.840672991722,0.7600001));
#2368 = CARTESIAN_POINT('',(-2.872729311966,-1.844624071804,0.7610001));
#2369 = CARTESIAN_POINT('',(-2.872729311966,-1.844624071804,0.7600001));
#2370 = CARTESIAN_POINT('',(-2.858172701137,-1.85273418355,0.7610001));
#2371 = CARTESIAN_POINT('',(-2.858172701137,-1.85273418355,0.7600001));
#2372 = ADVANCED_FACE('',(#2373),#2389,.F.);
#2373 = FACE_BOUND('',#2374,.T.);
#2374 = EDGE_LOOP('',(#2375,#2376,#2383,#2388));
#2375 = ORIENTED_EDGE('',*,*,#781,.T.);
#2376 = ORIENTED_EDGE('',*,*,#2377,.F.);
#2377 = EDGE_CURVE('',#2378,#773,#2380,.T.);
#2378 = VERTEX_POINT('',#2379);
#2379 = CARTESIAN_POINT('',(-2.858172701137,-1.82528457456,0.7610001));
#2380 = B_SPLINE_CURVE_WITH_KNOTS('',1,(#2381,#2382),.UNSPECIFIED.,.F.,
  .F.,(2,2),(-0.,1.E-03),.PIECEWISE_BEZIER_KNOTS.);
#2381 = CARTESIAN_POINT('',(-2.858172701137,-1.82528457456,0.7610001));
#2382 = CARTESIAN_POINT('',(-2.858172701137,-1.82528457456,0.7600001));
#2383 = ORIENTED_EDGE('',*,*,#2384,.F.);
#2384 = EDGE_CURVE('',#2350,#2378,#2385,.T.);
#2385 = B_SPLINE_CURVE_WITH_KNOTS('',1,(#2386,#2387),.UNSPECIFIED.,.F.,
  .F.,(2,2),(-2.744960898998E-02,0.),.PIECEWISE_BEZIER_KNOTS.);
#2386 = CARTESIAN_POINT('',(-2.858172701137,-1.85273418355,0.7610001));
#2387 = CARTESIAN_POINT('',(-2.858172701137,-1.82528457456,0.7610001));
#2388 = ORIENTED_EDGE('',*,*,#2358,.T.);
#2389 = B_SPLINE_SURFACE_WITH_KNOTS('',1,1,(
    (#2390,#2391)
    ,(#2392,#2393)),.UNSPECIFIED.,.F.,.F.,.F.,(2,2),(2,2),(-1.E-03,0.),(
    -2.744960898998E-02,0.),.PIECEWISE_BEZIER_KNOTS.);
#2390 = CARTESIAN_POINT('',(-2.858172701137,-1.85273418355,0.7600001));
#2391 = CARTESIAN_POINT('',(-2.858172701137,-1.82528457456,0.7600001));
#2392 = CARTESIAN_POINT('',(-2.858172701137,-1.85273418355,0.7610001));
#2393 = CARTESIAN_POINT('',(-2.858172701137,-1.82528457456,0.7610001));
#2394 = ADVANCED_FACE('',(#2395),#2413,.F.);
#2395 = FACE_BOUND('',#2396,.F.);
#2396 = EDGE_LOOP('',(#2397,#2398,#2407,#2412));
#2397 = ORIENTED_EDGE('',*,*,#2377,.F.);
#2398 = ORIENTED_EDGE('',*,*,#2399,.T.);
#2399 = EDGE_CURVE('',#2378,#2400,#2402,.T.);
#2400 = VERTEX_POINT('',#2401);
#2401 = CARTESIAN_POINT('',(-2.906365480559,-1.81696651123,0.7610001));
#2402 = B_SPLINE_CURVE_WITH_KNOTS('',3,(#2403,#2404,#2405,#2406),
  .UNSPECIFIED.,.F.,.F.,(4,4),(5.,6.),.PIECEWISE_BEZIER_KNOTS.);
#2403 = CARTESIAN_POINT('',(-2.858172701137,-1.82528457456,0.7610001));
#2404 = CARTESIAN_POINT('',(-2.870857747716,-1.819773857603,0.7610001));
#2405 = CARTESIAN_POINT('',(-2.886922007524,-1.81696651123,0.7610001));
#2406 = CARTESIAN_POINT('',(-2.906365480559,-1.81696651123,0.7610001));
#2407 = ORIENTED_EDGE('',*,*,#2408,.T.);
#2408 = EDGE_CURVE('',#2400,#764,#2409,.T.);
#2409 = B_SPLINE_CURVE_WITH_KNOTS('',1,(#2410,#2411),.UNSPECIFIED.,.F.,
  .F.,(2,2),(-0.,1.E-03),.PIECEWISE_BEZIER_KNOTS.);
#2410 = CARTESIAN_POINT('',(-2.906365480559,-1.81696651123,0.7610001));
#2411 = CARTESIAN_POINT('',(-2.906365480559,-1.81696651123,0.7600001));
#2412 = ORIENTED_EDGE('',*,*,#772,.F.);
#2413 = B_SPLINE_SURFACE_WITH_KNOTS('',3,1,(
    (#2414,#2415)
    ,(#2416,#2417)
    ,(#2418,#2419)
    ,(#2420,#2421
    )),.UNSPECIFIED.,.F.,.F.,.F.,(4,4),(2,2),(5.,6.),(0.,1.),
  .PIECEWISE_BEZIER_KNOTS.);
#2414 = CARTESIAN_POINT('',(-2.858172701137,-1.82528457456,0.7610001));
#2415 = CARTESIAN_POINT('',(-2.858172701137,-1.82528457456,0.7600001));
#2416 = CARTESIAN_POINT('',(-2.870857747716,-1.819773857603,0.7610001));
#2417 = CARTESIAN_POINT('',(-2.870857747716,-1.819773857603,0.7600001));
#2418 = CARTESIAN_POINT('',(-2.886922007524,-1.81696651123,0.7610001));
#2419 = CARTESIAN_POINT('',(-2.886922007524,-1.81696651123,0.7600001));
#2420 = CARTESIAN_POINT('',(-2.906365480559,-1.81696651123,0.7610001));
#2421 = CARTESIAN_POINT('',(-2.906365480559,-1.81696651123,0.7600001));
#2422 = ADVANCED_FACE('',(#2423),#2441,.F.);
#2423 = FACE_BOUND('',#2424,.F.);
#2424 = EDGE_LOOP('',(#2425,#2426,#2435,#2440));
#2425 = ORIENTED_EDGE('',*,*,#2408,.F.);
#2426 = ORIENTED_EDGE('',*,*,#2427,.T.);
#2427 = EDGE_CURVE('',#2400,#2428,#2430,.T.);
#2428 = VERTEX_POINT('',#2429);
#2429 = CARTESIAN_POINT('',(-2.981072086846,-1.84691153922,0.7610001));
#2430 = B_SPLINE_CURVE_WITH_KNOTS('',3,(#2431,#2432,#2433,#2434),
  .UNSPECIFIED.,.F.,.F.,(4,4),(4.,5.),.PIECEWISE_BEZIER_KNOTS.);
#2431 = CARTESIAN_POINT('',(-2.906365480559,-1.81696651123,0.7610001));
#2432 = CARTESIAN_POINT('',(-2.936570448027,-1.81696651123,0.7610001));
#2433 = CARTESIAN_POINT('',(-2.961472650123,-1.826948187226,0.7610001));
#2434 = CARTESIAN_POINT('',(-2.981072086846,-1.84691153922,0.7610001));
#2435 = ORIENTED_EDGE('',*,*,#2436,.T.);
#2436 = EDGE_CURVE('',#2428,#755,#2437,.T.);
#2437 = B_SPLINE_CURVE_WITH_KNOTS('',1,(#2438,#2439),.UNSPECIFIED.,.F.,
  .F.,(2,2),(-0.,1.E-03),.PIECEWISE_BEZIER_KNOTS.);
#2438 = CARTESIAN_POINT('',(-2.981072086846,-1.84691153922,0.7610001));
#2439 = CARTESIAN_POINT('',(-2.981072086846,-1.84691153922,0.7600001));
#2440 = ORIENTED_EDGE('',*,*,#763,.F.);
#2441 = B_SPLINE_SURFACE_WITH_KNOTS('',3,1,(
    (#2442,#2443)
    ,(#2444,#2445)
    ,(#2446,#2447)
    ,(#2448,#2449
    )),.UNSPECIFIED.,.F.,.F.,.F.,(4,4),(2,2),(4.,5.),(0.,1.),
  .PIECEWISE_BEZIER_KNOTS.);
#2442 = CARTESIAN_POINT('',(-2.906365480559,-1.81696651123,0.7610001));
#2443 = CARTESIAN_POINT('',(-2.906365480559,-1.81696651123,0.7600001));
#2444 = CARTESIAN_POINT('',(-2.936570448027,-1.81696651123,0.7610001));
#2445 = CARTESIAN_POINT('',(-2.936570448027,-1.81696651123,0.7600001));
#2446 = CARTESIAN_POINT('',(-2.961472650123,-1.826948187226,0.7610001));
#2447 = CARTESIAN_POINT('',(-2.961472650123,-1.826948187226,0.7600001));
#2448 = CARTESIAN_POINT('',(-2.981072086846,-1.84691153922,0.7610001));
#2449 = CARTESIAN_POINT('',(-2.981072086846,-1.84691153922,0.7600001));
#2450 = ADVANCED_FACE('',(#2451),#2469,.F.);
#2451 = FACE_BOUND('',#2452,.F.);
#2452 = EDGE_LOOP('',(#2453,#2454,#2463,#2468));
#2453 = ORIENTED_EDGE('',*,*,#2436,.F.);
#2454 = ORIENTED_EDGE('',*,*,#2455,.T.);
#2455 = EDGE_CURVE('',#2428,#2456,#2458,.T.);
#2456 = VERTEX_POINT('',#2457);
#2457 = CARTESIAN_POINT('',(-3.010445247982,-1.92593314086,0.7610001));
#2458 = B_SPLINE_CURVE_WITH_KNOTS('',3,(#2459,#2460,#2461,#2462),
  .UNSPECIFIED.,.F.,.F.,(4,4),(3.,4.),.PIECEWISE_BEZIER_KNOTS.);
#2459 = CARTESIAN_POINT('',(-2.981072086846,-1.84691153922,0.7610001));
#2460 = CARTESIAN_POINT('',(-3.000671523569,-1.866874891213,0.7610001));
#2461 = CARTESIAN_POINT('',(-3.010445247982,-1.893180766496,0.7610001));
#2462 = CARTESIAN_POINT('',(-3.010445247982,-1.92593314086,0.7610001));
#2463 = ORIENTED_EDGE('',*,*,#2464,.T.);
#2464 = EDGE_CURVE('',#2456,#746,#2465,.T.);
#2465 = B_SPLINE_CURVE_WITH_KNOTS('',1,(#2466,#2467),.UNSPECIFIED.,.F.,
  .F.,(2,2),(-0.,1.E-03),.PIECEWISE_BEZIER_KNOTS.);
#2466 = CARTESIAN_POINT('',(-3.010445247982,-1.92593314086,0.7610001));
#2467 = CARTESIAN_POINT('',(-3.010445247982,-1.92593314086,0.7600001));
#2468 = ORIENTED_EDGE('',*,*,#754,.F.);
#2469 = B_SPLINE_SURFACE_WITH_KNOTS('',3,1,(
    (#2470,#2471)
    ,(#2472,#2473)
    ,(#2474,#2475)
    ,(#2476,#2477
    )),.UNSPECIFIED.,.F.,.F.,.F.,(4,4),(2,2),(3.,4.),(0.,1.),
  .PIECEWISE_BEZIER_KNOTS.);
#2470 = CARTESIAN_POINT('',(-2.981072086846,-1.84691153922,0.7610001));
#2471 = CARTESIAN_POINT('',(-2.981072086846,-1.84691153922,0.7600001));
#2472 = CARTESIAN_POINT('',(-3.000671523569,-1.866874891213,0.7610001));
#2473 = CARTESIAN_POINT('',(-3.000671523569,-1.866874891213,0.7600001));
#2474 = CARTESIAN_POINT('',(-3.010445247982,-1.893180766496,0.7610001));
#2475 = CARTESIAN_POINT('',(-3.010445247982,-1.893180766496,0.7600001));
#2476 = CARTESIAN_POINT('',(-3.010445247982,-1.92593314086,0.7610001));
#2477 = CARTESIAN_POINT('',(-3.010445247982,-1.92593314086,0.7600001));
#2478 = ADVANCED_FACE('',(#2479),#2497,.F.);
#2479 = FACE_BOUND('',#2480,.F.);
#2480 = EDGE_LOOP('',(#2481,#2482,#2491,#2496));
#2481 = ORIENTED_EDGE('',*,*,#2464,.F.);
#2482 = ORIENTED_EDGE('',*,*,#2483,.T.);
#2483 = EDGE_CURVE('',#2456,#2484,#2486,.T.);
#2484 = VERTEX_POINT('',#2485);
#2485 = CARTESIAN_POINT('',(-2.984347324283,-1.999444025543,0.7610001));
#2486 = B_SPLINE_CURVE_WITH_KNOTS('',3,(#2487,#2488,#2489,#2490),
  .UNSPECIFIED.,.F.,.F.,(4,4),(2.,3.),.PIECEWISE_BEZIER_KNOTS.);
#2487 = CARTESIAN_POINT('',(-3.010445247982,-1.92593314086,0.7610001));
#2488 = CARTESIAN_POINT('',(-3.010445247982,-1.956398047808,0.7610001));
#2489 = CARTESIAN_POINT('',(-3.001763269381,-1.980936334633,0.7610001));
#2490 = CARTESIAN_POINT('',(-2.984347324283,-1.999444025543,0.7610001));
#2491 = ORIENTED_EDGE('',*,*,#2492,.T.);
#2492 = EDGE_CURVE('',#2484,#737,#2493,.T.);
#2493 = B_SPLINE_CURVE_WITH_KNOTS('',1,(#2494,#2495),.UNSPECIFIED.,.F.,
  .F.,(2,2),(-0.,1.E-03),.PIECEWISE_BEZIER_KNOTS.);
#2494 = CARTESIAN_POINT('',(-2.984347324283,-1.999444025543,0.7610001));
#2495 = CARTESIAN_POINT('',(-2.984347324283,-1.999444025543,0.7600001));
#2496 = ORIENTED_EDGE('',*,*,#745,.F.);
#2497 = B_SPLINE_SURFACE_WITH_KNOTS('',3,1,(
    (#2498,#2499)
    ,(#2500,#2501)
    ,(#2502,#2503)
    ,(#2504,#2505
    )),.UNSPECIFIED.,.F.,.F.,.F.,(4,4),(2,2),(2.,3.),(0.,1.),
  .PIECEWISE_BEZIER_KNOTS.);
#2498 = CARTESIAN_POINT('',(-3.010445247982,-1.92593314086,0.7610001));
#2499 = CARTESIAN_POINT('',(-3.010445247982,-1.92593314086,0.7600001));
#2500 = CARTESIAN_POINT('',(-3.010445247982,-1.956398047808,0.7610001));
#2501 = CARTESIAN_POINT('',(-3.010445247982,-1.956398047808,0.7600001));
#2502 = CARTESIAN_POINT('',(-3.001763269381,-1.980936334633,0.7610001));
#2503 = CARTESIAN_POINT('',(-3.001763269381,-1.980936334633,0.7600001));
#2504 = CARTESIAN_POINT('',(-2.984347324283,-1.999444025543,0.7610001));
#2505 = CARTESIAN_POINT('',(-2.984347324283,-1.999444025543,0.7600001));
#2506 = ADVANCED_FACE('',(#2507),#2519,.F.);
#2507 = FACE_BOUND('',#2508,.F.);
#2508 = EDGE_LOOP('',(#2509,#2510,#2517,#2518));
#2509 = ORIENTED_EDGE('',*,*,#2492,.F.);
#2510 = ORIENTED_EDGE('',*,*,#2511,.T.);
#2511 = EDGE_CURVE('',#2484,#2153,#2512,.T.);
#2512 = B_SPLINE_CURVE_WITH_KNOTS('',3,(#2513,#2514,#2515,#2516),
  .UNSPECIFIED.,.F.,.F.,(4,4),(1.,2.),.PIECEWISE_BEZIER_KNOTS.);
#2513 = CARTESIAN_POINT('',(-2.984347324283,-1.999444025543,0.7610001));
#2514 = CARTESIAN_POINT('',(-2.966931379184,-2.017951716453,0.7610001));
#2515 = CARTESIAN_POINT('',(-2.943640801859,-2.027205561909,0.7610001));
#2516 = CARTESIAN_POINT('',(-2.914475592306,-2.027205561909,0.7610001));
#2517 = ORIENTED_EDGE('',*,*,#2152,.T.);
#2518 = ORIENTED_EDGE('',*,*,#736,.F.);
#2519 = B_SPLINE_SURFACE_WITH_KNOTS('',3,1,(
    (#2520,#2521)
    ,(#2522,#2523)
    ,(#2524,#2525)
    ,(#2526,#2527
    )),.UNSPECIFIED.,.F.,.F.,.F.,(4,4),(2,2),(1.,2.),(0.,1.),
  .PIECEWISE_BEZIER_KNOTS.);
#2520 = CARTESIAN_POINT('',(-2.984347324283,-1.999444025543,0.7610001));
#2521 = CARTESIAN_POINT('',(-2.984347324283,-1.999444025543,0.7600001));
#2522 = CARTESIAN_POINT('',(-2.966931379184,-2.017951716453,0.7610001));
#2523 = CARTESIAN_POINT('',(-2.966931379184,-2.017951716453,0.7600001));
#2524 = CARTESIAN_POINT('',(-2.943640801859,-2.027205561909,0.7610001));
#2525 = CARTESIAN_POINT('',(-2.943640801859,-2.027205561909,0.7600001));
#2526 = CARTESIAN_POINT('',(-2.914475592306,-2.027205561909,0.7610001));
#2527 = CARTESIAN_POINT('',(-2.914475592306,-2.027205561909,0.7600001));
#2528 = ADVANCED_FACE('',(#2529),#2545,.T.);
#2529 = FACE_BOUND('',#2530,.T.);
#2530 = EDGE_LOOP('',(#2531,#2532,#2533,#2534,#2535,#2536,#2537,#2538,
    #2539,#2540,#2541,#2542,#2543,#2544));
#2531 = ORIENTED_EDGE('',*,*,#2159,.T.);
#2532 = ORIENTED_EDGE('',*,*,#2194,.T.);
#2533 = ORIENTED_EDGE('',*,*,#2209,.T.);
#2534 = ORIENTED_EDGE('',*,*,#2237,.T.);
#2535 = ORIENTED_EDGE('',*,*,#2265,.T.);
#2536 = ORIENTED_EDGE('',*,*,#2293,.T.);
#2537 = ORIENTED_EDGE('',*,*,#2321,.T.);
#2538 = ORIENTED_EDGE('',*,*,#2349,.T.);
#2539 = ORIENTED_EDGE('',*,*,#2384,.T.);
#2540 = ORIENTED_EDGE('',*,*,#2399,.T.);
#2541 = ORIENTED_EDGE('',*,*,#2427,.T.);
#2542 = ORIENTED_EDGE('',*,*,#2455,.T.);
#2543 = ORIENTED_EDGE('',*,*,#2483,.T.);
#2544 = ORIENTED_EDGE('',*,*,#2511,.T.);
#2545 = B_SPLINE_SURFACE_WITH_KNOTS('',1,1,(
    (#2546,#2547)
    ,(#2548,#2549
    )),.UNSPECIFIED.,.F.,.F.,.F.,(2,2),(2,2),(-0.126967438556,
    2.530510828864E-02),(-2.963310061419E-03,0.207275740618),
  .PIECEWISE_BEZIER_KNOTS.);
#2546 = CARTESIAN_POINT('',(-3.010445247982,-2.027205561909,0.7610001));
#2547 = CARTESIAN_POINT('',(-3.010445247982,-1.81696651123,0.7610001));
#2548 = CARTESIAN_POINT('',(-2.858172701137,-2.027205561909,0.7610001));
#2549 = CARTESIAN_POINT('',(-2.858172701137,-1.81696651123,0.7610001));
#2550 = ADVANCED_FACE('',(#2551),#2573,.F.);
#2551 = FACE_BOUND('',#2552,.T.);
#2552 = EDGE_LOOP('',(#2553,#2554,#2561,#2568));
#2553 = ORIENTED_EDGE('',*,*,#851,.T.);
#2554 = ORIENTED_EDGE('',*,*,#2555,.F.);
#2555 = EDGE_CURVE('',#2556,#843,#2558,.T.);
#2556 = VERTEX_POINT('',#2557);
#2557 = CARTESIAN_POINT('',(-2.708083645917,-2.000587759251,0.7610001));
#2558 = B_SPLINE_CURVE_WITH_KNOTS('',1,(#2559,#2560),.UNSPECIFIED.,.F.,
  .F.,(2,2),(-0.,1.E-03),.PIECEWISE_BEZIER_KNOTS.);
#2559 = CARTESIAN_POINT('',(-2.708083645917,-2.000587759251,0.7610001));
#2560 = CARTESIAN_POINT('',(-2.708083645917,-2.000587759251,0.7600001));
#2561 = ORIENTED_EDGE('',*,*,#2562,.F.);
#2562 = EDGE_CURVE('',#2563,#2556,#2565,.T.);
#2563 = VERTEX_POINT('',#2564);
#2564 = CARTESIAN_POINT('',(-2.708083645917,-2.023774360785,0.7610001));
#2565 = B_SPLINE_CURVE_WITH_KNOTS('',1,(#2566,#2567),.UNSPECIFIED.,.F.,
  .F.,(2,2),(-2.318660153378E-02,0.),.PIECEWISE_BEZIER_KNOTS.);
#2566 = CARTESIAN_POINT('',(-2.708083645917,-2.023774360785,0.7610001));
#2567 = CARTESIAN_POINT('',(-2.708083645917,-2.000587759251,0.7610001));
#2568 = ORIENTED_EDGE('',*,*,#2569,.T.);
#2569 = EDGE_CURVE('',#2563,#852,#2570,.T.);
#2570 = B_SPLINE_CURVE_WITH_KNOTS('',1,(#2571,#2572),.UNSPECIFIED.,.F.,
  .F.,(2,2),(-0.,1.E-03),.PIECEWISE_BEZIER_KNOTS.);
#2571 = CARTESIAN_POINT('',(-2.708083645917,-2.023774360785,0.7610001));
#2572 = CARTESIAN_POINT('',(-2.708083645917,-2.023774360785,0.7600001));
#2573 = B_SPLINE_SURFACE_WITH_KNOTS('',1,1,(
    (#2574,#2575)
    ,(#2576,#2577)),.UNSPECIFIED.,.F.,.F.,.F.,(2,2),(2,2),(-1.E-03,0.),(
    -2.318660153378E-02,0.),.PIECEWISE_BEZIER_KNOTS.);
#2574 = CARTESIAN_POINT('',(-2.708083645917,-2.023774360785,0.7600001));
#2575 = CARTESIAN_POINT('',(-2.708083645917,-2.000587759251,0.7600001));
#2576 = CARTESIAN_POINT('',(-2.708083645917,-2.023774360785,0.7610001));
#2577 = CARTESIAN_POINT('',(-2.708083645917,-2.000587759251,0.7610001));
#2578 = ADVANCED_FACE('',(#2579),#2595,.F.);
#2579 = FACE_BOUND('',#2580,.T.);
#2580 = EDGE_LOOP('',(#2581,#2582,#2589,#2594));
#2581 = ORIENTED_EDGE('',*,*,#842,.T.);
#2582 = ORIENTED_EDGE('',*,*,#2583,.F.);
#2583 = EDGE_CURVE('',#2584,#845,#2586,.T.);
#2584 = VERTEX_POINT('',#2585);
#2585 = CARTESIAN_POINT('',(-2.791212291326,-2.000587759251,0.7610001));
#2586 = B_SPLINE_CURVE_WITH_KNOTS('',1,(#2587,#2588),.UNSPECIFIED.,.F.,
  .F.,(2,2),(-0.,1.E-03),.PIECEWISE_BEZIER_KNOTS.);
#2587 = CARTESIAN_POINT('',(-2.791212291326,-2.000587759251,0.7610001));
#2588 = CARTESIAN_POINT('',(-2.791212291326,-2.000587759251,0.7600001));
#2589 = ORIENTED_EDGE('',*,*,#2590,.F.);
#2590 = EDGE_CURVE('',#2556,#2584,#2591,.T.);
#2591 = B_SPLINE_CURVE_WITH_KNOTS('',1,(#2592,#2593),.UNSPECIFIED.,.F.,
  .F.,(2,2),(-8.312864540908E-02,-0.),.PIECEWISE_BEZIER_KNOTS.);
#2592 = CARTESIAN_POINT('',(-2.708083645917,-2.000587759251,0.7610001));
#2593 = CARTESIAN_POINT('',(-2.791212291326,-2.000587759251,0.7610001));
#2594 = ORIENTED_EDGE('',*,*,#2555,.T.);
#2595 = B_SPLINE_SURFACE_WITH_KNOTS('',1,1,(
    (#2596,#2597)
    ,(#2598,#2599
    )),.UNSPECIFIED.,.F.,.F.,.F.,(2,2),(2,2),(0.,1.E-03),(0.,
    8.312864540908E-02),.PIECEWISE_BEZIER_KNOTS.);
#2596 = CARTESIAN_POINT('',(-2.791212291326,-2.000587759251,0.7610001));
#2597 = CARTESIAN_POINT('',(-2.708083645917,-2.000587759251,0.7610001));
#2598 = CARTESIAN_POINT('',(-2.791212291326,-2.000587759251,0.7600001));
#2599 = CARTESIAN_POINT('',(-2.708083645917,-2.000587759251,0.7600001));
#2600 = ADVANCED_FACE('',(#2601),#2617,.F.);
#2601 = FACE_BOUND('',#2602,.T.);
#2602 = EDGE_LOOP('',(#2603,#2604,#2611,#2616));
#2603 = ORIENTED_EDGE('',*,*,#921,.T.);
#2604 = ORIENTED_EDGE('',*,*,#2605,.F.);
#2605 = EDGE_CURVE('',#2606,#915,#2608,.T.);
#2606 = VERTEX_POINT('',#2607);
#2607 = CARTESIAN_POINT('',(-2.791212291326,-1.932171688358,0.7610001));
#2608 = B_SPLINE_CURVE_WITH_KNOTS('',1,(#2609,#2610),.UNSPECIFIED.,.F.,
  .F.,(2,2),(-0.,1.E-03),.PIECEWISE_BEZIER_KNOTS.);
#2609 = CARTESIAN_POINT('',(-2.791212291326,-1.932171688358,0.7610001));
#2610 = CARTESIAN_POINT('',(-2.791212291326,-1.932171688358,0.7600001));
#2611 = ORIENTED_EDGE('',*,*,#2612,.F.);
#2612 = EDGE_CURVE('',#2584,#2606,#2613,.T.);
#2613 = B_SPLINE_CURVE_WITH_KNOTS('',1,(#2614,#2615),.UNSPECIFIED.,.F.,
  .F.,(2,2),(-6.841607089332E-02,0.),.PIECEWISE_BEZIER_KNOTS.);
#2614 = CARTESIAN_POINT('',(-2.791212291326,-2.000587759251,0.7610001));
#2615 = CARTESIAN_POINT('',(-2.791212291326,-1.932171688358,0.7610001));
#2616 = ORIENTED_EDGE('',*,*,#2583,.T.);
#2617 = B_SPLINE_SURFACE_WITH_KNOTS('',1,1,(
    (#2618,#2619)
    ,(#2620,#2621)),.UNSPECIFIED.,.F.,.F.,.F.,(2,2),(2,2),(-1.E-03,0.),(
    -6.841607089332E-02,0.),.PIECEWISE_BEZIER_KNOTS.);
#2618 = CARTESIAN_POINT('',(-2.791212291326,-2.000587759251,0.7600001));
#2619 = CARTESIAN_POINT('',(-2.791212291326,-1.932171688358,0.7600001));
#2620 = CARTESIAN_POINT('',(-2.791212291326,-2.000587759251,0.7610001));
#2621 = CARTESIAN_POINT('',(-2.791212291326,-1.932171688358,0.7610001));
#2622 = ADVANCED_FACE('',(#2623),#2639,.F.);
#2623 = FACE_BOUND('',#2624,.T.);
#2624 = EDGE_LOOP('',(#2625,#2626,#2633,#2638));
#2625 = ORIENTED_EDGE('',*,*,#914,.T.);
#2626 = ORIENTED_EDGE('',*,*,#2627,.F.);
#2627 = EDGE_CURVE('',#2628,#908,#2630,.T.);
#2628 = VERTEX_POINT('',#2629);
#2629 = CARTESIAN_POINT('',(-2.71848122508,-1.932171688358,0.7610001));
#2630 = B_SPLINE_CURVE_WITH_KNOTS('',1,(#2631,#2632),.UNSPECIFIED.,.F.,
  .F.,(2,2),(-0.,1.E-03),.PIECEWISE_BEZIER_KNOTS.);
#2631 = CARTESIAN_POINT('',(-2.71848122508,-1.932171688358,0.7610001));
#2632 = CARTESIAN_POINT('',(-2.71848122508,-1.932171688358,0.7600001));
#2633 = ORIENTED_EDGE('',*,*,#2634,.F.);
#2634 = EDGE_CURVE('',#2606,#2628,#2635,.T.);
#2635 = B_SPLINE_CURVE_WITH_KNOTS('',1,(#2636,#2637),.UNSPECIFIED.,.F.,
  .F.,(2,2),(-7.273106624597E-02,0.),.PIECEWISE_BEZIER_KNOTS.);
#2636 = CARTESIAN_POINT('',(-2.791212291326,-1.932171688358,0.7610001));
#2637 = CARTESIAN_POINT('',(-2.71848122508,-1.932171688358,0.7610001));
#2638 = ORIENTED_EDGE('',*,*,#2605,.T.);
#2639 = B_SPLINE_SURFACE_WITH_KNOTS('',1,1,(
    (#2640,#2641)
    ,(#2642,#2643)),.UNSPECIFIED.,.F.,.F.,.F.,(2,2),(2,2),(-1.E-03,0.),(
    -7.273106624597E-02,0.),.PIECEWISE_BEZIER_KNOTS.);
#2640 = CARTESIAN_POINT('',(-2.791212291326,-1.932171688358,0.7600001));
#2641 = CARTESIAN_POINT('',(-2.71848122508,-1.932171688358,0.7600001));
#2642 = CARTESIAN_POINT('',(-2.791212291326,-1.932171688358,0.7610001));
#2643 = CARTESIAN_POINT('',(-2.71848122508,-1.932171688358,0.7610001));
#2644 = ADVANCED_FACE('',(#2645),#2661,.F.);
#2645 = FACE_BOUND('',#2646,.T.);
#2646 = EDGE_LOOP('',(#2647,#2648,#2655,#2660));
#2647 = ORIENTED_EDGE('',*,*,#907,.T.);
#2648 = ORIENTED_EDGE('',*,*,#2649,.F.);
#2649 = EDGE_CURVE('',#2650,#901,#2652,.T.);
#2650 = VERTEX_POINT('',#2651);
#2651 = CARTESIAN_POINT('',(-2.71848122508,-1.908881111033,0.7610001));
#2652 = B_SPLINE_CURVE_WITH_KNOTS('',1,(#2653,#2654),.UNSPECIFIED.,.F.,
  .F.,(2,2),(-0.,1.E-03),.PIECEWISE_BEZIER_KNOTS.);
#2653 = CARTESIAN_POINT('',(-2.71848122508,-1.908881111033,0.7610001));
#2654 = CARTESIAN_POINT('',(-2.71848122508,-1.908881111033,0.7600001));
#2655 = ORIENTED_EDGE('',*,*,#2656,.F.);
#2656 = EDGE_CURVE('',#2628,#2650,#2657,.T.);
#2657 = B_SPLINE_CURVE_WITH_KNOTS('',1,(#2658,#2659),.UNSPECIFIED.,.F.,
  .F.,(2,2),(-2.32905773253E-02,0.),.PIECEWISE_BEZIER_KNOTS.);
#2658 = CARTESIAN_POINT('',(-2.71848122508,-1.932171688358,0.7610001));
#2659 = CARTESIAN_POINT('',(-2.71848122508,-1.908881111033,0.7610001));
#2660 = ORIENTED_EDGE('',*,*,#2627,.T.);
#2661 = B_SPLINE_SURFACE_WITH_KNOTS('',1,1,(
    (#2662,#2663)
    ,(#2664,#2665)),.UNSPECIFIED.,.F.,.F.,.F.,(2,2),(2,2),(-1.E-03,0.),(
    -2.32905773253E-02,0.),.PIECEWISE_BEZIER_KNOTS.);
#2662 = CARTESIAN_POINT('',(-2.71848122508,-1.932171688358,0.7600001));
#2663 = CARTESIAN_POINT('',(-2.71848122508,-1.908881111033,0.7600001));
#2664 = CARTESIAN_POINT('',(-2.71848122508,-1.932171688358,0.7610001));
#2665 = CARTESIAN_POINT('',(-2.71848122508,-1.908881111033,0.7610001));
#2666 = ADVANCED_FACE('',(#2667),#2683,.F.);
#2667 = FACE_BOUND('',#2668,.T.);
#2668 = EDGE_LOOP('',(#2669,#2670,#2677,#2682));
#2669 = ORIENTED_EDGE('',*,*,#900,.T.);
#2670 = ORIENTED_EDGE('',*,*,#2671,.F.);
#2671 = EDGE_CURVE('',#2672,#894,#2674,.T.);
#2672 = VERTEX_POINT('',#2673);
#2673 = CARTESIAN_POINT('',(-2.791212291326,-1.908881111033,0.7610001));
#2674 = B_SPLINE_CURVE_WITH_KNOTS('',1,(#2675,#2676),.UNSPECIFIED.,.F.,
  .F.,(2,2),(-0.,1.E-03),.PIECEWISE_BEZIER_KNOTS.);
#2675 = CARTESIAN_POINT('',(-2.791212291326,-1.908881111033,0.7610001));
#2676 = CARTESIAN_POINT('',(-2.791212291326,-1.908881111033,0.7600001));
#2677 = ORIENTED_EDGE('',*,*,#2678,.F.);
#2678 = EDGE_CURVE('',#2650,#2672,#2679,.T.);
#2679 = B_SPLINE_CURVE_WITH_KNOTS('',1,(#2680,#2681),.UNSPECIFIED.,.F.,
  .F.,(2,2),(-7.273106624597E-02,-0.),.PIECEWISE_BEZIER_KNOTS.);
#2680 = CARTESIAN_POINT('',(-2.71848122508,-1.908881111033,0.7610001));
#2681 = CARTESIAN_POINT('',(-2.791212291326,-1.908881111033,0.7610001));
#2682 = ORIENTED_EDGE('',*,*,#2649,.T.);
#2683 = B_SPLINE_SURFACE_WITH_KNOTS('',1,1,(
    (#2684,#2685)
    ,(#2686,#2687
    )),.UNSPECIFIED.,.F.,.F.,.F.,(2,2),(2,2),(0.,1.E-03),(0.,
    7.273106624597E-02),.PIECEWISE_BEZIER_KNOTS.);
#2684 = CARTESIAN_POINT('',(-2.791212291326,-1.908881111033,0.7610001));
#2685 = CARTESIAN_POINT('',(-2.71848122508,-1.908881111033,0.7610001));
#2686 = CARTESIAN_POINT('',(-2.791212291326,-1.908881111033,0.7600001));
#2687 = CARTESIAN_POINT('',(-2.71848122508,-1.908881111033,0.7600001));
#2688 = ADVANCED_FACE('',(#2689),#2705,.F.);
#2689 = FACE_BOUND('',#2690,.T.);
#2690 = EDGE_LOOP('',(#2691,#2692,#2699,#2704));
#2691 = ORIENTED_EDGE('',*,*,#893,.T.);
#2692 = ORIENTED_EDGE('',*,*,#2693,.F.);
#2693 = EDGE_CURVE('',#2694,#887,#2696,.T.);
#2694 = VERTEX_POINT('',#2695);
#2695 = CARTESIAN_POINT('',(-2.791212291326,-1.843792265471,0.7610001));
#2696 = B_SPLINE_CURVE_WITH_KNOTS('',1,(#2697,#2698),.UNSPECIFIED.,.F.,
  .F.,(2,2),(-0.,1.E-03),.PIECEWISE_BEZIER_KNOTS.);
#2697 = CARTESIAN_POINT('',(-2.791212291326,-1.843792265471,0.7610001));
#2698 = CARTESIAN_POINT('',(-2.791212291326,-1.843792265471,0.7600001));
#2699 = ORIENTED_EDGE('',*,*,#2700,.F.);
#2700 = EDGE_CURVE('',#2672,#2694,#2701,.T.);
#2701 = B_SPLINE_CURVE_WITH_KNOTS('',1,(#2702,#2703),.UNSPECIFIED.,.F.,
  .F.,(2,2),(-6.508884556212E-02,0.),.PIECEWISE_BEZIER_KNOTS.);
#2702 = CARTESIAN_POINT('',(-2.791212291326,-1.908881111033,0.7610001));
#2703 = CARTESIAN_POINT('',(-2.791212291326,-1.843792265471,0.7610001));
#2704 = ORIENTED_EDGE('',*,*,#2671,.T.);
#2705 = B_SPLINE_SURFACE_WITH_KNOTS('',1,1,(
    (#2706,#2707)
    ,(#2708,#2709)),.UNSPECIFIED.,.F.,.F.,.F.,(2,2),(2,2),(-1.E-03,0.),(
    -6.508884556212E-02,0.),.PIECEWISE_BEZIER_KNOTS.);
#2706 = CARTESIAN_POINT('',(-2.791212291326,-1.908881111033,0.7600001));
#2707 = CARTESIAN_POINT('',(-2.791212291326,-1.843792265471,0.7600001));
#2708 = CARTESIAN_POINT('',(-2.791212291326,-1.908881111033,0.7610001));
#2709 = CARTESIAN_POINT('',(-2.791212291326,-1.843792265471,0.7610001));
#2710 = ADVANCED_FACE('',(#2711),#2727,.F.);
#2711 = FACE_BOUND('',#2712,.T.);
#2712 = EDGE_LOOP('',(#2713,#2714,#2721,#2726));
#2713 = ORIENTED_EDGE('',*,*,#886,.T.);
#2714 = ORIENTED_EDGE('',*,*,#2715,.F.);
#2715 = EDGE_CURVE('',#2716,#880,#2718,.T.);
#2716 = VERTEX_POINT('',#2717);
#2717 = CARTESIAN_POINT('',(-2.712710568644,-1.843792265471,0.7610001));
#2718 = B_SPLINE_CURVE_WITH_KNOTS('',1,(#2719,#2720),.UNSPECIFIED.,.F.,
  .F.,(2,2),(-0.,1.E-03),.PIECEWISE_BEZIER_KNOTS.);
#2719 = CARTESIAN_POINT('',(-2.712710568644,-1.843792265471,0.7610001));
#2720 = CARTESIAN_POINT('',(-2.712710568644,-1.843792265471,0.7600001));
#2721 = ORIENTED_EDGE('',*,*,#2722,.F.);
#2722 = EDGE_CURVE('',#2694,#2716,#2723,.T.);
#2723 = B_SPLINE_CURVE_WITH_KNOTS('',1,(#2724,#2725),.UNSPECIFIED.,.F.,
  .F.,(2,2),(-7.850172268189E-02,0.),.PIECEWISE_BEZIER_KNOTS.);
#2724 = CARTESIAN_POINT('',(-2.791212291326,-1.843792265471,0.7610001));
#2725 = CARTESIAN_POINT('',(-2.712710568644,-1.843792265471,0.7610001));
#2726 = ORIENTED_EDGE('',*,*,#2693,.T.);
#2727 = B_SPLINE_SURFACE_WITH_KNOTS('',1,1,(
    (#2728,#2729)
    ,(#2730,#2731)),.UNSPECIFIED.,.F.,.F.,.F.,(2,2),(2,2),(-1.E-03,0.),(
    -7.850172268189E-02,0.),.PIECEWISE_BEZIER_KNOTS.);
#2728 = CARTESIAN_POINT('',(-2.791212291326,-1.843792265471,0.7600001));
#2729 = CARTESIAN_POINT('',(-2.712710568644,-1.843792265471,0.7600001));
#2730 = CARTESIAN_POINT('',(-2.791212291326,-1.843792265471,0.7610001));
#2731 = CARTESIAN_POINT('',(-2.712710568644,-1.843792265471,0.7610001));
#2732 = ADVANCED_FACE('',(#2733),#2749,.F.);
#2733 = FACE_BOUND('',#2734,.T.);
#2734 = EDGE_LOOP('',(#2735,#2736,#2743,#2748));
#2735 = ORIENTED_EDGE('',*,*,#879,.T.);
#2736 = ORIENTED_EDGE('',*,*,#2737,.F.);
#2737 = EDGE_CURVE('',#2738,#873,#2740,.T.);
#2738 = VERTEX_POINT('',#2739);
#2739 = CARTESIAN_POINT('',(-2.712710568644,-1.820397712354,0.7610001));
#2740 = B_SPLINE_CURVE_WITH_KNOTS('',1,(#2741,#2742),.UNSPECIFIED.,.F.,
  .F.,(2,2),(-0.,1.E-03),.PIECEWISE_BEZIER_KNOTS.);
#2741 = CARTESIAN_POINT('',(-2.712710568644,-1.820397712354,0.7610001));
#2742 = CARTESIAN_POINT('',(-2.712710568644,-1.820397712354,0.7600001));
#2743 = ORIENTED_EDGE('',*,*,#2744,.F.);
#2744 = EDGE_CURVE('',#2716,#2738,#2745,.T.);
#2745 = B_SPLINE_CURVE_WITH_KNOTS('',1,(#2746,#2747),.UNSPECIFIED.,.F.,
  .F.,(2,2),(-2.339455311681E-02,0.),.PIECEWISE_BEZIER_KNOTS.);
#2746 = CARTESIAN_POINT('',(-2.712710568644,-1.843792265471,0.7610001));
#2747 = CARTESIAN_POINT('',(-2.712710568644,-1.820397712354,0.7610001));
#2748 = ORIENTED_EDGE('',*,*,#2715,.T.);
#2749 = B_SPLINE_SURFACE_WITH_KNOTS('',1,1,(
    (#2750,#2751)
    ,(#2752,#2753)),.UNSPECIFIED.,.F.,.F.,.F.,(2,2),(2,2),(-1.E-03,0.),(
    -2.339455311681E-02,0.),.PIECEWISE_BEZIER_KNOTS.);
#2750 = CARTESIAN_POINT('',(-2.712710568644,-1.843792265471,0.7600001));
#2751 = CARTESIAN_POINT('',(-2.712710568644,-1.820397712354,0.7600001));
#2752 = CARTESIAN_POINT('',(-2.712710568644,-1.843792265471,0.7610001));
#2753 = CARTESIAN_POINT('',(-2.712710568644,-1.820397712354,0.7610001));
#2754 = ADVANCED_FACE('',(#2755),#2771,.F.);
#2755 = FACE_BOUND('',#2756,.T.);
#2756 = EDGE_LOOP('',(#2757,#2758,#2765,#2770));
#2757 = ORIENTED_EDGE('',*,*,#872,.T.);
#2758 = ORIENTED_EDGE('',*,*,#2759,.F.);
#2759 = EDGE_CURVE('',#2760,#866,#2762,.T.);
#2760 = VERTEX_POINT('',#2761);
#2761 = CARTESIAN_POINT('',(-2.817466178713,-1.820397712354,0.7610001));
#2762 = B_SPLINE_CURVE_WITH_KNOTS('',1,(#2763,#2764),.UNSPECIFIED.,.F.,
  .F.,(2,2),(-0.,1.E-03),.PIECEWISE_BEZIER_KNOTS.);
#2763 = CARTESIAN_POINT('',(-2.817466178713,-1.820397712354,0.7610001));
#2764 = CARTESIAN_POINT('',(-2.817466178713,-1.820397712354,0.7600001));
#2765 = ORIENTED_EDGE('',*,*,#2766,.F.);
#2766 = EDGE_CURVE('',#2738,#2760,#2767,.T.);
#2767 = B_SPLINE_CURVE_WITH_KNOTS('',1,(#2768,#2769),.UNSPECIFIED.,.F.,
  .F.,(2,2),(-0.104755610069,-0.),.PIECEWISE_BEZIER_KNOTS.);
#2768 = CARTESIAN_POINT('',(-2.712710568644,-1.820397712354,0.7610001));
#2769 = CARTESIAN_POINT('',(-2.817466178713,-1.820397712354,0.7610001));
#2770 = ORIENTED_EDGE('',*,*,#2737,.T.);
#2771 = B_SPLINE_SURFACE_WITH_KNOTS('',1,1,(
    (#2772,#2773)
    ,(#2774,#2775
    )),.UNSPECIFIED.,.F.,.F.,.F.,(2,2),(2,2),(0.,1.E-03),(0.,
    0.104755610069),.PIECEWISE_BEZIER_KNOTS.);
#2772 = CARTESIAN_POINT('',(-2.817466178713,-1.820397712354,0.7610001));
#2773 = CARTESIAN_POINT('',(-2.712710568644,-1.820397712354,0.7610001));
#2774 = CARTESIAN_POINT('',(-2.817466178713,-1.820397712354,0.7600001));
#2775 = CARTESIAN_POINT('',(-2.712710568644,-1.820397712354,0.7600001));
#2776 = ADVANCED_FACE('',(#2777),#2793,.F.);
#2777 = FACE_BOUND('',#2778,.T.);
#2778 = EDGE_LOOP('',(#2779,#2780,#2787,#2792));
#2779 = ORIENTED_EDGE('',*,*,#865,.T.);
#2780 = ORIENTED_EDGE('',*,*,#2781,.F.);
#2781 = EDGE_CURVE('',#2782,#859,#2784,.T.);
#2782 = VERTEX_POINT('',#2783);
#2783 = CARTESIAN_POINT('',(-2.817466178713,-2.023774360785,0.7610001));
#2784 = B_SPLINE_CURVE_WITH_KNOTS('',1,(#2785,#2786),.UNSPECIFIED.,.F.,
  .F.,(2,2),(-0.,1.E-03),.PIECEWISE_BEZIER_KNOTS.);
#2785 = CARTESIAN_POINT('',(-2.817466178713,-2.023774360785,0.7610001));
#2786 = CARTESIAN_POINT('',(-2.817466178713,-2.023774360785,0.7600001));
#2787 = ORIENTED_EDGE('',*,*,#2788,.F.);
#2788 = EDGE_CURVE('',#2760,#2782,#2789,.T.);
#2789 = B_SPLINE_CURVE_WITH_KNOTS('',1,(#2790,#2791),.UNSPECIFIED.,.F.,
  .F.,(2,2),(-0.203376648431,-0.),.PIECEWISE_BEZIER_KNOTS.);
#2790 = CARTESIAN_POINT('',(-2.817466178713,-1.820397712354,0.7610001));
#2791 = CARTESIAN_POINT('',(-2.817466178713,-2.023774360785,0.7610001));
#2792 = ORIENTED_EDGE('',*,*,#2759,.T.);
#2793 = B_SPLINE_SURFACE_WITH_KNOTS('',1,1,(
    (#2794,#2795)
    ,(#2796,#2797
    )),.UNSPECIFIED.,.F.,.F.,.F.,(2,2),(2,2),(0.,1.E-03),(0.,
    0.203376648431),.PIECEWISE_BEZIER_KNOTS.);
#2794 = CARTESIAN_POINT('',(-2.817466178713,-2.023774360785,0.7610001));
#2795 = CARTESIAN_POINT('',(-2.817466178713,-1.820397712354,0.7610001));
#2796 = CARTESIAN_POINT('',(-2.817466178713,-2.023774360785,0.7600001));
#2797 = CARTESIAN_POINT('',(-2.817466178713,-1.820397712354,0.7600001));
#2798 = ADVANCED_FACE('',(#2799),#2809,.F.);
#2799 = FACE_BOUND('',#2800,.T.);
#2800 = EDGE_LOOP('',(#2801,#2802,#2803,#2808));
#2801 = ORIENTED_EDGE('',*,*,#858,.T.);
#2802 = ORIENTED_EDGE('',*,*,#2569,.F.);
#2803 = ORIENTED_EDGE('',*,*,#2804,.F.);
#2804 = EDGE_CURVE('',#2782,#2563,#2805,.T.);
#2805 = B_SPLINE_CURVE_WITH_KNOTS('',1,(#2806,#2807),.UNSPECIFIED.,.F.,
  .F.,(2,2),(-0.109382532796,0.),.PIECEWISE_BEZIER_KNOTS.);
#2806 = CARTESIAN_POINT('',(-2.817466178713,-2.023774360785,0.7610001));
#2807 = CARTESIAN_POINT('',(-2.708083645917,-2.023774360785,0.7610001));
#2808 = ORIENTED_EDGE('',*,*,#2781,.T.);
#2809 = B_SPLINE_SURFACE_WITH_KNOTS('',1,1,(
    (#2810,#2811)
    ,(#2812,#2813
    )),.UNSPECIFIED.,.F.,.F.,.F.,(2,2),(2,2),(-1.E-03,0.),(
    -0.109382532796,0.),.PIECEWISE_BEZIER_KNOTS.);
#2810 = CARTESIAN_POINT('',(-2.817466178713,-2.023774360785,0.7600001));
#2811 = CARTESIAN_POINT('',(-2.708083645917,-2.023774360785,0.7600001));
#2812 = CARTESIAN_POINT('',(-2.817466178713,-2.023774360785,0.7610001));
#2813 = CARTESIAN_POINT('',(-2.708083645917,-2.023774360785,0.7610001));
#2814 = ADVANCED_FACE('',(#2815),#2829,.F.);
#2815 = FACE_BOUND('',#2816,.T.);
#2816 = EDGE_LOOP('',(#2817,#2818,#2819,#2820,#2821,#2822,#2823,#2824,
    #2825,#2826,#2827,#2828));
#2817 = ORIENTED_EDGE('',*,*,#2562,.T.);
#2818 = ORIENTED_EDGE('',*,*,#2590,.T.);
#2819 = ORIENTED_EDGE('',*,*,#2612,.T.);
#2820 = ORIENTED_EDGE('',*,*,#2634,.T.);
#2821 = ORIENTED_EDGE('',*,*,#2656,.T.);
#2822 = ORIENTED_EDGE('',*,*,#2678,.T.);
#2823 = ORIENTED_EDGE('',*,*,#2700,.T.);
#2824 = ORIENTED_EDGE('',*,*,#2722,.T.);
#2825 = ORIENTED_EDGE('',*,*,#2744,.T.);
#2826 = ORIENTED_EDGE('',*,*,#2766,.T.);
#2827 = ORIENTED_EDGE('',*,*,#2788,.T.);
#2828 = ORIENTED_EDGE('',*,*,#2804,.T.);
#2829 = B_SPLINE_SURFACE_WITH_KNOTS('',1,1,(
    (#2830,#2831)
    ,(#2832,#2833
    )),.UNSPECIFIED.,.F.,.F.,.F.,(2,2),(2,2),(2.708083645917,
    2.817466178713),(-2.023774360785,-1.820397712354),
  .PIECEWISE_BEZIER_KNOTS.);
#2830 = CARTESIAN_POINT('',(-2.708083645917,-2.023774360785,0.7610001));
#2831 = CARTESIAN_POINT('',(-2.708083645917,-1.820397712354,0.7610001));
#2832 = CARTESIAN_POINT('',(-2.817466178713,-2.023774360785,0.7610001));
#2833 = CARTESIAN_POINT('',(-2.817466178713,-1.820397712354,0.7610001));
#2834 = ADVANCED_FACE('',(#2835,#2894),#2953,.T.);
#2835 = FACE_BOUND('',#2836,.T.);
#2836 = EDGE_LOOP('',(#2837,#2846,#2855,#2864,#2873,#2882,#2889));
#2837 = ORIENTED_EDGE('',*,*,#2838,.T.);
#2838 = EDGE_CURVE('',#2839,#2841,#2843,.T.);
#2839 = VERTEX_POINT('',#2840);
#2840 = CARTESIAN_POINT('',(-2.669664590909,-2.023774360785,0.7610001));
#2841 = VERTEX_POINT('',#2842);
#2842 = CARTESIAN_POINT('',(-2.613725615011,-2.023774360785,0.7610001));
#2843 = B_SPLINE_CURVE_WITH_KNOTS('',1,(#2844,#2845),.UNSPECIFIED.,.F.,
  .F.,(2,2),(-5.593897589788E-02,0.),.PIECEWISE_BEZIER_KNOTS.);
#2844 = CARTESIAN_POINT('',(-2.669664590909,-2.023774360785,0.7610001));
#2845 = CARTESIAN_POINT('',(-2.613725615011,-2.023774360785,0.7610001));
#2846 = ORIENTED_EDGE('',*,*,#2847,.T.);
#2847 = EDGE_CURVE('',#2841,#2848,#2850,.T.);
#2848 = VERTEX_POINT('',#2849);
#2849 = CARTESIAN_POINT('',(-2.534756001267,-1.995284993879,0.7610001));
#2850 = B_SPLINE_CURVE_WITH_KNOTS('',3,(#2851,#2852,#2853,#2854),
  .UNSPECIFIED.,.F.,.F.,(4,4),(5.,6.),.PIECEWISE_BEZIER_KNOTS.);
#2851 = CARTESIAN_POINT('',(-2.613725615011,-2.023774360785,0.7610001));
#2852 = CARTESIAN_POINT('',(-2.581545107502,-2.023774360785,0.7610001));
#2853 = CARTESIAN_POINT('',(-2.555187244322,-2.014312563746,0.7610001));
#2854 = CARTESIAN_POINT('',(-2.534756001267,-1.995284993879,0.7610001));
#2855 = ORIENTED_EDGE('',*,*,#2856,.T.);
#2856 = EDGE_CURVE('',#2848,#2857,#2859,.T.);
#2857 = VERTEX_POINT('',#2858);
#2858 = CARTESIAN_POINT('',(-2.504083142735,-1.919486641778,0.7610001));
#2859 = B_SPLINE_CURVE_WITH_KNOTS('',3,(#2860,#2861,#2862,#2863),
  .UNSPECIFIED.,.F.,.F.,(4,4),(4.,5.),.PIECEWISE_BEZIER_KNOTS.);
#2860 = CARTESIAN_POINT('',(-2.534756001267,-1.995284993879,0.7610001));
#2861 = CARTESIAN_POINT('',(-2.514324758211,-1.97625742401,0.7610001));
#2862 = CARTESIAN_POINT('',(-2.504083142735,-1.950991306643,0.7610001));
#2863 = CARTESIAN_POINT('',(-2.504083142735,-1.919486641778,0.7610001));
#2864 = ORIENTED_EDGE('',*,*,#2865,.T.);
#2865 = EDGE_CURVE('',#2857,#2866,#2868,.T.);
#2866 = VERTEX_POINT('',#2867);
#2867 = CARTESIAN_POINT('',(-2.534756001267,-1.847327442386,0.7610001));
#2868 = B_SPLINE_CURVE_WITH_KNOTS('',3,(#2869,#2870,#2871,#2872),
  .UNSPECIFIED.,.F.,.F.,(4,4),(3.,4.),.PIECEWISE_BEZIER_KNOTS.);
#2869 = CARTESIAN_POINT('',(-2.504083142735,-1.919486641778,0.7610001));
#2870 = CARTESIAN_POINT('',(-2.504083142735,-1.889333662206,0.7610001));
#2871 = CARTESIAN_POINT('',(-2.514324758211,-1.865315254339,0.7610001));
#2872 = CARTESIAN_POINT('',(-2.534756001267,-1.847327442386,0.7610001));
#2873 = ORIENTED_EDGE('',*,*,#2874,.T.);
#2874 = EDGE_CURVE('',#2866,#2875,#2877,.T.);
#2875 = VERTEX_POINT('',#2876);
#2876 = CARTESIAN_POINT('',(-2.611646099178,-1.820397712354,0.7610001));
#2877 = B_SPLINE_CURVE_WITH_KNOTS('',3,(#2878,#2879,#2880,#2881),
  .UNSPECIFIED.,.F.,.F.,(4,4),(2.,3.),.PIECEWISE_BEZIER_KNOTS.);
#2878 = CARTESIAN_POINT('',(-2.534756001267,-1.847327442386,0.7610001));
#2879 = CARTESIAN_POINT('',(-2.555187244322,-1.829339630434,0.7610001));
#2880 = CARTESIAN_POINT('',(-2.58081727696,-1.820397712354,0.7610001));
#2881 = CARTESIAN_POINT('',(-2.611646099178,-1.820397712354,0.7610001));
#2882 = ORIENTED_EDGE('',*,*,#2883,.T.);
#2883 = EDGE_CURVE('',#2875,#2884,#2886,.T.);
#2884 = VERTEX_POINT('',#2885);
#2885 = CARTESIAN_POINT('',(-2.669664590909,-1.820397712354,0.7610001));
#2886 = B_SPLINE_CURVE_WITH_KNOTS('',1,(#2887,#2888),.UNSPECIFIED.,.F.,
  .F.,(2,2),(-5.801849173091E-02,-0.),.PIECEWISE_BEZIER_KNOTS.);
#2887 = CARTESIAN_POINT('',(-2.611646099178,-1.820397712354,0.7610001));
#2888 = CARTESIAN_POINT('',(-2.669664590909,-1.820397712354,0.7610001));
#2889 = ORIENTED_EDGE('',*,*,#2890,.T.);
#2890 = EDGE_CURVE('',#2884,#2839,#2891,.T.);
#2891 = B_SPLINE_CURVE_WITH_KNOTS('',1,(#2892,#2893),.UNSPECIFIED.,.F.,
  .F.,(2,2),(-0.203376648431,-0.),.PIECEWISE_BEZIER_KNOTS.);
#2892 = CARTESIAN_POINT('',(-2.669664590909,-1.820397712354,0.7610001));
#2893 = CARTESIAN_POINT('',(-2.669664590909,-2.023774360785,0.7610001));
#2894 = FACE_BOUND('',#2895,.T.);
#2895 = EDGE_LOOP('',(#2896,#2905,#2912,#2921,#2930,#2939,#2948));
#2896 = ORIENTED_EDGE('',*,*,#2897,.F.);
#2897 = EDGE_CURVE('',#2898,#2900,#2902,.T.);
#2898 = VERTEX_POINT('',#2899);
#2899 = CARTESIAN_POINT('',(-2.643410703521,-1.843792265471,0.7610001));
#2900 = VERTEX_POINT('',#2901);
#2901 = CARTESIAN_POINT('',(-2.643410703521,-2.000587759251,0.7610001));
#2902 = B_SPLINE_CURVE_WITH_KNOTS('',1,(#2903,#2904),.UNSPECIFIED.,.F.,
  .F.,(2,2),(0.,0.156795493781),.PIECEWISE_BEZIER_KNOTS.);
#2903 = CARTESIAN_POINT('',(-2.643410703521,-1.843792265471,0.7610001));
#2904 = CARTESIAN_POINT('',(-2.643410703521,-2.000587759251,0.7610001));
#2905 = ORIENTED_EDGE('',*,*,#2906,.F.);
#2906 = EDGE_CURVE('',#2907,#2898,#2909,.T.);
#2907 = VERTEX_POINT('',#2908);
#2908 = CARTESIAN_POINT('',(-2.612685857096,-1.843792265471,0.7610001));
#2909 = B_SPLINE_CURVE_WITH_KNOTS('',1,(#2910,#2911),.UNSPECIFIED.,.F.,
  .F.,(2,2),(0.,3.072484642542E-02),.PIECEWISE_BEZIER_KNOTS.);
#2910 = CARTESIAN_POINT('',(-2.612685857096,-1.843792265471,0.7610001));
#2911 = CARTESIAN_POINT('',(-2.643410703521,-1.843792265471,0.7610001));
#2912 = ORIENTED_EDGE('',*,*,#2913,.F.);
#2913 = EDGE_CURVE('',#2914,#2907,#2916,.T.);
#2914 = VERTEX_POINT('',#2915);
#2915 = CARTESIAN_POINT('',(-2.553991522719,-1.862923811131,0.7610001));
#2916 = B_SPLINE_CURVE_WITH_KNOTS('',3,(#2917,#2918,#2919,#2920),
  .UNSPECIFIED.,.F.,.F.,(4,4),(5.,6.),.PIECEWISE_BEZIER_KNOTS.);
#2917 = CARTESIAN_POINT('',(-2.553991522719,-1.862923811131,0.7610001));
#2918 = CARTESIAN_POINT('',(-2.568860060923,-1.85013478876,0.7610001));
#2919 = CARTESIAN_POINT('',(-2.588459497645,-1.843792265471,0.7610001));
#2920 = CARTESIAN_POINT('',(-2.612685857096,-1.843792265471,0.7610001));
#2921 = ORIENTED_EDGE('',*,*,#2922,.F.);
#2922 = EDGE_CURVE('',#2923,#2914,#2925,.T.);
#2923 = VERTEX_POINT('',#2924);
#2924 = CARTESIAN_POINT('',(-2.531688715413,-1.92021447232,0.7610001));
#2925 = B_SPLINE_CURVE_WITH_KNOTS('',3,(#2926,#2927,#2928,#2929),
  .UNSPECIFIED.,.F.,.F.,(4,4),(4.,5.),.PIECEWISE_BEZIER_KNOTS.);
#2926 = CARTESIAN_POINT('',(-2.531688715413,-1.92021447232,0.7610001));
#2927 = CARTESIAN_POINT('',(-2.531688715413,-1.894844379162,0.7610001));
#2928 = CARTESIAN_POINT('',(-2.539122984516,-1.875712833501,0.7610001));
#2929 = CARTESIAN_POINT('',(-2.553991522719,-1.862923811131,0.7610001));
#2930 = ORIENTED_EDGE('',*,*,#2931,.F.);
#2931 = EDGE_CURVE('',#2932,#2923,#2934,.T.);
#2932 = VERTEX_POINT('',#2933);
#2933 = CARTESIAN_POINT('',(-2.553419655864,-1.979376697759,0.7610001));
#2934 = B_SPLINE_CURVE_WITH_KNOTS('',3,(#2935,#2936,#2937,#2938),
  .UNSPECIFIED.,.F.,.F.,(4,4),(3.,4.),.PIECEWISE_BEZIER_KNOTS.);
#2935 = CARTESIAN_POINT('',(-2.553419655864,-1.979376697759,0.7610001));
#2936 = CARTESIAN_POINT('',(-2.538915032931,-1.965339965888,0.7610001));
#2937 = CARTESIAN_POINT('',(-2.531688715413,-1.945584565479,0.7610001));
#2938 = CARTESIAN_POINT('',(-2.531688715413,-1.92021447232,0.7610001));
#2939 = ORIENTED_EDGE('',*,*,#2940,.F.);
#2940 = EDGE_CURVE('',#2941,#2932,#2943,.T.);
#2941 = VERTEX_POINT('',#2942);
#2942 = CARTESIAN_POINT('',(-2.613881578698,-2.000587759251,0.7610001));
#2943 = B_SPLINE_CURVE_WITH_KNOTS('',3,(#2944,#2945,#2946,#2947),
  .UNSPECIFIED.,.F.,.F.,(4,4),(2.,3.),.PIECEWISE_BEZIER_KNOTS.);
#2944 = CARTESIAN_POINT('',(-2.613881578698,-2.000587759251,0.7610001));
#2945 = CARTESIAN_POINT('',(-2.588043594478,-2.000587759251,0.7610001));
#2946 = CARTESIAN_POINT('',(-2.567872290901,-1.99351740542,0.7610001));
#2947 = CARTESIAN_POINT('',(-2.553419655864,-1.979376697759,0.7610001));
#2948 = ORIENTED_EDGE('',*,*,#2949,.F.);
#2949 = EDGE_CURVE('',#2900,#2941,#2950,.T.);
#2950 = B_SPLINE_CURVE_WITH_KNOTS('',1,(#2951,#2952),.UNSPECIFIED.,.F.,
  .F.,(2,2),(0.,2.952912482302E-02),.PIECEWISE_BEZIER_KNOTS.);
#2951 = CARTESIAN_POINT('',(-2.643410703521,-2.000587759251,0.7610001));
#2952 = CARTESIAN_POINT('',(-2.613881578698,-2.000587759251,0.7610001));
#2953 = B_SPLINE_SURFACE_WITH_KNOTS('',1,1,(
    (#2954,#2955)
    ,(#2956,#2957
    )),.UNSPECIFIED.,.F.,.F.,.F.,(2,2),(2,2),(-0.100362632872,
    6.521881530082E-02),(-0.196657212897,6.719435533992E-03),
  .PIECEWISE_BEZIER_KNOTS.);
#2954 = CARTESIAN_POINT('',(-2.669664590909,-2.023774360785,0.7610001));
#2955 = CARTESIAN_POINT('',(-2.669664590909,-1.820397712354,0.7610001));
#2956 = CARTESIAN_POINT('',(-2.504083142735,-2.023774360785,0.7610001));
#2957 = CARTESIAN_POINT('',(-2.504083142735,-1.820397712354,0.7610001));
#2958 = ADVANCED_FACE('',(#2959),#2973,.F.);
#2959 = FACE_BOUND('',#2960,.T.);
#2960 = EDGE_LOOP('',(#2961,#2962,#2967,#2968));
#2961 = ORIENTED_EDGE('',*,*,#596,.T.);
#2962 = ORIENTED_EDGE('',*,*,#2963,.F.);
#2963 = EDGE_CURVE('',#2841,#586,#2964,.T.);
#2964 = B_SPLINE_CURVE_WITH_KNOTS('',1,(#2965,#2966),.UNSPECIFIED.,.F.,
  .F.,(2,2),(-0.,1.E-03),.PIECEWISE_BEZIER_KNOTS.);
#2965 = CARTESIAN_POINT('',(-2.613725615011,-2.023774360785,0.7610001));
#2966 = CARTESIAN_POINT('',(-2.613725615011,-2.023774360785,0.7600001));
#2967 = ORIENTED_EDGE('',*,*,#2838,.F.);
#2968 = ORIENTED_EDGE('',*,*,#2969,.T.);
#2969 = EDGE_CURVE('',#2839,#597,#2970,.T.);
#2970 = B_SPLINE_CURVE_WITH_KNOTS('',1,(#2971,#2972),.UNSPECIFIED.,.F.,
  .F.,(2,2),(-0.,1.E-03),.PIECEWISE_BEZIER_KNOTS.);
#2971 = CARTESIAN_POINT('',(-2.669664590909,-2.023774360785,0.7610001));
#2972 = CARTESIAN_POINT('',(-2.669664590909,-2.023774360785,0.7600001));
#2973 = B_SPLINE_SURFACE_WITH_KNOTS('',1,1,(
    (#2974,#2975)
    ,(#2976,#2977)),.UNSPECIFIED.,.F.,.F.,.F.,(2,2),(2,2),(-1.E-03,0.),(
    -5.593897589788E-02,0.),.PIECEWISE_BEZIER_KNOTS.);
#2974 = CARTESIAN_POINT('',(-2.669664590909,-2.023774360785,0.7600001));
#2975 = CARTESIAN_POINT('',(-2.613725615011,-2.023774360785,0.7600001));
#2976 = CARTESIAN_POINT('',(-2.669664590909,-2.023774360785,0.7610001));
#2977 = CARTESIAN_POINT('',(-2.613725615011,-2.023774360785,0.7610001));
#2978 = ADVANCED_FACE('',(#2979),#2989,.F.);
#2979 = FACE_BOUND('',#2980,.F.);
#2980 = EDGE_LOOP('',(#2981,#2982,#2983,#2988));
#2981 = ORIENTED_EDGE('',*,*,#2963,.F.);
#2982 = ORIENTED_EDGE('',*,*,#2847,.T.);
#2983 = ORIENTED_EDGE('',*,*,#2984,.T.);
#2984 = EDGE_CURVE('',#2848,#588,#2985,.T.);
#2985 = B_SPLINE_CURVE_WITH_KNOTS('',1,(#2986,#2987),.UNSPECIFIED.,.F.,
  .F.,(2,2),(-0.,1.E-03),.PIECEWISE_BEZIER_KNOTS.);
#2986 = CARTESIAN_POINT('',(-2.534756001267,-1.995284993879,0.7610001));
#2987 = CARTESIAN_POINT('',(-2.534756001267,-1.995284993879,0.7600001));
#2988 = ORIENTED_EDGE('',*,*,#585,.F.);
#2989 = B_SPLINE_SURFACE_WITH_KNOTS('',3,1,(
    (#2990,#2991)
    ,(#2992,#2993)
    ,(#2994,#2995)
    ,(#2996,#2997
    )),.UNSPECIFIED.,.F.,.F.,.F.,(4,4),(2,2),(5.,6.),(0.,1.),
  .PIECEWISE_BEZIER_KNOTS.);
#2990 = CARTESIAN_POINT('',(-2.613725615011,-2.023774360785,0.7610001));
#2991 = CARTESIAN_POINT('',(-2.613725615011,-2.023774360785,0.7600001));
#2992 = CARTESIAN_POINT('',(-2.581545107502,-2.023774360785,0.7610001));
#2993 = CARTESIAN_POINT('',(-2.581545107502,-2.023774360785,0.7600001));
#2994 = CARTESIAN_POINT('',(-2.555187244322,-2.014312563746,0.7610001));
#2995 = CARTESIAN_POINT('',(-2.555187244322,-2.014312563746,0.7600001));
#2996 = CARTESIAN_POINT('',(-2.534756001267,-1.995284993879,0.7610001));
#2997 = CARTESIAN_POINT('',(-2.534756001267,-1.995284993879,0.7600001));
#2998 = ADVANCED_FACE('',(#2999),#3009,.F.);
#2999 = FACE_BOUND('',#3000,.F.);
#3000 = EDGE_LOOP('',(#3001,#3002,#3003,#3008));
#3001 = ORIENTED_EDGE('',*,*,#2984,.F.);
#3002 = ORIENTED_EDGE('',*,*,#2856,.T.);
#3003 = ORIENTED_EDGE('',*,*,#3004,.T.);
#3004 = EDGE_CURVE('',#2857,#627,#3005,.T.);
#3005 = B_SPLINE_CURVE_WITH_KNOTS('',1,(#3006,#3007),.UNSPECIFIED.,.F.,
  .F.,(2,2),(-0.,1.E-03),.PIECEWISE_BEZIER_KNOTS.);
#3006 = CARTESIAN_POINT('',(-2.504083142735,-1.919486641778,0.7610001));
#3007 = CARTESIAN_POINT('',(-2.504083142735,-1.919486641778,0.7600001));
#3008 = ORIENTED_EDGE('',*,*,#635,.F.);
#3009 = B_SPLINE_SURFACE_WITH_KNOTS('',3,1,(
    (#3010,#3011)
    ,(#3012,#3013)
    ,(#3014,#3015)
    ,(#3016,#3017
    )),.UNSPECIFIED.,.F.,.F.,.F.,(4,4),(2,2),(4.,5.),(0.,1.),
  .PIECEWISE_BEZIER_KNOTS.);
#3010 = CARTESIAN_POINT('',(-2.534756001267,-1.995284993879,0.7610001));
#3011 = CARTESIAN_POINT('',(-2.534756001267,-1.995284993879,0.7600001));
#3012 = CARTESIAN_POINT('',(-2.514324758211,-1.97625742401,0.7610001));
#3013 = CARTESIAN_POINT('',(-2.514324758211,-1.97625742401,0.7600001));
#3014 = CARTESIAN_POINT('',(-2.504083142735,-1.950991306643,0.7610001));
#3015 = CARTESIAN_POINT('',(-2.504083142735,-1.950991306643,0.7600001));
#3016 = CARTESIAN_POINT('',(-2.504083142735,-1.919486641778,0.7610001));
#3017 = CARTESIAN_POINT('',(-2.504083142735,-1.919486641778,0.7600001));
#3018 = ADVANCED_FACE('',(#3019),#3029,.F.);
#3019 = FACE_BOUND('',#3020,.F.);
#3020 = EDGE_LOOP('',(#3021,#3022,#3023,#3028));
#3021 = ORIENTED_EDGE('',*,*,#3004,.F.);
#3022 = ORIENTED_EDGE('',*,*,#2865,.T.);
#3023 = ORIENTED_EDGE('',*,*,#3024,.T.);
#3024 = EDGE_CURVE('',#2866,#618,#3025,.T.);
#3025 = B_SPLINE_CURVE_WITH_KNOTS('',1,(#3026,#3027),.UNSPECIFIED.,.F.,
  .F.,(2,2),(-0.,1.E-03),.PIECEWISE_BEZIER_KNOTS.);
#3026 = CARTESIAN_POINT('',(-2.534756001267,-1.847327442386,0.7610001));
#3027 = CARTESIAN_POINT('',(-2.534756001267,-1.847327442386,0.7600001));
#3028 = ORIENTED_EDGE('',*,*,#626,.F.);
#3029 = B_SPLINE_SURFACE_WITH_KNOTS('',3,1,(
    (#3030,#3031)
    ,(#3032,#3033)
    ,(#3034,#3035)
    ,(#3036,#3037
    )),.UNSPECIFIED.,.F.,.F.,.F.,(4,4),(2,2),(3.,4.),(0.,1.),
  .PIECEWISE_BEZIER_KNOTS.);
#3030 = CARTESIAN_POINT('',(-2.504083142735,-1.919486641778,0.7610001));
#3031 = CARTESIAN_POINT('',(-2.504083142735,-1.919486641778,0.7600001));
#3032 = CARTESIAN_POINT('',(-2.504083142735,-1.889333662206,0.7610001));
#3033 = CARTESIAN_POINT('',(-2.504083142735,-1.889333662206,0.7600001));
#3034 = CARTESIAN_POINT('',(-2.514324758211,-1.865315254339,0.7610001));
#3035 = CARTESIAN_POINT('',(-2.514324758211,-1.865315254339,0.7600001));
#3036 = CARTESIAN_POINT('',(-2.534756001267,-1.847327442386,0.7610001));
#3037 = CARTESIAN_POINT('',(-2.534756001267,-1.847327442386,0.7600001));
#3038 = ADVANCED_FACE('',(#3039),#3049,.F.);
#3039 = FACE_BOUND('',#3040,.F.);
#3040 = EDGE_LOOP('',(#3041,#3042,#3043,#3048));
#3041 = ORIENTED_EDGE('',*,*,#3024,.F.);
#3042 = ORIENTED_EDGE('',*,*,#2874,.T.);
#3043 = ORIENTED_EDGE('',*,*,#3044,.T.);
#3044 = EDGE_CURVE('',#2875,#611,#3045,.T.);
#3045 = B_SPLINE_CURVE_WITH_KNOTS('',1,(#3046,#3047),.UNSPECIFIED.,.F.,
  .F.,(2,2),(-0.,1.E-03),.PIECEWISE_BEZIER_KNOTS.);
#3046 = CARTESIAN_POINT('',(-2.611646099178,-1.820397712354,0.7610001));
#3047 = CARTESIAN_POINT('',(-2.611646099178,-1.820397712354,0.7600001));
#3048 = ORIENTED_EDGE('',*,*,#617,.F.);
#3049 = B_SPLINE_SURFACE_WITH_KNOTS('',3,1,(
    (#3050,#3051)
    ,(#3052,#3053)
    ,(#3054,#3055)
    ,(#3056,#3057
    )),.UNSPECIFIED.,.F.,.F.,.F.,(4,4),(2,2),(2.,3.),(0.,1.),
  .PIECEWISE_BEZIER_KNOTS.);
#3050 = CARTESIAN_POINT('',(-2.534756001267,-1.847327442386,0.7610001));
#3051 = CARTESIAN_POINT('',(-2.534756001267,-1.847327442386,0.7600001));
#3052 = CARTESIAN_POINT('',(-2.555187244322,-1.829339630434,0.7610001));
#3053 = CARTESIAN_POINT('',(-2.555187244322,-1.829339630434,0.7600001));
#3054 = CARTESIAN_POINT('',(-2.58081727696,-1.820397712354,0.7610001));
#3055 = CARTESIAN_POINT('',(-2.58081727696,-1.820397712354,0.7600001));
#3056 = CARTESIAN_POINT('',(-2.611646099178,-1.820397712354,0.7610001));
#3057 = CARTESIAN_POINT('',(-2.611646099178,-1.820397712354,0.7600001));
#3058 = ADVANCED_FACE('',(#3059),#3069,.F.);
#3059 = FACE_BOUND('',#3060,.T.);
#3060 = EDGE_LOOP('',(#3061,#3062,#3067,#3068));
#3061 = ORIENTED_EDGE('',*,*,#610,.T.);
#3062 = ORIENTED_EDGE('',*,*,#3063,.F.);
#3063 = EDGE_CURVE('',#2884,#604,#3064,.T.);
#3064 = B_SPLINE_CURVE_WITH_KNOTS('',1,(#3065,#3066),.UNSPECIFIED.,.F.,
  .F.,(2,2),(-0.,1.E-03),.PIECEWISE_BEZIER_KNOTS.);
#3065 = CARTESIAN_POINT('',(-2.669664590909,-1.820397712354,0.7610001));
#3066 = CARTESIAN_POINT('',(-2.669664590909,-1.820397712354,0.7600001));
#3067 = ORIENTED_EDGE('',*,*,#2883,.F.);
#3068 = ORIENTED_EDGE('',*,*,#3044,.T.);
#3069 = B_SPLINE_SURFACE_WITH_KNOTS('',1,1,(
    (#3070,#3071)
    ,(#3072,#3073
    )),.UNSPECIFIED.,.F.,.F.,.F.,(2,2),(2,2),(0.,1.E-03),(0.,
    5.801849173091E-02),.PIECEWISE_BEZIER_KNOTS.);
#3070 = CARTESIAN_POINT('',(-2.669664590909,-1.820397712354,0.7610001));
#3071 = CARTESIAN_POINT('',(-2.611646099178,-1.820397712354,0.7610001));
#3072 = CARTESIAN_POINT('',(-2.669664590909,-1.820397712354,0.7600001));
#3073 = CARTESIAN_POINT('',(-2.611646099178,-1.820397712354,0.7600001));
#3074 = ADVANCED_FACE('',(#3075),#3081,.F.);
#3075 = FACE_BOUND('',#3076,.T.);
#3076 = EDGE_LOOP('',(#3077,#3078,#3079,#3080));
#3077 = ORIENTED_EDGE('',*,*,#603,.T.);
#3078 = ORIENTED_EDGE('',*,*,#2969,.F.);
#3079 = ORIENTED_EDGE('',*,*,#2890,.F.);
#3080 = ORIENTED_EDGE('',*,*,#3063,.T.);
#3081 = B_SPLINE_SURFACE_WITH_KNOTS('',1,1,(
    (#3082,#3083)
    ,(#3084,#3085
    )),.UNSPECIFIED.,.F.,.F.,.F.,(2,2),(2,2),(0.,1.E-03),(0.,
    0.203376648431),.PIECEWISE_BEZIER_KNOTS.);
#3082 = CARTESIAN_POINT('',(-2.669664590909,-2.023774360785,0.7610001));
#3083 = CARTESIAN_POINT('',(-2.669664590909,-1.820397712354,0.7610001));
#3084 = CARTESIAN_POINT('',(-2.669664590909,-2.023774360785,0.7600001));
#3085 = CARTESIAN_POINT('',(-2.669664590909,-1.820397712354,0.7600001));
#3086 = ADVANCED_FACE('',(#3087),#3109,.T.);
#3087 = FACE_BOUND('',#3088,.T.);
#3088 = EDGE_LOOP('',(#3089,#3098,#3103,#3104));
#3089 = ORIENTED_EDGE('',*,*,#3090,.F.);
#3090 = EDGE_CURVE('',#3091,#3093,#3095,.T.);
#3091 = VERTEX_POINT('',#3092);
#3092 = CARTESIAN_POINT('',(-2.612685857096,-1.843792265471,0.7600001));
#3093 = VERTEX_POINT('',#3094);
#3094 = CARTESIAN_POINT('',(-2.643410703521,-1.843792265471,0.7600001));
#3095 = B_SPLINE_CURVE_WITH_KNOTS('',1,(#3096,#3097),.UNSPECIFIED.,.F.,
  .F.,(2,2),(0.,3.072484642542E-02),.PIECEWISE_BEZIER_KNOTS.);
#3096 = CARTESIAN_POINT('',(-2.612685857096,-1.843792265471,0.7600001));
#3097 = CARTESIAN_POINT('',(-2.643410703521,-1.843792265471,0.7600001));
#3098 = ORIENTED_EDGE('',*,*,#3099,.F.);
#3099 = EDGE_CURVE('',#2907,#3091,#3100,.T.);
#3100 = B_SPLINE_CURVE_WITH_KNOTS('',1,(#3101,#3102),.UNSPECIFIED.,.F.,
  .F.,(2,2),(-0.,1.E-03),.PIECEWISE_BEZIER_KNOTS.);
#3101 = CARTESIAN_POINT('',(-2.612685857096,-1.843792265471,0.7610001));
#3102 = CARTESIAN_POINT('',(-2.612685857096,-1.843792265471,0.7600001));
#3103 = ORIENTED_EDGE('',*,*,#2906,.T.);
#3104 = ORIENTED_EDGE('',*,*,#3105,.T.);
#3105 = EDGE_CURVE('',#2898,#3093,#3106,.T.);
#3106 = B_SPLINE_CURVE_WITH_KNOTS('',1,(#3107,#3108),.UNSPECIFIED.,.F.,
  .F.,(2,2),(-0.,1.E-03),.PIECEWISE_BEZIER_KNOTS.);
#3107 = CARTESIAN_POINT('',(-2.643410703521,-1.843792265471,0.7610001));
#3108 = CARTESIAN_POINT('',(-2.643410703521,-1.843792265471,0.7600001));
#3109 = B_SPLINE_SURFACE_WITH_KNOTS('',1,1,(
    (#3110,#3111)
    ,(#3112,#3113)),.UNSPECIFIED.,.F.,.F.,.F.,(2,2),(2,2),(0.,1.E-03),(
    -3.072484642542E-02,0.),.PIECEWISE_BEZIER_KNOTS.);
#3110 = CARTESIAN_POINT('',(-2.643410703521,-1.843792265471,0.7610001));
#3111 = CARTESIAN_POINT('',(-2.612685857096,-1.843792265471,0.7610001));
#3112 = CARTESIAN_POINT('',(-2.643410703521,-1.843792265471,0.7600001));
#3113 = CARTESIAN_POINT('',(-2.612685857096,-1.843792265471,0.7600001));
#3114 = ADVANCED_FACE('',(#3115),#3131,.T.);
#3115 = FACE_BOUND('',#3116,.T.);
#3116 = EDGE_LOOP('',(#3117,#3124,#3125,#3126));
#3117 = ORIENTED_EDGE('',*,*,#3118,.F.);
#3118 = EDGE_CURVE('',#3093,#3119,#3121,.T.);
#3119 = VERTEX_POINT('',#3120);
#3120 = CARTESIAN_POINT('',(-2.643410703521,-2.000587759251,0.7600001));
#3121 = B_SPLINE_CURVE_WITH_KNOTS('',1,(#3122,#3123),.UNSPECIFIED.,.F.,
  .F.,(2,2),(0.,0.156795493781),.PIECEWISE_BEZIER_KNOTS.);
#3122 = CARTESIAN_POINT('',(-2.643410703521,-1.843792265471,0.7600001));
#3123 = CARTESIAN_POINT('',(-2.643410703521,-2.000587759251,0.7600001));
#3124 = ORIENTED_EDGE('',*,*,#3105,.F.);
#3125 = ORIENTED_EDGE('',*,*,#2897,.T.);
#3126 = ORIENTED_EDGE('',*,*,#3127,.T.);
#3127 = EDGE_CURVE('',#2900,#3119,#3128,.T.);
#3128 = B_SPLINE_CURVE_WITH_KNOTS('',1,(#3129,#3130),.UNSPECIFIED.,.F.,
  .F.,(2,2),(-0.,1.E-03),.PIECEWISE_BEZIER_KNOTS.);
#3129 = CARTESIAN_POINT('',(-2.643410703521,-2.000587759251,0.7610001));
#3130 = CARTESIAN_POINT('',(-2.643410703521,-2.000587759251,0.7600001));
#3131 = B_SPLINE_SURFACE_WITH_KNOTS('',1,1,(
    (#3132,#3133)
    ,(#3134,#3135
    )),.UNSPECIFIED.,.F.,.F.,.F.,(2,2),(2,2),(0.,1.E-03),(
    -0.156795493781,0.),.PIECEWISE_BEZIER_KNOTS.);
#3132 = CARTESIAN_POINT('',(-2.643410703521,-2.000587759251,0.7610001));
#3133 = CARTESIAN_POINT('',(-2.643410703521,-1.843792265471,0.7610001));
#3134 = CARTESIAN_POINT('',(-2.643410703521,-2.000587759251,0.7600001));
#3135 = CARTESIAN_POINT('',(-2.643410703521,-1.843792265471,0.7600001));
#3136 = ADVANCED_FACE('',(#3137),#3153,.T.);
#3137 = FACE_BOUND('',#3138,.T.);
#3138 = EDGE_LOOP('',(#3139,#3146,#3147,#3148));
#3139 = ORIENTED_EDGE('',*,*,#3140,.F.);
#3140 = EDGE_CURVE('',#3119,#3141,#3143,.T.);
#3141 = VERTEX_POINT('',#3142);
#3142 = CARTESIAN_POINT('',(-2.613881578698,-2.000587759251,0.7600001));
#3143 = B_SPLINE_CURVE_WITH_KNOTS('',1,(#3144,#3145),.UNSPECIFIED.,.F.,
  .F.,(2,2),(0.,2.952912482302E-02),.PIECEWISE_BEZIER_KNOTS.);
#3144 = CARTESIAN_POINT('',(-2.643410703521,-2.000587759251,0.7600001));
#3145 = CARTESIAN_POINT('',(-2.613881578698,-2.000587759251,0.7600001));
#3146 = ORIENTED_EDGE('',*,*,#3127,.F.);
#3147 = ORIENTED_EDGE('',*,*,#2949,.T.);
#3148 = ORIENTED_EDGE('',*,*,#3149,.T.);
#3149 = EDGE_CURVE('',#2941,#3141,#3150,.T.);
#3150 = B_SPLINE_CURVE_WITH_KNOTS('',1,(#3151,#3152),.UNSPECIFIED.,.F.,
  .F.,(2,2),(-0.,1.E-03),.PIECEWISE_BEZIER_KNOTS.);
#3151 = CARTESIAN_POINT('',(-2.613881578698,-2.000587759251,0.7610001));
#3152 = CARTESIAN_POINT('',(-2.613881578698,-2.000587759251,0.7600001));
#3153 = B_SPLINE_SURFACE_WITH_KNOTS('',1,1,(
    (#3154,#3155)
    ,(#3156,#3157
    )),.UNSPECIFIED.,.F.,.F.,.F.,(2,2),(2,2),(-1.E-03,0.),(0.,
    2.952912482302E-02),.PIECEWISE_BEZIER_KNOTS.);
#3154 = CARTESIAN_POINT('',(-2.643410703521,-2.000587759251,0.7600001));
#3155 = CARTESIAN_POINT('',(-2.613881578698,-2.000587759251,0.7600001));
#3156 = CARTESIAN_POINT('',(-2.643410703521,-2.000587759251,0.7610001));
#3157 = CARTESIAN_POINT('',(-2.613881578698,-2.000587759251,0.7610001));
#3158 = ADVANCED_FACE('',(#3159),#3177,.T.);
#3159 = FACE_BOUND('',#3160,.T.);
#3160 = EDGE_LOOP('',(#3161,#3170,#3171,#3172));
#3161 = ORIENTED_EDGE('',*,*,#3162,.F.);
#3162 = EDGE_CURVE('',#3141,#3163,#3165,.T.);
#3163 = VERTEX_POINT('',#3164);
#3164 = CARTESIAN_POINT('',(-2.553419655864,-1.979376697759,0.7600001));
#3165 = B_SPLINE_CURVE_WITH_KNOTS('',3,(#3166,#3167,#3168,#3169),
  .UNSPECIFIED.,.F.,.F.,(4,4),(2.,3.),.PIECEWISE_BEZIER_KNOTS.);
#3166 = CARTESIAN_POINT('',(-2.613881578698,-2.000587759251,0.7600001));
#3167 = CARTESIAN_POINT('',(-2.588043594478,-2.000587759251,0.7600001));
#3168 = CARTESIAN_POINT('',(-2.567872290901,-1.99351740542,0.7600001));
#3169 = CARTESIAN_POINT('',(-2.553419655864,-1.979376697759,0.7600001));
#3170 = ORIENTED_EDGE('',*,*,#3149,.F.);
#3171 = ORIENTED_EDGE('',*,*,#2940,.T.);
#3172 = ORIENTED_EDGE('',*,*,#3173,.T.);
#3173 = EDGE_CURVE('',#2932,#3163,#3174,.T.);
#3174 = B_SPLINE_CURVE_WITH_KNOTS('',1,(#3175,#3176),.UNSPECIFIED.,.F.,
  .F.,(2,2),(-0.,1.E-03),.PIECEWISE_BEZIER_KNOTS.);
#3175 = CARTESIAN_POINT('',(-2.553419655864,-1.979376697759,0.7610001));
#3176 = CARTESIAN_POINT('',(-2.553419655864,-1.979376697759,0.7600001));
#3177 = B_SPLINE_SURFACE_WITH_KNOTS('',3,1,(
    (#3178,#3179)
    ,(#3180,#3181)
    ,(#3182,#3183)
    ,(#3184,#3185
    )),.UNSPECIFIED.,.F.,.F.,.F.,(4,4),(2,2),(2.,3.),(0.,1.),
  .PIECEWISE_BEZIER_KNOTS.);
#3178 = CARTESIAN_POINT('',(-2.613881578698,-2.000587759251,0.7610001));
#3179 = CARTESIAN_POINT('',(-2.613881578698,-2.000587759251,0.7600001));
#3180 = CARTESIAN_POINT('',(-2.588043594478,-2.000587759251,0.7610001));
#3181 = CARTESIAN_POINT('',(-2.588043594478,-2.000587759251,0.7600001));
#3182 = CARTESIAN_POINT('',(-2.567872290901,-1.99351740542,0.7610001));
#3183 = CARTESIAN_POINT('',(-2.567872290901,-1.99351740542,0.7600001));
#3184 = CARTESIAN_POINT('',(-2.553419655864,-1.979376697759,0.7610001));
#3185 = CARTESIAN_POINT('',(-2.553419655864,-1.979376697759,0.7600001));
#3186 = ADVANCED_FACE('',(#3187),#3205,.T.);
#3187 = FACE_BOUND('',#3188,.T.);
#3188 = EDGE_LOOP('',(#3189,#3198,#3199,#3200));
#3189 = ORIENTED_EDGE('',*,*,#3190,.F.);
#3190 = EDGE_CURVE('',#3163,#3191,#3193,.T.);
#3191 = VERTEX_POINT('',#3192);
#3192 = CARTESIAN_POINT('',(-2.531688715413,-1.92021447232,0.7600001));
#3193 = B_SPLINE_CURVE_WITH_KNOTS('',3,(#3194,#3195,#3196,#3197),
  .UNSPECIFIED.,.F.,.F.,(4,4),(3.,4.),.PIECEWISE_BEZIER_KNOTS.);
#3194 = CARTESIAN_POINT('',(-2.553419655864,-1.979376697759,0.7600001));
#3195 = CARTESIAN_POINT('',(-2.538915032931,-1.965339965888,0.7600001));
#3196 = CARTESIAN_POINT('',(-2.531688715413,-1.945584565479,0.7600001));
#3197 = CARTESIAN_POINT('',(-2.531688715413,-1.92021447232,0.7600001));
#3198 = ORIENTED_EDGE('',*,*,#3173,.F.);
#3199 = ORIENTED_EDGE('',*,*,#2931,.T.);
#3200 = ORIENTED_EDGE('',*,*,#3201,.T.);
#3201 = EDGE_CURVE('',#2923,#3191,#3202,.T.);
#3202 = B_SPLINE_CURVE_WITH_KNOTS('',1,(#3203,#3204),.UNSPECIFIED.,.F.,
  .F.,(2,2),(-0.,1.E-03),.PIECEWISE_BEZIER_KNOTS.);
#3203 = CARTESIAN_POINT('',(-2.531688715413,-1.92021447232,0.7610001));
#3204 = CARTESIAN_POINT('',(-2.531688715413,-1.92021447232,0.7600001));
#3205 = B_SPLINE_SURFACE_WITH_KNOTS('',3,1,(
    (#3206,#3207)
    ,(#3208,#3209)
    ,(#3210,#3211)
    ,(#3212,#3213
    )),.UNSPECIFIED.,.F.,.F.,.F.,(4,4),(2,2),(3.,4.),(0.,1.),
  .PIECEWISE_BEZIER_KNOTS.);
#3206 = CARTESIAN_POINT('',(-2.553419655864,-1.979376697759,0.7610001));
#3207 = CARTESIAN_POINT('',(-2.553419655864,-1.979376697759,0.7600001));
#3208 = CARTESIAN_POINT('',(-2.538915032931,-1.965339965888,0.7610001));
#3209 = CARTESIAN_POINT('',(-2.538915032931,-1.965339965888,0.7600001));
#3210 = CARTESIAN_POINT('',(-2.531688715413,-1.945584565479,0.7610001));
#3211 = CARTESIAN_POINT('',(-2.531688715413,-1.945584565479,0.7600001));
#3212 = CARTESIAN_POINT('',(-2.531688715413,-1.92021447232,0.7610001));
#3213 = CARTESIAN_POINT('',(-2.531688715413,-1.92021447232,0.7600001));
#3214 = ADVANCED_FACE('',(#3215),#3233,.T.);
#3215 = FACE_BOUND('',#3216,.T.);
#3216 = EDGE_LOOP('',(#3217,#3226,#3227,#3228));
#3217 = ORIENTED_EDGE('',*,*,#3218,.F.);
#3218 = EDGE_CURVE('',#3191,#3219,#3221,.T.);
#3219 = VERTEX_POINT('',#3220);
#3220 = CARTESIAN_POINT('',(-2.553991522719,-1.862923811131,0.7600001));
#3221 = B_SPLINE_CURVE_WITH_KNOTS('',3,(#3222,#3223,#3224,#3225),
  .UNSPECIFIED.,.F.,.F.,(4,4),(4.,5.),.PIECEWISE_BEZIER_KNOTS.);
#3222 = CARTESIAN_POINT('',(-2.531688715413,-1.92021447232,0.7600001));
#3223 = CARTESIAN_POINT('',(-2.531688715413,-1.894844379162,0.7600001));
#3224 = CARTESIAN_POINT('',(-2.539122984516,-1.875712833501,0.7600001));
#3225 = CARTESIAN_POINT('',(-2.553991522719,-1.862923811131,0.7600001));
#3226 = ORIENTED_EDGE('',*,*,#3201,.F.);
#3227 = ORIENTED_EDGE('',*,*,#2922,.T.);
#3228 = ORIENTED_EDGE('',*,*,#3229,.T.);
#3229 = EDGE_CURVE('',#2914,#3219,#3230,.T.);
#3230 = B_SPLINE_CURVE_WITH_KNOTS('',1,(#3231,#3232),.UNSPECIFIED.,.F.,
  .F.,(2,2),(-0.,1.E-03),.PIECEWISE_BEZIER_KNOTS.);
#3231 = CARTESIAN_POINT('',(-2.553991522719,-1.862923811131,0.7610001));
#3232 = CARTESIAN_POINT('',(-2.553991522719,-1.862923811131,0.7600001));
#3233 = B_SPLINE_SURFACE_WITH_KNOTS('',3,1,(
    (#3234,#3235)
    ,(#3236,#3237)
    ,(#3238,#3239)
    ,(#3240,#3241
    )),.UNSPECIFIED.,.F.,.F.,.F.,(4,4),(2,2),(4.,5.),(0.,1.),
  .PIECEWISE_BEZIER_KNOTS.);
#3234 = CARTESIAN_POINT('',(-2.531688715413,-1.92021447232,0.7610001));
#3235 = CARTESIAN_POINT('',(-2.531688715413,-1.92021447232,0.7600001));
#3236 = CARTESIAN_POINT('',(-2.531688715413,-1.894844379162,0.7610001));
#3237 = CARTESIAN_POINT('',(-2.531688715413,-1.894844379162,0.7600001));
#3238 = CARTESIAN_POINT('',(-2.539122984516,-1.875712833501,0.7610001));
#3239 = CARTESIAN_POINT('',(-2.539122984516,-1.875712833501,0.7600001));
#3240 = CARTESIAN_POINT('',(-2.553991522719,-1.862923811131,0.7610001));
#3241 = CARTESIAN_POINT('',(-2.553991522719,-1.862923811131,0.7600001));
#3242 = ADVANCED_FACE('',(#3243),#3255,.T.);
#3243 = FACE_BOUND('',#3244,.T.);
#3244 = EDGE_LOOP('',(#3245,#3252,#3253,#3254));
#3245 = ORIENTED_EDGE('',*,*,#3246,.F.);
#3246 = EDGE_CURVE('',#3219,#3091,#3247,.T.);
#3247 = B_SPLINE_CURVE_WITH_KNOTS('',3,(#3248,#3249,#3250,#3251),
  .UNSPECIFIED.,.F.,.F.,(4,4),(5.,6.),.PIECEWISE_BEZIER_KNOTS.);
#3248 = CARTESIAN_POINT('',(-2.553991522719,-1.862923811131,0.7600001));
#3249 = CARTESIAN_POINT('',(-2.568860060923,-1.85013478876,0.7600001));
#3250 = CARTESIAN_POINT('',(-2.588459497645,-1.843792265471,0.7600001));
#3251 = CARTESIAN_POINT('',(-2.612685857096,-1.843792265471,0.7600001));
#3252 = ORIENTED_EDGE('',*,*,#3229,.F.);
#3253 = ORIENTED_EDGE('',*,*,#2913,.T.);
#3254 = ORIENTED_EDGE('',*,*,#3099,.T.);
#3255 = B_SPLINE_SURFACE_WITH_KNOTS('',3,1,(
    (#3256,#3257)
    ,(#3258,#3259)
    ,(#3260,#3261)
    ,(#3262,#3263
    )),.UNSPECIFIED.,.F.,.F.,.F.,(4,4),(2,2),(5.,6.),(0.,1.),
  .PIECEWISE_BEZIER_KNOTS.);
#3256 = CARTESIAN_POINT('',(-2.553991522719,-1.862923811131,0.7610001));
#3257 = CARTESIAN_POINT('',(-2.553991522719,-1.862923811131,0.7600001));
#3258 = CARTESIAN_POINT('',(-2.568860060923,-1.85013478876,0.7610001));
#3259 = CARTESIAN_POINT('',(-2.568860060923,-1.85013478876,0.7600001));
#3260 = CARTESIAN_POINT('',(-2.588459497645,-1.843792265471,0.7610001));
#3261 = CARTESIAN_POINT('',(-2.588459497645,-1.843792265471,0.7600001));
#3262 = CARTESIAN_POINT('',(-2.612685857096,-1.843792265471,0.7610001));
#3263 = CARTESIAN_POINT('',(-2.612685857096,-1.843792265471,0.7600001));
#3264 = ADVANCED_FACE('',(#3265),#3274,.T.);
#3265 = FACE_BOUND('',#3266,.T.);
#3266 = EDGE_LOOP('',(#3267,#3268,#3269,#3270,#3271,#3272,#3273));
#3267 = ORIENTED_EDGE('',*,*,#3090,.T.);
#3268 = ORIENTED_EDGE('',*,*,#3118,.T.);
#3269 = ORIENTED_EDGE('',*,*,#3140,.T.);
#3270 = ORIENTED_EDGE('',*,*,#3162,.T.);
#3271 = ORIENTED_EDGE('',*,*,#3190,.T.);
#3272 = ORIENTED_EDGE('',*,*,#3218,.T.);
#3273 = ORIENTED_EDGE('',*,*,#3246,.T.);
#3274 = B_SPLINE_SURFACE_WITH_KNOTS('',1,1,(
    (#3275,#3276)
    ,(#3277,#3278
    )),.UNSPECIFIED.,.F.,.F.,.F.,(2,2),(2,2),(-2.643410703521,
    -2.531688715413),(-2.000587759251,-1.843792265471),
  .PIECEWISE_BEZIER_KNOTS.);
#3275 = CARTESIAN_POINT('',(-2.643410703521,-2.000587759251,0.7600001));
#3276 = CARTESIAN_POINT('',(-2.643410703521,-1.843792265471,0.7600001));
#3277 = CARTESIAN_POINT('',(-2.531688715413,-2.000587759251,0.7600001));
#3278 = CARTESIAN_POINT('',(-2.531688715413,-1.843792265471,0.7600001));
#3279 = ADVANCED_FACE('',(#3280,#3338),#3386,.F.);
#3280 = FACE_BOUND('',#3281,.T.);
#3281 = EDGE_LOOP('',(#3282,#3291,#3298,#3305,#3312,#3319,#3326,#3333));
#3282 = ORIENTED_EDGE('',*,*,#3283,.T.);
#3283 = EDGE_CURVE('',#3284,#3286,#3288,.T.);
#3284 = VERTEX_POINT('',#3285);
#3285 = CARTESIAN_POINT('',(-2.309804376071,-2.023774360785,0.7610001));
#3286 = VERTEX_POINT('',#3287);
#3287 = CARTESIAN_POINT('',(-2.387266340837,-1.820397712354,0.7610001));
#3288 = B_SPLINE_CURVE_WITH_KNOTS('',1,(#3289,#3290),.UNSPECIFIED.,.F.,
  .F.,(2,2),(-0.217629081496,0.),.PIECEWISE_BEZIER_KNOTS.);
#3289 = CARTESIAN_POINT('',(-2.309804376071,-2.023774360785,0.7610001));
#3290 = CARTESIAN_POINT('',(-2.387266340837,-1.820397712354,0.7610001));
#3291 = ORIENTED_EDGE('',*,*,#3292,.T.);
#3292 = EDGE_CURVE('',#3286,#3293,#3295,.T.);
#3293 = VERTEX_POINT('',#3294);
#3294 = CARTESIAN_POINT('',(-2.415339804578,-1.820397712354,0.7610001));
#3295 = B_SPLINE_CURVE_WITH_KNOTS('',1,(#3296,#3297),.UNSPECIFIED.,.F.,
  .F.,(2,2),(-2.807346374045E-02,-0.),.PIECEWISE_BEZIER_KNOTS.);
#3296 = CARTESIAN_POINT('',(-2.387266340837,-1.820397712354,0.7610001));
#3297 = CARTESIAN_POINT('',(-2.415339804578,-1.820397712354,0.7610001));
#3298 = ORIENTED_EDGE('',*,*,#3299,.T.);
#3299 = EDGE_CURVE('',#3293,#3300,#3302,.T.);
#3300 = VERTEX_POINT('',#3301);
#3301 = CARTESIAN_POINT('',(-2.492801769342,-2.023774360785,0.7610001));
#3302 = B_SPLINE_CURVE_WITH_KNOTS('',1,(#3303,#3304),.UNSPECIFIED.,.F.,
  .F.,(2,2),(-0.217629081495,-0.),.PIECEWISE_BEZIER_KNOTS.);
#3303 = CARTESIAN_POINT('',(-2.415339804578,-1.820397712354,0.7610001));
#3304 = CARTESIAN_POINT('',(-2.492801769342,-2.023774360785,0.7610001));
#3305 = ORIENTED_EDGE('',*,*,#3306,.T.);
#3306 = EDGE_CURVE('',#3300,#3307,#3309,.T.);
#3307 = VERTEX_POINT('',#3308);
#3308 = CARTESIAN_POINT('',(-2.463792523478,-2.023774360785,0.7610001));
#3309 = B_SPLINE_CURVE_WITH_KNOTS('',1,(#3310,#3311),.UNSPECIFIED.,.F.,
  .F.,(2,2),(-2.900924586407E-02,0.),.PIECEWISE_BEZIER_KNOTS.);
#3310 = CARTESIAN_POINT('',(-2.492801769342,-2.023774360785,0.7610001));
#3311 = CARTESIAN_POINT('',(-2.463792523478,-2.023774360785,0.7610001));
#3312 = ORIENTED_EDGE('',*,*,#3313,.T.);
#3313 = EDGE_CURVE('',#3307,#3314,#3316,.T.);
#3314 = VERTEX_POINT('',#3315);
#3315 = CARTESIAN_POINT('',(-2.444245074652,-1.968147312262,0.7610001));
#3316 = B_SPLINE_CURVE_WITH_KNOTS('',1,(#3317,#3318),.UNSPECIFIED.,.F.,
  .F.,(2,2),(-5.896160855208E-02,0.),.PIECEWISE_BEZIER_KNOTS.);
#3317 = CARTESIAN_POINT('',(-2.463792523478,-2.023774360785,0.7610001));
#3318 = CARTESIAN_POINT('',(-2.444245074652,-1.968147312262,0.7610001));
#3319 = ORIENTED_EDGE('',*,*,#3320,.T.);
#3320 = EDGE_CURVE('',#3314,#3321,#3323,.T.);
#3321 = VERTEX_POINT('',#3322);
#3322 = CARTESIAN_POINT('',(-2.359556792367,-1.968147312262,0.7610001));
#3323 = B_SPLINE_CURVE_WITH_KNOTS('',1,(#3324,#3325),.UNSPECIFIED.,.F.,
  .F.,(2,2),(-8.468828228454E-02,0.),.PIECEWISE_BEZIER_KNOTS.);
#3324 = CARTESIAN_POINT('',(-2.444245074652,-1.968147312262,0.7610001));
#3325 = CARTESIAN_POINT('',(-2.359556792367,-1.968147312262,0.7610001));
#3326 = ORIENTED_EDGE('',*,*,#3327,.T.);
#3327 = EDGE_CURVE('',#3321,#3328,#3330,.T.);
#3328 = VERTEX_POINT('',#3329);
#3329 = CARTESIAN_POINT('',(-2.338813621937,-2.023774360785,0.7610001));
#3330 = B_SPLINE_CURVE_WITH_KNOTS('',1,(#3331,#3332),.UNSPECIFIED.,.F.,
  .F.,(2,2),(-5.936874301283E-02,0.),.PIECEWISE_BEZIER_KNOTS.);
#3331 = CARTESIAN_POINT('',(-2.359556792367,-1.968147312262,0.7610001));
#3332 = CARTESIAN_POINT('',(-2.338813621937,-2.023774360785,0.7610001));
#3333 = ORIENTED_EDGE('',*,*,#3334,.T.);
#3334 = EDGE_CURVE('',#3328,#3284,#3335,.T.);
#3335 = B_SPLINE_CURVE_WITH_KNOTS('',1,(#3336,#3337),.UNSPECIFIED.,.F.,
  .F.,(2,2),(-2.900924586545E-02,0.),.PIECEWISE_BEZIER_KNOTS.);
#3336 = CARTESIAN_POINT('',(-2.338813621937,-2.023774360785,0.7610001));
#3337 = CARTESIAN_POINT('',(-2.309804376071,-2.023774360785,0.7610001));
#3338 = FACE_BOUND('',#3339,.T.);
#3339 = EDGE_LOOP('',(#3340,#3349,#3356,#3365,#3372,#3381));
#3340 = ORIENTED_EDGE('',*,*,#3341,.F.);
#3341 = EDGE_CURVE('',#3342,#3344,#3346,.T.);
#3342 = VERTEX_POINT('',#3343);
#3343 = CARTESIAN_POINT('',(-2.435927011321,-1.945168662311,0.7610001));
#3344 = VERTEX_POINT('',#3345);
#3345 = CARTESIAN_POINT('',(-2.367666904115,-1.945168662311,0.7610001));
#3346 = B_SPLINE_CURVE_WITH_KNOTS('',1,(#3347,#3348),.UNSPECIFIED.,.F.,
  .F.,(2,2),(0.,6.826010720605E-02),.PIECEWISE_BEZIER_KNOTS.);
#3347 = CARTESIAN_POINT('',(-2.435927011321,-1.945168662311,0.7610001));
#3348 = CARTESIAN_POINT('',(-2.367666904115,-1.945168662311,0.7610001));
#3349 = ORIENTED_EDGE('',*,*,#3350,.F.);
#3350 = EDGE_CURVE('',#3351,#3342,#3353,.T.);
#3351 = VERTEX_POINT('',#3352);
#3352 = CARTESIAN_POINT('',(-2.405514092269,-1.860636343715,0.7610001));
#3353 = B_SPLINE_CURVE_WITH_KNOTS('',1,(#3354,#3355),.UNSPECIFIED.,.F.,
  .F.,(2,2),(6.268011361117E-16,8.983684395879E-02),
  .PIECEWISE_BEZIER_KNOTS.);
#3354 = CARTESIAN_POINT('',(-2.405514092269,-1.860636343715,0.7610001));
#3355 = CARTESIAN_POINT('',(-2.435927011321,-1.945168662311,0.7610001));
#3356 = ORIENTED_EDGE('',*,*,#3357,.F.);
#3357 = EDGE_CURVE('',#3358,#3351,#3360,.T.);
#3358 = VERTEX_POINT('',#3359);
#3359 = CARTESIAN_POINT('',(-2.402186866936,-1.846391660261,0.7610001));
#3360 = B_SPLINE_CURVE_WITH_KNOTS('',3,(#3361,#3362,#3363,#3364),
  .UNSPECIFIED.,.F.,.F.,(4,4),(3.,4.),.PIECEWISE_BEZIER_KNOTS.);
#3361 = CARTESIAN_POINT('',(-2.402186866936,-1.846391660261,0.7610001));
#3362 = CARTESIAN_POINT('',(-2.403174636957,-1.852526231967,0.7610001));
#3363 = CARTESIAN_POINT('',(-2.404266382769,-1.857309118383,0.7610001));
#3364 = CARTESIAN_POINT('',(-2.405514092269,-1.860636343715,0.7610001));
#3365 = ORIENTED_EDGE('',*,*,#3366,.F.);
#3366 = EDGE_CURVE('',#3367,#3358,#3369,.T.);
#3367 = VERTEX_POINT('',#3368);
#3368 = CARTESIAN_POINT('',(-2.401563012187,-1.846391660261,0.7610001));
#3369 = B_SPLINE_CURVE_WITH_KNOTS('',1,(#3370,#3371),.UNSPECIFIED.,.F.,
  .F.,(2,2),(0.,6.238547490791E-04),.PIECEWISE_BEZIER_KNOTS.);
#3370 = CARTESIAN_POINT('',(-2.401563012187,-1.846391660261,0.7610001));
#3371 = CARTESIAN_POINT('',(-2.402186866936,-1.846391660261,0.7610001));
#3372 = ORIENTED_EDGE('',*,*,#3373,.F.);
#3373 = EDGE_CURVE('',#3374,#3367,#3376,.T.);
#3374 = VERTEX_POINT('',#3375);
#3375 = CARTESIAN_POINT('',(-2.398391750542,-1.860636343715,0.7610001));
#3376 = B_SPLINE_CURVE_WITH_KNOTS('',3,(#3377,#3378,#3379,#3380),
  .UNSPECIFIED.,.F.,.F.,(4,4),(1.,2.),.PIECEWISE_BEZIER_KNOTS.);
#3377 = CARTESIAN_POINT('',(-2.398391750542,-1.860636343715,0.7610001));
#3378 = CARTESIAN_POINT('',(-2.399379520562,-1.857828997342,0.7610001));
#3379 = CARTESIAN_POINT('',(-2.400419278479,-1.853150086718,0.7610001));
#3380 = CARTESIAN_POINT('',(-2.401563012187,-1.846391660261,0.7610001));
#3381 = ORIENTED_EDGE('',*,*,#3382,.F.);
#3382 = EDGE_CURVE('',#3344,#3374,#3383,.T.);
#3383 = B_SPLINE_CURVE_WITH_KNOTS('',1,(#3384,#3385),.UNSPECIFIED.,.F.,
  .F.,(2,2),(0.,8.994292120644E-02),.PIECEWISE_BEZIER_KNOTS.);
#3384 = CARTESIAN_POINT('',(-2.367666904115,-1.945168662311,0.7610001));
#3385 = CARTESIAN_POINT('',(-2.398391750542,-1.860636343715,0.7610001));
#3386 = B_SPLINE_SURFACE_WITH_KNOTS('',1,1,(
    (#3387,#3388)
    ,(#3389,#3390
    )),.UNSPECIFIED.,.F.,.F.,.F.,(2,2),(2,2),(2.309804376071,
    2.492801769342),(-2.023774360785,-1.820397712354),
  .PIECEWISE_BEZIER_KNOTS.);
#3387 = CARTESIAN_POINT('',(-2.309804376071,-2.023774360785,0.7610001));
#3388 = CARTESIAN_POINT('',(-2.309804376071,-1.820397712354,0.7610001));
#3389 = CARTESIAN_POINT('',(-2.492801769342,-2.023774360785,0.7610001));
#3390 = CARTESIAN_POINT('',(-2.492801769342,-1.820397712354,0.7610001));
#3391 = ADVANCED_FACE('',(#3392),#3406,.F.);
#3392 = FACE_BOUND('',#3393,.T.);
#3393 = EDGE_LOOP('',(#3394,#3395,#3400,#3401));
#3394 = ORIENTED_EDGE('',*,*,#937,.T.);
#3395 = ORIENTED_EDGE('',*,*,#3396,.F.);
#3396 = EDGE_CURVE('',#3286,#929,#3397,.T.);
#3397 = B_SPLINE_CURVE_WITH_KNOTS('',1,(#3398,#3399),.UNSPECIFIED.,.F.,
  .F.,(2,2),(-0.,1.E-03),.PIECEWISE_BEZIER_KNOTS.);
#3398 = CARTESIAN_POINT('',(-2.387266340837,-1.820397712354,0.7610001));
#3399 = CARTESIAN_POINT('',(-2.387266340837,-1.820397712354,0.7600001));
#3400 = ORIENTED_EDGE('',*,*,#3283,.F.);
#3401 = ORIENTED_EDGE('',*,*,#3402,.T.);
#3402 = EDGE_CURVE('',#3284,#938,#3403,.T.);
#3403 = B_SPLINE_CURVE_WITH_KNOTS('',1,(#3404,#3405),.UNSPECIFIED.,.F.,
  .F.,(2,2),(-0.,1.E-03),.PIECEWISE_BEZIER_KNOTS.);
#3404 = CARTESIAN_POINT('',(-2.309804376071,-2.023774360785,0.7610001));
#3405 = CARTESIAN_POINT('',(-2.309804376071,-2.023774360785,0.7600001));
#3406 = B_SPLINE_SURFACE_WITH_KNOTS('',1,1,(
    (#3407,#3408)
    ,(#3409,#3410
    )),.UNSPECIFIED.,.F.,.F.,.F.,(2,2),(2,2),(0.,0.217629081496),(
    -1.E-03,0.),.PIECEWISE_BEZIER_KNOTS.);
#3407 = CARTESIAN_POINT('',(-2.387266340837,-1.820397712354,0.7600001));
#3408 = CARTESIAN_POINT('',(-2.387266340837,-1.820397712354,0.7610001));
#3409 = CARTESIAN_POINT('',(-2.309804376071,-2.023774360785,0.7600001));
#3410 = CARTESIAN_POINT('',(-2.309804376071,-2.023774360785,0.7610001));
#3411 = ADVANCED_FACE('',(#3412),#3422,.F.);
#3412 = FACE_BOUND('',#3413,.T.);
#3413 = EDGE_LOOP('',(#3414,#3415,#3420,#3421));
#3414 = ORIENTED_EDGE('',*,*,#928,.T.);
#3415 = ORIENTED_EDGE('',*,*,#3416,.F.);
#3416 = EDGE_CURVE('',#3293,#931,#3417,.T.);
#3417 = B_SPLINE_CURVE_WITH_KNOTS('',1,(#3418,#3419),.UNSPECIFIED.,.F.,
  .F.,(2,2),(-0.,1.E-03),.PIECEWISE_BEZIER_KNOTS.);
#3418 = CARTESIAN_POINT('',(-2.415339804578,-1.820397712354,0.7610001));
#3419 = CARTESIAN_POINT('',(-2.415339804578,-1.820397712354,0.7600001));
#3420 = ORIENTED_EDGE('',*,*,#3292,.F.);
#3421 = ORIENTED_EDGE('',*,*,#3396,.T.);
#3422 = B_SPLINE_SURFACE_WITH_KNOTS('',1,1,(
    (#3423,#3424)
    ,(#3425,#3426
    )),.UNSPECIFIED.,.F.,.F.,.F.,(2,2),(2,2),(0.,1.E-03),(0.,
    2.807346374045E-02),.PIECEWISE_BEZIER_KNOTS.);
#3423 = CARTESIAN_POINT('',(-2.415339804578,-1.820397712354,0.7610001));
#3424 = CARTESIAN_POINT('',(-2.387266340837,-1.820397712354,0.7610001));
#3425 = CARTESIAN_POINT('',(-2.415339804578,-1.820397712354,0.7600001));
#3426 = CARTESIAN_POINT('',(-2.387266340837,-1.820397712354,0.7600001));
#3427 = ADVANCED_FACE('',(#3428),#3438,.F.);
#3428 = FACE_BOUND('',#3429,.T.);
#3429 = EDGE_LOOP('',(#3430,#3431,#3436,#3437));
#3430 = ORIENTED_EDGE('',*,*,#979,.T.);
#3431 = ORIENTED_EDGE('',*,*,#3432,.F.);
#3432 = EDGE_CURVE('',#3300,#973,#3433,.T.);
#3433 = B_SPLINE_CURVE_WITH_KNOTS('',1,(#3434,#3435),.UNSPECIFIED.,.F.,
  .F.,(2,2),(-0.,1.E-03),.PIECEWISE_BEZIER_KNOTS.);
#3434 = CARTESIAN_POINT('',(-2.492801769342,-2.023774360785,0.7610001));
#3435 = CARTESIAN_POINT('',(-2.492801769342,-2.023774360785,0.7600001));
#3436 = ORIENTED_EDGE('',*,*,#3299,.F.);
#3437 = ORIENTED_EDGE('',*,*,#3416,.T.);
#3438 = B_SPLINE_SURFACE_WITH_KNOTS('',1,1,(
    (#3439,#3440)
    ,(#3441,#3442
    )),.UNSPECIFIED.,.F.,.F.,.F.,(2,2),(2,2),(0.,0.217629081495),(
    -1.E-03,0.),.PIECEWISE_BEZIER_KNOTS.);
#3439 = CARTESIAN_POINT('',(-2.492801769342,-2.023774360785,0.7600001));
#3440 = CARTESIAN_POINT('',(-2.492801769342,-2.023774360785,0.7610001));
#3441 = CARTESIAN_POINT('',(-2.415339804578,-1.820397712354,0.7600001));
#3442 = CARTESIAN_POINT('',(-2.415339804578,-1.820397712354,0.7610001));
#3443 = ADVANCED_FACE('',(#3444),#3454,.F.);
#3444 = FACE_BOUND('',#3445,.T.);
#3445 = EDGE_LOOP('',(#3446,#3447,#3452,#3453));
#3446 = ORIENTED_EDGE('',*,*,#972,.T.);
#3447 = ORIENTED_EDGE('',*,*,#3448,.F.);
#3448 = EDGE_CURVE('',#3307,#966,#3449,.T.);
#3449 = B_SPLINE_CURVE_WITH_KNOTS('',1,(#3450,#3451),.UNSPECIFIED.,.F.,
  .F.,(2,2),(-0.,1.E-03),.PIECEWISE_BEZIER_KNOTS.);
#3450 = CARTESIAN_POINT('',(-2.463792523478,-2.023774360785,0.7610001));
#3451 = CARTESIAN_POINT('',(-2.463792523478,-2.023774360785,0.7600001));
#3452 = ORIENTED_EDGE('',*,*,#3306,.F.);
#3453 = ORIENTED_EDGE('',*,*,#3432,.T.);
#3454 = B_SPLINE_SURFACE_WITH_KNOTS('',1,1,(
    (#3455,#3456)
    ,(#3457,#3458)),.UNSPECIFIED.,.F.,.F.,.F.,(2,2),(2,2),(-1.E-03,0.),(
    -2.900924586407E-02,0.),.PIECEWISE_BEZIER_KNOTS.);
#3455 = CARTESIAN_POINT('',(-2.492801769342,-2.023774360785,0.7600001));
#3456 = CARTESIAN_POINT('',(-2.463792523478,-2.023774360785,0.7600001));
#3457 = CARTESIAN_POINT('',(-2.492801769342,-2.023774360785,0.7610001));
#3458 = CARTESIAN_POINT('',(-2.463792523478,-2.023774360785,0.7610001));
#3459 = ADVANCED_FACE('',(#3460),#3470,.F.);
#3460 = FACE_BOUND('',#3461,.T.);
#3461 = EDGE_LOOP('',(#3462,#3463,#3468,#3469));
#3462 = ORIENTED_EDGE('',*,*,#965,.T.);
#3463 = ORIENTED_EDGE('',*,*,#3464,.F.);
#3464 = EDGE_CURVE('',#3314,#959,#3465,.T.);
#3465 = B_SPLINE_CURVE_WITH_KNOTS('',1,(#3466,#3467),.UNSPECIFIED.,.F.,
  .F.,(2,2),(-0.,1.E-03),.PIECEWISE_BEZIER_KNOTS.);
#3466 = CARTESIAN_POINT('',(-2.444245074652,-1.968147312262,0.7610001));
#3467 = CARTESIAN_POINT('',(-2.444245074652,-1.968147312262,0.7600001));
#3468 = ORIENTED_EDGE('',*,*,#3313,.F.);
#3469 = ORIENTED_EDGE('',*,*,#3448,.T.);
#3470 = B_SPLINE_SURFACE_WITH_KNOTS('',1,1,(
    (#3471,#3472)
    ,(#3473,#3474
    )),.UNSPECIFIED.,.F.,.F.,.F.,(2,2),(2,2),(-0.,5.896160855208E-02),(
    -1.E-03,0.),.PIECEWISE_BEZIER_KNOTS.);
#3471 = CARTESIAN_POINT('',(-2.444245074652,-1.968147312262,0.7600001));
#3472 = CARTESIAN_POINT('',(-2.444245074652,-1.968147312262,0.7610001));
#3473 = CARTESIAN_POINT('',(-2.463792523478,-2.023774360785,0.7600001));
#3474 = CARTESIAN_POINT('',(-2.463792523478,-2.023774360785,0.7610001));
#3475 = ADVANCED_FACE('',(#3476),#3486,.F.);
#3476 = FACE_BOUND('',#3477,.T.);
#3477 = EDGE_LOOP('',(#3478,#3479,#3484,#3485));
#3478 = ORIENTED_EDGE('',*,*,#958,.T.);
#3479 = ORIENTED_EDGE('',*,*,#3480,.F.);
#3480 = EDGE_CURVE('',#3321,#952,#3481,.T.);
#3481 = B_SPLINE_CURVE_WITH_KNOTS('',1,(#3482,#3483),.UNSPECIFIED.,.F.,
  .F.,(2,2),(-0.,1.E-03),.PIECEWISE_BEZIER_KNOTS.);
#3482 = CARTESIAN_POINT('',(-2.359556792367,-1.968147312262,0.7610001));
#3483 = CARTESIAN_POINT('',(-2.359556792367,-1.968147312262,0.7600001));
#3484 = ORIENTED_EDGE('',*,*,#3320,.F.);
#3485 = ORIENTED_EDGE('',*,*,#3464,.T.);
#3486 = B_SPLINE_SURFACE_WITH_KNOTS('',1,1,(
    (#3487,#3488)
    ,(#3489,#3490)),.UNSPECIFIED.,.F.,.F.,.F.,(2,2),(2,2),(-1.E-03,0.),(
    -8.468828228454E-02,0.),.PIECEWISE_BEZIER_KNOTS.);
#3487 = CARTESIAN_POINT('',(-2.444245074652,-1.968147312262,0.7600001));
#3488 = CARTESIAN_POINT('',(-2.359556792367,-1.968147312262,0.7600001));
#3489 = CARTESIAN_POINT('',(-2.444245074652,-1.968147312262,0.7610001));
#3490 = CARTESIAN_POINT('',(-2.359556792367,-1.968147312262,0.7610001));
#3491 = ADVANCED_FACE('',(#3492),#3502,.F.);
#3492 = FACE_BOUND('',#3493,.T.);
#3493 = EDGE_LOOP('',(#3494,#3495,#3500,#3501));
#3494 = ORIENTED_EDGE('',*,*,#951,.T.);
#3495 = ORIENTED_EDGE('',*,*,#3496,.F.);
#3496 = EDGE_CURVE('',#3328,#945,#3497,.T.);
#3497 = B_SPLINE_CURVE_WITH_KNOTS('',1,(#3498,#3499),.UNSPECIFIED.,.F.,
  .F.,(2,2),(-0.,1.E-03),.PIECEWISE_BEZIER_KNOTS.);
#3498 = CARTESIAN_POINT('',(-2.338813621937,-2.023774360785,0.7610001));
#3499 = CARTESIAN_POINT('',(-2.338813621937,-2.023774360785,0.7600001));
#3500 = ORIENTED_EDGE('',*,*,#3327,.F.);
#3501 = ORIENTED_EDGE('',*,*,#3480,.T.);
#3502 = B_SPLINE_SURFACE_WITH_KNOTS('',1,1,(
    (#3503,#3504)
    ,(#3505,#3506
    )),.UNSPECIFIED.,.F.,.F.,.F.,(2,2),(2,2),(0.,5.936874301283E-02),(
    -1.E-03,0.),.PIECEWISE_BEZIER_KNOTS.);
#3503 = CARTESIAN_POINT('',(-2.338813621937,-2.023774360785,0.7600001));
#3504 = CARTESIAN_POINT('',(-2.338813621937,-2.023774360785,0.7610001));
#3505 = CARTESIAN_POINT('',(-2.359556792367,-1.968147312262,0.7600001));
#3506 = CARTESIAN_POINT('',(-2.359556792367,-1.968147312262,0.7610001));
#3507 = ADVANCED_FACE('',(#3508),#3514,.F.);
#3508 = FACE_BOUND('',#3509,.T.);
#3509 = EDGE_LOOP('',(#3510,#3511,#3512,#3513));
#3510 = ORIENTED_EDGE('',*,*,#944,.T.);
#3511 = ORIENTED_EDGE('',*,*,#3402,.F.);
#3512 = ORIENTED_EDGE('',*,*,#3334,.F.);
#3513 = ORIENTED_EDGE('',*,*,#3496,.T.);
#3514 = B_SPLINE_SURFACE_WITH_KNOTS('',1,1,(
    (#3515,#3516)
    ,(#3517,#3518)),.UNSPECIFIED.,.F.,.F.,.F.,(2,2),(2,2),(-1.E-03,0.),(
    -2.900924586545E-02,0.),.PIECEWISE_BEZIER_KNOTS.);
#3515 = CARTESIAN_POINT('',(-2.338813621937,-2.023774360785,0.7600001));
#3516 = CARTESIAN_POINT('',(-2.309804376071,-2.023774360785,0.7600001));
#3517 = CARTESIAN_POINT('',(-2.338813621937,-2.023774360785,0.7610001));
#3518 = CARTESIAN_POINT('',(-2.309804376071,-2.023774360785,0.7610001));
#3519 = ADVANCED_FACE('',(#3520),#3542,.T.);
#3520 = FACE_BOUND('',#3521,.T.);
#3521 = EDGE_LOOP('',(#3522,#3531,#3536,#3537));
#3522 = ORIENTED_EDGE('',*,*,#3523,.F.);
#3523 = EDGE_CURVE('',#3524,#3526,#3528,.T.);
#3524 = VERTEX_POINT('',#3525);
#3525 = CARTESIAN_POINT('',(-2.435927011321,-1.945168662311,0.7600001));
#3526 = VERTEX_POINT('',#3527);
#3527 = CARTESIAN_POINT('',(-2.367666904115,-1.945168662311,0.7600001));
#3528 = B_SPLINE_CURVE_WITH_KNOTS('',1,(#3529,#3530),.UNSPECIFIED.,.F.,
  .F.,(2,2),(0.,6.826010720605E-02),.PIECEWISE_BEZIER_KNOTS.);
#3529 = CARTESIAN_POINT('',(-2.435927011321,-1.945168662311,0.7600001));
#3530 = CARTESIAN_POINT('',(-2.367666904115,-1.945168662311,0.7600001));
#3531 = ORIENTED_EDGE('',*,*,#3532,.F.);
#3532 = EDGE_CURVE('',#3342,#3524,#3533,.T.);
#3533 = B_SPLINE_CURVE_WITH_KNOTS('',1,(#3534,#3535),.UNSPECIFIED.,.F.,
  .F.,(2,2),(-0.,1.E-03),.PIECEWISE_BEZIER_KNOTS.);
#3534 = CARTESIAN_POINT('',(-2.435927011321,-1.945168662311,0.7610001));
#3535 = CARTESIAN_POINT('',(-2.435927011321,-1.945168662311,0.7600001));
#3536 = ORIENTED_EDGE('',*,*,#3341,.T.);
#3537 = ORIENTED_EDGE('',*,*,#3538,.T.);
#3538 = EDGE_CURVE('',#3344,#3526,#3539,.T.);
#3539 = B_SPLINE_CURVE_WITH_KNOTS('',1,(#3540,#3541),.UNSPECIFIED.,.F.,
  .F.,(2,2),(-0.,1.E-03),.PIECEWISE_BEZIER_KNOTS.);
#3540 = CARTESIAN_POINT('',(-2.367666904115,-1.945168662311,0.7610001));
#3541 = CARTESIAN_POINT('',(-2.367666904115,-1.945168662311,0.7600001));
#3542 = B_SPLINE_SURFACE_WITH_KNOTS('',1,1,(
    (#3543,#3544)
    ,(#3545,#3546
    )),.UNSPECIFIED.,.F.,.F.,.F.,(2,2),(2,2),(-1.E-03,0.),(0.,
    6.826010720605E-02),.PIECEWISE_BEZIER_KNOTS.);
#3543 = CARTESIAN_POINT('',(-2.435927011321,-1.945168662311,0.7600001));
#3544 = CARTESIAN_POINT('',(-2.367666904115,-1.945168662311,0.7600001));
#3545 = CARTESIAN_POINT('',(-2.435927011321,-1.945168662311,0.7610001));
#3546 = CARTESIAN_POINT('',(-2.367666904115,-1.945168662311,0.7610001));
#3547 = ADVANCED_FACE('',(#3548),#3564,.T.);
#3548 = FACE_BOUND('',#3549,.T.);
#3549 = EDGE_LOOP('',(#3550,#3557,#3558,#3559));
#3550 = ORIENTED_EDGE('',*,*,#3551,.F.);
#3551 = EDGE_CURVE('',#3526,#3552,#3554,.T.);
#3552 = VERTEX_POINT('',#3553);
#3553 = CARTESIAN_POINT('',(-2.398391750542,-1.860636343715,0.7600001));
#3554 = B_SPLINE_CURVE_WITH_KNOTS('',1,(#3555,#3556),.UNSPECIFIED.,.F.,
  .F.,(2,2),(-1.517025752491E-16,8.994292120644E-02),
  .PIECEWISE_BEZIER_KNOTS.);
#3555 = CARTESIAN_POINT('',(-2.367666904115,-1.945168662311,0.7600001));
#3556 = CARTESIAN_POINT('',(-2.398391750542,-1.860636343715,0.7600001));
#3557 = ORIENTED_EDGE('',*,*,#3538,.F.);
#3558 = ORIENTED_EDGE('',*,*,#3382,.T.);
#3559 = ORIENTED_EDGE('',*,*,#3560,.T.);
#3560 = EDGE_CURVE('',#3374,#3552,#3561,.T.);
#3561 = B_SPLINE_CURVE_WITH_KNOTS('',1,(#3562,#3563),.UNSPECIFIED.,.F.,
  .F.,(2,2),(-0.,1.E-03),.PIECEWISE_BEZIER_KNOTS.);
#3562 = CARTESIAN_POINT('',(-2.398391750542,-1.860636343715,0.7610001));
#3563 = CARTESIAN_POINT('',(-2.398391750542,-1.860636343715,0.7600001));
#3564 = B_SPLINE_SURFACE_WITH_KNOTS('',1,1,(
    (#3565,#3566)
    ,(#3567,#3568
    )),.UNSPECIFIED.,.F.,.F.,.F.,(2,2),(2,2),(-8.994292120644E-02,
    1.517025752491E-16),(-1.E-03,0.),.PIECEWISE_BEZIER_KNOTS.);
#3565 = CARTESIAN_POINT('',(-2.398391750542,-1.860636343715,0.7600001));
#3566 = CARTESIAN_POINT('',(-2.398391750542,-1.860636343715,0.7610001));
#3567 = CARTESIAN_POINT('',(-2.367666904115,-1.945168662311,0.7600001));
#3568 = CARTESIAN_POINT('',(-2.367666904115,-1.945168662311,0.7610001));
#3569 = ADVANCED_FACE('',(#3570),#3588,.T.);
#3570 = FACE_BOUND('',#3571,.T.);
#3571 = EDGE_LOOP('',(#3572,#3581,#3582,#3583));
#3572 = ORIENTED_EDGE('',*,*,#3573,.F.);
#3573 = EDGE_CURVE('',#3552,#3574,#3576,.T.);
#3574 = VERTEX_POINT('',#3575);
#3575 = CARTESIAN_POINT('',(-2.401563012187,-1.846391660261,0.7600001));
#3576 = B_SPLINE_CURVE_WITH_KNOTS('',3,(#3577,#3578,#3579,#3580),
  .UNSPECIFIED.,.F.,.F.,(4,4),(1.,2.),.PIECEWISE_BEZIER_KNOTS.);
#3577 = CARTESIAN_POINT('',(-2.398391750542,-1.860636343715,0.7600001));
#3578 = CARTESIAN_POINT('',(-2.399379520562,-1.857828997342,0.7600001));
#3579 = CARTESIAN_POINT('',(-2.400419278479,-1.853150086718,0.7600001));
#3580 = CARTESIAN_POINT('',(-2.401563012187,-1.846391660261,0.7600001));
#3581 = ORIENTED_EDGE('',*,*,#3560,.F.);
#3582 = ORIENTED_EDGE('',*,*,#3373,.T.);
#3583 = ORIENTED_EDGE('',*,*,#3584,.T.);
#3584 = EDGE_CURVE('',#3367,#3574,#3585,.T.);
#3585 = B_SPLINE_CURVE_WITH_KNOTS('',1,(#3586,#3587),.UNSPECIFIED.,.F.,
  .F.,(2,2),(-0.,1.E-03),.PIECEWISE_BEZIER_KNOTS.);
#3586 = CARTESIAN_POINT('',(-2.401563012187,-1.846391660261,0.7610001));
#3587 = CARTESIAN_POINT('',(-2.401563012187,-1.846391660261,0.7600001));
#3588 = B_SPLINE_SURFACE_WITH_KNOTS('',3,1,(
    (#3589,#3590)
    ,(#3591,#3592)
    ,(#3593,#3594)
    ,(#3595,#3596
    )),.UNSPECIFIED.,.F.,.F.,.F.,(4,4),(2,2),(1.,2.),(0.,1.),
  .PIECEWISE_BEZIER_KNOTS.);
#3589 = CARTESIAN_POINT('',(-2.398391750542,-1.860636343715,0.7610001));
#3590 = CARTESIAN_POINT('',(-2.398391750542,-1.860636343715,0.7600001));
#3591 = CARTESIAN_POINT('',(-2.399379520562,-1.857828997342,0.7610001));
#3592 = CARTESIAN_POINT('',(-2.399379520562,-1.857828997342,0.7600001));
#3593 = CARTESIAN_POINT('',(-2.400419278479,-1.853150086718,0.7610001));
#3594 = CARTESIAN_POINT('',(-2.400419278479,-1.853150086718,0.7600001));
#3595 = CARTESIAN_POINT('',(-2.401563012187,-1.846391660261,0.7610001));
#3596 = CARTESIAN_POINT('',(-2.401563012187,-1.846391660261,0.7600001));
#3597 = ADVANCED_FACE('',(#3598),#3614,.T.);
#3598 = FACE_BOUND('',#3599,.T.);
#3599 = EDGE_LOOP('',(#3600,#3607,#3608,#3609));
#3600 = ORIENTED_EDGE('',*,*,#3601,.F.);
#3601 = EDGE_CURVE('',#3574,#3602,#3604,.T.);
#3602 = VERTEX_POINT('',#3603);
#3603 = CARTESIAN_POINT('',(-2.402186866936,-1.846391660261,0.7600001));
#3604 = B_SPLINE_CURVE_WITH_KNOTS('',1,(#3605,#3606),.UNSPECIFIED.,.F.,
  .F.,(2,2),(0.,6.238547490796E-04),.PIECEWISE_BEZIER_KNOTS.);
#3605 = CARTESIAN_POINT('',(-2.401563012187,-1.846391660261,0.7600001));
#3606 = CARTESIAN_POINT('',(-2.402186866936,-1.846391660261,0.7600001));
#3607 = ORIENTED_EDGE('',*,*,#3584,.F.);
#3608 = ORIENTED_EDGE('',*,*,#3366,.T.);
#3609 = ORIENTED_EDGE('',*,*,#3610,.T.);
#3610 = EDGE_CURVE('',#3358,#3602,#3611,.T.);
#3611 = B_SPLINE_CURVE_WITH_KNOTS('',1,(#3612,#3613),.UNSPECIFIED.,.F.,
  .F.,(2,2),(-0.,1.E-03),.PIECEWISE_BEZIER_KNOTS.);
#3612 = CARTESIAN_POINT('',(-2.402186866936,-1.846391660261,0.7610001));
#3613 = CARTESIAN_POINT('',(-2.402186866936,-1.846391660261,0.7600001));
#3614 = B_SPLINE_SURFACE_WITH_KNOTS('',1,1,(
    (#3615,#3616)
    ,(#3617,#3618)),.UNSPECIFIED.,.F.,.F.,.F.,(2,2),(2,2),(0.,1.E-03),(
    -6.238547490796E-04,0.),.PIECEWISE_BEZIER_KNOTS.);
#3615 = CARTESIAN_POINT('',(-2.402186866936,-1.846391660261,0.7610001));
#3616 = CARTESIAN_POINT('',(-2.401563012187,-1.846391660261,0.7610001));
#3617 = CARTESIAN_POINT('',(-2.402186866936,-1.846391660261,0.7600001));
#3618 = CARTESIAN_POINT('',(-2.401563012187,-1.846391660261,0.7600001));
#3619 = ADVANCED_FACE('',(#3620),#3638,.T.);
#3620 = FACE_BOUND('',#3621,.T.);
#3621 = EDGE_LOOP('',(#3622,#3631,#3632,#3633));
#3622 = ORIENTED_EDGE('',*,*,#3623,.F.);
#3623 = EDGE_CURVE('',#3602,#3624,#3626,.T.);
#3624 = VERTEX_POINT('',#3625);
#3625 = CARTESIAN_POINT('',(-2.405514092269,-1.860636343715,0.7600001));
#3626 = B_SPLINE_CURVE_WITH_KNOTS('',3,(#3627,#3628,#3629,#3630),
  .UNSPECIFIED.,.F.,.F.,(4,4),(3.,4.),.PIECEWISE_BEZIER_KNOTS.);
#3627 = CARTESIAN_POINT('',(-2.402186866936,-1.846391660261,0.7600001));
#3628 = CARTESIAN_POINT('',(-2.403174636957,-1.852526231967,0.7600001));
#3629 = CARTESIAN_POINT('',(-2.404266382769,-1.857309118383,0.7600001));
#3630 = CARTESIAN_POINT('',(-2.405514092269,-1.860636343715,0.7600001));
#3631 = ORIENTED_EDGE('',*,*,#3610,.F.);
#3632 = ORIENTED_EDGE('',*,*,#3357,.T.);
#3633 = ORIENTED_EDGE('',*,*,#3634,.T.);
#3634 = EDGE_CURVE('',#3351,#3624,#3635,.T.);
#3635 = B_SPLINE_CURVE_WITH_KNOTS('',1,(#3636,#3637),.UNSPECIFIED.,.F.,
  .F.,(2,2),(1.110223024625E-16,1.E-03),.PIECEWISE_BEZIER_KNOTS.);
#3636 = CARTESIAN_POINT('',(-2.405514092269,-1.860636343715,0.7610001));
#3637 = CARTESIAN_POINT('',(-2.405514092269,-1.860636343715,0.7600001));
#3638 = B_SPLINE_SURFACE_WITH_KNOTS('',3,1,(
    (#3639,#3640)
    ,(#3641,#3642)
    ,(#3643,#3644)
    ,(#3645,#3646
    )),.UNSPECIFIED.,.F.,.F.,.F.,(4,4),(2,2),(3.,4.),(0.,1.),
  .PIECEWISE_BEZIER_KNOTS.);
#3639 = CARTESIAN_POINT('',(-2.402186866936,-1.846391660261,0.7610001));
#3640 = CARTESIAN_POINT('',(-2.402186866936,-1.846391660261,0.7600001));
#3641 = CARTESIAN_POINT('',(-2.403174636957,-1.852526231967,0.7610001));
#3642 = CARTESIAN_POINT('',(-2.403174636957,-1.852526231967,0.7600001));
#3643 = CARTESIAN_POINT('',(-2.404266382769,-1.857309118383,0.7610001));
#3644 = CARTESIAN_POINT('',(-2.404266382769,-1.857309118383,0.7600001));
#3645 = CARTESIAN_POINT('',(-2.405514092269,-1.860636343715,0.7610001));
#3646 = CARTESIAN_POINT('',(-2.405514092269,-1.860636343715,0.7600001));
#3647 = ADVANCED_FACE('',(#3648),#3658,.T.);
#3648 = FACE_BOUND('',#3649,.T.);
#3649 = EDGE_LOOP('',(#3650,#3655,#3656,#3657));
#3650 = ORIENTED_EDGE('',*,*,#3651,.F.);
#3651 = EDGE_CURVE('',#3624,#3524,#3652,.T.);
#3652 = B_SPLINE_CURVE_WITH_KNOTS('',1,(#3653,#3654),.UNSPECIFIED.,.F.,
  .F.,(2,2),(3.592734679324E-16,8.983684395879E-02),
  .PIECEWISE_BEZIER_KNOTS.);
#3653 = CARTESIAN_POINT('',(-2.405514092269,-1.860636343715,0.7600001));
#3654 = CARTESIAN_POINT('',(-2.435927011321,-1.945168662311,0.7600001));
#3655 = ORIENTED_EDGE('',*,*,#3634,.F.);
#3656 = ORIENTED_EDGE('',*,*,#3350,.T.);
#3657 = ORIENTED_EDGE('',*,*,#3532,.T.);
#3658 = B_SPLINE_SURFACE_WITH_KNOTS('',1,1,(
    (#3659,#3660)
    ,(#3661,#3662
    )),.UNSPECIFIED.,.F.,.F.,.F.,(2,2),(2,2),(-8.983684395879E-02,
    -3.592734679324E-16),(-1.E-03,0.),.PIECEWISE_BEZIER_KNOTS.);
#3659 = CARTESIAN_POINT('',(-2.435927011321,-1.945168662311,0.7600001));
#3660 = CARTESIAN_POINT('',(-2.435927011321,-1.945168662311,0.7610001));
#3661 = CARTESIAN_POINT('',(-2.405514092269,-1.860636343715,0.7600001));
#3662 = CARTESIAN_POINT('',(-2.405514092269,-1.860636343715,0.7610001));
#3663 = ADVANCED_FACE('',(#3664),#3672,.T.);
#3664 = FACE_BOUND('',#3665,.T.);
#3665 = EDGE_LOOP('',(#3666,#3667,#3668,#3669,#3670,#3671));
#3666 = ORIENTED_EDGE('',*,*,#3523,.T.);
#3667 = ORIENTED_EDGE('',*,*,#3551,.T.);
#3668 = ORIENTED_EDGE('',*,*,#3573,.T.);
#3669 = ORIENTED_EDGE('',*,*,#3601,.T.);
#3670 = ORIENTED_EDGE('',*,*,#3623,.T.);
#3671 = ORIENTED_EDGE('',*,*,#3651,.T.);
#3672 = B_SPLINE_SURFACE_WITH_KNOTS('',1,1,(
    (#3673,#3674)
    ,(#3675,#3676
    )),.UNSPECIFIED.,.F.,.F.,.F.,(2,2),(2,2),(-2.435927011321,
    -2.367666904115),(-1.945168662311,-1.846391660261),
  .PIECEWISE_BEZIER_KNOTS.);
#3673 = CARTESIAN_POINT('',(-2.435927011321,-1.945168662311,0.7600001));
#3674 = CARTESIAN_POINT('',(-2.435927011321,-1.846391660261,0.7600001));
#3675 = CARTESIAN_POINT('',(-2.367666904115,-1.945168662311,0.7600001));
#3676 = CARTESIAN_POINT('',(-2.367666904115,-1.846391660261,0.7600001));
#3677 = ADVANCED_FACE('',(#3678),#3700,.F.);
#3678 = FACE_BOUND('',#3679,.T.);
#3679 = EDGE_LOOP('',(#3680,#3681,#3688,#3695));
#3680 = ORIENTED_EDGE('',*,*,#995,.T.);
#3681 = ORIENTED_EDGE('',*,*,#3682,.F.);
#3682 = EDGE_CURVE('',#3683,#987,#3685,.T.);
#3683 = VERTEX_POINT('',#3684);
#3684 = CARTESIAN_POINT('',(-3.016631807584,-2.323224640684,0.7610001));
#3685 = B_SPLINE_CURVE_WITH_KNOTS('',1,(#3686,#3687),.UNSPECIFIED.,.F.,
  .F.,(2,2),(-0.,1.E-03),.PIECEWISE_BEZIER_KNOTS.);
#3686 = CARTESIAN_POINT('',(-3.016631807584,-2.323224640684,0.7610001));
#3687 = CARTESIAN_POINT('',(-3.016631807584,-2.323224640684,0.7600001));
#3688 = ORIENTED_EDGE('',*,*,#3689,.F.);
#3689 = EDGE_CURVE('',#3690,#3683,#3692,.T.);
#3690 = VERTEX_POINT('',#3691);
#3691 = CARTESIAN_POINT('',(-3.016631807584,-2.346411242218,0.7610001));
#3692 = B_SPLINE_CURVE_WITH_KNOTS('',1,(#3693,#3694),.UNSPECIFIED.,.F.,
  .F.,(2,2),(-2.318660153379E-02,0.),.PIECEWISE_BEZIER_KNOTS.);
#3693 = CARTESIAN_POINT('',(-3.016631807584,-2.346411242218,0.7610001));
#3694 = CARTESIAN_POINT('',(-3.016631807584,-2.323224640684,0.7610001));
#3695 = ORIENTED_EDGE('',*,*,#3696,.T.);
#3696 = EDGE_CURVE('',#3690,#996,#3697,.T.);
#3697 = B_SPLINE_CURVE_WITH_KNOTS('',1,(#3698,#3699),.UNSPECIFIED.,.F.,
  .F.,(2,2),(-0.,1.E-03),.PIECEWISE_BEZIER_KNOTS.);
#3698 = CARTESIAN_POINT('',(-3.016631807584,-2.346411242218,0.7610001));
#3699 = CARTESIAN_POINT('',(-3.016631807584,-2.346411242218,0.7600001));
#3700 = B_SPLINE_SURFACE_WITH_KNOTS('',1,1,(
    (#3701,#3702)
    ,(#3703,#3704)),.UNSPECIFIED.,.F.,.F.,.F.,(2,2),(2,2),(-1.E-03,0.),(
    -2.318660153379E-02,0.),.PIECEWISE_BEZIER_KNOTS.);
#3701 = CARTESIAN_POINT('',(-3.016631807584,-2.346411242218,0.7600001));
#3702 = CARTESIAN_POINT('',(-3.016631807584,-2.323224640684,0.7600001));
#3703 = CARTESIAN_POINT('',(-3.016631807584,-2.346411242218,0.7610001));
#3704 = CARTESIAN_POINT('',(-3.016631807584,-2.323224640684,0.7610001));
#3705 = ADVANCED_FACE('',(#3706),#3722,.F.);
#3706 = FACE_BOUND('',#3707,.T.);
#3707 = EDGE_LOOP('',(#3708,#3709,#3716,#3721));
#3708 = ORIENTED_EDGE('',*,*,#986,.T.);
#3709 = ORIENTED_EDGE('',*,*,#3710,.F.);
#3710 = EDGE_CURVE('',#3711,#989,#3713,.T.);
#3711 = VERTEX_POINT('',#3712);
#3712 = CARTESIAN_POINT('',(-3.099760452994,-2.323224640684,0.7610001));
#3713 = B_SPLINE_CURVE_WITH_KNOTS('',1,(#3714,#3715),.UNSPECIFIED.,.F.,
  .F.,(2,2),(-0.,1.E-03),.PIECEWISE_BEZIER_KNOTS.);
#3714 = CARTESIAN_POINT('',(-3.099760452994,-2.323224640684,0.7610001));
#3715 = CARTESIAN_POINT('',(-3.099760452994,-2.323224640684,0.7600001));
#3716 = ORIENTED_EDGE('',*,*,#3717,.F.);
#3717 = EDGE_CURVE('',#3683,#3711,#3718,.T.);
#3718 = B_SPLINE_CURVE_WITH_KNOTS('',1,(#3719,#3720),.UNSPECIFIED.,.F.,
  .F.,(2,2),(-8.312864540976E-02,-0.),.PIECEWISE_BEZIER_KNOTS.);
#3719 = CARTESIAN_POINT('',(-3.016631807584,-2.323224640684,0.7610001));
#3720 = CARTESIAN_POINT('',(-3.099760452994,-2.323224640684,0.7610001));
#3721 = ORIENTED_EDGE('',*,*,#3682,.T.);
#3722 = B_SPLINE_SURFACE_WITH_KNOTS('',1,1,(
    (#3723,#3724)
    ,(#3725,#3726
    )),.UNSPECIFIED.,.F.,.F.,.F.,(2,2),(2,2),(0.,1.E-03),(0.,
    8.312864540976E-02),.PIECEWISE_BEZIER_KNOTS.);
#3723 = CARTESIAN_POINT('',(-3.099760452994,-2.323224640684,0.7610001));
#3724 = CARTESIAN_POINT('',(-3.016631807584,-2.323224640684,0.7610001));
#3725 = CARTESIAN_POINT('',(-3.099760452994,-2.323224640684,0.7600001));
#3726 = CARTESIAN_POINT('',(-3.016631807584,-2.323224640684,0.7600001));
#3727 = ADVANCED_FACE('',(#3728),#3744,.F.);
#3728 = FACE_BOUND('',#3729,.T.);
#3729 = EDGE_LOOP('',(#3730,#3731,#3738,#3743));
#3730 = ORIENTED_EDGE('',*,*,#1065,.T.);
#3731 = ORIENTED_EDGE('',*,*,#3732,.F.);
#3732 = EDGE_CURVE('',#3733,#1059,#3735,.T.);
#3733 = VERTEX_POINT('',#3734);
#3734 = CARTESIAN_POINT('',(-3.099760452994,-2.254808569791,0.7610001));
#3735 = B_SPLINE_CURVE_WITH_KNOTS('',1,(#3736,#3737),.UNSPECIFIED.,.F.,
  .F.,(2,2),(-0.,1.E-03),.PIECEWISE_BEZIER_KNOTS.);
#3736 = CARTESIAN_POINT('',(-3.099760452994,-2.254808569791,0.7610001));
#3737 = CARTESIAN_POINT('',(-3.099760452994,-2.254808569791,0.7600001));
#3738 = ORIENTED_EDGE('',*,*,#3739,.F.);
#3739 = EDGE_CURVE('',#3711,#3733,#3740,.T.);
#3740 = B_SPLINE_CURVE_WITH_KNOTS('',1,(#3741,#3742),.UNSPECIFIED.,.F.,
  .F.,(2,2),(-6.841607089331E-02,0.),.PIECEWISE_BEZIER_KNOTS.);
#3741 = CARTESIAN_POINT('',(-3.099760452994,-2.323224640684,0.7610001));
#3742 = CARTESIAN_POINT('',(-3.099760452994,-2.254808569791,0.7610001));
#3743 = ORIENTED_EDGE('',*,*,#3710,.T.);
#3744 = B_SPLINE_SURFACE_WITH_KNOTS('',1,1,(
    (#3745,#3746)
    ,(#3747,#3748)),.UNSPECIFIED.,.F.,.F.,.F.,(2,2),(2,2),(-1.E-03,0.),(
    -6.841607089331E-02,0.),.PIECEWISE_BEZIER_KNOTS.);
#3745 = CARTESIAN_POINT('',(-3.099760452994,-2.323224640684,0.7600001));
#3746 = CARTESIAN_POINT('',(-3.099760452994,-2.254808569791,0.7600001));
#3747 = CARTESIAN_POINT('',(-3.099760452994,-2.323224640684,0.7610001));
#3748 = CARTESIAN_POINT('',(-3.099760452994,-2.254808569791,0.7610001));
#3749 = ADVANCED_FACE('',(#3750),#3766,.F.);
#3750 = FACE_BOUND('',#3751,.T.);
#3751 = EDGE_LOOP('',(#3752,#3753,#3760,#3765));
#3752 = ORIENTED_EDGE('',*,*,#1058,.T.);
#3753 = ORIENTED_EDGE('',*,*,#3754,.F.);
#3754 = EDGE_CURVE('',#3755,#1052,#3757,.T.);
#3755 = VERTEX_POINT('',#3756);
#3756 = CARTESIAN_POINT('',(-3.027029386747,-2.254808569791,0.7610001));
#3757 = B_SPLINE_CURVE_WITH_KNOTS('',1,(#3758,#3759),.UNSPECIFIED.,.F.,
  .F.,(2,2),(-0.,1.E-03),.PIECEWISE_BEZIER_KNOTS.);
#3758 = CARTESIAN_POINT('',(-3.027029386747,-2.254808569791,0.7610001));
#3759 = CARTESIAN_POINT('',(-3.027029386747,-2.254808569791,0.7600001));
#3760 = ORIENTED_EDGE('',*,*,#3761,.F.);
#3761 = EDGE_CURVE('',#3733,#3755,#3762,.T.);
#3762 = B_SPLINE_CURVE_WITH_KNOTS('',1,(#3763,#3764),.UNSPECIFIED.,.F.,
  .F.,(2,2),(-7.273106624666E-02,0.),.PIECEWISE_BEZIER_KNOTS.);
#3763 = CARTESIAN_POINT('',(-3.099760452994,-2.254808569791,0.7610001));
#3764 = CARTESIAN_POINT('',(-3.027029386747,-2.254808569791,0.7610001));
#3765 = ORIENTED_EDGE('',*,*,#3732,.T.);
#3766 = B_SPLINE_SURFACE_WITH_KNOTS('',1,1,(
    (#3767,#3768)
    ,(#3769,#3770)),.UNSPECIFIED.,.F.,.F.,.F.,(2,2),(2,2),(-1.E-03,0.),(
    -7.273106624666E-02,0.),.PIECEWISE_BEZIER_KNOTS.);
#3767 = CARTESIAN_POINT('',(-3.099760452994,-2.254808569791,0.7600001));
#3768 = CARTESIAN_POINT('',(-3.027029386747,-2.254808569791,0.7600001));
#3769 = CARTESIAN_POINT('',(-3.099760452994,-2.254808569791,0.7610001));
#3770 = CARTESIAN_POINT('',(-3.027029386747,-2.254808569791,0.7610001));
#3771 = ADVANCED_FACE('',(#3772),#3788,.F.);
#3772 = FACE_BOUND('',#3773,.T.);
#3773 = EDGE_LOOP('',(#3774,#3775,#3782,#3787));
#3774 = ORIENTED_EDGE('',*,*,#1051,.T.);
#3775 = ORIENTED_EDGE('',*,*,#3776,.F.);
#3776 = EDGE_CURVE('',#3777,#1045,#3779,.T.);
#3777 = VERTEX_POINT('',#3778);
#3778 = CARTESIAN_POINT('',(-3.027029386747,-2.231517992466,0.7610001));
#3779 = B_SPLINE_CURVE_WITH_KNOTS('',1,(#3780,#3781),.UNSPECIFIED.,.F.,
  .F.,(2,2),(-0.,1.E-03),.PIECEWISE_BEZIER_KNOTS.);
#3780 = CARTESIAN_POINT('',(-3.027029386747,-2.231517992466,0.7610001));
#3781 = CARTESIAN_POINT('',(-3.027029386747,-2.231517992466,0.7600001));
#3782 = ORIENTED_EDGE('',*,*,#3783,.F.);
#3783 = EDGE_CURVE('',#3755,#3777,#3784,.T.);
#3784 = B_SPLINE_CURVE_WITH_KNOTS('',1,(#3785,#3786),.UNSPECIFIED.,.F.,
  .F.,(2,2),(-2.32905773253E-02,0.),.PIECEWISE_BEZIER_KNOTS.);
#3785 = CARTESIAN_POINT('',(-3.027029386747,-2.254808569791,0.7610001));
#3786 = CARTESIAN_POINT('',(-3.027029386747,-2.231517992466,0.7610001));
#3787 = ORIENTED_EDGE('',*,*,#3754,.T.);
#3788 = B_SPLINE_SURFACE_WITH_KNOTS('',1,1,(
    (#3789,#3790)
    ,(#3791,#3792)),.UNSPECIFIED.,.F.,.F.,.F.,(2,2),(2,2),(-1.E-03,0.),(
    -2.32905773253E-02,0.),.PIECEWISE_BEZIER_KNOTS.);
#3789 = CARTESIAN_POINT('',(-3.027029386747,-2.254808569791,0.7600001));
#3790 = CARTESIAN_POINT('',(-3.027029386747,-2.231517992466,0.7600001));
#3791 = CARTESIAN_POINT('',(-3.027029386747,-2.254808569791,0.7610001));
#3792 = CARTESIAN_POINT('',(-3.027029386747,-2.231517992466,0.7610001));
#3793 = ADVANCED_FACE('',(#3794),#3810,.F.);
#3794 = FACE_BOUND('',#3795,.T.);
#3795 = EDGE_LOOP('',(#3796,#3797,#3804,#3809));
#3796 = ORIENTED_EDGE('',*,*,#1044,.T.);
#3797 = ORIENTED_EDGE('',*,*,#3798,.F.);
#3798 = EDGE_CURVE('',#3799,#1038,#3801,.T.);
#3799 = VERTEX_POINT('',#3800);
#3800 = CARTESIAN_POINT('',(-3.099760452994,-2.231517992466,0.7610001));
#3801 = B_SPLINE_CURVE_WITH_KNOTS('',1,(#3802,#3803),.UNSPECIFIED.,.F.,
  .F.,(2,2),(-0.,1.E-03),.PIECEWISE_BEZIER_KNOTS.);
#3802 = CARTESIAN_POINT('',(-3.099760452994,-2.231517992466,0.7610001));
#3803 = CARTESIAN_POINT('',(-3.099760452994,-2.231517992466,0.7600001));
#3804 = ORIENTED_EDGE('',*,*,#3805,.F.);
#3805 = EDGE_CURVE('',#3777,#3799,#3806,.T.);
#3806 = B_SPLINE_CURVE_WITH_KNOTS('',1,(#3807,#3808),.UNSPECIFIED.,.F.,
  .F.,(2,2),(-7.273106624666E-02,-0.),.PIECEWISE_BEZIER_KNOTS.);
#3807 = CARTESIAN_POINT('',(-3.027029386747,-2.231517992466,0.7610001));
#3808 = CARTESIAN_POINT('',(-3.099760452994,-2.231517992466,0.7610001));
#3809 = ORIENTED_EDGE('',*,*,#3776,.T.);
#3810 = B_SPLINE_SURFACE_WITH_KNOTS('',1,1,(
    (#3811,#3812)
    ,(#3813,#3814
    )),.UNSPECIFIED.,.F.,.F.,.F.,(2,2),(2,2),(0.,1.E-03),(0.,
    7.273106624666E-02),.PIECEWISE_BEZIER_KNOTS.);
#3811 = CARTESIAN_POINT('',(-3.099760452994,-2.231517992466,0.7610001));
#3812 = CARTESIAN_POINT('',(-3.027029386747,-2.231517992466,0.7610001));
#3813 = CARTESIAN_POINT('',(-3.099760452994,-2.231517992466,0.7600001));
#3814 = CARTESIAN_POINT('',(-3.027029386747,-2.231517992466,0.7600001));
#3815 = ADVANCED_FACE('',(#3816),#3832,.F.);
#3816 = FACE_BOUND('',#3817,.T.);
#3817 = EDGE_LOOP('',(#3818,#3819,#3826,#3831));
#3818 = ORIENTED_EDGE('',*,*,#1037,.T.);
#3819 = ORIENTED_EDGE('',*,*,#3820,.F.);
#3820 = EDGE_CURVE('',#3821,#1031,#3823,.T.);
#3821 = VERTEX_POINT('',#3822);
#3822 = CARTESIAN_POINT('',(-3.099760452994,-2.166429146903,0.7610001));
#3823 = B_SPLINE_CURVE_WITH_KNOTS('',1,(#3824,#3825),.UNSPECIFIED.,.F.,
  .F.,(2,2),(-0.,1.E-03),.PIECEWISE_BEZIER_KNOTS.);
#3824 = CARTESIAN_POINT('',(-3.099760452994,-2.166429146903,0.7610001));
#3825 = CARTESIAN_POINT('',(-3.099760452994,-2.166429146903,0.7600001));
#3826 = ORIENTED_EDGE('',*,*,#3827,.F.);
#3827 = EDGE_CURVE('',#3799,#3821,#3828,.T.);
#3828 = B_SPLINE_CURVE_WITH_KNOTS('',1,(#3829,#3830),.UNSPECIFIED.,.F.,
  .F.,(2,2),(-6.508884556213E-02,0.),.PIECEWISE_BEZIER_KNOTS.);
#3829 = CARTESIAN_POINT('',(-3.099760452994,-2.231517992466,0.7610001));
#3830 = CARTESIAN_POINT('',(-3.099760452994,-2.166429146903,0.7610001));
#3831 = ORIENTED_EDGE('',*,*,#3798,.T.);
#3832 = B_SPLINE_SURFACE_WITH_KNOTS('',1,1,(
    (#3833,#3834)
    ,(#3835,#3836)),.UNSPECIFIED.,.F.,.F.,.F.,(2,2),(2,2),(-1.E-03,0.),(
    -6.508884556213E-02,0.),.PIECEWISE_BEZIER_KNOTS.);
#3833 = CARTESIAN_POINT('',(-3.099760452994,-2.231517992466,0.7600001));
#3834 = CARTESIAN_POINT('',(-3.099760452994,-2.166429146903,0.7600001));
#3835 = CARTESIAN_POINT('',(-3.099760452994,-2.231517992466,0.7610001));
#3836 = CARTESIAN_POINT('',(-3.099760452994,-2.166429146903,0.7610001));
#3837 = ADVANCED_FACE('',(#3838),#3854,.F.);
#3838 = FACE_BOUND('',#3839,.T.);
#3839 = EDGE_LOOP('',(#3840,#3841,#3848,#3853));
#3840 = ORIENTED_EDGE('',*,*,#1030,.T.);
#3841 = ORIENTED_EDGE('',*,*,#3842,.F.);
#3842 = EDGE_CURVE('',#3843,#1024,#3845,.T.);
#3843 = VERTEX_POINT('',#3844);
#3844 = CARTESIAN_POINT('',(-3.021258730312,-2.166429146903,0.7610001));
#3845 = B_SPLINE_CURVE_WITH_KNOTS('',1,(#3846,#3847),.UNSPECIFIED.,.F.,
  .F.,(2,2),(-0.,1.E-03),.PIECEWISE_BEZIER_KNOTS.);
#3846 = CARTESIAN_POINT('',(-3.021258730312,-2.166429146903,0.7610001));
#3847 = CARTESIAN_POINT('',(-3.021258730312,-2.166429146903,0.7600001));
#3848 = ORIENTED_EDGE('',*,*,#3849,.F.);
#3849 = EDGE_CURVE('',#3821,#3843,#3850,.T.);
#3850 = B_SPLINE_CURVE_WITH_KNOTS('',1,(#3851,#3852),.UNSPECIFIED.,.F.,
  .F.,(2,2),(-7.850172268188E-02,0.),.PIECEWISE_BEZIER_KNOTS.);
#3851 = CARTESIAN_POINT('',(-3.099760452994,-2.166429146903,0.7610001));
#3852 = CARTESIAN_POINT('',(-3.021258730312,-2.166429146903,0.7610001));
#3853 = ORIENTED_EDGE('',*,*,#3820,.T.);
#3854 = B_SPLINE_SURFACE_WITH_KNOTS('',1,1,(
    (#3855,#3856)
    ,(#3857,#3858)),.UNSPECIFIED.,.F.,.F.,.F.,(2,2),(2,2),(-1.E-03,0.),(
    -7.850172268188E-02,0.),.PIECEWISE_BEZIER_KNOTS.);
#3855 = CARTESIAN_POINT('',(-3.099760452994,-2.166429146903,0.7600001));
#3856 = CARTESIAN_POINT('',(-3.021258730312,-2.166429146903,0.7600001));
#3857 = CARTESIAN_POINT('',(-3.099760452994,-2.166429146903,0.7610001));
#3858 = CARTESIAN_POINT('',(-3.021258730312,-2.166429146903,0.7610001));
#3859 = ADVANCED_FACE('',(#3860),#3876,.F.);
#3860 = FACE_BOUND('',#3861,.T.);
#3861 = EDGE_LOOP('',(#3862,#3863,#3870,#3875));
#3862 = ORIENTED_EDGE('',*,*,#1023,.T.);
#3863 = ORIENTED_EDGE('',*,*,#3864,.F.);
#3864 = EDGE_CURVE('',#3865,#1017,#3867,.T.);
#3865 = VERTEX_POINT('',#3866);
#3866 = CARTESIAN_POINT('',(-3.021258730312,-2.143034593787,0.7610001));
#3867 = B_SPLINE_CURVE_WITH_KNOTS('',1,(#3868,#3869),.UNSPECIFIED.,.F.,
  .F.,(2,2),(-0.,1.E-03),.PIECEWISE_BEZIER_KNOTS.);
#3868 = CARTESIAN_POINT('',(-3.021258730312,-2.143034593787,0.7610001));
#3869 = CARTESIAN_POINT('',(-3.021258730312,-2.143034593787,0.7600001));
#3870 = ORIENTED_EDGE('',*,*,#3871,.F.);
#3871 = EDGE_CURVE('',#3843,#3865,#3872,.T.);
#3872 = B_SPLINE_CURVE_WITH_KNOTS('',1,(#3873,#3874),.UNSPECIFIED.,.F.,
  .F.,(2,2),(-2.339455311681E-02,0.),.PIECEWISE_BEZIER_KNOTS.);
#3873 = CARTESIAN_POINT('',(-3.021258730312,-2.166429146903,0.7610001));
#3874 = CARTESIAN_POINT('',(-3.021258730312,-2.143034593787,0.7610001));
#3875 = ORIENTED_EDGE('',*,*,#3842,.T.);
#3876 = B_SPLINE_SURFACE_WITH_KNOTS('',1,1,(
    (#3877,#3878)
    ,(#3879,#3880)),.UNSPECIFIED.,.F.,.F.,.F.,(2,2),(2,2),(-1.E-03,0.),(
    -2.339455311681E-02,0.),.PIECEWISE_BEZIER_KNOTS.);
#3877 = CARTESIAN_POINT('',(-3.021258730312,-2.166429146903,0.7600001));
#3878 = CARTESIAN_POINT('',(-3.021258730312,-2.143034593787,0.7600001));
#3879 = CARTESIAN_POINT('',(-3.021258730312,-2.166429146903,0.7610001));
#3880 = CARTESIAN_POINT('',(-3.021258730312,-2.143034593787,0.7610001));
#3881 = ADVANCED_FACE('',(#3882),#3898,.F.);
#3882 = FACE_BOUND('',#3883,.T.);
#3883 = EDGE_LOOP('',(#3884,#3885,#3892,#3897));
#3884 = ORIENTED_EDGE('',*,*,#1016,.T.);
#3885 = ORIENTED_EDGE('',*,*,#3886,.F.);
#3886 = EDGE_CURVE('',#3887,#1010,#3889,.T.);
#3887 = VERTEX_POINT('',#3888);
#3888 = CARTESIAN_POINT('',(-3.126014340381,-2.143034593787,0.7610001));
#3889 = B_SPLINE_CURVE_WITH_KNOTS('',1,(#3890,#3891),.UNSPECIFIED.,.F.,
  .F.,(2,2),(-0.,1.E-03),.PIECEWISE_BEZIER_KNOTS.);
#3890 = CARTESIAN_POINT('',(-3.126014340381,-2.143034593787,0.7610001));
#3891 = CARTESIAN_POINT('',(-3.126014340381,-2.143034593787,0.7600001));
#3892 = ORIENTED_EDGE('',*,*,#3893,.F.);
#3893 = EDGE_CURVE('',#3865,#3887,#3894,.T.);
#3894 = B_SPLINE_CURVE_WITH_KNOTS('',1,(#3895,#3896),.UNSPECIFIED.,.F.,
  .F.,(2,2),(-0.104755610069,-0.),.PIECEWISE_BEZIER_KNOTS.);
#3895 = CARTESIAN_POINT('',(-3.021258730312,-2.143034593787,0.7610001));
#3896 = CARTESIAN_POINT('',(-3.126014340381,-2.143034593787,0.7610001));
#3897 = ORIENTED_EDGE('',*,*,#3864,.T.);
#3898 = B_SPLINE_SURFACE_WITH_KNOTS('',1,1,(
    (#3899,#3900)
    ,(#3901,#3902
    )),.UNSPECIFIED.,.F.,.F.,.F.,(2,2),(2,2),(0.,1.E-03),(0.,
    0.104755610069),.PIECEWISE_BEZIER_KNOTS.);
#3899 = CARTESIAN_POINT('',(-3.126014340381,-2.143034593787,0.7610001));
#3900 = CARTESIAN_POINT('',(-3.021258730312,-2.143034593787,0.7610001));
#3901 = CARTESIAN_POINT('',(-3.126014340381,-2.143034593787,0.7600001));
#3902 = CARTESIAN_POINT('',(-3.021258730312,-2.143034593787,0.7600001));
#3903 = ADVANCED_FACE('',(#3904),#3920,.F.);
#3904 = FACE_BOUND('',#3905,.T.);
#3905 = EDGE_LOOP('',(#3906,#3907,#3914,#3919));
#3906 = ORIENTED_EDGE('',*,*,#1009,.T.);
#3907 = ORIENTED_EDGE('',*,*,#3908,.F.);
#3908 = EDGE_CURVE('',#3909,#1003,#3911,.T.);
#3909 = VERTEX_POINT('',#3910);
#3910 = CARTESIAN_POINT('',(-3.126014340381,-2.346411242218,0.7610001));
#3911 = B_SPLINE_CURVE_WITH_KNOTS('',1,(#3912,#3913),.UNSPECIFIED.,.F.,
  .F.,(2,2),(-0.,1.E-03),.PIECEWISE_BEZIER_KNOTS.);
#3912 = CARTESIAN_POINT('',(-3.126014340381,-2.346411242218,0.7610001));
#3913 = CARTESIAN_POINT('',(-3.126014340381,-2.346411242218,0.7600001));
#3914 = ORIENTED_EDGE('',*,*,#3915,.F.);
#3915 = EDGE_CURVE('',#3887,#3909,#3916,.T.);
#3916 = B_SPLINE_CURVE_WITH_KNOTS('',1,(#3917,#3918),.UNSPECIFIED.,.F.,
  .F.,(2,2),(-0.203376648431,-0.),.PIECEWISE_BEZIER_KNOTS.);
#3917 = CARTESIAN_POINT('',(-3.126014340381,-2.143034593787,0.7610001));
#3918 = CARTESIAN_POINT('',(-3.126014340381,-2.346411242218,0.7610001));
#3919 = ORIENTED_EDGE('',*,*,#3886,.T.);
#3920 = B_SPLINE_SURFACE_WITH_KNOTS('',1,1,(
    (#3921,#3922)
    ,(#3923,#3924
    )),.UNSPECIFIED.,.F.,.F.,.F.,(2,2),(2,2),(0.,1.E-03),(0.,
    0.203376648431),.PIECEWISE_BEZIER_KNOTS.);
#3921 = CARTESIAN_POINT('',(-3.126014340381,-2.346411242218,0.7610001));
#3922 = CARTESIAN_POINT('',(-3.126014340381,-2.143034593787,0.7610001));
#3923 = CARTESIAN_POINT('',(-3.126014340381,-2.346411242218,0.7600001));
#3924 = CARTESIAN_POINT('',(-3.126014340381,-2.143034593787,0.7600001));
#3925 = ADVANCED_FACE('',(#3926),#3936,.F.);
#3926 = FACE_BOUND('',#3927,.T.);
#3927 = EDGE_LOOP('',(#3928,#3929,#3930,#3935));
#3928 = ORIENTED_EDGE('',*,*,#1002,.T.);
#3929 = ORIENTED_EDGE('',*,*,#3696,.F.);
#3930 = ORIENTED_EDGE('',*,*,#3931,.F.);
#3931 = EDGE_CURVE('',#3909,#3690,#3932,.T.);
#3932 = B_SPLINE_CURVE_WITH_KNOTS('',1,(#3933,#3934),.UNSPECIFIED.,.F.,
  .F.,(2,2),(-0.109382532797,0.),.PIECEWISE_BEZIER_KNOTS.);
#3933 = CARTESIAN_POINT('',(-3.126014340381,-2.346411242218,0.7610001));
#3934 = CARTESIAN_POINT('',(-3.016631807584,-2.346411242218,0.7610001));
#3935 = ORIENTED_EDGE('',*,*,#3908,.T.);
#3936 = B_SPLINE_SURFACE_WITH_KNOTS('',1,1,(
    (#3937,#3938)
    ,(#3939,#3940
    )),.UNSPECIFIED.,.F.,.F.,.F.,(2,2),(2,2),(-1.E-03,0.),(
    -0.109382532797,0.),.PIECEWISE_BEZIER_KNOTS.);
#3937 = CARTESIAN_POINT('',(-3.126014340381,-2.346411242218,0.7600001));
#3938 = CARTESIAN_POINT('',(-3.016631807584,-2.346411242218,0.7600001));
#3939 = CARTESIAN_POINT('',(-3.126014340381,-2.346411242218,0.7610001));
#3940 = CARTESIAN_POINT('',(-3.016631807584,-2.346411242218,0.7610001));
#3941 = ADVANCED_FACE('',(#3942),#3956,.F.);
#3942 = FACE_BOUND('',#3943,.T.);
#3943 = EDGE_LOOP('',(#3944,#3945,#3946,#3947,#3948,#3949,#3950,#3951,
    #3952,#3953,#3954,#3955));
#3944 = ORIENTED_EDGE('',*,*,#3689,.T.);
#3945 = ORIENTED_EDGE('',*,*,#3717,.T.);
#3946 = ORIENTED_EDGE('',*,*,#3739,.T.);
#3947 = ORIENTED_EDGE('',*,*,#3761,.T.);
#3948 = ORIENTED_EDGE('',*,*,#3783,.T.);
#3949 = ORIENTED_EDGE('',*,*,#3805,.T.);
#3950 = ORIENTED_EDGE('',*,*,#3827,.T.);
#3951 = ORIENTED_EDGE('',*,*,#3849,.T.);
#3952 = ORIENTED_EDGE('',*,*,#3871,.T.);
#3953 = ORIENTED_EDGE('',*,*,#3893,.T.);
#3954 = ORIENTED_EDGE('',*,*,#3915,.T.);
#3955 = ORIENTED_EDGE('',*,*,#3931,.T.);
#3956 = B_SPLINE_SURFACE_WITH_KNOTS('',1,1,(
    (#3957,#3958)
    ,(#3959,#3960
    )),.UNSPECIFIED.,.F.,.F.,.F.,(2,2),(2,2),(3.016631807584,
    3.126014340381),(-2.346411242218,-2.143034593787),
  .PIECEWISE_BEZIER_KNOTS.);
#3957 = CARTESIAN_POINT('',(-3.016631807584,-2.346411242218,0.7610001));
#3958 = CARTESIAN_POINT('',(-3.016631807584,-2.143034593787,0.7610001));
#3959 = CARTESIAN_POINT('',(-3.126014340381,-2.346411242218,0.7610001));
#3960 = CARTESIAN_POINT('',(-3.126014340381,-2.143034593787,0.7610001));
#3961 = ADVANCED_FACE('',(#3962,#4078),#4148,.T.);
#3962 = FACE_BOUND('',#3963,.T.);
#3963 = EDGE_LOOP('',(#3964,#3975,#3982,#3991,#4000,#4007,#4016,#4025,
    #4034,#4043,#4050,#4057,#4064,#4071));
#3964 = ORIENTED_EDGE('',*,*,#3965,.T.);
#3965 = EDGE_CURVE('',#3966,#3968,#3970,.T.);
#3966 = VERTEX_POINT('',#3967);
#3967 = CARTESIAN_POINT('',(-2.928044433114,-2.197829835977,0.7610001));
#3968 = VERTEX_POINT('',#3969);
#3969 = CARTESIAN_POINT('',(-2.978056788889,-2.211346688888,0.7610001));
#3970 = B_SPLINE_CURVE_WITH_KNOTS('',3,(#3971,#3972,#3973,#3974),
  .UNSPECIFIED.,.F.,.F.,(4,4),(0.,1.),.PIECEWISE_BEZIER_KNOTS.);
#3971 = CARTESIAN_POINT('',(-2.928044433114,-2.197829835977,0.7610001));
#3972 = CARTESIAN_POINT('',(-2.946968027191,-2.197829835977,0.7610001));
#3973 = CARTESIAN_POINT('',(-2.963656141748,-2.202300795017,0.7610001));
#3974 = CARTESIAN_POINT('',(-2.978056788889,-2.211346688888,0.7610001));
#3975 = ORIENTED_EDGE('',*,*,#3976,.T.);
#3976 = EDGE_CURVE('',#3968,#3977,#3979,.T.);
#3977 = VERTEX_POINT('',#3978);
#3978 = CARTESIAN_POINT('',(-2.978056788889,-2.236092927298,0.7610001));
#3979 = B_SPLINE_CURVE_WITH_KNOTS('',1,(#3980,#3981),.UNSPECIFIED.,.F.,
  .F.,(2,2),(-2.474623840926E-02,-0.),.PIECEWISE_BEZIER_KNOTS.);
#3980 = CARTESIAN_POINT('',(-2.978056788889,-2.211346688888,0.7610001));
#3981 = CARTESIAN_POINT('',(-2.978056788889,-2.236092927298,0.7610001));
#3982 = ORIENTED_EDGE('',*,*,#3983,.T.);
#3983 = EDGE_CURVE('',#3977,#3984,#3986,.T.);
#3984 = VERTEX_POINT('',#3985);
#3985 = CARTESIAN_POINT('',(-2.930435876321,-2.218521018511,0.7610001));
#3986 = B_SPLINE_CURVE_WITH_KNOTS('',3,(#3987,#3988,#3989,#3990),
  .UNSPECIFIED.,.F.,.F.,(4,4),(12.,13.),.PIECEWISE_BEZIER_KNOTS.);
#3987 = CARTESIAN_POINT('',(-2.978056788889,-2.236092927298,0.7610001));
#3988 = CARTESIAN_POINT('',(-2.963708129644,-2.224447638634,0.7610001));
#3989 = CARTESIAN_POINT('',(-2.94785182142,-2.218521018511,0.7610001));
#3990 = CARTESIAN_POINT('',(-2.930435876321,-2.218521018511,0.7610001));
#3991 = ORIENTED_EDGE('',*,*,#3992,.T.);
#3992 = EDGE_CURVE('',#3984,#3993,#3995,.T.);
#3993 = VERTEX_POINT('',#3994);
#3994 = CARTESIAN_POINT('',(-2.90101072729,-2.254080739249,0.7610001));
#3995 = B_SPLINE_CURVE_WITH_KNOTS('',3,(#3996,#3997,#3998,#3999),
  .UNSPECIFIED.,.F.,.F.,(4,4),(11.,12.),.PIECEWISE_BEZIER_KNOTS.);
#3996 = CARTESIAN_POINT('',(-2.930435876321,-2.218521018511,0.7610001));
#3997 = CARTESIAN_POINT('',(-2.910836439599,-2.218521018511,0.7610001));
#3998 = CARTESIAN_POINT('',(-2.90101072729,-2.230374258758,0.7610001));
#3999 = CARTESIAN_POINT('',(-2.90101072729,-2.254080739249,0.7610001));
#4000 = ORIENTED_EDGE('',*,*,#4001,.T.);
#4001 = EDGE_CURVE('',#3993,#4002,#4004,.T.);
#4002 = VERTEX_POINT('',#4003);
#4003 = CARTESIAN_POINT('',(-2.944056705025,-2.260111335164,0.7610001));
#4004 = B_SPLINE_CURVE_WITH_KNOTS('',1,(#4005,#4006),.UNSPECIFIED.,.F.,
  .F.,(2,2),(-4.346635809804E-02,-0.),.PIECEWISE_BEZIER_KNOTS.);
#4005 = CARTESIAN_POINT('',(-2.90101072729,-2.254080739249,0.7610001));
#4006 = CARTESIAN_POINT('',(-2.944056705025,-2.260111335164,0.7610001));
#4007 = ORIENTED_EDGE('',*,*,#4008,.T.);
#4008 = EDGE_CURVE('',#4002,#4009,#4011,.T.);
#4009 = VERTEX_POINT('',#4010);
#4010 = CARTESIAN_POINT('',(-2.992249484447,-2.307524296148,0.7610001));
#4011 = B_SPLINE_CURVE_WITH_KNOTS('',3,(#4012,#4013,#4014,#4015),
  .UNSPECIFIED.,.F.,.F.,(4,4),(9.,10.),.PIECEWISE_BEZIER_KNOTS.);
#4012 = CARTESIAN_POINT('',(-2.944056705025,-2.260111335164,0.7610001));
#4013 = CARTESIAN_POINT('',(-2.976185224639,-2.264582294204,0.7610001));
#4014 = CARTESIAN_POINT('',(-2.992249484447,-2.280386614532,0.7610001));
#4015 = CARTESIAN_POINT('',(-2.992249484447,-2.307524296148,0.7610001));
#4016 = ORIENTED_EDGE('',*,*,#4017,.T.);
#4017 = EDGE_CURVE('',#4009,#4018,#4020,.T.);
#4018 = VERTEX_POINT('',#4019);
#4019 = CARTESIAN_POINT('',(-2.97977238945,-2.338405106263,0.7610001));
#4020 = B_SPLINE_CURVE_WITH_KNOTS('',3,(#4021,#4022,#4023,#4024),
  .UNSPECIFIED.,.F.,.F.,(4,4),(8.,9.),.PIECEWISE_BEZIER_KNOTS.);
#4021 = CARTESIAN_POINT('',(-2.992249484447,-2.307524296148,0.7610001));
#4022 = CARTESIAN_POINT('',(-2.992249484447,-2.320521270102,0.7610001));
#4023 = CARTESIAN_POINT('',(-2.988090452781,-2.330814873474,0.7610001));
#4024 = CARTESIAN_POINT('',(-2.97977238945,-2.338405106263,0.7610001));
#4025 = ORIENTED_EDGE('',*,*,#4026,.T.);
#4026 = EDGE_CURVE('',#4018,#4027,#4029,.T.);
#4027 = VERTEX_POINT('',#4028);
#4028 = CARTESIAN_POINT('',(-2.946188208754,-2.349842443342,0.7610001));
#4029 = B_SPLINE_CURVE_WITH_KNOTS('',3,(#4030,#4031,#4032,#4033),
  .UNSPECIFIED.,.F.,.F.,(4,4),(7.,8.),.PIECEWISE_BEZIER_KNOTS.);
#4030 = CARTESIAN_POINT('',(-2.97977238945,-2.338405106263,0.7610001));
#4031 = CARTESIAN_POINT('',(-2.97145432612,-2.345995339052,0.7610001));
#4032 = CARTESIAN_POINT('',(-2.960276928519,-2.349842443342,0.7610001));
#4033 = CARTESIAN_POINT('',(-2.946188208754,-2.349842443342,0.7610001));
#4034 = ORIENTED_EDGE('',*,*,#4035,.T.);
#4035 = EDGE_CURVE('',#4027,#4036,#4038,.T.);
#4036 = VERTEX_POINT('',#4037);
#4037 = CARTESIAN_POINT('',(-2.901686569935,-2.323952471226,0.7610001));
#4038 = B_SPLINE_CURVE_WITH_KNOTS('',3,(#4039,#4040,#4041,#4042),
  .UNSPECIFIED.,.F.,.F.,(4,4),(6.,7.),.PIECEWISE_BEZIER_KNOTS.);
#4039 = CARTESIAN_POINT('',(-2.946188208754,-2.349842443342,0.7610001));
#4040 = CARTESIAN_POINT('',(-2.926588772031,-2.349842443342,0.7610001));
#4041 = CARTESIAN_POINT('',(-2.911720233827,-2.341212452637,0.7610001));
#4042 = CARTESIAN_POINT('',(-2.901686569935,-2.323952471226,0.7610001));
#4043 = ORIENTED_EDGE('',*,*,#4044,.T.);
#4044 = EDGE_CURVE('',#4036,#4045,#4047,.T.);
#4045 = VERTEX_POINT('',#4046);
#4046 = CARTESIAN_POINT('',(-2.90101072729,-2.323952471226,0.7610001));
#4047 = B_SPLINE_CURVE_WITH_KNOTS('',1,(#4048,#4049),.UNSPECIFIED.,.F.,
  .F.,(2,2),(-6.758426455273E-04,0.),.PIECEWISE_BEZIER_KNOTS.);
#4048 = CARTESIAN_POINT('',(-2.901686569935,-2.323952471226,0.7610001));
#4049 = CARTESIAN_POINT('',(-2.90101072729,-2.323952471226,0.7610001));
#4050 = ORIENTED_EDGE('',*,*,#4051,.T.);
#4051 = EDGE_CURVE('',#4045,#4052,#4054,.T.);
#4052 = VERTEX_POINT('',#4053);
#4053 = CARTESIAN_POINT('',(-2.90101072729,-2.346411242218,0.7610001));
#4054 = B_SPLINE_CURVE_WITH_KNOTS('',1,(#4055,#4056),.UNSPECIFIED.,.F.,
  .F.,(2,2),(-2.24587709918E-02,-0.),.PIECEWISE_BEZIER_KNOTS.);
#4055 = CARTESIAN_POINT('',(-2.90101072729,-2.323952471226,0.7610001));
#4056 = CARTESIAN_POINT('',(-2.90101072729,-2.346411242218,0.7610001));
#4057 = ORIENTED_EDGE('',*,*,#4058,.T.);
#4058 = EDGE_CURVE('',#4052,#4059,#4061,.T.);
#4059 = VERTEX_POINT('',#4060);
#4060 = CARTESIAN_POINT('',(-2.87553665834,-2.346411242218,0.7610001));
#4061 = B_SPLINE_CURVE_WITH_KNOTS('',1,(#4062,#4063),.UNSPECIFIED.,.F.,
  .F.,(2,2),(-2.547406894985E-02,0.),.PIECEWISE_BEZIER_KNOTS.);
#4062 = CARTESIAN_POINT('',(-2.90101072729,-2.346411242218,0.7610001));
#4063 = CARTESIAN_POINT('',(-2.87553665834,-2.346411242218,0.7610001));
#4064 = ORIENTED_EDGE('',*,*,#4065,.T.);
#4065 = EDGE_CURVE('',#4059,#4066,#4068,.T.);
#4066 = VERTEX_POINT('',#4067);
#4067 = CARTESIAN_POINT('',(-2.87553665834,-2.252937005542,0.7610001));
#4068 = B_SPLINE_CURVE_WITH_KNOTS('',1,(#4069,#4070),.UNSPECIFIED.,.F.,
  .F.,(2,2),(-9.347423667573E-02,0.),.PIECEWISE_BEZIER_KNOTS.);
#4069 = CARTESIAN_POINT('',(-2.87553665834,-2.346411242218,0.7610001));
#4070 = CARTESIAN_POINT('',(-2.87553665834,-2.252937005542,0.7610001));
#4071 = ORIENTED_EDGE('',*,*,#4072,.T.);
#4072 = EDGE_CURVE('',#4066,#3966,#4073,.T.);
#4073 = B_SPLINE_CURVE_WITH_KNOTS('',3,(#4074,#4075,#4076,#4077),
  .UNSPECIFIED.,.F.,.F.,(4,4),(1.,2.),.PIECEWISE_BEZIER_KNOTS.);
#4074 = CARTESIAN_POINT('',(-2.87553665834,-2.252937005542,0.7610001));
#4075 = CARTESIAN_POINT('',(-2.87553665834,-2.216129575304,0.7610001));
#4076 = CARTESIAN_POINT('',(-2.89305657923,-2.197829835977,0.7610001));
#4077 = CARTESIAN_POINT('',(-2.928044433114,-2.197829835977,0.7610001));
#4078 = FACE_BOUND('',#4079,.T.);
#4079 = EDGE_LOOP('',(#4080,#4091,#4100,#4107,#4114,#4123,#4132,#4141));
#4080 = ORIENTED_EDGE('',*,*,#4081,.F.);
#4081 = EDGE_CURVE('',#4082,#4084,#4086,.T.);
#4082 = VERTEX_POINT('',#4083);
#4083 = CARTESIAN_POINT('',(-2.95965307377,-2.287041065197,0.7610001));
#4084 = VERTEX_POINT('',#4085);
#4085 = CARTESIAN_POINT('',(-2.966411500226,-2.305444780316,0.7610001));
#4086 = B_SPLINE_CURVE_WITH_KNOTS('',3,(#4087,#4088,#4089,#4090),
  .UNSPECIFIED.,.F.,.F.,(4,4),(1.,2.),.PIECEWISE_BEZIER_KNOTS.);
#4087 = CARTESIAN_POINT('',(-2.95965307377,-2.287041065197,0.7610001));
#4088 = CARTESIAN_POINT('',(-2.96412403281,-2.291408048445,0.7610001));
#4089 = CARTESIAN_POINT('',(-2.966411500226,-2.297542620151,0.7610001));
#4090 = CARTESIAN_POINT('',(-2.966411500226,-2.305444780316,0.7610001));
#4091 = ORIENTED_EDGE('',*,*,#4092,.F.);
#4092 = EDGE_CURVE('',#4093,#4082,#4095,.T.);
#4093 = VERTEX_POINT('',#4094);
#4094 = CARTESIAN_POINT('',(-2.935010811153,-2.278099147116,0.7610001));
#4095 = B_SPLINE_CURVE_WITH_KNOTS('',3,(#4096,#4097,#4098,#4099),
  .UNSPECIFIED.,.F.,.F.,(4,4),(0.,1.),.PIECEWISE_BEZIER_KNOTS.);
#4096 = CARTESIAN_POINT('',(-2.935010811153,-2.278099147116,0.7610001));
#4097 = CARTESIAN_POINT('',(-2.946916039295,-2.279762759783,0.7610001));
#4098 = CARTESIAN_POINT('',(-2.955130126834,-2.282674081948,0.7610001));
#4099 = CARTESIAN_POINT('',(-2.95965307377,-2.287041065197,0.7610001));
#4100 = ORIENTED_EDGE('',*,*,#4101,.F.);
#4101 = EDGE_CURVE('',#4102,#4093,#4104,.T.);
#4102 = VERTEX_POINT('',#4103);
#4103 = CARTESIAN_POINT('',(-2.90101072729,-2.273524212284,0.7610001));
#4104 = B_SPLINE_CURVE_WITH_KNOTS('',1,(#4105,#4106),.UNSPECIFIED.,.F.,
  .F.,(2,2),(0.,3.430649692773E-02),.PIECEWISE_BEZIER_KNOTS.);
#4105 = CARTESIAN_POINT('',(-2.90101072729,-2.273524212284,0.7610001));
#4106 = CARTESIAN_POINT('',(-2.935010811153,-2.278099147116,0.7610001));
#4107 = ORIENTED_EDGE('',*,*,#4108,.F.);
#4108 = EDGE_CURVE('',#4109,#4102,#4111,.T.);
#4109 = VERTEX_POINT('',#4110);
#4110 = CARTESIAN_POINT('',(-2.90101072729,-2.287456968363,0.7610001));
#4111 = B_SPLINE_CURVE_WITH_KNOTS('',1,(#4112,#4113),.UNSPECIFIED.,.F.,
  .F.,(2,2),(0.,1.39327560794E-02),.PIECEWISE_BEZIER_KNOTS.);
#4112 = CARTESIAN_POINT('',(-2.90101072729,-2.287456968363,0.7610001));
#4113 = CARTESIAN_POINT('',(-2.90101072729,-2.273524212284,0.7610001));
#4114 = ORIENTED_EDGE('',*,*,#4115,.F.);
#4115 = EDGE_CURVE('',#4116,#4109,#4118,.T.);
#4116 = VERTEX_POINT('',#4117);
#4117 = CARTESIAN_POINT('',(-2.911928185411,-2.317090068978,0.7610001));
#4118 = B_SPLINE_CURVE_WITH_KNOTS('',3,(#4119,#4120,#4121,#4122),
  .UNSPECIFIED.,.F.,.F.,(4,4),(5.,6.),.PIECEWISE_BEZIER_KNOTS.);
#4119 = CARTESIAN_POINT('',(-2.911928185411,-2.317090068978,0.7610001));
#4120 = CARTESIAN_POINT('',(-2.904649879997,-2.309291884606,0.7610001));
#4121 = CARTESIAN_POINT('',(-2.90101072729,-2.299414184401,0.7610001));
#4122 = CARTESIAN_POINT('',(-2.90101072729,-2.287456968363,0.7610001));
#4123 = ORIENTED_EDGE('',*,*,#4124,.F.);
#4124 = EDGE_CURVE('',#4125,#4116,#4127,.T.);
#4125 = VERTEX_POINT('',#4126);
#4126 = CARTESIAN_POINT('',(-2.939585745985,-2.328943309224,0.7610001));
#4127 = B_SPLINE_CURVE_WITH_KNOTS('',3,(#4128,#4129,#4130,#4131),
  .UNSPECIFIED.,.F.,.F.,(4,4),(4.,5.),.PIECEWISE_BEZIER_KNOTS.);
#4128 = CARTESIAN_POINT('',(-2.939585745985,-2.328943309224,0.7610001));
#4129 = CARTESIAN_POINT('',(-2.928408348385,-2.328943309224,0.7610001));
#4130 = CARTESIAN_POINT('',(-2.91915450293,-2.324992229143,0.7610001));
#4131 = CARTESIAN_POINT('',(-2.911928185411,-2.317090068978,0.7610001));
#4132 = ORIENTED_EDGE('',*,*,#4133,.F.);
#4133 = EDGE_CURVE('',#4134,#4125,#4136,.T.);
#4134 = VERTEX_POINT('',#4135);
#4135 = CARTESIAN_POINT('',(-2.95902921902,-2.322392834352,0.7610001));
#4136 = B_SPLINE_CURVE_WITH_KNOTS('',3,(#4137,#4138,#4139,#4140),
  .UNSPECIFIED.,.F.,.F.,(4,4),(3.,4.),.PIECEWISE_BEZIER_KNOTS.);
#4137 = CARTESIAN_POINT('',(-2.95902921902,-2.322392834352,0.7610001));
#4138 = CARTESIAN_POINT('',(-2.954142356813,-2.3267598176,0.7610001));
#4139 = CARTESIAN_POINT('',(-2.947643869837,-2.328943309224,0.7610001));
#4140 = CARTESIAN_POINT('',(-2.939585745985,-2.328943309224,0.7610001));
#4141 = ORIENTED_EDGE('',*,*,#4142,.F.);
#4142 = EDGE_CURVE('',#4084,#4134,#4143,.T.);
#4143 = B_SPLINE_CURVE_WITH_KNOTS('',3,(#4144,#4145,#4146,#4147),
  .UNSPECIFIED.,.F.,.F.,(4,4),(2.,3.),.PIECEWISE_BEZIER_KNOTS.);
#4144 = CARTESIAN_POINT('',(-2.966411500226,-2.305444780316,0.7610001));
#4145 = CARTESIAN_POINT('',(-2.966411500226,-2.312411158354,0.7610001));
#4146 = CARTESIAN_POINT('',(-2.963968069122,-2.318025851103,0.7610001));
#4147 = CARTESIAN_POINT('',(-2.95902921902,-2.322392834352,0.7610001));
#4148 = B_SPLINE_SURFACE_WITH_KNOTS('',1,1,(
    (#4149,#4150)
    ,(#4151,#4152
    )),.UNSPECIFIED.,.F.,.F.,.F.,(2,2),(2,2),(-3.750276834431E-02,
    7.921005776235E-02),(-0.148646391111,3.366216254227E-03),
  .PIECEWISE_BEZIER_KNOTS.);
#4149 = CARTESIAN_POINT('',(-2.992249484447,-2.349842443342,0.7610001));
#4150 = CARTESIAN_POINT('',(-2.992249484447,-2.197829835977,0.7610001));
#4151 = CARTESIAN_POINT('',(-2.87553665834,-2.349842443342,0.7610001));
#4152 = CARTESIAN_POINT('',(-2.87553665834,-2.197829835977,0.7610001));
#4153 = ADVANCED_FACE('',(#4154),#4168,.F.);
#4154 = FACE_BOUND('',#4155,.F.);
#4155 = EDGE_LOOP('',(#4156,#4161,#4162,#4167));
#4156 = ORIENTED_EDGE('',*,*,#4157,.F.);
#4157 = EDGE_CURVE('',#3966,#479,#4158,.T.);
#4158 = B_SPLINE_CURVE_WITH_KNOTS('',1,(#4159,#4160),.UNSPECIFIED.,.F.,
  .F.,(2,2),(-0.,1.E-03),.PIECEWISE_BEZIER_KNOTS.);
#4159 = CARTESIAN_POINT('',(-2.928044433114,-2.197829835977,0.7610001));
#4160 = CARTESIAN_POINT('',(-2.928044433114,-2.197829835977,0.7600001));
#4161 = ORIENTED_EDGE('',*,*,#3965,.T.);
#4162 = ORIENTED_EDGE('',*,*,#4163,.T.);
#4163 = EDGE_CURVE('',#3968,#470,#4164,.T.);
#4164 = B_SPLINE_CURVE_WITH_KNOTS('',1,(#4165,#4166),.UNSPECIFIED.,.F.,
  .F.,(2,2),(-0.,1.E-03),.PIECEWISE_BEZIER_KNOTS.);
#4165 = CARTESIAN_POINT('',(-2.978056788889,-2.211346688888,0.7610001));
#4166 = CARTESIAN_POINT('',(-2.978056788889,-2.211346688888,0.7600001));
#4167 = ORIENTED_EDGE('',*,*,#478,.F.);
#4168 = B_SPLINE_SURFACE_WITH_KNOTS('',3,1,(
    (#4169,#4170)
    ,(#4171,#4172)
    ,(#4173,#4174)
    ,(#4175,#4176
    )),.UNSPECIFIED.,.F.,.F.,.F.,(4,4),(2,2),(0.,1.),(0.,1.),
  .PIECEWISE_BEZIER_KNOTS.);
#4169 = CARTESIAN_POINT('',(-2.928044433114,-2.197829835977,0.7610001));
#4170 = CARTESIAN_POINT('',(-2.928044433114,-2.197829835977,0.7600001));
#4171 = CARTESIAN_POINT('',(-2.946968027191,-2.197829835977,0.7610001));
#4172 = CARTESIAN_POINT('',(-2.946968027191,-2.197829835977,0.7600001));
#4173 = CARTESIAN_POINT('',(-2.963656141748,-2.202300795017,0.7610001));
#4174 = CARTESIAN_POINT('',(-2.963656141748,-2.202300795017,0.7600001));
#4175 = CARTESIAN_POINT('',(-2.978056788889,-2.211346688888,0.7610001));
#4176 = CARTESIAN_POINT('',(-2.978056788889,-2.211346688888,0.7600001));
#4177 = ADVANCED_FACE('',(#4178),#4188,.F.);
#4178 = FACE_BOUND('',#4179,.T.);
#4179 = EDGE_LOOP('',(#4180,#4181,#4186,#4187));
#4180 = ORIENTED_EDGE('',*,*,#469,.T.);
#4181 = ORIENTED_EDGE('',*,*,#4182,.F.);
#4182 = EDGE_CURVE('',#3977,#472,#4183,.T.);
#4183 = B_SPLINE_CURVE_WITH_KNOTS('',1,(#4184,#4185),.UNSPECIFIED.,.F.,
  .F.,(2,2),(-0.,1.E-03),.PIECEWISE_BEZIER_KNOTS.);
#4184 = CARTESIAN_POINT('',(-2.978056788889,-2.236092927298,0.7610001));
#4185 = CARTESIAN_POINT('',(-2.978056788889,-2.236092927298,0.7600001));
#4186 = ORIENTED_EDGE('',*,*,#3976,.F.);
#4187 = ORIENTED_EDGE('',*,*,#4163,.T.);
#4188 = B_SPLINE_SURFACE_WITH_KNOTS('',1,1,(
    (#4189,#4190)
    ,(#4191,#4192
    )),.UNSPECIFIED.,.F.,.F.,.F.,(2,2),(2,2),(0.,1.E-03),(0.,
    2.474623840926E-02),.PIECEWISE_BEZIER_KNOTS.);
#4189 = CARTESIAN_POINT('',(-2.978056788889,-2.236092927298,0.7610001));
#4190 = CARTESIAN_POINT('',(-2.978056788889,-2.211346688888,0.7610001));
#4191 = CARTESIAN_POINT('',(-2.978056788889,-2.236092927298,0.7600001));
#4192 = CARTESIAN_POINT('',(-2.978056788889,-2.211346688888,0.7600001));
#4193 = ADVANCED_FACE('',(#4194),#4204,.F.);
#4194 = FACE_BOUND('',#4195,.F.);
#4195 = EDGE_LOOP('',(#4196,#4197,#4198,#4203));
#4196 = ORIENTED_EDGE('',*,*,#4182,.F.);
#4197 = ORIENTED_EDGE('',*,*,#3983,.T.);
#4198 = ORIENTED_EDGE('',*,*,#4199,.T.);
#4199 = EDGE_CURVE('',#3984,#568,#4200,.T.);
#4200 = B_SPLINE_CURVE_WITH_KNOTS('',1,(#4201,#4202),.UNSPECIFIED.,.F.,
  .F.,(2,2),(-0.,1.E-03),.PIECEWISE_BEZIER_KNOTS.);
#4201 = CARTESIAN_POINT('',(-2.930435876321,-2.218521018511,0.7610001));
#4202 = CARTESIAN_POINT('',(-2.930435876321,-2.218521018511,0.7600001));
#4203 = ORIENTED_EDGE('',*,*,#576,.F.);
#4204 = B_SPLINE_SURFACE_WITH_KNOTS('',3,1,(
    (#4205,#4206)
    ,(#4207,#4208)
    ,(#4209,#4210)
    ,(#4211,#4212
    )),.UNSPECIFIED.,.F.,.F.,.F.,(4,4),(2,2),(12.,13.),(0.,1.),
  .PIECEWISE_BEZIER_KNOTS.);
#4205 = CARTESIAN_POINT('',(-2.978056788889,-2.236092927298,0.7610001));
#4206 = CARTESIAN_POINT('',(-2.978056788889,-2.236092927298,0.7600001));
#4207 = CARTESIAN_POINT('',(-2.963708129644,-2.224447638634,0.7610001));
#4208 = CARTESIAN_POINT('',(-2.963708129644,-2.224447638634,0.7600001));
#4209 = CARTESIAN_POINT('',(-2.94785182142,-2.218521018511,0.7610001));
#4210 = CARTESIAN_POINT('',(-2.94785182142,-2.218521018511,0.7600001));
#4211 = CARTESIAN_POINT('',(-2.930435876321,-2.218521018511,0.7610001));
#4212 = CARTESIAN_POINT('',(-2.930435876321,-2.218521018511,0.7600001));
#4213 = ADVANCED_FACE('',(#4214),#4224,.F.);
#4214 = FACE_BOUND('',#4215,.F.);
#4215 = EDGE_LOOP('',(#4216,#4217,#4218,#4223));
#4216 = ORIENTED_EDGE('',*,*,#4199,.F.);
#4217 = ORIENTED_EDGE('',*,*,#3992,.T.);
#4218 = ORIENTED_EDGE('',*,*,#4219,.T.);
#4219 = EDGE_CURVE('',#3993,#561,#4220,.T.);
#4220 = B_SPLINE_CURVE_WITH_KNOTS('',1,(#4221,#4222),.UNSPECIFIED.,.F.,
  .F.,(2,2),(-0.,1.E-03),.PIECEWISE_BEZIER_KNOTS.);
#4221 = CARTESIAN_POINT('',(-2.90101072729,-2.254080739249,0.7610001));
#4222 = CARTESIAN_POINT('',(-2.90101072729,-2.254080739249,0.7600001));
#4223 = ORIENTED_EDGE('',*,*,#567,.F.);
#4224 = B_SPLINE_SURFACE_WITH_KNOTS('',3,1,(
    (#4225,#4226)
    ,(#4227,#4228)
    ,(#4229,#4230)
    ,(#4231,#4232
    )),.UNSPECIFIED.,.F.,.F.,.F.,(4,4),(2,2),(11.,12.),(0.,1.),
  .PIECEWISE_BEZIER_KNOTS.);
#4225 = CARTESIAN_POINT('',(-2.930435876321,-2.218521018511,0.7610001));
#4226 = CARTESIAN_POINT('',(-2.930435876321,-2.218521018511,0.7600001));
#4227 = CARTESIAN_POINT('',(-2.910836439599,-2.218521018511,0.7610001));
#4228 = CARTESIAN_POINT('',(-2.910836439599,-2.218521018511,0.7600001));
#4229 = CARTESIAN_POINT('',(-2.90101072729,-2.230374258758,0.7610001));
#4230 = CARTESIAN_POINT('',(-2.90101072729,-2.230374258758,0.7600001));
#4231 = CARTESIAN_POINT('',(-2.90101072729,-2.254080739249,0.7610001));
#4232 = CARTESIAN_POINT('',(-2.90101072729,-2.254080739249,0.7600001));
#4233 = ADVANCED_FACE('',(#4234),#4244,.F.);
#4234 = FACE_BOUND('',#4235,.T.);
#4235 = EDGE_LOOP('',(#4236,#4237,#4242,#4243));
#4236 = ORIENTED_EDGE('',*,*,#560,.T.);
#4237 = ORIENTED_EDGE('',*,*,#4238,.F.);
#4238 = EDGE_CURVE('',#4002,#552,#4239,.T.);
#4239 = B_SPLINE_CURVE_WITH_KNOTS('',1,(#4240,#4241),.UNSPECIFIED.,.F.,
  .F.,(2,2),(-0.,1.E-03),.PIECEWISE_BEZIER_KNOTS.);
#4240 = CARTESIAN_POINT('',(-2.944056705025,-2.260111335164,0.7610001));
#4241 = CARTESIAN_POINT('',(-2.944056705025,-2.260111335164,0.7600001));
#4242 = ORIENTED_EDGE('',*,*,#4001,.F.);
#4243 = ORIENTED_EDGE('',*,*,#4219,.T.);
#4244 = B_SPLINE_SURFACE_WITH_KNOTS('',1,1,(
    (#4245,#4246)
    ,(#4247,#4248
    )),.UNSPECIFIED.,.F.,.F.,.F.,(2,2),(2,2),(0.,4.346635809804E-02),(
    -1.E-03,0.),.PIECEWISE_BEZIER_KNOTS.);
#4245 = CARTESIAN_POINT('',(-2.944056705025,-2.260111335164,0.7600001));
#4246 = CARTESIAN_POINT('',(-2.944056705025,-2.260111335164,0.7610001));
#4247 = CARTESIAN_POINT('',(-2.90101072729,-2.254080739249,0.7600001));
#4248 = CARTESIAN_POINT('',(-2.90101072729,-2.254080739249,0.7610001));
#4249 = ADVANCED_FACE('',(#4250),#4260,.F.);
#4250 = FACE_BOUND('',#4251,.F.);
#4251 = EDGE_LOOP('',(#4252,#4253,#4254,#4259));
#4252 = ORIENTED_EDGE('',*,*,#4238,.F.);
#4253 = ORIENTED_EDGE('',*,*,#4008,.T.);
#4254 = ORIENTED_EDGE('',*,*,#4255,.T.);
#4255 = EDGE_CURVE('',#4009,#543,#4256,.T.);
#4256 = B_SPLINE_CURVE_WITH_KNOTS('',1,(#4257,#4258),.UNSPECIFIED.,.F.,
  .F.,(2,2),(-0.,1.E-03),.PIECEWISE_BEZIER_KNOTS.);
#4257 = CARTESIAN_POINT('',(-2.992249484447,-2.307524296148,0.7610001));
#4258 = CARTESIAN_POINT('',(-2.992249484447,-2.307524296148,0.7600001));
#4259 = ORIENTED_EDGE('',*,*,#551,.F.);
#4260 = B_SPLINE_SURFACE_WITH_KNOTS('',3,1,(
    (#4261,#4262)
    ,(#4263,#4264)
    ,(#4265,#4266)
    ,(#4267,#4268
    )),.UNSPECIFIED.,.F.,.F.,.F.,(4,4),(2,2),(9.,10.),(0.,1.),
  .PIECEWISE_BEZIER_KNOTS.);
#4261 = CARTESIAN_POINT('',(-2.944056705025,-2.260111335164,0.7610001));
#4262 = CARTESIAN_POINT('',(-2.944056705025,-2.260111335164,0.7600001));
#4263 = CARTESIAN_POINT('',(-2.976185224639,-2.264582294204,0.7610001));
#4264 = CARTESIAN_POINT('',(-2.976185224639,-2.264582294204,0.7600001));
#4265 = CARTESIAN_POINT('',(-2.992249484447,-2.280386614532,0.7610001));
#4266 = CARTESIAN_POINT('',(-2.992249484447,-2.280386614532,0.7600001));
#4267 = CARTESIAN_POINT('',(-2.992249484447,-2.307524296148,0.7610001));
#4268 = CARTESIAN_POINT('',(-2.992249484447,-2.307524296148,0.7600001));
#4269 = ADVANCED_FACE('',(#4270),#4280,.F.);
#4270 = FACE_BOUND('',#4271,.F.);
#4271 = EDGE_LOOP('',(#4272,#4273,#4274,#4279));
#4272 = ORIENTED_EDGE('',*,*,#4255,.F.);
#4273 = ORIENTED_EDGE('',*,*,#4017,.T.);
#4274 = ORIENTED_EDGE('',*,*,#4275,.T.);
#4275 = EDGE_CURVE('',#4018,#534,#4276,.T.);
#4276 = B_SPLINE_CURVE_WITH_KNOTS('',1,(#4277,#4278),.UNSPECIFIED.,.F.,
  .F.,(2,2),(-0.,1.E-03),.PIECEWISE_BEZIER_KNOTS.);
#4277 = CARTESIAN_POINT('',(-2.97977238945,-2.338405106263,0.7610001));
#4278 = CARTESIAN_POINT('',(-2.97977238945,-2.338405106263,0.7600001));
#4279 = ORIENTED_EDGE('',*,*,#542,.F.);
#4280 = B_SPLINE_SURFACE_WITH_KNOTS('',3,1,(
    (#4281,#4282)
    ,(#4283,#4284)
    ,(#4285,#4286)
    ,(#4287,#4288
    )),.UNSPECIFIED.,.F.,.F.,.F.,(4,4),(2,2),(8.,9.),(0.,1.),
  .PIECEWISE_BEZIER_KNOTS.);
#4281 = CARTESIAN_POINT('',(-2.992249484447,-2.307524296148,0.7610001));
#4282 = CARTESIAN_POINT('',(-2.992249484447,-2.307524296148,0.7600001));
#4283 = CARTESIAN_POINT('',(-2.992249484447,-2.320521270102,0.7610001));
#4284 = CARTESIAN_POINT('',(-2.992249484447,-2.320521270102,0.7600001));
#4285 = CARTESIAN_POINT('',(-2.988090452781,-2.330814873474,0.7610001));
#4286 = CARTESIAN_POINT('',(-2.988090452781,-2.330814873474,0.7600001));
#4287 = CARTESIAN_POINT('',(-2.97977238945,-2.338405106263,0.7610001));
#4288 = CARTESIAN_POINT('',(-2.97977238945,-2.338405106263,0.7600001));
#4289 = ADVANCED_FACE('',(#4290),#4300,.F.);
#4290 = FACE_BOUND('',#4291,.F.);
#4291 = EDGE_LOOP('',(#4292,#4293,#4294,#4299));
#4292 = ORIENTED_EDGE('',*,*,#4275,.F.);
#4293 = ORIENTED_EDGE('',*,*,#4026,.T.);
#4294 = ORIENTED_EDGE('',*,*,#4295,.T.);
#4295 = EDGE_CURVE('',#4027,#525,#4296,.T.);
#4296 = B_SPLINE_CURVE_WITH_KNOTS('',1,(#4297,#4298),.UNSPECIFIED.,.F.,
  .F.,(2,2),(-0.,1.E-03),.PIECEWISE_BEZIER_KNOTS.);
#4297 = CARTESIAN_POINT('',(-2.946188208754,-2.349842443342,0.7610001));
#4298 = CARTESIAN_POINT('',(-2.946188208754,-2.349842443342,0.7600001));
#4299 = ORIENTED_EDGE('',*,*,#533,.F.);
#4300 = B_SPLINE_SURFACE_WITH_KNOTS('',3,1,(
    (#4301,#4302)
    ,(#4303,#4304)
    ,(#4305,#4306)
    ,(#4307,#4308
    )),.UNSPECIFIED.,.F.,.F.,.F.,(4,4),(2,2),(7.,8.),(0.,1.),
  .PIECEWISE_BEZIER_KNOTS.);
#4301 = CARTESIAN_POINT('',(-2.97977238945,-2.338405106263,0.7610001));
#4302 = CARTESIAN_POINT('',(-2.97977238945,-2.338405106263,0.7600001));
#4303 = CARTESIAN_POINT('',(-2.97145432612,-2.345995339052,0.7610001));
#4304 = CARTESIAN_POINT('',(-2.97145432612,-2.345995339052,0.7600001));
#4305 = CARTESIAN_POINT('',(-2.960276928519,-2.349842443342,0.7610001));
#4306 = CARTESIAN_POINT('',(-2.960276928519,-2.349842443342,0.7600001));
#4307 = CARTESIAN_POINT('',(-2.946188208754,-2.349842443342,0.7610001));
#4308 = CARTESIAN_POINT('',(-2.946188208754,-2.349842443342,0.7600001));
#4309 = ADVANCED_FACE('',(#4310),#4320,.F.);
#4310 = FACE_BOUND('',#4311,.F.);
#4311 = EDGE_LOOP('',(#4312,#4313,#4314,#4319));
#4312 = ORIENTED_EDGE('',*,*,#4295,.F.);
#4313 = ORIENTED_EDGE('',*,*,#4035,.T.);
#4314 = ORIENTED_EDGE('',*,*,#4315,.T.);
#4315 = EDGE_CURVE('',#4036,#518,#4316,.T.);
#4316 = B_SPLINE_CURVE_WITH_KNOTS('',1,(#4317,#4318),.UNSPECIFIED.,.F.,
  .F.,(2,2),(-0.,1.E-03),.PIECEWISE_BEZIER_KNOTS.);
#4317 = CARTESIAN_POINT('',(-2.901686569935,-2.323952471226,0.7610001));
#4318 = CARTESIAN_POINT('',(-2.901686569935,-2.323952471226,0.7600001));
#4319 = ORIENTED_EDGE('',*,*,#524,.F.);
#4320 = B_SPLINE_SURFACE_WITH_KNOTS('',3,1,(
    (#4321,#4322)
    ,(#4323,#4324)
    ,(#4325,#4326)
    ,(#4327,#4328
    )),.UNSPECIFIED.,.F.,.F.,.F.,(4,4),(2,2),(6.,7.),(0.,1.),
  .PIECEWISE_BEZIER_KNOTS.);
#4321 = CARTESIAN_POINT('',(-2.946188208754,-2.349842443342,0.7610001));
#4322 = CARTESIAN_POINT('',(-2.946188208754,-2.349842443342,0.7600001));
#4323 = CARTESIAN_POINT('',(-2.926588772031,-2.349842443342,0.7610001));
#4324 = CARTESIAN_POINT('',(-2.926588772031,-2.349842443342,0.7600001));
#4325 = CARTESIAN_POINT('',(-2.911720233827,-2.341212452637,0.7610001));
#4326 = CARTESIAN_POINT('',(-2.911720233827,-2.341212452637,0.7600001));
#4327 = CARTESIAN_POINT('',(-2.901686569935,-2.323952471226,0.7610001));
#4328 = CARTESIAN_POINT('',(-2.901686569935,-2.323952471226,0.7600001));
#4329 = ADVANCED_FACE('',(#4330),#4340,.F.);
#4330 = FACE_BOUND('',#4331,.T.);
#4331 = EDGE_LOOP('',(#4332,#4333,#4338,#4339));
#4332 = ORIENTED_EDGE('',*,*,#517,.T.);
#4333 = ORIENTED_EDGE('',*,*,#4334,.F.);
#4334 = EDGE_CURVE('',#4045,#511,#4335,.T.);
#4335 = B_SPLINE_CURVE_WITH_KNOTS('',1,(#4336,#4337),.UNSPECIFIED.,.F.,
  .F.,(2,2),(-0.,1.E-03),.PIECEWISE_BEZIER_KNOTS.);
#4336 = CARTESIAN_POINT('',(-2.90101072729,-2.323952471226,0.7610001));
#4337 = CARTESIAN_POINT('',(-2.90101072729,-2.323952471226,0.7600001));
#4338 = ORIENTED_EDGE('',*,*,#4044,.F.);
#4339 = ORIENTED_EDGE('',*,*,#4315,.T.);
#4340 = B_SPLINE_SURFACE_WITH_KNOTS('',1,1,(
    (#4341,#4342)
    ,(#4343,#4344)),.UNSPECIFIED.,.F.,.F.,.F.,(2,2),(2,2),(-1.E-03,0.),(
    -6.758426455273E-04,0.),.PIECEWISE_BEZIER_KNOTS.);
#4341 = CARTESIAN_POINT('',(-2.901686569935,-2.323952471226,0.7600001));
#4342 = CARTESIAN_POINT('',(-2.90101072729,-2.323952471226,0.7600001));
#4343 = CARTESIAN_POINT('',(-2.901686569935,-2.323952471226,0.7610001));
#4344 = CARTESIAN_POINT('',(-2.90101072729,-2.323952471226,0.7610001));
#4345 = ADVANCED_FACE('',(#4346),#4356,.F.);
#4346 = FACE_BOUND('',#4347,.T.);
#4347 = EDGE_LOOP('',(#4348,#4349,#4354,#4355));
#4348 = ORIENTED_EDGE('',*,*,#510,.T.);
#4349 = ORIENTED_EDGE('',*,*,#4350,.F.);
#4350 = EDGE_CURVE('',#4052,#504,#4351,.T.);
#4351 = B_SPLINE_CURVE_WITH_KNOTS('',1,(#4352,#4353),.UNSPECIFIED.,.F.,
  .F.,(2,2),(-0.,1.E-03),.PIECEWISE_BEZIER_KNOTS.);
#4352 = CARTESIAN_POINT('',(-2.90101072729,-2.346411242218,0.7610001));
#4353 = CARTESIAN_POINT('',(-2.90101072729,-2.346411242218,0.7600001));
#4354 = ORIENTED_EDGE('',*,*,#4051,.F.);
#4355 = ORIENTED_EDGE('',*,*,#4334,.T.);
#4356 = B_SPLINE_SURFACE_WITH_KNOTS('',1,1,(
    (#4357,#4358)
    ,(#4359,#4360
    )),.UNSPECIFIED.,.F.,.F.,.F.,(2,2),(2,2),(0.,1.E-03),(0.,
    2.24587709918E-02),.PIECEWISE_BEZIER_KNOTS.);
#4357 = CARTESIAN_POINT('',(-2.90101072729,-2.346411242218,0.7610001));
#4358 = CARTESIAN_POINT('',(-2.90101072729,-2.323952471226,0.7610001));
#4359 = CARTESIAN_POINT('',(-2.90101072729,-2.346411242218,0.7600001));
#4360 = CARTESIAN_POINT('',(-2.90101072729,-2.323952471226,0.7600001));
#4361 = ADVANCED_FACE('',(#4362),#4372,.F.);
#4362 = FACE_BOUND('',#4363,.T.);
#4363 = EDGE_LOOP('',(#4364,#4365,#4370,#4371));
#4364 = ORIENTED_EDGE('',*,*,#503,.T.);
#4365 = ORIENTED_EDGE('',*,*,#4366,.F.);
#4366 = EDGE_CURVE('',#4059,#497,#4367,.T.);
#4367 = B_SPLINE_CURVE_WITH_KNOTS('',1,(#4368,#4369),.UNSPECIFIED.,.F.,
  .F.,(2,2),(-0.,1.E-03),.PIECEWISE_BEZIER_KNOTS.);
#4368 = CARTESIAN_POINT('',(-2.87553665834,-2.346411242218,0.7610001));
#4369 = CARTESIAN_POINT('',(-2.87553665834,-2.346411242218,0.7600001));
#4370 = ORIENTED_EDGE('',*,*,#4058,.F.);
#4371 = ORIENTED_EDGE('',*,*,#4350,.T.);
#4372 = B_SPLINE_SURFACE_WITH_KNOTS('',1,1,(
    (#4373,#4374)
    ,(#4375,#4376)),.UNSPECIFIED.,.F.,.F.,.F.,(2,2),(2,2),(-1.E-03,0.),(
    -2.547406894985E-02,0.),.PIECEWISE_BEZIER_KNOTS.);
#4373 = CARTESIAN_POINT('',(-2.90101072729,-2.346411242218,0.7600001));
#4374 = CARTESIAN_POINT('',(-2.87553665834,-2.346411242218,0.7600001));
#4375 = CARTESIAN_POINT('',(-2.90101072729,-2.346411242218,0.7610001));
#4376 = CARTESIAN_POINT('',(-2.87553665834,-2.346411242218,0.7610001));
#4377 = ADVANCED_FACE('',(#4378),#4388,.F.);
#4378 = FACE_BOUND('',#4379,.T.);
#4379 = EDGE_LOOP('',(#4380,#4381,#4386,#4387));
#4380 = ORIENTED_EDGE('',*,*,#496,.T.);
#4381 = ORIENTED_EDGE('',*,*,#4382,.F.);
#4382 = EDGE_CURVE('',#4066,#488,#4383,.T.);
#4383 = B_SPLINE_CURVE_WITH_KNOTS('',1,(#4384,#4385),.UNSPECIFIED.,.F.,
  .F.,(2,2),(-0.,1.E-03),.PIECEWISE_BEZIER_KNOTS.);
#4384 = CARTESIAN_POINT('',(-2.87553665834,-2.252937005542,0.7610001));
#4385 = CARTESIAN_POINT('',(-2.87553665834,-2.252937005542,0.7600001));
#4386 = ORIENTED_EDGE('',*,*,#4065,.F.);
#4387 = ORIENTED_EDGE('',*,*,#4366,.T.);
#4388 = B_SPLINE_SURFACE_WITH_KNOTS('',1,1,(
    (#4389,#4390)
    ,(#4391,#4392)),.UNSPECIFIED.,.F.,.F.,.F.,(2,2),(2,2),(-1.E-03,0.),(
    -9.347423667573E-02,0.),.PIECEWISE_BEZIER_KNOTS.);
#4389 = CARTESIAN_POINT('',(-2.87553665834,-2.346411242218,0.7600001));
#4390 = CARTESIAN_POINT('',(-2.87553665834,-2.252937005542,0.7600001));
#4391 = CARTESIAN_POINT('',(-2.87553665834,-2.346411242218,0.7610001));
#4392 = CARTESIAN_POINT('',(-2.87553665834,-2.252937005542,0.7610001));
#4393 = ADVANCED_FACE('',(#4394),#4400,.F.);
#4394 = FACE_BOUND('',#4395,.F.);
#4395 = EDGE_LOOP('',(#4396,#4397,#4398,#4399));
#4396 = ORIENTED_EDGE('',*,*,#4382,.F.);
#4397 = ORIENTED_EDGE('',*,*,#4072,.T.);
#4398 = ORIENTED_EDGE('',*,*,#4157,.T.);
#4399 = ORIENTED_EDGE('',*,*,#487,.F.);
#4400 = B_SPLINE_SURFACE_WITH_KNOTS('',3,1,(
    (#4401,#4402)
    ,(#4403,#4404)
    ,(#4405,#4406)
    ,(#4407,#4408
    )),.UNSPECIFIED.,.F.,.F.,.F.,(4,4),(2,2),(1.,2.),(0.,1.),
  .PIECEWISE_BEZIER_KNOTS.);
#4401 = CARTESIAN_POINT('',(-2.87553665834,-2.252937005542,0.7610001));
#4402 = CARTESIAN_POINT('',(-2.87553665834,-2.252937005542,0.7600001));
#4403 = CARTESIAN_POINT('',(-2.87553665834,-2.216129575304,0.7610001));
#4404 = CARTESIAN_POINT('',(-2.87553665834,-2.216129575304,0.7600001));
#4405 = CARTESIAN_POINT('',(-2.89305657923,-2.197829835977,0.7610001));
#4406 = CARTESIAN_POINT('',(-2.89305657923,-2.197829835977,0.7600001));
#4407 = CARTESIAN_POINT('',(-2.928044433114,-2.197829835977,0.7610001));
#4408 = CARTESIAN_POINT('',(-2.928044433114,-2.197829835977,0.7600001));
#4409 = ADVANCED_FACE('',(#4410),#4434,.T.);
#4410 = FACE_BOUND('',#4411,.T.);
#4411 = EDGE_LOOP('',(#4412,#4423,#4428,#4429));
#4412 = ORIENTED_EDGE('',*,*,#4413,.F.);
#4413 = EDGE_CURVE('',#4414,#4416,#4418,.T.);
#4414 = VERTEX_POINT('',#4415);
#4415 = CARTESIAN_POINT('',(-2.935010811153,-2.278099147116,0.7600001));
#4416 = VERTEX_POINT('',#4417);
#4417 = CARTESIAN_POINT('',(-2.95965307377,-2.287041065197,0.7600001));
#4418 = B_SPLINE_CURVE_WITH_KNOTS('',3,(#4419,#4420,#4421,#4422),
  .UNSPECIFIED.,.F.,.F.,(4,4),(0.,1.),.PIECEWISE_BEZIER_KNOTS.);
#4419 = CARTESIAN_POINT('',(-2.935010811153,-2.278099147116,0.7600001));
#4420 = CARTESIAN_POINT('',(-2.946916039295,-2.279762759783,0.7600001));
#4421 = CARTESIAN_POINT('',(-2.955130126834,-2.282674081948,0.7600001));
#4422 = CARTESIAN_POINT('',(-2.95965307377,-2.287041065197,0.7600001));
#4423 = ORIENTED_EDGE('',*,*,#4424,.F.);
#4424 = EDGE_CURVE('',#4093,#4414,#4425,.T.);
#4425 = B_SPLINE_CURVE_WITH_KNOTS('',1,(#4426,#4427),.UNSPECIFIED.,.F.,
  .F.,(2,2),(-0.,1.E-03),.PIECEWISE_BEZIER_KNOTS.);
#4426 = CARTESIAN_POINT('',(-2.935010811153,-2.278099147116,0.7610001));
#4427 = CARTESIAN_POINT('',(-2.935010811153,-2.278099147116,0.7600001));
#4428 = ORIENTED_EDGE('',*,*,#4092,.T.);
#4429 = ORIENTED_EDGE('',*,*,#4430,.T.);
#4430 = EDGE_CURVE('',#4082,#4416,#4431,.T.);
#4431 = B_SPLINE_CURVE_WITH_KNOTS('',1,(#4432,#4433),.UNSPECIFIED.,.F.,
  .F.,(2,2),(-0.,1.E-03),.PIECEWISE_BEZIER_KNOTS.);
#4432 = CARTESIAN_POINT('',(-2.95965307377,-2.287041065197,0.7610001));
#4433 = CARTESIAN_POINT('',(-2.95965307377,-2.287041065197,0.7600001));
#4434 = B_SPLINE_SURFACE_WITH_KNOTS('',3,1,(
    (#4435,#4436)
    ,(#4437,#4438)
    ,(#4439,#4440)
    ,(#4441,#4442
    )),.UNSPECIFIED.,.F.,.F.,.F.,(4,4),(2,2),(0.,1.),(0.,1.),
  .PIECEWISE_BEZIER_KNOTS.);
#4435 = CARTESIAN_POINT('',(-2.935010811153,-2.278099147116,0.7610001));
#4436 = CARTESIAN_POINT('',(-2.935010811153,-2.278099147116,0.7600001));
#4437 = CARTESIAN_POINT('',(-2.946916039295,-2.279762759783,0.7610001));
#4438 = CARTESIAN_POINT('',(-2.946916039295,-2.279762759783,0.7600001));
#4439 = CARTESIAN_POINT('',(-2.955130126834,-2.282674081948,0.7610001));
#4440 = CARTESIAN_POINT('',(-2.955130126834,-2.282674081948,0.7600001));
#4441 = CARTESIAN_POINT('',(-2.95965307377,-2.287041065197,0.7610001));
#4442 = CARTESIAN_POINT('',(-2.95965307377,-2.287041065197,0.7600001));
#4443 = ADVANCED_FACE('',(#4444),#4462,.T.);
#4444 = FACE_BOUND('',#4445,.T.);
#4445 = EDGE_LOOP('',(#4446,#4455,#4456,#4457));
#4446 = ORIENTED_EDGE('',*,*,#4447,.F.);
#4447 = EDGE_CURVE('',#4416,#4448,#4450,.T.);
#4448 = VERTEX_POINT('',#4449);
#4449 = CARTESIAN_POINT('',(-2.966411500226,-2.305444780316,0.7600001));
#4450 = B_SPLINE_CURVE_WITH_KNOTS('',3,(#4451,#4452,#4453,#4454),
  .UNSPECIFIED.,.F.,.F.,(4,4),(1.,2.),.PIECEWISE_BEZIER_KNOTS.);
#4451 = CARTESIAN_POINT('',(-2.95965307377,-2.287041065197,0.7600001));
#4452 = CARTESIAN_POINT('',(-2.96412403281,-2.291408048445,0.7600001));
#4453 = CARTESIAN_POINT('',(-2.966411500226,-2.297542620151,0.7600001));
#4454 = CARTESIAN_POINT('',(-2.966411500226,-2.305444780316,0.7600001));
#4455 = ORIENTED_EDGE('',*,*,#4430,.F.);
#4456 = ORIENTED_EDGE('',*,*,#4081,.T.);
#4457 = ORIENTED_EDGE('',*,*,#4458,.T.);
#4458 = EDGE_CURVE('',#4084,#4448,#4459,.T.);
#4459 = B_SPLINE_CURVE_WITH_KNOTS('',1,(#4460,#4461),.UNSPECIFIED.,.F.,
  .F.,(2,2),(-0.,1.E-03),.PIECEWISE_BEZIER_KNOTS.);
#4460 = CARTESIAN_POINT('',(-2.966411500226,-2.305444780316,0.7610001));
#4461 = CARTESIAN_POINT('',(-2.966411500226,-2.305444780316,0.7600001));
#4462 = B_SPLINE_SURFACE_WITH_KNOTS('',3,1,(
    (#4463,#4464)
    ,(#4465,#4466)
    ,(#4467,#4468)
    ,(#4469,#4470
    )),.UNSPECIFIED.,.F.,.F.,.F.,(4,4),(2,2),(1.,2.),(0.,1.),
  .PIECEWISE_BEZIER_KNOTS.);
#4463 = CARTESIAN_POINT('',(-2.95965307377,-2.287041065197,0.7610001));
#4464 = CARTESIAN_POINT('',(-2.95965307377,-2.287041065197,0.7600001));
#4465 = CARTESIAN_POINT('',(-2.96412403281,-2.291408048445,0.7610001));
#4466 = CARTESIAN_POINT('',(-2.96412403281,-2.291408048445,0.7600001));
#4467 = CARTESIAN_POINT('',(-2.966411500226,-2.297542620151,0.7610001));
#4468 = CARTESIAN_POINT('',(-2.966411500226,-2.297542620151,0.7600001));
#4469 = CARTESIAN_POINT('',(-2.966411500226,-2.305444780316,0.7610001));
#4470 = CARTESIAN_POINT('',(-2.966411500226,-2.305444780316,0.7600001));
#4471 = ADVANCED_FACE('',(#4472),#4490,.T.);
#4472 = FACE_BOUND('',#4473,.T.);
#4473 = EDGE_LOOP('',(#4474,#4483,#4484,#4485));
#4474 = ORIENTED_EDGE('',*,*,#4475,.F.);
#4475 = EDGE_CURVE('',#4448,#4476,#4478,.T.);
#4476 = VERTEX_POINT('',#4477);
#4477 = CARTESIAN_POINT('',(-2.95902921902,-2.322392834352,0.7600001));
#4478 = B_SPLINE_CURVE_WITH_KNOTS('',3,(#4479,#4480,#4481,#4482),
  .UNSPECIFIED.,.F.,.F.,(4,4),(2.,3.),.PIECEWISE_BEZIER_KNOTS.);
#4479 = CARTESIAN_POINT('',(-2.966411500226,-2.305444780316,0.7600001));
#4480 = CARTESIAN_POINT('',(-2.966411500226,-2.312411158354,0.7600001));
#4481 = CARTESIAN_POINT('',(-2.963968069122,-2.318025851103,0.7600001));
#4482 = CARTESIAN_POINT('',(-2.95902921902,-2.322392834352,0.7600001));
#4483 = ORIENTED_EDGE('',*,*,#4458,.F.);
#4484 = ORIENTED_EDGE('',*,*,#4142,.T.);
#4485 = ORIENTED_EDGE('',*,*,#4486,.T.);
#4486 = EDGE_CURVE('',#4134,#4476,#4487,.T.);
#4487 = B_SPLINE_CURVE_WITH_KNOTS('',1,(#4488,#4489),.UNSPECIFIED.,.F.,
  .F.,(2,2),(-0.,1.E-03),.PIECEWISE_BEZIER_KNOTS.);
#4488 = CARTESIAN_POINT('',(-2.95902921902,-2.322392834352,0.7610001));
#4489 = CARTESIAN_POINT('',(-2.95902921902,-2.322392834352,0.7600001));
#4490 = B_SPLINE_SURFACE_WITH_KNOTS('',3,1,(
    (#4491,#4492)
    ,(#4493,#4494)
    ,(#4495,#4496)
    ,(#4497,#4498
    )),.UNSPECIFIED.,.F.,.F.,.F.,(4,4),(2,2),(2.,3.),(0.,1.),
  .PIECEWISE_BEZIER_KNOTS.);
#4491 = CARTESIAN_POINT('',(-2.966411500226,-2.305444780316,0.7610001));
#4492 = CARTESIAN_POINT('',(-2.966411500226,-2.305444780316,0.7600001));
#4493 = CARTESIAN_POINT('',(-2.966411500226,-2.312411158354,0.7610001));
#4494 = CARTESIAN_POINT('',(-2.966411500226,-2.312411158354,0.7600001));
#4495 = CARTESIAN_POINT('',(-2.963968069122,-2.318025851103,0.7610001));
#4496 = CARTESIAN_POINT('',(-2.963968069122,-2.318025851103,0.7600001));
#4497 = CARTESIAN_POINT('',(-2.95902921902,-2.322392834352,0.7610001));
#4498 = CARTESIAN_POINT('',(-2.95902921902,-2.322392834352,0.7600001));
#4499 = ADVANCED_FACE('',(#4500),#4518,.T.);
#4500 = FACE_BOUND('',#4501,.T.);
#4501 = EDGE_LOOP('',(#4502,#4511,#4512,#4513));
#4502 = ORIENTED_EDGE('',*,*,#4503,.F.);
#4503 = EDGE_CURVE('',#4476,#4504,#4506,.T.);
#4504 = VERTEX_POINT('',#4505);
#4505 = CARTESIAN_POINT('',(-2.939585745985,-2.328943309224,0.7600001));
#4506 = B_SPLINE_CURVE_WITH_KNOTS('',3,(#4507,#4508,#4509,#4510),
  .UNSPECIFIED.,.F.,.F.,(4,4),(3.,4.),.PIECEWISE_BEZIER_KNOTS.);
#4507 = CARTESIAN_POINT('',(-2.95902921902,-2.322392834352,0.7600001));
#4508 = CARTESIAN_POINT('',(-2.954142356813,-2.3267598176,0.7600001));
#4509 = CARTESIAN_POINT('',(-2.947643869837,-2.328943309224,0.7600001));
#4510 = CARTESIAN_POINT('',(-2.939585745985,-2.328943309224,0.7600001));
#4511 = ORIENTED_EDGE('',*,*,#4486,.F.);
#4512 = ORIENTED_EDGE('',*,*,#4133,.T.);
#4513 = ORIENTED_EDGE('',*,*,#4514,.T.);
#4514 = EDGE_CURVE('',#4125,#4504,#4515,.T.);
#4515 = B_SPLINE_CURVE_WITH_KNOTS('',1,(#4516,#4517),.UNSPECIFIED.,.F.,
  .F.,(2,2),(-0.,1.E-03),.PIECEWISE_BEZIER_KNOTS.);
#4516 = CARTESIAN_POINT('',(-2.939585745985,-2.328943309224,0.7610001));
#4517 = CARTESIAN_POINT('',(-2.939585745985,-2.328943309224,0.7600001));
#4518 = B_SPLINE_SURFACE_WITH_KNOTS('',3,1,(
    (#4519,#4520)
    ,(#4521,#4522)
    ,(#4523,#4524)
    ,(#4525,#4526
    )),.UNSPECIFIED.,.F.,.F.,.F.,(4,4),(2,2),(3.,4.),(0.,1.),
  .PIECEWISE_BEZIER_KNOTS.);
#4519 = CARTESIAN_POINT('',(-2.95902921902,-2.322392834352,0.7610001));
#4520 = CARTESIAN_POINT('',(-2.95902921902,-2.322392834352,0.7600001));
#4521 = CARTESIAN_POINT('',(-2.954142356813,-2.3267598176,0.7610001));
#4522 = CARTESIAN_POINT('',(-2.954142356813,-2.3267598176,0.7600001));
#4523 = CARTESIAN_POINT('',(-2.947643869837,-2.328943309224,0.7610001));
#4524 = CARTESIAN_POINT('',(-2.947643869837,-2.328943309224,0.7600001));
#4525 = CARTESIAN_POINT('',(-2.939585745985,-2.328943309224,0.7610001));
#4526 = CARTESIAN_POINT('',(-2.939585745985,-2.328943309224,0.7600001));
#4527 = ADVANCED_FACE('',(#4528),#4546,.T.);
#4528 = FACE_BOUND('',#4529,.T.);
#4529 = EDGE_LOOP('',(#4530,#4539,#4540,#4541));
#4530 = ORIENTED_EDGE('',*,*,#4531,.F.);
#4531 = EDGE_CURVE('',#4504,#4532,#4534,.T.);
#4532 = VERTEX_POINT('',#4533);
#4533 = CARTESIAN_POINT('',(-2.911928185411,-2.317090068978,0.7600001));
#4534 = B_SPLINE_CURVE_WITH_KNOTS('',3,(#4535,#4536,#4537,#4538),
  .UNSPECIFIED.,.F.,.F.,(4,4),(4.,5.),.PIECEWISE_BEZIER_KNOTS.);
#4535 = CARTESIAN_POINT('',(-2.939585745985,-2.328943309224,0.7600001));
#4536 = CARTESIAN_POINT('',(-2.928408348385,-2.328943309224,0.7600001));
#4537 = CARTESIAN_POINT('',(-2.91915450293,-2.324992229143,0.7600001));
#4538 = CARTESIAN_POINT('',(-2.911928185411,-2.317090068978,0.7600001));
#4539 = ORIENTED_EDGE('',*,*,#4514,.F.);
#4540 = ORIENTED_EDGE('',*,*,#4124,.T.);
#4541 = ORIENTED_EDGE('',*,*,#4542,.T.);
#4542 = EDGE_CURVE('',#4116,#4532,#4543,.T.);
#4543 = B_SPLINE_CURVE_WITH_KNOTS('',1,(#4544,#4545),.UNSPECIFIED.,.F.,
  .F.,(2,2),(-0.,1.E-03),.PIECEWISE_BEZIER_KNOTS.);
#4544 = CARTESIAN_POINT('',(-2.911928185411,-2.317090068978,0.7610001));
#4545 = CARTESIAN_POINT('',(-2.911928185411,-2.317090068978,0.7600001));
#4546 = B_SPLINE_SURFACE_WITH_KNOTS('',3,1,(
    (#4547,#4548)
    ,(#4549,#4550)
    ,(#4551,#4552)
    ,(#4553,#4554
    )),.UNSPECIFIED.,.F.,.F.,.F.,(4,4),(2,2),(4.,5.),(0.,1.),
  .PIECEWISE_BEZIER_KNOTS.);
#4547 = CARTESIAN_POINT('',(-2.939585745985,-2.328943309224,0.7610001));
#4548 = CARTESIAN_POINT('',(-2.939585745985,-2.328943309224,0.7600001));
#4549 = CARTESIAN_POINT('',(-2.928408348385,-2.328943309224,0.7610001));
#4550 = CARTESIAN_POINT('',(-2.928408348385,-2.328943309224,0.7600001));
#4551 = CARTESIAN_POINT('',(-2.91915450293,-2.324992229143,0.7610001));
#4552 = CARTESIAN_POINT('',(-2.91915450293,-2.324992229143,0.7600001));
#4553 = CARTESIAN_POINT('',(-2.911928185411,-2.317090068978,0.7610001));
#4554 = CARTESIAN_POINT('',(-2.911928185411,-2.317090068978,0.7600001));
#4555 = ADVANCED_FACE('',(#4556),#4574,.T.);
#4556 = FACE_BOUND('',#4557,.T.);
#4557 = EDGE_LOOP('',(#4558,#4567,#4568,#4569));
#4558 = ORIENTED_EDGE('',*,*,#4559,.F.);
#4559 = EDGE_CURVE('',#4532,#4560,#4562,.T.);
#4560 = VERTEX_POINT('',#4561);
#4561 = CARTESIAN_POINT('',(-2.90101072729,-2.287456968363,0.7600001));
#4562 = B_SPLINE_CURVE_WITH_KNOTS('',3,(#4563,#4564,#4565,#4566),
  .UNSPECIFIED.,.F.,.F.,(4,4),(5.,6.),.PIECEWISE_BEZIER_KNOTS.);
#4563 = CARTESIAN_POINT('',(-2.911928185411,-2.317090068978,0.7600001));
#4564 = CARTESIAN_POINT('',(-2.904649879997,-2.309291884606,0.7600001));
#4565 = CARTESIAN_POINT('',(-2.90101072729,-2.299414184401,0.7600001));
#4566 = CARTESIAN_POINT('',(-2.90101072729,-2.287456968363,0.7600001));
#4567 = ORIENTED_EDGE('',*,*,#4542,.F.);
#4568 = ORIENTED_EDGE('',*,*,#4115,.T.);
#4569 = ORIENTED_EDGE('',*,*,#4570,.T.);
#4570 = EDGE_CURVE('',#4109,#4560,#4571,.T.);
#4571 = B_SPLINE_CURVE_WITH_KNOTS('',1,(#4572,#4573),.UNSPECIFIED.,.F.,
  .F.,(2,2),(-0.,1.E-03),.PIECEWISE_BEZIER_KNOTS.);
#4572 = CARTESIAN_POINT('',(-2.90101072729,-2.287456968363,0.7610001));
#4573 = CARTESIAN_POINT('',(-2.90101072729,-2.287456968363,0.7600001));
#4574 = B_SPLINE_SURFACE_WITH_KNOTS('',3,1,(
    (#4575,#4576)
    ,(#4577,#4578)
    ,(#4579,#4580)
    ,(#4581,#4582
    )),.UNSPECIFIED.,.F.,.F.,.F.,(4,4),(2,2),(5.,6.),(0.,1.),
  .PIECEWISE_BEZIER_KNOTS.);
#4575 = CARTESIAN_POINT('',(-2.911928185411,-2.317090068978,0.7610001));
#4576 = CARTESIAN_POINT('',(-2.911928185411,-2.317090068978,0.7600001));
#4577 = CARTESIAN_POINT('',(-2.904649879997,-2.309291884606,0.7610001));
#4578 = CARTESIAN_POINT('',(-2.904649879997,-2.309291884606,0.7600001));
#4579 = CARTESIAN_POINT('',(-2.90101072729,-2.299414184401,0.7610001));
#4580 = CARTESIAN_POINT('',(-2.90101072729,-2.299414184401,0.7600001));
#4581 = CARTESIAN_POINT('',(-2.90101072729,-2.287456968363,0.7610001));
#4582 = CARTESIAN_POINT('',(-2.90101072729,-2.287456968363,0.7600001));
#4583 = ADVANCED_FACE('',(#4584),#4600,.T.);
#4584 = FACE_BOUND('',#4585,.T.);
#4585 = EDGE_LOOP('',(#4586,#4593,#4594,#4595));
#4586 = ORIENTED_EDGE('',*,*,#4587,.F.);
#4587 = EDGE_CURVE('',#4560,#4588,#4590,.T.);
#4588 = VERTEX_POINT('',#4589);
#4589 = CARTESIAN_POINT('',(-2.90101072729,-2.273524212284,0.7600001));
#4590 = B_SPLINE_CURVE_WITH_KNOTS('',1,(#4591,#4592),.UNSPECIFIED.,.F.,
  .F.,(2,2),(0.,1.39327560794E-02),.PIECEWISE_BEZIER_KNOTS.);
#4591 = CARTESIAN_POINT('',(-2.90101072729,-2.287456968363,0.7600001));
#4592 = CARTESIAN_POINT('',(-2.90101072729,-2.273524212284,0.7600001));
#4593 = ORIENTED_EDGE('',*,*,#4570,.F.);
#4594 = ORIENTED_EDGE('',*,*,#4108,.T.);
#4595 = ORIENTED_EDGE('',*,*,#4596,.T.);
#4596 = EDGE_CURVE('',#4102,#4588,#4597,.T.);
#4597 = B_SPLINE_CURVE_WITH_KNOTS('',1,(#4598,#4599),.UNSPECIFIED.,.F.,
  .F.,(2,2),(-0.,1.E-03),.PIECEWISE_BEZIER_KNOTS.);
#4598 = CARTESIAN_POINT('',(-2.90101072729,-2.273524212284,0.7610001));
#4599 = CARTESIAN_POINT('',(-2.90101072729,-2.273524212284,0.7600001));
#4600 = B_SPLINE_SURFACE_WITH_KNOTS('',1,1,(
    (#4601,#4602)
    ,(#4603,#4604
    )),.UNSPECIFIED.,.F.,.F.,.F.,(2,2),(2,2),(-1.E-03,0.),(0.,
    1.39327560794E-02),.PIECEWISE_BEZIER_KNOTS.);
#4601 = CARTESIAN_POINT('',(-2.90101072729,-2.287456968363,0.7600001));
#4602 = CARTESIAN_POINT('',(-2.90101072729,-2.273524212284,0.7600001));
#4603 = CARTESIAN_POINT('',(-2.90101072729,-2.287456968363,0.7610001));
#4604 = CARTESIAN_POINT('',(-2.90101072729,-2.273524212284,0.7610001));
#4605 = ADVANCED_FACE('',(#4606),#4616,.T.);
#4606 = FACE_BOUND('',#4607,.T.);
#4607 = EDGE_LOOP('',(#4608,#4613,#4614,#4615));
#4608 = ORIENTED_EDGE('',*,*,#4609,.F.);
#4609 = EDGE_CURVE('',#4588,#4414,#4610,.T.);
#4610 = B_SPLINE_CURVE_WITH_KNOTS('',1,(#4611,#4612),.UNSPECIFIED.,.F.,
  .F.,(2,2),(0.,3.430649692773E-02),.PIECEWISE_BEZIER_KNOTS.);
#4611 = CARTESIAN_POINT('',(-2.90101072729,-2.273524212284,0.7600001));
#4612 = CARTESIAN_POINT('',(-2.935010811153,-2.278099147116,0.7600001));
#4613 = ORIENTED_EDGE('',*,*,#4596,.F.);
#4614 = ORIENTED_EDGE('',*,*,#4101,.T.);
#4615 = ORIENTED_EDGE('',*,*,#4424,.T.);
#4616 = B_SPLINE_SURFACE_WITH_KNOTS('',1,1,(
    (#4617,#4618)
    ,(#4619,#4620
    )),.UNSPECIFIED.,.F.,.F.,.F.,(2,2),(2,2),(-3.430649692773E-02,0.),(
    -1.E-03,0.),.PIECEWISE_BEZIER_KNOTS.);
#4617 = CARTESIAN_POINT('',(-2.935010811153,-2.278099147116,0.7600001));
#4618 = CARTESIAN_POINT('',(-2.935010811153,-2.278099147116,0.7610001));
#4619 = CARTESIAN_POINT('',(-2.90101072729,-2.273524212284,0.7600001));
#4620 = CARTESIAN_POINT('',(-2.90101072729,-2.273524212284,0.7610001));
#4621 = ADVANCED_FACE('',(#4622),#4632,.T.);
#4622 = FACE_BOUND('',#4623,.T.);
#4623 = EDGE_LOOP('',(#4624,#4625,#4626,#4627,#4628,#4629,#4630,#4631));
#4624 = ORIENTED_EDGE('',*,*,#4413,.T.);
#4625 = ORIENTED_EDGE('',*,*,#4447,.T.);
#4626 = ORIENTED_EDGE('',*,*,#4475,.T.);
#4627 = ORIENTED_EDGE('',*,*,#4503,.T.);
#4628 = ORIENTED_EDGE('',*,*,#4531,.T.);
#4629 = ORIENTED_EDGE('',*,*,#4559,.T.);
#4630 = ORIENTED_EDGE('',*,*,#4587,.T.);
#4631 = ORIENTED_EDGE('',*,*,#4609,.T.);
#4632 = B_SPLINE_SURFACE_WITH_KNOTS('',1,1,(
    (#4633,#4634)
    ,(#4635,#4636
    )),.UNSPECIFIED.,.F.,.F.,.F.,(2,2),(2,2),(-2.966411500226,
    -2.90101072729),(-2.328943309224,-2.273524212284),
  .PIECEWISE_BEZIER_KNOTS.);
#4633 = CARTESIAN_POINT('',(-2.966411500226,-2.328943309224,0.7600001));
#4634 = CARTESIAN_POINT('',(-2.966411500226,-2.273524212284,0.7600001));
#4635 = CARTESIAN_POINT('',(-2.90101072729,-2.328943309224,0.7600001));
#4636 = CARTESIAN_POINT('',(-2.90101072729,-2.273524212284,0.7600001));
#4637 = ADVANCED_FACE('',(#4638),#4662,.F.);
#4638 = FACE_BOUND('',#4639,.F.);
#4639 = EDGE_LOOP('',(#4640,#4647,#4656,#4661));
#4640 = ORIENTED_EDGE('',*,*,#4641,.F.);
#4641 = EDGE_CURVE('',#4642,#292,#4644,.T.);
#4642 = VERTEX_POINT('',#4643);
#4643 = CARTESIAN_POINT('',(-2.79911445149,-2.329047285016,0.7610001));
#4644 = B_SPLINE_CURVE_WITH_KNOTS('',1,(#4645,#4646),.UNSPECIFIED.,.F.,
  .F.,(2,2),(-0.,1.E-03),.PIECEWISE_BEZIER_KNOTS.);
#4645 = CARTESIAN_POINT('',(-2.79911445149,-2.329047285016,0.7610001));
#4646 = CARTESIAN_POINT('',(-2.79911445149,-2.329047285016,0.7600001));
#4647 = ORIENTED_EDGE('',*,*,#4648,.T.);
#4648 = EDGE_CURVE('',#4642,#4649,#4651,.T.);
#4649 = VERTEX_POINT('',#4650);
#4650 = CARTESIAN_POINT('',(-2.841016695518,-2.315010553146,0.7610001));
#4651 = B_SPLINE_CURVE_WITH_KNOTS('',3,(#4652,#4653,#4654,#4655),
  .UNSPECIFIED.,.F.,.F.,(4,4),(0.,1.),.PIECEWISE_BEZIER_KNOTS.);
#4652 = CARTESIAN_POINT('',(-2.79911445149,-2.329047285016,0.7610001));
#4653 = CARTESIAN_POINT('',(-2.814086965486,-2.329047285016,0.7610001));
#4654 = CARTESIAN_POINT('',(-2.828019721564,-2.324368374392,0.7610001));
#4655 = CARTESIAN_POINT('',(-2.841016695518,-2.315010553146,0.7610001));
#4656 = ORIENTED_EDGE('',*,*,#4657,.T.);
#4657 = EDGE_CURVE('',#4649,#283,#4658,.T.);
#4658 = B_SPLINE_CURVE_WITH_KNOTS('',1,(#4659,#4660),.UNSPECIFIED.,.F.,
  .F.,(2,2),(-0.,1.E-03),.PIECEWISE_BEZIER_KNOTS.);
#4659 = CARTESIAN_POINT('',(-2.841016695518,-2.315010553146,0.7610001));
#4660 = CARTESIAN_POINT('',(-2.841016695518,-2.315010553146,0.7600001));
#4661 = ORIENTED_EDGE('',*,*,#291,.F.);
#4662 = B_SPLINE_SURFACE_WITH_KNOTS('',3,1,(
    (#4663,#4664)
    ,(#4665,#4666)
    ,(#4667,#4668)
    ,(#4669,#4670
    )),.UNSPECIFIED.,.F.,.F.,.F.,(4,4),(2,2),(0.,1.),(0.,1.),
  .PIECEWISE_BEZIER_KNOTS.);
#4663 = CARTESIAN_POINT('',(-2.79911445149,-2.329047285016,0.7610001));
#4664 = CARTESIAN_POINT('',(-2.79911445149,-2.329047285016,0.7600001));
#4665 = CARTESIAN_POINT('',(-2.814086965486,-2.329047285016,0.7610001));
#4666 = CARTESIAN_POINT('',(-2.814086965486,-2.329047285016,0.7600001));
#4667 = CARTESIAN_POINT('',(-2.828019721564,-2.324368374392,0.7610001));
#4668 = CARTESIAN_POINT('',(-2.828019721564,-2.324368374392,0.7600001));
#4669 = CARTESIAN_POINT('',(-2.841016695518,-2.315010553146,0.7610001));
#4670 = CARTESIAN_POINT('',(-2.841016695518,-2.315010553146,0.7600001));
#4671 = ADVANCED_FACE('',(#4672),#4688,.F.);
#4672 = FACE_BOUND('',#4673,.T.);
#4673 = EDGE_LOOP('',(#4674,#4675,#4682,#4687));
#4674 = ORIENTED_EDGE('',*,*,#282,.T.);
#4675 = ORIENTED_EDGE('',*,*,#4676,.F.);
#4676 = EDGE_CURVE('',#4677,#285,#4679,.T.);
#4677 = VERTEX_POINT('',#4678);
#4678 = CARTESIAN_POINT('',(-2.841016695518,-2.341316428428,0.7610001));
#4679 = B_SPLINE_CURVE_WITH_KNOTS('',1,(#4680,#4681),.UNSPECIFIED.,.F.,
  .F.,(2,2),(-0.,1.E-03),.PIECEWISE_BEZIER_KNOTS.);
#4680 = CARTESIAN_POINT('',(-2.841016695518,-2.341316428428,0.7610001));
#4681 = CARTESIAN_POINT('',(-2.841016695518,-2.341316428428,0.7600001));
#4682 = ORIENTED_EDGE('',*,*,#4683,.F.);
#4683 = EDGE_CURVE('',#4649,#4677,#4684,.T.);
#4684 = B_SPLINE_CURVE_WITH_KNOTS('',1,(#4685,#4686),.UNSPECIFIED.,.F.,
  .F.,(2,2),(-2.630587528195E-02,-0.),.PIECEWISE_BEZIER_KNOTS.);
#4685 = CARTESIAN_POINT('',(-2.841016695518,-2.315010553146,0.7610001));
#4686 = CARTESIAN_POINT('',(-2.841016695518,-2.341316428428,0.7610001));
#4687 = ORIENTED_EDGE('',*,*,#4657,.T.);
#4688 = B_SPLINE_SURFACE_WITH_KNOTS('',1,1,(
    (#4689,#4690)
    ,(#4691,#4692
    )),.UNSPECIFIED.,.F.,.F.,.F.,(2,2),(2,2),(0.,1.E-03),(0.,
    2.630587528195E-02),.PIECEWISE_BEZIER_KNOTS.);
#4689 = CARTESIAN_POINT('',(-2.841016695518,-2.341316428428,0.7610001));
#4690 = CARTESIAN_POINT('',(-2.841016695518,-2.315010553146,0.7610001));
#4691 = CARTESIAN_POINT('',(-2.841016695518,-2.341316428428,0.7600001));
#4692 = CARTESIAN_POINT('',(-2.841016695518,-2.315010553146,0.7600001));
#4693 = ADVANCED_FACE('',(#4694),#4712,.F.);
#4694 = FACE_BOUND('',#4695,.F.);
#4695 = EDGE_LOOP('',(#4696,#4697,#4706,#4711));
#4696 = ORIENTED_EDGE('',*,*,#4676,.F.);
#4697 = ORIENTED_EDGE('',*,*,#4698,.T.);
#4698 = EDGE_CURVE('',#4677,#4699,#4701,.T.);
#4699 = VERTEX_POINT('',#4700);
#4700 = CARTESIAN_POINT('',(-2.801609870489,-2.349842443342,0.7610001));
#4701 = B_SPLINE_CURVE_WITH_KNOTS('',3,(#4702,#4703,#4704,#4705),
  .UNSPECIFIED.,.F.,.F.,(4,4),(19.,20.),.PIECEWISE_BEZIER_KNOTS.);
#4702 = CARTESIAN_POINT('',(-2.841016695518,-2.341316428428,0.7610001));
#4703 = CARTESIAN_POINT('',(-2.829787310022,-2.346931121177,0.7610001));
#4704 = CARTESIAN_POINT('',(-2.816686360276,-2.349842443342,0.7610001));
#4705 = CARTESIAN_POINT('',(-2.801609870489,-2.349842443342,0.7610001));
#4706 = ORIENTED_EDGE('',*,*,#4707,.T.);
#4707 = EDGE_CURVE('',#4699,#452,#4708,.T.);
#4708 = B_SPLINE_CURVE_WITH_KNOTS('',1,(#4709,#4710),.UNSPECIFIED.,.F.,
  .F.,(2,2),(-0.,1.E-03),.PIECEWISE_BEZIER_KNOTS.);
#4709 = CARTESIAN_POINT('',(-2.801609870489,-2.349842443342,0.7610001));
#4710 = CARTESIAN_POINT('',(-2.801609870489,-2.349842443342,0.7600001));
#4711 = ORIENTED_EDGE('',*,*,#460,.F.);
#4712 = B_SPLINE_SURFACE_WITH_KNOTS('',3,1,(
    (#4713,#4714)
    ,(#4715,#4716)
    ,(#4717,#4718)
    ,(#4719,#4720
    )),.UNSPECIFIED.,.F.,.F.,.F.,(4,4),(2,2),(19.,20.),(0.,1.),
  .PIECEWISE_BEZIER_KNOTS.);
#4713 = CARTESIAN_POINT('',(-2.841016695518,-2.341316428428,0.7610001));
#4714 = CARTESIAN_POINT('',(-2.841016695518,-2.341316428428,0.7600001));
#4715 = CARTESIAN_POINT('',(-2.829787310022,-2.346931121177,0.7610001));
#4716 = CARTESIAN_POINT('',(-2.829787310022,-2.346931121177,0.7600001));
#4717 = CARTESIAN_POINT('',(-2.816686360276,-2.349842443342,0.7610001));
#4718 = CARTESIAN_POINT('',(-2.816686360276,-2.349842443342,0.7600001));
#4719 = CARTESIAN_POINT('',(-2.801609870489,-2.349842443342,0.7610001));
#4720 = CARTESIAN_POINT('',(-2.801609870489,-2.349842443342,0.7600001));
#4721 = ADVANCED_FACE('',(#4722),#4740,.F.);
#4722 = FACE_BOUND('',#4723,.F.);
#4723 = EDGE_LOOP('',(#4724,#4725,#4734,#4739));
#4724 = ORIENTED_EDGE('',*,*,#4707,.F.);
#4725 = ORIENTED_EDGE('',*,*,#4726,.T.);
#4726 = EDGE_CURVE('',#4699,#4727,#4729,.T.);
#4727 = VERTEX_POINT('',#4728);
#4728 = CARTESIAN_POINT('',(-2.759291723296,-2.338301130472,0.7610001));
#4729 = B_SPLINE_CURVE_WITH_KNOTS('',3,(#4730,#4731,#4732,#4733),
  .UNSPECIFIED.,.F.,.F.,(4,4),(18.,19.),.PIECEWISE_BEZIER_KNOTS.);
#4730 = CARTESIAN_POINT('',(-2.801609870489,-2.349842443342,0.7610001));
#4731 = CARTESIAN_POINT('',(-2.784297901183,-2.349842443342,0.7610001));
#4732 = CARTESIAN_POINT('',(-2.770157193521,-2.345995339052,0.7610001));
#4733 = CARTESIAN_POINT('',(-2.759291723296,-2.338301130472,0.7610001));
#4734 = ORIENTED_EDGE('',*,*,#4735,.T.);
#4735 = EDGE_CURVE('',#4727,#443,#4736,.T.);
#4736 = B_SPLINE_CURVE_WITH_KNOTS('',1,(#4737,#4738),.UNSPECIFIED.,.F.,
  .F.,(2,2),(-0.,1.E-03),.PIECEWISE_BEZIER_KNOTS.);
#4737 = CARTESIAN_POINT('',(-2.759291723296,-2.338301130472,0.7610001));
#4738 = CARTESIAN_POINT('',(-2.759291723296,-2.338301130472,0.7600001));
#4739 = ORIENTED_EDGE('',*,*,#451,.F.);
#4740 = B_SPLINE_SURFACE_WITH_KNOTS('',3,1,(
    (#4741,#4742)
    ,(#4743,#4744)
    ,(#4745,#4746)
    ,(#4747,#4748
    )),.UNSPECIFIED.,.F.,.F.,.F.,(4,4),(2,2),(18.,19.),(0.,1.),
  .PIECEWISE_BEZIER_KNOTS.);
#4741 = CARTESIAN_POINT('',(-2.801609870489,-2.349842443342,0.7610001));
#4742 = CARTESIAN_POINT('',(-2.801609870489,-2.349842443342,0.7600001));
#4743 = CARTESIAN_POINT('',(-2.784297901183,-2.349842443342,0.7610001));
#4744 = CARTESIAN_POINT('',(-2.784297901183,-2.349842443342,0.7600001));
#4745 = CARTESIAN_POINT('',(-2.770157193521,-2.345995339052,0.7610001));
#4746 = CARTESIAN_POINT('',(-2.770157193521,-2.345995339052,0.7600001));
#4747 = CARTESIAN_POINT('',(-2.759291723296,-2.338301130472,0.7610001));
#4748 = CARTESIAN_POINT('',(-2.759291723296,-2.338301130472,0.7600001));
#4749 = ADVANCED_FACE('',(#4750),#4768,.F.);
#4750 = FACE_BOUND('',#4751,.F.);
#4751 = EDGE_LOOP('',(#4752,#4753,#4762,#4767));
#4752 = ORIENTED_EDGE('',*,*,#4735,.F.);
#4753 = ORIENTED_EDGE('',*,*,#4754,.T.);
#4754 = EDGE_CURVE('',#4727,#4755,#4757,.T.);
#4755 = VERTEX_POINT('',#4756);
#4756 = CARTESIAN_POINT('',(-2.742915536114,-2.306900441399,0.7610001));
#4757 = B_SPLINE_CURVE_WITH_KNOTS('',3,(#4758,#4759,#4760,#4761),
  .UNSPECIFIED.,.F.,.F.,(4,4),(17.,18.),.PIECEWISE_BEZIER_KNOTS.);
#4758 = CARTESIAN_POINT('',(-2.759291723296,-2.338301130472,0.7610001));
#4759 = CARTESIAN_POINT('',(-2.748374265174,-2.330710897681,0.7610001));
#4760 = CARTESIAN_POINT('',(-2.742915536114,-2.320209342728,0.7610001));
#4761 = CARTESIAN_POINT('',(-2.742915536114,-2.306900441399,0.7610001));
#4762 = ORIENTED_EDGE('',*,*,#4763,.T.);
#4763 = EDGE_CURVE('',#4755,#434,#4764,.T.);
#4764 = B_SPLINE_CURVE_WITH_KNOTS('',1,(#4765,#4766),.UNSPECIFIED.,.F.,
  .F.,(2,2),(-0.,1.E-03),.PIECEWISE_BEZIER_KNOTS.);
#4765 = CARTESIAN_POINT('',(-2.742915536114,-2.306900441399,0.7610001));
#4766 = CARTESIAN_POINT('',(-2.742915536114,-2.306900441399,0.7600001));
#4767 = ORIENTED_EDGE('',*,*,#442,.F.);
#4768 = B_SPLINE_SURFACE_WITH_KNOTS('',3,1,(
    (#4769,#4770)
    ,(#4771,#4772)
    ,(#4773,#4774)
    ,(#4775,#4776
    )),.UNSPECIFIED.,.F.,.F.,.F.,(4,4),(2,2),(17.,18.),(0.,1.),
  .PIECEWISE_BEZIER_KNOTS.);
#4769 = CARTESIAN_POINT('',(-2.759291723296,-2.338301130472,0.7610001));
#4770 = CARTESIAN_POINT('',(-2.759291723296,-2.338301130472,0.7600001));
#4771 = CARTESIAN_POINT('',(-2.748374265174,-2.330710897681,0.7610001));
#4772 = CARTESIAN_POINT('',(-2.748374265174,-2.330710897681,0.7600001));
#4773 = CARTESIAN_POINT('',(-2.742915536114,-2.320209342728,0.7610001));
#4774 = CARTESIAN_POINT('',(-2.742915536114,-2.320209342728,0.7600001));
#4775 = CARTESIAN_POINT('',(-2.742915536114,-2.306900441399,0.7610001));
#4776 = CARTESIAN_POINT('',(-2.742915536114,-2.306900441399,0.7600001));
#4777 = ADVANCED_FACE('',(#4778),#4796,.F.);
#4778 = FACE_BOUND('',#4779,.F.);
#4779 = EDGE_LOOP('',(#4780,#4781,#4790,#4795));
#4780 = ORIENTED_EDGE('',*,*,#4763,.F.);
#4781 = ORIENTED_EDGE('',*,*,#4782,.T.);
#4782 = EDGE_CURVE('',#4755,#4783,#4785,.T.);
#4783 = VERTEX_POINT('',#4784);
#4784 = CARTESIAN_POINT('',(-2.751441551027,-2.282882033531,0.7610001));
#4785 = B_SPLINE_CURVE_WITH_KNOTS('',3,(#4786,#4787,#4788,#4789),
  .UNSPECIFIED.,.F.,.F.,(4,4),(16.,17.),.PIECEWISE_BEZIER_KNOTS.);
#4786 = CARTESIAN_POINT('',(-2.742915536114,-2.306900441399,0.7610001));
#4787 = CARTESIAN_POINT('',(-2.742915536114,-2.297334668568,0.7610001));
#4788 = CARTESIAN_POINT('',(-2.745774870384,-2.289328532612,0.7610001));
#4789 = CARTESIAN_POINT('',(-2.751441551027,-2.282882033531,0.7610001));
#4790 = ORIENTED_EDGE('',*,*,#4791,.T.);
#4791 = EDGE_CURVE('',#4783,#425,#4792,.T.);
#4792 = B_SPLINE_CURVE_WITH_KNOTS('',1,(#4793,#4794),.UNSPECIFIED.,.F.,
  .F.,(2,2),(-0.,1.E-03),.PIECEWISE_BEZIER_KNOTS.);
#4793 = CARTESIAN_POINT('',(-2.751441551027,-2.282882033531,0.7610001));
#4794 = CARTESIAN_POINT('',(-2.751441551027,-2.282882033531,0.7600001));
#4795 = ORIENTED_EDGE('',*,*,#433,.F.);
#4796 = B_SPLINE_SURFACE_WITH_KNOTS('',3,1,(
    (#4797,#4798)
    ,(#4799,#4800)
    ,(#4801,#4802)
    ,(#4803,#4804
    )),.UNSPECIFIED.,.F.,.F.,.F.,(4,4),(2,2),(16.,17.),(0.,1.),
  .PIECEWISE_BEZIER_KNOTS.);
#4797 = CARTESIAN_POINT('',(-2.742915536114,-2.306900441399,0.7610001));
#4798 = CARTESIAN_POINT('',(-2.742915536114,-2.306900441399,0.7600001));
#4799 = CARTESIAN_POINT('',(-2.742915536114,-2.297334668568,0.7610001));
#4800 = CARTESIAN_POINT('',(-2.742915536114,-2.297334668568,0.7600001));
#4801 = CARTESIAN_POINT('',(-2.745774870384,-2.289328532612,0.7610001));
#4802 = CARTESIAN_POINT('',(-2.745774870384,-2.289328532612,0.7600001));
#4803 = CARTESIAN_POINT('',(-2.751441551027,-2.282882033531,0.7610001));
#4804 = CARTESIAN_POINT('',(-2.751441551027,-2.282882033531,0.7600001));
#4805 = ADVANCED_FACE('',(#4806),#4824,.F.);
#4806 = FACE_BOUND('',#4807,.F.);
#4807 = EDGE_LOOP('',(#4808,#4809,#4818,#4823));
#4808 = ORIENTED_EDGE('',*,*,#4791,.F.);
#4809 = ORIENTED_EDGE('',*,*,#4810,.T.);
#4810 = EDGE_CURVE('',#4783,#4811,#4813,.T.);
#4811 = VERTEX_POINT('',#4812);
#4812 = CARTESIAN_POINT('',(-2.784297901183,-2.264062415247,0.7610001));
#4813 = B_SPLINE_CURVE_WITH_KNOTS('',3,(#4814,#4815,#4816,#4817),
  .UNSPECIFIED.,.F.,.F.,(4,4),(15.,16.),.PIECEWISE_BEZIER_KNOTS.);
#4814 = CARTESIAN_POINT('',(-2.751441551027,-2.282882033531,0.7610001));
#4815 = CARTESIAN_POINT('',(-2.757160219567,-2.276435534451,0.7610001));
#4816 = CARTESIAN_POINT('',(-2.768077677688,-2.270093011161,0.7610001));
#4817 = CARTESIAN_POINT('',(-2.784297901183,-2.264062415247,0.7610001));
#4818 = ORIENTED_EDGE('',*,*,#4819,.T.);
#4819 = EDGE_CURVE('',#4811,#416,#4820,.T.);
#4820 = B_SPLINE_CURVE_WITH_KNOTS('',1,(#4821,#4822),.UNSPECIFIED.,.F.,
  .F.,(2,2),(-0.,1.E-03),.PIECEWISE_BEZIER_KNOTS.);
#4821 = CARTESIAN_POINT('',(-2.784297901183,-2.264062415247,0.7610001));
#4822 = CARTESIAN_POINT('',(-2.784297901183,-2.264062415247,0.7600001));
#4823 = ORIENTED_EDGE('',*,*,#424,.F.);
#4824 = B_SPLINE_SURFACE_WITH_KNOTS('',3,1,(
    (#4825,#4826)
    ,(#4827,#4828)
    ,(#4829,#4830)
    ,(#4831,#4832
    )),.UNSPECIFIED.,.F.,.F.,.F.,(4,4),(2,2),(15.,16.),(0.,1.),
  .PIECEWISE_BEZIER_KNOTS.);
#4825 = CARTESIAN_POINT('',(-2.751441551027,-2.282882033531,0.7610001));
#4826 = CARTESIAN_POINT('',(-2.751441551027,-2.282882033531,0.7600001));
#4827 = CARTESIAN_POINT('',(-2.757160219567,-2.276435534451,0.7610001));
#4828 = CARTESIAN_POINT('',(-2.757160219567,-2.276435534451,0.7600001));
#4829 = CARTESIAN_POINT('',(-2.768077677688,-2.270093011161,0.7610001));
#4830 = CARTESIAN_POINT('',(-2.768077677688,-2.270093011161,0.7600001));
#4831 = CARTESIAN_POINT('',(-2.784297901183,-2.264062415247,0.7610001));
#4832 = CARTESIAN_POINT('',(-2.784297901183,-2.264062415247,0.7600001));
#4833 = ADVANCED_FACE('',(#4834),#4852,.F.);
#4834 = FACE_BOUND('',#4835,.F.);
#4835 = EDGE_LOOP('',(#4836,#4837,#4846,#4851));
#4836 = ORIENTED_EDGE('',*,*,#4819,.F.);
#4837 = ORIENTED_EDGE('',*,*,#4838,.T.);
#4838 = EDGE_CURVE('',#4811,#4839,#4841,.T.);
#4839 = VERTEX_POINT('',#4840);
#4840 = CARTESIAN_POINT('',(-2.809044139592,-2.25158532025,0.7610001));
#4841 = B_SPLINE_CURVE_WITH_KNOTS('',3,(#4842,#4843,#4844,#4845),
  .UNSPECIFIED.,.F.,.F.,(4,4),(14.,15.),.PIECEWISE_BEZIER_KNOTS.);
#4842 = CARTESIAN_POINT('',(-2.784297901183,-2.264062415247,0.7610001));
#4843 = CARTESIAN_POINT('',(-2.797086923554,-2.259071577248,0.7610001));
#4844 = CARTESIAN_POINT('',(-2.805301011092,-2.254912545582,0.7610001));
#4845 = CARTESIAN_POINT('',(-2.809044139592,-2.25158532025,0.7610001));
#4846 = ORIENTED_EDGE('',*,*,#4847,.T.);
#4847 = EDGE_CURVE('',#4839,#407,#4848,.T.);
#4848 = B_SPLINE_CURVE_WITH_KNOTS('',1,(#4849,#4850),.UNSPECIFIED.,.F.,
  .F.,(2,2),(-0.,1.E-03),.PIECEWISE_BEZIER_KNOTS.);
#4849 = CARTESIAN_POINT('',(-2.809044139592,-2.25158532025,0.7610001));
#4850 = CARTESIAN_POINT('',(-2.809044139592,-2.25158532025,0.7600001));
#4851 = ORIENTED_EDGE('',*,*,#415,.F.);
#4852 = B_SPLINE_SURFACE_WITH_KNOTS('',3,1,(
    (#4853,#4854)
    ,(#4855,#4856)
    ,(#4857,#4858)
    ,(#4859,#4860
    )),.UNSPECIFIED.,.F.,.F.,.F.,(4,4),(2,2),(14.,15.),(0.,1.),
  .PIECEWISE_BEZIER_KNOTS.);
#4853 = CARTESIAN_POINT('',(-2.784297901183,-2.264062415247,0.7610001));
#4854 = CARTESIAN_POINT('',(-2.784297901183,-2.264062415247,0.7600001));
#4855 = CARTESIAN_POINT('',(-2.797086923554,-2.259071577248,0.7610001));
#4856 = CARTESIAN_POINT('',(-2.797086923554,-2.259071577248,0.7600001));
#4857 = CARTESIAN_POINT('',(-2.805301011092,-2.254912545582,0.7610001));
#4858 = CARTESIAN_POINT('',(-2.805301011092,-2.254912545582,0.7600001));
#4859 = CARTESIAN_POINT('',(-2.809044139592,-2.25158532025,0.7610001));
#4860 = CARTESIAN_POINT('',(-2.809044139592,-2.25158532025,0.7600001));
#4861 = ADVANCED_FACE('',(#4862),#4880,.F.);
#4862 = FACE_BOUND('',#4863,.F.);
#4863 = EDGE_LOOP('',(#4864,#4865,#4874,#4879));
#4864 = ORIENTED_EDGE('',*,*,#4847,.F.);
#4865 = ORIENTED_EDGE('',*,*,#4866,.T.);
#4866 = EDGE_CURVE('',#4839,#4867,#4869,.T.);
#4867 = VERTEX_POINT('',#4868);
#4868 = CARTESIAN_POINT('',(-2.814606844444,-2.238068467338,0.7610001));
#4869 = B_SPLINE_CURVE_WITH_KNOTS('',3,(#4870,#4871,#4872,#4873),
  .UNSPECIFIED.,.F.,.F.,(4,4),(13.,14.),.PIECEWISE_BEZIER_KNOTS.);
#4870 = CARTESIAN_POINT('',(-2.809044139592,-2.25158532025,0.7610001));
#4871 = CARTESIAN_POINT('',(-2.812735280195,-2.24836207071,0.7610001));
#4872 = CARTESIAN_POINT('',(-2.814606844444,-2.24389111167,0.7610001));
#4873 = CARTESIAN_POINT('',(-2.814606844444,-2.238068467338,0.7610001));
#4874 = ORIENTED_EDGE('',*,*,#4875,.T.);
#4875 = EDGE_CURVE('',#4867,#398,#4876,.T.);
#4876 = B_SPLINE_CURVE_WITH_KNOTS('',1,(#4877,#4878),.UNSPECIFIED.,.F.,
  .F.,(2,2),(-0.,1.E-03),.PIECEWISE_BEZIER_KNOTS.);
#4877 = CARTESIAN_POINT('',(-2.814606844444,-2.238068467338,0.7610001));
#4878 = CARTESIAN_POINT('',(-2.814606844444,-2.238068467338,0.7600001));
#4879 = ORIENTED_EDGE('',*,*,#406,.F.);
#4880 = B_SPLINE_SURFACE_WITH_KNOTS('',3,1,(
    (#4881,#4882)
    ,(#4883,#4884)
    ,(#4885,#4886)
    ,(#4887,#4888
    )),.UNSPECIFIED.,.F.,.F.,.F.,(4,4),(2,2),(13.,14.),(0.,1.),
  .PIECEWISE_BEZIER_KNOTS.);
#4881 = CARTESIAN_POINT('',(-2.809044139592,-2.25158532025,0.7610001));
#4882 = CARTESIAN_POINT('',(-2.809044139592,-2.25158532025,0.7600001));
#4883 = CARTESIAN_POINT('',(-2.812735280195,-2.24836207071,0.7610001));
#4884 = CARTESIAN_POINT('',(-2.812735280195,-2.24836207071,0.7600001));
#4885 = CARTESIAN_POINT('',(-2.814606844444,-2.24389111167,0.7610001));
#4886 = CARTESIAN_POINT('',(-2.814606844444,-2.24389111167,0.7600001));
#4887 = CARTESIAN_POINT('',(-2.814606844444,-2.238068467338,0.7610001));
#4888 = CARTESIAN_POINT('',(-2.814606844444,-2.238068467338,0.7600001));
#4889 = ADVANCED_FACE('',(#4890),#4908,.F.);
#4890 = FACE_BOUND('',#4891,.F.);
#4891 = EDGE_LOOP('',(#4892,#4893,#4902,#4907));
#4892 = ORIENTED_EDGE('',*,*,#4875,.F.);
#4893 = ORIENTED_EDGE('',*,*,#4894,.T.);
#4894 = EDGE_CURVE('',#4867,#4895,#4897,.T.);
#4895 = VERTEX_POINT('',#4896);
#4896 = CARTESIAN_POINT('',(-2.806860647967,-2.223927759677,0.7610001));
#4897 = B_SPLINE_CURVE_WITH_KNOTS('',3,(#4898,#4899,#4900,#4901),
  .UNSPECIFIED.,.F.,.F.,(4,4),(12.,13.),.PIECEWISE_BEZIER_KNOTS.);
#4898 = CARTESIAN_POINT('',(-2.814606844444,-2.238068467338,0.7610001));
#4899 = CARTESIAN_POINT('',(-2.814606844444,-2.232245823008,0.7610001));
#4900 = CARTESIAN_POINT('',(-2.812007449653,-2.227462936592,0.7610001));
#4901 = CARTESIAN_POINT('',(-2.806860647967,-2.223927759677,0.7610001));
#4902 = ORIENTED_EDGE('',*,*,#4903,.T.);
#4903 = EDGE_CURVE('',#4895,#389,#4904,.T.);
#4904 = B_SPLINE_CURVE_WITH_KNOTS('',1,(#4905,#4906),.UNSPECIFIED.,.F.,
  .F.,(2,2),(-0.,1.E-03),.PIECEWISE_BEZIER_KNOTS.);
#4905 = CARTESIAN_POINT('',(-2.806860647967,-2.223927759677,0.7610001));
#4906 = CARTESIAN_POINT('',(-2.806860647967,-2.223927759677,0.7600001));
#4907 = ORIENTED_EDGE('',*,*,#397,.F.);
#4908 = B_SPLINE_SURFACE_WITH_KNOTS('',3,1,(
    (#4909,#4910)
    ,(#4911,#4912)
    ,(#4913,#4914)
    ,(#4915,#4916
    )),.UNSPECIFIED.,.F.,.F.,.F.,(4,4),(2,2),(12.,13.),(0.,1.),
  .PIECEWISE_BEZIER_KNOTS.);
#4909 = CARTESIAN_POINT('',(-2.814606844444,-2.238068467338,0.7610001));
#4910 = CARTESIAN_POINT('',(-2.814606844444,-2.238068467338,0.7600001));
#4911 = CARTESIAN_POINT('',(-2.814606844444,-2.232245823008,0.7610001));
#4912 = CARTESIAN_POINT('',(-2.814606844444,-2.232245823008,0.7600001));
#4913 = CARTESIAN_POINT('',(-2.812007449653,-2.227462936592,0.7610001));
#4914 = CARTESIAN_POINT('',(-2.812007449653,-2.227462936592,0.7600001));
#4915 = CARTESIAN_POINT('',(-2.806860647967,-2.223927759677,0.7610001));
#4916 = CARTESIAN_POINT('',(-2.806860647967,-2.223927759677,0.7600001));
#4917 = ADVANCED_FACE('',(#4918),#4936,.F.);
#4918 = FACE_BOUND('',#4919,.F.);
#4919 = EDGE_LOOP('',(#4920,#4921,#4930,#4935));
#4920 = ORIENTED_EDGE('',*,*,#4903,.F.);
#4921 = ORIENTED_EDGE('',*,*,#4922,.T.);
#4922 = EDGE_CURVE('',#4895,#4923,#4925,.T.);
#4923 = VERTEX_POINT('',#4924);
#4924 = CARTESIAN_POINT('',(-2.786793320182,-2.218521018511,0.7610001));
#4925 = B_SPLINE_CURVE_WITH_KNOTS('',3,(#4926,#4927,#4928,#4929),
  .UNSPECIFIED.,.F.,.F.,(4,4),(11.,12.),.PIECEWISE_BEZIER_KNOTS.);
#4926 = CARTESIAN_POINT('',(-2.806860647967,-2.223927759677,0.7610001));
#4927 = CARTESIAN_POINT('',(-2.801713846282,-2.22028860697,0.7610001));
#4928 = CARTESIAN_POINT('',(-2.795007407721,-2.218521018511,0.7610001));
#4929 = CARTESIAN_POINT('',(-2.786793320182,-2.218521018511,0.7610001));
#4930 = ORIENTED_EDGE('',*,*,#4931,.T.);
#4931 = EDGE_CURVE('',#4923,#380,#4932,.T.);
#4932 = B_SPLINE_CURVE_WITH_KNOTS('',1,(#4933,#4934),.UNSPECIFIED.,.F.,
  .F.,(2,2),(-0.,1.E-03),.PIECEWISE_BEZIER_KNOTS.);
#4933 = CARTESIAN_POINT('',(-2.786793320182,-2.218521018511,0.7610001));
#4934 = CARTESIAN_POINT('',(-2.786793320182,-2.218521018511,0.7600001));
#4935 = ORIENTED_EDGE('',*,*,#388,.F.);
#4936 = B_SPLINE_SURFACE_WITH_KNOTS('',3,1,(
    (#4937,#4938)
    ,(#4939,#4940)
    ,(#4941,#4942)
    ,(#4943,#4944
    )),.UNSPECIFIED.,.F.,.F.,.F.,(4,4),(2,2),(11.,12.),(0.,1.),
  .PIECEWISE_BEZIER_KNOTS.);
#4937 = CARTESIAN_POINT('',(-2.806860647967,-2.223927759677,0.7610001));
#4938 = CARTESIAN_POINT('',(-2.806860647967,-2.223927759677,0.7600001));
#4939 = CARTESIAN_POINT('',(-2.801713846282,-2.22028860697,0.7610001));
#4940 = CARTESIAN_POINT('',(-2.801713846282,-2.22028860697,0.7600001));
#4941 = CARTESIAN_POINT('',(-2.795007407721,-2.218521018511,0.7610001));
#4942 = CARTESIAN_POINT('',(-2.795007407721,-2.218521018511,0.7600001));
#4943 = CARTESIAN_POINT('',(-2.786793320182,-2.218521018511,0.7610001));
#4944 = CARTESIAN_POINT('',(-2.786793320182,-2.218521018511,0.7600001));
#4945 = ADVANCED_FACE('',(#4946),#4964,.F.);
#4946 = FACE_BOUND('',#4947,.F.);
#4947 = EDGE_LOOP('',(#4948,#4949,#4958,#4963));
#4948 = ORIENTED_EDGE('',*,*,#4931,.F.);
#4949 = ORIENTED_EDGE('',*,*,#4950,.T.);
#4950 = EDGE_CURVE('',#4923,#4951,#4953,.T.);
#4951 = VERTEX_POINT('',#4952);
#4952 = CARTESIAN_POINT('',(-2.749881914153,-2.229022573467,0.7610001));
#4953 = B_SPLINE_CURVE_WITH_KNOTS('',3,(#4954,#4955,#4956,#4957),
  .UNSPECIFIED.,.F.,.F.,(4,4),(10.,11.),.PIECEWISE_BEZIER_KNOTS.);
#4954 = CARTESIAN_POINT('',(-2.786793320182,-2.218521018511,0.7610001));
#4955 = CARTESIAN_POINT('',(-2.773016527791,-2.218521018511,0.7610001));
#4956 = CARTESIAN_POINT('',(-2.760747384378,-2.222056195427,0.7610001));
#4957 = CARTESIAN_POINT('',(-2.749881914153,-2.229022573467,0.7610001));
#4958 = ORIENTED_EDGE('',*,*,#4959,.T.);
#4959 = EDGE_CURVE('',#4951,#373,#4960,.T.);
#4960 = B_SPLINE_CURVE_WITH_KNOTS('',1,(#4961,#4962),.UNSPECIFIED.,.F.,
  .F.,(2,2),(-0.,1.E-03),.PIECEWISE_BEZIER_KNOTS.);
#4961 = CARTESIAN_POINT('',(-2.749881914153,-2.229022573467,0.7610001));
#4962 = CARTESIAN_POINT('',(-2.749881914153,-2.229022573467,0.7600001));
#4963 = ORIENTED_EDGE('',*,*,#379,.F.);
#4964 = B_SPLINE_SURFACE_WITH_KNOTS('',3,1,(
    (#4965,#4966)
    ,(#4967,#4968)
    ,(#4969,#4970)
    ,(#4971,#4972
    )),.UNSPECIFIED.,.F.,.F.,.F.,(4,4),(2,2),(10.,11.),(0.,1.),
  .PIECEWISE_BEZIER_KNOTS.);
#4965 = CARTESIAN_POINT('',(-2.786793320182,-2.218521018511,0.7610001));
#4966 = CARTESIAN_POINT('',(-2.786793320182,-2.218521018511,0.7600001));
#4967 = CARTESIAN_POINT('',(-2.773016527791,-2.218521018511,0.7610001));
#4968 = CARTESIAN_POINT('',(-2.773016527791,-2.218521018511,0.7600001));
#4969 = CARTESIAN_POINT('',(-2.760747384378,-2.222056195427,0.7610001));
#4970 = CARTESIAN_POINT('',(-2.760747384378,-2.222056195427,0.7600001));
#4971 = CARTESIAN_POINT('',(-2.749881914153,-2.229022573467,0.7610001));
#4972 = CARTESIAN_POINT('',(-2.749881914153,-2.229022573467,0.7600001));
#4973 = ADVANCED_FACE('',(#4974),#4990,.F.);
#4974 = FACE_BOUND('',#4975,.T.);
#4975 = EDGE_LOOP('',(#4976,#4977,#4984,#4989));
#4976 = ORIENTED_EDGE('',*,*,#372,.T.);
#4977 = ORIENTED_EDGE('',*,*,#4978,.F.);
#4978 = EDGE_CURVE('',#4979,#364,#4981,.T.);
#4979 = VERTEX_POINT('',#4980);
#4980 = CARTESIAN_POINT('',(-2.749881914153,-2.204276335059,0.7610001));
#4981 = B_SPLINE_CURVE_WITH_KNOTS('',1,(#4982,#4983),.UNSPECIFIED.,.F.,
  .F.,(2,2),(-0.,1.E-03),.PIECEWISE_BEZIER_KNOTS.);
#4982 = CARTESIAN_POINT('',(-2.749881914153,-2.204276335059,0.7610001));
#4983 = CARTESIAN_POINT('',(-2.749881914153,-2.204276335059,0.7600001));
#4984 = ORIENTED_EDGE('',*,*,#4985,.F.);
#4985 = EDGE_CURVE('',#4951,#4979,#4986,.T.);
#4986 = B_SPLINE_CURVE_WITH_KNOTS('',1,(#4987,#4988),.UNSPECIFIED.,.F.,
  .F.,(2,2),(-2.474623840786E-02,0.),.PIECEWISE_BEZIER_KNOTS.);
#4987 = CARTESIAN_POINT('',(-2.749881914153,-2.229022573467,0.7610001));
#4988 = CARTESIAN_POINT('',(-2.749881914153,-2.204276335059,0.7610001));
#4989 = ORIENTED_EDGE('',*,*,#4959,.T.);
#4990 = B_SPLINE_SURFACE_WITH_KNOTS('',1,1,(
    (#4991,#4992)
    ,(#4993,#4994)),.UNSPECIFIED.,.F.,.F.,.F.,(2,2),(2,2),(-1.E-03,0.),(
    -2.474623840786E-02,0.),.PIECEWISE_BEZIER_KNOTS.);
#4991 = CARTESIAN_POINT('',(-2.749881914153,-2.229022573467,0.7600001));
#4992 = CARTESIAN_POINT('',(-2.749881914153,-2.204276335059,0.7600001));
#4993 = CARTESIAN_POINT('',(-2.749881914153,-2.229022573467,0.7610001));
#4994 = CARTESIAN_POINT('',(-2.749881914153,-2.204276335059,0.7610001));
#4995 = ADVANCED_FACE('',(#4996),#5014,.F.);
#4996 = FACE_BOUND('',#4997,.F.);
#4997 = EDGE_LOOP('',(#4998,#4999,#5008,#5013));
#4998 = ORIENTED_EDGE('',*,*,#4978,.F.);
#4999 = ORIENTED_EDGE('',*,*,#5000,.T.);
#5000 = EDGE_CURVE('',#4979,#5001,#5003,.T.);
#5001 = VERTEX_POINT('',#5002);
#5002 = CARTESIAN_POINT('',(-2.784297901183,-2.197829835977,0.7610001));
#5003 = B_SPLINE_CURVE_WITH_KNOTS('',3,(#5004,#5005,#5006,#5007),
  .UNSPECIFIED.,.F.,.F.,(4,4),(8.,9.),.PIECEWISE_BEZIER_KNOTS.);
#5004 = CARTESIAN_POINT('',(-2.749881914153,-2.204276335059,0.7610001));
#5005 = CARTESIAN_POINT('',(-2.7604874449,-2.19990935181,0.7610001));
#5006 = CARTESIAN_POINT('',(-2.771924781979,-2.197829835977,0.7610001));
#5007 = CARTESIAN_POINT('',(-2.784297901183,-2.197829835977,0.7610001));
#5008 = ORIENTED_EDGE('',*,*,#5009,.T.);
#5009 = EDGE_CURVE('',#5001,#355,#5010,.T.);
#5010 = B_SPLINE_CURVE_WITH_KNOTS('',1,(#5011,#5012),.UNSPECIFIED.,.F.,
  .F.,(2,2),(-0.,1.E-03),.PIECEWISE_BEZIER_KNOTS.);
#5011 = CARTESIAN_POINT('',(-2.784297901183,-2.197829835977,0.7610001));
#5012 = CARTESIAN_POINT('',(-2.784297901183,-2.197829835977,0.7600001));
#5013 = ORIENTED_EDGE('',*,*,#363,.F.);
#5014 = B_SPLINE_SURFACE_WITH_KNOTS('',3,1,(
    (#5015,#5016)
    ,(#5017,#5018)
    ,(#5019,#5020)
    ,(#5021,#5022
    )),.UNSPECIFIED.,.F.,.F.,.F.,(4,4),(2,2),(8.,9.),(0.,1.),
  .PIECEWISE_BEZIER_KNOTS.);
#5015 = CARTESIAN_POINT('',(-2.749881914153,-2.204276335059,0.7610001));
#5016 = CARTESIAN_POINT('',(-2.749881914153,-2.204276335059,0.7600001));
#5017 = CARTESIAN_POINT('',(-2.7604874449,-2.19990935181,0.7610001));
#5018 = CARTESIAN_POINT('',(-2.7604874449,-2.19990935181,0.7600001));
#5019 = CARTESIAN_POINT('',(-2.771924781979,-2.197829835977,0.7610001));
#5020 = CARTESIAN_POINT('',(-2.771924781979,-2.197829835977,0.7600001));
#5021 = CARTESIAN_POINT('',(-2.784297901183,-2.197829835977,0.7610001));
#5022 = CARTESIAN_POINT('',(-2.784297901183,-2.197829835977,0.7600001));
#5023 = ADVANCED_FACE('',(#5024),#5042,.F.);
#5024 = FACE_BOUND('',#5025,.F.);
#5025 = EDGE_LOOP('',(#5026,#5027,#5036,#5041));
#5026 = ORIENTED_EDGE('',*,*,#5009,.F.);
#5027 = ORIENTED_EDGE('',*,*,#5028,.T.);
#5028 = EDGE_CURVE('',#5001,#5029,#5031,.T.);
#5029 = VERTEX_POINT('',#5030);
#5030 = CARTESIAN_POINT('',(-2.824536532544,-2.209371148848,0.7610001));
#5031 = B_SPLINE_CURVE_WITH_KNOTS('',3,(#5032,#5033,#5034,#5035),
  .UNSPECIFIED.,.F.,.F.,(4,4),(7.,8.),.PIECEWISE_BEZIER_KNOTS.);
#5032 = CARTESIAN_POINT('',(-2.784297901183,-2.197829835977,0.7610001));
#5033 = CARTESIAN_POINT('',(-2.800206197303,-2.197829835977,0.7610001));
#5034 = CARTESIAN_POINT('',(-2.813619074423,-2.201676940267,0.7610001));
#5035 = CARTESIAN_POINT('',(-2.824536532544,-2.209371148848,0.7610001));
#5036 = ORIENTED_EDGE('',*,*,#5037,.T.);
#5037 = EDGE_CURVE('',#5029,#346,#5038,.T.);
#5038 = B_SPLINE_CURVE_WITH_KNOTS('',1,(#5039,#5040),.UNSPECIFIED.,.F.,
  .F.,(2,2),(-0.,1.E-03),.PIECEWISE_BEZIER_KNOTS.);
#5039 = CARTESIAN_POINT('',(-2.824536532544,-2.209371148848,0.7610001));
#5040 = CARTESIAN_POINT('',(-2.824536532544,-2.209371148848,0.7600001));
#5041 = ORIENTED_EDGE('',*,*,#354,.F.);
#5042 = B_SPLINE_SURFACE_WITH_KNOTS('',3,1,(
    (#5043,#5044)
    ,(#5045,#5046)
    ,(#5047,#5048)
    ,(#5049,#5050
    )),.UNSPECIFIED.,.F.,.F.,.F.,(4,4),(2,2),(7.,8.),(0.,1.),
  .PIECEWISE_BEZIER_KNOTS.);
#5043 = CARTESIAN_POINT('',(-2.784297901183,-2.197829835977,0.7610001));
#5044 = CARTESIAN_POINT('',(-2.784297901183,-2.197829835977,0.7600001));
#5045 = CARTESIAN_POINT('',(-2.800206197303,-2.197829835977,0.7610001));
#5046 = CARTESIAN_POINT('',(-2.800206197303,-2.197829835977,0.7600001));
#5047 = CARTESIAN_POINT('',(-2.813619074423,-2.201676940267,0.7610001));
#5048 = CARTESIAN_POINT('',(-2.813619074423,-2.201676940267,0.7600001));
#5049 = CARTESIAN_POINT('',(-2.824536532544,-2.209371148848,0.7610001));
#5050 = CARTESIAN_POINT('',(-2.824536532544,-2.209371148848,0.7600001));
#5051 = ADVANCED_FACE('',(#5052),#5070,.F.);
#5052 = FACE_BOUND('',#5053,.F.);
#5053 = EDGE_LOOP('',(#5054,#5055,#5064,#5069));
#5054 = ORIENTED_EDGE('',*,*,#5037,.F.);
#5055 = ORIENTED_EDGE('',*,*,#5056,.T.);
#5056 = EDGE_CURVE('',#5029,#5057,#5059,.T.);
#5057 = VERTEX_POINT('',#5058);
#5058 = CARTESIAN_POINT('',(-2.840860731831,-2.240355934754,0.7610001));
#5059 = B_SPLINE_CURVE_WITH_KNOTS('',3,(#5060,#5061,#5062,#5063),
  .UNSPECIFIED.,.F.,.F.,(4,4),(6.,7.),.PIECEWISE_BEZIER_KNOTS.);
#5060 = CARTESIAN_POINT('',(-2.824536532544,-2.209371148848,0.7610001));
#5061 = CARTESIAN_POINT('',(-2.83540200277,-2.21716933322,0.7610001));
#5062 = CARTESIAN_POINT('',(-2.840860731831,-2.227462936592,0.7610001));
#5063 = CARTESIAN_POINT('',(-2.840860731831,-2.240355934754,0.7610001));
#5064 = ORIENTED_EDGE('',*,*,#5065,.T.);
#5065 = EDGE_CURVE('',#5057,#337,#5066,.T.);
#5066 = B_SPLINE_CURVE_WITH_KNOTS('',1,(#5067,#5068),.UNSPECIFIED.,.F.,
  .F.,(2,2),(-0.,1.E-03),.PIECEWISE_BEZIER_KNOTS.);
#5067 = CARTESIAN_POINT('',(-2.840860731831,-2.240355934754,0.7610001));
#5068 = CARTESIAN_POINT('',(-2.840860731831,-2.240355934754,0.7600001));
#5069 = ORIENTED_EDGE('',*,*,#345,.F.);
#5070 = B_SPLINE_SURFACE_WITH_KNOTS('',3,1,(
    (#5071,#5072)
    ,(#5073,#5074)
    ,(#5075,#5076)
    ,(#5077,#5078
    )),.UNSPECIFIED.,.F.,.F.,.F.,(4,4),(2,2),(6.,7.),(0.,1.),
  .PIECEWISE_BEZIER_KNOTS.);
#5071 = CARTESIAN_POINT('',(-2.824536532544,-2.209371148848,0.7610001));
#5072 = CARTESIAN_POINT('',(-2.824536532544,-2.209371148848,0.7600001));
#5073 = CARTESIAN_POINT('',(-2.83540200277,-2.21716933322,0.7610001));
#5074 = CARTESIAN_POINT('',(-2.83540200277,-2.21716933322,0.7600001));
#5075 = CARTESIAN_POINT('',(-2.840860731831,-2.227462936592,0.7610001));
#5076 = CARTESIAN_POINT('',(-2.840860731831,-2.227462936592,0.7600001));
#5077 = CARTESIAN_POINT('',(-2.840860731831,-2.240355934754,0.7610001));
#5078 = CARTESIAN_POINT('',(-2.840860731831,-2.240355934754,0.7600001));
#5079 = ADVANCED_FACE('',(#5080),#5098,.F.);
#5080 = FACE_BOUND('',#5081,.F.);
#5081 = EDGE_LOOP('',(#5082,#5083,#5092,#5097));
#5082 = ORIENTED_EDGE('',*,*,#5065,.F.);
#5083 = ORIENTED_EDGE('',*,*,#5084,.T.);
#5084 = EDGE_CURVE('',#5057,#5085,#5087,.T.);
#5085 = VERTEX_POINT('',#5086);
#5086 = CARTESIAN_POINT('',(-2.833634414312,-2.263334584705,0.7610001));
#5087 = B_SPLINE_CURVE_WITH_KNOTS('',3,(#5088,#5089,#5090,#5091),
  .UNSPECIFIED.,.F.,.F.,(4,4),(5.,6.),.PIECEWISE_BEZIER_KNOTS.);
#5088 = CARTESIAN_POINT('',(-2.840860731831,-2.240355934754,0.7610001));
#5089 = CARTESIAN_POINT('',(-2.840860731831,-2.249297852835,0.7610001));
#5090 = CARTESIAN_POINT('',(-2.838469288623,-2.256992061415,0.7610001));
#5091 = CARTESIAN_POINT('',(-2.833634414312,-2.263334584705,0.7610001));
#5092 = ORIENTED_EDGE('',*,*,#5093,.T.);
#5093 = EDGE_CURVE('',#5085,#328,#5094,.T.);
#5094 = B_SPLINE_CURVE_WITH_KNOTS('',1,(#5095,#5096),.UNSPECIFIED.,.F.,
  .F.,(2,2),(-0.,1.E-03),.PIECEWISE_BEZIER_KNOTS.);
#5095 = CARTESIAN_POINT('',(-2.833634414312,-2.263334584705,0.7610001));
#5096 = CARTESIAN_POINT('',(-2.833634414312,-2.263334584705,0.7600001));
#5097 = ORIENTED_EDGE('',*,*,#336,.F.);
#5098 = B_SPLINE_SURFACE_WITH_KNOTS('',3,1,(
    (#5099,#5100)
    ,(#5101,#5102)
    ,(#5103,#5104)
    ,(#5105,#5106
    )),.UNSPECIFIED.,.F.,.F.,.F.,(4,4),(2,2),(5.,6.),(0.,1.),
  .PIECEWISE_BEZIER_KNOTS.);
#5099 = CARTESIAN_POINT('',(-2.840860731831,-2.240355934754,0.7610001));
#5100 = CARTESIAN_POINT('',(-2.840860731831,-2.240355934754,0.7600001));
#5101 = CARTESIAN_POINT('',(-2.840860731831,-2.249297852835,0.7610001));
#5102 = CARTESIAN_POINT('',(-2.840860731831,-2.249297852835,0.7600001));
#5103 = CARTESIAN_POINT('',(-2.838469288623,-2.256992061415,0.7610001));
#5104 = CARTESIAN_POINT('',(-2.838469288623,-2.256992061415,0.7600001));
#5105 = CARTESIAN_POINT('',(-2.833634414312,-2.263334584705,0.7610001));
#5106 = CARTESIAN_POINT('',(-2.833634414312,-2.263334584705,0.7600001));
#5107 = ADVANCED_FACE('',(#5108),#5126,.F.);
#5108 = FACE_BOUND('',#5109,.F.);
#5109 = EDGE_LOOP('',(#5110,#5111,#5120,#5125));
#5110 = ORIENTED_EDGE('',*,*,#5093,.F.);
#5111 = ORIENTED_EDGE('',*,*,#5112,.T.);
#5112 = EDGE_CURVE('',#5085,#5113,#5115,.T.);
#5113 = VERTEX_POINT('',#5114);
#5114 = CARTESIAN_POINT('',(-2.802285713135,-2.282570106157,0.7610001));
#5115 = B_SPLINE_CURVE_WITH_KNOTS('',3,(#5116,#5117,#5118,#5119),
  .UNSPECIFIED.,.F.,.F.,(4,4),(4.,5.),.PIECEWISE_BEZIER_KNOTS.);
#5116 = CARTESIAN_POINT('',(-2.833634414312,-2.263334584705,0.7610001));
#5117 = CARTESIAN_POINT('',(-2.828851527897,-2.269677107994,0.7610001));
#5118 = CARTESIAN_POINT('',(-2.818349972942,-2.276123607076,0.7610001));
#5119 = CARTESIAN_POINT('',(-2.802285713135,-2.282570106157,0.7610001));
#5120 = ORIENTED_EDGE('',*,*,#5121,.T.);
#5121 = EDGE_CURVE('',#5113,#319,#5122,.T.);
#5122 = B_SPLINE_CURVE_WITH_KNOTS('',1,(#5123,#5124),.UNSPECIFIED.,.F.,
  .F.,(2,2),(-0.,1.E-03),.PIECEWISE_BEZIER_KNOTS.);
#5123 = CARTESIAN_POINT('',(-2.802285713135,-2.282570106157,0.7610001));
#5124 = CARTESIAN_POINT('',(-2.802285713135,-2.282570106157,0.7600001));
#5125 = ORIENTED_EDGE('',*,*,#327,.F.);
#5126 = B_SPLINE_SURFACE_WITH_KNOTS('',3,1,(
    (#5127,#5128)
    ,(#5129,#5130)
    ,(#5131,#5132)
    ,(#5133,#5134
    )),.UNSPECIFIED.,.F.,.F.,.F.,(4,4),(2,2),(4.,5.),(0.,1.),
  .PIECEWISE_BEZIER_KNOTS.);
#5127 = CARTESIAN_POINT('',(-2.833634414312,-2.263334584705,0.7610001));
#5128 = CARTESIAN_POINT('',(-2.833634414312,-2.263334584705,0.7600001));
#5129 = CARTESIAN_POINT('',(-2.828851527897,-2.269677107994,0.7610001));
#5130 = CARTESIAN_POINT('',(-2.828851527897,-2.269677107994,0.7600001));
#5131 = CARTESIAN_POINT('',(-2.818349972942,-2.276123607076,0.7610001));
#5132 = CARTESIAN_POINT('',(-2.818349972942,-2.276123607076,0.7600001));
#5133 = CARTESIAN_POINT('',(-2.802285713135,-2.282570106157,0.7610001));
#5134 = CARTESIAN_POINT('',(-2.802285713135,-2.282570106157,0.7600001));
#5135 = ADVANCED_FACE('',(#5136),#5154,.F.);
#5136 = FACE_BOUND('',#5137,.F.);
#5137 = EDGE_LOOP('',(#5138,#5139,#5148,#5153));
#5138 = ORIENTED_EDGE('',*,*,#5121,.F.);
#5139 = ORIENTED_EDGE('',*,*,#5140,.T.);
#5140 = EDGE_CURVE('',#5113,#5141,#5143,.T.);
#5141 = VERTEX_POINT('',#5142);
#5142 = CARTESIAN_POINT('',(-2.775615922582,-2.295567080111,0.7610001));
#5143 = B_SPLINE_CURVE_WITH_KNOTS('',3,(#5144,#5145,#5146,#5147),
  .UNSPECIFIED.,.F.,.F.,(4,4),(3.,4.),.PIECEWISE_BEZIER_KNOTS.);
#5144 = CARTESIAN_POINT('',(-2.802285713135,-2.282570106157,0.7610001));
#5145 = CARTESIAN_POINT('',(-2.788872836015,-2.287560944155,0.7610001));
#5146 = CARTESIAN_POINT('',(-2.77998290583,-2.291927927404,0.7610001));
#5147 = CARTESIAN_POINT('',(-2.775615922582,-2.295567080111,0.7610001));
#5148 = ORIENTED_EDGE('',*,*,#5149,.T.);
#5149 = EDGE_CURVE('',#5141,#310,#5150,.T.);
#5150 = B_SPLINE_CURVE_WITH_KNOTS('',1,(#5151,#5152),.UNSPECIFIED.,.F.,
  .F.,(2,2),(-0.,1.E-03),.PIECEWISE_BEZIER_KNOTS.);
#5151 = CARTESIAN_POINT('',(-2.775615922582,-2.295567080111,0.7610001));
#5152 = CARTESIAN_POINT('',(-2.775615922582,-2.295567080111,0.7600001));
#5153 = ORIENTED_EDGE('',*,*,#318,.F.);
#5154 = B_SPLINE_SURFACE_WITH_KNOTS('',3,1,(
    (#5155,#5156)
    ,(#5157,#5158)
    ,(#5159,#5160)
    ,(#5161,#5162
    )),.UNSPECIFIED.,.F.,.F.,.F.,(4,4),(2,2),(3.,4.),(0.,1.),
  .PIECEWISE_BEZIER_KNOTS.);
#5155 = CARTESIAN_POINT('',(-2.802285713135,-2.282570106157,0.7610001));
#5156 = CARTESIAN_POINT('',(-2.802285713135,-2.282570106157,0.7600001));
#5157 = CARTESIAN_POINT('',(-2.788872836015,-2.287560944155,0.7610001));
#5158 = CARTESIAN_POINT('',(-2.788872836015,-2.287560944155,0.7600001));
#5159 = CARTESIAN_POINT('',(-2.77998290583,-2.291927927404,0.7610001));
#5160 = CARTESIAN_POINT('',(-2.77998290583,-2.291927927404,0.7600001));
#5161 = CARTESIAN_POINT('',(-2.775615922582,-2.295567080111,0.7610001));
#5162 = CARTESIAN_POINT('',(-2.775615922582,-2.295567080111,0.7600001));
#5163 = ADVANCED_FACE('',(#5164),#5182,.F.);
#5164 = FACE_BOUND('',#5165,.F.);
#5165 = EDGE_LOOP('',(#5166,#5167,#5176,#5181));
#5166 = ORIENTED_EDGE('',*,*,#5149,.F.);
#5167 = ORIENTED_EDGE('',*,*,#5168,.T.);
#5168 = EDGE_CURVE('',#5141,#5169,#5171,.T.);
#5169 = VERTEX_POINT('',#5170);
#5170 = CARTESIAN_POINT('',(-2.769065447709,-2.309395860398,0.7610001));
#5171 = B_SPLINE_CURVE_WITH_KNOTS('',3,(#5172,#5173,#5174,#5175),
  .UNSPECIFIED.,.F.,.F.,(4,4),(2.,3.),.PIECEWISE_BEZIER_KNOTS.);
#5172 = CARTESIAN_POINT('',(-2.775615922582,-2.295567080111,0.7610001));
#5173 = CARTESIAN_POINT('',(-2.771248939333,-2.299206232818,0.7610001));
#5174 = CARTESIAN_POINT('',(-2.769065447709,-2.303781167649,0.7610001));
#5175 = CARTESIAN_POINT('',(-2.769065447709,-2.309395860398,0.7610001));
#5176 = ORIENTED_EDGE('',*,*,#5177,.T.);
#5177 = EDGE_CURVE('',#5169,#301,#5178,.T.);
#5178 = B_SPLINE_CURVE_WITH_KNOTS('',1,(#5179,#5180),.UNSPECIFIED.,.F.,
  .F.,(2,2),(-0.,1.E-03),.PIECEWISE_BEZIER_KNOTS.);
#5179 = CARTESIAN_POINT('',(-2.769065447709,-2.309395860398,0.7610001));
#5180 = CARTESIAN_POINT('',(-2.769065447709,-2.309395860398,0.7600001));
#5181 = ORIENTED_EDGE('',*,*,#309,.F.);
#5182 = B_SPLINE_SURFACE_WITH_KNOTS('',3,1,(
    (#5183,#5184)
    ,(#5185,#5186)
    ,(#5187,#5188)
    ,(#5189,#5190
    )),.UNSPECIFIED.,.F.,.F.,.F.,(4,4),(2,2),(2.,3.),(0.,1.),
  .PIECEWISE_BEZIER_KNOTS.);
#5183 = CARTESIAN_POINT('',(-2.775615922582,-2.295567080111,0.7610001));
#5184 = CARTESIAN_POINT('',(-2.775615922582,-2.295567080111,0.7600001));
#5185 = CARTESIAN_POINT('',(-2.771248939333,-2.299206232818,0.7610001));
#5186 = CARTESIAN_POINT('',(-2.771248939333,-2.299206232818,0.7600001));
#5187 = CARTESIAN_POINT('',(-2.769065447709,-2.303781167649,0.7610001));
#5188 = CARTESIAN_POINT('',(-2.769065447709,-2.303781167649,0.7600001));
#5189 = CARTESIAN_POINT('',(-2.769065447709,-2.309395860398,0.7610001));
#5190 = CARTESIAN_POINT('',(-2.769065447709,-2.309395860398,0.7600001));
#5191 = ADVANCED_FACE('',(#5192),#5204,.F.);
#5192 = FACE_BOUND('',#5193,.F.);
#5193 = EDGE_LOOP('',(#5194,#5195,#5202,#5203));
#5194 = ORIENTED_EDGE('',*,*,#5177,.F.);
#5195 = ORIENTED_EDGE('',*,*,#5196,.T.);
#5196 = EDGE_CURVE('',#5169,#4642,#5197,.T.);
#5197 = B_SPLINE_CURVE_WITH_KNOTS('',3,(#5198,#5199,#5200,#5201),
  .UNSPECIFIED.,.F.,.F.,(4,4),(1.,2.),.PIECEWISE_BEZIER_KNOTS.);
#5198 = CARTESIAN_POINT('',(-2.769065447709,-2.309395860398,0.7610001));
#5199 = CARTESIAN_POINT('',(-2.769065447709,-2.322496810144,0.7610001));
#5200 = CARTESIAN_POINT('',(-2.779099111601,-2.329047285016,0.7610001));
#5201 = CARTESIAN_POINT('',(-2.79911445149,-2.329047285016,0.7610001));
#5202 = ORIENTED_EDGE('',*,*,#4641,.T.);
#5203 = ORIENTED_EDGE('',*,*,#300,.F.);
#5204 = B_SPLINE_SURFACE_WITH_KNOTS('',3,1,(
    (#5205,#5206)
    ,(#5207,#5208)
    ,(#5209,#5210)
    ,(#5211,#5212
    )),.UNSPECIFIED.,.F.,.F.,.F.,(4,4),(2,2),(1.,2.),(0.,1.),
  .PIECEWISE_BEZIER_KNOTS.);
#5205 = CARTESIAN_POINT('',(-2.769065447709,-2.309395860398,0.7610001));
#5206 = CARTESIAN_POINT('',(-2.769065447709,-2.309395860398,0.7600001));
#5207 = CARTESIAN_POINT('',(-2.769065447709,-2.322496810144,0.7610001));
#5208 = CARTESIAN_POINT('',(-2.769065447709,-2.322496810144,0.7600001));
#5209 = CARTESIAN_POINT('',(-2.779099111601,-2.329047285016,0.7610001));
#5210 = CARTESIAN_POINT('',(-2.779099111601,-2.329047285016,0.7600001));
#5211 = CARTESIAN_POINT('',(-2.79911445149,-2.329047285016,0.7610001));
#5212 = CARTESIAN_POINT('',(-2.79911445149,-2.329047285016,0.7600001));
#5213 = ADVANCED_FACE('',(#5214),#5237,.F.);
#5214 = FACE_BOUND('',#5215,.T.);
#5215 = EDGE_LOOP('',(#5216,#5217,#5218,#5219,#5220,#5221,#5222,#5223,
    #5224,#5225,#5226,#5227,#5228,#5229,#5230,#5231,#5232,#5233,#5234,
    #5235,#5236));
#5216 = ORIENTED_EDGE('',*,*,#4648,.T.);
#5217 = ORIENTED_EDGE('',*,*,#4683,.T.);
#5218 = ORIENTED_EDGE('',*,*,#4698,.T.);
#5219 = ORIENTED_EDGE('',*,*,#4726,.T.);
#5220 = ORIENTED_EDGE('',*,*,#4754,.T.);
#5221 = ORIENTED_EDGE('',*,*,#4782,.T.);
#5222 = ORIENTED_EDGE('',*,*,#4810,.T.);
#5223 = ORIENTED_EDGE('',*,*,#4838,.T.);
#5224 = ORIENTED_EDGE('',*,*,#4866,.T.);
#5225 = ORIENTED_EDGE('',*,*,#4894,.T.);
#5226 = ORIENTED_EDGE('',*,*,#4922,.T.);
#5227 = ORIENTED_EDGE('',*,*,#4950,.T.);
#5228 = ORIENTED_EDGE('',*,*,#4985,.T.);
#5229 = ORIENTED_EDGE('',*,*,#5000,.T.);
#5230 = ORIENTED_EDGE('',*,*,#5028,.T.);
#5231 = ORIENTED_EDGE('',*,*,#5056,.T.);
#5232 = ORIENTED_EDGE('',*,*,#5084,.T.);
#5233 = ORIENTED_EDGE('',*,*,#5112,.T.);
#5234 = ORIENTED_EDGE('',*,*,#5140,.T.);
#5235 = ORIENTED_EDGE('',*,*,#5168,.T.);
#5236 = ORIENTED_EDGE('',*,*,#5196,.T.);
#5237 = B_SPLINE_SURFACE_WITH_KNOTS('',1,1,(
    (#5238,#5239)
    ,(#5240,#5241
    )),.UNSPECIFIED.,.F.,.F.,.F.,(2,2),(2,2),(-7.789086490605E-02,
    2.021029449825E-02),(-2.430434129377E-02,0.127708266072),
  .PIECEWISE_BEZIER_KNOTS.);
#5238 = CARTESIAN_POINT('',(-2.742915536114,-2.349842443342,0.7610001));
#5239 = CARTESIAN_POINT('',(-2.742915536114,-2.197829835977,0.7610001));
#5240 = CARTESIAN_POINT('',(-2.841016695518,-2.349842443342,0.7610001));
#5241 = CARTESIAN_POINT('',(-2.841016695518,-2.197829835977,0.7610001));
#5242 = ADVANCED_FACE('',(#5243),#5265,.F.);
#5243 = FACE_BOUND('',#5244,.T.);
#5244 = EDGE_LOOP('',(#5245,#5246,#5253,#5260));
#5245 = ORIENTED_EDGE('',*,*,#174,.T.);
#5246 = ORIENTED_EDGE('',*,*,#5247,.F.);
#5247 = EDGE_CURVE('',#5248,#166,#5250,.T.);
#5248 = VERTEX_POINT('',#5249);
#5249 = CARTESIAN_POINT('',(-2.616636937176,-2.201157061309,0.7610001));
#5250 = B_SPLINE_CURVE_WITH_KNOTS('',1,(#5251,#5252),.UNSPECIFIED.,.F.,
  .F.,(2,2),(-0.,1.E-03),.PIECEWISE_BEZIER_KNOTS.);
#5251 = CARTESIAN_POINT('',(-2.616636937176,-2.201157061309,0.7610001));
#5252 = CARTESIAN_POINT('',(-2.616636937176,-2.201157061309,0.7600001));
#5253 = ORIENTED_EDGE('',*,*,#5254,.F.);
#5254 = EDGE_CURVE('',#5255,#5248,#5257,.T.);
#5255 = VERTEX_POINT('',#5256);
#5256 = CARTESIAN_POINT('',(-2.590227086103,-2.201157061309,0.7610001));
#5257 = B_SPLINE_CURVE_WITH_KNOTS('',1,(#5258,#5259),.UNSPECIFIED.,.F.,
  .F.,(2,2),(-2.640985107347E-02,-0.),.PIECEWISE_BEZIER_KNOTS.);
#5258 = CARTESIAN_POINT('',(-2.590227086103,-2.201157061309,0.7610001));
#5259 = CARTESIAN_POINT('',(-2.616636937176,-2.201157061309,0.7610001));
#5260 = ORIENTED_EDGE('',*,*,#5261,.T.);
#5261 = EDGE_CURVE('',#5255,#175,#5262,.T.);
#5262 = B_SPLINE_CURVE_WITH_KNOTS('',1,(#5263,#5264),.UNSPECIFIED.,.F.,
  .F.,(2,2),(-0.,1.E-03),.PIECEWISE_BEZIER_KNOTS.);
#5263 = CARTESIAN_POINT('',(-2.590227086103,-2.201157061309,0.7610001));
#5264 = CARTESIAN_POINT('',(-2.590227086103,-2.201157061309,0.7600001));
#5265 = B_SPLINE_SURFACE_WITH_KNOTS('',1,1,(
    (#5266,#5267)
    ,(#5268,#5269
    )),.UNSPECIFIED.,.F.,.F.,.F.,(2,2),(2,2),(0.,1.E-03),(0.,
    2.640985107347E-02),.PIECEWISE_BEZIER_KNOTS.);
#5266 = CARTESIAN_POINT('',(-2.616636937176,-2.201157061309,0.7610001));
#5267 = CARTESIAN_POINT('',(-2.590227086103,-2.201157061309,0.7610001));
#5268 = CARTESIAN_POINT('',(-2.616636937176,-2.201157061309,0.7600001));
#5269 = CARTESIAN_POINT('',(-2.590227086103,-2.201157061309,0.7600001));
#5270 = ADVANCED_FACE('',(#5271),#5287,.F.);
#5271 = FACE_BOUND('',#5272,.T.);
#5272 = EDGE_LOOP('',(#5273,#5274,#5281,#5286));
#5273 = ORIENTED_EDGE('',*,*,#165,.T.);
#5274 = ORIENTED_EDGE('',*,*,#5275,.F.);
#5275 = EDGE_CURVE('',#5276,#168,#5278,.T.);
#5276 = VERTEX_POINT('',#5277);
#5277 = CARTESIAN_POINT('',(-2.656303701684,-2.310539594106,0.7610001));
#5278 = B_SPLINE_CURVE_WITH_KNOTS('',1,(#5279,#5280),.UNSPECIFIED.,.F.,
  .F.,(2,2),(-0.,1.E-03),.PIECEWISE_BEZIER_KNOTS.);
#5279 = CARTESIAN_POINT('',(-2.656303701684,-2.310539594106,0.7610001));
#5280 = CARTESIAN_POINT('',(-2.656303701684,-2.310539594106,0.7600001));
#5281 = ORIENTED_EDGE('',*,*,#5282,.F.);
#5282 = EDGE_CURVE('',#5248,#5276,#5283,.T.);
#5283 = B_SPLINE_CURVE_WITH_KNOTS('',1,(#5284,#5285),.UNSPECIFIED.,.F.,
  .F.,(2,2),(-0.116352871419,4.17485206583E-16),
  .PIECEWISE_BEZIER_KNOTS.);
#5284 = CARTESIAN_POINT('',(-2.616636937176,-2.201157061309,0.7610001));
#5285 = CARTESIAN_POINT('',(-2.656303701684,-2.310539594106,0.7610001));
#5286 = ORIENTED_EDGE('',*,*,#5247,.T.);
#5287 = B_SPLINE_SURFACE_WITH_KNOTS('',1,1,(
    (#5288,#5289)
    ,(#5290,#5291
    )),.UNSPECIFIED.,.F.,.F.,.F.,(2,2),(2,2),(-4.17485206583E-16,
    0.116352871419),(-1.E-03,0.),.PIECEWISE_BEZIER_KNOTS.);
#5288 = CARTESIAN_POINT('',(-2.656303701684,-2.310539594106,0.7600001));
#5289 = CARTESIAN_POINT('',(-2.656303701684,-2.310539594106,0.7610001));
#5290 = CARTESIAN_POINT('',(-2.616636937176,-2.201157061309,0.7600001));
#5291 = CARTESIAN_POINT('',(-2.616636937176,-2.201157061309,0.7610001));
#5292 = ADVANCED_FACE('',(#5293),#5311,.F.);
#5293 = FACE_BOUND('',#5294,.F.);
#5294 = EDGE_LOOP('',(#5295,#5296,#5305,#5310));
#5295 = ORIENTED_EDGE('',*,*,#5275,.F.);
#5296 = ORIENTED_EDGE('',*,*,#5297,.T.);
#5297 = EDGE_CURVE('',#5276,#5298,#5300,.T.);
#5298 = VERTEX_POINT('',#5299);
#5299 = CARTESIAN_POINT('',(-2.659422975434,-2.322288858561,0.7610001));
#5300 = B_SPLINE_CURVE_WITH_KNOTS('',3,(#5301,#5302,#5303,#5304),
  .UNSPECIFIED.,.F.,.F.,(4,4),(12.,13.),.PIECEWISE_BEZIER_KNOTS.);
#5301 = CARTESIAN_POINT('',(-2.656303701684,-2.310539594106,0.7610001));
#5302 = CARTESIAN_POINT('',(-2.657863338558,-2.315634407895,0.7610001));
#5303 = CARTESIAN_POINT('',(-2.658903096476,-2.319585487977,0.7610001));
#5304 = CARTESIAN_POINT('',(-2.659422975434,-2.322288858561,0.7610001));
#5305 = ORIENTED_EDGE('',*,*,#5306,.T.);
#5306 = EDGE_CURVE('',#5298,#267,#5307,.T.);
#5307 = B_SPLINE_CURVE_WITH_KNOTS('',1,(#5308,#5309),.UNSPECIFIED.,.F.,
  .F.,(2,2),(-0.,1.E-03),.PIECEWISE_BEZIER_KNOTS.);
#5308 = CARTESIAN_POINT('',(-2.659422975434,-2.322288858561,0.7610001));
#5309 = CARTESIAN_POINT('',(-2.659422975434,-2.322288858561,0.7600001));
#5310 = ORIENTED_EDGE('',*,*,#273,.F.);
#5311 = B_SPLINE_SURFACE_WITH_KNOTS('',3,1,(
    (#5312,#5313)
    ,(#5314,#5315)
    ,(#5316,#5317)
    ,(#5318,#5319
    )),.UNSPECIFIED.,.F.,.F.,.F.,(4,4),(2,2),(12.,13.),(0.,1.),
  .PIECEWISE_BEZIER_KNOTS.);
#5312 = CARTESIAN_POINT('',(-2.656303701684,-2.310539594106,0.7610001));
#5313 = CARTESIAN_POINT('',(-2.656303701684,-2.310539594106,0.7600001));
#5314 = CARTESIAN_POINT('',(-2.657863338558,-2.315634407895,0.7610001));
#5315 = CARTESIAN_POINT('',(-2.657863338558,-2.315634407895,0.7600001));
#5316 = CARTESIAN_POINT('',(-2.658903096476,-2.319585487977,0.7610001));
#5317 = CARTESIAN_POINT('',(-2.658903096476,-2.319585487977,0.7600001));
#5318 = CARTESIAN_POINT('',(-2.659422975434,-2.322288858561,0.7610001));
#5319 = CARTESIAN_POINT('',(-2.659422975434,-2.322288858561,0.7600001));
#5320 = ADVANCED_FACE('',(#5321),#5337,.F.);
#5321 = FACE_BOUND('',#5322,.T.);
#5322 = EDGE_LOOP('',(#5323,#5324,#5331,#5336));
#5323 = ORIENTED_EDGE('',*,*,#266,.T.);
#5324 = ORIENTED_EDGE('',*,*,#5325,.F.);
#5325 = EDGE_CURVE('',#5326,#260,#5328,.T.);
#5326 = VERTEX_POINT('',#5327);
#5327 = CARTESIAN_POINT('',(-2.660098818078,-2.322288858561,0.7610001));
#5328 = B_SPLINE_CURVE_WITH_KNOTS('',1,(#5329,#5330),.UNSPECIFIED.,.F.,
  .F.,(2,2),(-0.,1.E-03),.PIECEWISE_BEZIER_KNOTS.);
#5329 = CARTESIAN_POINT('',(-2.660098818078,-2.322288858561,0.7610001));
#5330 = CARTESIAN_POINT('',(-2.660098818078,-2.322288858561,0.7600001));
#5331 = ORIENTED_EDGE('',*,*,#5332,.F.);
#5332 = EDGE_CURVE('',#5298,#5326,#5333,.T.);
#5333 = B_SPLINE_CURVE_WITH_KNOTS('',1,(#5334,#5335),.UNSPECIFIED.,.F.,
  .F.,(2,2),(-6.758426448346E-04,-0.),.PIECEWISE_BEZIER_KNOTS.);
#5334 = CARTESIAN_POINT('',(-2.659422975434,-2.322288858561,0.7610001));
#5335 = CARTESIAN_POINT('',(-2.660098818078,-2.322288858561,0.7610001));
#5336 = ORIENTED_EDGE('',*,*,#5306,.T.);
#5337 = B_SPLINE_SURFACE_WITH_KNOTS('',1,1,(
    (#5338,#5339)
    ,(#5340,#5341
    )),.UNSPECIFIED.,.F.,.F.,.F.,(2,2),(2,2),(0.,1.E-03),(0.,
    6.758426448346E-04),.PIECEWISE_BEZIER_KNOTS.);
#5338 = CARTESIAN_POINT('',(-2.660098818078,-2.322288858561,0.7610001));
#5339 = CARTESIAN_POINT('',(-2.659422975434,-2.322288858561,0.7610001));
#5340 = CARTESIAN_POINT('',(-2.660098818078,-2.322288858561,0.7600001));
#5341 = CARTESIAN_POINT('',(-2.659422975434,-2.322288858561,0.7600001));
#5342 = ADVANCED_FACE('',(#5343),#5359,.F.);
#5343 = FACE_BOUND('',#5344,.T.);
#5344 = EDGE_LOOP('',(#5345,#5346,#5353,#5358));
#5345 = ORIENTED_EDGE('',*,*,#259,.T.);
#5346 = ORIENTED_EDGE('',*,*,#5347,.F.);
#5347 = EDGE_CURVE('',#5348,#253,#5350,.T.);
#5348 = VERTEX_POINT('',#5349);
#5349 = CARTESIAN_POINT('',(-2.663218091828,-2.310331642523,0.7610001));
#5350 = B_SPLINE_CURVE_WITH_KNOTS('',1,(#5351,#5352),.UNSPECIFIED.,.F.,
  .F.,(2,2),(-0.,1.E-03),.PIECEWISE_BEZIER_KNOTS.);
#5351 = CARTESIAN_POINT('',(-2.663218091828,-2.310331642523,0.7610001));
#5352 = CARTESIAN_POINT('',(-2.663218091828,-2.310331642523,0.7600001));
#5353 = ORIENTED_EDGE('',*,*,#5354,.F.);
#5354 = EDGE_CURVE('',#5326,#5348,#5355,.T.);
#5355 = B_SPLINE_CURVE_WITH_KNOTS('',1,(#5356,#5357),.UNSPECIFIED.,.F.,
  .F.,(2,2),(-1.235738176562E-02,0.),.PIECEWISE_BEZIER_KNOTS.);
#5356 = CARTESIAN_POINT('',(-2.660098818078,-2.322288858561,0.7610001));
#5357 = CARTESIAN_POINT('',(-2.663218091828,-2.310331642523,0.7610001));
#5358 = ORIENTED_EDGE('',*,*,#5325,.T.);
#5359 = B_SPLINE_SURFACE_WITH_KNOTS('',1,1,(
    (#5360,#5361)
    ,(#5362,#5363
    )),.UNSPECIFIED.,.F.,.F.,.F.,(2,2),(2,2),(0.,1.235738176562E-02),(
    -1.E-03,0.),.PIECEWISE_BEZIER_KNOTS.);
#5360 = CARTESIAN_POINT('',(-2.663218091828,-2.310331642523,0.7600001));
#5361 = CARTESIAN_POINT('',(-2.663218091828,-2.310331642523,0.7610001));
#5362 = CARTESIAN_POINT('',(-2.660098818078,-2.322288858561,0.7600001));
#5363 = CARTESIAN_POINT('',(-2.660098818078,-2.322288858561,0.7610001));
#5364 = ADVANCED_FACE('',(#5365),#5381,.F.);
#5365 = FACE_BOUND('',#5366,.T.);
#5366 = EDGE_LOOP('',(#5367,#5368,#5375,#5380));
#5367 = ORIENTED_EDGE('',*,*,#252,.T.);
#5368 = ORIENTED_EDGE('',*,*,#5369,.F.);
#5369 = EDGE_CURVE('',#5370,#246,#5372,.T.);
#5370 = VERTEX_POINT('',#5371);
#5371 = CARTESIAN_POINT('',(-2.701169255773,-2.201157061309,0.7610001));
#5372 = B_SPLINE_CURVE_WITH_KNOTS('',1,(#5373,#5374),.UNSPECIFIED.,.F.,
  .F.,(2,2),(-0.,1.E-03),.PIECEWISE_BEZIER_KNOTS.);
#5373 = CARTESIAN_POINT('',(-2.701169255773,-2.201157061309,0.7610001));
#5374 = CARTESIAN_POINT('',(-2.701169255773,-2.201157061309,0.7600001));
#5375 = ORIENTED_EDGE('',*,*,#5376,.F.);
#5376 = EDGE_CURVE('',#5348,#5370,#5377,.T.);
#5377 = B_SPLINE_CURVE_WITH_KNOTS('',1,(#5378,#5379),.UNSPECIFIED.,.F.,
  .F.,(2,2),(-0.115582784306,0.),.PIECEWISE_BEZIER_KNOTS.);
#5378 = CARTESIAN_POINT('',(-2.663218091828,-2.310331642523,0.7610001));
#5379 = CARTESIAN_POINT('',(-2.701169255773,-2.201157061309,0.7610001));
#5380 = ORIENTED_EDGE('',*,*,#5347,.T.);
#5381 = B_SPLINE_SURFACE_WITH_KNOTS('',1,1,(
    (#5382,#5383)
    ,(#5384,#5385
    )),.UNSPECIFIED.,.F.,.F.,.F.,(2,2),(2,2),(0.,0.115582784306),(
    -1.E-03,0.),.PIECEWISE_BEZIER_KNOTS.);
#5382 = CARTESIAN_POINT('',(-2.701169255773,-2.201157061309,0.7600001));
#5383 = CARTESIAN_POINT('',(-2.701169255773,-2.201157061309,0.7610001));
#5384 = CARTESIAN_POINT('',(-2.663218091828,-2.310331642523,0.7600001));
#5385 = CARTESIAN_POINT('',(-2.663218091828,-2.310331642523,0.7610001));
#5386 = ADVANCED_FACE('',(#5387),#5403,.F.);
#5387 = FACE_BOUND('',#5388,.T.);
#5388 = EDGE_LOOP('',(#5389,#5390,#5397,#5402));
#5389 = ORIENTED_EDGE('',*,*,#245,.T.);
#5390 = ORIENTED_EDGE('',*,*,#5391,.F.);
#5391 = EDGE_CURVE('',#5392,#239,#5394,.T.);
#5392 = VERTEX_POINT('',#5393);
#5393 = CARTESIAN_POINT('',(-2.729658622681,-2.201157061309,0.7610001));
#5394 = B_SPLINE_CURVE_WITH_KNOTS('',1,(#5395,#5396),.UNSPECIFIED.,.F.,
  .F.,(2,2),(-0.,1.E-03),.PIECEWISE_BEZIER_KNOTS.);
#5395 = CARTESIAN_POINT('',(-2.729658622681,-2.201157061309,0.7610001));
#5396 = CARTESIAN_POINT('',(-2.729658622681,-2.201157061309,0.7600001));
#5397 = ORIENTED_EDGE('',*,*,#5398,.F.);
#5398 = EDGE_CURVE('',#5370,#5392,#5399,.T.);
#5399 = B_SPLINE_CURVE_WITH_KNOTS('',1,(#5400,#5401),.UNSPECIFIED.,.F.,
  .F.,(2,2),(-2.84893669072E-02,-0.),.PIECEWISE_BEZIER_KNOTS.);
#5400 = CARTESIAN_POINT('',(-2.701169255773,-2.201157061309,0.7610001));
#5401 = CARTESIAN_POINT('',(-2.729658622681,-2.201157061309,0.7610001));
#5402 = ORIENTED_EDGE('',*,*,#5369,.T.);
#5403 = B_SPLINE_SURFACE_WITH_KNOTS('',1,1,(
    (#5404,#5405)
    ,(#5406,#5407
    )),.UNSPECIFIED.,.F.,.F.,.F.,(2,2),(2,2),(0.,1.E-03),(0.,
    2.84893669072E-02),.PIECEWISE_BEZIER_KNOTS.);
#5404 = CARTESIAN_POINT('',(-2.729658622681,-2.201157061309,0.7610001));
#5405 = CARTESIAN_POINT('',(-2.701169255773,-2.201157061309,0.7610001));
#5406 = CARTESIAN_POINT('',(-2.729658622681,-2.201157061309,0.7600001));
#5407 = CARTESIAN_POINT('',(-2.701169255773,-2.201157061309,0.7600001));
#5408 = ADVANCED_FACE('',(#5409),#5425,.F.);
#5409 = FACE_BOUND('',#5410,.T.);
#5410 = EDGE_LOOP('',(#5411,#5412,#5419,#5424));
#5411 = ORIENTED_EDGE('',*,*,#238,.T.);
#5412 = ORIENTED_EDGE('',*,*,#5413,.F.);
#5413 = EDGE_CURVE('',#5414,#232,#5416,.T.);
#5414 = VERTEX_POINT('',#5415);
#5415 = CARTESIAN_POINT('',(-2.672679888866,-2.346099314843,0.7610001));
#5416 = B_SPLINE_CURVE_WITH_KNOTS('',1,(#5417,#5418),.UNSPECIFIED.,.F.,
  .F.,(2,2),(-0.,1.E-03),.PIECEWISE_BEZIER_KNOTS.);
#5417 = CARTESIAN_POINT('',(-2.672679888866,-2.346099314843,0.7610001));
#5418 = CARTESIAN_POINT('',(-2.672679888866,-2.346099314843,0.7600001));
#5419 = ORIENTED_EDGE('',*,*,#5420,.F.);
#5420 = EDGE_CURVE('',#5392,#5414,#5421,.T.);
#5421 = B_SPLINE_CURVE_WITH_KNOTS('',1,(#5422,#5423),.UNSPECIFIED.,.F.,
  .F.,(2,2),(-0.155739631972,0.),.PIECEWISE_BEZIER_KNOTS.);
#5422 = CARTESIAN_POINT('',(-2.729658622681,-2.201157061309,0.7610001));
#5423 = CARTESIAN_POINT('',(-2.672679888866,-2.346099314843,0.7610001));
#5424 = ORIENTED_EDGE('',*,*,#5391,.T.);
#5425 = B_SPLINE_SURFACE_WITH_KNOTS('',1,1,(
    (#5426,#5427)
    ,(#5428,#5429
    )),.UNSPECIFIED.,.F.,.F.,.F.,(2,2),(2,2),(0.,0.155739631972),(
    -1.E-03,0.),.PIECEWISE_BEZIER_KNOTS.);
#5426 = CARTESIAN_POINT('',(-2.672679888866,-2.346099314843,0.7600001));
#5427 = CARTESIAN_POINT('',(-2.672679888866,-2.346099314843,0.7610001));
#5428 = CARTESIAN_POINT('',(-2.729658622681,-2.201157061309,0.7600001));
#5429 = CARTESIAN_POINT('',(-2.729658622681,-2.201157061309,0.7610001));
#5430 = ADVANCED_FACE('',(#5431),#5447,.F.);
#5431 = FACE_BOUND('',#5432,.T.);
#5432 = EDGE_LOOP('',(#5433,#5434,#5441,#5446));
#5433 = ORIENTED_EDGE('',*,*,#231,.T.);
#5434 = ORIENTED_EDGE('',*,*,#5435,.F.);
#5435 = EDGE_CURVE('',#5436,#223,#5438,.T.);
#5436 = VERTEX_POINT('',#5437);
#5437 = CARTESIAN_POINT('',(-2.683857286467,-2.372509165918,0.7610001));
#5438 = B_SPLINE_CURVE_WITH_KNOTS('',1,(#5439,#5440),.UNSPECIFIED.,.F.,
  .F.,(2,2),(-0.,1.E-03),.PIECEWISE_BEZIER_KNOTS.);
#5439 = CARTESIAN_POINT('',(-2.683857286467,-2.372509165918,0.7610001));
#5440 = CARTESIAN_POINT('',(-2.683857286467,-2.372509165918,0.7600001));
#5441 = ORIENTED_EDGE('',*,*,#5442,.F.);
#5442 = EDGE_CURVE('',#5414,#5436,#5443,.T.);
#5443 = B_SPLINE_CURVE_WITH_KNOTS('',1,(#5444,#5445),.UNSPECIFIED.,.F.,
  .F.,(2,2),(-2.867776928081E-02,-1.730874399655E-16),
  .PIECEWISE_BEZIER_KNOTS.);
#5444 = CARTESIAN_POINT('',(-2.672679888866,-2.346099314843,0.7610001));
#5445 = CARTESIAN_POINT('',(-2.683857286467,-2.372509165918,0.7610001));
#5446 = ORIENTED_EDGE('',*,*,#5413,.T.);
#5447 = B_SPLINE_SURFACE_WITH_KNOTS('',1,1,(
    (#5448,#5449)
    ,(#5450,#5451
    )),.UNSPECIFIED.,.F.,.F.,.F.,(2,2),(2,2),(0.,2.867776928081E-02),(
    -1.E-03,0.),.PIECEWISE_BEZIER_KNOTS.);
#5448 = CARTESIAN_POINT('',(-2.683857286467,-2.372509165918,0.7600001));
#5449 = CARTESIAN_POINT('',(-2.683857286467,-2.372509165918,0.7610001));
#5450 = CARTESIAN_POINT('',(-2.672679888866,-2.346099314843,0.7600001));
#5451 = CARTESIAN_POINT('',(-2.672679888866,-2.346099314843,0.7610001));
#5452 = ADVANCED_FACE('',(#5453),#5471,.F.);
#5453 = FACE_BOUND('',#5454,.F.);
#5454 = EDGE_LOOP('',(#5455,#5456,#5465,#5470));
#5455 = ORIENTED_EDGE('',*,*,#5435,.F.);
#5456 = ORIENTED_EDGE('',*,*,#5457,.T.);
#5457 = EDGE_CURVE('',#5436,#5458,#5460,.T.);
#5458 = VERTEX_POINT('',#5459);
#5459 = CARTESIAN_POINT('',(-2.709955210167,-2.39299239687,0.7610001));
#5460 = B_SPLINE_CURVE_WITH_KNOTS('',3,(#5461,#5462,#5463,#5464),
  .UNSPECIFIED.,.F.,.F.,(4,4),(5.,6.),.PIECEWISE_BEZIER_KNOTS.);
#5461 = CARTESIAN_POINT('',(-2.683857286467,-2.372509165918,0.7610001));
#5462 = CARTESIAN_POINT('',(-2.689627942902,-2.386233970413,0.7610001));
#5463 = CARTESIAN_POINT('',(-2.698309921503,-2.39299239687,0.7610001));
#5464 = CARTESIAN_POINT('',(-2.709955210167,-2.39299239687,0.7610001));
#5465 = ORIENTED_EDGE('',*,*,#5466,.T.);
#5466 = EDGE_CURVE('',#5458,#214,#5467,.T.);
#5467 = B_SPLINE_CURVE_WITH_KNOTS('',1,(#5468,#5469),.UNSPECIFIED.,.F.,
  .F.,(2,2),(-0.,1.E-03),.PIECEWISE_BEZIER_KNOTS.);
#5468 = CARTESIAN_POINT('',(-2.709955210167,-2.39299239687,0.7610001));
#5469 = CARTESIAN_POINT('',(-2.709955210167,-2.39299239687,0.7600001));
#5470 = ORIENTED_EDGE('',*,*,#222,.F.);
#5471 = B_SPLINE_SURFACE_WITH_KNOTS('',3,1,(
    (#5472,#5473)
    ,(#5474,#5475)
    ,(#5476,#5477)
    ,(#5478,#5479
    )),.UNSPECIFIED.,.F.,.F.,.F.,(4,4),(2,2),(5.,6.),(0.,1.),
  .PIECEWISE_BEZIER_KNOTS.);
#5472 = CARTESIAN_POINT('',(-2.683857286467,-2.372509165918,0.7610001));
#5473 = CARTESIAN_POINT('',(-2.683857286467,-2.372509165918,0.7600001));
#5474 = CARTESIAN_POINT('',(-2.689627942902,-2.386233970413,0.7610001));
#5475 = CARTESIAN_POINT('',(-2.689627942902,-2.386233970413,0.7600001));
#5476 = CARTESIAN_POINT('',(-2.698309921503,-2.39299239687,0.7610001));
#5477 = CARTESIAN_POINT('',(-2.698309921503,-2.39299239687,0.7600001));
#5478 = CARTESIAN_POINT('',(-2.709955210167,-2.39299239687,0.7610001));
#5479 = CARTESIAN_POINT('',(-2.709955210167,-2.39299239687,0.7600001));
#5480 = ADVANCED_FACE('',(#5481),#5499,.F.);
#5481 = FACE_BOUND('',#5482,.F.);
#5482 = EDGE_LOOP('',(#5483,#5484,#5493,#5498));
#5483 = ORIENTED_EDGE('',*,*,#5466,.F.);
#5484 = ORIENTED_EDGE('',*,*,#5485,.T.);
#5485 = EDGE_CURVE('',#5458,#5486,#5488,.T.);
#5486 = VERTEX_POINT('',#5487);
#5487 = CARTESIAN_POINT('',(-2.724407845203,-2.390081074703,0.7610001));
#5488 = B_SPLINE_CURVE_WITH_KNOTS('',3,(#5489,#5490,#5491,#5492),
  .UNSPECIFIED.,.F.,.F.,(4,4),(4.,5.),.PIECEWISE_BEZIER_KNOTS.);
#5489 = CARTESIAN_POINT('',(-2.709955210167,-2.39299239687,0.7610001));
#5490 = CARTESIAN_POINT('',(-2.71463412079,-2.39299239687,0.7610001));
#5491 = CARTESIAN_POINT('',(-2.719417007205,-2.392056614745,0.7610001));
#5492 = CARTESIAN_POINT('',(-2.724407845203,-2.390081074703,0.7610001));
#5493 = ORIENTED_EDGE('',*,*,#5494,.T.);
#5494 = EDGE_CURVE('',#5486,#207,#5495,.T.);
#5495 = B_SPLINE_CURVE_WITH_KNOTS('',1,(#5496,#5497),.UNSPECIFIED.,.F.,
  .F.,(2,2),(-0.,1.E-03),.PIECEWISE_BEZIER_KNOTS.);
#5496 = CARTESIAN_POINT('',(-2.724407845203,-2.390081074703,0.7610001));
#5497 = CARTESIAN_POINT('',(-2.724407845203,-2.390081074703,0.7600001));
#5498 = ORIENTED_EDGE('',*,*,#213,.F.);
#5499 = B_SPLINE_SURFACE_WITH_KNOTS('',3,1,(
    (#5500,#5501)
    ,(#5502,#5503)
    ,(#5504,#5505)
    ,(#5506,#5507
    )),.UNSPECIFIED.,.F.,.F.,.F.,(4,4),(2,2),(4.,5.),(0.,1.),
  .PIECEWISE_BEZIER_KNOTS.);
#5500 = CARTESIAN_POINT('',(-2.709955210167,-2.39299239687,0.7610001));
#5501 = CARTESIAN_POINT('',(-2.709955210167,-2.39299239687,0.7600001));
#5502 = CARTESIAN_POINT('',(-2.71463412079,-2.39299239687,0.7610001));
#5503 = CARTESIAN_POINT('',(-2.71463412079,-2.39299239687,0.7600001));
#5504 = CARTESIAN_POINT('',(-2.719417007205,-2.392056614745,0.7610001));
#5505 = CARTESIAN_POINT('',(-2.719417007205,-2.392056614745,0.7600001));
#5506 = CARTESIAN_POINT('',(-2.724407845203,-2.390081074703,0.7610001));
#5507 = CARTESIAN_POINT('',(-2.724407845203,-2.390081074703,0.7600001));
#5508 = ADVANCED_FACE('',(#5509),#5525,.F.);
#5509 = FACE_BOUND('',#5510,.T.);
#5510 = EDGE_LOOP('',(#5511,#5512,#5519,#5524));
#5511 = ORIENTED_EDGE('',*,*,#206,.T.);
#5512 = ORIENTED_EDGE('',*,*,#5513,.F.);
#5513 = EDGE_CURVE('',#5514,#198,#5516,.T.);
#5514 = VERTEX_POINT('',#5515);
#5515 = CARTESIAN_POINT('',(-2.724407845203,-2.41274779728,0.7610001));
#5516 = B_SPLINE_CURVE_WITH_KNOTS('',1,(#5517,#5518),.UNSPECIFIED.,.F.,
  .F.,(2,2),(-0.,1.E-03),.PIECEWISE_BEZIER_KNOTS.);
#5517 = CARTESIAN_POINT('',(-2.724407845203,-2.41274779728,0.7610001));
#5518 = CARTESIAN_POINT('',(-2.724407845203,-2.41274779728,0.7600001));
#5519 = ORIENTED_EDGE('',*,*,#5520,.F.);
#5520 = EDGE_CURVE('',#5486,#5514,#5521,.T.);
#5521 = B_SPLINE_CURVE_WITH_KNOTS('',1,(#5522,#5523),.UNSPECIFIED.,.F.,
  .F.,(2,2),(-2.266672257622E-02,-0.),.PIECEWISE_BEZIER_KNOTS.);
#5522 = CARTESIAN_POINT('',(-2.724407845203,-2.390081074703,0.7610001));
#5523 = CARTESIAN_POINT('',(-2.724407845203,-2.41274779728,0.7610001));
#5524 = ORIENTED_EDGE('',*,*,#5494,.T.);
#5525 = B_SPLINE_SURFACE_WITH_KNOTS('',1,1,(
    (#5526,#5527)
    ,(#5528,#5529
    )),.UNSPECIFIED.,.F.,.F.,.F.,(2,2),(2,2),(0.,1.E-03),(0.,
    2.266672257622E-02),.PIECEWISE_BEZIER_KNOTS.);
#5526 = CARTESIAN_POINT('',(-2.724407845203,-2.41274779728,0.7610001));
#5527 = CARTESIAN_POINT('',(-2.724407845203,-2.390081074703,0.7610001));
#5528 = CARTESIAN_POINT('',(-2.724407845203,-2.41274779728,0.7600001));
#5529 = CARTESIAN_POINT('',(-2.724407845203,-2.390081074703,0.7600001));
#5530 = ADVANCED_FACE('',(#5531),#5549,.F.);
#5531 = FACE_BOUND('',#5532,.F.);
#5532 = EDGE_LOOP('',(#5533,#5534,#5543,#5548));
#5533 = ORIENTED_EDGE('',*,*,#5513,.F.);
#5534 = ORIENTED_EDGE('',*,*,#5535,.T.);
#5535 = EDGE_CURVE('',#5514,#5536,#5538,.T.);
#5536 = VERTEX_POINT('',#5537);
#5537 = CARTESIAN_POINT('',(-2.707979670125,-2.414827313113,0.7610001));
#5538 = B_SPLINE_CURVE_WITH_KNOTS('',3,(#5539,#5540,#5541,#5542),
  .UNSPECIFIED.,.F.,.F.,(4,4),(2.,3.),.PIECEWISE_BEZIER_KNOTS.);
#5539 = CARTESIAN_POINT('',(-2.724407845203,-2.41274779728,0.7610001));
#5540 = CARTESIAN_POINT('',(-2.719884898267,-2.414099482571,0.7610001));
#5541 = CARTESIAN_POINT('',(-2.714374181311,-2.414827313113,0.7610001));
#5542 = CARTESIAN_POINT('',(-2.707979670125,-2.414827313113,0.7610001));
#5543 = ORIENTED_EDGE('',*,*,#5544,.T.);
#5544 = EDGE_CURVE('',#5536,#189,#5545,.T.);
#5545 = B_SPLINE_CURVE_WITH_KNOTS('',1,(#5546,#5547),.UNSPECIFIED.,.F.,
  .F.,(2,2),(-0.,1.E-03),.PIECEWISE_BEZIER_KNOTS.);
#5546 = CARTESIAN_POINT('',(-2.707979670125,-2.414827313113,0.7610001));
#5547 = CARTESIAN_POINT('',(-2.707979670125,-2.414827313113,0.7600001));
#5548 = ORIENTED_EDGE('',*,*,#197,.F.);
#5549 = B_SPLINE_SURFACE_WITH_KNOTS('',3,1,(
    (#5550,#5551)
    ,(#5552,#5553)
    ,(#5554,#5555)
    ,(#5556,#5557
    )),.UNSPECIFIED.,.F.,.F.,.F.,(4,4),(2,2),(2.,3.),(0.,1.),
  .PIECEWISE_BEZIER_KNOTS.);
#5550 = CARTESIAN_POINT('',(-2.724407845203,-2.41274779728,0.7610001));
#5551 = CARTESIAN_POINT('',(-2.724407845203,-2.41274779728,0.7600001));
#5552 = CARTESIAN_POINT('',(-2.719884898267,-2.414099482571,0.7610001));
#5553 = CARTESIAN_POINT('',(-2.719884898267,-2.414099482571,0.7600001));
#5554 = CARTESIAN_POINT('',(-2.714374181311,-2.414827313113,0.7610001));
#5555 = CARTESIAN_POINT('',(-2.714374181311,-2.414827313113,0.7600001));
#5556 = CARTESIAN_POINT('',(-2.707979670125,-2.414827313113,0.7610001));
#5557 = CARTESIAN_POINT('',(-2.707979670125,-2.414827313113,0.7600001));
#5558 = ADVANCED_FACE('',(#5559),#5577,.F.);
#5559 = FACE_BOUND('',#5560,.F.);
#5560 = EDGE_LOOP('',(#5561,#5562,#5571,#5576));
#5561 = ORIENTED_EDGE('',*,*,#5544,.F.);
#5562 = ORIENTED_EDGE('',*,*,#5563,.T.);
#5563 = EDGE_CURVE('',#5536,#5564,#5566,.T.);
#5564 = VERTEX_POINT('',#5565);
#5565 = CARTESIAN_POINT('',(-2.656147737997,-2.368350134252,0.7610001));
#5566 = B_SPLINE_CURVE_WITH_KNOTS('',3,(#5567,#5568,#5569,#5570),
  .UNSPECIFIED.,.F.,.F.,(4,4),(1.,2.),.PIECEWISE_BEZIER_KNOTS.);
#5567 = CARTESIAN_POINT('',(-2.707979670125,-2.414827313113,0.7610001));
#5568 = CARTESIAN_POINT('',(-2.685676862821,-2.414827313113,0.7610001));
#5569 = CARTESIAN_POINT('',(-2.668416881409,-2.399334920159,0.7610001));
#5570 = CARTESIAN_POINT('',(-2.656147737997,-2.368350134252,0.7610001));
#5571 = ORIENTED_EDGE('',*,*,#5572,.T.);
#5572 = EDGE_CURVE('',#5564,#182,#5573,.T.);
#5573 = B_SPLINE_CURVE_WITH_KNOTS('',1,(#5574,#5575),.UNSPECIFIED.,.F.,
  .F.,(2,2),(-0.,1.E-03),.PIECEWISE_BEZIER_KNOTS.);
#5574 = CARTESIAN_POINT('',(-2.656147737997,-2.368350134252,0.7610001));
#5575 = CARTESIAN_POINT('',(-2.656147737997,-2.368350134252,0.7600001));
#5576 = ORIENTED_EDGE('',*,*,#188,.F.);
#5577 = B_SPLINE_SURFACE_WITH_KNOTS('',3,1,(
    (#5578,#5579)
    ,(#5580,#5581)
    ,(#5582,#5583)
    ,(#5584,#5585
    )),.UNSPECIFIED.,.F.,.F.,.F.,(4,4),(2,2),(1.,2.),(0.,1.),
  .PIECEWISE_BEZIER_KNOTS.);
#5578 = CARTESIAN_POINT('',(-2.707979670125,-2.414827313113,0.7610001));
#5579 = CARTESIAN_POINT('',(-2.707979670125,-2.414827313113,0.7600001));
#5580 = CARTESIAN_POINT('',(-2.685676862821,-2.414827313113,0.7610001));
#5581 = CARTESIAN_POINT('',(-2.685676862821,-2.414827313113,0.7600001));
#5582 = CARTESIAN_POINT('',(-2.668416881409,-2.399334920159,0.7610001));
#5583 = CARTESIAN_POINT('',(-2.668416881409,-2.399334920159,0.7600001));
#5584 = CARTESIAN_POINT('',(-2.656147737997,-2.368350134252,0.7610001));
#5585 = CARTESIAN_POINT('',(-2.656147737997,-2.368350134252,0.7600001));
#5586 = ADVANCED_FACE('',(#5587),#5597,.F.);
#5587 = FACE_BOUND('',#5588,.T.);
#5588 = EDGE_LOOP('',(#5589,#5590,#5591,#5596));
#5589 = ORIENTED_EDGE('',*,*,#181,.T.);
#5590 = ORIENTED_EDGE('',*,*,#5261,.F.);
#5591 = ORIENTED_EDGE('',*,*,#5592,.F.);
#5592 = EDGE_CURVE('',#5564,#5255,#5593,.T.);
#5593 = B_SPLINE_CURVE_WITH_KNOTS('',1,(#5594,#5595),.UNSPECIFIED.,.F.,
  .F.,(2,2),(-0.179719381221,0.),.PIECEWISE_BEZIER_KNOTS.);
#5594 = CARTESIAN_POINT('',(-2.656147737997,-2.368350134252,0.7610001));
#5595 = CARTESIAN_POINT('',(-2.590227086103,-2.201157061309,0.7610001));
#5596 = ORIENTED_EDGE('',*,*,#5572,.T.);
#5597 = B_SPLINE_SURFACE_WITH_KNOTS('',1,1,(
    (#5598,#5599)
    ,(#5600,#5601
    )),.UNSPECIFIED.,.F.,.F.,.F.,(2,2),(2,2),(-0.,0.179719381221),(
    -1.E-03,0.),.PIECEWISE_BEZIER_KNOTS.);
#5598 = CARTESIAN_POINT('',(-2.590227086103,-2.201157061309,0.7600001));
#5599 = CARTESIAN_POINT('',(-2.590227086103,-2.201157061309,0.7610001));
#5600 = CARTESIAN_POINT('',(-2.656147737997,-2.368350134252,0.7600001));
#5601 = CARTESIAN_POINT('',(-2.656147737997,-2.368350134252,0.7610001));
#5602 = ADVANCED_FACE('',(#5603),#5620,.T.);
#5603 = FACE_BOUND('',#5604,.T.);
#5604 = EDGE_LOOP('',(#5605,#5606,#5607,#5608,#5609,#5610,#5611,#5612,
    #5613,#5614,#5615,#5616,#5617,#5618,#5619));
#5605 = ORIENTED_EDGE('',*,*,#5254,.T.);
#5606 = ORIENTED_EDGE('',*,*,#5282,.T.);
#5607 = ORIENTED_EDGE('',*,*,#5297,.T.);
#5608 = ORIENTED_EDGE('',*,*,#5332,.T.);
#5609 = ORIENTED_EDGE('',*,*,#5354,.T.);
#5610 = ORIENTED_EDGE('',*,*,#5376,.T.);
#5611 = ORIENTED_EDGE('',*,*,#5398,.T.);
#5612 = ORIENTED_EDGE('',*,*,#5420,.T.);
#5613 = ORIENTED_EDGE('',*,*,#5442,.T.);
#5614 = ORIENTED_EDGE('',*,*,#5457,.T.);
#5615 = ORIENTED_EDGE('',*,*,#5485,.T.);
#5616 = ORIENTED_EDGE('',*,*,#5520,.T.);
#5617 = ORIENTED_EDGE('',*,*,#5535,.T.);
#5618 = ORIENTED_EDGE('',*,*,#5563,.T.);
#5619 = ORIENTED_EDGE('',*,*,#5592,.T.);
#5620 = B_SPLINE_SURFACE_WITH_KNOTS('',1,1,(
    (#5621,#5622)
    ,(#5623,#5624
    )),.UNSPECIFIED.,.F.,.F.,.F.,(2,2),(2,2),(-5.135754257912E-02,
    8.807399399881E-02),(-1.161929471512E-02,0.202050957089),
  .PIECEWISE_BEZIER_KNOTS.);
#5621 = CARTESIAN_POINT('',(-2.729658622681,-2.414827313113,0.7610001));
#5622 = CARTESIAN_POINT('',(-2.729658622681,-2.201157061309,0.7610001));
#5623 = CARTESIAN_POINT('',(-2.590227086103,-2.414827313113,0.7610001));
#5624 = CARTESIAN_POINT('',(-2.590227086103,-2.201157061309,0.7610001));
#5625 = ADVANCED_FACE('',(#5626),#5648,.F.);
#5626 = FACE_BOUND('',#5627,.T.);
#5627 = EDGE_LOOP('',(#5628,#5629,#5636,#5643));
#5628 = ORIENTED_EDGE('',*,*,#88,.T.);
#5629 = ORIENTED_EDGE('',*,*,#5630,.F.);
#5630 = EDGE_CURVE('',#5631,#80,#5633,.T.);
#5631 = VERTEX_POINT('',#5632);
#5632 = CARTESIAN_POINT('',(-2.453394944315,-2.323224640684,0.7610001));
#5633 = B_SPLINE_CURVE_WITH_KNOTS('',1,(#5634,#5635),.UNSPECIFIED.,.F.,
  .F.,(2,2),(-0.,1.E-03),.PIECEWISE_BEZIER_KNOTS.);
#5634 = CARTESIAN_POINT('',(-2.453394944315,-2.323224640684,0.7610001));
#5635 = CARTESIAN_POINT('',(-2.453394944315,-2.323224640684,0.7600001));
#5636 = ORIENTED_EDGE('',*,*,#5637,.F.);
#5637 = EDGE_CURVE('',#5638,#5631,#5640,.T.);
#5638 = VERTEX_POINT('',#5639);
#5639 = CARTESIAN_POINT('',(-2.453394944315,-2.346411242218,0.7610001));
#5640 = B_SPLINE_CURVE_WITH_KNOTS('',1,(#5641,#5642),.UNSPECIFIED.,.F.,
  .F.,(2,2),(-2.318660153379E-02,0.),.PIECEWISE_BEZIER_KNOTS.);
#5641 = CARTESIAN_POINT('',(-2.453394944315,-2.346411242218,0.7610001));
#5642 = CARTESIAN_POINT('',(-2.453394944315,-2.323224640684,0.7610001));
#5643 = ORIENTED_EDGE('',*,*,#5644,.T.);
#5644 = EDGE_CURVE('',#5638,#89,#5645,.T.);
#5645 = B_SPLINE_CURVE_WITH_KNOTS('',1,(#5646,#5647),.UNSPECIFIED.,.F.,
  .F.,(2,2),(-0.,1.E-03),.PIECEWISE_BEZIER_KNOTS.);
#5646 = CARTESIAN_POINT('',(-2.453394944315,-2.346411242218,0.7610001));
#5647 = CARTESIAN_POINT('',(-2.453394944315,-2.346411242218,0.7600001));
#5648 = B_SPLINE_SURFACE_WITH_KNOTS('',1,1,(
    (#5649,#5650)
    ,(#5651,#5652)),.UNSPECIFIED.,.F.,.F.,.F.,(2,2),(2,2),(-1.E-03,0.),(
    -2.318660153379E-02,0.),.PIECEWISE_BEZIER_KNOTS.);
#5649 = CARTESIAN_POINT('',(-2.453394944315,-2.346411242218,0.7600001));
#5650 = CARTESIAN_POINT('',(-2.453394944315,-2.323224640684,0.7600001));
#5651 = CARTESIAN_POINT('',(-2.453394944315,-2.346411242218,0.7610001));
#5652 = CARTESIAN_POINT('',(-2.453394944315,-2.323224640684,0.7610001));
#5653 = ADVANCED_FACE('',(#5654),#5670,.F.);
#5654 = FACE_BOUND('',#5655,.T.);
#5655 = EDGE_LOOP('',(#5656,#5657,#5664,#5669));
#5656 = ORIENTED_EDGE('',*,*,#79,.T.);
#5657 = ORIENTED_EDGE('',*,*,#5658,.F.);
#5658 = EDGE_CURVE('',#5659,#82,#5661,.T.);
#5659 = VERTEX_POINT('',#5660);
#5660 = CARTESIAN_POINT('',(-2.536523589724,-2.323224640684,0.7610001));
#5661 = B_SPLINE_CURVE_WITH_KNOTS('',1,(#5662,#5663),.UNSPECIFIED.,.F.,
  .F.,(2,2),(-0.,1.E-03),.PIECEWISE_BEZIER_KNOTS.);
#5662 = CARTESIAN_POINT('',(-2.536523589724,-2.323224640684,0.7610001));
#5663 = CARTESIAN_POINT('',(-2.536523589724,-2.323224640684,0.7600001));
#5664 = ORIENTED_EDGE('',*,*,#5665,.F.);
#5665 = EDGE_CURVE('',#5631,#5659,#5666,.T.);
#5666 = B_SPLINE_CURVE_WITH_KNOTS('',1,(#5667,#5668),.UNSPECIFIED.,.F.,
  .F.,(2,2),(-8.312864540908E-02,-0.),.PIECEWISE_BEZIER_KNOTS.);
#5667 = CARTESIAN_POINT('',(-2.453394944315,-2.323224640684,0.7610001));
#5668 = CARTESIAN_POINT('',(-2.536523589724,-2.323224640684,0.7610001));
#5669 = ORIENTED_EDGE('',*,*,#5630,.T.);
#5670 = B_SPLINE_SURFACE_WITH_KNOTS('',1,1,(
    (#5671,#5672)
    ,(#5673,#5674
    )),.UNSPECIFIED.,.F.,.F.,.F.,(2,2),(2,2),(0.,1.E-03),(0.,
    8.312864540908E-02),.PIECEWISE_BEZIER_KNOTS.);
#5671 = CARTESIAN_POINT('',(-2.536523589724,-2.323224640684,0.7610001));
#5672 = CARTESIAN_POINT('',(-2.453394944315,-2.323224640684,0.7610001));
#5673 = CARTESIAN_POINT('',(-2.536523589724,-2.323224640684,0.7600001));
#5674 = CARTESIAN_POINT('',(-2.453394944315,-2.323224640684,0.7600001));
#5675 = ADVANCED_FACE('',(#5676),#5692,.F.);
#5676 = FACE_BOUND('',#5677,.T.);
#5677 = EDGE_LOOP('',(#5678,#5679,#5686,#5691));
#5678 = ORIENTED_EDGE('',*,*,#158,.T.);
#5679 = ORIENTED_EDGE('',*,*,#5680,.F.);
#5680 = EDGE_CURVE('',#5681,#152,#5683,.T.);
#5681 = VERTEX_POINT('',#5682);
#5682 = CARTESIAN_POINT('',(-2.536523589724,-2.254808569791,0.7610001));
#5683 = B_SPLINE_CURVE_WITH_KNOTS('',1,(#5684,#5685),.UNSPECIFIED.,.F.,
  .F.,(2,2),(-0.,1.E-03),.PIECEWISE_BEZIER_KNOTS.);
#5684 = CARTESIAN_POINT('',(-2.536523589724,-2.254808569791,0.7610001));
#5685 = CARTESIAN_POINT('',(-2.536523589724,-2.254808569791,0.7600001));
#5686 = ORIENTED_EDGE('',*,*,#5687,.F.);
#5687 = EDGE_CURVE('',#5659,#5681,#5688,.T.);
#5688 = B_SPLINE_CURVE_WITH_KNOTS('',1,(#5689,#5690),.UNSPECIFIED.,.F.,
  .F.,(2,2),(-6.841607089331E-02,0.),.PIECEWISE_BEZIER_KNOTS.);
#5689 = CARTESIAN_POINT('',(-2.536523589724,-2.323224640684,0.7610001));
#5690 = CARTESIAN_POINT('',(-2.536523589724,-2.254808569791,0.7610001));
#5691 = ORIENTED_EDGE('',*,*,#5658,.T.);
#5692 = B_SPLINE_SURFACE_WITH_KNOTS('',1,1,(
    (#5693,#5694)
    ,(#5695,#5696)),.UNSPECIFIED.,.F.,.F.,.F.,(2,2),(2,2),(-1.E-03,0.),(
    -6.841607089331E-02,0.),.PIECEWISE_BEZIER_KNOTS.);
#5693 = CARTESIAN_POINT('',(-2.536523589724,-2.323224640684,0.7600001));
#5694 = CARTESIAN_POINT('',(-2.536523589724,-2.254808569791,0.7600001));
#5695 = CARTESIAN_POINT('',(-2.536523589724,-2.323224640684,0.7610001));
#5696 = CARTESIAN_POINT('',(-2.536523589724,-2.254808569791,0.7610001));
#5697 = ADVANCED_FACE('',(#5698),#5714,.F.);
#5698 = FACE_BOUND('',#5699,.T.);
#5699 = EDGE_LOOP('',(#5700,#5701,#5708,#5713));
#5700 = ORIENTED_EDGE('',*,*,#151,.T.);
#5701 = ORIENTED_EDGE('',*,*,#5702,.F.);
#5702 = EDGE_CURVE('',#5703,#145,#5705,.T.);
#5703 = VERTEX_POINT('',#5704);
#5704 = CARTESIAN_POINT('',(-2.463792523478,-2.254808569791,0.7610001));
#5705 = B_SPLINE_CURVE_WITH_KNOTS('',1,(#5706,#5707),.UNSPECIFIED.,.F.,
  .F.,(2,2),(-0.,1.E-03),.PIECEWISE_BEZIER_KNOTS.);
#5706 = CARTESIAN_POINT('',(-2.463792523478,-2.254808569791,0.7610001));
#5707 = CARTESIAN_POINT('',(-2.463792523478,-2.254808569791,0.7600001));
#5708 = ORIENTED_EDGE('',*,*,#5709,.F.);
#5709 = EDGE_CURVE('',#5681,#5703,#5710,.T.);
#5710 = B_SPLINE_CURVE_WITH_KNOTS('',1,(#5711,#5712),.UNSPECIFIED.,.F.,
  .F.,(2,2),(-7.273106624528E-02,0.),.PIECEWISE_BEZIER_KNOTS.);
#5711 = CARTESIAN_POINT('',(-2.536523589724,-2.254808569791,0.7610001));
#5712 = CARTESIAN_POINT('',(-2.463792523478,-2.254808569791,0.7610001));
#5713 = ORIENTED_EDGE('',*,*,#5680,.T.);
#5714 = B_SPLINE_SURFACE_WITH_KNOTS('',1,1,(
    (#5715,#5716)
    ,(#5717,#5718)),.UNSPECIFIED.,.F.,.F.,.F.,(2,2),(2,2),(-1.E-03,0.),(
    -7.273106624528E-02,0.),.PIECEWISE_BEZIER_KNOTS.);
#5715 = CARTESIAN_POINT('',(-2.536523589724,-2.254808569791,0.7600001));
#5716 = CARTESIAN_POINT('',(-2.463792523478,-2.254808569791,0.7600001));
#5717 = CARTESIAN_POINT('',(-2.536523589724,-2.254808569791,0.7610001));
#5718 = CARTESIAN_POINT('',(-2.463792523478,-2.254808569791,0.7610001));
#5719 = ADVANCED_FACE('',(#5720),#5736,.F.);
#5720 = FACE_BOUND('',#5721,.T.);
#5721 = EDGE_LOOP('',(#5722,#5723,#5730,#5735));
#5722 = ORIENTED_EDGE('',*,*,#144,.T.);
#5723 = ORIENTED_EDGE('',*,*,#5724,.F.);
#5724 = EDGE_CURVE('',#5725,#138,#5727,.T.);
#5725 = VERTEX_POINT('',#5726);
#5726 = CARTESIAN_POINT('',(-2.463792523478,-2.231517992466,0.7610001));
#5727 = B_SPLINE_CURVE_WITH_KNOTS('',1,(#5728,#5729),.UNSPECIFIED.,.F.,
  .F.,(2,2),(-0.,1.E-03),.PIECEWISE_BEZIER_KNOTS.);
#5728 = CARTESIAN_POINT('',(-2.463792523478,-2.231517992466,0.7610001));
#5729 = CARTESIAN_POINT('',(-2.463792523478,-2.231517992466,0.7600001));
#5730 = ORIENTED_EDGE('',*,*,#5731,.F.);
#5731 = EDGE_CURVE('',#5703,#5725,#5732,.T.);
#5732 = B_SPLINE_CURVE_WITH_KNOTS('',1,(#5733,#5734),.UNSPECIFIED.,.F.,
  .F.,(2,2),(-2.32905773253E-02,0.),.PIECEWISE_BEZIER_KNOTS.);
#5733 = CARTESIAN_POINT('',(-2.463792523478,-2.254808569791,0.7610001));
#5734 = CARTESIAN_POINT('',(-2.463792523478,-2.231517992466,0.7610001));
#5735 = ORIENTED_EDGE('',*,*,#5702,.T.);
#5736 = B_SPLINE_SURFACE_WITH_KNOTS('',1,1,(
    (#5737,#5738)
    ,(#5739,#5740)),.UNSPECIFIED.,.F.,.F.,.F.,(2,2),(2,2),(-1.E-03,0.),(
    -2.32905773253E-02,0.),.PIECEWISE_BEZIER_KNOTS.);
#5737 = CARTESIAN_POINT('',(-2.463792523478,-2.254808569791,0.7600001));
#5738 = CARTESIAN_POINT('',(-2.463792523478,-2.231517992466,0.7600001));
#5739 = CARTESIAN_POINT('',(-2.463792523478,-2.254808569791,0.7610001));
#5740 = CARTESIAN_POINT('',(-2.463792523478,-2.231517992466,0.7610001));
#5741 = ADVANCED_FACE('',(#5742),#5758,.F.);
#5742 = FACE_BOUND('',#5743,.T.);
#5743 = EDGE_LOOP('',(#5744,#5745,#5752,#5757));
#5744 = ORIENTED_EDGE('',*,*,#137,.T.);
#5745 = ORIENTED_EDGE('',*,*,#5746,.F.);
#5746 = EDGE_CURVE('',#5747,#131,#5749,.T.);
#5747 = VERTEX_POINT('',#5748);
#5748 = CARTESIAN_POINT('',(-2.536523589724,-2.231517992466,0.7610001));
#5749 = B_SPLINE_CURVE_WITH_KNOTS('',1,(#5750,#5751),.UNSPECIFIED.,.F.,
  .F.,(2,2),(-0.,1.E-03),.PIECEWISE_BEZIER_KNOTS.);
#5750 = CARTESIAN_POINT('',(-2.536523589724,-2.231517992466,0.7610001));
#5751 = CARTESIAN_POINT('',(-2.536523589724,-2.231517992466,0.7600001));
#5752 = ORIENTED_EDGE('',*,*,#5753,.F.);
#5753 = EDGE_CURVE('',#5725,#5747,#5754,.T.);
#5754 = B_SPLINE_CURVE_WITH_KNOTS('',1,(#5755,#5756),.UNSPECIFIED.,.F.,
  .F.,(2,2),(-7.273106624528E-02,-0.),.PIECEWISE_BEZIER_KNOTS.);
#5755 = CARTESIAN_POINT('',(-2.463792523478,-2.231517992466,0.7610001));
#5756 = CARTESIAN_POINT('',(-2.536523589724,-2.231517992466,0.7610001));
#5757 = ORIENTED_EDGE('',*,*,#5724,.T.);
#5758 = B_SPLINE_SURFACE_WITH_KNOTS('',1,1,(
    (#5759,#5760)
    ,(#5761,#5762
    )),.UNSPECIFIED.,.F.,.F.,.F.,(2,2),(2,2),(0.,1.E-03),(0.,
    7.273106624528E-02),.PIECEWISE_BEZIER_KNOTS.);
#5759 = CARTESIAN_POINT('',(-2.536523589724,-2.231517992466,0.7610001));
#5760 = CARTESIAN_POINT('',(-2.463792523478,-2.231517992466,0.7610001));
#5761 = CARTESIAN_POINT('',(-2.536523589724,-2.231517992466,0.7600001));
#5762 = CARTESIAN_POINT('',(-2.463792523478,-2.231517992466,0.7600001));
#5763 = ADVANCED_FACE('',(#5764),#5780,.F.);
#5764 = FACE_BOUND('',#5765,.T.);
#5765 = EDGE_LOOP('',(#5766,#5767,#5774,#5779));
#5766 = ORIENTED_EDGE('',*,*,#130,.T.);
#5767 = ORIENTED_EDGE('',*,*,#5768,.F.);
#5768 = EDGE_CURVE('',#5769,#124,#5771,.T.);
#5769 = VERTEX_POINT('',#5770);
#5770 = CARTESIAN_POINT('',(-2.536523589724,-2.166429146903,0.7610001));
#5771 = B_SPLINE_CURVE_WITH_KNOTS('',1,(#5772,#5773),.UNSPECIFIED.,.F.,
  .F.,(2,2),(-0.,1.E-03),.PIECEWISE_BEZIER_KNOTS.);
#5772 = CARTESIAN_POINT('',(-2.536523589724,-2.166429146903,0.7610001));
#5773 = CARTESIAN_POINT('',(-2.536523589724,-2.166429146903,0.7600001));
#5774 = ORIENTED_EDGE('',*,*,#5775,.F.);
#5775 = EDGE_CURVE('',#5747,#5769,#5776,.T.);
#5776 = B_SPLINE_CURVE_WITH_KNOTS('',1,(#5777,#5778),.UNSPECIFIED.,.F.,
  .F.,(2,2),(-6.508884556213E-02,0.),.PIECEWISE_BEZIER_KNOTS.);
#5777 = CARTESIAN_POINT('',(-2.536523589724,-2.231517992466,0.7610001));
#5778 = CARTESIAN_POINT('',(-2.536523589724,-2.166429146903,0.7610001));
#5779 = ORIENTED_EDGE('',*,*,#5746,.T.);
#5780 = B_SPLINE_SURFACE_WITH_KNOTS('',1,1,(
    (#5781,#5782)
    ,(#5783,#5784)),.UNSPECIFIED.,.F.,.F.,.F.,(2,2),(2,2),(-1.E-03,0.),(
    -6.508884556213E-02,0.),.PIECEWISE_BEZIER_KNOTS.);
#5781 = CARTESIAN_POINT('',(-2.536523589724,-2.231517992466,0.7600001));
#5782 = CARTESIAN_POINT('',(-2.536523589724,-2.166429146903,0.7600001));
#5783 = CARTESIAN_POINT('',(-2.536523589724,-2.231517992466,0.7610001));
#5784 = CARTESIAN_POINT('',(-2.536523589724,-2.166429146903,0.7610001));
#5785 = ADVANCED_FACE('',(#5786),#5802,.F.);
#5786 = FACE_BOUND('',#5787,.T.);
#5787 = EDGE_LOOP('',(#5788,#5789,#5796,#5801));
#5788 = ORIENTED_EDGE('',*,*,#123,.T.);
#5789 = ORIENTED_EDGE('',*,*,#5790,.F.);
#5790 = EDGE_CURVE('',#5791,#117,#5793,.T.);
#5791 = VERTEX_POINT('',#5792);
#5792 = CARTESIAN_POINT('',(-2.458021867042,-2.166429146903,0.7610001));
#5793 = B_SPLINE_CURVE_WITH_KNOTS('',1,(#5794,#5795),.UNSPECIFIED.,.F.,
  .F.,(2,2),(-0.,1.E-03),.PIECEWISE_BEZIER_KNOTS.);
#5794 = CARTESIAN_POINT('',(-2.458021867042,-2.166429146903,0.7610001));
#5795 = CARTESIAN_POINT('',(-2.458021867042,-2.166429146903,0.7600001));
#5796 = ORIENTED_EDGE('',*,*,#5797,.F.);
#5797 = EDGE_CURVE('',#5769,#5791,#5798,.T.);
#5798 = B_SPLINE_CURVE_WITH_KNOTS('',1,(#5799,#5800),.UNSPECIFIED.,.F.,
  .F.,(2,2),(-7.850172268119E-02,0.),.PIECEWISE_BEZIER_KNOTS.);
#5799 = CARTESIAN_POINT('',(-2.536523589724,-2.166429146903,0.7610001));
#5800 = CARTESIAN_POINT('',(-2.458021867042,-2.166429146903,0.7610001));
#5801 = ORIENTED_EDGE('',*,*,#5768,.T.);
#5802 = B_SPLINE_SURFACE_WITH_KNOTS('',1,1,(
    (#5803,#5804)
    ,(#5805,#5806)),.UNSPECIFIED.,.F.,.F.,.F.,(2,2),(2,2),(-1.E-03,0.),(
    -7.850172268119E-02,0.),.PIECEWISE_BEZIER_KNOTS.);
#5803 = CARTESIAN_POINT('',(-2.536523589724,-2.166429146903,0.7600001));
#5804 = CARTESIAN_POINT('',(-2.458021867042,-2.166429146903,0.7600001));
#5805 = CARTESIAN_POINT('',(-2.536523589724,-2.166429146903,0.7610001));
#5806 = CARTESIAN_POINT('',(-2.458021867042,-2.166429146903,0.7610001));
#5807 = ADVANCED_FACE('',(#5808),#5824,.F.);
#5808 = FACE_BOUND('',#5809,.T.);
#5809 = EDGE_LOOP('',(#5810,#5811,#5818,#5823));
#5810 = ORIENTED_EDGE('',*,*,#116,.T.);
#5811 = ORIENTED_EDGE('',*,*,#5812,.F.);
#5812 = EDGE_CURVE('',#5813,#110,#5815,.T.);
#5813 = VERTEX_POINT('',#5814);
#5814 = CARTESIAN_POINT('',(-2.458021867042,-2.143034593787,0.7610001));
#5815 = B_SPLINE_CURVE_WITH_KNOTS('',1,(#5816,#5817),.UNSPECIFIED.,.F.,
  .F.,(2,2),(-0.,1.E-03),.PIECEWISE_BEZIER_KNOTS.);
#5816 = CARTESIAN_POINT('',(-2.458021867042,-2.143034593787,0.7610001));
#5817 = CARTESIAN_POINT('',(-2.458021867042,-2.143034593787,0.7600001));
#5818 = ORIENTED_EDGE('',*,*,#5819,.F.);
#5819 = EDGE_CURVE('',#5791,#5813,#5820,.T.);
#5820 = B_SPLINE_CURVE_WITH_KNOTS('',1,(#5821,#5822),.UNSPECIFIED.,.F.,
  .F.,(2,2),(-2.339455311681E-02,0.),.PIECEWISE_BEZIER_KNOTS.);
#5821 = CARTESIAN_POINT('',(-2.458021867042,-2.166429146903,0.7610001));
#5822 = CARTESIAN_POINT('',(-2.458021867042,-2.143034593787,0.7610001));
#5823 = ORIENTED_EDGE('',*,*,#5790,.T.);
#5824 = B_SPLINE_SURFACE_WITH_KNOTS('',1,1,(
    (#5825,#5826)
    ,(#5827,#5828)),.UNSPECIFIED.,.F.,.F.,.F.,(2,2),(2,2),(-1.E-03,0.),(
    -2.339455311681E-02,0.),.PIECEWISE_BEZIER_KNOTS.);
#5825 = CARTESIAN_POINT('',(-2.458021867042,-2.166429146903,0.7600001));
#5826 = CARTESIAN_POINT('',(-2.458021867042,-2.143034593787,0.7600001));
#5827 = CARTESIAN_POINT('',(-2.458021867042,-2.166429146903,0.7610001));
#5828 = CARTESIAN_POINT('',(-2.458021867042,-2.143034593787,0.7610001));
#5829 = ADVANCED_FACE('',(#5830),#5846,.F.);
#5830 = FACE_BOUND('',#5831,.T.);
#5831 = EDGE_LOOP('',(#5832,#5833,#5840,#5845));
#5832 = ORIENTED_EDGE('',*,*,#109,.T.);
#5833 = ORIENTED_EDGE('',*,*,#5834,.F.);
#5834 = EDGE_CURVE('',#5835,#103,#5837,.T.);
#5835 = VERTEX_POINT('',#5836);
#5836 = CARTESIAN_POINT('',(-2.562777477111,-2.143034593787,0.7610001));
#5837 = B_SPLINE_CURVE_WITH_KNOTS('',1,(#5838,#5839),.UNSPECIFIED.,.F.,
  .F.,(2,2),(-0.,1.E-03),.PIECEWISE_BEZIER_KNOTS.);
#5838 = CARTESIAN_POINT('',(-2.562777477111,-2.143034593787,0.7610001));
#5839 = CARTESIAN_POINT('',(-2.562777477111,-2.143034593787,0.7600001));
#5840 = ORIENTED_EDGE('',*,*,#5841,.F.);
#5841 = EDGE_CURVE('',#5813,#5835,#5842,.T.);
#5842 = B_SPLINE_CURVE_WITH_KNOTS('',1,(#5843,#5844),.UNSPECIFIED.,.F.,
  .F.,(2,2),(-0.104755610069,-0.),.PIECEWISE_BEZIER_KNOTS.);
#5843 = CARTESIAN_POINT('',(-2.458021867042,-2.143034593787,0.7610001));
#5844 = CARTESIAN_POINT('',(-2.562777477111,-2.143034593787,0.7610001));
#5845 = ORIENTED_EDGE('',*,*,#5812,.T.);
#5846 = B_SPLINE_SURFACE_WITH_KNOTS('',1,1,(
    (#5847,#5848)
    ,(#5849,#5850
    )),.UNSPECIFIED.,.F.,.F.,.F.,(2,2),(2,2),(0.,1.E-03),(0.,
    0.104755610069),.PIECEWISE_BEZIER_KNOTS.);
#5847 = CARTESIAN_POINT('',(-2.562777477111,-2.143034593787,0.7610001));
#5848 = CARTESIAN_POINT('',(-2.458021867042,-2.143034593787,0.7610001));
#5849 = CARTESIAN_POINT('',(-2.562777477111,-2.143034593787,0.7600001));
#5850 = CARTESIAN_POINT('',(-2.458021867042,-2.143034593787,0.7600001));
#5851 = ADVANCED_FACE('',(#5852),#5868,.F.);
#5852 = FACE_BOUND('',#5853,.T.);
#5853 = EDGE_LOOP('',(#5854,#5855,#5862,#5867));
#5854 = ORIENTED_EDGE('',*,*,#102,.T.);
#5855 = ORIENTED_EDGE('',*,*,#5856,.F.);
#5856 = EDGE_CURVE('',#5857,#96,#5859,.T.);
#5857 = VERTEX_POINT('',#5858);
#5858 = CARTESIAN_POINT('',(-2.562777477111,-2.346411242218,0.7610001));
#5859 = B_SPLINE_CURVE_WITH_KNOTS('',1,(#5860,#5861),.UNSPECIFIED.,.F.,
  .F.,(2,2),(-0.,1.E-03),.PIECEWISE_BEZIER_KNOTS.);
#5860 = CARTESIAN_POINT('',(-2.562777477111,-2.346411242218,0.7610001));
#5861 = CARTESIAN_POINT('',(-2.562777477111,-2.346411242218,0.7600001));
#5862 = ORIENTED_EDGE('',*,*,#5863,.F.);
#5863 = EDGE_CURVE('',#5835,#5857,#5864,.T.);
#5864 = B_SPLINE_CURVE_WITH_KNOTS('',1,(#5865,#5866),.UNSPECIFIED.,.F.,
  .F.,(2,2),(-0.203376648431,-0.),.PIECEWISE_BEZIER_KNOTS.);
#5865 = CARTESIAN_POINT('',(-2.562777477111,-2.143034593787,0.7610001));
#5866 = CARTESIAN_POINT('',(-2.562777477111,-2.346411242218,0.7610001));
#5867 = ORIENTED_EDGE('',*,*,#5834,.T.);
#5868 = B_SPLINE_SURFACE_WITH_KNOTS('',1,1,(
    (#5869,#5870)
    ,(#5871,#5872
    )),.UNSPECIFIED.,.F.,.F.,.F.,(2,2),(2,2),(0.,1.E-03),(0.,
    0.203376648431),.PIECEWISE_BEZIER_KNOTS.);
#5869 = CARTESIAN_POINT('',(-2.562777477111,-2.346411242218,0.7610001));
#5870 = CARTESIAN_POINT('',(-2.562777477111,-2.143034593787,0.7610001));
#5871 = CARTESIAN_POINT('',(-2.562777477111,-2.346411242218,0.7600001));
#5872 = CARTESIAN_POINT('',(-2.562777477111,-2.143034593787,0.7600001));
#5873 = ADVANCED_FACE('',(#5874),#5884,.F.);
#5874 = FACE_BOUND('',#5875,.T.);
#5875 = EDGE_LOOP('',(#5876,#5877,#5878,#5883));
#5876 = ORIENTED_EDGE('',*,*,#95,.T.);
#5877 = ORIENTED_EDGE('',*,*,#5644,.F.);
#5878 = ORIENTED_EDGE('',*,*,#5879,.F.);
#5879 = EDGE_CURVE('',#5857,#5638,#5880,.T.);
#5880 = B_SPLINE_CURVE_WITH_KNOTS('',1,(#5881,#5882),.UNSPECIFIED.,.F.,
  .F.,(2,2),(-0.109382532797,0.),.PIECEWISE_BEZIER_KNOTS.);
#5881 = CARTESIAN_POINT('',(-2.562777477111,-2.346411242218,0.7610001));
#5882 = CARTESIAN_POINT('',(-2.453394944315,-2.346411242218,0.7610001));
#5883 = ORIENTED_EDGE('',*,*,#5856,.T.);
#5884 = B_SPLINE_SURFACE_WITH_KNOTS('',1,1,(
    (#5885,#5886)
    ,(#5887,#5888
    )),.UNSPECIFIED.,.F.,.F.,.F.,(2,2),(2,2),(-1.E-03,0.),(
    -0.109382532797,0.),.PIECEWISE_BEZIER_KNOTS.);
#5885 = CARTESIAN_POINT('',(-2.562777477111,-2.346411242218,0.7600001));
#5886 = CARTESIAN_POINT('',(-2.453394944315,-2.346411242218,0.7600001));
#5887 = CARTESIAN_POINT('',(-2.562777477111,-2.346411242218,0.7610001));
#5888 = CARTESIAN_POINT('',(-2.453394944315,-2.346411242218,0.7610001));
#5889 = ADVANCED_FACE('',(#5890),#5904,.F.);
#5890 = FACE_BOUND('',#5891,.T.);
#5891 = EDGE_LOOP('',(#5892,#5893,#5894,#5895,#5896,#5897,#5898,#5899,
    #5900,#5901,#5902,#5903));
#5892 = ORIENTED_EDGE('',*,*,#5637,.T.);
#5893 = ORIENTED_EDGE('',*,*,#5665,.T.);
#5894 = ORIENTED_EDGE('',*,*,#5687,.T.);
#5895 = ORIENTED_EDGE('',*,*,#5709,.T.);
#5896 = ORIENTED_EDGE('',*,*,#5731,.T.);
#5897 = ORIENTED_EDGE('',*,*,#5753,.T.);
#5898 = ORIENTED_EDGE('',*,*,#5775,.T.);
#5899 = ORIENTED_EDGE('',*,*,#5797,.T.);
#5900 = ORIENTED_EDGE('',*,*,#5819,.T.);
#5901 = ORIENTED_EDGE('',*,*,#5841,.T.);
#5902 = ORIENTED_EDGE('',*,*,#5863,.T.);
#5903 = ORIENTED_EDGE('',*,*,#5879,.T.);
#5904 = B_SPLINE_SURFACE_WITH_KNOTS('',1,1,(
    (#5905,#5906)
    ,(#5907,#5908
    )),.UNSPECIFIED.,.F.,.F.,.F.,(2,2),(2,2),(2.453394944315,
    2.562777477111),(-2.346411242218,-2.143034593787),
  .PIECEWISE_BEZIER_KNOTS.);
#5905 = CARTESIAN_POINT('',(-2.453394944315,-2.346411242218,0.7610001));
#5906 = CARTESIAN_POINT('',(-2.453394944315,-2.143034593787,0.7610001));
#5907 = CARTESIAN_POINT('',(-2.562777477111,-2.346411242218,0.7610001));
#5908 = CARTESIAN_POINT('',(-2.562777477111,-2.143034593787,0.7610001));
#5909 = ADVANCED_FACE('',(#5910,#5969),#6028,.T.);
#5910 = FACE_BOUND('',#5911,.T.);
#5911 = EDGE_LOOP('',(#5912,#5921,#5930,#5939,#5948,#5957,#5964));
#5912 = ORIENTED_EDGE('',*,*,#5913,.T.);
#5913 = EDGE_CURVE('',#5914,#5916,#5918,.T.);
#5914 = VERTEX_POINT('',#5915);
#5915 = CARTESIAN_POINT('',(-2.414975889306,-2.346411242218,0.7610001));
#5916 = VERTEX_POINT('',#5917);
#5917 = CARTESIAN_POINT('',(-2.359036913408,-2.346411242218,0.7610001));
#5918 = B_SPLINE_CURVE_WITH_KNOTS('',1,(#5919,#5920),.UNSPECIFIED.,.F.,
  .F.,(2,2),(-5.593897589787E-02,-4.440892098501E-16),
  .PIECEWISE_BEZIER_KNOTS.);
#5919 = CARTESIAN_POINT('',(-2.414975889306,-2.346411242218,0.7610001));
#5920 = CARTESIAN_POINT('',(-2.359036913408,-2.346411242218,0.7610001));
#5921 = ORIENTED_EDGE('',*,*,#5922,.T.);
#5922 = EDGE_CURVE('',#5916,#5923,#5925,.T.);
#5923 = VERTEX_POINT('',#5924);
#5924 = CARTESIAN_POINT('',(-2.280067299665,-2.317921875311,0.7610001));
#5925 = B_SPLINE_CURVE_WITH_KNOTS('',3,(#5926,#5927,#5928,#5929),
  .UNSPECIFIED.,.F.,.F.,(4,4),(5.,6.),.PIECEWISE_BEZIER_KNOTS.);
#5926 = CARTESIAN_POINT('',(-2.359036913408,-2.346411242218,0.7610001));
#5927 = CARTESIAN_POINT('',(-2.326856405899,-2.346411242218,0.7610001));
#5928 = CARTESIAN_POINT('',(-2.30049854272,-2.336949445181,0.7610001));
#5929 = CARTESIAN_POINT('',(-2.280067299665,-2.317921875311,0.7610001));
#5930 = ORIENTED_EDGE('',*,*,#5931,.T.);
#5931 = EDGE_CURVE('',#5923,#5932,#5934,.T.);
#5932 = VERTEX_POINT('',#5933);
#5933 = CARTESIAN_POINT('',(-2.249394441133,-2.242123523212,0.7610001));
#5934 = B_SPLINE_CURVE_WITH_KNOTS('',3,(#5935,#5936,#5937,#5938),
  .UNSPECIFIED.,.F.,.F.,(4,4),(4.,5.),.PIECEWISE_BEZIER_KNOTS.);
#5935 = CARTESIAN_POINT('',(-2.280067299665,-2.317921875311,0.7610001));
#5936 = CARTESIAN_POINT('',(-2.259636056609,-2.298894305442,0.7610001));
#5937 = CARTESIAN_POINT('',(-2.249394441133,-2.273628188077,0.7610001));
#5938 = CARTESIAN_POINT('',(-2.249394441133,-2.242123523212,0.7610001));
#5939 = ORIENTED_EDGE('',*,*,#5940,.T.);
#5940 = EDGE_CURVE('',#5932,#5941,#5943,.T.);
#5941 = VERTEX_POINT('',#5942);
#5942 = CARTESIAN_POINT('',(-2.280067299665,-2.169964323819,0.7610001));
#5943 = B_SPLINE_CURVE_WITH_KNOTS('',3,(#5944,#5945,#5946,#5947),
  .UNSPECIFIED.,.F.,.F.,(4,4),(3.,4.),.PIECEWISE_BEZIER_KNOTS.);
#5944 = CARTESIAN_POINT('',(-2.249394441133,-2.242123523212,0.7610001));
#5945 = CARTESIAN_POINT('',(-2.249394441133,-2.211970543639,0.7610001));
#5946 = CARTESIAN_POINT('',(-2.259636056609,-2.187952135772,0.7610001));
#5947 = CARTESIAN_POINT('',(-2.280067299665,-2.169964323819,0.7610001));
#5948 = ORIENTED_EDGE('',*,*,#5949,.T.);
#5949 = EDGE_CURVE('',#5941,#5950,#5952,.T.);
#5950 = VERTEX_POINT('',#5951);
#5951 = CARTESIAN_POINT('',(-2.356957397577,-2.143034593787,0.7610001));
#5952 = B_SPLINE_CURVE_WITH_KNOTS('',3,(#5953,#5954,#5955,#5956),
  .UNSPECIFIED.,.F.,.F.,(4,4),(2.,3.),.PIECEWISE_BEZIER_KNOTS.);
#5953 = CARTESIAN_POINT('',(-2.280067299665,-2.169964323819,0.7610001));
#5954 = CARTESIAN_POINT('',(-2.30049854272,-2.151976511868,0.7610001));
#5955 = CARTESIAN_POINT('',(-2.326128575358,-2.143034593787,0.7610001));
#5956 = CARTESIAN_POINT('',(-2.356957397577,-2.143034593787,0.7610001));
#5957 = ORIENTED_EDGE('',*,*,#5958,.T.);
#5958 = EDGE_CURVE('',#5950,#5959,#5961,.T.);
#5959 = VERTEX_POINT('',#5960);
#5960 = CARTESIAN_POINT('',(-2.414975889306,-2.143034593787,0.7610001));
#5961 = B_SPLINE_CURVE_WITH_KNOTS('',1,(#5962,#5963),.UNSPECIFIED.,.F.,
  .F.,(2,2),(-5.801849172952E-02,-0.),.PIECEWISE_BEZIER_KNOTS.);
#5962 = CARTESIAN_POINT('',(-2.356957397577,-2.143034593787,0.7610001));
#5963 = CARTESIAN_POINT('',(-2.414975889306,-2.143034593787,0.7610001));
#5964 = ORIENTED_EDGE('',*,*,#5965,.T.);
#5965 = EDGE_CURVE('',#5959,#5914,#5966,.T.);
#5966 = B_SPLINE_CURVE_WITH_KNOTS('',1,(#5967,#5968),.UNSPECIFIED.,.F.,
  .F.,(2,2),(-0.203376648431,-0.),.PIECEWISE_BEZIER_KNOTS.);
#5967 = CARTESIAN_POINT('',(-2.414975889306,-2.143034593787,0.7610001));
#5968 = CARTESIAN_POINT('',(-2.414975889306,-2.346411242218,0.7610001));
#5969 = FACE_BOUND('',#5970,.T.);
#5970 = EDGE_LOOP('',(#5971,#5980,#5987,#5996,#6005,#6014,#6023));
#5971 = ORIENTED_EDGE('',*,*,#5972,.F.);
#5972 = EDGE_CURVE('',#5973,#5975,#5977,.T.);
#5973 = VERTEX_POINT('',#5974);
#5974 = CARTESIAN_POINT('',(-2.38872200192,-2.166429146903,0.7610001));
#5975 = VERTEX_POINT('',#5976);
#5976 = CARTESIAN_POINT('',(-2.38872200192,-2.323224640684,0.7610001));
#5977 = B_SPLINE_CURVE_WITH_KNOTS('',1,(#5978,#5979),.UNSPECIFIED.,.F.,
  .F.,(2,2),(0.,0.156795493781),.PIECEWISE_BEZIER_KNOTS.);
#5978 = CARTESIAN_POINT('',(-2.38872200192,-2.166429146903,0.7610001));
#5979 = CARTESIAN_POINT('',(-2.38872200192,-2.323224640684,0.7610001));
#5980 = ORIENTED_EDGE('',*,*,#5981,.F.);
#5981 = EDGE_CURVE('',#5982,#5973,#5984,.T.);
#5982 = VERTEX_POINT('',#5983);
#5983 = CARTESIAN_POINT('',(-2.357997155493,-2.166429146903,0.7610001));
#5984 = B_SPLINE_CURVE_WITH_KNOTS('',1,(#5985,#5986),.UNSPECIFIED.,.F.,
  .F.,(2,2),(0.,3.072484642681E-02),.PIECEWISE_BEZIER_KNOTS.);
#5985 = CARTESIAN_POINT('',(-2.357997155493,-2.166429146903,0.7610001));
#5986 = CARTESIAN_POINT('',(-2.38872200192,-2.166429146903,0.7610001));
#5987 = ORIENTED_EDGE('',*,*,#5988,.F.);
#5988 = EDGE_CURVE('',#5989,#5982,#5991,.T.);
#5989 = VERTEX_POINT('',#5990);
#5990 = CARTESIAN_POINT('',(-2.299302821117,-2.185560692564,0.7610001));
#5991 = B_SPLINE_CURVE_WITH_KNOTS('',3,(#5992,#5993,#5994,#5995),
  .UNSPECIFIED.,.F.,.F.,(4,4),(5.,6.),.PIECEWISE_BEZIER_KNOTS.);
#5992 = CARTESIAN_POINT('',(-2.299302821117,-2.185560692564,0.7610001));
#5993 = CARTESIAN_POINT('',(-2.31417135932,-2.172771670194,0.7610001));
#5994 = CARTESIAN_POINT('',(-2.333770796043,-2.166429146903,0.7610001));
#5995 = CARTESIAN_POINT('',(-2.357997155493,-2.166429146903,0.7610001));
#5996 = ORIENTED_EDGE('',*,*,#5997,.F.);
#5997 = EDGE_CURVE('',#5998,#5989,#6000,.T.);
#5998 = VERTEX_POINT('',#5999);
#5999 = CARTESIAN_POINT('',(-2.277000013813,-2.242851353753,0.7610001));
#6000 = B_SPLINE_CURVE_WITH_KNOTS('',3,(#6001,#6002,#6003,#6004),
  .UNSPECIFIED.,.F.,.F.,(4,4),(4.,5.),.PIECEWISE_BEZIER_KNOTS.);
#6001 = CARTESIAN_POINT('',(-2.277000013813,-2.242851353753,0.7610001));
#6002 = CARTESIAN_POINT('',(-2.277000013813,-2.217481260595,0.7610001));
#6003 = CARTESIAN_POINT('',(-2.284434282914,-2.198349714935,0.7610001));
#6004 = CARTESIAN_POINT('',(-2.299302821117,-2.185560692564,0.7610001));
#6005 = ORIENTED_EDGE('',*,*,#6006,.F.);
#6006 = EDGE_CURVE('',#6007,#5998,#6009,.T.);
#6007 = VERTEX_POINT('',#6008);
#6008 = CARTESIAN_POINT('',(-2.298730954263,-2.302013579192,0.7610001));
#6009 = B_SPLINE_CURVE_WITH_KNOTS('',3,(#6010,#6011,#6012,#6013),
  .UNSPECIFIED.,.F.,.F.,(4,4),(3.,4.),.PIECEWISE_BEZIER_KNOTS.);
#6010 = CARTESIAN_POINT('',(-2.298730954263,-2.302013579192,0.7610001));
#6011 = CARTESIAN_POINT('',(-2.28422633133,-2.287976847321,0.7610001));
#6012 = CARTESIAN_POINT('',(-2.277000013813,-2.268221446911,0.7610001));
#6013 = CARTESIAN_POINT('',(-2.277000013813,-2.242851353753,0.7610001));
#6014 = ORIENTED_EDGE('',*,*,#6015,.F.);
#6015 = EDGE_CURVE('',#6016,#6007,#6018,.T.);
#6016 = VERTEX_POINT('',#6017);
#6017 = CARTESIAN_POINT('',(-2.359192877097,-2.323224640684,0.7610001));
#6018 = B_SPLINE_CURVE_WITH_KNOTS('',3,(#6019,#6020,#6021,#6022),
  .UNSPECIFIED.,.F.,.F.,(4,4),(2.,3.),.PIECEWISE_BEZIER_KNOTS.);
#6019 = CARTESIAN_POINT('',(-2.359192877097,-2.323224640684,0.7610001));
#6020 = CARTESIAN_POINT('',(-2.333354892877,-2.323224640684,0.7610001));
#6021 = CARTESIAN_POINT('',(-2.3131835893,-2.316154286854,0.7610001));
#6022 = CARTESIAN_POINT('',(-2.298730954263,-2.302013579192,0.7610001));
#6023 = ORIENTED_EDGE('',*,*,#6024,.F.);
#6024 = EDGE_CURVE('',#5975,#6016,#6025,.T.);
#6025 = B_SPLINE_CURVE_WITH_KNOTS('',1,(#6026,#6027),.UNSPECIFIED.,.F.,
  .F.,(2,2),(0.,2.952912482302E-02),.PIECEWISE_BEZIER_KNOTS.);
#6026 = CARTESIAN_POINT('',(-2.38872200192,-2.323224640684,0.7610001));
#6027 = CARTESIAN_POINT('',(-2.359192877097,-2.323224640684,0.7610001));
#6028 = B_SPLINE_SURFACE_WITH_KNOTS('',1,1,(
    (#6029,#6030)
    ,(#6031,#6032
    )),.UNSPECIFIED.,.F.,.F.,.F.,(2,2),(2,2),(-0.100362632872,
    6.521881530169E-02),(-0.196657212897,6.719435534512E-03),
  .PIECEWISE_BEZIER_KNOTS.);
#6029 = CARTESIAN_POINT('',(-2.414975889306,-2.346411242218,0.7610001));
#6030 = CARTESIAN_POINT('',(-2.414975889306,-2.143034593787,0.7610001));
#6031 = CARTESIAN_POINT('',(-2.249394441133,-2.346411242218,0.7610001));
#6032 = CARTESIAN_POINT('',(-2.249394441133,-2.143034593787,0.7610001));
#6033 = ADVANCED_FACE('',(#6034),#6048,.F.);
#6034 = FACE_BOUND('',#6035,.T.);
#6035 = EDGE_LOOP('',(#6036,#6037,#6042,#6043));
#6036 = ORIENTED_EDGE('',*,*,#1083,.T.);
#6037 = ORIENTED_EDGE('',*,*,#6038,.F.);
#6038 = EDGE_CURVE('',#5916,#1073,#6039,.T.);
#6039 = B_SPLINE_CURVE_WITH_KNOTS('',1,(#6040,#6041),.UNSPECIFIED.,.F.,
  .F.,(2,2),(-0.,1.E-03),.PIECEWISE_BEZIER_KNOTS.);
#6040 = CARTESIAN_POINT('',(-2.359036913408,-2.346411242218,0.7610001));
#6041 = CARTESIAN_POINT('',(-2.359036913408,-2.346411242218,0.7600001));
#6042 = ORIENTED_EDGE('',*,*,#5913,.F.);
#6043 = ORIENTED_EDGE('',*,*,#6044,.T.);
#6044 = EDGE_CURVE('',#5914,#1084,#6045,.T.);
#6045 = B_SPLINE_CURVE_WITH_KNOTS('',1,(#6046,#6047),.UNSPECIFIED.,.F.,
  .F.,(2,2),(-0.,1.E-03),.PIECEWISE_BEZIER_KNOTS.);
#6046 = CARTESIAN_POINT('',(-2.414975889306,-2.346411242218,0.7610001));
#6047 = CARTESIAN_POINT('',(-2.414975889306,-2.346411242218,0.7600001));
#6048 = B_SPLINE_SURFACE_WITH_KNOTS('',1,1,(
    (#6049,#6050)
    ,(#6051,#6052)),.UNSPECIFIED.,.F.,.F.,.F.,(2,2),(2,2),(-1.E-03,0.),(
    -5.593897589787E-02,-4.440892098501E-16),.PIECEWISE_BEZIER_KNOTS.);
#6049 = CARTESIAN_POINT('',(-2.414975889306,-2.346411242218,0.7600001));
#6050 = CARTESIAN_POINT('',(-2.359036913408,-2.346411242218,0.7600001));
#6051 = CARTESIAN_POINT('',(-2.414975889306,-2.346411242218,0.7610001));
#6052 = CARTESIAN_POINT('',(-2.359036913408,-2.346411242218,0.7610001));
#6053 = ADVANCED_FACE('',(#6054),#6064,.F.);
#6054 = FACE_BOUND('',#6055,.F.);
#6055 = EDGE_LOOP('',(#6056,#6057,#6058,#6063));
#6056 = ORIENTED_EDGE('',*,*,#6038,.F.);
#6057 = ORIENTED_EDGE('',*,*,#5922,.T.);
#6058 = ORIENTED_EDGE('',*,*,#6059,.T.);
#6059 = EDGE_CURVE('',#5923,#1075,#6060,.T.);
#6060 = B_SPLINE_CURVE_WITH_KNOTS('',1,(#6061,#6062),.UNSPECIFIED.,.F.,
  .F.,(2,2),(-0.,1.E-03),.PIECEWISE_BEZIER_KNOTS.);
#6061 = CARTESIAN_POINT('',(-2.280067299665,-2.317921875311,0.7610001));
#6062 = CARTESIAN_POINT('',(-2.280067299665,-2.317921875311,0.7600001));
#6063 = ORIENTED_EDGE('',*,*,#1072,.F.);
#6064 = B_SPLINE_SURFACE_WITH_KNOTS('',3,1,(
    (#6065,#6066)
    ,(#6067,#6068)
    ,(#6069,#6070)
    ,(#6071,#6072
    )),.UNSPECIFIED.,.F.,.F.,.F.,(4,4),(2,2),(5.,6.),(0.,1.),
  .PIECEWISE_BEZIER_KNOTS.);
#6065 = CARTESIAN_POINT('',(-2.359036913408,-2.346411242218,0.7610001));
#6066 = CARTESIAN_POINT('',(-2.359036913408,-2.346411242218,0.7600001));
#6067 = CARTESIAN_POINT('',(-2.326856405899,-2.346411242218,0.7610001));
#6068 = CARTESIAN_POINT('',(-2.326856405899,-2.346411242218,0.7600001));
#6069 = CARTESIAN_POINT('',(-2.30049854272,-2.336949445181,0.7610001));
#6070 = CARTESIAN_POINT('',(-2.30049854272,-2.336949445181,0.7600001));
#6071 = CARTESIAN_POINT('',(-2.280067299665,-2.317921875311,0.7610001));
#6072 = CARTESIAN_POINT('',(-2.280067299665,-2.317921875311,0.7600001));
#6073 = ADVANCED_FACE('',(#6074),#6084,.F.);
#6074 = FACE_BOUND('',#6075,.F.);
#6075 = EDGE_LOOP('',(#6076,#6077,#6078,#6083));
#6076 = ORIENTED_EDGE('',*,*,#6059,.F.);
#6077 = ORIENTED_EDGE('',*,*,#5931,.T.);
#6078 = ORIENTED_EDGE('',*,*,#6079,.T.);
#6079 = EDGE_CURVE('',#5932,#1114,#6080,.T.);
#6080 = B_SPLINE_CURVE_WITH_KNOTS('',1,(#6081,#6082),.UNSPECIFIED.,.F.,
  .F.,(2,2),(-0.,1.E-03),.PIECEWISE_BEZIER_KNOTS.);
#6081 = CARTESIAN_POINT('',(-2.249394441133,-2.242123523212,0.7610001));
#6082 = CARTESIAN_POINT('',(-2.249394441133,-2.242123523212,0.7600001));
#6083 = ORIENTED_EDGE('',*,*,#1122,.F.);
#6084 = B_SPLINE_SURFACE_WITH_KNOTS('',3,1,(
    (#6085,#6086)
    ,(#6087,#6088)
    ,(#6089,#6090)
    ,(#6091,#6092
    )),.UNSPECIFIED.,.F.,.F.,.F.,(4,4),(2,2),(4.,5.),(0.,1.),
  .PIECEWISE_BEZIER_KNOTS.);
#6085 = CARTESIAN_POINT('',(-2.280067299665,-2.317921875311,0.7610001));
#6086 = CARTESIAN_POINT('',(-2.280067299665,-2.317921875311,0.7600001));
#6087 = CARTESIAN_POINT('',(-2.259636056609,-2.298894305442,0.7610001));
#6088 = CARTESIAN_POINT('',(-2.259636056609,-2.298894305442,0.7600001));
#6089 = CARTESIAN_POINT('',(-2.249394441133,-2.273628188077,0.7610001));
#6090 = CARTESIAN_POINT('',(-2.249394441133,-2.273628188077,0.7600001));
#6091 = CARTESIAN_POINT('',(-2.249394441133,-2.242123523212,0.7610001));
#6092 = CARTESIAN_POINT('',(-2.249394441133,-2.242123523212,0.7600001));
#6093 = ADVANCED_FACE('',(#6094),#6104,.F.);
#6094 = FACE_BOUND('',#6095,.F.);
#6095 = EDGE_LOOP('',(#6096,#6097,#6098,#6103));
#6096 = ORIENTED_EDGE('',*,*,#6079,.F.);
#6097 = ORIENTED_EDGE('',*,*,#5940,.T.);
#6098 = ORIENTED_EDGE('',*,*,#6099,.T.);
#6099 = EDGE_CURVE('',#5941,#1105,#6100,.T.);
#6100 = B_SPLINE_CURVE_WITH_KNOTS('',1,(#6101,#6102),.UNSPECIFIED.,.F.,
  .F.,(2,2),(-0.,1.E-03),.PIECEWISE_BEZIER_KNOTS.);
#6101 = CARTESIAN_POINT('',(-2.280067299665,-2.169964323819,0.7610001));
#6102 = CARTESIAN_POINT('',(-2.280067299665,-2.169964323819,0.7600001));
#6103 = ORIENTED_EDGE('',*,*,#1113,.F.);
#6104 = B_SPLINE_SURFACE_WITH_KNOTS('',3,1,(
    (#6105,#6106)
    ,(#6107,#6108)
    ,(#6109,#6110)
    ,(#6111,#6112
    )),.UNSPECIFIED.,.F.,.F.,.F.,(4,4),(2,2),(3.,4.),(0.,1.),
  .PIECEWISE_BEZIER_KNOTS.);
#6105 = CARTESIAN_POINT('',(-2.249394441133,-2.242123523212,0.7610001));
#6106 = CARTESIAN_POINT('',(-2.249394441133,-2.242123523212,0.7600001));
#6107 = CARTESIAN_POINT('',(-2.249394441133,-2.211970543639,0.7610001));
#6108 = CARTESIAN_POINT('',(-2.249394441133,-2.211970543639,0.7600001));
#6109 = CARTESIAN_POINT('',(-2.259636056609,-2.187952135772,0.7610001));
#6110 = CARTESIAN_POINT('',(-2.259636056609,-2.187952135772,0.7600001));
#6111 = CARTESIAN_POINT('',(-2.280067299665,-2.169964323819,0.7610001));
#6112 = CARTESIAN_POINT('',(-2.280067299665,-2.169964323819,0.7600001));
#6113 = ADVANCED_FACE('',(#6114),#6124,.F.);
#6114 = FACE_BOUND('',#6115,.F.);
#6115 = EDGE_LOOP('',(#6116,#6117,#6118,#6123));
#6116 = ORIENTED_EDGE('',*,*,#6099,.F.);
#6117 = ORIENTED_EDGE('',*,*,#5949,.T.);
#6118 = ORIENTED_EDGE('',*,*,#6119,.T.);
#6119 = EDGE_CURVE('',#5950,#1098,#6120,.T.);
#6120 = B_SPLINE_CURVE_WITH_KNOTS('',1,(#6121,#6122),.UNSPECIFIED.,.F.,
  .F.,(2,2),(-0.,1.E-03),.PIECEWISE_BEZIER_KNOTS.);
#6121 = CARTESIAN_POINT('',(-2.356957397577,-2.143034593787,0.7610001));
#6122 = CARTESIAN_POINT('',(-2.356957397577,-2.143034593787,0.7600001));
#6123 = ORIENTED_EDGE('',*,*,#1104,.F.);
#6124 = B_SPLINE_SURFACE_WITH_KNOTS('',3,1,(
    (#6125,#6126)
    ,(#6127,#6128)
    ,(#6129,#6130)
    ,(#6131,#6132
    )),.UNSPECIFIED.,.F.,.F.,.F.,(4,4),(2,2),(2.,3.),(0.,1.),
  .PIECEWISE_BEZIER_KNOTS.);
#6125 = CARTESIAN_POINT('',(-2.280067299665,-2.169964323819,0.7610001));
#6126 = CARTESIAN_POINT('',(-2.280067299665,-2.169964323819,0.7600001));
#6127 = CARTESIAN_POINT('',(-2.30049854272,-2.151976511868,0.7610001));
#6128 = CARTESIAN_POINT('',(-2.30049854272,-2.151976511868,0.7600001));
#6129 = CARTESIAN_POINT('',(-2.326128575358,-2.143034593787,0.7610001));
#6130 = CARTESIAN_POINT('',(-2.326128575358,-2.143034593787,0.7600001));
#6131 = CARTESIAN_POINT('',(-2.356957397577,-2.143034593787,0.7610001));
#6132 = CARTESIAN_POINT('',(-2.356957397577,-2.143034593787,0.7600001));
#6133 = ADVANCED_FACE('',(#6134),#6144,.F.);
#6134 = FACE_BOUND('',#6135,.T.);
#6135 = EDGE_LOOP('',(#6136,#6137,#6142,#6143));
#6136 = ORIENTED_EDGE('',*,*,#1097,.T.);
#6137 = ORIENTED_EDGE('',*,*,#6138,.F.);
#6138 = EDGE_CURVE('',#5959,#1091,#6139,.T.);
#6139 = B_SPLINE_CURVE_WITH_KNOTS('',1,(#6140,#6141),.UNSPECIFIED.,.F.,
  .F.,(2,2),(-0.,1.E-03),.PIECEWISE_BEZIER_KNOTS.);
#6140 = CARTESIAN_POINT('',(-2.414975889306,-2.143034593787,0.7610001));
#6141 = CARTESIAN_POINT('',(-2.414975889306,-2.143034593787,0.7600001));
#6142 = ORIENTED_EDGE('',*,*,#5958,.F.);
#6143 = ORIENTED_EDGE('',*,*,#6119,.T.);
#6144 = B_SPLINE_SURFACE_WITH_KNOTS('',1,1,(
    (#6145,#6146)
    ,(#6147,#6148
    )),.UNSPECIFIED.,.F.,.F.,.F.,(2,2),(2,2),(0.,1.E-03),(0.,
    5.801849172952E-02),.PIECEWISE_BEZIER_KNOTS.);
#6145 = CARTESIAN_POINT('',(-2.414975889306,-2.143034593787,0.7610001));
#6146 = CARTESIAN_POINT('',(-2.356957397577,-2.143034593787,0.7610001));
#6147 = CARTESIAN_POINT('',(-2.414975889306,-2.143034593787,0.7600001));
#6148 = CARTESIAN_POINT('',(-2.356957397577,-2.143034593787,0.7600001));
#6149 = ADVANCED_FACE('',(#6150),#6156,.F.);
#6150 = FACE_BOUND('',#6151,.T.);
#6151 = EDGE_LOOP('',(#6152,#6153,#6154,#6155));
#6152 = ORIENTED_EDGE('',*,*,#1090,.T.);
#6153 = ORIENTED_EDGE('',*,*,#6044,.F.);
#6154 = ORIENTED_EDGE('',*,*,#5965,.F.);
#6155 = ORIENTED_EDGE('',*,*,#6138,.T.);
#6156 = B_SPLINE_SURFACE_WITH_KNOTS('',1,1,(
    (#6157,#6158)
    ,(#6159,#6160
    )),.UNSPECIFIED.,.F.,.F.,.F.,(2,2),(2,2),(0.,1.E-03),(0.,
    0.203376648431),.PIECEWISE_BEZIER_KNOTS.);
#6157 = CARTESIAN_POINT('',(-2.414975889306,-2.346411242218,0.7610001));
#6158 = CARTESIAN_POINT('',(-2.414975889306,-2.143034593787,0.7610001));
#6159 = CARTESIAN_POINT('',(-2.414975889306,-2.346411242218,0.7600001));
#6160 = CARTESIAN_POINT('',(-2.414975889306,-2.143034593787,0.7600001));
#6161 = ADVANCED_FACE('',(#6162),#6184,.T.);
#6162 = FACE_BOUND('',#6163,.T.);
#6163 = EDGE_LOOP('',(#6164,#6173,#6178,#6179));
#6164 = ORIENTED_EDGE('',*,*,#6165,.F.);
#6165 = EDGE_CURVE('',#6166,#6168,#6170,.T.);
#6166 = VERTEX_POINT('',#6167);
#6167 = CARTESIAN_POINT('',(-2.357997155493,-2.166429146903,0.7600001));
#6168 = VERTEX_POINT('',#6169);
#6169 = CARTESIAN_POINT('',(-2.38872200192,-2.166429146903,0.7600001));
#6170 = B_SPLINE_CURVE_WITH_KNOTS('',1,(#6171,#6172),.UNSPECIFIED.,.F.,
  .F.,(2,2),(0.,3.072484642681E-02),.PIECEWISE_BEZIER_KNOTS.);
#6171 = CARTESIAN_POINT('',(-2.357997155493,-2.166429146903,0.7600001));
#6172 = CARTESIAN_POINT('',(-2.38872200192,-2.166429146903,0.7600001));
#6173 = ORIENTED_EDGE('',*,*,#6174,.F.);
#6174 = EDGE_CURVE('',#5982,#6166,#6175,.T.);
#6175 = B_SPLINE_CURVE_WITH_KNOTS('',1,(#6176,#6177),.UNSPECIFIED.,.F.,
  .F.,(2,2),(-0.,1.E-03),.PIECEWISE_BEZIER_KNOTS.);
#6176 = CARTESIAN_POINT('',(-2.357997155493,-2.166429146903,0.7610001));
#6177 = CARTESIAN_POINT('',(-2.357997155493,-2.166429146903,0.7600001));
#6178 = ORIENTED_EDGE('',*,*,#5981,.T.);
#6179 = ORIENTED_EDGE('',*,*,#6180,.T.);
#6180 = EDGE_CURVE('',#5973,#6168,#6181,.T.);
#6181 = B_SPLINE_CURVE_WITH_KNOTS('',1,(#6182,#6183),.UNSPECIFIED.,.F.,
  .F.,(2,2),(-0.,1.E-03),.PIECEWISE_BEZIER_KNOTS.);
#6182 = CARTESIAN_POINT('',(-2.38872200192,-2.166429146903,0.7610001));
#6183 = CARTESIAN_POINT('',(-2.38872200192,-2.166429146903,0.7600001));
#6184 = B_SPLINE_SURFACE_WITH_KNOTS('',1,1,(
    (#6185,#6186)
    ,(#6187,#6188)),.UNSPECIFIED.,.F.,.F.,.F.,(2,2),(2,2),(0.,1.E-03),(
    -3.072484642681E-02,0.),.PIECEWISE_BEZIER_KNOTS.);
#6185 = CARTESIAN_POINT('',(-2.38872200192,-2.166429146903,0.7610001));
#6186 = CARTESIAN_POINT('',(-2.357997155493,-2.166429146903,0.7610001));
#6187 = CARTESIAN_POINT('',(-2.38872200192,-2.166429146903,0.7600001));
#6188 = CARTESIAN_POINT('',(-2.357997155493,-2.166429146903,0.7600001));
#6189 = ADVANCED_FACE('',(#6190),#6206,.T.);
#6190 = FACE_BOUND('',#6191,.T.);
#6191 = EDGE_LOOP('',(#6192,#6199,#6200,#6201));
#6192 = ORIENTED_EDGE('',*,*,#6193,.F.);
#6193 = EDGE_CURVE('',#6168,#6194,#6196,.T.);
#6194 = VERTEX_POINT('',#6195);
#6195 = CARTESIAN_POINT('',(-2.38872200192,-2.323224640684,0.7600001));
#6196 = B_SPLINE_CURVE_WITH_KNOTS('',1,(#6197,#6198),.UNSPECIFIED.,.F.,
  .F.,(2,2),(0.,0.156795493781),.PIECEWISE_BEZIER_KNOTS.);
#6197 = CARTESIAN_POINT('',(-2.38872200192,-2.166429146903,0.7600001));
#6198 = CARTESIAN_POINT('',(-2.38872200192,-2.323224640684,0.7600001));
#6199 = ORIENTED_EDGE('',*,*,#6180,.F.);
#6200 = ORIENTED_EDGE('',*,*,#5972,.T.);
#6201 = ORIENTED_EDGE('',*,*,#6202,.T.);
#6202 = EDGE_CURVE('',#5975,#6194,#6203,.T.);
#6203 = B_SPLINE_CURVE_WITH_KNOTS('',1,(#6204,#6205),.UNSPECIFIED.,.F.,
  .F.,(2,2),(-0.,1.E-03),.PIECEWISE_BEZIER_KNOTS.);
#6204 = CARTESIAN_POINT('',(-2.38872200192,-2.323224640684,0.7610001));
#6205 = CARTESIAN_POINT('',(-2.38872200192,-2.323224640684,0.7600001));
#6206 = B_SPLINE_SURFACE_WITH_KNOTS('',1,1,(
    (#6207,#6208)
    ,(#6209,#6210
    )),.UNSPECIFIED.,.F.,.F.,.F.,(2,2),(2,2),(0.,1.E-03),(
    -0.156795493781,0.),.PIECEWISE_BEZIER_KNOTS.);
#6207 = CARTESIAN_POINT('',(-2.38872200192,-2.323224640684,0.7610001));
#6208 = CARTESIAN_POINT('',(-2.38872200192,-2.166429146903,0.7610001));
#6209 = CARTESIAN_POINT('',(-2.38872200192,-2.323224640684,0.7600001));
#6210 = CARTESIAN_POINT('',(-2.38872200192,-2.166429146903,0.7600001));
#6211 = ADVANCED_FACE('',(#6212),#6228,.T.);
#6212 = FACE_BOUND('',#6213,.T.);
#6213 = EDGE_LOOP('',(#6214,#6221,#6222,#6223));
#6214 = ORIENTED_EDGE('',*,*,#6215,.F.);
#6215 = EDGE_CURVE('',#6194,#6216,#6218,.T.);
#6216 = VERTEX_POINT('',#6217);
#6217 = CARTESIAN_POINT('',(-2.359192877097,-2.323224640684,0.7600001));
#6218 = B_SPLINE_CURVE_WITH_KNOTS('',1,(#6219,#6220),.UNSPECIFIED.,.F.,
  .F.,(2,2),(0.,2.952912482302E-02),.PIECEWISE_BEZIER_KNOTS.);
#6219 = CARTESIAN_POINT('',(-2.38872200192,-2.323224640684,0.7600001));
#6220 = CARTESIAN_POINT('',(-2.359192877097,-2.323224640684,0.7600001));
#6221 = ORIENTED_EDGE('',*,*,#6202,.F.);
#6222 = ORIENTED_EDGE('',*,*,#6024,.T.);
#6223 = ORIENTED_EDGE('',*,*,#6224,.T.);
#6224 = EDGE_CURVE('',#6016,#6216,#6225,.T.);
#6225 = B_SPLINE_CURVE_WITH_KNOTS('',1,(#6226,#6227),.UNSPECIFIED.,.F.,
  .F.,(2,2),(-0.,1.E-03),.PIECEWISE_BEZIER_KNOTS.);
#6226 = CARTESIAN_POINT('',(-2.359192877097,-2.323224640684,0.7610001));
#6227 = CARTESIAN_POINT('',(-2.359192877097,-2.323224640684,0.7600001));
#6228 = B_SPLINE_SURFACE_WITH_KNOTS('',1,1,(
    (#6229,#6230)
    ,(#6231,#6232
    )),.UNSPECIFIED.,.F.,.F.,.F.,(2,2),(2,2),(-1.E-03,0.),(0.,
    2.952912482302E-02),.PIECEWISE_BEZIER_KNOTS.);
#6229 = CARTESIAN_POINT('',(-2.38872200192,-2.323224640684,0.7600001));
#6230 = CARTESIAN_POINT('',(-2.359192877097,-2.323224640684,0.7600001));
#6231 = CARTESIAN_POINT('',(-2.38872200192,-2.323224640684,0.7610001));
#6232 = CARTESIAN_POINT('',(-2.359192877097,-2.323224640684,0.7610001));
#6233 = ADVANCED_FACE('',(#6234),#6252,.T.);
#6234 = FACE_BOUND('',#6235,.T.);
#6235 = EDGE_LOOP('',(#6236,#6245,#6246,#6247));
#6236 = ORIENTED_EDGE('',*,*,#6237,.F.);
#6237 = EDGE_CURVE('',#6216,#6238,#6240,.T.);
#6238 = VERTEX_POINT('',#6239);
#6239 = CARTESIAN_POINT('',(-2.298730954263,-2.302013579192,0.7600001));
#6240 = B_SPLINE_CURVE_WITH_KNOTS('',3,(#6241,#6242,#6243,#6244),
  .UNSPECIFIED.,.F.,.F.,(4,4),(2.,3.),.PIECEWISE_BEZIER_KNOTS.);
#6241 = CARTESIAN_POINT('',(-2.359192877097,-2.323224640684,0.7600001));
#6242 = CARTESIAN_POINT('',(-2.333354892877,-2.323224640684,0.7600001));
#6243 = CARTESIAN_POINT('',(-2.3131835893,-2.316154286854,0.7600001));
#6244 = CARTESIAN_POINT('',(-2.298730954263,-2.302013579192,0.7600001));
#6245 = ORIENTED_EDGE('',*,*,#6224,.F.);
#6246 = ORIENTED_EDGE('',*,*,#6015,.T.);
#6247 = ORIENTED_EDGE('',*,*,#6248,.T.);
#6248 = EDGE_CURVE('',#6007,#6238,#6249,.T.);
#6249 = B_SPLINE_CURVE_WITH_KNOTS('',1,(#6250,#6251),.UNSPECIFIED.,.F.,
  .F.,(2,2),(-0.,1.E-03),.PIECEWISE_BEZIER_KNOTS.);
#6250 = CARTESIAN_POINT('',(-2.298730954263,-2.302013579192,0.7610001));
#6251 = CARTESIAN_POINT('',(-2.298730954263,-2.302013579192,0.7600001));
#6252 = B_SPLINE_SURFACE_WITH_KNOTS('',3,1,(
    (#6253,#6254)
    ,(#6255,#6256)
    ,(#6257,#6258)
    ,(#6259,#6260
    )),.UNSPECIFIED.,.F.,.F.,.F.,(4,4),(2,2),(2.,3.),(0.,1.),
  .PIECEWISE_BEZIER_KNOTS.);
#6253 = CARTESIAN_POINT('',(-2.359192877097,-2.323224640684,0.7610001));
#6254 = CARTESIAN_POINT('',(-2.359192877097,-2.323224640684,0.7600001));
#6255 = CARTESIAN_POINT('',(-2.333354892877,-2.323224640684,0.7610001));
#6256 = CARTESIAN_POINT('',(-2.333354892877,-2.323224640684,0.7600001));
#6257 = CARTESIAN_POINT('',(-2.3131835893,-2.316154286854,0.7610001));
#6258 = CARTESIAN_POINT('',(-2.3131835893,-2.316154286854,0.7600001));
#6259 = CARTESIAN_POINT('',(-2.298730954263,-2.302013579192,0.7610001));
#6260 = CARTESIAN_POINT('',(-2.298730954263,-2.302013579192,0.7600001));
#6261 = ADVANCED_FACE('',(#6262),#6280,.T.);
#6262 = FACE_BOUND('',#6263,.T.);
#6263 = EDGE_LOOP('',(#6264,#6273,#6274,#6275));
#6264 = ORIENTED_EDGE('',*,*,#6265,.F.);
#6265 = EDGE_CURVE('',#6238,#6266,#6268,.T.);
#6266 = VERTEX_POINT('',#6267);
#6267 = CARTESIAN_POINT('',(-2.277000013813,-2.242851353753,0.7600001));
#6268 = B_SPLINE_CURVE_WITH_KNOTS('',3,(#6269,#6270,#6271,#6272),
  .UNSPECIFIED.,.F.,.F.,(4,4),(3.,4.),.PIECEWISE_BEZIER_KNOTS.);
#6269 = CARTESIAN_POINT('',(-2.298730954263,-2.302013579192,0.7600001));
#6270 = CARTESIAN_POINT('',(-2.28422633133,-2.287976847321,0.7600001));
#6271 = CARTESIAN_POINT('',(-2.277000013813,-2.268221446911,0.7600001));
#6272 = CARTESIAN_POINT('',(-2.277000013813,-2.242851353753,0.7600001));
#6273 = ORIENTED_EDGE('',*,*,#6248,.F.);
#6274 = ORIENTED_EDGE('',*,*,#6006,.T.);
#6275 = ORIENTED_EDGE('',*,*,#6276,.T.);
#6276 = EDGE_CURVE('',#5998,#6266,#6277,.T.);
#6277 = B_SPLINE_CURVE_WITH_KNOTS('',1,(#6278,#6279),.UNSPECIFIED.,.F.,
  .F.,(2,2),(-0.,1.E-03),.PIECEWISE_BEZIER_KNOTS.);
#6278 = CARTESIAN_POINT('',(-2.277000013813,-2.242851353753,0.7610001));
#6279 = CARTESIAN_POINT('',(-2.277000013813,-2.242851353753,0.7600001));
#6280 = B_SPLINE_SURFACE_WITH_KNOTS('',3,1,(
    (#6281,#6282)
    ,(#6283,#6284)
    ,(#6285,#6286)
    ,(#6287,#6288
    )),.UNSPECIFIED.,.F.,.F.,.F.,(4,4),(2,2),(3.,4.),(0.,1.),
  .PIECEWISE_BEZIER_KNOTS.);
#6281 = CARTESIAN_POINT('',(-2.298730954263,-2.302013579192,0.7610001));
#6282 = CARTESIAN_POINT('',(-2.298730954263,-2.302013579192,0.7600001));
#6283 = CARTESIAN_POINT('',(-2.28422633133,-2.287976847321,0.7610001));
#6284 = CARTESIAN_POINT('',(-2.28422633133,-2.287976847321,0.7600001));
#6285 = CARTESIAN_POINT('',(-2.277000013813,-2.268221446911,0.7610001));
#6286 = CARTESIAN_POINT('',(-2.277000013813,-2.268221446911,0.7600001));
#6287 = CARTESIAN_POINT('',(-2.277000013813,-2.242851353753,0.7610001));
#6288 = CARTESIAN_POINT('',(-2.277000013813,-2.242851353753,0.7600001));
#6289 = ADVANCED_FACE('',(#6290),#6308,.T.);
#6290 = FACE_BOUND('',#6291,.T.);
#6291 = EDGE_LOOP('',(#6292,#6301,#6302,#6303));
#6292 = ORIENTED_EDGE('',*,*,#6293,.F.);
#6293 = EDGE_CURVE('',#6266,#6294,#6296,.T.);
#6294 = VERTEX_POINT('',#6295);
#6295 = CARTESIAN_POINT('',(-2.299302821117,-2.185560692564,0.7600001));
#6296 = B_SPLINE_CURVE_WITH_KNOTS('',3,(#6297,#6298,#6299,#6300),
  .UNSPECIFIED.,.F.,.F.,(4,4),(4.,5.),.PIECEWISE_BEZIER_KNOTS.);
#6297 = CARTESIAN_POINT('',(-2.277000013813,-2.242851353753,0.7600001));
#6298 = CARTESIAN_POINT('',(-2.277000013813,-2.217481260595,0.7600001));
#6299 = CARTESIAN_POINT('',(-2.284434282914,-2.198349714935,0.7600001));
#6300 = CARTESIAN_POINT('',(-2.299302821117,-2.185560692564,0.7600001));
#6301 = ORIENTED_EDGE('',*,*,#6276,.F.);
#6302 = ORIENTED_EDGE('',*,*,#5997,.T.);
#6303 = ORIENTED_EDGE('',*,*,#6304,.T.);
#6304 = EDGE_CURVE('',#5989,#6294,#6305,.T.);
#6305 = B_SPLINE_CURVE_WITH_KNOTS('',1,(#6306,#6307),.UNSPECIFIED.,.F.,
  .F.,(2,2),(-0.,1.E-03),.PIECEWISE_BEZIER_KNOTS.);
#6306 = CARTESIAN_POINT('',(-2.299302821117,-2.185560692564,0.7610001));
#6307 = CARTESIAN_POINT('',(-2.299302821117,-2.185560692564,0.7600001));
#6308 = B_SPLINE_SURFACE_WITH_KNOTS('',3,1,(
    (#6309,#6310)
    ,(#6311,#6312)
    ,(#6313,#6314)
    ,(#6315,#6316
    )),.UNSPECIFIED.,.F.,.F.,.F.,(4,4),(2,2),(4.,5.),(0.,1.),
  .PIECEWISE_BEZIER_KNOTS.);
#6309 = CARTESIAN_POINT('',(-2.277000013813,-2.242851353753,0.7610001));
#6310 = CARTESIAN_POINT('',(-2.277000013813,-2.242851353753,0.7600001));
#6311 = CARTESIAN_POINT('',(-2.277000013813,-2.217481260595,0.7610001));
#6312 = CARTESIAN_POINT('',(-2.277000013813,-2.217481260595,0.7600001));
#6313 = CARTESIAN_POINT('',(-2.284434282914,-2.198349714935,0.7610001));
#6314 = CARTESIAN_POINT('',(-2.284434282914,-2.198349714935,0.7600001));
#6315 = CARTESIAN_POINT('',(-2.299302821117,-2.185560692564,0.7610001));
#6316 = CARTESIAN_POINT('',(-2.299302821117,-2.185560692564,0.7600001));
#6317 = ADVANCED_FACE('',(#6318),#6330,.T.);
#6318 = FACE_BOUND('',#6319,.T.);
#6319 = EDGE_LOOP('',(#6320,#6327,#6328,#6329));
#6320 = ORIENTED_EDGE('',*,*,#6321,.F.);
#6321 = EDGE_CURVE('',#6294,#6166,#6322,.T.);
#6322 = B_SPLINE_CURVE_WITH_KNOTS('',3,(#6323,#6324,#6325,#6326),
  .UNSPECIFIED.,.F.,.F.,(4,4),(5.,6.),.PIECEWISE_BEZIER_KNOTS.);
#6323 = CARTESIAN_POINT('',(-2.299302821117,-2.185560692564,0.7600001));
#6324 = CARTESIAN_POINT('',(-2.31417135932,-2.172771670194,0.7600001));
#6325 = CARTESIAN_POINT('',(-2.333770796043,-2.166429146903,0.7600001));
#6326 = CARTESIAN_POINT('',(-2.357997155493,-2.166429146903,0.7600001));
#6327 = ORIENTED_EDGE('',*,*,#6304,.F.);
#6328 = ORIENTED_EDGE('',*,*,#5988,.T.);
#6329 = ORIENTED_EDGE('',*,*,#6174,.T.);
#6330 = B_SPLINE_SURFACE_WITH_KNOTS('',3,1,(
    (#6331,#6332)
    ,(#6333,#6334)
    ,(#6335,#6336)
    ,(#6337,#6338
    )),.UNSPECIFIED.,.F.,.F.,.F.,(4,4),(2,2),(5.,6.),(0.,1.),
  .PIECEWISE_BEZIER_KNOTS.);
#6331 = CARTESIAN_POINT('',(-2.299302821117,-2.185560692564,0.7610001));
#6332 = CARTESIAN_POINT('',(-2.299302821117,-2.185560692564,0.7600001));
#6333 = CARTESIAN_POINT('',(-2.31417135932,-2.172771670194,0.7610001));
#6334 = CARTESIAN_POINT('',(-2.31417135932,-2.172771670194,0.7600001));
#6335 = CARTESIAN_POINT('',(-2.333770796043,-2.166429146903,0.7610001));
#6336 = CARTESIAN_POINT('',(-2.333770796043,-2.166429146903,0.7600001));
#6337 = CARTESIAN_POINT('',(-2.357997155493,-2.166429146903,0.7610001));
#6338 = CARTESIAN_POINT('',(-2.357997155493,-2.166429146903,0.7600001));
#6339 = ADVANCED_FACE('',(#6340),#6349,.T.);
#6340 = FACE_BOUND('',#6341,.T.);
#6341 = EDGE_LOOP('',(#6342,#6343,#6344,#6345,#6346,#6347,#6348));
#6342 = ORIENTED_EDGE('',*,*,#6165,.T.);
#6343 = ORIENTED_EDGE('',*,*,#6193,.T.);
#6344 = ORIENTED_EDGE('',*,*,#6215,.T.);
#6345 = ORIENTED_EDGE('',*,*,#6237,.T.);
#6346 = ORIENTED_EDGE('',*,*,#6265,.T.);
#6347 = ORIENTED_EDGE('',*,*,#6293,.T.);
#6348 = ORIENTED_EDGE('',*,*,#6321,.T.);
#6349 = B_SPLINE_SURFACE_WITH_KNOTS('',1,1,(
    (#6350,#6351)
    ,(#6352,#6353
    )),.UNSPECIFIED.,.F.,.F.,.F.,(2,2),(2,2),(-2.38872200192,
    -2.277000013813),(-2.323224640684,-2.166429146903),
  .PIECEWISE_BEZIER_KNOTS.);
#6350 = CARTESIAN_POINT('',(-2.38872200192,-2.323224640684,0.7600001));
#6351 = CARTESIAN_POINT('',(-2.38872200192,-2.166429146903,0.7600001));
#6352 = CARTESIAN_POINT('',(-2.277000013813,-2.323224640684,0.7600001));
#6353 = CARTESIAN_POINT('',(-2.277000013813,-2.166429146903,0.7600001));
#6354 = ADVANCED_FACE('',(#6355,#6413),#6461,.F.);
#6355 = FACE_BOUND('',#6356,.T.);
#6356 = EDGE_LOOP('',(#6357,#6366,#6373,#6380,#6387,#6394,#6401,#6408));
#6357 = ORIENTED_EDGE('',*,*,#6358,.T.);
#6358 = EDGE_CURVE('',#6359,#6361,#6363,.T.);
#6359 = VERTEX_POINT('',#6360);
#6360 = CARTESIAN_POINT('',(-2.05511567447,-2.346411242218,0.7610001));
#6361 = VERTEX_POINT('',#6362);
#6362 = CARTESIAN_POINT('',(-2.132577639235,-2.143034593787,0.7610001));
#6363 = B_SPLINE_CURVE_WITH_KNOTS('',1,(#6364,#6365),.UNSPECIFIED.,.F.,
  .F.,(2,2),(-0.217629081495,0.),.PIECEWISE_BEZIER_KNOTS.);
#6364 = CARTESIAN_POINT('',(-2.05511567447,-2.346411242218,0.7610001));
#6365 = CARTESIAN_POINT('',(-2.132577639235,-2.143034593787,0.7610001));
#6366 = ORIENTED_EDGE('',*,*,#6367,.T.);
#6367 = EDGE_CURVE('',#6361,#6368,#6370,.T.);
#6368 = VERTEX_POINT('',#6369);
#6369 = CARTESIAN_POINT('',(-2.160651102976,-2.143034593787,0.7610001));
#6370 = B_SPLINE_CURVE_WITH_KNOTS('',1,(#6371,#6372),.UNSPECIFIED.,.F.,
  .F.,(2,2),(-2.807346374184E-02,-0.),.PIECEWISE_BEZIER_KNOTS.);
#6371 = CARTESIAN_POINT('',(-2.132577639235,-2.143034593787,0.7610001));
#6372 = CARTESIAN_POINT('',(-2.160651102976,-2.143034593787,0.7610001));
#6373 = ORIENTED_EDGE('',*,*,#6374,.T.);
#6374 = EDGE_CURVE('',#6368,#6375,#6377,.T.);
#6375 = VERTEX_POINT('',#6376);
#6376 = CARTESIAN_POINT('',(-2.238113067742,-2.346411242218,0.7610001));
#6377 = B_SPLINE_CURVE_WITH_KNOTS('',1,(#6378,#6379),.UNSPECIFIED.,.F.,
  .F.,(2,2),(-0.217629081496,-0.),.PIECEWISE_BEZIER_KNOTS.);
#6378 = CARTESIAN_POINT('',(-2.160651102976,-2.143034593787,0.7610001));
#6379 = CARTESIAN_POINT('',(-2.238113067742,-2.346411242218,0.7610001));
#6380 = ORIENTED_EDGE('',*,*,#6381,.T.);
#6381 = EDGE_CURVE('',#6375,#6382,#6384,.T.);
#6382 = VERTEX_POINT('',#6383);
#6383 = CARTESIAN_POINT('',(-2.209103821877,-2.346411242218,0.7610001));
#6384 = B_SPLINE_CURVE_WITH_KNOTS('',1,(#6385,#6386),.UNSPECIFIED.,.F.,
  .F.,(2,2),(-2.900924586545E-02,0.),.PIECEWISE_BEZIER_KNOTS.);
#6385 = CARTESIAN_POINT('',(-2.238113067742,-2.346411242218,0.7610001));
#6386 = CARTESIAN_POINT('',(-2.209103821877,-2.346411242218,0.7610001));
#6387 = ORIENTED_EDGE('',*,*,#6388,.T.);
#6388 = EDGE_CURVE('',#6382,#6389,#6391,.T.);
#6389 = VERTEX_POINT('',#6390);
#6390 = CARTESIAN_POINT('',(-2.18955637305,-2.290784193696,0.7610001));
#6391 = B_SPLINE_CURVE_WITH_KNOTS('',1,(#6392,#6393),.UNSPECIFIED.,.F.,
  .F.,(2,2),(-5.896160855076E-02,0.),.PIECEWISE_BEZIER_KNOTS.);
#6392 = CARTESIAN_POINT('',(-2.209103821877,-2.346411242218,0.7610001));
#6393 = CARTESIAN_POINT('',(-2.18955637305,-2.290784193696,0.7610001));
#6394 = ORIENTED_EDGE('',*,*,#6395,.T.);
#6395 = EDGE_CURVE('',#6389,#6396,#6398,.T.);
#6396 = VERTEX_POINT('',#6397);
#6397 = CARTESIAN_POINT('',(-2.104868090766,-2.290784193696,0.7610001));
#6398 = B_SPLINE_CURVE_WITH_KNOTS('',1,(#6399,#6400),.UNSPECIFIED.,.F.,
  .F.,(2,2),(-8.468828228455E-02,0.),.PIECEWISE_BEZIER_KNOTS.);
#6399 = CARTESIAN_POINT('',(-2.18955637305,-2.290784193696,0.7610001));
#6400 = CARTESIAN_POINT('',(-2.104868090766,-2.290784193696,0.7610001));
#6401 = ORIENTED_EDGE('',*,*,#6402,.T.);
#6402 = EDGE_CURVE('',#6396,#6403,#6405,.T.);
#6403 = VERTEX_POINT('',#6404);
#6404 = CARTESIAN_POINT('',(-2.084124920334,-2.346411242218,0.7610001));
#6405 = B_SPLINE_CURVE_WITH_KNOTS('',1,(#6406,#6407),.UNSPECIFIED.,.F.,
  .F.,(2,2),(-5.936874301202E-02,0.),.PIECEWISE_BEZIER_KNOTS.);
#6406 = CARTESIAN_POINT('',(-2.104868090766,-2.290784193696,0.7610001));
#6407 = CARTESIAN_POINT('',(-2.084124920334,-2.346411242218,0.7610001));
#6408 = ORIENTED_EDGE('',*,*,#6409,.T.);
#6409 = EDGE_CURVE('',#6403,#6359,#6410,.T.);
#6410 = B_SPLINE_CURVE_WITH_KNOTS('',1,(#6411,#6412),.UNSPECIFIED.,.F.,
  .F.,(2,2),(-2.900924586407E-02,0.),.PIECEWISE_BEZIER_KNOTS.);
#6411 = CARTESIAN_POINT('',(-2.084124920334,-2.346411242218,0.7610001));
#6412 = CARTESIAN_POINT('',(-2.05511567447,-2.346411242218,0.7610001));
#6413 = FACE_BOUND('',#6414,.T.);
#6414 = EDGE_LOOP('',(#6415,#6424,#6431,#6440,#6447,#6456));
#6415 = ORIENTED_EDGE('',*,*,#6416,.F.);
#6416 = EDGE_CURVE('',#6417,#6419,#6421,.T.);
#6417 = VERTEX_POINT('',#6418);
#6418 = CARTESIAN_POINT('',(-2.181238309718,-2.267805543745,0.7610001));
#6419 = VERTEX_POINT('',#6420);
#6420 = CARTESIAN_POINT('',(-2.112978202512,-2.267805543745,0.7610001));
#6421 = B_SPLINE_CURVE_WITH_KNOTS('',1,(#6422,#6423),.UNSPECIFIED.,.F.,
  .F.,(2,2),(0.,6.826010720606E-02),.PIECEWISE_BEZIER_KNOTS.);
#6422 = CARTESIAN_POINT('',(-2.181238309718,-2.267805543745,0.7610001));
#6423 = CARTESIAN_POINT('',(-2.112978202512,-2.267805543745,0.7610001));
#6424 = ORIENTED_EDGE('',*,*,#6425,.F.);
#6425 = EDGE_CURVE('',#6426,#6417,#6428,.T.);
#6426 = VERTEX_POINT('',#6427);
#6427 = CARTESIAN_POINT('',(-2.150825390667,-2.183273225148,0.7610001));
#6428 = B_SPLINE_CURVE_WITH_KNOTS('',1,(#6429,#6430),.UNSPECIFIED.,.F.,
  .F.,(2,2),(0.,8.983684395963E-02),.PIECEWISE_BEZIER_KNOTS.);
#6429 = CARTESIAN_POINT('',(-2.150825390667,-2.183273225148,0.7610001));
#6430 = CARTESIAN_POINT('',(-2.181238309718,-2.267805543745,0.7610001));
#6431 = ORIENTED_EDGE('',*,*,#6432,.F.);
#6432 = EDGE_CURVE('',#6433,#6426,#6435,.T.);
#6433 = VERTEX_POINT('',#6434);
#6434 = CARTESIAN_POINT('',(-2.147498165335,-2.169028541695,0.7610001));
#6435 = B_SPLINE_CURVE_WITH_KNOTS('',3,(#6436,#6437,#6438,#6439),
  .UNSPECIFIED.,.F.,.F.,(4,4),(3.,4.),.PIECEWISE_BEZIER_KNOTS.);
#6436 = CARTESIAN_POINT('',(-2.147498165335,-2.169028541695,0.7610001));
#6437 = CARTESIAN_POINT('',(-2.148485935356,-2.175163113402,0.7610001));
#6438 = CARTESIAN_POINT('',(-2.149577681166,-2.179945999817,0.7610001));
#6439 = CARTESIAN_POINT('',(-2.150825390667,-2.183273225148,0.7610001));
#6440 = ORIENTED_EDGE('',*,*,#6441,.F.);
#6441 = EDGE_CURVE('',#6442,#6433,#6444,.T.);
#6442 = VERTEX_POINT('',#6443);
#6443 = CARTESIAN_POINT('',(-2.146874310584,-2.169028541695,0.7610001));
#6444 = B_SPLINE_CURVE_WITH_KNOTS('',1,(#6445,#6446),.UNSPECIFIED.,.F.,
  .F.,(2,2),(0.,6.238547504669E-04),.PIECEWISE_BEZIER_KNOTS.);
#6445 = CARTESIAN_POINT('',(-2.146874310584,-2.169028541695,0.7610001));
#6446 = CARTESIAN_POINT('',(-2.147498165335,-2.169028541695,0.7610001));
#6447 = ORIENTED_EDGE('',*,*,#6448,.F.);
#6448 = EDGE_CURVE('',#6449,#6442,#6451,.T.);
#6449 = VERTEX_POINT('',#6450);
#6450 = CARTESIAN_POINT('',(-2.14370304894,-2.183273225148,0.7610001));
#6451 = B_SPLINE_CURVE_WITH_KNOTS('',3,(#6452,#6453,#6454,#6455),
  .UNSPECIFIED.,.F.,.F.,(4,4),(1.,2.),.PIECEWISE_BEZIER_KNOTS.);
#6452 = CARTESIAN_POINT('',(-2.14370304894,-2.183273225148,0.7610001));
#6453 = CARTESIAN_POINT('',(-2.14469081896,-2.180465878774,0.7610001));
#6454 = CARTESIAN_POINT('',(-2.145730576878,-2.175786968151,0.7610001));
#6455 = CARTESIAN_POINT('',(-2.146874310584,-2.169028541695,0.7610001));
#6456 = ORIENTED_EDGE('',*,*,#6457,.F.);
#6457 = EDGE_CURVE('',#6419,#6449,#6458,.T.);
#6458 = B_SPLINE_CURVE_WITH_KNOTS('',1,(#6459,#6460),.UNSPECIFIED.,.F.,
  .F.,(2,2),(0.,8.994292120821E-02),.PIECEWISE_BEZIER_KNOTS.);
#6459 = CARTESIAN_POINT('',(-2.112978202512,-2.267805543745,0.7610001));
#6460 = CARTESIAN_POINT('',(-2.14370304894,-2.183273225148,0.7610001));
#6461 = B_SPLINE_SURFACE_WITH_KNOTS('',1,1,(
    (#6462,#6463)
    ,(#6464,#6465
    )),.UNSPECIFIED.,.F.,.F.,.F.,(2,2),(2,2),(2.05511567447,
    2.238113067742),(-2.346411242218,-2.143034593787),
  .PIECEWISE_BEZIER_KNOTS.);
#6462 = CARTESIAN_POINT('',(-2.05511567447,-2.346411242218,0.7610001));
#6463 = CARTESIAN_POINT('',(-2.05511567447,-2.143034593787,0.7610001));
#6464 = CARTESIAN_POINT('',(-2.238113067742,-2.346411242218,0.7610001));
#6465 = CARTESIAN_POINT('',(-2.238113067742,-2.143034593787,0.7610001));
#6466 = ADVANCED_FACE('',(#6467),#6481,.F.);
#6467 = FACE_BOUND('',#6468,.T.);
#6468 = EDGE_LOOP('',(#6469,#6470,#6475,#6476));
#6469 = ORIENTED_EDGE('',*,*,#30,.T.);
#6470 = ORIENTED_EDGE('',*,*,#6471,.F.);
#6471 = EDGE_CURVE('',#6361,#22,#6472,.T.);
#6472 = B_SPLINE_CURVE_WITH_KNOTS('',1,(#6473,#6474),.UNSPECIFIED.,.F.,
  .F.,(2,2),(-0.,1.E-03),.PIECEWISE_BEZIER_KNOTS.);
#6473 = CARTESIAN_POINT('',(-2.132577639235,-2.143034593787,0.7610001));
#6474 = CARTESIAN_POINT('',(-2.132577639235,-2.143034593787,0.7600001));
#6475 = ORIENTED_EDGE('',*,*,#6358,.F.);
#6476 = ORIENTED_EDGE('',*,*,#6477,.T.);
#6477 = EDGE_CURVE('',#6359,#31,#6478,.T.);
#6478 = B_SPLINE_CURVE_WITH_KNOTS('',1,(#6479,#6480),.UNSPECIFIED.,.F.,
  .F.,(2,2),(-0.,1.E-03),.PIECEWISE_BEZIER_KNOTS.);
#6479 = CARTESIAN_POINT('',(-2.05511567447,-2.346411242218,0.7610001));
#6480 = CARTESIAN_POINT('',(-2.05511567447,-2.346411242218,0.7600001));
#6481 = B_SPLINE_SURFACE_WITH_KNOTS('',1,1,(
    (#6482,#6483)
    ,(#6484,#6485
    )),.UNSPECIFIED.,.F.,.F.,.F.,(2,2),(2,2),(0.,0.217629081495),(
    -1.E-03,0.),.PIECEWISE_BEZIER_KNOTS.);
#6482 = CARTESIAN_POINT('',(-2.132577639235,-2.143034593787,0.7600001));
#6483 = CARTESIAN_POINT('',(-2.132577639235,-2.143034593787,0.7610001));
#6484 = CARTESIAN_POINT('',(-2.05511567447,-2.346411242218,0.7600001));
#6485 = CARTESIAN_POINT('',(-2.05511567447,-2.346411242218,0.7610001));
#6486 = ADVANCED_FACE('',(#6487),#6497,.F.);
#6487 = FACE_BOUND('',#6488,.T.);
#6488 = EDGE_LOOP('',(#6489,#6490,#6495,#6496));
#6489 = ORIENTED_EDGE('',*,*,#21,.T.);
#6490 = ORIENTED_EDGE('',*,*,#6491,.F.);
#6491 = EDGE_CURVE('',#6368,#24,#6492,.T.);
#6492 = B_SPLINE_CURVE_WITH_KNOTS('',1,(#6493,#6494),.UNSPECIFIED.,.F.,
  .F.,(2,2),(-0.,1.E-03),.PIECEWISE_BEZIER_KNOTS.);
#6493 = CARTESIAN_POINT('',(-2.160651102976,-2.143034593787,0.7610001));
#6494 = CARTESIAN_POINT('',(-2.160651102976,-2.143034593787,0.7600001));
#6495 = ORIENTED_EDGE('',*,*,#6367,.F.);
#6496 = ORIENTED_EDGE('',*,*,#6471,.T.);
#6497 = B_SPLINE_SURFACE_WITH_KNOTS('',1,1,(
    (#6498,#6499)
    ,(#6500,#6501
    )),.UNSPECIFIED.,.F.,.F.,.F.,(2,2),(2,2),(0.,1.E-03),(0.,
    2.807346374184E-02),.PIECEWISE_BEZIER_KNOTS.);
#6498 = CARTESIAN_POINT('',(-2.160651102976,-2.143034593787,0.7610001));
#6499 = CARTESIAN_POINT('',(-2.132577639235,-2.143034593787,0.7610001));
#6500 = CARTESIAN_POINT('',(-2.160651102976,-2.143034593787,0.7600001));
#6501 = CARTESIAN_POINT('',(-2.132577639235,-2.143034593787,0.7600001));
#6502 = ADVANCED_FACE('',(#6503),#6513,.F.);
#6503 = FACE_BOUND('',#6504,.T.);
#6504 = EDGE_LOOP('',(#6505,#6506,#6511,#6512));
#6505 = ORIENTED_EDGE('',*,*,#72,.T.);
#6506 = ORIENTED_EDGE('',*,*,#6507,.F.);
#6507 = EDGE_CURVE('',#6375,#66,#6508,.T.);
#6508 = B_SPLINE_CURVE_WITH_KNOTS('',1,(#6509,#6510),.UNSPECIFIED.,.F.,
  .F.,(2,2),(-0.,1.E-03),.PIECEWISE_BEZIER_KNOTS.);
#6509 = CARTESIAN_POINT('',(-2.238113067742,-2.346411242218,0.7610001));
#6510 = CARTESIAN_POINT('',(-2.238113067742,-2.346411242218,0.7600001));
#6511 = ORIENTED_EDGE('',*,*,#6374,.F.);
#6512 = ORIENTED_EDGE('',*,*,#6491,.T.);
#6513 = B_SPLINE_SURFACE_WITH_KNOTS('',1,1,(
    (#6514,#6515)
    ,(#6516,#6517
    )),.UNSPECIFIED.,.F.,.F.,.F.,(2,2),(2,2),(0.,0.217629081496),(
    -1.E-03,0.),.PIECEWISE_BEZIER_KNOTS.);
#6514 = CARTESIAN_POINT('',(-2.238113067742,-2.346411242218,0.7600001));
#6515 = CARTESIAN_POINT('',(-2.238113067742,-2.346411242218,0.7610001));
#6516 = CARTESIAN_POINT('',(-2.160651102976,-2.143034593787,0.7600001));
#6517 = CARTESIAN_POINT('',(-2.160651102976,-2.143034593787,0.7610001));
#6518 = ADVANCED_FACE('',(#6519),#6529,.F.);
#6519 = FACE_BOUND('',#6520,.T.);
#6520 = EDGE_LOOP('',(#6521,#6522,#6527,#6528));
#6521 = ORIENTED_EDGE('',*,*,#65,.T.);
#6522 = ORIENTED_EDGE('',*,*,#6523,.F.);
#6523 = EDGE_CURVE('',#6382,#59,#6524,.T.);
#6524 = B_SPLINE_CURVE_WITH_KNOTS('',1,(#6525,#6526),.UNSPECIFIED.,.F.,
  .F.,(2,2),(-0.,1.E-03),.PIECEWISE_BEZIER_KNOTS.);
#6525 = CARTESIAN_POINT('',(-2.209103821877,-2.346411242218,0.7610001));
#6526 = CARTESIAN_POINT('',(-2.209103821877,-2.346411242218,0.7600001));
#6527 = ORIENTED_EDGE('',*,*,#6381,.F.);
#6528 = ORIENTED_EDGE('',*,*,#6507,.T.);
#6529 = B_SPLINE_SURFACE_WITH_KNOTS('',1,1,(
    (#6530,#6531)
    ,(#6532,#6533)),.UNSPECIFIED.,.F.,.F.,.F.,(2,2),(2,2),(-1.E-03,0.),(
    -2.900924586545E-02,0.),.PIECEWISE_BEZIER_KNOTS.);
#6530 = CARTESIAN_POINT('',(-2.238113067742,-2.346411242218,0.7600001));
#6531 = CARTESIAN_POINT('',(-2.209103821877,-2.346411242218,0.7600001));
#6532 = CARTESIAN_POINT('',(-2.238113067742,-2.346411242218,0.7610001));
#6533 = CARTESIAN_POINT('',(-2.209103821877,-2.346411242218,0.7610001));
#6534 = ADVANCED_FACE('',(#6535),#6545,.F.);
#6535 = FACE_BOUND('',#6536,.T.);
#6536 = EDGE_LOOP('',(#6537,#6538,#6543,#6544));
#6537 = ORIENTED_EDGE('',*,*,#58,.T.);
#6538 = ORIENTED_EDGE('',*,*,#6539,.F.);
#6539 = EDGE_CURVE('',#6389,#52,#6540,.T.);
#6540 = B_SPLINE_CURVE_WITH_KNOTS('',1,(#6541,#6542),.UNSPECIFIED.,.F.,
  .F.,(2,2),(-0.,1.E-03),.PIECEWISE_BEZIER_KNOTS.);
#6541 = CARTESIAN_POINT('',(-2.18955637305,-2.290784193696,0.7610001));
#6542 = CARTESIAN_POINT('',(-2.18955637305,-2.290784193696,0.7600001));
#6543 = ORIENTED_EDGE('',*,*,#6388,.F.);
#6544 = ORIENTED_EDGE('',*,*,#6523,.T.);
#6545 = B_SPLINE_SURFACE_WITH_KNOTS('',1,1,(
    (#6546,#6547)
    ,(#6548,#6549
    )),.UNSPECIFIED.,.F.,.F.,.F.,(2,2),(2,2),(-0.,5.896160855076E-02),(
    -1.E-03,0.),.PIECEWISE_BEZIER_KNOTS.);
#6546 = CARTESIAN_POINT('',(-2.18955637305,-2.290784193696,0.7600001));
#6547 = CARTESIAN_POINT('',(-2.18955637305,-2.290784193696,0.7610001));
#6548 = CARTESIAN_POINT('',(-2.209103821877,-2.346411242218,0.7600001));
#6549 = CARTESIAN_POINT('',(-2.209103821877,-2.346411242218,0.7610001));
#6550 = ADVANCED_FACE('',(#6551),#6561,.F.);
#6551 = FACE_BOUND('',#6552,.T.);
#6552 = EDGE_LOOP('',(#6553,#6554,#6559,#6560));
#6553 = ORIENTED_EDGE('',*,*,#51,.T.);
#6554 = ORIENTED_EDGE('',*,*,#6555,.F.);
#6555 = EDGE_CURVE('',#6396,#45,#6556,.T.);
#6556 = B_SPLINE_CURVE_WITH_KNOTS('',1,(#6557,#6558),.UNSPECIFIED.,.F.,
  .F.,(2,2),(-0.,1.E-03),.PIECEWISE_BEZIER_KNOTS.);
#6557 = CARTESIAN_POINT('',(-2.104868090766,-2.290784193696,0.7610001));
#6558 = CARTESIAN_POINT('',(-2.104868090766,-2.290784193696,0.7600001));
#6559 = ORIENTED_EDGE('',*,*,#6395,.F.);
#6560 = ORIENTED_EDGE('',*,*,#6539,.T.);
#6561 = B_SPLINE_SURFACE_WITH_KNOTS('',1,1,(
    (#6562,#6563)
    ,(#6564,#6565)),.UNSPECIFIED.,.F.,.F.,.F.,(2,2),(2,2),(-1.E-03,0.),(
    -8.468828228455E-02,0.),.PIECEWISE_BEZIER_KNOTS.);
#6562 = CARTESIAN_POINT('',(-2.18955637305,-2.290784193696,0.7600001));
#6563 = CARTESIAN_POINT('',(-2.104868090766,-2.290784193696,0.7600001));
#6564 = CARTESIAN_POINT('',(-2.18955637305,-2.290784193696,0.7610001));
#6565 = CARTESIAN_POINT('',(-2.104868090766,-2.290784193696,0.7610001));
#6566 = ADVANCED_FACE('',(#6567),#6577,.F.);
#6567 = FACE_BOUND('',#6568,.T.);
#6568 = EDGE_LOOP('',(#6569,#6570,#6575,#6576));
#6569 = ORIENTED_EDGE('',*,*,#44,.T.);
#6570 = ORIENTED_EDGE('',*,*,#6571,.F.);
#6571 = EDGE_CURVE('',#6403,#38,#6572,.T.);
#6572 = B_SPLINE_CURVE_WITH_KNOTS('',1,(#6573,#6574),.UNSPECIFIED.,.F.,
  .F.,(2,2),(-0.,1.E-03),.PIECEWISE_BEZIER_KNOTS.);
#6573 = CARTESIAN_POINT('',(-2.084124920334,-2.346411242218,0.7610001));
#6574 = CARTESIAN_POINT('',(-2.084124920334,-2.346411242218,0.7600001));
#6575 = ORIENTED_EDGE('',*,*,#6402,.F.);
#6576 = ORIENTED_EDGE('',*,*,#6555,.T.);
#6577 = B_SPLINE_SURFACE_WITH_KNOTS('',1,1,(
    (#6578,#6579)
    ,(#6580,#6581
    )),.UNSPECIFIED.,.F.,.F.,.F.,(2,2),(2,2),(0.,5.936874301202E-02),(
    -1.E-03,0.),.PIECEWISE_BEZIER_KNOTS.);
#6578 = CARTESIAN_POINT('',(-2.084124920334,-2.346411242218,0.7600001));
#6579 = CARTESIAN_POINT('',(-2.084124920334,-2.346411242218,0.7610001));
#6580 = CARTESIAN_POINT('',(-2.104868090766,-2.290784193696,0.7600001));
#6581 = CARTESIAN_POINT('',(-2.104868090766,-2.290784193696,0.7610001));
#6582 = ADVANCED_FACE('',(#6583),#6589,.F.);
#6583 = FACE_BOUND('',#6584,.T.);
#6584 = EDGE_LOOP('',(#6585,#6586,#6587,#6588));
#6585 = ORIENTED_EDGE('',*,*,#37,.T.);
#6586 = ORIENTED_EDGE('',*,*,#6477,.F.);
#6587 = ORIENTED_EDGE('',*,*,#6409,.F.);
#6588 = ORIENTED_EDGE('',*,*,#6571,.T.);
#6589 = B_SPLINE_SURFACE_WITH_KNOTS('',1,1,(
    (#6590,#6591)
    ,(#6592,#6593)),.UNSPECIFIED.,.F.,.F.,.F.,(2,2),(2,2),(-1.E-03,0.),(
    -2.900924586407E-02,0.),.PIECEWISE_BEZIER_KNOTS.);
#6590 = CARTESIAN_POINT('',(-2.084124920334,-2.346411242218,0.7600001));
#6591 = CARTESIAN_POINT('',(-2.05511567447,-2.346411242218,0.7600001));
#6592 = CARTESIAN_POINT('',(-2.084124920334,-2.346411242218,0.7610001));
#6593 = CARTESIAN_POINT('',(-2.05511567447,-2.346411242218,0.7610001));
#6594 = ADVANCED_FACE('',(#6595),#6617,.T.);
#6595 = FACE_BOUND('',#6596,.T.);
#6596 = EDGE_LOOP('',(#6597,#6606,#6611,#6612));
#6597 = ORIENTED_EDGE('',*,*,#6598,.F.);
#6598 = EDGE_CURVE('',#6599,#6601,#6603,.T.);
#6599 = VERTEX_POINT('',#6600);
#6600 = CARTESIAN_POINT('',(-2.181238309718,-2.267805543745,0.7600001));
#6601 = VERTEX_POINT('',#6602);
#6602 = CARTESIAN_POINT('',(-2.112978202512,-2.267805543745,0.7600001));
#6603 = B_SPLINE_CURVE_WITH_KNOTS('',1,(#6604,#6605),.UNSPECIFIED.,.F.,
  .F.,(2,2),(-4.440892098501E-16,6.826010720606E-02),
  .PIECEWISE_BEZIER_KNOTS.);
#6604 = CARTESIAN_POINT('',(-2.181238309718,-2.267805543745,0.7600001));
#6605 = CARTESIAN_POINT('',(-2.112978202512,-2.267805543745,0.7600001));
#6606 = ORIENTED_EDGE('',*,*,#6607,.F.);
#6607 = EDGE_CURVE('',#6417,#6599,#6608,.T.);
#6608 = B_SPLINE_CURVE_WITH_KNOTS('',1,(#6609,#6610),.UNSPECIFIED.,.F.,
  .F.,(2,2),(-0.,1.E-03),.PIECEWISE_BEZIER_KNOTS.);
#6609 = CARTESIAN_POINT('',(-2.181238309718,-2.267805543745,0.7610001));
#6610 = CARTESIAN_POINT('',(-2.181238309718,-2.267805543745,0.7600001));
#6611 = ORIENTED_EDGE('',*,*,#6416,.T.);
#6612 = ORIENTED_EDGE('',*,*,#6613,.T.);
#6613 = EDGE_CURVE('',#6419,#6601,#6614,.T.);
#6614 = B_SPLINE_CURVE_WITH_KNOTS('',1,(#6615,#6616),.UNSPECIFIED.,.F.,
  .F.,(2,2),(-0.,1.E-03),.PIECEWISE_BEZIER_KNOTS.);
#6615 = CARTESIAN_POINT('',(-2.112978202512,-2.267805543745,0.7610001));
#6616 = CARTESIAN_POINT('',(-2.112978202512,-2.267805543745,0.7600001));
#6617 = B_SPLINE_SURFACE_WITH_KNOTS('',1,1,(
    (#6618,#6619)
    ,(#6620,#6621)),.UNSPECIFIED.,.F.,.F.,.F.,(2,2),(2,2),(-1.E-03,0.),(
    -4.440892098501E-16,6.826010720606E-02),.PIECEWISE_BEZIER_KNOTS.);
#6618 = CARTESIAN_POINT('',(-2.181238309718,-2.267805543745,0.7600001));
#6619 = CARTESIAN_POINT('',(-2.112978202512,-2.267805543745,0.7600001));
#6620 = CARTESIAN_POINT('',(-2.181238309718,-2.267805543745,0.7610001));
#6621 = CARTESIAN_POINT('',(-2.112978202512,-2.267805543745,0.7610001));
#6622 = ADVANCED_FACE('',(#6623),#6639,.T.);
#6623 = FACE_BOUND('',#6624,.T.);
#6624 = EDGE_LOOP('',(#6625,#6632,#6633,#6634));
#6625 = ORIENTED_EDGE('',*,*,#6626,.F.);
#6626 = EDGE_CURVE('',#6601,#6627,#6629,.T.);
#6627 = VERTEX_POINT('',#6628);
#6628 = CARTESIAN_POINT('',(-2.14370304894,-2.183273225148,0.7600001));
#6629 = B_SPLINE_CURVE_WITH_KNOTS('',1,(#6630,#6631),.UNSPECIFIED.,.F.,
  .F.,(2,2),(1.51702575253E-16,8.994292120821E-02),
  .PIECEWISE_BEZIER_KNOTS.);
#6630 = CARTESIAN_POINT('',(-2.112978202512,-2.267805543745,0.7600001));
#6631 = CARTESIAN_POINT('',(-2.14370304894,-2.183273225148,0.7600001));
#6632 = ORIENTED_EDGE('',*,*,#6613,.F.);
#6633 = ORIENTED_EDGE('',*,*,#6457,.T.);
#6634 = ORIENTED_EDGE('',*,*,#6635,.T.);
#6635 = EDGE_CURVE('',#6449,#6627,#6636,.T.);
#6636 = B_SPLINE_CURVE_WITH_KNOTS('',1,(#6637,#6638),.UNSPECIFIED.,.F.,
  .F.,(2,2),(-0.,1.E-03),.PIECEWISE_BEZIER_KNOTS.);
#6637 = CARTESIAN_POINT('',(-2.14370304894,-2.183273225148,0.7610001));
#6638 = CARTESIAN_POINT('',(-2.14370304894,-2.183273225148,0.7600001));
#6639 = B_SPLINE_SURFACE_WITH_KNOTS('',1,1,(
    (#6640,#6641)
    ,(#6642,#6643
    )),.UNSPECIFIED.,.F.,.F.,.F.,(2,2),(2,2),(-8.994292120821E-02,0.),(
    -1.E-03,0.),.PIECEWISE_BEZIER_KNOTS.);
#6640 = CARTESIAN_POINT('',(-2.14370304894,-2.183273225148,0.7600001));
#6641 = CARTESIAN_POINT('',(-2.14370304894,-2.183273225148,0.7610001));
#6642 = CARTESIAN_POINT('',(-2.112978202512,-2.267805543745,0.7600001));
#6643 = CARTESIAN_POINT('',(-2.112978202512,-2.267805543745,0.7610001));
#6644 = ADVANCED_FACE('',(#6645),#6663,.T.);
#6645 = FACE_BOUND('',#6646,.T.);
#6646 = EDGE_LOOP('',(#6647,#6656,#6657,#6658));
#6647 = ORIENTED_EDGE('',*,*,#6648,.F.);
#6648 = EDGE_CURVE('',#6627,#6649,#6651,.T.);
#6649 = VERTEX_POINT('',#6650);
#6650 = CARTESIAN_POINT('',(-2.146874310584,-2.169028541695,0.7600001));
#6651 = B_SPLINE_CURVE_WITH_KNOTS('',3,(#6652,#6653,#6654,#6655),
  .UNSPECIFIED.,.F.,.F.,(4,4),(1.,2.),.PIECEWISE_BEZIER_KNOTS.);
#6652 = CARTESIAN_POINT('',(-2.14370304894,-2.183273225148,0.7600001));
#6653 = CARTESIAN_POINT('',(-2.14469081896,-2.180465878774,0.7600001));
#6654 = CARTESIAN_POINT('',(-2.145730576878,-2.175786968151,0.7600001));
#6655 = CARTESIAN_POINT('',(-2.146874310584,-2.169028541695,0.7600001));
#6656 = ORIENTED_EDGE('',*,*,#6635,.F.);
#6657 = ORIENTED_EDGE('',*,*,#6448,.T.);
#6658 = ORIENTED_EDGE('',*,*,#6659,.T.);
#6659 = EDGE_CURVE('',#6442,#6649,#6660,.T.);
#6660 = B_SPLINE_CURVE_WITH_KNOTS('',1,(#6661,#6662),.UNSPECIFIED.,.F.,
  .F.,(2,2),(-0.,1.E-03),.PIECEWISE_BEZIER_KNOTS.);
#6661 = CARTESIAN_POINT('',(-2.146874310584,-2.169028541695,0.7610001));
#6662 = CARTESIAN_POINT('',(-2.146874310584,-2.169028541695,0.7600001));
#6663 = B_SPLINE_SURFACE_WITH_KNOTS('',3,1,(
    (#6664,#6665)
    ,(#6666,#6667)
    ,(#6668,#6669)
    ,(#6670,#6671
    )),.UNSPECIFIED.,.F.,.F.,.F.,(4,4),(2,2),(1.,2.),(0.,1.),
  .PIECEWISE_BEZIER_KNOTS.);
#6664 = CARTESIAN_POINT('',(-2.14370304894,-2.183273225148,0.7610001));
#6665 = CARTESIAN_POINT('',(-2.14370304894,-2.183273225148,0.7600001));
#6666 = CARTESIAN_POINT('',(-2.14469081896,-2.180465878774,0.7610001));
#6667 = CARTESIAN_POINT('',(-2.14469081896,-2.180465878774,0.7600001));
#6668 = CARTESIAN_POINT('',(-2.145730576878,-2.175786968151,0.7610001));
#6669 = CARTESIAN_POINT('',(-2.145730576878,-2.175786968151,0.7600001));
#6670 = CARTESIAN_POINT('',(-2.146874310584,-2.169028541695,0.7610001));
#6671 = CARTESIAN_POINT('',(-2.146874310584,-2.169028541695,0.7600001));
#6672 = ADVANCED_FACE('',(#6673),#6689,.T.);
#6673 = FACE_BOUND('',#6674,.T.);
#6674 = EDGE_LOOP('',(#6675,#6682,#6683,#6684));
#6675 = ORIENTED_EDGE('',*,*,#6676,.F.);
#6676 = EDGE_CURVE('',#6649,#6677,#6679,.T.);
#6677 = VERTEX_POINT('',#6678);
#6678 = CARTESIAN_POINT('',(-2.147498165335,-2.169028541695,0.7600001));
#6679 = B_SPLINE_CURVE_WITH_KNOTS('',1,(#6680,#6681),.UNSPECIFIED.,.F.,
  .F.,(2,2),(0.,6.238547504669E-04),.PIECEWISE_BEZIER_KNOTS.);
#6680 = CARTESIAN_POINT('',(-2.146874310584,-2.169028541695,0.7600001));
#6681 = CARTESIAN_POINT('',(-2.147498165335,-2.169028541695,0.7600001));
#6682 = ORIENTED_EDGE('',*,*,#6659,.F.);
#6683 = ORIENTED_EDGE('',*,*,#6441,.T.);
#6684 = ORIENTED_EDGE('',*,*,#6685,.T.);
#6685 = EDGE_CURVE('',#6433,#6677,#6686,.T.);
#6686 = B_SPLINE_CURVE_WITH_KNOTS('',1,(#6687,#6688),.UNSPECIFIED.,.F.,
  .F.,(2,2),(-0.,1.E-03),.PIECEWISE_BEZIER_KNOTS.);
#6687 = CARTESIAN_POINT('',(-2.147498165335,-2.169028541695,0.7610001));
#6688 = CARTESIAN_POINT('',(-2.147498165335,-2.169028541695,0.7600001));
#6689 = B_SPLINE_SURFACE_WITH_KNOTS('',1,1,(
    (#6690,#6691)
    ,(#6692,#6693)),.UNSPECIFIED.,.F.,.F.,.F.,(2,2),(2,2),(0.,1.E-03),(
    -6.238547504669E-04,0.),.PIECEWISE_BEZIER_KNOTS.);
#6690 = CARTESIAN_POINT('',(-2.147498165335,-2.169028541695,0.7610001));
#6691 = CARTESIAN_POINT('',(-2.146874310584,-2.169028541695,0.7610001));
#6692 = CARTESIAN_POINT('',(-2.147498165335,-2.169028541695,0.7600001));
#6693 = CARTESIAN_POINT('',(-2.146874310584,-2.169028541695,0.7600001));
#6694 = ADVANCED_FACE('',(#6695),#6713,.T.);
#6695 = FACE_BOUND('',#6696,.T.);
#6696 = EDGE_LOOP('',(#6697,#6706,#6707,#6708));
#6697 = ORIENTED_EDGE('',*,*,#6698,.F.);
#6698 = EDGE_CURVE('',#6677,#6699,#6701,.T.);
#6699 = VERTEX_POINT('',#6700);
#6700 = CARTESIAN_POINT('',(-2.150825390667,-2.183273225148,0.7600001));
#6701 = B_SPLINE_CURVE_WITH_KNOTS('',3,(#6702,#6703,#6704,#6705),
  .UNSPECIFIED.,.F.,.F.,(4,4),(3.,4.),.PIECEWISE_BEZIER_KNOTS.);
#6702 = CARTESIAN_POINT('',(-2.147498165335,-2.169028541695,0.7600001));
#6703 = CARTESIAN_POINT('',(-2.148485935356,-2.175163113402,0.7600001));
#6704 = CARTESIAN_POINT('',(-2.149577681166,-2.179945999817,0.7600001));
#6705 = CARTESIAN_POINT('',(-2.150825390667,-2.183273225148,0.7600001));
#6706 = ORIENTED_EDGE('',*,*,#6685,.F.);
#6707 = ORIENTED_EDGE('',*,*,#6432,.T.);
#6708 = ORIENTED_EDGE('',*,*,#6709,.T.);
#6709 = EDGE_CURVE('',#6426,#6699,#6710,.T.);
#6710 = B_SPLINE_CURVE_WITH_KNOTS('',1,(#6711,#6712),.UNSPECIFIED.,.F.,
  .F.,(2,2),(-0.,1.E-03),.PIECEWISE_BEZIER_KNOTS.);
#6711 = CARTESIAN_POINT('',(-2.150825390667,-2.183273225148,0.7610001));
#6712 = CARTESIAN_POINT('',(-2.150825390667,-2.183273225148,0.7600001));
#6713 = B_SPLINE_SURFACE_WITH_KNOTS('',3,1,(
    (#6714,#6715)
    ,(#6716,#6717)
    ,(#6718,#6719)
    ,(#6720,#6721
    )),.UNSPECIFIED.,.F.,.F.,.F.,(4,4),(2,2),(3.,4.),(0.,1.),
  .PIECEWISE_BEZIER_KNOTS.);
#6714 = CARTESIAN_POINT('',(-2.147498165335,-2.169028541695,0.7610001));
#6715 = CARTESIAN_POINT('',(-2.147498165335,-2.169028541695,0.7600001));
#6716 = CARTESIAN_POINT('',(-2.148485935356,-2.175163113402,0.7610001));
#6717 = CARTESIAN_POINT('',(-2.148485935356,-2.175163113402,0.7600001));
#6718 = CARTESIAN_POINT('',(-2.149577681166,-2.179945999817,0.7610001));
#6719 = CARTESIAN_POINT('',(-2.149577681166,-2.179945999817,0.7600001));
#6720 = CARTESIAN_POINT('',(-2.150825390667,-2.183273225148,0.7610001));
#6721 = CARTESIAN_POINT('',(-2.150825390667,-2.183273225148,0.7600001));
#6722 = ADVANCED_FACE('',(#6723),#6733,.T.);
#6723 = FACE_BOUND('',#6724,.T.);
#6724 = EDGE_LOOP('',(#6725,#6730,#6731,#6732));
#6725 = ORIENTED_EDGE('',*,*,#6726,.F.);
#6726 = EDGE_CURVE('',#6699,#6599,#6727,.T.);
#6727 = B_SPLINE_CURVE_WITH_KNOTS('',1,(#6728,#6729),.UNSPECIFIED.,.F.,
  .F.,(2,2),(1.503397558869E-16,8.983684395963E-02),
  .PIECEWISE_BEZIER_KNOTS.);
#6728 = CARTESIAN_POINT('',(-2.150825390667,-2.183273225148,0.7600001));
#6729 = CARTESIAN_POINT('',(-2.181238309718,-2.267805543745,0.7600001));
#6730 = ORIENTED_EDGE('',*,*,#6709,.F.);
#6731 = ORIENTED_EDGE('',*,*,#6425,.T.);
#6732 = ORIENTED_EDGE('',*,*,#6607,.T.);
#6733 = B_SPLINE_SURFACE_WITH_KNOTS('',1,1,(
    (#6734,#6735)
    ,(#6736,#6737
    )),.UNSPECIFIED.,.F.,.F.,.F.,(2,2),(2,2),(-8.983684395963E-02,0.),(
    -1.E-03,0.),.PIECEWISE_BEZIER_KNOTS.);
#6734 = CARTESIAN_POINT('',(-2.181238309718,-2.267805543745,0.7600001));
#6735 = CARTESIAN_POINT('',(-2.181238309718,-2.267805543745,0.7610001));
#6736 = CARTESIAN_POINT('',(-2.150825390667,-2.183273225148,0.7600001));
#6737 = CARTESIAN_POINT('',(-2.150825390667,-2.183273225148,0.7610001));
#6738 = ADVANCED_FACE('',(#6739),#6747,.T.);
#6739 = FACE_BOUND('',#6740,.T.);
#6740 = EDGE_LOOP('',(#6741,#6742,#6743,#6744,#6745,#6746));
#6741 = ORIENTED_EDGE('',*,*,#6598,.T.);
#6742 = ORIENTED_EDGE('',*,*,#6626,.T.);
#6743 = ORIENTED_EDGE('',*,*,#6648,.T.);
#6744 = ORIENTED_EDGE('',*,*,#6676,.T.);
#6745 = ORIENTED_EDGE('',*,*,#6698,.T.);
#6746 = ORIENTED_EDGE('',*,*,#6726,.T.);
#6747 = B_SPLINE_SURFACE_WITH_KNOTS('',1,1,(
    (#6748,#6749)
    ,(#6750,#6751
    )),.UNSPECIFIED.,.F.,.F.,.F.,(2,2),(2,2),(-2.181238309718,
    -2.112978202512),(-2.267805543745,-2.169028541695),
  .PIECEWISE_BEZIER_KNOTS.);
#6748 = CARTESIAN_POINT('',(-2.181238309718,-2.267805543745,0.7600001));
#6749 = CARTESIAN_POINT('',(-2.181238309718,-2.169028541695,0.7600001));
#6750 = CARTESIAN_POINT('',(-2.112978202512,-2.267805543745,0.7600001));
#6751 = CARTESIAN_POINT('',(-2.112978202512,-2.169028541695,0.7600001));
#6752 = ADVANCED_FACE('',(#6753,#7042),#7067,.F.);
#6753 = FACE_BOUND('',#6754,.T.);
#6754 = EDGE_LOOP('',(#6755,#6766,#6775,#6784,#6793,#6802,#6811,#6820,
    #6829,#6838,#6847,#6856,#6865,#6874,#6881,#6888,#6895,#6904,#6913,
    #6922,#6931,#6940,#6949,#6958,#6967,#6976,#6985,#6992,#7001,#7010,
    #7019,#7026,#7035));
#6755 = ORIENTED_EDGE('',*,*,#6756,.T.);
#6756 = EDGE_CURVE('',#6757,#6759,#6761,.T.);
#6757 = VERTEX_POINT('',#6758);
#6758 = CARTESIAN_POINT('',(-3.292575870676,-2.14467838178,0.7610001));
#6759 = VERTEX_POINT('',#6760);
#6760 = CARTESIAN_POINT('',(-3.435728567466,-1.955254112078,0.7610001));
#6761 = B_SPLINE_CURVE_WITH_KNOTS('',3,(#6762,#6763,#6764,#6765),
  .UNSPECIFIED.,.F.,.F.,(4,4),(35.,36.),.PIECEWISE_BEZIER_KNOTS.);
#6762 = CARTESIAN_POINT('',(-3.292575870676,-2.14467838178,0.7610001));
#6763 = CARTESIAN_POINT('',(-3.294021835783,-2.057919206705,0.7610001));
#6764 = CARTESIAN_POINT('',(-3.353307342872,-1.981281870117,0.7610001));
#6765 = CARTESIAN_POINT('',(-3.435728567466,-1.955254112078,0.7610001));
#6766 = ORIENTED_EDGE('',*,*,#6767,.T.);
#6767 = EDGE_CURVE('',#6759,#6768,#6770,.T.);
#6768 = VERTEX_POINT('',#6769);
#6769 = CARTESIAN_POINT('',(-3.513811896741,-1.841021124225,0.7610001));
#6770 = B_SPLINE_CURVE_WITH_KNOTS('',3,(#6771,#6772,#6773,#6774),
  .UNSPECIFIED.,.F.,.F.,(4,4),(0.,1.),.PIECEWISE_BEZIER_KNOTS.);
#6771 = CARTESIAN_POINT('',(-3.435728567466,-1.955254112078,0.7610001));
#6772 = CARTESIAN_POINT('',(-3.451634404279,-1.911874496962,0.7610001));
#6773 = CARTESIAN_POINT('',(-3.479108182584,-1.872832846114,0.7610001));
#6774 = CARTESIAN_POINT('',(-3.513811896741,-1.841021124225,0.7610001));
#6775 = ORIENTED_EDGE('',*,*,#6776,.T.);
#6776 = EDGE_CURVE('',#6768,#6777,#6779,.T.);
#6777 = VERTEX_POINT('',#6778);
#6778 = CARTESIAN_POINT('',(-3.710466129876,-1.765829787217,0.7610001));
#6779 = B_SPLINE_CURVE_WITH_KNOTS('',3,(#6780,#6781,#6782,#6783),
  .UNSPECIFIED.,.F.,.F.,(4,4),(1.,2.),.PIECEWISE_BEZIER_KNOTS.);
#6780 = CARTESIAN_POINT('',(-3.513811896741,-1.841021124225,0.7610001));
#6781 = CARTESIAN_POINT('',(-3.568759398191,-1.793303543113,0.7610001));
#6782 = CARTESIAN_POINT('',(-3.638166771347,-1.765829787217,0.7610001));
#6783 = CARTESIAN_POINT('',(-3.710466129876,-1.765829787217,0.7610001));
#6784 = ORIENTED_EDGE('',*,*,#6785,.T.);
#6785 = EDGE_CURVE('',#6777,#6786,#6788,.T.);
#6786 = VERTEX_POINT('',#6787);
#6787 = CARTESIAN_POINT('',(-3.883984590345,-1.822223288249,0.7610001));
#6788 = B_SPLINE_CURVE_WITH_KNOTS('',3,(#6789,#6790,#6791,#6792),
  .UNSPECIFIED.,.F.,.F.,(4,4),(2.,3.),.PIECEWISE_BEZIER_KNOTS.);
#6789 = CARTESIAN_POINT('',(-3.710466129876,-1.765829787217,0.7610001));
#6790 = CARTESIAN_POINT('',(-3.774089559865,-1.765829787217,0.7610001));
#6791 = CARTESIAN_POINT('',(-3.833375039374,-1.786073607261,0.7610001));
#6792 = CARTESIAN_POINT('',(-3.883984590345,-1.822223288249,0.7610001));
#6793 = ORIENTED_EDGE('',*,*,#6794,.T.);
#6794 = EDGE_CURVE('',#6786,#6795,#6797,.T.);
#6795 = VERTEX_POINT('',#6796);
#6796 = CARTESIAN_POINT('',(-3.947608020333,-1.885846725133,0.7610001));
#6797 = B_SPLINE_CURVE_WITH_KNOTS('',3,(#6798,#6799,#6800,#6801),
  .UNSPECIFIED.,.F.,.F.,(4,4),(3.,4.),.PIECEWISE_BEZIER_KNOTS.);
#6798 = CARTESIAN_POINT('',(-3.883984590345,-1.822223288249,0.7610001));
#6799 = CARTESIAN_POINT('',(-3.908566383276,-1.839575138433,0.7610001));
#6800 = CARTESIAN_POINT('',(-3.928810198148,-1.861264945991,0.7610001));
#6801 = CARTESIAN_POINT('',(-3.947608020333,-1.885846725133,0.7610001));
#6802 = ORIENTED_EDGE('',*,*,#6803,.T.);
#6803 = EDGE_CURVE('',#6795,#6804,#6806,.T.);
#6804 = VERTEX_POINT('',#6805);
#6805 = CARTESIAN_POINT('',(-3.980865714225,-1.88295475355,0.7610001));
#6806 = B_SPLINE_CURVE_WITH_KNOTS('',3,(#6807,#6808,#6809,#6810),
  .UNSPECIFIED.,.F.,.F.,(4,4),(4.,5.),.PIECEWISE_BEZIER_KNOTS.);
#6807 = CARTESIAN_POINT('',(-3.947608020333,-1.885846725133,0.7610001));
#6808 = CARTESIAN_POINT('',(-3.959175906666,-1.884400732446,0.7610001));
#6809 = CARTESIAN_POINT('',(-3.969297827892,-1.88295475355,0.7610001));
#6810 = CARTESIAN_POINT('',(-3.980865714225,-1.88295475355,0.7610001));
#6811 = ORIENTED_EDGE('',*,*,#6812,.T.);
#6812 = EDGE_CURVE('',#6804,#6813,#6815,.T.);
#6813 = VERTEX_POINT('',#6814);
#6814 = CARTESIAN_POINT('',(-4.14715423884,-1.952362140495,0.7610001));
#6815 = B_SPLINE_CURVE_WITH_KNOTS('',3,(#6816,#6817,#6818,#6819),
  .UNSPECIFIED.,.F.,.F.,(4,4),(5.,6.),.PIECEWISE_BEZIER_KNOTS.);
#6816 = CARTESIAN_POINT('',(-3.980865714225,-1.88295475355,0.7610001));
#6817 = CARTESIAN_POINT('',(-4.043043165317,-1.88295475355,0.7610001));
#6818 = CARTESIAN_POINT('',(-4.102328631037,-1.907536532691,0.7610001));
#6819 = CARTESIAN_POINT('',(-4.14715423884,-1.952362140495,0.7610001));
#6820 = ORIENTED_EDGE('',*,*,#6821,.T.);
#6821 = EDGE_CURVE('',#6813,#6822,#6824,.T.);
#6822 = VERTEX_POINT('',#6823);
#6823 = CARTESIAN_POINT('',(-4.215115674469,-2.117204658634,0.7610001));
#6824 = B_SPLINE_CURVE_WITH_KNOTS('',3,(#6825,#6826,#6827,#6828),
  .UNSPECIFIED.,.F.,.F.,(4,4),(6.,7.),.PIECEWISE_BEZIER_KNOTS.);
#6825 = CARTESIAN_POINT('',(-4.14715423884,-1.952362140495,0.7610001));
#6826 = CARTESIAN_POINT('',(-4.19053389188,-1.995741741823,0.7610001));
#6827 = CARTESIAN_POINT('',(-4.215115674469,-2.055027221333,0.7610001));
#6828 = CARTESIAN_POINT('',(-4.215115674469,-2.117204658634,0.7610001));
#6829 = ORIENTED_EDGE('',*,*,#6830,.T.);
#6830 = EDGE_CURVE('',#6822,#6831,#6833,.T.);
#6831 = VERTEX_POINT('',#6832);
#6832 = CARTESIAN_POINT('',(-4.154384216063,-2.274817227131,0.7610001));
#6833 = B_SPLINE_CURVE_WITH_KNOTS('',3,(#6834,#6835,#6836,#6837),
  .UNSPECIFIED.,.F.,.F.,(4,4),(7.,8.),.PIECEWISE_BEZIER_KNOTS.);
#6834 = CARTESIAN_POINT('',(-4.215115674469,-2.117204658634,0.7610001));
#6835 = CARTESIAN_POINT('',(-4.215115674469,-2.175044145458,0.7610001));
#6836 = CARTESIAN_POINT('',(-4.193425866911,-2.231437667174,0.7610001));
#6837 = CARTESIAN_POINT('',(-4.154384216063,-2.274817227131,0.7610001));
#6838 = ORIENTED_EDGE('',*,*,#6839,.T.);
#6839 = EDGE_CURVE('',#6831,#6840,#6842,.T.);
#6840 = VERTEX_POINT('',#6841);
#6841 = CARTESIAN_POINT('',(-4.038705242418,-2.344224600287,0.7610001));
#6842 = B_SPLINE_CURVE_WITH_KNOTS('',3,(#6843,#6844,#6845,#6846),
  .UNSPECIFIED.,.F.,.F.,(4,4),(8.,9.),.PIECEWISE_BEZIER_KNOTS.);
#6843 = CARTESIAN_POINT('',(-4.154384216063,-2.274817227131,0.7610001));
#6844 = CARTESIAN_POINT('',(-4.122572501069,-2.30952094129,0.7610001));
#6845 = CARTESIAN_POINT('',(-4.083530836431,-2.332656713954,0.7610001));
#6846 = CARTESIAN_POINT('',(-4.038705242418,-2.344224600287,0.7610001));
#6847 = ORIENTED_EDGE('',*,*,#6848,.T.);
#6848 = EDGE_CURVE('',#6840,#6849,#6851,.T.);
#6849 = VERTEX_POINT('',#6850);
#6850 = CARTESIAN_POINT('',(-3.901336447423,-2.442551716854,0.7610001));
#6851 = B_SPLINE_CURVE_WITH_KNOTS('',3,(#6852,#6853,#6854,#6855),
  .UNSPECIFIED.,.F.,.F.,(4,4),(9.,10.),.PIECEWISE_BEZIER_KNOTS.);
#6852 = CARTESIAN_POINT('',(-4.038705242418,-2.344224600287,0.7610001));
#6853 = CARTESIAN_POINT('',(-4.019907406443,-2.40206408711,0.7610001));
#6854 = CARTESIAN_POINT('',(-3.964959904993,-2.442551716854,0.7610001));
#6855 = CARTESIAN_POINT('',(-3.901336447423,-2.442551716854,0.7610001));
#6856 = ORIENTED_EDGE('',*,*,#6857,.T.);
#6857 = EDGE_CURVE('',#6849,#6858,#6860,.T.);
#6858 = VERTEX_POINT('',#6859);
#6859 = CARTESIAN_POINT('',(-3.756737730365,-2.297952999797,0.7610001));
#6860 = B_SPLINE_CURVE_WITH_KNOTS('',3,(#6861,#6862,#6863,#6864),
  .UNSPECIFIED.,.F.,.F.,(4,4),(10.,11.),.PIECEWISE_BEZIER_KNOTS.);
#6861 = CARTESIAN_POINT('',(-3.901336447423,-2.442551716854,0.7610001));
#6862 = CARTESIAN_POINT('',(-3.821807153042,-2.442551716854,0.7610001));
#6863 = CARTESIAN_POINT('',(-3.756737730365,-2.377482294179,0.7610001));
#6864 = CARTESIAN_POINT('',(-3.756737730365,-2.297952999797,0.7610001));
#6865 = ORIENTED_EDGE('',*,*,#6866,.T.);
#6866 = EDGE_CURVE('',#6858,#6867,#6869,.T.);
#6867 = VERTEX_POINT('',#6868);
#6868 = CARTESIAN_POINT('',(-3.756737730365,-2.28349312809,0.7610001));
#6869 = B_SPLINE_CURVE_WITH_KNOTS('',3,(#6870,#6871,#6872,#6873),
  .UNSPECIFIED.,.F.,.F.,(4,4),(11.,12.),.PIECEWISE_BEZIER_KNOTS.);
#6870 = CARTESIAN_POINT('',(-3.756737730365,-2.297952999797,0.7610001));
#6871 = CARTESIAN_POINT('',(-3.756737730365,-2.293615049317,0.7610001));
#6872 = CARTESIAN_POINT('',(-3.756737730365,-2.289277098837,0.7610001));
#6873 = CARTESIAN_POINT('',(-3.756737730365,-2.28349312809,0.7610001));
#6874 = ORIENTED_EDGE('',*,*,#6875,.T.);
#6875 = EDGE_CURVE('',#6867,#6876,#6878,.T.);
#6876 = VERTEX_POINT('',#6877);
#6877 = CARTESIAN_POINT('',(-3.554299526485,-2.176490082984,0.7610001));
#6878 = B_SPLINE_CURVE_WITH_KNOTS('',1,(#6879,#6880),.UNSPECIFIED.,.F.,
  .F.,(2,2),(0.,0.228977898611),.PIECEWISE_BEZIER_KNOTS.);
#6879 = CARTESIAN_POINT('',(-3.756737730365,-2.28349312809,0.7610001));
#6880 = CARTESIAN_POINT('',(-3.554299526485,-2.176490082984,0.7610001));
#6881 = ORIENTED_EDGE('',*,*,#6882,.T.);
#6882 = EDGE_CURVE('',#6876,#6883,#6885,.T.);
#6883 = VERTEX_POINT('',#6884);
#6884 = CARTESIAN_POINT('',(-3.599125106709,-2.099852746396,0.7610001));
#6885 = B_SPLINE_CURVE_WITH_KNOTS('',1,(#6886,#6887),.UNSPECIFIED.,.F.,
  .F.,(2,2),(0.,8.878408642163E-02),.PIECEWISE_BEZIER_KNOTS.);
#6886 = CARTESIAN_POINT('',(-3.554299526485,-2.176490082984,0.7610001));
#6887 = CARTESIAN_POINT('',(-3.599125106709,-2.099852746396,0.7610001));
#6888 = ORIENTED_EDGE('',*,*,#6889,.T.);
#6889 = EDGE_CURVE('',#6883,#6890,#6892,.T.);
#6890 = VERTEX_POINT('',#6891);
#6891 = CARTESIAN_POINT('',(-3.79288738205,-2.201071848336,0.7610001));
#6892 = B_SPLINE_CURVE_WITH_KNOTS('',1,(#6893,#6894),.UNSPECIFIED.,.F.,
  .F.,(2,2),(0.,0.218607241286),.PIECEWISE_BEZIER_KNOTS.);
#6893 = CARTESIAN_POINT('',(-3.599125106709,-2.099852746396,0.7610001));
#6894 = CARTESIAN_POINT('',(-3.79288738205,-2.201071848336,0.7610001));
#6895 = ORIENTED_EDGE('',*,*,#6896,.T.);
#6896 = EDGE_CURVE('',#6890,#6897,#6899,.T.);
#6897 = VERTEX_POINT('',#6898);
#6898 = CARTESIAN_POINT('',(-3.901336419843,-2.151908290052,0.7610001));
#6899 = B_SPLINE_CURVE_WITH_KNOTS('',3,(#6900,#6901,#6902,#6903),
  .UNSPECIFIED.,.F.,.F.,(4,4),(15.,16.),.PIECEWISE_BEZIER_KNOTS.);
#6900 = CARTESIAN_POINT('',(-3.79288738205,-2.201071848336,0.7610001));
#6901 = CARTESIAN_POINT('',(-3.818915140089,-2.170706112238,0.7610001));
#6902 = CARTESIAN_POINT('',(-3.857956804726,-2.151908290052,0.7610001));
#6903 = CARTESIAN_POINT('',(-3.901336419843,-2.151908290052,0.7610001));
#6904 = ORIENTED_EDGE('',*,*,#6905,.T.);
#6905 = EDGE_CURVE('',#6897,#6906,#6908,.T.);
#6906 = VERTEX_POINT('',#6907);
#6907 = CARTESIAN_POINT('',(-4.037259208361,-2.247343448826,0.7610001));
#6908 = B_SPLINE_CURVE_WITH_KNOTS('',3,(#6909,#6910,#6911,#6912),
  .UNSPECIFIED.,.F.,.F.,(4,4),(16.,17.),.PIECEWISE_BEZIER_KNOTS.);
#6909 = CARTESIAN_POINT('',(-3.901336419843,-2.151908290052,0.7610001));
#6910 = CARTESIAN_POINT('',(-3.963513884726,-2.151908290052,0.7610001));
#6911 = CARTESIAN_POINT('',(-4.017015393489,-2.192395919796,0.7610001));
#6912 = CARTESIAN_POINT('',(-4.037259208361,-2.247343448826,0.7610001));
#6913 = ORIENTED_EDGE('',*,*,#6914,.T.);
#6914 = EDGE_CURVE('',#6906,#6915,#6917,.T.);
#6915 = VERTEX_POINT('',#6916);
#6916 = CARTESIAN_POINT('',(-4.124018438595,-2.114312618101,0.7610001));
#6917 = B_SPLINE_CURVE_WITH_KNOTS('',3,(#6918,#6919,#6920,#6921),
  .UNSPECIFIED.,.F.,.F.,(4,4),(17.,18.),.PIECEWISE_BEZIER_KNOTS.);
#6918 = CARTESIAN_POINT('',(-4.037259208361,-2.247343448826,0.7610001));
#6919 = CARTESIAN_POINT('',(-4.087868759331,-2.224207648581,0.7610001));
#6920 = CARTESIAN_POINT('',(-4.124018438595,-2.173598097612,0.7610001));
#6921 = CARTESIAN_POINT('',(-4.124018438595,-2.114312618101,0.7610001));
#6922 = ORIENTED_EDGE('',*,*,#6923,.T.);
#6923 = EDGE_CURVE('',#6915,#6924,#6926,.T.);
#6924 = VERTEX_POINT('',#6925);
#6925 = CARTESIAN_POINT('',(-3.979419721539,-1.969713901044,0.7610001));
#6926 = B_SPLINE_CURVE_WITH_KNOTS('',3,(#6927,#6928,#6929,#6930),
  .UNSPECIFIED.,.F.,.F.,(4,4),(18.,19.),.PIECEWISE_BEZIER_KNOTS.);
#6927 = CARTESIAN_POINT('',(-4.124018438595,-2.114312618101,0.7610001));
#6928 = CARTESIAN_POINT('',(-4.124018438595,-2.03478332372,0.7610001));
#6929 = CARTESIAN_POINT('',(-4.05894901592,-1.969713901044,0.7610001));
#6930 = CARTESIAN_POINT('',(-3.979419721539,-1.969713901044,0.7610001));
#6931 = ORIENTED_EDGE('',*,*,#6932,.T.);
#6932 = EDGE_CURVE('',#6924,#6933,#6935,.T.);
#6933 = VERTEX_POINT('',#6934);
#6934 = CARTESIAN_POINT('',(-3.90278241253,-1.991403708604,0.7610001));
#6935 = B_SPLINE_CURVE_WITH_KNOTS('',3,(#6936,#6937,#6938,#6939),
  .UNSPECIFIED.,.F.,.F.,(4,4),(19.,20.),.PIECEWISE_BEZIER_KNOTS.);
#6936 = CARTESIAN_POINT('',(-3.979419721539,-1.969713901044,0.7610001));
#6937 = CARTESIAN_POINT('',(-3.951945970813,-1.969713901044,0.7610001));
#6938 = CARTESIAN_POINT('',(-3.924472220088,-1.978389829583,0.7610001));
#6939 = CARTESIAN_POINT('',(-3.90278241253,-1.991403708604,0.7610001));
#6940 = ORIENTED_EDGE('',*,*,#6941,.T.);
#6941 = EDGE_CURVE('',#6933,#6942,#6944,.T.);
#6942 = VERTEX_POINT('',#6943);
#6943 = CARTESIAN_POINT('',(-3.709020164769,-1.852589017452,0.7610001));
#6944 = B_SPLINE_CURVE_WITH_KNOTS('',3,(#6945,#6946,#6947,#6948),
  .UNSPECIFIED.,.F.,.F.,(4,4),(20.,21.),.PIECEWISE_BEZIER_KNOTS.);
#6945 = CARTESIAN_POINT('',(-3.90278241253,-1.991403708604,0.7610001));
#6946 = CARTESIAN_POINT('',(-3.875308689385,-1.910428504274,0.7610001));
#6947 = CARTESIAN_POINT('',(-3.800117345483,-1.852589017452,0.7610001));
#6948 = CARTESIAN_POINT('',(-3.709020164769,-1.852589017452,0.7610001));
#6949 = ORIENTED_EDGE('',*,*,#6950,.T.);
#6950 = EDGE_CURVE('',#6942,#6951,#6953,.T.);
#6951 = VERTEX_POINT('',#6952);
#6952 = CARTESIAN_POINT('',(-3.506581960889,-2.033337413773,0.7610001));
#6953 = B_SPLINE_CURVE_WITH_KNOTS('',3,(#6954,#6955,#6956,#6957),
  .UNSPECIFIED.,.F.,.F.,(4,4),(21.,22.),.PIECEWISE_BEZIER_KNOTS.);
#6954 = CARTESIAN_POINT('',(-3.709020164769,-1.852589017452,0.7610001));
#6955 = CARTESIAN_POINT('',(-3.604909077455,-1.852589017452,0.7610001));
#6956 = CARTESIAN_POINT('',(-3.518149847221,-1.932118311834,0.7610001));
#6957 = CARTESIAN_POINT('',(-3.506581960889,-2.033337413773,0.7610001));
#6958 = ORIENTED_EDGE('',*,*,#6959,.T.);
#6959 = EDGE_CURVE('',#6951,#6960,#6962,.T.);
#6960 = VERTEX_POINT('',#6961);
#6961 = CARTESIAN_POINT('',(-3.495014074556,-2.033337413773,0.7610001));
#6962 = B_SPLINE_CURVE_WITH_KNOTS('',3,(#6963,#6964,#6965,#6966),
  .UNSPECIFIED.,.F.,.F.,(4,4),(22.,23.),.PIECEWISE_BEZIER_KNOTS.);
#6963 = CARTESIAN_POINT('',(-3.506581960889,-2.033337413773,0.7610001));
#6964 = CARTESIAN_POINT('',(-3.502244010409,-2.033337413773,0.7610001));
#6965 = CARTESIAN_POINT('',(-3.499352025036,-2.033337413773,0.7610001));
#6966 = CARTESIAN_POINT('',(-3.495014074556,-2.033337413773,0.7610001));
#6967 = ORIENTED_EDGE('',*,*,#6968,.T.);
#6968 = EDGE_CURVE('',#6960,#6969,#6971,.T.);
#6969 = VERTEX_POINT('',#6970);
#6970 = CARTESIAN_POINT('',(-3.382227086283,-2.146124402046,0.7610001));
#6971 = B_SPLINE_CURVE_WITH_KNOTS('',3,(#6972,#6973,#6974,#6975),
  .UNSPECIFIED.,.F.,.F.,(4,4),(23.,24.),.PIECEWISE_BEZIER_KNOTS.);
#6972 = CARTESIAN_POINT('',(-3.495014074556,-2.033337413773,0.7610001));
#6973 = CARTESIAN_POINT('',(-3.432836637253,-2.033337413773,0.7610001));
#6974 = CARTESIAN_POINT('',(-3.382227086283,-2.083946964743,0.7610001));
#6975 = CARTESIAN_POINT('',(-3.382227086283,-2.146124402046,0.7610001));
#6976 = ORIENTED_EDGE('',*,*,#6977,.T.);
#6977 = EDGE_CURVE('',#6969,#6978,#6980,.T.);
#6978 = VERTEX_POINT('',#6979);
#6979 = CARTESIAN_POINT('',(-3.486338173596,-2.258911390318,0.7610001));
#6980 = B_SPLINE_CURVE_WITH_KNOTS('',3,(#6981,#6982,#6983,#6984),
  .UNSPECIFIED.,.F.,.F.,(4,4),(24.,25.),.PIECEWISE_BEZIER_KNOTS.);
#6981 = CARTESIAN_POINT('',(-3.382227086283,-2.146124402046,0.7610001));
#6982 = CARTESIAN_POINT('',(-3.382227086283,-2.205409881556,0.7610001));
#6983 = CARTESIAN_POINT('',(-3.427052666507,-2.254573439838,0.7610001));
#6984 = CARTESIAN_POINT('',(-3.486338173596,-2.258911390318,0.7610001));
#6985 = ORIENTED_EDGE('',*,*,#6986,.T.);
#6986 = EDGE_CURVE('',#6978,#6987,#6989,.T.);
#6987 = VERTEX_POINT('',#6988);
#6988 = CARTESIAN_POINT('',(-3.551407596272,-2.258911390318,0.7610001));
#6989 = B_SPLINE_CURVE_WITH_KNOTS('',1,(#6990,#6991),.UNSPECIFIED.,.F.,
  .F.,(2,2),(0.,6.506942267584E-02),.PIECEWISE_BEZIER_KNOTS.);
#6990 = CARTESIAN_POINT('',(-3.486338173596,-2.258911390318,0.7610001));
#6991 = CARTESIAN_POINT('',(-3.551407596272,-2.258911390318,0.7610001));
#6992 = ORIENTED_EDGE('',*,*,#6993,.T.);
#6993 = EDGE_CURVE('',#6987,#6994,#6996,.T.);
#6994 = VERTEX_POINT('',#6995);
#6995 = CARTESIAN_POINT('',(-3.560083497232,-2.257465425212,0.7610001));
#6996 = B_SPLINE_CURVE_WITH_KNOTS('',3,(#6997,#6998,#6999,#7000),
  .UNSPECIFIED.,.F.,.F.,(4,4),(26.,27.),.PIECEWISE_BEZIER_KNOTS.);
#6997 = CARTESIAN_POINT('',(-3.551407596272,-2.258911390318,0.7610001));
#6998 = CARTESIAN_POINT('',(-3.554299581645,-2.258911390318,0.7610001));
#6999 = CARTESIAN_POINT('',(-3.557191567018,-2.257465425212,0.7610001));
#7000 = CARTESIAN_POINT('',(-3.560083497232,-2.257465425212,0.7610001));
#7001 = ORIENTED_EDGE('',*,*,#7002,.T.);
#7002 = EDGE_CURVE('',#6994,#7003,#7005,.T.);
#7003 = VERTEX_POINT('',#7004);
#7004 = CARTESIAN_POINT('',(-3.604909077455,-2.302291005436,0.7610001));
#7005 = B_SPLINE_CURVE_WITH_KNOTS('',3,(#7006,#7007,#7008,#7009),
  .UNSPECIFIED.,.F.,.F.,(4,4),(27.,28.),.PIECEWISE_BEZIER_KNOTS.);
#7006 = CARTESIAN_POINT('',(-3.560083497232,-2.257465425212,0.7610001));
#7007 = CARTESIAN_POINT('',(-3.584665290163,-2.257465425212,0.7610001));
#7008 = CARTESIAN_POINT('',(-3.604909077455,-2.277709267664,0.7610001));
#7009 = CARTESIAN_POINT('',(-3.604909077455,-2.302291005436,0.7610001));
#7010 = ORIENTED_EDGE('',*,*,#7011,.T.);
#7011 = EDGE_CURVE('',#7003,#7012,#7014,.T.);
#7012 = VERTEX_POINT('',#7013);
#7013 = CARTESIAN_POINT('',(-3.562975427445,-2.34711658566,0.7610001));
#7014 = B_SPLINE_CURVE_WITH_KNOTS('',3,(#7015,#7016,#7017,#7018),
  .UNSPECIFIED.,.F.,.F.,(4,4),(28.,29.),.PIECEWISE_BEZIER_KNOTS.);
#7015 = CARTESIAN_POINT('',(-3.604909077455,-2.302291005436,0.7610001));
#7016 = CARTESIAN_POINT('',(-3.604909077455,-2.325426778101,0.7610001));
#7017 = CARTESIAN_POINT('',(-3.58611125527,-2.345670620554,0.7610001));
#7018 = CARTESIAN_POINT('',(-3.562975427445,-2.34711658566,0.7610001));
#7019 = ORIENTED_EDGE('',*,*,#7020,.T.);
#7020 = EDGE_CURVE('',#7012,#7021,#7023,.T.);
#7021 = VERTEX_POINT('',#7022);
#7022 = CARTESIAN_POINT('',(-3.477662217477,-2.34711658566,0.7610001));
#7023 = B_SPLINE_CURVE_WITH_KNOTS('',1,(#7024,#7025),.UNSPECIFIED.,.F.,
  .F.,(2,2),(0.,8.531320996817E-02),.PIECEWISE_BEZIER_KNOTS.);
#7024 = CARTESIAN_POINT('',(-3.562975427445,-2.34711658566,0.7610001));
#7025 = CARTESIAN_POINT('',(-3.477662217477,-2.34711658566,0.7610001));
#7026 = ORIENTED_EDGE('',*,*,#7027,.T.);
#7027 = EDGE_CURVE('',#7021,#7028,#7030,.T.);
#7028 = VERTEX_POINT('',#7029);
#7029 = CARTESIAN_POINT('',(-3.346077407019,-2.282047162984,0.7610001));
#7030 = B_SPLINE_CURVE_WITH_KNOTS('',3,(#7031,#7032,#7033,#7034),
  .UNSPECIFIED.,.F.,.F.,(4,4),(33.,34.),.PIECEWISE_BEZIER_KNOTS.);
#7031 = CARTESIAN_POINT('',(-3.477662217477,-2.34711658566,0.7610001));
#7032 = CARTESIAN_POINT('',(-3.427052666507,-2.34277863518,0.7610001));
#7033 = CARTESIAN_POINT('',(-3.380781066016,-2.319642807355,0.7610001));
#7034 = CARTESIAN_POINT('',(-3.346077407019,-2.282047162984,0.7610001));
#7035 = ORIENTED_EDGE('',*,*,#7036,.T.);
#7036 = EDGE_CURVE('',#7028,#6757,#7037,.T.);
#7037 = B_SPLINE_CURVE_WITH_KNOTS('',3,(#7038,#7039,#7040,#7041),
  .UNSPECIFIED.,.F.,.F.,(4,4),(34.,35.),.PIECEWISE_BEZIER_KNOTS.);
#7038 = CARTESIAN_POINT('',(-3.346077407019,-2.282047162984,0.7610001));
#7039 = CARTESIAN_POINT('',(-3.311373692861,-2.244451518613,0.7610001));
#7040 = CARTESIAN_POINT('',(-3.292575870676,-2.19528793275,0.7610001));
#7041 = CARTESIAN_POINT('',(-3.292575870676,-2.14467838178,0.7610001));
#7042 = FACE_BOUND('',#7043,.T.);
#7043 = EDGE_LOOP('',(#7044,#7058));
#7044 = ORIENTED_EDGE('',*,*,#7045,.F.);
#7045 = EDGE_CURVE('',#7046,#7048,#7050,.T.);
#7046 = VERTEX_POINT('',#7047);
#7047 = CARTESIAN_POINT('',(-3.90278244011,-2.355792596939,0.7610001));
#7048 = VERTEX_POINT('',#7049);
#7049 = CARTESIAN_POINT('',(-3.90278244011,-2.243005553507,0.7610001));
#7050 = B_SPLINE_CURVE_WITH_KNOTS('',3,(#7051,#7052,#7053,#7054,#7055,
    #7056,#7057),.UNSPECIFIED.,.F.,.F.,(4,3,4),(0.,1.,2.),
  .PIECEWISE_BEZIER_KNOTS.);
#7051 = CARTESIAN_POINT('',(-3.90278244011,-2.355792596939,0.7610001));
#7052 = CARTESIAN_POINT('',(-3.870970738906,-2.355792596939,0.7610001));
#7053 = CARTESIAN_POINT('',(-3.846388945974,-2.329764783741,0.7610001));
#7054 = CARTESIAN_POINT('',(-3.846388945974,-2.299399075223,0.7610001));
#7055 = CARTESIAN_POINT('',(-3.846388945974,-2.267587346439,0.7610001));
#7056 = CARTESIAN_POINT('',(-3.872416704012,-2.243005553507,0.7610001));
#7057 = CARTESIAN_POINT('',(-3.90278244011,-2.243005553507,0.7610001));
#7058 = ORIENTED_EDGE('',*,*,#7059,.F.);
#7059 = EDGE_CURVE('',#7048,#7046,#7060,.T.);
#7060 = B_SPLINE_CURVE_WITH_KNOTS('',3,(#7061,#7062,#7063,#7064,#7065,
    #7066),.UNSPECIFIED.,.F.,.F.,(4,2,4),(2.,3.,4.),.UNSPECIFIED.);
#7061 = CARTESIAN_POINT('',(-3.90278244011,-2.243005553507,0.7610001));
#7062 = CARTESIAN_POINT('',(-3.933148176207,-2.243005553507,0.7610001));
#7063 = CARTESIAN_POINT('',(-3.959175934246,-2.267587346439,0.7610001));
#7064 = CARTESIAN_POINT('',(-3.959175934246,-2.331210804008,0.7610001));
#7065 = CARTESIAN_POINT('',(-3.933148176207,-2.355792596939,0.7610001));
#7066 = CARTESIAN_POINT('',(-3.90278244011,-2.355792596939,0.7610001));
#7067 = B_SPLINE_SURFACE_WITH_KNOTS('',1,1,(
    (#7068,#7069)
    ,(#7070,#7071
    )),.UNSPECIFIED.,.F.,.F.,.F.,(2,2),(2,2),(-4.121062608758E-02,
    0.881329177706),(-0.415359751313,0.261362178323),
  .PIECEWISE_BEZIER_KNOTS.);
#7068 = CARTESIAN_POINT('',(-3.292575870676,-2.442551716854,0.7610001));
#7069 = CARTESIAN_POINT('',(-3.292575870676,-1.765829787217,0.7610001));
#7070 = CARTESIAN_POINT('',(-4.215115674469,-2.442551716854,0.7610001));
#7071 = CARTESIAN_POINT('',(-4.215115674469,-1.765829787217,0.7610001));
#7072 = ADVANCED_FACE('',(#7073),#7087,.F.);
#7073 = FACE_BOUND('',#7074,.F.);
#7074 = EDGE_LOOP('',(#7075,#7080,#7081,#7086));
#7075 = ORIENTED_EDGE('',*,*,#7076,.F.);
#7076 = EDGE_CURVE('',#6757,#1143,#7077,.T.);
#7077 = B_SPLINE_CURVE_WITH_KNOTS('',1,(#7078,#7079),.UNSPECIFIED.,.F.,
  .F.,(2,2),(-0.,1.E-03),.PIECEWISE_BEZIER_KNOTS.);
#7078 = CARTESIAN_POINT('',(-3.292575870676,-2.14467838178,0.7610001));
#7079 = CARTESIAN_POINT('',(-3.292575870676,-2.14467838178,0.7600001));
#7080 = ORIENTED_EDGE('',*,*,#6756,.T.);
#7081 = ORIENTED_EDGE('',*,*,#7082,.T.);
#7082 = EDGE_CURVE('',#6759,#1132,#7083,.T.);
#7083 = B_SPLINE_CURVE_WITH_KNOTS('',1,(#7084,#7085),.UNSPECIFIED.,.F.,
  .F.,(2,2),(-0.,1.E-03),.PIECEWISE_BEZIER_KNOTS.);
#7084 = CARTESIAN_POINT('',(-3.435728567466,-1.955254112078,0.7610001));
#7085 = CARTESIAN_POINT('',(-3.435728567466,-1.955254112078,0.7600001));
#7086 = ORIENTED_EDGE('',*,*,#1142,.F.);
#7087 = B_SPLINE_SURFACE_WITH_KNOTS('',3,1,(
    (#7088,#7089)
    ,(#7090,#7091)
    ,(#7092,#7093)
    ,(#7094,#7095
    )),.UNSPECIFIED.,.F.,.F.,.F.,(4,4),(2,2),(35.,36.),(0.,1.),
  .PIECEWISE_BEZIER_KNOTS.);
#7088 = CARTESIAN_POINT('',(-3.292575870676,-2.14467838178,0.7610001));
#7089 = CARTESIAN_POINT('',(-3.292575870676,-2.14467838178,0.7600001));
#7090 = CARTESIAN_POINT('',(-3.294021835783,-2.057919206705,0.7610001));
#7091 = CARTESIAN_POINT('',(-3.294021835783,-2.057919206705,0.7600001));
#7092 = CARTESIAN_POINT('',(-3.353307342872,-1.981281870117,0.7610001));
#7093 = CARTESIAN_POINT('',(-3.353307342872,-1.981281870117,0.7600001));
#7094 = CARTESIAN_POINT('',(-3.435728567466,-1.955254112078,0.7610001));
#7095 = CARTESIAN_POINT('',(-3.435728567466,-1.955254112078,0.7600001));
#7096 = ADVANCED_FACE('',(#7097),#7107,.F.);
#7097 = FACE_BOUND('',#7098,.F.);
#7098 = EDGE_LOOP('',(#7099,#7100,#7101,#7106));
#7099 = ORIENTED_EDGE('',*,*,#7082,.F.);
#7100 = ORIENTED_EDGE('',*,*,#6767,.T.);
#7101 = ORIENTED_EDGE('',*,*,#7102,.T.);
#7102 = EDGE_CURVE('',#6768,#1134,#7103,.T.);
#7103 = B_SPLINE_CURVE_WITH_KNOTS('',1,(#7104,#7105),.UNSPECIFIED.,.F.,
  .F.,(2,2),(-0.,1.E-03),.PIECEWISE_BEZIER_KNOTS.);
#7104 = CARTESIAN_POINT('',(-3.513811896741,-1.841021124225,0.7610001));
#7105 = CARTESIAN_POINT('',(-3.513811896741,-1.841021124225,0.7600001));
#7106 = ORIENTED_EDGE('',*,*,#1131,.F.);
#7107 = B_SPLINE_SURFACE_WITH_KNOTS('',3,1,(
    (#7108,#7109)
    ,(#7110,#7111)
    ,(#7112,#7113)
    ,(#7114,#7115
    )),.UNSPECIFIED.,.F.,.F.,.F.,(4,4),(2,2),(0.,1.),(0.,1.),
  .PIECEWISE_BEZIER_KNOTS.);
#7108 = CARTESIAN_POINT('',(-3.435728567466,-1.955254112078,0.7610001));
#7109 = CARTESIAN_POINT('',(-3.435728567466,-1.955254112078,0.7600001));
#7110 = CARTESIAN_POINT('',(-3.451634404279,-1.911874496962,0.7610001));
#7111 = CARTESIAN_POINT('',(-3.451634404279,-1.911874496962,0.7600001));
#7112 = CARTESIAN_POINT('',(-3.479108182584,-1.872832846114,0.7610001));
#7113 = CARTESIAN_POINT('',(-3.479108182584,-1.872832846114,0.7600001));
#7114 = CARTESIAN_POINT('',(-3.513811896741,-1.841021124225,0.7610001));
#7115 = CARTESIAN_POINT('',(-3.513811896741,-1.841021124225,0.7600001));
#7116 = ADVANCED_FACE('',(#7117),#7127,.F.);
#7117 = FACE_BOUND('',#7118,.F.);
#7118 = EDGE_LOOP('',(#7119,#7120,#7121,#7126));
#7119 = ORIENTED_EDGE('',*,*,#7102,.F.);
#7120 = ORIENTED_EDGE('',*,*,#6776,.T.);
#7121 = ORIENTED_EDGE('',*,*,#7122,.T.);
#7122 = EDGE_CURVE('',#6777,#1403,#7123,.T.);
#7123 = B_SPLINE_CURVE_WITH_KNOTS('',1,(#7124,#7125),.UNSPECIFIED.,.F.,
  .F.,(2,2),(-0.,1.E-03),.PIECEWISE_BEZIER_KNOTS.);
#7124 = CARTESIAN_POINT('',(-3.710466129876,-1.765829787217,0.7610001));
#7125 = CARTESIAN_POINT('',(-3.710466129876,-1.765829787217,0.7600001));
#7126 = ORIENTED_EDGE('',*,*,#1411,.F.);
#7127 = B_SPLINE_SURFACE_WITH_KNOTS('',3,1,(
    (#7128,#7129)
    ,(#7130,#7131)
    ,(#7132,#7133)
    ,(#7134,#7135
    )),.UNSPECIFIED.,.F.,.F.,.F.,(4,4),(2,2),(1.,2.),(0.,1.),
  .PIECEWISE_BEZIER_KNOTS.);
#7128 = CARTESIAN_POINT('',(-3.513811896741,-1.841021124225,0.7610001));
#7129 = CARTESIAN_POINT('',(-3.513811896741,-1.841021124225,0.7600001));
#7130 = CARTESIAN_POINT('',(-3.568759398191,-1.793303543113,0.7610001));
#7131 = CARTESIAN_POINT('',(-3.568759398191,-1.793303543113,0.7600001));
#7132 = CARTESIAN_POINT('',(-3.638166771347,-1.765829787217,0.7610001));
#7133 = CARTESIAN_POINT('',(-3.638166771347,-1.765829787217,0.7600001));
#7134 = CARTESIAN_POINT('',(-3.710466129876,-1.765829787217,0.7610001));
#7135 = CARTESIAN_POINT('',(-3.710466129876,-1.765829787217,0.7600001));
#7136 = ADVANCED_FACE('',(#7137),#7147,.F.);
#7137 = FACE_BOUND('',#7138,.F.);
#7138 = EDGE_LOOP('',(#7139,#7140,#7141,#7146));
#7139 = ORIENTED_EDGE('',*,*,#7122,.F.);
#7140 = ORIENTED_EDGE('',*,*,#6785,.T.);
#7141 = ORIENTED_EDGE('',*,*,#7142,.T.);
#7142 = EDGE_CURVE('',#6786,#1394,#7143,.T.);
#7143 = B_SPLINE_CURVE_WITH_KNOTS('',1,(#7144,#7145),.UNSPECIFIED.,.F.,
  .F.,(2,2),(-0.,1.E-03),.PIECEWISE_BEZIER_KNOTS.);
#7144 = CARTESIAN_POINT('',(-3.883984590345,-1.822223288249,0.7610001));
#7145 = CARTESIAN_POINT('',(-3.883984590345,-1.822223288249,0.7600001));
#7146 = ORIENTED_EDGE('',*,*,#1402,.F.);
#7147 = B_SPLINE_SURFACE_WITH_KNOTS('',3,1,(
    (#7148,#7149)
    ,(#7150,#7151)
    ,(#7152,#7153)
    ,(#7154,#7155
    )),.UNSPECIFIED.,.F.,.F.,.F.,(4,4),(2,2),(2.,3.),(0.,1.),
  .PIECEWISE_BEZIER_KNOTS.);
#7148 = CARTESIAN_POINT('',(-3.710466129876,-1.765829787217,0.7610001));
#7149 = CARTESIAN_POINT('',(-3.710466129876,-1.765829787217,0.7600001));
#7150 = CARTESIAN_POINT('',(-3.774089559865,-1.765829787217,0.7610001));
#7151 = CARTESIAN_POINT('',(-3.774089559865,-1.765829787217,0.7600001));
#7152 = CARTESIAN_POINT('',(-3.833375039374,-1.786073607261,0.7610001));
#7153 = CARTESIAN_POINT('',(-3.833375039374,-1.786073607261,0.7600001));
#7154 = CARTESIAN_POINT('',(-3.883984590345,-1.822223288249,0.7610001));
#7155 = CARTESIAN_POINT('',(-3.883984590345,-1.822223288249,0.7600001));
#7156 = ADVANCED_FACE('',(#7157),#7167,.F.);
#7157 = FACE_BOUND('',#7158,.F.);
#7158 = EDGE_LOOP('',(#7159,#7160,#7161,#7166));
#7159 = ORIENTED_EDGE('',*,*,#7142,.F.);
#7160 = ORIENTED_EDGE('',*,*,#6794,.T.);
#7161 = ORIENTED_EDGE('',*,*,#7162,.T.);
#7162 = EDGE_CURVE('',#6795,#1385,#7163,.T.);
#7163 = B_SPLINE_CURVE_WITH_KNOTS('',1,(#7164,#7165),.UNSPECIFIED.,.F.,
  .F.,(2,2),(-0.,1.E-03),.PIECEWISE_BEZIER_KNOTS.);
#7164 = CARTESIAN_POINT('',(-3.947608020333,-1.885846725133,0.7610001));
#7165 = CARTESIAN_POINT('',(-3.947608020333,-1.885846725133,0.7600001));
#7166 = ORIENTED_EDGE('',*,*,#1393,.F.);
#7167 = B_SPLINE_SURFACE_WITH_KNOTS('',3,1,(
    (#7168,#7169)
    ,(#7170,#7171)
    ,(#7172,#7173)
    ,(#7174,#7175
    )),.UNSPECIFIED.,.F.,.F.,.F.,(4,4),(2,2),(3.,4.),(0.,1.),
  .PIECEWISE_BEZIER_KNOTS.);
#7168 = CARTESIAN_POINT('',(-3.883984590345,-1.822223288249,0.7610001));
#7169 = CARTESIAN_POINT('',(-3.883984590345,-1.822223288249,0.7600001));
#7170 = CARTESIAN_POINT('',(-3.908566383276,-1.839575138433,0.7610001));
#7171 = CARTESIAN_POINT('',(-3.908566383276,-1.839575138433,0.7600001));
#7172 = CARTESIAN_POINT('',(-3.928810198148,-1.861264945991,0.7610001));
#7173 = CARTESIAN_POINT('',(-3.928810198148,-1.861264945991,0.7600001));
#7174 = CARTESIAN_POINT('',(-3.947608020333,-1.885846725133,0.7610001));
#7175 = CARTESIAN_POINT('',(-3.947608020333,-1.885846725133,0.7600001));
#7176 = ADVANCED_FACE('',(#7177),#7187,.F.);
#7177 = FACE_BOUND('',#7178,.F.);
#7178 = EDGE_LOOP('',(#7179,#7180,#7181,#7186));
#7179 = ORIENTED_EDGE('',*,*,#7162,.F.);
#7180 = ORIENTED_EDGE('',*,*,#6803,.T.);
#7181 = ORIENTED_EDGE('',*,*,#7182,.T.);
#7182 = EDGE_CURVE('',#6804,#1376,#7183,.T.);
#7183 = B_SPLINE_CURVE_WITH_KNOTS('',1,(#7184,#7185),.UNSPECIFIED.,.F.,
  .F.,(2,2),(-0.,1.E-03),.PIECEWISE_BEZIER_KNOTS.);
#7184 = CARTESIAN_POINT('',(-3.980865714225,-1.88295475355,0.7610001));
#7185 = CARTESIAN_POINT('',(-3.980865714225,-1.88295475355,0.7600001));
#7186 = ORIENTED_EDGE('',*,*,#1384,.F.);
#7187 = B_SPLINE_SURFACE_WITH_KNOTS('',3,1,(
    (#7188,#7189)
    ,(#7190,#7191)
    ,(#7192,#7193)
    ,(#7194,#7195
    )),.UNSPECIFIED.,.F.,.F.,.F.,(4,4),(2,2),(4.,5.),(0.,1.),
  .PIECEWISE_BEZIER_KNOTS.);
#7188 = CARTESIAN_POINT('',(-3.947608020333,-1.885846725133,0.7610001));
#7189 = CARTESIAN_POINT('',(-3.947608020333,-1.885846725133,0.7600001));
#7190 = CARTESIAN_POINT('',(-3.959175906666,-1.884400732446,0.7610001));
#7191 = CARTESIAN_POINT('',(-3.959175906666,-1.884400732446,0.7600001));
#7192 = CARTESIAN_POINT('',(-3.969297827892,-1.88295475355,0.7610001));
#7193 = CARTESIAN_POINT('',(-3.969297827892,-1.88295475355,0.7600001));
#7194 = CARTESIAN_POINT('',(-3.980865714225,-1.88295475355,0.7610001));
#7195 = CARTESIAN_POINT('',(-3.980865714225,-1.88295475355,0.7600001));
#7196 = ADVANCED_FACE('',(#7197),#7207,.F.);
#7197 = FACE_BOUND('',#7198,.F.);
#7198 = EDGE_LOOP('',(#7199,#7200,#7201,#7206));
#7199 = ORIENTED_EDGE('',*,*,#7182,.F.);
#7200 = ORIENTED_EDGE('',*,*,#6812,.T.);
#7201 = ORIENTED_EDGE('',*,*,#7202,.T.);
#7202 = EDGE_CURVE('',#6813,#1367,#7203,.T.);
#7203 = B_SPLINE_CURVE_WITH_KNOTS('',1,(#7204,#7205),.UNSPECIFIED.,.F.,
  .F.,(2,2),(-0.,1.E-03),.PIECEWISE_BEZIER_KNOTS.);
#7204 = CARTESIAN_POINT('',(-4.14715423884,-1.952362140495,0.7610001));
#7205 = CARTESIAN_POINT('',(-4.14715423884,-1.952362140495,0.7600001));
#7206 = ORIENTED_EDGE('',*,*,#1375,.F.);
#7207 = B_SPLINE_SURFACE_WITH_KNOTS('',3,1,(
    (#7208,#7209)
    ,(#7210,#7211)
    ,(#7212,#7213)
    ,(#7214,#7215
    )),.UNSPECIFIED.,.F.,.F.,.F.,(4,4),(2,2),(5.,6.),(0.,1.),
  .PIECEWISE_BEZIER_KNOTS.);
#7208 = CARTESIAN_POINT('',(-3.980865714225,-1.88295475355,0.7610001));
#7209 = CARTESIAN_POINT('',(-3.980865714225,-1.88295475355,0.7600001));
#7210 = CARTESIAN_POINT('',(-4.043043165317,-1.88295475355,0.7610001));
#7211 = CARTESIAN_POINT('',(-4.043043165317,-1.88295475355,0.7600001));
#7212 = CARTESIAN_POINT('',(-4.102328631037,-1.907536532691,0.7610001));
#7213 = CARTESIAN_POINT('',(-4.102328631037,-1.907536532691,0.7600001));
#7214 = CARTESIAN_POINT('',(-4.14715423884,-1.952362140495,0.7610001));
#7215 = CARTESIAN_POINT('',(-4.14715423884,-1.952362140495,0.7600001));
#7216 = ADVANCED_FACE('',(#7217),#7227,.F.);
#7217 = FACE_BOUND('',#7218,.F.);
#7218 = EDGE_LOOP('',(#7219,#7220,#7221,#7226));
#7219 = ORIENTED_EDGE('',*,*,#7202,.F.);
#7220 = ORIENTED_EDGE('',*,*,#6821,.T.);
#7221 = ORIENTED_EDGE('',*,*,#7222,.T.);
#7222 = EDGE_CURVE('',#6822,#1358,#7223,.T.);
#7223 = B_SPLINE_CURVE_WITH_KNOTS('',1,(#7224,#7225),.UNSPECIFIED.,.F.,
  .F.,(2,2),(-0.,1.E-03),.PIECEWISE_BEZIER_KNOTS.);
#7224 = CARTESIAN_POINT('',(-4.215115674469,-2.117204658634,0.7610001));
#7225 = CARTESIAN_POINT('',(-4.215115674469,-2.117204658634,0.7600001));
#7226 = ORIENTED_EDGE('',*,*,#1366,.F.);
#7227 = B_SPLINE_SURFACE_WITH_KNOTS('',3,1,(
    (#7228,#7229)
    ,(#7230,#7231)
    ,(#7232,#7233)
    ,(#7234,#7235
    )),.UNSPECIFIED.,.F.,.F.,.F.,(4,4),(2,2),(6.,7.),(0.,1.),
  .PIECEWISE_BEZIER_KNOTS.);
#7228 = CARTESIAN_POINT('',(-4.14715423884,-1.952362140495,0.7610001));
#7229 = CARTESIAN_POINT('',(-4.14715423884,-1.952362140495,0.7600001));
#7230 = CARTESIAN_POINT('',(-4.19053389188,-1.995741741823,0.7610001));
#7231 = CARTESIAN_POINT('',(-4.19053389188,-1.995741741823,0.7600001));
#7232 = CARTESIAN_POINT('',(-4.215115674469,-2.055027221333,0.7610001));
#7233 = CARTESIAN_POINT('',(-4.215115674469,-2.055027221333,0.7600001));
#7234 = CARTESIAN_POINT('',(-4.215115674469,-2.117204658634,0.7610001));
#7235 = CARTESIAN_POINT('',(-4.215115674469,-2.117204658634,0.7600001));
#7236 = ADVANCED_FACE('',(#7237),#7247,.F.);
#7237 = FACE_BOUND('',#7238,.F.);
#7238 = EDGE_LOOP('',(#7239,#7240,#7241,#7246));
#7239 = ORIENTED_EDGE('',*,*,#7222,.F.);
#7240 = ORIENTED_EDGE('',*,*,#6830,.T.);
#7241 = ORIENTED_EDGE('',*,*,#7242,.T.);
#7242 = EDGE_CURVE('',#6831,#1349,#7243,.T.);
#7243 = B_SPLINE_CURVE_WITH_KNOTS('',1,(#7244,#7245),.UNSPECIFIED.,.F.,
  .F.,(2,2),(-0.,1.E-03),.PIECEWISE_BEZIER_KNOTS.);
#7244 = CARTESIAN_POINT('',(-4.154384216063,-2.274817227131,0.7610001));
#7245 = CARTESIAN_POINT('',(-4.154384216063,-2.274817227131,0.7600001));
#7246 = ORIENTED_EDGE('',*,*,#1357,.F.);
#7247 = B_SPLINE_SURFACE_WITH_KNOTS('',3,1,(
    (#7248,#7249)
    ,(#7250,#7251)
    ,(#7252,#7253)
    ,(#7254,#7255
    )),.UNSPECIFIED.,.F.,.F.,.F.,(4,4),(2,2),(7.,8.),(0.,1.),
  .PIECEWISE_BEZIER_KNOTS.);
#7248 = CARTESIAN_POINT('',(-4.215115674469,-2.117204658634,0.7610001));
#7249 = CARTESIAN_POINT('',(-4.215115674469,-2.117204658634,0.7600001));
#7250 = CARTESIAN_POINT('',(-4.215115674469,-2.175044145458,0.7610001));
#7251 = CARTESIAN_POINT('',(-4.215115674469,-2.175044145458,0.7600001));
#7252 = CARTESIAN_POINT('',(-4.193425866911,-2.231437667174,0.7610001));
#7253 = CARTESIAN_POINT('',(-4.193425866911,-2.231437667174,0.7600001));
#7254 = CARTESIAN_POINT('',(-4.154384216063,-2.274817227131,0.7610001));
#7255 = CARTESIAN_POINT('',(-4.154384216063,-2.274817227131,0.7600001));
#7256 = ADVANCED_FACE('',(#7257),#7267,.F.);
#7257 = FACE_BOUND('',#7258,.F.);
#7258 = EDGE_LOOP('',(#7259,#7260,#7261,#7266));
#7259 = ORIENTED_EDGE('',*,*,#7242,.F.);
#7260 = ORIENTED_EDGE('',*,*,#6839,.T.);
#7261 = ORIENTED_EDGE('',*,*,#7262,.T.);
#7262 = EDGE_CURVE('',#6840,#1340,#7263,.T.);
#7263 = B_SPLINE_CURVE_WITH_KNOTS('',1,(#7264,#7265),.UNSPECIFIED.,.F.,
  .F.,(2,2),(-0.,1.E-03),.PIECEWISE_BEZIER_KNOTS.);
#7264 = CARTESIAN_POINT('',(-4.038705242418,-2.344224600287,0.7610001));
#7265 = CARTESIAN_POINT('',(-4.038705242418,-2.344224600287,0.7600001));
#7266 = ORIENTED_EDGE('',*,*,#1348,.F.);
#7267 = B_SPLINE_SURFACE_WITH_KNOTS('',3,1,(
    (#7268,#7269)
    ,(#7270,#7271)
    ,(#7272,#7273)
    ,(#7274,#7275
    )),.UNSPECIFIED.,.F.,.F.,.F.,(4,4),(2,2),(8.,9.),(0.,1.),
  .PIECEWISE_BEZIER_KNOTS.);
#7268 = CARTESIAN_POINT('',(-4.154384216063,-2.274817227131,0.7610001));
#7269 = CARTESIAN_POINT('',(-4.154384216063,-2.274817227131,0.7600001));
#7270 = CARTESIAN_POINT('',(-4.122572501069,-2.30952094129,0.7610001));
#7271 = CARTESIAN_POINT('',(-4.122572501069,-2.30952094129,0.7600001));
#7272 = CARTESIAN_POINT('',(-4.083530836431,-2.332656713954,0.7610001));
#7273 = CARTESIAN_POINT('',(-4.083530836431,-2.332656713954,0.7600001));
#7274 = CARTESIAN_POINT('',(-4.038705242418,-2.344224600287,0.7610001));
#7275 = CARTESIAN_POINT('',(-4.038705242418,-2.344224600287,0.7600001));
#7276 = ADVANCED_FACE('',(#7277),#7287,.F.);
#7277 = FACE_BOUND('',#7278,.F.);
#7278 = EDGE_LOOP('',(#7279,#7280,#7281,#7286));
#7279 = ORIENTED_EDGE('',*,*,#7262,.F.);
#7280 = ORIENTED_EDGE('',*,*,#6848,.T.);
#7281 = ORIENTED_EDGE('',*,*,#7282,.T.);
#7282 = EDGE_CURVE('',#6849,#1331,#7283,.T.);
#7283 = B_SPLINE_CURVE_WITH_KNOTS('',1,(#7284,#7285),.UNSPECIFIED.,.F.,
  .F.,(2,2),(-0.,1.E-03),.PIECEWISE_BEZIER_KNOTS.);
#7284 = CARTESIAN_POINT('',(-3.901336447423,-2.442551716854,0.7610001));
#7285 = CARTESIAN_POINT('',(-3.901336447423,-2.442551716854,0.7600001));
#7286 = ORIENTED_EDGE('',*,*,#1339,.F.);
#7287 = B_SPLINE_SURFACE_WITH_KNOTS('',3,1,(
    (#7288,#7289)
    ,(#7290,#7291)
    ,(#7292,#7293)
    ,(#7294,#7295
    )),.UNSPECIFIED.,.F.,.F.,.F.,(4,4),(2,2),(9.,10.),(0.,1.),
  .PIECEWISE_BEZIER_KNOTS.);
#7288 = CARTESIAN_POINT('',(-4.038705242418,-2.344224600287,0.7610001));
#7289 = CARTESIAN_POINT('',(-4.038705242418,-2.344224600287,0.7600001));
#7290 = CARTESIAN_POINT('',(-4.019907406443,-2.40206408711,0.7610001));
#7291 = CARTESIAN_POINT('',(-4.019907406443,-2.40206408711,0.7600001));
#7292 = CARTESIAN_POINT('',(-3.964959904993,-2.442551716854,0.7610001));
#7293 = CARTESIAN_POINT('',(-3.964959904993,-2.442551716854,0.7600001));
#7294 = CARTESIAN_POINT('',(-3.901336447423,-2.442551716854,0.7610001));
#7295 = CARTESIAN_POINT('',(-3.901336447423,-2.442551716854,0.7600001));
#7296 = ADVANCED_FACE('',(#7297),#7307,.F.);
#7297 = FACE_BOUND('',#7298,.F.);
#7298 = EDGE_LOOP('',(#7299,#7300,#7301,#7306));
#7299 = ORIENTED_EDGE('',*,*,#7282,.F.);
#7300 = ORIENTED_EDGE('',*,*,#6857,.T.);
#7301 = ORIENTED_EDGE('',*,*,#7302,.T.);
#7302 = EDGE_CURVE('',#6858,#1322,#7303,.T.);
#7303 = B_SPLINE_CURVE_WITH_KNOTS('',1,(#7304,#7305),.UNSPECIFIED.,.F.,
  .F.,(2,2),(-0.,1.E-03),.PIECEWISE_BEZIER_KNOTS.);
#7304 = CARTESIAN_POINT('',(-3.756737730365,-2.297952999797,0.7610001));
#7305 = CARTESIAN_POINT('',(-3.756737730365,-2.297952999797,0.7600001));
#7306 = ORIENTED_EDGE('',*,*,#1330,.F.);
#7307 = B_SPLINE_SURFACE_WITH_KNOTS('',3,1,(
    (#7308,#7309)
    ,(#7310,#7311)
    ,(#7312,#7313)
    ,(#7314,#7315
    )),.UNSPECIFIED.,.F.,.F.,.F.,(4,4),(2,2),(10.,11.),(0.,1.),
  .PIECEWISE_BEZIER_KNOTS.);
#7308 = CARTESIAN_POINT('',(-3.901336447423,-2.442551716854,0.7610001));
#7309 = CARTESIAN_POINT('',(-3.901336447423,-2.442551716854,0.7600001));
#7310 = CARTESIAN_POINT('',(-3.821807153042,-2.442551716854,0.7610001));
#7311 = CARTESIAN_POINT('',(-3.821807153042,-2.442551716854,0.7600001));
#7312 = CARTESIAN_POINT('',(-3.756737730365,-2.377482294179,0.7610001));
#7313 = CARTESIAN_POINT('',(-3.756737730365,-2.377482294179,0.7600001));
#7314 = CARTESIAN_POINT('',(-3.756737730365,-2.297952999797,0.7610001));
#7315 = CARTESIAN_POINT('',(-3.756737730365,-2.297952999797,0.7600001));
#7316 = ADVANCED_FACE('',(#7317),#7327,.F.);
#7317 = FACE_BOUND('',#7318,.T.);
#7318 = EDGE_LOOP('',(#7319,#7320,#7325,#7326));
#7319 = ORIENTED_EDGE('',*,*,#1321,.T.);
#7320 = ORIENTED_EDGE('',*,*,#7321,.F.);
#7321 = EDGE_CURVE('',#6867,#1315,#7322,.T.);
#7322 = B_SPLINE_CURVE_WITH_KNOTS('',1,(#7323,#7324),.UNSPECIFIED.,.F.,
  .F.,(2,2),(-0.,1.E-03),.PIECEWISE_BEZIER_KNOTS.);
#7323 = CARTESIAN_POINT('',(-3.756737730365,-2.28349312809,0.7610001));
#7324 = CARTESIAN_POINT('',(-3.756737730365,-2.28349312809,0.7600001));
#7325 = ORIENTED_EDGE('',*,*,#6866,.F.);
#7326 = ORIENTED_EDGE('',*,*,#7302,.T.);
#7327 = B_SPLINE_SURFACE_WITH_KNOTS('',1,1,(
    (#7328,#7329)
    ,(#7330,#7331
    )),.UNSPECIFIED.,.F.,.F.,.F.,(2,2),(2,2),(-1.E-03,0.),(0.,
    1.445987170667E-02),.PIECEWISE_BEZIER_KNOTS.);
#7328 = CARTESIAN_POINT('',(-3.756737730365,-2.297952999797,0.7600001));
#7329 = CARTESIAN_POINT('',(-3.756737730365,-2.28349312809,0.7600001));
#7330 = CARTESIAN_POINT('',(-3.756737730365,-2.297952999797,0.7610001));
#7331 = CARTESIAN_POINT('',(-3.756737730365,-2.28349312809,0.7610001));
#7332 = ADVANCED_FACE('',(#7333),#7343,.F.);
#7333 = FACE_BOUND('',#7334,.T.);
#7334 = EDGE_LOOP('',(#7335,#7336,#7341,#7342));
#7335 = ORIENTED_EDGE('',*,*,#1314,.T.);
#7336 = ORIENTED_EDGE('',*,*,#7337,.F.);
#7337 = EDGE_CURVE('',#6876,#1308,#7338,.T.);
#7338 = B_SPLINE_CURVE_WITH_KNOTS('',1,(#7339,#7340),.UNSPECIFIED.,.F.,
  .F.,(2,2),(-0.,1.E-03),.PIECEWISE_BEZIER_KNOTS.);
#7339 = CARTESIAN_POINT('',(-3.554299526485,-2.176490082984,0.7610001));
#7340 = CARTESIAN_POINT('',(-3.554299526485,-2.176490082984,0.7600001));
#7341 = ORIENTED_EDGE('',*,*,#6875,.F.);
#7342 = ORIENTED_EDGE('',*,*,#7321,.T.);
#7343 = B_SPLINE_SURFACE_WITH_KNOTS('',1,1,(
    (#7344,#7345)
    ,(#7346,#7347
    )),.UNSPECIFIED.,.F.,.F.,.F.,(2,2),(2,2),(-0.228977898611,0.),(
    -1.E-03,0.),.PIECEWISE_BEZIER_KNOTS.);
#7344 = CARTESIAN_POINT('',(-3.554299526485,-2.176490082984,0.7600001));
#7345 = CARTESIAN_POINT('',(-3.554299526485,-2.176490082984,0.7610001));
#7346 = CARTESIAN_POINT('',(-3.756737730365,-2.28349312809,0.7600001));
#7347 = CARTESIAN_POINT('',(-3.756737730365,-2.28349312809,0.7610001));
#7348 = ADVANCED_FACE('',(#7349),#7359,.F.);
#7349 = FACE_BOUND('',#7350,.T.);
#7350 = EDGE_LOOP('',(#7351,#7352,#7357,#7358));
#7351 = ORIENTED_EDGE('',*,*,#1307,.T.);
#7352 = ORIENTED_EDGE('',*,*,#7353,.F.);
#7353 = EDGE_CURVE('',#6883,#1301,#7354,.T.);
#7354 = B_SPLINE_CURVE_WITH_KNOTS('',1,(#7355,#7356),.UNSPECIFIED.,.F.,
  .F.,(2,2),(-0.,1.E-03),.PIECEWISE_BEZIER_KNOTS.);
#7355 = CARTESIAN_POINT('',(-3.599125106709,-2.099852746396,0.7610001));
#7356 = CARTESIAN_POINT('',(-3.599125106709,-2.099852746396,0.7600001));
#7357 = ORIENTED_EDGE('',*,*,#6882,.F.);
#7358 = ORIENTED_EDGE('',*,*,#7337,.T.);
#7359 = B_SPLINE_SURFACE_WITH_KNOTS('',1,1,(
    (#7360,#7361)
    ,(#7362,#7363
    )),.UNSPECIFIED.,.F.,.F.,.F.,(2,2),(2,2),(-8.878408642163E-02,0.),(
    -1.E-03,0.),.PIECEWISE_BEZIER_KNOTS.);
#7360 = CARTESIAN_POINT('',(-3.599125106709,-2.099852746396,0.7600001));
#7361 = CARTESIAN_POINT('',(-3.599125106709,-2.099852746396,0.7610001));
#7362 = CARTESIAN_POINT('',(-3.554299526485,-2.176490082984,0.7600001));
#7363 = CARTESIAN_POINT('',(-3.554299526485,-2.176490082984,0.7610001));
#7364 = ADVANCED_FACE('',(#7365),#7375,.F.);
#7365 = FACE_BOUND('',#7366,.T.);
#7366 = EDGE_LOOP('',(#7367,#7368,#7373,#7374));
#7367 = ORIENTED_EDGE('',*,*,#1300,.T.);
#7368 = ORIENTED_EDGE('',*,*,#7369,.F.);
#7369 = EDGE_CURVE('',#6890,#1292,#7370,.T.);
#7370 = B_SPLINE_CURVE_WITH_KNOTS('',1,(#7371,#7372),.UNSPECIFIED.,.F.,
  .F.,(2,2),(-0.,1.E-03),.PIECEWISE_BEZIER_KNOTS.);
#7371 = CARTESIAN_POINT('',(-3.79288738205,-2.201071848336,0.7610001));
#7372 = CARTESIAN_POINT('',(-3.79288738205,-2.201071848336,0.7600001));
#7373 = ORIENTED_EDGE('',*,*,#6889,.F.);
#7374 = ORIENTED_EDGE('',*,*,#7353,.T.);
#7375 = B_SPLINE_SURFACE_WITH_KNOTS('',1,1,(
    (#7376,#7377)
    ,(#7378,#7379
    )),.UNSPECIFIED.,.F.,.F.,.F.,(2,2),(2,2),(-0.218607241286,0.),(
    -1.E-03,0.),.PIECEWISE_BEZIER_KNOTS.);
#7376 = CARTESIAN_POINT('',(-3.79288738205,-2.201071848336,0.7600001));
#7377 = CARTESIAN_POINT('',(-3.79288738205,-2.201071848336,0.7610001));
#7378 = CARTESIAN_POINT('',(-3.599125106709,-2.099852746396,0.7600001));
#7379 = CARTESIAN_POINT('',(-3.599125106709,-2.099852746396,0.7610001));
#7380 = ADVANCED_FACE('',(#7381),#7391,.F.);
#7381 = FACE_BOUND('',#7382,.F.);
#7382 = EDGE_LOOP('',(#7383,#7384,#7385,#7390));
#7383 = ORIENTED_EDGE('',*,*,#7369,.F.);
#7384 = ORIENTED_EDGE('',*,*,#6896,.T.);
#7385 = ORIENTED_EDGE('',*,*,#7386,.T.);
#7386 = EDGE_CURVE('',#6897,#1283,#7387,.T.);
#7387 = B_SPLINE_CURVE_WITH_KNOTS('',1,(#7388,#7389),.UNSPECIFIED.,.F.,
  .F.,(2,2),(-0.,1.E-03),.PIECEWISE_BEZIER_KNOTS.);
#7388 = CARTESIAN_POINT('',(-3.901336419843,-2.151908290052,0.7610001));
#7389 = CARTESIAN_POINT('',(-3.901336419843,-2.151908290052,0.7600001));
#7390 = ORIENTED_EDGE('',*,*,#1291,.F.);
#7391 = B_SPLINE_SURFACE_WITH_KNOTS('',3,1,(
    (#7392,#7393)
    ,(#7394,#7395)
    ,(#7396,#7397)
    ,(#7398,#7399
    )),.UNSPECIFIED.,.F.,.F.,.F.,(4,4),(2,2),(15.,16.),(0.,1.),
  .PIECEWISE_BEZIER_KNOTS.);
#7392 = CARTESIAN_POINT('',(-3.79288738205,-2.201071848336,0.7610001));
#7393 = CARTESIAN_POINT('',(-3.79288738205,-2.201071848336,0.7600001));
#7394 = CARTESIAN_POINT('',(-3.818915140089,-2.170706112238,0.7610001));
#7395 = CARTESIAN_POINT('',(-3.818915140089,-2.170706112238,0.7600001));
#7396 = CARTESIAN_POINT('',(-3.857956804726,-2.151908290052,0.7610001));
#7397 = CARTESIAN_POINT('',(-3.857956804726,-2.151908290052,0.7600001));
#7398 = CARTESIAN_POINT('',(-3.901336419843,-2.151908290052,0.7610001));
#7399 = CARTESIAN_POINT('',(-3.901336419843,-2.151908290052,0.7600001));
#7400 = ADVANCED_FACE('',(#7401),#7411,.F.);
#7401 = FACE_BOUND('',#7402,.F.);
#7402 = EDGE_LOOP('',(#7403,#7404,#7405,#7410));
#7403 = ORIENTED_EDGE('',*,*,#7386,.F.);
#7404 = ORIENTED_EDGE('',*,*,#6905,.T.);
#7405 = ORIENTED_EDGE('',*,*,#7406,.T.);
#7406 = EDGE_CURVE('',#6906,#1274,#7407,.T.);
#7407 = B_SPLINE_CURVE_WITH_KNOTS('',1,(#7408,#7409),.UNSPECIFIED.,.F.,
  .F.,(2,2),(-0.,1.E-03),.PIECEWISE_BEZIER_KNOTS.);
#7408 = CARTESIAN_POINT('',(-4.037259208361,-2.247343448826,0.7610001));
#7409 = CARTESIAN_POINT('',(-4.037259208361,-2.247343448826,0.7600001));
#7410 = ORIENTED_EDGE('',*,*,#1282,.F.);
#7411 = B_SPLINE_SURFACE_WITH_KNOTS('',3,1,(
    (#7412,#7413)
    ,(#7414,#7415)
    ,(#7416,#7417)
    ,(#7418,#7419
    )),.UNSPECIFIED.,.F.,.F.,.F.,(4,4),(2,2),(16.,17.),(0.,1.),
  .PIECEWISE_BEZIER_KNOTS.);
#7412 = CARTESIAN_POINT('',(-3.901336419843,-2.151908290052,0.7610001));
#7413 = CARTESIAN_POINT('',(-3.901336419843,-2.151908290052,0.7600001));
#7414 = CARTESIAN_POINT('',(-3.963513884726,-2.151908290052,0.7610001));
#7415 = CARTESIAN_POINT('',(-3.963513884726,-2.151908290052,0.7600001));
#7416 = CARTESIAN_POINT('',(-4.017015393489,-2.192395919796,0.7610001));
#7417 = CARTESIAN_POINT('',(-4.017015393489,-2.192395919796,0.7600001));
#7418 = CARTESIAN_POINT('',(-4.037259208361,-2.247343448826,0.7610001));
#7419 = CARTESIAN_POINT('',(-4.037259208361,-2.247343448826,0.7600001));
#7420 = ADVANCED_FACE('',(#7421),#7431,.F.);
#7421 = FACE_BOUND('',#7422,.F.);
#7422 = EDGE_LOOP('',(#7423,#7424,#7425,#7430));
#7423 = ORIENTED_EDGE('',*,*,#7406,.F.);
#7424 = ORIENTED_EDGE('',*,*,#6914,.T.);
#7425 = ORIENTED_EDGE('',*,*,#7426,.T.);
#7426 = EDGE_CURVE('',#6915,#1265,#7427,.T.);
#7427 = B_SPLINE_CURVE_WITH_KNOTS('',1,(#7428,#7429),.UNSPECIFIED.,.F.,
  .F.,(2,2),(-0.,1.E-03),.PIECEWISE_BEZIER_KNOTS.);
#7428 = CARTESIAN_POINT('',(-4.124018438595,-2.114312618101,0.7610001));
#7429 = CARTESIAN_POINT('',(-4.124018438595,-2.114312618101,0.7600001));
#7430 = ORIENTED_EDGE('',*,*,#1273,.F.);
#7431 = B_SPLINE_SURFACE_WITH_KNOTS('',3,1,(
    (#7432,#7433)
    ,(#7434,#7435)
    ,(#7436,#7437)
    ,(#7438,#7439
    )),.UNSPECIFIED.,.F.,.F.,.F.,(4,4),(2,2),(17.,18.),(0.,1.),
  .PIECEWISE_BEZIER_KNOTS.);
#7432 = CARTESIAN_POINT('',(-4.037259208361,-2.247343448826,0.7610001));
#7433 = CARTESIAN_POINT('',(-4.037259208361,-2.247343448826,0.7600001));
#7434 = CARTESIAN_POINT('',(-4.087868759331,-2.224207648581,0.7610001));
#7435 = CARTESIAN_POINT('',(-4.087868759331,-2.224207648581,0.7600001));
#7436 = CARTESIAN_POINT('',(-4.124018438595,-2.173598097612,0.7610001));
#7437 = CARTESIAN_POINT('',(-4.124018438595,-2.173598097612,0.7600001));
#7438 = CARTESIAN_POINT('',(-4.124018438595,-2.114312618101,0.7610001));
#7439 = CARTESIAN_POINT('',(-4.124018438595,-2.114312618101,0.7600001));
#7440 = ADVANCED_FACE('',(#7441),#7451,.F.);
#7441 = FACE_BOUND('',#7442,.F.);
#7442 = EDGE_LOOP('',(#7443,#7444,#7445,#7450));
#7443 = ORIENTED_EDGE('',*,*,#7426,.F.);
#7444 = ORIENTED_EDGE('',*,*,#6923,.T.);
#7445 = ORIENTED_EDGE('',*,*,#7446,.T.);
#7446 = EDGE_CURVE('',#6924,#1256,#7447,.T.);
#7447 = B_SPLINE_CURVE_WITH_KNOTS('',1,(#7448,#7449),.UNSPECIFIED.,.F.,
  .F.,(2,2),(-0.,1.E-03),.PIECEWISE_BEZIER_KNOTS.);
#7448 = CARTESIAN_POINT('',(-3.979419721539,-1.969713901044,0.7610001));
#7449 = CARTESIAN_POINT('',(-3.979419721539,-1.969713901044,0.7600001));
#7450 = ORIENTED_EDGE('',*,*,#1264,.F.);
#7451 = B_SPLINE_SURFACE_WITH_KNOTS('',3,1,(
    (#7452,#7453)
    ,(#7454,#7455)
    ,(#7456,#7457)
    ,(#7458,#7459
    )),.UNSPECIFIED.,.F.,.F.,.F.,(4,4),(2,2),(18.,19.),(0.,1.),
  .PIECEWISE_BEZIER_KNOTS.);
#7452 = CARTESIAN_POINT('',(-4.124018438595,-2.114312618101,0.7610001));
#7453 = CARTESIAN_POINT('',(-4.124018438595,-2.114312618101,0.7600001));
#7454 = CARTESIAN_POINT('',(-4.124018438595,-2.03478332372,0.7610001));
#7455 = CARTESIAN_POINT('',(-4.124018438595,-2.03478332372,0.7600001));
#7456 = CARTESIAN_POINT('',(-4.05894901592,-1.969713901044,0.7610001));
#7457 = CARTESIAN_POINT('',(-4.05894901592,-1.969713901044,0.7600001));
#7458 = CARTESIAN_POINT('',(-3.979419721539,-1.969713901044,0.7610001));
#7459 = CARTESIAN_POINT('',(-3.979419721539,-1.969713901044,0.7600001));
#7460 = ADVANCED_FACE('',(#7461),#7471,.F.);
#7461 = FACE_BOUND('',#7462,.F.);
#7462 = EDGE_LOOP('',(#7463,#7464,#7465,#7470));
#7463 = ORIENTED_EDGE('',*,*,#7446,.F.);
#7464 = ORIENTED_EDGE('',*,*,#6932,.T.);
#7465 = ORIENTED_EDGE('',*,*,#7466,.T.);
#7466 = EDGE_CURVE('',#6933,#1247,#7467,.T.);
#7467 = B_SPLINE_CURVE_WITH_KNOTS('',1,(#7468,#7469),.UNSPECIFIED.,.F.,
  .F.,(2,2),(-0.,1.E-03),.PIECEWISE_BEZIER_KNOTS.);
#7468 = CARTESIAN_POINT('',(-3.90278241253,-1.991403708604,0.7610001));
#7469 = CARTESIAN_POINT('',(-3.90278241253,-1.991403708604,0.7600001));
#7470 = ORIENTED_EDGE('',*,*,#1255,.F.);
#7471 = B_SPLINE_SURFACE_WITH_KNOTS('',3,1,(
    (#7472,#7473)
    ,(#7474,#7475)
    ,(#7476,#7477)
    ,(#7478,#7479
    )),.UNSPECIFIED.,.F.,.F.,.F.,(4,4),(2,2),(19.,20.),(0.,1.),
  .PIECEWISE_BEZIER_KNOTS.);
#7472 = CARTESIAN_POINT('',(-3.979419721539,-1.969713901044,0.7610001));
#7473 = CARTESIAN_POINT('',(-3.979419721539,-1.969713901044,0.7600001));
#7474 = CARTESIAN_POINT('',(-3.951945970813,-1.969713901044,0.7610001));
#7475 = CARTESIAN_POINT('',(-3.951945970813,-1.969713901044,0.7600001));
#7476 = CARTESIAN_POINT('',(-3.924472220088,-1.978389829583,0.7610001));
#7477 = CARTESIAN_POINT('',(-3.924472220088,-1.978389829583,0.7600001));
#7478 = CARTESIAN_POINT('',(-3.90278241253,-1.991403708604,0.7610001));
#7479 = CARTESIAN_POINT('',(-3.90278241253,-1.991403708604,0.7600001));
#7480 = ADVANCED_FACE('',(#7481),#7491,.F.);
#7481 = FACE_BOUND('',#7482,.F.);
#7482 = EDGE_LOOP('',(#7483,#7484,#7485,#7490));
#7483 = ORIENTED_EDGE('',*,*,#7466,.F.);
#7484 = ORIENTED_EDGE('',*,*,#6941,.T.);
#7485 = ORIENTED_EDGE('',*,*,#7486,.T.);
#7486 = EDGE_CURVE('',#6942,#1238,#7487,.T.);
#7487 = B_SPLINE_CURVE_WITH_KNOTS('',1,(#7488,#7489),.UNSPECIFIED.,.F.,
  .F.,(2,2),(-0.,1.E-03),.PIECEWISE_BEZIER_KNOTS.);
#7488 = CARTESIAN_POINT('',(-3.709020164769,-1.852589017452,0.7610001));
#7489 = CARTESIAN_POINT('',(-3.709020164769,-1.852589017452,0.7600001));
#7490 = ORIENTED_EDGE('',*,*,#1246,.F.);
#7491 = B_SPLINE_SURFACE_WITH_KNOTS('',3,1,(
    (#7492,#7493)
    ,(#7494,#7495)
    ,(#7496,#7497)
    ,(#7498,#7499
    )),.UNSPECIFIED.,.F.,.F.,.F.,(4,4),(2,2),(20.,21.),(0.,1.),
  .PIECEWISE_BEZIER_KNOTS.);
#7492 = CARTESIAN_POINT('',(-3.90278241253,-1.991403708604,0.7610001));
#7493 = CARTESIAN_POINT('',(-3.90278241253,-1.991403708604,0.7600001));
#7494 = CARTESIAN_POINT('',(-3.875308689385,-1.910428504274,0.7610001));
#7495 = CARTESIAN_POINT('',(-3.875308689385,-1.910428504274,0.7600001));
#7496 = CARTESIAN_POINT('',(-3.800117345483,-1.852589017452,0.7610001));
#7497 = CARTESIAN_POINT('',(-3.800117345483,-1.852589017452,0.7600001));
#7498 = CARTESIAN_POINT('',(-3.709020164769,-1.852589017452,0.7610001));
#7499 = CARTESIAN_POINT('',(-3.709020164769,-1.852589017452,0.7600001));
#7500 = ADVANCED_FACE('',(#7501),#7511,.F.);
#7501 = FACE_BOUND('',#7502,.F.);
#7502 = EDGE_LOOP('',(#7503,#7504,#7505,#7510));
#7503 = ORIENTED_EDGE('',*,*,#7486,.F.);
#7504 = ORIENTED_EDGE('',*,*,#6950,.T.);
#7505 = ORIENTED_EDGE('',*,*,#7506,.T.);
#7506 = EDGE_CURVE('',#6951,#1229,#7507,.T.);
#7507 = B_SPLINE_CURVE_WITH_KNOTS('',1,(#7508,#7509),.UNSPECIFIED.,.F.,
  .F.,(2,2),(-0.,1.E-03),.PIECEWISE_BEZIER_KNOTS.);
#7508 = CARTESIAN_POINT('',(-3.506581960889,-2.033337413773,0.7610001));
#7509 = CARTESIAN_POINT('',(-3.506581960889,-2.033337413773,0.7600001));
#7510 = ORIENTED_EDGE('',*,*,#1237,.F.);
#7511 = B_SPLINE_SURFACE_WITH_KNOTS('',3,1,(
    (#7512,#7513)
    ,(#7514,#7515)
    ,(#7516,#7517)
    ,(#7518,#7519
    )),.UNSPECIFIED.,.F.,.F.,.F.,(4,4),(2,2),(21.,22.),(0.,1.),
  .PIECEWISE_BEZIER_KNOTS.);
#7512 = CARTESIAN_POINT('',(-3.709020164769,-1.852589017452,0.7610001));
#7513 = CARTESIAN_POINT('',(-3.709020164769,-1.852589017452,0.7600001));
#7514 = CARTESIAN_POINT('',(-3.604909077455,-1.852589017452,0.7610001));
#7515 = CARTESIAN_POINT('',(-3.604909077455,-1.852589017452,0.7600001));
#7516 = CARTESIAN_POINT('',(-3.518149847221,-1.932118311834,0.7610001));
#7517 = CARTESIAN_POINT('',(-3.518149847221,-1.932118311834,0.7600001));
#7518 = CARTESIAN_POINT('',(-3.506581960889,-2.033337413773,0.7610001));
#7519 = CARTESIAN_POINT('',(-3.506581960889,-2.033337413773,0.7600001));
#7520 = ADVANCED_FACE('',(#7521),#7531,.F.);
#7521 = FACE_BOUND('',#7522,.T.);
#7522 = EDGE_LOOP('',(#7523,#7524,#7529,#7530));
#7523 = ORIENTED_EDGE('',*,*,#1228,.T.);
#7524 = ORIENTED_EDGE('',*,*,#7525,.F.);
#7525 = EDGE_CURVE('',#6960,#1220,#7526,.T.);
#7526 = B_SPLINE_CURVE_WITH_KNOTS('',1,(#7527,#7528),.UNSPECIFIED.,.F.,
  .F.,(2,2),(-0.,1.E-03),.PIECEWISE_BEZIER_KNOTS.);
#7527 = CARTESIAN_POINT('',(-3.495014074556,-2.033337413773,0.7610001));
#7528 = CARTESIAN_POINT('',(-3.495014074556,-2.033337413773,0.7600001));
#7529 = ORIENTED_EDGE('',*,*,#6959,.F.);
#7530 = ORIENTED_EDGE('',*,*,#7506,.T.);
#7531 = B_SPLINE_SURFACE_WITH_KNOTS('',1,1,(
    (#7532,#7533)
    ,(#7534,#7535
    )),.UNSPECIFIED.,.F.,.F.,.F.,(2,2),(2,2),(-1.E-03,0.),(0.,
    1.156788633277E-02),.PIECEWISE_BEZIER_KNOTS.);
#7532 = CARTESIAN_POINT('',(-3.506581960889,-2.033337413773,0.7600001));
#7533 = CARTESIAN_POINT('',(-3.495014074556,-2.033337413773,0.7600001));
#7534 = CARTESIAN_POINT('',(-3.506581960889,-2.033337413773,0.7610001));
#7535 = CARTESIAN_POINT('',(-3.495014074556,-2.033337413773,0.7610001));
#7536 = ADVANCED_FACE('',(#7537),#7547,.F.);
#7537 = FACE_BOUND('',#7538,.F.);
#7538 = EDGE_LOOP('',(#7539,#7540,#7541,#7546));
#7539 = ORIENTED_EDGE('',*,*,#7525,.F.);
#7540 = ORIENTED_EDGE('',*,*,#6968,.T.);
#7541 = ORIENTED_EDGE('',*,*,#7542,.T.);
#7542 = EDGE_CURVE('',#6969,#1211,#7543,.T.);
#7543 = B_SPLINE_CURVE_WITH_KNOTS('',1,(#7544,#7545),.UNSPECIFIED.,.F.,
  .F.,(2,2),(-0.,1.E-03),.PIECEWISE_BEZIER_KNOTS.);
#7544 = CARTESIAN_POINT('',(-3.382227086283,-2.146124402046,0.7610001));
#7545 = CARTESIAN_POINT('',(-3.382227086283,-2.146124402046,0.7600001));
#7546 = ORIENTED_EDGE('',*,*,#1219,.F.);
#7547 = B_SPLINE_SURFACE_WITH_KNOTS('',3,1,(
    (#7548,#7549)
    ,(#7550,#7551)
    ,(#7552,#7553)
    ,(#7554,#7555
    )),.UNSPECIFIED.,.F.,.F.,.F.,(4,4),(2,2),(23.,24.),(0.,1.),
  .PIECEWISE_BEZIER_KNOTS.);
#7548 = CARTESIAN_POINT('',(-3.495014074556,-2.033337413773,0.7610001));
#7549 = CARTESIAN_POINT('',(-3.495014074556,-2.033337413773,0.7600001));
#7550 = CARTESIAN_POINT('',(-3.432836637253,-2.033337413773,0.7610001));
#7551 = CARTESIAN_POINT('',(-3.432836637253,-2.033337413773,0.7600001));
#7552 = CARTESIAN_POINT('',(-3.382227086283,-2.083946964743,0.7610001));
#7553 = CARTESIAN_POINT('',(-3.382227086283,-2.083946964743,0.7600001));
#7554 = CARTESIAN_POINT('',(-3.382227086283,-2.146124402046,0.7610001));
#7555 = CARTESIAN_POINT('',(-3.382227086283,-2.146124402046,0.7600001));
#7556 = ADVANCED_FACE('',(#7557),#7567,.F.);
#7557 = FACE_BOUND('',#7558,.F.);
#7558 = EDGE_LOOP('',(#7559,#7560,#7561,#7566));
#7559 = ORIENTED_EDGE('',*,*,#7542,.F.);
#7560 = ORIENTED_EDGE('',*,*,#6977,.T.);
#7561 = ORIENTED_EDGE('',*,*,#7562,.T.);
#7562 = EDGE_CURVE('',#6978,#1204,#7563,.T.);
#7563 = B_SPLINE_CURVE_WITH_KNOTS('',1,(#7564,#7565),.UNSPECIFIED.,.F.,
  .F.,(2,2),(-0.,1.E-03),.PIECEWISE_BEZIER_KNOTS.);
#7564 = CARTESIAN_POINT('',(-3.486338173596,-2.258911390318,0.7610001));
#7565 = CARTESIAN_POINT('',(-3.486338173596,-2.258911390318,0.7600001));
#7566 = ORIENTED_EDGE('',*,*,#1210,.F.);
#7567 = B_SPLINE_SURFACE_WITH_KNOTS('',3,1,(
    (#7568,#7569)
    ,(#7570,#7571)
    ,(#7572,#7573)
    ,(#7574,#7575
    )),.UNSPECIFIED.,.F.,.F.,.F.,(4,4),(2,2),(24.,25.),(0.,1.),
  .PIECEWISE_BEZIER_KNOTS.);
#7568 = CARTESIAN_POINT('',(-3.382227086283,-2.146124402046,0.7610001));
#7569 = CARTESIAN_POINT('',(-3.382227086283,-2.146124402046,0.7600001));
#7570 = CARTESIAN_POINT('',(-3.382227086283,-2.205409881556,0.7610001));
#7571 = CARTESIAN_POINT('',(-3.382227086283,-2.205409881556,0.7600001));
#7572 = CARTESIAN_POINT('',(-3.427052666507,-2.254573439838,0.7610001));
#7573 = CARTESIAN_POINT('',(-3.427052666507,-2.254573439838,0.7600001));
#7574 = CARTESIAN_POINT('',(-3.486338173596,-2.258911390318,0.7610001));
#7575 = CARTESIAN_POINT('',(-3.486338173596,-2.258911390318,0.7600001));
#7576 = ADVANCED_FACE('',(#7577),#7587,.F.);
#7577 = FACE_BOUND('',#7578,.T.);
#7578 = EDGE_LOOP('',(#7579,#7580,#7585,#7586));
#7579 = ORIENTED_EDGE('',*,*,#1203,.T.);
#7580 = ORIENTED_EDGE('',*,*,#7581,.F.);
#7581 = EDGE_CURVE('',#6987,#1195,#7582,.T.);
#7582 = B_SPLINE_CURVE_WITH_KNOTS('',1,(#7583,#7584),.UNSPECIFIED.,.F.,
  .F.,(2,2),(-0.,1.E-03),.PIECEWISE_BEZIER_KNOTS.);
#7583 = CARTESIAN_POINT('',(-3.551407596272,-2.258911390318,0.7610001));
#7584 = CARTESIAN_POINT('',(-3.551407596272,-2.258911390318,0.7600001));
#7585 = ORIENTED_EDGE('',*,*,#6986,.F.);
#7586 = ORIENTED_EDGE('',*,*,#7562,.T.);
#7587 = B_SPLINE_SURFACE_WITH_KNOTS('',1,1,(
    (#7588,#7589)
    ,(#7590,#7591)),.UNSPECIFIED.,.F.,.F.,.F.,(2,2),(2,2),(-0.,1.E-03),(
    -6.506942267584E-02,0.),.PIECEWISE_BEZIER_KNOTS.);
#7588 = CARTESIAN_POINT('',(-3.551407596272,-2.258911390318,0.7610001));
#7589 = CARTESIAN_POINT('',(-3.486338173596,-2.258911390318,0.7610001));
#7590 = CARTESIAN_POINT('',(-3.551407596272,-2.258911390318,0.7600001));
#7591 = CARTESIAN_POINT('',(-3.486338173596,-2.258911390318,0.7600001));
#7592 = ADVANCED_FACE('',(#7593),#7603,.F.);
#7593 = FACE_BOUND('',#7594,.F.);
#7594 = EDGE_LOOP('',(#7595,#7596,#7597,#7602));
#7595 = ORIENTED_EDGE('',*,*,#7581,.F.);
#7596 = ORIENTED_EDGE('',*,*,#6993,.T.);
#7597 = ORIENTED_EDGE('',*,*,#7598,.T.);
#7598 = EDGE_CURVE('',#6994,#1186,#7599,.T.);
#7599 = B_SPLINE_CURVE_WITH_KNOTS('',1,(#7600,#7601),.UNSPECIFIED.,.F.,
  .F.,(2,2),(-0.,1.E-03),.PIECEWISE_BEZIER_KNOTS.);
#7600 = CARTESIAN_POINT('',(-3.560083497232,-2.257465425212,0.7610001));
#7601 = CARTESIAN_POINT('',(-3.560083497232,-2.257465425212,0.7600001));
#7602 = ORIENTED_EDGE('',*,*,#1194,.F.);
#7603 = B_SPLINE_SURFACE_WITH_KNOTS('',3,1,(
    (#7604,#7605)
    ,(#7606,#7607)
    ,(#7608,#7609)
    ,(#7610,#7611
    )),.UNSPECIFIED.,.F.,.F.,.F.,(4,4),(2,2),(26.,27.),(0.,1.),
  .PIECEWISE_BEZIER_KNOTS.);
#7604 = CARTESIAN_POINT('',(-3.551407596272,-2.258911390318,0.7610001));
#7605 = CARTESIAN_POINT('',(-3.551407596272,-2.258911390318,0.7600001));
#7606 = CARTESIAN_POINT('',(-3.554299581645,-2.258911390318,0.7610001));
#7607 = CARTESIAN_POINT('',(-3.554299581645,-2.258911390318,0.7600001));
#7608 = CARTESIAN_POINT('',(-3.557191567018,-2.257465425212,0.7610001));
#7609 = CARTESIAN_POINT('',(-3.557191567018,-2.257465425212,0.7600001));
#7610 = CARTESIAN_POINT('',(-3.560083497232,-2.257465425212,0.7610001));
#7611 = CARTESIAN_POINT('',(-3.560083497232,-2.257465425212,0.7600001));
#7612 = ADVANCED_FACE('',(#7613),#7623,.F.);
#7613 = FACE_BOUND('',#7614,.F.);
#7614 = EDGE_LOOP('',(#7615,#7616,#7617,#7622));
#7615 = ORIENTED_EDGE('',*,*,#7598,.F.);
#7616 = ORIENTED_EDGE('',*,*,#7002,.T.);
#7617 = ORIENTED_EDGE('',*,*,#7618,.T.);
#7618 = EDGE_CURVE('',#7003,#1177,#7619,.T.);
#7619 = B_SPLINE_CURVE_WITH_KNOTS('',1,(#7620,#7621),.UNSPECIFIED.,.F.,
  .F.,(2,2),(-0.,1.E-03),.PIECEWISE_BEZIER_KNOTS.);
#7620 = CARTESIAN_POINT('',(-3.604909077455,-2.302291005436,0.7610001));
#7621 = CARTESIAN_POINT('',(-3.604909077455,-2.302291005436,0.7600001));
#7622 = ORIENTED_EDGE('',*,*,#1185,.F.);
#7623 = B_SPLINE_SURFACE_WITH_KNOTS('',3,1,(
    (#7624,#7625)
    ,(#7626,#7627)
    ,(#7628,#7629)
    ,(#7630,#7631
    )),.UNSPECIFIED.,.F.,.F.,.F.,(4,4),(2,2),(27.,28.),(0.,1.),
  .PIECEWISE_BEZIER_KNOTS.);
#7624 = CARTESIAN_POINT('',(-3.560083497232,-2.257465425212,0.7610001));
#7625 = CARTESIAN_POINT('',(-3.560083497232,-2.257465425212,0.7600001));
#7626 = CARTESIAN_POINT('',(-3.584665290163,-2.257465425212,0.7610001));
#7627 = CARTESIAN_POINT('',(-3.584665290163,-2.257465425212,0.7600001));
#7628 = CARTESIAN_POINT('',(-3.604909077455,-2.277709267664,0.7610001));
#7629 = CARTESIAN_POINT('',(-3.604909077455,-2.277709267664,0.7600001));
#7630 = CARTESIAN_POINT('',(-3.604909077455,-2.302291005436,0.7610001));
#7631 = CARTESIAN_POINT('',(-3.604909077455,-2.302291005436,0.7600001));
#7632 = ADVANCED_FACE('',(#7633),#7643,.F.);
#7633 = FACE_BOUND('',#7634,.F.);
#7634 = EDGE_LOOP('',(#7635,#7636,#7637,#7642));
#7635 = ORIENTED_EDGE('',*,*,#7618,.F.);
#7636 = ORIENTED_EDGE('',*,*,#7011,.T.);
#7637 = ORIENTED_EDGE('',*,*,#7638,.T.);
#7638 = EDGE_CURVE('',#7012,#1170,#7639,.T.);
#7639 = B_SPLINE_CURVE_WITH_KNOTS('',1,(#7640,#7641),.UNSPECIFIED.,.F.,
  .F.,(2,2),(-0.,1.E-03),.PIECEWISE_BEZIER_KNOTS.);
#7640 = CARTESIAN_POINT('',(-3.562975427445,-2.34711658566,0.7610001));
#7641 = CARTESIAN_POINT('',(-3.562975427445,-2.34711658566,0.7600001));
#7642 = ORIENTED_EDGE('',*,*,#1176,.F.);
#7643 = B_SPLINE_SURFACE_WITH_KNOTS('',3,1,(
    (#7644,#7645)
    ,(#7646,#7647)
    ,(#7648,#7649)
    ,(#7650,#7651
    )),.UNSPECIFIED.,.F.,.F.,.F.,(4,4),(2,2),(28.,29.),(0.,1.),
  .PIECEWISE_BEZIER_KNOTS.);
#7644 = CARTESIAN_POINT('',(-3.604909077455,-2.302291005436,0.7610001));
#7645 = CARTESIAN_POINT('',(-3.604909077455,-2.302291005436,0.7600001));
#7646 = CARTESIAN_POINT('',(-3.604909077455,-2.325426778101,0.7610001));
#7647 = CARTESIAN_POINT('',(-3.604909077455,-2.325426778101,0.7600001));
#7648 = CARTESIAN_POINT('',(-3.58611125527,-2.345670620554,0.7610001));
#7649 = CARTESIAN_POINT('',(-3.58611125527,-2.345670620554,0.7600001));
#7650 = CARTESIAN_POINT('',(-3.562975427445,-2.34711658566,0.7610001));
#7651 = CARTESIAN_POINT('',(-3.562975427445,-2.34711658566,0.7600001));
#7652 = ADVANCED_FACE('',(#7653),#7663,.F.);
#7653 = FACE_BOUND('',#7654,.T.);
#7654 = EDGE_LOOP('',(#7655,#7656,#7661,#7662));
#7655 = ORIENTED_EDGE('',*,*,#1169,.T.);
#7656 = ORIENTED_EDGE('',*,*,#7657,.F.);
#7657 = EDGE_CURVE('',#7021,#1161,#7658,.T.);
#7658 = B_SPLINE_CURVE_WITH_KNOTS('',1,(#7659,#7660),.UNSPECIFIED.,.F.,
  .F.,(2,2),(-0.,1.E-03),.PIECEWISE_BEZIER_KNOTS.);
#7659 = CARTESIAN_POINT('',(-3.477662217477,-2.34711658566,0.7610001));
#7660 = CARTESIAN_POINT('',(-3.477662217477,-2.34711658566,0.7600001));
#7661 = ORIENTED_EDGE('',*,*,#7020,.F.);
#7662 = ORIENTED_EDGE('',*,*,#7638,.T.);
#7663 = B_SPLINE_SURFACE_WITH_KNOTS('',1,1,(
    (#7664,#7665)
    ,(#7666,#7667)),.UNSPECIFIED.,.F.,.F.,.F.,(2,2),(2,2),(-1.E-03,0.),(
    -8.097525948804E-02,4.337950480129E-03),.PIECEWISE_BEZIER_KNOTS.);
#7664 = CARTESIAN_POINT('',(-3.562975427445,-2.34711658566,0.7600001));
#7665 = CARTESIAN_POINT('',(-3.477662217477,-2.34711658566,0.7600001));
#7666 = CARTESIAN_POINT('',(-3.562975427445,-2.34711658566,0.7610001));
#7667 = CARTESIAN_POINT('',(-3.477662217477,-2.34711658566,0.7610001));
#7668 = ADVANCED_FACE('',(#7669),#7679,.F.);
#7669 = FACE_BOUND('',#7670,.F.);
#7670 = EDGE_LOOP('',(#7671,#7672,#7673,#7678));
#7671 = ORIENTED_EDGE('',*,*,#7657,.F.);
#7672 = ORIENTED_EDGE('',*,*,#7027,.T.);
#7673 = ORIENTED_EDGE('',*,*,#7674,.T.);
#7674 = EDGE_CURVE('',#7028,#1152,#7675,.T.);
#7675 = B_SPLINE_CURVE_WITH_KNOTS('',1,(#7676,#7677),.UNSPECIFIED.,.F.,
  .F.,(2,2),(-0.,1.E-03),.PIECEWISE_BEZIER_KNOTS.);
#7676 = CARTESIAN_POINT('',(-3.346077407019,-2.282047162984,0.7610001));
#7677 = CARTESIAN_POINT('',(-3.346077407019,-2.282047162984,0.7600001));
#7678 = ORIENTED_EDGE('',*,*,#1160,.F.);
#7679 = B_SPLINE_SURFACE_WITH_KNOTS('',3,1,(
    (#7680,#7681)
    ,(#7682,#7683)
    ,(#7684,#7685)
    ,(#7686,#7687
    )),.UNSPECIFIED.,.F.,.F.,.F.,(4,4),(2,2),(33.,34.),(0.,1.),
  .PIECEWISE_BEZIER_KNOTS.);
#7680 = CARTESIAN_POINT('',(-3.477662217477,-2.34711658566,0.7610001));
#7681 = CARTESIAN_POINT('',(-3.477662217477,-2.34711658566,0.7600001));
#7682 = CARTESIAN_POINT('',(-3.427052666507,-2.34277863518,0.7610001));
#7683 = CARTESIAN_POINT('',(-3.427052666507,-2.34277863518,0.7600001));
#7684 = CARTESIAN_POINT('',(-3.380781066016,-2.319642807355,0.7610001));
#7685 = CARTESIAN_POINT('',(-3.380781066016,-2.319642807355,0.7600001));
#7686 = CARTESIAN_POINT('',(-3.346077407019,-2.282047162984,0.7610001));
#7687 = CARTESIAN_POINT('',(-3.346077407019,-2.282047162984,0.7600001));
#7688 = ADVANCED_FACE('',(#7689),#7695,.F.);
#7689 = FACE_BOUND('',#7690,.F.);
#7690 = EDGE_LOOP('',(#7691,#7692,#7693,#7694));
#7691 = ORIENTED_EDGE('',*,*,#7674,.F.);
#7692 = ORIENTED_EDGE('',*,*,#7036,.T.);
#7693 = ORIENTED_EDGE('',*,*,#7076,.T.);
#7694 = ORIENTED_EDGE('',*,*,#1151,.F.);
#7695 = B_SPLINE_SURFACE_WITH_KNOTS('',3,1,(
    (#7696,#7697)
    ,(#7698,#7699)
    ,(#7700,#7701)
    ,(#7702,#7703
    )),.UNSPECIFIED.,.F.,.F.,.F.,(4,4),(2,2),(34.,35.),(0.,1.),
  .PIECEWISE_BEZIER_KNOTS.);
#7696 = CARTESIAN_POINT('',(-3.346077407019,-2.282047162984,0.7610001));
#7697 = CARTESIAN_POINT('',(-3.346077407019,-2.282047162984,0.7600001));
#7698 = CARTESIAN_POINT('',(-3.311373692861,-2.244451518613,0.7610001));
#7699 = CARTESIAN_POINT('',(-3.311373692861,-2.244451518613,0.7600001));
#7700 = CARTESIAN_POINT('',(-3.292575870676,-2.19528793275,0.7610001));
#7701 = CARTESIAN_POINT('',(-3.292575870676,-2.19528793275,0.7600001));
#7702 = CARTESIAN_POINT('',(-3.292575870676,-2.14467838178,0.7610001));
#7703 = CARTESIAN_POINT('',(-3.292575870676,-2.14467838178,0.7600001));
#7704 = ADVANCED_FACE('',(#7705),#7732,.T.);
#7705 = FACE_BOUND('',#7706,.T.);
#7706 = EDGE_LOOP('',(#7707,#7721,#7726,#7727));
#7707 = ORIENTED_EDGE('',*,*,#7708,.F.);
#7708 = EDGE_CURVE('',#7709,#7711,#7713,.T.);
#7709 = VERTEX_POINT('',#7710);
#7710 = CARTESIAN_POINT('',(-3.90278244011,-2.355792596939,0.7600001));
#7711 = VERTEX_POINT('',#7712);
#7712 = CARTESIAN_POINT('',(-3.90278244011,-2.243005553507,0.7600001));
#7713 = B_SPLINE_CURVE_WITH_KNOTS('',3,(#7714,#7715,#7716,#7717,#7718,
    #7719,#7720),.UNSPECIFIED.,.F.,.F.,(4,3,4),(0.,1.,2.),
  .PIECEWISE_BEZIER_KNOTS.);
#7714 = CARTESIAN_POINT('',(-3.90278244011,-2.355792596939,0.7600001));
#7715 = CARTESIAN_POINT('',(-3.870970738906,-2.355792596939,0.7600001));
#7716 = CARTESIAN_POINT('',(-3.846388945974,-2.329764783741,0.7600001));
#7717 = CARTESIAN_POINT('',(-3.846388945974,-2.299399075223,0.7600001));
#7718 = CARTESIAN_POINT('',(-3.846388945974,-2.267587346439,0.7600001));
#7719 = CARTESIAN_POINT('',(-3.872416704012,-2.243005553507,0.7600001));
#7720 = CARTESIAN_POINT('',(-3.90278244011,-2.243005553507,0.7600001));
#7721 = ORIENTED_EDGE('',*,*,#7722,.F.);
#7722 = EDGE_CURVE('',#7046,#7709,#7723,.T.);
#7723 = B_SPLINE_CURVE_WITH_KNOTS('',1,(#7724,#7725),.UNSPECIFIED.,.F.,
  .F.,(2,2),(-0.,1.E-03),.PIECEWISE_BEZIER_KNOTS.);
#7724 = CARTESIAN_POINT('',(-3.90278244011,-2.355792596939,0.7610001));
#7725 = CARTESIAN_POINT('',(-3.90278244011,-2.355792596939,0.7600001));
#7726 = ORIENTED_EDGE('',*,*,#7045,.T.);
#7727 = ORIENTED_EDGE('',*,*,#7728,.T.);
#7728 = EDGE_CURVE('',#7048,#7711,#7729,.T.);
#7729 = B_SPLINE_CURVE_WITH_KNOTS('',1,(#7730,#7731),.UNSPECIFIED.,.F.,
  .F.,(2,2),(-0.,1.E-03),.PIECEWISE_BEZIER_KNOTS.);
#7730 = CARTESIAN_POINT('',(-3.90278244011,-2.243005553507,0.7610001));
#7731 = CARTESIAN_POINT('',(-3.90278244011,-2.243005553507,0.7600001));
#7732 = B_SPLINE_SURFACE_WITH_KNOTS('',3,1,(
    (#7733,#7734)
    ,(#7735,#7736)
    ,(#7737,#7738)
    ,(#7739,#7740)
    ,(#7741,#7742)
    ,(#7743,#7744)
    ,(#7745,#7746
    )),.UNSPECIFIED.,.F.,.F.,.F.,(4,3,4),(2,2),(0.,1.,2.),(0.,1.),
  .PIECEWISE_BEZIER_KNOTS.);
#7733 = CARTESIAN_POINT('',(-3.90278244011,-2.355792596939,0.7610001));
#7734 = CARTESIAN_POINT('',(-3.90278244011,-2.355792596939,0.7600001));
#7735 = CARTESIAN_POINT('',(-3.870970738906,-2.355792596939,0.7610001));
#7736 = CARTESIAN_POINT('',(-3.870970738906,-2.355792596939,0.7600001));
#7737 = CARTESIAN_POINT('',(-3.846388945974,-2.329764783741,0.7610001));
#7738 = CARTESIAN_POINT('',(-3.846388945974,-2.329764783741,0.7600001));
#7739 = CARTESIAN_POINT('',(-3.846388945974,-2.299399075223,0.7610001));
#7740 = CARTESIAN_POINT('',(-3.846388945974,-2.299399075223,0.7600001));
#7741 = CARTESIAN_POINT('',(-3.846388945974,-2.267587346439,0.7610001));
#7742 = CARTESIAN_POINT('',(-3.846388945974,-2.267587346439,0.7600001));
#7743 = CARTESIAN_POINT('',(-3.872416704012,-2.243005553507,0.7610001));
#7744 = CARTESIAN_POINT('',(-3.872416704012,-2.243005553507,0.7600001));
#7745 = CARTESIAN_POINT('',(-3.90278244011,-2.243005553507,0.7610001));
#7746 = CARTESIAN_POINT('',(-3.90278244011,-2.243005553507,0.7600001));
#7747 = ADVANCED_FACE('',(#7748),#7762,.T.);
#7748 = FACE_BOUND('',#7749,.T.);
#7749 = EDGE_LOOP('',(#7750,#7759,#7760,#7761));
#7750 = ORIENTED_EDGE('',*,*,#7751,.F.);
#7751 = EDGE_CURVE('',#7711,#7709,#7752,.T.);
#7752 = B_SPLINE_CURVE_WITH_KNOTS('',3,(#7753,#7754,#7755,#7756,#7757,
    #7758),.UNSPECIFIED.,.F.,.F.,(4,2,4),(2.,3.,4.),.UNSPECIFIED.);
#7753 = CARTESIAN_POINT('',(-3.90278244011,-2.243005553507,0.7600001));
#7754 = CARTESIAN_POINT('',(-3.933148176207,-2.243005553507,0.7600001));
#7755 = CARTESIAN_POINT('',(-3.959175934246,-2.267587346439,0.7600001));
#7756 = CARTESIAN_POINT('',(-3.959175934246,-2.331210804008,0.7600001));
#7757 = CARTESIAN_POINT('',(-3.933148176207,-2.355792596939,0.7600001));
#7758 = CARTESIAN_POINT('',(-3.90278244011,-2.355792596939,0.7600001));
#7759 = ORIENTED_EDGE('',*,*,#7728,.F.);
#7760 = ORIENTED_EDGE('',*,*,#7059,.T.);
#7761 = ORIENTED_EDGE('',*,*,#7722,.T.);
#7762 = B_SPLINE_SURFACE_WITH_KNOTS('',3,1,(
    (#7763,#7764)
    ,(#7765,#7766)
    ,(#7767,#7768)
    ,(#7769,#7770)
    ,(#7771,#7772)
    ,(#7773,#7774
    )),.UNSPECIFIED.,.F.,.F.,.F.,(4,2,4),(2,2),(2.,3.,4.),(0.,1.),
  .UNSPECIFIED.);
#7763 = CARTESIAN_POINT('',(-3.90278244011,-2.243005553507,0.7610001));
#7764 = CARTESIAN_POINT('',(-3.90278244011,-2.243005553507,0.7600001));
#7765 = CARTESIAN_POINT('',(-3.933148176207,-2.243005553507,0.7610001));
#7766 = CARTESIAN_POINT('',(-3.933148176207,-2.243005553507,0.7600001));
#7767 = CARTESIAN_POINT('',(-3.959175934246,-2.267587346439,0.7610001));
#7768 = CARTESIAN_POINT('',(-3.959175934246,-2.267587346439,0.7600001));
#7769 = CARTESIAN_POINT('',(-3.959175934246,-2.331210804008,0.7610001));
#7770 = CARTESIAN_POINT('',(-3.959175934246,-2.331210804008,0.7600001));
#7771 = CARTESIAN_POINT('',(-3.933148176207,-2.355792596939,0.7610001));
#7772 = CARTESIAN_POINT('',(-3.933148176207,-2.355792596939,0.7600001));
#7773 = CARTESIAN_POINT('',(-3.90278244011,-2.355792596939,0.7610001));
#7774 = CARTESIAN_POINT('',(-3.90278244011,-2.355792596939,0.7600001));
#7775 = ADVANCED_FACE('',(#7776),#7780,.T.);
#7776 = FACE_BOUND('',#7777,.T.);
#7777 = EDGE_LOOP('',(#7778,#7779));
#7778 = ORIENTED_EDGE('',*,*,#7708,.T.);
#7779 = ORIENTED_EDGE('',*,*,#7751,.T.);
#7780 = B_SPLINE_SURFACE_WITH_KNOTS('',1,1,(
    (#7781,#7782)
    ,(#7783,#7784
    )),.UNSPECIFIED.,.F.,.F.,.F.,(2,2),(2,2),(-3.959175934246,
    -3.846388945974),(-2.355792596939,-2.243005553507),
  .PIECEWISE_BEZIER_KNOTS.);
#7781 = CARTESIAN_POINT('',(-3.959175934246,-2.355792596939,0.7600001));
#7782 = CARTESIAN_POINT('',(-3.959175934246,-2.243005553507,0.7600001));
#7783 = CARTESIAN_POINT('',(-3.846388945974,-2.355792596939,0.7600001));
#7784 = CARTESIAN_POINT('',(-3.846388945974,-2.243005553507,0.7600001));
#7785 = ( GEOMETRIC_REPRESENTATION_CONTEXT(3) 
GLOBAL_UNCERTAINTY_ASSIGNED_CONTEXT((#7789)) 
GLOBAL_UNIT_ASSIGNED_CONTEXT((#7786,#7787,#7788)) REPRESENTATION_CONTEXT
('Context #1','3D Context with UNIT and UNCERTAINTY') );
#7786 = ( LENGTH_UNIT() NAMED_UNIT(*) SI_UNIT(.MILLI.,.METRE.) );
#7787 = ( NAMED_UNIT(*) PLANE_ANGLE_UNIT() SI_UNIT($,.RADIAN.) );
#7788 = ( NAMED_UNIT(*) SI_UNIT($,.STERADIAN.) SOLID_ANGLE_UNIT() );
#7789 = UNCERTAINTY_MEASURE_WITH_UNIT(LENGTH_MEASURE(1.E-07),#7786,
  'distance_accuracy_value','confusion accuracy');
#7790 = PRODUCT_RELATED_PRODUCT_CATEGORY('part',$,(#7));
#7791 = MECHANICAL_DESIGN_GEOMETRIC_PRESENTATION_REPRESENTATION('',(
    #7792,#7802,#7810,#7817,#7824,#7831,#7839,#7846,#7853,#7860,#7867,
    #7874,#7881,#7888,#7895,#7902,#7909,#7916,#7923,#7930,#7937,#7944,
    #7951,#7958,#7965,#7972,#7979,#7986,#7993,#8000,#8007,#8014,#8021,
    #8028,#8035,#8042,#8049,#8056,#8063,#8070,#8077,#8084,#8091,#8098,
    #8105,#8112,#8119,#8126,#8133,#8140,#8147,#8154,#8161,#8168,#8175,
    #8182,#8189,#8196,#8203,#8210,#8217,#8224,#8231,#8238,#8245,#8252,
    #8259,#8266,#8273,#8280,#8287,#8294,#8301,#8308,#8315,#8322,#8329,
    #8336,#8343,#8350,#8357,#8364,#8371,#8378,#8385,#8392,#8399,#8406,
    #8413,#8420,#8427,#8434,#8441,#8448,#8455,#8462,#8469,#8476,#8483,
    #8490,#8497,#8504,#8511,#8518,#8525,#8532,#8539,#8546,#8553,#8560,
    #8567,#8574,#8581,#8588,#8595,#8602,#8609,#8616,#8623,#8630,#8637,
    #8644,#8651,#8658,#8665,#8672,#8679,#8686,#8693,#8700,#8707,#8714,
    #8721,#8728,#8735,#8742,#8749,#8756,#8763,#8770,#8777,#8784,#8791,
    #8798,#8805,#8812,#8819,#8826,#8833,#8840,#8847,#8854,#8861,#8868,
    #8875,#8882,#8889,#8896,#8903,#8910,#8917,#8924,#8931,#8938,#8945,
    #8952,#8959,#8966,#8973,#8980,#8987,#8994,#9001,#9008,#9015,#9022,
    #9029,#9036,#9043,#9050,#9057,#9064,#9071,#9078,#9085,#9092,#9099,
    #9106,#9113,#9120,#9127,#9134,#9141,#9148,#9155,#9162,#9169,#9176,
    #9183,#9190,#9197,#9204,#9211,#9218,#9225,#9232,#9239,#9246,#9253,
    #9260,#9267,#9274,#9281,#9288,#9295,#9302,#9309,#9316,#9323,#9330,
    #9337,#9344,#9351,#9358,#9365,#9372,#9379,#9386,#9393,#9400,#9407,
    #9414,#9421,#9428,#9435,#9442,#9449,#9456,#9463,#9470,#9477,#9484,
    #9491,#9498,#9505,#9512,#9519),#7785);
#7792 = STYLED_ITEM('color',(#7793),#15);
#7793 = PRESENTATION_STYLE_ASSIGNMENT((#7794,#7800));
#7794 = SURFACE_STYLE_USAGE(.BOTH.,#7795);
#7795 = SURFACE_SIDE_STYLE('',(#7796));
#7796 = SURFACE_STYLE_FILL_AREA(#7797);
#7797 = FILL_AREA_STYLE('',(#7798));
#7798 = FILL_AREA_STYLE_COLOUR('',#7799);
#7799 = COLOUR_RGB('',0.501960785193,0.250980388104,0.250980388104);
#7800 = CURVE_STYLE('',#7801,POSITIVE_LENGTH_MEASURE(0.1),#7799);
#7801 = DRAUGHTING_PRE_DEFINED_CURVE_FONT('continuous');
#7802 = OVER_RIDING_STYLED_ITEM('overriding color',(#7803),#17,#7792);
#7803 = PRESENTATION_STYLE_ASSIGNMENT((#7804));
#7804 = SURFACE_STYLE_USAGE(.BOTH.,#7805);
#7805 = SURFACE_SIDE_STYLE('',(#7806));
#7806 = SURFACE_STYLE_FILL_AREA(#7807);
#7807 = FILL_AREA_STYLE('',(#7808));
#7808 = FILL_AREA_STYLE_COLOUR('',#7809);
#7809 = COLOUR_RGB('',0.250980388104,0.250980388104,0.250980388104);
#7810 = OVER_RIDING_STYLED_ITEM('overriding color',(#7811),#1422,#7792);
#7811 = PRESENTATION_STYLE_ASSIGNMENT((#7812));
#7812 = SURFACE_STYLE_USAGE(.BOTH.,#7813);
#7813 = SURFACE_SIDE_STYLE('',(#7814));
#7814 = SURFACE_STYLE_FILL_AREA(#7815);
#7815 = FILL_AREA_STYLE('',(#7816));
#7816 = FILL_AREA_STYLE_COLOUR('',#7809);
#7817 = OVER_RIDING_STYLED_ITEM('overriding color',(#7818),#1514,#7792);
#7818 = PRESENTATION_STYLE_ASSIGNMENT((#7819));
#7819 = SURFACE_STYLE_USAGE(.BOTH.,#7820);
#7820 = SURFACE_SIDE_STYLE('',(#7821));
#7821 = SURFACE_STYLE_FILL_AREA(#7822);
#7822 = FILL_AREA_STYLE('',(#7823));
#7823 = FILL_AREA_STYLE_COLOUR('',#7809);
#7824 = OVER_RIDING_STYLED_ITEM('overriding color',(#7825),#1534,#7792);
#7825 = PRESENTATION_STYLE_ASSIGNMENT((#7826));
#7826 = SURFACE_STYLE_USAGE(.BOTH.,#7827);
#7827 = SURFACE_SIDE_STYLE('',(#7828));
#7828 = SURFACE_STYLE_FILL_AREA(#7829);
#7829 = FILL_AREA_STYLE('',(#7830));
#7830 = FILL_AREA_STYLE_COLOUR('',#7809);
#7831 = OVER_RIDING_STYLED_ITEM('overriding color',(#7832),#1554,#7792);
#7832 = PRESENTATION_STYLE_ASSIGNMENT((#7833));
#7833 = SURFACE_STYLE_USAGE(.BOTH.,#7834);
#7834 = SURFACE_SIDE_STYLE('',(#7835));
#7835 = SURFACE_STYLE_FILL_AREA(#7836);
#7836 = FILL_AREA_STYLE('',(#7837));
#7837 = FILL_AREA_STYLE_COLOUR('',#7838);
#7838 = DRAUGHTING_PRE_DEFINED_COLOUR('white');
#7839 = OVER_RIDING_STYLED_ITEM('overriding color',(#7840),#1614,#7792);
#7840 = PRESENTATION_STYLE_ASSIGNMENT((#7841));
#7841 = SURFACE_STYLE_USAGE(.BOTH.,#7842);
#7842 = SURFACE_SIDE_STYLE('',(#7843));
#7843 = SURFACE_STYLE_FILL_AREA(#7844);
#7844 = FILL_AREA_STYLE('',(#7845));
#7845 = FILL_AREA_STYLE_COLOUR('',#7838);
#7846 = OVER_RIDING_STYLED_ITEM('overriding color',(#7847),#1642,#7792);
#7847 = PRESENTATION_STYLE_ASSIGNMENT((#7848));
#7848 = SURFACE_STYLE_USAGE(.BOTH.,#7849);
#7849 = SURFACE_SIDE_STYLE('',(#7850));
#7850 = SURFACE_STYLE_FILL_AREA(#7851);
#7851 = FILL_AREA_STYLE('',(#7852));
#7852 = FILL_AREA_STYLE_COLOUR('',#7838);
#7853 = OVER_RIDING_STYLED_ITEM('overriding color',(#7854),#1670,#7792);
#7854 = PRESENTATION_STYLE_ASSIGNMENT((#7855));
#7855 = SURFACE_STYLE_USAGE(.BOTH.,#7856);
#7856 = SURFACE_SIDE_STYLE('',(#7857));
#7857 = SURFACE_STYLE_FILL_AREA(#7858);
#7858 = FILL_AREA_STYLE('',(#7859));
#7859 = FILL_AREA_STYLE_COLOUR('',#7838);
#7860 = OVER_RIDING_STYLED_ITEM('overriding color',(#7861),#1690,#7792);
#7861 = PRESENTATION_STYLE_ASSIGNMENT((#7862));
#7862 = SURFACE_STYLE_USAGE(.BOTH.,#7863);
#7863 = SURFACE_SIDE_STYLE('',(#7864));
#7864 = SURFACE_STYLE_FILL_AREA(#7865);
#7865 = FILL_AREA_STYLE('',(#7866));
#7866 = FILL_AREA_STYLE_COLOUR('',#7838);
#7867 = OVER_RIDING_STYLED_ITEM('overriding color',(#7868),#1722,#7792);
#7868 = PRESENTATION_STYLE_ASSIGNMENT((#7869));
#7869 = SURFACE_STYLE_USAGE(.BOTH.,#7870);
#7870 = SURFACE_SIDE_STYLE('',(#7871));
#7871 = SURFACE_STYLE_FILL_AREA(#7872);
#7872 = FILL_AREA_STYLE('',(#7873));
#7873 = FILL_AREA_STYLE_COLOUR('',#7838);
#7874 = OVER_RIDING_STYLED_ITEM('overriding color',(#7875),#1734,#7792);
#7875 = PRESENTATION_STYLE_ASSIGNMENT((#7876));
#7876 = SURFACE_STYLE_USAGE(.BOTH.,#7877);
#7877 = SURFACE_SIDE_STYLE('',(#7878));
#7878 = SURFACE_STYLE_FILL_AREA(#7879);
#7879 = FILL_AREA_STYLE('',(#7880));
#7880 = FILL_AREA_STYLE_COLOUR('',#7838);
#7881 = OVER_RIDING_STYLED_ITEM('overriding color',(#7882),#1750,#7792);
#7882 = PRESENTATION_STYLE_ASSIGNMENT((#7883));
#7883 = SURFACE_STYLE_USAGE(.BOTH.,#7884);
#7884 = SURFACE_SIDE_STYLE('',(#7885));
#7885 = SURFACE_STYLE_FILL_AREA(#7886);
#7886 = FILL_AREA_STYLE('',(#7887));
#7887 = FILL_AREA_STYLE_COLOUR('',#7838);
#7888 = OVER_RIDING_STYLED_ITEM('overriding color',(#7889),#1766,#7792);
#7889 = PRESENTATION_STYLE_ASSIGNMENT((#7890));
#7890 = SURFACE_STYLE_USAGE(.BOTH.,#7891);
#7891 = SURFACE_SIDE_STYLE('',(#7892));
#7892 = SURFACE_STYLE_FILL_AREA(#7893);
#7893 = FILL_AREA_STYLE('',(#7894));
#7894 = FILL_AREA_STYLE_COLOUR('',#7838);
#7895 = OVER_RIDING_STYLED_ITEM('overriding color',(#7896),#1778,#7792);
#7896 = PRESENTATION_STYLE_ASSIGNMENT((#7897));
#7897 = SURFACE_STYLE_USAGE(.BOTH.,#7898);
#7898 = SURFACE_SIDE_STYLE('',(#7899));
#7899 = SURFACE_STYLE_FILL_AREA(#7900);
#7900 = FILL_AREA_STYLE('',(#7901));
#7901 = FILL_AREA_STYLE_COLOUR('',#7838);
#7902 = OVER_RIDING_STYLED_ITEM('overriding color',(#7903),#1838,#7792);
#7903 = PRESENTATION_STYLE_ASSIGNMENT((#7904));
#7904 = SURFACE_STYLE_USAGE(.BOTH.,#7905);
#7905 = SURFACE_SIDE_STYLE('',(#7906));
#7906 = SURFACE_STYLE_FILL_AREA(#7907);
#7907 = FILL_AREA_STYLE('',(#7908));
#7908 = FILL_AREA_STYLE_COLOUR('',#7838);
#7909 = OVER_RIDING_STYLED_ITEM('overriding color',(#7910),#1866,#7792);
#7910 = PRESENTATION_STYLE_ASSIGNMENT((#7911));
#7911 = SURFACE_STYLE_USAGE(.BOTH.,#7912);
#7912 = SURFACE_SIDE_STYLE('',(#7913));
#7913 = SURFACE_STYLE_FILL_AREA(#7914);
#7914 = FILL_AREA_STYLE('',(#7915));
#7915 = FILL_AREA_STYLE_COLOUR('',#7838);
#7916 = OVER_RIDING_STYLED_ITEM('overriding color',(#7917),#1894,#7792);
#7917 = PRESENTATION_STYLE_ASSIGNMENT((#7918));
#7918 = SURFACE_STYLE_USAGE(.BOTH.,#7919);
#7919 = SURFACE_SIDE_STYLE('',(#7920));
#7920 = SURFACE_STYLE_FILL_AREA(#7921);
#7921 = FILL_AREA_STYLE('',(#7922));
#7922 = FILL_AREA_STYLE_COLOUR('',#7838);
#7923 = OVER_RIDING_STYLED_ITEM('overriding color',(#7924),#1914,#7792);
#7924 = PRESENTATION_STYLE_ASSIGNMENT((#7925));
#7925 = SURFACE_STYLE_USAGE(.BOTH.,#7926);
#7926 = SURFACE_SIDE_STYLE('',(#7927));
#7927 = SURFACE_STYLE_FILL_AREA(#7928);
#7928 = FILL_AREA_STYLE('',(#7929));
#7929 = FILL_AREA_STYLE_COLOUR('',#7838);
#7930 = OVER_RIDING_STYLED_ITEM('overriding color',(#7931),#1946,#7792);
#7931 = PRESENTATION_STYLE_ASSIGNMENT((#7932));
#7932 = SURFACE_STYLE_USAGE(.BOTH.,#7933);
#7933 = SURFACE_SIDE_STYLE('',(#7934));
#7934 = SURFACE_STYLE_FILL_AREA(#7935);
#7935 = FILL_AREA_STYLE('',(#7936));
#7936 = FILL_AREA_STYLE_COLOUR('',#7838);
#7937 = OVER_RIDING_STYLED_ITEM('overriding color',(#7938),#1958,#7792);
#7938 = PRESENTATION_STYLE_ASSIGNMENT((#7939));
#7939 = SURFACE_STYLE_USAGE(.BOTH.,#7940);
#7940 = SURFACE_SIDE_STYLE('',(#7941));
#7941 = SURFACE_STYLE_FILL_AREA(#7942);
#7942 = FILL_AREA_STYLE('',(#7943));
#7943 = FILL_AREA_STYLE_COLOUR('',#7838);
#7944 = OVER_RIDING_STYLED_ITEM('overriding color',(#7945),#1974,#7792);
#7945 = PRESENTATION_STYLE_ASSIGNMENT((#7946));
#7946 = SURFACE_STYLE_USAGE(.BOTH.,#7947);
#7947 = SURFACE_SIDE_STYLE('',(#7948));
#7948 = SURFACE_STYLE_FILL_AREA(#7949);
#7949 = FILL_AREA_STYLE('',(#7950));
#7950 = FILL_AREA_STYLE_COLOUR('',#7838);
#7951 = OVER_RIDING_STYLED_ITEM('overriding color',(#7952),#1990,#7792);
#7952 = PRESENTATION_STYLE_ASSIGNMENT((#7953));
#7953 = SURFACE_STYLE_USAGE(.BOTH.,#7954);
#7954 = SURFACE_SIDE_STYLE('',(#7955));
#7955 = SURFACE_STYLE_FILL_AREA(#7956);
#7956 = FILL_AREA_STYLE('',(#7957));
#7957 = FILL_AREA_STYLE_COLOUR('',#7838);
#7958 = OVER_RIDING_STYLED_ITEM('overriding color',(#7959),#2002,#7792);
#7959 = PRESENTATION_STYLE_ASSIGNMENT((#7960));
#7960 = SURFACE_STYLE_USAGE(.BOTH.,#7961);
#7961 = SURFACE_SIDE_STYLE('',(#7962));
#7962 = SURFACE_STYLE_FILL_AREA(#7963);
#7963 = FILL_AREA_STYLE('',(#7964));
#7964 = FILL_AREA_STYLE_COLOUR('',#7838);
#7965 = OVER_RIDING_STYLED_ITEM('overriding color',(#7966),#2030,#7792);
#7966 = PRESENTATION_STYLE_ASSIGNMENT((#7967));
#7967 = SURFACE_STYLE_USAGE(.BOTH.,#7968);
#7968 = SURFACE_SIDE_STYLE('',(#7969));
#7969 = SURFACE_STYLE_FILL_AREA(#7970);
#7970 = FILL_AREA_STYLE('',(#7971));
#7971 = FILL_AREA_STYLE_COLOUR('',#7838);
#7972 = OVER_RIDING_STYLED_ITEM('overriding color',(#7973),#2052,#7792);
#7973 = PRESENTATION_STYLE_ASSIGNMENT((#7974));
#7974 = SURFACE_STYLE_USAGE(.BOTH.,#7975);
#7975 = SURFACE_SIDE_STYLE('',(#7976));
#7976 = SURFACE_STYLE_FILL_AREA(#7977);
#7977 = FILL_AREA_STYLE('',(#7978));
#7978 = FILL_AREA_STYLE_COLOUR('',#7838);
#7979 = OVER_RIDING_STYLED_ITEM('overriding color',(#7980),#2074,#7792);
#7980 = PRESENTATION_STYLE_ASSIGNMENT((#7981));
#7981 = SURFACE_STYLE_USAGE(.BOTH.,#7982);
#7982 = SURFACE_SIDE_STYLE('',(#7983));
#7983 = SURFACE_STYLE_FILL_AREA(#7984);
#7984 = FILL_AREA_STYLE('',(#7985));
#7985 = FILL_AREA_STYLE_COLOUR('',#7838);
#7986 = OVER_RIDING_STYLED_ITEM('overriding color',(#7987),#2096,#7792);
#7987 = PRESENTATION_STYLE_ASSIGNMENT((#7988));
#7988 = SURFACE_STYLE_USAGE(.BOTH.,#7989);
#7989 = SURFACE_SIDE_STYLE('',(#7990));
#7990 = SURFACE_STYLE_FILL_AREA(#7991);
#7991 = FILL_AREA_STYLE('',(#7992));
#7992 = FILL_AREA_STYLE_COLOUR('',#7838);
#7993 = OVER_RIDING_STYLED_ITEM('overriding color',(#7994),#2118,#7792);
#7994 = PRESENTATION_STYLE_ASSIGNMENT((#7995));
#7995 = SURFACE_STYLE_USAGE(.BOTH.,#7996);
#7996 = SURFACE_SIDE_STYLE('',(#7997));
#7997 = SURFACE_STYLE_FILL_AREA(#7998);
#7998 = FILL_AREA_STYLE('',(#7999));
#7999 = FILL_AREA_STYLE_COLOUR('',#7838);
#8000 = OVER_RIDING_STYLED_ITEM('overriding color',(#8001),#2134,#7792);
#8001 = PRESENTATION_STYLE_ASSIGNMENT((#8002));
#8002 = SURFACE_STYLE_USAGE(.BOTH.,#8003);
#8003 = SURFACE_SIDE_STYLE('',(#8004));
#8004 = SURFACE_STYLE_FILL_AREA(#8005);
#8005 = FILL_AREA_STYLE('',(#8006));
#8006 = FILL_AREA_STYLE_COLOUR('',#7838);
#8007 = OVER_RIDING_STYLED_ITEM('overriding color',(#8008),#2148,#7792);
#8008 = PRESENTATION_STYLE_ASSIGNMENT((#8009));
#8009 = SURFACE_STYLE_USAGE(.BOTH.,#8010);
#8010 = SURFACE_SIDE_STYLE('',(#8011));
#8011 = SURFACE_STYLE_FILL_AREA(#8012);
#8012 = FILL_AREA_STYLE('',(#8013));
#8013 = FILL_AREA_STYLE_COLOUR('',#7838);
#8014 = OVER_RIDING_STYLED_ITEM('overriding color',(#8015),#2182,#7792);
#8015 = PRESENTATION_STYLE_ASSIGNMENT((#8016));
#8016 = SURFACE_STYLE_USAGE(.BOTH.,#8017);
#8017 = SURFACE_SIDE_STYLE('',(#8018));
#8018 = SURFACE_STYLE_FILL_AREA(#8019);
#8019 = FILL_AREA_STYLE('',(#8020));
#8020 = FILL_AREA_STYLE_COLOUR('',#7838);
#8021 = OVER_RIDING_STYLED_ITEM('overriding color',(#8022),#2204,#7792);
#8022 = PRESENTATION_STYLE_ASSIGNMENT((#8023));
#8023 = SURFACE_STYLE_USAGE(.BOTH.,#8024);
#8024 = SURFACE_SIDE_STYLE('',(#8025));
#8025 = SURFACE_STYLE_FILL_AREA(#8026);
#8026 = FILL_AREA_STYLE('',(#8027));
#8027 = FILL_AREA_STYLE_COLOUR('',#7838);
#8028 = OVER_RIDING_STYLED_ITEM('overriding color',(#8029),#2232,#7792);
#8029 = PRESENTATION_STYLE_ASSIGNMENT((#8030));
#8030 = SURFACE_STYLE_USAGE(.BOTH.,#8031);
#8031 = SURFACE_SIDE_STYLE('',(#8032));
#8032 = SURFACE_STYLE_FILL_AREA(#8033);
#8033 = FILL_AREA_STYLE('',(#8034));
#8034 = FILL_AREA_STYLE_COLOUR('',#7838);
#8035 = OVER_RIDING_STYLED_ITEM('overriding color',(#8036),#2260,#7792);
#8036 = PRESENTATION_STYLE_ASSIGNMENT((#8037));
#8037 = SURFACE_STYLE_USAGE(.BOTH.,#8038);
#8038 = SURFACE_SIDE_STYLE('',(#8039));
#8039 = SURFACE_STYLE_FILL_AREA(#8040);
#8040 = FILL_AREA_STYLE('',(#8041));
#8041 = FILL_AREA_STYLE_COLOUR('',#7838);
#8042 = OVER_RIDING_STYLED_ITEM('overriding color',(#8043),#2288,#7792);
#8043 = PRESENTATION_STYLE_ASSIGNMENT((#8044));
#8044 = SURFACE_STYLE_USAGE(.BOTH.,#8045);
#8045 = SURFACE_SIDE_STYLE('',(#8046));
#8046 = SURFACE_STYLE_FILL_AREA(#8047);
#8047 = FILL_AREA_STYLE('',(#8048));
#8048 = FILL_AREA_STYLE_COLOUR('',#7838);
#8049 = OVER_RIDING_STYLED_ITEM('overriding color',(#8050),#2316,#7792);
#8050 = PRESENTATION_STYLE_ASSIGNMENT((#8051));
#8051 = SURFACE_STYLE_USAGE(.BOTH.,#8052);
#8052 = SURFACE_SIDE_STYLE('',(#8053));
#8053 = SURFACE_STYLE_FILL_AREA(#8054);
#8054 = FILL_AREA_STYLE('',(#8055));
#8055 = FILL_AREA_STYLE_COLOUR('',#7838);
#8056 = OVER_RIDING_STYLED_ITEM('overriding color',(#8057),#2344,#7792);
#8057 = PRESENTATION_STYLE_ASSIGNMENT((#8058));
#8058 = SURFACE_STYLE_USAGE(.BOTH.,#8059);
#8059 = SURFACE_SIDE_STYLE('',(#8060));
#8060 = SURFACE_STYLE_FILL_AREA(#8061);
#8061 = FILL_AREA_STYLE('',(#8062));
#8062 = FILL_AREA_STYLE_COLOUR('',#7838);
#8063 = OVER_RIDING_STYLED_ITEM('overriding color',(#8064),#2372,#7792);
#8064 = PRESENTATION_STYLE_ASSIGNMENT((#8065));
#8065 = SURFACE_STYLE_USAGE(.BOTH.,#8066);
#8066 = SURFACE_SIDE_STYLE('',(#8067));
#8067 = SURFACE_STYLE_FILL_AREA(#8068);
#8068 = FILL_AREA_STYLE('',(#8069));
#8069 = FILL_AREA_STYLE_COLOUR('',#7838);
#8070 = OVER_RIDING_STYLED_ITEM('overriding color',(#8071),#2394,#7792);
#8071 = PRESENTATION_STYLE_ASSIGNMENT((#8072));
#8072 = SURFACE_STYLE_USAGE(.BOTH.,#8073);
#8073 = SURFACE_SIDE_STYLE('',(#8074));
#8074 = SURFACE_STYLE_FILL_AREA(#8075);
#8075 = FILL_AREA_STYLE('',(#8076));
#8076 = FILL_AREA_STYLE_COLOUR('',#7838);
#8077 = OVER_RIDING_STYLED_ITEM('overriding color',(#8078),#2422,#7792);
#8078 = PRESENTATION_STYLE_ASSIGNMENT((#8079));
#8079 = SURFACE_STYLE_USAGE(.BOTH.,#8080);
#8080 = SURFACE_SIDE_STYLE('',(#8081));
#8081 = SURFACE_STYLE_FILL_AREA(#8082);
#8082 = FILL_AREA_STYLE('',(#8083));
#8083 = FILL_AREA_STYLE_COLOUR('',#7838);
#8084 = OVER_RIDING_STYLED_ITEM('overriding color',(#8085),#2450,#7792);
#8085 = PRESENTATION_STYLE_ASSIGNMENT((#8086));
#8086 = SURFACE_STYLE_USAGE(.BOTH.,#8087);
#8087 = SURFACE_SIDE_STYLE('',(#8088));
#8088 = SURFACE_STYLE_FILL_AREA(#8089);
#8089 = FILL_AREA_STYLE('',(#8090));
#8090 = FILL_AREA_STYLE_COLOUR('',#7838);
#8091 = OVER_RIDING_STYLED_ITEM('overriding color',(#8092),#2478,#7792);
#8092 = PRESENTATION_STYLE_ASSIGNMENT((#8093));
#8093 = SURFACE_STYLE_USAGE(.BOTH.,#8094);
#8094 = SURFACE_SIDE_STYLE('',(#8095));
#8095 = SURFACE_STYLE_FILL_AREA(#8096);
#8096 = FILL_AREA_STYLE('',(#8097));
#8097 = FILL_AREA_STYLE_COLOUR('',#7838);
#8098 = OVER_RIDING_STYLED_ITEM('overriding color',(#8099),#2506,#7792);
#8099 = PRESENTATION_STYLE_ASSIGNMENT((#8100));
#8100 = SURFACE_STYLE_USAGE(.BOTH.,#8101);
#8101 = SURFACE_SIDE_STYLE('',(#8102));
#8102 = SURFACE_STYLE_FILL_AREA(#8103);
#8103 = FILL_AREA_STYLE('',(#8104));
#8104 = FILL_AREA_STYLE_COLOUR('',#7838);
#8105 = OVER_RIDING_STYLED_ITEM('overriding color',(#8106),#2528,#7792);
#8106 = PRESENTATION_STYLE_ASSIGNMENT((#8107));
#8107 = SURFACE_STYLE_USAGE(.BOTH.,#8108);
#8108 = SURFACE_SIDE_STYLE('',(#8109));
#8109 = SURFACE_STYLE_FILL_AREA(#8110);
#8110 = FILL_AREA_STYLE('',(#8111));
#8111 = FILL_AREA_STYLE_COLOUR('',#7838);
#8112 = OVER_RIDING_STYLED_ITEM('overriding color',(#8113),#2550,#7792);
#8113 = PRESENTATION_STYLE_ASSIGNMENT((#8114));
#8114 = SURFACE_STYLE_USAGE(.BOTH.,#8115);
#8115 = SURFACE_SIDE_STYLE('',(#8116));
#8116 = SURFACE_STYLE_FILL_AREA(#8117);
#8117 = FILL_AREA_STYLE('',(#8118));
#8118 = FILL_AREA_STYLE_COLOUR('',#7838);
#8119 = OVER_RIDING_STYLED_ITEM('overriding color',(#8120),#2578,#7792);
#8120 = PRESENTATION_STYLE_ASSIGNMENT((#8121));
#8121 = SURFACE_STYLE_USAGE(.BOTH.,#8122);
#8122 = SURFACE_SIDE_STYLE('',(#8123));
#8123 = SURFACE_STYLE_FILL_AREA(#8124);
#8124 = FILL_AREA_STYLE('',(#8125));
#8125 = FILL_AREA_STYLE_COLOUR('',#7838);
#8126 = OVER_RIDING_STYLED_ITEM('overriding color',(#8127),#2600,#7792);
#8127 = PRESENTATION_STYLE_ASSIGNMENT((#8128));
#8128 = SURFACE_STYLE_USAGE(.BOTH.,#8129);
#8129 = SURFACE_SIDE_STYLE('',(#8130));
#8130 = SURFACE_STYLE_FILL_AREA(#8131);
#8131 = FILL_AREA_STYLE('',(#8132));
#8132 = FILL_AREA_STYLE_COLOUR('',#7838);
#8133 = OVER_RIDING_STYLED_ITEM('overriding color',(#8134),#2622,#7792);
#8134 = PRESENTATION_STYLE_ASSIGNMENT((#8135));
#8135 = SURFACE_STYLE_USAGE(.BOTH.,#8136);
#8136 = SURFACE_SIDE_STYLE('',(#8137));
#8137 = SURFACE_STYLE_FILL_AREA(#8138);
#8138 = FILL_AREA_STYLE('',(#8139));
#8139 = FILL_AREA_STYLE_COLOUR('',#7838);
#8140 = OVER_RIDING_STYLED_ITEM('overriding color',(#8141),#2644,#7792);
#8141 = PRESENTATION_STYLE_ASSIGNMENT((#8142));
#8142 = SURFACE_STYLE_USAGE(.BOTH.,#8143);
#8143 = SURFACE_SIDE_STYLE('',(#8144));
#8144 = SURFACE_STYLE_FILL_AREA(#8145);
#8145 = FILL_AREA_STYLE('',(#8146));
#8146 = FILL_AREA_STYLE_COLOUR('',#7838);
#8147 = OVER_RIDING_STYLED_ITEM('overriding color',(#8148),#2666,#7792);
#8148 = PRESENTATION_STYLE_ASSIGNMENT((#8149));
#8149 = SURFACE_STYLE_USAGE(.BOTH.,#8150);
#8150 = SURFACE_SIDE_STYLE('',(#8151));
#8151 = SURFACE_STYLE_FILL_AREA(#8152);
#8152 = FILL_AREA_STYLE('',(#8153));
#8153 = FILL_AREA_STYLE_COLOUR('',#7838);
#8154 = OVER_RIDING_STYLED_ITEM('overriding color',(#8155),#2688,#7792);
#8155 = PRESENTATION_STYLE_ASSIGNMENT((#8156));
#8156 = SURFACE_STYLE_USAGE(.BOTH.,#8157);
#8157 = SURFACE_SIDE_STYLE('',(#8158));
#8158 = SURFACE_STYLE_FILL_AREA(#8159);
#8159 = FILL_AREA_STYLE('',(#8160));
#8160 = FILL_AREA_STYLE_COLOUR('',#7838);
#8161 = OVER_RIDING_STYLED_ITEM('overriding color',(#8162),#2710,#7792);
#8162 = PRESENTATION_STYLE_ASSIGNMENT((#8163));
#8163 = SURFACE_STYLE_USAGE(.BOTH.,#8164);
#8164 = SURFACE_SIDE_STYLE('',(#8165));
#8165 = SURFACE_STYLE_FILL_AREA(#8166);
#8166 = FILL_AREA_STYLE('',(#8167));
#8167 = FILL_AREA_STYLE_COLOUR('',#7838);
#8168 = OVER_RIDING_STYLED_ITEM('overriding color',(#8169),#2732,#7792);
#8169 = PRESENTATION_STYLE_ASSIGNMENT((#8170));
#8170 = SURFACE_STYLE_USAGE(.BOTH.,#8171);
#8171 = SURFACE_SIDE_STYLE('',(#8172));
#8172 = SURFACE_STYLE_FILL_AREA(#8173);
#8173 = FILL_AREA_STYLE('',(#8174));
#8174 = FILL_AREA_STYLE_COLOUR('',#7838);
#8175 = OVER_RIDING_STYLED_ITEM('overriding color',(#8176),#2754,#7792);
#8176 = PRESENTATION_STYLE_ASSIGNMENT((#8177));
#8177 = SURFACE_STYLE_USAGE(.BOTH.,#8178);
#8178 = SURFACE_SIDE_STYLE('',(#8179));
#8179 = SURFACE_STYLE_FILL_AREA(#8180);
#8180 = FILL_AREA_STYLE('',(#8181));
#8181 = FILL_AREA_STYLE_COLOUR('',#7838);
#8182 = OVER_RIDING_STYLED_ITEM('overriding color',(#8183),#2776,#7792);
#8183 = PRESENTATION_STYLE_ASSIGNMENT((#8184));
#8184 = SURFACE_STYLE_USAGE(.BOTH.,#8185);
#8185 = SURFACE_SIDE_STYLE('',(#8186));
#8186 = SURFACE_STYLE_FILL_AREA(#8187);
#8187 = FILL_AREA_STYLE('',(#8188));
#8188 = FILL_AREA_STYLE_COLOUR('',#7838);
#8189 = OVER_RIDING_STYLED_ITEM('overriding color',(#8190),#2798,#7792);
#8190 = PRESENTATION_STYLE_ASSIGNMENT((#8191));
#8191 = SURFACE_STYLE_USAGE(.BOTH.,#8192);
#8192 = SURFACE_SIDE_STYLE('',(#8193));
#8193 = SURFACE_STYLE_FILL_AREA(#8194);
#8194 = FILL_AREA_STYLE('',(#8195));
#8195 = FILL_AREA_STYLE_COLOUR('',#7838);
#8196 = OVER_RIDING_STYLED_ITEM('overriding color',(#8197),#2814,#7792);
#8197 = PRESENTATION_STYLE_ASSIGNMENT((#8198));
#8198 = SURFACE_STYLE_USAGE(.BOTH.,#8199);
#8199 = SURFACE_SIDE_STYLE('',(#8200));
#8200 = SURFACE_STYLE_FILL_AREA(#8201);
#8201 = FILL_AREA_STYLE('',(#8202));
#8202 = FILL_AREA_STYLE_COLOUR('',#7838);
#8203 = OVER_RIDING_STYLED_ITEM('overriding color',(#8204),#2834,#7792);
#8204 = PRESENTATION_STYLE_ASSIGNMENT((#8205));
#8205 = SURFACE_STYLE_USAGE(.BOTH.,#8206);
#8206 = SURFACE_SIDE_STYLE('',(#8207));
#8207 = SURFACE_STYLE_FILL_AREA(#8208);
#8208 = FILL_AREA_STYLE('',(#8209));
#8209 = FILL_AREA_STYLE_COLOUR('',#7838);
#8210 = OVER_RIDING_STYLED_ITEM('overriding color',(#8211),#2958,#7792);
#8211 = PRESENTATION_STYLE_ASSIGNMENT((#8212));
#8212 = SURFACE_STYLE_USAGE(.BOTH.,#8213);
#8213 = SURFACE_SIDE_STYLE('',(#8214));
#8214 = SURFACE_STYLE_FILL_AREA(#8215);
#8215 = FILL_AREA_STYLE('',(#8216));
#8216 = FILL_AREA_STYLE_COLOUR('',#7838);
#8217 = OVER_RIDING_STYLED_ITEM('overriding color',(#8218),#2978,#7792);
#8218 = PRESENTATION_STYLE_ASSIGNMENT((#8219));
#8219 = SURFACE_STYLE_USAGE(.BOTH.,#8220);
#8220 = SURFACE_SIDE_STYLE('',(#8221));
#8221 = SURFACE_STYLE_FILL_AREA(#8222);
#8222 = FILL_AREA_STYLE('',(#8223));
#8223 = FILL_AREA_STYLE_COLOUR('',#7838);
#8224 = OVER_RIDING_STYLED_ITEM('overriding color',(#8225),#2998,#7792);
#8225 = PRESENTATION_STYLE_ASSIGNMENT((#8226));
#8226 = SURFACE_STYLE_USAGE(.BOTH.,#8227);
#8227 = SURFACE_SIDE_STYLE('',(#8228));
#8228 = SURFACE_STYLE_FILL_AREA(#8229);
#8229 = FILL_AREA_STYLE('',(#8230));
#8230 = FILL_AREA_STYLE_COLOUR('',#7838);
#8231 = OVER_RIDING_STYLED_ITEM('overriding color',(#8232),#3018,#7792);
#8232 = PRESENTATION_STYLE_ASSIGNMENT((#8233));
#8233 = SURFACE_STYLE_USAGE(.BOTH.,#8234);
#8234 = SURFACE_SIDE_STYLE('',(#8235));
#8235 = SURFACE_STYLE_FILL_AREA(#8236);
#8236 = FILL_AREA_STYLE('',(#8237));
#8237 = FILL_AREA_STYLE_COLOUR('',#7838);
#8238 = OVER_RIDING_STYLED_ITEM('overriding color',(#8239),#3038,#7792);
#8239 = PRESENTATION_STYLE_ASSIGNMENT((#8240));
#8240 = SURFACE_STYLE_USAGE(.BOTH.,#8241);
#8241 = SURFACE_SIDE_STYLE('',(#8242));
#8242 = SURFACE_STYLE_FILL_AREA(#8243);
#8243 = FILL_AREA_STYLE('',(#8244));
#8244 = FILL_AREA_STYLE_COLOUR('',#7838);
#8245 = OVER_RIDING_STYLED_ITEM('overriding color',(#8246),#3058,#7792);
#8246 = PRESENTATION_STYLE_ASSIGNMENT((#8247));
#8247 = SURFACE_STYLE_USAGE(.BOTH.,#8248);
#8248 = SURFACE_SIDE_STYLE('',(#8249));
#8249 = SURFACE_STYLE_FILL_AREA(#8250);
#8250 = FILL_AREA_STYLE('',(#8251));
#8251 = FILL_AREA_STYLE_COLOUR('',#7838);
#8252 = OVER_RIDING_STYLED_ITEM('overriding color',(#8253),#3074,#7792);
#8253 = PRESENTATION_STYLE_ASSIGNMENT((#8254));
#8254 = SURFACE_STYLE_USAGE(.BOTH.,#8255);
#8255 = SURFACE_SIDE_STYLE('',(#8256));
#8256 = SURFACE_STYLE_FILL_AREA(#8257);
#8257 = FILL_AREA_STYLE('',(#8258));
#8258 = FILL_AREA_STYLE_COLOUR('',#7838);
#8259 = OVER_RIDING_STYLED_ITEM('overriding color',(#8260),#3086,#7792);
#8260 = PRESENTATION_STYLE_ASSIGNMENT((#8261));
#8261 = SURFACE_STYLE_USAGE(.BOTH.,#8262);
#8262 = SURFACE_SIDE_STYLE('',(#8263));
#8263 = SURFACE_STYLE_FILL_AREA(#8264);
#8264 = FILL_AREA_STYLE('',(#8265));
#8265 = FILL_AREA_STYLE_COLOUR('',#7838);
#8266 = OVER_RIDING_STYLED_ITEM('overriding color',(#8267),#3114,#7792);
#8267 = PRESENTATION_STYLE_ASSIGNMENT((#8268));
#8268 = SURFACE_STYLE_USAGE(.BOTH.,#8269);
#8269 = SURFACE_SIDE_STYLE('',(#8270));
#8270 = SURFACE_STYLE_FILL_AREA(#8271);
#8271 = FILL_AREA_STYLE('',(#8272));
#8272 = FILL_AREA_STYLE_COLOUR('',#7838);
#8273 = OVER_RIDING_STYLED_ITEM('overriding color',(#8274),#3136,#7792);
#8274 = PRESENTATION_STYLE_ASSIGNMENT((#8275));
#8275 = SURFACE_STYLE_USAGE(.BOTH.,#8276);
#8276 = SURFACE_SIDE_STYLE('',(#8277));
#8277 = SURFACE_STYLE_FILL_AREA(#8278);
#8278 = FILL_AREA_STYLE('',(#8279));
#8279 = FILL_AREA_STYLE_COLOUR('',#7838);
#8280 = OVER_RIDING_STYLED_ITEM('overriding color',(#8281),#3158,#7792);
#8281 = PRESENTATION_STYLE_ASSIGNMENT((#8282));
#8282 = SURFACE_STYLE_USAGE(.BOTH.,#8283);
#8283 = SURFACE_SIDE_STYLE('',(#8284));
#8284 = SURFACE_STYLE_FILL_AREA(#8285);
#8285 = FILL_AREA_STYLE('',(#8286));
#8286 = FILL_AREA_STYLE_COLOUR('',#7838);
#8287 = OVER_RIDING_STYLED_ITEM('overriding color',(#8288),#3186,#7792);
#8288 = PRESENTATION_STYLE_ASSIGNMENT((#8289));
#8289 = SURFACE_STYLE_USAGE(.BOTH.,#8290);
#8290 = SURFACE_SIDE_STYLE('',(#8291));
#8291 = SURFACE_STYLE_FILL_AREA(#8292);
#8292 = FILL_AREA_STYLE('',(#8293));
#8293 = FILL_AREA_STYLE_COLOUR('',#7838);
#8294 = OVER_RIDING_STYLED_ITEM('overriding color',(#8295),#3214,#7792);
#8295 = PRESENTATION_STYLE_ASSIGNMENT((#8296));
#8296 = SURFACE_STYLE_USAGE(.BOTH.,#8297);
#8297 = SURFACE_SIDE_STYLE('',(#8298));
#8298 = SURFACE_STYLE_FILL_AREA(#8299);
#8299 = FILL_AREA_STYLE('',(#8300));
#8300 = FILL_AREA_STYLE_COLOUR('',#7838);
#8301 = OVER_RIDING_STYLED_ITEM('overriding color',(#8302),#3242,#7792);
#8302 = PRESENTATION_STYLE_ASSIGNMENT((#8303));
#8303 = SURFACE_STYLE_USAGE(.BOTH.,#8304);
#8304 = SURFACE_SIDE_STYLE('',(#8305));
#8305 = SURFACE_STYLE_FILL_AREA(#8306);
#8306 = FILL_AREA_STYLE('',(#8307));
#8307 = FILL_AREA_STYLE_COLOUR('',#7838);
#8308 = OVER_RIDING_STYLED_ITEM('overriding color',(#8309),#3264,#7792);
#8309 = PRESENTATION_STYLE_ASSIGNMENT((#8310));
#8310 = SURFACE_STYLE_USAGE(.BOTH.,#8311);
#8311 = SURFACE_SIDE_STYLE('',(#8312));
#8312 = SURFACE_STYLE_FILL_AREA(#8313);
#8313 = FILL_AREA_STYLE('',(#8314));
#8314 = FILL_AREA_STYLE_COLOUR('',#7809);
#8315 = OVER_RIDING_STYLED_ITEM('overriding color',(#8316),#3279,#7792);
#8316 = PRESENTATION_STYLE_ASSIGNMENT((#8317));
#8317 = SURFACE_STYLE_USAGE(.BOTH.,#8318);
#8318 = SURFACE_SIDE_STYLE('',(#8319));
#8319 = SURFACE_STYLE_FILL_AREA(#8320);
#8320 = FILL_AREA_STYLE('',(#8321));
#8321 = FILL_AREA_STYLE_COLOUR('',#7838);
#8322 = OVER_RIDING_STYLED_ITEM('overriding color',(#8323),#3391,#7792);
#8323 = PRESENTATION_STYLE_ASSIGNMENT((#8324));
#8324 = SURFACE_STYLE_USAGE(.BOTH.,#8325);
#8325 = SURFACE_SIDE_STYLE('',(#8326));
#8326 = SURFACE_STYLE_FILL_AREA(#8327);
#8327 = FILL_AREA_STYLE('',(#8328));
#8328 = FILL_AREA_STYLE_COLOUR('',#7838);
#8329 = OVER_RIDING_STYLED_ITEM('overriding color',(#8330),#3411,#7792);
#8330 = PRESENTATION_STYLE_ASSIGNMENT((#8331));
#8331 = SURFACE_STYLE_USAGE(.BOTH.,#8332);
#8332 = SURFACE_SIDE_STYLE('',(#8333));
#8333 = SURFACE_STYLE_FILL_AREA(#8334);
#8334 = FILL_AREA_STYLE('',(#8335));
#8335 = FILL_AREA_STYLE_COLOUR('',#7838);
#8336 = OVER_RIDING_STYLED_ITEM('overriding color',(#8337),#3427,#7792);
#8337 = PRESENTATION_STYLE_ASSIGNMENT((#8338));
#8338 = SURFACE_STYLE_USAGE(.BOTH.,#8339);
#8339 = SURFACE_SIDE_STYLE('',(#8340));
#8340 = SURFACE_STYLE_FILL_AREA(#8341);
#8341 = FILL_AREA_STYLE('',(#8342));
#8342 = FILL_AREA_STYLE_COLOUR('',#7838);
#8343 = OVER_RIDING_STYLED_ITEM('overriding color',(#8344),#3443,#7792);
#8344 = PRESENTATION_STYLE_ASSIGNMENT((#8345));
#8345 = SURFACE_STYLE_USAGE(.BOTH.,#8346);
#8346 = SURFACE_SIDE_STYLE('',(#8347));
#8347 = SURFACE_STYLE_FILL_AREA(#8348);
#8348 = FILL_AREA_STYLE('',(#8349));
#8349 = FILL_AREA_STYLE_COLOUR('',#7838);
#8350 = OVER_RIDING_STYLED_ITEM('overriding color',(#8351),#3459,#7792);
#8351 = PRESENTATION_STYLE_ASSIGNMENT((#8352));
#8352 = SURFACE_STYLE_USAGE(.BOTH.,#8353);
#8353 = SURFACE_SIDE_STYLE('',(#8354));
#8354 = SURFACE_STYLE_FILL_AREA(#8355);
#8355 = FILL_AREA_STYLE('',(#8356));
#8356 = FILL_AREA_STYLE_COLOUR('',#7838);
#8357 = OVER_RIDING_STYLED_ITEM('overriding color',(#8358),#3475,#7792);
#8358 = PRESENTATION_STYLE_ASSIGNMENT((#8359));
#8359 = SURFACE_STYLE_USAGE(.BOTH.,#8360);
#8360 = SURFACE_SIDE_STYLE('',(#8361));
#8361 = SURFACE_STYLE_FILL_AREA(#8362);
#8362 = FILL_AREA_STYLE('',(#8363));
#8363 = FILL_AREA_STYLE_COLOUR('',#7838);
#8364 = OVER_RIDING_STYLED_ITEM('overriding color',(#8365),#3491,#7792);
#8365 = PRESENTATION_STYLE_ASSIGNMENT((#8366));
#8366 = SURFACE_STYLE_USAGE(.BOTH.,#8367);
#8367 = SURFACE_SIDE_STYLE('',(#8368));
#8368 = SURFACE_STYLE_FILL_AREA(#8369);
#8369 = FILL_AREA_STYLE('',(#8370));
#8370 = FILL_AREA_STYLE_COLOUR('',#7838);
#8371 = OVER_RIDING_STYLED_ITEM('overriding color',(#8372),#3507,#7792);
#8372 = PRESENTATION_STYLE_ASSIGNMENT((#8373));
#8373 = SURFACE_STYLE_USAGE(.BOTH.,#8374);
#8374 = SURFACE_SIDE_STYLE('',(#8375));
#8375 = SURFACE_STYLE_FILL_AREA(#8376);
#8376 = FILL_AREA_STYLE('',(#8377));
#8377 = FILL_AREA_STYLE_COLOUR('',#7838);
#8378 = OVER_RIDING_STYLED_ITEM('overriding color',(#8379),#3519,#7792);
#8379 = PRESENTATION_STYLE_ASSIGNMENT((#8380));
#8380 = SURFACE_STYLE_USAGE(.BOTH.,#8381);
#8381 = SURFACE_SIDE_STYLE('',(#8382));
#8382 = SURFACE_STYLE_FILL_AREA(#8383);
#8383 = FILL_AREA_STYLE('',(#8384));
#8384 = FILL_AREA_STYLE_COLOUR('',#7838);
#8385 = OVER_RIDING_STYLED_ITEM('overriding color',(#8386),#3547,#7792);
#8386 = PRESENTATION_STYLE_ASSIGNMENT((#8387));
#8387 = SURFACE_STYLE_USAGE(.BOTH.,#8388);
#8388 = SURFACE_SIDE_STYLE('',(#8389));
#8389 = SURFACE_STYLE_FILL_AREA(#8390);
#8390 = FILL_AREA_STYLE('',(#8391));
#8391 = FILL_AREA_STYLE_COLOUR('',#7838);
#8392 = OVER_RIDING_STYLED_ITEM('overriding color',(#8393),#3569,#7792);
#8393 = PRESENTATION_STYLE_ASSIGNMENT((#8394));
#8394 = SURFACE_STYLE_USAGE(.BOTH.,#8395);
#8395 = SURFACE_SIDE_STYLE('',(#8396));
#8396 = SURFACE_STYLE_FILL_AREA(#8397);
#8397 = FILL_AREA_STYLE('',(#8398));
#8398 = FILL_AREA_STYLE_COLOUR('',#7838);
#8399 = OVER_RIDING_STYLED_ITEM('overriding color',(#8400),#3597,#7792);
#8400 = PRESENTATION_STYLE_ASSIGNMENT((#8401));
#8401 = SURFACE_STYLE_USAGE(.BOTH.,#8402);
#8402 = SURFACE_SIDE_STYLE('',(#8403));
#8403 = SURFACE_STYLE_FILL_AREA(#8404);
#8404 = FILL_AREA_STYLE('',(#8405));
#8405 = FILL_AREA_STYLE_COLOUR('',#7838);
#8406 = OVER_RIDING_STYLED_ITEM('overriding color',(#8407),#3619,#7792);
#8407 = PRESENTATION_STYLE_ASSIGNMENT((#8408));
#8408 = SURFACE_STYLE_USAGE(.BOTH.,#8409);
#8409 = SURFACE_SIDE_STYLE('',(#8410));
#8410 = SURFACE_STYLE_FILL_AREA(#8411);
#8411 = FILL_AREA_STYLE('',(#8412));
#8412 = FILL_AREA_STYLE_COLOUR('',#7838);
#8413 = OVER_RIDING_STYLED_ITEM('overriding color',(#8414),#3647,#7792);
#8414 = PRESENTATION_STYLE_ASSIGNMENT((#8415));
#8415 = SURFACE_STYLE_USAGE(.BOTH.,#8416);
#8416 = SURFACE_SIDE_STYLE('',(#8417));
#8417 = SURFACE_STYLE_FILL_AREA(#8418);
#8418 = FILL_AREA_STYLE('',(#8419));
#8419 = FILL_AREA_STYLE_COLOUR('',#7838);
#8420 = OVER_RIDING_STYLED_ITEM('overriding color',(#8421),#3663,#7792);
#8421 = PRESENTATION_STYLE_ASSIGNMENT((#8422));
#8422 = SURFACE_STYLE_USAGE(.BOTH.,#8423);
#8423 = SURFACE_SIDE_STYLE('',(#8424));
#8424 = SURFACE_STYLE_FILL_AREA(#8425);
#8425 = FILL_AREA_STYLE('',(#8426));
#8426 = FILL_AREA_STYLE_COLOUR('',#7809);
#8427 = OVER_RIDING_STYLED_ITEM('overriding color',(#8428),#3677,#7792);
#8428 = PRESENTATION_STYLE_ASSIGNMENT((#8429));
#8429 = SURFACE_STYLE_USAGE(.BOTH.,#8430);
#8430 = SURFACE_SIDE_STYLE('',(#8431));
#8431 = SURFACE_STYLE_FILL_AREA(#8432);
#8432 = FILL_AREA_STYLE('',(#8433));
#8433 = FILL_AREA_STYLE_COLOUR('',#7838);
#8434 = OVER_RIDING_STYLED_ITEM('overriding color',(#8435),#3705,#7792);
#8435 = PRESENTATION_STYLE_ASSIGNMENT((#8436));
#8436 = SURFACE_STYLE_USAGE(.BOTH.,#8437);
#8437 = SURFACE_SIDE_STYLE('',(#8438));
#8438 = SURFACE_STYLE_FILL_AREA(#8439);
#8439 = FILL_AREA_STYLE('',(#8440));
#8440 = FILL_AREA_STYLE_COLOUR('',#7838);
#8441 = OVER_RIDING_STYLED_ITEM('overriding color',(#8442),#3727,#7792);
#8442 = PRESENTATION_STYLE_ASSIGNMENT((#8443));
#8443 = SURFACE_STYLE_USAGE(.BOTH.,#8444);
#8444 = SURFACE_SIDE_STYLE('',(#8445));
#8445 = SURFACE_STYLE_FILL_AREA(#8446);
#8446 = FILL_AREA_STYLE('',(#8447));
#8447 = FILL_AREA_STYLE_COLOUR('',#7838);
#8448 = OVER_RIDING_STYLED_ITEM('overriding color',(#8449),#3749,#7792);
#8449 = PRESENTATION_STYLE_ASSIGNMENT((#8450));
#8450 = SURFACE_STYLE_USAGE(.BOTH.,#8451);
#8451 = SURFACE_SIDE_STYLE('',(#8452));
#8452 = SURFACE_STYLE_FILL_AREA(#8453);
#8453 = FILL_AREA_STYLE('',(#8454));
#8454 = FILL_AREA_STYLE_COLOUR('',#7838);
#8455 = OVER_RIDING_STYLED_ITEM('overriding color',(#8456),#3771,#7792);
#8456 = PRESENTATION_STYLE_ASSIGNMENT((#8457));
#8457 = SURFACE_STYLE_USAGE(.BOTH.,#8458);
#8458 = SURFACE_SIDE_STYLE('',(#8459));
#8459 = SURFACE_STYLE_FILL_AREA(#8460);
#8460 = FILL_AREA_STYLE('',(#8461));
#8461 = FILL_AREA_STYLE_COLOUR('',#7838);
#8462 = OVER_RIDING_STYLED_ITEM('overriding color',(#8463),#3793,#7792);
#8463 = PRESENTATION_STYLE_ASSIGNMENT((#8464));
#8464 = SURFACE_STYLE_USAGE(.BOTH.,#8465);
#8465 = SURFACE_SIDE_STYLE('',(#8466));
#8466 = SURFACE_STYLE_FILL_AREA(#8467);
#8467 = FILL_AREA_STYLE('',(#8468));
#8468 = FILL_AREA_STYLE_COLOUR('',#7838);
#8469 = OVER_RIDING_STYLED_ITEM('overriding color',(#8470),#3815,#7792);
#8470 = PRESENTATION_STYLE_ASSIGNMENT((#8471));
#8471 = SURFACE_STYLE_USAGE(.BOTH.,#8472);
#8472 = SURFACE_SIDE_STYLE('',(#8473));
#8473 = SURFACE_STYLE_FILL_AREA(#8474);
#8474 = FILL_AREA_STYLE('',(#8475));
#8475 = FILL_AREA_STYLE_COLOUR('',#7838);
#8476 = OVER_RIDING_STYLED_ITEM('overriding color',(#8477),#3837,#7792);
#8477 = PRESENTATION_STYLE_ASSIGNMENT((#8478));
#8478 = SURFACE_STYLE_USAGE(.BOTH.,#8479);
#8479 = SURFACE_SIDE_STYLE('',(#8480));
#8480 = SURFACE_STYLE_FILL_AREA(#8481);
#8481 = FILL_AREA_STYLE('',(#8482));
#8482 = FILL_AREA_STYLE_COLOUR('',#7838);
#8483 = OVER_RIDING_STYLED_ITEM('overriding color',(#8484),#3859,#7792);
#8484 = PRESENTATION_STYLE_ASSIGNMENT((#8485));
#8485 = SURFACE_STYLE_USAGE(.BOTH.,#8486);
#8486 = SURFACE_SIDE_STYLE('',(#8487));
#8487 = SURFACE_STYLE_FILL_AREA(#8488);
#8488 = FILL_AREA_STYLE('',(#8489));
#8489 = FILL_AREA_STYLE_COLOUR('',#7838);
#8490 = OVER_RIDING_STYLED_ITEM('overriding color',(#8491),#3881,#7792);
#8491 = PRESENTATION_STYLE_ASSIGNMENT((#8492));
#8492 = SURFACE_STYLE_USAGE(.BOTH.,#8493);
#8493 = SURFACE_SIDE_STYLE('',(#8494));
#8494 = SURFACE_STYLE_FILL_AREA(#8495);
#8495 = FILL_AREA_STYLE('',(#8496));
#8496 = FILL_AREA_STYLE_COLOUR('',#7838);
#8497 = OVER_RIDING_STYLED_ITEM('overriding color',(#8498),#3903,#7792);
#8498 = PRESENTATION_STYLE_ASSIGNMENT((#8499));
#8499 = SURFACE_STYLE_USAGE(.BOTH.,#8500);
#8500 = SURFACE_SIDE_STYLE('',(#8501));
#8501 = SURFACE_STYLE_FILL_AREA(#8502);
#8502 = FILL_AREA_STYLE('',(#8503));
#8503 = FILL_AREA_STYLE_COLOUR('',#7838);
#8504 = OVER_RIDING_STYLED_ITEM('overriding color',(#8505),#3925,#7792);
#8505 = PRESENTATION_STYLE_ASSIGNMENT((#8506));
#8506 = SURFACE_STYLE_USAGE(.BOTH.,#8507);
#8507 = SURFACE_SIDE_STYLE('',(#8508));
#8508 = SURFACE_STYLE_FILL_AREA(#8509);
#8509 = FILL_AREA_STYLE('',(#8510));
#8510 = FILL_AREA_STYLE_COLOUR('',#7838);
#8511 = OVER_RIDING_STYLED_ITEM('overriding color',(#8512),#3941,#7792);
#8512 = PRESENTATION_STYLE_ASSIGNMENT((#8513));
#8513 = SURFACE_STYLE_USAGE(.BOTH.,#8514);
#8514 = SURFACE_SIDE_STYLE('',(#8515));
#8515 = SURFACE_STYLE_FILL_AREA(#8516);
#8516 = FILL_AREA_STYLE('',(#8517));
#8517 = FILL_AREA_STYLE_COLOUR('',#7838);
#8518 = OVER_RIDING_STYLED_ITEM('overriding color',(#8519),#3961,#7792);
#8519 = PRESENTATION_STYLE_ASSIGNMENT((#8520));
#8520 = SURFACE_STYLE_USAGE(.BOTH.,#8521);
#8521 = SURFACE_SIDE_STYLE('',(#8522));
#8522 = SURFACE_STYLE_FILL_AREA(#8523);
#8523 = FILL_AREA_STYLE('',(#8524));
#8524 = FILL_AREA_STYLE_COLOUR('',#7838);
#8525 = OVER_RIDING_STYLED_ITEM('overriding color',(#8526),#4153,#7792);
#8526 = PRESENTATION_STYLE_ASSIGNMENT((#8527));
#8527 = SURFACE_STYLE_USAGE(.BOTH.,#8528);
#8528 = SURFACE_SIDE_STYLE('',(#8529));
#8529 = SURFACE_STYLE_FILL_AREA(#8530);
#8530 = FILL_AREA_STYLE('',(#8531));
#8531 = FILL_AREA_STYLE_COLOUR('',#7838);
#8532 = OVER_RIDING_STYLED_ITEM('overriding color',(#8533),#4177,#7792);
#8533 = PRESENTATION_STYLE_ASSIGNMENT((#8534));
#8534 = SURFACE_STYLE_USAGE(.BOTH.,#8535);
#8535 = SURFACE_SIDE_STYLE('',(#8536));
#8536 = SURFACE_STYLE_FILL_AREA(#8537);
#8537 = FILL_AREA_STYLE('',(#8538));
#8538 = FILL_AREA_STYLE_COLOUR('',#7838);
#8539 = OVER_RIDING_STYLED_ITEM('overriding color',(#8540),#4193,#7792);
#8540 = PRESENTATION_STYLE_ASSIGNMENT((#8541));
#8541 = SURFACE_STYLE_USAGE(.BOTH.,#8542);
#8542 = SURFACE_SIDE_STYLE('',(#8543));
#8543 = SURFACE_STYLE_FILL_AREA(#8544);
#8544 = FILL_AREA_STYLE('',(#8545));
#8545 = FILL_AREA_STYLE_COLOUR('',#7838);
#8546 = OVER_RIDING_STYLED_ITEM('overriding color',(#8547),#4213,#7792);
#8547 = PRESENTATION_STYLE_ASSIGNMENT((#8548));
#8548 = SURFACE_STYLE_USAGE(.BOTH.,#8549);
#8549 = SURFACE_SIDE_STYLE('',(#8550));
#8550 = SURFACE_STYLE_FILL_AREA(#8551);
#8551 = FILL_AREA_STYLE('',(#8552));
#8552 = FILL_AREA_STYLE_COLOUR('',#7838);
#8553 = OVER_RIDING_STYLED_ITEM('overriding color',(#8554),#4233,#7792);
#8554 = PRESENTATION_STYLE_ASSIGNMENT((#8555));
#8555 = SURFACE_STYLE_USAGE(.BOTH.,#8556);
#8556 = SURFACE_SIDE_STYLE('',(#8557));
#8557 = SURFACE_STYLE_FILL_AREA(#8558);
#8558 = FILL_AREA_STYLE('',(#8559));
#8559 = FILL_AREA_STYLE_COLOUR('',#7838);
#8560 = OVER_RIDING_STYLED_ITEM('overriding color',(#8561),#4249,#7792);
#8561 = PRESENTATION_STYLE_ASSIGNMENT((#8562));
#8562 = SURFACE_STYLE_USAGE(.BOTH.,#8563);
#8563 = SURFACE_SIDE_STYLE('',(#8564));
#8564 = SURFACE_STYLE_FILL_AREA(#8565);
#8565 = FILL_AREA_STYLE('',(#8566));
#8566 = FILL_AREA_STYLE_COLOUR('',#7838);
#8567 = OVER_RIDING_STYLED_ITEM('overriding color',(#8568),#4269,#7792);
#8568 = PRESENTATION_STYLE_ASSIGNMENT((#8569));
#8569 = SURFACE_STYLE_USAGE(.BOTH.,#8570);
#8570 = SURFACE_SIDE_STYLE('',(#8571));
#8571 = SURFACE_STYLE_FILL_AREA(#8572);
#8572 = FILL_AREA_STYLE('',(#8573));
#8573 = FILL_AREA_STYLE_COLOUR('',#7838);
#8574 = OVER_RIDING_STYLED_ITEM('overriding color',(#8575),#4289,#7792);
#8575 = PRESENTATION_STYLE_ASSIGNMENT((#8576));
#8576 = SURFACE_STYLE_USAGE(.BOTH.,#8577);
#8577 = SURFACE_SIDE_STYLE('',(#8578));
#8578 = SURFACE_STYLE_FILL_AREA(#8579);
#8579 = FILL_AREA_STYLE('',(#8580));
#8580 = FILL_AREA_STYLE_COLOUR('',#7838);
#8581 = OVER_RIDING_STYLED_ITEM('overriding color',(#8582),#4309,#7792);
#8582 = PRESENTATION_STYLE_ASSIGNMENT((#8583));
#8583 = SURFACE_STYLE_USAGE(.BOTH.,#8584);
#8584 = SURFACE_SIDE_STYLE('',(#8585));
#8585 = SURFACE_STYLE_FILL_AREA(#8586);
#8586 = FILL_AREA_STYLE('',(#8587));
#8587 = FILL_AREA_STYLE_COLOUR('',#7838);
#8588 = OVER_RIDING_STYLED_ITEM('overriding color',(#8589),#4329,#7792);
#8589 = PRESENTATION_STYLE_ASSIGNMENT((#8590));
#8590 = SURFACE_STYLE_USAGE(.BOTH.,#8591);
#8591 = SURFACE_SIDE_STYLE('',(#8592));
#8592 = SURFACE_STYLE_FILL_AREA(#8593);
#8593 = FILL_AREA_STYLE('',(#8594));
#8594 = FILL_AREA_STYLE_COLOUR('',#7838);
#8595 = OVER_RIDING_STYLED_ITEM('overriding color',(#8596),#4345,#7792);
#8596 = PRESENTATION_STYLE_ASSIGNMENT((#8597));
#8597 = SURFACE_STYLE_USAGE(.BOTH.,#8598);
#8598 = SURFACE_SIDE_STYLE('',(#8599));
#8599 = SURFACE_STYLE_FILL_AREA(#8600);
#8600 = FILL_AREA_STYLE('',(#8601));
#8601 = FILL_AREA_STYLE_COLOUR('',#7838);
#8602 = OVER_RIDING_STYLED_ITEM('overriding color',(#8603),#4361,#7792);
#8603 = PRESENTATION_STYLE_ASSIGNMENT((#8604));
#8604 = SURFACE_STYLE_USAGE(.BOTH.,#8605);
#8605 = SURFACE_SIDE_STYLE('',(#8606));
#8606 = SURFACE_STYLE_FILL_AREA(#8607);
#8607 = FILL_AREA_STYLE('',(#8608));
#8608 = FILL_AREA_STYLE_COLOUR('',#7838);
#8609 = OVER_RIDING_STYLED_ITEM('overriding color',(#8610),#4377,#7792);
#8610 = PRESENTATION_STYLE_ASSIGNMENT((#8611));
#8611 = SURFACE_STYLE_USAGE(.BOTH.,#8612);
#8612 = SURFACE_SIDE_STYLE('',(#8613));
#8613 = SURFACE_STYLE_FILL_AREA(#8614);
#8614 = FILL_AREA_STYLE('',(#8615));
#8615 = FILL_AREA_STYLE_COLOUR('',#7838);
#8616 = OVER_RIDING_STYLED_ITEM('overriding color',(#8617),#4393,#7792);
#8617 = PRESENTATION_STYLE_ASSIGNMENT((#8618));
#8618 = SURFACE_STYLE_USAGE(.BOTH.,#8619);
#8619 = SURFACE_SIDE_STYLE('',(#8620));
#8620 = SURFACE_STYLE_FILL_AREA(#8621);
#8621 = FILL_AREA_STYLE('',(#8622));
#8622 = FILL_AREA_STYLE_COLOUR('',#7838);
#8623 = OVER_RIDING_STYLED_ITEM('overriding color',(#8624),#4409,#7792);
#8624 = PRESENTATION_STYLE_ASSIGNMENT((#8625));
#8625 = SURFACE_STYLE_USAGE(.BOTH.,#8626);
#8626 = SURFACE_SIDE_STYLE('',(#8627));
#8627 = SURFACE_STYLE_FILL_AREA(#8628);
#8628 = FILL_AREA_STYLE('',(#8629));
#8629 = FILL_AREA_STYLE_COLOUR('',#7838);
#8630 = OVER_RIDING_STYLED_ITEM('overriding color',(#8631),#4443,#7792);
#8631 = PRESENTATION_STYLE_ASSIGNMENT((#8632));
#8632 = SURFACE_STYLE_USAGE(.BOTH.,#8633);
#8633 = SURFACE_SIDE_STYLE('',(#8634));
#8634 = SURFACE_STYLE_FILL_AREA(#8635);
#8635 = FILL_AREA_STYLE('',(#8636));
#8636 = FILL_AREA_STYLE_COLOUR('',#7838);
#8637 = OVER_RIDING_STYLED_ITEM('overriding color',(#8638),#4471,#7792);
#8638 = PRESENTATION_STYLE_ASSIGNMENT((#8639));
#8639 = SURFACE_STYLE_USAGE(.BOTH.,#8640);
#8640 = SURFACE_SIDE_STYLE('',(#8641));
#8641 = SURFACE_STYLE_FILL_AREA(#8642);
#8642 = FILL_AREA_STYLE('',(#8643));
#8643 = FILL_AREA_STYLE_COLOUR('',#7838);
#8644 = OVER_RIDING_STYLED_ITEM('overriding color',(#8645),#4499,#7792);
#8645 = PRESENTATION_STYLE_ASSIGNMENT((#8646));
#8646 = SURFACE_STYLE_USAGE(.BOTH.,#8647);
#8647 = SURFACE_SIDE_STYLE('',(#8648));
#8648 = SURFACE_STYLE_FILL_AREA(#8649);
#8649 = FILL_AREA_STYLE('',(#8650));
#8650 = FILL_AREA_STYLE_COLOUR('',#7838);
#8651 = OVER_RIDING_STYLED_ITEM('overriding color',(#8652),#4527,#7792);
#8652 = PRESENTATION_STYLE_ASSIGNMENT((#8653));
#8653 = SURFACE_STYLE_USAGE(.BOTH.,#8654);
#8654 = SURFACE_SIDE_STYLE('',(#8655));
#8655 = SURFACE_STYLE_FILL_AREA(#8656);
#8656 = FILL_AREA_STYLE('',(#8657));
#8657 = FILL_AREA_STYLE_COLOUR('',#7838);
#8658 = OVER_RIDING_STYLED_ITEM('overriding color',(#8659),#4555,#7792);
#8659 = PRESENTATION_STYLE_ASSIGNMENT((#8660));
#8660 = SURFACE_STYLE_USAGE(.BOTH.,#8661);
#8661 = SURFACE_SIDE_STYLE('',(#8662));
#8662 = SURFACE_STYLE_FILL_AREA(#8663);
#8663 = FILL_AREA_STYLE('',(#8664));
#8664 = FILL_AREA_STYLE_COLOUR('',#7838);
#8665 = OVER_RIDING_STYLED_ITEM('overriding color',(#8666),#4583,#7792);
#8666 = PRESENTATION_STYLE_ASSIGNMENT((#8667));
#8667 = SURFACE_STYLE_USAGE(.BOTH.,#8668);
#8668 = SURFACE_SIDE_STYLE('',(#8669));
#8669 = SURFACE_STYLE_FILL_AREA(#8670);
#8670 = FILL_AREA_STYLE('',(#8671));
#8671 = FILL_AREA_STYLE_COLOUR('',#7838);
#8672 = OVER_RIDING_STYLED_ITEM('overriding color',(#8673),#4605,#7792);
#8673 = PRESENTATION_STYLE_ASSIGNMENT((#8674));
#8674 = SURFACE_STYLE_USAGE(.BOTH.,#8675);
#8675 = SURFACE_SIDE_STYLE('',(#8676));
#8676 = SURFACE_STYLE_FILL_AREA(#8677);
#8677 = FILL_AREA_STYLE('',(#8678));
#8678 = FILL_AREA_STYLE_COLOUR('',#7838);
#8679 = OVER_RIDING_STYLED_ITEM('overriding color',(#8680),#4621,#7792);
#8680 = PRESENTATION_STYLE_ASSIGNMENT((#8681));
#8681 = SURFACE_STYLE_USAGE(.BOTH.,#8682);
#8682 = SURFACE_SIDE_STYLE('',(#8683));
#8683 = SURFACE_STYLE_FILL_AREA(#8684);
#8684 = FILL_AREA_STYLE('',(#8685));
#8685 = FILL_AREA_STYLE_COLOUR('',#7809);
#8686 = OVER_RIDING_STYLED_ITEM('overriding color',(#8687),#4637,#7792);
#8687 = PRESENTATION_STYLE_ASSIGNMENT((#8688));
#8688 = SURFACE_STYLE_USAGE(.BOTH.,#8689);
#8689 = SURFACE_SIDE_STYLE('',(#8690));
#8690 = SURFACE_STYLE_FILL_AREA(#8691);
#8691 = FILL_AREA_STYLE('',(#8692));
#8692 = FILL_AREA_STYLE_COLOUR('',#7838);
#8693 = OVER_RIDING_STYLED_ITEM('overriding color',(#8694),#4671,#7792);
#8694 = PRESENTATION_STYLE_ASSIGNMENT((#8695));
#8695 = SURFACE_STYLE_USAGE(.BOTH.,#8696);
#8696 = SURFACE_SIDE_STYLE('',(#8697));
#8697 = SURFACE_STYLE_FILL_AREA(#8698);
#8698 = FILL_AREA_STYLE('',(#8699));
#8699 = FILL_AREA_STYLE_COLOUR('',#7838);
#8700 = OVER_RIDING_STYLED_ITEM('overriding color',(#8701),#4693,#7792);
#8701 = PRESENTATION_STYLE_ASSIGNMENT((#8702));
#8702 = SURFACE_STYLE_USAGE(.BOTH.,#8703);
#8703 = SURFACE_SIDE_STYLE('',(#8704));
#8704 = SURFACE_STYLE_FILL_AREA(#8705);
#8705 = FILL_AREA_STYLE('',(#8706));
#8706 = FILL_AREA_STYLE_COLOUR('',#7838);
#8707 = OVER_RIDING_STYLED_ITEM('overriding color',(#8708),#4721,#7792);
#8708 = PRESENTATION_STYLE_ASSIGNMENT((#8709));
#8709 = SURFACE_STYLE_USAGE(.BOTH.,#8710);
#8710 = SURFACE_SIDE_STYLE('',(#8711));
#8711 = SURFACE_STYLE_FILL_AREA(#8712);
#8712 = FILL_AREA_STYLE('',(#8713));
#8713 = FILL_AREA_STYLE_COLOUR('',#7838);
#8714 = OVER_RIDING_STYLED_ITEM('overriding color',(#8715),#4749,#7792);
#8715 = PRESENTATION_STYLE_ASSIGNMENT((#8716));
#8716 = SURFACE_STYLE_USAGE(.BOTH.,#8717);
#8717 = SURFACE_SIDE_STYLE('',(#8718));
#8718 = SURFACE_STYLE_FILL_AREA(#8719);
#8719 = FILL_AREA_STYLE('',(#8720));
#8720 = FILL_AREA_STYLE_COLOUR('',#7838);
#8721 = OVER_RIDING_STYLED_ITEM('overriding color',(#8722),#4777,#7792);
#8722 = PRESENTATION_STYLE_ASSIGNMENT((#8723));
#8723 = SURFACE_STYLE_USAGE(.BOTH.,#8724);
#8724 = SURFACE_SIDE_STYLE('',(#8725));
#8725 = SURFACE_STYLE_FILL_AREA(#8726);
#8726 = FILL_AREA_STYLE('',(#8727));
#8727 = FILL_AREA_STYLE_COLOUR('',#7838);
#8728 = OVER_RIDING_STYLED_ITEM('overriding color',(#8729),#4805,#7792);
#8729 = PRESENTATION_STYLE_ASSIGNMENT((#8730));
#8730 = SURFACE_STYLE_USAGE(.BOTH.,#8731);
#8731 = SURFACE_SIDE_STYLE('',(#8732));
#8732 = SURFACE_STYLE_FILL_AREA(#8733);
#8733 = FILL_AREA_STYLE('',(#8734));
#8734 = FILL_AREA_STYLE_COLOUR('',#7838);
#8735 = OVER_RIDING_STYLED_ITEM('overriding color',(#8736),#4833,#7792);
#8736 = PRESENTATION_STYLE_ASSIGNMENT((#8737));
#8737 = SURFACE_STYLE_USAGE(.BOTH.,#8738);
#8738 = SURFACE_SIDE_STYLE('',(#8739));
#8739 = SURFACE_STYLE_FILL_AREA(#8740);
#8740 = FILL_AREA_STYLE('',(#8741));
#8741 = FILL_AREA_STYLE_COLOUR('',#7838);
#8742 = OVER_RIDING_STYLED_ITEM('overriding color',(#8743),#4861,#7792);
#8743 = PRESENTATION_STYLE_ASSIGNMENT((#8744));
#8744 = SURFACE_STYLE_USAGE(.BOTH.,#8745);
#8745 = SURFACE_SIDE_STYLE('',(#8746));
#8746 = SURFACE_STYLE_FILL_AREA(#8747);
#8747 = FILL_AREA_STYLE('',(#8748));
#8748 = FILL_AREA_STYLE_COLOUR('',#7838);
#8749 = OVER_RIDING_STYLED_ITEM('overriding color',(#8750),#4889,#7792);
#8750 = PRESENTATION_STYLE_ASSIGNMENT((#8751));
#8751 = SURFACE_STYLE_USAGE(.BOTH.,#8752);
#8752 = SURFACE_SIDE_STYLE('',(#8753));
#8753 = SURFACE_STYLE_FILL_AREA(#8754);
#8754 = FILL_AREA_STYLE('',(#8755));
#8755 = FILL_AREA_STYLE_COLOUR('',#7838);
#8756 = OVER_RIDING_STYLED_ITEM('overriding color',(#8757),#4917,#7792);
#8757 = PRESENTATION_STYLE_ASSIGNMENT((#8758));
#8758 = SURFACE_STYLE_USAGE(.BOTH.,#8759);
#8759 = SURFACE_SIDE_STYLE('',(#8760));
#8760 = SURFACE_STYLE_FILL_AREA(#8761);
#8761 = FILL_AREA_STYLE('',(#8762));
#8762 = FILL_AREA_STYLE_COLOUR('',#7838);
#8763 = OVER_RIDING_STYLED_ITEM('overriding color',(#8764),#4945,#7792);
#8764 = PRESENTATION_STYLE_ASSIGNMENT((#8765));
#8765 = SURFACE_STYLE_USAGE(.BOTH.,#8766);
#8766 = SURFACE_SIDE_STYLE('',(#8767));
#8767 = SURFACE_STYLE_FILL_AREA(#8768);
#8768 = FILL_AREA_STYLE('',(#8769));
#8769 = FILL_AREA_STYLE_COLOUR('',#7838);
#8770 = OVER_RIDING_STYLED_ITEM('overriding color',(#8771),#4973,#7792);
#8771 = PRESENTATION_STYLE_ASSIGNMENT((#8772));
#8772 = SURFACE_STYLE_USAGE(.BOTH.,#8773);
#8773 = SURFACE_SIDE_STYLE('',(#8774));
#8774 = SURFACE_STYLE_FILL_AREA(#8775);
#8775 = FILL_AREA_STYLE('',(#8776));
#8776 = FILL_AREA_STYLE_COLOUR('',#7838);
#8777 = OVER_RIDING_STYLED_ITEM('overriding color',(#8778),#4995,#7792);
#8778 = PRESENTATION_STYLE_ASSIGNMENT((#8779));
#8779 = SURFACE_STYLE_USAGE(.BOTH.,#8780);
#8780 = SURFACE_SIDE_STYLE('',(#8781));
#8781 = SURFACE_STYLE_FILL_AREA(#8782);
#8782 = FILL_AREA_STYLE('',(#8783));
#8783 = FILL_AREA_STYLE_COLOUR('',#7838);
#8784 = OVER_RIDING_STYLED_ITEM('overriding color',(#8785),#5023,#7792);
#8785 = PRESENTATION_STYLE_ASSIGNMENT((#8786));
#8786 = SURFACE_STYLE_USAGE(.BOTH.,#8787);
#8787 = SURFACE_SIDE_STYLE('',(#8788));
#8788 = SURFACE_STYLE_FILL_AREA(#8789);
#8789 = FILL_AREA_STYLE('',(#8790));
#8790 = FILL_AREA_STYLE_COLOUR('',#7838);
#8791 = OVER_RIDING_STYLED_ITEM('overriding color',(#8792),#5051,#7792);
#8792 = PRESENTATION_STYLE_ASSIGNMENT((#8793));
#8793 = SURFACE_STYLE_USAGE(.BOTH.,#8794);
#8794 = SURFACE_SIDE_STYLE('',(#8795));
#8795 = SURFACE_STYLE_FILL_AREA(#8796);
#8796 = FILL_AREA_STYLE('',(#8797));
#8797 = FILL_AREA_STYLE_COLOUR('',#7838);
#8798 = OVER_RIDING_STYLED_ITEM('overriding color',(#8799),#5079,#7792);
#8799 = PRESENTATION_STYLE_ASSIGNMENT((#8800));
#8800 = SURFACE_STYLE_USAGE(.BOTH.,#8801);
#8801 = SURFACE_SIDE_STYLE('',(#8802));
#8802 = SURFACE_STYLE_FILL_AREA(#8803);
#8803 = FILL_AREA_STYLE('',(#8804));
#8804 = FILL_AREA_STYLE_COLOUR('',#7838);
#8805 = OVER_RIDING_STYLED_ITEM('overriding color',(#8806),#5107,#7792);
#8806 = PRESENTATION_STYLE_ASSIGNMENT((#8807));
#8807 = SURFACE_STYLE_USAGE(.BOTH.,#8808);
#8808 = SURFACE_SIDE_STYLE('',(#8809));
#8809 = SURFACE_STYLE_FILL_AREA(#8810);
#8810 = FILL_AREA_STYLE('',(#8811));
#8811 = FILL_AREA_STYLE_COLOUR('',#7838);
#8812 = OVER_RIDING_STYLED_ITEM('overriding color',(#8813),#5135,#7792);
#8813 = PRESENTATION_STYLE_ASSIGNMENT((#8814));
#8814 = SURFACE_STYLE_USAGE(.BOTH.,#8815);
#8815 = SURFACE_SIDE_STYLE('',(#8816));
#8816 = SURFACE_STYLE_FILL_AREA(#8817);
#8817 = FILL_AREA_STYLE('',(#8818));
#8818 = FILL_AREA_STYLE_COLOUR('',#7838);
#8819 = OVER_RIDING_STYLED_ITEM('overriding color',(#8820),#5163,#7792);
#8820 = PRESENTATION_STYLE_ASSIGNMENT((#8821));
#8821 = SURFACE_STYLE_USAGE(.BOTH.,#8822);
#8822 = SURFACE_SIDE_STYLE('',(#8823));
#8823 = SURFACE_STYLE_FILL_AREA(#8824);
#8824 = FILL_AREA_STYLE('',(#8825));
#8825 = FILL_AREA_STYLE_COLOUR('',#7838);
#8826 = OVER_RIDING_STYLED_ITEM('overriding color',(#8827),#5191,#7792);
#8827 = PRESENTATION_STYLE_ASSIGNMENT((#8828));
#8828 = SURFACE_STYLE_USAGE(.BOTH.,#8829);
#8829 = SURFACE_SIDE_STYLE('',(#8830));
#8830 = SURFACE_STYLE_FILL_AREA(#8831);
#8831 = FILL_AREA_STYLE('',(#8832));
#8832 = FILL_AREA_STYLE_COLOUR('',#7838);
#8833 = OVER_RIDING_STYLED_ITEM('overriding color',(#8834),#5213,#7792);
#8834 = PRESENTATION_STYLE_ASSIGNMENT((#8835));
#8835 = SURFACE_STYLE_USAGE(.BOTH.,#8836);
#8836 = SURFACE_SIDE_STYLE('',(#8837));
#8837 = SURFACE_STYLE_FILL_AREA(#8838);
#8838 = FILL_AREA_STYLE('',(#8839));
#8839 = FILL_AREA_STYLE_COLOUR('',#7838);
#8840 = OVER_RIDING_STYLED_ITEM('overriding color',(#8841),#5242,#7792);
#8841 = PRESENTATION_STYLE_ASSIGNMENT((#8842));
#8842 = SURFACE_STYLE_USAGE(.BOTH.,#8843);
#8843 = SURFACE_SIDE_STYLE('',(#8844));
#8844 = SURFACE_STYLE_FILL_AREA(#8845);
#8845 = FILL_AREA_STYLE('',(#8846));
#8846 = FILL_AREA_STYLE_COLOUR('',#7838);
#8847 = OVER_RIDING_STYLED_ITEM('overriding color',(#8848),#5270,#7792);
#8848 = PRESENTATION_STYLE_ASSIGNMENT((#8849));
#8849 = SURFACE_STYLE_USAGE(.BOTH.,#8850);
#8850 = SURFACE_SIDE_STYLE('',(#8851));
#8851 = SURFACE_STYLE_FILL_AREA(#8852);
#8852 = FILL_AREA_STYLE('',(#8853));
#8853 = FILL_AREA_STYLE_COLOUR('',#7838);
#8854 = OVER_RIDING_STYLED_ITEM('overriding color',(#8855),#5292,#7792);
#8855 = PRESENTATION_STYLE_ASSIGNMENT((#8856));
#8856 = SURFACE_STYLE_USAGE(.BOTH.,#8857);
#8857 = SURFACE_SIDE_STYLE('',(#8858));
#8858 = SURFACE_STYLE_FILL_AREA(#8859);
#8859 = FILL_AREA_STYLE('',(#8860));
#8860 = FILL_AREA_STYLE_COLOUR('',#7838);
#8861 = OVER_RIDING_STYLED_ITEM('overriding color',(#8862),#5320,#7792);
#8862 = PRESENTATION_STYLE_ASSIGNMENT((#8863));
#8863 = SURFACE_STYLE_USAGE(.BOTH.,#8864);
#8864 = SURFACE_SIDE_STYLE('',(#8865));
#8865 = SURFACE_STYLE_FILL_AREA(#8866);
#8866 = FILL_AREA_STYLE('',(#8867));
#8867 = FILL_AREA_STYLE_COLOUR('',#7838);
#8868 = OVER_RIDING_STYLED_ITEM('overriding color',(#8869),#5342,#7792);
#8869 = PRESENTATION_STYLE_ASSIGNMENT((#8870));
#8870 = SURFACE_STYLE_USAGE(.BOTH.,#8871);
#8871 = SURFACE_SIDE_STYLE('',(#8872));
#8872 = SURFACE_STYLE_FILL_AREA(#8873);
#8873 = FILL_AREA_STYLE('',(#8874));
#8874 = FILL_AREA_STYLE_COLOUR('',#7838);
#8875 = OVER_RIDING_STYLED_ITEM('overriding color',(#8876),#5364,#7792);
#8876 = PRESENTATION_STYLE_ASSIGNMENT((#8877));
#8877 = SURFACE_STYLE_USAGE(.BOTH.,#8878);
#8878 = SURFACE_SIDE_STYLE('',(#8879));
#8879 = SURFACE_STYLE_FILL_AREA(#8880);
#8880 = FILL_AREA_STYLE('',(#8881));
#8881 = FILL_AREA_STYLE_COLOUR('',#7838);
#8882 = OVER_RIDING_STYLED_ITEM('overriding color',(#8883),#5386,#7792);
#8883 = PRESENTATION_STYLE_ASSIGNMENT((#8884));
#8884 = SURFACE_STYLE_USAGE(.BOTH.,#8885);
#8885 = SURFACE_SIDE_STYLE('',(#8886));
#8886 = SURFACE_STYLE_FILL_AREA(#8887);
#8887 = FILL_AREA_STYLE('',(#8888));
#8888 = FILL_AREA_STYLE_COLOUR('',#7838);
#8889 = OVER_RIDING_STYLED_ITEM('overriding color',(#8890),#5408,#7792);
#8890 = PRESENTATION_STYLE_ASSIGNMENT((#8891));
#8891 = SURFACE_STYLE_USAGE(.BOTH.,#8892);
#8892 = SURFACE_SIDE_STYLE('',(#8893));
#8893 = SURFACE_STYLE_FILL_AREA(#8894);
#8894 = FILL_AREA_STYLE('',(#8895));
#8895 = FILL_AREA_STYLE_COLOUR('',#7838);
#8896 = OVER_RIDING_STYLED_ITEM('overriding color',(#8897),#5430,#7792);
#8897 = PRESENTATION_STYLE_ASSIGNMENT((#8898));
#8898 = SURFACE_STYLE_USAGE(.BOTH.,#8899);
#8899 = SURFACE_SIDE_STYLE('',(#8900));
#8900 = SURFACE_STYLE_FILL_AREA(#8901);
#8901 = FILL_AREA_STYLE('',(#8902));
#8902 = FILL_AREA_STYLE_COLOUR('',#7838);
#8903 = OVER_RIDING_STYLED_ITEM('overriding color',(#8904),#5452,#7792);
#8904 = PRESENTATION_STYLE_ASSIGNMENT((#8905));
#8905 = SURFACE_STYLE_USAGE(.BOTH.,#8906);
#8906 = SURFACE_SIDE_STYLE('',(#8907));
#8907 = SURFACE_STYLE_FILL_AREA(#8908);
#8908 = FILL_AREA_STYLE('',(#8909));
#8909 = FILL_AREA_STYLE_COLOUR('',#7838);
#8910 = OVER_RIDING_STYLED_ITEM('overriding color',(#8911),#5480,#7792);
#8911 = PRESENTATION_STYLE_ASSIGNMENT((#8912));
#8912 = SURFACE_STYLE_USAGE(.BOTH.,#8913);
#8913 = SURFACE_SIDE_STYLE('',(#8914));
#8914 = SURFACE_STYLE_FILL_AREA(#8915);
#8915 = FILL_AREA_STYLE('',(#8916));
#8916 = FILL_AREA_STYLE_COLOUR('',#7838);
#8917 = OVER_RIDING_STYLED_ITEM('overriding color',(#8918),#5508,#7792);
#8918 = PRESENTATION_STYLE_ASSIGNMENT((#8919));
#8919 = SURFACE_STYLE_USAGE(.BOTH.,#8920);
#8920 = SURFACE_SIDE_STYLE('',(#8921));
#8921 = SURFACE_STYLE_FILL_AREA(#8922);
#8922 = FILL_AREA_STYLE('',(#8923));
#8923 = FILL_AREA_STYLE_COLOUR('',#7838);
#8924 = OVER_RIDING_STYLED_ITEM('overriding color',(#8925),#5530,#7792);
#8925 = PRESENTATION_STYLE_ASSIGNMENT((#8926));
#8926 = SURFACE_STYLE_USAGE(.BOTH.,#8927);
#8927 = SURFACE_SIDE_STYLE('',(#8928));
#8928 = SURFACE_STYLE_FILL_AREA(#8929);
#8929 = FILL_AREA_STYLE('',(#8930));
#8930 = FILL_AREA_STYLE_COLOUR('',#7838);
#8931 = OVER_RIDING_STYLED_ITEM('overriding color',(#8932),#5558,#7792);
#8932 = PRESENTATION_STYLE_ASSIGNMENT((#8933));
#8933 = SURFACE_STYLE_USAGE(.BOTH.,#8934);
#8934 = SURFACE_SIDE_STYLE('',(#8935));
#8935 = SURFACE_STYLE_FILL_AREA(#8936);
#8936 = FILL_AREA_STYLE('',(#8937));
#8937 = FILL_AREA_STYLE_COLOUR('',#7838);
#8938 = OVER_RIDING_STYLED_ITEM('overriding color',(#8939),#5586,#7792);
#8939 = PRESENTATION_STYLE_ASSIGNMENT((#8940));
#8940 = SURFACE_STYLE_USAGE(.BOTH.,#8941);
#8941 = SURFACE_SIDE_STYLE('',(#8942));
#8942 = SURFACE_STYLE_FILL_AREA(#8943);
#8943 = FILL_AREA_STYLE('',(#8944));
#8944 = FILL_AREA_STYLE_COLOUR('',#7838);
#8945 = OVER_RIDING_STYLED_ITEM('overriding color',(#8946),#5602,#7792);
#8946 = PRESENTATION_STYLE_ASSIGNMENT((#8947));
#8947 = SURFACE_STYLE_USAGE(.BOTH.,#8948);
#8948 = SURFACE_SIDE_STYLE('',(#8949));
#8949 = SURFACE_STYLE_FILL_AREA(#8950);
#8950 = FILL_AREA_STYLE('',(#8951));
#8951 = FILL_AREA_STYLE_COLOUR('',#7838);
#8952 = OVER_RIDING_STYLED_ITEM('overriding color',(#8953),#5625,#7792);
#8953 = PRESENTATION_STYLE_ASSIGNMENT((#8954));
#8954 = SURFACE_STYLE_USAGE(.BOTH.,#8955);
#8955 = SURFACE_SIDE_STYLE('',(#8956));
#8956 = SURFACE_STYLE_FILL_AREA(#8957);
#8957 = FILL_AREA_STYLE('',(#8958));
#8958 = FILL_AREA_STYLE_COLOUR('',#7838);
#8959 = OVER_RIDING_STYLED_ITEM('overriding color',(#8960),#5653,#7792);
#8960 = PRESENTATION_STYLE_ASSIGNMENT((#8961));
#8961 = SURFACE_STYLE_USAGE(.BOTH.,#8962);
#8962 = SURFACE_SIDE_STYLE('',(#8963));
#8963 = SURFACE_STYLE_FILL_AREA(#8964);
#8964 = FILL_AREA_STYLE('',(#8965));
#8965 = FILL_AREA_STYLE_COLOUR('',#7838);
#8966 = OVER_RIDING_STYLED_ITEM('overriding color',(#8967),#5675,#7792);
#8967 = PRESENTATION_STYLE_ASSIGNMENT((#8968));
#8968 = SURFACE_STYLE_USAGE(.BOTH.,#8969);
#8969 = SURFACE_SIDE_STYLE('',(#8970));
#8970 = SURFACE_STYLE_FILL_AREA(#8971);
#8971 = FILL_AREA_STYLE('',(#8972));
#8972 = FILL_AREA_STYLE_COLOUR('',#7838);
#8973 = OVER_RIDING_STYLED_ITEM('overriding color',(#8974),#5697,#7792);
#8974 = PRESENTATION_STYLE_ASSIGNMENT((#8975));
#8975 = SURFACE_STYLE_USAGE(.BOTH.,#8976);
#8976 = SURFACE_SIDE_STYLE('',(#8977));
#8977 = SURFACE_STYLE_FILL_AREA(#8978);
#8978 = FILL_AREA_STYLE('',(#8979));
#8979 = FILL_AREA_STYLE_COLOUR('',#7838);
#8980 = OVER_RIDING_STYLED_ITEM('overriding color',(#8981),#5719,#7792);
#8981 = PRESENTATION_STYLE_ASSIGNMENT((#8982));
#8982 = SURFACE_STYLE_USAGE(.BOTH.,#8983);
#8983 = SURFACE_SIDE_STYLE('',(#8984));
#8984 = SURFACE_STYLE_FILL_AREA(#8985);
#8985 = FILL_AREA_STYLE('',(#8986));
#8986 = FILL_AREA_STYLE_COLOUR('',#7838);
#8987 = OVER_RIDING_STYLED_ITEM('overriding color',(#8988),#5741,#7792);
#8988 = PRESENTATION_STYLE_ASSIGNMENT((#8989));
#8989 = SURFACE_STYLE_USAGE(.BOTH.,#8990);
#8990 = SURFACE_SIDE_STYLE('',(#8991));
#8991 = SURFACE_STYLE_FILL_AREA(#8992);
#8992 = FILL_AREA_STYLE('',(#8993));
#8993 = FILL_AREA_STYLE_COLOUR('',#7838);
#8994 = OVER_RIDING_STYLED_ITEM('overriding color',(#8995),#5763,#7792);
#8995 = PRESENTATION_STYLE_ASSIGNMENT((#8996));
#8996 = SURFACE_STYLE_USAGE(.BOTH.,#8997);
#8997 = SURFACE_SIDE_STYLE('',(#8998));
#8998 = SURFACE_STYLE_FILL_AREA(#8999);
#8999 = FILL_AREA_STYLE('',(#9000));
#9000 = FILL_AREA_STYLE_COLOUR('',#7838);
#9001 = OVER_RIDING_STYLED_ITEM('overriding color',(#9002),#5785,#7792);
#9002 = PRESENTATION_STYLE_ASSIGNMENT((#9003));
#9003 = SURFACE_STYLE_USAGE(.BOTH.,#9004);
#9004 = SURFACE_SIDE_STYLE('',(#9005));
#9005 = SURFACE_STYLE_FILL_AREA(#9006);
#9006 = FILL_AREA_STYLE('',(#9007));
#9007 = FILL_AREA_STYLE_COLOUR('',#7838);
#9008 = OVER_RIDING_STYLED_ITEM('overriding color',(#9009),#5807,#7792);
#9009 = PRESENTATION_STYLE_ASSIGNMENT((#9010));
#9010 = SURFACE_STYLE_USAGE(.BOTH.,#9011);
#9011 = SURFACE_SIDE_STYLE('',(#9012));
#9012 = SURFACE_STYLE_FILL_AREA(#9013);
#9013 = FILL_AREA_STYLE('',(#9014));
#9014 = FILL_AREA_STYLE_COLOUR('',#7838);
#9015 = OVER_RIDING_STYLED_ITEM('overriding color',(#9016),#5829,#7792);
#9016 = PRESENTATION_STYLE_ASSIGNMENT((#9017));
#9017 = SURFACE_STYLE_USAGE(.BOTH.,#9018);
#9018 = SURFACE_SIDE_STYLE('',(#9019));
#9019 = SURFACE_STYLE_FILL_AREA(#9020);
#9020 = FILL_AREA_STYLE('',(#9021));
#9021 = FILL_AREA_STYLE_COLOUR('',#7838);
#9022 = OVER_RIDING_STYLED_ITEM('overriding color',(#9023),#5851,#7792);
#9023 = PRESENTATION_STYLE_ASSIGNMENT((#9024));
#9024 = SURFACE_STYLE_USAGE(.BOTH.,#9025);
#9025 = SURFACE_SIDE_STYLE('',(#9026));
#9026 = SURFACE_STYLE_FILL_AREA(#9027);
#9027 = FILL_AREA_STYLE('',(#9028));
#9028 = FILL_AREA_STYLE_COLOUR('',#7838);
#9029 = OVER_RIDING_STYLED_ITEM('overriding color',(#9030),#5873,#7792);
#9030 = PRESENTATION_STYLE_ASSIGNMENT((#9031));
#9031 = SURFACE_STYLE_USAGE(.BOTH.,#9032);
#9032 = SURFACE_SIDE_STYLE('',(#9033));
#9033 = SURFACE_STYLE_FILL_AREA(#9034);
#9034 = FILL_AREA_STYLE('',(#9035));
#9035 = FILL_AREA_STYLE_COLOUR('',#7838);
#9036 = OVER_RIDING_STYLED_ITEM('overriding color',(#9037),#5889,#7792);
#9037 = PRESENTATION_STYLE_ASSIGNMENT((#9038));
#9038 = SURFACE_STYLE_USAGE(.BOTH.,#9039);
#9039 = SURFACE_SIDE_STYLE('',(#9040));
#9040 = SURFACE_STYLE_FILL_AREA(#9041);
#9041 = FILL_AREA_STYLE('',(#9042));
#9042 = FILL_AREA_STYLE_COLOUR('',#7838);
#9043 = OVER_RIDING_STYLED_ITEM('overriding color',(#9044),#5909,#7792);
#9044 = PRESENTATION_STYLE_ASSIGNMENT((#9045));
#9045 = SURFACE_STYLE_USAGE(.BOTH.,#9046);
#9046 = SURFACE_SIDE_STYLE('',(#9047));
#9047 = SURFACE_STYLE_FILL_AREA(#9048);
#9048 = FILL_AREA_STYLE('',(#9049));
#9049 = FILL_AREA_STYLE_COLOUR('',#7838);
#9050 = OVER_RIDING_STYLED_ITEM('overriding color',(#9051),#6033,#7792);
#9051 = PRESENTATION_STYLE_ASSIGNMENT((#9052));
#9052 = SURFACE_STYLE_USAGE(.BOTH.,#9053);
#9053 = SURFACE_SIDE_STYLE('',(#9054));
#9054 = SURFACE_STYLE_FILL_AREA(#9055);
#9055 = FILL_AREA_STYLE('',(#9056));
#9056 = FILL_AREA_STYLE_COLOUR('',#7838);
#9057 = OVER_RIDING_STYLED_ITEM('overriding color',(#9058),#6053,#7792);
#9058 = PRESENTATION_STYLE_ASSIGNMENT((#9059));
#9059 = SURFACE_STYLE_USAGE(.BOTH.,#9060);
#9060 = SURFACE_SIDE_STYLE('',(#9061));
#9061 = SURFACE_STYLE_FILL_AREA(#9062);
#9062 = FILL_AREA_STYLE('',(#9063));
#9063 = FILL_AREA_STYLE_COLOUR('',#7838);
#9064 = OVER_RIDING_STYLED_ITEM('overriding color',(#9065),#6073,#7792);
#9065 = PRESENTATION_STYLE_ASSIGNMENT((#9066));
#9066 = SURFACE_STYLE_USAGE(.BOTH.,#9067);
#9067 = SURFACE_SIDE_STYLE('',(#9068));
#9068 = SURFACE_STYLE_FILL_AREA(#9069);
#9069 = FILL_AREA_STYLE('',(#9070));
#9070 = FILL_AREA_STYLE_COLOUR('',#7838);
#9071 = OVER_RIDING_STYLED_ITEM('overriding color',(#9072),#6093,#7792);
#9072 = PRESENTATION_STYLE_ASSIGNMENT((#9073));
#9073 = SURFACE_STYLE_USAGE(.BOTH.,#9074);
#9074 = SURFACE_SIDE_STYLE('',(#9075));
#9075 = SURFACE_STYLE_FILL_AREA(#9076);
#9076 = FILL_AREA_STYLE('',(#9077));
#9077 = FILL_AREA_STYLE_COLOUR('',#7838);
#9078 = OVER_RIDING_STYLED_ITEM('overriding color',(#9079),#6113,#7792);
#9079 = PRESENTATION_STYLE_ASSIGNMENT((#9080));
#9080 = SURFACE_STYLE_USAGE(.BOTH.,#9081);
#9081 = SURFACE_SIDE_STYLE('',(#9082));
#9082 = SURFACE_STYLE_FILL_AREA(#9083);
#9083 = FILL_AREA_STYLE('',(#9084));
#9084 = FILL_AREA_STYLE_COLOUR('',#7838);
#9085 = OVER_RIDING_STYLED_ITEM('overriding color',(#9086),#6133,#7792);
#9086 = PRESENTATION_STYLE_ASSIGNMENT((#9087));
#9087 = SURFACE_STYLE_USAGE(.BOTH.,#9088);
#9088 = SURFACE_SIDE_STYLE('',(#9089));
#9089 = SURFACE_STYLE_FILL_AREA(#9090);
#9090 = FILL_AREA_STYLE('',(#9091));
#9091 = FILL_AREA_STYLE_COLOUR('',#7838);
#9092 = OVER_RIDING_STYLED_ITEM('overriding color',(#9093),#6149,#7792);
#9093 = PRESENTATION_STYLE_ASSIGNMENT((#9094));
#9094 = SURFACE_STYLE_USAGE(.BOTH.,#9095);
#9095 = SURFACE_SIDE_STYLE('',(#9096));
#9096 = SURFACE_STYLE_FILL_AREA(#9097);
#9097 = FILL_AREA_STYLE('',(#9098));
#9098 = FILL_AREA_STYLE_COLOUR('',#7838);
#9099 = OVER_RIDING_STYLED_ITEM('overriding color',(#9100),#6161,#7792);
#9100 = PRESENTATION_STYLE_ASSIGNMENT((#9101));
#9101 = SURFACE_STYLE_USAGE(.BOTH.,#9102);
#9102 = SURFACE_SIDE_STYLE('',(#9103));
#9103 = SURFACE_STYLE_FILL_AREA(#9104);
#9104 = FILL_AREA_STYLE('',(#9105));
#9105 = FILL_AREA_STYLE_COLOUR('',#7838);
#9106 = OVER_RIDING_STYLED_ITEM('overriding color',(#9107),#6189,#7792);
#9107 = PRESENTATION_STYLE_ASSIGNMENT((#9108));
#9108 = SURFACE_STYLE_USAGE(.BOTH.,#9109);
#9109 = SURFACE_SIDE_STYLE('',(#9110));
#9110 = SURFACE_STYLE_FILL_AREA(#9111);
#9111 = FILL_AREA_STYLE('',(#9112));
#9112 = FILL_AREA_STYLE_COLOUR('',#7838);
#9113 = OVER_RIDING_STYLED_ITEM('overriding color',(#9114),#6211,#7792);
#9114 = PRESENTATION_STYLE_ASSIGNMENT((#9115));
#9115 = SURFACE_STYLE_USAGE(.BOTH.,#9116);
#9116 = SURFACE_SIDE_STYLE('',(#9117));
#9117 = SURFACE_STYLE_FILL_AREA(#9118);
#9118 = FILL_AREA_STYLE('',(#9119));
#9119 = FILL_AREA_STYLE_COLOUR('',#7838);
#9120 = OVER_RIDING_STYLED_ITEM('overriding color',(#9121),#6233,#7792);
#9121 = PRESENTATION_STYLE_ASSIGNMENT((#9122));
#9122 = SURFACE_STYLE_USAGE(.BOTH.,#9123);
#9123 = SURFACE_SIDE_STYLE('',(#9124));
#9124 = SURFACE_STYLE_FILL_AREA(#9125);
#9125 = FILL_AREA_STYLE('',(#9126));
#9126 = FILL_AREA_STYLE_COLOUR('',#7838);
#9127 = OVER_RIDING_STYLED_ITEM('overriding color',(#9128),#6261,#7792);
#9128 = PRESENTATION_STYLE_ASSIGNMENT((#9129));
#9129 = SURFACE_STYLE_USAGE(.BOTH.,#9130);
#9130 = SURFACE_SIDE_STYLE('',(#9131));
#9131 = SURFACE_STYLE_FILL_AREA(#9132);
#9132 = FILL_AREA_STYLE('',(#9133));
#9133 = FILL_AREA_STYLE_COLOUR('',#7838);
#9134 = OVER_RIDING_STYLED_ITEM('overriding color',(#9135),#6289,#7792);
#9135 = PRESENTATION_STYLE_ASSIGNMENT((#9136));
#9136 = SURFACE_STYLE_USAGE(.BOTH.,#9137);
#9137 = SURFACE_SIDE_STYLE('',(#9138));
#9138 = SURFACE_STYLE_FILL_AREA(#9139);
#9139 = FILL_AREA_STYLE('',(#9140));
#9140 = FILL_AREA_STYLE_COLOUR('',#7838);
#9141 = OVER_RIDING_STYLED_ITEM('overriding color',(#9142),#6317,#7792);
#9142 = PRESENTATION_STYLE_ASSIGNMENT((#9143));
#9143 = SURFACE_STYLE_USAGE(.BOTH.,#9144);
#9144 = SURFACE_SIDE_STYLE('',(#9145));
#9145 = SURFACE_STYLE_FILL_AREA(#9146);
#9146 = FILL_AREA_STYLE('',(#9147));
#9147 = FILL_AREA_STYLE_COLOUR('',#7838);
#9148 = OVER_RIDING_STYLED_ITEM('overriding color',(#9149),#6339,#7792);
#9149 = PRESENTATION_STYLE_ASSIGNMENT((#9150));
#9150 = SURFACE_STYLE_USAGE(.BOTH.,#9151);
#9151 = SURFACE_SIDE_STYLE('',(#9152));
#9152 = SURFACE_STYLE_FILL_AREA(#9153);
#9153 = FILL_AREA_STYLE('',(#9154));
#9154 = FILL_AREA_STYLE_COLOUR('',#7809);
#9155 = OVER_RIDING_STYLED_ITEM('overriding color',(#9156),#6354,#7792);
#9156 = PRESENTATION_STYLE_ASSIGNMENT((#9157));
#9157 = SURFACE_STYLE_USAGE(.BOTH.,#9158);
#9158 = SURFACE_SIDE_STYLE('',(#9159));
#9159 = SURFACE_STYLE_FILL_AREA(#9160);
#9160 = FILL_AREA_STYLE('',(#9161));
#9161 = FILL_AREA_STYLE_COLOUR('',#7838);
#9162 = OVER_RIDING_STYLED_ITEM('overriding color',(#9163),#6466,#7792);
#9163 = PRESENTATION_STYLE_ASSIGNMENT((#9164));
#9164 = SURFACE_STYLE_USAGE(.BOTH.,#9165);
#9165 = SURFACE_SIDE_STYLE('',(#9166));
#9166 = SURFACE_STYLE_FILL_AREA(#9167);
#9167 = FILL_AREA_STYLE('',(#9168));
#9168 = FILL_AREA_STYLE_COLOUR('',#7838);
#9169 = OVER_RIDING_STYLED_ITEM('overriding color',(#9170),#6486,#7792);
#9170 = PRESENTATION_STYLE_ASSIGNMENT((#9171));
#9171 = SURFACE_STYLE_USAGE(.BOTH.,#9172);
#9172 = SURFACE_SIDE_STYLE('',(#9173));
#9173 = SURFACE_STYLE_FILL_AREA(#9174);
#9174 = FILL_AREA_STYLE('',(#9175));
#9175 = FILL_AREA_STYLE_COLOUR('',#7838);
#9176 = OVER_RIDING_STYLED_ITEM('overriding color',(#9177),#6502,#7792);
#9177 = PRESENTATION_STYLE_ASSIGNMENT((#9178));
#9178 = SURFACE_STYLE_USAGE(.BOTH.,#9179);
#9179 = SURFACE_SIDE_STYLE('',(#9180));
#9180 = SURFACE_STYLE_FILL_AREA(#9181);
#9181 = FILL_AREA_STYLE('',(#9182));
#9182 = FILL_AREA_STYLE_COLOUR('',#7838);
#9183 = OVER_RIDING_STYLED_ITEM('overriding color',(#9184),#6518,#7792);
#9184 = PRESENTATION_STYLE_ASSIGNMENT((#9185));
#9185 = SURFACE_STYLE_USAGE(.BOTH.,#9186);
#9186 = SURFACE_SIDE_STYLE('',(#9187));
#9187 = SURFACE_STYLE_FILL_AREA(#9188);
#9188 = FILL_AREA_STYLE('',(#9189));
#9189 = FILL_AREA_STYLE_COLOUR('',#7838);
#9190 = OVER_RIDING_STYLED_ITEM('overriding color',(#9191),#6534,#7792);
#9191 = PRESENTATION_STYLE_ASSIGNMENT((#9192));
#9192 = SURFACE_STYLE_USAGE(.BOTH.,#9193);
#9193 = SURFACE_SIDE_STYLE('',(#9194));
#9194 = SURFACE_STYLE_FILL_AREA(#9195);
#9195 = FILL_AREA_STYLE('',(#9196));
#9196 = FILL_AREA_STYLE_COLOUR('',#7838);
#9197 = OVER_RIDING_STYLED_ITEM('overriding color',(#9198),#6550,#7792);
#9198 = PRESENTATION_STYLE_ASSIGNMENT((#9199));
#9199 = SURFACE_STYLE_USAGE(.BOTH.,#9200);
#9200 = SURFACE_SIDE_STYLE('',(#9201));
#9201 = SURFACE_STYLE_FILL_AREA(#9202);
#9202 = FILL_AREA_STYLE('',(#9203));
#9203 = FILL_AREA_STYLE_COLOUR('',#7838);
#9204 = OVER_RIDING_STYLED_ITEM('overriding color',(#9205),#6566,#7792);
#9205 = PRESENTATION_STYLE_ASSIGNMENT((#9206));
#9206 = SURFACE_STYLE_USAGE(.BOTH.,#9207);
#9207 = SURFACE_SIDE_STYLE('',(#9208));
#9208 = SURFACE_STYLE_FILL_AREA(#9209);
#9209 = FILL_AREA_STYLE('',(#9210));
#9210 = FILL_AREA_STYLE_COLOUR('',#7838);
#9211 = OVER_RIDING_STYLED_ITEM('overriding color',(#9212),#6582,#7792);
#9212 = PRESENTATION_STYLE_ASSIGNMENT((#9213));
#9213 = SURFACE_STYLE_USAGE(.BOTH.,#9214);
#9214 = SURFACE_SIDE_STYLE('',(#9215));
#9215 = SURFACE_STYLE_FILL_AREA(#9216);
#9216 = FILL_AREA_STYLE('',(#9217));
#9217 = FILL_AREA_STYLE_COLOUR('',#7838);
#9218 = OVER_RIDING_STYLED_ITEM('overriding color',(#9219),#6594,#7792);
#9219 = PRESENTATION_STYLE_ASSIGNMENT((#9220));
#9220 = SURFACE_STYLE_USAGE(.BOTH.,#9221);
#9221 = SURFACE_SIDE_STYLE('',(#9222));
#9222 = SURFACE_STYLE_FILL_AREA(#9223);
#9223 = FILL_AREA_STYLE('',(#9224));
#9224 = FILL_AREA_STYLE_COLOUR('',#7838);
#9225 = OVER_RIDING_STYLED_ITEM('overriding color',(#9226),#6622,#7792);
#9226 = PRESENTATION_STYLE_ASSIGNMENT((#9227));
#9227 = SURFACE_STYLE_USAGE(.BOTH.,#9228);
#9228 = SURFACE_SIDE_STYLE('',(#9229));
#9229 = SURFACE_STYLE_FILL_AREA(#9230);
#9230 = FILL_AREA_STYLE('',(#9231));
#9231 = FILL_AREA_STYLE_COLOUR('',#7838);
#9232 = OVER_RIDING_STYLED_ITEM('overriding color',(#9233),#6644,#7792);
#9233 = PRESENTATION_STYLE_ASSIGNMENT((#9234));
#9234 = SURFACE_STYLE_USAGE(.BOTH.,#9235);
#9235 = SURFACE_SIDE_STYLE('',(#9236));
#9236 = SURFACE_STYLE_FILL_AREA(#9237);
#9237 = FILL_AREA_STYLE('',(#9238));
#9238 = FILL_AREA_STYLE_COLOUR('',#7838);
#9239 = OVER_RIDING_STYLED_ITEM('overriding color',(#9240),#6672,#7792);
#9240 = PRESENTATION_STYLE_ASSIGNMENT((#9241));
#9241 = SURFACE_STYLE_USAGE(.BOTH.,#9242);
#9242 = SURFACE_SIDE_STYLE('',(#9243));
#9243 = SURFACE_STYLE_FILL_AREA(#9244);
#9244 = FILL_AREA_STYLE('',(#9245));
#9245 = FILL_AREA_STYLE_COLOUR('',#7838);
#9246 = OVER_RIDING_STYLED_ITEM('overriding color',(#9247),#6694,#7792);
#9247 = PRESENTATION_STYLE_ASSIGNMENT((#9248));
#9248 = SURFACE_STYLE_USAGE(.BOTH.,#9249);
#9249 = SURFACE_SIDE_STYLE('',(#9250));
#9250 = SURFACE_STYLE_FILL_AREA(#9251);
#9251 = FILL_AREA_STYLE('',(#9252));
#9252 = FILL_AREA_STYLE_COLOUR('',#7838);
#9253 = OVER_RIDING_STYLED_ITEM('overriding color',(#9254),#6722,#7792);
#9254 = PRESENTATION_STYLE_ASSIGNMENT((#9255));
#9255 = SURFACE_STYLE_USAGE(.BOTH.,#9256);
#9256 = SURFACE_SIDE_STYLE('',(#9257));
#9257 = SURFACE_STYLE_FILL_AREA(#9258);
#9258 = FILL_AREA_STYLE('',(#9259));
#9259 = FILL_AREA_STYLE_COLOUR('',#7838);
#9260 = OVER_RIDING_STYLED_ITEM('overriding color',(#9261),#6738,#7792);
#9261 = PRESENTATION_STYLE_ASSIGNMENT((#9262));
#9262 = SURFACE_STYLE_USAGE(.BOTH.,#9263);
#9263 = SURFACE_SIDE_STYLE('',(#9264));
#9264 = SURFACE_STYLE_FILL_AREA(#9265);
#9265 = FILL_AREA_STYLE('',(#9266));
#9266 = FILL_AREA_STYLE_COLOUR('',#7809);
#9267 = OVER_RIDING_STYLED_ITEM('overriding color',(#9268),#6752,#7792);
#9268 = PRESENTATION_STYLE_ASSIGNMENT((#9269));
#9269 = SURFACE_STYLE_USAGE(.BOTH.,#9270);
#9270 = SURFACE_SIDE_STYLE('',(#9271));
#9271 = SURFACE_STYLE_FILL_AREA(#9272);
#9272 = FILL_AREA_STYLE('',(#9273));
#9273 = FILL_AREA_STYLE_COLOUR('',#7838);
#9274 = OVER_RIDING_STYLED_ITEM('overriding color',(#9275),#7072,#7792);
#9275 = PRESENTATION_STYLE_ASSIGNMENT((#9276));
#9276 = SURFACE_STYLE_USAGE(.BOTH.,#9277);
#9277 = SURFACE_SIDE_STYLE('',(#9278));
#9278 = SURFACE_STYLE_FILL_AREA(#9279);
#9279 = FILL_AREA_STYLE('',(#9280));
#9280 = FILL_AREA_STYLE_COLOUR('',#7838);
#9281 = OVER_RIDING_STYLED_ITEM('overriding color',(#9282),#7096,#7792);
#9282 = PRESENTATION_STYLE_ASSIGNMENT((#9283));
#9283 = SURFACE_STYLE_USAGE(.BOTH.,#9284);
#9284 = SURFACE_SIDE_STYLE('',(#9285));
#9285 = SURFACE_STYLE_FILL_AREA(#9286);
#9286 = FILL_AREA_STYLE('',(#9287));
#9287 = FILL_AREA_STYLE_COLOUR('',#7838);
#9288 = OVER_RIDING_STYLED_ITEM('overriding color',(#9289),#7116,#7792);
#9289 = PRESENTATION_STYLE_ASSIGNMENT((#9290));
#9290 = SURFACE_STYLE_USAGE(.BOTH.,#9291);
#9291 = SURFACE_SIDE_STYLE('',(#9292));
#9292 = SURFACE_STYLE_FILL_AREA(#9293);
#9293 = FILL_AREA_STYLE('',(#9294));
#9294 = FILL_AREA_STYLE_COLOUR('',#7838);
#9295 = OVER_RIDING_STYLED_ITEM('overriding color',(#9296),#7136,#7792);
#9296 = PRESENTATION_STYLE_ASSIGNMENT((#9297));
#9297 = SURFACE_STYLE_USAGE(.BOTH.,#9298);
#9298 = SURFACE_SIDE_STYLE('',(#9299));
#9299 = SURFACE_STYLE_FILL_AREA(#9300);
#9300 = FILL_AREA_STYLE('',(#9301));
#9301 = FILL_AREA_STYLE_COLOUR('',#7838);
#9302 = OVER_RIDING_STYLED_ITEM('overriding color',(#9303),#7156,#7792);
#9303 = PRESENTATION_STYLE_ASSIGNMENT((#9304));
#9304 = SURFACE_STYLE_USAGE(.BOTH.,#9305);
#9305 = SURFACE_SIDE_STYLE('',(#9306));
#9306 = SURFACE_STYLE_FILL_AREA(#9307);
#9307 = FILL_AREA_STYLE('',(#9308));
#9308 = FILL_AREA_STYLE_COLOUR('',#7838);
#9309 = OVER_RIDING_STYLED_ITEM('overriding color',(#9310),#7176,#7792);
#9310 = PRESENTATION_STYLE_ASSIGNMENT((#9311));
#9311 = SURFACE_STYLE_USAGE(.BOTH.,#9312);
#9312 = SURFACE_SIDE_STYLE('',(#9313));
#9313 = SURFACE_STYLE_FILL_AREA(#9314);
#9314 = FILL_AREA_STYLE('',(#9315));
#9315 = FILL_AREA_STYLE_COLOUR('',#7838);
#9316 = OVER_RIDING_STYLED_ITEM('overriding color',(#9317),#7196,#7792);
#9317 = PRESENTATION_STYLE_ASSIGNMENT((#9318));
#9318 = SURFACE_STYLE_USAGE(.BOTH.,#9319);
#9319 = SURFACE_SIDE_STYLE('',(#9320));
#9320 = SURFACE_STYLE_FILL_AREA(#9321);
#9321 = FILL_AREA_STYLE('',(#9322));
#9322 = FILL_AREA_STYLE_COLOUR('',#7838);
#9323 = OVER_RIDING_STYLED_ITEM('overriding color',(#9324),#7216,#7792);
#9324 = PRESENTATION_STYLE_ASSIGNMENT((#9325));
#9325 = SURFACE_STYLE_USAGE(.BOTH.,#9326);
#9326 = SURFACE_SIDE_STYLE('',(#9327));
#9327 = SURFACE_STYLE_FILL_AREA(#9328);
#9328 = FILL_AREA_STYLE('',(#9329));
#9329 = FILL_AREA_STYLE_COLOUR('',#7838);
#9330 = OVER_RIDING_STYLED_ITEM('overriding color',(#9331),#7236,#7792);
#9331 = PRESENTATION_STYLE_ASSIGNMENT((#9332));
#9332 = SURFACE_STYLE_USAGE(.BOTH.,#9333);
#9333 = SURFACE_SIDE_STYLE('',(#9334));
#9334 = SURFACE_STYLE_FILL_AREA(#9335);
#9335 = FILL_AREA_STYLE('',(#9336));
#9336 = FILL_AREA_STYLE_COLOUR('',#7838);
#9337 = OVER_RIDING_STYLED_ITEM('overriding color',(#9338),#7256,#7792);
#9338 = PRESENTATION_STYLE_ASSIGNMENT((#9339));
#9339 = SURFACE_STYLE_USAGE(.BOTH.,#9340);
#9340 = SURFACE_SIDE_STYLE('',(#9341));
#9341 = SURFACE_STYLE_FILL_AREA(#9342);
#9342 = FILL_AREA_STYLE('',(#9343));
#9343 = FILL_AREA_STYLE_COLOUR('',#7838);
#9344 = OVER_RIDING_STYLED_ITEM('overriding color',(#9345),#7276,#7792);
#9345 = PRESENTATION_STYLE_ASSIGNMENT((#9346));
#9346 = SURFACE_STYLE_USAGE(.BOTH.,#9347);
#9347 = SURFACE_SIDE_STYLE('',(#9348));
#9348 = SURFACE_STYLE_FILL_AREA(#9349);
#9349 = FILL_AREA_STYLE('',(#9350));
#9350 = FILL_AREA_STYLE_COLOUR('',#7838);
#9351 = OVER_RIDING_STYLED_ITEM('overriding color',(#9352),#7296,#7792);
#9352 = PRESENTATION_STYLE_ASSIGNMENT((#9353));
#9353 = SURFACE_STYLE_USAGE(.BOTH.,#9354);
#9354 = SURFACE_SIDE_STYLE('',(#9355));
#9355 = SURFACE_STYLE_FILL_AREA(#9356);
#9356 = FILL_AREA_STYLE('',(#9357));
#9357 = FILL_AREA_STYLE_COLOUR('',#7838);
#9358 = OVER_RIDING_STYLED_ITEM('overriding color',(#9359),#7316,#7792);
#9359 = PRESENTATION_STYLE_ASSIGNMENT((#9360));
#9360 = SURFACE_STYLE_USAGE(.BOTH.,#9361);
#9361 = SURFACE_SIDE_STYLE('',(#9362));
#9362 = SURFACE_STYLE_FILL_AREA(#9363);
#9363 = FILL_AREA_STYLE('',(#9364));
#9364 = FILL_AREA_STYLE_COLOUR('',#7838);
#9365 = OVER_RIDING_STYLED_ITEM('overriding color',(#9366),#7332,#7792);
#9366 = PRESENTATION_STYLE_ASSIGNMENT((#9367));
#9367 = SURFACE_STYLE_USAGE(.BOTH.,#9368);
#9368 = SURFACE_SIDE_STYLE('',(#9369));
#9369 = SURFACE_STYLE_FILL_AREA(#9370);
#9370 = FILL_AREA_STYLE('',(#9371));
#9371 = FILL_AREA_STYLE_COLOUR('',#7838);
#9372 = OVER_RIDING_STYLED_ITEM('overriding color',(#9373),#7348,#7792);
#9373 = PRESENTATION_STYLE_ASSIGNMENT((#9374));
#9374 = SURFACE_STYLE_USAGE(.BOTH.,#9375);
#9375 = SURFACE_SIDE_STYLE('',(#9376));
#9376 = SURFACE_STYLE_FILL_AREA(#9377);
#9377 = FILL_AREA_STYLE('',(#9378));
#9378 = FILL_AREA_STYLE_COLOUR('',#7838);
#9379 = OVER_RIDING_STYLED_ITEM('overriding color',(#9380),#7364,#7792);
#9380 = PRESENTATION_STYLE_ASSIGNMENT((#9381));
#9381 = SURFACE_STYLE_USAGE(.BOTH.,#9382);
#9382 = SURFACE_SIDE_STYLE('',(#9383));
#9383 = SURFACE_STYLE_FILL_AREA(#9384);
#9384 = FILL_AREA_STYLE('',(#9385));
#9385 = FILL_AREA_STYLE_COLOUR('',#7838);
#9386 = OVER_RIDING_STYLED_ITEM('overriding color',(#9387),#7380,#7792);
#9387 = PRESENTATION_STYLE_ASSIGNMENT((#9388));
#9388 = SURFACE_STYLE_USAGE(.BOTH.,#9389);
#9389 = SURFACE_SIDE_STYLE('',(#9390));
#9390 = SURFACE_STYLE_FILL_AREA(#9391);
#9391 = FILL_AREA_STYLE('',(#9392));
#9392 = FILL_AREA_STYLE_COLOUR('',#7838);
#9393 = OVER_RIDING_STYLED_ITEM('overriding color',(#9394),#7400,#7792);
#9394 = PRESENTATION_STYLE_ASSIGNMENT((#9395));
#9395 = SURFACE_STYLE_USAGE(.BOTH.,#9396);
#9396 = SURFACE_SIDE_STYLE('',(#9397));
#9397 = SURFACE_STYLE_FILL_AREA(#9398);
#9398 = FILL_AREA_STYLE('',(#9399));
#9399 = FILL_AREA_STYLE_COLOUR('',#7838);
#9400 = OVER_RIDING_STYLED_ITEM('overriding color',(#9401),#7420,#7792);
#9401 = PRESENTATION_STYLE_ASSIGNMENT((#9402));
#9402 = SURFACE_STYLE_USAGE(.BOTH.,#9403);
#9403 = SURFACE_SIDE_STYLE('',(#9404));
#9404 = SURFACE_STYLE_FILL_AREA(#9405);
#9405 = FILL_AREA_STYLE('',(#9406));
#9406 = FILL_AREA_STYLE_COLOUR('',#7838);
#9407 = OVER_RIDING_STYLED_ITEM('overriding color',(#9408),#7440,#7792);
#9408 = PRESENTATION_STYLE_ASSIGNMENT((#9409));
#9409 = SURFACE_STYLE_USAGE(.BOTH.,#9410);
#9410 = SURFACE_SIDE_STYLE('',(#9411));
#9411 = SURFACE_STYLE_FILL_AREA(#9412);
#9412 = FILL_AREA_STYLE('',(#9413));
#9413 = FILL_AREA_STYLE_COLOUR('',#7838);
#9414 = OVER_RIDING_STYLED_ITEM('overriding color',(#9415),#7460,#7792);
#9415 = PRESENTATION_STYLE_ASSIGNMENT((#9416));
#9416 = SURFACE_STYLE_USAGE(.BOTH.,#9417);
#9417 = SURFACE_SIDE_STYLE('',(#9418));
#9418 = SURFACE_STYLE_FILL_AREA(#9419);
#9419 = FILL_AREA_STYLE('',(#9420));
#9420 = FILL_AREA_STYLE_COLOUR('',#7838);
#9421 = OVER_RIDING_STYLED_ITEM('overriding color',(#9422),#7480,#7792);
#9422 = PRESENTATION_STYLE_ASSIGNMENT((#9423));
#9423 = SURFACE_STYLE_USAGE(.BOTH.,#9424);
#9424 = SURFACE_SIDE_STYLE('',(#9425));
#9425 = SURFACE_STYLE_FILL_AREA(#9426);
#9426 = FILL_AREA_STYLE('',(#9427));
#9427 = FILL_AREA_STYLE_COLOUR('',#7838);
#9428 = OVER_RIDING_STYLED_ITEM('overriding color',(#9429),#7500,#7792);
#9429 = PRESENTATION_STYLE_ASSIGNMENT((#9430));
#9430 = SURFACE_STYLE_USAGE(.BOTH.,#9431);
#9431 = SURFACE_SIDE_STYLE('',(#9432));
#9432 = SURFACE_STYLE_FILL_AREA(#9433);
#9433 = FILL_AREA_STYLE('',(#9434));
#9434 = FILL_AREA_STYLE_COLOUR('',#7838);
#9435 = OVER_RIDING_STYLED_ITEM('overriding color',(#9436),#7520,#7792);
#9436 = PRESENTATION_STYLE_ASSIGNMENT((#9437));
#9437 = SURFACE_STYLE_USAGE(.BOTH.,#9438);
#9438 = SURFACE_SIDE_STYLE('',(#9439));
#9439 = SURFACE_STYLE_FILL_AREA(#9440);
#9440 = FILL_AREA_STYLE('',(#9441));
#9441 = FILL_AREA_STYLE_COLOUR('',#7838);
#9442 = OVER_RIDING_STYLED_ITEM('overriding color',(#9443),#7536,#7792);
#9443 = PRESENTATION_STYLE_ASSIGNMENT((#9444));
#9444 = SURFACE_STYLE_USAGE(.BOTH.,#9445);
#9445 = SURFACE_SIDE_STYLE('',(#9446));
#9446 = SURFACE_STYLE_FILL_AREA(#9447);
#9447 = FILL_AREA_STYLE('',(#9448));
#9448 = FILL_AREA_STYLE_COLOUR('',#7838);
#9449 = OVER_RIDING_STYLED_ITEM('overriding color',(#9450),#7556,#7792);
#9450 = PRESENTATION_STYLE_ASSIGNMENT((#9451));
#9451 = SURFACE_STYLE_USAGE(.BOTH.,#9452);
#9452 = SURFACE_SIDE_STYLE('',(#9453));
#9453 = SURFACE_STYLE_FILL_AREA(#9454);
#9454 = FILL_AREA_STYLE('',(#9455));
#9455 = FILL_AREA_STYLE_COLOUR('',#7838);
#9456 = OVER_RIDING_STYLED_ITEM('overriding color',(#9457),#7576,#7792);
#9457 = PRESENTATION_STYLE_ASSIGNMENT((#9458));
#9458 = SURFACE_STYLE_USAGE(.BOTH.,#9459);
#9459 = SURFACE_SIDE_STYLE('',(#9460));
#9460 = SURFACE_STYLE_FILL_AREA(#9461);
#9461 = FILL_AREA_STYLE('',(#9462));
#9462 = FILL_AREA_STYLE_COLOUR('',#7838);
#9463 = OVER_RIDING_STYLED_ITEM('overriding color',(#9464),#7592,#7792);
#9464 = PRESENTATION_STYLE_ASSIGNMENT((#9465));
#9465 = SURFACE_STYLE_USAGE(.BOTH.,#9466);
#9466 = SURFACE_SIDE_STYLE('',(#9467));
#9467 = SURFACE_STYLE_FILL_AREA(#9468);
#9468 = FILL_AREA_STYLE('',(#9469));
#9469 = FILL_AREA_STYLE_COLOUR('',#7838);
#9470 = OVER_RIDING_STYLED_ITEM('overriding color',(#9471),#7612,#7792);
#9471 = PRESENTATION_STYLE_ASSIGNMENT((#9472));
#9472 = SURFACE_STYLE_USAGE(.BOTH.,#9473);
#9473 = SURFACE_SIDE_STYLE('',(#9474));
#9474 = SURFACE_STYLE_FILL_AREA(#9475);
#9475 = FILL_AREA_STYLE('',(#9476));
#9476 = FILL_AREA_STYLE_COLOUR('',#7838);
#9477 = OVER_RIDING_STYLED_ITEM('overriding color',(#9478),#7632,#7792);
#9478 = PRESENTATION_STYLE_ASSIGNMENT((#9479));
#9479 = SURFACE_STYLE_USAGE(.BOTH.,#9480);
#9480 = SURFACE_SIDE_STYLE('',(#9481));
#9481 = SURFACE_STYLE_FILL_AREA(#9482);
#9482 = FILL_AREA_STYLE('',(#9483));
#9483 = FILL_AREA_STYLE_COLOUR('',#7838);
#9484 = OVER_RIDING_STYLED_ITEM('overriding color',(#9485),#7652,#7792);
#9485 = PRESENTATION_STYLE_ASSIGNMENT((#9486));
#9486 = SURFACE_STYLE_USAGE(.BOTH.,#9487);
#9487 = SURFACE_SIDE_STYLE('',(#9488));
#9488 = SURFACE_STYLE_FILL_AREA(#9489);
#9489 = FILL_AREA_STYLE('',(#9490));
#9490 = FILL_AREA_STYLE_COLOUR('',#7838);
#9491 = OVER_RIDING_STYLED_ITEM('overriding color',(#9492),#7668,#7792);
#9492 = PRESENTATION_STYLE_ASSIGNMENT((#9493));
#9493 = SURFACE_STYLE_USAGE(.BOTH.,#9494);
#9494 = SURFACE_SIDE_STYLE('',(#9495));
#9495 = SURFACE_STYLE_FILL_AREA(#9496);
#9496 = FILL_AREA_STYLE('',(#9497));
#9497 = FILL_AREA_STYLE_COLOUR('',#7838);
#9498 = OVER_RIDING_STYLED_ITEM('overriding color',(#9499),#7688,#7792);
#9499 = PRESENTATION_STYLE_ASSIGNMENT((#9500));
#9500 = SURFACE_STYLE_USAGE(.BOTH.,#9501);
#9501 = SURFACE_SIDE_STYLE('',(#9502));
#9502 = SURFACE_STYLE_FILL_AREA(#9503);
#9503 = FILL_AREA_STYLE('',(#9504));
#9504 = FILL_AREA_STYLE_COLOUR('',#7838);
#9505 = OVER_RIDING_STYLED_ITEM('overriding color',(#9506),#7704,#7792);
#9506 = PRESENTATION_STYLE_ASSIGNMENT((#9507));
#9507 = SURFACE_STYLE_USAGE(.BOTH.,#9508);
#9508 = SURFACE_SIDE_STYLE('',(#9509));
#9509 = SURFACE_STYLE_FILL_AREA(#9510);
#9510 = FILL_AREA_STYLE('',(#9511));
#9511 = FILL_AREA_STYLE_COLOUR('',#7838);
#9512 = OVER_RIDING_STYLED_ITEM('overriding color',(#9513),#7747,#7792);
#9513 = PRESENTATION_STYLE_ASSIGNMENT((#9514));
#9514 = SURFACE_STYLE_USAGE(.BOTH.,#9515);
#9515 = SURFACE_SIDE_STYLE('',(#9516));
#9516 = SURFACE_STYLE_FILL_AREA(#9517);
#9517 = FILL_AREA_STYLE('',(#9518));
#9518 = FILL_AREA_STYLE_COLOUR('',#7838);
#9519 = OVER_RIDING_STYLED_ITEM('overriding color',(#9520),#7775,#7792);
#9520 = PRESENTATION_STYLE_ASSIGNMENT((#9521));
#9521 = SURFACE_STYLE_USAGE(.BOTH.,#9522);
#9522 = SURFACE_SIDE_STYLE('',(#9523));
#9523 = SURFACE_STYLE_FILL_AREA(#9524);
#9524 = FILL_AREA_STYLE('',(#9525));
#9525 = FILL_AREA_STYLE_COLOUR('',#7809);
ENDSEC;
END-ISO-10303-21;
